
==========================================================================================
INICIO CSV: vehicles_step_sim_3 | runs=100 | source=vehicles_step_sim_3.csv
==========================================================================================

[csv-worker_3] [vehicles_step_sim_3] ===== LOG RUN 001 INICIO =====
======================================================================
🚗 PROCESSAMENTO SUMO → E1 REGISTRY (OFFSET ALEATÓRIO - veh0)
======================================================================
📄 Entrada: ../data/vehicles_step_sim_3.csv
🏭 Consumo fabricante: 12.0 km/l
💰 Preço carbono: R$ 50.0/ton
⭕ Raio máximo do offset aleatório: 2.0 km
🎲 Offset gerado aleatoriamente:
   Ângulo: 122.0°
   Distância: 1.6976 km
   offset_x (lat): -0.008077°  |  offset_y (lon): 0.012935°
📊 Row stepping: Processando todas as linhas
🗺️  Map matching: DESATIVADO
📐 Cálculo de distância: HAVERSINE PURO dos pontos COM snap (consistência)
======================================================================

📊 Carregando dados SUMO...
   Veículos únicos: 1
   🚙 Vehicle selecionado: carro_1000

🔄 Agregando viagens por vehicle_id...
   Total de registros no arquivo: 155
   Veículos únicos: 1
   🚙 Vehicle selecionado: carro_1000

🔄 Agregando viagens por vehicle_id...
   Total de registros no arquivo: 324
   Veículos únicos: 1
   🚙 Vehicle selecionado: carro_1000

🔄 Agregando viagens por vehicle_id...
      Original: 299 pontos → 3.0526 km (Haversine)
      Offset:   299 pontos → 3.0526 km (Haversine)

🚙 Veículo: SUMO_carro_1000
   Modelo: HBEFA4/PC_petrol_Euro-6ab
   Segmentos: 299
   📏 Distância: 3.060 km (city: 3.060, highway: 0.000)
   ⛽ Combustível: 48.384 l
   🏭 CO2 real: 111766.0 g
   🎯 CO2 meta: 589.0 g
   📊 Delta: -111177.0 g
   💰 Valor E1: R$ -5.5588
   🧭 Tentativas map matching: 0

   🔑 OFFSET DETERMINÍSTICO (x=0.0005060782552657639°, y=0.0008455866650365309°, max=2.0km):
   📍 Start Original:  (40.775644, -73.960687)
   🔒 Start Protegido: (40.776150, -73.959841) ✓ 0.09 km | ⚠ SEM MAP MATCHING
   📏 Deslocamento final: 90.9 metros
   📍 End Original:    (40.774198, -73.961141)
   🔒 End Protegido:   (40.774704, -73.960296) ✓ 0.09 km | ⚠ SEM MAP MATCHING
   📏 Deslocamento final: 90.9 metros

   📐 ANÁLISE DE DISTÂNCIA DO TRAJETO (HAVERSINE DOS PONTOS ARMAZENADOS):
   🔢 Pontos unicos original/offset: 299/299 (Δ +0, +0.0% )
   📍 Trajeto original: 3.053 km (linha reta entre pontos GPS)
   🔒 Trajeto com offset: 3.053 km (linha reta entre pontos COM snap)
   📊 Diferença: -0.000 km (-0.0%)

======================================================================
📊 ESTATÍSTICAS FINAIS
======================================================================
Viagens processadas: 1
Distância total: 3.06 km
Combustível total: 48.38 l
CO2 real total: 111766.0 g
CO2 meta total: 589.0 g
Delta CO2: -111177.0 g
Valor E1 total: R$ -5.56

💰 Créditos: R$ 0.00
💸 Débitos: R$ 5.56
📈 Saldo líquido: R$ -5.56
======================================================================
[csv-worker_3] [vehicles_step_sim_3] ===== LOG RUN 001 FIM =====

[csv-worker_3] [vehicles_step_sim_3] ===== LOG RUN 002 INICIO =====
======================================================================
🚗 PROCESSAMENTO SUMO → E1 REGISTRY (OFFSET ALEATÓRIO - veh0)
======================================================================
📄 Entrada: ../data/vehicles_step_sim_3.csv
🏭 Consumo fabricante: 12.0 km/l
💰 Preço carbono: R$ 50.0/ton
⭕ Raio máximo do offset aleatório: 2.0 km
🎲 Offset gerado aleatoriamente:
   Ângulo: 21.5°
   Distância: 1.4643 km
   offset_x (lat): 0.012235°  |  offset_y (lon): 0.004830°
📊 Row stepping: Processando todas as linhas
🗺️  Map matching: DESATIVADO
📐 Cálculo de distância: HAVERSINE PURO dos pontos COM snap (consistência)
======================================================================

📊 Carregando dados SUMO...
  📐 SUMO_carro_1000: Calculando distâncias com Haversine direto (SEM routing API)
      Original: 337 pontos → 3.3706 km (Haversine)
      Offset:   337 pontos → 3.3708 km (Haversine)

🚙 Veículo: SUMO_carro_1000
   Modelo: HBEFA4/PC_petrol_Euro-6ab
   Segmentos: 337
   📏 Distância: 3.379 km (city: 3.069, highway: 0.310)
   ⛽ Combustível: 58.616 l
   🏭 CO2 real: 135402.3 g
   🎯 CO2 meta: 650.5 g
   📊 Delta: -134751.8 g
   💰 Valor E1: R$ -6.7376
   🧭 Tentativas map matching: 0

   🔑 OFFSET DETERMINÍSTICO (x=-0.006122632157251484°, y=-0.006943011895187552°, max=2.0km):
   📍 Start Original:  (40.775644, -73.960687)
   🔒 Start Protegido: (40.769521, -73.967630) ✓ 0.90 km | ⚠ SEM MAP MATCHING
   📏 Deslocamento final: 898.4 metros
   📍 End Original:    (40.774801, -73.960637)
   🔒 End Protegido:   (40.768679, -73.967580) ✓ 0.90 km | ⚠ SEM MAP MATCHING
   📏 Deslocamento final: 898.4 metros

   📐 ANÁLISE DE DISTÂNCIA DO TRAJETO (HAVERSINE DOS PONTOS ARMAZENADOS):
   🔢 Pontos unicos original/offset: 337/337 (Δ +0, +0.0% )
   📍 Trajeto original: 3.371 km (linha reta entre pontos GPS)
   🔒 Trajeto com offset: 3.371 km (linha reta entre pontos COM snap)
   📊 Diferença: +0.000 km (+0.0%)
  📐 SUMO_carro_1000: Calculando distâncias com Haversine direto (SEM routing API)
      Original: 323 pontos → 2.9161 km (Haversine)
      Offset:   323 pontos → 2.9162 km (Haversine)

🚙 Veículo: SUMO_carro_1000
   Modelo: HBEFA4/PC_petrol_Euro-6ab
   Segmentos: 323
   📏 Distância: 2.926 km (city: 2.764, highway: 0.161)
   ⛽ Combustível: 54.094 l
   🏭 CO2 real: 124958.0 g
   🎯 CO2 meta: 563.2 g
   📊 Delta: -124394.9 g
   💰 Valor E1: R$ -6.2197
   🧭 Tentativas map matching: 0

   🔑 OFFSET DETERMINÍSTICO (x=-0.005313152923246961°, y=-0.00520732716127707°, max=2.0km):
   📍 Start Original:  (40.775644, -73.960687)
   🔒 Start Protegido: (40.770330, -73.965894) ✓ 0.74 km | ⚠ SEM MAP MATCHING
   📏 Deslocamento final: 736.6 metros
   📍 End Original:    (40.774046, -73.961617)
   🔒 End Protegido:   (40.768733, -73.966824) ✓ 0.74 km | ⚠ SEM MAP MATCHING
   📏 Deslocamento final: 736.6 metros

   📐 ANÁLISE DE DISTÂNCIA DO TRAJETO (HAVERSINE DOS PONTOS ARMAZENADOS):
   🔢 Pontos unicos original/offset: 320/320 (Δ +0, +0.0% )
   📍 Trajeto original: 2.916 km (linha reta entre pontos GPS)
   🔒 Trajeto com offset: 2.916 km (linha reta entre pontos COM snap)
   📊 Diferença: +0.000 km (+0.0%)

======================================================================
📊 ESTATÍSTICAS FINAIS
======================================================================
Viagens processadas: 1
Distância total: 2.93 km
Combustível total: 54.09 l
CO2 real total: 124958.0 g
CO2 meta total: 563.2 g
Delta CO2: -124394.9 g
Valor E1 total: R$ -6.22

💰 Créditos: R$ 0.00
💸 Débitos: R$ 6.22
📈 Saldo líquido: R$ -6.22
======================================================================

💾 Dados agregados salvos em: ../data/offset_batch/vehicles_step_sim_3/run_002.csv
[csv-worker_3] [vehicles_step_sim_3] ===== LOG RUN 002 FIM =====

[csv-worker_3] [vehicles_step_sim_3] ===== LOG RUN 003 INICIO =====
======================================================================
🚗 PROCESSAMENTO SUMO → E1 REGISTRY (OFFSET ALEATÓRIO - veh0)
======================================================================
📄 Entrada: ../data/vehicles_step_sim_3.csv
🏭 Consumo fabricante: 12.0 km/l
💰 Preço carbono: R$ 50.0/ton
⭕ Raio máximo do offset aleatório: 2.0 km
🎲 Offset gerado aleatoriamente:
   Ângulo: 159.7°
   Distância: 0.8814 km
   offset_x (lat): -0.007427°  |  offset_y (lon): 0.002745°
📊 Row stepping: Processando todas as linhas
🗺️  Map matching: DESATIVADO
📐 Cálculo de distância: HAVERSINE PURO dos pontos COM snap (consistência)
======================================================================

📊 Carregando dados SUMO...
   Total de registros no arquivo: 324
   Veículos únicos: 1
   🚙 Vehicle selecionado: carro_1000

🔄 Agregando viagens por vehicle_id...
  📐 SUMO_carro_1000: Calculando distâncias com Haversine direto (SEM routing API)
      Original: 155 pontos → 1.4242 km (Haversine)
      Offset:   155 pontos → 1.4243 km (Haversine)

🚙 Veículo: SUMO_carro_1000
   Modelo: HBEFA4/PC_petrol_Euro-6ab
   Segmentos: 155
   📏 Distância: 1.424 km (city: 1.424, highway: 0.000)
   ⛽ Combustível: 10.127 l
   🏭 CO2 real: 23393.7 g
   🎯 CO2 meta: 274.2 g
   📊 Delta: -23119.5 g
   💰 Valor E1: R$ -1.1560
   🧭 Tentativas map matching: 0

   🔑 OFFSET DETERMINÍSTICO (x=-0.012948160025024906°, y=-0.0012561398211469656°, max=2.0km):
   📍 Start Original:  (40.775644, -73.960687)
   🔒 Start Protegido: (40.762695, -73.961943) ✓ 1.45 km | ⚠ SEM MAP MATCHING
   📏 Deslocamento final: 1445.3 metros
   📍 End Original:    (40.775671, -73.960433)
   🔒 End Protegido:   (40.762723, -73.961689) ✓ 1.45 km | ⚠ SEM MAP MATCHING
   📏 Deslocamento final: 1445.3 metros

   📐 ANÁLISE DE DISTÂNCIA DO TRAJETO (HAVERSINE DOS PONTOS ARMAZENADOS):
   🔢 Pontos unicos original/offset: 155/155 (Δ +0, +0.0% )
   📍 Trajeto original: 1.424 km (linha reta entre pontos GPS)
   🔒 Trajeto com offset: 1.424 km (linha reta entre pontos COM snap)
   📊 Diferença: +0.000 km (+0.0%)

======================================================================
📊 ESTATÍSTICAS FINAIS
======================================================================
Viagens processadas: 1
Distância total: 1.42 km
Combustível total: 10.13 l
CO2 real total: 23393.7 g
CO2 meta total: 274.2 g
Delta CO2: -23119.5 g
Valor E1 total: R$ -1.16

💰 Créditos: R$ 0.00
💸 Débitos: R$ 1.16
📈 Saldo líquido: R$ -1.16
======================================================================

💾 Dados agregados salvos em: ../data/offset_batch/vehicles_step_sim_3/run_003.csv
[csv-worker_3] [vehicles_step_sim_3] ===== LOG RUN 003 FIM =====

[csv-worker_3] [vehicles_step_sim_3] ===== LOG RUN 004 INICIO =====
======================================================================
🚗 PROCESSAMENTO SUMO → E1 REGISTRY (OFFSET ALEATÓRIO - veh0)
======================================================================
📄 Entrada: ../data/vehicles_step_sim_3.csv
🏭 Consumo fabricante: 12.0 km/l
💰 Preço carbono: R$ 50.0/ton
⭕ Raio máximo do offset aleatório: 2.0 km
🎲 Offset gerado aleatoriamente:
   Ângulo: 210.4°
   Distância: 0.1689 km
   offset_x (lat): -0.001308°  |  offset_y (lon): -0.000768°
📊 Row stepping: Processando todas as linhas
🗺️  Map matching: DESATIVADO
📐 Cálculo de distância: HAVERSINE PURO dos pontos COM snap (consistência)
======================================================================

📊 Carregando dados SUMO...
   Total de registros no arquivo: 324
   Veículos únicos: 1
   🚙 Vehicle selecionado: carro_1000

🔄 Agregando viagens por vehicle_id...
  📐 SUMO_carro_1000: Calculando distâncias com Haversine direto (SEM routing API)
      Original: 155 pontos → 1.4242 km (Haversine)
      Offset:   155 pontos → 1.4241 km (Haversine)

🚙 Veículo: SUMO_carro_1000
   Modelo: HBEFA4/PC_petrol_Euro-6ab
   Segmentos: 155
   📏 Distância: 1.424 km (city: 1.424, highway: 0.000)
   ⛽ Combustível: 10.127 l
   🏭 CO2 real: 23393.7 g
   🎯 CO2 meta: 274.2 g
   📊 Delta: -23119.5 g
   💰 Valor E1: R$ -1.1560
   🧭 Tentativas map matching: 0

   🔑 OFFSET DETERMINÍSTICO (x=0.012727350750928679°, y=-0.000731380245912589°, max=2.0km):
   📍 Start Original:  (40.775644, -73.960687)
   🔒 Start Protegido: (40.788371, -73.961418) ✓ 1.42 km | ⚠ SEM MAP MATCHING
   📏 Deslocamento final: 1418.1 metros
   📍 End Original:    (40.775671, -73.960433)
   🔒 End Protegido:   (40.788399, -73.961165) ✓ 1.42 km | ⚠ SEM MAP MATCHING
   📏 Deslocamento final: 1418.1 metros

   📐 ANÁLISE DE DISTÂNCIA DO TRAJETO (HAVERSINE DOS PONTOS ARMAZENADOS):
   🔢 Pontos unicos original/offset: 155/155 (Δ +0, +0.0% )
   📍 Trajeto original: 1.424 km (linha reta entre pontos GPS)
   🔒 Trajeto com offset: 1.424 km (linha reta entre pontos COM snap)
   📊 Diferença: -0.000 km (-0.0%)

======================================================================
📊 ESTATÍSTICAS FINAIS
======================================================================
Viagens processadas: 1
Distância total: 1.42 km
Combustível total: 10.13 l
CO2 real total: 23393.7 g
CO2 meta total: 274.2 g
Delta CO2: -23119.5 g
Valor E1 total: R$ -1.16

💰 Créditos: R$ 0.00
💸 Débitos: R$ 1.16
📈 Saldo líquido: R$ -1.16
======================================================================

💾 Dados agregados salvos em: ../data/offset_batch/vehicles_step_sim_3/run_004.csv
[csv-worker_3] [vehicles_step_sim_3] ===== LOG RUN 004 FIM =====

[csv-worker_3] [vehicles_step_sim_3] ===== LOG RUN 005 INICIO =====
======================================================================
🚗 PROCESSAMENTO SUMO → E1 REGISTRY (OFFSET ALEATÓRIO - veh0)
======================================================================
📄 Entrada: ../data/vehicles_step_sim_3.csv
🏭 Consumo fabricante: 12.0 km/l
💰 Preço carbono: R$ 50.0/ton
⭕ Raio máximo do offset aleatório: 2.0 km
🎲 Offset gerado aleatoriamente:
   Ângulo: 297.2°
   Distância: 1.9403 km
   offset_x (lat): 0.007958°  |  offset_y (lon): -0.015507°
📊 Row stepping: Processando todas as linhas
🗺️  Map matching: DESATIVADO
📐 Cálculo de distância: HAVERSINE PURO dos pontos COM snap (consistência)
======================================================================

📊 Carregando dados SUMO...
   Total de registros no arquivo: 324
   Veículos únicos: 1
   🚙 Vehicle selecionado: carro_1000

🔄 Agregando viagens por vehicle_id...
  📐 SUMO_carro_1000: Calculando distâncias com Haversine direto (SEM routing API)
      Original: 131 pontos → 1.4055 km (Haversine)
      Offset:   131 pontos → 1.4055 km (Haversine)

🚙 Veículo: SUMO_carro_1000
   Modelo: HBEFA4/PC_petrol_Euro-6ab
   Segmentos: 131
   📏 Distância: 1.410 km (city: 1.410, highway: 0.000)
   ⛽ Combustível: 12.456 l
   🏭 CO2 real: 28774.3 g
   🎯 CO2 meta: 271.4 g
   📊 Delta: -28502.9 g
   💰 Valor E1: R$ -1.4251
   🧭 Tentativas map matching: 0

   🔑 OFFSET DETERMINÍSTICO (x=0.0035431437098123724°, y=0.010849828502621657°, max=2.0km):
   📍 Start Original:  (40.775644, -73.960687)
   🔒 Start Protegido: (40.779187, -73.949837) ✓ 1.00 km | ⚠ SEM MAP MATCHING
   📏 Deslocamento final: 996.1 metros
   📍 End Original:    (40.772974, -73.962198)
   🔒 End Protegido:   (40.776517, -73.951349) ✓ 1.00 km | ⚠ SEM MAP MATCHING
   📏 Deslocamento final: 996.1 metros

   📐 ANÁLISE DE DISTÂNCIA DO TRAJETO (HAVERSINE DOS PONTOS ARMAZENADOS):
   🔢 Pontos unicos original/offset: 130/130 (Δ +0, +0.0% )
   📍 Trajeto original: 1.405 km (linha reta entre pontos GPS)
   🔒 Trajeto com offset: 1.405 km (linha reta entre pontos COM snap)
   📊 Diferença: -0.000 km (-0.0%)

======================================================================
📊 ESTATÍSTICAS FINAIS
======================================================================
Viagens processadas: 1
Distância total: 1.41 km
Combustível total: 12.46 l
CO2 real total: 28774.3 g
CO2 meta total: 271.4 g
Delta CO2: -28502.9 g
Valor E1 total: R$ -1.43

💰 Créditos: R$ 0.00
💸 Débitos: R$ 1.43
📈 Saldo líquido: R$ -1.43
======================================================================

💾 Dados agregados salvos em: ../data/offset_batch/vehicles_step_sim_3/run_005.csv
[csv-worker_3] [vehicles_step_sim_3] ===== LOG RUN 005 FIM =====

[csv-worker_3] [vehicles_step_sim_3] ===== LOG RUN 006 INICIO =====
======================================================================
🚗 PROCESSAMENTO SUMO → E1 REGISTRY (OFFSET ALEATÓRIO - veh0)
======================================================================
📄 Entrada: ../data/vehicles_step_sim_3.csv
🏭 Consumo fabricante: 12.0 km/l
💰 Preço carbono: R$ 50.0/ton
⭕ Raio máximo do offset aleatório: 2.0 km
🎲 Offset gerado aleatoriamente:
   Ângulo: 167.9°
   Distância: 1.4976 km
   offset_x (lat): -0.013156°  |  offset_y (lon): 0.002810°
📊 Row stepping: Processando todas as linhas
🗺️  Map matching: DESATIVADO
📐 Cálculo de distância: HAVERSINE PURO dos pontos COM snap (consistência)
======================================================================

📊 Carregando dados SUMO...
   Total de registros no arquivo: 324
   Veículos únicos: 1
   🚙 Vehicle selecionado: carro_1000

🔄 Agregando viagens por vehicle_id...
  📐 SUMO_carro_1000: Calculando distâncias com Haversine direto (SEM routing API)
      Original: 131 pontos → 1.4055 km (Haversine)
      Offset:   131 pontos → 1.4054 km (Haversine)

🚙 Veículo: SUMO_carro_1000
   Modelo: HBEFA4/PC_petrol_Euro-6ab
   Segmentos: 131
   📏 Distância: 1.410 km (city: 1.410, highway: 0.000)
   ⛽ Combustível: 12.456 l
   🏭 CO2 real: 28774.3 g
   🎯 CO2 meta: 271.4 g
   📊 Delta: -28502.9 g
   💰 Valor E1: R$ -1.4251
   🧭 Tentativas map matching: 0

   🔑 OFFSET DETERMINÍSTICO (x=0.00927026044103514°, y=0.00876609531135752°, max=2.0km):
   📍 Start Original:  (40.775644, -73.960687)
   🔒 Start Protegido: (40.784914, -73.951921) ✓ 1.27 km | ⚠ SEM MAP MATCHING
   📏 Deslocamento final: 1269.3 metros
   📍 End Original:    (40.772974, -73.962198)
   🔒 End Protegido:   (40.782244, -73.953432) ✓ 1.27 km | ⚠ SEM MAP MATCHING
   📏 Deslocamento final: 1269.3 metros

   📐 ANÁLISE DE DISTÂNCIA DO TRAJETO (HAVERSINE DOS PONTOS ARMAZENADOS):
   🔢 Pontos unicos original/offset: 130/130 (Δ +0, +0.0% )
   📍 Trajeto original: 1.405 km (linha reta entre pontos GPS)
   🔒 Trajeto com offset: 1.405 km (linha reta entre pontos COM snap)
   📊 Diferença: -0.000 km (-0.0%)

======================================================================
📊 ESTATÍSTICAS FINAIS
======================================================================
Viagens processadas: 1
Distância total: 1.41 km
Combustível total: 12.46 l
CO2 real total: 28774.3 g
CO2 meta total: 271.4 g
Delta CO2: -28502.9 g
Valor E1 total: R$ -1.43

💰 Créditos: R$ 0.00
💸 Débitos: R$ 1.43
📈 Saldo líquido: R$ -1.43
======================================================================

💾 Dados agregados salvos em: ../data/offset_batch/vehicles_step_sim_3/run_006.csv
[csv-worker_3] [vehicles_step_sim_3] ===== LOG RUN 006 FIM =====

[csv-worker_3] [vehicles_step_sim_3] ===== LOG RUN 007 INICIO =====
======================================================================
🚗 PROCESSAMENTO SUMO → E1 REGISTRY (OFFSET ALEATÓRIO - veh0)
======================================================================
📄 Entrada: ../data/vehicles_step_sim_3.csv
🏭 Consumo fabricante: 12.0 km/l
💰 Preço carbono: R$ 50.0/ton
⭕ Raio máximo do offset aleatório: 2.0 km
🎲 Offset gerado aleatoriamente:
   Ângulo: 342.1°
   Distância: 1.1826 km
   offset_x (lat): 0.010107°  |  offset_y (lon): -0.003271°
📊 Row stepping: Processando todas as linhas
🗺️  Map matching: DESATIVADO
📐 Cálculo de distância: HAVERSINE PURO dos pontos COM snap (consistência)
======================================================================

📊 Carregando dados SUMO...
   Total de registros no arquivo: 324
   Veículos únicos: 1
   🚙 Vehicle selecionado: carro_1000

🔄 Agregando viagens por vehicle_id...
  📐 SUMO_carro_1000: Calculando distâncias com Haversine direto (SEM routing API)
      Original: 131 pontos → 1.4055 km (Haversine)
      Offset:   131 pontos → 1.4055 km (Haversine)

🚙 Veículo: SUMO_carro_1000
   Modelo: HBEFA4/PC_petrol_Euro-6ab
   Segmentos: 131
   📏 Distância: 1.410 km (city: 1.410, highway: 0.000)
   ⛽ Combustível: 12.456 l
   🏭 CO2 real: 28774.3 g
   🎯 CO2 meta: 271.4 g
   📊 Delta: -28502.9 g
   💰 Valor E1: R$ -1.4251
   🧭 Tentativas map matching: 0

   🔑 OFFSET DETERMINÍSTICO (x=0.0009036386294061358°, y=-0.00456971242661227°, max=2.0km):
   📍 Start Original:  (40.775644, -73.960687)
   🔒 Start Protegido: (40.776547, -73.965257) ✓ 0.40 km | ⚠ SEM MAP MATCHING
   📏 Deslocamento final: 398.1 metros
   📍 End Original:    (40.772974, -73.962198)
   🔒 End Protegido:   (40.773878, -73.966768) ✓ 0.40 km | ⚠ SEM MAP MATCHING
   📏 Deslocamento final: 398.2 metros

   📐 ANÁLISE DE DISTÂNCIA DO TRAJETO (HAVERSINE DOS PONTOS ARMAZENADOS):
   🔢 Pontos unicos original/offset: 130/130 (Δ +0, +0.0% )
   📍 Trajeto original: 1.405 km (linha reta entre pontos GPS)
   🔒 Trajeto com offset: 1.405 km (linha reta entre pontos COM snap)
   📊 Diferença: -0.000 km (-0.0%)

======================================================================
📊 ESTATÍSTICAS FINAIS
======================================================================
Viagens processadas: 1
Distância total: 1.41 km
Combustível total: 12.46 l
CO2 real total: 28774.3 g
CO2 meta total: 271.4 g
Delta CO2: -28502.9 g
Valor E1 total: R$ -1.43

💰 Créditos: R$ 0.00
💸 Débitos: R$ 1.43
📈 Saldo líquido: R$ -1.43
======================================================================

💾 Dados agregados salvos em: ../data/offset_batch/vehicles_step_sim_3/run_007.csv
[csv-worker_3] [vehicles_step_sim_3] ===== LOG RUN 007 FIM =====

[csv-worker_3] [vehicles_step_sim_3] ===== LOG RUN 008 INICIO =====
======================================================================
🚗 PROCESSAMENTO SUMO → E1 REGISTRY (OFFSET ALEATÓRIO - veh0)
======================================================================
📄 Entrada: ../data/vehicles_step_sim_3.csv
🏭 Consumo fabricante: 12.0 km/l
💰 Preço carbono: R$ 50.0/ton
⭕ Raio máximo do offset aleatório: 2.0 km
🎲 Offset gerado aleatoriamente:
   Ângulo: 82.2°
   Distância: 1.0276 km
   offset_x (lat): 0.001260°  |  offset_y (lon): 0.009145°
📊 Row stepping: Processando todas as linhas
🗺️  Map matching: DESATIVADO
📐 Cálculo de distância: HAVERSINE PURO dos pontos COM snap (consistência)
======================================================================

📊 Carregando dados SUMO...
   Total de registros no arquivo: 324
   Veículos únicos: 1
   🚙 Vehicle selecionado: carro_1000

🔄 Agregando viagens por vehicle_id...
  📐 SUMO_carro_1000: Calculando distâncias com Haversine direto (SEM routing API)
      Original: 222 pontos → 1.9688 km (Haversine)
      Offset:   222 pontos → 1.9688 km (Haversine)

🚙 Veículo: SUMO_carro_1000
   Modelo: HBEFA4/PC_petrol_Euro-6ab
   Segmentos: 222
   📏 Distância: 1.973 km (city: 1.973, highway: 0.000)
   ⛽ Combustível: 24.219 l
   🏭 CO2 real: 55946.2 g
   🎯 CO2 meta: 379.8 g
   📊 Delta: -55566.4 g
   💰 Valor E1: R$ -2.7783
   🧭 Tentativas map matching: 0

   🔑 OFFSET DETERMINÍSTICO (x=-0.0028538474554453998°, y=-0.001152900210443566°, max=2.0km):
   📍 Start Original:  (40.775644, -73.960687)
   🔒 Start Protegido: (40.772790, -73.961840) ✓ 0.33 km | ⚠ SEM MAP MATCHING
   📏 Deslocamento final: 332.2 metros
   📍 End Original:    (40.772651, -73.962544)
   🔒 End Protegido:   (40.769797, -73.963697) ✓ 0.33 km | ⚠ SEM MAP MATCHING
   📏 Deslocamento final: 332.2 metros

   📐 ANÁLISE DE DISTÂNCIA DO TRAJETO (HAVERSINE DOS PONTOS ARMAZENADOS):
   🔢 Pontos unicos original/offset: 221/221 (Δ +0, +0.0% )
   📍 Trajeto original: 1.969 km (linha reta entre pontos GPS)
   🔒 Trajeto com offset: 1.969 km (linha reta entre pontos COM snap)
   📊 Diferença: +0.000 km (+0.0%)

======================================================================
📊 ESTATÍSTICAS FINAIS
======================================================================
Viagens processadas: 1
Distância total: 1.97 km
Combustível total: 24.22 l
CO2 real total: 55946.2 g
CO2 meta total: 379.8 g
Delta CO2: -55566.4 g
Valor E1 total: R$ -2.78

💰 Créditos: R$ 0.00
💸 Débitos: R$ 2.78
📈 Saldo líquido: R$ -2.78
======================================================================

💾 Dados agregados salvos em: ../data/offset_batch/vehicles_step_sim_3/run_008.csv
[csv-worker_3] [vehicles_step_sim_3] ===== LOG RUN 008 FIM =====

[csv-worker_3] [vehicles_step_sim_3] ===== LOG RUN 009 INICIO =====
======================================================================
🚗 PROCESSAMENTO SUMO → E1 REGISTRY (OFFSET ALEATÓRIO - veh0)
======================================================================
📄 Entrada: ../data/vehicles_step_sim_3.csv
🏭 Consumo fabricante: 12.0 km/l
💰 Preço carbono: R$ 50.0/ton
⭕ Raio máximo do offset aleatório: 2.0 km
🎲 Offset gerado aleatoriamente:
   Ângulo: 333.7°
   Distância: 1.2056 km
   offset_x (lat): 0.009713°  |  offset_y (lon): -0.004792°
📊 Row stepping: Processando todas as linhas
🗺️  Map matching: DESATIVADO
📐 Cálculo de distância: HAVERSINE PURO dos pontos COM snap (consistência)
======================================================================

📊 Carregando dados SUMO...
   Total de registros no arquivo: 324
   Veículos únicos: 1
   🚙 Vehicle selecionado: carro_1000

🔄 Agregando viagens por vehicle_id...
  📐 SUMO_carro_1000: Calculando distâncias com Haversine direto (SEM routing API)
      Original: 301 pontos → 3.1480 km (Haversine)
      Offset:   301 pontos → 3.1478 km (Haversine)

🚙 Veículo: SUMO_carro_1000
   Modelo: HBEFA4/PC_petrol_Euro-6ab
   Segmentos: 301
   📏 Distância: 3.159 km (city: 3.020, highway: 0.139)
   ⛽ Combustível: 51.224 l
   🏭 CO2 real: 118326.7 g
   🎯 CO2 meta: 608.1 g
   📊 Delta: -117718.6 g
   💰 Valor E1: R$ -5.8859
   🧭 Tentativas map matching: 0

   🔑 OFFSET DETERMINÍSTICO (x=0.007437515410339722°, y=-0.006880539752049204°, max=2.0km):
   📍 Start Original:  (40.775644, -73.960687)
   🔒 Start Protegido: (40.783081, -73.967568) ✓ 1.01 km | ⚠ SEM MAP MATCHING
   📏 Deslocamento final: 1010.9 metros
   📍 End Original:    (40.771236, -73.963813)
   🔒 End Protegido:   (40.778673, -73.970693) ✓ 1.01 km | ⚠ SEM MAP MATCHING
   📏 Deslocamento final: 1010.9 metros

   📐 ANÁLISE DE DISTÂNCIA DO TRAJETO (HAVERSINE DOS PONTOS ARMAZENADOS):
   🔢 Pontos unicos original/offset: 301/301 (Δ +0, +0.0% )
   📍 Trajeto original: 3.148 km (linha reta entre pontos GPS)
   🔒 Trajeto com offset: 3.148 km (linha reta entre pontos COM snap)
   📊 Diferença: -0.000 km (-0.0%)

======================================================================
📊 ESTATÍSTICAS FINAIS
======================================================================
Viagens processadas: 1
Distância total: 3.16 km
Combustível total: 51.22 l
CO2 real total: 118326.7 g
CO2 meta total: 608.1 g
Delta CO2: -117718.6 g
Valor E1 total: R$ -5.89

💰 Créditos: R$ 0.00
💸 Débitos: R$ 5.89
📈 Saldo líquido: R$ -5.89
======================================================================

💾 Dados agregados salvos em: ../data/offset_batch/vehicles_step_sim_3/run_009.csv
[csv-worker_3] [vehicles_step_sim_3] ===== LOG RUN 009 FIM =====

[csv-worker_3] [vehicles_step_sim_3] ===== LOG RUN 010 INICIO =====
======================================================================
🚗 PROCESSAMENTO SUMO → E1 REGISTRY (OFFSET ALEATÓRIO - veh0)
======================================================================
📄 Entrada: ../data/vehicles_step_sim_3.csv
🏭 Consumo fabricante: 12.0 km/l
💰 Preço carbono: R$ 50.0/ton
⭕ Raio máximo do offset aleatório: 2.0 km
🎲 Offset gerado aleatoriamente:
   Ângulo: 106.2°
   Distância: 1.9498 km
   offset_x (lat): -0.004881°  |  offset_y (lon): 0.016821°
📊 Row stepping: Processando todas as linhas
🗺️  Map matching: DESATIVADO
📐 Cálculo de distância: HAVERSINE PURO dos pontos COM snap (consistência)
======================================================================

📊 Carregando dados SUMO...
   Total de registros no arquivo: 324
   Veículos únicos: 1
   🚙 Vehicle selecionado: carro_1000

🔄 Agregando viagens por vehicle_id...
  📐 SUMO_carro_1000: Calculando distâncias com Haversine direto (SEM routing API)
      Original: 131 pontos → 1.4055 km (Haversine)
      Offset:   131 pontos → 1.4055 km (Haversine)

🚙 Veículo: SUMO_carro_1000
   Modelo: HBEFA4/PC_petrol_Euro-6ab
   Segmentos: 131
   📏 Distância: 1.410 km (city: 1.410, highway: 0.000)
   ⛽ Combustível: 12.456 l
   🏭 CO2 real: 28774.3 g
   🎯 CO2 meta: 271.4 g
   📊 Delta: -28502.9 g
   💰 Valor E1: R$ -1.4251
   🧭 Tentativas map matching: 0

   🔑 OFFSET DETERMINÍSTICO (x=0.00068590238147493°, y=0.017877641088348547°, max=2.0km):
   📍 Start Original:  (40.775644, -73.960687)
   🔒 Start Protegido: (40.776330, -73.942809) ✓ 1.51 km | ⚠ SEM MAP MATCHING
   📏 Deslocamento final: 1509.0 metros
   📍 End Original:    (40.772974, -73.962198)
   🔒 End Protegido:   (40.773660, -73.944321) ✓ 1.51 km | ⚠ SEM MAP MATCHING
   📏 Deslocamento final: 1509.1 metros

   📐 ANÁLISE DE DISTÂNCIA DO TRAJETO (HAVERSINE DOS PONTOS ARMAZENADOS):
   🔢 Pontos unicos original/offset: 130/130 (Δ +0, +0.0% )
   📍 Trajeto original: 1.405 km (linha reta entre pontos GPS)
   🔒 Trajeto com offset: 1.405 km (linha reta entre pontos COM snap)
   📊 Diferença: -0.000 km (-0.0%)

======================================================================
📊 ESTATÍSTICAS FINAIS
======================================================================
Viagens processadas: 1
Distância total: 1.41 km
Combustível total: 12.46 l
CO2 real total: 28774.3 g
CO2 meta total: 271.4 g
Delta CO2: -28502.9 g
Valor E1 total: R$ -1.43

💰 Créditos: R$ 0.00
💸 Débitos: R$ 1.43
📈 Saldo líquido: R$ -1.43
======================================================================

💾 Dados agregados salvos em: ../data/offset_batch/vehicles_step_sim_3/run_010.csv
[csv-worker_3] [vehicles_step_sim_3] ===== LOG RUN 010 FIM =====

[csv-worker_3] [vehicles_step_sim_3] ===== LOG RUN 011 INICIO =====
======================================================================
🚗 PROCESSAMENTO SUMO → E1 REGISTRY (OFFSET ALEATÓRIO - veh0)
======================================================================
📄 Entrada: ../data/vehicles_step_sim_3.csv
🏭 Consumo fabricante: 12.0 km/l
💰 Preço carbono: R$ 50.0/ton
⭕ Raio máximo do offset aleatório: 2.0 km
🎲 Offset gerado aleatoriamente:
   Ângulo: 190.0°
   Distância: 1.7688 km
   offset_x (lat): -0.015649°  |  offset_y (lon): -0.002749°
📊 Row stepping: Processando todas as linhas
🗺️  Map matching: DESATIVADO
📐 Cálculo de distância: HAVERSINE PURO dos pontos COM snap (consistência)
======================================================================

📊 Carregando dados SUMO...
   Total de registros no arquivo: 324
   Veículos únicos: 1
   🚙 Vehicle selecionado: carro_1000

🔄 Agregando viagens por vehicle_id...
  📐 SUMO_carro_1000: Calculando distâncias com Haversine direto (SEM routing API)
      Original: 337 pontos → 3.3706 km (Haversine)
      Offset:   337 pontos → 3.3705 km (Haversine)

🚙 Veículo: SUMO_carro_1000
   Modelo: HBEFA4/PC_petrol_Euro-6ab
   Segmentos: 337
   📏 Distância: 3.379 km (city: 3.069, highway: 0.310)
   ⛽ Combustível: 58.616 l
   🏭 CO2 real: 135402.3 g
   🎯 CO2 meta: 650.5 g
   📊 Delta: -134751.8 g
   💰 Valor E1: R$ -6.7376
   🧭 Tentativas map matching: 0

   🔑 OFFSET DETERMINÍSTICO (x=0.005893371596354169°, y=0.0006022545372617673°, max=2.0km):
   📍 Start Original:  (40.775644, -73.960687)
   🔒 Start Protegido: (40.781537, -73.960085) ✓ 0.66 km | ⚠ SEM MAP MATCHING
   📏 Deslocamento final: 658.0 metros
   📍 End Original:    (40.774801, -73.960637)
   🔒 End Protegido:   (40.780695, -73.960035) ✓ 0.66 km | ⚠ SEM MAP MATCHING
   📏 Deslocamento final: 658.0 metros

   📐 ANÁLISE DE DISTÂNCIA DO TRAJETO (HAVERSINE DOS PONTOS ARMAZENADOS):
   🔢 Pontos unicos original/offset: 337/337 (Δ +0, +0.0% )
   📍 Trajeto original: 3.371 km (linha reta entre pontos GPS)
   🔒 Trajeto com offset: 3.370 km (linha reta entre pontos COM snap)
   📊 Diferença: -0.000 km (-0.0%)

======================================================================
📊 ESTATÍSTICAS FINAIS
======================================================================
Viagens processadas: 1
Distância total: 3.38 km
Combustível total: 58.62 l
CO2 real total: 135402.3 g
CO2 meta total: 650.5 g
Delta CO2: -134751.8 g
Valor E1 total: R$ -6.74

💰 Créditos: R$ 0.00
💸 Débitos: R$ 6.74
📈 Saldo líquido: R$ -6.74
======================================================================

💾 Dados agregados salvos em: ../data/offset_batch/vehicles_step_sim_3/run_011.csv
[csv-worker_3] [vehicles_step_sim_3] ===== LOG RUN 011 FIM =====

[csv-worker_3] [vehicles_step_sim_3] ===== LOG RUN 012 INICIO =====
======================================================================
🚗 PROCESSAMENTO SUMO → E1 REGISTRY (OFFSET ALEATÓRIO - veh0)
======================================================================
📄 Entrada: ../data/vehicles_step_sim_3.csv
🏭 Consumo fabricante: 12.0 km/l
💰 Preço carbono: R$ 50.0/ton
⭕ Raio máximo do offset aleatório: 2.0 km
🎲 Offset gerado aleatoriamente:
   Ângulo: 295.8°
   Distância: 0.5504 km
   offset_x (lat): 0.002154°  |  offset_y (lon): -0.004450°
📊 Row stepping: Processando todas as linhas
🗺️  Map matching: DESATIVADO
📐 Cálculo de distância: HAVERSINE PURO dos pontos COM snap (consistência)
======================================================================

📊 Carregando dados SUMO...
   Total de registros no arquivo: 324
   Veículos únicos: 1
   🚙 Vehicle selecionado: carro_1000

🔄 Agregando viagens por vehicle_id...
  📐 SUMO_carro_1000: Calculando distâncias com Haversine direto (SEM routing API)
      Original: 337 pontos → 3.3706 km (Haversine)
      Offset:   337 pontos → 3.3707 km (Haversine)

🚙 Veículo: SUMO_carro_1000
   Modelo: HBEFA4/PC_petrol_Euro-6ab
   Segmentos: 337
   📏 Distância: 3.379 km (city: 3.069, highway: 0.310)
   ⛽ Combustível: 58.616 l
   🏭 CO2 real: 135402.3 g
   🎯 CO2 meta: 650.5 g
   📊 Delta: -134751.8 g
   💰 Valor E1: R$ -6.7376
   🧭 Tentativas map matching: 0

   🔑 OFFSET DETERMINÍSTICO (x=-0.004301964091643517°, y=0.004487494084832557°, max=2.0km):
   📍 Start Original:  (40.775644, -73.960687)
   🔒 Start Protegido: (40.771342, -73.956199) ✓ 0.61 km | ⚠ SEM MAP MATCHING
   📏 Deslocamento final: 610.3 metros
   📍 End Original:    (40.774801, -73.960637)
   🔒 End Protegido:   (40.770499, -73.956149) ✓ 0.61 km | ⚠ SEM MAP MATCHING
   📏 Deslocamento final: 610.3 metros

   📐 ANÁLISE DE DISTÂNCIA DO TRAJETO (HAVERSINE DOS PONTOS ARMAZENADOS):
   🔢 Pontos unicos original/offset: 337/337 (Δ +0, +0.0% )
   📍 Trajeto original: 3.371 km (linha reta entre pontos GPS)
   🔒 Trajeto com offset: 3.371 km (linha reta entre pontos COM snap)
   📊 Diferença: +0.000 km (+0.0%)

======================================================================
📊 ESTATÍSTICAS FINAIS
======================================================================
Viagens processadas: 1
Distância total: 3.38 km
Combustível total: 58.62 l
CO2 real total: 135402.3 g
CO2 meta total: 650.5 g
Delta CO2: -134751.8 g
Valor E1 total: R$ -6.74

💰 Créditos: R$ 0.00
💸 Débitos: R$ 6.74
📈 Saldo líquido: R$ -6.74
======================================================================

💾 Dados agregados salvos em: ../data/offset_batch/vehicles_step_sim_3/run_012.csv
[csv-worker_3] [vehicles_step_sim_3] ===== LOG RUN 012 FIM =====

[csv-worker_3] [vehicles_step_sim_3] ===== LOG RUN 013 INICIO =====
======================================================================
🚗 PROCESSAMENTO SUMO → E1 REGISTRY (OFFSET ALEATÓRIO - veh0)
======================================================================
📄 Entrada: ../data/vehicles_step_sim_3.csv
🏭 Consumo fabricante: 12.0 km/l
💰 Preço carbono: R$ 50.0/ton
⭕ Raio máximo do offset aleatório: 2.0 km
🎲 Offset gerado aleatoriamente:
   Ângulo: 106.3°
   Distância: 1.6416 km
   offset_x (lat): -0.004145°  |  offset_y (lon): 0.014152°
📊 Row stepping: Processando todas as linhas
🗺️  Map matching: DESATIVADO
📐 Cálculo de distância: HAVERSINE PURO dos pontos COM snap (consistência)
======================================================================

📊 Carregando dados SUMO...
   Total de registros no arquivo: 324
   Veículos únicos: 1
   🚙 Vehicle selecionado: carro_1000

🔄 Agregando viagens por vehicle_id...
  📐 SUMO_carro_1000: Calculando distâncias com Haversine direto (SEM routing API)
      Original: 300 pontos → 3.1542 km (Haversine)
      Offset:   300 pontos → 3.1542 km (Haversine)

🚙 Veículo: SUMO_carro_1000
   Modelo: HBEFA4/PC_petrol_Euro-6ab
   Segmentos: 300
   📏 Distância: 3.158 km (city: 2.541, highway: 0.617)
   ⛽ Combustível: 49.984 l
   🏭 CO2 real: 115462.6 g
   🎯 CO2 meta: 608.0 g
   📊 Delta: -114854.6 g
   💰 Valor E1: R$ -5.7427
   🧭 Tentativas map matching: 0

   🔑 OFFSET DETERMINÍSTICO (x=-0.0028922007549859797°, y=0.0008258705810298987°, max=2.0km):
   📍 Start Original:  (40.775644, -73.960687)
   🔒 Start Protegido: (40.772751, -73.959861) ✓ 0.33 km | ⚠ SEM MAP MATCHING
   📏 Deslocamento final: 329.4 metros
   📍 End Original:    (40.773912, -73.961904)
   🔒 End Protegido:   (40.771020, -73.961078) ✓ 0.33 km | ⚠ SEM MAP MATCHING
   📏 Deslocamento final: 329.4 metros

   📐 ANÁLISE DE DISTÂNCIA DO TRAJETO (HAVERSINE DOS PONTOS ARMAZENADOS):
   🔢 Pontos unicos original/offset: 299/299 (Δ +0, +0.0% )
   📍 Trajeto original: 3.154 km (linha reta entre pontos GPS)
   🔒 Trajeto com offset: 3.154 km (linha reta entre pontos COM snap)
   📊 Diferença: +0.000 km (+0.0%)

======================================================================
📊 ESTATÍSTICAS FINAIS
======================================================================
Viagens processadas: 1
Distância total: 3.16 km
Combustível total: 49.98 l
CO2 real total: 115462.6 g
CO2 meta total: 608.0 g
Delta CO2: -114854.6 g
Valor E1 total: R$ -5.74

💰 Créditos: R$ 0.00
💸 Débitos: R$ 5.74
📈 Saldo líquido: R$ -5.74
======================================================================

💾 Dados agregados salvos em: ../data/offset_batch/vehicles_step_sim_3/run_013.csv
[csv-worker_3] [vehicles_step_sim_3] ===== LOG RUN 013 FIM =====

[csv-worker_3] [vehicles_step_sim_3] ===== LOG RUN 014 INICIO =====
======================================================================
🚗 PROCESSAMENTO SUMO → E1 REGISTRY (OFFSET ALEATÓRIO - veh0)
======================================================================
📄 Entrada: ../data/vehicles_step_sim_3.csv
🏭 Consumo fabricante: 12.0 km/l
💰 Preço carbono: R$ 50.0/ton
⭕ Raio máximo do offset aleatório: 2.0 km
🎲 Offset gerado aleatoriamente:
   Ângulo: 227.9°
   Distância: 0.7298 km
   offset_x (lat): -0.004395°  |  offset_y (lon): -0.004865°
📊 Row stepping: Processando todas as linhas
🗺️  Map matching: DESATIVADO
📐 Cálculo de distância: HAVERSINE PURO dos pontos COM snap (consistência)
======================================================================

📊 Carregando dados SUMO...
   Total de registros no arquivo: 324
   Veículos únicos: 1
   🚙 Vehicle selecionado: carro_1000

🔄 Agregando viagens por vehicle_id...
  📐 SUMO_carro_1000: Calculando distâncias com Haversine direto (SEM routing API)
      Original: 131 pontos → 1.4055 km (Haversine)
      Offset:   131 pontos → 1.4053 km (Haversine)

🚙 Veículo: SUMO_carro_1000
   Modelo: HBEFA4/PC_petrol_Euro-6ab
   Segmentos: 131
   📏 Distância: 1.410 km (city: 1.410, highway: 0.000)
   ⛽ Combustível: 12.456 l
   🏭 CO2 real: 28774.3 g
   🎯 CO2 meta: 271.4 g
   📊 Delta: -28502.9 g
   💰 Valor E1: R$ -1.4251
   🧭 Tentativas map matching: 0

   🔑 OFFSET DETERMINÍSTICO (x=0.015584464482970344°, y=-0.00038205216995619855°, max=2.0km):
   📍 Start Original:  (40.775644, -73.960687)
   🔒 Start Protegido: (40.791228, -73.961069) ✓ 1.74 km | ⚠ SEM MAP MATCHING
   📏 Deslocamento final: 1735.2 metros
   📍 End Original:    (40.772974, -73.962198)
   🔒 End Protegido:   (40.788559, -73.962581) ✓ 1.74 km | ⚠ SEM MAP MATCHING
   📏 Deslocamento final: 1735.2 metros

   📐 ANÁLISE DE DISTÂNCIA DO TRAJETO (HAVERSINE DOS PONTOS ARMAZENADOS):
   🔢 Pontos unicos original/offset: 130/130 (Δ +0, +0.0% )
   📍 Trajeto original: 1.405 km (linha reta entre pontos GPS)
   🔒 Trajeto com offset: 1.405 km (linha reta entre pontos COM snap)
   📊 Diferença: -0.000 km (-0.0%)

======================================================================
📊 ESTATÍSTICAS FINAIS
======================================================================
Viagens processadas: 1
Distância total: 1.41 km
Combustível total: 12.46 l
CO2 real total: 28774.3 g
CO2 meta total: 271.4 g
Delta CO2: -28502.9 g
Valor E1 total: R$ -1.43

💰 Créditos: R$ 0.00
💸 Débitos: R$ 1.43
📈 Saldo líquido: R$ -1.43
======================================================================
  📐 SUMO_carro_1000: Calculando distâncias com Haversine direto (SEM routing API)
      Original: 131 pontos → 1.4055 km (Haversine)
      Offset:   131 pontos → 1.4055 km (Haversine)

🚙 Veículo: SUMO_carro_1000
   Modelo: HBEFA4/PC_petrol_Euro-6ab
   Segmentos: 131
   📏 Distância: 1.410 km (city: 1.410, highway: 0.000)
   ⛽ Combustível: 12.456 l
   🏭 CO2 real: 28774.3 g
   🎯 CO2 meta: 271.4 g
   📊 Delta: -28502.9 g
   💰 Valor E1: R$ -1.4251
   🧭 Tentativas map matching: 0

   🔑 OFFSET DETERMINÍSTICO (x=0.002920809512090556°, y=-0.012987734451230798°, max=2.0km):
   📍 Start Original:  (40.775644, -73.960687)
   🔒 Start Protegido: (40.778564, -73.973675) ✓ 1.14 km | ⚠ SEM MAP MATCHING
   📏 Deslocamento final: 1142.1 metros
   📍 End Original:    (40.772974, -73.962198)
   🔒 End Protegido:   (40.775895, -73.975186) ✓ 1.14 km | ⚠ SEM MAP MATCHING
   📏 Deslocamento final: 1142.2 metros

   📐 ANÁLISE DE DISTÂNCIA DO TRAJETO (HAVERSINE DOS PONTOS ARMAZENADOS):
   🔢 Pontos unicos original/offset: 130/130 (Δ +0, +0.0% )
   📍 Trajeto original: 1.405 km (linha reta entre pontos GPS)
   🔒 Trajeto com offset: 1.405 km (linha reta entre pontos COM snap)
   📊 Diferença: -0.000 km (-0.0%)

======================================================================
📊 ESTATÍSTICAS FINAIS
======================================================================
Viagens processadas: 1
Distância total: 1.41 km
Combustível total: 12.46 l
CO2 real total: 28774.3 g
CO2 meta total: 271.4 g
Delta CO2: -28502.9 g
Valor E1 total: R$ -1.43

💰 Créditos: R$ 0.00
💸 Débitos: R$ 1.43
📈 Saldo líquido: R$ -1.43
======================================================================
[csv-worker_3] [vehicles_step_sim_3] ===== LOG RUN 014 FIM =====

[csv-worker_3] [vehicles_step_sim_3] ===== LOG RUN 015 INICIO =====
======================================================================
🚗 PROCESSAMENTO SUMO → E1 REGISTRY (OFFSET ALEATÓRIO - veh0)
======================================================================
📄 Entrada: ../data/vehicles_step_sim_3.csv
🏭 Consumo fabricante: 12.0 km/l
💰 Preço carbono: R$ 50.0/ton
⭕ Raio máximo do offset aleatório: 2.0 km
🎲 Offset gerado aleatoriamente:
   Ângulo: 140.5°
   Distância: 1.3154 km
   offset_x (lat): -0.009124°  |  offset_y (lon): 0.007508°
📊 Row stepping: Processando todas as linhas
🗺️  Map matching: DESATIVADO
📐 Cálculo de distância: HAVERSINE PURO dos pontos COM snap (consistência)
======================================================================

📊 Carregando dados SUMO...

💾 Dados agregados salvos em: ../data/offset_batch/vehicles_step_sim_3/run_015.csv
[csv-worker_3] [vehicles_step_sim_3] ===== LOG RUN 015 FIM =====

[csv-worker_3] [vehicles_step_sim_3] ===== LOG RUN 016 INICIO =====
======================================================================
🚗 PROCESSAMENTO SUMO → E1 REGISTRY (OFFSET ALEATÓRIO - veh0)
======================================================================
📄 Entrada: ../data/vehicles_step_sim_3.csv
🏭 Consumo fabricante: 12.0 km/l
💰 Preço carbono: R$ 50.0/ton
⭕ Raio máximo do offset aleatório: 2.0 km
🎲 Offset gerado aleatoriamente:
   Ângulo: 150.2°
   Distância: 1.5651 km
   offset_x (lat): -0.012201°  |  offset_y (lon): 0.006986°
📊 Row stepping: Processando todas as linhas
🗺️  Map matching: DESATIVADO
📐 Cálculo de distância: HAVERSINE PURO dos pontos COM snap (consistência)
======================================================================

📊 Carregando dados SUMO...
   Total de registros no arquivo: 324
   Veículos únicos: 1
   🚙 Vehicle selecionado: carro_1000

🔄 Agregando viagens por vehicle_id...
  📐 SUMO_carro_1000: Calculando distâncias com Haversine direto (SEM routing API)
      Original: 299 pontos → 3.0526 km (Haversine)
      Offset:   299 pontos → 3.0524 km (Haversine)

🚙 Veículo: SUMO_carro_1000
   Modelo: HBEFA4/PC_petrol_Euro-6ab
   Segmentos: 299
   📏 Distância: 3.060 km (city: 3.060, highway: 0.000)
   ⛽ Combustível: 48.384 l
   🏭 CO2 real: 111766.0 g
   🎯 CO2 meta: 589.0 g
   📊 Delta: -111177.0 g
   💰 Valor E1: R$ -5.5588
   🧭 Tentativas map matching: 0

   🔑 OFFSET DETERMINÍSTICO (x=0.008797960831919058°, y=0.0021799494627985252°, max=2.0km):
   📍 Start Original:  (40.775644, -73.960687)
   🔒 Start Protegido: (40.784442, -73.958507) ✓ 1.00 km | ⚠ SEM MAP MATCHING
   📏 Deslocamento final: 996.5 metros
   📍 End Original:    (40.774198, -73.961141)
   🔒 End Protegido:   (40.782996, -73.958961) ✓ 1.00 km | ⚠ SEM MAP MATCHING
   📏 Deslocamento final: 996.5 metros

   📐 ANÁLISE DE DISTÂNCIA DO TRAJETO (HAVERSINE DOS PONTOS ARMAZENADOS):
   🔢 Pontos unicos original/offset: 299/299 (Δ +0, +0.0% )
   📍 Trajeto original: 3.053 km (linha reta entre pontos GPS)
   🔒 Trajeto com offset: 3.052 km (linha reta entre pontos COM snap)
   📊 Diferença: -0.000 km (-0.0%)

======================================================================
📊 ESTATÍSTICAS FINAIS
======================================================================
Viagens processadas: 1
Distância total: 3.06 km
Combustível total: 48.38 l
CO2 real total: 111766.0 g
CO2 meta total: 589.0 g
Delta CO2: -111177.0 g
Valor E1 total: R$ -5.56

💰 Créditos: R$ 0.00
💸 Débitos: R$ 5.56
📈 Saldo líquido: R$ -5.56
======================================================================

💾 Dados agregados salvos em: ../data/offset_batch/vehicles_step_sim_3/run_016.csv
[csv-worker_3] [vehicles_step_sim_3] ===== LOG RUN 016 FIM =====

[csv-worker_3] [vehicles_step_sim_3] ===== LOG RUN 017 INICIO =====
======================================================================
🚗 PROCESSAMENTO SUMO → E1 REGISTRY (OFFSET ALEATÓRIO - veh0)
======================================================================
📄 Entrada: ../data/vehicles_step_sim_3.csv
🏭 Consumo fabricante: 12.0 km/l
💰 Preço carbono: R$ 50.0/ton
⭕ Raio máximo do offset aleatório: 2.0 km
🎲 Offset gerado aleatoriamente:
   Ângulo: 24.2°
   Distância: 1.8728 km
   offset_x (lat): 0.015349°  |  offset_y (lon): 0.006889°
📊 Row stepping: Processando todas as linhas
🗺️  Map matching: DESATIVADO
📐 Cálculo de distância: HAVERSINE PURO dos pontos COM snap (consistência)
======================================================================

📊 Carregando dados SUMO...
   Total de registros no arquivo: 324
   Veículos únicos: 1
   🚙 Vehicle selecionado: carro_1000

🔄 Agregando viagens por vehicle_id...
  📐 SUMO_carro_1000: Calculando distâncias com Haversine direto (SEM routing API)
      Original: 299 pontos → 3.0526 km (Haversine)
      Offset:   299 pontos → 3.0530 km (Haversine)

🚙 Veículo: SUMO_carro_1000
   Modelo: HBEFA4/PC_petrol_Euro-6ab
   Segmentos: 299
   📏 Distância: 3.060 km (city: 3.060, highway: 0.000)
   ⛽ Combustível: 48.384 l
   🏭 CO2 real: 111766.0 g
   🎯 CO2 meta: 589.0 g
   📊 Delta: -111177.0 g
   💰 Valor E1: R$ -5.5588
   🧭 Tentativas map matching: 0

   🔑 OFFSET DETERMINÍSTICO (x=-0.016185196772310683°, y=0.004191124766132539°, max=2.0km):
   📍 Start Original:  (40.775644, -73.960687)
   🔒 Start Protegido: (40.759458, -73.956496) ✓ 1.84 km | ⚠ SEM MAP MATCHING
   📏 Deslocamento final: 1836.1 metros
   📍 End Original:    (40.774198, -73.961141)
   🔒 End Protegido:   (40.758013, -73.956950) ✓ 1.84 km | ⚠ SEM MAP MATCHING
   📏 Deslocamento final: 1836.1 metros

   📐 ANÁLISE DE DISTÂNCIA DO TRAJETO (HAVERSINE DOS PONTOS ARMAZENADOS):
   🔢 Pontos unicos original/offset: 299/299 (Δ +0, +0.0% )
   📍 Trajeto original: 3.053 km (linha reta entre pontos GPS)
   🔒 Trajeto com offset: 3.053 km (linha reta entre pontos COM snap)
   📊 Diferença: +0.000 km (+0.0%)

======================================================================
📊 ESTATÍSTICAS FINAIS
======================================================================
Viagens processadas: 1
Distância total: 3.06 km
Combustível total: 48.38 l
CO2 real total: 111766.0 g
CO2 meta total: 589.0 g
Delta CO2: -111177.0 g
Valor E1 total: R$ -5.56

💰 Créditos: R$ 0.00
💸 Débitos: R$ 5.56
📈 Saldo líquido: R$ -5.56
======================================================================

💾 Dados agregados salvos em: ../data/offset_batch/vehicles_step_sim_3/run_017.csv
[csv-worker_3] [vehicles_step_sim_3] ===== LOG RUN 017 FIM =====

[csv-worker_3] [vehicles_step_sim_3] ===== LOG RUN 018 INICIO =====
======================================================================
🚗 PROCESSAMENTO SUMO → E1 REGISTRY (OFFSET ALEATÓRIO - veh0)
======================================================================
📄 Entrada: ../data/vehicles_step_sim_3.csv
🏭 Consumo fabricante: 12.0 km/l
💰 Preço carbono: R$ 50.0/ton
⭕ Raio máximo do offset aleatório: 2.0 km
🎲 Offset gerado aleatoriamente:
   Ângulo: 243.8°
   Distância: 1.4272 km
   offset_x (lat): -0.005669°  |  offset_y (lon): -0.011499°
📊 Row stepping: Processando todas as linhas
🗺️  Map matching: DESATIVADO
📐 Cálculo de distância: HAVERSINE PURO dos pontos COM snap (consistência)
======================================================================

📊 Carregando dados SUMO...
   Total de registros no arquivo: 324
   Veículos únicos: 1
   🚙 Vehicle selecionado: carro_1000

🔄 Agregando viagens por vehicle_id...
  📐 SUMO_carro_1000: Calculando distâncias com Haversine direto (SEM routing API)
      Original: 155 pontos → 1.4242 km (Haversine)
      Offset:   155 pontos → 1.4241 km (Haversine)

🚙 Veículo: SUMO_carro_1000
   Modelo: HBEFA4/PC_petrol_Euro-6ab
   Segmentos: 155
   📏 Distância: 1.424 km (city: 1.424, highway: 0.000)
   ⛽ Combustível: 10.127 l
   🏭 CO2 real: 23393.7 g
   🎯 CO2 meta: 274.2 g
   📊 Delta: -23119.5 g
   💰 Valor E1: R$ -1.1560
   🧭 Tentativas map matching: 0

   🔑 OFFSET DETERMINÍSTICO (x=0.007951402520437863°, y=-0.015761430558312424°, max=2.0km):
   📍 Start Original:  (40.775644, -73.960687)
   🔒 Start Protegido: (40.783595, -73.976448) ✓ 1.60 km | ⚠ SEM MAP MATCHING
   📏 Deslocamento final: 1596.5 metros
   📍 End Original:    (40.775671, -73.960433)
   🔒 End Protegido:   (40.783623, -73.976195) ✓ 1.60 km | ⚠ SEM MAP MATCHING
   📏 Deslocamento final: 1596.5 metros

   📐 ANÁLISE DE DISTÂNCIA DO TRAJETO (HAVERSINE DOS PONTOS ARMAZENADOS):
   🔢 Pontos unicos original/offset: 155/155 (Δ +0, +0.0% )
   📍 Trajeto original: 1.424 km (linha reta entre pontos GPS)
   🔒 Trajeto com offset: 1.424 km (linha reta entre pontos COM snap)
   📊 Diferença: -0.000 km (-0.0%)

======================================================================
📊 ESTATÍSTICAS FINAIS
======================================================================
Viagens processadas: 1
Distância total: 1.42 km
Combustível total: 10.13 l
CO2 real total: 23393.7 g
CO2 meta total: 274.2 g
Delta CO2: -23119.5 g
Valor E1 total: R$ -1.16

💰 Créditos: R$ 0.00
💸 Débitos: R$ 1.16
📈 Saldo líquido: R$ -1.16
======================================================================

💾 Dados agregados salvos em: ../data/offset_batch/vehicles_step_sim_3/run_018.csv
[csv-worker_3] [vehicles_step_sim_3] ===== LOG RUN 018 FIM =====

[csv-worker_3] [vehicles_step_sim_3] ===== LOG RUN 019 INICIO =====
======================================================================
🚗 PROCESSAMENTO SUMO → E1 REGISTRY (OFFSET ALEATÓRIO - veh0)
======================================================================
📄 Entrada: ../data/vehicles_step_sim_3.csv
🏭 Consumo fabricante: 12.0 km/l
💰 Preço carbono: R$ 50.0/ton
⭕ Raio máximo do offset aleatório: 2.0 km
🎲 Offset gerado aleatoriamente:
   Ângulo: 317.8°
   Distância: 0.2395 km
   offset_x (lat): 0.001593°  |  offset_y (lon): -0.001446°
📊 Row stepping: Processando todas as linhas
🗺️  Map matching: DESATIVADO
📐 Cálculo de distância: HAVERSINE PURO dos pontos COM snap (consistência)
======================================================================

📊 Carregando dados SUMO...
   Total de registros no arquivo: 324
   Veículos únicos: 1
   🚙 Vehicle selecionado: carro_1000

🔄 Agregando viagens por vehicle_id...
  📐 SUMO_carro_1000: Calculando distâncias com Haversine direto (SEM routing API)
      Original: 312 pontos → 3.1845 km (Haversine)
      Offset:   312 pontos → 3.1849 km (Haversine)

🚙 Veículo: SUMO_carro_1000
   Modelo: HBEFA4/PC_petrol_Euro-6ab
   Segmentos: 312
   📏 Distância: 3.190 km (city: 2.602, highway: 0.587)
   ⛽ Combustível: 54.577 l
   🏭 CO2 real: 126071.8 g
   🎯 CO2 meta: 614.1 g
   📊 Delta: -125457.8 g
   💰 Valor E1: R$ -6.2729
   🧭 Tentativas map matching: 0

   🔑 OFFSET DETERMINÍSTICO (x=-0.012517130712355837°, y=-0.010384834632459388°, max=2.0km):
   📍 Start Original:  (40.775644, -73.960687)
   🔒 Start Protegido: (40.763126, -73.971072) ✓ 1.65 km | ⚠ SEM MAP MATCHING
   📏 Deslocamento final: 1645.6 metros
   📍 End Original:    (40.771637, -73.963520)
   🔒 End Protegido:   (40.759120, -73.973905) ✓ 1.65 km | ⚠ SEM MAP MATCHING
   📏 Deslocamento final: 1645.6 metros

   📐 ANÁLISE DE DISTÂNCIA DO TRAJETO (HAVERSINE DOS PONTOS ARMAZENADOS):
   🔢 Pontos unicos original/offset: 312/312 (Δ +0, +0.0% )
   📍 Trajeto original: 3.185 km (linha reta entre pontos GPS)
   🔒 Trajeto com offset: 3.185 km (linha reta entre pontos COM snap)
   📊 Diferença: +0.000 km (+0.0%)

======================================================================
📊 ESTATÍSTICAS FINAIS
======================================================================
Viagens processadas: 1
Distância total: 3.19 km
Combustível total: 54.58 l
CO2 real total: 126071.8 g
CO2 meta total: 614.1 g
Delta CO2: -125457.8 g
Valor E1 total: R$ -6.27

💰 Créditos: R$ 0.00
💸 Débitos: R$ 6.27
📈 Saldo líquido: R$ -6.27
======================================================================

💾 Dados agregados salvos em: ../data/offset_batch/vehicles_step_sim_3/run_019.csv
[csv-worker_3] [vehicles_step_sim_3] ===== LOG RUN 019 FIM =====

[csv-worker_3] [vehicles_step_sim_3] ===== LOG RUN 020 INICIO =====
======================================================================
🚗 PROCESSAMENTO SUMO → E1 REGISTRY (OFFSET ALEATÓRIO - veh0)
======================================================================
📄 Entrada: ../data/vehicles_step_sim_3.csv
🏭 Consumo fabricante: 12.0 km/l
💰 Preço carbono: R$ 50.0/ton
⭕ Raio máximo do offset aleatório: 2.0 km
🎲 Offset gerado aleatoriamente:
   Ângulo: 100.2°
   Distância: 1.6695 km
   offset_x (lat): -0.002650°  |  offset_y (lon): 0.014761°
📊 Row stepping: Processando todas as linhas
🗺️  Map matching: DESATIVADO
📐 Cálculo de distância: HAVERSINE PURO dos pontos COM snap (consistência)
======================================================================

📊 Carregando dados SUMO...
   Total de registros no arquivo: 324
   Veículos únicos: 1
   🚙 Vehicle selecionado: carro_1000

🔄 Agregando viagens por vehicle_id...
  📐 SUMO_carro_1000: Calculando distâncias com Haversine direto (SEM routing API)
      Original: 155 pontos → 1.4242 km (Haversine)
      Offset:   155 pontos → 1.4241 km (Haversine)

🚙 Veículo: SUMO_carro_1000
   Modelo: HBEFA4/PC_petrol_Euro-6ab
   Segmentos: 155
   📏 Distância: 1.424 km (city: 1.424, highway: 0.000)
   ⛽ Combustível: 10.127 l
   🏭 CO2 real: 23393.7 g
   🎯 CO2 meta: 274.2 g
   📊 Delta: -23119.5 g
   💰 Valor E1: R$ -1.1560
   🧭 Tentativas map matching: 0

   🔑 OFFSET DETERMINÍSTICO (x=0.013378843305470199°, y=-0.0031737472082009415°, max=2.0km):
   📍 Start Original:  (40.775644, -73.960687)
   🔒 Start Protegido: (40.789022, -73.963861) ✓ 1.51 km | ⚠ SEM MAP MATCHING
   📏 Deslocamento final: 1513.2 metros
   📍 End Original:    (40.775671, -73.960433)
   🔒 End Protegido:   (40.789050, -73.963607) ✓ 1.51 km | ⚠ SEM MAP MATCHING
   📏 Deslocamento final: 1513.2 metros

   📐 ANÁLISE DE DISTÂNCIA DO TRAJETO (HAVERSINE DOS PONTOS ARMAZENADOS):
   🔢 Pontos unicos original/offset: 155/155 (Δ +0, +0.0% )
   📍 Trajeto original: 1.424 km (linha reta entre pontos GPS)
   🔒 Trajeto com offset: 1.424 km (linha reta entre pontos COM snap)
   📊 Diferença: -0.000 km (-0.0%)

======================================================================
📊 ESTATÍSTICAS FINAIS
======================================================================
Viagens processadas: 1
Distância total: 1.42 km
Combustível total: 10.13 l
CO2 real total: 23393.7 g
CO2 meta total: 274.2 g
Delta CO2: -23119.5 g
Valor E1 total: R$ -1.16

💰 Créditos: R$ 0.00
💸 Débitos: R$ 1.16
📈 Saldo líquido: R$ -1.16
======================================================================

💾 Dados agregados salvos em: ../data/offset_batch/vehicles_step_sim_3/run_020.csv
[csv-worker_3] [vehicles_step_sim_3] ===== LOG RUN 020 FIM =====

[csv-worker_3] [vehicles_step_sim_3] ===== LOG RUN 021 INICIO =====
======================================================================
🚗 PROCESSAMENTO SUMO → E1 REGISTRY (OFFSET ALEATÓRIO - veh0)
======================================================================
📄 Entrada: ../data/vehicles_step_sim_3.csv
🏭 Consumo fabricante: 12.0 km/l
💰 Preço carbono: R$ 50.0/ton
⭕ Raio máximo do offset aleatório: 2.0 km
🎲 Offset gerado aleatoriamente:
   Ângulo: 348.0°
   Distância: 1.0865 km
   offset_x (lat): 0.009545°  |  offset_y (lon): -0.002036°
📊 Row stepping: Processando todas as linhas
🗺️  Map matching: DESATIVADO
📐 Cálculo de distância: HAVERSINE PURO dos pontos COM snap (consistência)
======================================================================

📊 Carregando dados SUMO...
   Total de registros no arquivo: 324
   Veículos únicos: 1
   🚙 Vehicle selecionado: carro_1000

🔄 Agregando viagens por vehicle_id...
  📐 SUMO_carro_1000: Calculando distâncias com Haversine direto (SEM routing API)
      Original: 155 pontos → 1.4242 km (Haversine)
      Offset:   155 pontos → 1.4241 km (Haversine)

🚙 Veículo: SUMO_carro_1000
   Modelo: HBEFA4/PC_petrol_Euro-6ab
   Segmentos: 155
   📏 Distância: 1.424 km (city: 1.424, highway: 0.000)
   ⛽ Combustível: 10.127 l
   🏭 CO2 real: 23393.7 g
   🎯 CO2 meta: 274.2 g
   📊 Delta: -23119.5 g
   💰 Valor E1: R$ -1.1560
   🧭 Tentativas map matching: 0

   🔑 OFFSET DETERMINÍSTICO (x=0.013920241163671885°, y=0.003005938782308297°, max=2.0km):
   📍 Start Original:  (40.775644, -73.960687)
   🔒 Start Protegido: (40.789564, -73.957681) ✓ 1.57 km | ⚠ SEM MAP MATCHING
   📏 Deslocamento final: 1570.2 metros
   📍 End Original:    (40.775671, -73.960433)
   🔒 End Protegido:   (40.789592, -73.957427) ✓ 1.57 km | ⚠ SEM MAP MATCHING
   📏 Deslocamento final: 1570.2 metros

   📐 ANÁLISE DE DISTÂNCIA DO TRAJETO (HAVERSINE DOS PONTOS ARMAZENADOS):
   🔢 Pontos unicos original/offset: 155/155 (Δ +0, +0.0% )
   📍 Trajeto original: 1.424 km (linha reta entre pontos GPS)
   🔒 Trajeto com offset: 1.424 km (linha reta entre pontos COM snap)
   📊 Diferença: -0.000 km (-0.0%)

======================================================================
📊 ESTATÍSTICAS FINAIS
======================================================================
Viagens processadas: 1
Distância total: 1.42 km
Combustível total: 10.13 l
CO2 real total: 23393.7 g
CO2 meta total: 274.2 g
Delta CO2: -23119.5 g
Valor E1 total: R$ -1.16

💰 Créditos: R$ 0.00
💸 Débitos: R$ 1.16
📈 Saldo líquido: R$ -1.16
======================================================================

💾 Dados agregados salvos em: ../data/offset_batch/vehicles_step_sim_3/run_021.csv
[csv-worker_3] [vehicles_step_sim_3] ===== LOG RUN 021 FIM =====

[csv-worker_3] [vehicles_step_sim_3] ===== LOG RUN 022 INICIO =====
======================================================================
🚗 PROCESSAMENTO SUMO → E1 REGISTRY (OFFSET ALEATÓRIO - veh0)
======================================================================
📄 Entrada: ../data/vehicles_step_sim_3.csv
🏭 Consumo fabricante: 12.0 km/l
💰 Preço carbono: R$ 50.0/ton
⭕ Raio máximo do offset aleatório: 2.0 km
🎲 Offset gerado aleatoriamente:
   Ângulo: 333.8°
   Distância: 1.8141 km
   offset_x (lat): 0.014624°  |  offset_y (lon): -0.007192°
📊 Row stepping: Processando todas as linhas
🗺️  Map matching: DESATIVADO
📐 Cálculo de distância: HAVERSINE PURO dos pontos COM snap (consistência)
======================================================================

📊 Carregando dados SUMO...
  📐 SUMO_carro_1000: Calculando distâncias com Haversine direto (SEM routing API)
      Original: 312 pontos → 3.1845 km (Haversine)
      Offset:   312 pontos → 3.1845 km (Haversine)

🚙 Veículo: SUMO_carro_1000
   Modelo: HBEFA4/PC_petrol_Euro-6ab
   Segmentos: 312
   📏 Distância: 3.190 km (city: 2.602, highway: 0.587)
   ⛽ Combustível: 54.577 l
   🏭 CO2 real: 126071.8 g
   🎯 CO2 meta: 614.1 g
   📊 Delta: -125457.8 g
   💰 Valor E1: R$ -6.2729
   🧭 Tentativas map matching: 0

   🔑 OFFSET DETERMINÍSTICO (x=0.002270795046886728°, y=-0.0026269249719749884°, max=2.0km):
   📍 Start Original:  (40.775644, -73.960687)
   🔒 Start Protegido: (40.777914, -73.963314) ✓ 0.34 km | ⚠ SEM MAP MATCHING
   📏 Deslocamento final: 336.1 metros
   📍 End Original:    (40.771637, -73.963520)
   🔒 End Protegido:   (40.773908, -73.966147) ✓ 0.34 km | ⚠ SEM MAP MATCHING
   📏 Deslocamento final: 336.1 metros

   📐 ANÁLISE DE DISTÂNCIA DO TRAJETO (HAVERSINE DOS PONTOS ARMAZENADOS):
   🔢 Pontos unicos original/offset: 312/312 (Δ +0, +0.0% )
   📍 Trajeto original: 3.185 km (linha reta entre pontos GPS)
   🔒 Trajeto com offset: 3.184 km (linha reta entre pontos COM snap)
   📊 Diferença: -0.000 km (-0.0%)

======================================================================
📊 ESTATÍSTICAS FINAIS
======================================================================
Viagens processadas: 1
Distância total: 3.19 km
Combustível total: 54.58 l
CO2 real total: 126071.8 g
CO2 meta total: 614.1 g
Delta CO2: -125457.8 g
Valor E1 total: R$ -6.27

💰 Créditos: R$ 0.00
💸 Débitos: R$ 6.27
📈 Saldo líquido: R$ -6.27
======================================================================

💾 Dados agregados salvos em: ../data/offset_batch/vehicles_step_sim_3/run_022.csv
[csv-worker_3] [vehicles_step_sim_3] ===== LOG RUN 022 FIM =====

[csv-worker_3] [vehicles_step_sim_3] ===== LOG RUN 023 INICIO =====
======================================================================
🚗 PROCESSAMENTO SUMO → E1 REGISTRY (OFFSET ALEATÓRIO - veh0)
======================================================================
📄 Entrada: ../data/vehicles_step_sim_3.csv
🏭 Consumo fabricante: 12.0 km/l
💰 Preço carbono: R$ 50.0/ton
⭕ Raio máximo do offset aleatório: 2.0 km
🎲 Offset gerado aleatoriamente:
   Ângulo: 286.1°
   Distância: 0.8555 km
   offset_x (lat): 0.002134°  |  offset_y (lon): -0.007383°
📊 Row stepping: Processando todas as linhas
🗺️  Map matching: DESATIVADO
📐 Cálculo de distância: HAVERSINE PURO dos pontos COM snap (consistência)
======================================================================

📊 Carregando dados SUMO...
   Total de registros no arquivo: 324
   Veículos únicos: 1
   🚙 Vehicle selecionado: carro_1000

🔄 Agregando viagens por vehicle_id...
  📐 SUMO_carro_1000: Calculando distâncias com Haversine direto (SEM routing API)
      Original: 301 pontos → 3.1480 km (Haversine)
      Offset:   301 pontos → 3.1483 km (Haversine)

🚙 Veículo: SUMO_carro_1000
   Modelo: HBEFA4/PC_petrol_Euro-6ab
   Segmentos: 301
   📏 Distância: 3.159 km (city: 3.020, highway: 0.139)
   ⛽ Combustível: 51.224 l
   🏭 CO2 real: 118326.7 g
   🎯 CO2 meta: 608.1 g
   📊 Delta: -117718.6 g
   💰 Valor E1: R$ -5.8859
   🧭 Tentativas map matching: 0

   🔑 OFFSET DETERMINÍSTICO (x=-0.013906599986261991°, y=-0.00198572830544126°, max=2.0km):
   📍 Start Original:  (40.775644, -73.960687)
   🔒 Start Protegido: (40.761737, -73.962673) ✓ 1.56 km | ⚠ SEM MAP MATCHING
   📏 Deslocamento final: 1557.1 metros
   📍 End Original:    (40.771236, -73.963813)
   🔒 End Protegido:   (40.757329, -73.965798) ✓ 1.56 km | ⚠ SEM MAP MATCHING
   📏 Deslocamento final: 1557.1 metros

   📐 ANÁLISE DE DISTÂNCIA DO TRAJETO (HAVERSINE DOS PONTOS ARMAZENADOS):
   🔢 Pontos unicos original/offset: 301/301 (Δ +0, +0.0% )
   📍 Trajeto original: 3.148 km (linha reta entre pontos GPS)
   🔒 Trajeto com offset: 3.148 km (linha reta entre pontos COM snap)
   📊 Diferença: +0.000 km (+0.0%)

======================================================================
📊 ESTATÍSTICAS FINAIS
======================================================================
Viagens processadas: 1
Distância total: 3.16 km
Combustível total: 51.22 l
CO2 real total: 118326.7 g
CO2 meta total: 608.1 g
Delta CO2: -117718.6 g
Valor E1 total: R$ -5.89

💰 Créditos: R$ 0.00
💸 Débitos: R$ 5.89
📈 Saldo líquido: R$ -5.89
======================================================================

💾 Dados agregados salvos em: ../data/offset_batch/vehicles_step_sim_3/run_023.csv
[csv-worker_3] [vehicles_step_sim_3] ===== LOG RUN 023 FIM =====

[csv-worker_3] [vehicles_step_sim_3] ===== LOG RUN 024 INICIO =====
======================================================================
🚗 PROCESSAMENTO SUMO → E1 REGISTRY (OFFSET ALEATÓRIO - veh0)
======================================================================
📄 Entrada: ../data/vehicles_step_sim_3.csv
🏭 Consumo fabricante: 12.0 km/l
💰 Preço carbono: R$ 50.0/ton
⭕ Raio máximo do offset aleatório: 2.0 km
🎲 Offset gerado aleatoriamente:
   Ângulo: 57.3°
   Distância: 1.9195 km
   offset_x (lat): 0.009320°  |  offset_y (lon): 0.014508°
📊 Row stepping: Processando todas as linhas
🗺️  Map matching: DESATIVADO
📐 Cálculo de distância: HAVERSINE PURO dos pontos COM snap (consistência)
======================================================================

📊 Carregando dados SUMO...
   Total de registros no arquivo: 324
   Veículos únicos: 1
   🚙 Vehicle selecionado: carro_1000

🔄 Agregando viagens por vehicle_id...
  📐 SUMO_carro_1000: Calculando distâncias com Haversine direto (SEM routing API)
      Original: 131 pontos → 1.4055 km (Haversine)
      Offset:   131 pontos → 1.4056 km (Haversine)

🚙 Veículo: SUMO_carro_1000
   Modelo: HBEFA4/PC_petrol_Euro-6ab
   Segmentos: 131
   📏 Distância: 1.410 km (city: 1.410, highway: 0.000)
   ⛽ Combustível: 12.456 l
   🏭 CO2 real: 28774.3 g
   🎯 CO2 meta: 271.4 g
   📊 Delta: -28502.9 g
   💰 Valor E1: R$ -1.4251
   🧭 Tentativas map matching: 0

   🔑 OFFSET DETERMINÍSTICO (x=-0.005283724748010304°, y=-0.008528416536323151°, max=2.0km):
   📍 Start Original:  (40.775644, -73.960687)
   🔒 Start Protegido: (40.770360, -73.969215) ✓ 0.93 km | ⚠ SEM MAP MATCHING
   📏 Deslocamento final: 928.9 metros
   📍 End Original:    (40.772974, -73.962198)
   🔒 End Protegido:   (40.767690, -73.970727) ✓ 0.93 km | ⚠ SEM MAP MATCHING
   📏 Deslocamento final: 928.9 metros

   📐 ANÁLISE DE DISTÂNCIA DO TRAJETO (HAVERSINE DOS PONTOS ARMAZENADOS):
   🔢 Pontos unicos original/offset: 130/130 (Δ +0, +0.0% )
   📍 Trajeto original: 1.405 km (linha reta entre pontos GPS)
   🔒 Trajeto com offset: 1.406 km (linha reta entre pontos COM snap)
   📊 Diferença: +0.000 km (+0.0%)

======================================================================
📊 ESTATÍSTICAS FINAIS
======================================================================
Viagens processadas: 1
Distância total: 1.41 km
Combustível total: 12.46 l
CO2 real total: 28774.3 g
CO2 meta total: 271.4 g
Delta CO2: -28502.9 g
Valor E1 total: R$ -1.43

💰 Créditos: R$ 0.00
💸 Débitos: R$ 1.43
📈 Saldo líquido: R$ -1.43
======================================================================

💾 Dados agregados salvos em: ../data/offset_batch/vehicles_step_sim_3/run_024.csv
[csv-worker_3] [vehicles_step_sim_3] ===== LOG RUN 024 FIM =====

[csv-worker_3] [vehicles_step_sim_3] ===== LOG RUN 025 INICIO =====
======================================================================
🚗 PROCESSAMENTO SUMO → E1 REGISTRY (OFFSET ALEATÓRIO - veh0)
======================================================================
📄 Entrada: ../data/vehicles_step_sim_3.csv
🏭 Consumo fabricante: 12.0 km/l
💰 Preço carbono: R$ 50.0/ton
⭕ Raio máximo do offset aleatório: 2.0 km
🎲 Offset gerado aleatoriamente:
   Ângulo: 189.3°
   Distância: 1.1623 km
   offset_x (lat): -0.010303°  |  offset_y (lon): -0.001689°
📊 Row stepping: Processando todas as linhas
🗺️  Map matching: DESATIVADO
📐 Cálculo de distância: HAVERSINE PURO dos pontos COM snap (consistência)
======================================================================

📊 Carregando dados SUMO...
   Total de registros no arquivo: 324
   Veículos únicos: 1
   🚙 Vehicle selecionado: carro_1000

🔄 Agregando viagens por vehicle_id...
  📐 SUMO_carro_1000: Calculando distâncias com Haversine direto (SEM routing API)
      Original: 300 pontos → 3.1542 km (Haversine)
      Offset:   300 pontos → 3.1540 km (Haversine)

🚙 Veículo: SUMO_carro_1000
   Modelo: HBEFA4/PC_petrol_Euro-6ab
   Segmentos: 300
   📏 Distância: 3.158 km (city: 2.541, highway: 0.617)
   ⛽ Combustível: 49.984 l
   🏭 CO2 real: 115462.6 g
   🎯 CO2 meta: 608.0 g
   📊 Delta: -114854.6 g
   💰 Valor E1: R$ -5.7427
   🧭 Tentativas map matching: 0

   🔑 OFFSET DETERMINÍSTICO (x=0.0077825238558277875°, y=-0.00811127931601996°, max=2.0km):
   📍 Start Original:  (40.775644, -73.960687)
   🔒 Start Protegido: (40.783426, -73.968798) ✓ 1.10 km | ⚠ SEM MAP MATCHING
   📏 Deslocamento final: 1103.7 metros
   📍 End Original:    (40.773912, -73.961904)
   🔒 End Protegido:   (40.781695, -73.970015) ✓ 1.10 km | ⚠ SEM MAP MATCHING
   📏 Deslocamento final: 1103.7 metros

   📐 ANÁLISE DE DISTÂNCIA DO TRAJETO (HAVERSINE DOS PONTOS ARMAZENADOS):
   🔢 Pontos unicos original/offset: 299/299 (Δ +0, +0.0% )
   📍 Trajeto original: 3.154 km (linha reta entre pontos GPS)
   🔒 Trajeto com offset: 3.154 km (linha reta entre pontos COM snap)
   📊 Diferença: -0.000 km (-0.0%)

======================================================================
📊 ESTATÍSTICAS FINAIS
======================================================================
Viagens processadas: 1
Distância total: 3.16 km
Combustível total: 49.98 l
CO2 real total: 115462.6 g
CO2 meta total: 608.0 g
Delta CO2: -114854.6 g
Valor E1 total: R$ -5.74

💰 Créditos: R$ 0.00
💸 Débitos: R$ 5.74
📈 Saldo líquido: R$ -5.74
======================================================================

💾 Dados agregados salvos em: ../data/offset_batch/vehicles_step_sim_3/run_025.csv
[csv-worker_3] [vehicles_step_sim_3] ===== LOG RUN 025 FIM =====

[csv-worker_3] [vehicles_step_sim_3] ===== LOG RUN 026 INICIO =====
======================================================================
🚗 PROCESSAMENTO SUMO → E1 REGISTRY (OFFSET ALEATÓRIO - veh0)
======================================================================
📄 Entrada: ../data/vehicles_step_sim_3.csv
🏭 Consumo fabricante: 12.0 km/l
💰 Preço carbono: R$ 50.0/ton
⭕ Raio máximo do offset aleatório: 2.0 km
🎲 Offset gerado aleatoriamente:
   Ângulo: 91.3°
   Distância: 1.2987 km
   offset_x (lat): -0.000257°  |  offset_y (lon): 0.011664°
📊 Row stepping: Processando todas as linhas
🗺️  Map matching: DESATIVADO
📐 Cálculo de distância: HAVERSINE PURO dos pontos COM snap (consistência)
======================================================================

📊 Carregando dados SUMO...
   Total de registros no arquivo: 324
   Veículos únicos: 1
   🚙 Vehicle selecionado: carro_1000

🔄 Agregando viagens por vehicle_id...
  📐 SUMO_carro_1000: Calculando distâncias com Haversine direto (SEM routing API)
      Original: 131 pontos → 1.4055 km (Haversine)
      Offset:   131 pontos → 1.4053 km (Haversine)

🚙 Veículo: SUMO_carro_1000
   Modelo: HBEFA4/PC_petrol_Euro-6ab
   Segmentos: 131
   📏 Distância: 1.410 km (city: 1.410, highway: 0.000)
   ⛽ Combustível: 12.456 l
   🏭 CO2 real: 28774.3 g
   🎯 CO2 meta: 271.4 g
   📊 Delta: -28502.9 g
   💰 Valor E1: R$ -1.4251
   🧭 Tentativas map matching: 0

   🔑 OFFSET DETERMINÍSTICO (x=0.012832226429354845°, y=-0.006723980242907901°, max=2.0km):
   📍 Start Original:  (40.775644, -73.960687)
   🔒 Start Protegido: (40.788476, -73.967411) ✓ 1.54 km | ⚠ SEM MAP MATCHING
   📏 Deslocamento final: 1536.8 metros
   📍 End Original:    (40.772974, -73.962198)
   🔒 End Protegido:   (40.785806, -73.968922) ✓ 1.54 km | ⚠ SEM MAP MATCHING
   📏 Deslocamento final: 1536.8 metros

   📐 ANÁLISE DE DISTÂNCIA DO TRAJETO (HAVERSINE DOS PONTOS ARMAZENADOS):
   🔢 Pontos unicos original/offset: 130/130 (Δ +0, +0.0% )
   📍 Trajeto original: 1.405 km (linha reta entre pontos GPS)
   🔒 Trajeto com offset: 1.405 km (linha reta entre pontos COM snap)
   📊 Diferença: -0.000 km (-0.0%)

======================================================================
📊 ESTATÍSTICAS FINAIS
======================================================================
Viagens processadas: 1
Distância total: 1.41 km
Combustível total: 12.46 l
CO2 real total: 28774.3 g
CO2 meta total: 271.4 g
Delta CO2: -28502.9 g
Valor E1 total: R$ -1.43

💰 Créditos: R$ 0.00
💸 Débitos: R$ 1.43
📈 Saldo líquido: R$ -1.43
======================================================================

💾 Dados agregados salvos em: ../data/offset_batch/vehicles_step_sim_3/run_026.csv
[csv-worker_3] [vehicles_step_sim_3] ===== LOG RUN 026 FIM =====

[csv-worker_3] [vehicles_step_sim_3] ===== LOG RUN 027 INICIO =====
======================================================================
🚗 PROCESSAMENTO SUMO → E1 REGISTRY (OFFSET ALEATÓRIO - veh0)
======================================================================
📄 Entrada: ../data/vehicles_step_sim_3.csv
🏭 Consumo fabricante: 12.0 km/l
💰 Preço carbono: R$ 50.0/ton
⭕ Raio máximo do offset aleatório: 2.0 km
🎲 Offset gerado aleatoriamente:
   Ângulo: 286.8°
   Distância: 0.7490 km
   offset_x (lat): 0.001942°  |  offset_y (lon): -0.006442°
📊 Row stepping: Processando todas as linhas
🗺️  Map matching: DESATIVADO
📐 Cálculo de distância: HAVERSINE PURO dos pontos COM snap (consistência)
======================================================================

📊 Carregando dados SUMO...
   Total de registros no arquivo: 324
   Veículos únicos: 1
   🚙 Vehicle selecionado: carro_1000

🔄 Agregando viagens por vehicle_id...
  📐 SUMO_carro_1000: Calculando distâncias com Haversine direto (SEM routing API)
      Original: 131 pontos → 1.4055 km (Haversine)
      Offset:   131 pontos → 1.4056 km (Haversine)

🚙 Veículo: SUMO_carro_1000
   Modelo: HBEFA4/PC_petrol_Euro-6ab
   Segmentos: 131
   📏 Distância: 1.410 km (city: 1.410, highway: 0.000)
   ⛽ Combustível: 12.456 l
   🏭 CO2 real: 28774.3 g
   🎯 CO2 meta: 271.4 g
   📊 Delta: -28502.9 g
   💰 Valor E1: R$ -1.4251
   🧭 Tentativas map matching: 0

   🔑 OFFSET DETERMINÍSTICO (x=-0.008315178899692108°, y=-0.0015563696036959003°, max=2.0km):
   📍 Start Original:  (40.775644, -73.960687)
   🔒 Start Protegido: (40.767328, -73.962243) ✓ 0.93 km | ⚠ SEM MAP MATCHING
   📏 Deslocamento final: 934.9 metros
   📍 End Original:    (40.772974, -73.962198)
   🔒 End Protegido:   (40.764659, -73.963755) ✓ 0.93 km | ⚠ SEM MAP MATCHING
   📏 Deslocamento final: 934.9 metros

   📐 ANÁLISE DE DISTÂNCIA DO TRAJETO (HAVERSINE DOS PONTOS ARMAZENADOS):
   🔢 Pontos unicos original/offset: 130/130 (Δ +0, +0.0% )
   📍 Trajeto original: 1.405 km (linha reta entre pontos GPS)
   🔒 Trajeto com offset: 1.406 km (linha reta entre pontos COM snap)
   📊 Diferença: +0.000 km (+0.0%)

======================================================================
📊 ESTATÍSTICAS FINAIS
======================================================================
Viagens processadas: 1
Distância total: 1.41 km
Combustível total: 12.46 l
CO2 real total: 28774.3 g
CO2 meta total: 271.4 g
Delta CO2: -28502.9 g
Valor E1 total: R$ -1.43

💰 Créditos: R$ 0.00
💸 Débitos: R$ 1.43
📈 Saldo líquido: R$ -1.43
======================================================================

💾 Dados agregados salvos em: ../data/offset_batch/vehicles_step_sim_3/run_027.csv
[csv-worker_3] [vehicles_step_sim_3] ===== LOG RUN 027 FIM =====

[csv-worker_3] [vehicles_step_sim_3] ===== LOG RUN 028 INICIO =====
======================================================================
🚗 PROCESSAMENTO SUMO → E1 REGISTRY (OFFSET ALEATÓRIO - veh0)
======================================================================
📄 Entrada: ../data/vehicles_step_sim_3.csv
🏭 Consumo fabricante: 12.0 km/l
💰 Preço carbono: R$ 50.0/ton
⭕ Raio máximo do offset aleatório: 2.0 km
🎲 Offset gerado aleatoriamente:
   Ângulo: 5.9°
   Distância: 1.4785 km
   offset_x (lat): 0.013212°  |  offset_y (lon): 0.001358°
📊 Row stepping: Processando todas as linhas
🗺️  Map matching: DESATIVADO
📐 Cálculo de distância: HAVERSINE PURO dos pontos COM snap (consistência)
======================================================================

📊 Carregando dados SUMO...
   Total de registros no arquivo: 324
   Veículos únicos: 1
   🚙 Vehicle selecionado: carro_1000

🔄 Agregando viagens por vehicle_id...
  📐 SUMO_carro_1000: Calculando distâncias com Haversine direto (SEM routing API)
      Original: 222 pontos → 1.9688 km (Haversine)
      Offset:   222 pontos → 1.9689 km (Haversine)

🚙 Veículo: SUMO_carro_1000
   Modelo: HBEFA4/PC_petrol_Euro-6ab
   Segmentos: 222
   📏 Distância: 1.973 km (city: 1.973, highway: 0.000)
   ⛽ Combustível: 24.219 l
   🏭 CO2 real: 55946.2 g
   🎯 CO2 meta: 379.8 g
   📊 Delta: -55566.4 g
   💰 Valor E1: R$ -2.7783
   🧭 Tentativas map matching: 0

   🔑 OFFSET DETERMINÍSTICO (x=-0.01125941252018028°, y=0.009031163647710092°, max=2.0km):
   📍 Start Original:  (40.775644, -73.960687)
   🔒 Start Protegido: (40.764384, -73.951656) ✓ 1.47 km | ⚠ SEM MAP MATCHING
   📏 Deslocamento final: 1466.5 metros
   📍 End Original:    (40.772651, -73.962544)
   🔒 End Protegido:   (40.761392, -73.953513) ✓ 1.47 km | ⚠ SEM MAP MATCHING
   📏 Deslocamento final: 1466.5 metros

   📐 ANÁLISE DE DISTÂNCIA DO TRAJETO (HAVERSINE DOS PONTOS ARMAZENADOS):
   🔢 Pontos unicos original/offset: 221/221 (Δ +0, +0.0% )
   📍 Trajeto original: 1.969 km (linha reta entre pontos GPS)
   🔒 Trajeto com offset: 1.969 km (linha reta entre pontos COM snap)
   📊 Diferença: +0.000 km (+0.0%)

======================================================================
📊 ESTATÍSTICAS FINAIS
======================================================================
Viagens processadas: 1
Distância total: 1.97 km
Combustível total: 24.22 l
CO2 real total: 55946.2 g
CO2 meta total: 379.8 g
Delta CO2: -55566.4 g
Valor E1 total: R$ -2.78

💰 Créditos: R$ 0.00
💸 Débitos: R$ 2.78
📈 Saldo líquido: R$ -2.78
======================================================================

💾 Dados agregados salvos em: ../data/offset_batch/vehicles_step_sim_3/run_028.csv
[csv-worker_3] [vehicles_step_sim_3] ===== LOG RUN 028 FIM =====

[csv-worker_3] [vehicles_step_sim_3] ===== LOG RUN 029 INICIO =====
======================================================================
🚗 PROCESSAMENTO SUMO → E1 REGISTRY (OFFSET ALEATÓRIO - veh0)
======================================================================
📄 Entrada: ../data/vehicles_step_sim_3.csv
🏭 Consumo fabricante: 12.0 km/l
💰 Preço carbono: R$ 50.0/ton
⭕ Raio máximo do offset aleatório: 2.0 km
🎲 Offset gerado aleatoriamente:
   Ângulo: 154.4°
   Distância: 1.6638 km
   offset_x (lat): -0.013478°  |  offset_y (lon): 0.006460°
📊 Row stepping: Processando todas as linhas
🗺️  Map matching: DESATIVADO
📐 Cálculo de distância: HAVERSINE PURO dos pontos COM snap (consistência)
======================================================================

📊 Carregando dados SUMO...
   Total de registros no arquivo: 324
   Veículos únicos: 1
   🚙 Vehicle selecionado: carro_1000

🔄 Agregando viagens por vehicle_id...
  📐 SUMO_carro_1000: Calculando distâncias com Haversine direto (SEM routing API)
      Original: 299 pontos → 3.0526 km (Haversine)
      Offset:   299 pontos → 3.0522 km (Haversine)

🚙 Veículo: SUMO_carro_1000
   Modelo: HBEFA4/PC_petrol_Euro-6ab
   Segmentos: 299
   📏 Distância: 3.060 km (city: 3.060, highway: 0.000)
   ⛽ Combustível: 48.384 l
   🏭 CO2 real: 111766.0 g
   🎯 CO2 meta: 589.0 g
   📊 Delta: -111177.0 g
   💰 Valor E1: R$ -5.5588
   🧭 Tentativas map matching: 0

   🔑 OFFSET DETERMINÍSTICO (x=0.015588008218550794°, y=-0.003751687789238233°, max=2.0km):
   📍 Start Original:  (40.775644, -73.960687)
   🔒 Start Protegido: (40.791232, -73.964439) ✓ 1.76 km | ⚠ SEM MAP MATCHING
   📏 Deslocamento final: 1763.8 metros
   📍 End Original:    (40.774198, -73.961141)
   🔒 End Protegido:   (40.789786, -73.964893) ✓ 1.76 km | ⚠ SEM MAP MATCHING
   📏 Deslocamento final: 1763.8 metros

   📐 ANÁLISE DE DISTÂNCIA DO TRAJETO (HAVERSINE DOS PONTOS ARMAZENADOS):
   🔢 Pontos unicos original/offset: 299/299 (Δ +0, +0.0% )
   📍 Trajeto original: 3.053 km (linha reta entre pontos GPS)
   🔒 Trajeto com offset: 3.052 km (linha reta entre pontos COM snap)
   📊 Diferença: -0.000 km (-0.0%)

======================================================================
📊 ESTATÍSTICAS FINAIS
======================================================================
Viagens processadas: 1
Distância total: 3.06 km
Combustível total: 48.38 l
CO2 real total: 111766.0 g
CO2 meta total: 589.0 g
Delta CO2: -111177.0 g
Valor E1 total: R$ -5.56

💰 Créditos: R$ 0.00
💸 Débitos: R$ 5.56
📈 Saldo líquido: R$ -5.56
======================================================================

💾 Dados agregados salvos em: ../data/offset_batch/vehicles_step_sim_3/run_029.csv
[csv-worker_3] [vehicles_step_sim_3] ===== LOG RUN 029 FIM =====

[csv-worker_3] [vehicles_step_sim_3] ===== LOG RUN 030 INICIO =====
======================================================================
🚗 PROCESSAMENTO SUMO → E1 REGISTRY (OFFSET ALEATÓRIO - veh0)
======================================================================
📄 Entrada: ../data/vehicles_step_sim_3.csv
🏭 Consumo fabricante: 12.0 km/l
💰 Preço carbono: R$ 50.0/ton
⭕ Raio máximo do offset aleatório: 2.0 km
🎲 Offset gerado aleatoriamente:
   Ângulo: 186.7°
   Distância: 0.2472 km
   offset_x (lat): -0.002205°  |  offset_y (lon): -0.000258°
📊 Row stepping: Processando todas as linhas
🗺️  Map matching: DESATIVADO
📐 Cálculo de distância: HAVERSINE PURO dos pontos COM snap (consistência)
======================================================================

📊 Carregando dados SUMO...
   Total de registros no arquivo: 324
   Veículos únicos: 1
   🚙 Vehicle selecionado: carro_1000

🔄 Agregando viagens por vehicle_id...
  📐 SUMO_carro_1000: Calculando distâncias com Haversine direto (SEM routing API)
      Original: 299 pontos → 3.0526 km (Haversine)
      Offset:   299 pontos → 3.0530 km (Haversine)

🚙 Veículo: SUMO_carro_1000
   Modelo: HBEFA4/PC_petrol_Euro-6ab
   Segmentos: 299
   📏 Distância: 3.060 km (city: 3.060, highway: 0.000)
   ⛽ Combustível: 48.384 l
   🏭 CO2 real: 111766.0 g
   🎯 CO2 meta: 589.0 g
   📊 Delta: -111177.0 g
   💰 Valor E1: R$ -5.5588
   🧭 Tentativas map matching: 0

   🔑 OFFSET DETERMINÍSTICO (x=-0.015922543951316287°, y=0.0007313781890364132°, max=2.0km):
   📍 Start Original:  (40.775644, -73.960687)
   🔒 Start Protegido: (40.759721, -73.959956) ✓ 1.77 km | ⚠ SEM MAP MATCHING
   📏 Deslocamento final: 1773.6 metros
   📍 End Original:    (40.774198, -73.961141)
   🔒 End Protegido:   (40.758276, -73.960410) ✓ 1.77 km | ⚠ SEM MAP MATCHING
   📏 Deslocamento final: 1773.6 metros

   📐 ANÁLISE DE DISTÂNCIA DO TRAJETO (HAVERSINE DOS PONTOS ARMAZENADOS):
   🔢 Pontos unicos original/offset: 299/299 (Δ +0, +0.0% )
   📍 Trajeto original: 3.053 km (linha reta entre pontos GPS)
   🔒 Trajeto com offset: 3.053 km (linha reta entre pontos COM snap)
   📊 Diferença: +0.000 km (+0.0%)

======================================================================
📊 ESTATÍSTICAS FINAIS
======================================================================
Viagens processadas: 1
Distância total: 3.06 km
Combustível total: 48.38 l
CO2 real total: 111766.0 g
CO2 meta total: 589.0 g
Delta CO2: -111177.0 g
Valor E1 total: R$ -5.56

💰 Créditos: R$ 0.00
💸 Débitos: R$ 5.56
📈 Saldo líquido: R$ -5.56
======================================================================

💾 Dados agregados salvos em: ../data/offset_batch/vehicles_step_sim_3/run_030.csv
[csv-worker_3] [vehicles_step_sim_3] ===== LOG RUN 030 FIM =====

[csv-worker_3] [vehicles_step_sim_3] ===== LOG RUN 031 INICIO =====
======================================================================
🚗 PROCESSAMENTO SUMO → E1 REGISTRY (OFFSET ALEATÓRIO - veh0)
======================================================================
📄 Entrada: ../data/vehicles_step_sim_3.csv
🏭 Consumo fabricante: 12.0 km/l
💰 Preço carbono: R$ 50.0/ton
⭕ Raio máximo do offset aleatório: 2.0 km
🎲 Offset gerado aleatoriamente:
   Ângulo: 90.1°
   Distância: 1.2252 km
   offset_x (lat): -0.000027°  |  offset_y (lon): 0.011006°
📊 Row stepping: Processando todas as linhas
🗺️  Map matching: DESATIVADO
📐 Cálculo de distância: HAVERSINE PURO dos pontos COM snap (consistência)
======================================================================

📊 Carregando dados SUMO...
   Total de registros no arquivo: 324
   Veículos únicos: 1
   🚙 Vehicle selecionado: carro_1000

🔄 Agregando viagens por vehicle_id...
  📐 SUMO_carro_1000: Calculando distâncias com Haversine direto (SEM routing API)
      Original: 337 pontos → 3.3706 km (Haversine)
      Offset:   337 pontos → 3.3708 km (Haversine)

🚙 Veículo: SUMO_carro_1000
   Modelo: HBEFA4/PC_petrol_Euro-6ab
   Segmentos: 337
   📏 Distância: 3.379 km (city: 3.069, highway: 0.310)
   ⛽ Combustível: 58.616 l
   🏭 CO2 real: 135402.3 g
   🎯 CO2 meta: 650.5 g
   📊 Delta: -134751.8 g
   💰 Valor E1: R$ -6.7376
   🧭 Tentativas map matching: 0

   🔑 OFFSET DETERMINÍSTICO (x=-0.008567091198482764°, y=0.008926873398072431°, max=2.0km):
   📍 Start Original:  (40.775644, -73.960687)
   🔒 Start Protegido: (40.767077, -73.951760) ✓ 1.21 km | ⚠ SEM MAP MATCHING
   📏 Deslocamento final: 1214.8 metros
   📍 End Original:    (40.774801, -73.960637)
   🔒 End Protegido:   (40.766234, -73.951710) ✓ 1.21 km | ⚠ SEM MAP MATCHING
   📏 Deslocamento final: 1214.8 metros

   📐 ANÁLISE DE DISTÂNCIA DO TRAJETO (HAVERSINE DOS PONTOS ARMAZENADOS):
   🔢 Pontos unicos original/offset: 337/337 (Δ +0, +0.0% )
   📍 Trajeto original: 3.371 km (linha reta entre pontos GPS)
   🔒 Trajeto com offset: 3.371 km (linha reta entre pontos COM snap)
   📊 Diferença: +0.000 km (+0.0%)

======================================================================
📊 ESTATÍSTICAS FINAIS
======================================================================
Viagens processadas: 1
Distância total: 3.38 km
Combustível total: 58.62 l
CO2 real total: 135402.3 g
CO2 meta total: 650.5 g
Delta CO2: -134751.8 g
Valor E1 total: R$ -6.74

💰 Créditos: R$ 0.00
💸 Débitos: R$ 6.74
📈 Saldo líquido: R$ -6.74
======================================================================

💾 Dados agregados salvos em: ../data/offset_batch/vehicles_step_sim_3/run_031.csv
[csv-worker_3] [vehicles_step_sim_3] ===== LOG RUN 031 FIM =====

[csv-worker_3] [vehicles_step_sim_3] ===== LOG RUN 032 INICIO =====
======================================================================
🚗 PROCESSAMENTO SUMO → E1 REGISTRY (OFFSET ALEATÓRIO - veh0)
======================================================================
📄 Entrada: ../data/vehicles_step_sim_3.csv
🏭 Consumo fabricante: 12.0 km/l
💰 Preço carbono: R$ 50.0/ton
⭕ Raio máximo do offset aleatório: 2.0 km
🎲 Offset gerado aleatoriamente:
   Ângulo: 176.4°
   Distância: 1.5607 km
   offset_x (lat): -0.013993°  |  offset_y (lon): 0.000871°
📊 Row stepping: Processando todas as linhas
🗺️  Map matching: DESATIVADO
📐 Cálculo de distância: HAVERSINE PURO dos pontos COM snap (consistência)
======================================================================

📊 Carregando dados SUMO...
   Total de registros no arquivo: 324
   Veículos únicos: 1
   🚙 Vehicle selecionado: carro_1000

🔄 Agregando viagens por vehicle_id...
  📐 SUMO_carro_1000: Calculando distâncias com Haversine direto (SEM routing API)
      Original: 155 pontos → 1.4242 km (Haversine)
      Offset:   155 pontos → 1.4243 km (Haversine)

🚙 Veículo: SUMO_carro_1000
   Modelo: HBEFA4/PC_petrol_Euro-6ab
   Segmentos: 155
   📏 Distância: 1.424 km (city: 1.424, highway: 0.000)
   ⛽ Combustível: 10.127 l
   🏭 CO2 real: 23393.7 g
   🎯 CO2 meta: 274.2 g
   📊 Delta: -23119.5 g
   💰 Valor E1: R$ -1.1560
   🧭 Tentativas map matching: 0

   🔑 OFFSET DETERMINÍSTICO (x=-0.010919448989881416°, y=0.013316591207562302°, max=2.0km):
   📍 Start Original:  (40.775644, -73.960687)
   🔒 Start Protegido: (40.764724, -73.947370) ✓ 1.65 km | ⚠ SEM MAP MATCHING
   📏 Deslocamento final: 1654.6 metros
   📍 End Original:    (40.775671, -73.960433)
   🔒 End Protegido:   (40.764752, -73.947117) ✓ 1.65 km | ⚠ SEM MAP MATCHING
   📏 Deslocamento final: 1654.6 metros

   📐 ANÁLISE DE DISTÂNCIA DO TRAJETO (HAVERSINE DOS PONTOS ARMAZENADOS):
   🔢 Pontos unicos original/offset: 155/155 (Δ +0, +0.0% )
   📍 Trajeto original: 1.424 km (linha reta entre pontos GPS)
   🔒 Trajeto com offset: 1.424 km (linha reta entre pontos COM snap)
   📊 Diferença: +0.000 km (+0.0%)

======================================================================
📊 ESTATÍSTICAS FINAIS
======================================================================
Viagens processadas: 1
Distância total: 1.42 km
Combustível total: 10.13 l
CO2 real total: 23393.7 g
CO2 meta total: 274.2 g
Delta CO2: -23119.5 g
Valor E1 total: R$ -1.16

💰 Créditos: R$ 0.00
💸 Débitos: R$ 1.16
📈 Saldo líquido: R$ -1.16
======================================================================

💾 Dados agregados salvos em: ../data/offset_batch/vehicles_step_sim_3/run_032.csv
[csv-worker_3] [vehicles_step_sim_3] ===== LOG RUN 032 FIM =====

[csv-worker_3] [vehicles_step_sim_3] ===== LOG RUN 033 INICIO =====
======================================================================
🚗 PROCESSAMENTO SUMO → E1 REGISTRY (OFFSET ALEATÓRIO - veh0)
======================================================================
📄 Entrada: ../data/vehicles_step_sim_3.csv
🏭 Consumo fabricante: 12.0 km/l
💰 Preço carbono: R$ 50.0/ton
⭕ Raio máximo do offset aleatório: 2.0 km
🎲 Offset gerado aleatoriamente:
   Ângulo: 335.1°
   Distância: 1.4998 km
   offset_x (lat): 0.012219°  |  offset_y (lon): -0.005676°
📊 Row stepping: Processando todas as linhas
🗺️  Map matching: DESATIVADO
📐 Cálculo de distância: HAVERSINE PURO dos pontos COM snap (consistência)
======================================================================

📊 Carregando dados SUMO...
   Total de registros no arquivo: 324
   Veículos únicos: 1
   🚙 Vehicle selecionado: carro_1000

🔄 Agregando viagens por vehicle_id...
  📐 SUMO_carro_1000: Calculando distâncias com Haversine direto (SEM routing API)
      Original: 131 pontos → 1.4055 km (Haversine)
      Offset:   131 pontos → 1.4054 km (Haversine)

🚙 Veículo: SUMO_carro_1000
   Modelo: HBEFA4/PC_petrol_Euro-6ab
   Segmentos: 131
   📏 Distância: 1.410 km (city: 1.410, highway: 0.000)
   ⛽ Combustível: 12.456 l
   🏭 CO2 real: 28774.3 g
   🎯 CO2 meta: 271.4 g
   📊 Delta: -28502.9 g
   💰 Valor E1: R$ -1.4251
   🧭 Tentativas map matching: 0

   🔑 OFFSET DETERMINÍSTICO (x=0.005834143505809126°, y=0.0008668984828315909°, max=2.0km):
   📍 Start Original:  (40.775644, -73.960687)
   🔒 Start Protegido: (40.781478, -73.959820) ✓ 0.65 km | ⚠ SEM MAP MATCHING
   📏 Deslocamento final: 653.6 metros
   📍 End Original:    (40.772974, -73.962198)
   🔒 End Protegido:   (40.778808, -73.961332) ✓ 0.65 km | ⚠ SEM MAP MATCHING
   📏 Deslocamento final: 653.6 metros

   📐 ANÁLISE DE DISTÂNCIA DO TRAJETO (HAVERSINE DOS PONTOS ARMAZENADOS):
   🔢 Pontos unicos original/offset: 130/130 (Δ +0, +0.0% )
   📍 Trajeto original: 1.405 km (linha reta entre pontos GPS)
   🔒 Trajeto com offset: 1.405 km (linha reta entre pontos COM snap)
   📊 Diferença: -0.000 km (-0.0%)

======================================================================
📊 ESTATÍSTICAS FINAIS
======================================================================
Viagens processadas: 1
Distância total: 1.41 km
Combustível total: 12.46 l
CO2 real total: 28774.3 g
CO2 meta total: 271.4 g
Delta CO2: -28502.9 g
Valor E1 total: R$ -1.43

💰 Créditos: R$ 0.00
💸 Débitos: R$ 1.43
📈 Saldo líquido: R$ -1.43
======================================================================

💾 Dados agregados salvos em: ../data/offset_batch/vehicles_step_sim_3/run_033.csv
[csv-worker_3] [vehicles_step_sim_3] ===== LOG RUN 033 FIM =====

[csv-worker_3] [vehicles_step_sim_3] ===== LOG RUN 034 INICIO =====
======================================================================
🚗 PROCESSAMENTO SUMO → E1 REGISTRY (OFFSET ALEATÓRIO - veh0)
======================================================================
📄 Entrada: ../data/vehicles_step_sim_3.csv
🏭 Consumo fabricante: 12.0 km/l
💰 Preço carbono: R$ 50.0/ton
⭕ Raio máximo do offset aleatório: 2.0 km
🎲 Offset gerado aleatoriamente:
   Ângulo: 239.3°
   Distância: 0.9194 km
   offset_x (lat): -0.004215°  |  offset_y (lon): -0.007102°
📊 Row stepping: Processando todas as linhas
🗺️  Map matching: DESATIVADO
📐 Cálculo de distância: HAVERSINE PURO dos pontos COM snap (consistência)
======================================================================

📊 Carregando dados SUMO...
   Total de registros no arquivo: 324
   Veículos únicos: 1
   🚙 Vehicle selecionado: carro_1000

🔄 Agregando viagens por vehicle_id...
  📐 SUMO_carro_1000: Calculando distâncias com Haversine direto (SEM routing API)
      Original: 155 pontos → 1.4242 km (Haversine)
      Offset:   155 pontos → 1.4242 km (Haversine)

🚙 Veículo: SUMO_carro_1000
   Modelo: HBEFA4/PC_petrol_Euro-6ab
   Segmentos: 155
   📏 Distância: 1.424 km (city: 1.424, highway: 0.000)
   ⛽ Combustível: 10.127 l
   🏭 CO2 real: 23393.7 g
   🎯 CO2 meta: 274.2 g
   📊 Delta: -23119.5 g
   💰 Valor E1: R$ -1.1560
   🧭 Tentativas map matching: 0

   🔑 OFFSET DETERMINÍSTICO (x=0.003668510393000352°, y=-0.002632789497841993°, max=2.0km):
   📍 Start Original:  (40.775644, -73.960687)
   🔒 Start Protegido: (40.779312, -73.963320) ✓ 0.46 km | ⚠ SEM MAP MATCHING
   📏 Deslocamento final: 464.8 metros
   📍 End Original:    (40.775671, -73.960433)
   🔒 End Protegido:   (40.779340, -73.963066) ✓ 0.46 km | ⚠ SEM MAP MATCHING
   📏 Deslocamento final: 464.8 metros

   📐 ANÁLISE DE DISTÂNCIA DO TRAJETO (HAVERSINE DOS PONTOS ARMAZENADOS):
   🔢 Pontos unicos original/offset: 155/155 (Δ +0, +0.0% )
   📍 Trajeto original: 1.424 km (linha reta entre pontos GPS)
   🔒 Trajeto com offset: 1.424 km (linha reta entre pontos COM snap)
   📊 Diferença: -0.000 km (-0.0%)

======================================================================
📊 ESTATÍSTICAS FINAIS
======================================================================
Viagens processadas: 1
Distância total: 1.42 km
Combustível total: 10.13 l
CO2 real total: 23393.7 g
CO2 meta total: 274.2 g
Delta CO2: -23119.5 g
Valor E1 total: R$ -1.16

💰 Créditos: R$ 0.00
💸 Débitos: R$ 1.16
📈 Saldo líquido: R$ -1.16
======================================================================

💾 Dados agregados salvos em: ../data/offset_batch/vehicles_step_sim_3/run_034.csv
[csv-worker_3] [vehicles_step_sim_3] ===== LOG RUN 034 FIM =====

[csv-worker_3] [vehicles_step_sim_3] ===== LOG RUN 035 INICIO =====
======================================================================
🚗 PROCESSAMENTO SUMO → E1 REGISTRY (OFFSET ALEATÓRIO - veh0)
======================================================================
📄 Entrada: ../data/vehicles_step_sim_3.csv
🏭 Consumo fabricante: 12.0 km/l
💰 Preço carbono: R$ 50.0/ton
⭕ Raio máximo do offset aleatório: 2.0 km
🎲 Offset gerado aleatoriamente:
   Ângulo: 272.0°
   Distância: 0.6786 km
   offset_x (lat): 0.000216°  |  offset_y (lon): -0.006092°
📊 Row stepping: Processando todas as linhas
🗺️  Map matching: DESATIVADO
📐 Cálculo de distância: HAVERSINE PURO dos pontos COM snap (consistência)
======================================================================

📊 Carregando dados SUMO...
   Total de registros no arquivo: 324
   Veículos únicos: 1
   🚙 Vehicle selecionado: carro_1000

🔄 Agregando viagens por vehicle_id...
  📐 SUMO_carro_1000: Calculando distâncias com Haversine direto (SEM routing API)
      Original: 155 pontos → 1.4242 km (Haversine)
      Offset:   155 pontos → 1.4244 km (Haversine)

🚙 Veículo: SUMO_carro_1000
   Modelo: HBEFA4/PC_petrol_Euro-6ab
   Segmentos: 155
   📏 Distância: 1.424 km (city: 1.424, highway: 0.000)
   ⛽ Combustível: 10.127 l
   🏭 CO2 real: 23393.7 g
   🎯 CO2 meta: 274.2 g
   📊 Delta: -23119.5 g
   💰 Valor E1: R$ -1.1560
   🧭 Tentativas map matching: 0

   🔑 OFFSET DETERMINÍSTICO (x=-0.013911473468808543°, y=-0.007544005132532093°, max=2.0km):
   📍 Start Original:  (40.775644, -73.960687)
   🔒 Start Protegido: (40.761732, -73.968231) ✓ 1.67 km | ⚠ SEM MAP MATCHING
   📏 Deslocamento final: 1674.1 metros
   📍 End Original:    (40.775671, -73.960433)
   🔒 End Protegido:   (40.761760, -73.967977) ✓ 1.67 km | ⚠ SEM MAP MATCHING
   📏 Deslocamento final: 1674.1 metros

   📐 ANÁLISE DE DISTÂNCIA DO TRAJETO (HAVERSINE DOS PONTOS ARMAZENADOS):
   🔢 Pontos unicos original/offset: 155/155 (Δ +0, +0.0% )
   📍 Trajeto original: 1.424 km (linha reta entre pontos GPS)
   🔒 Trajeto com offset: 1.424 km (linha reta entre pontos COM snap)
   📊 Diferença: +0.000 km (+0.0%)

======================================================================
📊 ESTATÍSTICAS FINAIS
======================================================================
Viagens processadas: 1
Distância total: 1.42 km
Combustível total: 10.13 l
CO2 real total: 23393.7 g
CO2 meta total: 274.2 g
Delta CO2: -23119.5 g
Valor E1 total: R$ -1.16

💰 Créditos: R$ 0.00
💸 Débitos: R$ 1.16
📈 Saldo líquido: R$ -1.16
======================================================================

💾 Dados agregados salvos em: ../data/offset_batch/vehicles_step_sim_3/run_035.csv
[csv-worker_3] [vehicles_step_sim_3] ===== LOG RUN 035 FIM =====

[csv-worker_3] [vehicles_step_sim_3] ===== LOG RUN 036 INICIO =====
======================================================================
🚗 PROCESSAMENTO SUMO → E1 REGISTRY (OFFSET ALEATÓRIO - veh0)
======================================================================
📄 Entrada: ../data/vehicles_step_sim_3.csv
🏭 Consumo fabricante: 12.0 km/l
💰 Preço carbono: R$ 50.0/ton
⭕ Raio máximo do offset aleatório: 2.0 km
🎲 Offset gerado aleatoriamente:
   Ângulo: 151.7°
   Distância: 1.2492 km
   offset_x (lat): -0.009883°  |  offset_y (lon): 0.005316°
📊 Row stepping: Processando todas as linhas
🗺️  Map matching: DESATIVADO
📐 Cálculo de distância: HAVERSINE PURO dos pontos COM snap (consistência)
======================================================================

📊 Carregando dados SUMO...
   Total de registros no arquivo: 324
   Veículos únicos: 1
   🚙 Vehicle selecionado: carro_1000

🔄 Agregando viagens por vehicle_id...
  📐 SUMO_carro_1000: Calculando distâncias com Haversine direto (SEM routing API)
      Original: 155 pontos → 1.4242 km (Haversine)
      Offset:   155 pontos → 1.4244 km (Haversine)

🚙 Veículo: SUMO_carro_1000
   Modelo: HBEFA4/PC_petrol_Euro-6ab
   Segmentos: 155
   📏 Distância: 1.424 km (city: 1.424, highway: 0.000)
   ⛽ Combustível: 10.127 l
   🏭 CO2 real: 23393.7 g
   🎯 CO2 meta: 274.2 g
   📊 Delta: -23119.5 g
   💰 Valor E1: R$ -1.1560
   🧭 Tentativas map matching: 0

   🔑 OFFSET DETERMINÍSTICO (x=-0.01647354096565605°, y=0.006992646904589469°, max=2.0km):
   📍 Start Original:  (40.775644, -73.960687)
   🔒 Start Protegido: (40.759170, -73.953694) ✓ 1.93 km | ⚠ SEM MAP MATCHING
   📏 Deslocamento final: 1926.2 metros
   📍 End Original:    (40.775671, -73.960433)
   🔒 End Protegido:   (40.759198, -73.953441) ✓ 1.93 km | ⚠ SEM MAP MATCHING
   📏 Deslocamento final: 1926.2 metros

   📐 ANÁLISE DE DISTÂNCIA DO TRAJETO (HAVERSINE DOS PONTOS ARMAZENADOS):
   🔢 Pontos unicos original/offset: 155/155 (Δ +0, +0.0% )
   📍 Trajeto original: 1.424 km (linha reta entre pontos GPS)
   🔒 Trajeto com offset: 1.424 km (linha reta entre pontos COM snap)
   📊 Diferença: +0.000 km (+0.0%)

======================================================================
📊 ESTATÍSTICAS FINAIS
======================================================================
Viagens processadas: 1
Distância total: 1.42 km
Combustível total: 10.13 l
CO2 real total: 23393.7 g
CO2 meta total: 274.2 g
Delta CO2: -23119.5 g
Valor E1 total: R$ -1.16

💰 Créditos: R$ 0.00
💸 Débitos: R$ 1.16
📈 Saldo líquido: R$ -1.16
======================================================================

💾 Dados agregados salvos em: ../data/offset_batch/vehicles_step_sim_3/run_036.csv
[csv-worker_3] [vehicles_step_sim_3] ===== LOG RUN 036 FIM =====

[csv-worker_3] [vehicles_step_sim_3] ===== LOG RUN 037 INICIO =====
======================================================================
🚗 PROCESSAMENTO SUMO → E1 REGISTRY (OFFSET ALEATÓRIO - veh0)
======================================================================
📄 Entrada: ../data/vehicles_step_sim_3.csv
🏭 Consumo fabricante: 12.0 km/l
💰 Preço carbono: R$ 50.0/ton
⭕ Raio máximo do offset aleatório: 2.0 km
🎲 Offset gerado aleatoriamente:
   Ângulo: 118.0°
   Distância: 1.0954 km
   offset_x (lat): -0.004621°  |  offset_y (lon): 0.008688°
📊 Row stepping: Processando todas as linhas
🗺️  Map matching: DESATIVADO
📐 Cálculo de distância: HAVERSINE PURO dos pontos COM snap (consistência)
======================================================================

📊 Carregando dados SUMO...
   Total de registros no arquivo: 155
   Veículos únicos: 1
   🚙 Vehicle selecionado: carro_1000

🔄 Agregando viagens por vehicle_id...
   Total de registros no arquivo: 324
   Veículos únicos: 1
   🚙 Vehicle selecionado: carro_1000

🔄 Agregando viagens por vehicle_id...
  📐 SUMO_carro_1000: Calculando distâncias com Haversine direto (SEM routing API)
      Original: 301 pontos → 3.1480 km (Haversine)
      Offset:   301 pontos → 3.1480 km (Haversine)

🚙 Veículo: SUMO_carro_1000
   Modelo: HBEFA4/PC_petrol_Euro-6ab
   Segmentos: 301
   📏 Distância: 3.159 km (city: 3.020, highway: 0.139)
   ⛽ Combustível: 51.224 l
   🏭 CO2 real: 118326.7 g
   🎯 CO2 meta: 608.1 g
   📊 Delta: -117718.6 g
   💰 Valor E1: R$ -5.8859
   🧭 Tentativas map matching: 0

   🔑 OFFSET DETERMINÍSTICO (x=-0.0009408873274412503°, y=-0.012327089598059582°, max=2.0km):
   📍 Start Original:  (40.775644, -73.960687)
   🔒 Start Protegido: (40.774703, -73.973014) ✓ 1.04 km | ⚠ SEM MAP MATCHING
   📏 Deslocamento final: 1044.4 metros
   📍 End Original:    (40.771236, -73.963813)
   🔒 End Protegido:   (40.770295, -73.976140) ✓ 1.04 km | ⚠ SEM MAP MATCHING
   📏 Deslocamento final: 1044.5 metros

   📐 ANÁLISE DE DISTÂNCIA DO TRAJETO (HAVERSINE DOS PONTOS ARMAZENADOS):
   🔢 Pontos unicos original/offset: 301/301 (Δ +0, +0.0% )
   📍 Trajeto original: 3.148 km (linha reta entre pontos GPS)
   🔒 Trajeto com offset: 3.148 km (linha reta entre pontos COM snap)
   📊 Diferença: +0.000 km (+0.0%)

======================================================================
📊 ESTATÍSTICAS FINAIS
======================================================================
Viagens processadas: 1
Distância total: 3.16 km
Combustível total: 51.22 l
CO2 real total: 118326.7 g
CO2 meta total: 608.1 g
Delta CO2: -117718.6 g
Valor E1 total: R$ -5.89

💰 Créditos: R$ 0.00
💸 Débitos: R$ 5.89
📈 Saldo líquido: R$ -5.89
======================================================================

💾 Dados agregados salvos em: ../data/offset_batch/vehicles_step_sim_3/run_037.csv
[csv-worker_3] [vehicles_step_sim_3] ===== LOG RUN 037 FIM =====

[csv-worker_3] [vehicles_step_sim_3] ===== LOG RUN 038 INICIO =====
======================================================================
🚗 PROCESSAMENTO SUMO → E1 REGISTRY (OFFSET ALEATÓRIO - veh0)
======================================================================
📄 Entrada: ../data/vehicles_step_sim_3.csv
🏭 Consumo fabricante: 12.0 km/l
💰 Preço carbono: R$ 50.0/ton
⭕ Raio máximo do offset aleatório: 2.0 km
🎲 Offset gerado aleatoriamente:
   Ângulo: 44.4°
   Distância: 0.1554 km
   offset_x (lat): 0.000998°  |  offset_y (lon): 0.000977°
📊 Row stepping: Processando todas as linhas
🗺️  Map matching: DESATIVADO
📐 Cálculo de distância: HAVERSINE PURO dos pontos COM snap (consistência)
======================================================================

📊 Carregando dados SUMO...
   Total de registros no arquivo: 324
   Veículos únicos: 1
   🚙 Vehicle selecionado: carro_1000

🔄 Agregando viagens por vehicle_id...
  📐 SUMO_carro_1000: Calculando distâncias com Haversine direto (SEM routing API)
      Original: 131 pontos → 1.4055 km (Haversine)
      Offset:   131 pontos → 1.4057 km (Haversine)

🚙 Veículo: SUMO_carro_1000
   Modelo: HBEFA4/PC_petrol_Euro-6ab
   Segmentos: 131
   📏 Distância: 1.410 km (city: 1.410, highway: 0.000)
   ⛽ Combustível: 12.456 l
   🏭 CO2 real: 28774.3 g
   🎯 CO2 meta: 271.4 g
   📊 Delta: -28502.9 g
   💰 Valor E1: R$ -1.4251
   🧭 Tentativas map matching: 0

   🔑 OFFSET DETERMINÍSTICO (x=-0.012878840561223317°, y=0.00647418166430396°, max=2.0km):
   📍 Start Original:  (40.775644, -73.960687)
   🔒 Start Protegido: (40.762765, -73.954213) ✓ 1.53 km | ⚠ SEM MAP MATCHING
   📏 Deslocamento final: 1534.0 metros
   📍 End Original:    (40.772974, -73.962198)
   🔒 End Protegido:   (40.760095, -73.955724) ✓ 1.53 km | ⚠ SEM MAP MATCHING
   📏 Deslocamento final: 1534.0 metros

   📐 ANÁLISE DE DISTÂNCIA DO TRAJETO (HAVERSINE DOS PONTOS ARMAZENADOS):
   🔢 Pontos unicos original/offset: 130/130 (Δ +0, +0.0% )
   📍 Trajeto original: 1.405 km (linha reta entre pontos GPS)
   🔒 Trajeto com offset: 1.406 km (linha reta entre pontos COM snap)
   📊 Diferença: +0.000 km (+0.0%)

======================================================================
📊 ESTATÍSTICAS FINAIS
======================================================================
Viagens processadas: 1
Distância total: 1.41 km
Combustível total: 12.46 l
CO2 real total: 28774.3 g
CO2 meta total: 271.4 g
Delta CO2: -28502.9 g
Valor E1 total: R$ -1.43

💰 Créditos: R$ 0.00
💸 Débitos: R$ 1.43
📈 Saldo líquido: R$ -1.43
======================================================================

💾 Dados agregados salvos em: ../data/offset_batch/vehicles_step_sim_3/run_038.csv
[csv-worker_3] [vehicles_step_sim_3] ===== LOG RUN 038 FIM =====

[csv-worker_3] [vehicles_step_sim_3] ===== LOG RUN 039 INICIO =====
======================================================================
🚗 PROCESSAMENTO SUMO → E1 REGISTRY (OFFSET ALEATÓRIO - veh0)
======================================================================
📄 Entrada: ../data/vehicles_step_sim_3.csv
🏭 Consumo fabricante: 12.0 km/l
💰 Preço carbono: R$ 50.0/ton
⭕ Raio máximo do offset aleatório: 2.0 km
🎲 Offset gerado aleatoriamente:
   Ângulo: 166.2°
   Distância: 0.9442 km
   offset_x (lat): -0.008236°  |  offset_y (lon): 0.002028°
📊 Row stepping: Processando todas as linhas
🗺️  Map matching: DESATIVADO
📐 Cálculo de distância: HAVERSINE PURO dos pontos COM snap (consistência)
======================================================================

📊 Carregando dados SUMO...
   Total de registros no arquivo: 324
   Veículos únicos: 1
   🚙 Vehicle selecionado: carro_1000

🔄 Agregando viagens por vehicle_id...
  📐 SUMO_carro_1000: Calculando distâncias com Haversine direto (SEM routing API)
      Original: 300 pontos → 3.1542 km (Haversine)
      Offset:   300 pontos → 3.1542 km (Haversine)

🚙 Veículo: SUMO_carro_1000
   Modelo: HBEFA4/PC_petrol_Euro-6ab
   Segmentos: 300
   📏 Distância: 3.158 km (city: 2.541, highway: 0.617)
   ⛽ Combustível: 49.984 l
   🏭 CO2 real: 115462.6 g
   🎯 CO2 meta: 608.0 g
   📊 Delta: -114854.6 g
   💰 Valor E1: R$ -5.7427
   🧭 Tentativas map matching: 0

   🔑 OFFSET DETERMINÍSTICO (x=-0.0023946694581039323°, y=-0.00494969108358751°, max=2.0km):
   📍 Start Original:  (40.775644, -73.960687)
   🔒 Start Protegido: (40.773249, -73.965637) ✓ 0.50 km | ⚠ SEM MAP MATCHING
   📏 Deslocamento final: 495.1 metros
   📍 End Original:    (40.773912, -73.961904)
   🔒 End Protegido:   (40.771518, -73.966853) ✓ 0.50 km | ⚠ SEM MAP MATCHING
   📏 Deslocamento final: 495.2 metros

   📐 ANÁLISE DE DISTÂNCIA DO TRAJETO (HAVERSINE DOS PONTOS ARMAZENADOS):
   🔢 Pontos unicos original/offset: 299/299 (Δ +0, +0.0% )
   📍 Trajeto original: 3.154 km (linha reta entre pontos GPS)
   🔒 Trajeto com offset: 3.154 km (linha reta entre pontos COM snap)
   📊 Diferença: +0.000 km (+0.0%)

======================================================================
📊 ESTATÍSTICAS FINAIS
======================================================================
Viagens processadas: 1
Distância total: 3.16 km
Combustível total: 49.98 l
CO2 real total: 115462.6 g
CO2 meta total: 608.0 g
Delta CO2: -114854.6 g
Valor E1 total: R$ -5.74

💰 Créditos: R$ 0.00
💸 Débitos: R$ 5.74
📈 Saldo líquido: R$ -5.74
======================================================================

💾 Dados agregados salvos em: ../data/offset_batch/vehicles_step_sim_3/run_039.csv
[csv-worker_3] [vehicles_step_sim_3] ===== LOG RUN 039 FIM =====

[csv-worker_3] [vehicles_step_sim_3] ===== LOG RUN 040 INICIO =====
======================================================================
🚗 PROCESSAMENTO SUMO → E1 REGISTRY (OFFSET ALEATÓRIO - veh0)
======================================================================
📄 Entrada: ../data/vehicles_step_sim_3.csv
🏭 Consumo fabricante: 12.0 km/l
💰 Preço carbono: R$ 50.0/ton
⭕ Raio máximo do offset aleatório: 2.0 km
🎲 Offset gerado aleatoriamente:
   Ângulo: 208.3°
   Distância: 1.9474 km
   offset_x (lat): -0.015403°  |  offset_y (lon): -0.008293°
📊 Row stepping: Processando todas as linhas
🗺️  Map matching: DESATIVADO
📐 Cálculo de distância: HAVERSINE PURO dos pontos COM snap (consistência)
======================================================================

📊 Carregando dados SUMO...
   Total de registros no arquivo: 324
   Veículos únicos: 1
   🚙 Vehicle selecionado: carro_1000

🔄 Agregando viagens por vehicle_id...
  📐 SUMO_carro_1000: Calculando distâncias com Haversine direto (SEM routing API)
      Original: 131 pontos → 1.4055 km (Haversine)
      Offset:   131 pontos → 1.4054 km (Haversine)

🚙 Veículo: SUMO_carro_1000
   Modelo: HBEFA4/PC_petrol_Euro-6ab
   Segmentos: 131
   📏 Distância: 1.410 km (city: 1.410, highway: 0.000)
   ⛽ Combustível: 12.456 l
   🏭 CO2 real: 28774.3 g
   🎯 CO2 meta: 271.4 g
   📊 Delta: -28502.9 g
   💰 Valor E1: R$ -1.4251
   🧭 Tentativas map matching: 0

   🔑 OFFSET DETERMINÍSTICO (x=0.009455010264381471°, y=0.013108643043264293°, max=2.0km):
   📍 Start Original:  (40.775644, -73.960687)
   🔒 Start Protegido: (40.785099, -73.947578) ✓ 1.53 km | ⚠ SEM MAP MATCHING
   📏 Deslocamento final: 1526.1 metros
   📍 End Original:    (40.772974, -73.962198)
   🔒 End Protegido:   (40.782429, -73.949090) ✓ 1.53 km | ⚠ SEM MAP MATCHING
   📏 Deslocamento final: 1526.1 metros

   📐 ANÁLISE DE DISTÂNCIA DO TRAJETO (HAVERSINE DOS PONTOS ARMAZENADOS):
   🔢 Pontos unicos original/offset: 130/130 (Δ +0, +0.0% )
   📍 Trajeto original: 1.405 km (linha reta entre pontos GPS)
   🔒 Trajeto com offset: 1.405 km (linha reta entre pontos COM snap)
   📊 Diferença: -0.000 km (-0.0%)

======================================================================
📊 ESTATÍSTICAS FINAIS
======================================================================
Viagens processadas: 1
Distância total: 1.41 km
Combustível total: 12.46 l
CO2 real total: 28774.3 g
CO2 meta total: 271.4 g
Delta CO2: -28502.9 g
Valor E1 total: R$ -1.43

💰 Créditos: R$ 0.00
💸 Débitos: R$ 1.43
📈 Saldo líquido: R$ -1.43
======================================================================

💾 Dados agregados salvos em: ../data/offset_batch/vehicles_step_sim_3/run_040.csv
[csv-worker_3] [vehicles_step_sim_3] ===== LOG RUN 040 FIM =====

[csv-worker_3] [vehicles_step_sim_3] ===== LOG RUN 041 INICIO =====
======================================================================
🚗 PROCESSAMENTO SUMO → E1 REGISTRY (OFFSET ALEATÓRIO - veh0)
======================================================================
📄 Entrada: ../data/vehicles_step_sim_3.csv
🏭 Consumo fabricante: 12.0 km/l
💰 Preço carbono: R$ 50.0/ton
⭕ Raio máximo do offset aleatório: 2.0 km
🎲 Offset gerado aleatoriamente:
   Ângulo: 352.2°
   Distância: 1.0268 km
   offset_x (lat): 0.009139°  |  offset_y (lon): -0.001253°
📊 Row stepping: Processando todas as linhas
🗺️  Map matching: DESATIVADO
📐 Cálculo de distância: HAVERSINE PURO dos pontos COM snap (consistência)
======================================================================

📊 Carregando dados SUMO...
   Total de registros no arquivo: 324
   Veículos únicos: 1
   🚙 Vehicle selecionado: carro_1000

🔄 Agregando viagens por vehicle_id...
  📐 SUMO_carro_1000: Calculando distâncias com Haversine direto (SEM routing API)
      Original: 299 pontos → 3.0526 km (Haversine)
      Offset:   299 pontos → 3.0524 km (Haversine)

🚙 Veículo: SUMO_carro_1000
   Modelo: HBEFA4/PC_petrol_Euro-6ab
   Segmentos: 299
   📏 Distância: 3.060 km (city: 3.060, highway: 0.000)
   ⛽ Combustível: 48.384 l
   🏭 CO2 real: 111766.0 g
   🎯 CO2 meta: 589.0 g
   📊 Delta: -111177.0 g
   💰 Valor E1: R$ -5.5588
   🧭 Tentativas map matching: 0

   🔑 OFFSET DETERMINÍSTICO (x=0.008017855168831462°, y=-0.0036978986624730875°, max=2.0km):
   📍 Start Original:  (40.775644, -73.960687)
   🔒 Start Protegido: (40.783661, -73.964385) ✓ 0.95 km | ⚠ SEM MAP MATCHING
   📏 Deslocamento final: 945.4 metros
   📍 End Original:    (40.774198, -73.961141)
   🔒 End Protegido:   (40.782216, -73.964839) ✓ 0.95 km | ⚠ SEM MAP MATCHING
   📏 Deslocamento final: 945.4 metros

   📐 ANÁLISE DE DISTÂNCIA DO TRAJETO (HAVERSINE DOS PONTOS ARMAZENADOS):
   🔢 Pontos unicos original/offset: 299/299 (Δ +0, +0.0% )
   📍 Trajeto original: 3.053 km (linha reta entre pontos GPS)
   🔒 Trajeto com offset: 3.052 km (linha reta entre pontos COM snap)
   📊 Diferença: -0.000 km (-0.0%)

======================================================================
📊 ESTATÍSTICAS FINAIS
======================================================================
Viagens processadas: 1
Distância total: 3.06 km
Combustível total: 48.38 l
CO2 real total: 111766.0 g
CO2 meta total: 589.0 g
Delta CO2: -111177.0 g
Valor E1 total: R$ -5.56

💰 Créditos: R$ 0.00
💸 Débitos: R$ 5.56
📈 Saldo líquido: R$ -5.56
======================================================================

💾 Dados agregados salvos em: ../data/offset_batch/vehicles_step_sim_3/run_041.csv
[csv-worker_3] [vehicles_step_sim_3] ===== LOG RUN 041 FIM =====

[csv-worker_3] [vehicles_step_sim_3] ===== LOG RUN 042 INICIO =====
======================================================================
🚗 PROCESSAMENTO SUMO → E1 REGISTRY (OFFSET ALEATÓRIO - veh0)
======================================================================
📄 Entrada: ../data/vehicles_step_sim_3.csv
🏭 Consumo fabricante: 12.0 km/l
💰 Preço carbono: R$ 50.0/ton
⭕ Raio máximo do offset aleatório: 2.0 km
🎲 Offset gerado aleatoriamente:
   Ângulo: 169.3°
   Distância: 1.5385 km
   offset_x (lat): -0.013581°  |  offset_y (lon): 0.002561°
📊 Row stepping: Processando todas as linhas
🗺️  Map matching: DESATIVADO
📐 Cálculo de distância: HAVERSINE PURO dos pontos COM snap (consistência)
======================================================================

📊 Carregando dados SUMO...
   Total de registros no arquivo: 324
   Veículos únicos: 1
   🚙 Vehicle selecionado: carro_1000

🔄 Agregando viagens por vehicle_id...
  📐 SUMO_carro_1000: Calculando distâncias com Haversine direto (SEM routing API)
      Original: 131 pontos → 1.4055 km (Haversine)
      Offset:   131 pontos → 1.4057 km (Haversine)

🚙 Veículo: SUMO_carro_1000
   Modelo: HBEFA4/PC_petrol_Euro-6ab
   Segmentos: 131
   📏 Distância: 1.410 km (city: 1.410, highway: 0.000)
   ⛽ Combustível: 12.456 l
   🏭 CO2 real: 28774.3 g
   🎯 CO2 meta: 271.4 g
   📊 Delta: -28502.9 g
   💰 Valor E1: R$ -1.4251
   🧭 Tentativas map matching: 0

   🔑 OFFSET DETERMINÍSTICO (x=-0.013397013876231779°, y=0.0042280421904264155°, max=2.0km):
   📍 Start Original:  (40.775644, -73.960687)
   🔒 Start Protegido: (40.762247, -73.956459) ✓ 1.53 km | ⚠ SEM MAP MATCHING
   📏 Deslocamento final: 1533.4 metros
   📍 End Original:    (40.772974, -73.962198)
   🔒 End Protegido:   (40.759577, -73.957970) ✓ 1.53 km | ⚠ SEM MAP MATCHING
   📏 Deslocamento final: 1533.4 metros

   📐 ANÁLISE DE DISTÂNCIA DO TRAJETO (HAVERSINE DOS PONTOS ARMAZENADOS):
   🔢 Pontos unicos original/offset: 130/130 (Δ +0, +0.0% )
   📍 Trajeto original: 1.405 km (linha reta entre pontos GPS)
   🔒 Trajeto com offset: 1.406 km (linha reta entre pontos COM snap)
   📊 Diferença: +0.000 km (+0.0%)

======================================================================
📊 ESTATÍSTICAS FINAIS
======================================================================
Viagens processadas: 1
Distância total: 1.41 km
Combustível total: 12.46 l
CO2 real total: 28774.3 g
CO2 meta total: 271.4 g
Delta CO2: -28502.9 g
Valor E1 total: R$ -1.43

💰 Créditos: R$ 0.00
💸 Débitos: R$ 1.43
📈 Saldo líquido: R$ -1.43
======================================================================

💾 Dados agregados salvos em: ../data/offset_batch/vehicles_step_sim_3/run_042.csv
[csv-worker_3] [vehicles_step_sim_3] ===== LOG RUN 042 FIM =====

[csv-worker_3] [vehicles_step_sim_3] ===== LOG RUN 043 INICIO =====
======================================================================
🚗 PROCESSAMENTO SUMO → E1 REGISTRY (OFFSET ALEATÓRIO - veh0)
======================================================================
📄 Entrada: ../data/vehicles_step_sim_3.csv
🏭 Consumo fabricante: 12.0 km/l
💰 Preço carbono: R$ 50.0/ton
⭕ Raio máximo do offset aleatório: 2.0 km
🎲 Offset gerado aleatoriamente:
   Ângulo: 22.5°
   Distância: 0.4602 km
   offset_x (lat): 0.003820°  |  offset_y (lon): 0.001579°
📊 Row stepping: Processando todas as linhas
🗺️  Map matching: DESATIVADO
📐 Cálculo de distância: HAVERSINE PURO dos pontos COM snap (consistência)
======================================================================

📊 Carregando dados SUMO...
   Total de registros no arquivo: 324
   Veículos únicos: 1
   🚙 Vehicle selecionado: carro_1000

🔄 Agregando viagens por vehicle_id...
  📐 SUMO_carro_1000: Calculando distâncias com Haversine direto (SEM routing API)
      Original: 299 pontos → 3.0526 km (Haversine)
      Offset:   299 pontos → 3.0528 km (Haversine)

🚙 Veículo: SUMO_carro_1000
   Modelo: HBEFA4/PC_petrol_Euro-6ab
   Segmentos: 299
   📏 Distância: 3.060 km (city: 3.060, highway: 0.000)
   ⛽ Combustível: 48.384 l
   🏭 CO2 real: 111766.0 g
   🎯 CO2 meta: 589.0 g
   📊 Delta: -111177.0 g
   💰 Valor E1: R$ -5.5588
   🧭 Tentativas map matching: 0

   🔑 OFFSET DETERMINÍSTICO (x=-0.008278818783235631°, y=-0.005037223681783832°, max=2.0km):
   📍 Start Original:  (40.775644, -73.960687)
   🔒 Start Protegido: (40.767365, -73.965724) ✓ 1.01 km | ⚠ SEM MAP MATCHING
   📏 Deslocamento final: 1014.7 metros
   📍 End Original:    (40.774198, -73.961141)
   🔒 End Protegido:   (40.765919, -73.966178) ✓ 1.01 km | ⚠ SEM MAP MATCHING
   📏 Deslocamento final: 1014.7 metros

   📐 ANÁLISE DE DISTÂNCIA DO TRAJETO (HAVERSINE DOS PONTOS ARMAZENADOS):
   🔢 Pontos unicos original/offset: 299/299 (Δ +0, +0.0% )
   📍 Trajeto original: 3.053 km (linha reta entre pontos GPS)
   🔒 Trajeto com offset: 3.053 km (linha reta entre pontos COM snap)
   📊 Diferença: +0.000 km (+0.0%)

======================================================================
📊 ESTATÍSTICAS FINAIS
======================================================================
Viagens processadas: 1
Distância total: 3.06 km
Combustível total: 48.38 l
CO2 real total: 111766.0 g
CO2 meta total: 589.0 g
Delta CO2: -111177.0 g
Valor E1 total: R$ -5.56

💰 Créditos: R$ 0.00
💸 Débitos: R$ 5.56
📈 Saldo líquido: R$ -5.56
======================================================================

💾 Dados agregados salvos em: ../data/offset_batch/vehicles_step_sim_3/run_043.csv
[csv-worker_3] [vehicles_step_sim_3] ===== LOG RUN 043 FIM =====

[csv-worker_3] [vehicles_step_sim_3] ===== LOG RUN 044 INICIO =====
======================================================================
🚗 PROCESSAMENTO SUMO → E1 REGISTRY (OFFSET ALEATÓRIO - veh0)
======================================================================
📄 Entrada: ../data/vehicles_step_sim_3.csv
🏭 Consumo fabricante: 12.0 km/l
💰 Preço carbono: R$ 50.0/ton
⭕ Raio máximo do offset aleatório: 2.0 km
🎲 Offset gerado aleatoriamente:
   Ângulo: 297.5°
   Distância: 0.9953 km
   offset_x (lat): 0.004135°  |  offset_y (lon): -0.007927°
📊 Row stepping: Processando todas as linhas
🗺️  Map matching: DESATIVADO
📐 Cálculo de distância: HAVERSINE PURO dos pontos COM snap (consistência)
======================================================================

📊 Carregando dados SUMO...
   Total de registros no arquivo: 324
   Veículos únicos: 1
   🚙 Vehicle selecionado: carro_1000

🔄 Agregando viagens por vehicle_id...
  📐 SUMO_carro_1000: Calculando distâncias com Haversine direto (SEM routing API)
      Original: 222 pontos → 1.9688 km (Haversine)
      Offset:   222 pontos → 1.9688 km (Haversine)

🚙 Veículo: SUMO_carro_1000
   Modelo: HBEFA4/PC_petrol_Euro-6ab
   Segmentos: 222
   📏 Distância: 1.973 km (city: 1.973, highway: 0.000)
   ⛽ Combustível: 24.219 l
   🏭 CO2 real: 55946.2 g
   🎯 CO2 meta: 379.8 g
   📊 Delta: -55566.4 g
   💰 Valor E1: R$ -2.7783
   🧭 Tentativas map matching: 0

   🔑 OFFSET DETERMINÍSTICO (x=-0.0037937022698199623°, y=-0.003330646917241827°, max=2.0km):
   📍 Start Original:  (40.775644, -73.960687)
   🔒 Start Protegido: (40.771850, -73.964018) ✓ 0.51 km | ⚠ SEM MAP MATCHING
   📏 Deslocamento final: 507.1 metros
   📍 End Original:    (40.772651, -73.962544)
   🔒 End Protegido:   (40.768857, -73.965875) ✓ 0.51 km | ⚠ SEM MAP MATCHING
   📏 Deslocamento final: 507.1 metros

   📐 ANÁLISE DE DISTÂNCIA DO TRAJETO (HAVERSINE DOS PONTOS ARMAZENADOS):
   🔢 Pontos unicos original/offset: 221/221 (Δ +0, +0.0% )
   📍 Trajeto original: 1.969 km (linha reta entre pontos GPS)
   🔒 Trajeto com offset: 1.969 km (linha reta entre pontos COM snap)
   📊 Diferença: +0.000 km (+0.0%)

======================================================================
📊 ESTATÍSTICAS FINAIS
======================================================================
Viagens processadas: 1
Distância total: 1.97 km
Combustível total: 24.22 l
CO2 real total: 55946.2 g
CO2 meta total: 379.8 g
Delta CO2: -55566.4 g
Valor E1 total: R$ -2.78

💰 Créditos: R$ 0.00
💸 Débitos: R$ 2.78
📈 Saldo líquido: R$ -2.78
======================================================================

💾 Dados agregados salvos em: ../data/offset_batch/vehicles_step_sim_3/run_044.csv
[csv-worker_3] [vehicles_step_sim_3] ===== LOG RUN 044 FIM =====

[csv-worker_3] [vehicles_step_sim_3] ===== LOG RUN 045 INICIO =====
======================================================================
🚗 PROCESSAMENTO SUMO → E1 REGISTRY (OFFSET ALEATÓRIO - veh0)
======================================================================
📄 Entrada: ../data/vehicles_step_sim_3.csv
🏭 Consumo fabricante: 12.0 km/l
💰 Preço carbono: R$ 50.0/ton
⭕ Raio máximo do offset aleatório: 2.0 km
🎲 Offset gerado aleatoriamente:
   Ângulo: 176.5°
   Distância: 1.3303 km
   offset_x (lat): -0.011929°  |  offset_y (lon): 0.000723°
📊 Row stepping: Processando todas as linhas
🗺️  Map matching: DESATIVADO
📐 Cálculo de distância: HAVERSINE PURO dos pontos COM snap (consistência)
======================================================================

📊 Carregando dados SUMO...
   Total de registros no arquivo: 324
   Veículos únicos: 1
   🚙 Vehicle selecionado: carro_1000

🔄 Agregando viagens por vehicle_id...
  📐 SUMO_carro_1000: Calculando distâncias com Haversine direto (SEM routing API)
      Original: 312 pontos → 3.1845 km (Haversine)
      Offset:   312 pontos → 3.1848 km (Haversine)

🚙 Veículo: SUMO_carro_1000
   Modelo: HBEFA4/PC_petrol_Euro-6ab
   Segmentos: 312
   📏 Distância: 3.190 km (city: 2.602, highway: 0.587)
   ⛽ Combustível: 54.577 l
   🏭 CO2 real: 126071.8 g
   🎯 CO2 meta: 614.1 g
   📊 Delta: -125457.8 g
   💰 Valor E1: R$ -6.2729
   🧭 Tentativas map matching: 0

   🔑 OFFSET DETERMINÍSTICO (x=-0.010743848425218343°, y=-0.007991213023067354°, max=2.0km):
   📍 Start Original:  (40.775644, -73.960687)
   🔒 Start Protegido: (40.764900, -73.968678) ✓ 1.37 km | ⚠ SEM MAP MATCHING
   📏 Deslocamento final: 1372.7 metros
   📍 End Original:    (40.771637, -73.963520)
   🔒 End Protegido:   (40.760893, -73.971512) ✓ 1.37 km | ⚠ SEM MAP MATCHING
   📏 Deslocamento final: 1372.7 metros

   📐 ANÁLISE DE DISTÂNCIA DO TRAJETO (HAVERSINE DOS PONTOS ARMAZENADOS):
   🔢 Pontos unicos original/offset: 312/312 (Δ +0, +0.0% )
   📍 Trajeto original: 3.185 km (linha reta entre pontos GPS)
   🔒 Trajeto com offset: 3.185 km (linha reta entre pontos COM snap)
   📊 Diferença: +0.000 km (+0.0%)

======================================================================
📊 ESTATÍSTICAS FINAIS
======================================================================
Viagens processadas: 1
Distância total: 3.19 km
Combustível total: 54.58 l
CO2 real total: 126071.8 g
CO2 meta total: 614.1 g
Delta CO2: -125457.8 g
Valor E1 total: R$ -6.27

💰 Créditos: R$ 0.00
💸 Débitos: R$ 6.27
📈 Saldo líquido: R$ -6.27
======================================================================

💾 Dados agregados salvos em: ../data/offset_batch/vehicles_step_sim_3/run_045.csv
[csv-worker_3] [vehicles_step_sim_3] ===== LOG RUN 045 FIM =====

[csv-worker_3] [vehicles_step_sim_3] ===== LOG RUN 046 INICIO =====
======================================================================
🚗 PROCESSAMENTO SUMO → E1 REGISTRY (OFFSET ALEATÓRIO - veh0)
======================================================================
📄 Entrada: ../data/vehicles_step_sim_3.csv
🏭 Consumo fabricante: 12.0 km/l
💰 Preço carbono: R$ 50.0/ton
⭕ Raio máximo do offset aleatório: 2.0 km
🎲 Offset gerado aleatoriamente:
   Ângulo: 326.5°
   Distância: 0.8482 km
   offset_x (lat): 0.006350°  |  offset_y (lon): -0.004211°
📊 Row stepping: Processando todas as linhas
🗺️  Map matching: DESATIVADO
📐 Cálculo de distância: HAVERSINE PURO dos pontos COM snap (consistência)
======================================================================

📊 Carregando dados SUMO...
   Total de registros no arquivo: 324
   Veículos únicos: 1
   🚙 Vehicle selecionado: carro_1000

🔄 Agregando viagens por vehicle_id...
  📐 SUMO_carro_1000: Calculando distâncias com Haversine direto (SEM routing API)
      Original: 222 pontos → 1.9688 km (Haversine)
      Offset:   222 pontos → 1.9688 km (Haversine)

🚙 Veículo: SUMO_carro_1000
   Modelo: HBEFA4/PC_petrol_Euro-6ab
   Segmentos: 222
   📏 Distância: 1.973 km (city: 1.973, highway: 0.000)
   ⛽ Combustível: 24.219 l
   🏭 CO2 real: 55946.2 g
   🎯 CO2 meta: 379.8 g
   📊 Delta: -55566.4 g
   💰 Valor E1: R$ -2.7783
   🧭 Tentativas map matching: 0

   🔑 OFFSET DETERMINÍSTICO (x=-0.002385590785013315°, y=-0.00582870310820677°, max=2.0km):
   📍 Start Original:  (40.775644, -73.960687)
   🔒 Start Protegido: (40.773258, -73.966516) ✓ 0.56 km | ⚠ SEM MAP MATCHING
   📏 Deslocamento final: 558.5 metros
   📍 End Original:    (40.772651, -73.962544)
   🔒 End Protegido:   (40.770266, -73.968373) ✓ 0.56 km | ⚠ SEM MAP MATCHING
   📏 Deslocamento final: 558.5 metros

   📐 ANÁLISE DE DISTÂNCIA DO TRAJETO (HAVERSINE DOS PONTOS ARMAZENADOS):
   🔢 Pontos unicos original/offset: 221/221 (Δ +0, +0.0% )
   📍 Trajeto original: 1.969 km (linha reta entre pontos GPS)
   🔒 Trajeto com offset: 1.969 km (linha reta entre pontos COM snap)
   📊 Diferença: +0.000 km (+0.0%)

======================================================================
📊 ESTATÍSTICAS FINAIS
======================================================================
Viagens processadas: 1
Distância total: 1.97 km
Combustível total: 24.22 l
CO2 real total: 55946.2 g
CO2 meta total: 379.8 g
Delta CO2: -55566.4 g
Valor E1 total: R$ -2.78

💰 Créditos: R$ 0.00
💸 Débitos: R$ 2.78
📈 Saldo líquido: R$ -2.78
======================================================================

💾 Dados agregados salvos em: ../data/offset_batch/vehicles_step_sim_3/run_046.csv
[csv-worker_3] [vehicles_step_sim_3] ===== LOG RUN 046 FIM =====

[csv-worker_3] [vehicles_step_sim_3] ===== LOG RUN 047 INICIO =====
======================================================================
🚗 PROCESSAMENTO SUMO → E1 REGISTRY (OFFSET ALEATÓRIO - veh0)
======================================================================
📄 Entrada: ../data/vehicles_step_sim_3.csv
🏭 Consumo fabricante: 12.0 km/l
💰 Preço carbono: R$ 50.0/ton
⭕ Raio máximo do offset aleatório: 2.0 km
🎲 Offset gerado aleatoriamente:
   Ângulo: 66.2°
   Distância: 1.8078 km
   offset_x (lat): 0.006547°  |  offset_y (lon): 0.014862°
📊 Row stepping: Processando todas as linhas
🗺️  Map matching: DESATIVADO
📐 Cálculo de distância: HAVERSINE PURO dos pontos COM snap (consistência)
======================================================================

📊 Carregando dados SUMO...
   Total de registros no arquivo: 324
   Veículos únicos: 1
   🚙 Vehicle selecionado: carro_1000

🔄 Agregando viagens por vehicle_id...
  📐 SUMO_carro_1000: Calculando distâncias com Haversine direto (SEM routing API)
      Original: 312 pontos → 3.1845 km (Haversine)
      Offset:   312 pontos → 3.1848 km (Haversine)

🚙 Veículo: SUMO_carro_1000
   Modelo: HBEFA4/PC_petrol_Euro-6ab
   Segmentos: 312
   📏 Distância: 3.190 km (city: 2.602, highway: 0.587)
   ⛽ Combustível: 54.577 l
   🏭 CO2 real: 126071.8 g
   🎯 CO2 meta: 614.1 g
   📊 Delta: -125457.8 g
   💰 Valor E1: R$ -6.2729
   🧭 Tentativas map matching: 0

   🔑 OFFSET DETERMINÍSTICO (x=-0.009065024766723566°, y=-0.005505966470297574°, max=2.0km):
   📍 Start Original:  (40.775644, -73.960687)
   🔒 Start Protegido: (40.766579, -73.966193) ✓ 1.11 km | ⚠ SEM MAP MATCHING
   📏 Deslocamento final: 1110.7 metros
   📍 End Original:    (40.771637, -73.963520)
   🔒 End Protegido:   (40.762572, -73.969026) ✓ 1.11 km | ⚠ SEM MAP MATCHING
   📏 Deslocamento final: 1110.8 metros

   📐 ANÁLISE DE DISTÂNCIA DO TRAJETO (HAVERSINE DOS PONTOS ARMAZENADOS):
   🔢 Pontos unicos original/offset: 312/312 (Δ +0, +0.0% )
   📍 Trajeto original: 3.185 km (linha reta entre pontos GPS)
   🔒 Trajeto com offset: 3.185 km (linha reta entre pontos COM snap)
   📊 Diferença: +0.000 km (+0.0%)

======================================================================
📊 ESTATÍSTICAS FINAIS
======================================================================
Viagens processadas: 1
Distância total: 3.19 km
Combustível total: 54.58 l
CO2 real total: 126071.8 g
CO2 meta total: 614.1 g
Delta CO2: -125457.8 g
Valor E1 total: R$ -6.27

💰 Créditos: R$ 0.00
💸 Débitos: R$ 6.27
📈 Saldo líquido: R$ -6.27
======================================================================

💾 Dados agregados salvos em: ../data/offset_batch/vehicles_step_sim_3/run_047.csv
[csv-worker_3] [vehicles_step_sim_3] ===== LOG RUN 047 FIM =====

[csv-worker_3] [vehicles_step_sim_3] ===== LOG RUN 048 INICIO =====
======================================================================
🚗 PROCESSAMENTO SUMO → E1 REGISTRY (OFFSET ALEATÓRIO - veh0)
======================================================================
📄 Entrada: ../data/vehicles_step_sim_3.csv
🏭 Consumo fabricante: 12.0 km/l
💰 Preço carbono: R$ 50.0/ton
⭕ Raio máximo do offset aleatório: 2.0 km
🎲 Offset gerado aleatoriamente:
   Ângulo: 24.3°
   Distância: 1.0479 km
   offset_x (lat): 0.008579°  |  offset_y (lon): 0.003874°
📊 Row stepping: Processando todas as linhas
🗺️  Map matching: DESATIVADO
📐 Cálculo de distância: HAVERSINE PURO dos pontos COM snap (consistência)
======================================================================

📊 Carregando dados SUMO...
   Total de registros no arquivo: 324
   Veículos únicos: 1
   🚙 Vehicle selecionado: carro_1000

🔄 Agregando viagens por vehicle_id...
  📐 SUMO_carro_1000: Calculando distâncias com Haversine direto (SEM routing API)
      Original: 155 pontos → 1.4242 km (Haversine)
      Offset:   155 pontos → 1.4241 km (Haversine)

🚙 Veículo: SUMO_carro_1000
   Modelo: HBEFA4/PC_petrol_Euro-6ab
   Segmentos: 155
   📏 Distância: 1.424 km (city: 1.424, highway: 0.000)
   ⛽ Combustível: 10.127 l
   🏭 CO2 real: 23393.7 g
   🎯 CO2 meta: 274.2 g
   📊 Delta: -23119.5 g
   💰 Valor E1: R$ -1.1560
   🧭 Tentativas map matching: 0

   🔑 OFFSET DETERMINÍSTICO (x=0.010781433656633402°, y=0.0069365208399984266°, max=2.0km):
   📍 Start Original:  (40.775644, -73.960687)
   🔒 Start Protegido: (40.786425, -73.953750) ✓ 1.34 km | ⚠ SEM MAP MATCHING
   📏 Deslocamento final: 1335.1 metros
   📍 End Original:    (40.775671, -73.960433)
   🔒 End Protegido:   (40.786453, -73.953497) ✓ 1.34 km | ⚠ SEM MAP MATCHING
   📏 Deslocamento final: 1335.1 metros

   📐 ANÁLISE DE DISTÂNCIA DO TRAJETO (HAVERSINE DOS PONTOS ARMAZENADOS):
   🔢 Pontos unicos original/offset: 155/155 (Δ +0, +0.0% )
   📍 Trajeto original: 1.424 km (linha reta entre pontos GPS)
   🔒 Trajeto com offset: 1.424 km (linha reta entre pontos COM snap)
   📊 Diferença: -0.000 km (-0.0%)

======================================================================
📊 ESTATÍSTICAS FINAIS
======================================================================
Viagens processadas: 1
Distância total: 1.42 km
Combustível total: 10.13 l
CO2 real total: 23393.7 g
CO2 meta total: 274.2 g
Delta CO2: -23119.5 g
Valor E1 total: R$ -1.16

💰 Créditos: R$ 0.00
💸 Débitos: R$ 1.16
📈 Saldo líquido: R$ -1.16
======================================================================

💾 Dados agregados salvos em: ../data/offset_batch/vehicles_step_sim_3/run_048.csv
[csv-worker_3] [vehicles_step_sim_3] ===== LOG RUN 048 FIM =====

[csv-worker_3] [vehicles_step_sim_3] ===== LOG RUN 049 INICIO =====
======================================================================
🚗 PROCESSAMENTO SUMO → E1 REGISTRY (OFFSET ALEATÓRIO - veh0)
======================================================================
📄 Entrada: ../data/vehicles_step_sim_3.csv
🏭 Consumo fabricante: 12.0 km/l
💰 Preço carbono: R$ 50.0/ton
⭕ Raio máximo do offset aleatório: 2.0 km
🎲 Offset gerado aleatoriamente:
   Ângulo: 269.8°
   Distância: 1.5909 km
   offset_x (lat): -0.000061°  |  offset_y (lon): -0.014291°
📊 Row stepping: Processando todas as linhas
🗺️  Map matching: DESATIVADO
📐 Cálculo de distância: HAVERSINE PURO dos pontos COM snap (consistência)
======================================================================

📊 Carregando dados SUMO...
   Total de registros no arquivo: 324
   Veículos únicos: 1
   🚙 Vehicle selecionado: carro_1000

🔄 Agregando viagens por vehicle_id...
  📐 SUMO_carro_1000: Calculando distâncias com Haversine direto (SEM routing API)
      Original: 155 pontos → 1.4242 km (Haversine)
      Offset:   155 pontos → 1.4243 km (Haversine)

🚙 Veículo: SUMO_carro_1000
   Modelo: HBEFA4/PC_petrol_Euro-6ab
   Segmentos: 155
   📏 Distância: 1.424 km (city: 1.424, highway: 0.000)
   ⛽ Combustível: 10.127 l
   🏭 CO2 real: 23393.7 g
   🎯 CO2 meta: 274.2 g
   📊 Delta: -23119.5 g
   💰 Valor E1: R$ -1.1560
   🧭 Tentativas map matching: 0

   🔑 OFFSET DETERMINÍSTICO (x=-0.005626821888275031°, y=0.007062751915713298°, max=2.0km):
   📍 Start Original:  (40.775644, -73.960687)
   🔒 Start Protegido: (40.770017, -73.953624) ✓ 0.86 km | ⚠ SEM MAP MATCHING
   📏 Deslocamento final: 864.2 metros
   📍 End Original:    (40.775671, -73.960433)
   🔒 End Protegido:   (40.770044, -73.953371) ✓ 0.86 km | ⚠ SEM MAP MATCHING
   📏 Deslocamento final: 864.2 metros

   📐 ANÁLISE DE DISTÂNCIA DO TRAJETO (HAVERSINE DOS PONTOS ARMAZENADOS):
   🔢 Pontos unicos original/offset: 155/155 (Δ +0, +0.0% )
   📍 Trajeto original: 1.424 km (linha reta entre pontos GPS)
   🔒 Trajeto com offset: 1.424 km (linha reta entre pontos COM snap)
   📊 Diferença: +0.000 km (+0.0%)

======================================================================
📊 ESTATÍSTICAS FINAIS
======================================================================
Viagens processadas: 1
Distância total: 1.42 km
Combustível total: 10.13 l
CO2 real total: 23393.7 g
CO2 meta total: 274.2 g
Delta CO2: -23119.5 g
Valor E1 total: R$ -1.16

💰 Créditos: R$ 0.00
💸 Débitos: R$ 1.16
📈 Saldo líquido: R$ -1.16
======================================================================

💾 Dados agregados salvos em: ../data/offset_batch/vehicles_step_sim_3/run_049.csv
[csv-worker_3] [vehicles_step_sim_3] ===== LOG RUN 049 FIM =====

[csv-worker_3] [vehicles_step_sim_3] ===== LOG RUN 050 INICIO =====
======================================================================
🚗 PROCESSAMENTO SUMO → E1 REGISTRY (OFFSET ALEATÓRIO - veh0)
======================================================================
📄 Entrada: ../data/vehicles_step_sim_3.csv
🏭 Consumo fabricante: 12.0 km/l
💰 Preço carbono: R$ 50.0/ton
⭕ Raio máximo do offset aleatório: 2.0 km
🎲 Offset gerado aleatoriamente:
   Ângulo: 351.0°
   Distância: 1.7116 km
   offset_x (lat): 0.015185°  |  offset_y (lon): -0.002412°
📊 Row stepping: Processando todas as linhas
🗺️  Map matching: DESATIVADO
📐 Cálculo de distância: HAVERSINE PURO dos pontos COM snap (consistência)
======================================================================

📊 Carregando dados SUMO...
   Total de registros no arquivo: 324
   Veículos únicos: 1
   🚙 Vehicle selecionado: carro_1000

🔄 Agregando viagens por vehicle_id...
  📐 SUMO_carro_1000: Calculando distâncias com Haversine direto (SEM routing API)
      Original: 155 pontos → 1.4242 km (Haversine)
      Offset:   155 pontos → 1.4241 km (Haversine)

🚙 Veículo: SUMO_carro_1000
   Modelo: HBEFA4/PC_petrol_Euro-6ab
   Segmentos: 155
   📏 Distância: 1.424 km (city: 1.424, highway: 0.000)
   ⛽ Combustível: 10.127 l
   🏭 CO2 real: 23393.7 g
   🎯 CO2 meta: 274.2 g
   📊 Delta: -23119.5 g
   💰 Valor E1: R$ -1.1560
   🧭 Tentativas map matching: 0

   🔑 OFFSET DETERMINÍSTICO (x=0.008372679902547212°, y=-0.008060258304407776°, max=2.0km):
   📍 Start Original:  (40.775644, -73.960687)
   🔒 Start Protegido: (40.784016, -73.968747) ✓ 1.15 km | ⚠ SEM MAP MATCHING
   📏 Deslocamento final: 1153.4 metros
   📍 End Original:    (40.775671, -73.960433)
   🔒 End Protegido:   (40.784044, -73.968494) ✓ 1.15 km | ⚠ SEM MAP MATCHING
   📏 Deslocamento final: 1153.4 metros

   📐 ANÁLISE DE DISTÂNCIA DO TRAJETO (HAVERSINE DOS PONTOS ARMAZENADOS):
   🔢 Pontos unicos original/offset: 155/155 (Δ +0, +0.0% )
   📍 Trajeto original: 1.424 km (linha reta entre pontos GPS)
   🔒 Trajeto com offset: 1.424 km (linha reta entre pontos COM snap)
   📊 Diferença: -0.000 km (-0.0%)

======================================================================
📊 ESTATÍSTICAS FINAIS
======================================================================
Viagens processadas: 1
Distância total: 1.42 km
Combustível total: 10.13 l
CO2 real total: 23393.7 g
CO2 meta total: 274.2 g
Delta CO2: -23119.5 g
Valor E1 total: R$ -1.16

💰 Créditos: R$ 0.00
💸 Débitos: R$ 1.16
📈 Saldo líquido: R$ -1.16
======================================================================

💾 Dados agregados salvos em: ../data/offset_batch/vehicles_step_sim_3/run_050.csv
[csv-worker_3] [vehicles_step_sim_3] ===== LOG RUN 050 FIM =====

[csv-worker_3] [vehicles_step_sim_3] ===== LOG RUN 051 INICIO =====
======================================================================
🚗 PROCESSAMENTO SUMO → E1 REGISTRY (OFFSET ALEATÓRIO - veh0)
======================================================================
📄 Entrada: ../data/vehicles_step_sim_3.csv
🏭 Consumo fabricante: 12.0 km/l
💰 Preço carbono: R$ 50.0/ton
⭕ Raio máximo do offset aleatório: 2.0 km
🎲 Offset gerado aleatoriamente:
   Ângulo: 323.7°
   Distância: 1.8127 km
   offset_x (lat): 0.013128°  |  offset_y (lon): -0.009635°
📊 Row stepping: Processando todas as linhas
🗺️  Map matching: DESATIVADO
📐 Cálculo de distância: HAVERSINE PURO dos pontos COM snap (consistência)
======================================================================

📊 Carregando dados SUMO...
   Total de registros no arquivo: 324
   Veículos únicos: 1
   🚙 Vehicle selecionado: carro_1000

🔄 Agregando viagens por vehicle_id...
  📐 SUMO_carro_1000: Calculando distâncias com Haversine direto (SEM routing API)
      Original: 300 pontos → 3.1542 km (Haversine)
      Offset:   300 pontos → 3.1540 km (Haversine)

🚙 Veículo: SUMO_carro_1000
   Modelo: HBEFA4/PC_petrol_Euro-6ab
   Segmentos: 300
   📏 Distância: 3.158 km (city: 2.541, highway: 0.617)
   ⛽ Combustível: 49.984 l
   🏭 CO2 real: 115462.6 g
   🎯 CO2 meta: 608.0 g
   📊 Delta: -114854.6 g
   💰 Valor E1: R$ -5.7427
   🧭 Tentativas map matching: 0

   🔑 OFFSET DETERMINÍSTICO (x=0.006445575966873905°, y=-0.01174472049155217°, max=2.0km):
   📍 Start Original:  (40.775644, -73.960687)
   🔒 Start Protegido: (40.782089, -73.972432) ✓ 1.22 km | ⚠ SEM MAP MATCHING
   📏 Deslocamento final: 1222.7 metros
   📍 End Original:    (40.773912, -73.961904)
   🔒 End Protegido:   (40.780358, -73.973648) ✓ 1.22 km | ⚠ SEM MAP MATCHING
   📏 Deslocamento final: 1222.8 metros

   📐 ANÁLISE DE DISTÂNCIA DO TRAJETO (HAVERSINE DOS PONTOS ARMAZENADOS):
   🔢 Pontos unicos original/offset: 299/299 (Δ +0, +0.0% )
   📍 Trajeto original: 3.154 km (linha reta entre pontos GPS)
   🔒 Trajeto com offset: 3.154 km (linha reta entre pontos COM snap)
   📊 Diferença: -0.000 km (-0.0%)

======================================================================
📊 ESTATÍSTICAS FINAIS
======================================================================
Viagens processadas: 1
Distância total: 3.16 km
Combustível total: 49.98 l
CO2 real total: 115462.6 g
CO2 meta total: 608.0 g
Delta CO2: -114854.6 g
Valor E1 total: R$ -5.74

💰 Créditos: R$ 0.00
💸 Débitos: R$ 5.74
📈 Saldo líquido: R$ -5.74
======================================================================

💾 Dados agregados salvos em: ../data/offset_batch/vehicles_step_sim_3/run_051.csv
[csv-worker_3] [vehicles_step_sim_3] ===== LOG RUN 051 FIM =====

[csv-worker_3] [vehicles_step_sim_3] ===== LOG RUN 052 INICIO =====
======================================================================
🚗 PROCESSAMENTO SUMO → E1 REGISTRY (OFFSET ALEATÓRIO - veh0)
======================================================================
📄 Entrada: ../data/vehicles_step_sim_3.csv
🏭 Consumo fabricante: 12.0 km/l
💰 Preço carbono: R$ 50.0/ton
⭕ Raio máximo do offset aleatório: 2.0 km
🎲 Offset gerado aleatoriamente:
   Ângulo: 317.4°
   Distância: 0.5533 km
   offset_x (lat): 0.003656°  |  offset_y (lon): -0.003367°
📊 Row stepping: Processando todas as linhas
🗺️  Map matching: DESATIVADO
📐 Cálculo de distância: HAVERSINE PURO dos pontos COM snap (consistência)
======================================================================

📊 Carregando dados SUMO...
   Total de registros no arquivo: 324
   Veículos únicos: 1
   🚙 Vehicle selecionado: carro_1000

🔄 Agregando viagens por vehicle_id...
  📐 SUMO_carro_1000: Calculando distâncias com Haversine direto (SEM routing API)
      Original: 301 pontos → 3.1480 km (Haversine)
      Offset:   301 pontos → 3.1482 km (Haversine)

🚙 Veículo: SUMO_carro_1000
   Modelo: HBEFA4/PC_petrol_Euro-6ab
   Segmentos: 301
   📏 Distância: 3.159 km (city: 3.020, highway: 0.139)
   ⛽ Combustível: 51.224 l
   🏭 CO2 real: 118326.7 g
   🎯 CO2 meta: 608.1 g
   📊 Delta: -117718.6 g
   💰 Valor E1: R$ -5.8859
   🧭 Tentativas map matching: 0

   🔑 OFFSET DETERMINÍSTICO (x=-0.00912819803809334°, y=-0.014236992889835449°, max=2.0km):
   📍 Start Original:  (40.775644, -73.960687)
   🔒 Start Protegido: (40.766515, -73.974924) ✓ 1.57 km | ⚠ SEM MAP MATCHING
   📏 Deslocamento final: 1572.6 metros
   📍 End Original:    (40.771236, -73.963813)
   🔒 End Protegido:   (40.762108, -73.978050) ✓ 1.57 km | ⚠ SEM MAP MATCHING
   📏 Deslocamento final: 1572.6 metros

   📐 ANÁLISE DE DISTÂNCIA DO TRAJETO (HAVERSINE DOS PONTOS ARMAZENADOS):
   🔢 Pontos unicos original/offset: 301/301 (Δ +0, +0.0% )
   📍 Trajeto original: 3.148 km (linha reta entre pontos GPS)
   🔒 Trajeto com offset: 3.148 km (linha reta entre pontos COM snap)
   📊 Diferença: +0.000 km (+0.0%)

======================================================================
📊 ESTATÍSTICAS FINAIS
======================================================================
Viagens processadas: 1
Distância total: 3.16 km
Combustível total: 51.22 l
CO2 real total: 118326.7 g
CO2 meta total: 608.1 g
Delta CO2: -117718.6 g
Valor E1 total: R$ -5.89

💰 Créditos: R$ 0.00
💸 Débitos: R$ 5.89
📈 Saldo líquido: R$ -5.89
======================================================================

💾 Dados agregados salvos em: ../data/offset_batch/vehicles_step_sim_3/run_052.csv
[csv-worker_3] [vehicles_step_sim_3] ===== LOG RUN 052 FIM =====

[csv-worker_3] [vehicles_step_sim_3] ===== LOG RUN 053 INICIO =====
======================================================================
🚗 PROCESSAMENTO SUMO → E1 REGISTRY (OFFSET ALEATÓRIO - veh0)
======================================================================
📄 Entrada: ../data/vehicles_step_sim_3.csv
🏭 Consumo fabricante: 12.0 km/l
💰 Preço carbono: R$ 50.0/ton
⭕ Raio máximo do offset aleatório: 2.0 km
🎲 Offset gerado aleatoriamente:
   Ângulo: 183.8°
   Distância: 1.9614 km
   offset_x (lat): -0.017581°  |  offset_y (lon): -0.001162°
📊 Row stepping: Processando todas as linhas
🗺️  Map matching: DESATIVADO
📐 Cálculo de distância: HAVERSINE PURO dos pontos COM snap (consistência)
======================================================================

📊 Carregando dados SUMO...
   Total de registros no arquivo: 324
   Veículos únicos: 1
   🚙 Vehicle selecionado: carro_1000

🔄 Agregando viagens por vehicle_id...
  📐 SUMO_carro_1000: Calculando distâncias com Haversine direto (SEM routing API)
      Original: 222 pontos → 1.9688 km (Haversine)
      Offset:   222 pontos → 1.9688 km (Haversine)

🚙 Veículo: SUMO_carro_1000
   Modelo: HBEFA4/PC_petrol_Euro-6ab
   Segmentos: 222
   📏 Distância: 1.973 km (city: 1.973, highway: 0.000)
   ⛽ Combustível: 24.219 l
   🏭 CO2 real: 55946.2 g
   🎯 CO2 meta: 379.8 g
   📊 Delta: -55566.4 g
   💰 Valor E1: R$ -2.7783
   🧭 Tentativas map matching: 0

   🔑 OFFSET DETERMINÍSTICO (x=0.0008725054138131518°, y=-0.014721081640340031°, max=2.0km):
   📍 Start Original:  (40.775644, -73.960687)
   🔒 Start Protegido: (40.776516, -73.975408) ✓ 1.24 km | ⚠ SEM MAP MATCHING
   📏 Deslocamento final: 1244.8 metros
   📍 End Original:    (40.772651, -73.962544)
   🔒 End Protegido:   (40.773524, -73.977266) ✓ 1.24 km | ⚠ SEM MAP MATCHING
   📏 Deslocamento final: 1244.8 metros

   📐 ANÁLISE DE DISTÂNCIA DO TRAJETO (HAVERSINE DOS PONTOS ARMAZENADOS):
   🔢 Pontos unicos original/offset: 221/221 (Δ +0, +0.0% )
   📍 Trajeto original: 1.969 km (linha reta entre pontos GPS)
   🔒 Trajeto com offset: 1.969 km (linha reta entre pontos COM snap)
   📊 Diferença: -0.000 km (-0.0%)

======================================================================
📊 ESTATÍSTICAS FINAIS
======================================================================
Viagens processadas: 1
Distância total: 1.97 km
Combustível total: 24.22 l
CO2 real total: 55946.2 g
CO2 meta total: 379.8 g
Delta CO2: -55566.4 g
Valor E1 total: R$ -2.78

💰 Créditos: R$ 0.00
💸 Débitos: R$ 2.78
📈 Saldo líquido: R$ -2.78
======================================================================

💾 Dados agregados salvos em: ../data/offset_batch/vehicles_step_sim_3/run_053.csv
[csv-worker_3] [vehicles_step_sim_3] ===== LOG RUN 053 FIM =====

[csv-worker_3] [vehicles_step_sim_3] ===== LOG RUN 054 INICIO =====
======================================================================
🚗 PROCESSAMENTO SUMO → E1 REGISTRY (OFFSET ALEATÓRIO - veh0)
======================================================================
📄 Entrada: ../data/vehicles_step_sim_3.csv
🏭 Consumo fabricante: 12.0 km/l
💰 Preço carbono: R$ 50.0/ton
⭕ Raio máximo do offset aleatório: 2.0 km
🎲 Offset gerado aleatoriamente:
   Ângulo: 253.6°
   Distância: 1.7861 km
   offset_x (lat): -0.004541°  |  offset_y (lon): -0.015389°
📊 Row stepping: Processando todas as linhas
🗺️  Map matching: DESATIVADO
📐 Cálculo de distância: HAVERSINE PURO dos pontos COM snap (consistência)
======================================================================

📊 Carregando dados SUMO...
   Total de registros no arquivo: 324
   Veículos únicos: 1
   🚙 Vehicle selecionado: carro_1000

🔄 Agregando viagens por vehicle_id...
  📐 SUMO_carro_1000: Calculando distâncias com Haversine direto (SEM routing API)
      Original: 337 pontos → 3.3706 km (Haversine)
      Offset:   337 pontos → 3.3708 km (Haversine)

🚙 Veículo: SUMO_carro_1000
   Modelo: HBEFA4/PC_petrol_Euro-6ab
   Segmentos: 337
   📏 Distância: 3.379 km (city: 3.069, highway: 0.310)
   ⛽ Combustível: 58.616 l
   🏭 CO2 real: 135402.3 g
   🎯 CO2 meta: 650.5 g
   📊 Delta: -134751.8 g
   💰 Valor E1: R$ -6.7376
   🧭 Tentativas map matching: 0

   🔑 OFFSET DETERMINÍSTICO (x=-0.007459127085670097°, y=-0.005489709857187852°, max=2.0km):
   📍 Start Original:  (40.775644, -73.960687)
   🔒 Start Protegido: (40.768184, -73.966177) ✓ 0.95 km | ⚠ SEM MAP MATCHING
   📏 Deslocamento final: 950.6 metros
   📍 End Original:    (40.774801, -73.960637)
   🔒 End Protegido:   (40.767342, -73.966126) ✓ 0.95 km | ⚠ SEM MAP MATCHING
   📏 Deslocamento final: 950.6 metros

   📐 ANÁLISE DE DISTÂNCIA DO TRAJETO (HAVERSINE DOS PONTOS ARMAZENADOS):
   🔢 Pontos unicos original/offset: 337/337 (Δ +0, +0.0% )
   📍 Trajeto original: 3.371 km (linha reta entre pontos GPS)
   🔒 Trajeto com offset: 3.371 km (linha reta entre pontos COM snap)
   📊 Diferença: +0.000 km (+0.0%)

======================================================================
📊 ESTATÍSTICAS FINAIS
======================================================================
Viagens processadas: 1
Distância total: 3.38 km
Combustível total: 58.62 l
CO2 real total: 135402.3 g
CO2 meta total: 650.5 g
Delta CO2: -134751.8 g
Valor E1 total: R$ -6.74

💰 Créditos: R$ 0.00
💸 Débitos: R$ 6.74
📈 Saldo líquido: R$ -6.74
======================================================================

💾 Dados agregados salvos em: ../data/offset_batch/vehicles_step_sim_3/run_054.csv
[csv-worker_3] [vehicles_step_sim_3] ===== LOG RUN 054 FIM =====

[csv-worker_3] [vehicles_step_sim_3] ===== LOG RUN 055 INICIO =====
======================================================================
🚗 PROCESSAMENTO SUMO → E1 REGISTRY (OFFSET ALEATÓRIO - veh0)
======================================================================
📄 Entrada: ../data/vehicles_step_sim_3.csv
🏭 Consumo fabricante: 12.0 km/l
💰 Preço carbono: R$ 50.0/ton
⭕ Raio máximo do offset aleatório: 2.0 km
🎲 Offset gerado aleatoriamente:
   Ângulo: 289.1°
   Distância: 1.9631 km
   offset_x (lat): 0.005775°  |  offset_y (lon): -0.016663°
📊 Row stepping: Processando todas as linhas
🗺️  Map matching: DESATIVADO
📐 Cálculo de distância: HAVERSINE PURO dos pontos COM snap (consistência)
======================================================================

📊 Carregando dados SUMO...
   Total de registros no arquivo: 324
   Veículos únicos: 1
   🚙 Vehicle selecionado: carro_1000

🔄 Agregando viagens por vehicle_id...
  📐 SUMO_carro_1000: Calculando distâncias com Haversine direto (SEM routing API)
      Original: 299 pontos → 3.0526 km (Haversine)
      Offset:   299 pontos → 3.0528 km (Haversine)

🚙 Veículo: SUMO_carro_1000
   Modelo: HBEFA4/PC_petrol_Euro-6ab
   Segmentos: 299
   📏 Distância: 3.060 km (city: 3.060, highway: 0.000)
   ⛽ Combustível: 48.384 l
   🏭 CO2 real: 111766.0 g
   🎯 CO2 meta: 589.0 g
   📊 Delta: -111177.0 g
   💰 Valor E1: R$ -5.5588
   🧭 Tentativas map matching: 0

   🔑 OFFSET DETERMINÍSTICO (x=-0.01111387356489658°, y=-0.011423091200806387°, max=2.0km):
   📍 Start Original:  (40.775644, -73.960687)
   🔒 Start Protegido: (40.764530, -73.972110) ✓ 1.57 km | ⚠ SEM MAP MATCHING
   📏 Deslocamento final: 1567.8 metros
   📍 End Original:    (40.774198, -73.961141)
   🔒 End Protegido:   (40.763084, -73.972564) ✓ 1.57 km | ⚠ SEM MAP MATCHING
   📏 Deslocamento final: 1567.8 metros

   📐 ANÁLISE DE DISTÂNCIA DO TRAJETO (HAVERSINE DOS PONTOS ARMAZENADOS):
   🔢 Pontos unicos original/offset: 299/299 (Δ +0, +0.0% )
   📍 Trajeto original: 3.053 km (linha reta entre pontos GPS)
   🔒 Trajeto com offset: 3.053 km (linha reta entre pontos COM snap)
   📊 Diferença: +0.000 km (+0.0%)

======================================================================
📊 ESTATÍSTICAS FINAIS
======================================================================
Viagens processadas: 1
Distância total: 3.06 km
Combustível total: 48.38 l
CO2 real total: 111766.0 g
CO2 meta total: 589.0 g
Delta CO2: -111177.0 g
Valor E1 total: R$ -5.56

💰 Créditos: R$ 0.00
💸 Débitos: R$ 5.56
📈 Saldo líquido: R$ -5.56
======================================================================

💾 Dados agregados salvos em: ../data/offset_batch/vehicles_step_sim_3/run_055.csv
[csv-worker_3] [vehicles_step_sim_3] ===== LOG RUN 055 FIM =====

[csv-worker_3] [vehicles_step_sim_3] ===== LOG RUN 056 INICIO =====
======================================================================
🚗 PROCESSAMENTO SUMO → E1 REGISTRY (OFFSET ALEATÓRIO - veh0)
======================================================================
📄 Entrada: ../data/vehicles_step_sim_3.csv
🏭 Consumo fabricante: 12.0 km/l
💰 Preço carbono: R$ 50.0/ton
⭕ Raio máximo do offset aleatório: 2.0 km
🎲 Offset gerado aleatoriamente:
   Ângulo: 313.4°
   Distância: 1.4577 km
   offset_x (lat): 0.008995°  |  offset_y (lon): -0.009517°
📊 Row stepping: Processando todas as linhas
🗺️  Map matching: DESATIVADO
📐 Cálculo de distância: HAVERSINE PURO dos pontos COM snap (consistência)
======================================================================

📊 Carregando dados SUMO...
   Total de registros no arquivo: 324
   Veículos únicos: 1
   🚙 Vehicle selecionado: carro_1000

🔄 Agregando viagens por vehicle_id...
  📐 SUMO_carro_1000: Calculando distâncias com Haversine direto (SEM routing API)
      Original: 299 pontos → 3.0526 km (Haversine)
      Offset:   299 pontos → 3.0524 km (Haversine)

🚙 Veículo: SUMO_carro_1000
   Modelo: HBEFA4/PC_petrol_Euro-6ab
   Segmentos: 299
   📏 Distância: 3.060 km (city: 3.060, highway: 0.000)
   ⛽ Combustível: 48.384 l
   🏭 CO2 real: 111766.0 g
   🎯 CO2 meta: 589.0 g
   📊 Delta: -111177.0 g
   💰 Valor E1: R$ -5.5588
   🧭 Tentativas map matching: 0

   🔑 OFFSET DETERMINÍSTICO (x=0.007380173606450143°, y=-0.014997577657089225°, max=2.0km):
   📍 Start Original:  (40.775644, -73.960687)
   🔒 Start Protegido: (40.783024, -73.975685) ✓ 1.51 km | ⚠ SEM MAP MATCHING
   📏 Deslocamento final: 1507.8 metros
   📍 End Original:    (40.774198, -73.961141)
   🔒 End Protegido:   (40.781578, -73.976139) ✓ 1.51 km | ⚠ SEM MAP MATCHING
   📏 Deslocamento final: 1507.8 metros

   📐 ANÁLISE DE DISTÂNCIA DO TRAJETO (HAVERSINE DOS PONTOS ARMAZENADOS):
   🔢 Pontos unicos original/offset: 299/299 (Δ +0, +0.0% )
   📍 Trajeto original: 3.053 km (linha reta entre pontos GPS)
   🔒 Trajeto com offset: 3.052 km (linha reta entre pontos COM snap)
   📊 Diferença: -0.000 km (-0.0%)

======================================================================
📊 ESTATÍSTICAS FINAIS
======================================================================
Viagens processadas: 1
Distância total: 3.06 km
Combustível total: 48.38 l
CO2 real total: 111766.0 g
CO2 meta total: 589.0 g
Delta CO2: -111177.0 g
Valor E1 total: R$ -5.56

💰 Créditos: R$ 0.00
💸 Débitos: R$ 5.56
📈 Saldo líquido: R$ -5.56
======================================================================

💾 Dados agregados salvos em: ../data/offset_batch/vehicles_step_sim_3/run_056.csv
[csv-worker_3] [vehicles_step_sim_3] ===== LOG RUN 056 FIM =====

[csv-worker_3] [vehicles_step_sim_3] ===== LOG RUN 057 INICIO =====
======================================================================
🚗 PROCESSAMENTO SUMO → E1 REGISTRY (OFFSET ALEATÓRIO - veh0)
======================================================================
📄 Entrada: ../data/vehicles_step_sim_3.csv
🏭 Consumo fabricante: 12.0 km/l
💰 Preço carbono: R$ 50.0/ton
⭕ Raio máximo do offset aleatório: 2.0 km
🎲 Offset gerado aleatoriamente:
   Ângulo: 135.3°
   Distância: 1.6497 km
   offset_x (lat): -0.010543°  |  offset_y (lon): 0.010415°
📊 Row stepping: Processando todas as linhas
🗺️  Map matching: DESATIVADO
📐 Cálculo de distância: HAVERSINE PURO dos pontos COM snap (consistência)
======================================================================

📊 Carregando dados SUMO...
   Total de registros no arquivo: 324
   Veículos únicos: 1
   🚙 Vehicle selecionado: carro_1000

🔄 Agregando viagens por vehicle_id...
  📐 SUMO_carro_1000: Calculando distâncias com Haversine direto (SEM routing API)
      Original: 222 pontos → 1.9688 km (Haversine)
      Offset:   222 pontos → 1.9690 km (Haversine)

🚙 Veículo: SUMO_carro_1000
   Modelo: HBEFA4/PC_petrol_Euro-6ab
   Segmentos: 222
   📏 Distância: 1.973 km (city: 1.973, highway: 0.000)
   ⛽ Combustível: 24.219 l
   🏭 CO2 real: 55946.2 g
   🎯 CO2 meta: 379.8 g
   📊 Delta: -55566.4 g
   💰 Valor E1: R$ -2.7783
   🧭 Tentativas map matching: 0

   🔑 OFFSET DETERMINÍSTICO (x=-0.016851233420449602°, y=0.004235513823711498°, max=2.0km):
   📍 Start Original:  (40.775644, -73.960687)
   🔒 Start Protegido: (40.758792, -73.956451) ✓ 1.91 km | ⚠ SEM MAP MATCHING
   📏 Deslocamento final: 1909.6 metros
   📍 End Original:    (40.772651, -73.962544)
   🔒 End Protegido:   (40.755800, -73.958309) ✓ 1.91 km | ⚠ SEM MAP MATCHING
   📏 Deslocamento final: 1909.6 metros

   📐 ANÁLISE DE DISTÂNCIA DO TRAJETO (HAVERSINE DOS PONTOS ARMAZENADOS):
   🔢 Pontos unicos original/offset: 221/221 (Δ +0, +0.0% )
   📍 Trajeto original: 1.969 km (linha reta entre pontos GPS)
   🔒 Trajeto com offset: 1.969 km (linha reta entre pontos COM snap)
   📊 Diferença: +0.000 km (+0.0%)

======================================================================
📊 ESTATÍSTICAS FINAIS
======================================================================
Viagens processadas: 1
Distância total: 1.97 km
Combustível total: 24.22 l
CO2 real total: 55946.2 g
CO2 meta total: 379.8 g
Delta CO2: -55566.4 g
Valor E1 total: R$ -2.78

💰 Créditos: R$ 0.00
💸 Débitos: R$ 2.78
📈 Saldo líquido: R$ -2.78
======================================================================

💾 Dados agregados salvos em: ../data/offset_batch/vehicles_step_sim_3/run_057.csv
[csv-worker_3] [vehicles_step_sim_3] ===== LOG RUN 057 FIM =====

[csv-worker_3] [vehicles_step_sim_3] ===== LOG RUN 058 INICIO =====
======================================================================
🚗 PROCESSAMENTO SUMO → E1 REGISTRY (OFFSET ALEATÓRIO - veh0)
======================================================================
📄 Entrada: ../data/vehicles_step_sim_3.csv
🏭 Consumo fabricante: 12.0 km/l
💰 Preço carbono: R$ 50.0/ton
⭕ Raio máximo do offset aleatório: 2.0 km
🎲 Offset gerado aleatoriamente:
   Ângulo: 186.6°
   Distância: 0.9572 km
   offset_x (lat): -0.008541°  |  offset_y (lon): -0.000994°
📊 Row stepping: Processando todas as linhas
🗺️  Map matching: DESATIVADO
📐 Cálculo de distância: HAVERSINE PURO dos pontos COM snap (consistência)
======================================================================

📊 Carregando dados SUMO...
   Total de registros no arquivo: 324
   Veículos únicos: 1
   🚙 Vehicle selecionado: carro_1000

🔄 Agregando viagens por vehicle_id...
  📐 SUMO_carro_1000: Calculando distâncias com Haversine direto (SEM routing API)
      Original: 300 pontos → 3.1542 km (Haversine)
      Offset:   300 pontos → 3.1541 km (Haversine)

🚙 Veículo: SUMO_carro_1000
   Modelo: HBEFA4/PC_petrol_Euro-6ab
   Segmentos: 300
   📏 Distância: 3.158 km (city: 2.541, highway: 0.617)
   ⛽ Combustível: 49.984 l
   🏭 CO2 real: 115462.6 g
   🎯 CO2 meta: 608.0 g
   📊 Delta: -114854.6 g
   💰 Valor E1: R$ -5.7427
   🧭 Tentativas map matching: 0

   🔑 OFFSET DETERMINÍSTICO (x=0.005538137930122887°, y=-0.007870050758429257°, max=2.0km):
   📍 Start Original:  (40.775644, -73.960687)
   🔒 Start Protegido: (40.781182, -73.968557) ✓ 0.91 km | ⚠ SEM MAP MATCHING
   📏 Deslocamento final: 905.7 metros
   📍 End Original:    (40.773912, -73.961904)
   🔒 End Protegido:   (40.779451, -73.969774) ✓ 0.91 km | ⚠ SEM MAP MATCHING
   📏 Deslocamento final: 905.7 metros

   📐 ANÁLISE DE DISTÂNCIA DO TRAJETO (HAVERSINE DOS PONTOS ARMAZENADOS):
   🔢 Pontos unicos original/offset: 299/299 (Δ +0, +0.0% )
   📍 Trajeto original: 3.154 km (linha reta entre pontos GPS)
   🔒 Trajeto com offset: 3.154 km (linha reta entre pontos COM snap)
   📊 Diferença: -0.000 km (-0.0%)

======================================================================
📊 ESTATÍSTICAS FINAIS
======================================================================
Viagens processadas: 1
Distância total: 3.16 km
Combustível total: 49.98 l
CO2 real total: 115462.6 g
CO2 meta total: 608.0 g
Delta CO2: -114854.6 g
Valor E1 total: R$ -5.74

💰 Créditos: R$ 0.00
💸 Débitos: R$ 5.74
📈 Saldo líquido: R$ -5.74
======================================================================

💾 Dados agregados salvos em: ../data/offset_batch/vehicles_step_sim_3/run_058.csv
[csv-worker_3] [vehicles_step_sim_3] ===== LOG RUN 058 FIM =====

[csv-worker_3] [vehicles_step_sim_3] ===== LOG RUN 059 INICIO =====
======================================================================
🚗 PROCESSAMENTO SUMO → E1 REGISTRY (OFFSET ALEATÓRIO - veh0)
======================================================================
📄 Entrada: ../data/vehicles_step_sim_3.csv
🏭 Consumo fabricante: 12.0 km/l
💰 Preço carbono: R$ 50.0/ton
⭕ Raio máximo do offset aleatório: 2.0 km
🎲 Offset gerado aleatoriamente:
   Ângulo: 56.0°
   Distância: 1.1779 km
   offset_x (lat): 0.005918°  |  offset_y (lon): 0.008772°
📊 Row stepping: Processando todas as linhas
🗺️  Map matching: DESATIVADO
📐 Cálculo de distância: HAVERSINE PURO dos pontos COM snap (consistência)
======================================================================

📊 Carregando dados SUMO...
   Total de registros no arquivo: 324
   Veículos únicos: 1
   🚙 Vehicle selecionado: carro_1000

🔄 Agregando viagens por vehicle_id...
  📐 SUMO_carro_1000: Calculando distâncias com Haversine direto (SEM routing API)
      Original: 300 pontos → 3.1542 km (Haversine)
      Offset:   300 pontos → 3.1545 km (Haversine)

🚙 Veículo: SUMO_carro_1000
   Modelo: HBEFA4/PC_petrol_Euro-6ab
   Segmentos: 300
   📏 Distância: 3.158 km (city: 2.541, highway: 0.617)
   ⛽ Combustível: 49.984 l
   🏭 CO2 real: 115462.6 g
   🎯 CO2 meta: 608.0 g
   📊 Delta: -114854.6 g
   💰 Valor E1: R$ -5.7427
   🧭 Tentativas map matching: 0

   🔑 OFFSET DETERMINÍSTICO (x=-0.017529333359111554°, y=-0.0006220024175137186°, max=2.0km):
   📍 Start Original:  (40.775644, -73.960687)
   🔒 Start Protegido: (40.758114, -73.961309) ✓ 1.95 km | ⚠ SEM MAP MATCHING
   📏 Deslocamento final: 1952.1 metros
   📍 End Original:    (40.773912, -73.961904)
   🔒 End Protegido:   (40.756383, -73.962526) ✓ 1.95 km | ⚠ SEM MAP MATCHING
   📏 Deslocamento final: 1952.1 metros

   📐 ANÁLISE DE DISTÂNCIA DO TRAJETO (HAVERSINE DOS PONTOS ARMAZENADOS):
   🔢 Pontos unicos original/offset: 299/299 (Δ +0, +0.0% )
   📍 Trajeto original: 3.154 km (linha reta entre pontos GPS)
   🔒 Trajeto com offset: 3.155 km (linha reta entre pontos COM snap)
   📊 Diferença: +0.000 km (+0.0%)

======================================================================
📊 ESTATÍSTICAS FINAIS
======================================================================
Viagens processadas: 1
Distância total: 3.16 km
Combustível total: 49.98 l
CO2 real total: 115462.6 g
CO2 meta total: 608.0 g
Delta CO2: -114854.6 g
Valor E1 total: R$ -5.74

💰 Créditos: R$ 0.00
💸 Débitos: R$ 5.74
📈 Saldo líquido: R$ -5.74
======================================================================

💾 Dados agregados salvos em: ../data/offset_batch/vehicles_step_sim_3/run_059.csv
[csv-worker_3] [vehicles_step_sim_3] ===== LOG RUN 059 FIM =====

[csv-worker_3] [vehicles_step_sim_3] ===== LOG RUN 060 INICIO =====
======================================================================
🚗 PROCESSAMENTO SUMO → E1 REGISTRY (OFFSET ALEATÓRIO - veh0)
======================================================================
📄 Entrada: ../data/vehicles_step_sim_3.csv
🏭 Consumo fabricante: 12.0 km/l
💰 Preço carbono: R$ 50.0/ton
⭕ Raio máximo do offset aleatório: 2.0 km
🎲 Offset gerado aleatoriamente:
   Ângulo: 28.6°
   Distância: 1.8730 km
   offset_x (lat): 0.014774°  |  offset_y (lon): 0.008052°
📊 Row stepping: Processando todas as linhas
🗺️  Map matching: DESATIVADO
📐 Cálculo de distância: HAVERSINE PURO dos pontos COM snap (consistência)
======================================================================

📊 Carregando dados SUMO...
   Total de registros no arquivo: 324
   Veículos únicos: 1
   🚙 Vehicle selecionado: carro_1000

🔄 Agregando viagens por vehicle_id...
  📐 SUMO_carro_1000: Calculando distâncias com Haversine direto (SEM routing API)
      Original: 300 pontos → 3.1542 km (Haversine)
      Offset:   300 pontos → 3.1541 km (Haversine)

🚙 Veículo: SUMO_carro_1000
   Modelo: HBEFA4/PC_petrol_Euro-6ab
   Segmentos: 300
   📏 Distância: 3.158 km (city: 2.541, highway: 0.617)
   ⛽ Combustível: 49.984 l
   🏭 CO2 real: 115462.6 g
   🎯 CO2 meta: 608.0 g
   📊 Delta: -114854.6 g
   💰 Valor E1: R$ -5.7427
   🧭 Tentativas map matching: 0

   🔑 OFFSET DETERMINÍSTICO (x=0.005704546478909648°, y=0.008552489370595972°, max=2.0km):
   📍 Start Original:  (40.775644, -73.960687)
   🔒 Start Protegido: (40.781348, -73.952134) ✓ 0.96 km | ⚠ SEM MAP MATCHING
   📏 Deslocamento final: 960.8 metros
   📍 End Original:    (40.773912, -73.961904)
   🔒 End Protegido:   (40.779617, -73.953351) ✓ 0.96 km | ⚠ SEM MAP MATCHING
   📏 Deslocamento final: 960.8 metros

   📐 ANÁLISE DE DISTÂNCIA DO TRAJETO (HAVERSINE DOS PONTOS ARMAZENADOS):
   🔢 Pontos unicos original/offset: 299/299 (Δ +0, +0.0% )
   📍 Trajeto original: 3.154 km (linha reta entre pontos GPS)
   🔒 Trajeto com offset: 3.154 km (linha reta entre pontos COM snap)
   📊 Diferença: -0.000 km (-0.0%)

======================================================================
📊 ESTATÍSTICAS FINAIS
======================================================================
Viagens processadas: 1
Distância total: 3.16 km
Combustível total: 49.98 l
CO2 real total: 115462.6 g
CO2 meta total: 608.0 g
Delta CO2: -114854.6 g
Valor E1 total: R$ -5.74

💰 Créditos: R$ 0.00
💸 Débitos: R$ 5.74
📈 Saldo líquido: R$ -5.74
======================================================================

💾 Dados agregados salvos em: ../data/offset_batch/vehicles_step_sim_3/run_060.csv
[csv-worker_3] [vehicles_step_sim_3] ===== LOG RUN 060 FIM =====

[csv-worker_3] [vehicles_step_sim_3] ===== LOG RUN 061 INICIO =====
======================================================================
🚗 PROCESSAMENTO SUMO → E1 REGISTRY (OFFSET ALEATÓRIO - veh0)
======================================================================
📄 Entrada: ../data/vehicles_step_sim_3.csv
🏭 Consumo fabricante: 12.0 km/l
💰 Preço carbono: R$ 50.0/ton
⭕ Raio máximo do offset aleatório: 2.0 km
🎲 Offset gerado aleatoriamente:
   Ângulo: 180.2°
   Distância: 1.6949 km
   offset_x (lat): -0.015226°  |  offset_y (lon): -0.000049°
📊 Row stepping: Processando todas as linhas
🗺️  Map matching: DESATIVADO
📐 Cálculo de distância: HAVERSINE PURO dos pontos COM snap (consistência)
======================================================================

📊 Carregando dados SUMO...
   Total de registros no arquivo: 324
   Veículos únicos: 1
   🚙 Vehicle selecionado: carro_1000

🔄 Agregando viagens por vehicle_id...
  📐 SUMO_carro_1000: Calculando distâncias com Haversine direto (SEM routing API)
      Original: 301 pontos → 3.1480 km (Haversine)
      Offset:   301 pontos → 3.1483 km (Haversine)

🚙 Veículo: SUMO_carro_1000
   Modelo: HBEFA4/PC_petrol_Euro-6ab
   Segmentos: 301
   📏 Distância: 3.159 km (city: 3.020, highway: 0.139)
   ⛽ Combustível: 51.224 l
   🏭 CO2 real: 118326.7 g
   🎯 CO2 meta: 608.1 g
   📊 Delta: -117718.6 g
   💰 Valor E1: R$ -5.8859
   🧭 Tentativas map matching: 0

   🔑 OFFSET DETERMINÍSTICO (x=-0.014095199178394016°, y=0.003641144351625035°, max=2.0km):
   📍 Start Original:  (40.775644, -73.960687)
   🔒 Start Protegido: (40.761548, -73.957046) ✓ 1.60 km | ⚠ SEM MAP MATCHING
   📏 Deslocamento final: 1598.8 metros
   📍 End Original:    (40.771236, -73.963813)
   🔒 End Protegido:   (40.757141, -73.960171) ✓ 1.60 km | ⚠ SEM MAP MATCHING
   📏 Deslocamento final: 1598.8 metros

   📐 ANÁLISE DE DISTÂNCIA DO TRAJETO (HAVERSINE DOS PONTOS ARMAZENADOS):
   🔢 Pontos unicos original/offset: 301/301 (Δ +0, +0.0% )
   📍 Trajeto original: 3.148 km (linha reta entre pontos GPS)
   🔒 Trajeto com offset: 3.148 km (linha reta entre pontos COM snap)
   📊 Diferença: +0.000 km (+0.0%)

======================================================================
📊 ESTATÍSTICAS FINAIS
======================================================================
Viagens processadas: 1
Distância total: 3.16 km
Combustível total: 51.22 l
CO2 real total: 118326.7 g
CO2 meta total: 608.1 g
Delta CO2: -117718.6 g
Valor E1 total: R$ -5.89

💰 Créditos: R$ 0.00
💸 Débitos: R$ 5.89
📈 Saldo líquido: R$ -5.89
======================================================================

💾 Dados agregados salvos em: ../data/offset_batch/vehicles_step_sim_3/run_061.csv
[csv-worker_3] [vehicles_step_sim_3] ===== LOG RUN 061 FIM =====

[csv-worker_3] [vehicles_step_sim_3] ===== LOG RUN 062 INICIO =====
======================================================================
🚗 PROCESSAMENTO SUMO → E1 REGISTRY (OFFSET ALEATÓRIO - veh0)
======================================================================
📄 Entrada: ../data/vehicles_step_sim_3.csv
🏭 Consumo fabricante: 12.0 km/l
💰 Preço carbono: R$ 50.0/ton
⭕ Raio máximo do offset aleatório: 2.0 km
🎲 Offset gerado aleatoriamente:
   Ângulo: 146.3°
   Distância: 1.7573 km
   offset_x (lat): -0.013137°  |  offset_y (lon): 0.008755°
📊 Row stepping: Processando todas as linhas
🗺️  Map matching: DESATIVADO
📐 Cálculo de distância: HAVERSINE PURO dos pontos COM snap (consistência)
======================================================================

📊 Carregando dados SUMO...
   Total de registros no arquivo: 324
   Veículos únicos: 1
   🚙 Vehicle selecionado: carro_1000

🔄 Agregando viagens por vehicle_id...
  📐 SUMO_carro_1000: Calculando distâncias com Haversine direto (SEM routing API)
      Original: 301 pontos → 3.1480 km (Haversine)
      Offset:   301 pontos → 3.1482 km (Haversine)

🚙 Veículo: SUMO_carro_1000
   Modelo: HBEFA4/PC_petrol_Euro-6ab
   Segmentos: 301
   📏 Distância: 3.159 km (city: 3.020, highway: 0.139)
   ⛽ Combustível: 51.224 l
   🏭 CO2 real: 118326.7 g
   🎯 CO2 meta: 608.1 g
   📊 Delta: -117718.6 g
   💰 Valor E1: R$ -5.8859
   🧭 Tentativas map matching: 0

   🔑 OFFSET DETERMINÍSTICO (x=-0.010040849010490922°, y=0.014717669712931727°, max=2.0km):
   📍 Start Original:  (40.775644, -73.960687)
   🔒 Start Protegido: (40.765603, -73.945969) ✓ 1.67 km | ⚠ SEM MAP MATCHING
   📏 Deslocamento final: 1669.9 metros
   📍 End Original:    (40.771236, -73.963813)
   🔒 End Protegido:   (40.761195, -73.949095) ✓ 1.67 km | ⚠ SEM MAP MATCHING
   📏 Deslocamento final: 1670.0 metros

   📐 ANÁLISE DE DISTÂNCIA DO TRAJETO (HAVERSINE DOS PONTOS ARMAZENADOS):
   🔢 Pontos unicos original/offset: 301/301 (Δ +0, +0.0% )
   📍 Trajeto original: 3.148 km (linha reta entre pontos GPS)
   🔒 Trajeto com offset: 3.148 km (linha reta entre pontos COM snap)
   📊 Diferença: +0.000 km (+0.0%)

======================================================================
📊 ESTATÍSTICAS FINAIS
======================================================================
Viagens processadas: 1
Distância total: 3.16 km
Combustível total: 51.22 l
CO2 real total: 118326.7 g
CO2 meta total: 608.1 g
Delta CO2: -117718.6 g
Valor E1 total: R$ -5.89

💰 Créditos: R$ 0.00
💸 Débitos: R$ 5.89
📈 Saldo líquido: R$ -5.89
======================================================================

💾 Dados agregados salvos em: ../data/offset_batch/vehicles_step_sim_3/run_062.csv
[csv-worker_3] [vehicles_step_sim_3] ===== LOG RUN 062 FIM =====

[csv-worker_3] [vehicles_step_sim_3] ===== LOG RUN 063 INICIO =====
======================================================================
🚗 PROCESSAMENTO SUMO → E1 REGISTRY (OFFSET ALEATÓRIO - veh0)
======================================================================
📄 Entrada: ../data/vehicles_step_sim_3.csv
🏭 Consumo fabricante: 12.0 km/l
💰 Preço carbono: R$ 50.0/ton
⭕ Raio máximo do offset aleatório: 2.0 km
🎲 Offset gerado aleatoriamente:
   Ângulo: 220.8°
   Distância: 0.2693 km
   offset_x (lat): -0.001832°  |  offset_y (lon): -0.001581°
📊 Row stepping: Processando todas as linhas
🗺️  Map matching: DESATIVADO
📐 Cálculo de distância: HAVERSINE PURO dos pontos COM snap (consistência)
======================================================================

📊 Carregando dados SUMO...
   Total de registros no arquivo: 324
   Veículos únicos: 1
   🚙 Vehicle selecionado: carro_1000

🔄 Agregando viagens por vehicle_id...
  📐 SUMO_carro_1000: Calculando distâncias com Haversine direto (SEM routing API)
      Original: 301 pontos → 3.1480 km (Haversine)
      Offset:   301 pontos → 3.1476 km (Haversine)

🚙 Veículo: SUMO_carro_1000
   Modelo: HBEFA4/PC_petrol_Euro-6ab
   Segmentos: 301
   📏 Distância: 3.159 km (city: 3.020, highway: 0.139)
   ⛽ Combustível: 51.224 l
   🏭 CO2 real: 118326.7 g
   🎯 CO2 meta: 608.1 g
   📊 Delta: -117718.6 g
   💰 Valor E1: R$ -5.8859
   🧭 Tentativas map matching: 0

   🔑 OFFSET DETERMINÍSTICO (x=0.014717747299277181°, y=-0.005719029050138751°, max=2.0km):
   📍 Start Original:  (40.775644, -73.960687)
   🔒 Start Protegido: (40.790361, -73.966406) ✓ 1.71 km | ⚠ SEM MAP MATCHING
   📏 Deslocamento final: 1707.8 metros
   📍 End Original:    (40.771236, -73.963813)
   🔒 End Protegido:   (40.785953, -73.969532) ✓ 1.71 km | ⚠ SEM MAP MATCHING
   📏 Deslocamento final: 1707.8 metros

   📐 ANÁLISE DE DISTÂNCIA DO TRAJETO (HAVERSINE DOS PONTOS ARMAZENADOS):
   🔢 Pontos unicos original/offset: 301/301 (Δ +0, +0.0% )
   📍 Trajeto original: 3.148 km (linha reta entre pontos GPS)
   🔒 Trajeto com offset: 3.148 km (linha reta entre pontos COM snap)
   📊 Diferença: -0.000 km (-0.0%)

======================================================================
📊 ESTATÍSTICAS FINAIS
======================================================================
Viagens processadas: 1
Distância total: 3.16 km
Combustível total: 51.22 l
CO2 real total: 118326.7 g
CO2 meta total: 608.1 g
Delta CO2: -117718.6 g
Valor E1 total: R$ -5.89

💰 Créditos: R$ 0.00
💸 Débitos: R$ 5.89
📈 Saldo líquido: R$ -5.89
======================================================================

💾 Dados agregados salvos em: ../data/offset_batch/vehicles_step_sim_3/run_063.csv
[csv-worker_3] [vehicles_step_sim_3] ===== LOG RUN 063 FIM =====

[csv-worker_3] [vehicles_step_sim_3] ===== LOG RUN 064 INICIO =====
======================================================================
🚗 PROCESSAMENTO SUMO → E1 REGISTRY (OFFSET ALEATÓRIO - veh0)
======================================================================
📄 Entrada: ../data/vehicles_step_sim_3.csv
🏭 Consumo fabricante: 12.0 km/l
💰 Preço carbono: R$ 50.0/ton
⭕ Raio máximo do offset aleatório: 2.0 km
🎲 Offset gerado aleatoriamente:
   Ângulo: 143.8°
   Distância: 1.2090 km
   offset_x (lat): -0.008767°  |  offset_y (lon): 0.006410°
📊 Row stepping: Processando todas as linhas
🗺️  Map matching: DESATIVADO
📐 Cálculo de distância: HAVERSINE PURO dos pontos COM snap (consistência)
======================================================================

📊 Carregando dados SUMO...
   Total de registros no arquivo: 324
   Veículos únicos: 1
   🚙 Vehicle selecionado: carro_1000

🔄 Agregando viagens por vehicle_id...
  📐 SUMO_carro_1000: Calculando distâncias com Haversine direto (SEM routing API)
      Original: 301 pontos → 3.1480 km (Haversine)
      Offset:   301 pontos → 3.1482 km (Haversine)

🚙 Veículo: SUMO_carro_1000
   Modelo: HBEFA4/PC_petrol_Euro-6ab
   Segmentos: 301
   📏 Distância: 3.159 km (city: 3.020, highway: 0.139)
   ⛽ Combustível: 51.224 l
   🏭 CO2 real: 118326.7 g
   🎯 CO2 meta: 608.1 g
   📊 Delta: -117718.6 g
   💰 Valor E1: R$ -5.8859
   🧭 Tentativas map matching: 0

   🔑 OFFSET DETERMINÍSTICO (x=-0.008140525728234344°, y=-0.015292462116404724°, max=2.0km):
   📍 Start Original:  (40.775644, -73.960687)
   🔒 Start Protegido: (40.767503, -73.975979) ✓ 1.58 km | ⚠ SEM MAP MATCHING
   📏 Deslocamento final: 1575.8 metros
   📍 End Original:    (40.771236, -73.963813)
   🔒 End Protegido:   (40.763095, -73.979105) ✓ 1.58 km | ⚠ SEM MAP MATCHING
   📏 Deslocamento final: 1575.9 metros

   📐 ANÁLISE DE DISTÂNCIA DO TRAJETO (HAVERSINE DOS PONTOS ARMAZENADOS):
   🔢 Pontos unicos original/offset: 301/301 (Δ +0, +0.0% )
   📍 Trajeto original: 3.148 km (linha reta entre pontos GPS)
   🔒 Trajeto com offset: 3.148 km (linha reta entre pontos COM snap)
   📊 Diferença: +0.000 km (+0.0%)

======================================================================
📊 ESTATÍSTICAS FINAIS
======================================================================
Viagens processadas: 1
Distância total: 3.16 km
Combustível total: 51.22 l
CO2 real total: 118326.7 g
CO2 meta total: 608.1 g
Delta CO2: -117718.6 g
Valor E1 total: R$ -5.89

💰 Créditos: R$ 0.00
💸 Débitos: R$ 5.89
📈 Saldo líquido: R$ -5.89
======================================================================

💾 Dados agregados salvos em: ../data/offset_batch/vehicles_step_sim_3/run_064.csv
[csv-worker_3] [vehicles_step_sim_3] ===== LOG RUN 064 FIM =====

[csv-worker_3] [vehicles_step_sim_3] ===== LOG RUN 065 INICIO =====
======================================================================
🚗 PROCESSAMENTO SUMO → E1 REGISTRY (OFFSET ALEATÓRIO - veh0)
======================================================================
📄 Entrada: ../data/vehicles_step_sim_3.csv
🏭 Consumo fabricante: 12.0 km/l
💰 Preço carbono: R$ 50.0/ton
⭕ Raio máximo do offset aleatório: 2.0 km
🎲 Offset gerado aleatoriamente:
   Ângulo: 296.1°
   Distância: 0.3872 km
   offset_x (lat): 0.001529°  |  offset_y (lon): -0.003124°
📊 Row stepping: Processando todas as linhas
🗺️  Map matching: DESATIVADO
📐 Cálculo de distância: HAVERSINE PURO dos pontos COM snap (consistência)
======================================================================

📊 Carregando dados SUMO...
   Total de registros no arquivo: 324
   Veículos únicos: 1
   🚙 Vehicle selecionado: carro_1000

🔄 Agregando viagens por vehicle_id...
  📐 SUMO_carro_1000: Calculando distâncias com Haversine direto (SEM routing API)
      Original: 301 pontos → 3.1480 km (Haversine)
      Offset:   301 pontos → 3.1478 km (Haversine)

🚙 Veículo: SUMO_carro_1000
   Modelo: HBEFA4/PC_petrol_Euro-6ab
   Segmentos: 301
   📏 Distância: 3.159 km (city: 3.020, highway: 0.139)
   ⛽ Combustível: 51.224 l
   🏭 CO2 real: 118326.7 g
   🎯 CO2 meta: 608.1 g
   📊 Delta: -117718.6 g
   💰 Valor E1: R$ -5.8859
   🧭 Tentativas map matching: 0

   🔑 OFFSET DETERMINÍSTICO (x=0.006642769871647618°, y=0.002238691329478832°, max=2.0km):
   📍 Start Original:  (40.775644, -73.960687)
   🔒 Start Protegido: (40.782286, -73.958448) ✓ 0.76 km | ⚠ SEM MAP MATCHING
   📏 Deslocamento final: 763.2 metros
   📍 End Original:    (40.771236, -73.963813)
   🔒 End Protegido:   (40.777878, -73.961574) ✓ 0.76 km | ⚠ SEM MAP MATCHING
   📏 Deslocamento final: 763.2 metros

   📐 ANÁLISE DE DISTÂNCIA DO TRAJETO (HAVERSINE DOS PONTOS ARMAZENADOS):
   🔢 Pontos unicos original/offset: 301/301 (Δ +0, +0.0% )
   📍 Trajeto original: 3.148 km (linha reta entre pontos GPS)
   🔒 Trajeto com offset: 3.148 km (linha reta entre pontos COM snap)
   📊 Diferença: -0.000 km (-0.0%)

======================================================================
📊 ESTATÍSTICAS FINAIS
======================================================================
Viagens processadas: 1
Distância total: 3.16 km
Combustível total: 51.22 l
CO2 real total: 118326.7 g
CO2 meta total: 608.1 g
Delta CO2: -117718.6 g
Valor E1 total: R$ -5.89

💰 Créditos: R$ 0.00
💸 Débitos: R$ 5.89
📈 Saldo líquido: R$ -5.89
======================================================================

💾 Dados agregados salvos em: ../data/offset_batch/vehicles_step_sim_3/run_065.csv
[csv-worker_3] [vehicles_step_sim_3] ===== LOG RUN 065 FIM =====

[csv-worker_3] [vehicles_step_sim_3] ===== LOG RUN 066 INICIO =====
======================================================================
🚗 PROCESSAMENTO SUMO → E1 REGISTRY (OFFSET ALEATÓRIO - veh0)
======================================================================
📄 Entrada: ../data/vehicles_step_sim_3.csv
🏭 Consumo fabricante: 12.0 km/l
💰 Preço carbono: R$ 50.0/ton
⭕ Raio máximo do offset aleatório: 2.0 km
🎲 Offset gerado aleatoriamente:
   Ângulo: 43.4°
   Distância: 1.8978 km
   offset_x (lat): 0.012395°  |  offset_y (lon): 0.011704°
📊 Row stepping: Processando todas as linhas
🗺️  Map matching: DESATIVADO
📐 Cálculo de distância: HAVERSINE PURO dos pontos COM snap (consistência)
======================================================================

📊 Carregando dados SUMO...
   Total de registros no arquivo: 324
   Veículos únicos: 1
   🚙 Vehicle selecionado: carro_1000

🔄 Agregando viagens por vehicle_id...
  📐 SUMO_carro_1000: Calculando distâncias com Haversine direto (SEM routing API)
      Original: 222 pontos → 1.9688 km (Haversine)
      Offset:   222 pontos → 1.9687 km (Haversine)

🚙 Veículo: SUMO_carro_1000
   Modelo: HBEFA4/PC_petrol_Euro-6ab
   Segmentos: 222
   📏 Distância: 1.973 km (city: 1.973, highway: 0.000)
   ⛽ Combustível: 24.219 l
   🏭 CO2 real: 55946.2 g
   🎯 CO2 meta: 379.8 g
   📊 Delta: -55566.4 g
   💰 Valor E1: R$ -2.7783
   🧭 Tentativas map matching: 0

   🔑 OFFSET DETERMINÍSTICO (x=0.002740526659641477°, y=-0.010935282595276869°, max=2.0km):
   📍 Start Original:  (40.775644, -73.960687)
   🔒 Start Protegido: (40.778384, -73.971622) ✓ 0.97 km | ⚠ SEM MAP MATCHING
   📏 Deslocamento final: 971.0 metros
   📍 End Original:    (40.772651, -73.962544)
   🔒 End Protegido:   (40.775392, -73.973480) ✓ 0.97 km | ⚠ SEM MAP MATCHING
   📏 Deslocamento final: 971.0 metros

   📐 ANÁLISE DE DISTÂNCIA DO TRAJETO (HAVERSINE DOS PONTOS ARMAZENADOS):
   🔢 Pontos unicos original/offset: 221/221 (Δ +0, +0.0% )
   📍 Trajeto original: 1.969 km (linha reta entre pontos GPS)
   🔒 Trajeto com offset: 1.969 km (linha reta entre pontos COM snap)
   📊 Diferença: -0.000 km (-0.0%)

======================================================================
📊 ESTATÍSTICAS FINAIS
======================================================================
Viagens processadas: 1
Distância total: 1.97 km
Combustível total: 24.22 l
CO2 real total: 55946.2 g
CO2 meta total: 379.8 g
Delta CO2: -55566.4 g
Valor E1 total: R$ -2.78

💰 Créditos: R$ 0.00
💸 Débitos: R$ 2.78
📈 Saldo líquido: R$ -2.78
======================================================================

💾 Dados agregados salvos em: ../data/offset_batch/vehicles_step_sim_3/run_066.csv
[csv-worker_3] [vehicles_step_sim_3] ===== LOG RUN 066 FIM =====

[csv-worker_3] [vehicles_step_sim_3] ===== LOG RUN 067 INICIO =====
======================================================================
🚗 PROCESSAMENTO SUMO → E1 REGISTRY (OFFSET ALEATÓRIO - veh0)
======================================================================
📄 Entrada: ../data/vehicles_step_sim_3.csv
🏭 Consumo fabricante: 12.0 km/l
💰 Preço carbono: R$ 50.0/ton
⭕ Raio máximo do offset aleatório: 2.0 km
🎲 Offset gerado aleatoriamente:
   Ângulo: 162.7°
   Distância: 1.8175 km
   offset_x (lat): -0.015590°  |  offset_y (lon): 0.004849°
📊 Row stepping: Processando todas as linhas
🗺️  Map matching: DESATIVADO
📐 Cálculo de distância: HAVERSINE PURO dos pontos COM snap (consistência)
======================================================================

📊 Carregando dados SUMO...
   Total de registros no arquivo: 324
   Veículos únicos: 1
   🚙 Vehicle selecionado: carro_1000

🔄 Agregando viagens por vehicle_id...
  📐 SUMO_carro_1000: Calculando distâncias com Haversine direto (SEM routing API)
      Original: 299 pontos → 3.0526 km (Haversine)
      Offset:   299 pontos → 3.0527 km (Haversine)

🚙 Veículo: SUMO_carro_1000
   Modelo: HBEFA4/PC_petrol_Euro-6ab
   Segmentos: 299
   📏 Distância: 3.060 km (city: 3.060, highway: 0.000)
   ⛽ Combustível: 48.384 l
   🏭 CO2 real: 111766.0 g
   🎯 CO2 meta: 589.0 g
   📊 Delta: -111177.0 g
   💰 Valor E1: R$ -5.5588
   🧭 Tentativas map matching: 0

   🔑 OFFSET DETERMINÍSTICO (x=-0.003098533922459994°, y=-0.0035485740506332633°, max=2.0km):
   📍 Start Original:  (40.775644, -73.960687)
   🔒 Start Protegido: (40.772545, -73.964236) ✓ 0.46 km | ⚠ SEM MAP MATCHING
   📏 Deslocamento final: 456.6 metros
   📍 End Original:    (40.774198, -73.961141)
   🔒 End Protegido:   (40.771100, -73.964690) ✓ 0.46 km | ⚠ SEM MAP MATCHING
   📏 Deslocamento final: 456.6 metros

   📐 ANÁLISE DE DISTÂNCIA DO TRAJETO (HAVERSINE DOS PONTOS ARMAZENADOS):
   🔢 Pontos unicos original/offset: 299/299 (Δ +0, +0.0% )
   📍 Trajeto original: 3.053 km (linha reta entre pontos GPS)
   🔒 Trajeto com offset: 3.053 km (linha reta entre pontos COM snap)
   📊 Diferença: +0.000 km (+0.0%)

======================================================================
📊 ESTATÍSTICAS FINAIS
======================================================================
Viagens processadas: 1
Distância total: 3.06 km
Combustível total: 48.38 l
CO2 real total: 111766.0 g
CO2 meta total: 589.0 g
Delta CO2: -111177.0 g
Valor E1 total: R$ -5.56

💰 Créditos: R$ 0.00
💸 Débitos: R$ 5.56
📈 Saldo líquido: R$ -5.56
======================================================================

💾 Dados agregados salvos em: ../data/offset_batch/vehicles_step_sim_3/run_067.csv
[csv-worker_3] [vehicles_step_sim_3] ===== LOG RUN 067 FIM =====

[csv-worker_3] [vehicles_step_sim_3] ===== LOG RUN 068 INICIO =====
======================================================================
🚗 PROCESSAMENTO SUMO → E1 REGISTRY (OFFSET ALEATÓRIO - veh0)
======================================================================
📄 Entrada: ../data/vehicles_step_sim_3.csv
🏭 Consumo fabricante: 12.0 km/l
💰 Preço carbono: R$ 50.0/ton
⭕ Raio máximo do offset aleatório: 2.0 km
🎲 Offset gerado aleatoriamente:
   Ângulo: 161.1°
   Distância: 1.2386 km
   offset_x (lat): -0.010525°  |  offset_y (lon): 0.003607°
📊 Row stepping: Processando todas as linhas
🗺️  Map matching: DESATIVADO
📐 Cálculo de distância: HAVERSINE PURO dos pontos COM snap (consistência)
======================================================================

📊 Carregando dados SUMO...
   Total de registros no arquivo: 324
   Veículos únicos: 1
   🚙 Vehicle selecionado: carro_1000

🔄 Agregando viagens por vehicle_id...
  📐 SUMO_carro_1000: Calculando distâncias com Haversine direto (SEM routing API)
      Original: 299 pontos → 3.0526 km (Haversine)
      Offset:   299 pontos → 3.0526 km (Haversine)

🚙 Veículo: SUMO_carro_1000
   Modelo: HBEFA4/PC_petrol_Euro-6ab
   Segmentos: 299
   📏 Distância: 3.060 km (city: 3.060, highway: 0.000)
   ⛽ Combustível: 48.384 l
   🏭 CO2 real: 111766.0 g
   🎯 CO2 meta: 589.0 g
   📊 Delta: -111177.0 g
   💰 Valor E1: R$ -5.5588
   🧭 Tentativas map matching: 0

   🔑 OFFSET DETERMINÍSTICO (x=2.6966765298839958e-05°, y=0.016564886167453653°, max=2.0km):
   📍 Start Original:  (40.775644, -73.960687)
   🔒 Start Protegido: (40.775671, -73.944122) ✓ 1.40 km | ⚠ SEM MAP MATCHING
   📏 Deslocamento final: 1396.4 metros
   📍 End Original:    (40.774198, -73.961141)
   🔒 End Protegido:   (40.774225, -73.944576) ✓ 1.40 km | ⚠ SEM MAP MATCHING
   📏 Deslocamento final: 1396.4 metros

   📐 ANÁLISE DE DISTÂNCIA DO TRAJETO (HAVERSINE DOS PONTOS ARMAZENADOS):
   🔢 Pontos unicos original/offset: 299/299 (Δ +0, +0.0% )
   📍 Trajeto original: 3.053 km (linha reta entre pontos GPS)
   🔒 Trajeto com offset: 3.053 km (linha reta entre pontos COM snap)
   📊 Diferença: -0.000 km (-0.0%)

======================================================================
📊 ESTATÍSTICAS FINAIS
======================================================================
Viagens processadas: 1
Distância total: 3.06 km
Combustível total: 48.38 l
CO2 real total: 111766.0 g
CO2 meta total: 589.0 g
Delta CO2: -111177.0 g
Valor E1 total: R$ -5.56

💰 Créditos: R$ 0.00
💸 Débitos: R$ 5.56
📈 Saldo líquido: R$ -5.56
======================================================================

💾 Dados agregados salvos em: ../data/offset_batch/vehicles_step_sim_3/run_068.csv
[csv-worker_3] [vehicles_step_sim_3] ===== LOG RUN 068 FIM =====

[csv-worker_3] [vehicles_step_sim_3] ===== LOG RUN 069 INICIO =====
======================================================================
🚗 PROCESSAMENTO SUMO → E1 REGISTRY (OFFSET ALEATÓRIO - veh0)
======================================================================
📄 Entrada: ../data/vehicles_step_sim_3.csv
🏭 Consumo fabricante: 12.0 km/l
💰 Preço carbono: R$ 50.0/ton
⭕ Raio máximo do offset aleatório: 2.0 km
🎲 Offset gerado aleatoriamente:
   Ângulo: 204.7°
   Distância: 1.7786 km
   offset_x (lat): -0.014514°  |  offset_y (lon): -0.006680°
📊 Row stepping: Processando todas as linhas
🗺️  Map matching: DESATIVADO
📐 Cálculo de distância: HAVERSINE PURO dos pontos COM snap (consistência)
======================================================================

📊 Carregando dados SUMO...
   Total de registros no arquivo: 324
   Veículos únicos: 1
   🚙 Vehicle selecionado: carro_1000

🔄 Agregando viagens por vehicle_id...
  📐 SUMO_carro_1000: Calculando distâncias com Haversine direto (SEM routing API)
      Original: 312 pontos → 3.1845 km (Haversine)
      Offset:   312 pontos → 3.1847 km (Haversine)

🚙 Veículo: SUMO_carro_1000
   Modelo: HBEFA4/PC_petrol_Euro-6ab
   Segmentos: 312
   📏 Distância: 3.190 km (city: 2.602, highway: 0.587)
   ⛽ Combustível: 54.577 l
   🏭 CO2 real: 126071.8 g
   🎯 CO2 meta: 614.1 g
   📊 Delta: -125457.8 g
   💰 Valor E1: R$ -6.2729
   🧭 Tentativas map matching: 0

   🔑 OFFSET DETERMINÍSTICO (x=-0.006936219076145991°, y=-0.0004576527949190849°, max=2.0km):
   📍 Start Original:  (40.775644, -73.960687)
   🔒 Start Protegido: (40.768707, -73.961145) ✓ 0.77 km | ⚠ SEM MAP MATCHING
   📏 Deslocamento final: 773.1 metros
   📍 End Original:    (40.771637, -73.963520)
   🔒 End Protegido:   (40.764701, -73.963978) ✓ 0.77 km | ⚠ SEM MAP MATCHING
   📏 Deslocamento final: 773.1 metros

   📐 ANÁLISE DE DISTÂNCIA DO TRAJETO (HAVERSINE DOS PONTOS ARMAZENADOS):
   🔢 Pontos unicos original/offset: 312/312 (Δ +0, +0.0% )
   📍 Trajeto original: 3.185 km (linha reta entre pontos GPS)
   🔒 Trajeto com offset: 3.185 km (linha reta entre pontos COM snap)
   📊 Diferença: +0.000 km (+0.0%)

======================================================================
📊 ESTATÍSTICAS FINAIS
======================================================================
Viagens processadas: 1
Distância total: 3.19 km
Combustível total: 54.58 l
CO2 real total: 126071.8 g
CO2 meta total: 614.1 g
Delta CO2: -125457.8 g
Valor E1 total: R$ -6.27

💰 Créditos: R$ 0.00
💸 Débitos: R$ 6.27
📈 Saldo líquido: R$ -6.27
======================================================================

💾 Dados agregados salvos em: ../data/offset_batch/vehicles_step_sim_3/run_069.csv
[csv-worker_3] [vehicles_step_sim_3] ===== LOG RUN 069 FIM =====

[csv-worker_3] [vehicles_step_sim_3] ===== LOG RUN 070 INICIO =====
======================================================================
🚗 PROCESSAMENTO SUMO → E1 REGISTRY (OFFSET ALEATÓRIO - veh0)
======================================================================
📄 Entrada: ../data/vehicles_step_sim_3.csv
🏭 Consumo fabricante: 12.0 km/l
💰 Preço carbono: R$ 50.0/ton
⭕ Raio máximo do offset aleatório: 2.0 km
🎲 Offset gerado aleatoriamente:
   Ângulo: 328.5°
   Distância: 1.9992 km
   offset_x (lat): 0.015320°  |  offset_y (lon): -0.009372°
📊 Row stepping: Processando todas as linhas
🗺️  Map matching: DESATIVADO
📐 Cálculo de distância: HAVERSINE PURO dos pontos COM snap (consistência)
======================================================================

📊 Carregando dados SUMO...
   Total de registros no arquivo: 324
   Veículos únicos: 1
   🚙 Vehicle selecionado: carro_1000

🔄 Agregando viagens por vehicle_id...
  📐 SUMO_carro_1000: Calculando distâncias com Haversine direto (SEM routing API)
      Original: 312 pontos → 3.1845 km (Haversine)
      Offset:   312 pontos → 3.1848 km (Haversine)

🚙 Veículo: SUMO_carro_1000
   Modelo: HBEFA4/PC_petrol_Euro-6ab
   Segmentos: 312
   📏 Distância: 3.190 km (city: 2.602, highway: 0.587)
   ⛽ Combustível: 54.577 l
   🏭 CO2 real: 126071.8 g
   🎯 CO2 meta: 614.1 g
   📊 Delta: -125457.8 g
   💰 Valor E1: R$ -6.2729
   🧭 Tentativas map matching: 0

   🔑 OFFSET DETERMINÍSTICO (x=-0.009738659000420808°, y=-0.003514709791846328°, max=2.0km):
   📍 Start Original:  (40.775644, -73.960687)
   🔒 Start Protegido: (40.765905, -73.964202) ✓ 1.12 km | ⚠ SEM MAP MATCHING
   📏 Deslocamento final: 1123.9 metros
   📍 End Original:    (40.771637, -73.963520)
   🔒 End Protegido:   (40.761898, -73.967035) ✓ 1.12 km | ⚠ SEM MAP MATCHING
   📏 Deslocamento final: 1123.9 metros

   📐 ANÁLISE DE DISTÂNCIA DO TRAJETO (HAVERSINE DOS PONTOS ARMAZENADOS):
   🔢 Pontos unicos original/offset: 312/312 (Δ +0, +0.0% )
   📍 Trajeto original: 3.185 km (linha reta entre pontos GPS)
   🔒 Trajeto com offset: 3.185 km (linha reta entre pontos COM snap)
   📊 Diferença: +0.000 km (+0.0%)

======================================================================
📊 ESTATÍSTICAS FINAIS
======================================================================
Viagens processadas: 1
Distância total: 3.19 km
Combustível total: 54.58 l
CO2 real total: 126071.8 g
CO2 meta total: 614.1 g
Delta CO2: -125457.8 g
Valor E1 total: R$ -6.27

💰 Créditos: R$ 0.00
💸 Débitos: R$ 6.27
📈 Saldo líquido: R$ -6.27
======================================================================

💾 Dados agregados salvos em: ../data/offset_batch/vehicles_step_sim_3/run_070.csv
[csv-worker_3] [vehicles_step_sim_3] ===== LOG RUN 070 FIM =====

[csv-worker_3] [vehicles_step_sim_3] ===== LOG RUN 071 INICIO =====
======================================================================
🚗 PROCESSAMENTO SUMO → E1 REGISTRY (OFFSET ALEATÓRIO - veh0)
======================================================================
📄 Entrada: ../data/vehicles_step_sim_3.csv
🏭 Consumo fabricante: 12.0 km/l
💰 Preço carbono: R$ 50.0/ton
⭕ Raio máximo do offset aleatório: 2.0 km
🎲 Offset gerado aleatoriamente:
   Ângulo: 178.8°
   Distância: 1.2901 km
   offset_x (lat): -0.011587°  |  offset_y (lon): 0.000241°
📊 Row stepping: Processando todas as linhas
🗺️  Map matching: DESATIVADO
📐 Cálculo de distância: HAVERSINE PURO dos pontos COM snap (consistência)
======================================================================

📊 Carregando dados SUMO...

💾 Dados agregados salvos em: ../data/offset_batch/vehicles_step_sim_3/run_071.csv
[csv-worker_3] [vehicles_step_sim_3] ===== LOG RUN 071 FIM =====

[csv-worker_3] [vehicles_step_sim_3] ===== LOG RUN 072 INICIO =====
======================================================================
🚗 PROCESSAMENTO SUMO → E1 REGISTRY (OFFSET ALEATÓRIO - veh0)
======================================================================
📄 Entrada: ../data/vehicles_step_sim_3.csv
🏭 Consumo fabricante: 12.0 km/l
💰 Preço carbono: R$ 50.0/ton
⭕ Raio máximo do offset aleatório: 2.0 km
🎲 Offset gerado aleatoriamente:
   Ângulo: 104.4°
   Distância: 1.7157 km
   offset_x (lat): -0.003843°  |  offset_y (lon): 0.014925°
📊 Row stepping: Processando todas as linhas
🗺️  Map matching: DESATIVADO
📐 Cálculo de distância: HAVERSINE PURO dos pontos COM snap (consistência)
======================================================================

📊 Carregando dados SUMO...
   Total de registros no arquivo: 324
   Veículos únicos: 1
   🚙 Vehicle selecionado: carro_1000

🔄 Agregando viagens por vehicle_id...
  📐 SUMO_carro_1000: Calculando distâncias com Haversine direto (SEM routing API)
      Original: 300 pontos → 3.1542 km (Haversine)
      Offset:   300 pontos → 3.1542 km (Haversine)

🚙 Veículo: SUMO_carro_1000
   Modelo: HBEFA4/PC_petrol_Euro-6ab
   Segmentos: 300
   📏 Distância: 3.158 km (city: 2.541, highway: 0.617)
   ⛽ Combustível: 49.984 l
   🏭 CO2 real: 115462.6 g
   🎯 CO2 meta: 608.0 g
   📊 Delta: -114854.6 g
   💰 Valor E1: R$ -5.7427
   🧭 Tentativas map matching: 0

   🔑 OFFSET DETERMINÍSTICO (x=0.00023216143907937658°, y=0.004963604344599844°, max=2.0km):
   📍 Start Original:  (40.775644, -73.960687)
   🔒 Start Protegido: (40.775876, -73.955723) ✓ 0.42 km | ⚠ SEM MAP MATCHING
   📏 Deslocamento final: 419.2 metros
   📍 End Original:    (40.773912, -73.961904)
   🔒 End Protegido:   (40.774145, -73.956940) ✓ 0.42 km | ⚠ SEM MAP MATCHING
   📏 Deslocamento final: 419.2 metros

   📐 ANÁLISE DE DISTÂNCIA DO TRAJETO (HAVERSINE DOS PONTOS ARMAZENADOS):
   🔢 Pontos unicos original/offset: 299/299 (Δ +0, +0.0% )
   📍 Trajeto original: 3.154 km (linha reta entre pontos GPS)
   🔒 Trajeto com offset: 3.154 km (linha reta entre pontos COM snap)
   📊 Diferença: -0.000 km (-0.0%)

======================================================================
📊 ESTATÍSTICAS FINAIS
======================================================================
Viagens processadas: 1
Distância total: 3.16 km
Combustível total: 49.98 l
CO2 real total: 115462.6 g
CO2 meta total: 608.0 g
Delta CO2: -114854.6 g
Valor E1 total: R$ -5.74

💰 Créditos: R$ 0.00
💸 Débitos: R$ 5.74
📈 Saldo líquido: R$ -5.74
======================================================================

💾 Dados agregados salvos em: ../data/offset_batch/vehicles_step_sim_3/run_072.csv
[csv-worker_3] [vehicles_step_sim_3] ===== LOG RUN 072 FIM =====

[csv-worker_3] [vehicles_step_sim_3] ===== LOG RUN 073 INICIO =====
======================================================================
🚗 PROCESSAMENTO SUMO → E1 REGISTRY (OFFSET ALEATÓRIO - veh0)
======================================================================
📄 Entrada: ../data/vehicles_step_sim_3.csv
🏭 Consumo fabricante: 12.0 km/l
💰 Preço carbono: R$ 50.0/ton
⭕ Raio máximo do offset aleatório: 2.0 km
🎲 Offset gerado aleatoriamente:
   Ângulo: 197.4°
   Distância: 1.8835 km
   offset_x (lat): -0.016146°  |  offset_y (lon): -0.005057°
📊 Row stepping: Processando todas as linhas
🗺️  Map matching: DESATIVADO
📐 Cálculo de distância: HAVERSINE PURO dos pontos COM snap (consistência)
======================================================================

📊 Carregando dados SUMO...
   Total de registros no arquivo: 324
   Veículos únicos: 1
   🚙 Vehicle selecionado: carro_1000

🔄 Agregando viagens por vehicle_id...
  📐 SUMO_carro_1000: Calculando distâncias com Haversine direto (SEM routing API)
      Original: 300 pontos → 3.1542 km (Haversine)
      Offset:   300 pontos → 3.1543 km (Haversine)

🚙 Veículo: SUMO_carro_1000
   Modelo: HBEFA4/PC_petrol_Euro-6ab
   Segmentos: 300
   📏 Distância: 3.158 km (city: 2.541, highway: 0.617)
   ⛽ Combustível: 49.984 l
   🏭 CO2 real: 115462.6 g
   🎯 CO2 meta: 608.0 g
   📊 Delta: -114854.6 g
   💰 Valor E1: R$ -5.7427
   🧭 Tentativas map matching: 0

   🔑 OFFSET DETERMINÍSTICO (x=-0.00762801530460382°, y=-0.002352689928746752°, max=2.0km):
   📍 Start Original:  (40.775644, -73.960687)
   🔒 Start Protegido: (40.768016, -73.963040) ✓ 0.87 km | ⚠ SEM MAP MATCHING
   📏 Deslocamento final: 872.0 metros
   📍 End Original:    (40.773912, -73.961904)
   🔒 End Protegido:   (40.766284, -73.964256) ✓ 0.87 km | ⚠ SEM MAP MATCHING
   📏 Deslocamento final: 872.0 metros

   📐 ANÁLISE DE DISTÂNCIA DO TRAJETO (HAVERSINE DOS PONTOS ARMAZENADOS):
   🔢 Pontos unicos original/offset: 299/299 (Δ +0, +0.0% )
   📍 Trajeto original: 3.154 km (linha reta entre pontos GPS)
   🔒 Trajeto com offset: 3.154 km (linha reta entre pontos COM snap)
   📊 Diferença: +0.000 km (+0.0%)

======================================================================
📊 ESTATÍSTICAS FINAIS
======================================================================
Viagens processadas: 1
Distância total: 3.16 km
Combustível total: 49.98 l
CO2 real total: 115462.6 g
CO2 meta total: 608.0 g
Delta CO2: -114854.6 g
Valor E1 total: R$ -5.74

💰 Créditos: R$ 0.00
💸 Débitos: R$ 5.74
📈 Saldo líquido: R$ -5.74
======================================================================

💾 Dados agregados salvos em: ../data/offset_batch/vehicles_step_sim_3/run_073.csv
[csv-worker_3] [vehicles_step_sim_3] ===== LOG RUN 073 FIM =====

[csv-worker_3] [vehicles_step_sim_3] ===== LOG RUN 074 INICIO =====
======================================================================
🚗 PROCESSAMENTO SUMO → E1 REGISTRY (OFFSET ALEATÓRIO - veh0)
======================================================================
📄 Entrada: ../data/vehicles_step_sim_3.csv
🏭 Consumo fabricante: 12.0 km/l
💰 Preço carbono: R$ 50.0/ton
⭕ Raio máximo do offset aleatório: 2.0 km
🎲 Offset gerado aleatoriamente:
   Ângulo: 98.1°
   Distância: 1.2371 km
   offset_x (lat): -0.001561°  |  offset_y (lon): 0.011003°
📊 Row stepping: Processando todas as linhas
🗺️  Map matching: DESATIVADO
📐 Cálculo de distância: HAVERSINE PURO dos pontos COM snap (consistência)
======================================================================

📊 Carregando dados SUMO...
   Total de registros no arquivo: 337
   Veículos únicos: 1
   🚙 Vehicle selecionado: carro_1000

🔄 Agregando viagens por vehicle_id...
   Total de registros no arquivo: 324
   Veículos únicos: 1
   🚙 Vehicle selecionado: carro_1000

🔄 Agregando viagens por vehicle_id...
  📐 SUMO_carro_1000: Calculando distâncias com Haversine direto (SEM routing API)
      Original: 301 pontos → 3.1480 km (Haversine)
      Offset:   301 pontos → 3.1476 km (Haversine)

🚙 Veículo: SUMO_carro_1000
   Modelo: HBEFA4/PC_petrol_Euro-6ab
   Segmentos: 301
   📏 Distância: 3.159 km (city: 3.020, highway: 0.139)
   ⛽ Combustível: 51.224 l
   🏭 CO2 real: 118326.7 g
   🎯 CO2 meta: 608.1 g
   📊 Delta: -117718.6 g
   💰 Valor E1: R$ -5.8859
   🧭 Tentativas map matching: 0

   🔑 OFFSET DETERMINÍSTICO (x=0.013905467686123975°, y=-0.0012821397114021365°, max=2.0km):
   📍 Start Original:  (40.775644, -73.960687)
   🔒 Start Protegido: (40.789549, -73.961969) ✓ 1.55 km | ⚠ SEM MAP MATCHING
   📏 Deslocamento final: 1551.7 metros
   📍 End Original:    (40.771236, -73.963813)
   🔒 End Protegido:   (40.785141, -73.965095) ✓ 1.55 km | ⚠ SEM MAP MATCHING
   📏 Deslocamento final: 1551.7 metros

   📐 ANÁLISE DE DISTÂNCIA DO TRAJETO (HAVERSINE DOS PONTOS ARMAZENADOS):
   🔢 Pontos unicos original/offset: 301/301 (Δ +0, +0.0% )
   📍 Trajeto original: 3.148 km (linha reta entre pontos GPS)
   🔒 Trajeto com offset: 3.148 km (linha reta entre pontos COM snap)
   📊 Diferença: -0.000 km (-0.0%)

======================================================================
📊 ESTATÍSTICAS FINAIS
======================================================================
Viagens processadas: 1
Distância total: 3.16 km
Combustível total: 51.22 l
CO2 real total: 118326.7 g
CO2 meta total: 608.1 g
Delta CO2: -117718.6 g
Valor E1 total: R$ -5.89

💰 Créditos: R$ 0.00
💸 Débitos: R$ 5.89
📈 Saldo líquido: R$ -5.89
======================================================================

💾 Dados agregados salvos em: ../data/offset_batch/vehicles_step_sim_3/run_074.csv
[csv-worker_3] [vehicles_step_sim_3] ===== LOG RUN 074 FIM =====

[csv-worker_3] [vehicles_step_sim_3] ===== LOG RUN 075 INICIO =====
======================================================================
🚗 PROCESSAMENTO SUMO → E1 REGISTRY (OFFSET ALEATÓRIO - veh0)
======================================================================
📄 Entrada: ../data/vehicles_step_sim_3.csv
🏭 Consumo fabricante: 12.0 km/l
💰 Preço carbono: R$ 50.0/ton
⭕ Raio máximo do offset aleatório: 2.0 km
🎲 Offset gerado aleatoriamente:
   Ângulo: 335.2°
   Distância: 0.9786 km
   offset_x (lat): 0.007978°  |  offset_y (lon): -0.003692°
📊 Row stepping: Processando todas as linhas
🗺️  Map matching: DESATIVADO
📐 Cálculo de distância: HAVERSINE PURO dos pontos COM snap (consistência)
======================================================================

📊 Carregando dados SUMO...
   Total de registros no arquivo: 324
   Veículos únicos: 1
   🚙 Vehicle selecionado: carro_1000

🔄 Agregando viagens por vehicle_id...
  📐 SUMO_carro_1000: Calculando distâncias com Haversine direto (SEM routing API)
      Original: 301 pontos → 3.1480 km (Haversine)
      Offset:   301 pontos → 3.1481 km (Haversine)

🚙 Veículo: SUMO_carro_1000
   Modelo: HBEFA4/PC_petrol_Euro-6ab
   Segmentos: 301
   📏 Distância: 3.159 km (city: 3.020, highway: 0.139)
   ⛽ Combustível: 51.224 l
   🏭 CO2 real: 118326.7 g
   🎯 CO2 meta: 608.1 g
   📊 Delta: -117718.6 g
   💰 Valor E1: R$ -5.8859
   🧭 Tentativas map matching: 0

   🔑 OFFSET DETERMINÍSTICO (x=-0.005360012114286139°, y=-0.005107176905195164°, max=2.0km):
   📍 Start Original:  (40.775644, -73.960687)
   🔒 Start Protegido: (40.770284, -73.965794) ✓ 0.74 km | ⚠ SEM MAP MATCHING
   📏 Deslocamento final: 735.8 metros
   📍 End Original:    (40.771236, -73.963813)
   🔒 End Protegido:   (40.765876, -73.968920) ✓ 0.74 km | ⚠ SEM MAP MATCHING
   📏 Deslocamento final: 735.8 metros

   📐 ANÁLISE DE DISTÂNCIA DO TRAJETO (HAVERSINE DOS PONTOS ARMAZENADOS):
   🔢 Pontos unicos original/offset: 301/301 (Δ +0, +0.0% )
   📍 Trajeto original: 3.148 km (linha reta entre pontos GPS)
   🔒 Trajeto com offset: 3.148 km (linha reta entre pontos COM snap)
   📊 Diferença: +0.000 km (+0.0%)

======================================================================
📊 ESTATÍSTICAS FINAIS
======================================================================
Viagens processadas: 1
Distância total: 3.16 km
Combustível total: 51.22 l
CO2 real total: 118326.7 g
CO2 meta total: 608.1 g
Delta CO2: -117718.6 g
Valor E1 total: R$ -5.89

💰 Créditos: R$ 0.00
💸 Débitos: R$ 5.89
📈 Saldo líquido: R$ -5.89
======================================================================

💾 Dados agregados salvos em: ../data/offset_batch/vehicles_step_sim_3/run_075.csv
[csv-worker_3] [vehicles_step_sim_3] ===== LOG RUN 075 FIM =====

[csv-worker_3] [vehicles_step_sim_3] ===== LOG RUN 076 INICIO =====
======================================================================
🚗 PROCESSAMENTO SUMO → E1 REGISTRY (OFFSET ALEATÓRIO - veh0)
======================================================================
📄 Entrada: ../data/vehicles_step_sim_3.csv
🏭 Consumo fabricante: 12.0 km/l
💰 Preço carbono: R$ 50.0/ton
⭕ Raio máximo do offset aleatório: 2.0 km
🎲 Offset gerado aleatoriamente:
   Ângulo: 248.4°
   Distância: 1.7543 km
   offset_x (lat): -0.005807°  |  offset_y (lon): -0.014650°
📊 Row stepping: Processando todas as linhas
🗺️  Map matching: DESATIVADO
📐 Cálculo de distância: HAVERSINE PURO dos pontos COM snap (consistência)
======================================================================

📊 Carregando dados SUMO...
   Total de registros no arquivo: 324
   Veículos únicos: 1
   🚙 Vehicle selecionado: carro_1000

🔄 Agregando viagens por vehicle_id...
  📐 SUMO_carro_1000: Calculando distâncias com Haversine direto (SEM routing API)
      Original: 337 pontos → 3.3706 km (Haversine)
      Offset:   337 pontos → 3.3708 km (Haversine)

🚙 Veículo: SUMO_carro_1000
   Modelo: HBEFA4/PC_petrol_Euro-6ab
   Segmentos: 337
   📏 Distância: 3.379 km (city: 3.069, highway: 0.310)
   ⛽ Combustível: 58.616 l
   🏭 CO2 real: 135402.3 g
   🎯 CO2 meta: 650.5 g
   📊 Delta: -134751.8 g
   💰 Valor E1: R$ -6.7376
   🧭 Tentativas map matching: 0

   🔑 OFFSET DETERMINÍSTICO (x=-0.0051909351732271685°, y=-0.013446676617728985°, max=2.0km):
   📍 Start Original:  (40.775644, -73.960687)
   🔒 Start Protegido: (40.770453, -73.974134) ✓ 1.27 km | ⚠ SEM MAP MATCHING
   📏 Deslocamento final: 1272.3 metros
   📍 End Original:    (40.774801, -73.960637)
   🔒 End Protegido:   (40.769610, -73.974083) ✓ 1.27 km | ⚠ SEM MAP MATCHING
   📏 Deslocamento final: 1272.4 metros

   📐 ANÁLISE DE DISTÂNCIA DO TRAJETO (HAVERSINE DOS PONTOS ARMAZENADOS):
   🔢 Pontos unicos original/offset: 337/337 (Δ +0, +0.0% )
   📍 Trajeto original: 3.371 km (linha reta entre pontos GPS)
   🔒 Trajeto com offset: 3.371 km (linha reta entre pontos COM snap)
   📊 Diferença: +0.000 km (+0.0%)

======================================================================
📊 ESTATÍSTICAS FINAIS
======================================================================
Viagens processadas: 1
Distância total: 3.38 km
Combustível total: 58.62 l
CO2 real total: 135402.3 g
CO2 meta total: 650.5 g
Delta CO2: -134751.8 g
Valor E1 total: R$ -6.74

💰 Créditos: R$ 0.00
💸 Débitos: R$ 6.74
📈 Saldo líquido: R$ -6.74
======================================================================

💾 Dados agregados salvos em: ../data/offset_batch/vehicles_step_sim_3/run_076.csv
[csv-worker_3] [vehicles_step_sim_3] ===== LOG RUN 076 FIM =====

[csv-worker_3] [vehicles_step_sim_3] ===== LOG RUN 077 INICIO =====
======================================================================
🚗 PROCESSAMENTO SUMO → E1 REGISTRY (OFFSET ALEATÓRIO - veh0)
======================================================================
📄 Entrada: ../data/vehicles_step_sim_3.csv
🏭 Consumo fabricante: 12.0 km/l
💰 Preço carbono: R$ 50.0/ton
⭕ Raio máximo do offset aleatório: 2.0 km
🎲 Offset gerado aleatoriamente:
   Ângulo: 173.3°
   Distância: 0.8698 km
   offset_x (lat): -0.007760°  |  offset_y (lon): 0.000914°
📊 Row stepping: Processando todas as linhas
🗺️  Map matching: DESATIVADO
📐 Cálculo de distância: HAVERSINE PURO dos pontos COM snap (consistência)
======================================================================

📊 Carregando dados SUMO...
   Total de registros no arquivo: 324
   Veículos únicos: 1
   🚙 Vehicle selecionado: carro_1000

🔄 Agregando viagens por vehicle_id...
  📐 SUMO_carro_1000: Calculando distâncias com Haversine direto (SEM routing API)
      Original: 301 pontos → 3.1480 km (Haversine)
      Offset:   301 pontos → 3.1483 km (Haversine)

🚙 Veículo: SUMO_carro_1000
   Modelo: HBEFA4/PC_petrol_Euro-6ab
   Segmentos: 301
   📏 Distância: 3.159 km (city: 3.020, highway: 0.139)
   ⛽ Combustível: 51.224 l
   🏭 CO2 real: 118326.7 g
   🎯 CO2 meta: 608.1 g
   📊 Delta: -117718.6 g
   💰 Valor E1: R$ -5.8859
   🧭 Tentativas map matching: 0

   🔑 OFFSET DETERMINÍSTICO (x=-0.014543627158150173°, y=-0.008612360403225243°, max=2.0km):
   📍 Start Original:  (40.775644, -73.960687)
   🔒 Start Protegido: (40.761100, -73.969299) ✓ 1.77 km | ⚠ SEM MAP MATCHING
   📏 Deslocamento final: 1774.3 metros
   📍 End Original:    (40.771236, -73.963813)
   🔒 End Protegido:   (40.756692, -73.972425) ✓ 1.77 km | ⚠ SEM MAP MATCHING
   📏 Deslocamento final: 1774.4 metros

   📐 ANÁLISE DE DISTÂNCIA DO TRAJETO (HAVERSINE DOS PONTOS ARMAZENADOS):
   🔢 Pontos unicos original/offset: 301/301 (Δ +0, +0.0% )
   📍 Trajeto original: 3.148 km (linha reta entre pontos GPS)
   🔒 Trajeto com offset: 3.148 km (linha reta entre pontos COM snap)
   📊 Diferença: +0.000 km (+0.0%)

======================================================================
📊 ESTATÍSTICAS FINAIS
======================================================================
Viagens processadas: 1
Distância total: 3.16 km
Combustível total: 51.22 l
CO2 real total: 118326.7 g
CO2 meta total: 608.1 g
Delta CO2: -117718.6 g
Valor E1 total: R$ -5.89

💰 Créditos: R$ 0.00
💸 Débitos: R$ 5.89
📈 Saldo líquido: R$ -5.89
======================================================================

💾 Dados agregados salvos em: ../data/offset_batch/vehicles_step_sim_3/run_077.csv
[csv-worker_3] [vehicles_step_sim_3] ===== LOG RUN 077 FIM =====

[csv-worker_3] [vehicles_step_sim_3] ===== LOG RUN 078 INICIO =====
======================================================================
🚗 PROCESSAMENTO SUMO → E1 REGISTRY (OFFSET ALEATÓRIO - veh0)
======================================================================
📄 Entrada: ../data/vehicles_step_sim_3.csv
🏭 Consumo fabricante: 12.0 km/l
💰 Preço carbono: R$ 50.0/ton
⭕ Raio máximo do offset aleatório: 2.0 km
🎲 Offset gerado aleatoriamente:
   Ângulo: 233.0°
   Distância: 1.9305 km
   offset_x (lat): -0.010427°  |  offset_y (lon): -0.013857°
📊 Row stepping: Processando todas as linhas
🗺️  Map matching: DESATIVADO
📐 Cálculo de distância: HAVERSINE PURO dos pontos COM snap (consistência)
======================================================================

📊 Carregando dados SUMO...
   Total de registros no arquivo: 324
   Veículos únicos: 1
   🚙 Vehicle selecionado: carro_1000

🔄 Agregando viagens por vehicle_id...
  📐 SUMO_carro_1000: Calculando distâncias com Haversine direto (SEM routing API)
      Original: 301 pontos → 3.1480 km (Haversine)
      Offset:   301 pontos → 3.1476 km (Haversine)

🚙 Veículo: SUMO_carro_1000
   Modelo: HBEFA4/PC_petrol_Euro-6ab
   Segmentos: 301
   📏 Distância: 3.159 km (city: 3.020, highway: 0.139)
   ⛽ Combustível: 51.224 l
   🏭 CO2 real: 118326.7 g
   🎯 CO2 meta: 608.1 g
   📊 Delta: -117718.6 g
   💰 Valor E1: R$ -5.8859
   🧭 Tentativas map matching: 0

   🔑 OFFSET DETERMINÍSTICO (x=0.015181443570202197°, y=-0.004373186875511716°, max=2.0km):
   📍 Start Original:  (40.775644, -73.960687)
   🔒 Start Protegido: (40.790825, -73.965060) ✓ 1.73 km | ⚠ SEM MAP MATCHING
   📏 Deslocamento final: 1729.7 metros
   📍 End Original:    (40.771236, -73.963813)
   🔒 End Protegido:   (40.786417, -73.968186) ✓ 1.73 km | ⚠ SEM MAP MATCHING
   📏 Deslocamento final: 1729.7 metros

   📐 ANÁLISE DE DISTÂNCIA DO TRAJETO (HAVERSINE DOS PONTOS ARMAZENADOS):
   🔢 Pontos unicos original/offset: 301/301 (Δ +0, +0.0% )
   📍 Trajeto original: 3.148 km (linha reta entre pontos GPS)
   🔒 Trajeto com offset: 3.148 km (linha reta entre pontos COM snap)
   📊 Diferença: -0.000 km (-0.0%)

======================================================================
📊 ESTATÍSTICAS FINAIS
======================================================================
Viagens processadas: 1
Distância total: 3.16 km
Combustível total: 51.22 l
CO2 real total: 118326.7 g
CO2 meta total: 608.1 g
Delta CO2: -117718.6 g
Valor E1 total: R$ -5.89

💰 Créditos: R$ 0.00
💸 Débitos: R$ 5.89
📈 Saldo líquido: R$ -5.89
======================================================================

💾 Dados agregados salvos em: ../data/offset_batch/vehicles_step_sim_3/run_078.csv
[csv-worker_3] [vehicles_step_sim_3] ===== LOG RUN 078 FIM =====

[csv-worker_3] [vehicles_step_sim_3] ===== LOG RUN 079 INICIO =====
======================================================================
🚗 PROCESSAMENTO SUMO → E1 REGISTRY (OFFSET ALEATÓRIO - veh0)
======================================================================
📄 Entrada: ../data/vehicles_step_sim_3.csv
🏭 Consumo fabricante: 12.0 km/l
💰 Preço carbono: R$ 50.0/ton
⭕ Raio máximo do offset aleatório: 2.0 km
🎲 Offset gerado aleatoriamente:
   Ângulo: 39.9°
   Distância: 0.8022 km
   offset_x (lat): 0.005526°  |  offset_y (lon): 0.004626°
📊 Row stepping: Processando todas as linhas
🗺️  Map matching: DESATIVADO
📐 Cálculo de distância: HAVERSINE PURO dos pontos COM snap (consistência)
======================================================================

📊 Carregando dados SUMO...
   Total de registros no arquivo: 324
   Veículos únicos: 1
   🚙 Vehicle selecionado: carro_1000

🔄 Agregando viagens por vehicle_id...
  📐 SUMO_carro_1000: Calculando distâncias com Haversine direto (SEM routing API)
      Original: 337 pontos → 3.3706 km (Haversine)
      Offset:   337 pontos → 3.3708 km (Haversine)

🚙 Veículo: SUMO_carro_1000
   Modelo: HBEFA4/PC_petrol_Euro-6ab
   Segmentos: 337
   📏 Distância: 3.379 km (city: 3.069, highway: 0.310)
   ⛽ Combustível: 58.616 l
   🏭 CO2 real: 135402.3 g
   🎯 CO2 meta: 650.5 g
   📊 Delta: -134751.8 g
   💰 Valor E1: R$ -6.7376
   🧭 Tentativas map matching: 0

   🔑 OFFSET DETERMINÍSTICO (x=-0.0058270187770680165°, y=0.00859898134274379°, max=2.0km):
   📍 Start Original:  (40.775644, -73.960687)
   🔒 Start Protegido: (40.769817, -73.952088) ✓ 0.97 km | ⚠ SEM MAP MATCHING
   📏 Deslocamento final: 972.7 metros
   📍 End Original:    (40.774801, -73.960637)
   🔒 End Protegido:   (40.768974, -73.952038) ✓ 0.97 km | ⚠ SEM MAP MATCHING
   📏 Deslocamento final: 972.8 metros

   📐 ANÁLISE DE DISTÂNCIA DO TRAJETO (HAVERSINE DOS PONTOS ARMAZENADOS):
   🔢 Pontos unicos original/offset: 337/337 (Δ +0, +0.0% )
   📍 Trajeto original: 3.371 km (linha reta entre pontos GPS)
   🔒 Trajeto com offset: 3.371 km (linha reta entre pontos COM snap)
   📊 Diferença: +0.000 km (+0.0%)

======================================================================
📊 ESTATÍSTICAS FINAIS
======================================================================
Viagens processadas: 1
Distância total: 3.38 km
Combustível total: 58.62 l
CO2 real total: 135402.3 g
CO2 meta total: 650.5 g
Delta CO2: -134751.8 g
Valor E1 total: R$ -6.74

💰 Créditos: R$ 0.00
💸 Débitos: R$ 6.74
📈 Saldo líquido: R$ -6.74
======================================================================

💾 Dados agregados salvos em: ../data/offset_batch/vehicles_step_sim_3/run_079.csv
[csv-worker_3] [vehicles_step_sim_3] ===== LOG RUN 079 FIM =====

[csv-worker_3] [vehicles_step_sim_3] ===== LOG RUN 080 INICIO =====
======================================================================
🚗 PROCESSAMENTO SUMO → E1 REGISTRY (OFFSET ALEATÓRIO - veh0)
======================================================================
📄 Entrada: ../data/vehicles_step_sim_3.csv
🏭 Consumo fabricante: 12.0 km/l
💰 Preço carbono: R$ 50.0/ton
⭕ Raio máximo do offset aleatório: 2.0 km
🎲 Offset gerado aleatoriamente:
   Ângulo: 311.9°
   Distância: 1.5051 km
   offset_x (lat): 0.009031°  |  offset_y (lon): -0.010062°
📊 Row stepping: Processando todas as linhas
🗺️  Map matching: DESATIVADO
📐 Cálculo de distância: HAVERSINE PURO dos pontos COM snap (consistência)
======================================================================

📊 Carregando dados SUMO...
   Total de registros no arquivo: 324
   Veículos únicos: 1
   🚙 Vehicle selecionado: carro_1000

🔄 Agregando viagens por vehicle_id...
  📐 SUMO_carro_1000: Calculando distâncias com Haversine direto (SEM routing API)
      Original: 299 pontos → 3.0526 km (Haversine)
      Offset:   299 pontos → 3.0527 km (Haversine)

🚙 Veículo: SUMO_carro_1000
   Modelo: HBEFA4/PC_petrol_Euro-6ab
   Segmentos: 299
   📏 Distância: 3.060 km (city: 3.060, highway: 0.000)
   ⛽ Combustível: 48.384 l
   🏭 CO2 real: 111766.0 g
   🎯 CO2 meta: 589.0 g
   📊 Delta: -111177.0 g
   💰 Valor E1: R$ -5.5588
   🧭 Tentativas map matching: 0

   🔑 OFFSET DETERMINÍSTICO (x=-0.004110365243752709°, y=0.010077179484289073°, max=2.0km):
   📍 Start Original:  (40.775644, -73.960687)
   🔒 Start Protegido: (40.771533, -73.950610) ✓ 0.96 km | ⚠ SEM MAP MATCHING
   📏 Deslocamento final: 964.9 metros
   📍 End Original:    (40.774198, -73.961141)
   🔒 End Protegido:   (40.770088, -73.951064) ✓ 0.96 km | ⚠ SEM MAP MATCHING
   📏 Deslocamento final: 964.9 metros

   📐 ANÁLISE DE DISTÂNCIA DO TRAJETO (HAVERSINE DOS PONTOS ARMAZENADOS):
   🔢 Pontos unicos original/offset: 299/299 (Δ +0, +0.0% )
   📍 Trajeto original: 3.053 km (linha reta entre pontos GPS)
   🔒 Trajeto com offset: 3.053 km (linha reta entre pontos COM snap)
   📊 Diferença: +0.000 km (+0.0%)

======================================================================
📊 ESTATÍSTICAS FINAIS
======================================================================
Viagens processadas: 1
Distância total: 3.06 km
Combustível total: 48.38 l
CO2 real total: 111766.0 g
CO2 meta total: 589.0 g
Delta CO2: -111177.0 g
Valor E1 total: R$ -5.56

💰 Créditos: R$ 0.00
💸 Débitos: R$ 5.56
📈 Saldo líquido: R$ -5.56
======================================================================

💾 Dados agregados salvos em: ../data/offset_batch/vehicles_step_sim_3/run_080.csv
[csv-worker_3] [vehicles_step_sim_3] ===== LOG RUN 080 FIM =====

[csv-worker_3] [vehicles_step_sim_3] ===== LOG RUN 081 INICIO =====
======================================================================
🚗 PROCESSAMENTO SUMO → E1 REGISTRY (OFFSET ALEATÓRIO - veh0)
======================================================================
📄 Entrada: ../data/vehicles_step_sim_3.csv
🏭 Consumo fabricante: 12.0 km/l
💰 Preço carbono: R$ 50.0/ton
⭕ Raio máximo do offset aleatório: 2.0 km
🎲 Offset gerado aleatoriamente:
   Ângulo: 188.2°
   Distância: 1.3024 km
   offset_x (lat): -0.011580°  |  offset_y (lon): -0.001670°
📊 Row stepping: Processando todas as linhas
🗺️  Map matching: DESATIVADO
📐 Cálculo de distância: HAVERSINE PURO dos pontos COM snap (consistência)
======================================================================

📊 Carregando dados SUMO...
   Total de registros no arquivo: 324
   Veículos únicos: 1
   🚙 Vehicle selecionado: carro_1000

🔄 Agregando viagens por vehicle_id...
  📐 SUMO_carro_1000: Calculando distâncias com Haversine direto (SEM routing API)
      Original: 337 pontos → 3.3706 km (Haversine)
      Offset:   337 pontos → 3.3710 km (Haversine)

🚙 Veículo: SUMO_carro_1000
   Modelo: HBEFA4/PC_petrol_Euro-6ab
   Segmentos: 337
   📏 Distância: 3.379 km (city: 3.069, highway: 0.310)
   ⛽ Combustível: 58.616 l
   🏭 CO2 real: 135402.3 g
   🎯 CO2 meta: 650.5 g
   📊 Delta: -134751.8 g
   💰 Valor E1: R$ -6.7376
   🧭 Tentativas map matching: 0

   🔑 OFFSET DETERMINÍSTICO (x=-0.012579116082309693°, y=-0.00814617358797953°, max=2.0km):
   📍 Start Original:  (40.775644, -73.960687)
   🔒 Start Protegido: (40.763064, -73.968833) ✓ 1.56 km | ⚠ SEM MAP MATCHING
   📏 Deslocamento final: 1559.6 metros
   📍 End Original:    (40.774801, -73.960637)
   🔒 End Protegido:   (40.762222, -73.968783) ✓ 1.56 km | ⚠ SEM MAP MATCHING
   📏 Deslocamento final: 1559.6 metros

   📐 ANÁLISE DE DISTÂNCIA DO TRAJETO (HAVERSINE DOS PONTOS ARMAZENADOS):
   🔢 Pontos unicos original/offset: 337/337 (Δ +0, +0.0% )
   📍 Trajeto original: 3.371 km (linha reta entre pontos GPS)
   🔒 Trajeto com offset: 3.371 km (linha reta entre pontos COM snap)
   📊 Diferença: +0.000 km (+0.0%)

======================================================================
📊 ESTATÍSTICAS FINAIS
======================================================================
Viagens processadas: 1
Distância total: 3.38 km
Combustível total: 58.62 l
CO2 real total: 135402.3 g
CO2 meta total: 650.5 g
Delta CO2: -134751.8 g
Valor E1 total: R$ -6.74

💰 Créditos: R$ 0.00
💸 Débitos: R$ 6.74
📈 Saldo líquido: R$ -6.74
======================================================================

💾 Dados agregados salvos em: ../data/offset_batch/vehicles_step_sim_3/run_081.csv
[csv-worker_3] [vehicles_step_sim_3] ===== LOG RUN 081 FIM =====

[csv-worker_3] [vehicles_step_sim_3] ===== LOG RUN 082 INICIO =====
======================================================================
🚗 PROCESSAMENTO SUMO → E1 REGISTRY (OFFSET ALEATÓRIO - veh0)
======================================================================
📄 Entrada: ../data/vehicles_step_sim_3.csv
🏭 Consumo fabricante: 12.0 km/l
💰 Preço carbono: R$ 50.0/ton
⭕ Raio máximo do offset aleatório: 2.0 km
🎲 Offset gerado aleatoriamente:
   Ângulo: 263.5°
   Distância: 1.8834 km
   offset_x (lat): -0.001928°  |  offset_y (lon): -0.016809°
📊 Row stepping: Processando todas as linhas
🗺️  Map matching: DESATIVADO
📐 Cálculo de distância: HAVERSINE PURO dos pontos COM snap (consistência)
======================================================================

📊 Carregando dados SUMO...
   Total de registros no arquivo: 324
   Veículos únicos: 1
   🚙 Vehicle selecionado: carro_1000

🔄 Agregando viagens por vehicle_id...
  📐 SUMO_carro_1000: Calculando distâncias com Haversine direto (SEM routing API)
      Original: 337 pontos → 3.3706 km (Haversine)
      Offset:   337 pontos → 3.3703 km (Haversine)

🚙 Veículo: SUMO_carro_1000
   Modelo: HBEFA4/PC_petrol_Euro-6ab
   Segmentos: 337
   📏 Distância: 3.379 km (city: 3.069, highway: 0.310)
   ⛽ Combustível: 58.616 l
   🏭 CO2 real: 135402.3 g
   🎯 CO2 meta: 650.5 g
   📊 Delta: -134751.8 g
   💰 Valor E1: R$ -6.7376
   🧭 Tentativas map matching: 0

   🔑 OFFSET DETERMINÍSTICO (x=0.0106574679139288°, y=-0.0071827262572100635°, max=2.0km):
   📍 Start Original:  (40.775644, -73.960687)
   🔒 Start Protegido: (40.786301, -73.967870) ✓ 1.33 km | ⚠ SEM MAP MATCHING
   📏 Deslocamento final: 1332.0 metros
   📍 End Original:    (40.774801, -73.960637)
   🔒 End Protegido:   (40.785459, -73.967820) ✓ 1.33 km | ⚠ SEM MAP MATCHING
   📏 Deslocamento final: 1332.0 metros

   📐 ANÁLISE DE DISTÂNCIA DO TRAJETO (HAVERSINE DOS PONTOS ARMAZENADOS):
   🔢 Pontos unicos original/offset: 337/337 (Δ +0, +0.0% )
   📍 Trajeto original: 3.371 km (linha reta entre pontos GPS)
   🔒 Trajeto com offset: 3.370 km (linha reta entre pontos COM snap)
   📊 Diferença: -0.000 km (-0.0%)

======================================================================
📊 ESTATÍSTICAS FINAIS
======================================================================
Viagens processadas: 1
Distância total: 3.38 km
Combustível total: 58.62 l
CO2 real total: 135402.3 g
CO2 meta total: 650.5 g
Delta CO2: -134751.8 g
Valor E1 total: R$ -6.74

💰 Créditos: R$ 0.00
💸 Débitos: R$ 6.74
📈 Saldo líquido: R$ -6.74
======================================================================

💾 Dados agregados salvos em: ../data/offset_batch/vehicles_step_sim_3/run_082.csv
[csv-worker_3] [vehicles_step_sim_3] ===== LOG RUN 082 FIM =====

[csv-worker_3] [vehicles_step_sim_3] ===== LOG RUN 083 INICIO =====
======================================================================
🚗 PROCESSAMENTO SUMO → E1 REGISTRY (OFFSET ALEATÓRIO - veh0)
======================================================================
📄 Entrada: ../data/vehicles_step_sim_3.csv
🏭 Consumo fabricante: 12.0 km/l
💰 Preço carbono: R$ 50.0/ton
⭕ Raio máximo do offset aleatório: 2.0 km
🎲 Offset gerado aleatoriamente:
   Ângulo: 344.9°
   Distância: 0.2209 km
   offset_x (lat): 0.001915°  |  offset_y (lon): -0.000519°
📊 Row stepping: Processando todas as linhas
🗺️  Map matching: DESATIVADO
📐 Cálculo de distância: HAVERSINE PURO dos pontos COM snap (consistência)
======================================================================

📊 Carregando dados SUMO...
   Total de registros no arquivo: 324
   Veículos únicos: 1
   🚙 Vehicle selecionado: carro_1000

🔄 Agregando viagens por vehicle_id...
  📐 SUMO_carro_1000: Calculando distâncias com Haversine direto (SEM routing API)
      Original: 300 pontos → 3.1542 km (Haversine)
      Offset:   300 pontos → 3.1539 km (Haversine)

🚙 Veículo: SUMO_carro_1000
   Modelo: HBEFA4/PC_petrol_Euro-6ab
   Segmentos: 300
   📏 Distância: 3.158 km (city: 2.541, highway: 0.617)
   ⛽ Combustível: 49.984 l
   🏭 CO2 real: 115462.6 g
   🎯 CO2 meta: 608.0 g
   📊 Delta: -114854.6 g
   💰 Valor E1: R$ -5.7427
   🧭 Tentativas map matching: 0

   🔑 OFFSET DETERMINÍSTICO (x=0.011654176755678234°, y=0.007930574757894372°, max=2.0km):
   📍 Start Original:  (40.775644, -73.960687)
   🔒 Start Protegido: (40.787298, -73.952756) ✓ 1.46 km | ⚠ SEM MAP MATCHING
   📏 Deslocamento final: 1459.5 metros
   📍 End Original:    (40.773912, -73.961904)
   🔒 End Protegido:   (40.785567, -73.953973) ✓ 1.46 km | ⚠ SEM MAP MATCHING
   📏 Deslocamento final: 1459.5 metros

   📐 ANÁLISE DE DISTÂNCIA DO TRAJETO (HAVERSINE DOS PONTOS ARMAZENADOS):
   🔢 Pontos unicos original/offset: 299/299 (Δ +0, +0.0% )
   📍 Trajeto original: 3.154 km (linha reta entre pontos GPS)
   🔒 Trajeto com offset: 3.154 km (linha reta entre pontos COM snap)
   📊 Diferença: -0.000 km (-0.0%)

======================================================================
📊 ESTATÍSTICAS FINAIS
======================================================================
Viagens processadas: 1
Distância total: 3.16 km
Combustível total: 49.98 l
CO2 real total: 115462.6 g
CO2 meta total: 608.0 g
Delta CO2: -114854.6 g
Valor E1 total: R$ -5.74

💰 Créditos: R$ 0.00
💸 Débitos: R$ 5.74
📈 Saldo líquido: R$ -5.74
======================================================================

💾 Dados agregados salvos em: ../data/offset_batch/vehicles_step_sim_3/run_083.csv
[csv-worker_3] [vehicles_step_sim_3] ===== LOG RUN 083 FIM =====

[csv-worker_3] [vehicles_step_sim_3] ===== LOG RUN 084 INICIO =====
======================================================================
🚗 PROCESSAMENTO SUMO → E1 REGISTRY (OFFSET ALEATÓRIO - veh0)
======================================================================
📄 Entrada: ../data/vehicles_step_sim_3.csv
🏭 Consumo fabricante: 12.0 km/l
💰 Preço carbono: R$ 50.0/ton
⭕ Raio máximo do offset aleatório: 2.0 km
🎲 Offset gerado aleatoriamente:
   Ângulo: 316.0°
   Distância: 1.3274 km
   offset_x (lat): 0.008582°  |  offset_y (lon): -0.008278°
📊 Row stepping: Processando todas as linhas
🗺️  Map matching: DESATIVADO
📐 Cálculo de distância: HAVERSINE PURO dos pontos COM snap (consistência)
======================================================================

📊 Carregando dados SUMO...
   Total de registros no arquivo: 324
   Veículos únicos: 1
   🚙 Vehicle selecionado: carro_1000

🔄 Agregando viagens por vehicle_id...
  📐 SUMO_carro_1000: Calculando distâncias com Haversine direto (SEM routing API)
      Original: 337 pontos → 3.3706 km (Haversine)
      Offset:   337 pontos → 3.3703 km (Haversine)

🚙 Veículo: SUMO_carro_1000
   Modelo: HBEFA4/PC_petrol_Euro-6ab
   Segmentos: 337
   📏 Distância: 3.379 km (city: 3.069, highway: 0.310)
   ⛽ Combustível: 58.616 l
   🏭 CO2 real: 135402.3 g
   🎯 CO2 meta: 650.5 g
   📊 Delta: -134751.8 g
   💰 Valor E1: R$ -6.7376
   🧭 Tentativas map matching: 0

   🔑 OFFSET DETERMINÍSTICO (x=0.012057883033497445°, y=-0.002171021537430719°, max=2.0km):
   📍 Start Original:  (40.775644, -73.960687)
   🔒 Start Protegido: (40.787701, -73.962858) ✓ 1.35 km | ⚠ SEM MAP MATCHING
   📏 Deslocamento final: 1354.7 metros
   📍 End Original:    (40.774801, -73.960637)
   🔒 End Protegido:   (40.786859, -73.962808) ✓ 1.35 km | ⚠ SEM MAP MATCHING
   📏 Deslocamento final: 1354.7 metros

   📐 ANÁLISE DE DISTÂNCIA DO TRAJETO (HAVERSINE DOS PONTOS ARMAZENADOS):
   🔢 Pontos unicos original/offset: 337/337 (Δ +0, +0.0% )
   📍 Trajeto original: 3.371 km (linha reta entre pontos GPS)
   🔒 Trajeto com offset: 3.370 km (linha reta entre pontos COM snap)
   📊 Diferença: -0.000 km (-0.0%)

======================================================================
📊 ESTATÍSTICAS FINAIS
======================================================================
Viagens processadas: 1
Distância total: 3.38 km
Combustível total: 58.62 l
CO2 real total: 135402.3 g
CO2 meta total: 650.5 g
Delta CO2: -134751.8 g
Valor E1 total: R$ -6.74

💰 Créditos: R$ 0.00
💸 Débitos: R$ 6.74
📈 Saldo líquido: R$ -6.74
======================================================================

💾 Dados agregados salvos em: ../data/offset_batch/vehicles_step_sim_3/run_084.csv
[csv-worker_3] [vehicles_step_sim_3] ===== LOG RUN 084 FIM =====

[csv-worker_3] [vehicles_step_sim_3] ===== LOG RUN 085 INICIO =====
======================================================================
🚗 PROCESSAMENTO SUMO → E1 REGISTRY (OFFSET ALEATÓRIO - veh0)
======================================================================
📄 Entrada: ../data/vehicles_step_sim_3.csv
🏭 Consumo fabricante: 12.0 km/l
💰 Preço carbono: R$ 50.0/ton
⭕ Raio máximo do offset aleatório: 2.0 km
🎲 Offset gerado aleatoriamente:
   Ângulo: 223.2°
   Distância: 1.9265 km
   offset_x (lat): -0.012619°  |  offset_y (lon): -0.011844°
📊 Row stepping: Processando todas as linhas
🗺️  Map matching: DESATIVADO
📐 Cálculo de distância: HAVERSINE PURO dos pontos COM snap (consistência)
======================================================================

📊 Carregando dados SUMO...
   Total de registros no arquivo: 324
   Veículos únicos: 1
   🚙 Vehicle selecionado: carro_1000

🔄 Agregando viagens por vehicle_id...
  📐 SUMO_carro_1000: Calculando distâncias com Haversine direto (SEM routing API)
      Original: 312 pontos → 3.1845 km (Haversine)
      Offset:   312 pontos → 3.1844 km (Haversine)

🚙 Veículo: SUMO_carro_1000
   Modelo: HBEFA4/PC_petrol_Euro-6ab
   Segmentos: 312
   📏 Distância: 3.190 km (city: 2.602, highway: 0.587)
   ⛽ Combustível: 54.577 l
   🏭 CO2 real: 126071.8 g
   🎯 CO2 meta: 614.1 g
   📊 Delta: -125457.8 g
   💰 Valor E1: R$ -6.2729
   🧭 Tentativas map matching: 0

   🔑 OFFSET DETERMINÍSTICO (x=0.004125649043734119°, y=0.00437728047588245°, max=2.0km):
   📍 Start Original:  (40.775644, -73.960687)
   🔒 Start Protegido: (40.779769, -73.956310) ✓ 0.59 km | ⚠ SEM MAP MATCHING
   📏 Deslocamento final: 589.1 metros
   📍 End Original:    (40.771637, -73.963520)
   🔒 End Protegido:   (40.775762, -73.959143) ✓ 0.59 km | ⚠ SEM MAP MATCHING
   📏 Deslocamento final: 589.2 metros

   📐 ANÁLISE DE DISTÂNCIA DO TRAJETO (HAVERSINE DOS PONTOS ARMAZENADOS):
   🔢 Pontos unicos original/offset: 312/312 (Δ +0, +0.0% )
   📍 Trajeto original: 3.185 km (linha reta entre pontos GPS)
   🔒 Trajeto com offset: 3.184 km (linha reta entre pontos COM snap)
   📊 Diferença: -0.000 km (-0.0%)

======================================================================
📊 ESTATÍSTICAS FINAIS
======================================================================
Viagens processadas: 1
Distância total: 3.19 km
Combustível total: 54.58 l
CO2 real total: 126071.8 g
CO2 meta total: 614.1 g
Delta CO2: -125457.8 g
Valor E1 total: R$ -6.27

💰 Créditos: R$ 0.00
💸 Débitos: R$ 6.27
📈 Saldo líquido: R$ -6.27
======================================================================

💾 Dados agregados salvos em: ../data/offset_batch/vehicles_step_sim_3/run_085.csv
[csv-worker_3] [vehicles_step_sim_3] ===== LOG RUN 085 FIM =====

[csv-worker_3] [vehicles_step_sim_3] ===== LOG RUN 086 INICIO =====
======================================================================
🚗 PROCESSAMENTO SUMO → E1 REGISTRY (OFFSET ALEATÓRIO - veh0)
======================================================================
📄 Entrada: ../data/vehicles_step_sim_3.csv
🏭 Consumo fabricante: 12.0 km/l
💰 Preço carbono: R$ 50.0/ton
⭕ Raio máximo do offset aleatório: 2.0 km
🎲 Offset gerado aleatoriamente:
   Ângulo: 79.5°
   Distância: 1.6403 km
   offset_x (lat): 0.002693°  |  offset_y (lon): 0.014487°
📊 Row stepping: Processando todas as linhas
🗺️  Map matching: DESATIVADO
📐 Cálculo de distância: HAVERSINE PURO dos pontos COM snap (consistência)
======================================================================

📊 Carregando dados SUMO...
   Total de registros no arquivo: 324
   Veículos únicos: 1
   🚙 Vehicle selecionado: carro_1000

🔄 Agregando viagens por vehicle_id...
  📐 SUMO_carro_1000: Calculando distâncias com Haversine direto (SEM routing API)
      Original: 312 pontos → 3.1845 km (Haversine)
      Offset:   312 pontos → 3.1843 km (Haversine)

🚙 Veículo: SUMO_carro_1000
   Modelo: HBEFA4/PC_petrol_Euro-6ab
   Segmentos: 312
   📏 Distância: 3.190 km (city: 2.602, highway: 0.587)
   ⛽ Combustível: 54.577 l
   🏭 CO2 real: 126071.8 g
   🎯 CO2 meta: 614.1 g
   📊 Delta: -125457.8 g
   💰 Valor E1: R$ -6.2729
   🧭 Tentativas map matching: 0

   🔑 OFFSET DETERMINÍSTICO (x=0.008276479568589783°, y=0.0074398286116524074°, max=2.0km):
   📍 Start Original:  (40.775644, -73.960687)
   🔒 Start Protegido: (40.783920, -73.953247) ✓ 1.11 km | ⚠ SEM MAP MATCHING
   📏 Deslocamento final: 1114.5 metros
   📍 End Original:    (40.771637, -73.963520)
   🔒 End Protegido:   (40.779913, -73.956080) ✓ 1.11 km | ⚠ SEM MAP MATCHING
   📏 Deslocamento final: 1114.6 metros

   📐 ANÁLISE DE DISTÂNCIA DO TRAJETO (HAVERSINE DOS PONTOS ARMAZENADOS):
   🔢 Pontos unicos original/offset: 312/312 (Δ +0, +0.0% )
   📍 Trajeto original: 3.185 km (linha reta entre pontos GPS)
   🔒 Trajeto com offset: 3.184 km (linha reta entre pontos COM snap)
   📊 Diferença: -0.000 km (-0.0%)

======================================================================
📊 ESTATÍSTICAS FINAIS
======================================================================
Viagens processadas: 1
Distância total: 3.19 km
Combustível total: 54.58 l
CO2 real total: 126071.8 g
CO2 meta total: 614.1 g
Delta CO2: -125457.8 g
Valor E1 total: R$ -6.27

💰 Créditos: R$ 0.00
💸 Débitos: R$ 6.27
📈 Saldo líquido: R$ -6.27
======================================================================

💾 Dados agregados salvos em: ../data/offset_batch/vehicles_step_sim_3/run_086.csv
[csv-worker_3] [vehicles_step_sim_3] ===== LOG RUN 086 FIM =====

[csv-worker_3] [vehicles_step_sim_3] ===== LOG RUN 087 INICIO =====
======================================================================
🚗 PROCESSAMENTO SUMO → E1 REGISTRY (OFFSET ALEATÓRIO - veh0)
======================================================================
📄 Entrada: ../data/vehicles_step_sim_3.csv
🏭 Consumo fabricante: 12.0 km/l
💰 Preço carbono: R$ 50.0/ton
⭕ Raio máximo do offset aleatório: 2.0 km
🎲 Offset gerado aleatoriamente:
   Ângulo: 31.0°
   Distância: 0.5253 km
   offset_x (lat): 0.004044°  |  offset_y (lon): 0.002431°
📊 Row stepping: Processando todas as linhas
🗺️  Map matching: DESATIVADO
📐 Cálculo de distância: HAVERSINE PURO dos pontos COM snap (consistência)
======================================================================

📊 Carregando dados SUMO...
   Total de registros no arquivo: 324
   Veículos únicos: 1
   🚙 Vehicle selecionado: carro_1000

🔄 Agregando viagens por vehicle_id...
  📐 SUMO_carro_1000: Calculando distâncias com Haversine direto (SEM routing API)
      Original: 337 pontos → 3.3706 km (Haversine)
      Offset:   337 pontos → 3.3710 km (Haversine)

🚙 Veículo: SUMO_carro_1000
   Modelo: HBEFA4/PC_petrol_Euro-6ab
   Segmentos: 337
   📏 Distância: 3.379 km (city: 3.069, highway: 0.310)
   ⛽ Combustível: 58.616 l
   🏭 CO2 real: 135402.3 g
   🎯 CO2 meta: 650.5 g
   📊 Delta: -134751.8 g
   💰 Valor E1: R$ -6.7376
   🧭 Tentativas map matching: 0

   🔑 OFFSET DETERMINÍSTICO (x=-0.015774390306115302°, y=0.005316491117648692°, max=2.0km):
   📍 Start Original:  (40.775644, -73.960687)
   🔒 Start Protegido: (40.759869, -73.955370) ✓ 1.81 km | ⚠ SEM MAP MATCHING
   📏 Deslocamento final: 1812.3 metros
   📍 End Original:    (40.774801, -73.960637)
   🔒 End Protegido:   (40.759027, -73.955320) ✓ 1.81 km | ⚠ SEM MAP MATCHING
   📏 Deslocamento final: 1812.3 metros

   📐 ANÁLISE DE DISTÂNCIA DO TRAJETO (HAVERSINE DOS PONTOS ARMAZENADOS):
   🔢 Pontos unicos original/offset: 337/337 (Δ +0, +0.0% )
   📍 Trajeto original: 3.371 km (linha reta entre pontos GPS)
   🔒 Trajeto com offset: 3.371 km (linha reta entre pontos COM snap)
   📊 Diferença: +0.000 km (+0.0%)

======================================================================
📊 ESTATÍSTICAS FINAIS
======================================================================
Viagens processadas: 1
Distância total: 3.38 km
Combustível total: 58.62 l
CO2 real total: 135402.3 g
CO2 meta total: 650.5 g
Delta CO2: -134751.8 g
Valor E1 total: R$ -6.74

💰 Créditos: R$ 0.00
💸 Débitos: R$ 6.74
📈 Saldo líquido: R$ -6.74
======================================================================

💾 Dados agregados salvos em: ../data/offset_batch/vehicles_step_sim_3/run_087.csv
[csv-worker_3] [vehicles_step_sim_3] ===== LOG RUN 087 FIM =====

[csv-worker_3] [vehicles_step_sim_3] ===== LOG RUN 088 INICIO =====
======================================================================
🚗 PROCESSAMENTO SUMO → E1 REGISTRY (OFFSET ALEATÓRIO - veh0)
======================================================================
📄 Entrada: ../data/vehicles_step_sim_3.csv
🏭 Consumo fabricante: 12.0 km/l
💰 Preço carbono: R$ 50.0/ton
⭕ Raio máximo do offset aleatório: 2.0 km
🎲 Offset gerado aleatoriamente:
   Ângulo: 72.1°
   Distância: 0.5726 km
   offset_x (lat): 0.001585°  |  offset_y (lon): 0.004894°
📊 Row stepping: Processando todas as linhas
🗺️  Map matching: DESATIVADO
📐 Cálculo de distância: HAVERSINE PURO dos pontos COM snap (consistência)
======================================================================

📊 Carregando dados SUMO...
   Total de registros no arquivo: 324
   Veículos únicos: 1
   🚙 Vehicle selecionado: carro_1000

🔄 Agregando viagens por vehicle_id...
  📐 SUMO_carro_1000: Calculando distâncias com Haversine direto (SEM routing API)
      Original: 337 pontos → 3.3706 km (Haversine)
      Offset:   337 pontos → 3.3705 km (Haversine)

🚙 Veículo: SUMO_carro_1000
   Modelo: HBEFA4/PC_petrol_Euro-6ab
   Segmentos: 337
   📏 Distância: 3.379 km (city: 3.069, highway: 0.310)
   ⛽ Combustível: 58.616 l
   🏭 CO2 real: 135402.3 g
   🎯 CO2 meta: 650.5 g
   📊 Delta: -134751.8 g
   💰 Valor E1: R$ -6.7376
   🧭 Tentativas map matching: 0

   🔑 OFFSET DETERMINÍSTICO (x=0.005501763571635384°, y=0.016958567017801362°, max=2.0km):
   📍 Start Original:  (40.775644, -73.960687)
   🔒 Start Protegido: (40.781145, -73.943728) ✓ 1.56 km | ⚠ SEM MAP MATCHING
   📏 Deslocamento final: 1555.3 metros
   📍 End Original:    (40.774801, -73.960637)
   🔒 End Protegido:   (40.780303, -73.943678) ✓ 1.56 km | ⚠ SEM MAP MATCHING
   📏 Deslocamento final: 1555.3 metros

   📐 ANÁLISE DE DISTÂNCIA DO TRAJETO (HAVERSINE DOS PONTOS ARMAZENADOS):
   🔢 Pontos unicos original/offset: 337/337 (Δ +0, +0.0% )
   📍 Trajeto original: 3.371 km (linha reta entre pontos GPS)
   🔒 Trajeto com offset: 3.370 km (linha reta entre pontos COM snap)
   📊 Diferença: -0.000 km (-0.0%)

======================================================================
📊 ESTATÍSTICAS FINAIS
======================================================================
Viagens processadas: 1
Distância total: 3.38 km
Combustível total: 58.62 l
CO2 real total: 135402.3 g
CO2 meta total: 650.5 g
Delta CO2: -134751.8 g
Valor E1 total: R$ -6.74

💰 Créditos: R$ 0.00
💸 Débitos: R$ 6.74
📈 Saldo líquido: R$ -6.74
======================================================================

💾 Dados agregados salvos em: ../data/offset_batch/vehicles_step_sim_3/run_088.csv
[csv-worker_3] [vehicles_step_sim_3] ===== LOG RUN 088 FIM =====

[csv-worker_3] [vehicles_step_sim_3] ===== LOG RUN 089 INICIO =====
======================================================================
🚗 PROCESSAMENTO SUMO → E1 REGISTRY (OFFSET ALEATÓRIO - veh0)
======================================================================
📄 Entrada: ../data/vehicles_step_sim_3.csv
🏭 Consumo fabricante: 12.0 km/l
💰 Preço carbono: R$ 50.0/ton
⭕ Raio máximo do offset aleatório: 2.0 km
🎲 Offset gerado aleatoriamente:
   Ângulo: 315.8°
   Distância: 1.8986 km
   offset_x (lat): 0.012220°  |  offset_y (lon): -0.011897°
📊 Row stepping: Processando todas as linhas
🗺️  Map matching: DESATIVADO
📐 Cálculo de distância: HAVERSINE PURO dos pontos COM snap (consistência)
======================================================================

📊 Carregando dados SUMO...
   Total de registros no arquivo: 324
   Veículos únicos: 1
   🚙 Vehicle selecionado: carro_1000

🔄 Agregando viagens por vehicle_id...
  📐 SUMO_carro_1000: Calculando distâncias com Haversine direto (SEM routing API)
      Original: 301 pontos → 3.1480 km (Haversine)
      Offset:   301 pontos → 3.1478 km (Haversine)

🚙 Veículo: SUMO_carro_1000
   Modelo: HBEFA4/PC_petrol_Euro-6ab
   Segmentos: 301
   📏 Distância: 3.159 km (city: 3.020, highway: 0.139)
   ⛽ Combustível: 51.224 l
   🏭 CO2 real: 118326.7 g
   🎯 CO2 meta: 608.1 g
   📊 Delta: -117718.6 g
   💰 Valor E1: R$ -5.8859
   🧭 Tentativas map matching: 0

   🔑 OFFSET DETERMINÍSTICO (x=0.006333660014986029°, y=0.0015622795313400886°, max=2.0km):
   📍 Start Original:  (40.775644, -73.960687)
   🔒 Start Protegido: (40.781977, -73.959125) ✓ 0.72 km | ⚠ SEM MAP MATCHING
   📏 Deslocamento final: 717.3 metros
   📍 End Original:    (40.771236, -73.963813)
   🔒 End Protegido:   (40.777569, -73.962250) ✓ 0.72 km | ⚠ SEM MAP MATCHING
   📏 Deslocamento final: 717.3 metros

   📐 ANÁLISE DE DISTÂNCIA DO TRAJETO (HAVERSINE DOS PONTOS ARMAZENADOS):
   🔢 Pontos unicos original/offset: 301/301 (Δ +0, +0.0% )
   📍 Trajeto original: 3.148 km (linha reta entre pontos GPS)
   🔒 Trajeto com offset: 3.148 km (linha reta entre pontos COM snap)
   📊 Diferença: -0.000 km (-0.0%)

======================================================================
📊 ESTATÍSTICAS FINAIS
======================================================================
Viagens processadas: 1
Distância total: 3.16 km
Combustível total: 51.22 l
CO2 real total: 118326.7 g
CO2 meta total: 608.1 g
Delta CO2: -117718.6 g
Valor E1 total: R$ -5.89

💰 Créditos: R$ 0.00
💸 Débitos: R$ 5.89
📈 Saldo líquido: R$ -5.89
======================================================================

💾 Dados agregados salvos em: ../data/offset_batch/vehicles_step_sim_3/run_089.csv
[csv-worker_3] [vehicles_step_sim_3] ===== LOG RUN 089 FIM =====

[csv-worker_3] [vehicles_step_sim_3] ===== LOG RUN 090 INICIO =====
======================================================================
🚗 PROCESSAMENTO SUMO → E1 REGISTRY (OFFSET ALEATÓRIO - veh0)
======================================================================
📄 Entrada: ../data/vehicles_step_sim_3.csv
🏭 Consumo fabricante: 12.0 km/l
💰 Preço carbono: R$ 50.0/ton
⭕ Raio máximo do offset aleatório: 2.0 km
🎲 Offset gerado aleatoriamente:
   Ângulo: 283.6°
   Distância: 1.8992 km
   offset_x (lat): 0.004013°  |  offset_y (lon): -0.016582°
📊 Row stepping: Processando todas as linhas
🗺️  Map matching: DESATIVADO
📐 Cálculo de distância: HAVERSINE PURO dos pontos COM snap (consistência)
======================================================================

📊 Carregando dados SUMO...
   Total de registros no arquivo: 324
   Veículos únicos: 1
   🚙 Vehicle selecionado: carro_1000

🔄 Agregando viagens por vehicle_id...
  📐 SUMO_carro_1000: Calculando distâncias com Haversine direto (SEM routing API)
      Original: 301 pontos → 3.1480 km (Haversine)
      Offset:   301 pontos → 3.1477 km (Haversine)

🚙 Veículo: SUMO_carro_1000
   Modelo: HBEFA4/PC_petrol_Euro-6ab
   Segmentos: 301
   📏 Distância: 3.159 km (city: 3.020, highway: 0.139)
   ⛽ Combustível: 51.224 l
   🏭 CO2 real: 118326.7 g
   🎯 CO2 meta: 608.1 g
   📊 Delta: -117718.6 g
   💰 Valor E1: R$ -5.8859
   🧭 Tentativas map matching: 0

   🔑 OFFSET DETERMINÍSTICO (x=0.01039780886977028°, y=-0.0013160495537576367°, max=2.0km):
   📍 Start Original:  (40.775644, -73.960687)
   🔒 Start Protegido: (40.786041, -73.962003) ✓ 1.16 km | ⚠ SEM MAP MATCHING
   📏 Deslocamento final: 1162.8 metros
   📍 End Original:    (40.771236, -73.963813)
   🔒 End Protegido:   (40.781634, -73.965129) ✓ 1.16 km | ⚠ SEM MAP MATCHING
   📏 Deslocamento final: 1162.8 metros

   📐 ANÁLISE DE DISTÂNCIA DO TRAJETO (HAVERSINE DOS PONTOS ARMAZENADOS):
   🔢 Pontos unicos original/offset: 301/301 (Δ +0, +0.0% )
   📍 Trajeto original: 3.148 km (linha reta entre pontos GPS)
   🔒 Trajeto com offset: 3.148 km (linha reta entre pontos COM snap)
   📊 Diferença: -0.000 km (-0.0%)

======================================================================
📊 ESTATÍSTICAS FINAIS
======================================================================
Viagens processadas: 1
Distância total: 3.16 km
Combustível total: 51.22 l
CO2 real total: 118326.7 g
CO2 meta total: 608.1 g
Delta CO2: -117718.6 g
Valor E1 total: R$ -5.89

💰 Créditos: R$ 0.00
💸 Débitos: R$ 5.89
📈 Saldo líquido: R$ -5.89
======================================================================

💾 Dados agregados salvos em: ../data/offset_batch/vehicles_step_sim_3/run_090.csv
[csv-worker_3] [vehicles_step_sim_3] ===== LOG RUN 090 FIM =====

[csv-worker_3] [vehicles_step_sim_3] ===== LOG RUN 091 INICIO =====
======================================================================
🚗 PROCESSAMENTO SUMO → E1 REGISTRY (OFFSET ALEATÓRIO - veh0)
======================================================================
📄 Entrada: ../data/vehicles_step_sim_3.csv
🏭 Consumo fabricante: 12.0 km/l
💰 Preço carbono: R$ 50.0/ton
⭕ Raio máximo do offset aleatório: 2.0 km
🎲 Offset gerado aleatoriamente:
   Ângulo: 42.7°
   Distância: 0.6826 km
   offset_x (lat): 0.004507°  |  offset_y (lon): 0.004159°
📊 Row stepping: Processando todas as linhas
🗺️  Map matching: DESATIVADO
📐 Cálculo de distância: HAVERSINE PURO dos pontos COM snap (consistência)
======================================================================

📊 Carregando dados SUMO...
   Total de registros no arquivo: 324
   Veículos únicos: 1
   🚙 Vehicle selecionado: carro_1000

🔄 Agregando viagens por vehicle_id...
  📐 SUMO_carro_1000: Calculando distâncias com Haversine direto (SEM routing API)
      Original: 301 pontos → 3.1480 km (Haversine)
      Offset:   301 pontos → 3.1478 km (Haversine)

🚙 Veículo: SUMO_carro_1000
   Modelo: HBEFA4/PC_petrol_Euro-6ab
   Segmentos: 301
   📏 Distância: 3.159 km (city: 3.020, highway: 0.139)
   ⛽ Combustível: 51.224 l
   🏭 CO2 real: 118326.7 g
   🎯 CO2 meta: 608.1 g
   📊 Delta: -117718.6 g
   💰 Valor E1: R$ -5.8859
   🧭 Tentativas map matching: 0

   🔑 OFFSET DETERMINÍSTICO (x=0.005916885538514957°, y=-0.009055669610478637°, max=2.0km):
   📍 Start Original:  (40.775644, -73.960687)
   🔒 Start Protegido: (40.781560, -73.969743) ✓ 1.01 km | ⚠ SEM MAP MATCHING
   📏 Deslocamento final: 1008.3 metros
   📍 End Original:    (40.771236, -73.963813)
   🔒 End Protegido:   (40.777153, -73.972868) ✓ 1.01 km | ⚠ SEM MAP MATCHING
   📏 Deslocamento final: 1008.3 metros

   📐 ANÁLISE DE DISTÂNCIA DO TRAJETO (HAVERSINE DOS PONTOS ARMAZENADOS):
   🔢 Pontos unicos original/offset: 301/301 (Δ +0, +0.0% )
   📍 Trajeto original: 3.148 km (linha reta entre pontos GPS)
   🔒 Trajeto com offset: 3.148 km (linha reta entre pontos COM snap)
   📊 Diferença: -0.000 km (-0.0%)

======================================================================
📊 ESTATÍSTICAS FINAIS
======================================================================
Viagens processadas: 1
Distância total: 3.16 km
Combustível total: 51.22 l
CO2 real total: 118326.7 g
CO2 meta total: 608.1 g
Delta CO2: -117718.6 g
Valor E1 total: R$ -5.89

💰 Créditos: R$ 0.00
💸 Débitos: R$ 5.89
📈 Saldo líquido: R$ -5.89
======================================================================

💾 Dados agregados salvos em: ../data/offset_batch/vehicles_step_sim_3/run_091.csv
[csv-worker_3] [vehicles_step_sim_3] ===== LOG RUN 091 FIM =====

[csv-worker_3] [vehicles_step_sim_3] ===== LOG RUN 092 INICIO =====
======================================================================
🚗 PROCESSAMENTO SUMO → E1 REGISTRY (OFFSET ALEATÓRIO - veh0)
======================================================================
📄 Entrada: ../data/vehicles_step_sim_3.csv
🏭 Consumo fabricante: 12.0 km/l
💰 Preço carbono: R$ 50.0/ton
⭕ Raio máximo do offset aleatório: 2.0 km
🎲 Offset gerado aleatoriamente:
   Ângulo: 108.0°
   Distância: 1.7893 km
   offset_x (lat): -0.004971°  |  offset_y (lon): 0.015286°
📊 Row stepping: Processando todas as linhas
🗺️  Map matching: DESATIVADO
📐 Cálculo de distância: HAVERSINE PURO dos pontos COM snap (consistência)
======================================================================

📊 Carregando dados SUMO...
   Total de registros no arquivo: 324
   Veículos únicos: 1
   🚙 Vehicle selecionado: carro_1000

🔄 Agregando viagens por vehicle_id...
  📐 SUMO_carro_1000: Calculando distâncias com Haversine direto (SEM routing API)
      Original: 299 pontos → 3.0526 km (Haversine)
      Offset:   299 pontos → 3.0522 km (Haversine)

🚙 Veículo: SUMO_carro_1000
   Modelo: HBEFA4/PC_petrol_Euro-6ab
   Segmentos: 299
   📏 Distância: 3.060 km (city: 3.060, highway: 0.000)
   ⛽ Combustível: 48.384 l
   🏭 CO2 real: 111766.0 g
   🎯 CO2 meta: 589.0 g
   📊 Delta: -111177.0 g
   💰 Valor E1: R$ -5.5588
   🧭 Tentativas map matching: 0

   🔑 OFFSET DETERMINÍSTICO (x=0.016783999707549624°, y=-0.0052436544635427835°, max=2.0km):
   📍 Start Original:  (40.775644, -73.960687)
   🔒 Start Protegido: (40.792428, -73.965931) ✓ 1.92 km | ⚠ SEM MAP MATCHING
   📏 Deslocamento final: 1920.0 metros
   📍 End Original:    (40.774198, -73.961141)
   🔒 End Protegido:   (40.790982, -73.966385) ✓ 1.92 km | ⚠ SEM MAP MATCHING
   📏 Deslocamento final: 1920.0 metros

   📐 ANÁLISE DE DISTÂNCIA DO TRAJETO (HAVERSINE DOS PONTOS ARMAZENADOS):
   🔢 Pontos unicos original/offset: 299/299 (Δ +0, +0.0% )
   📍 Trajeto original: 3.053 km (linha reta entre pontos GPS)
   🔒 Trajeto com offset: 3.052 km (linha reta entre pontos COM snap)
   📊 Diferença: -0.000 km (-0.0%)

======================================================================
📊 ESTATÍSTICAS FINAIS
======================================================================
Viagens processadas: 1
Distância total: 3.06 km
Combustível total: 48.38 l
CO2 real total: 111766.0 g
CO2 meta total: 589.0 g
Delta CO2: -111177.0 g
Valor E1 total: R$ -5.56

💰 Créditos: R$ 0.00
💸 Débitos: R$ 5.56
📈 Saldo líquido: R$ -5.56
======================================================================

💾 Dados agregados salvos em: ../data/offset_batch/vehicles_step_sim_3/run_092.csv
[csv-worker_3] [vehicles_step_sim_3] ===== LOG RUN 092 FIM =====

[csv-worker_3] [vehicles_step_sim_3] ===== LOG RUN 093 INICIO =====
======================================================================
🚗 PROCESSAMENTO SUMO → E1 REGISTRY (OFFSET ALEATÓRIO - veh0)
======================================================================
📄 Entrada: ../data/vehicles_step_sim_3.csv
🏭 Consumo fabricante: 12.0 km/l
💰 Preço carbono: R$ 50.0/ton
⭕ Raio máximo do offset aleatório: 2.0 km
🎲 Offset gerado aleatoriamente:
   Ângulo: 156.4°
   Distância: 0.5623 km
   offset_x (lat): -0.004629°  |  offset_y (lon): 0.002022°
📊 Row stepping: Processando todas as linhas
🗺️  Map matching: DESATIVADO
📐 Cálculo de distância: HAVERSINE PURO dos pontos COM snap (consistência)
======================================================================

📊 Carregando dados SUMO...
   Total de registros no arquivo: 324
   Veículos únicos: 1
   🚙 Vehicle selecionado: carro_1000

🔄 Agregando viagens por vehicle_id...
  📐 SUMO_carro_1000: Calculando distâncias com Haversine direto (SEM routing API)
      Original: 300 pontos → 3.1542 km (Haversine)
      Offset:   300 pontos → 3.1543 km (Haversine)

🚙 Veículo: SUMO_carro_1000
   Modelo: HBEFA4/PC_petrol_Euro-6ab
   Segmentos: 300
   📏 Distância: 3.158 km (city: 2.541, highway: 0.617)
   ⛽ Combustível: 49.984 l
   🏭 CO2 real: 115462.6 g
   🎯 CO2 meta: 608.0 g
   📊 Delta: -114854.6 g
   💰 Valor E1: R$ -5.7427
   🧭 Tentativas map matching: 0

   🔑 OFFSET DETERMINÍSTICO (x=-0.006526931586403337°, y=-0.009364104883643636°, max=2.0km):
   📍 Start Original:  (40.775644, -73.960687)
   🔒 Start Protegido: (40.769117, -73.970051) ✓ 1.07 km | ⚠ SEM MAP MATCHING
   📏 Deslocamento final: 1072.9 metros
   📍 End Original:    (40.773912, -73.961904)
   🔒 End Protegido:   (40.767385, -73.971268) ✓ 1.07 km | ⚠ SEM MAP MATCHING
   📏 Deslocamento final: 1072.9 metros

   📐 ANÁLISE DE DISTÂNCIA DO TRAJETO (HAVERSINE DOS PONTOS ARMAZENADOS):
   🔢 Pontos unicos original/offset: 299/299 (Δ +0, +0.0% )
   📍 Trajeto original: 3.154 km (linha reta entre pontos GPS)
   🔒 Trajeto com offset: 3.154 km (linha reta entre pontos COM snap)
   📊 Diferença: +0.000 km (+0.0%)

======================================================================
📊 ESTATÍSTICAS FINAIS
======================================================================
Viagens processadas: 1
Distância total: 3.16 km
Combustível total: 49.98 l
CO2 real total: 115462.6 g
CO2 meta total: 608.0 g
Delta CO2: -114854.6 g
Valor E1 total: R$ -5.74

💰 Créditos: R$ 0.00
💸 Débitos: R$ 5.74
📈 Saldo líquido: R$ -5.74
======================================================================

💾 Dados agregados salvos em: ../data/offset_batch/vehicles_step_sim_3/run_093.csv
[csv-worker_3] [vehicles_step_sim_3] ===== LOG RUN 093 FIM =====

[csv-worker_3] [vehicles_step_sim_3] ===== LOG RUN 094 INICIO =====
======================================================================
🚗 PROCESSAMENTO SUMO → E1 REGISTRY (OFFSET ALEATÓRIO - veh0)
======================================================================
📄 Entrada: ../data/vehicles_step_sim_3.csv
🏭 Consumo fabricante: 12.0 km/l
💰 Preço carbono: R$ 50.0/ton
⭕ Raio máximo do offset aleatório: 2.0 km
🎲 Offset gerado aleatoriamente:
   Ângulo: 290.0°
   Distância: 1.9552 km
   offset_x (lat): 0.005997°  |  offset_y (lon): -0.016508°
📊 Row stepping: Processando todas as linhas
🗺️  Map matching: DESATIVADO
📐 Cálculo de distância: HAVERSINE PURO dos pontos COM snap (consistência)
======================================================================

📊 Carregando dados SUMO...
   Total de registros no arquivo: 324
   Veículos únicos: 1
   🚙 Vehicle selecionado: carro_1000

🔄 Agregando viagens por vehicle_id...
  📐 SUMO_carro_1000: Calculando distâncias com Haversine direto (SEM routing API)
      Original: 337 pontos → 3.3706 km (Haversine)
      Offset:   337 pontos → 3.3706 km (Haversine)

🚙 Veículo: SUMO_carro_1000
   Modelo: HBEFA4/PC_petrol_Euro-6ab
   Segmentos: 337
   📏 Distância: 3.379 km (city: 3.069, highway: 0.310)
   ⛽ Combustível: 58.616 l
   🏭 CO2 real: 135402.3 g
   🎯 CO2 meta: 650.5 g
   📊 Delta: -134751.8 g
   💰 Valor E1: R$ -6.7376
   🧭 Tentativas map matching: 0

   🔑 OFFSET DETERMINÍSTICO (x=0.0014818459651225262°, y=0.015904354868224876°, max=2.0km):
   📍 Start Original:  (40.775644, -73.960687)
   🔒 Start Protegido: (40.777125, -73.944783) ✓ 1.35 km | ⚠ SEM MAP MATCHING
   📏 Deslocamento final: 1350.8 metros
   📍 End Original:    (40.774801, -73.960637)
   🔒 End Protegido:   (40.776283, -73.944732) ✓ 1.35 km | ⚠ SEM MAP MATCHING
   📏 Deslocamento final: 1350.9 metros

   📐 ANÁLISE DE DISTÂNCIA DO TRAJETO (HAVERSINE DOS PONTOS ARMAZENADOS):
   🔢 Pontos unicos original/offset: 337/337 (Δ +0, +0.0% )
   📍 Trajeto original: 3.371 km (linha reta entre pontos GPS)
   🔒 Trajeto com offset: 3.371 km (linha reta entre pontos COM snap)
   📊 Diferença: -0.000 km (-0.0%)

======================================================================
📊 ESTATÍSTICAS FINAIS
======================================================================
Viagens processadas: 1
Distância total: 3.38 km
Combustível total: 58.62 l
CO2 real total: 135402.3 g
CO2 meta total: 650.5 g
Delta CO2: -134751.8 g
Valor E1 total: R$ -6.74

💰 Créditos: R$ 0.00
💸 Débitos: R$ 6.74
📈 Saldo líquido: R$ -6.74
======================================================================

💾 Dados agregados salvos em: ../data/offset_batch/vehicles_step_sim_3/run_094.csv
[csv-worker_3] [vehicles_step_sim_3] ===== LOG RUN 094 FIM =====

[csv-worker_3] [vehicles_step_sim_3] ===== LOG RUN 095 INICIO =====
======================================================================
🚗 PROCESSAMENTO SUMO → E1 REGISTRY (OFFSET ALEATÓRIO - veh0)
======================================================================
📄 Entrada: ../data/vehicles_step_sim_3.csv
🏭 Consumo fabricante: 12.0 km/l
💰 Preço carbono: R$ 50.0/ton
⭕ Raio máximo do offset aleatório: 2.0 km
🎲 Offset gerado aleatoriamente:
   Ângulo: 155.3°
   Distância: 0.6026 km
   offset_x (lat): -0.004918°  |  offset_y (lon): 0.002264°
📊 Row stepping: Processando todas as linhas
🗺️  Map matching: DESATIVADO
📐 Cálculo de distância: HAVERSINE PURO dos pontos COM snap (consistência)
======================================================================

📊 Carregando dados SUMO...
   Total de registros no arquivo: 324
   Veículos únicos: 1
   🚙 Vehicle selecionado: carro_1000

🔄 Agregando viagens por vehicle_id...
  📐 SUMO_carro_1000: Calculando distâncias com Haversine direto (SEM routing API)
      Original: 337 pontos → 3.3706 km (Haversine)
      Offset:   337 pontos → 3.3709 km (Haversine)

🚙 Veículo: SUMO_carro_1000
   Modelo: HBEFA4/PC_petrol_Euro-6ab
   Segmentos: 337
   📏 Distância: 3.379 km (city: 3.069, highway: 0.310)
   ⛽ Combustível: 58.616 l
   🏭 CO2 real: 135402.3 g
   🎯 CO2 meta: 650.5 g
   📊 Delta: -134751.8 g
   💰 Valor E1: R$ -6.7376
   🧭 Tentativas map matching: 0

   🔑 OFFSET DETERMINÍSTICO (x=-0.009184090490427626°, y=-0.0008093355232226815°, max=2.0km):
   📍 Start Original:  (40.775644, -73.960687)
   🔒 Start Protegido: (40.766460, -73.961496) ✓ 1.02 km | ⚠ SEM MAP MATCHING
   📏 Deslocamento final: 1024.6 metros
   📍 End Original:    (40.774801, -73.960637)
   🔒 End Protegido:   (40.765617, -73.961446) ✓ 1.02 km | ⚠ SEM MAP MATCHING
   📏 Deslocamento final: 1024.6 metros

   📐 ANÁLISE DE DISTÂNCIA DO TRAJETO (HAVERSINE DOS PONTOS ARMAZENADOS):
   🔢 Pontos unicos original/offset: 337/337 (Δ +0, +0.0% )
   📍 Trajeto original: 3.371 km (linha reta entre pontos GPS)
   🔒 Trajeto com offset: 3.371 km (linha reta entre pontos COM snap)
   📊 Diferença: +0.000 km (+0.0%)

======================================================================
📊 ESTATÍSTICAS FINAIS
======================================================================
Viagens processadas: 1
Distância total: 3.38 km
Combustível total: 58.62 l
CO2 real total: 135402.3 g
CO2 meta total: 650.5 g
Delta CO2: -134751.8 g
Valor E1 total: R$ -6.74

💰 Créditos: R$ 0.00
💸 Débitos: R$ 6.74
📈 Saldo líquido: R$ -6.74
======================================================================

💾 Dados agregados salvos em: ../data/offset_batch/vehicles_step_sim_3/run_095.csv
[csv-worker_3] [vehicles_step_sim_3] ===== LOG RUN 095 FIM =====

[csv-worker_3] [vehicles_step_sim_3] ===== LOG RUN 096 INICIO =====
======================================================================
🚗 PROCESSAMENTO SUMO → E1 REGISTRY (OFFSET ALEATÓRIO - veh0)
======================================================================
📄 Entrada: ../data/vehicles_step_sim_3.csv
🏭 Consumo fabricante: 12.0 km/l
💰 Preço carbono: R$ 50.0/ton
⭕ Raio máximo do offset aleatório: 2.0 km
🎲 Offset gerado aleatoriamente:
   Ângulo: 137.2°
   Distância: 1.0992 km
   offset_x (lat): -0.007245°  |  offset_y (lon): 0.006709°
📊 Row stepping: Processando todas as linhas
🗺️  Map matching: DESATIVADO
📐 Cálculo de distância: HAVERSINE PURO dos pontos COM snap (consistência)
======================================================================

📊 Carregando dados SUMO...
   Total de registros no arquivo: 324
   Veículos únicos: 1
   🚙 Vehicle selecionado: carro_1000

🔄 Agregando viagens por vehicle_id...
  📐 SUMO_carro_1000: Calculando distâncias com Haversine direto (SEM routing API)
      Original: 323 pontos → 2.9161 km (Haversine)
      Offset:   323 pontos → 2.9161 km (Haversine)

🚙 Veículo: SUMO_carro_1000
   Modelo: HBEFA4/PC_petrol_Euro-6ab
   Segmentos: 323
   📏 Distância: 2.926 km (city: 2.764, highway: 0.161)
   ⛽ Combustível: 54.094 l
   🏭 CO2 real: 124958.0 g
   🎯 CO2 meta: 563.2 g
   📊 Delta: -124394.9 g
   💰 Valor E1: R$ -6.2197
   🧭 Tentativas map matching: 0

   🔑 OFFSET DETERMINÍSTICO (x=-0.0015408372166260394°, y=-0.013882905109015414°, max=2.0km):
   📍 Start Original:  (40.775644, -73.960687)
   🔒 Start Protegido: (40.774103, -73.974570) ✓ 1.18 km | ⚠ SEM MAP MATCHING
   📏 Deslocamento final: 1182.8 metros
   📍 End Original:    (40.774046, -73.961617)
   🔒 End Protegido:   (40.772505, -73.975500) ✓ 1.18 km | ⚠ SEM MAP MATCHING
   📏 Deslocamento final: 1182.9 metros

   📐 ANÁLISE DE DISTÂNCIA DO TRAJETO (HAVERSINE DOS PONTOS ARMAZENADOS):
   🔢 Pontos unicos original/offset: 320/320 (Δ +0, +0.0% )
   📍 Trajeto original: 2.916 km (linha reta entre pontos GPS)
   🔒 Trajeto com offset: 2.916 km (linha reta entre pontos COM snap)
   📊 Diferença: +0.000 km (+0.0%)

======================================================================
📊 ESTATÍSTICAS FINAIS
======================================================================
Viagens processadas: 1
Distância total: 2.93 km
Combustível total: 54.09 l
CO2 real total: 124958.0 g
CO2 meta total: 563.2 g
Delta CO2: -124394.9 g
Valor E1 total: R$ -6.22

💰 Créditos: R$ 0.00
💸 Débitos: R$ 6.22
📈 Saldo líquido: R$ -6.22
======================================================================

💾 Dados agregados salvos em: ../data/offset_batch/vehicles_step_sim_3/run_096.csv
[csv-worker_3] [vehicles_step_sim_3] ===== LOG RUN 096 FIM =====

[csv-worker_3] [vehicles_step_sim_3] ===== LOG RUN 097 INICIO =====
======================================================================
🚗 PROCESSAMENTO SUMO → E1 REGISTRY (OFFSET ALEATÓRIO - veh0)
======================================================================
📄 Entrada: ../data/vehicles_step_sim_3.csv
🏭 Consumo fabricante: 12.0 km/l
💰 Preço carbono: R$ 50.0/ton
⭕ Raio máximo do offset aleatório: 2.0 km
🎲 Offset gerado aleatoriamente:
   Ângulo: 211.0°
   Distância: 1.1174 km
   offset_x (lat): -0.008602°  |  offset_y (lon): -0.005173°
📊 Row stepping: Processando todas as linhas
🗺️  Map matching: DESATIVADO
📐 Cálculo de distância: HAVERSINE PURO dos pontos COM snap (consistência)
======================================================================

📊 Carregando dados SUMO...
   Total de registros no arquivo: 324
   Veículos únicos: 1
   🚙 Vehicle selecionado: carro_1000

🔄 Agregando viagens por vehicle_id...
  📐 SUMO_carro_1000: Calculando distâncias com Haversine direto (SEM routing API)
      Original: 323 pontos → 2.9161 km (Haversine)
      Offset:   323 pontos → 2.9161 km (Haversine)

🚙 Veículo: SUMO_carro_1000
   Modelo: HBEFA4/PC_petrol_Euro-6ab
   Segmentos: 323
   📏 Distância: 2.926 km (city: 2.764, highway: 0.161)
   ⛽ Combustível: 54.094 l
   🏭 CO2 real: 124958.0 g
   🎯 CO2 meta: 563.2 g
   📊 Delta: -124394.9 g
   💰 Valor E1: R$ -6.2197
   🧭 Tentativas map matching: 0

   🔑 OFFSET DETERMINÍSTICO (x=0.00015361465977211362°, y=-0.015159044086601048°, max=2.0km):
   📍 Start Original:  (40.775644, -73.960687)
   🔒 Start Protegido: (40.775797, -73.975846) ✓ 1.28 km | ⚠ SEM MAP MATCHING
   📏 Deslocamento final: 1278.0 metros
   📍 End Original:    (40.774046, -73.961617)
   🔒 End Protegido:   (40.774199, -73.976776) ✓ 1.28 km | ⚠ SEM MAP MATCHING
   📏 Deslocamento final: 1278.0 metros

   📐 ANÁLISE DE DISTÂNCIA DO TRAJETO (HAVERSINE DOS PONTOS ARMAZENADOS):
   🔢 Pontos unicos original/offset: 320/320 (Δ +0, +0.0% )
   📍 Trajeto original: 2.916 km (linha reta entre pontos GPS)
   🔒 Trajeto com offset: 2.916 km (linha reta entre pontos COM snap)
   📊 Diferença: -0.000 km (-0.0%)

======================================================================
📊 ESTATÍSTICAS FINAIS
======================================================================
Viagens processadas: 1
Distância total: 2.93 km
Combustível total: 54.09 l
CO2 real total: 124958.0 g
CO2 meta total: 563.2 g
Delta CO2: -124394.9 g
Valor E1 total: R$ -6.22

💰 Créditos: R$ 0.00
💸 Débitos: R$ 6.22
📈 Saldo líquido: R$ -6.22
======================================================================

💾 Dados agregados salvos em: ../data/offset_batch/vehicles_step_sim_3/run_097.csv
[csv-worker_3] [vehicles_step_sim_3] ===== LOG RUN 097 FIM =====

[csv-worker_3] [vehicles_step_sim_3] ===== LOG RUN 098 INICIO =====
======================================================================
🚗 PROCESSAMENTO SUMO → E1 REGISTRY (OFFSET ALEATÓRIO - veh0)
======================================================================
📄 Entrada: ../data/vehicles_step_sim_3.csv
🏭 Consumo fabricante: 12.0 km/l
💰 Preço carbono: R$ 50.0/ton
⭕ Raio máximo do offset aleatório: 2.0 km
🎲 Offset gerado aleatoriamente:
   Ângulo: 91.7°
   Distância: 1.7948 km
   offset_x (lat): -0.000478°  |  offset_y (lon): 0.016116°
📊 Row stepping: Processando todas as linhas
🗺️  Map matching: DESATIVADO
📐 Cálculo de distância: HAVERSINE PURO dos pontos COM snap (consistência)
======================================================================

📊 Carregando dados SUMO...
   Total de registros no arquivo: 324
   Veículos únicos: 1
   🚙 Vehicle selecionado: carro_1000

🔄 Agregando viagens por vehicle_id...
  📐 SUMO_carro_1000: Calculando distâncias com Haversine direto (SEM routing API)
      Original: 323 pontos → 2.9161 km (Haversine)
      Offset:   323 pontos → 2.9163 km (Haversine)

🚙 Veículo: SUMO_carro_1000
   Modelo: HBEFA4/PC_petrol_Euro-6ab
   Segmentos: 323
   📏 Distância: 2.926 km (city: 2.764, highway: 0.161)
   ⛽ Combustível: 54.094 l
   🏭 CO2 real: 124958.0 g
   🎯 CO2 meta: 563.2 g
   📊 Delta: -124394.9 g
   💰 Valor E1: R$ -6.2197
   🧭 Tentativas map matching: 0

   🔑 OFFSET DETERMINÍSTICO (x=-0.00952774179848234°, y=-0.010695324270371051°, max=2.0km):
   📍 Start Original:  (40.775644, -73.960687)
   🔒 Start Protegido: (40.766116, -73.971382) ✓ 1.39 km | ⚠ SEM MAP MATCHING
   📏 Deslocamento final: 1392.1 metros
   📍 End Original:    (40.774046, -73.961617)
   🔒 End Protegido:   (40.764518, -73.972312) ✓ 1.39 km | ⚠ SEM MAP MATCHING
   📏 Deslocamento final: 1392.1 metros

   📐 ANÁLISE DE DISTÂNCIA DO TRAJETO (HAVERSINE DOS PONTOS ARMAZENADOS):
   🔢 Pontos unicos original/offset: 320/320 (Δ +0, +0.0% )
   📍 Trajeto original: 2.916 km (linha reta entre pontos GPS)
   🔒 Trajeto com offset: 2.916 km (linha reta entre pontos COM snap)
   📊 Diferença: +0.000 km (+0.0%)

======================================================================
📊 ESTATÍSTICAS FINAIS
======================================================================
Viagens processadas: 1
Distância total: 2.93 km
Combustível total: 54.09 l
CO2 real total: 124958.0 g
CO2 meta total: 563.2 g
Delta CO2: -124394.9 g
Valor E1 total: R$ -6.22

💰 Créditos: R$ 0.00
💸 Débitos: R$ 6.22
📈 Saldo líquido: R$ -6.22
======================================================================

💾 Dados agregados salvos em: ../data/offset_batch/vehicles_step_sim_3/run_098.csv
[csv-worker_3] [vehicles_step_sim_3] ===== LOG RUN 098 FIM =====

[csv-worker_3] [vehicles_step_sim_3] ===== LOG RUN 099 INICIO =====
======================================================================
🚗 PROCESSAMENTO SUMO → E1 REGISTRY (OFFSET ALEATÓRIO - veh0)
======================================================================
📄 Entrada: ../data/vehicles_step_sim_3.csv
🏭 Consumo fabricante: 12.0 km/l
💰 Preço carbono: R$ 50.0/ton
⭕ Raio máximo do offset aleatório: 2.0 km
🎲 Offset gerado aleatoriamente:
   Ângulo: 106.8°
   Distância: 1.3949 km
   offset_x (lat): -0.003626°  |  offset_y (lon): 0.011995°
📊 Row stepping: Processando todas as linhas
🗺️  Map matching: DESATIVADO
📐 Cálculo de distância: HAVERSINE PURO dos pontos COM snap (consistência)
======================================================================

📊 Carregando dados SUMO...
   Total de registros no arquivo: 324
   Veículos únicos: 1
   🚙 Vehicle selecionado: carro_1000

🔄 Agregando viagens por vehicle_id...
  📐 SUMO_carro_1000: Calculando distâncias com Haversine direto (SEM routing API)
      Original: 323 pontos → 2.9161 km (Haversine)
      Offset:   323 pontos → 2.9160 km (Haversine)

🚙 Veículo: SUMO_carro_1000
   Modelo: HBEFA4/PC_petrol_Euro-6ab
   Segmentos: 323
   📏 Distância: 2.926 km (city: 2.764, highway: 0.161)
   ⛽ Combustível: 54.094 l
   🏭 CO2 real: 124958.0 g
   🎯 CO2 meta: 563.2 g
   📊 Delta: -124394.9 g
   💰 Valor E1: R$ -6.2197
   🧭 Tentativas map matching: 0

   🔑 OFFSET DETERMINÍSTICO (x=0.007242239652188182°, y=0.00905308834052523°, max=2.0km):
   📍 Start Original:  (40.775644, -73.960687)
   🔒 Start Protegido: (40.782886, -73.951634) ✓ 1.11 km | ⚠ SEM MAP MATCHING
   📏 Deslocamento final: 1110.1 metros
   📍 End Original:    (40.774046, -73.961617)
   🔒 End Protegido:   (40.781288, -73.952564) ✓ 1.11 km | ⚠ SEM MAP MATCHING
   📏 Deslocamento final: 1110.1 metros

   📐 ANÁLISE DE DISTÂNCIA DO TRAJETO (HAVERSINE DOS PONTOS ARMAZENADOS):
   🔢 Pontos unicos original/offset: 320/321 (Δ +1, +0.3% )
   📍 Trajeto original: 2.916 km (linha reta entre pontos GPS)
   🔒 Trajeto com offset: 2.916 km (linha reta entre pontos COM snap)
   📊 Diferença: -0.000 km (-0.0%)

======================================================================
📊 ESTATÍSTICAS FINAIS
======================================================================
Viagens processadas: 1
Distância total: 2.93 km
Combustível total: 54.09 l
CO2 real total: 124958.0 g
CO2 meta total: 563.2 g
Delta CO2: -124394.9 g
Valor E1 total: R$ -6.22

💰 Créditos: R$ 0.00
💸 Débitos: R$ 6.22
📈 Saldo líquido: R$ -6.22
======================================================================

💾 Dados agregados salvos em: ../data/offset_batch/vehicles_step_sim_3/run_099.csv
[csv-worker_3] [vehicles_step_sim_3] ===== LOG RUN 099 FIM =====

[csv-worker_3] [vehicles_step_sim_3] ===== LOG RUN 100 INICIO =====
======================================================================
🚗 PROCESSAMENTO SUMO → E1 REGISTRY (OFFSET ALEATÓRIO - veh0)
======================================================================
📄 Entrada: ../data/vehicles_step_sim_3.csv
🏭 Consumo fabricante: 12.0 km/l
💰 Preço carbono: R$ 50.0/ton
⭕ Raio máximo do offset aleatório: 2.0 km
🎲 Offset gerado aleatoriamente:
   Ângulo: 127.1°
   Distância: 1.9508 km
   offset_x (lat): -0.010567°  |  offset_y (lon): 0.013979°
📊 Row stepping: Processando todas as linhas
🗺️  Map matching: DESATIVADO
📐 Cálculo de distância: HAVERSINE PURO dos pontos COM snap (consistência)
======================================================================

📊 Carregando dados SUMO...
   Total de registros no arquivo: 324
   Veículos únicos: 1
   🚙 Vehicle selecionado: carro_1000

🔄 Agregando viagens por vehicle_id...
  📐 SUMO_carro_1000: Calculando distâncias com Haversine direto (SEM routing API)
      Original: 323 pontos → 2.9161 km (Haversine)
      Offset:   323 pontos → 2.9159 km (Haversine)

🚙 Veículo: SUMO_carro_1000
   Modelo: HBEFA4/PC_petrol_Euro-6ab
   Segmentos: 323
   📏 Distância: 2.926 km (city: 2.764, highway: 0.161)
   ⛽ Combustível: 54.094 l
   🏭 CO2 real: 124958.0 g
   🎯 CO2 meta: 563.2 g
   📊 Delta: -124394.9 g
   💰 Valor E1: R$ -6.2197
   🧭 Tentativas map matching: 0

   🔑 OFFSET DETERMINÍSTICO (x=0.009221274474337958°, y=-0.008540302816589875°, max=2.0km):
   📍 Start Original:  (40.775644, -73.960687)
   🔒 Start Protegido: (40.784865, -73.969227) ✓ 1.25 km | ⚠ SEM MAP MATCHING
   📏 Deslocamento final: 1253.8 metros
   📍 End Original:    (40.774046, -73.961617)
   🔒 End Protegido:   (40.783267, -73.970157) ✓ 1.25 km | ⚠ SEM MAP MATCHING
   📏 Deslocamento final: 1253.8 metros

   📐 ANÁLISE DE DISTÂNCIA DO TRAJETO (HAVERSINE DOS PONTOS ARMAZENADOS):
   🔢 Pontos unicos original/offset: 320/321 (Δ +1, +0.3% )
   📍 Trajeto original: 2.916 km (linha reta entre pontos GPS)
   🔒 Trajeto com offset: 2.916 km (linha reta entre pontos COM snap)
   📊 Diferença: -0.000 km (-0.0%)

======================================================================
📊 ESTATÍSTICAS FINAIS
======================================================================
Viagens processadas: 1
Distância total: 2.93 km
Combustível total: 54.09 l
CO2 real total: 124958.0 g
CO2 meta total: 563.2 g
Delta CO2: -124394.9 g
Valor E1 total: R$ -6.22

💰 Créditos: R$ 0.00
💸 Débitos: R$ 6.22
📈 Saldo líquido: R$ -6.22
======================================================================

💾 Dados agregados salvos em: ../data/offset_batch/vehicles_step_sim_3/run_100.csv
[csv-worker_3] [vehicles_step_sim_3] ===== LOG RUN 100 FIM =====

FIM CSV: vehicles_step_sim_3

==========================================================================================
INICIO CSV: vehicles_step_sim_3 | runs=100 | source=vehicles_step_sim_3.csv
==========================================================================================
