
==========================================================================================
INICIO CSV: vehicles_step_sim_4 | runs=100 | source=vehicles_step_sim_4.csv
==========================================================================================

[csv-worker_4] [vehicles_step_sim_4] ===== LOG RUN 001 INICIO =====
======================================================================
🚗 PROCESSAMENTO SUMO → E1 REGISTRY (OFFSET ALEATÓRIO - veh0)
======================================================================
📄 Entrada: ../data/vehicles_step_sim_4.csv
🏭 Consumo fabricante: 12.0 km/l
💰 Preço carbono: R$ 50.0/ton
⭕ Raio máximo do offset aleatório: 2.0 km
🎲 Offset gerado aleatoriamente:
   Ângulo: 351.2°
   Distância: 1.1210 km
   offset_x (lat): 0.009953°  |  offset_y (lon): -0.001535°
📊 Row stepping: Processando todas as linhas
🗺️  Map matching: DESATIVADO
📐 Cálculo de distância: HAVERSINE PURO dos pontos COM snap (consistência)
======================================================================

📊 Carregando dados SUMO...
   Veículos únicos: 1
   🚙 Vehicle selecionado: carro_1000

🔄 Agregando viagens por vehicle_id...
   🚙 Vehicle selecionado: carro_1000

🔄 Agregando viagens por vehicle_id...

💾 Dados agregados salvos em: ../data/offset_batch/vehicles_step_sim_4/run_001.csv
[csv-worker_4] [vehicles_step_sim_4] ===== LOG RUN 001 FIM =====

[csv-worker_4] [vehicles_step_sim_4] ===== LOG RUN 002 INICIO =====
======================================================================
🚗 PROCESSAMENTO SUMO → E1 REGISTRY (OFFSET ALEATÓRIO - veh0)
======================================================================
📄 Entrada: ../data/vehicles_step_sim_4.csv
🏭 Consumo fabricante: 12.0 km/l
💰 Preço carbono: R$ 50.0/ton
⭕ Raio máximo do offset aleatório: 2.0 km
🎲 Offset gerado aleatoriamente:
   Ângulo: 200.3°
   Distância: 1.6528 km
   offset_x (lat): -0.013920°  |  offset_y (lon): -0.005163°
📊 Row stepping: Processando todas as linhas
🗺️  Map matching: DESATIVADO
📐 Cálculo de distância: HAVERSINE PURO dos pontos COM snap (consistência)
======================================================================

📊 Carregando dados SUMO...

💾 Dados agregados salvos em: ../data/offset_batch/vehicles_step_sim_4/run_002.csv
[csv-worker_4] [vehicles_step_sim_4] ===== LOG RUN 002 FIM =====

[csv-worker_4] [vehicles_step_sim_4] ===== LOG RUN 003 INICIO =====
======================================================================
🚗 PROCESSAMENTO SUMO → E1 REGISTRY (OFFSET ALEATÓRIO - veh0)
======================================================================
📄 Entrada: ../data/vehicles_step_sim_4.csv
🏭 Consumo fabricante: 12.0 km/l
💰 Preço carbono: R$ 50.0/ton
⭕ Raio máximo do offset aleatório: 2.0 km
🎲 Offset gerado aleatoriamente:
   Ângulo: 149.9°
   Distância: 1.3295 km
   offset_x (lat): -0.010333°  |  offset_y (lon): 0.005989°
📊 Row stepping: Processando todas as linhas
🗺️  Map matching: DESATIVADO
📐 Cálculo de distância: HAVERSINE PURO dos pontos COM snap (consistência)
======================================================================

📊 Carregando dados SUMO...
   Total de registros no arquivo: 300
   Veículos únicos: 1
   🚙 Vehicle selecionado: carro_1000

🔄 Agregando viagens por vehicle_id...
  📐 SUMO_carro_1000: Calculando distâncias com Haversine direto (SEM routing API)
      Original: 131 pontos → 1.4055 km (Haversine)
      Offset:   131 pontos → 1.4054 km (Haversine)

🚙 Veículo: SUMO_carro_1000
   Modelo: HBEFA4/PC_petrol_Euro-6ab
   Segmentos: 131
   📏 Distância: 1.410 km (city: 1.410, highway: 0.000)
   ⛽ Combustível: 12.456 l
   🏭 CO2 real: 28774.3 g
   🎯 CO2 meta: 271.4 g
   📊 Delta: -28502.9 g
   💰 Valor E1: R$ -1.4251
   🧭 Tentativas map matching: 0

   🔑 OFFSET DETERMINÍSTICO (x=0.004814970662516329°, y=-0.011377165570666531°, max=2.0km):
   📍 Start Original:  (40.775644, -73.960687)
   🔒 Start Protegido: (40.780459, -73.972064) ✓ 1.10 km | ⚠ SEM MAP MATCHING
   📏 Deslocamento final: 1098.7 metros
   📍 End Original:    (40.772974, -73.962198)
   🔒 End Protegido:   (40.777789, -73.973576) ✓ 1.10 km | ⚠ SEM MAP MATCHING
   📏 Deslocamento final: 1098.7 metros

   📐 ANÁLISE DE DISTÂNCIA DO TRAJETO (HAVERSINE DOS PONTOS ARMAZENADOS):
   🔢 Pontos unicos original/offset: 130/130 (Δ +0, +0.0% )
   📍 Trajeto original: 1.405 km (linha reta entre pontos GPS)
   🔒 Trajeto com offset: 1.405 km (linha reta entre pontos COM snap)
   📊 Diferença: -0.000 km (-0.0%)

======================================================================
📊 ESTATÍSTICAS FINAIS
======================================================================
Viagens processadas: 1
Distância total: 1.41 km
Combustível total: 12.46 l
CO2 real total: 28774.3 g
CO2 meta total: 271.4 g
Delta CO2: -28502.9 g
Valor E1 total: R$ -1.43

💰 Créditos: R$ 0.00
💸 Débitos: R$ 1.43
📈 Saldo líquido: R$ -1.43
======================================================================

💾 Dados agregados salvos em: ../data/offset_batch/vehicles_step_sim_4/run_003.csv
[csv-worker_4] [vehicles_step_sim_4] ===== LOG RUN 003 FIM =====

[csv-worker_4] [vehicles_step_sim_4] ===== LOG RUN 004 INICIO =====
======================================================================
🚗 PROCESSAMENTO SUMO → E1 REGISTRY (OFFSET ALEATÓRIO - veh0)
======================================================================
📄 Entrada: ../data/vehicles_step_sim_4.csv
🏭 Consumo fabricante: 12.0 km/l
💰 Preço carbono: R$ 50.0/ton
⭕ Raio máximo do offset aleatório: 2.0 km
🎲 Offset gerado aleatoriamente:
   Ângulo: 257.2°
   Distância: 1.3268 km
   offset_x (lat): -0.002644°  |  offset_y (lon): -0.011622°
📊 Row stepping: Processando todas as linhas
🗺️  Map matching: DESATIVADO
📐 Cálculo de distância: HAVERSINE PURO dos pontos COM snap (consistência)
======================================================================

📊 Carregando dados SUMO...
   Total de registros no arquivo: 300
   Veículos únicos: 1
   🚙 Vehicle selecionado: carro_1000

🔄 Agregando viagens por vehicle_id...
  📐 SUMO_carro_1000: Calculando distâncias com Haversine direto (SEM routing API)
      Original: 131 pontos → 1.4055 km (Haversine)
      Offset:   131 pontos → 1.4054 km (Haversine)

🚙 Veículo: SUMO_carro_1000
   Modelo: HBEFA4/PC_petrol_Euro-6ab
   Segmentos: 131
   📏 Distância: 1.410 km (city: 1.410, highway: 0.000)
   ⛽ Combustível: 12.456 l
   🏭 CO2 real: 28774.3 g
   🎯 CO2 meta: 271.4 g
   📊 Delta: -28502.9 g
   💰 Valor E1: R$ -1.4251
   🧭 Tentativas map matching: 0

   🔑 OFFSET DETERMINÍSTICO (x=0.008412335721425144°, y=-0.004040094040398964°, max=2.0km):
   📍 Start Original:  (40.775644, -73.960687)
   🔒 Start Protegido: (40.784056, -73.964727) ✓ 1.00 km | ⚠ SEM MAP MATCHING
   📏 Deslocamento final: 996.5 metros
   📍 End Original:    (40.772974, -73.962198)
   🔒 End Protegido:   (40.781386, -73.966239) ✓ 1.00 km | ⚠ SEM MAP MATCHING
   📏 Deslocamento final: 996.5 metros

   📐 ANÁLISE DE DISTÂNCIA DO TRAJETO (HAVERSINE DOS PONTOS ARMAZENADOS):
   🔢 Pontos unicos original/offset: 130/130 (Δ +0, +0.0% )
   📍 Trajeto original: 1.405 km (linha reta entre pontos GPS)
   🔒 Trajeto com offset: 1.405 km (linha reta entre pontos COM snap)
   📊 Diferença: -0.000 km (-0.0%)

======================================================================
📊 ESTATÍSTICAS FINAIS
======================================================================
Viagens processadas: 1
Distância total: 1.41 km
Combustível total: 12.46 l
CO2 real total: 28774.3 g
CO2 meta total: 271.4 g
Delta CO2: -28502.9 g
Valor E1 total: R$ -1.43

💰 Créditos: R$ 0.00
💸 Débitos: R$ 1.43
📈 Saldo líquido: R$ -1.43
======================================================================

💾 Dados agregados salvos em: ../data/offset_batch/vehicles_step_sim_4/run_004.csv
[csv-worker_4] [vehicles_step_sim_4] ===== LOG RUN 004 FIM =====

[csv-worker_4] [vehicles_step_sim_4] ===== LOG RUN 005 INICIO =====
======================================================================
🚗 PROCESSAMENTO SUMO → E1 REGISTRY (OFFSET ALEATÓRIO - veh0)
======================================================================
📄 Entrada: ../data/vehicles_step_sim_4.csv
🏭 Consumo fabricante: 12.0 km/l
💰 Preço carbono: R$ 50.0/ton
⭕ Raio máximo do offset aleatório: 2.0 km
🎲 Offset gerado aleatoriamente:
   Ângulo: 247.1°
   Distância: 1.5658 km
   offset_x (lat): -0.005464°  |  offset_y (lon): -0.012961°
📊 Row stepping: Processando todas as linhas
🗺️  Map matching: DESATIVADO
📐 Cálculo de distância: HAVERSINE PURO dos pontos COM snap (consistência)
======================================================================

📊 Carregando dados SUMO...
   Total de registros no arquivo: 300
   Veículos únicos: 1
   🚙 Vehicle selecionado: carro_1000

🔄 Agregando viagens por vehicle_id...
  📐 SUMO_carro_1000: Calculando distâncias com Haversine direto (SEM routing API)
      Original: 131 pontos → 1.4055 km (Haversine)
      Offset:   131 pontos → 1.4056 km (Haversine)

🚙 Veículo: SUMO_carro_1000
   Modelo: HBEFA4/PC_petrol_Euro-6ab
   Segmentos: 131
   📏 Distância: 1.410 km (city: 1.410, highway: 0.000)
   ⛽ Combustível: 12.456 l
   🏭 CO2 real: 28774.3 g
   🎯 CO2 meta: 271.4 g
   📊 Delta: -28502.9 g
   💰 Valor E1: R$ -1.4251
   🧭 Tentativas map matching: 0

   🔑 OFFSET DETERMINÍSTICO (x=-0.0059588681439543285°, y=0.013768588502437042°, max=2.0km):
   📍 Start Original:  (40.775644, -73.960687)
   🔒 Start Protegido: (40.769685, -73.946918) ✓ 1.34 km | ⚠ SEM MAP MATCHING
   📏 Deslocamento final: 1336.9 metros
   📍 End Original:    (40.772974, -73.962198)
   🔒 End Protegido:   (40.767015, -73.948430) ✓ 1.34 km | ⚠ SEM MAP MATCHING
   📏 Deslocamento final: 1336.9 metros

   📐 ANÁLISE DE DISTÂNCIA DO TRAJETO (HAVERSINE DOS PONTOS ARMAZENADOS):
   🔢 Pontos unicos original/offset: 130/130 (Δ +0, +0.0% )
   📍 Trajeto original: 1.405 km (linha reta entre pontos GPS)
   🔒 Trajeto com offset: 1.406 km (linha reta entre pontos COM snap)
   📊 Diferença: +0.000 km (+0.0%)

======================================================================
📊 ESTATÍSTICAS FINAIS
======================================================================
Viagens processadas: 1
Distância total: 1.41 km
Combustível total: 12.46 l
CO2 real total: 28774.3 g
CO2 meta total: 271.4 g
Delta CO2: -28502.9 g
Valor E1 total: R$ -1.43

💰 Créditos: R$ 0.00
💸 Débitos: R$ 1.43
📈 Saldo líquido: R$ -1.43
======================================================================

💾 Dados agregados salvos em: ../data/offset_batch/vehicles_step_sim_4/run_005.csv
[csv-worker_4] [vehicles_step_sim_4] ===== LOG RUN 005 FIM =====

[csv-worker_4] [vehicles_step_sim_4] ===== LOG RUN 006 INICIO =====
======================================================================
🚗 PROCESSAMENTO SUMO → E1 REGISTRY (OFFSET ALEATÓRIO - veh0)
======================================================================
📄 Entrada: ../data/vehicles_step_sim_4.csv
🏭 Consumo fabricante: 12.0 km/l
💰 Preço carbono: R$ 50.0/ton
⭕ Raio máximo do offset aleatório: 2.0 km
🎲 Offset gerado aleatoriamente:
   Ângulo: 52.9°
   Distância: 1.1226 km
   offset_x (lat): 0.006085°  |  offset_y (lon): 0.008041°
📊 Row stepping: Processando todas as linhas
🗺️  Map matching: DESATIVADO
📐 Cálculo de distância: HAVERSINE PURO dos pontos COM snap (consistência)
======================================================================

📊 Carregando dados SUMO...
   Total de registros no arquivo: 300
   Veículos únicos: 1
   🚙 Vehicle selecionado: carro_1000

🔄 Agregando viagens por vehicle_id...
  📐 SUMO_carro_1000: Calculando distâncias com Haversine direto (SEM routing API)
      Original: 323 pontos → 2.9161 km (Haversine)
      Offset:   323 pontos → 2.9164 km (Haversine)

🚙 Veículo: SUMO_carro_1000
   Modelo: HBEFA4/PC_petrol_Euro-6ab
   Segmentos: 323
   📏 Distância: 2.926 km (city: 2.764, highway: 0.161)
   ⛽ Combustível: 54.094 l
   🏭 CO2 real: 124958.0 g
   🎯 CO2 meta: 563.2 g
   📊 Delta: -124394.9 g
   💰 Valor E1: R$ -6.2197
   🧭 Tentativas map matching: 0

   🔑 OFFSET DETERMINÍSTICO (x=-0.014859853512256584°, y=-0.0007138969251068804°, max=2.0km):
   📍 Start Original:  (40.775644, -73.960687)
   🔒 Start Protegido: (40.760784, -73.961401) ✓ 1.66 km | ⚠ SEM MAP MATCHING
   📏 Deslocamento final: 1655.3 metros
   📍 End Original:    (40.774046, -73.961617)
   🔒 End Protegido:   (40.759186, -73.962331) ✓ 1.66 km | ⚠ SEM MAP MATCHING
   📏 Deslocamento final: 1655.3 metros

   📐 ANÁLISE DE DISTÂNCIA DO TRAJETO (HAVERSINE DOS PONTOS ARMAZENADOS):
   🔢 Pontos unicos original/offset: 320/320 (Δ +0, +0.0% )
   📍 Trajeto original: 2.916 km (linha reta entre pontos GPS)
   🔒 Trajeto com offset: 2.916 km (linha reta entre pontos COM snap)
   📊 Diferença: +0.000 km (+0.0%)

======================================================================
📊 ESTATÍSTICAS FINAIS
======================================================================
Viagens processadas: 1
Distância total: 2.93 km
Combustível total: 54.09 l
CO2 real total: 124958.0 g
CO2 meta total: 563.2 g
Delta CO2: -124394.9 g
Valor E1 total: R$ -6.22

💰 Créditos: R$ 0.00
💸 Débitos: R$ 6.22
📈 Saldo líquido: R$ -6.22
======================================================================

💾 Dados agregados salvos em: ../data/offset_batch/vehicles_step_sim_4/run_006.csv
[csv-worker_4] [vehicles_step_sim_4] ===== LOG RUN 006 FIM =====

[csv-worker_4] [vehicles_step_sim_4] ===== LOG RUN 007 INICIO =====
======================================================================
🚗 PROCESSAMENTO SUMO → E1 REGISTRY (OFFSET ALEATÓRIO - veh0)
======================================================================
📄 Entrada: ../data/vehicles_step_sim_4.csv
🏭 Consumo fabricante: 12.0 km/l
💰 Preço carbono: R$ 50.0/ton
⭕ Raio máximo do offset aleatório: 2.0 km
🎲 Offset gerado aleatoriamente:
   Ângulo: 60.2°
   Distância: 1.4537 km
   offset_x (lat): 0.006492°  |  offset_y (lon): 0.011331°
📊 Row stepping: Processando todas as linhas
🗺️  Map matching: DESATIVADO
📐 Cálculo de distância: HAVERSINE PURO dos pontos COM snap (consistência)
======================================================================

📊 Carregando dados SUMO...
   Total de registros no arquivo: 300
   Veículos únicos: 1
   🚙 Vehicle selecionado: carro_1000

🔄 Agregando viagens por vehicle_id...
  📐 SUMO_carro_1000: Calculando distâncias com Haversine direto (SEM routing API)
      Original: 323 pontos → 2.9161 km (Haversine)
      Offset:   323 pontos → 2.9158 km (Haversine)

🚙 Veículo: SUMO_carro_1000
   Modelo: HBEFA4/PC_petrol_Euro-6ab
   Segmentos: 323
   📏 Distância: 2.926 km (city: 2.764, highway: 0.161)
   ⛽ Combustível: 54.094 l
   🏭 CO2 real: 124958.0 g
   🎯 CO2 meta: 563.2 g
   📊 Delta: -124394.9 g
   💰 Valor E1: R$ -6.2197
   🧭 Tentativas map matching: 0

   🔑 OFFSET DETERMINÍSTICO (x=0.014106965521283776°, y=-0.00558264136193026°, max=2.0km):
   📍 Start Original:  (40.775644, -73.960687)
   🔒 Start Protegido: (40.789751, -73.966270) ✓ 1.64 km | ⚠ SEM MAP MATCHING
   📏 Deslocamento final: 1639.4 metros
   📍 End Original:    (40.774046, -73.961617)
   🔒 End Protegido:   (40.788153, -73.967200) ✓ 1.64 km | ⚠ SEM MAP MATCHING
   📏 Deslocamento final: 1639.4 metros

   📐 ANÁLISE DE DISTÂNCIA DO TRAJETO (HAVERSINE DOS PONTOS ARMAZENADOS):
   🔢 Pontos unicos original/offset: 320/320 (Δ +0, +0.0% )
   📍 Trajeto original: 2.916 km (linha reta entre pontos GPS)
   🔒 Trajeto com offset: 2.916 km (linha reta entre pontos COM snap)
   📊 Diferença: -0.000 km (-0.0%)

======================================================================
📊 ESTATÍSTICAS FINAIS
======================================================================
Viagens processadas: 1
Distância total: 2.93 km
Combustível total: 54.09 l
CO2 real total: 124958.0 g
CO2 meta total: 563.2 g
Delta CO2: -124394.9 g
Valor E1 total: R$ -6.22

💰 Créditos: R$ 0.00
💸 Débitos: R$ 6.22
📈 Saldo líquido: R$ -6.22
======================================================================

💾 Dados agregados salvos em: ../data/offset_batch/vehicles_step_sim_4/run_007.csv
[csv-worker_4] [vehicles_step_sim_4] ===== LOG RUN 007 FIM =====

[csv-worker_4] [vehicles_step_sim_4] ===== LOG RUN 008 INICIO =====
======================================================================
🚗 PROCESSAMENTO SUMO → E1 REGISTRY (OFFSET ALEATÓRIO - veh0)
======================================================================
📄 Entrada: ../data/vehicles_step_sim_4.csv
🏭 Consumo fabricante: 12.0 km/l
💰 Preço carbono: R$ 50.0/ton
⭕ Raio máximo do offset aleatório: 2.0 km
🎲 Offset gerado aleatoriamente:
   Ângulo: 191.7°
   Distância: 1.7168 km
   offset_x (lat): -0.015103°  |  offset_y (lon): -0.003119°
📊 Row stepping: Processando todas as linhas
🗺️  Map matching: DESATIVADO
📐 Cálculo de distância: HAVERSINE PURO dos pontos COM snap (consistência)
======================================================================

📊 Carregando dados SUMO...
   Total de registros no arquivo: 300
   Veículos únicos: 1
   🚙 Vehicle selecionado: carro_1000

🔄 Agregando viagens por vehicle_id...
  📐 SUMO_carro_1000: Calculando distâncias com Haversine direto (SEM routing API)
      Original: 155 pontos → 1.4242 km (Haversine)
      Offset:   155 pontos → 1.4243 km (Haversine)

🚙 Veículo: SUMO_carro_1000
   Modelo: HBEFA4/PC_petrol_Euro-6ab
   Segmentos: 155
   📏 Distância: 1.424 km (city: 1.424, highway: 0.000)
   ⛽ Combustível: 10.127 l
   🏭 CO2 real: 23393.7 g
   🎯 CO2 meta: 274.2 g
   📊 Delta: -23119.5 g
   💰 Valor E1: R$ -1.1560
   🧭 Tentativas map matching: 0

   🔑 OFFSET DETERMINÍSTICO (x=-0.005651249447516418°, y=0.014620633188245595°, max=2.0km):
   📍 Start Original:  (40.775644, -73.960687)
   🔒 Start Protegido: (40.769992, -73.946066) ✓ 1.38 km | ⚠ SEM MAP MATCHING
   📏 Deslocamento final: 1383.8 metros
   📍 End Original:    (40.775671, -73.960433)
   🔒 End Protegido:   (40.770020, -73.945813) ✓ 1.38 km | ⚠ SEM MAP MATCHING
   📏 Deslocamento final: 1383.8 metros

   📐 ANÁLISE DE DISTÂNCIA DO TRAJETO (HAVERSINE DOS PONTOS ARMAZENADOS):
   🔢 Pontos unicos original/offset: 155/155 (Δ +0, +0.0% )
   📍 Trajeto original: 1.424 km (linha reta entre pontos GPS)
   🔒 Trajeto com offset: 1.424 km (linha reta entre pontos COM snap)
   📊 Diferença: +0.000 km (+0.0%)

======================================================================
📊 ESTATÍSTICAS FINAIS
======================================================================
Viagens processadas: 1
Distância total: 1.42 km
Combustível total: 10.13 l
CO2 real total: 23393.7 g
CO2 meta total: 274.2 g
Delta CO2: -23119.5 g
Valor E1 total: R$ -1.16

💰 Créditos: R$ 0.00
💸 Débitos: R$ 1.16
📈 Saldo líquido: R$ -1.16
======================================================================

💾 Dados agregados salvos em: ../data/offset_batch/vehicles_step_sim_4/run_008.csv
[csv-worker_4] [vehicles_step_sim_4] ===== LOG RUN 008 FIM =====

[csv-worker_4] [vehicles_step_sim_4] ===== LOG RUN 009 INICIO =====
======================================================================
🚗 PROCESSAMENTO SUMO → E1 REGISTRY (OFFSET ALEATÓRIO - veh0)
======================================================================
📄 Entrada: ../data/vehicles_step_sim_4.csv
🏭 Consumo fabricante: 12.0 km/l
💰 Preço carbono: R$ 50.0/ton
⭕ Raio máximo do offset aleatório: 2.0 km
🎲 Offset gerado aleatoriamente:
   Ângulo: 98.8°
   Distância: 0.4728 km
   offset_x (lat): -0.000653°  |  offset_y (lon): 0.004197°
📊 Row stepping: Processando todas as linhas
🗺️  Map matching: DESATIVADO
📐 Cálculo de distância: HAVERSINE PURO dos pontos COM snap (consistência)
======================================================================

📊 Carregando dados SUMO...
   Total de registros no arquivo: 300
   Veículos únicos: 1
   🚙 Vehicle selecionado: carro_1000

🔄 Agregando viagens por vehicle_id...
  📐 SUMO_carro_1000: Calculando distâncias com Haversine direto (SEM routing API)
      Original: 131 pontos → 1.4055 km (Haversine)
      Offset:   131 pontos → 1.4054 km (Haversine)

🚙 Veículo: SUMO_carro_1000
   Modelo: HBEFA4/PC_petrol_Euro-6ab
   Segmentos: 131
   📏 Distância: 1.410 km (city: 1.410, highway: 0.000)
   ⛽ Combustível: 12.456 l
   🏭 CO2 real: 28774.3 g
   🎯 CO2 meta: 271.4 g
   📊 Delta: -28502.9 g
   💰 Valor E1: R$ -1.4251
   🧭 Tentativas map matching: 0

   🔑 OFFSET DETERMINÍSTICO (x=0.011533558614554261°, y=0.0006006375593986069°, max=2.0km):
   📍 Start Original:  (40.775644, -73.960687)
   🔒 Start Protegido: (40.787177, -73.960086) ✓ 1.28 km | ⚠ SEM MAP MATCHING
   📏 Deslocamento final: 1284.9 metros
   📍 End Original:    (40.772974, -73.962198)
   🔒 End Protegido:   (40.784508, -73.961598) ✓ 1.28 km | ⚠ SEM MAP MATCHING
   📏 Deslocamento final: 1284.9 metros

   📐 ANÁLISE DE DISTÂNCIA DO TRAJETO (HAVERSINE DOS PONTOS ARMAZENADOS):
   🔢 Pontos unicos original/offset: 130/130 (Δ +0, +0.0% )
   📍 Trajeto original: 1.405 km (linha reta entre pontos GPS)
   🔒 Trajeto com offset: 1.405 km (linha reta entre pontos COM snap)
   📊 Diferença: -0.000 km (-0.0%)

======================================================================
📊 ESTATÍSTICAS FINAIS
======================================================================
Viagens processadas: 1
Distância total: 1.41 km
Combustível total: 12.46 l
CO2 real total: 28774.3 g
CO2 meta total: 271.4 g
Delta CO2: -28502.9 g
Valor E1 total: R$ -1.43

💰 Créditos: R$ 0.00
💸 Débitos: R$ 1.43
📈 Saldo líquido: R$ -1.43
======================================================================

💾 Dados agregados salvos em: ../data/offset_batch/vehicles_step_sim_4/run_009.csv
[csv-worker_4] [vehicles_step_sim_4] ===== LOG RUN 009 FIM =====

[csv-worker_4] [vehicles_step_sim_4] ===== LOG RUN 010 INICIO =====
======================================================================
🚗 PROCESSAMENTO SUMO → E1 REGISTRY (OFFSET ALEATÓRIO - veh0)
======================================================================
📄 Entrada: ../data/vehicles_step_sim_4.csv
🏭 Consumo fabricante: 12.0 km/l
💰 Preço carbono: R$ 50.0/ton
⭕ Raio máximo do offset aleatório: 2.0 km
🎲 Offset gerado aleatoriamente:
   Ângulo: 6.5°
   Distância: 1.6007 km
   offset_x (lat): 0.014286°  |  offset_y (lon): 0.001633°
📊 Row stepping: Processando todas as linhas
🗺️  Map matching: DESATIVADO
📐 Cálculo de distância: HAVERSINE PURO dos pontos COM snap (consistência)
======================================================================

📊 Carregando dados SUMO...
   Total de registros no arquivo: 300
   Veículos únicos: 1
   🚙 Vehicle selecionado: carro_1000

🔄 Agregando viagens por vehicle_id...
  📐 SUMO_carro_1000: Calculando distâncias com Haversine direto (SEM routing API)
      Original: 155 pontos → 1.4242 km (Haversine)
      Offset:   155 pontos → 1.4243 km (Haversine)

🚙 Veículo: SUMO_carro_1000
   Modelo: HBEFA4/PC_petrol_Euro-6ab
   Segmentos: 155
   📏 Distância: 1.424 km (city: 1.424, highway: 0.000)
   ⛽ Combustível: 10.127 l
   🏭 CO2 real: 23393.7 g
   🎯 CO2 meta: 274.2 g
   📊 Delta: -23119.5 g
   💰 Valor E1: R$ -1.1560
   🧭 Tentativas map matching: 0

   🔑 OFFSET DETERMINÍSTICO (x=-0.00833654999750573°, y=0.0092199110265535°, max=2.0km):
   📍 Start Original:  (40.775644, -73.960687)
   🔒 Start Protegido: (40.767307, -73.951467) ✓ 1.21 km | ⚠ SEM MAP MATCHING
   📏 Deslocamento final: 1210.5 metros
   📍 End Original:    (40.775671, -73.960433)
   🔒 End Protegido:   (40.767335, -73.951213) ✓ 1.21 km | ⚠ SEM MAP MATCHING
   📏 Deslocamento final: 1210.5 metros

   📐 ANÁLISE DE DISTÂNCIA DO TRAJETO (HAVERSINE DOS PONTOS ARMAZENADOS):
   🔢 Pontos unicos original/offset: 155/155 (Δ +0, +0.0% )
   📍 Trajeto original: 1.424 km (linha reta entre pontos GPS)
   🔒 Trajeto com offset: 1.424 km (linha reta entre pontos COM snap)
   📊 Diferença: +0.000 km (+0.0%)

======================================================================
📊 ESTATÍSTICAS FINAIS
======================================================================
Viagens processadas: 1
Distância total: 1.42 km
Combustível total: 10.13 l
CO2 real total: 23393.7 g
CO2 meta total: 274.2 g
Delta CO2: -23119.5 g
Valor E1 total: R$ -1.16

💰 Créditos: R$ 0.00
💸 Débitos: R$ 1.16
📈 Saldo líquido: R$ -1.16
======================================================================

💾 Dados agregados salvos em: ../data/offset_batch/vehicles_step_sim_4/run_010.csv
[csv-worker_4] [vehicles_step_sim_4] ===== LOG RUN 010 FIM =====

[csv-worker_4] [vehicles_step_sim_4] ===== LOG RUN 011 INICIO =====
======================================================================
🚗 PROCESSAMENTO SUMO → E1 REGISTRY (OFFSET ALEATÓRIO - veh0)
======================================================================
📄 Entrada: ../data/vehicles_step_sim_4.csv
🏭 Consumo fabricante: 12.0 km/l
💰 Preço carbono: R$ 50.0/ton
⭕ Raio máximo do offset aleatório: 2.0 km
🎲 Offset gerado aleatoriamente:
   Ângulo: 35.8°
   Distância: 1.4595 km
   offset_x (lat): 0.010630°  |  offset_y (lon): 0.007675°
📊 Row stepping: Processando todas as linhas
🗺️  Map matching: DESATIVADO
📐 Cálculo de distância: HAVERSINE PURO dos pontos COM snap (consistência)
======================================================================

📊 Carregando dados SUMO...
   Total de registros no arquivo: 300
   Veículos únicos: 1
   🚙 Vehicle selecionado: carro_1000

🔄 Agregando viagens por vehicle_id...
  📐 SUMO_carro_1000: Calculando distâncias com Haversine direto (SEM routing API)
      Original: 155 pontos → 1.4242 km (Haversine)
      Offset:   155 pontos → 1.4244 km (Haversine)

🚙 Veículo: SUMO_carro_1000
   Modelo: HBEFA4/PC_petrol_Euro-6ab
   Segmentos: 155
   📏 Distância: 1.424 km (city: 1.424, highway: 0.000)
   ⛽ Combustível: 10.127 l
   🏭 CO2 real: 23393.7 g
   🎯 CO2 meta: 274.2 g
   📊 Delta: -23119.5 g
   💰 Valor E1: R$ -1.1560
   🧭 Tentativas map matching: 0

   🔑 OFFSET DETERMINÍSTICO (x=-0.01676667551534045°, y=0.006419885645179199°, max=2.0km):
   📍 Start Original:  (40.775644, -73.960687)
   🔒 Start Protegido: (40.758877, -73.954267) ✓ 1.94 km | ⚠ SEM MAP MATCHING
   📏 Deslocamento final: 1943.3 metros
   📍 End Original:    (40.775671, -73.960433)
   🔒 End Protegido:   (40.758905, -73.954013) ✓ 1.94 km | ⚠ SEM MAP MATCHING
   📏 Deslocamento final: 1943.3 metros

   📐 ANÁLISE DE DISTÂNCIA DO TRAJETO (HAVERSINE DOS PONTOS ARMAZENADOS):
   🔢 Pontos unicos original/offset: 155/155 (Δ +0, +0.0% )
   📍 Trajeto original: 1.424 km (linha reta entre pontos GPS)
   🔒 Trajeto com offset: 1.424 km (linha reta entre pontos COM snap)
   📊 Diferença: +0.000 km (+0.0%)

======================================================================
📊 ESTATÍSTICAS FINAIS
======================================================================
Viagens processadas: 1
Distância total: 1.42 km
Combustível total: 10.13 l
CO2 real total: 23393.7 g
CO2 meta total: 274.2 g
Delta CO2: -23119.5 g
Valor E1 total: R$ -1.16

💰 Créditos: R$ 0.00
💸 Débitos: R$ 1.16
📈 Saldo líquido: R$ -1.16
======================================================================

💾 Dados agregados salvos em: ../data/offset_batch/vehicles_step_sim_4/run_011.csv
[csv-worker_4] [vehicles_step_sim_4] ===== LOG RUN 011 FIM =====

[csv-worker_4] [vehicles_step_sim_4] ===== LOG RUN 012 INICIO =====
======================================================================
🚗 PROCESSAMENTO SUMO → E1 REGISTRY (OFFSET ALEATÓRIO - veh0)
======================================================================
📄 Entrada: ../data/vehicles_step_sim_4.csv
🏭 Consumo fabricante: 12.0 km/l
💰 Preço carbono: R$ 50.0/ton
⭕ Raio máximo do offset aleatório: 2.0 km
🎲 Offset gerado aleatoriamente:
   Ângulo: 249.1°
   Distância: 1.6212 km
   offset_x (lat): -0.005189°  |  offset_y (lon): -0.013607°
📊 Row stepping: Processando todas as linhas
🗺️  Map matching: DESATIVADO
📐 Cálculo de distância: HAVERSINE PURO dos pontos COM snap (consistência)
======================================================================

📊 Carregando dados SUMO...
   Total de registros no arquivo: 300
   Veículos únicos: 1
   🚙 Vehicle selecionado: carro_1000

🔄 Agregando viagens por vehicle_id...
  📐 SUMO_carro_1000: Calculando distâncias com Haversine direto (SEM routing API)
      Original: 131 pontos → 1.4055 km (Haversine)
      Offset:   131 pontos → 1.4055 km (Haversine)

🚙 Veículo: SUMO_carro_1000
   Modelo: HBEFA4/PC_petrol_Euro-6ab
   Segmentos: 131
   📏 Distância: 1.410 km (city: 1.410, highway: 0.000)
   ⛽ Combustível: 12.456 l
   🏭 CO2 real: 28774.3 g
   🎯 CO2 meta: 271.4 g
   📊 Delta: -28502.9 g
   💰 Valor E1: R$ -1.4251
   🧭 Tentativas map matching: 0

   🔑 OFFSET DETERMINÍSTICO (x=0.0006929320746635232°, y=0.014060130403361286°, max=2.0km):
   📍 Start Original:  (40.775644, -73.960687)
   🔒 Start Protegido: (40.776337, -73.946627) ✓ 1.19 km | ⚠ SEM MAP MATCHING
   📏 Deslocamento final: 1187.8 metros
   📍 End Original:    (40.772974, -73.962198)
   🔒 End Protegido:   (40.773667, -73.948138) ✓ 1.19 km | ⚠ SEM MAP MATCHING
   📏 Deslocamento final: 1187.8 metros

   📐 ANÁLISE DE DISTÂNCIA DO TRAJETO (HAVERSINE DOS PONTOS ARMAZENADOS):
   🔢 Pontos unicos original/offset: 130/130 (Δ +0, +0.0% )
   📍 Trajeto original: 1.405 km (linha reta entre pontos GPS)
   🔒 Trajeto com offset: 1.405 km (linha reta entre pontos COM snap)
   📊 Diferença: -0.000 km (-0.0%)

======================================================================
📊 ESTATÍSTICAS FINAIS
======================================================================
Viagens processadas: 1
Distância total: 1.41 km
Combustível total: 12.46 l
CO2 real total: 28774.3 g
CO2 meta total: 271.4 g
Delta CO2: -28502.9 g
Valor E1 total: R$ -1.43

💰 Créditos: R$ 0.00
💸 Débitos: R$ 1.43
📈 Saldo líquido: R$ -1.43
======================================================================

💾 Dados agregados salvos em: ../data/offset_batch/vehicles_step_sim_4/run_012.csv
[csv-worker_4] [vehicles_step_sim_4] ===== LOG RUN 012 FIM =====

[csv-worker_4] [vehicles_step_sim_4] ===== LOG RUN 013 INICIO =====
======================================================================
🚗 PROCESSAMENTO SUMO → E1 REGISTRY (OFFSET ALEATÓRIO - veh0)
======================================================================
📄 Entrada: ../data/vehicles_step_sim_4.csv
🏭 Consumo fabricante: 12.0 km/l
💰 Preço carbono: R$ 50.0/ton
⭕ Raio máximo do offset aleatório: 2.0 km
🎲 Offset gerado aleatoriamente:
   Ângulo: 164.1°
   Distância: 0.3348 km
   offset_x (lat): -0.002892°  |  offset_y (lon): 0.000826°
📊 Row stepping: Processando todas as linhas
🗺️  Map matching: DESATIVADO
📐 Cálculo de distância: HAVERSINE PURO dos pontos COM snap (consistência)
======================================================================

📊 Carregando dados SUMO...
   Total de registros no arquivo: 300
   Veículos únicos: 1
   🚙 Vehicle selecionado: carro_1000

🔄 Agregando viagens por vehicle_id...
  📐 SUMO_carro_1000: Calculando distâncias com Haversine direto (SEM routing API)
      Original: 131 pontos → 1.4055 km (Haversine)
      Offset:   131 pontos → 1.4055 km (Haversine)

🚙 Veículo: SUMO_carro_1000
   Modelo: HBEFA4/PC_petrol_Euro-6ab
   Segmentos: 131
   📏 Distância: 1.410 km (city: 1.410, highway: 0.000)
   ⛽ Combustível: 12.456 l
   🏭 CO2 real: 28774.3 g
   🎯 CO2 meta: 271.4 g
   📊 Delta: -28502.9 g
   💰 Valor E1: R$ -1.4251
   🧭 Tentativas map matching: 0

   🔑 OFFSET DETERMINÍSTICO (x=-0.0022849277016701946°, y=-0.01577057930541248°, max=2.0km):
   📍 Start Original:  (40.775644, -73.960687)
   🔒 Start Protegido: (40.773359, -73.976458) ✓ 1.35 km | ⚠ SEM MAP MATCHING
   📏 Deslocamento final: 1353.6 metros
   📍 End Original:    (40.772974, -73.962198)
   🔒 End Protegido:   (40.770689, -73.977969) ✓ 1.35 km | ⚠ SEM MAP MATCHING
   📏 Deslocamento final: 1353.6 metros

   📐 ANÁLISE DE DISTÂNCIA DO TRAJETO (HAVERSINE DOS PONTOS ARMAZENADOS):
   🔢 Pontos unicos original/offset: 130/130 (Δ +0, +0.0% )
   📍 Trajeto original: 1.405 km (linha reta entre pontos GPS)
   🔒 Trajeto com offset: 1.406 km (linha reta entre pontos COM snap)
   📊 Diferença: +0.000 km (+0.0%)

======================================================================
📊 ESTATÍSTICAS FINAIS
======================================================================
Viagens processadas: 1
Distância total: 1.41 km
Combustível total: 12.46 l
CO2 real total: 28774.3 g
CO2 meta total: 271.4 g
Delta CO2: -28502.9 g
Valor E1 total: R$ -1.43

💰 Créditos: R$ 0.00
💸 Débitos: R$ 1.43
📈 Saldo líquido: R$ -1.43
======================================================================

💾 Dados agregados salvos em: ../data/offset_batch/vehicles_step_sim_4/run_013.csv
[csv-worker_4] [vehicles_step_sim_4] ===== LOG RUN 013 FIM =====

[csv-worker_4] [vehicles_step_sim_4] ===== LOG RUN 014 INICIO =====
======================================================================
🚗 PROCESSAMENTO SUMO → E1 REGISTRY (OFFSET ALEATÓRIO - veh0)
======================================================================
📄 Entrada: ../data/vehicles_step_sim_4.csv
🏭 Consumo fabricante: 12.0 km/l
💰 Preço carbono: R$ 50.0/ton
⭕ Raio máximo do offset aleatório: 2.0 km
🎲 Offset gerado aleatoriamente:
   Ângulo: 70.1°
   Distância: 1.1189 km
   offset_x (lat): 0.003423°  |  offset_y (lon): 0.009450°
📊 Row stepping: Processando todas as linhas
🗺️  Map matching: DESATIVADO
📐 Cálculo de distância: HAVERSINE PURO dos pontos COM snap (consistência)
======================================================================

📊 Carregando dados SUMO...
   Total de registros no arquivo: 300
   Veículos únicos: 1
   🚙 Vehicle selecionado: carro_1000

🔄 Agregando viagens por vehicle_id...
  📐 SUMO_carro_1000: Calculando distâncias com Haversine direto (SEM routing API)
      Original: 337 pontos → 3.3706 km (Haversine)
      Offset:   337 pontos → 3.3705 km (Haversine)

🚙 Veículo: SUMO_carro_1000
   Modelo: HBEFA4/PC_petrol_Euro-6ab
   Segmentos: 337
   📏 Distância: 3.379 km (city: 3.069, highway: 0.310)
   ⛽ Combustível: 58.616 l
   🏭 CO2 real: 135402.3 g
   🎯 CO2 meta: 650.5 g
   📊 Delta: -134751.8 g
   💰 Valor E1: R$ -6.7376
   🧭 Tentativas map matching: 0

   🔑 OFFSET DETERMINÍSTICO (x=0.005108985617250448°, y=0.010305288499126148°, max=2.0km):
   📍 Start Original:  (40.775644, -73.960687)
   🔒 Start Protegido: (40.780753, -73.950382) ✓ 1.04 km | ⚠ SEM MAP MATCHING
   📏 Deslocamento final: 1038.3 metros
   📍 End Original:    (40.774801, -73.960637)
   🔒 End Protegido:   (40.779910, -73.950331) ✓ 1.04 km | ⚠ SEM MAP MATCHING
   📏 Deslocamento final: 1038.3 metros

   📐 ANÁLISE DE DISTÂNCIA DO TRAJETO (HAVERSINE DOS PONTOS ARMAZENADOS):
   🔢 Pontos unicos original/offset: 337/337 (Δ +0, +0.0% )
   📍 Trajeto original: 3.371 km (linha reta entre pontos GPS)
   🔒 Trajeto com offset: 3.370 km (linha reta entre pontos COM snap)
   📊 Diferença: -0.000 km (-0.0%)

======================================================================
📊 ESTATÍSTICAS FINAIS
======================================================================
Viagens processadas: 1
Distância total: 3.38 km
Combustível total: 58.62 l
CO2 real total: 135402.3 g
CO2 meta total: 650.5 g
Delta CO2: -134751.8 g
Valor E1 total: R$ -6.74

💰 Créditos: R$ 0.00
💸 Débitos: R$ 6.74
📈 Saldo líquido: R$ -6.74
======================================================================

💾 Dados agregados salvos em: ../data/offset_batch/vehicles_step_sim_4/run_014.csv
[csv-worker_4] [vehicles_step_sim_4] ===== LOG RUN 014 FIM =====

[csv-worker_4] [vehicles_step_sim_4] ===== LOG RUN 015 INICIO =====
======================================================================
🚗 PROCESSAMENTO SUMO → E1 REGISTRY (OFFSET ALEATÓRIO - veh0)
======================================================================
📄 Entrada: ../data/vehicles_step_sim_4.csv
🏭 Consumo fabricante: 12.0 km/l
💰 Preço carbono: R$ 50.0/ton
⭕ Raio máximo do offset aleatório: 2.0 km
🎲 Offset gerado aleatoriamente:
   Ângulo: 132.6°
   Distância: 0.8897 km
   offset_x (lat): -0.005410°  |  offset_y (lon): 0.005883°
📊 Row stepping: Processando todas as linhas
🗺️  Map matching: DESATIVADO
📐 Cálculo de distância: HAVERSINE PURO dos pontos COM snap (consistência)
======================================================================

📊 Carregando dados SUMO...
   Total de registros no arquivo: 300
   Veículos únicos: 1
   🚙 Vehicle selecionado: carro_1000

🔄 Agregando viagens por vehicle_id...
  📐 SUMO_carro_1000: Calculando distâncias com Haversine direto (SEM routing API)
      Original: 324 pontos → 3.1629 km (Haversine)
      Offset:   324 pontos → 3.1630 km (Haversine)

🚙 Veículo: SUMO_carro_1000
   Modelo: HBEFA4/PC_petrol_Euro-6ab
   Segmentos: 324
   📏 Distância: 3.166 km (city: 3.024, highway: 0.142)
   ⛽ Combustível: 49.530 l
   🏭 CO2 real: 114414.1 g
   🎯 CO2 meta: 609.4 g
   📊 Delta: -113804.6 g
   💰 Valor E1: R$ -5.6902
   🧭 Tentativas map matching: 0

   🔑 OFFSET DETERMINÍSTICO (x=-0.004145023063260691°, y=0.014151880081813298°, max=2.0km):
   📍 Start Original:  (40.775644, -73.960687)
   🔒 Start Protegido: (40.771499, -73.946535) ✓ 1.28 km | ⚠ SEM MAP MATCHING
   📏 Deslocamento final: 1279.1 metros
   📍 End Original:    (40.772251, -73.963071)
   🔒 End Protegido:   (40.768106, -73.948919) ✓ 1.28 km | ⚠ SEM MAP MATCHING
   📏 Deslocamento final: 1279.2 metros

   📐 ANÁLISE DE DISTÂNCIA DO TRAJETO (HAVERSINE DOS PONTOS ARMAZENADOS):
   🔢 Pontos unicos original/offset: 324/324 (Δ +0, +0.0% )
   📍 Trajeto original: 3.163 km (linha reta entre pontos GPS)
   🔒 Trajeto com offset: 3.163 km (linha reta entre pontos COM snap)
   📊 Diferença: +0.000 km (+0.0%)

======================================================================
📊 ESTATÍSTICAS FINAIS
======================================================================
Viagens processadas: 1
Distância total: 3.17 km
Combustível total: 49.53 l
CO2 real total: 114414.1 g
CO2 meta total: 609.4 g
Delta CO2: -113804.6 g
Valor E1 total: R$ -5.69

💰 Créditos: R$ 0.00
💸 Débitos: R$ 5.69
📈 Saldo líquido: R$ -5.69
======================================================================

💾 Dados agregados salvos em: ../data/offset_batch/vehicles_step_sim_4/run_015.csv
[csv-worker_4] [vehicles_step_sim_4] ===== LOG RUN 015 FIM =====

[csv-worker_4] [vehicles_step_sim_4] ===== LOG RUN 016 INICIO =====
======================================================================
🚗 PROCESSAMENTO SUMO → E1 REGISTRY (OFFSET ALEATÓRIO - veh0)
======================================================================
📄 Entrada: ../data/vehicles_step_sim_4.csv
🏭 Consumo fabricante: 12.0 km/l
💰 Preço carbono: R$ 50.0/ton
⭕ Raio máximo do offset aleatório: 2.0 km
🎲 Offset gerado aleatoriamente:
   Ângulo: 149.6°
   Distância: 1.6811 km
   offset_x (lat): -0.013023°  |  offset_y (lon): 0.007645°
📊 Row stepping: Processando todas as linhas
🗺️  Map matching: DESATIVADO
📐 Cálculo de distância: HAVERSINE PURO dos pontos COM snap (consistência)
======================================================================

📊 Carregando dados SUMO...
   Total de registros no arquivo: 300
   Veículos únicos: 1
   🚙 Vehicle selecionado: carro_1000

🔄 Agregando viagens por vehicle_id...
  📐 SUMO_carro_1000: Calculando distâncias com Haversine direto (SEM routing API)
      Original: 222 pontos → 1.9688 km (Haversine)
      Offset:   222 pontos → 1.9688 km (Haversine)

🚙 Veículo: SUMO_carro_1000
   Modelo: HBEFA4/PC_petrol_Euro-6ab
   Segmentos: 222
   📏 Distância: 1.973 km (city: 1.973, highway: 0.000)
   ⛽ Combustível: 24.219 l
   🏭 CO2 real: 55946.2 g
   🎯 CO2 meta: 379.8 g
   📊 Delta: -55566.4 g
   💰 Valor E1: R$ -2.7783
   🧭 Tentativas map matching: 0

   🔑 OFFSET DETERMINÍSTICO (x=-0.003591368977680712°, y=0.00767430232010957°, max=2.0km):
   📍 Start Original:  (40.775644, -73.960687)
   🔒 Start Protegido: (40.772052, -73.953013) ✓ 0.76 km | ⚠ SEM MAP MATCHING
   📏 Deslocamento final: 760.5 metros
   📍 End Original:    (40.772651, -73.962544)
   🔒 End Protegido:   (40.769060, -73.954870) ✓ 0.76 km | ⚠ SEM MAP MATCHING
   📏 Deslocamento final: 760.5 metros

   📐 ANÁLISE DE DISTÂNCIA DO TRAJETO (HAVERSINE DOS PONTOS ARMAZENADOS):
   🔢 Pontos unicos original/offset: 221/221 (Δ +0, +0.0% )
   📍 Trajeto original: 1.969 km (linha reta entre pontos GPS)
   🔒 Trajeto com offset: 1.969 km (linha reta entre pontos COM snap)
   📊 Diferença: +0.000 km (+0.0%)

======================================================================
📊 ESTATÍSTICAS FINAIS
======================================================================
Viagens processadas: 1
Distância total: 1.97 km
Combustível total: 24.22 l
CO2 real total: 55946.2 g
CO2 meta total: 379.8 g
Delta CO2: -55566.4 g
Valor E1 total: R$ -2.78

💰 Créditos: R$ 0.00
💸 Débitos: R$ 2.78
📈 Saldo líquido: R$ -2.78
======================================================================

💾 Dados agregados salvos em: ../data/offset_batch/vehicles_step_sim_4/run_016.csv
[csv-worker_4] [vehicles_step_sim_4] ===== LOG RUN 016 FIM =====

[csv-worker_4] [vehicles_step_sim_4] ===== LOG RUN 017 INICIO =====
======================================================================
🚗 PROCESSAMENTO SUMO → E1 REGISTRY (OFFSET ALEATÓRIO - veh0)
======================================================================
📄 Entrada: ../data/vehicles_step_sim_4.csv
🏭 Consumo fabricante: 12.0 km/l
💰 Preço carbono: R$ 50.0/ton
⭕ Raio máximo do offset aleatório: 2.0 km
🎲 Offset gerado aleatoriamente:
   Ângulo: 188.8°
   Distância: 1.0705 km
   offset_x (lat): -0.009504°  |  offset_y (lon): -0.001469°
📊 Row stepping: Processando todas as linhas
🗺️  Map matching: DESATIVADO
📐 Cálculo de distância: HAVERSINE PURO dos pontos COM snap (consistência)
======================================================================

📊 Carregando dados SUMO...
   Total de registros no arquivo: 300
   Veículos únicos: 1
   🚙 Vehicle selecionado: carro_1000

🔄 Agregando viagens por vehicle_id...
  📐 SUMO_carro_1000: Calculando distâncias com Haversine direto (SEM routing API)
      Original: 131 pontos → 1.4055 km (Haversine)
      Offset:   131 pontos → 1.4055 km (Haversine)

🚙 Veículo: SUMO_carro_1000
   Modelo: HBEFA4/PC_petrol_Euro-6ab
   Segmentos: 131
   📏 Distância: 1.410 km (city: 1.410, highway: 0.000)
   ⛽ Combustível: 12.456 l
   🏭 CO2 real: 28774.3 g
   🎯 CO2 meta: 271.4 g
   📊 Delta: -28502.9 g
   💰 Valor E1: R$ -1.4251
   🧭 Tentativas map matching: 0

   🔑 OFFSET DETERMINÍSTICO (x=0.0032645720393336855°, y=-0.010032861590496562°, max=2.0km):
   📍 Start Original:  (40.775644, -73.960687)
   🔒 Start Protegido: (40.778908, -73.970720) ✓ 0.92 km | ⚠ SEM MAP MATCHING
   📏 Deslocamento final: 920.5 metros
   📍 End Original:    (40.772974, -73.962198)
   🔒 End Protegido:   (40.776239, -73.972231) ✓ 0.92 km | ⚠ SEM MAP MATCHING
   📏 Deslocamento final: 920.6 metros

   📐 ANÁLISE DE DISTÂNCIA DO TRAJETO (HAVERSINE DOS PONTOS ARMAZENADOS):
   🔢 Pontos unicos original/offset: 130/130 (Δ +0, +0.0% )
   📍 Trajeto original: 1.405 km (linha reta entre pontos GPS)
   🔒 Trajeto com offset: 1.405 km (linha reta entre pontos COM snap)
   📊 Diferença: -0.000 km (-0.0%)

======================================================================
📊 ESTATÍSTICAS FINAIS
======================================================================
Viagens processadas: 1
Distância total: 1.41 km
Combustível total: 12.46 l
CO2 real total: 28774.3 g
CO2 meta total: 271.4 g
Delta CO2: -28502.9 g
Valor E1 total: R$ -1.43

💰 Créditos: R$ 0.00
💸 Débitos: R$ 1.43
📈 Saldo líquido: R$ -1.43
======================================================================

💾 Dados agregados salvos em: ../data/offset_batch/vehicles_step_sim_4/run_017.csv
[csv-worker_4] [vehicles_step_sim_4] ===== LOG RUN 017 FIM =====

[csv-worker_4] [vehicles_step_sim_4] ===== LOG RUN 018 INICIO =====
======================================================================
🚗 PROCESSAMENTO SUMO → E1 REGISTRY (OFFSET ALEATÓRIO - veh0)
======================================================================
📄 Entrada: ../data/vehicles_step_sim_4.csv
🏭 Consumo fabricante: 12.0 km/l
💰 Preço carbono: R$ 50.0/ton
⭕ Raio máximo do offset aleatório: 2.0 km
🎲 Offset gerado aleatoriamente:
   Ângulo: 303.9°
   Distância: 0.9796 km
   offset_x (lat): 0.004907°  |  offset_y (lon): -0.007305°
📊 Row stepping: Processando todas as linhas
🗺️  Map matching: DESATIVADO
📐 Cálculo de distância: HAVERSINE PURO dos pontos COM snap (consistência)
======================================================================

📊 Carregando dados SUMO...
  📐 SUMO_carro_1000: Calculando distâncias com Haversine direto (SEM routing API)
      Original: 323 pontos → 2.9161 km (Haversine)
      Offset:   323 pontos → 2.9162 km (Haversine)

🚙 Veículo: SUMO_carro_1000
   Modelo: HBEFA4/PC_petrol_Euro-6ab
   Segmentos: 323
   📏 Distância: 2.926 km (city: 2.764, highway: 0.161)
   ⛽ Combustível: 54.094 l
   🏭 CO2 real: 124958.0 g
   🎯 CO2 meta: 563.2 g
   📊 Delta: -124394.9 g
   💰 Valor E1: R$ -6.2197
   🧭 Tentativas map matching: 0

   🔑 OFFSET DETERMINÍSTICO (x=-0.005674987118038701°, y=-0.0069784068064578635°, max=2.0km):
   📍 Start Original:  (40.775644, -73.960687)
   🔒 Start Protegido: (40.769969, -73.967665) ✓ 0.86 km | ⚠ SEM MAP MATCHING
   📏 Deslocamento final: 863.2 metros
   📍 End Original:    (40.774046, -73.961617)
   🔒 End Protegido:   (40.768371, -73.968595) ✓ 0.86 km | ⚠ SEM MAP MATCHING
   📏 Deslocamento final: 863.2 metros

   📐 ANÁLISE DE DISTÂNCIA DO TRAJETO (HAVERSINE DOS PONTOS ARMAZENADOS):
   🔢 Pontos unicos original/offset: 320/320 (Δ +0, +0.0% )
   📍 Trajeto original: 2.916 km (linha reta entre pontos GPS)
   🔒 Trajeto com offset: 2.916 km (linha reta entre pontos COM snap)
   📊 Diferença: +0.000 km (+0.0%)

======================================================================
📊 ESTATÍSTICAS FINAIS
======================================================================
Viagens processadas: 1
Distância total: 2.93 km
Combustível total: 54.09 l
CO2 real total: 124958.0 g
CO2 meta total: 563.2 g
Delta CO2: -124394.9 g
Valor E1 total: R$ -6.22

💰 Créditos: R$ 0.00
💸 Débitos: R$ 6.22
📈 Saldo líquido: R$ -6.22
======================================================================

💾 Dados agregados salvos em: ../data/offset_batch/vehicles_step_sim_4/run_018.csv
[csv-worker_4] [vehicles_step_sim_4] ===== LOG RUN 018 FIM =====

[csv-worker_4] [vehicles_step_sim_4] ===== LOG RUN 019 INICIO =====
======================================================================
🚗 PROCESSAMENTO SUMO → E1 REGISTRY (OFFSET ALEATÓRIO - veh0)
======================================================================
📄 Entrada: ../data/vehicles_step_sim_4.csv
🏭 Consumo fabricante: 12.0 km/l
💰 Preço carbono: R$ 50.0/ton
⭕ Raio máximo do offset aleatório: 2.0 km
🎲 Offset gerado aleatoriamente:
   Ângulo: 130.1°
   Distância: 1.5539 km
   offset_x (lat): -0.008993°  |  offset_y (lon): 0.010675°
📊 Row stepping: Processando todas as linhas
🗺️  Map matching: DESATIVADO
📐 Cálculo de distância: HAVERSINE PURO dos pontos COM snap (consistência)
======================================================================

📊 Carregando dados SUMO...
   Total de registros no arquivo: 300
   Veículos únicos: 1
   🚙 Vehicle selecionado: carro_1000

🔄 Agregando viagens por vehicle_id...
  📐 SUMO_carro_1000: Calculando distâncias com Haversine direto (SEM routing API)
      Original: 155 pontos → 1.4242 km (Haversine)
      Offset:   155 pontos → 1.4242 km (Haversine)

🚙 Veículo: SUMO_carro_1000
   Modelo: HBEFA4/PC_petrol_Euro-6ab
   Segmentos: 155
   📏 Distância: 1.424 km (city: 1.424, highway: 0.000)
   ⛽ Combustível: 10.127 l
   🏭 CO2 real: 23393.7 g
   🎯 CO2 meta: 274.2 g
   📊 Delta: -23119.5 g
   💰 Valor E1: R$ -1.1560
   🧭 Tentativas map matching: 0

   🔑 OFFSET DETERMINÍSTICO (x=0.0016281532765755051°, y=0.0011456015791425518°, max=2.0km):
   📍 Start Original:  (40.775644, -73.960687)
   🔒 Start Protegido: (40.777272, -73.959541) ✓ 0.21 km | ⚠ SEM MAP MATCHING
   📏 Deslocamento final: 205.4 metros
   📍 End Original:    (40.775671, -73.960433)
   🔒 End Protegido:   (40.777299, -73.959288) ✓ 0.21 km | ⚠ SEM MAP MATCHING
   📏 Deslocamento final: 205.4 metros

   📐 ANÁLISE DE DISTÂNCIA DO TRAJETO (HAVERSINE DOS PONTOS ARMAZENADOS):
   🔢 Pontos unicos original/offset: 155/155 (Δ +0, +0.0% )
   📍 Trajeto original: 1.424 km (linha reta entre pontos GPS)
   🔒 Trajeto com offset: 1.424 km (linha reta entre pontos COM snap)
   📊 Diferença: -0.000 km (-0.0%)

======================================================================
📊 ESTATÍSTICAS FINAIS
======================================================================
Viagens processadas: 1
Distância total: 1.42 km
Combustível total: 10.13 l
CO2 real total: 23393.7 g
CO2 meta total: 274.2 g
Delta CO2: -23119.5 g
Valor E1 total: R$ -1.16

💰 Créditos: R$ 0.00
💸 Débitos: R$ 1.16
📈 Saldo líquido: R$ -1.16
======================================================================

💾 Dados agregados salvos em: ../data/offset_batch/vehicles_step_sim_4/run_019.csv
[csv-worker_4] [vehicles_step_sim_4] ===== LOG RUN 019 FIM =====

[csv-worker_4] [vehicles_step_sim_4] ===== LOG RUN 020 INICIO =====
======================================================================
🚗 PROCESSAMENTO SUMO → E1 REGISTRY (OFFSET ALEATÓRIO - veh0)
======================================================================
📄 Entrada: ../data/vehicles_step_sim_4.csv
🏭 Consumo fabricante: 12.0 km/l
💰 Preço carbono: R$ 50.0/ton
⭕ Raio máximo do offset aleatório: 2.0 km
🎲 Offset gerado aleatoriamente:
   Ângulo: 19.7°
   Distância: 1.5674 km
   offset_x (lat): 0.013257°  |  offset_y (lon): 0.004743°
📊 Row stepping: Processando todas as linhas
🗺️  Map matching: DESATIVADO
📐 Cálculo de distância: HAVERSINE PURO dos pontos COM snap (consistência)
======================================================================

📊 Carregando dados SUMO...
   Total de registros no arquivo: 300
   Veículos únicos: 1
   🚙 Vehicle selecionado: carro_1000

🔄 Agregando viagens por vehicle_id...
  📐 SUMO_carro_1000: Calculando distâncias com Haversine direto (SEM routing API)
      Original: 155 pontos → 1.4242 km (Haversine)
      Offset:   155 pontos → 1.4242 km (Haversine)

🚙 Veículo: SUMO_carro_1000
   Modelo: HBEFA4/PC_petrol_Euro-6ab
   Segmentos: 155
   📏 Distância: 1.424 km (city: 1.424, highway: 0.000)
   ⛽ Combustível: 10.127 l
   🏭 CO2 real: 23393.7 g
   🎯 CO2 meta: 274.2 g
   📊 Delta: -23119.5 g
   💰 Valor E1: R$ -1.1560
   🧭 Tentativas map matching: 0

   🔑 OFFSET DETERMINÍSTICO (x=0.0025587135938346206°, y=-0.008588635246215623°, max=2.0km):
   📍 Start Original:  (40.775644, -73.960687)
   🔒 Start Protegido: (40.778202, -73.969276) ✓ 0.78 km | ⚠ SEM MAP MATCHING
   📏 Deslocamento final: 778.0 metros
   📍 End Original:    (40.775671, -73.960433)
   🔒 End Protegido:   (40.778230, -73.969022) ✓ 0.78 km | ⚠ SEM MAP MATCHING
   📏 Deslocamento final: 778.0 metros

   📐 ANÁLISE DE DISTÂNCIA DO TRAJETO (HAVERSINE DOS PONTOS ARMAZENADOS):
   🔢 Pontos unicos original/offset: 155/155 (Δ +0, +0.0% )
   📍 Trajeto original: 1.424 km (linha reta entre pontos GPS)
   🔒 Trajeto com offset: 1.424 km (linha reta entre pontos COM snap)
   📊 Diferença: -0.000 km (-0.0%)

======================================================================
📊 ESTATÍSTICAS FINAIS
======================================================================
Viagens processadas: 1
Distância total: 1.42 km
Combustível total: 10.13 l
CO2 real total: 23393.7 g
CO2 meta total: 274.2 g
Delta CO2: -23119.5 g
Valor E1 total: R$ -1.16

💰 Créditos: R$ 0.00
💸 Débitos: R$ 1.16
📈 Saldo líquido: R$ -1.16
======================================================================

💾 Dados agregados salvos em: ../data/offset_batch/vehicles_step_sim_4/run_020.csv
[csv-worker_4] [vehicles_step_sim_4] ===== LOG RUN 020 FIM =====

[csv-worker_4] [vehicles_step_sim_4] ===== LOG RUN 021 INICIO =====
======================================================================
🚗 PROCESSAMENTO SUMO → E1 REGISTRY (OFFSET ALEATÓRIO - veh0)
======================================================================
📄 Entrada: ../data/vehicles_step_sim_4.csv
🏭 Consumo fabricante: 12.0 km/l
💰 Preço carbono: R$ 50.0/ton
⭕ Raio máximo do offset aleatório: 2.0 km
🎲 Offset gerado aleatoriamente:
   Ângulo: 115.6°
   Distância: 0.9702 km
   offset_x (lat): -0.003768°  |  offset_y (lon): 0.007859°
📊 Row stepping: Processando todas as linhas
🗺️  Map matching: DESATIVADO
📐 Cálculo de distância: HAVERSINE PURO dos pontos COM snap (consistência)
======================================================================

📊 Carregando dados SUMO...
   Total de registros no arquivo: 300
   Veículos únicos: 1
   🚙 Vehicle selecionado: carro_1000

🔄 Agregando viagens por vehicle_id...
  📐 SUMO_carro_1000: Calculando distâncias com Haversine direto (SEM routing API)
      Original: 131 pontos → 1.4055 km (Haversine)
      Offset:   131 pontos → 1.4056 km (Haversine)

🚙 Veículo: SUMO_carro_1000
   Modelo: HBEFA4/PC_petrol_Euro-6ab
   Segmentos: 131
   📏 Distância: 1.410 km (city: 1.410, highway: 0.000)
   ⛽ Combustível: 12.456 l
   🏭 CO2 real: 28774.3 g
   🎯 CO2 meta: 271.4 g
   📊 Delta: -28502.9 g
   💰 Valor E1: R$ -1.4251
   🧭 Tentativas map matching: 0

   🔑 OFFSET DETERMINÍSTICO (x=-0.006984689722391328°, y=-0.005482324693464918°, max=2.0km):
   📍 Start Original:  (40.775644, -73.960687)
   🔒 Start Protegido: (40.768659, -73.966169) ✓ 0.90 km | ⚠ SEM MAP MATCHING
   📏 Deslocamento final: 904.5 metros
   📍 End Original:    (40.772974, -73.962198)
   🔒 End Protegido:   (40.765989, -73.967681) ✓ 0.90 km | ⚠ SEM MAP MATCHING
   📏 Deslocamento final: 904.5 metros

   📐 ANÁLISE DE DISTÂNCIA DO TRAJETO (HAVERSINE DOS PONTOS ARMAZENADOS):
   🔢 Pontos unicos original/offset: 130/130 (Δ +0, +0.0% )
   📍 Trajeto original: 1.405 km (linha reta entre pontos GPS)
   🔒 Trajeto com offset: 1.406 km (linha reta entre pontos COM snap)
   📊 Diferença: +0.000 km (+0.0%)

======================================================================
📊 ESTATÍSTICAS FINAIS
======================================================================
Viagens processadas: 1
Distância total: 1.41 km
Combustível total: 12.46 l
CO2 real total: 28774.3 g
CO2 meta total: 271.4 g
Delta CO2: -28502.9 g
Valor E1 total: R$ -1.43

💰 Créditos: R$ 0.00
💸 Débitos: R$ 1.43
📈 Saldo líquido: R$ -1.43
======================================================================

💾 Dados agregados salvos em: ../data/offset_batch/vehicles_step_sim_4/run_021.csv
[csv-worker_4] [vehicles_step_sim_4] ===== LOG RUN 021 FIM =====

[csv-worker_4] [vehicles_step_sim_4] ===== LOG RUN 022 INICIO =====
======================================================================
🚗 PROCESSAMENTO SUMO → E1 REGISTRY (OFFSET ALEATÓRIO - veh0)
======================================================================
📄 Entrada: ../data/vehicles_step_sim_4.csv
🏭 Consumo fabricante: 12.0 km/l
💰 Preço carbono: R$ 50.0/ton
⭕ Raio máximo do offset aleatório: 2.0 km
🎲 Offset gerado aleatoriamente:
   Ângulo: 19.8°
   Distância: 0.9443 km
   offset_x (lat): 0.007980°  |  offset_y (lon): 0.002877°
📊 Row stepping: Processando todas as linhas
🗺️  Map matching: DESATIVADO
📐 Cálculo de distância: HAVERSINE PURO dos pontos COM snap (consistência)
======================================================================

📊 Carregando dados SUMO...
   Total de registros no arquivo: 300
   Veículos únicos: 1
   🚙 Vehicle selecionado: carro_1000

🔄 Agregando viagens por vehicle_id...
  📐 SUMO_carro_1000: Calculando distâncias com Haversine direto (SEM routing API)
      Original: 222 pontos → 1.9688 km (Haversine)
      Offset:   222 pontos → 1.9687 km (Haversine)

🚙 Veículo: SUMO_carro_1000
   Modelo: HBEFA4/PC_petrol_Euro-6ab
   Segmentos: 222
   📏 Distância: 1.973 km (city: 1.973, highway: 0.000)
   ⛽ Combustível: 24.219 l
   🏭 CO2 real: 55946.2 g
   🎯 CO2 meta: 379.8 g
   📊 Delta: -55566.4 g
   💰 Valor E1: R$ -2.7783
   🧭 Tentativas map matching: 0

   🔑 OFFSET DETERMINÍSTICO (x=0.007434309136043056°, y=0.007934788562204387°, max=2.0km):
   📍 Start Original:  (40.775644, -73.960687)
   🔒 Start Protegido: (40.783078, -73.952752) ✓ 1.06 km | ⚠ SEM MAP MATCHING
   📏 Deslocamento final: 1064.1 metros
   📍 End Original:    (40.772651, -73.962544)
   🔒 End Protegido:   (40.780086, -73.954610) ✓ 1.06 km | ⚠ SEM MAP MATCHING
   📏 Deslocamento final: 1064.1 metros

   📐 ANÁLISE DE DISTÂNCIA DO TRAJETO (HAVERSINE DOS PONTOS ARMAZENADOS):
   🔢 Pontos unicos original/offset: 221/221 (Δ +0, +0.0% )
   📍 Trajeto original: 1.969 km (linha reta entre pontos GPS)
   🔒 Trajeto com offset: 1.969 km (linha reta entre pontos COM snap)
   📊 Diferença: -0.000 km (-0.0%)

======================================================================
📊 ESTATÍSTICAS FINAIS
======================================================================
Viagens processadas: 1
Distância total: 1.97 km
Combustível total: 24.22 l
CO2 real total: 55946.2 g
CO2 meta total: 379.8 g
Delta CO2: -55566.4 g
Valor E1 total: R$ -2.78

💰 Créditos: R$ 0.00
💸 Débitos: R$ 2.78
📈 Saldo líquido: R$ -2.78
======================================================================

💾 Dados agregados salvos em: ../data/offset_batch/vehicles_step_sim_4/run_022.csv
[csv-worker_4] [vehicles_step_sim_4] ===== LOG RUN 022 FIM =====

[csv-worker_4] [vehicles_step_sim_4] ===== LOG RUN 023 INICIO =====
======================================================================
🚗 PROCESSAMENTO SUMO → E1 REGISTRY (OFFSET ALEATÓRIO - veh0)
======================================================================
📄 Entrada: ../data/vehicles_step_sim_4.csv
🏭 Consumo fabricante: 12.0 km/l
💰 Preço carbono: R$ 50.0/ton
⭕ Raio máximo do offset aleatório: 2.0 km
🎲 Offset gerado aleatoriamente:
   Ângulo: 343.1°
   Distância: 1.4122 km
   offset_x (lat): 0.012137°  |  offset_y (lon): -0.003692°
📊 Row stepping: Processando todas as linhas
🗺️  Map matching: DESATIVADO
📐 Cálculo de distância: HAVERSINE PURO dos pontos COM snap (consistência)
======================================================================

📊 Carregando dados SUMO...
   Total de registros no arquivo: 300
   Veículos únicos: 1
   🚙 Vehicle selecionado: carro_1000

🔄 Agregando viagens por vehicle_id...
  📐 SUMO_carro_1000: Calculando distâncias com Haversine direto (SEM routing API)
      Original: 155 pontos → 1.4242 km (Haversine)
      Offset:   155 pontos → 1.4242 km (Haversine)

🚙 Veículo: SUMO_carro_1000
   Modelo: HBEFA4/PC_petrol_Euro-6ab
   Segmentos: 155
   📏 Distância: 1.424 km (city: 1.424, highway: 0.000)
   ⛽ Combustível: 10.127 l
   🏭 CO2 real: 23393.7 g
   🎯 CO2 meta: 274.2 g
   📊 Delta: -23119.5 g
   💰 Valor E1: R$ -1.1560
   🧭 Tentativas map matching: 0

   🔑 OFFSET DETERMINÍSTICO (x=0.007068098080129163°, y=-0.008524572307644076°, max=2.0km):
   📍 Start Original:  (40.775644, -73.960687)
   🔒 Start Protegido: (40.782712, -73.969212) ✓ 1.07 km | ⚠ SEM MAP MATCHING
   📏 Deslocamento final: 1065.6 metros
   📍 End Original:    (40.775671, -73.960433)
   🔒 End Protegido:   (40.782739, -73.968958) ✓ 1.07 km | ⚠ SEM MAP MATCHING
   📏 Deslocamento final: 1065.6 metros

   📐 ANÁLISE DE DISTÂNCIA DO TRAJETO (HAVERSINE DOS PONTOS ARMAZENADOS):
   🔢 Pontos unicos original/offset: 155/155 (Δ +0, +0.0% )
   📍 Trajeto original: 1.424 km (linha reta entre pontos GPS)
   🔒 Trajeto com offset: 1.424 km (linha reta entre pontos COM snap)
   📊 Diferença: -0.000 km (-0.0%)

======================================================================
📊 ESTATÍSTICAS FINAIS
======================================================================
Viagens processadas: 1
Distância total: 1.42 km
Combustível total: 10.13 l
CO2 real total: 23393.7 g
CO2 meta total: 274.2 g
Delta CO2: -23119.5 g
Valor E1 total: R$ -1.16

💰 Créditos: R$ 0.00
💸 Débitos: R$ 1.16
📈 Saldo líquido: R$ -1.16
======================================================================

💾 Dados agregados salvos em: ../data/offset_batch/vehicles_step_sim_4/run_023.csv
[csv-worker_4] [vehicles_step_sim_4] ===== LOG RUN 023 FIM =====

[csv-worker_4] [vehicles_step_sim_4] ===== LOG RUN 024 INICIO =====
======================================================================
🚗 PROCESSAMENTO SUMO → E1 REGISTRY (OFFSET ALEATÓRIO - veh0)
======================================================================
📄 Entrada: ../data/vehicles_step_sim_4.csv
🏭 Consumo fabricante: 12.0 km/l
💰 Preço carbono: R$ 50.0/ton
⭕ Raio máximo do offset aleatório: 2.0 km
🎲 Offset gerado aleatoriamente:
   Ângulo: 317.7°
   Distância: 1.8157 km
   offset_x (lat): 0.012069°  |  offset_y (lon): -0.010972°
📊 Row stepping: Processando todas as linhas
🗺️  Map matching: DESATIVADO
📐 Cálculo de distância: HAVERSINE PURO dos pontos COM snap (consistência)
======================================================================

📊 Carregando dados SUMO...
   Total de registros no arquivo: 300
   Veículos únicos: 1
   🚙 Vehicle selecionado: carro_1000

🔄 Agregando viagens por vehicle_id...
  📐 SUMO_carro_1000: Calculando distâncias com Haversine direto (SEM routing API)
      Original: 131 pontos → 1.4055 km (Haversine)
      Offset:   131 pontos → 1.4054 km (Haversine)

🚙 Veículo: SUMO_carro_1000
   Modelo: HBEFA4/PC_petrol_Euro-6ab
   Segmentos: 131
   📏 Distância: 1.410 km (city: 1.410, highway: 0.000)
   ⛽ Combustível: 12.456 l
   🏭 CO2 real: 28774.3 g
   🎯 CO2 meta: 271.4 g
   📊 Delta: -28502.9 g
   💰 Valor E1: R$ -1.4251
   🧭 Tentativas map matching: 0

   🔑 OFFSET DETERMINÍSTICO (x=0.006969096182270796°, y=0.0011479057706664084°, max=2.0km):
   📍 Start Original:  (40.775644, -73.960687)
   🔒 Start Protegido: (40.782613, -73.959539) ✓ 0.78 km | ⚠ SEM MAP MATCHING
   📏 Deslocamento final: 781.8 metros
   📍 End Original:    (40.772974, -73.962198)
   🔒 End Protegido:   (40.779943, -73.961051) ✓ 0.78 km | ⚠ SEM MAP MATCHING
   📏 Deslocamento final: 781.8 metros

   📐 ANÁLISE DE DISTÂNCIA DO TRAJETO (HAVERSINE DOS PONTOS ARMAZENADOS):
   🔢 Pontos unicos original/offset: 130/130 (Δ +0, +0.0% )
   📍 Trajeto original: 1.405 km (linha reta entre pontos GPS)
   🔒 Trajeto com offset: 1.405 km (linha reta entre pontos COM snap)
   📊 Diferença: -0.000 km (-0.0%)

======================================================================
📊 ESTATÍSTICAS FINAIS
======================================================================
Viagens processadas: 1
Distância total: 1.41 km
Combustível total: 12.46 l
CO2 real total: 28774.3 g
CO2 meta total: 271.4 g
Delta CO2: -28502.9 g
Valor E1 total: R$ -1.43

💰 Créditos: R$ 0.00
💸 Débitos: R$ 1.43
📈 Saldo líquido: R$ -1.43
======================================================================

💾 Dados agregados salvos em: ../data/offset_batch/vehicles_step_sim_4/run_024.csv
[csv-worker_4] [vehicles_step_sim_4] ===== LOG RUN 024 FIM =====

[csv-worker_4] [vehicles_step_sim_4] ===== LOG RUN 025 INICIO =====
======================================================================
🚗 PROCESSAMENTO SUMO → E1 REGISTRY (OFFSET ALEATÓRIO - veh0)
======================================================================
📄 Entrada: ../data/vehicles_step_sim_4.csv
🏭 Consumo fabricante: 12.0 km/l
💰 Preço carbono: R$ 50.0/ton
⭕ Raio máximo do offset aleatório: 2.0 km
🎲 Offset gerado aleatoriamente:
   Ângulo: 42.8°
   Distância: 1.6945 km
   offset_x (lat): 0.011163°  |  offset_y (lon): 0.010349°
📊 Row stepping: Processando todas as linhas
🗺️  Map matching: DESATIVADO
📐 Cálculo de distância: HAVERSINE PURO dos pontos COM snap (consistência)
======================================================================

📊 Carregando dados SUMO...
   Total de registros no arquivo: 300
   Veículos únicos: 1
   🚙 Vehicle selecionado: carro_1000

🔄 Agregando viagens por vehicle_id...
  📐 SUMO_carro_1000: Calculando distâncias com Haversine direto (SEM routing API)
      Original: 222 pontos → 1.9688 km (Haversine)
      Offset:   222 pontos → 1.9689 km (Haversine)

🚙 Veículo: SUMO_carro_1000
   Modelo: HBEFA4/PC_petrol_Euro-6ab
   Segmentos: 222
   📏 Distância: 1.973 km (city: 1.973, highway: 0.000)
   ⛽ Combustível: 24.219 l
   🏭 CO2 real: 55946.2 g
   🎯 CO2 meta: 379.8 g
   📊 Delta: -55566.4 g
   💰 Valor E1: R$ -2.7783
   🧭 Tentativas map matching: 0

   🔑 OFFSET DETERMINÍSTICO (x=-0.006013997849854497°, y=-0.014252966302720329°, max=2.0km):
   📍 Start Original:  (40.775644, -73.960687)
   🔒 Start Protegido: (40.769630, -73.974940) ✓ 1.38 km | ⚠ SEM MAP MATCHING
   📏 Deslocamento final: 1375.4 metros
   📍 End Original:    (40.772651, -73.962544)
   🔒 End Protegido:   (40.766637, -73.976797) ✓ 1.38 km | ⚠ SEM MAP MATCHING
   📏 Deslocamento final: 1375.5 metros

   📐 ANÁLISE DE DISTÂNCIA DO TRAJETO (HAVERSINE DOS PONTOS ARMAZENADOS):
   🔢 Pontos unicos original/offset: 221/221 (Δ +0, +0.0% )
   📍 Trajeto original: 1.969 km (linha reta entre pontos GPS)
   🔒 Trajeto com offset: 1.969 km (linha reta entre pontos COM snap)
   📊 Diferença: +0.000 km (+0.0%)

======================================================================
📊 ESTATÍSTICAS FINAIS
======================================================================
Viagens processadas: 1
Distância total: 1.97 km
Combustível total: 24.22 l
CO2 real total: 55946.2 g
CO2 meta total: 379.8 g
Delta CO2: -55566.4 g
Valor E1 total: R$ -2.78

💰 Créditos: R$ 0.00
💸 Débitos: R$ 2.78
📈 Saldo líquido: R$ -2.78
======================================================================

💾 Dados agregados salvos em: ../data/offset_batch/vehicles_step_sim_4/run_025.csv
[csv-worker_4] [vehicles_step_sim_4] ===== LOG RUN 025 FIM =====

[csv-worker_4] [vehicles_step_sim_4] ===== LOG RUN 026 INICIO =====
======================================================================
🚗 PROCESSAMENTO SUMO → E1 REGISTRY (OFFSET ALEATÓRIO - veh0)
======================================================================
📄 Entrada: ../data/vehicles_step_sim_4.csv
🏭 Consumo fabricante: 12.0 km/l
💰 Preço carbono: R$ 50.0/ton
⭕ Raio máximo do offset aleatório: 2.0 km
🎲 Offset gerado aleatoriamente:
   Ângulo: 313.8°
   Distância: 1.2514 km
   offset_x (lat): 0.007783°  |  offset_y (lon): -0.008111°
📊 Row stepping: Processando todas as linhas
🗺️  Map matching: DESATIVADO
📐 Cálculo de distância: HAVERSINE PURO dos pontos COM snap (consistência)
======================================================================

📊 Carregando dados SUMO...
   Total de registros no arquivo: 300
   Veículos únicos: 1
   🚙 Vehicle selecionado: carro_1000

🔄 Agregando viagens por vehicle_id...
  📐 SUMO_carro_1000: Calculando distâncias com Haversine direto (SEM routing API)
      Original: 155 pontos → 1.4242 km (Haversine)
      Offset:   155 pontos → 1.4243 km (Haversine)

🚙 Veículo: SUMO_carro_1000
   Modelo: HBEFA4/PC_petrol_Euro-6ab
   Segmentos: 155
   📏 Distância: 1.424 km (city: 1.424, highway: 0.000)
   ⛽ Combustível: 10.127 l
   🏭 CO2 real: 23393.7 g
   🎯 CO2 meta: 274.2 g
   📊 Delta: -23119.5 g
   💰 Valor E1: R$ -1.1560
   🧭 Tentativas map matching: 0

   🔑 OFFSET DETERMINÍSTICO (x=-0.008274511725988708°, y=0.004595751717158939°, max=2.0km):
   📍 Start Original:  (40.775644, -73.960687)
   🔒 Start Protegido: (40.767369, -73.956091) ✓ 1.00 km | ⚠ SEM MAP MATCHING
   📏 Deslocamento final: 999.3 metros
   📍 End Original:    (40.775671, -73.960433)
   🔒 End Protegido:   (40.767397, -73.955838) ✓ 1.00 km | ⚠ SEM MAP MATCHING
   📏 Deslocamento final: 999.3 metros

   📐 ANÁLISE DE DISTÂNCIA DO TRAJETO (HAVERSINE DOS PONTOS ARMAZENADOS):
   🔢 Pontos unicos original/offset: 155/155 (Δ +0, +0.0% )
   📍 Trajeto original: 1.424 km (linha reta entre pontos GPS)
   🔒 Trajeto com offset: 1.424 km (linha reta entre pontos COM snap)
   📊 Diferença: +0.000 km (+0.0%)

======================================================================
📊 ESTATÍSTICAS FINAIS
======================================================================
Viagens processadas: 1
Distância total: 1.42 km
Combustível total: 10.13 l
CO2 real total: 23393.7 g
CO2 meta total: 274.2 g
Delta CO2: -23119.5 g
Valor E1 total: R$ -1.16

💰 Créditos: R$ 0.00
💸 Débitos: R$ 1.16
📈 Saldo líquido: R$ -1.16
======================================================================

💾 Dados agregados salvos em: ../data/offset_batch/vehicles_step_sim_4/run_026.csv
[csv-worker_4] [vehicles_step_sim_4] ===== LOG RUN 026 FIM =====

[csv-worker_4] [vehicles_step_sim_4] ===== LOG RUN 027 INICIO =====
======================================================================
🚗 PROCESSAMENTO SUMO → E1 REGISTRY (OFFSET ALEATÓRIO - veh0)
======================================================================
📄 Entrada: ../data/vehicles_step_sim_4.csv
🏭 Consumo fabricante: 12.0 km/l
💰 Preço carbono: R$ 50.0/ton
⭕ Raio máximo do offset aleatório: 2.0 km
🎲 Offset gerado aleatoriamente:
   Ângulo: 326.6°
   Distância: 1.8325 km
   offset_x (lat): 0.013743°  |  offset_y (lon): -0.009061°
📊 Row stepping: Processando todas as linhas
🗺️  Map matching: DESATIVADO
📐 Cálculo de distância: HAVERSINE PURO dos pontos COM snap (consistência)
======================================================================

📊 Carregando dados SUMO...
   Total de registros no arquivo: 300
   Veículos únicos: 1
   🚙 Vehicle selecionado: carro_1000

🔄 Agregando viagens por vehicle_id...
  📐 SUMO_carro_1000: Calculando distâncias com Haversine direto (SEM routing API)
      Original: 131 pontos → 1.4055 km (Haversine)
      Offset:   131 pontos → 1.4056 km (Haversine)

🚙 Veículo: SUMO_carro_1000
   Modelo: HBEFA4/PC_petrol_Euro-6ab
   Segmentos: 131
   📏 Distância: 1.410 km (city: 1.410, highway: 0.000)
   ⛽ Combustível: 12.456 l
   🏭 CO2 real: 28774.3 g
   🎯 CO2 meta: 271.4 g
   📊 Delta: -28502.9 g
   💰 Valor E1: R$ -1.4251
   🧭 Tentativas map matching: 0

   🔑 OFFSET DETERMINÍSTICO (x=-0.006682356846069565°, y=-0.00397136940241956°, max=2.0km):
   📍 Start Original:  (40.775644, -73.960687)
   🔒 Start Protegido: (40.768961, -73.964658) ✓ 0.82 km | ⚠ SEM MAP MATCHING
   📏 Deslocamento final: 815.7 metros
   📍 End Original:    (40.772974, -73.962198)
   🔒 End Protegido:   (40.766292, -73.966170) ✓ 0.82 km | ⚠ SEM MAP MATCHING
   📏 Deslocamento final: 815.7 metros

   📐 ANÁLISE DE DISTÂNCIA DO TRAJETO (HAVERSINE DOS PONTOS ARMAZENADOS):
   🔢 Pontos unicos original/offset: 130/130 (Δ +0, +0.0% )
   📍 Trajeto original: 1.405 km (linha reta entre pontos GPS)
   🔒 Trajeto com offset: 1.406 km (linha reta entre pontos COM snap)
   📊 Diferença: +0.000 km (+0.0%)

======================================================================
📊 ESTATÍSTICAS FINAIS
======================================================================
Viagens processadas: 1
Distância total: 1.41 km
Combustível total: 12.46 l
CO2 real total: 28774.3 g
CO2 meta total: 271.4 g
Delta CO2: -28502.9 g
Valor E1 total: R$ -1.43

💰 Créditos: R$ 0.00
💸 Débitos: R$ 1.43
📈 Saldo líquido: R$ -1.43
======================================================================

💾 Dados agregados salvos em: ../data/offset_batch/vehicles_step_sim_4/run_027.csv
[csv-worker_4] [vehicles_step_sim_4] ===== LOG RUN 027 FIM =====

[csv-worker_4] [vehicles_step_sim_4] ===== LOG RUN 028 INICIO =====
======================================================================
🚗 PROCESSAMENTO SUMO → E1 REGISTRY (OFFSET ALEATÓRIO - veh0)
======================================================================
📄 Entrada: ../data/vehicles_step_sim_4.csv
🏭 Consumo fabricante: 12.0 km/l
💰 Preço carbono: R$ 50.0/ton
⭕ Raio máximo do offset aleatório: 2.0 km
🎲 Offset gerado aleatoriamente:
   Ângulo: 67.1°
   Distância: 1.2830 km
   offset_x (lat): 0.004493°  |  offset_y (lon): 0.010614°
📊 Row stepping: Processando todas as linhas
🗺️  Map matching: DESATIVADO
📐 Cálculo de distância: HAVERSINE PURO dos pontos COM snap (consistência)
======================================================================

📊 Carregando dados SUMO...
   Total de registros no arquivo: 300
   Veículos únicos: 1
   🚙 Vehicle selecionado: carro_1000

🔄 Agregando viagens por vehicle_id...
  📐 SUMO_carro_1000: Calculando distâncias com Haversine direto (SEM routing API)
      Original: 324 pontos → 3.1629 km (Haversine)
      Offset:   324 pontos → 3.1631 km (Haversine)

🚙 Veículo: SUMO_carro_1000
   Modelo: HBEFA4/PC_petrol_Euro-6ab
   Segmentos: 324
   📏 Distância: 3.166 km (city: 3.024, highway: 0.142)
   ⛽ Combustível: 49.530 l
   🏭 CO2 real: 114414.1 g
   🎯 CO2 meta: 609.4 g
   📊 Delta: -113804.6 g
   💰 Valor E1: R$ -5.6902
   🧭 Tentativas map matching: 0

   🔑 OFFSET DETERMINÍSTICO (x=-0.010303463714636602°, y=-0.0016890579909745278°, max=2.0km):
   📍 Start Original:  (40.775644, -73.960687)
   🔒 Start Protegido: (40.765340, -73.962376) ✓ 1.16 km | ⚠ SEM MAP MATCHING
   📏 Deslocamento final: 1155.8 metros
   📍 End Original:    (40.772251, -73.963071)
   🔒 End Protegido:   (40.761947, -73.964760) ✓ 1.16 km | ⚠ SEM MAP MATCHING
   📏 Deslocamento final: 1155.8 metros

   📐 ANÁLISE DE DISTÂNCIA DO TRAJETO (HAVERSINE DOS PONTOS ARMAZENADOS):
   🔢 Pontos unicos original/offset: 324/324 (Δ +0, +0.0% )
   📍 Trajeto original: 3.163 km (linha reta entre pontos GPS)
   🔒 Trajeto com offset: 3.163 km (linha reta entre pontos COM snap)
   📊 Diferença: +0.000 km (+0.0%)

======================================================================
📊 ESTATÍSTICAS FINAIS
======================================================================
Viagens processadas: 1
Distância total: 3.17 km
Combustível total: 49.53 l
CO2 real total: 114414.1 g
CO2 meta total: 609.4 g
Delta CO2: -113804.6 g
Valor E1 total: R$ -5.69

💰 Créditos: R$ 0.00
💸 Débitos: R$ 5.69
📈 Saldo líquido: R$ -5.69
======================================================================

💾 Dados agregados salvos em: ../data/offset_batch/vehicles_step_sim_4/run_028.csv
[csv-worker_4] [vehicles_step_sim_4] ===== LOG RUN 028 FIM =====

[csv-worker_4] [vehicles_step_sim_4] ===== LOG RUN 029 INICIO =====
======================================================================
🚗 PROCESSAMENTO SUMO → E1 REGISTRY (OFFSET ALEATÓRIO - veh0)
======================================================================
📄 Entrada: ../data/vehicles_step_sim_4.csv
🏭 Consumo fabricante: 12.0 km/l
💰 Preço carbono: R$ 50.0/ton
⭕ Raio máximo do offset aleatório: 2.0 km
🎲 Offset gerado aleatoriamente:
   Ângulo: 267.2°
   Distância: 0.9041 km
   offset_x (lat): -0.000390°  |  offset_y (lon): -0.008112°
📊 Row stepping: Processando todas as linhas
🗺️  Map matching: DESATIVADO
📐 Cálculo de distância: HAVERSINE PURO dos pontos COM snap (consistência)
======================================================================

📊 Carregando dados SUMO...
   Total de registros no arquivo: 300
   Veículos únicos: 1
   🚙 Vehicle selecionado: carro_1000

🔄 Agregando viagens por vehicle_id...
  📐 SUMO_carro_1000: Calculando distâncias com Haversine direto (SEM routing API)
      Original: 324 pontos → 3.1629 km (Haversine)
      Offset:   324 pontos → 3.1629 km (Haversine)

🚙 Veículo: SUMO_carro_1000
   Modelo: HBEFA4/PC_petrol_Euro-6ab
   Segmentos: 324
   📏 Distância: 3.166 km (city: 3.024, highway: 0.142)
   ⛽ Combustível: 49.530 l
   🏭 CO2 real: 114414.1 g
   🎯 CO2 meta: 609.4 g
   📊 Delta: -113804.6 g
   💰 Valor E1: R$ -5.6902
   🧭 Tentativas map matching: 0

   🔑 OFFSET DETERMINÍSTICO (x=-0.00025718231436745704°, y=0.011663507936098027°, max=2.0km):
   📍 Start Original:  (40.775644, -73.960687)
   🔒 Start Protegido: (40.775386, -73.949023) ✓ 0.98 km | ⚠ SEM MAP MATCHING
   📏 Deslocamento final: 983.6 metros
   📍 End Original:    (40.772251, -73.963071)
   🔒 End Protegido:   (40.771993, -73.951407) ✓ 0.98 km | ⚠ SEM MAP MATCHING
   📏 Deslocamento final: 983.7 metros

   📐 ANÁLISE DE DISTÂNCIA DO TRAJETO (HAVERSINE DOS PONTOS ARMAZENADOS):
   🔢 Pontos unicos original/offset: 324/324 (Δ +0, +0.0% )
   📍 Trajeto original: 3.163 km (linha reta entre pontos GPS)
   🔒 Trajeto com offset: 3.163 km (linha reta entre pontos COM snap)
   📊 Diferença: +0.000 km (+0.0%)

======================================================================
📊 ESTATÍSTICAS FINAIS
======================================================================
Viagens processadas: 1
Distância total: 3.17 km
Combustível total: 49.53 l
CO2 real total: 114414.1 g
CO2 meta total: 609.4 g
Delta CO2: -113804.6 g
Valor E1 total: R$ -5.69

💰 Créditos: R$ 0.00
💸 Débitos: R$ 5.69
📈 Saldo líquido: R$ -5.69
======================================================================

💾 Dados agregados salvos em: ../data/offset_batch/vehicles_step_sim_4/run_029.csv
[csv-worker_4] [vehicles_step_sim_4] ===== LOG RUN 029 FIM =====

[csv-worker_4] [vehicles_step_sim_4] ===== LOG RUN 030 INICIO =====
======================================================================
🚗 PROCESSAMENTO SUMO → E1 REGISTRY (OFFSET ALEATÓRIO - veh0)
======================================================================
📄 Entrada: ../data/vehicles_step_sim_4.csv
🏭 Consumo fabricante: 12.0 km/l
💰 Preço carbono: R$ 50.0/ton
⭕ Raio máximo do offset aleatório: 2.0 km
🎲 Offset gerado aleatoriamente:
   Ângulo: 16.0°
   Distância: 1.0098 km
   offset_x (lat): 0.008722°  |  offset_y (lon): 0.002494°
📊 Row stepping: Processando todas as linhas
🗺️  Map matching: DESATIVADO
📐 Cálculo de distância: HAVERSINE PURO dos pontos COM snap (consistência)
======================================================================

📊 Carregando dados SUMO...
   Total de registros no arquivo: 300
   Veículos únicos: 1
   🚙 Vehicle selecionado: carro_1000

🔄 Agregando viagens por vehicle_id...
  📐 SUMO_carro_1000: Calculando distâncias com Haversine direto (SEM routing API)
      Original: 312 pontos → 3.1845 km (Haversine)
      Offset:   312 pontos → 3.1846 km (Haversine)

🚙 Veículo: SUMO_carro_1000
   Modelo: HBEFA4/PC_petrol_Euro-6ab
   Segmentos: 312
   📏 Distância: 3.190 km (city: 2.602, highway: 0.587)
   ⛽ Combustível: 54.577 l
   🏭 CO2 real: 126071.8 g
   🎯 CO2 meta: 614.1 g
   📊 Delta: -125457.8 g
   💰 Valor E1: R$ -6.2729
   🧭 Tentativas map matching: 0

   🔑 OFFSET DETERMINÍSTICO (x=-0.004036922668850714°, y=0.017435378192405534°, max=2.0km):
   📍 Start Original:  (40.775644, -73.960687)
   🔒 Start Protegido: (40.771607, -73.943252) ✓ 1.54 km | ⚠ SEM MAP MATCHING
   📏 Deslocamento final: 1537.0 metros
   📍 End Original:    (40.771637, -73.963520)
   🔒 End Protegido:   (40.767600, -73.946085) ✓ 1.54 km | ⚠ SEM MAP MATCHING
   📏 Deslocamento final: 1537.0 metros

   📐 ANÁLISE DE DISTÂNCIA DO TRAJETO (HAVERSINE DOS PONTOS ARMAZENADOS):
   🔢 Pontos unicos original/offset: 312/312 (Δ +0, +0.0% )
   📍 Trajeto original: 3.185 km (linha reta entre pontos GPS)
   🔒 Trajeto com offset: 3.185 km (linha reta entre pontos COM snap)
   📊 Diferença: +0.000 km (+0.0%)

======================================================================
📊 ESTATÍSTICAS FINAIS
======================================================================
Viagens processadas: 1
Distância total: 3.19 km
Combustível total: 54.58 l
CO2 real total: 126071.8 g
CO2 meta total: 614.1 g
Delta CO2: -125457.8 g
Valor E1 total: R$ -6.27

💰 Créditos: R$ 0.00
💸 Débitos: R$ 6.27
📈 Saldo líquido: R$ -6.27
======================================================================

💾 Dados agregados salvos em: ../data/offset_batch/vehicles_step_sim_4/run_030.csv
[csv-worker_4] [vehicles_step_sim_4] ===== LOG RUN 030 FIM =====

[csv-worker_4] [vehicles_step_sim_4] ===== LOG RUN 031 INICIO =====
======================================================================
🚗 PROCESSAMENTO SUMO → E1 REGISTRY (OFFSET ALEATÓRIO - veh0)
======================================================================
📄 Entrada: ../data/vehicles_step_sim_4.csv
🏭 Consumo fabricante: 12.0 km/l
💰 Preço carbono: R$ 50.0/ton
⭕ Raio máximo do offset aleatório: 2.0 km
🎲 Offset gerado aleatoriamente:
   Ângulo: 236.9°
   Distância: 1.4621 km
   offset_x (lat): -0.007163°  |  offset_y (lon): -0.011009°
📊 Row stepping: Processando todas as linhas
🗺️  Map matching: DESATIVADO
📐 Cálculo de distância: HAVERSINE PURO dos pontos COM snap (consistência)
======================================================================

📊 Carregando dados SUMO...
   Total de registros no arquivo: 300
   Veículos únicos: 1
   🚙 Vehicle selecionado: carro_1000

🔄 Agregando viagens por vehicle_id...
  📐 SUMO_carro_1000: Calculando distâncias com Haversine direto (SEM routing API)
      Original: 312 pontos → 3.1845 km (Haversine)
      Offset:   312 pontos → 3.1844 km (Haversine)

🚙 Veículo: SUMO_carro_1000
   Modelo: HBEFA4/PC_petrol_Euro-6ab
   Segmentos: 312
   📏 Distância: 3.190 km (city: 2.602, highway: 0.587)
   ⛽ Combustível: 54.577 l
   🏭 CO2 real: 126071.8 g
   🎯 CO2 meta: 614.1 g
   📊 Delta: -125457.8 g
   💰 Valor E1: R$ -6.2729
   🧭 Tentativas map matching: 0

   🔑 OFFSET DETERMINÍSTICO (x=0.0049127449937091516°, y=0.011033316006695937°, max=2.0km):
   📍 Start Original:  (40.775644, -73.960687)
   🔒 Start Protegido: (40.780556, -73.949654) ✓ 1.08 km | ⚠ SEM MAP MATCHING
   📏 Deslocamento final: 1079.0 metros
   📍 End Original:    (40.771637, -73.963520)
   🔒 End Protegido:   (40.776550, -73.952487) ✓ 1.08 km | ⚠ SEM MAP MATCHING
   📏 Deslocamento final: 1079.0 metros

   📐 ANÁLISE DE DISTÂNCIA DO TRAJETO (HAVERSINE DOS PONTOS ARMAZENADOS):
   🔢 Pontos unicos original/offset: 312/312 (Δ +0, +0.0% )
   📍 Trajeto original: 3.185 km (linha reta entre pontos GPS)
   🔒 Trajeto com offset: 3.184 km (linha reta entre pontos COM snap)
   📊 Diferença: -0.000 km (-0.0%)

======================================================================
📊 ESTATÍSTICAS FINAIS
======================================================================
Viagens processadas: 1
Distância total: 3.19 km
Combustível total: 54.58 l
CO2 real total: 126071.8 g
CO2 meta total: 614.1 g
Delta CO2: -125457.8 g
Valor E1 total: R$ -6.27

💰 Créditos: R$ 0.00
💸 Débitos: R$ 6.27
📈 Saldo líquido: R$ -6.27
======================================================================

💾 Dados agregados salvos em: ../data/offset_batch/vehicles_step_sim_4/run_031.csv
[csv-worker_4] [vehicles_step_sim_4] ===== LOG RUN 031 FIM =====

[csv-worker_4] [vehicles_step_sim_4] ===== LOG RUN 032 INICIO =====
======================================================================
🚗 PROCESSAMENTO SUMO → E1 REGISTRY (OFFSET ALEATÓRIO - veh0)
======================================================================
📄 Entrada: ../data/vehicles_step_sim_4.csv
🏭 Consumo fabricante: 12.0 km/l
💰 Preço carbono: R$ 50.0/ton
⭕ Raio máximo do offset aleatório: 2.0 km
🎲 Offset gerado aleatoriamente:
   Ângulo: 95.1°
   Distância: 1.3325 km
   offset_x (lat): -0.001072°  |  offset_y (lon): 0.011922°
📊 Row stepping: Processando todas as linhas
🗺️  Map matching: DESATIVADO
📐 Cálculo de distância: HAVERSINE PURO dos pontos COM snap (consistência)
======================================================================

📊 Carregando dados SUMO...
   Total de registros no arquivo: 300
   Veículos únicos: 1
   🚙 Vehicle selecionado: carro_1000

🔄 Agregando viagens por vehicle_id...
  📐 SUMO_carro_1000: Calculando distâncias com Haversine direto (SEM routing API)
      Original: 155 pontos → 1.4242 km (Haversine)
      Offset:   155 pontos → 1.4243 km (Haversine)

🚙 Veículo: SUMO_carro_1000
   Modelo: HBEFA4/PC_petrol_Euro-6ab
   Segmentos: 155
   📏 Distância: 1.424 km (city: 1.424, highway: 0.000)
   ⛽ Combustível: 10.127 l
   🏭 CO2 real: 23393.7 g
   🎯 CO2 meta: 274.2 g
   📊 Delta: -23119.5 g
   💰 Valor E1: R$ -1.1560
   🧭 Tentativas map matching: 0

   🔑 OFFSET DETERMINÍSTICO (x=-0.007687282292549812°, y=-0.009626420613991847°, max=2.0km):
   📍 Start Original:  (40.775644, -73.960687)
   🔒 Start Protegido: (40.767956, -73.970313) ✓ 1.18 km | ⚠ SEM MAP MATCHING
   📏 Deslocamento final: 1179.3 metros
   📍 End Original:    (40.775671, -73.960433)
   🔒 End Protegido:   (40.767984, -73.970060) ✓ 1.18 km | ⚠ SEM MAP MATCHING
   📏 Deslocamento final: 1179.3 metros

   📐 ANÁLISE DE DISTÂNCIA DO TRAJETO (HAVERSINE DOS PONTOS ARMAZENADOS):
   🔢 Pontos unicos original/offset: 155/155 (Δ +0, +0.0% )
   📍 Trajeto original: 1.424 km (linha reta entre pontos GPS)
   🔒 Trajeto com offset: 1.424 km (linha reta entre pontos COM snap)
   📊 Diferença: +0.000 km (+0.0%)

======================================================================
📊 ESTATÍSTICAS FINAIS
======================================================================
Viagens processadas: 1
Distância total: 1.42 km
Combustível total: 10.13 l
CO2 real total: 23393.7 g
CO2 meta total: 274.2 g
Delta CO2: -23119.5 g
Valor E1 total: R$ -1.16

💰 Créditos: R$ 0.00
💸 Débitos: R$ 1.16
📈 Saldo líquido: R$ -1.16
======================================================================

💾 Dados agregados salvos em: ../data/offset_batch/vehicles_step_sim_4/run_032.csv
[csv-worker_4] [vehicles_step_sim_4] ===== LOG RUN 032 FIM =====

[csv-worker_4] [vehicles_step_sim_4] ===== LOG RUN 033 INICIO =====
======================================================================
🚗 PROCESSAMENTO SUMO → E1 REGISTRY (OFFSET ALEATÓRIO - veh0)
======================================================================
📄 Entrada: ../data/vehicles_step_sim_4.csv
🏭 Consumo fabricante: 12.0 km/l
💰 Preço carbono: R$ 50.0/ton
⭕ Raio máximo do offset aleatório: 2.0 km
🎲 Offset gerado aleatoriamente:
   Ângulo: 129.6°
   Distância: 0.5510 km
   offset_x (lat): -0.003158°  |  offset_y (lon): 0.003812°
📊 Row stepping: Processando todas as linhas
🗺️  Map matching: DESATIVADO
📐 Cálculo de distância: HAVERSINE PURO dos pontos COM snap (consistência)
======================================================================

📊 Carregando dados SUMO...
   Total de registros no arquivo: 300
   Veículos únicos: 1
   🚙 Vehicle selecionado: carro_1000

🔄 Agregando viagens por vehicle_id...
  📐 SUMO_carro_1000: Calculando distâncias com Haversine direto (SEM routing API)
      Original: 323 pontos → 2.9161 km (Haversine)
      Offset:   323 pontos → 2.9162 km (Haversine)

🚙 Veículo: SUMO_carro_1000
   Modelo: HBEFA4/PC_petrol_Euro-6ab
   Segmentos: 323
   📏 Distância: 2.926 km (city: 2.764, highway: 0.161)
   ⛽ Combustível: 54.094 l
   🏭 CO2 real: 124958.0 g
   🎯 CO2 meta: 563.2 g
   📊 Delta: -124394.9 g
   💰 Valor E1: R$ -6.2197
   🧭 Tentativas map matching: 0

   🔑 OFFSET DETERMINÍSTICO (x=-0.005209978429827932°, y=0.010371547248965074°, max=2.0km):
   📍 Start Original:  (40.775644, -73.960687)
   🔒 Start Protegido: (40.770434, -73.950315) ✓ 1.05 km | ⚠ SEM MAP MATCHING
   📏 Deslocamento final: 1049.2 metros
   📍 End Original:    (40.774046, -73.961617)
   🔒 End Protegido:   (40.768836, -73.951245) ✓ 1.05 km | ⚠ SEM MAP MATCHING
   📏 Deslocamento final: 1049.2 metros

   📐 ANÁLISE DE DISTÂNCIA DO TRAJETO (HAVERSINE DOS PONTOS ARMAZENADOS):
   🔢 Pontos unicos original/offset: 320/320 (Δ +0, +0.0% )
   📍 Trajeto original: 2.916 km (linha reta entre pontos GPS)
   🔒 Trajeto com offset: 2.916 km (linha reta entre pontos COM snap)
   📊 Diferença: +0.000 km (+0.0%)

======================================================================
📊 ESTATÍSTICAS FINAIS
======================================================================
Viagens processadas: 1
Distância total: 2.93 km
Combustível total: 54.09 l
CO2 real total: 124958.0 g
CO2 meta total: 563.2 g
Delta CO2: -124394.9 g
Valor E1 total: R$ -6.22

💰 Créditos: R$ 0.00
💸 Débitos: R$ 6.22
📈 Saldo líquido: R$ -6.22
======================================================================

💾 Dados agregados salvos em: ../data/offset_batch/vehicles_step_sim_4/run_033.csv
[csv-worker_4] [vehicles_step_sim_4] ===== LOG RUN 033 FIM =====

[csv-worker_4] [vehicles_step_sim_4] ===== LOG RUN 034 INICIO =====
======================================================================
🚗 PROCESSAMENTO SUMO → E1 REGISTRY (OFFSET ALEATÓRIO - veh0)
======================================================================
📄 Entrada: ../data/vehicles_step_sim_4.csv
🏭 Consumo fabricante: 12.0 km/l
💰 Preço carbono: R$ 50.0/ton
⭕ Raio máximo do offset aleatório: 2.0 km
🎲 Offset gerado aleatoriamente:
   Ângulo: 253.9°
   Distância: 0.8604 km
   offset_x (lat): -0.002139°  |  offset_y (lon): -0.007427°
📊 Row stepping: Processando todas as linhas
🗺️  Map matching: DESATIVADO
📐 Cálculo de distância: HAVERSINE PURO dos pontos COM snap (consistência)
======================================================================

📊 Carregando dados SUMO...
   Total de registros no arquivo: 300
   Veículos únicos: 1
   🚙 Vehicle selecionado: carro_1000

🔄 Agregando viagens por vehicle_id...
  📐 SUMO_carro_1000: Calculando distâncias com Haversine direto (SEM routing API)
      Original: 222 pontos → 1.9688 km (Haversine)
      Offset:   222 pontos → 1.9688 km (Haversine)

🚙 Veículo: SUMO_carro_1000
   Modelo: HBEFA4/PC_petrol_Euro-6ab
   Segmentos: 222
   📏 Distância: 1.973 km (city: 1.973, highway: 0.000)
   ⛽ Combustível: 24.219 l
   🏭 CO2 real: 55946.2 g
   🎯 CO2 meta: 379.8 g
   📊 Delta: -55566.4 g
   💰 Valor E1: R$ -2.7783
   🧭 Tentativas map matching: 0

   🔑 OFFSET DETERMINÍSTICO (x=-0.003357810088424094°, y=0.0055741034078888°, max=2.0km):
   📍 Start Original:  (40.775644, -73.960687)
   🔒 Start Protegido: (40.772286, -73.955113) ✓ 0.60 km | ⚠ SEM MAP MATCHING
   📏 Deslocamento final: 600.4 metros
   📍 End Original:    (40.772651, -73.962544)
   🔒 End Protegido:   (40.769293, -73.956970) ✓ 0.60 km | ⚠ SEM MAP MATCHING
   📏 Deslocamento final: 600.5 metros

   📐 ANÁLISE DE DISTÂNCIA DO TRAJETO (HAVERSINE DOS PONTOS ARMAZENADOS):
   🔢 Pontos unicos original/offset: 221/221 (Δ +0, +0.0% )
   📍 Trajeto original: 1.969 km (linha reta entre pontos GPS)
   🔒 Trajeto com offset: 1.969 km (linha reta entre pontos COM snap)
   📊 Diferença: +0.000 km (+0.0%)

======================================================================
📊 ESTATÍSTICAS FINAIS
======================================================================
Viagens processadas: 1
Distância total: 1.97 km
Combustível total: 24.22 l
CO2 real total: 55946.2 g
CO2 meta total: 379.8 g
Delta CO2: -55566.4 g
Valor E1 total: R$ -2.78

💰 Créditos: R$ 0.00
💸 Débitos: R$ 2.78
📈 Saldo líquido: R$ -2.78
======================================================================

💾 Dados agregados salvos em: ../data/offset_batch/vehicles_step_sim_4/run_034.csv
[csv-worker_4] [vehicles_step_sim_4] ===== LOG RUN 034 FIM =====

[csv-worker_4] [vehicles_step_sim_4] ===== LOG RUN 035 INICIO =====
======================================================================
🚗 PROCESSAMENTO SUMO → E1 REGISTRY (OFFSET ALEATÓRIO - veh0)
======================================================================
📄 Entrada: ../data/vehicles_step_sim_4.csv
🏭 Consumo fabricante: 12.0 km/l
💰 Preço carbono: R$ 50.0/ton
⭕ Raio máximo do offset aleatório: 2.0 km
🎲 Offset gerado aleatoriamente:
   Ângulo: 20.1°
   Distância: 1.7502 km
   offset_x (lat): 0.014763°  |  offset_y (lon): 0.005405°
📊 Row stepping: Processando todas as linhas
🗺️  Map matching: DESATIVADO
📐 Cálculo de distância: HAVERSINE PURO dos pontos COM snap (consistência)
======================================================================

📊 Carregando dados SUMO...
   Total de registros no arquivo: 300
   Veículos únicos: 1
   🚙 Vehicle selecionado: carro_1000

🔄 Agregando viagens por vehicle_id...
  📐 SUMO_carro_1000: Calculando distâncias com Haversine direto (SEM routing API)
      Original: 155 pontos → 1.4242 km (Haversine)
      Offset:   155 pontos → 1.4242 km (Haversine)

🚙 Veículo: SUMO_carro_1000
   Modelo: HBEFA4/PC_petrol_Euro-6ab
   Segmentos: 155
   📏 Distância: 1.424 km (city: 1.424, highway: 0.000)
   ⛽ Combustível: 10.127 l
   🏭 CO2 real: 23393.7 g
   🎯 CO2 meta: 274.2 g
   📊 Delta: -23119.5 g
   💰 Valor E1: R$ -1.1560
   🧭 Tentativas map matching: 0

   🔑 OFFSET DETERMINÍSTICO (x=0.0021361953149213984°, y=-0.01598074981489826°, max=2.0km):
   📍 Start Original:  (40.775644, -73.960687)
   🔒 Start Protegido: (40.777780, -73.976668) ✓ 1.37 km | ⚠ SEM MAP MATCHING
   📏 Deslocamento final: 1368.0 metros
   📍 End Original:    (40.775671, -73.960433)
   🔒 End Protegido:   (40.777807, -73.976414) ✓ 1.37 km | ⚠ SEM MAP MATCHING
   📏 Deslocamento final: 1368.0 metros

   📐 ANÁLISE DE DISTÂNCIA DO TRAJETO (HAVERSINE DOS PONTOS ARMAZENADOS):
   🔢 Pontos unicos original/offset: 155/155 (Δ +0, +0.0% )
   📍 Trajeto original: 1.424 km (linha reta entre pontos GPS)
   🔒 Trajeto com offset: 1.424 km (linha reta entre pontos COM snap)
   📊 Diferença: -0.000 km (-0.0%)

======================================================================
📊 ESTATÍSTICAS FINAIS
======================================================================
Viagens processadas: 1
Distância total: 1.42 km
Combustível total: 10.13 l
CO2 real total: 23393.7 g
CO2 meta total: 274.2 g
Delta CO2: -23119.5 g
Valor E1 total: R$ -1.16

💰 Créditos: R$ 0.00
💸 Débitos: R$ 1.16
📈 Saldo líquido: R$ -1.16
======================================================================

💾 Dados agregados salvos em: ../data/offset_batch/vehicles_step_sim_4/run_035.csv
[csv-worker_4] [vehicles_step_sim_4] ===== LOG RUN 035 FIM =====

[csv-worker_4] [vehicles_step_sim_4] ===== LOG RUN 036 INICIO =====
======================================================================
🚗 PROCESSAMENTO SUMO → E1 REGISTRY (OFFSET ALEATÓRIO - veh0)
======================================================================
📄 Entrada: ../data/vehicles_step_sim_4.csv
🏭 Consumo fabricante: 12.0 km/l
💰 Preço carbono: R$ 50.0/ton
⭕ Raio máximo do offset aleatório: 2.0 km
🎲 Offset gerado aleatoriamente:
   Ângulo: 298.4°
   Distância: 1.7365 km
   offset_x (lat): 0.007416°  |  offset_y (lon): -0.013723°
📊 Row stepping: Processando todas as linhas
🗺️  Map matching: DESATIVADO
📐 Cálculo de distância: HAVERSINE PURO dos pontos COM snap (consistência)
======================================================================

📊 Carregando dados SUMO...
   Total de registros no arquivo: 300
   Veículos únicos: 1
   🚙 Vehicle selecionado: carro_1000

🔄 Agregando viagens por vehicle_id...
  📐 SUMO_carro_1000: Calculando distâncias com Haversine direto (SEM routing API)
      Original: 131 pontos → 1.4055 km (Haversine)
      Offset:   131 pontos → 1.4056 km (Haversine)

🚙 Veículo: SUMO_carro_1000
   Modelo: HBEFA4/PC_petrol_Euro-6ab
   Segmentos: 131
   📏 Distância: 1.410 km (city: 1.410, highway: 0.000)
   ⛽ Combustível: 12.456 l
   🏭 CO2 real: 28774.3 g
   🎯 CO2 meta: 271.4 g
   📊 Delta: -28502.9 g
   💰 Valor E1: R$ -1.4251
   🧭 Tentativas map matching: 0

   🔑 OFFSET DETERMINÍSTICO (x=-0.008079784186469586°, y=0.014861601916964976°, max=2.0km):
   📍 Start Original:  (40.775644, -73.960687)
   🔒 Start Protegido: (40.767564, -73.945825) ✓ 1.54 km | ⚠ SEM MAP MATCHING
   📏 Deslocamento final: 1542.3 metros
   📍 End Original:    (40.772974, -73.962198)
   🔒 End Protegido:   (40.764894, -73.947337) ✓ 1.54 km | ⚠ SEM MAP MATCHING
   📏 Deslocamento final: 1542.3 metros

   📐 ANÁLISE DE DISTÂNCIA DO TRAJETO (HAVERSINE DOS PONTOS ARMAZENADOS):
   🔢 Pontos unicos original/offset: 130/130 (Δ +0, +0.0% )
   📍 Trajeto original: 1.405 km (linha reta entre pontos GPS)
   🔒 Trajeto com offset: 1.406 km (linha reta entre pontos COM snap)
   📊 Diferença: +0.000 km (+0.0%)

======================================================================
📊 ESTATÍSTICAS FINAIS
======================================================================
Viagens processadas: 1
Distância total: 1.41 km
Combustível total: 12.46 l
CO2 real total: 28774.3 g
CO2 meta total: 271.4 g
Delta CO2: -28502.9 g
Valor E1 total: R$ -1.43

💰 Créditos: R$ 0.00
💸 Débitos: R$ 1.43
📈 Saldo líquido: R$ -1.43
======================================================================

💾 Dados agregados salvos em: ../data/offset_batch/vehicles_step_sim_4/run_036.csv
[csv-worker_4] [vehicles_step_sim_4] ===== LOG RUN 036 FIM =====

[csv-worker_4] [vehicles_step_sim_4] ===== LOG RUN 037 INICIO =====
======================================================================
🚗 PROCESSAMENTO SUMO → E1 REGISTRY (OFFSET ALEATÓRIO - veh0)
======================================================================
📄 Entrada: ../data/vehicles_step_sim_4.csv
🏭 Consumo fabricante: 12.0 km/l
💰 Preço carbono: R$ 50.0/ton
⭕ Raio máximo do offset aleatório: 2.0 km
🎲 Offset gerado aleatoriamente:
   Ângulo: 340.2°
   Distância: 0.9168 km
   offset_x (lat): 0.007749°  |  offset_y (lon): -0.002791°
📊 Row stepping: Processando todas as linhas
🗺️  Map matching: DESATIVADO
📐 Cálculo de distância: HAVERSINE PURO dos pontos COM snap (consistência)
======================================================================

📊 Carregando dados SUMO...
   Total de registros no arquivo: 300
  📐 SUMO_carro_1000: Calculando distâncias com Haversine direto (SEM routing API)
      Original: 222 pontos → 1.9688 km (Haversine)
      Offset:   222 pontos → 1.9687 km (Haversine)

🚙 Veículo: SUMO_carro_1000
   Modelo: HBEFA4/PC_petrol_Euro-6ab
   Segmentos: 222
   📏 Distância: 1.973 km (city: 1.973, highway: 0.000)
   ⛽ Combustível: 24.219 l
   🏭 CO2 real: 55946.2 g
   🎯 CO2 meta: 379.8 g
   📊 Delta: -55566.4 g
   💰 Valor E1: R$ -2.7783
   🧭 Tentativas map matching: 0

   🔑 OFFSET DETERMINÍSTICO (x=0.009068760761039709°, y=0.00014850001618353008°, max=2.0km):
   📍 Start Original:  (40.775644, -73.960687)
   🔒 Start Protegido: (40.784712, -73.960538) ✓ 1.01 km | ⚠ SEM MAP MATCHING
   📏 Deslocamento final: 1009.6 metros
   📍 End Original:    (40.772651, -73.962544)
   🔒 End Protegido:   (40.781720, -73.962396) ✓ 1.01 km | ⚠ SEM MAP MATCHING
   📏 Deslocamento final: 1009.6 metros

   📐 ANÁLISE DE DISTÂNCIA DO TRAJETO (HAVERSINE DOS PONTOS ARMAZENADOS):
   🔢 Pontos unicos original/offset: 221/221 (Δ +0, +0.0% )
   📍 Trajeto original: 1.969 km (linha reta entre pontos GPS)
   🔒 Trajeto com offset: 1.969 km (linha reta entre pontos COM snap)
   📊 Diferença: -0.000 km (-0.0%)

======================================================================
📊 ESTATÍSTICAS FINAIS
======================================================================
Viagens processadas: 1
Distância total: 1.97 km
Combustível total: 24.22 l
CO2 real total: 55946.2 g
CO2 meta total: 379.8 g
Delta CO2: -55566.4 g
Valor E1 total: R$ -2.78

💰 Créditos: R$ 0.00
💸 Débitos: R$ 2.78
📈 Saldo líquido: R$ -2.78
======================================================================

💾 Dados agregados salvos em: ../data/offset_batch/vehicles_step_sim_4/run_037.csv
[csv-worker_4] [vehicles_step_sim_4] ===== LOG RUN 037 FIM =====

[csv-worker_4] [vehicles_step_sim_4] ===== LOG RUN 038 INICIO =====
======================================================================
🚗 PROCESSAMENTO SUMO → E1 REGISTRY (OFFSET ALEATÓRIO - veh0)
======================================================================
📄 Entrada: ../data/vehicles_step_sim_4.csv
🏭 Consumo fabricante: 12.0 km/l
💰 Preço carbono: R$ 50.0/ton
⭕ Raio máximo do offset aleatório: 2.0 km
🎲 Offset gerado aleatoriamente:
   Ângulo: 75.6°
   Distância: 1.8708 km
   offset_x (lat): 0.004169°  |  offset_y (lon): 0.016280°
📊 Row stepping: Processando todas as linhas
🗺️  Map matching: DESATIVADO
📐 Cálculo de distância: HAVERSINE PURO dos pontos COM snap (consistência)
======================================================================

📊 Carregando dados SUMO...
   Total de registros no arquivo: 300
   Veículos únicos: 1
   🚙 Vehicle selecionado: carro_1000

🔄 Agregando viagens por vehicle_id...
  📐 SUMO_carro_1000: Calculando distâncias com Haversine direto (SEM routing API)
      Original: 155 pontos → 1.4242 km (Haversine)
      Offset:   155 pontos → 1.4244 km (Haversine)

🚙 Veículo: SUMO_carro_1000
   Modelo: HBEFA4/PC_petrol_Euro-6ab
   Segmentos: 155
   📏 Distância: 1.424 km (city: 1.424, highway: 0.000)
   ⛽ Combustível: 10.127 l
   🏭 CO2 real: 23393.7 g
   🎯 CO2 meta: 274.2 g
   📊 Delta: -23119.5 g
   💰 Valor E1: R$ -1.1560
   🧭 Tentativas map matching: 0

   🔑 OFFSET DETERMINÍSTICO (x=-0.015284851220522878°, y=0.006406031181339099°, max=2.0km):
   📍 Start Original:  (40.775644, -73.960687)
   🔒 Start Protegido: (40.760359, -73.954281) ✓ 1.79 km | ⚠ SEM MAP MATCHING
   📏 Deslocamento final: 1785.2 metros
   📍 End Original:    (40.775671, -73.960433)
   🔒 End Protegido:   (40.760386, -73.954027) ✓ 1.79 km | ⚠ SEM MAP MATCHING
   📏 Deslocamento final: 1785.2 metros

   📐 ANÁLISE DE DISTÂNCIA DO TRAJETO (HAVERSINE DOS PONTOS ARMAZENADOS):
   🔢 Pontos unicos original/offset: 155/155 (Δ +0, +0.0% )
   📍 Trajeto original: 1.424 km (linha reta entre pontos GPS)
   🔒 Trajeto com offset: 1.424 km (linha reta entre pontos COM snap)
   📊 Diferença: +0.000 km (+0.0%)

======================================================================
📊 ESTATÍSTICAS FINAIS
======================================================================
Viagens processadas: 1
Distância total: 1.42 km
Combustível total: 10.13 l
CO2 real total: 23393.7 g
CO2 meta total: 274.2 g
Delta CO2: -23119.5 g
Valor E1 total: R$ -1.16

💰 Créditos: R$ 0.00
💸 Débitos: R$ 1.16
📈 Saldo líquido: R$ -1.16
======================================================================

💾 Dados agregados salvos em: ../data/offset_batch/vehicles_step_sim_4/run_038.csv
[csv-worker_4] [vehicles_step_sim_4] ===== LOG RUN 038 FIM =====

[csv-worker_4] [vehicles_step_sim_4] ===== LOG RUN 039 INICIO =====
======================================================================
🚗 PROCESSAMENTO SUMO → E1 REGISTRY (OFFSET ALEATÓRIO - veh0)
======================================================================
📄 Entrada: ../data/vehicles_step_sim_4.csv
🏭 Consumo fabricante: 12.0 km/l
💰 Preço carbono: R$ 50.0/ton
⭕ Raio máximo do offset aleatório: 2.0 km
🎲 Offset gerado aleatoriamente:
   Ângulo: 133.4°
   Distância: 1.7699 km
   offset_x (lat): -0.010918°  |  offset_y (lon): 0.011558°
📊 Row stepping: Processando todas as linhas
🗺️  Map matching: DESATIVADO
📐 Cálculo de distância: HAVERSINE PURO dos pontos COM snap (consistência)
======================================================================

📊 Carregando dados SUMO...
   Total de registros no arquivo: 300
   Veículos únicos: 1
   🚙 Vehicle selecionado: carro_1000

🔄 Agregando viagens por vehicle_id...
  📐 SUMO_carro_1000: Calculando distâncias com Haversine direto (SEM routing API)
      Original: 337 pontos → 3.3706 km (Haversine)
      Offset:   337 pontos → 3.3707 km (Haversine)

🚙 Veículo: SUMO_carro_1000
   Modelo: HBEFA4/PC_petrol_Euro-6ab
   Segmentos: 337
   📏 Distância: 3.379 km (city: 3.069, highway: 0.310)
   ⛽ Combustível: 58.616 l
   🏭 CO2 real: 135402.3 g
   🎯 CO2 meta: 650.5 g
   📊 Delta: -134751.8 g
   💰 Valor E1: R$ -6.7376
   🧭 Tentativas map matching: 0

   🔑 OFFSET DETERMINÍSTICO (x=-0.004309005788467642°, y=-0.015671715059727823°, max=2.0km):
   📍 Start Original:  (40.775644, -73.960687)
   🔒 Start Protegido: (40.771335, -73.976359) ✓ 1.41 km | ⚠ SEM MAP MATCHING
   📏 Deslocamento final: 1405.5 metros
   📍 End Original:    (40.774801, -73.960637)
   🔒 End Protegido:   (40.770492, -73.976308) ✓ 1.41 km | ⚠ SEM MAP MATCHING
   📏 Deslocamento final: 1405.5 metros

   📐 ANÁLISE DE DISTÂNCIA DO TRAJETO (HAVERSINE DOS PONTOS ARMAZENADOS):
   🔢 Pontos unicos original/offset: 337/337 (Δ +0, +0.0% )
   📍 Trajeto original: 3.371 km (linha reta entre pontos GPS)
   🔒 Trajeto com offset: 3.371 km (linha reta entre pontos COM snap)
   📊 Diferença: +0.000 km (+0.0%)

======================================================================
📊 ESTATÍSTICAS FINAIS
======================================================================
Viagens processadas: 1
Distância total: 3.38 km
Combustível total: 58.62 l
CO2 real total: 135402.3 g
CO2 meta total: 650.5 g
Delta CO2: -134751.8 g
Valor E1 total: R$ -6.74

💰 Créditos: R$ 0.00
💸 Débitos: R$ 6.74
📈 Saldo líquido: R$ -6.74
======================================================================

💾 Dados agregados salvos em: ../data/offset_batch/vehicles_step_sim_4/run_039.csv
[csv-worker_4] [vehicles_step_sim_4] ===== LOG RUN 039 FIM =====

[csv-worker_4] [vehicles_step_sim_4] ===== LOG RUN 040 INICIO =====
======================================================================
🚗 PROCESSAMENTO SUMO → E1 REGISTRY (OFFSET ALEATÓRIO - veh0)
======================================================================
📄 Entrada: ../data/vehicles_step_sim_4.csv
🏭 Consumo fabricante: 12.0 km/l
💰 Preço carbono: R$ 50.0/ton
⭕ Raio máximo do offset aleatório: 2.0 km
🎲 Offset gerado aleatoriamente:
   Ângulo: 170.1°
   Distância: 0.9928 km
   offset_x (lat): -0.008785°  |  offset_y (lon): 0.001534°
📊 Row stepping: Processando todas as linhas
🗺️  Map matching: DESATIVADO
📐 Cálculo de distância: HAVERSINE PURO dos pontos COM snap (consistência)
======================================================================

📊 Carregando dados SUMO...
   Total de registros no arquivo: 300
   Veículos únicos: 1
   🚙 Vehicle selecionado: carro_1000

🔄 Agregando viagens por vehicle_id...
  📐 SUMO_carro_1000: Calculando distâncias com Haversine direto (SEM routing API)
      Original: 131 pontos → 1.4055 km (Haversine)
      Offset:   131 pontos → 1.4056 km (Haversine)

🚙 Veículo: SUMO_carro_1000
   Modelo: HBEFA4/PC_petrol_Euro-6ab
   Segmentos: 131
   📏 Distância: 1.410 km (city: 1.410, highway: 0.000)
   ⛽ Combustível: 12.456 l
   🏭 CO2 real: 28774.3 g
   🎯 CO2 meta: 271.4 g
   📊 Delta: -28502.9 g
   💰 Valor E1: R$ -1.4251
   🧭 Tentativas map matching: 0

   🔑 OFFSET DETERMINÍSTICO (x=-0.011074870820872043°, y=0.007188319145172213°, max=2.0km):
   📍 Start Original:  (40.775644, -73.960687)
   🔒 Start Protegido: (40.764569, -73.953499) ✓ 1.37 km | ⚠ SEM MAP MATCHING
   📏 Deslocamento final: 1373.7 metros
   📍 End Original:    (40.772974, -73.962198)
   🔒 End Protegido:   (40.761899, -73.955010) ✓ 1.37 km | ⚠ SEM MAP MATCHING
   📏 Deslocamento final: 1373.7 metros

   📐 ANÁLISE DE DISTÂNCIA DO TRAJETO (HAVERSINE DOS PONTOS ARMAZENADOS):
   🔢 Pontos unicos original/offset: 130/130 (Δ +0, +0.0% )
   📍 Trajeto original: 1.405 km (linha reta entre pontos GPS)
   🔒 Trajeto com offset: 1.406 km (linha reta entre pontos COM snap)
   📊 Diferença: +0.000 km (+0.0%)

======================================================================
📊 ESTATÍSTICAS FINAIS
======================================================================
Viagens processadas: 1
Distância total: 1.41 km
Combustível total: 12.46 l
CO2 real total: 28774.3 g
CO2 meta total: 271.4 g
Delta CO2: -28502.9 g
Valor E1 total: R$ -1.43

💰 Créditos: R$ 0.00
💸 Débitos: R$ 1.43
📈 Saldo líquido: R$ -1.43
======================================================================

💾 Dados agregados salvos em: ../data/offset_batch/vehicles_step_sim_4/run_040.csv
[csv-worker_4] [vehicles_step_sim_4] ===== LOG RUN 040 FIM =====

[csv-worker_4] [vehicles_step_sim_4] ===== LOG RUN 041 INICIO =====
======================================================================
🚗 PROCESSAMENTO SUMO → E1 REGISTRY (OFFSET ALEATÓRIO - veh0)
======================================================================
📄 Entrada: ../data/vehicles_step_sim_4.csv
🏭 Consumo fabricante: 12.0 km/l
💰 Preço carbono: R$ 50.0/ton
⭕ Raio máximo do offset aleatório: 2.0 km
🎲 Offset gerado aleatoriamente:
   Ângulo: 244.2°
   Distância: 0.6121 km
   offset_x (lat): -0.002395°  |  offset_y (lon): -0.004950°
📊 Row stepping: Processando todas as linhas
🗺️  Map matching: DESATIVADO
📐 Cálculo de distância: HAVERSINE PURO dos pontos COM snap (consistência)
======================================================================

📊 Carregando dados SUMO...
   Total de registros no arquivo: 300
   Veículos únicos: 1
   🚙 Vehicle selecionado: carro_1000

🔄 Agregando viagens por vehicle_id...
  📐 SUMO_carro_1000: Calculando distâncias com Haversine direto (SEM routing API)
      Original: 337 pontos → 3.3706 km (Haversine)
      Offset:   337 pontos → 3.3707 km (Haversine)

🚙 Veículo: SUMO_carro_1000
   Modelo: HBEFA4/PC_petrol_Euro-6ab
   Segmentos: 337
   📏 Distância: 3.379 km (city: 3.069, highway: 0.310)
   ⛽ Combustível: 58.616 l
   🏭 CO2 real: 135402.3 g
   🎯 CO2 meta: 650.5 g
   📊 Delta: -134751.8 g
   💰 Valor E1: R$ -6.7376
   🧭 Tentativas map matching: 0

   🔑 OFFSET DETERMINÍSTICO (x=-0.0013054217546294544°, y=0.0015406249054906618°, max=2.0km):
   📍 Start Original:  (40.775644, -73.960687)
   🔒 Start Protegido: (40.774338, -73.959146) ✓ 0.19 km | ⚠ SEM MAP MATCHING
   📏 Deslocamento final: 194.9 metros
   📍 End Original:    (40.774801, -73.960637)
   🔒 End Protegido:   (40.773496, -73.959096) ✓ 0.19 km | ⚠ SEM MAP MATCHING
   📏 Deslocamento final: 194.9 metros

   📐 ANÁLISE DE DISTÂNCIA DO TRAJETO (HAVERSINE DOS PONTOS ARMAZENADOS):
   🔢 Pontos unicos original/offset: 337/337 (Δ +0, +0.0% )
   📍 Trajeto original: 3.371 km (linha reta entre pontos GPS)
   🔒 Trajeto com offset: 3.371 km (linha reta entre pontos COM snap)
   📊 Diferença: +0.000 km (+0.0%)

======================================================================
📊 ESTATÍSTICAS FINAIS
======================================================================
Viagens processadas: 1
Distância total: 3.38 km
Combustível total: 58.62 l
CO2 real total: 135402.3 g
CO2 meta total: 650.5 g
Delta CO2: -134751.8 g
Valor E1 total: R$ -6.74

💰 Créditos: R$ 0.00
💸 Débitos: R$ 6.74
📈 Saldo líquido: R$ -6.74
======================================================================

💾 Dados agregados salvos em: ../data/offset_batch/vehicles_step_sim_4/run_041.csv
[csv-worker_4] [vehicles_step_sim_4] ===== LOG RUN 041 FIM =====

[csv-worker_4] [vehicles_step_sim_4] ===== LOG RUN 042 INICIO =====
======================================================================
🚗 PROCESSAMENTO SUMO → E1 REGISTRY (OFFSET ALEATÓRIO - veh0)
======================================================================
📄 Entrada: ../data/vehicles_step_sim_4.csv
🏭 Consumo fabricante: 12.0 km/l
💰 Preço carbono: R$ 50.0/ton
⭕ Raio máximo do offset aleatório: 2.0 km
🎲 Offset gerado aleatoriamente:
   Ângulo: 80.4°
   Distância: 1.8133 km
   offset_x (lat): 0.002710°  |  offset_y (lon): 0.016062°
📊 Row stepping: Processando todas as linhas
🗺️  Map matching: DESATIVADO
📐 Cálculo de distância: HAVERSINE PURO dos pontos COM snap (consistência)
======================================================================

📊 Carregando dados SUMO...
   Total de registros no arquivo: 300
   Veículos únicos: 1
   🚙 Vehicle selecionado: carro_1000

🔄 Agregando viagens por vehicle_id...
  📐 SUMO_carro_1000: Calculando distâncias com Haversine direto (SEM routing API)
      Original: 222 pontos → 1.9688 km (Haversine)
      Offset:   222 pontos → 1.9690 km (Haversine)

🚙 Veículo: SUMO_carro_1000
   Modelo: HBEFA4/PC_petrol_Euro-6ab
   Segmentos: 222
   📏 Distância: 1.973 km (city: 1.973, highway: 0.000)
   ⛽ Combustível: 24.219 l
   🏭 CO2 real: 55946.2 g
   🎯 CO2 meta: 379.8 g
   📊 Delta: -55566.4 g
   💰 Valor E1: R$ -2.7783
   🧭 Tentativas map matching: 0

   🔑 OFFSET DETERMINÍSTICO (x=-0.0138483352701216°, y=-0.0010665482282907221°, max=2.0km):
   📍 Start Original:  (40.775644, -73.960687)
   🔒 Start Protegido: (40.761795, -73.961754) ✓ 1.54 km | ⚠ SEM MAP MATCHING
   📏 Deslocamento final: 1544.2 metros
   📍 End Original:    (40.772651, -73.962544)
   🔒 End Protegido:   (40.758803, -73.963611) ✓ 1.54 km | ⚠ SEM MAP MATCHING
   📏 Deslocamento final: 1544.2 metros

   📐 ANÁLISE DE DISTÂNCIA DO TRAJETO (HAVERSINE DOS PONTOS ARMAZENADOS):
   🔢 Pontos unicos original/offset: 221/221 (Δ +0, +0.0% )
   📍 Trajeto original: 1.969 km (linha reta entre pontos GPS)
   🔒 Trajeto com offset: 1.969 km (linha reta entre pontos COM snap)
   📊 Diferença: +0.000 km (+0.0%)

======================================================================
📊 ESTATÍSTICAS FINAIS
======================================================================
Viagens processadas: 1
Distância total: 1.97 km
Combustível total: 24.22 l
CO2 real total: 55946.2 g
CO2 meta total: 379.8 g
Delta CO2: -55566.4 g
Valor E1 total: R$ -2.78

💰 Créditos: R$ 0.00
💸 Débitos: R$ 2.78
📈 Saldo líquido: R$ -2.78
======================================================================

💾 Dados agregados salvos em: ../data/offset_batch/vehicles_step_sim_4/run_042.csv
[csv-worker_4] [vehicles_step_sim_4] ===== LOG RUN 042 FIM =====

[csv-worker_4] [vehicles_step_sim_4] ===== LOG RUN 043 INICIO =====
======================================================================
🚗 PROCESSAMENTO SUMO → E1 REGISTRY (OFFSET ALEATÓRIO - veh0)
======================================================================
📄 Entrada: ../data/vehicles_step_sim_4.csv
🏭 Consumo fabricante: 12.0 km/l
💰 Preço carbono: R$ 50.0/ton
⭕ Raio máximo do offset aleatório: 2.0 km
🎲 Offset gerado aleatoriamente:
   Ângulo: 55.9°
   Distância: 1.2799 km
   offset_x (lat): 0.006440°  |  offset_y (lon): 0.009525°
📊 Row stepping: Processando todas as linhas
🗺️  Map matching: DESATIVADO
📐 Cálculo de distância: HAVERSINE PURO dos pontos COM snap (consistência)
======================================================================

📊 Carregando dados SUMO...
   Total de registros no arquivo: 300
   Veículos únicos: 1
   🚙 Vehicle selecionado: carro_1000

🔄 Agregando viagens por vehicle_id...
  📐 SUMO_carro_1000: Calculando distâncias com Haversine direto (SEM routing API)
      Original: 324 pontos → 3.1629 km (Haversine)
      Offset:   324 pontos → 3.1631 km (Haversine)

🚙 Veículo: SUMO_carro_1000
   Modelo: HBEFA4/PC_petrol_Euro-6ab
   Segmentos: 324
   📏 Distância: 3.166 km (city: 3.024, highway: 0.142)
   ⛽ Combustível: 49.530 l
   🏭 CO2 real: 114414.1 g
   🎯 CO2 meta: 609.4 g
   📊 Delta: -113804.6 g
   💰 Valor E1: R$ -5.6902
   🧭 Tentativas map matching: 0

   🔑 OFFSET DETERMINÍSTICO (x=-0.008235673168611356°, y=0.0020283039645993158°, max=2.0km):
   📍 Start Original:  (40.775644, -73.960687)
   🔒 Start Protegido: (40.767408, -73.958659) ✓ 0.93 km | ⚠ SEM MAP MATCHING
   📏 Deslocamento final: 932.6 metros
   📍 End Original:    (40.772251, -73.963071)
   🔒 End Protegido:   (40.764015, -73.961042) ✓ 0.93 km | ⚠ SEM MAP MATCHING
   📏 Deslocamento final: 932.6 metros

   📐 ANÁLISE DE DISTÂNCIA DO TRAJETO (HAVERSINE DOS PONTOS ARMAZENADOS):
   🔢 Pontos unicos original/offset: 324/324 (Δ +0, +0.0% )
   📍 Trajeto original: 3.163 km (linha reta entre pontos GPS)
   🔒 Trajeto com offset: 3.163 km (linha reta entre pontos COM snap)
   📊 Diferença: +0.000 km (+0.0%)

======================================================================
📊 ESTATÍSTICAS FINAIS
======================================================================
Viagens processadas: 1
Distância total: 3.17 km
Combustível total: 49.53 l
CO2 real total: 114414.1 g
CO2 meta total: 609.4 g
Delta CO2: -113804.6 g
Valor E1 total: R$ -5.69

💰 Créditos: R$ 0.00
💸 Débitos: R$ 5.69
📈 Saldo líquido: R$ -5.69
======================================================================

💾 Dados agregados salvos em: ../data/offset_batch/vehicles_step_sim_4/run_043.csv
[csv-worker_4] [vehicles_step_sim_4] ===== LOG RUN 043 FIM =====

[csv-worker_4] [vehicles_step_sim_4] ===== LOG RUN 044 INICIO =====
======================================================================
🚗 PROCESSAMENTO SUMO → E1 REGISTRY (OFFSET ALEATÓRIO - veh0)
======================================================================
📄 Entrada: ../data/vehicles_step_sim_4.csv
🏭 Consumo fabricante: 12.0 km/l
💰 Preço carbono: R$ 50.0/ton
⭕ Raio máximo do offset aleatório: 2.0 km
🎲 Offset gerado aleatoriamente:
   Ângulo: 219.9°
   Distância: 1.2154 km
   offset_x (lat): -0.008378°  |  offset_y (lon): -0.007001°
📊 Row stepping: Processando todas as linhas
🗺️  Map matching: DESATIVADO
📐 Cálculo de distância: HAVERSINE PURO dos pontos COM snap (consistência)
======================================================================

📊 Carregando dados SUMO...

💾 Dados agregados salvos em: ../data/offset_batch/vehicles_step_sim_4/run_044.csv
[csv-worker_4] [vehicles_step_sim_4] ===== LOG RUN 044 FIM =====

[csv-worker_4] [vehicles_step_sim_4] ===== LOG RUN 045 INICIO =====
======================================================================
🚗 PROCESSAMENTO SUMO → E1 REGISTRY (OFFSET ALEATÓRIO - veh0)
======================================================================
📄 Entrada: ../data/vehicles_step_sim_4.csv
🏭 Consumo fabricante: 12.0 km/l
💰 Preço carbono: R$ 50.0/ton
⭕ Raio máximo do offset aleatório: 2.0 km
🎲 Offset gerado aleatoriamente:
   Ângulo: 79.4°
   Distância: 1.1172 km
   offset_x (lat): 0.001853°  |  offset_y (lon): 0.009864°
📊 Row stepping: Processando todas as linhas
🗺️  Map matching: DESATIVADO
📐 Cálculo de distância: HAVERSINE PURO dos pontos COM snap (consistência)
======================================================================

📊 Carregando dados SUMO...
   Total de registros no arquivo: 300
   Veículos únicos: 1
   🚙 Vehicle selecionado: carro_1000

🔄 Agregando viagens por vehicle_id...
  📐 SUMO_carro_1000: Calculando distâncias com Haversine direto (SEM routing API)
      Original: 323 pontos → 2.9161 km (Haversine)
      Offset:   323 pontos → 2.9160 km (Haversine)

🚙 Veículo: SUMO_carro_1000
   Modelo: HBEFA4/PC_petrol_Euro-6ab
   Segmentos: 323
   📏 Distância: 2.926 km (city: 2.764, highway: 0.161)
   ⛽ Combustível: 54.094 l
   🏭 CO2 real: 124958.0 g
   🎯 CO2 meta: 563.2 g
   📊 Delta: -124394.9 g
   💰 Valor E1: R$ -6.2197
   🧭 Tentativas map matching: 0

   🔑 OFFSET DETERMINÍSTICO (x=0.002925013547363072°, y=0.012336353284267326°, max=2.0km):
   📍 Start Original:  (40.775644, -73.960687)
   🔒 Start Protegido: (40.778569, -73.948351) ✓ 1.09 km | ⚠ SEM MAP MATCHING
   📏 Deslocamento final: 1089.7 metros
   📍 End Original:    (40.774046, -73.961617)
   🔒 End Protegido:   (40.776971, -73.949281) ✓ 1.09 km | ⚠ SEM MAP MATCHING
   📏 Deslocamento final: 1089.8 metros

   📐 ANÁLISE DE DISTÂNCIA DO TRAJETO (HAVERSINE DOS PONTOS ARMAZENADOS):
   🔢 Pontos unicos original/offset: 320/320 (Δ +0, +0.0% )
   📍 Trajeto original: 2.916 km (linha reta entre pontos GPS)
   🔒 Trajeto com offset: 2.916 km (linha reta entre pontos COM snap)
   📊 Diferença: -0.000 km (-0.0%)

======================================================================
📊 ESTATÍSTICAS FINAIS
======================================================================
Viagens processadas: 1
Distância total: 2.93 km
Combustível total: 54.09 l
CO2 real total: 124958.0 g
CO2 meta total: 563.2 g
Delta CO2: -124394.9 g
Valor E1 total: R$ -6.22

💰 Créditos: R$ 0.00
💸 Débitos: R$ 6.22
📈 Saldo líquido: R$ -6.22
======================================================================

💾 Dados agregados salvos em: ../data/offset_batch/vehicles_step_sim_4/run_045.csv
[csv-worker_4] [vehicles_step_sim_4] ===== LOG RUN 045 FIM =====

[csv-worker_4] [vehicles_step_sim_4] ===== LOG RUN 046 INICIO =====
======================================================================
🚗 PROCESSAMENTO SUMO → E1 REGISTRY (OFFSET ALEATÓRIO - veh0)
======================================================================
📄 Entrada: ../data/vehicles_step_sim_4.csv
🏭 Consumo fabricante: 12.0 km/l
💰 Preço carbono: R$ 50.0/ton
⭕ Raio máximo do offset aleatório: 2.0 km
🎲 Offset gerado aleatoriamente:
   Ângulo: 172.0°
   Distância: 1.7174 km
   offset_x (lat): -0.015277°  |  offset_y (lon): 0.002152°
📊 Row stepping: Processando todas as linhas
🗺️  Map matching: DESATIVADO
📐 Cálculo de distância: HAVERSINE PURO dos pontos COM snap (consistência)
======================================================================

📊 Carregando dados SUMO...
   Total de registros no arquivo: 300
   Veículos únicos: 1
   🚙 Vehicle selecionado: carro_1000

🔄 Agregando viagens por vehicle_id...
  📐 SUMO_carro_1000: Calculando distâncias com Haversine direto (SEM routing API)
      Original: 222 pontos → 1.9688 km (Haversine)
      Offset:   222 pontos → 1.9686 km (Haversine)

🚙 Veículo: SUMO_carro_1000
   Modelo: HBEFA4/PC_petrol_Euro-6ab
   Segmentos: 222
   📏 Distância: 1.973 km (city: 1.973, highway: 0.000)
   ⛽ Combustível: 24.219 l
   🏭 CO2 real: 55946.2 g
   🎯 CO2 meta: 379.8 g
   📊 Delta: -55566.4 g
   💰 Valor E1: R$ -2.7783
   🧭 Tentativas map matching: 0

   🔑 OFFSET DETERMINÍSTICO (x=0.010874049667675086°, y=-0.008337713131065193°, max=2.0km):
   📍 Start Original:  (40.775644, -73.960687)
   🔒 Start Protegido: (40.786518, -73.969025) ✓ 1.40 km | ⚠ SEM MAP MATCHING
   📏 Deslocamento final: 1399.8 metros
   📍 End Original:    (40.772651, -73.962544)
   🔒 End Protegido:   (40.783525, -73.970882) ✓ 1.40 km | ⚠ SEM MAP MATCHING
   📏 Deslocamento final: 1399.8 metros

   📐 ANÁLISE DE DISTÂNCIA DO TRAJETO (HAVERSINE DOS PONTOS ARMAZENADOS):
   🔢 Pontos unicos original/offset: 221/221 (Δ +0, +0.0% )
   📍 Trajeto original: 1.969 km (linha reta entre pontos GPS)
   🔒 Trajeto com offset: 1.969 km (linha reta entre pontos COM snap)
   📊 Diferença: -0.000 km (-0.0%)

======================================================================
📊 ESTATÍSTICAS FINAIS
======================================================================
Viagens processadas: 1
Distância total: 1.97 km
Combustível total: 24.22 l
CO2 real total: 55946.2 g
CO2 meta total: 379.8 g
Delta CO2: -55566.4 g
Valor E1 total: R$ -2.78

💰 Créditos: R$ 0.00
💸 Débitos: R$ 2.78
📈 Saldo líquido: R$ -2.78
======================================================================

💾 Dados agregados salvos em: ../data/offset_batch/vehicles_step_sim_4/run_046.csv
[csv-worker_4] [vehicles_step_sim_4] ===== LOG RUN 046 FIM =====

[csv-worker_4] [vehicles_step_sim_4] ===== LOG RUN 047 INICIO =====
======================================================================
🚗 PROCESSAMENTO SUMO → E1 REGISTRY (OFFSET ALEATÓRIO - veh0)
======================================================================
📄 Entrada: ../data/vehicles_step_sim_4.csv
🏭 Consumo fabricante: 12.0 km/l
💰 Preço carbono: R$ 50.0/ton
⭕ Raio máximo do offset aleatório: 2.0 km
🎲 Offset gerado aleatoriamente:
   Ângulo: 47.8°
   Distância: 1.7961 km
   offset_x (lat): 0.010848°  |  offset_y (lon): 0.011943°
📊 Row stepping: Processando todas as linhas
🗺️  Map matching: DESATIVADO
📐 Cálculo de distância: HAVERSINE PURO dos pontos COM snap (consistência)
======================================================================

📊 Carregando dados SUMO...
  📐 SUMO_carro_1000: Calculando distâncias com Haversine direto (SEM routing API)
      Original: 337 pontos → 3.3706 km (Haversine)
      Offset:   337 pontos → 3.3705 km (Haversine)

🚙 Veículo: SUMO_carro_1000
   Modelo: HBEFA4/PC_petrol_Euro-6ab
   Segmentos: 337
   📏 Distância: 3.379 km (city: 3.069, highway: 0.310)
   ⛽ Combustível: 58.616 l
   🏭 CO2 real: 135402.3 g
   🎯 CO2 meta: 650.5 g
   📊 Delta: -134751.8 g
   💰 Valor E1: R$ -6.7376
   🧭 Tentativas map matching: 0

   🔑 OFFSET DETERMINÍSTICO (x=0.0064838021351676265°, y=0.016267412807935897°, max=2.0km):
   📍 Start Original:  (40.775644, -73.960687)
   🔒 Start Protegido: (40.782127, -73.944420) ✓ 1.55 km | ⚠ SEM MAP MATCHING
   📏 Deslocamento final: 1549.7 metros
   📍 End Original:    (40.774801, -73.960637)
   🔒 End Protegido:   (40.781285, -73.944369) ✓ 1.55 km | ⚠ SEM MAP MATCHING
   📏 Deslocamento final: 1549.7 metros

   📐 ANÁLISE DE DISTÂNCIA DO TRAJETO (HAVERSINE DOS PONTOS ARMAZENADOS):
   🔢 Pontos unicos original/offset: 337/337 (Δ +0, +0.0% )
   📍 Trajeto original: 3.371 km (linha reta entre pontos GPS)
   🔒 Trajeto com offset: 3.370 km (linha reta entre pontos COM snap)
   📊 Diferença: -0.000 km (-0.0%)

======================================================================
📊 ESTATÍSTICAS FINAIS
======================================================================
Viagens processadas: 1
Distância total: 3.38 km
Combustível total: 58.62 l
CO2 real total: 135402.3 g
CO2 meta total: 650.5 g
Delta CO2: -134751.8 g
Valor E1 total: R$ -6.74

💰 Créditos: R$ 0.00
💸 Débitos: R$ 6.74
📈 Saldo líquido: R$ -6.74
======================================================================

💾 Dados agregados salvos em: ../data/offset_batch/vehicles_step_sim_4/run_047.csv
[csv-worker_4] [vehicles_step_sim_4] ===== LOG RUN 047 FIM =====

[csv-worker_4] [vehicles_step_sim_4] ===== LOG RUN 048 INICIO =====
======================================================================
🚗 PROCESSAMENTO SUMO → E1 REGISTRY (OFFSET ALEATÓRIO - veh0)
======================================================================
📄 Entrada: ../data/vehicles_step_sim_4.csv
🏭 Consumo fabricante: 12.0 km/l
💰 Preço carbono: R$ 50.0/ton
⭕ Raio máximo do offset aleatório: 2.0 km
🎲 Offset gerado aleatoriamente:
   Ângulo: 259.9°
   Distância: 1.5235 km
   offset_x (lat): -0.002398°  |  offset_y (lon): -0.013474°
📊 Row stepping: Processando todas as linhas
🗺️  Map matching: DESATIVADO
📐 Cálculo de distância: HAVERSINE PURO dos pontos COM snap (consistência)
======================================================================

📊 Carregando dados SUMO...
   Total de registros no arquivo: 300
   Veículos únicos: 1
   🚙 Vehicle selecionado: carro_1000

🔄 Agregando viagens por vehicle_id...
  📐 SUMO_carro_1000: Calculando distâncias com Haversine direto (SEM routing API)
      Original: 301 pontos → 3.1480 km (Haversine)
      Offset:   301 pontos → 3.1477 km (Haversine)

🚙 Veículo: SUMO_carro_1000
   Modelo: HBEFA4/PC_petrol_Euro-6ab
   Segmentos: 301
   📏 Distância: 3.159 km (city: 3.020, highway: 0.139)
   ⛽ Combustível: 51.224 l
   🏭 CO2 real: 118326.7 g
   🎯 CO2 meta: 608.1 g
   📊 Delta: -117718.6 g
   💰 Valor E1: R$ -5.8859
   🧭 Tentativas map matching: 0

   🔑 OFFSET DETERMINÍSTICO (x=0.009858829071266678°, y=0.013180051745546713°, max=2.0km):
   📍 Start Original:  (40.775644, -73.960687)
   🔒 Start Protegido: (40.785502, -73.947507) ✓ 1.56 km | ⚠ SEM MAP MATCHING
   📏 Deslocamento final: 1561.7 metros
   📍 End Original:    (40.771236, -73.963813)
   🔒 End Protegido:   (40.781095, -73.950632) ✓ 1.56 km | ⚠ SEM MAP MATCHING
   📏 Deslocamento final: 1561.8 metros

   📐 ANÁLISE DE DISTÂNCIA DO TRAJETO (HAVERSINE DOS PONTOS ARMAZENADOS):
   🔢 Pontos unicos original/offset: 301/301 (Δ +0, +0.0% )
   📍 Trajeto original: 3.148 km (linha reta entre pontos GPS)
   🔒 Trajeto com offset: 3.148 km (linha reta entre pontos COM snap)
   📊 Diferença: -0.000 km (-0.0%)

======================================================================
📊 ESTATÍSTICAS FINAIS
======================================================================
Viagens processadas: 1
Distância total: 3.16 km
Combustível total: 51.22 l
CO2 real total: 118326.7 g
CO2 meta total: 608.1 g
Delta CO2: -117718.6 g
Valor E1 total: R$ -5.89

💰 Créditos: R$ 0.00
💸 Débitos: R$ 5.89
📈 Saldo líquido: R$ -5.89
======================================================================

💾 Dados agregados salvos em: ../data/offset_batch/vehicles_step_sim_4/run_048.csv
[csv-worker_4] [vehicles_step_sim_4] ===== LOG RUN 048 FIM =====

[csv-worker_4] [vehicles_step_sim_4] ===== LOG RUN 049 INICIO =====
======================================================================
🚗 PROCESSAMENTO SUMO → E1 REGISTRY (OFFSET ALEATÓRIO - veh0)
======================================================================
📄 Entrada: ../data/vehicles_step_sim_4.csv
🏭 Consumo fabricante: 12.0 km/l
💰 Preço carbono: R$ 50.0/ton
⭕ Raio máximo do offset aleatório: 2.0 km
🎲 Offset gerado aleatoriamente:
   Ângulo: 65.2°
   Distância: 0.9366 km
   offset_x (lat): 0.003536°  |  offset_y (lon): 0.007634°
📊 Row stepping: Processando todas as linhas
🗺️  Map matching: DESATIVADO
📐 Cálculo de distância: HAVERSINE PURO dos pontos COM snap (consistência)
======================================================================

📊 Carregando dados SUMO...
   Total de registros no arquivo: 300
   Veículos únicos: 1
   🚙 Vehicle selecionado: carro_1000

🔄 Agregando viagens por vehicle_id...
  📐 SUMO_carro_1000: Calculando distâncias com Haversine direto (SEM routing API)
      Original: 222 pontos → 1.9688 km (Haversine)
      Offset:   222 pontos → 1.9686 km (Haversine)

🚙 Veículo: SUMO_carro_1000
   Modelo: HBEFA4/PC_petrol_Euro-6ab
   Segmentos: 222
   📏 Distância: 1.973 km (city: 1.973, highway: 0.000)
   ⛽ Combustível: 24.219 l
   🏭 CO2 real: 55946.2 g
   🎯 CO2 meta: 379.8 g
   📊 Delta: -55566.4 g
   💰 Valor E1: R$ -2.7783
   🧭 Tentativas map matching: 0

   🔑 OFFSET DETERMINÍSTICO (x=0.013779807059603385°, y=-0.0015702378980782222°, max=2.0km):
   📍 Start Original:  (40.775644, -73.960687)
   🔒 Start Protegido: (40.789423, -73.962257) ✓ 1.54 km | ⚠ SEM MAP MATCHING
   📏 Deslocamento final: 1539.7 metros
   📍 End Original:    (40.772651, -73.962544)
   🔒 End Protegido:   (40.786431, -73.964115) ✓ 1.54 km | ⚠ SEM MAP MATCHING
   📏 Deslocamento final: 1539.7 metros

   📐 ANÁLISE DE DISTÂNCIA DO TRAJETO (HAVERSINE DOS PONTOS ARMAZENADOS):
   🔢 Pontos unicos original/offset: 221/221 (Δ +0, +0.0% )
   📍 Trajeto original: 1.969 km (linha reta entre pontos GPS)
   🔒 Trajeto com offset: 1.969 km (linha reta entre pontos COM snap)
   📊 Diferença: -0.000 km (-0.0%)

======================================================================
📊 ESTATÍSTICAS FINAIS
======================================================================
Viagens processadas: 1
Distância total: 1.97 km
Combustível total: 24.22 l
CO2 real total: 55946.2 g
CO2 meta total: 379.8 g
Delta CO2: -55566.4 g
Valor E1 total: R$ -2.78

💰 Créditos: R$ 0.00
💸 Débitos: R$ 2.78
📈 Saldo líquido: R$ -2.78
======================================================================

💾 Dados agregados salvos em: ../data/offset_batch/vehicles_step_sim_4/run_049.csv
[csv-worker_4] [vehicles_step_sim_4] ===== LOG RUN 049 FIM =====

[csv-worker_4] [vehicles_step_sim_4] ===== LOG RUN 050 INICIO =====
======================================================================
🚗 PROCESSAMENTO SUMO → E1 REGISTRY (OFFSET ALEATÓRIO - veh0)
======================================================================
📄 Entrada: ../data/vehicles_step_sim_4.csv
🏭 Consumo fabricante: 12.0 km/l
💰 Preço carbono: R$ 50.0/ton
⭕ Raio máximo do offset aleatório: 2.0 km
🎲 Offset gerado aleatoriamente:
   Ângulo: 129.5°
   Distância: 1.7950 km
   offset_x (lat): -0.010260°  |  offset_y (lon): 0.012440°
📊 Row stepping: Processando todas as linhas
🗺️  Map matching: DESATIVADO
📐 Cálculo de distância: HAVERSINE PURO dos pontos COM snap (consistência)
======================================================================

📊 Carregando dados SUMO...
   Total de registros no arquivo: 300
   Veículos únicos: 1
   🚙 Vehicle selecionado: carro_1000

🔄 Agregando viagens por vehicle_id...
  📐 SUMO_carro_1000: Calculando distâncias com Haversine direto (SEM routing API)
      Original: 301 pontos → 3.1480 km (Haversine)
      Offset:   301 pontos → 3.1477 km (Haversine)

🚙 Veículo: SUMO_carro_1000
   Modelo: HBEFA4/PC_petrol_Euro-6ab
   Segmentos: 301
   📏 Distância: 3.159 km (city: 3.020, highway: 0.139)
   ⛽ Combustível: 51.224 l
   🏭 CO2 real: 118326.7 g
   🎯 CO2 meta: 608.1 g
   📊 Delta: -117718.6 g
   💰 Valor E1: R$ -5.8859
   🧭 Tentativas map matching: 0

   🔑 OFFSET DETERMINÍSTICO (x=0.010898180878529484°, y=0.01185248091161719°, max=2.0km):
   📍 Start Original:  (40.775644, -73.960687)
   🔒 Start Protegido: (40.786542, -73.948835) ✓ 1.57 km | ⚠ SEM MAP MATCHING
   📏 Deslocamento final: 1571.7 metros
   📍 End Original:    (40.771236, -73.963813)
   🔒 End Protegido:   (40.782134, -73.951960) ✓ 1.57 km | ⚠ SEM MAP MATCHING
   📏 Deslocamento final: 1571.7 metros

   📐 ANÁLISE DE DISTÂNCIA DO TRAJETO (HAVERSINE DOS PONTOS ARMAZENADOS):
   🔢 Pontos unicos original/offset: 301/301 (Δ +0, +0.0% )
   📍 Trajeto original: 3.148 km (linha reta entre pontos GPS)
   🔒 Trajeto com offset: 3.148 km (linha reta entre pontos COM snap)
   📊 Diferença: -0.000 km (-0.0%)

======================================================================
📊 ESTATÍSTICAS FINAIS
======================================================================
Viagens processadas: 1
Distância total: 3.16 km
Combustível total: 51.22 l
CO2 real total: 118326.7 g
CO2 meta total: 608.1 g
Delta CO2: -117718.6 g
Valor E1 total: R$ -5.89

💰 Créditos: R$ 0.00
💸 Débitos: R$ 5.89
📈 Saldo líquido: R$ -5.89
======================================================================

💾 Dados agregados salvos em: ../data/offset_batch/vehicles_step_sim_4/run_050.csv
[csv-worker_4] [vehicles_step_sim_4] ===== LOG RUN 050 FIM =====

[csv-worker_4] [vehicles_step_sim_4] ===== LOG RUN 051 INICIO =====
======================================================================
🚗 PROCESSAMENTO SUMO → E1 REGISTRY (OFFSET ALEATÓRIO - veh0)
======================================================================
📄 Entrada: ../data/vehicles_step_sim_4.csv
🏭 Consumo fabricante: 12.0 km/l
💰 Preço carbono: R$ 50.0/ton
⭕ Raio máximo do offset aleatório: 2.0 km
🎲 Offset gerado aleatoriamente:
   Ângulo: 198.4°
   Distância: 1.8598 km
   offset_x (lat): -0.015855°  |  offset_y (lon): -0.005268°
📊 Row stepping: Processando todas as linhas
🗺️  Map matching: DESATIVADO
📐 Cálculo de distância: HAVERSINE PURO dos pontos COM snap (consistência)
======================================================================

📊 Carregando dados SUMO...
   Total de registros no arquivo: 300
   Veículos únicos: 1
   🚙 Vehicle selecionado: carro_1000

🔄 Agregando viagens por vehicle_id...
  📐 SUMO_carro_1000: Calculando distâncias com Haversine direto (SEM routing API)
      Original: 301 pontos → 3.1480 km (Haversine)
      Offset:   301 pontos → 3.1478 km (Haversine)

🚙 Veículo: SUMO_carro_1000
   Modelo: HBEFA4/PC_petrol_Euro-6ab
   Segmentos: 301
   📏 Distância: 3.159 km (city: 3.020, highway: 0.139)
   ⛽ Combustível: 51.224 l
   🏭 CO2 real: 118326.7 g
   🎯 CO2 meta: 608.1 g
   📊 Delta: -117718.6 g
   💰 Valor E1: R$ -5.8859
   🧭 Tentativas map matching: 0

   🔑 OFFSET DETERMINÍSTICO (x=0.009102433871849131°, y=0.013810991396419425°, max=2.0km):
   📍 Start Original:  (40.775644, -73.960687)
   🔒 Start Protegido: (40.784746, -73.946876) ✓ 1.54 km | ⚠ SEM MAP MATCHING
   📏 Deslocamento final: 1543.5 metros
   📍 End Original:    (40.771236, -73.963813)
   🔒 End Protegido:   (40.780338, -73.950002) ✓ 1.54 km | ⚠ SEM MAP MATCHING
   📏 Deslocamento final: 1543.5 metros

   📐 ANÁLISE DE DISTÂNCIA DO TRAJETO (HAVERSINE DOS PONTOS ARMAZENADOS):
   🔢 Pontos unicos original/offset: 301/301 (Δ +0, +0.0% )
   📍 Trajeto original: 3.148 km (linha reta entre pontos GPS)
   🔒 Trajeto com offset: 3.148 km (linha reta entre pontos COM snap)
   📊 Diferença: -0.000 km (-0.0%)

======================================================================
📊 ESTATÍSTICAS FINAIS
======================================================================
Viagens processadas: 1
Distância total: 3.16 km
Combustível total: 51.22 l
CO2 real total: 118326.7 g
CO2 meta total: 608.1 g
Delta CO2: -117718.6 g
Valor E1 total: R$ -5.89

💰 Créditos: R$ 0.00
💸 Débitos: R$ 5.89
📈 Saldo líquido: R$ -5.89
======================================================================

💾 Dados agregados salvos em: ../data/offset_batch/vehicles_step_sim_4/run_051.csv
[csv-worker_4] [vehicles_step_sim_4] ===== LOG RUN 051 FIM =====

[csv-worker_4] [vehicles_step_sim_4] ===== LOG RUN 052 INICIO =====
======================================================================
🚗 PROCESSAMENTO SUMO → E1 REGISTRY (OFFSET ALEATÓRIO - veh0)
======================================================================
📄 Entrada: ../data/vehicles_step_sim_4.csv
🏭 Consumo fabricante: 12.0 km/l
💰 Preço carbono: R$ 50.0/ton
⭕ Raio máximo do offset aleatório: 2.0 km
🎲 Offset gerado aleatoriamente:
   Ângulo: 338.4°
   Distância: 0.5320 km
   offset_x (lat): 0.004444°  |  offset_y (lon): -0.001758°
📊 Row stepping: Processando todas as linhas
🗺️  Map matching: DESATIVADO
📐 Cálculo de distância: HAVERSINE PURO dos pontos COM snap (consistência)
======================================================================

📊 Carregando dados SUMO...
   Total de registros no arquivo: 300
   Veículos únicos: 1
   🚙 Vehicle selecionado: carro_1000

🔄 Agregando viagens por vehicle_id...
  📐 SUMO_carro_1000: Calculando distâncias com Haversine direto (SEM routing API)
      Original: 222 pontos → 1.9688 km (Haversine)
      Offset:   222 pontos → 1.9688 km (Haversine)

🚙 Veículo: SUMO_carro_1000
   Modelo: HBEFA4/PC_petrol_Euro-6ab
   Segmentos: 222
   📏 Distância: 1.973 km (city: 1.973, highway: 0.000)
   ⛽ Combustível: 24.219 l
   🏭 CO2 real: 55946.2 g
   🎯 CO2 meta: 379.8 g
   📊 Delta: -55566.4 g
   💰 Valor E1: R$ -2.7783
   🧭 Tentativas map matching: 0

   🔑 OFFSET DETERMINÍSTICO (x=-0.0031971103714025255°, y=-0.01530458408582381°, max=2.0km):
   📍 Start Original:  (40.775644, -73.960687)
   🔒 Start Protegido: (40.772446, -73.975992) ✓ 1.34 km | ⚠ SEM MAP MATCHING
   📏 Deslocamento final: 1338.4 metros
   📍 End Original:    (40.772651, -73.962544)
   🔒 End Protegido:   (40.769454, -73.977849) ✓ 1.34 km | ⚠ SEM MAP MATCHING
   📏 Deslocamento final: 1338.4 metros

   📐 ANÁLISE DE DISTÂNCIA DO TRAJETO (HAVERSINE DOS PONTOS ARMAZENADOS):
   🔢 Pontos unicos original/offset: 221/221 (Δ +0, +0.0% )
   📍 Trajeto original: 1.969 km (linha reta entre pontos GPS)
   🔒 Trajeto com offset: 1.969 km (linha reta entre pontos COM snap)
   📊 Diferença: +0.000 km (+0.0%)

======================================================================
📊 ESTATÍSTICAS FINAIS
======================================================================
Viagens processadas: 1
Distância total: 1.97 km
Combustível total: 24.22 l
CO2 real total: 55946.2 g
CO2 meta total: 379.8 g
Delta CO2: -55566.4 g
Valor E1 total: R$ -2.78

💰 Créditos: R$ 0.00
💸 Débitos: R$ 2.78
📈 Saldo líquido: R$ -2.78
======================================================================

💾 Dados agregados salvos em: ../data/offset_batch/vehicles_step_sim_4/run_052.csv
[csv-worker_4] [vehicles_step_sim_4] ===== LOG RUN 052 FIM =====

[csv-worker_4] [vehicles_step_sim_4] ===== LOG RUN 053 INICIO =====
======================================================================
🚗 PROCESSAMENTO SUMO → E1 REGISTRY (OFFSET ALEATÓRIO - veh0)
======================================================================
📄 Entrada: ../data/vehicles_step_sim_4.csv
🏭 Consumo fabricante: 12.0 km/l
💰 Preço carbono: R$ 50.0/ton
⭕ Raio máximo do offset aleatório: 2.0 km
🎲 Offset gerado aleatoriamente:
   Ângulo: 321.3°
   Distância: 0.6414 km
   offset_x (lat): 0.004496°  |  offset_y (lon): -0.003604°
📊 Row stepping: Processando todas as linhas
🗺️  Map matching: DESATIVADO
📐 Cálculo de distância: HAVERSINE PURO dos pontos COM snap (consistência)
======================================================================

📊 Carregando dados SUMO...
   Total de registros no arquivo: 300
   Veículos únicos: 1
   🚙 Vehicle selecionado: carro_1000

🔄 Agregando viagens por vehicle_id...
  📐 SUMO_carro_1000: Calculando distâncias com Haversine direto (SEM routing API)
      Original: 301 pontos → 3.1480 km (Haversine)
      Offset:   301 pontos → 3.1478 km (Haversine)

🚙 Veículo: SUMO_carro_1000
   Modelo: HBEFA4/PC_petrol_Euro-6ab
   Segmentos: 301
   📏 Distância: 3.159 km (city: 3.020, highway: 0.139)
   ⛽ Combustível: 51.224 l
   🏭 CO2 real: 118326.7 g
   🎯 CO2 meta: 608.1 g
   📊 Delta: -117718.6 g
   💰 Valor E1: R$ -5.8859
   🧭 Tentativas map matching: 0

   🔑 OFFSET DETERMINÍSTICO (x=0.0065926363775714045°, y=0.010296659221140663°, max=2.0km):
   📍 Start Original:  (40.775644, -73.960687)
   🔒 Start Protegido: (40.782236, -73.950390) ✓ 1.14 km | ⚠ SEM MAP MATCHING
   📏 Deslocamento final: 1136.7 metros
   📍 End Original:    (40.771236, -73.963813)
   🔒 End Protegido:   (40.777828, -73.953516) ✓ 1.14 km | ⚠ SEM MAP MATCHING
   📏 Deslocamento final: 1136.7 metros

   📐 ANÁLISE DE DISTÂNCIA DO TRAJETO (HAVERSINE DOS PONTOS ARMAZENADOS):
   🔢 Pontos unicos original/offset: 301/301 (Δ +0, +0.0% )
   📍 Trajeto original: 3.148 km (linha reta entre pontos GPS)
   🔒 Trajeto com offset: 3.148 km (linha reta entre pontos COM snap)
   📊 Diferença: -0.000 km (-0.0%)

======================================================================
📊 ESTATÍSTICAS FINAIS
======================================================================
Viagens processadas: 1
Distância total: 3.16 km
Combustível total: 51.22 l
CO2 real total: 118326.7 g
CO2 meta total: 608.1 g
Delta CO2: -117718.6 g
Valor E1 total: R$ -5.89

💰 Créditos: R$ 0.00
💸 Débitos: R$ 5.89
📈 Saldo líquido: R$ -5.89
======================================================================

💾 Dados agregados salvos em: ../data/offset_batch/vehicles_step_sim_4/run_053.csv
[csv-worker_4] [vehicles_step_sim_4] ===== LOG RUN 053 FIM =====

[csv-worker_4] [vehicles_step_sim_4] ===== LOG RUN 054 INICIO =====
======================================================================
🚗 PROCESSAMENTO SUMO → E1 REGISTRY (OFFSET ALEATÓRIO - veh0)
======================================================================
📄 Entrada: ../data/vehicles_step_sim_4.csv
🏭 Consumo fabricante: 12.0 km/l
💰 Preço carbono: R$ 50.0/ton
⭕ Raio máximo do offset aleatório: 2.0 km
🎲 Offset gerado aleatoriamente:
   Ângulo: 298.8°
   Distância: 1.4914 km
   offset_x (lat): 0.006446°  |  offset_y (lon): -0.011745°
📊 Row stepping: Processando todas as linhas
🗺️  Map matching: DESATIVADO
📐 Cálculo de distância: HAVERSINE PURO dos pontos COM snap (consistência)
======================================================================

📊 Carregando dados SUMO...
   Total de registros no arquivo: 300
   Veículos únicos: 1
   🚙 Vehicle selecionado: carro_1000

🔄 Agregando viagens por vehicle_id...
  📐 SUMO_carro_1000: Calculando distâncias com Haversine direto (SEM routing API)
      Original: 301 pontos → 3.1480 km (Haversine)
      Offset:   301 pontos → 3.1479 km (Haversine)

🚙 Veículo: SUMO_carro_1000
   Modelo: HBEFA4/PC_petrol_Euro-6ab
   Segmentos: 301
   📏 Distância: 3.159 km (city: 3.020, highway: 0.139)
   ⛽ Combustível: 51.224 l
   🏭 CO2 real: 118326.7 g
   🎯 CO2 meta: 608.1 g
   📊 Delta: -117718.6 g
   💰 Valor E1: R$ -5.8859
   🧭 Tentativas map matching: 0

   🔑 OFFSET DETERMINÍSTICO (x=0.0051160701456377505°, y=0.011577507751016592°, max=2.0km):
   📍 Start Original:  (40.775644, -73.960687)
   🔒 Start Protegido: (40.780760, -73.949109) ✓ 1.13 km | ⚠ SEM MAP MATCHING
   📏 Deslocamento final: 1130.0 metros
   📍 End Original:    (40.771236, -73.963813)
   🔒 End Protegido:   (40.776352, -73.952235) ✓ 1.13 km | ⚠ SEM MAP MATCHING
   📏 Deslocamento final: 1130.1 metros

   📐 ANÁLISE DE DISTÂNCIA DO TRAJETO (HAVERSINE DOS PONTOS ARMAZENADOS):
   🔢 Pontos unicos original/offset: 301/301 (Δ +0, +0.0% )
   📍 Trajeto original: 3.148 km (linha reta entre pontos GPS)
   🔒 Trajeto com offset: 3.148 km (linha reta entre pontos COM snap)
   📊 Diferença: -0.000 km (-0.0%)

======================================================================
📊 ESTATÍSTICAS FINAIS
======================================================================
Viagens processadas: 1
Distância total: 3.16 km
Combustível total: 51.22 l
CO2 real total: 118326.7 g
CO2 meta total: 608.1 g
Delta CO2: -117718.6 g
Valor E1 total: R$ -5.89

💰 Créditos: R$ 0.00
💸 Débitos: R$ 5.89
📈 Saldo líquido: R$ -5.89
======================================================================

💾 Dados agregados salvos em: ../data/offset_batch/vehicles_step_sim_4/run_054.csv
[csv-worker_4] [vehicles_step_sim_4] ===== LOG RUN 054 FIM =====

[csv-worker_4] [vehicles_step_sim_4] ===== LOG RUN 055 INICIO =====
======================================================================
🚗 PROCESSAMENTO SUMO → E1 REGISTRY (OFFSET ALEATÓRIO - veh0)
======================================================================
📄 Entrada: ../data/vehicles_step_sim_4.csv
🏭 Consumo fabricante: 12.0 km/l
💰 Preço carbono: R$ 50.0/ton
⭕ Raio máximo do offset aleatório: 2.0 km
🎲 Offset gerado aleatoriamente:
   Ângulo: 92.3°
   Distância: 1.4629 km
   offset_x (lat): -0.000518°  |  offset_y (lon): 0.013132°
📊 Row stepping: Processando todas as linhas
🗺️  Map matching: DESATIVADO
📐 Cálculo de distância: HAVERSINE PURO dos pontos COM snap (consistência)
======================================================================

📊 Carregando dados SUMO...
   Total de registros no arquivo: 300
   Veículos únicos: 1
   🚙 Vehicle selecionado: carro_1000

🔄 Agregando viagens por vehicle_id...
  📐 SUMO_carro_1000: Calculando distâncias com Haversine direto (SEM routing API)
      Original: 301 pontos → 3.1480 km (Haversine)
      Offset:   301 pontos → 3.1480 km (Haversine)

🚙 Veículo: SUMO_carro_1000
   Modelo: HBEFA4/PC_petrol_Euro-6ab
   Segmentos: 301
   📏 Distância: 3.159 km (city: 3.020, highway: 0.139)
   ⛽ Combustível: 51.224 l
   🏭 CO2 real: 118326.7 g
   🎯 CO2 meta: 608.1 g
   📊 Delta: -117718.6 g
   💰 Valor E1: R$ -5.8859
   🧭 Tentativas map matching: 0

   🔑 OFFSET DETERMINÍSTICO (x=-0.002404845831741543°, y=0.014677344790917875°, max=2.0km):
   📍 Start Original:  (40.775644, -73.960687)
   🔒 Start Protegido: (40.773239, -73.946010) ✓ 1.27 km | ⚠ SEM MAP MATCHING
   📏 Deslocamento final: 1265.9 metros
   📍 End Original:    (40.771236, -73.963813)
   🔒 End Protegido:   (40.768831, -73.949135) ✓ 1.27 km | ⚠ SEM MAP MATCHING
   📏 Deslocamento final: 1266.0 metros

   📐 ANÁLISE DE DISTÂNCIA DO TRAJETO (HAVERSINE DOS PONTOS ARMAZENADOS):
   🔢 Pontos unicos original/offset: 301/301 (Δ +0, +0.0% )
   📍 Trajeto original: 3.148 km (linha reta entre pontos GPS)
   🔒 Trajeto com offset: 3.148 km (linha reta entre pontos COM snap)
   📊 Diferença: +0.000 km (+0.0%)

======================================================================
📊 ESTATÍSTICAS FINAIS
======================================================================
Viagens processadas: 1
Distância total: 3.16 km
Combustível total: 51.22 l
CO2 real total: 118326.7 g
CO2 meta total: 608.1 g
Delta CO2: -117718.6 g
Valor E1 total: R$ -5.89

💰 Créditos: R$ 0.00
💸 Débitos: R$ 5.89
📈 Saldo líquido: R$ -5.89
======================================================================

💾 Dados agregados salvos em: ../data/offset_batch/vehicles_step_sim_4/run_055.csv
[csv-worker_4] [vehicles_step_sim_4] ===== LOG RUN 055 FIM =====

[csv-worker_4] [vehicles_step_sim_4] ===== LOG RUN 056 INICIO =====
======================================================================
🚗 PROCESSAMENTO SUMO → E1 REGISTRY (OFFSET ALEATÓRIO - veh0)
======================================================================
📄 Entrada: ../data/vehicles_step_sim_4.csv
🏭 Consumo fabricante: 12.0 km/l
💰 Preço carbono: R$ 50.0/ton
⭕ Raio máximo do offset aleatório: 2.0 km
🎲 Offset gerado aleatoriamente:
   Ângulo: 290.3°
   Distância: 1.5957 km
   offset_x (lat): 0.004967°  |  offset_y (lon): -0.013446°
📊 Row stepping: Processando todas as linhas
🗺️  Map matching: DESATIVADO
📐 Cálculo de distância: HAVERSINE PURO dos pontos COM snap (consistência)
======================================================================

📊 Carregando dados SUMO...
   Total de registros no arquivo: 300
   Veículos únicos: 1
   🚙 Vehicle selecionado: carro_1000

🔄 Agregando viagens por vehicle_id...
  📐 SUMO_carro_1000: Calculando distâncias com Haversine direto (SEM routing API)
      Original: 324 pontos → 3.1629 km (Haversine)
      Offset:   324 pontos → 3.1627 km (Haversine)

🚙 Veículo: SUMO_carro_1000
   Modelo: HBEFA4/PC_petrol_Euro-6ab
   Segmentos: 324
   📏 Distância: 3.166 km (city: 3.024, highway: 0.142)
   ⛽ Combustível: 49.530 l
   🏭 CO2 real: 114414.1 g
   🎯 CO2 meta: 609.4 g
   📊 Delta: -113804.6 g
   💰 Valor E1: R$ -5.6902
   🧭 Tentativas map matching: 0

   🔑 OFFSET DETERMINÍSTICO (x=0.013127557141977898°, y=-0.009634815898597424°, max=2.0km):
   📍 Start Original:  (40.775644, -73.960687)
   🔒 Start Protegido: (40.788771, -73.970322) ✓ 1.67 km | ⚠ SEM MAP MATCHING
   📏 Deslocamento final: 1671.9 metros
   📍 End Original:    (40.772251, -73.963071)
   🔒 End Protegido:   (40.785378, -73.972705) ✓ 1.67 km | ⚠ SEM MAP MATCHING
   📏 Deslocamento final: 1671.9 metros

   📐 ANÁLISE DE DISTÂNCIA DO TRAJETO (HAVERSINE DOS PONTOS ARMAZENADOS):
   🔢 Pontos unicos original/offset: 324/324 (Δ +0, +0.0% )
   📍 Trajeto original: 3.163 km (linha reta entre pontos GPS)
   🔒 Trajeto com offset: 3.163 km (linha reta entre pontos COM snap)
   📊 Diferença: -0.000 km (-0.0%)

======================================================================
📊 ESTATÍSTICAS FINAIS
======================================================================
Viagens processadas: 1
Distância total: 3.17 km
Combustível total: 49.53 l
CO2 real total: 114414.1 g
CO2 meta total: 609.4 g
Delta CO2: -113804.6 g
Valor E1 total: R$ -5.69

💰 Créditos: R$ 0.00
💸 Débitos: R$ 5.69
📈 Saldo líquido: R$ -5.69
======================================================================

💾 Dados agregados salvos em: ../data/offset_batch/vehicles_step_sim_4/run_056.csv
[csv-worker_4] [vehicles_step_sim_4] ===== LOG RUN 056 FIM =====

[csv-worker_4] [vehicles_step_sim_4] ===== LOG RUN 057 INICIO =====
======================================================================
🚗 PROCESSAMENTO SUMO → E1 REGISTRY (OFFSET ALEATÓRIO - veh0)
======================================================================
📄 Entrada: ../data/vehicles_step_sim_4.csv
🏭 Consumo fabricante: 12.0 km/l
💰 Preço carbono: R$ 50.0/ton
⭕ Raio máximo do offset aleatório: 2.0 km
🎲 Offset gerado aleatoriamente:
   Ângulo: 206.3°
   Distância: 1.6855 km
   offset_x (lat): -0.013575°  |  offset_y (lon): -0.006707°
📊 Row stepping: Processando todas as linhas
🗺️  Map matching: DESATIVADO
📐 Cálculo de distância: HAVERSINE PURO dos pontos COM snap (consistência)
======================================================================

📊 Carregando dados SUMO...
   Total de registros no arquivo: 300
   Veículos únicos: 1
   🚙 Vehicle selecionado: carro_1000

🔄 Agregando viagens por vehicle_id...
  📐 SUMO_carro_1000: Calculando distâncias com Haversine direto (SEM routing API)
      Original: 312 pontos → 3.1845 km (Haversine)
      Offset:   312 pontos → 3.1844 km (Haversine)

🚙 Veículo: SUMO_carro_1000
   Modelo: HBEFA4/PC_petrol_Euro-6ab
   Segmentos: 312
   📏 Distância: 3.190 km (city: 2.602, highway: 0.587)
   ⛽ Combustível: 54.577 l
   🏭 CO2 real: 126071.8 g
   🎯 CO2 meta: 614.1 g
   📊 Delta: -125457.8 g
   💰 Valor E1: R$ -6.2729
   🧭 Tentativas map matching: 0

   🔑 OFFSET DETERMINÍSTICO (x=0.006207101412050786°, y=-0.002823955615212919°, max=2.0km):
   📍 Start Original:  (40.775644, -73.960687)
   🔒 Start Protegido: (40.781851, -73.963511) ✓ 0.73 km | ⚠ SEM MAP MATCHING
   📏 Deslocamento final: 730.8 metros
   📍 End Original:    (40.771637, -73.963520)
   🔒 End Protegido:   (40.777844, -73.966344) ✓ 0.73 km | ⚠ SEM MAP MATCHING
   📏 Deslocamento final: 730.8 metros

   📐 ANÁLISE DE DISTÂNCIA DO TRAJETO (HAVERSINE DOS PONTOS ARMAZENADOS):
   🔢 Pontos unicos original/offset: 312/312 (Δ +0, +0.0% )
   📍 Trajeto original: 3.185 km (linha reta entre pontos GPS)
   🔒 Trajeto com offset: 3.184 km (linha reta entre pontos COM snap)
   📊 Diferença: -0.000 km (-0.0%)

======================================================================
📊 ESTATÍSTICAS FINAIS
======================================================================
Viagens processadas: 1
Distância total: 3.19 km
Combustível total: 54.58 l
CO2 real total: 126071.8 g
CO2 meta total: 614.1 g
Delta CO2: -125457.8 g
Valor E1 total: R$ -6.27

💰 Créditos: R$ 0.00
💸 Débitos: R$ 6.27
📈 Saldo líquido: R$ -6.27
======================================================================

💾 Dados agregados salvos em: ../data/offset_batch/vehicles_step_sim_4/run_057.csv
[csv-worker_4] [vehicles_step_sim_4] ===== LOG RUN 057 FIM =====

[csv-worker_4] [vehicles_step_sim_4] ===== LOG RUN 058 INICIO =====
======================================================================
🚗 PROCESSAMENTO SUMO → E1 REGISTRY (OFFSET ALEATÓRIO - veh0)
======================================================================
📄 Entrada: ../data/vehicles_step_sim_4.csv
🏭 Consumo fabricante: 12.0 km/l
💰 Preço carbono: R$ 50.0/ton
⭕ Raio máximo do offset aleatório: 2.0 km
🎲 Offset gerado aleatoriamente:
   Ângulo: 315.1°
   Distância: 1.2391 km
   offset_x (lat): 0.007881°  |  offset_y (lon): -0.007861°
📊 Row stepping: Processando todas as linhas
🗺️  Map matching: DESATIVADO
📐 Cálculo de distância: HAVERSINE PURO dos pontos COM snap (consistência)
======================================================================

📊 Carregando dados SUMO...
   Total de registros no arquivo: 300
   Veículos únicos: 1
   🚙 Vehicle selecionado: carro_1000

🔄 Agregando viagens por vehicle_id...
  📐 SUMO_carro_1000: Calculando distâncias com Haversine direto (SEM routing API)
      Original: 323 pontos → 2.9161 km (Haversine)
      Offset:   323 pontos → 2.9160 km (Haversine)

🚙 Veículo: SUMO_carro_1000
   Modelo: HBEFA4/PC_petrol_Euro-6ab
   Segmentos: 323
   📏 Distância: 2.926 km (city: 2.764, highway: 0.161)
   ⛽ Combustível: 54.094 l
   🏭 CO2 real: 124958.0 g
   🎯 CO2 meta: 563.2 g
   📊 Delta: -124394.9 g
   💰 Valor E1: R$ -6.2197
   🧭 Tentativas map matching: 0

   🔑 OFFSET DETERMINÍSTICO (x=0.0029539216543717707°, y=-0.005971672187929957°, max=2.0km):
   📍 Start Original:  (40.775644, -73.960687)
   🔒 Start Protegido: (40.778598, -73.966659) ✓ 0.60 km | ⚠ SEM MAP MATCHING
   📏 Deslocamento final: 601.3 metros
   📍 End Original:    (40.774046, -73.961617)
   🔒 End Protegido:   (40.777000, -73.967589) ✓ 0.60 km | ⚠ SEM MAP MATCHING
   📏 Deslocamento final: 601.3 metros

   📐 ANÁLISE DE DISTÂNCIA DO TRAJETO (HAVERSINE DOS PONTOS ARMAZENADOS):
   🔢 Pontos unicos original/offset: 320/320 (Δ +0, +0.0% )
   📍 Trajeto original: 2.916 km (linha reta entre pontos GPS)
   🔒 Trajeto com offset: 2.916 km (linha reta entre pontos COM snap)
   📊 Diferença: -0.000 km (-0.0%)

======================================================================
📊 ESTATÍSTICAS FINAIS
======================================================================
Viagens processadas: 1
Distância total: 2.93 km
Combustível total: 54.09 l
CO2 real total: 124958.0 g
CO2 meta total: 563.2 g
Delta CO2: -124394.9 g
Valor E1 total: R$ -6.22

💰 Créditos: R$ 0.00
💸 Débitos: R$ 6.22
📈 Saldo líquido: R$ -6.22
======================================================================

💾 Dados agregados salvos em: ../data/offset_batch/vehicles_step_sim_4/run_058.csv
[csv-worker_4] [vehicles_step_sim_4] ===== LOG RUN 058 FIM =====

[csv-worker_4] [vehicles_step_sim_4] ===== LOG RUN 059 INICIO =====
======================================================================
🚗 PROCESSAMENTO SUMO → E1 REGISTRY (OFFSET ALEATÓRIO - veh0)
======================================================================
📄 Entrada: ../data/vehicles_step_sim_4.csv
🏭 Consumo fabricante: 12.0 km/l
💰 Preço carbono: R$ 50.0/ton
⭕ Raio máximo do offset aleatório: 2.0 km
🎲 Offset gerado aleatoriamente:
   Ângulo: 58.6°
   Distância: 1.7892 km
   offset_x (lat): 0.008368°  |  offset_y (lon): 0.013723°
📊 Row stepping: Processando todas as linhas
🗺️  Map matching: DESATIVADO
📐 Cálculo de distância: HAVERSINE PURO dos pontos COM snap (consistência)
======================================================================

📊 Carregando dados SUMO...
   Total de registros no arquivo: 300
   Veículos únicos: 1
   🚙 Vehicle selecionado: carro_1000

🔄 Agregando viagens por vehicle_id...
  📐 SUMO_carro_1000: Calculando distâncias com Haversine direto (SEM routing API)
      Original: 312 pontos → 3.1845 km (Haversine)
      Offset:   312 pontos → 3.1845 km (Haversine)

🚙 Veículo: SUMO_carro_1000
   Modelo: HBEFA4/PC_petrol_Euro-6ab
   Segmentos: 312
   📏 Distância: 3.190 km (city: 2.602, highway: 0.587)
   ⛽ Combustível: 54.577 l
   🏭 CO2 real: 126071.8 g
   🎯 CO2 meta: 614.1 g
   📊 Delta: -125457.8 g
   💰 Valor E1: R$ -6.2729
   🧭 Tentativas map matching: 0

   🔑 OFFSET DETERMINÍSTICO (x=0.002804273351884695°, y=-0.0002949790468278229°, max=2.0km):
   📍 Start Original:  (40.775644, -73.960687)
   🔒 Start Protegido: (40.778448, -73.960982) ✓ 0.31 km | ⚠ SEM MAP MATCHING
   📏 Deslocamento final: 313.2 metros
   📍 End Original:    (40.771637, -73.963520)
   🔒 End Protegido:   (40.774441, -73.963815) ✓ 0.31 km | ⚠ SEM MAP MATCHING
   📏 Deslocamento final: 313.2 metros

   📐 ANÁLISE DE DISTÂNCIA DO TRAJETO (HAVERSINE DOS PONTOS ARMAZENADOS):
   🔢 Pontos unicos original/offset: 312/312 (Δ +0, +0.0% )
   📍 Trajeto original: 3.185 km (linha reta entre pontos GPS)
   🔒 Trajeto com offset: 3.184 km (linha reta entre pontos COM snap)
   📊 Diferença: -0.000 km (-0.0%)

======================================================================
📊 ESTATÍSTICAS FINAIS
======================================================================
Viagens processadas: 1
Distância total: 3.19 km
Combustível total: 54.58 l
CO2 real total: 126071.8 g
CO2 meta total: 614.1 g
Delta CO2: -125457.8 g
Valor E1 total: R$ -6.27

💰 Créditos: R$ 0.00
💸 Débitos: R$ 6.27
📈 Saldo líquido: R$ -6.27
======================================================================

💾 Dados agregados salvos em: ../data/offset_batch/vehicles_step_sim_4/run_059.csv
[csv-worker_4] [vehicles_step_sim_4] ===== LOG RUN 059 FIM =====

[csv-worker_4] [vehicles_step_sim_4] ===== LOG RUN 060 INICIO =====
======================================================================
🚗 PROCESSAMENTO SUMO → E1 REGISTRY (OFFSET ALEATÓRIO - veh0)
======================================================================
📄 Entrada: ../data/vehicles_step_sim_4.csv
🏭 Consumo fabricante: 12.0 km/l
💰 Preço carbono: R$ 50.0/ton
⭕ Raio máximo do offset aleatório: 2.0 km
🎲 Offset gerado aleatoriamente:
   Ângulo: 286.1°
   Distância: 1.7027 km
   offset_x (lat): 0.004250°  |  offset_y (lon): -0.014693°
📊 Row stepping: Processando todas as linhas
🗺️  Map matching: DESATIVADO
📐 Cálculo de distância: HAVERSINE PURO dos pontos COM snap (consistência)
======================================================================

📊 Carregando dados SUMO...
   Total de registros no arquivo: 300
   Veículos únicos: 1
   🚙 Vehicle selecionado: carro_1000

🔄 Agregando viagens por vehicle_id...
  📐 SUMO_carro_1000: Calculando distâncias com Haversine direto (SEM routing API)
      Original: 301 pontos → 3.1480 km (Haversine)
      Offset:   301 pontos → 3.1479 km (Haversine)

🚙 Veículo: SUMO_carro_1000
   Modelo: HBEFA4/PC_petrol_Euro-6ab
   Segmentos: 301
   📏 Distância: 3.159 km (city: 3.020, highway: 0.139)
   ⛽ Combustível: 51.224 l
   🏭 CO2 real: 118326.7 g
   🎯 CO2 meta: 608.1 g
   📊 Delta: -117718.6 g
   💰 Valor E1: R$ -5.8859
   🧭 Tentativas map matching: 0

   🔑 OFFSET DETERMINÍSTICO (x=0.004095861335496517°, y=-0.012635826691926552°, max=2.0km):
   📍 Start Original:  (40.775644, -73.960687)
   🔒 Start Protegido: (40.779739, -73.973323) ✓ 1.16 km | ⚠ SEM MAP MATCHING
   📏 Deslocamento final: 1158.7 metros
   📍 End Original:    (40.771236, -73.963813)
   🔒 End Protegido:   (40.775332, -73.976448) ✓ 1.16 km | ⚠ SEM MAP MATCHING
   📏 Deslocamento final: 1158.7 metros

   📐 ANÁLISE DE DISTÂNCIA DO TRAJETO (HAVERSINE DOS PONTOS ARMAZENADOS):
   🔢 Pontos unicos original/offset: 301/301 (Δ +0, +0.0% )
   📍 Trajeto original: 3.148 km (linha reta entre pontos GPS)
   🔒 Trajeto com offset: 3.148 km (linha reta entre pontos COM snap)
   📊 Diferença: -0.000 km (-0.0%)

======================================================================
📊 ESTATÍSTICAS FINAIS
======================================================================
Viagens processadas: 1
Distância total: 3.16 km
Combustível total: 51.22 l
CO2 real total: 118326.7 g
CO2 meta total: 608.1 g
Delta CO2: -117718.6 g
Valor E1 total: R$ -5.89

💰 Créditos: R$ 0.00
💸 Débitos: R$ 5.89
📈 Saldo líquido: R$ -5.89
======================================================================

💾 Dados agregados salvos em: ../data/offset_batch/vehicles_step_sim_4/run_060.csv
[csv-worker_4] [vehicles_step_sim_4] ===== LOG RUN 060 FIM =====

[csv-worker_4] [vehicles_step_sim_4] ===== LOG RUN 061 INICIO =====
======================================================================
🚗 PROCESSAMENTO SUMO → E1 REGISTRY (OFFSET ALEATÓRIO - veh0)
======================================================================
📄 Entrada: ../data/vehicles_step_sim_4.csv
🏭 Consumo fabricante: 12.0 km/l
💰 Preço carbono: R$ 50.0/ton
⭕ Raio máximo do offset aleatório: 2.0 km
🎲 Offset gerado aleatoriamente:
   Ângulo: 185.9°
   Distância: 1.7605 km
   offset_x (lat): -0.015732°  |  offset_y (lon): -0.001618°
📊 Row stepping: Processando todas as linhas
🗺️  Map matching: DESATIVADO
📐 Cálculo de distância: HAVERSINE PURO dos pontos COM snap (consistência)
======================================================================

📊 Carregando dados SUMO...
   Total de registros no arquivo: 300
   Veículos únicos: 1
   🚙 Vehicle selecionado: carro_1000

🔄 Agregando viagens por vehicle_id...
  📐 SUMO_carro_1000: Calculando distâncias com Haversine direto (SEM routing API)
      Original: 222 pontos → 1.9688 km (Haversine)
      Offset:   222 pontos → 1.9688 km (Haversine)

🚙 Veículo: SUMO_carro_1000
   Modelo: HBEFA4/PC_petrol_Euro-6ab
   Segmentos: 222
   📏 Distância: 1.973 km (city: 1.973, highway: 0.000)
   ⛽ Combustível: 24.219 l
   🏭 CO2 real: 55946.2 g
   🎯 CO2 meta: 379.8 g
   📊 Delta: -55566.4 g
   💰 Valor E1: R$ -2.7783
   🧭 Tentativas map matching: 0

   🔑 OFFSET DETERMINÍSTICO (x=-0.0038664416952997986°, y=0.007265148577942729°, max=2.0km):
   📍 Start Original:  (40.775644, -73.960687)
   🔒 Start Protegido: (40.771777, -73.953422) ✓ 0.75 km | ⚠ SEM MAP MATCHING
   📏 Deslocamento final: 748.6 metros
   📍 End Original:    (40.772651, -73.962544)
   🔒 End Protegido:   (40.768785, -73.955279) ✓ 0.75 km | ⚠ SEM MAP MATCHING
   📏 Deslocamento final: 748.6 metros

   📐 ANÁLISE DE DISTÂNCIA DO TRAJETO (HAVERSINE DOS PONTOS ARMAZENADOS):
   🔢 Pontos unicos original/offset: 221/221 (Δ +0, +0.0% )
   📍 Trajeto original: 1.969 km (linha reta entre pontos GPS)
   🔒 Trajeto com offset: 1.969 km (linha reta entre pontos COM snap)
   📊 Diferença: +0.000 km (+0.0%)

======================================================================
📊 ESTATÍSTICAS FINAIS
======================================================================
Viagens processadas: 1
Distância total: 1.97 km
Combustível total: 24.22 l
CO2 real total: 55946.2 g
CO2 meta total: 379.8 g
Delta CO2: -55566.4 g
Valor E1 total: R$ -2.78

💰 Créditos: R$ 0.00
💸 Débitos: R$ 2.78
📈 Saldo líquido: R$ -2.78
======================================================================

💾 Dados agregados salvos em: ../data/offset_batch/vehicles_step_sim_4/run_061.csv
[csv-worker_4] [vehicles_step_sim_4] ===== LOG RUN 061 FIM =====

[csv-worker_4] [vehicles_step_sim_4] ===== LOG RUN 062 INICIO =====
======================================================================
🚗 PROCESSAMENTO SUMO → E1 REGISTRY (OFFSET ALEATÓRIO - veh0)
======================================================================
📄 Entrada: ../data/vehicles_step_sim_4.csv
🏭 Consumo fabricante: 12.0 km/l
💰 Preço carbono: R$ 50.0/ton
⭕ Raio máximo do offset aleatório: 2.0 km
🎲 Offset gerado aleatoriamente:
   Ângulo: 305.1°
   Distância: 1.0713 km
   offset_x (lat): 0.005538°  |  offset_y (lon): -0.007870°
📊 Row stepping: Processando todas as linhas
🗺️  Map matching: DESATIVADO
📐 Cálculo de distância: HAVERSINE PURO dos pontos COM snap (consistência)
======================================================================

📊 Carregando dados SUMO...
   Total de registros no arquivo: 300
   Veículos únicos: 1
   🚙 Vehicle selecionado: carro_1000

🔄 Agregando viagens por vehicle_id...
  📐 SUMO_carro_1000: Calculando distâncias com Haversine direto (SEM routing API)
      Original: 301 pontos → 3.1480 km (Haversine)
      Offset:   301 pontos → 3.1484 km (Haversine)

🚙 Veículo: SUMO_carro_1000
   Modelo: HBEFA4/PC_petrol_Euro-6ab
   Segmentos: 301
   📏 Distância: 3.159 km (city: 3.020, highway: 0.139)
   ⛽ Combustível: 51.224 l
   🏭 CO2 real: 118326.7 g
   🎯 CO2 meta: 608.1 g
   📊 Delta: -117718.6 g
   💰 Valor E1: R$ -5.8859
   🧭 Tentativas map matching: 0

   🔑 OFFSET DETERMINÍSTICO (x=-0.015359314617576027°, y=0.0010181724439464487°, max=2.0km):
   📍 Start Original:  (40.775644, -73.960687)
   🔒 Start Protegido: (40.760284, -73.959669) ✓ 1.71 km | ⚠ SEM MAP MATCHING
   📏 Deslocamento final: 1712.0 metros
   📍 End Original:    (40.771236, -73.963813)
   🔒 End Protegido:   (40.755876, -73.962794) ✓ 1.71 km | ⚠ SEM MAP MATCHING
   📏 Deslocamento final: 1712.0 metros

   📐 ANÁLISE DE DISTÂNCIA DO TRAJETO (HAVERSINE DOS PONTOS ARMAZENADOS):
   🔢 Pontos unicos original/offset: 301/301 (Δ +0, +0.0% )
   📍 Trajeto original: 3.148 km (linha reta entre pontos GPS)
   🔒 Trajeto com offset: 3.148 km (linha reta entre pontos COM snap)
   📊 Diferença: +0.000 km (+0.0%)

======================================================================
📊 ESTATÍSTICAS FINAIS
======================================================================
Viagens processadas: 1
Distância total: 3.16 km
Combustível total: 51.22 l
CO2 real total: 118326.7 g
CO2 meta total: 608.1 g
Delta CO2: -117718.6 g
Valor E1 total: R$ -5.89

💰 Créditos: R$ 0.00
💸 Débitos: R$ 5.89
📈 Saldo líquido: R$ -5.89
======================================================================

💾 Dados agregados salvos em: ../data/offset_batch/vehicles_step_sim_4/run_062.csv
[csv-worker_4] [vehicles_step_sim_4] ===== LOG RUN 062 FIM =====

[csv-worker_4] [vehicles_step_sim_4] ===== LOG RUN 063 INICIO =====
======================================================================
🚗 PROCESSAMENTO SUMO → E1 REGISTRY (OFFSET ALEATÓRIO - veh0)
======================================================================
📄 Entrada: ../data/vehicles_step_sim_4.csv
🏭 Consumo fabricante: 12.0 km/l
💰 Preço carbono: R$ 50.0/ton
⭕ Raio máximo do offset aleatório: 2.0 km
🎲 Offset gerado aleatoriamente:
   Ângulo: 182.0°
   Distância: 1.9526 km
   offset_x (lat): -0.017529°  |  offset_y (lon): -0.000622°
📊 Row stepping: Processando todas as linhas
🗺️  Map matching: DESATIVADO
📐 Cálculo de distância: HAVERSINE PURO dos pontos COM snap (consistência)
======================================================================

📊 Carregando dados SUMO...
   Total de registros no arquivo: 300
   Veículos únicos: 1
   🚙 Vehicle selecionado: carro_1000

🔄 Agregando viagens por vehicle_id...
  📐 SUMO_carro_1000: Calculando distâncias com Haversine direto (SEM routing API)
      Original: 337 pontos → 3.3706 km (Haversine)
      Offset:   337 pontos → 3.3710 km (Haversine)

🚙 Veículo: SUMO_carro_1000
   Modelo: HBEFA4/PC_petrol_Euro-6ab
   Segmentos: 337
   📏 Distância: 3.379 km (city: 3.069, highway: 0.310)
   ⛽ Combustível: 58.616 l
   🏭 CO2 real: 135402.3 g
   🎯 CO2 meta: 650.5 g
   📊 Delta: -134751.8 g
   💰 Valor E1: R$ -6.7376
   🧭 Tentativas map matching: 0

   🔑 OFFSET DETERMINÍSTICO (x=-0.014873582781293497°, y=-0.00747950998788005°, max=2.0km):
   📍 Start Original:  (40.775644, -73.960687)
   🔒 Start Protegido: (40.760770, -73.968166) ✓ 1.77 km | ⚠ SEM MAP MATCHING
   📏 Deslocamento final: 1771.7 metros
   📍 End Original:    (40.774801, -73.960637)
   🔒 End Protegido:   (40.759928, -73.968116) ✓ 1.77 km | ⚠ SEM MAP MATCHING
   📏 Deslocamento final: 1771.7 metros

   📐 ANÁLISE DE DISTÂNCIA DO TRAJETO (HAVERSINE DOS PONTOS ARMAZENADOS):
   🔢 Pontos unicos original/offset: 337/337 (Δ +0, +0.0% )
   📍 Trajeto original: 3.371 km (linha reta entre pontos GPS)
   🔒 Trajeto com offset: 3.371 km (linha reta entre pontos COM snap)
   📊 Diferença: +0.000 km (+0.0%)

======================================================================
📊 ESTATÍSTICAS FINAIS
======================================================================
Viagens processadas: 1
Distância total: 3.38 km
Combustível total: 58.62 l
CO2 real total: 135402.3 g
CO2 meta total: 650.5 g
Delta CO2: -134751.8 g
Valor E1 total: R$ -6.74

💰 Créditos: R$ 0.00
💸 Débitos: R$ 6.74
📈 Saldo líquido: R$ -6.74
======================================================================

💾 Dados agregados salvos em: ../data/offset_batch/vehicles_step_sim_4/run_063.csv
[csv-worker_4] [vehicles_step_sim_4] ===== LOG RUN 063 FIM =====

[csv-worker_4] [vehicles_step_sim_4] ===== LOG RUN 064 INICIO =====
======================================================================
🚗 PROCESSAMENTO SUMO → E1 REGISTRY (OFFSET ALEATÓRIO - veh0)
======================================================================
📄 Entrada: ../data/vehicles_step_sim_4.csv
🏭 Consumo fabricante: 12.0 km/l
💰 Preço carbono: R$ 50.0/ton
⭕ Raio máximo do offset aleatório: 2.0 km
🎲 Offset gerado aleatoriamente:
   Ângulo: 56.3°
   Distância: 1.1444 km
   offset_x (lat): 0.005705°  |  offset_y (lon): 0.008552°
📊 Row stepping: Processando todas as linhas
🗺️  Map matching: DESATIVADO
📐 Cálculo de distância: HAVERSINE PURO dos pontos COM snap (consistência)
======================================================================

📊 Carregando dados SUMO...
   Total de registros no arquivo: 300
   Veículos únicos: 1
   🚙 Vehicle selecionado: carro_1000

🔄 Agregando viagens por vehicle_id...
  📐 SUMO_carro_1000: Calculando distâncias com Haversine direto (SEM routing API)
      Original: 222 pontos → 1.9688 km (Haversine)
      Offset:   222 pontos → 1.9687 km (Haversine)

🚙 Veículo: SUMO_carro_1000
   Modelo: HBEFA4/PC_petrol_Euro-6ab
   Segmentos: 222
   📏 Distância: 1.973 km (city: 1.973, highway: 0.000)
   ⛽ Combustível: 24.219 l
   🏭 CO2 real: 55946.2 g
   🎯 CO2 meta: 379.8 g
   📊 Delta: -55566.4 g
   💰 Valor E1: R$ -2.7783
   🧭 Tentativas map matching: 0

   🔑 OFFSET DETERMINÍSTICO (x=0.004749172410446192°, y=-0.0019940809086954354°, max=2.0km):
   📍 Start Original:  (40.775644, -73.960687)
   🔒 Start Protegido: (40.780393, -73.962681) ✓ 0.55 km | ⚠ SEM MAP MATCHING
   📏 Deslocamento final: 554.8 metros
   📍 End Original:    (40.772651, -73.962544)
   🔒 End Protegido:   (40.777400, -73.964539) ✓ 0.55 km | ⚠ SEM MAP MATCHING
   📏 Deslocamento final: 554.8 metros

   📐 ANÁLISE DE DISTÂNCIA DO TRAJETO (HAVERSINE DOS PONTOS ARMAZENADOS):
   🔢 Pontos unicos original/offset: 221/221 (Δ +0, +0.0% )
   📍 Trajeto original: 1.969 km (linha reta entre pontos GPS)
   🔒 Trajeto com offset: 1.969 km (linha reta entre pontos COM snap)
   📊 Diferença: -0.000 km (-0.0%)

======================================================================
📊 ESTATÍSTICAS FINAIS
======================================================================
Viagens processadas: 1
Distância total: 1.97 km
Combustível total: 24.22 l
CO2 real total: 55946.2 g
CO2 meta total: 379.8 g
Delta CO2: -55566.4 g
Valor E1 total: R$ -2.78

💰 Créditos: R$ 0.00
💸 Débitos: R$ 2.78
📈 Saldo líquido: R$ -2.78
======================================================================

💾 Dados agregados salvos em: ../data/offset_batch/vehicles_step_sim_4/run_064.csv
[csv-worker_4] [vehicles_step_sim_4] ===== LOG RUN 064 FIM =====

[csv-worker_4] [vehicles_step_sim_4] ===== LOG RUN 065 INICIO =====
======================================================================
🚗 PROCESSAMENTO SUMO → E1 REGISTRY (OFFSET ALEATÓRIO - veh0)
======================================================================
📄 Entrada: ../data/vehicles_step_sim_4.csv
🏭 Consumo fabricante: 12.0 km/l
💰 Preço carbono: R$ 50.0/ton
⭕ Raio máximo do offset aleatório: 2.0 km
🎲 Offset gerado aleatoriamente:
   Ângulo: 212.1°
   Distância: 1.9659 km
   offset_x (lat): -0.014964°  |  offset_y (lon): -0.009379°
📊 Row stepping: Processando todas as linhas
🗺️  Map matching: DESATIVADO
📐 Cálculo de distância: HAVERSINE PURO dos pontos COM snap (consistência)
======================================================================

📊 Carregando dados SUMO...
   Total de registros no arquivo: 300
   Veículos únicos: 1
   🚙 Vehicle selecionado: carro_1000

🔄 Agregando viagens por vehicle_id...
  📐 SUMO_carro_1000: Calculando distâncias com Haversine direto (SEM routing API)
      Original: 301 pontos → 3.1480 km (Haversine)
      Offset:   301 pontos → 3.1478 km (Haversine)

🚙 Veículo: SUMO_carro_1000
   Modelo: HBEFA4/PC_petrol_Euro-6ab
   Segmentos: 301
   📏 Distância: 3.159 km (city: 3.020, highway: 0.139)
   ⛽ Combustível: 51.224 l
   🏭 CO2 real: 118326.7 g
   🎯 CO2 meta: 608.1 g
   📊 Delta: -117718.6 g
   💰 Valor E1: R$ -5.8859
   🧭 Tentativas map matching: 0

   🔑 OFFSET DETERMINÍSTICO (x=0.006378510952689104°, y=0.0162530107459125°, max=2.0km):
   📍 Start Original:  (40.775644, -73.960687)
   🔒 Start Protegido: (40.782022, -73.944434) ✓ 1.54 km | ⚠ SEM MAP MATCHING
   📏 Deslocamento final: 1543.2 metros
   📍 End Original:    (40.771236, -73.963813)
   🔒 End Protegido:   (40.777614, -73.947560) ✓ 1.54 km | ⚠ SEM MAP MATCHING
   📏 Deslocamento final: 1543.3 metros

   📐 ANÁLISE DE DISTÂNCIA DO TRAJETO (HAVERSINE DOS PONTOS ARMAZENADOS):
   🔢 Pontos unicos original/offset: 301/301 (Δ +0, +0.0% )
   📍 Trajeto original: 3.148 km (linha reta entre pontos GPS)
   🔒 Trajeto com offset: 3.148 km (linha reta entre pontos COM snap)
   📊 Diferença: -0.000 km (-0.0%)

======================================================================
📊 ESTATÍSTICAS FINAIS
======================================================================
Viagens processadas: 1
Distância total: 3.16 km
Combustível total: 51.22 l
CO2 real total: 118326.7 g
CO2 meta total: 608.1 g
Delta CO2: -117718.6 g
Valor E1 total: R$ -5.89

💰 Créditos: R$ 0.00
💸 Débitos: R$ 5.89
📈 Saldo líquido: R$ -5.89
======================================================================

💾 Dados agregados salvos em: ../data/offset_batch/vehicles_step_sim_4/run_065.csv
[csv-worker_4] [vehicles_step_sim_4] ===== LOG RUN 065 FIM =====

[csv-worker_4] [vehicles_step_sim_4] ===== LOG RUN 066 INICIO =====
======================================================================
🚗 PROCESSAMENTO SUMO → E1 REGISTRY (OFFSET ALEATÓRIO - veh0)
======================================================================
📄 Entrada: ../data/vehicles_step_sim_4.csv
🏭 Consumo fabricante: 12.0 km/l
💰 Preço carbono: R$ 50.0/ton
⭕ Raio máximo do offset aleatório: 2.0 km
🎲 Offset gerado aleatoriamente:
   Ângulo: 63.6°
   Distância: 1.9888 km
   offset_x (lat): 0.007930°  |  offset_y (lon): 0.016009°
📊 Row stepping: Processando todas as linhas
🗺️  Map matching: DESATIVADO
📐 Cálculo de distância: HAVERSINE PURO dos pontos COM snap (consistência)
======================================================================

📊 Carregando dados SUMO...
   Total de registros no arquivo: 300
   Veículos únicos: 1
   🚙 Vehicle selecionado: carro_1000

🔄 Agregando viagens por vehicle_id...
  📐 SUMO_carro_1000: Calculando distâncias com Haversine direto (SEM routing API)
      Original: 324 pontos → 3.1629 km (Haversine)
      Offset:   324 pontos → 3.1627 km (Haversine)

🚙 Veículo: SUMO_carro_1000
   Modelo: HBEFA4/PC_petrol_Euro-6ab
   Segmentos: 324
   📏 Distância: 3.166 km (city: 3.024, highway: 0.142)
   ⛽ Combustível: 49.530 l
   🏭 CO2 real: 114414.1 g
   🎯 CO2 meta: 609.4 g
   📊 Delta: -113804.6 g
   💰 Valor E1: R$ -5.6902
   🧭 Tentativas map matching: 0

   🔑 OFFSET DETERMINÍSTICO (x=0.014773899611099163°, y=0.008051567435120132°, max=2.0km):
   📍 Start Original:  (40.775644, -73.960687)
   🔒 Start Protegido: (40.790418, -73.952635) ✓ 1.78 km | ⚠ SEM MAP MATCHING
   📏 Deslocamento final: 1779.2 metros
   📍 End Original:    (40.772251, -73.963071)
   🔒 End Protegido:   (40.787024, -73.955019) ✓ 1.78 km | ⚠ SEM MAP MATCHING
   📏 Deslocamento final: 1779.2 metros

   📐 ANÁLISE DE DISTÂNCIA DO TRAJETO (HAVERSINE DOS PONTOS ARMAZENADOS):
   🔢 Pontos unicos original/offset: 324/324 (Δ +0, +0.0% )
   📍 Trajeto original: 3.163 km (linha reta entre pontos GPS)
   🔒 Trajeto com offset: 3.163 km (linha reta entre pontos COM snap)
   📊 Diferença: -0.000 km (-0.0%)

======================================================================
📊 ESTATÍSTICAS FINAIS
======================================================================
Viagens processadas: 1
Distância total: 3.17 km
Combustível total: 49.53 l
CO2 real total: 114414.1 g
CO2 meta total: 609.4 g
Delta CO2: -113804.6 g
Valor E1 total: R$ -5.69

💰 Créditos: R$ 0.00
💸 Débitos: R$ 5.69
📈 Saldo líquido: R$ -5.69
======================================================================

💾 Dados agregados salvos em: ../data/offset_batch/vehicles_step_sim_4/run_066.csv
[csv-worker_4] [vehicles_step_sim_4] ===== LOG RUN 066 FIM =====

[csv-worker_4] [vehicles_step_sim_4] ===== LOG RUN 067 INICIO =====
======================================================================
🚗 PROCESSAMENTO SUMO → E1 REGISTRY (OFFSET ALEATÓRIO - veh0)
======================================================================
📄 Entrada: ../data/vehicles_step_sim_4.csv
🏭 Consumo fabricante: 12.0 km/l
💰 Preço carbono: R$ 50.0/ton
⭕ Raio máximo do offset aleatório: 2.0 km
🎲 Offset gerado aleatoriamente:
   Ângulo: 142.1°
   Distância: 0.7960 km
   offset_x (lat): -0.005643°  |  offset_y (lon): 0.004392°
📊 Row stepping: Processando todas as linhas
🗺️  Map matching: DESATIVADO
📐 Cálculo de distância: HAVERSINE PURO dos pontos COM snap (consistência)
======================================================================

📊 Carregando dados SUMO...
   Total de registros no arquivo: 300
   Veículos únicos: 1
   🚙 Vehicle selecionado: carro_1000

🔄 Agregando viagens por vehicle_id...
  📐 SUMO_carro_1000: Calculando distâncias com Haversine direto (SEM routing API)
      Original: 222 pontos → 1.9688 km (Haversine)
      Offset:   222 pontos → 1.9690 km (Haversine)

🚙 Veículo: SUMO_carro_1000
   Modelo: HBEFA4/PC_petrol_Euro-6ab
   Segmentos: 222
   📏 Distância: 1.973 km (city: 1.973, highway: 0.000)
   ⛽ Combustível: 24.219 l
   🏭 CO2 real: 55946.2 g
   🎯 CO2 meta: 379.8 g
   📊 Delta: -55566.4 g
   💰 Valor E1: R$ -2.7783
   🧭 Tentativas map matching: 0

   🔑 OFFSET DETERMINÍSTICO (x=-0.012978788567643758°, y=-0.0049018501967819424°, max=2.0km):
   📍 Start Original:  (40.775644, -73.960687)
   🔒 Start Protegido: (40.762665, -73.965589) ✓ 1.50 km | ⚠ SEM MAP MATCHING
   📏 Deslocamento final: 1502.7 metros
   📍 End Original:    (40.772651, -73.962544)
   🔒 End Protegido:   (40.759672, -73.967446) ✓ 1.50 km | ⚠ SEM MAP MATCHING
   📏 Deslocamento final: 1502.7 metros

   📐 ANÁLISE DE DISTÂNCIA DO TRAJETO (HAVERSINE DOS PONTOS ARMAZENADOS):
   🔢 Pontos unicos original/offset: 221/221 (Δ +0, +0.0% )
   📍 Trajeto original: 1.969 km (linha reta entre pontos GPS)
   🔒 Trajeto com offset: 1.969 km (linha reta entre pontos COM snap)
   📊 Diferença: +0.000 km (+0.0%)

======================================================================
📊 ESTATÍSTICAS FINAIS
======================================================================
Viagens processadas: 1
Distância total: 1.97 km
Combustível total: 24.22 l
CO2 real total: 55946.2 g
CO2 meta total: 379.8 g
Delta CO2: -55566.4 g
Valor E1 total: R$ -2.78

💰 Créditos: R$ 0.00
💸 Débitos: R$ 2.78
📈 Saldo líquido: R$ -2.78
======================================================================

💾 Dados agregados salvos em: ../data/offset_batch/vehicles_step_sim_4/run_067.csv
[csv-worker_4] [vehicles_step_sim_4] ===== LOG RUN 067 FIM =====

[csv-worker_4] [vehicles_step_sim_4] ===== LOG RUN 068 INICIO =====
======================================================================
🚗 PROCESSAMENTO SUMO → E1 REGISTRY (OFFSET ALEATÓRIO - veh0)
======================================================================
📄 Entrada: ../data/vehicles_step_sim_4.csv
🏭 Consumo fabricante: 12.0 km/l
💰 Preço carbono: R$ 50.0/ton
⭕ Raio máximo do offset aleatório: 2.0 km
🎲 Offset gerado aleatoriamente:
   Ângulo: 240.0°
   Distância: 1.6080 km
   offset_x (lat): -0.007226°  |  offset_y (lon): -0.012508°
📊 Row stepping: Processando todas as linhas
🗺️  Map matching: DESATIVADO
📐 Cálculo de distância: HAVERSINE PURO dos pontos COM snap (consistência)
======================================================================

📊 Carregando dados SUMO...
   Total de registros no arquivo: 300
   Veículos únicos: 1
   🚙 Vehicle selecionado: carro_1000

🔄 Agregando viagens por vehicle_id...
  📐 SUMO_carro_1000: Calculando distâncias com Haversine direto (SEM routing API)
      Original: 324 pontos → 3.1629 km (Haversine)
      Offset:   324 pontos → 3.1632 km (Haversine)

🚙 Veículo: SUMO_carro_1000
   Modelo: HBEFA4/PC_petrol_Euro-6ab
   Segmentos: 324
   📏 Distância: 3.166 km (city: 3.024, highway: 0.142)
   ⛽ Combustível: 49.530 l
   🏭 CO2 real: 114414.1 g
   🎯 CO2 meta: 609.4 g
   📊 Delta: -113804.6 g
   💰 Valor E1: R$ -5.6902
   🧭 Tentativas map matching: 0

   🔑 OFFSET DETERMINÍSTICO (x=-0.013136528628332355°, y=0.008754548257511086°, max=2.0km):
   📍 Start Original:  (40.775644, -73.960687)
   🔒 Start Protegido: (40.762507, -73.951932) ✓ 1.64 km | ⚠ SEM MAP MATCHING
   📏 Deslocamento final: 1638.0 metros
   📍 End Original:    (40.772251, -73.963071)
   🔒 End Protegido:   (40.759114, -73.954316) ✓ 1.64 km | ⚠ SEM MAP MATCHING
   📏 Deslocamento final: 1638.0 metros

   📐 ANÁLISE DE DISTÂNCIA DO TRAJETO (HAVERSINE DOS PONTOS ARMAZENADOS):
   🔢 Pontos unicos original/offset: 324/324 (Δ +0, +0.0% )
   📍 Trajeto original: 3.163 km (linha reta entre pontos GPS)
   🔒 Trajeto com offset: 3.163 km (linha reta entre pontos COM snap)
   📊 Diferença: +0.000 km (+0.0%)

======================================================================
📊 ESTATÍSTICAS FINAIS
======================================================================
Viagens processadas: 1
Distância total: 3.17 km
Combustível total: 49.53 l
CO2 real total: 114414.1 g
CO2 meta total: 609.4 g
Delta CO2: -113804.6 g
Valor E1 total: R$ -5.69

💰 Créditos: R$ 0.00
💸 Débitos: R$ 5.69
📈 Saldo líquido: R$ -5.69
======================================================================

💾 Dados agregados salvos em: ../data/offset_batch/vehicles_step_sim_4/run_068.csv
[csv-worker_4] [vehicles_step_sim_4] ===== LOG RUN 068 FIM =====

[csv-worker_4] [vehicles_step_sim_4] ===== LOG RUN 069 INICIO =====
======================================================================
🚗 PROCESSAMENTO SUMO → E1 REGISTRY (OFFSET ALEATÓRIO - veh0)
======================================================================
📄 Entrada: ../data/vehicles_step_sim_4.csv
🏭 Consumo fabricante: 12.0 km/l
💰 Preço carbono: R$ 50.0/ton
⭕ Raio máximo do offset aleatório: 2.0 km
🎲 Offset gerado aleatoriamente:
   Ângulo: 271.8°
   Distância: 0.9232 km
   offset_x (lat): 0.000255°  |  offset_y (lon): -0.008290°
📊 Row stepping: Processando todas as linhas
🗺️  Map matching: DESATIVADO
📐 Cálculo de distância: HAVERSINE PURO dos pontos COM snap (consistência)
======================================================================

📊 Carregando dados SUMO...
   Total de registros no arquivo: 300
   Veículos únicos: 1
   🚙 Vehicle selecionado: carro_1000

🔄 Agregando viagens por vehicle_id...
  📐 SUMO_carro_1000: Calculando distâncias com Haversine direto (SEM routing API)
      Original: 324 pontos → 3.1629 km (Haversine)
      Offset:   324 pontos → 3.1630 km (Haversine)

🚙 Veículo: SUMO_carro_1000
   Modelo: HBEFA4/PC_petrol_Euro-6ab
   Segmentos: 324
   📏 Distância: 3.166 km (city: 3.024, highway: 0.142)
   ⛽ Combustível: 49.530 l
   🏭 CO2 real: 114414.1 g
   🎯 CO2 meta: 609.4 g
   📊 Delta: -113804.6 g
   💰 Valor E1: R$ -5.6902
   🧭 Tentativas map matching: 0

   🔑 OFFSET DETERMINÍSTICO (x=-0.0018316538441797°, y=-0.001580804524643441°, max=2.0km):
   📍 Start Original:  (40.775644, -73.960687)
   🔒 Start Protegido: (40.773812, -73.962268) ✓ 0.24 km | ⚠ SEM MAP MATCHING
   📏 Deslocamento final: 243.6 metros
   📍 End Original:    (40.772251, -73.963071)
   🔒 End Protegido:   (40.770419, -73.964651) ✓ 0.24 km | ⚠ SEM MAP MATCHING
   📏 Deslocamento final: 243.6 metros

   📐 ANÁLISE DE DISTÂNCIA DO TRAJETO (HAVERSINE DOS PONTOS ARMAZENADOS):
   🔢 Pontos unicos original/offset: 324/324 (Δ +0, +0.0% )
   📍 Trajeto original: 3.163 km (linha reta entre pontos GPS)
   🔒 Trajeto com offset: 3.163 km (linha reta entre pontos COM snap)
   📊 Diferença: +0.000 km (+0.0%)

======================================================================
📊 ESTATÍSTICAS FINAIS
======================================================================
Viagens processadas: 1
Distância total: 3.17 km
Combustível total: 49.53 l
CO2 real total: 114414.1 g
CO2 meta total: 609.4 g
Delta CO2: -113804.6 g
Valor E1 total: R$ -5.69

💰 Créditos: R$ 0.00
💸 Débitos: R$ 5.69
📈 Saldo líquido: R$ -5.69
======================================================================

💾 Dados agregados salvos em: ../data/offset_batch/vehicles_step_sim_4/run_069.csv
[csv-worker_4] [vehicles_step_sim_4] ===== LOG RUN 069 FIM =====

[csv-worker_4] [vehicles_step_sim_4] ===== LOG RUN 070 INICIO =====
======================================================================
🚗 PROCESSAMENTO SUMO → E1 REGISTRY (OFFSET ALEATÓRIO - veh0)
======================================================================
📄 Entrada: ../data/vehicles_step_sim_4.csv
🏭 Consumo fabricante: 12.0 km/l
💰 Preço carbono: R$ 50.0/ton
⭕ Raio máximo do offset aleatório: 2.0 km
🎲 Offset gerado aleatoriamente:
   Ângulo: 292.0°
   Distância: 1.9132 km
   offset_x (lat): 0.006446°  |  offset_y (lon): -0.015932°
📊 Row stepping: Processando todas as linhas
🗺️  Map matching: DESATIVADO
📐 Cálculo de distância: HAVERSINE PURO dos pontos COM snap (consistência)
======================================================================

📊 Carregando dados SUMO...
   Total de registros no arquivo: 300
   Veículos únicos: 1
   🚙 Vehicle selecionado: carro_1000

🔄 Agregando viagens por vehicle_id...
  📐 SUMO_carro_1000: Calculando distâncias com Haversine direto (SEM routing API)
      Original: 323 pontos → 2.9161 km (Haversine)
      Offset:   323 pontos → 2.9161 km (Haversine)

🚙 Veículo: SUMO_carro_1000
   Modelo: HBEFA4/PC_petrol_Euro-6ab
   Segmentos: 323
   📏 Distância: 2.926 km (city: 2.764, highway: 0.161)
   ⛽ Combustível: 54.094 l
   🏭 CO2 real: 124958.0 g
   🎯 CO2 meta: 563.2 g
   📊 Delta: -124394.9 g
   💰 Valor E1: R$ -6.2197
   🧭 Tentativas map matching: 0

   🔑 OFFSET DETERMINÍSTICO (x=-0.0033301264406875608°, y=-0.01744942503580711°, max=2.0km):
   📍 Start Original:  (40.775644, -73.960687)
   🔒 Start Protegido: (40.772313, -73.978136) ✓ 1.52 km | ⚠ SEM MAP MATCHING
   📏 Deslocamento final: 1517.0 metros
   📍 End Original:    (40.774046, -73.961617)
   🔒 End Protegido:   (40.770716, -73.979066) ✓ 1.52 km | ⚠ SEM MAP MATCHING
   📏 Deslocamento final: 1517.0 metros

   📐 ANÁLISE DE DISTÂNCIA DO TRAJETO (HAVERSINE DOS PONTOS ARMAZENADOS):
   🔢 Pontos unicos original/offset: 320/320 (Δ +0, +0.0% )
   📍 Trajeto original: 2.916 km (linha reta entre pontos GPS)
   🔒 Trajeto com offset: 2.916 km (linha reta entre pontos COM snap)
   📊 Diferença: +0.000 km (+0.0%)

======================================================================
📊 ESTATÍSTICAS FINAIS
======================================================================
Viagens processadas: 1
Distância total: 2.93 km
Combustível total: 54.09 l
CO2 real total: 124958.0 g
CO2 meta total: 563.2 g
Delta CO2: -124394.9 g
Valor E1 total: R$ -6.22

💰 Créditos: R$ 0.00
💸 Débitos: R$ 6.22
📈 Saldo líquido: R$ -6.22
======================================================================

💾 Dados agregados salvos em: ../data/offset_batch/vehicles_step_sim_4/run_070.csv
[csv-worker_4] [vehicles_step_sim_4] ===== LOG RUN 070 FIM =====

[csv-worker_4] [vehicles_step_sim_4] ===== LOG RUN 071 INICIO =====
======================================================================
🚗 PROCESSAMENTO SUMO → E1 REGISTRY (OFFSET ALEATÓRIO - veh0)
======================================================================
📄 Entrada: ../data/vehicles_step_sim_4.csv
🏭 Consumo fabricante: 12.0 km/l
💰 Preço carbono: R$ 50.0/ton
⭕ Raio máximo do offset aleatório: 2.0 km
🎲 Offset gerado aleatoriamente:
   Ângulo: 309.1°
   Distância: 0.5472 km
   offset_x (lat): 0.003100°  |  offset_y (lon): -0.003815°
📊 Row stepping: Processando todas as linhas
🗺️  Map matching: DESATIVADO
📐 Cálculo de distância: HAVERSINE PURO dos pontos COM snap (consistência)
======================================================================

📊 Carregando dados SUMO...
   Total de registros no arquivo: 300
   Veículos únicos: 1
   🚙 Vehicle selecionado: carro_1000

🔄 Agregando viagens por vehicle_id...
  📐 SUMO_carro_1000: Calculando distâncias com Haversine direto (SEM routing API)
      Original: 337 pontos → 3.3706 km (Haversine)
      Offset:   337 pontos → 3.3706 km (Haversine)

🚙 Veículo: SUMO_carro_1000
   Modelo: HBEFA4/PC_petrol_Euro-6ab
   Segmentos: 337
   📏 Distância: 3.379 km (city: 3.069, highway: 0.310)
   ⛽ Combustível: 58.616 l
   🏭 CO2 real: 135402.3 g
   🎯 CO2 meta: 650.5 g
   📊 Delta: -134751.8 g
   💰 Valor E1: R$ -6.7376
   🧭 Tentativas map matching: 0

   🔑 OFFSET DETERMINÍSTICO (x=0.002026101835100349°, y=-0.0074318379196327946°, max=2.0km):
   📍 Start Original:  (40.775644, -73.960687)
   🔒 Start Protegido: (40.777670, -73.968119) ✓ 0.67 km | ⚠ SEM MAP MATCHING
   📏 Deslocamento final: 665.9 metros
   📍 End Original:    (40.774801, -73.960637)
   🔒 End Protegido:   (40.776827, -73.968069) ✓ 0.67 km | ⚠ SEM MAP MATCHING
   📏 Deslocamento final: 665.9 metros

   📐 ANÁLISE DE DISTÂNCIA DO TRAJETO (HAVERSINE DOS PONTOS ARMAZENADOS):
   🔢 Pontos unicos original/offset: 337/337 (Δ +0, +0.0% )
   📍 Trajeto original: 3.371 km (linha reta entre pontos GPS)
   🔒 Trajeto com offset: 3.371 km (linha reta entre pontos COM snap)
   📊 Diferença: -0.000 km (-0.0%)

======================================================================
📊 ESTATÍSTICAS FINAIS
======================================================================
Viagens processadas: 1
Distância total: 3.38 km
Combustível total: 58.62 l
CO2 real total: 135402.3 g
CO2 meta total: 650.5 g
Delta CO2: -134751.8 g
Valor E1 total: R$ -6.74

💰 Créditos: R$ 0.00
💸 Débitos: R$ 6.74
📈 Saldo líquido: R$ -6.74
======================================================================

💾 Dados agregados salvos em: ../data/offset_batch/vehicles_step_sim_4/run_071.csv
[csv-worker_4] [vehicles_step_sim_4] ===== LOG RUN 071 FIM =====

[csv-worker_4] [vehicles_step_sim_4] ===== LOG RUN 072 INICIO =====
======================================================================
🚗 PROCESSAMENTO SUMO → E1 REGISTRY (OFFSET ALEATÓRIO - veh0)
======================================================================
📄 Entrada: ../data/vehicles_step_sim_4.csv
🏭 Consumo fabricante: 12.0 km/l
💰 Preço carbono: R$ 50.0/ton
⭕ Raio máximo do offset aleatório: 2.0 km
🎲 Offset gerado aleatoriamente:
   Ângulo: 199.1°
   Distância: 1.7170 km
   offset_x (lat): -0.014575°  |  offset_y (lon): -0.005048°
📊 Row stepping: Processando todas as linhas
🗺️  Map matching: DESATIVADO
📐 Cálculo de distância: HAVERSINE PURO dos pontos COM snap (consistência)
======================================================================

📊 Carregando dados SUMO...
   Total de registros no arquivo: 300
   Veículos únicos: 1
   🚙 Vehicle selecionado: carro_1000

🔄 Agregando viagens por vehicle_id...
  📐 SUMO_carro_1000: Calculando distâncias com Haversine direto (SEM routing API)
      Original: 337 pontos → 3.3706 km (Haversine)
      Offset:   337 pontos → 3.3703 km (Haversine)

🚙 Veículo: SUMO_carro_1000
   Modelo: HBEFA4/PC_petrol_Euro-6ab
   Segmentos: 337
   📏 Distância: 3.379 km (city: 3.069, highway: 0.310)
   ⛽ Combustível: 58.616 l
   🏭 CO2 real: 135402.3 g
   🎯 CO2 meta: 650.5 g
   📊 Delta: -134751.8 g
   💰 Valor E1: R$ -6.7376
   🧭 Tentativas map matching: 0

   🔑 OFFSET DETERMINÍSTICO (x=0.011095243740246914°, y=-0.007933525030248991°, max=2.0km):
   📍 Start Original:  (40.775644, -73.960687)
   🔒 Start Protegido: (40.786739, -73.968621) ✓ 1.40 km | ⚠ SEM MAP MATCHING
   📏 Deslocamento final: 1404.6 metros
   📍 End Original:    (40.774801, -73.960637)
   🔒 End Protegido:   (40.785897, -73.968570) ✓ 1.40 km | ⚠ SEM MAP MATCHING
   📏 Deslocamento final: 1404.6 metros

   📐 ANÁLISE DE DISTÂNCIA DO TRAJETO (HAVERSINE DOS PONTOS ARMAZENADOS):
   🔢 Pontos unicos original/offset: 337/337 (Δ +0, +0.0% )
   📍 Trajeto original: 3.371 km (linha reta entre pontos GPS)
   🔒 Trajeto com offset: 3.370 km (linha reta entre pontos COM snap)
   📊 Diferença: -0.000 km (-0.0%)

======================================================================
📊 ESTATÍSTICAS FINAIS
======================================================================
Viagens processadas: 1
Distância total: 3.38 km
Combustível total: 58.62 l
CO2 real total: 135402.3 g
CO2 meta total: 650.5 g
Delta CO2: -134751.8 g
Valor E1 total: R$ -6.74

💰 Créditos: R$ 0.00
💸 Débitos: R$ 6.74
📈 Saldo líquido: R$ -6.74
======================================================================

💾 Dados agregados salvos em: ../data/offset_batch/vehicles_step_sim_4/run_072.csv
[csv-worker_4] [vehicles_step_sim_4] ===== LOG RUN 072 FIM =====

[csv-worker_4] [vehicles_step_sim_4] ===== LOG RUN 073 INICIO =====
======================================================================
🚗 PROCESSAMENTO SUMO → E1 REGISTRY (OFFSET ALEATÓRIO - veh0)
======================================================================
📄 Entrada: ../data/vehicles_step_sim_4.csv
🏭 Consumo fabricante: 12.0 km/l
💰 Preço carbono: R$ 50.0/ton
⭕ Raio máximo do offset aleatório: 2.0 km
🎲 Offset gerado aleatoriamente:
   Ângulo: 238.1°
   Distância: 0.7273 km
   offset_x (lat): -0.003454°  |  offset_y (lon): -0.005545°
📊 Row stepping: Processando todas as linhas
🗺️  Map matching: DESATIVADO
📐 Cálculo de distância: HAVERSINE PURO dos pontos COM snap (consistência)
======================================================================

📊 Carregando dados SUMO...
   Total de registros no arquivo: 300
   Veículos únicos: 1
   🚙 Vehicle selecionado: carro_1000

🔄 Agregando viagens por vehicle_id...
  📐 SUMO_carro_1000: Calculando distâncias com Haversine direto (SEM routing API)
      Original: 222 pontos → 1.9688 km (Haversine)
      Offset:   222 pontos → 1.9689 km (Haversine)

🚙 Veículo: SUMO_carro_1000
   Modelo: HBEFA4/PC_petrol_Euro-6ab
   Segmentos: 222
   📏 Distância: 1.973 km (city: 1.973, highway: 0.000)
   ⛽ Combustível: 24.219 l
   🏭 CO2 real: 55946.2 g
   🎯 CO2 meta: 379.8 g
   📊 Delta: -55566.4 g
   💰 Valor E1: R$ -2.7783
   🧭 Tentativas map matching: 0

   🔑 OFFSET DETERMINÍSTICO (x=-0.009087681953718951°, y=-0.002572621193255576°, max=2.0km):
   📍 Start Original:  (40.775644, -73.960687)
   🔒 Start Protegido: (40.766556, -73.963260) ✓ 1.03 km | ⚠ SEM MAP MATCHING
   📏 Deslocamento final: 1034.6 metros
   📍 End Original:    (40.772651, -73.962544)
   🔒 End Protegido:   (40.763564, -73.965117) ✓ 1.03 km | ⚠ SEM MAP MATCHING
   📏 Deslocamento final: 1034.6 metros

   📐 ANÁLISE DE DISTÂNCIA DO TRAJETO (HAVERSINE DOS PONTOS ARMAZENADOS):
   🔢 Pontos unicos original/offset: 221/221 (Δ +0, +0.0% )
   📍 Trajeto original: 1.969 km (linha reta entre pontos GPS)
   🔒 Trajeto com offset: 1.969 km (linha reta entre pontos COM snap)
   📊 Diferença: +0.000 km (+0.0%)

======================================================================
📊 ESTATÍSTICAS FINAIS
======================================================================
Viagens processadas: 1
Distância total: 1.97 km
Combustível total: 24.22 l
CO2 real total: 55946.2 g
CO2 meta total: 379.8 g
Delta CO2: -55566.4 g
Valor E1 total: R$ -2.78

💰 Créditos: R$ 0.00
💸 Débitos: R$ 2.78
📈 Saldo líquido: R$ -2.78
======================================================================

💾 Dados agregados salvos em: ../data/offset_batch/vehicles_step_sim_4/run_073.csv
[csv-worker_4] [vehicles_step_sim_4] ===== LOG RUN 073 FIM =====

[csv-worker_4] [vehicles_step_sim_4] ===== LOG RUN 074 INICIO =====
======================================================================
🚗 PROCESSAMENTO SUMO → E1 REGISTRY (OFFSET ALEATÓRIO - veh0)
======================================================================
📄 Entrada: ../data/vehicles_step_sim_4.csv
🏭 Consumo fabricante: 12.0 km/l
💰 Preço carbono: R$ 50.0/ton
⭕ Raio máximo do offset aleatório: 2.0 km
🎲 Offset gerado aleatoriamente:
   Ângulo: 123.5°
   Distância: 1.6861 km
   offset_x (lat): -0.008362°  |  offset_y (lon): 0.012629°
📊 Row stepping: Processando todas as linhas
🗺️  Map matching: DESATIVADO
📐 Cálculo de distância: HAVERSINE PURO dos pontos COM snap (consistência)
======================================================================

📊 Carregando dados SUMO...
   Total de registros no arquivo: 300
   Veículos únicos: 1
   🚙 Vehicle selecionado: carro_1000

🔄 Agregando viagens por vehicle_id...
  📐 SUMO_carro_1000: Calculando distâncias com Haversine direto (SEM routing API)
      Original: 301 pontos → 3.1480 km (Haversine)
      Offset:   301 pontos → 3.1482 km (Haversine)

🚙 Veículo: SUMO_carro_1000
   Modelo: HBEFA4/PC_petrol_Euro-6ab
   Segmentos: 301
   📏 Distância: 3.159 km (city: 3.020, highway: 0.139)
   ⛽ Combustível: 51.224 l
   🏭 CO2 real: 118326.7 g
   🎯 CO2 meta: 608.1 g
   📊 Delta: -117718.6 g
   💰 Valor E1: R$ -5.8859
   🧭 Tentativas map matching: 0

   🔑 OFFSET DETERMINÍSTICO (x=-0.00958397902849602°, y=0.014729927665304057°, max=2.0km):
   📍 Start Original:  (40.775644, -73.960687)
   🔒 Start Protegido: (40.766060, -73.945957) ✓ 1.64 km | ⚠ SEM MAP MATCHING
   📏 Deslocamento final: 1637.1 metros
   📍 End Original:    (40.771236, -73.963813)
   🔒 End Protegido:   (40.761652, -73.949083) ✓ 1.64 km | ⚠ SEM MAP MATCHING
   📏 Deslocamento final: 1637.2 metros

   📐 ANÁLISE DE DISTÂNCIA DO TRAJETO (HAVERSINE DOS PONTOS ARMAZENADOS):
   🔢 Pontos unicos original/offset: 301/301 (Δ +0, +0.0% )
   📍 Trajeto original: 3.148 km (linha reta entre pontos GPS)
   🔒 Trajeto com offset: 3.148 km (linha reta entre pontos COM snap)
   📊 Diferença: +0.000 km (+0.0%)

======================================================================
📊 ESTATÍSTICAS FINAIS
======================================================================
Viagens processadas: 1
Distância total: 3.16 km
Combustível total: 51.22 l
CO2 real total: 118326.7 g
CO2 meta total: 608.1 g
Delta CO2: -117718.6 g
Valor E1 total: R$ -5.89

💰 Créditos: R$ 0.00
💸 Débitos: R$ 5.89
📈 Saldo líquido: R$ -5.89
======================================================================

💾 Dados agregados salvos em: ../data/offset_batch/vehicles_step_sim_4/run_074.csv
[csv-worker_4] [vehicles_step_sim_4] ===== LOG RUN 074 FIM =====

[csv-worker_4] [vehicles_step_sim_4] ===== LOG RUN 075 INICIO =====
======================================================================
🚗 PROCESSAMENTO SUMO → E1 REGISTRY (OFFSET ALEATÓRIO - veh0)
======================================================================
📄 Entrada: ../data/vehicles_step_sim_4.csv
🏭 Consumo fabricante: 12.0 km/l
💰 Preço carbono: R$ 50.0/ton
⭕ Raio máximo do offset aleatório: 2.0 km
🎲 Offset gerado aleatoriamente:
   Ângulo: 38.6°
   Distância: 1.5931 km
   offset_x (lat): 0.011190°  |  offset_y (lon): 0.008922°
📊 Row stepping: Processando todas as linhas
🗺️  Map matching: DESATIVADO
📐 Cálculo de distância: HAVERSINE PURO dos pontos COM snap (consistência)
======================================================================

📊 Carregando dados SUMO...
   Total de registros no arquivo: 300
   Veículos únicos: 1
   🚙 Vehicle selecionado: carro_1000

🔄 Agregando viagens por vehicle_id...
  📐 SUMO_carro_1000: Calculando distâncias com Haversine direto (SEM routing API)
      Original: 222 pontos → 1.9688 km (Haversine)
      Offset:   222 pontos → 1.9689 km (Haversine)

🚙 Veículo: SUMO_carro_1000
   Modelo: HBEFA4/PC_petrol_Euro-6ab
   Segmentos: 222
   📏 Distância: 1.973 km (city: 1.973, highway: 0.000)
   ⛽ Combustível: 24.219 l
   🏭 CO2 real: 55946.2 g
   🎯 CO2 meta: 379.8 g
   📊 Delta: -55566.4 g
   💰 Valor E1: R$ -2.7783
   🧭 Tentativas map matching: 0

   🔑 OFFSET DETERMINÍSTICO (x=-0.0061693652611288785°, y=-0.006836127080817943°, max=2.0km):
   📍 Start Original:  (40.775644, -73.960687)
   🔒 Start Protegido: (40.769474, -73.967523) ✓ 0.90 km | ⚠ SEM MAP MATCHING
   📏 Deslocamento final: 896.5 metros
   📍 End Original:    (40.772651, -73.962544)
   🔒 End Protegido:   (40.766482, -73.969381) ✓ 0.90 km | ⚠ SEM MAP MATCHING
   📏 Deslocamento final: 896.5 metros

   📐 ANÁLISE DE DISTÂNCIA DO TRAJETO (HAVERSINE DOS PONTOS ARMAZENADOS):
   🔢 Pontos unicos original/offset: 221/221 (Δ +0, +0.0% )
   📍 Trajeto original: 1.969 km (linha reta entre pontos GPS)
   🔒 Trajeto com offset: 1.969 km (linha reta entre pontos COM snap)
   📊 Diferença: +0.000 km (+0.0%)

======================================================================
📊 ESTATÍSTICAS FINAIS
======================================================================
Viagens processadas: 1
Distância total: 1.97 km
Combustível total: 24.22 l
CO2 real total: 55946.2 g
CO2 meta total: 379.8 g
Delta CO2: -55566.4 g
Valor E1 total: R$ -2.78

💰 Créditos: R$ 0.00
💸 Débitos: R$ 2.78
📈 Saldo líquido: R$ -2.78
======================================================================

💾 Dados agregados salvos em: ../data/offset_batch/vehicles_step_sim_4/run_075.csv
[csv-worker_4] [vehicles_step_sim_4] ===== LOG RUN 075 FIM =====

[csv-worker_4] [vehicles_step_sim_4] ===== LOG RUN 076 INICIO =====
======================================================================
🚗 PROCESSAMENTO SUMO → E1 REGISTRY (OFFSET ALEATÓRIO - veh0)
======================================================================
📄 Entrada: ../data/vehicles_step_sim_4.csv
🏭 Consumo fabricante: 12.0 km/l
💰 Preço carbono: R$ 50.0/ton
⭕ Raio máximo do offset aleatório: 2.0 km
🎲 Offset gerado aleatoriamente:
   Ângulo: 348.6°
   Distância: 1.7052 km
   offset_x (lat): 0.015014°  |  offset_y (lon): -0.003036°
📊 Row stepping: Processando todas as linhas
🗺️  Map matching: DESATIVADO
📐 Cálculo de distância: HAVERSINE PURO dos pontos COM snap (consistência)
======================================================================

📊 Carregando dados SUMO...
   Total de registros no arquivo: 300
   Veículos únicos: 1
   🚙 Vehicle selecionado: carro_1000

🔄 Agregando viagens por vehicle_id...
  📐 SUMO_carro_1000: Calculando distâncias com Haversine direto (SEM routing API)
      Original: 301 pontos → 3.1480 km (Haversine)
      Offset:   301 pontos → 3.1480 km (Haversine)

🚙 Veículo: SUMO_carro_1000
   Modelo: HBEFA4/PC_petrol_Euro-6ab
   Segmentos: 301
   📏 Distância: 3.159 km (city: 3.020, highway: 0.139)
   ⛽ Combustível: 51.224 l
   🏭 CO2 real: 118326.7 g
   🎯 CO2 meta: 608.1 g
   📊 Delta: -117718.6 g
   💰 Valor E1: R$ -5.8859
   🧭 Tentativas map matching: 0

   🔑 OFFSET DETERMINÍSTICO (x=-0.0013502259967085727°, y=0.014168720446287595°, max=2.0km):
   📍 Start Original:  (40.775644, -73.960687)
   🔒 Start Protegido: (40.774293, -73.946518) ✓ 1.20 km | ⚠ SEM MAP MATCHING
   📏 Deslocamento final: 1203.8 metros
   📍 End Original:    (40.771236, -73.963813)
   🔒 End Protegido:   (40.769885, -73.949644) ✓ 1.20 km | ⚠ SEM MAP MATCHING
   📏 Deslocamento final: 1203.9 metros

   📐 ANÁLISE DE DISTÂNCIA DO TRAJETO (HAVERSINE DOS PONTOS ARMAZENADOS):
   🔢 Pontos unicos original/offset: 301/301 (Δ +0, +0.0% )
   📍 Trajeto original: 3.148 km (linha reta entre pontos GPS)
   🔒 Trajeto com offset: 3.148 km (linha reta entre pontos COM snap)
   📊 Diferença: +0.000 km (+0.0%)

======================================================================
📊 ESTATÍSTICAS FINAIS
======================================================================
Viagens processadas: 1
Distância total: 3.16 km
Combustível total: 51.22 l
CO2 real total: 118326.7 g
CO2 meta total: 608.1 g
Delta CO2: -117718.6 g
Valor E1 total: R$ -5.89

💰 Créditos: R$ 0.00
💸 Débitos: R$ 5.89
📈 Saldo líquido: R$ -5.89
======================================================================

💾 Dados agregados salvos em: ../data/offset_batch/vehicles_step_sim_4/run_076.csv
[csv-worker_4] [vehicles_step_sim_4] ===== LOG RUN 076 FIM =====

[csv-worker_4] [vehicles_step_sim_4] ===== LOG RUN 077 INICIO =====
======================================================================
🚗 PROCESSAMENTO SUMO → E1 REGISTRY (OFFSET ALEATÓRIO - veh0)
======================================================================
📄 Entrada: ../data/vehicles_step_sim_4.csv
🏭 Consumo fabricante: 12.0 km/l
💰 Preço carbono: R$ 50.0/ton
⭕ Raio máximo do offset aleatório: 2.0 km
🎲 Offset gerado aleatoriamente:
   Ângulo: 87.3°
   Distância: 0.5532 km
   offset_x (lat): 0.000232°  |  offset_y (lon): 0.004964°
📊 Row stepping: Processando todas as linhas
🗺️  Map matching: DESATIVADO
📐 Cálculo de distância: HAVERSINE PURO dos pontos COM snap (consistência)
======================================================================

📊 Carregando dados SUMO...
   Total de registros no arquivo: 300
   Veículos únicos: 1
   🚙 Vehicle selecionado: carro_1000

🔄 Agregando viagens por vehicle_id...
  📐 SUMO_carro_1000: Calculando distâncias com Haversine direto (SEM routing API)
      Original: 301 pontos → 3.1480 km (Haversine)
      Offset:   301 pontos → 3.1484 km (Haversine)

🚙 Veículo: SUMO_carro_1000
   Modelo: HBEFA4/PC_petrol_Euro-6ab
   Segmentos: 301
   📏 Distância: 3.159 km (city: 3.020, highway: 0.139)
   ⛽ Combustível: 51.224 l
   🏭 CO2 real: 118326.7 g
   🎯 CO2 meta: 608.1 g
   📊 Delta: -117718.6 g
   💰 Valor E1: R$ -5.8859
   🧭 Tentativas map matching: 0

   🔑 OFFSET DETERMINÍSTICO (x=-0.01493075496587705°, y=0.002640775240368736°, max=2.0km):
   📍 Start Original:  (40.775644, -73.960687)
   🔒 Start Protegido: (40.760713, -73.958046) ✓ 1.68 km | ⚠ SEM MAP MATCHING
   📏 Deslocamento final: 1676.9 metros
   📍 End Original:    (40.771236, -73.963813)
   🔒 End Protegido:   (40.756305, -73.961172) ✓ 1.68 km | ⚠ SEM MAP MATCHING
   📏 Deslocamento final: 1676.9 metros

   📐 ANÁLISE DE DISTÂNCIA DO TRAJETO (HAVERSINE DOS PONTOS ARMAZENADOS):
   🔢 Pontos unicos original/offset: 301/301 (Δ +0, +0.0% )
   📍 Trajeto original: 3.148 km (linha reta entre pontos GPS)
   🔒 Trajeto com offset: 3.148 km (linha reta entre pontos COM snap)
   📊 Diferença: +0.000 km (+0.0%)

======================================================================
📊 ESTATÍSTICAS FINAIS
======================================================================
Viagens processadas: 1
Distância total: 3.16 km
Combustível total: 51.22 l
CO2 real total: 118326.7 g
CO2 meta total: 608.1 g
Delta CO2: -117718.6 g
Valor E1 total: R$ -5.89

💰 Créditos: R$ 0.00
💸 Débitos: R$ 5.89
📈 Saldo líquido: R$ -5.89
======================================================================

💾 Dados agregados salvos em: ../data/offset_batch/vehicles_step_sim_4/run_077.csv
[csv-worker_4] [vehicles_step_sim_4] ===== LOG RUN 077 FIM =====

[csv-worker_4] [vehicles_step_sim_4] ===== LOG RUN 078 INICIO =====
======================================================================
🚗 PROCESSAMENTO SUMO → E1 REGISTRY (OFFSET ALEATÓRIO - veh0)
======================================================================
📄 Entrada: ../data/vehicles_step_sim_4.csv
🏭 Consumo fabricante: 12.0 km/l
💰 Preço carbono: R$ 50.0/ton
⭕ Raio máximo do offset aleatório: 2.0 km
🎲 Offset gerado aleatoriamente:
   Ângulo: 197.1°
   Distância: 0.8886 km
   offset_x (lat): -0.007628°  |  offset_y (lon): -0.002353°
📊 Row stepping: Processando todas as linhas
🗺️  Map matching: DESATIVADO
📐 Cálculo de distância: HAVERSINE PURO dos pontos COM snap (consistência)
======================================================================

📊 Carregando dados SUMO...
   Total de registros no arquivo: 300
   Veículos únicos: 1
   🚙 Vehicle selecionado: carro_1000

🔄 Agregando viagens por vehicle_id...
  📐 SUMO_carro_1000: Calculando distâncias com Haversine direto (SEM routing API)
      Original: 301 pontos → 3.1480 km (Haversine)
      Offset:   301 pontos → 3.1479 km (Haversine)

🚙 Veículo: SUMO_carro_1000
   Modelo: HBEFA4/PC_petrol_Euro-6ab
   Segmentos: 301
   📏 Distância: 3.159 km (city: 3.020, highway: 0.139)
   ⛽ Combustível: 51.224 l
   🏭 CO2 real: 118326.7 g
   🎯 CO2 meta: 608.1 g
   📊 Delta: -117718.6 g
   💰 Valor E1: R$ -5.8859
   🧭 Tentativas map matching: 0

   🔑 OFFSET DETERMINÍSTICO (x=0.0030194277102998613°, y=-0.007847443679528186°, max=2.0km):
   📍 Start Original:  (40.775644, -73.960687)
   🔒 Start Protegido: (40.778663, -73.968534) ✓ 0.74 km | ⚠ SEM MAP MATCHING
   📏 Deslocamento final: 742.0 metros
   📍 End Original:    (40.771236, -73.963813)
   🔒 End Protegido:   (40.774255, -73.971660) ✓ 0.74 km | ⚠ SEM MAP MATCHING
   📏 Deslocamento final: 742.1 metros

   📐 ANÁLISE DE DISTÂNCIA DO TRAJETO (HAVERSINE DOS PONTOS ARMAZENADOS):
   🔢 Pontos unicos original/offset: 301/301 (Δ +0, +0.0% )
   📍 Trajeto original: 3.148 km (linha reta entre pontos GPS)
   🔒 Trajeto com offset: 3.148 km (linha reta entre pontos COM snap)
   📊 Diferença: -0.000 km (-0.0%)

======================================================================
📊 ESTATÍSTICAS FINAIS
======================================================================
Viagens processadas: 1
Distância total: 3.16 km
Combustível total: 51.22 l
CO2 real total: 118326.7 g
CO2 meta total: 608.1 g
Delta CO2: -117718.6 g
Valor E1 total: R$ -5.89

💰 Créditos: R$ 0.00
💸 Débitos: R$ 5.89
📈 Saldo líquido: R$ -5.89
======================================================================

💾 Dados agregados salvos em: ../data/offset_batch/vehicles_step_sim_4/run_078.csv
[csv-worker_4] [vehicles_step_sim_4] ===== LOG RUN 078 FIM =====

[csv-worker_4] [vehicles_step_sim_4] ===== LOG RUN 079 INICIO =====
======================================================================
🚗 PROCESSAMENTO SUMO → E1 REGISTRY (OFFSET ALEATÓRIO - veh0)
======================================================================
📄 Entrada: ../data/vehicles_step_sim_4.csv
🏭 Consumo fabricante: 12.0 km/l
💰 Preço carbono: R$ 50.0/ton
⭕ Raio máximo do offset aleatório: 2.0 km
🎲 Offset gerado aleatoriamente:
   Ângulo: 351.3°
   Distância: 1.4851 km
   offset_x (lat): 0.013189°  |  offset_y (lon): -0.002009°
📊 Row stepping: Processando todas as linhas
🗺️  Map matching: DESATIVADO
📐 Cálculo de distância: HAVERSINE PURO dos pontos COM snap (consistência)
======================================================================

📊 Carregando dados SUMO...
   Total de registros no arquivo: 300
   Veículos únicos: 1
   🚙 Vehicle selecionado: carro_1000

🔄 Agregando viagens por vehicle_id...
  📐 SUMO_carro_1000: Calculando distâncias com Haversine direto (SEM routing API)
      Original: 301 pontos → 3.1480 km (Haversine)
      Offset:   301 pontos → 3.1483 km (Haversine)

🚙 Veículo: SUMO_carro_1000
   Modelo: HBEFA4/PC_petrol_Euro-6ab
   Segmentos: 301
   📏 Distância: 3.159 km (city: 3.020, highway: 0.139)
   ⛽ Combustível: 51.224 l
   🏭 CO2 real: 118326.7 g
   🎯 CO2 meta: 608.1 g
   📊 Delta: -117718.6 g
   💰 Valor E1: R$ -5.8859
   🧭 Tentativas map matching: 0

   🔑 OFFSET DETERMINÍSTICO (x=-0.011849944040943841°, y=0.006334473500880016°, max=2.0km):
   📍 Start Original:  (40.775644, -73.960687)
   🔒 Start Protegido: (40.763794, -73.954353) ✓ 1.42 km | ⚠ SEM MAP MATCHING
   📏 Deslocamento final: 1423.1 metros
   📍 End Original:    (40.771236, -73.963813)
   🔒 End Protegido:   (40.759386, -73.957478) ✓ 1.42 km | ⚠ SEM MAP MATCHING
   📏 Deslocamento final: 1423.1 metros

   📐 ANÁLISE DE DISTÂNCIA DO TRAJETO (HAVERSINE DOS PONTOS ARMAZENADOS):
   🔢 Pontos unicos original/offset: 301/301 (Δ +0, +0.0% )
   📍 Trajeto original: 3.148 km (linha reta entre pontos GPS)
   🔒 Trajeto com offset: 3.148 km (linha reta entre pontos COM snap)
   📊 Diferença: +0.000 km (+0.0%)

======================================================================
📊 ESTATÍSTICAS FINAIS
======================================================================
Viagens processadas: 1
Distância total: 3.16 km
Combustível total: 51.22 l
CO2 real total: 118326.7 g
CO2 meta total: 608.1 g
Delta CO2: -117718.6 g
Valor E1 total: R$ -5.89

💰 Créditos: R$ 0.00
💸 Débitos: R$ 5.89
📈 Saldo líquido: R$ -5.89
======================================================================

💾 Dados agregados salvos em: ../data/offset_batch/vehicles_step_sim_4/run_079.csv
[csv-worker_4] [vehicles_step_sim_4] ===== LOG RUN 079 FIM =====

[csv-worker_4] [vehicles_step_sim_4] ===== LOG RUN 080 INICIO =====
======================================================================
🚗 PROCESSAMENTO SUMO → E1 REGISTRY (OFFSET ALEATÓRIO - veh0)
======================================================================
📄 Entrada: ../data/vehicles_step_sim_4.csv
🏭 Consumo fabricante: 12.0 km/l
💰 Preço carbono: R$ 50.0/ton
⭕ Raio máximo do offset aleatório: 2.0 km
🎲 Offset gerado aleatoriamente:
   Ângulo: 19.8°
   Distância: 1.4546 km
   offset_x (lat): 0.012296°  |  offset_y (lon): 0.004420°
📊 Row stepping: Processando todas as linhas
🗺️  Map matching: DESATIVADO
📐 Cálculo de distância: HAVERSINE PURO dos pontos COM snap (consistência)
======================================================================

📊 Carregando dados SUMO...
   Total de registros no arquivo: 300
   Veículos únicos: 1
   🚙 Vehicle selecionado: carro_1000

🔄 Agregando viagens por vehicle_id...
  📐 SUMO_carro_1000: Calculando distâncias com Haversine direto (SEM routing API)
      Original: 337 pontos → 3.3706 km (Haversine)
      Offset:   337 pontos → 3.3703 km (Haversine)

🚙 Veículo: SUMO_carro_1000
   Modelo: HBEFA4/PC_petrol_Euro-6ab
   Segmentos: 337
   📏 Distância: 3.379 km (city: 3.069, highway: 0.310)
   ⛽ Combustível: 58.616 l
   🏭 CO2 real: 135402.3 g
   🎯 CO2 meta: 650.5 g
   📊 Delta: -134751.8 g
   💰 Valor E1: R$ -6.7376
   🧭 Tentativas map matching: 0

   🔑 OFFSET DETERMINÍSTICO (x=0.011394862524810409°, y=0.0025709909692214913°, max=2.0km):
   📍 Start Original:  (40.775644, -73.960687)
   🔒 Start Protegido: (40.787038, -73.958116) ✓ 1.29 km | ⚠ SEM MAP MATCHING
   📏 Deslocamento final: 1286.9 metros
   📍 End Original:    (40.774801, -73.960637)
   🔒 End Protegido:   (40.786196, -73.958066) ✓ 1.29 km | ⚠ SEM MAP MATCHING
   📏 Deslocamento final: 1286.9 metros

   📐 ANÁLISE DE DISTÂNCIA DO TRAJETO (HAVERSINE DOS PONTOS ARMAZENADOS):
   🔢 Pontos unicos original/offset: 337/337 (Δ +0, +0.0% )
   📍 Trajeto original: 3.371 km (linha reta entre pontos GPS)
   🔒 Trajeto com offset: 3.370 km (linha reta entre pontos COM snap)
   📊 Diferença: -0.000 km (-0.0%)

======================================================================
📊 ESTATÍSTICAS FINAIS
======================================================================
Viagens processadas: 1
Distância total: 3.38 km
Combustível total: 58.62 l
CO2 real total: 135402.3 g
CO2 meta total: 650.5 g
Delta CO2: -134751.8 g
Valor E1 total: R$ -6.74

💰 Créditos: R$ 0.00
💸 Débitos: R$ 6.74
📈 Saldo líquido: R$ -6.74
======================================================================

💾 Dados agregados salvos em: ../data/offset_batch/vehicles_step_sim_4/run_080.csv
[csv-worker_4] [vehicles_step_sim_4] ===== LOG RUN 080 FIM =====

[csv-worker_4] [vehicles_step_sim_4] ===== LOG RUN 081 INICIO =====
======================================================================
🚗 PROCESSAMENTO SUMO → E1 REGISTRY (OFFSET ALEATÓRIO - veh0)
======================================================================
📄 Entrada: ../data/vehicles_step_sim_4.csv
🏭 Consumo fabricante: 12.0 km/l
💰 Preço carbono: R$ 50.0/ton
⭕ Raio máximo do offset aleatório: 2.0 km
🎲 Offset gerado aleatoriamente:
   Ângulo: 77.3°
   Distância: 1.2775 km
   offset_x (lat): 0.002523°  |  offset_y (lon): 0.011195°
📊 Row stepping: Processando todas as linhas
🗺️  Map matching: DESATIVADO
📐 Cálculo de distância: HAVERSINE PURO dos pontos COM snap (consistência)
======================================================================

📊 Carregando dados SUMO...
   Total de registros no arquivo: 300
   Veículos únicos: 1
   🚙 Vehicle selecionado: carro_1000

🔄 Agregando viagens por vehicle_id...
  📐 SUMO_carro_1000: Calculando distâncias com Haversine direto (SEM routing API)
      Original: 337 pontos → 3.3706 km (Haversine)
      Offset:   337 pontos → 3.3710 km (Haversine)

🚙 Veículo: SUMO_carro_1000
   Modelo: HBEFA4/PC_petrol_Euro-6ab
   Segmentos: 337
   📏 Distância: 3.379 km (city: 3.069, highway: 0.310)
   ⛽ Combustível: 58.616 l
   🏭 CO2 real: 135402.3 g
   🎯 CO2 meta: 650.5 g
   📊 Delta: -134751.8 g
   💰 Valor E1: R$ -6.7376
   🧭 Tentativas map matching: 0

   🔑 OFFSET DETERMINÍSTICO (x=-0.013714990614302333°, y=0.009174510164906639°, max=2.0km):
   📍 Start Original:  (40.775644, -73.960687)
   🔒 Start Protegido: (40.761929, -73.951512) ✓ 1.71 km | ⚠ SEM MAP MATCHING
   📏 Deslocamento final: 1711.5 metros
   📍 End Original:    (40.774801, -73.960637)
   🔒 End Protegido:   (40.761086, -73.951462) ✓ 1.71 km | ⚠ SEM MAP MATCHING
   📏 Deslocamento final: 1711.5 metros

   📐 ANÁLISE DE DISTÂNCIA DO TRAJETO (HAVERSINE DOS PONTOS ARMAZENADOS):
   🔢 Pontos unicos original/offset: 337/337 (Δ +0, +0.0% )
   📍 Trajeto original: 3.371 km (linha reta entre pontos GPS)
   🔒 Trajeto com offset: 3.371 km (linha reta entre pontos COM snap)
   📊 Diferença: +0.000 km (+0.0%)

======================================================================
📊 ESTATÍSTICAS FINAIS
======================================================================
Viagens processadas: 1
Distância total: 3.38 km
Combustível total: 58.62 l
CO2 real total: 135402.3 g
CO2 meta total: 650.5 g
Delta CO2: -134751.8 g
Valor E1 total: R$ -6.74

💰 Créditos: R$ 0.00
💸 Débitos: R$ 6.74
📈 Saldo líquido: R$ -6.74
======================================================================

💾 Dados agregados salvos em: ../data/offset_batch/vehicles_step_sim_4/run_081.csv
[csv-worker_4] [vehicles_step_sim_4] ===== LOG RUN 081 FIM =====

[csv-worker_4] [vehicles_step_sim_4] ===== LOG RUN 082 INICIO =====
======================================================================
🚗 PROCESSAMENTO SUMO → E1 REGISTRY (OFFSET ALEATÓRIO - veh0)
======================================================================
📄 Entrada: ../data/vehicles_step_sim_4.csv
🏭 Consumo fabricante: 12.0 km/l
💰 Preço carbono: R$ 50.0/ton
⭕ Raio máximo do offset aleatório: 2.0 km
🎲 Offset gerado aleatoriamente:
   Ângulo: 23.5°
   Distância: 1.1093 km
   offset_x (lat): 0.009138°  |  offset_y (lon): 0.003976°
📊 Row stepping: Processando todas as linhas
🗺️  Map matching: DESATIVADO
📐 Cálculo de distância: HAVERSINE PURO dos pontos COM snap (consistência)
======================================================================

📊 Carregando dados SUMO...
   Total de registros no arquivo: 300
   Veículos únicos: 1
   🚙 Vehicle selecionado: carro_1000

🔄 Agregando viagens por vehicle_id...
  📐 SUMO_carro_1000: Calculando distâncias com Haversine direto (SEM routing API)
      Original: 324 pontos → 3.1629 km (Haversine)
      Offset:   324 pontos → 3.1628 km (Haversine)

🚙 Veículo: SUMO_carro_1000
   Modelo: HBEFA4/PC_petrol_Euro-6ab
   Segmentos: 324
   📏 Distância: 3.166 km (city: 3.024, highway: 0.142)
   ⛽ Combustível: 49.530 l
   🏭 CO2 real: 114414.1 g
   🎯 CO2 meta: 609.4 g
   📊 Delta: -113804.6 g
   💰 Valor E1: R$ -5.6902
   🧭 Tentativas map matching: 0

   🔑 OFFSET DETERMINÍSTICO (x=0.007977819465118325°, y=-0.003692195711555078°, max=2.0km):
   📍 Start Original:  (40.775644, -73.960687)
   🔒 Start Protegido: (40.783621, -73.964379) ✓ 0.94 km | ⚠ SEM MAP MATCHING
   📏 Deslocamento final: 941.1 metros
   📍 End Original:    (40.772251, -73.963071)
   🔒 End Protegido:   (40.780228, -73.966763) ✓ 0.94 km | ⚠ SEM MAP MATCHING
   📏 Deslocamento final: 941.1 metros

   📐 ANÁLISE DE DISTÂNCIA DO TRAJETO (HAVERSINE DOS PONTOS ARMAZENADOS):
   🔢 Pontos unicos original/offset: 324/324 (Δ +0, +0.0% )
   📍 Trajeto original: 3.163 km (linha reta entre pontos GPS)
   🔒 Trajeto com offset: 3.163 km (linha reta entre pontos COM snap)
   📊 Diferença: -0.000 km (-0.0%)

======================================================================
📊 ESTATÍSTICAS FINAIS
======================================================================
Viagens processadas: 1
Distância total: 3.17 km
Combustível total: 49.53 l
CO2 real total: 114414.1 g
CO2 meta total: 609.4 g
Delta CO2: -113804.6 g
Valor E1 total: R$ -5.69

💰 Créditos: R$ 0.00
💸 Débitos: R$ 5.69
📈 Saldo líquido: R$ -5.69
======================================================================

💾 Dados agregados salvos em: ../data/offset_batch/vehicles_step_sim_4/run_082.csv
[csv-worker_4] [vehicles_step_sim_4] ===== LOG RUN 082 FIM =====

[csv-worker_4] [vehicles_step_sim_4] ===== LOG RUN 083 INICIO =====
======================================================================
🚗 PROCESSAMENTO SUMO → E1 REGISTRY (OFFSET ALEATÓRIO - veh0)
======================================================================
📄 Entrada: ../data/vehicles_step_sim_4.csv
🏭 Consumo fabricante: 12.0 km/l
💰 Preço carbono: R$ 50.0/ton
⭕ Raio máximo do offset aleatório: 2.0 km
🎲 Offset gerado aleatoriamente:
   Ângulo: 172.3°
   Distância: 1.9952 km
   offset_x (lat): -0.017761°  |  offset_y (lon): 0.002401°
📊 Row stepping: Processando todas as linhas
🗺️  Map matching: DESATIVADO
📐 Cálculo de distância: HAVERSINE PURO dos pontos COM snap (consistência)
======================================================================

📊 Carregando dados SUMO...
   Total de registros no arquivo: 300
   Veículos únicos: 1
   🚙 Vehicle selecionado: carro_1000

🔄 Agregando viagens por vehicle_id...
  📐 SUMO_carro_1000: Calculando distâncias com Haversine direto (SEM routing API)
      Original: 323 pontos → 2.9161 km (Haversine)
      Offset:   323 pontos → 2.9162 km (Haversine)

🚙 Veículo: SUMO_carro_1000
   Modelo: HBEFA4/PC_petrol_Euro-6ab
   Segmentos: 323
   📏 Distância: 2.926 km (city: 2.764, highway: 0.161)
   ⛽ Combustível: 54.094 l
   🏭 CO2 real: 124958.0 g
   🎯 CO2 meta: 563.2 g
   📊 Delta: -124394.9 g
   💰 Valor E1: R$ -6.2197
   🧭 Tentativas map matching: 0

   🔑 OFFSET DETERMINÍSTICO (x=-0.007281752459770893°, y=0.012051605959201852°, max=2.0km):
   📍 Start Original:  (40.775644, -73.960687)
   🔒 Start Protegido: (40.768362, -73.948635) ✓ 1.30 km | ⚠ SEM MAP MATCHING
   📏 Deslocamento final: 1299.7 metros
   📍 End Original:    (40.774046, -73.961617)
   🔒 End Protegido:   (40.766764, -73.949565) ✓ 1.30 km | ⚠ SEM MAP MATCHING
   📏 Deslocamento final: 1299.7 metros

   📐 ANÁLISE DE DISTÂNCIA DO TRAJETO (HAVERSINE DOS PONTOS ARMAZENADOS):
   🔢 Pontos unicos original/offset: 320/320 (Δ +0, +0.0% )
   📍 Trajeto original: 2.916 km (linha reta entre pontos GPS)
   🔒 Trajeto com offset: 2.916 km (linha reta entre pontos COM snap)
   📊 Diferença: +0.000 km (+0.0%)

======================================================================
📊 ESTATÍSTICAS FINAIS
======================================================================
Viagens processadas: 1
Distância total: 2.93 km
Combustível total: 54.09 l
CO2 real total: 124958.0 g
CO2 meta total: 563.2 g
Delta CO2: -124394.9 g
Valor E1 total: R$ -6.22

💰 Créditos: R$ 0.00
💸 Débitos: R$ 6.22
📈 Saldo líquido: R$ -6.22
======================================================================

💾 Dados agregados salvos em: ../data/offset_batch/vehicles_step_sim_4/run_083.csv
[csv-worker_4] [vehicles_step_sim_4] ===== LOG RUN 083 FIM =====

[csv-worker_4] [vehicles_step_sim_4] ===== LOG RUN 084 INICIO =====
======================================================================
🚗 PROCESSAMENTO SUMO → E1 REGISTRY (OFFSET ALEATÓRIO - veh0)
======================================================================
📄 Entrada: ../data/vehicles_step_sim_4.csv
🏭 Consumo fabricante: 12.0 km/l
💰 Preço carbono: R$ 50.0/ton
⭕ Raio máximo do offset aleatório: 2.0 km
🎲 Offset gerado aleatoriamente:
   Ângulo: 315.0°
   Distância: 0.9584 km
   offset_x (lat): 0.006089°  |  offset_y (lon): -0.006086°
📊 Row stepping: Processando todas as linhas
🗺️  Map matching: DESATIVADO
📐 Cálculo de distância: HAVERSINE PURO dos pontos COM snap (consistência)
======================================================================

📊 Carregando dados SUMO...
   Total de registros no arquivo: 300
   Veículos únicos: 1
   🚙 Vehicle selecionado: carro_1000

🔄 Agregando viagens por vehicle_id...
  📐 SUMO_carro_1000: Calculando distâncias com Haversine direto (SEM routing API)
      Original: 323 pontos → 2.9161 km (Haversine)
      Offset:   323 pontos → 2.9163 km (Haversine)

🚙 Veículo: SUMO_carro_1000
   Modelo: HBEFA4/PC_petrol_Euro-6ab
   Segmentos: 323
   📏 Distância: 2.926 km (city: 2.764, highway: 0.161)
   ⛽ Combustível: 54.094 l
   🏭 CO2 real: 124958.0 g
   🎯 CO2 meta: 563.2 g
   📊 Delta: -124394.9 g
   💰 Valor E1: R$ -6.2197
   🧭 Tentativas map matching: 0

   🔑 OFFSET DETERMINÍSTICO (x=-0.014093491419007403°, y=-0.003285106343352422°, max=2.0km):
   📍 Start Original:  (40.775644, -73.960687)
   🔒 Start Protegido: (40.761550, -73.963972) ✓ 1.59 km | ⚠ SEM MAP MATCHING
   📏 Deslocamento final: 1593.1 metros
   📍 End Original:    (40.774046, -73.961617)
   🔒 End Protegido:   (40.759952, -73.964902) ✓ 1.59 km | ⚠ SEM MAP MATCHING
   📏 Deslocamento final: 1593.1 metros

   📐 ANÁLISE DE DISTÂNCIA DO TRAJETO (HAVERSINE DOS PONTOS ARMAZENADOS):
   🔢 Pontos unicos original/offset: 320/320 (Δ +0, +0.0% )
   📍 Trajeto original: 2.916 km (linha reta entre pontos GPS)
   🔒 Trajeto com offset: 2.916 km (linha reta entre pontos COM snap)
   📊 Diferença: +0.000 km (+0.0%)

======================================================================
📊 ESTATÍSTICAS FINAIS
======================================================================
Viagens processadas: 1
Distância total: 2.93 km
Combustível total: 54.09 l
CO2 real total: 124958.0 g
CO2 meta total: 563.2 g
Delta CO2: -124394.9 g
Valor E1 total: R$ -6.22

💰 Créditos: R$ 0.00
💸 Débitos: R$ 6.22
📈 Saldo líquido: R$ -6.22
======================================================================

💾 Dados agregados salvos em: ../data/offset_batch/vehicles_step_sim_4/run_084.csv
[csv-worker_4] [vehicles_step_sim_4] ===== LOG RUN 084 FIM =====

[csv-worker_4] [vehicles_step_sim_4] ===== LOG RUN 085 INICIO =====
======================================================================
🚗 PROCESSAMENTO SUMO → E1 REGISTRY (OFFSET ALEATÓRIO - veh0)
======================================================================
📄 Entrada: ../data/vehicles_step_sim_4.csv
🏭 Consumo fabricante: 12.0 km/l
💰 Preço carbono: R$ 50.0/ton
⭕ Raio máximo do offset aleatório: 2.0 km
🎲 Offset gerado aleatoriamente:
   Ângulo: 244.0°
   Distância: 1.3399 km
   offset_x (lat): -0.005281°  |  offset_y (lon): -0.010816°
📊 Row stepping: Processando todas as linhas
🗺️  Map matching: DESATIVADO
📐 Cálculo de distância: HAVERSINE PURO dos pontos COM snap (consistência)
======================================================================

📊 Carregando dados SUMO...
   Total de registros no arquivo: 300
   Veículos únicos: 1
   🚙 Vehicle selecionado: carro_1000

🔄 Agregando viagens por vehicle_id...
  📐 SUMO_carro_1000: Calculando distâncias com Haversine direto (SEM routing API)
      Original: 323 pontos → 2.9161 km (Haversine)
      Offset:   323 pontos → 2.9159 km (Haversine)

🚙 Veículo: SUMO_carro_1000
   Modelo: HBEFA4/PC_petrol_Euro-6ab
   Segmentos: 323
   📏 Distância: 2.926 km (city: 2.764, highway: 0.161)
   ⛽ Combustível: 54.094 l
   🏭 CO2 real: 124958.0 g
   🎯 CO2 meta: 563.2 g
   📊 Delta: -124394.9 g
   💰 Valor E1: R$ -6.2197
   🧭 Tentativas map matching: 0

   🔑 OFFSET DETERMINÍSTICO (x=0.01098519353017575°, y=0.006043362277643315°, max=2.0km):
   📍 Start Original:  (40.775644, -73.960687)
   🔒 Start Protegido: (40.786629, -73.954644) ✓ 1.32 km | ⚠ SEM MAP MATCHING
   📏 Deslocamento final: 1324.7 metros
   📍 End Original:    (40.774046, -73.961617)
   🔒 End Protegido:   (40.785031, -73.955574) ✓ 1.32 km | ⚠ SEM MAP MATCHING
   📏 Deslocamento final: 1324.8 metros

   📐 ANÁLISE DE DISTÂNCIA DO TRAJETO (HAVERSINE DOS PONTOS ARMAZENADOS):
   🔢 Pontos unicos original/offset: 320/320 (Δ +0, +0.0% )
   📍 Trajeto original: 2.916 km (linha reta entre pontos GPS)
   🔒 Trajeto com offset: 2.916 km (linha reta entre pontos COM snap)
   📊 Diferença: -0.000 km (-0.0%)

======================================================================
📊 ESTATÍSTICAS FINAIS
======================================================================
Viagens processadas: 1
Distância total: 2.93 km
Combustível total: 54.09 l
CO2 real total: 124958.0 g
CO2 meta total: 563.2 g
Delta CO2: -124394.9 g
Valor E1 total: R$ -6.22

💰 Créditos: R$ 0.00
💸 Débitos: R$ 6.22
📈 Saldo líquido: R$ -6.22
======================================================================

💾 Dados agregados salvos em: ../data/offset_batch/vehicles_step_sim_4/run_085.csv
[csv-worker_4] [vehicles_step_sim_4] ===== LOG RUN 085 FIM =====

[csv-worker_4] [vehicles_step_sim_4] ===== LOG RUN 086 INICIO =====
======================================================================
🚗 PROCESSAMENTO SUMO → E1 REGISTRY (OFFSET ALEATÓRIO - veh0)
======================================================================
📄 Entrada: ../data/vehicles_step_sim_4.csv
🏭 Consumo fabricante: 12.0 km/l
💰 Preço carbono: R$ 50.0/ton
⭕ Raio máximo do offset aleatório: 2.0 km
🎲 Offset gerado aleatoriamente:
   Ângulo: 114.3°
   Distância: 0.3762 km
   offset_x (lat): -0.001391°  |  offset_y (lon): 0.003080°
📊 Row stepping: Processando todas as linhas
🗺️  Map matching: DESATIVADO
📐 Cálculo de distância: HAVERSINE PURO dos pontos COM snap (consistência)
======================================================================

📊 Carregando dados SUMO...
   Total de registros no arquivo: 300
   Veículos únicos: 1
   🚙 Vehicle selecionado: carro_1000

🔄 Agregando viagens por vehicle_id...
  📐 SUMO_carro_1000: Calculando distâncias com Haversine direto (SEM routing API)
      Original: 323 pontos → 2.9161 km (Haversine)
      Offset:   323 pontos → 2.9162 km (Haversine)

🚙 Veículo: SUMO_carro_1000
   Modelo: HBEFA4/PC_petrol_Euro-6ab
   Segmentos: 323
   📏 Distância: 2.926 km (city: 2.764, highway: 0.161)
   ⛽ Combustível: 54.094 l
   🏭 CO2 real: 124958.0 g
   🎯 CO2 meta: 563.2 g
   📊 Delta: -124394.9 g
   💰 Valor E1: R$ -6.2197
   🧭 Tentativas map matching: 0

   🔑 OFFSET DETERMINÍSTICO (x=-0.0035286401016236535°, y=-0.008022408587497499°, max=2.0km):
   📍 Start Original:  (40.775644, -73.960687)
   🔒 Start Protegido: (40.772115, -73.968709) ✓ 0.78 km | ⚠ SEM MAP MATCHING
   📏 Deslocamento final: 782.1 metros
   📍 End Original:    (40.774046, -73.961617)
   🔒 End Protegido:   (40.770517, -73.969639) ✓ 0.78 km | ⚠ SEM MAP MATCHING
   📏 Deslocamento final: 782.1 metros

   📐 ANÁLISE DE DISTÂNCIA DO TRAJETO (HAVERSINE DOS PONTOS ARMAZENADOS):
   🔢 Pontos unicos original/offset: 320/320 (Δ +0, +0.0% )
   📍 Trajeto original: 2.916 km (linha reta entre pontos GPS)
   🔒 Trajeto com offset: 2.916 km (linha reta entre pontos COM snap)
   📊 Diferença: +0.000 km (+0.0%)

======================================================================
📊 ESTATÍSTICAS FINAIS
======================================================================
Viagens processadas: 1
Distância total: 2.93 km
Combustível total: 54.09 l
CO2 real total: 124958.0 g
CO2 meta total: 563.2 g
Delta CO2: -124394.9 g
Valor E1 total: R$ -6.22

💰 Créditos: R$ 0.00
💸 Débitos: R$ 6.22
📈 Saldo líquido: R$ -6.22
======================================================================

💾 Dados agregados salvos em: ../data/offset_batch/vehicles_step_sim_4/run_086.csv
[csv-worker_4] [vehicles_step_sim_4] ===== LOG RUN 086 FIM =====

[csv-worker_4] [vehicles_step_sim_4] ===== LOG RUN 087 INICIO =====
======================================================================
🚗 PROCESSAMENTO SUMO → E1 REGISTRY (OFFSET ALEATÓRIO - veh0)
======================================================================
📄 Entrada: ../data/vehicles_step_sim_4.csv
🏭 Consumo fabricante: 12.0 km/l
💰 Preço carbono: R$ 50.0/ton
⭕ Raio máximo do offset aleatório: 2.0 km
🎲 Offset gerado aleatoriamente:
   Ângulo: 258.5°
   Distância: 1.2066 km
   offset_x (lat): -0.002165°  |  offset_y (lon): -0.010621°
📊 Row stepping: Processando todas as linhas
🗺️  Map matching: DESATIVADO
📐 Cálculo de distância: HAVERSINE PURO dos pontos COM snap (consistência)
======================================================================

📊 Carregando dados SUMO...
   Total de registros no arquivo: 300
   Veículos únicos: 1
   🚙 Vehicle selecionado: carro_1000

🔄 Agregando viagens por vehicle_id...
  📐 SUMO_carro_1000: Calculando distâncias com Haversine direto (SEM routing API)
      Original: 323 pontos → 2.9161 km (Haversine)
      Offset:   323 pontos → 2.9163 km (Haversine)

🚙 Veículo: SUMO_carro_1000
   Modelo: HBEFA4/PC_petrol_Euro-6ab
   Segmentos: 323
   📏 Distância: 2.926 km (city: 2.764, highway: 0.161)
   ⛽ Combustível: 54.094 l
   🏭 CO2 real: 124958.0 g
   🎯 CO2 meta: 563.2 g
   📊 Delta: -124394.9 g
   💰 Valor E1: R$ -6.2197
   🧭 Tentativas map matching: 0

   🔑 OFFSET DETERMINÍSTICO (x=-0.008905470356819439°, y=-0.0035902852614377295°, max=2.0km):
   📍 Start Original:  (40.775644, -73.960687)
   🔒 Start Protegido: (40.766738, -73.964277) ✓ 1.04 km | ⚠ SEM MAP MATCHING
   📏 Deslocamento final: 1036.5 metros
   📍 End Original:    (40.774046, -73.961617)
   🔒 End Protegido:   (40.765140, -73.965207) ✓ 1.04 km | ⚠ SEM MAP MATCHING
   📏 Deslocamento final: 1036.5 metros

   📐 ANÁLISE DE DISTÂNCIA DO TRAJETO (HAVERSINE DOS PONTOS ARMAZENADOS):
   🔢 Pontos unicos original/offset: 320/320 (Δ +0, +0.0% )
   📍 Trajeto original: 2.916 km (linha reta entre pontos GPS)
   🔒 Trajeto com offset: 2.916 km (linha reta entre pontos COM snap)
   📊 Diferença: +0.000 km (+0.0%)

======================================================================
📊 ESTATÍSTICAS FINAIS
======================================================================
Viagens processadas: 1
Distância total: 2.93 km
Combustível total: 54.09 l
CO2 real total: 124958.0 g
CO2 meta total: 563.2 g
Delta CO2: -124394.9 g
Valor E1 total: R$ -6.22

💰 Créditos: R$ 0.00
💸 Débitos: R$ 6.22
📈 Saldo líquido: R$ -6.22
======================================================================

💾 Dados agregados salvos em: ../data/offset_batch/vehicles_step_sim_4/run_087.csv
[csv-worker_4] [vehicles_step_sim_4] ===== LOG RUN 087 FIM =====

[csv-worker_4] [vehicles_step_sim_4] ===== LOG RUN 088 INICIO =====
======================================================================
🚗 PROCESSAMENTO SUMO → E1 REGISTRY (OFFSET ALEATÓRIO - veh0)
======================================================================
📄 Entrada: ../data/vehicles_step_sim_4.csv
🏭 Consumo fabricante: 12.0 km/l
💰 Preço carbono: R$ 50.0/ton
⭕ Raio máximo do offset aleatório: 2.0 km
🎲 Offset gerado aleatoriamente:
   Ângulo: 105.3°
   Distância: 1.7813 km
   offset_x (lat): -0.004216°  |  offset_y (lon): 0.015436°
📊 Row stepping: Processando todas as linhas
🗺️  Map matching: DESATIVADO
📐 Cálculo de distância: HAVERSINE PURO dos pontos COM snap (consistência)
======================================================================

📊 Carregando dados SUMO...
   Total de registros no arquivo: 300
   Veículos únicos: 1
   🚙 Vehicle selecionado: carro_1000

🔄 Agregando viagens por vehicle_id...
  📐 SUMO_carro_1000: Calculando distâncias com Haversine direto (SEM routing API)
      Original: 312 pontos → 3.1845 km (Haversine)
      Offset:   312 pontos → 3.1843 km (Haversine)

🚙 Veículo: SUMO_carro_1000
   Modelo: HBEFA4/PC_petrol_Euro-6ab
   Segmentos: 312
   📏 Distância: 3.190 km (city: 2.602, highway: 0.587)
   ⛽ Combustível: 54.577 l
   🏭 CO2 real: 126071.8 g
   🎯 CO2 meta: 614.1 g
   📊 Delta: -125457.8 g
   💰 Valor E1: R$ -6.2729
   🧭 Tentativas map matching: 0

   🔑 OFFSET DETERMINÍSTICO (x=0.010049862138042296°, y=-0.0104197602503206°, max=2.0km):
   📍 Start Original:  (40.775644, -73.960687)
   🔒 Start Protegido: (40.785693, -73.971107) ✓ 1.42 km | ⚠ SEM MAP MATCHING
   📏 Deslocamento final: 1422.4 metros
   📍 End Original:    (40.771637, -73.963520)
   🔒 End Protegido:   (40.781687, -73.973940) ✓ 1.42 km | ⚠ SEM MAP MATCHING
   📏 Deslocamento final: 1422.4 metros

   📐 ANÁLISE DE DISTÂNCIA DO TRAJETO (HAVERSINE DOS PONTOS ARMAZENADOS):
   🔢 Pontos unicos original/offset: 312/312 (Δ +0, +0.0% )
   📍 Trajeto original: 3.185 km (linha reta entre pontos GPS)
   🔒 Trajeto com offset: 3.184 km (linha reta entre pontos COM snap)
   📊 Diferença: -0.000 km (-0.0%)

======================================================================
📊 ESTATÍSTICAS FINAIS
======================================================================
Viagens processadas: 1
Distância total: 3.19 km
Combustível total: 54.58 l
CO2 real total: 126071.8 g
CO2 meta total: 614.1 g
Delta CO2: -125457.8 g
Valor E1 total: R$ -6.27

💰 Créditos: R$ 0.00
💸 Débitos: R$ 6.27
📈 Saldo líquido: R$ -6.27
======================================================================

💾 Dados agregados salvos em: ../data/offset_batch/vehicles_step_sim_4/run_088.csv
[csv-worker_4] [vehicles_step_sim_4] ===== LOG RUN 088 FIM =====

[csv-worker_4] [vehicles_step_sim_4] ===== LOG RUN 089 INICIO =====
======================================================================
🚗 PROCESSAMENTO SUMO → E1 REGISTRY (OFFSET ALEATÓRIO - veh0)
======================================================================
📄 Entrada: ../data/vehicles_step_sim_4.csv
🏭 Consumo fabricante: 12.0 km/l
💰 Preço carbono: R$ 50.0/ton
⭕ Raio máximo do offset aleatório: 2.0 km
🎲 Offset gerado aleatoriamente:
   Ângulo: 34.2°
   Distância: 1.5692 km
   offset_x (lat): 0.011654°  |  offset_y (lon): 0.007931°
📊 Row stepping: Processando todas as linhas
🗺️  Map matching: DESATIVADO
📐 Cálculo de distância: HAVERSINE PURO dos pontos COM snap (consistência)
======================================================================

📊 Carregando dados SUMO...
   Total de registros no arquivo: 300
   Veículos únicos: 1
   🚙 Vehicle selecionado: carro_1000

🔄 Agregando viagens por vehicle_id...
  📐 SUMO_carro_1000: Calculando distâncias com Haversine direto (SEM routing API)
      Original: 312 pontos → 3.1845 km (Haversine)
      Offset:   312 pontos → 3.1842 km (Haversine)

🚙 Veículo: SUMO_carro_1000
   Modelo: HBEFA4/PC_petrol_Euro-6ab
   Segmentos: 312
   📏 Distância: 3.190 km (city: 2.602, highway: 0.587)
   ⛽ Combustível: 54.577 l
   🏭 CO2 real: 126071.8 g
   🎯 CO2 meta: 614.1 g
   📊 Delta: -125457.8 g
   💰 Valor E1: R$ -6.2729
   🧭 Tentativas map matching: 0

   🔑 OFFSET DETERMINÍSTICO (x=0.012038455780162605°, y=-0.0016979751479573762°, max=2.0km):
   📍 Start Original:  (40.775644, -73.960687)
   🔒 Start Protegido: (40.787682, -73.962385) ✓ 1.35 km | ⚠ SEM MAP MATCHING
   📏 Deslocamento final: 1347.7 metros
   📍 End Original:    (40.771637, -73.963520)
   🔒 End Protegido:   (40.783675, -73.965218) ✓ 1.35 km | ⚠ SEM MAP MATCHING
   📏 Deslocamento final: 1347.7 metros

   📐 ANÁLISE DE DISTÂNCIA DO TRAJETO (HAVERSINE DOS PONTOS ARMAZENADOS):
   🔢 Pontos unicos original/offset: 312/312 (Δ +0, +0.0% )
   📍 Trajeto original: 3.185 km (linha reta entre pontos GPS)
   🔒 Trajeto com offset: 3.184 km (linha reta entre pontos COM snap)
   📊 Diferença: -0.000 km (-0.0%)

======================================================================
📊 ESTATÍSTICAS FINAIS
======================================================================
Viagens processadas: 1
Distância total: 3.19 km
Combustível total: 54.58 l
CO2 real total: 126071.8 g
CO2 meta total: 614.1 g
Delta CO2: -125457.8 g
Valor E1 total: R$ -6.27

💰 Créditos: R$ 0.00
💸 Débitos: R$ 6.27
📈 Saldo líquido: R$ -6.27
======================================================================

💾 Dados agregados salvos em: ../data/offset_batch/vehicles_step_sim_4/run_089.csv
[csv-worker_4] [vehicles_step_sim_4] ===== LOG RUN 089 FIM =====

[csv-worker_4] [vehicles_step_sim_4] ===== LOG RUN 090 INICIO =====
======================================================================
🚗 PROCESSAMENTO SUMO → E1 REGISTRY (OFFSET ALEATÓRIO - veh0)
======================================================================
📄 Entrada: ../data/vehicles_step_sim_4.csv
🏭 Consumo fabricante: 12.0 km/l
💰 Preço carbono: R$ 50.0/ton
⭕ Raio máximo do offset aleatório: 2.0 km
🎲 Offset gerado aleatoriamente:
   Ângulo: 270.7°
   Distância: 1.9190 km
   offset_x (lat): 0.000198°  |  offset_y (lon): -0.017237°
📊 Row stepping: Processando todas as linhas
🗺️  Map matching: DESATIVADO
📐 Cálculo de distância: HAVERSINE PURO dos pontos COM snap (consistência)
======================================================================

📊 Carregando dados SUMO...
   Total de registros no arquivo: 300
   Veículos únicos: 1
   🚙 Vehicle selecionado: carro_1000

🔄 Agregando viagens por vehicle_id...
  📐 SUMO_carro_1000: Calculando distâncias com Haversine direto (SEM routing API)
      Original: 337 pontos → 3.3706 km (Haversine)
      Offset:   337 pontos → 3.3711 km (Haversine)

🚙 Veículo: SUMO_carro_1000
   Modelo: HBEFA4/PC_petrol_Euro-6ab
   Segmentos: 337
   📏 Distância: 3.379 km (city: 3.069, highway: 0.310)
   ⛽ Combustível: 58.616 l
   🏭 CO2 real: 135402.3 g
   🎯 CO2 meta: 650.5 g
   📊 Delta: -134751.8 g
   💰 Valor E1: R$ -6.7376
   🧭 Tentativas map matching: 0

   🔑 OFFSET DETERMINÍSTICO (x=-0.01630440532341283°, y=-0.0028099842883973505°, max=2.0km):
   📍 Start Original:  (40.775644, -73.960687)
   🔒 Start Protegido: (40.759339, -73.963497) ✓ 1.83 km | ⚠ SEM MAP MATCHING
   📏 Deslocamento final: 1830.4 metros
   📍 End Original:    (40.774801, -73.960637)
   🔒 End Protegido:   (40.758497, -73.963447) ✓ 1.83 km | ⚠ SEM MAP MATCHING
   📏 Deslocamento final: 1830.4 metros

   📐 ANÁLISE DE DISTÂNCIA DO TRAJETO (HAVERSINE DOS PONTOS ARMAZENADOS):
   🔢 Pontos unicos original/offset: 337/337 (Δ +0, +0.0% )
   📍 Trajeto original: 3.371 km (linha reta entre pontos GPS)
   🔒 Trajeto com offset: 3.371 km (linha reta entre pontos COM snap)
   📊 Diferença: +0.000 km (+0.0%)

======================================================================
📊 ESTATÍSTICAS FINAIS
======================================================================
Viagens processadas: 1
Distância total: 3.38 km
Combustível total: 58.62 l
CO2 real total: 135402.3 g
CO2 meta total: 650.5 g
Delta CO2: -134751.8 g
Valor E1 total: R$ -6.74

💰 Créditos: R$ 0.00
💸 Débitos: R$ 6.74
📈 Saldo líquido: R$ -6.74
======================================================================

💾 Dados agregados salvos em: ../data/offset_batch/vehicles_step_sim_4/run_090.csv
[csv-worker_4] [vehicles_step_sim_4] ===== LOG RUN 090 FIM =====

[csv-worker_4] [vehicles_step_sim_4] ===== LOG RUN 091 INICIO =====
======================================================================
🚗 PROCESSAMENTO SUMO → E1 REGISTRY (OFFSET ALEATÓRIO - veh0)
======================================================================
📄 Entrada: ../data/vehicles_step_sim_4.csv
🏭 Consumo fabricante: 12.0 km/l
💰 Preço carbono: R$ 50.0/ton
⭕ Raio máximo do offset aleatório: 2.0 km
🎲 Offset gerado aleatoriamente:
   Ângulo: 255.7°
   Distância: 1.7159 km
   offset_x (lat): -0.003810°  |  offset_y (lon): -0.014936°
📊 Row stepping: Processando todas as linhas
🗺️  Map matching: DESATIVADO
📐 Cálculo de distância: HAVERSINE PURO dos pontos COM snap (consistência)
======================================================================

📊 Carregando dados SUMO...
   Total de registros no arquivo: 300
   Veículos únicos: 1
   🚙 Vehicle selecionado: carro_1000

🔄 Agregando viagens por vehicle_id...
  📐 SUMO_carro_1000: Calculando distâncias com Haversine direto (SEM routing API)
      Original: 324 pontos → 3.1629 km (Haversine)
      Offset:   324 pontos → 3.1629 km (Haversine)

🚙 Veículo: SUMO_carro_1000
   Modelo: HBEFA4/PC_petrol_Euro-6ab
   Segmentos: 324
   📏 Distância: 3.166 km (city: 3.024, highway: 0.142)
   ⛽ Combustível: 49.530 l
   🏭 CO2 real: 114414.1 g
   🎯 CO2 meta: 609.4 g
   📊 Delta: -113804.6 g
   💰 Valor E1: R$ -5.6902
   🧭 Tentativas map matching: 0

   🔑 OFFSET DETERMINÍSTICO (x=0.00191542736428531°, y=-0.0005185430249477494°, max=2.0km):
   📍 Start Original:  (40.775644, -73.960687)
   🔒 Start Protegido: (40.777559, -73.961206) ✓ 0.22 km | ⚠ SEM MAP MATCHING
   📏 Deslocamento final: 217.7 metros
   📍 End Original:    (40.772251, -73.963071)
   🔒 End Protegido:   (40.774166, -73.963589) ✓ 0.22 km | ⚠ SEM MAP MATCHING
   📏 Deslocamento final: 217.7 metros

   📐 ANÁLISE DE DISTÂNCIA DO TRAJETO (HAVERSINE DOS PONTOS ARMAZENADOS):
   🔢 Pontos unicos original/offset: 324/324 (Δ +0, +0.0% )
   📍 Trajeto original: 3.163 km (linha reta entre pontos GPS)
   🔒 Trajeto com offset: 3.163 km (linha reta entre pontos COM snap)
   📊 Diferença: -0.000 km (-0.0%)

======================================================================
📊 ESTATÍSTICAS FINAIS
======================================================================
Viagens processadas: 1
Distância total: 3.17 km
Combustível total: 49.53 l
CO2 real total: 114414.1 g
CO2 meta total: 609.4 g
Delta CO2: -113804.6 g
Valor E1 total: R$ -5.69

💰 Créditos: R$ 0.00
💸 Débitos: R$ 5.69
📈 Saldo líquido: R$ -5.69
======================================================================

💾 Dados agregados salvos em: ../data/offset_batch/vehicles_step_sim_4/run_091.csv
[csv-worker_4] [vehicles_step_sim_4] ===== LOG RUN 091 FIM =====

[csv-worker_4] [vehicles_step_sim_4] ===== LOG RUN 092 INICIO =====
======================================================================
🚗 PROCESSAMENTO SUMO → E1 REGISTRY (OFFSET ALEATÓRIO - veh0)
======================================================================
📄 Entrada: ../data/vehicles_step_sim_4.csv
🏭 Consumo fabricante: 12.0 km/l
💰 Preço carbono: R$ 50.0/ton
⭕ Raio máximo do offset aleatório: 2.0 km
🎲 Offset gerado aleatoriamente:
   Ângulo: 153.3°
   Distância: 1.3786 km
   offset_x (lat): -0.011068°  |  offset_y (lon): 0.005557°
📊 Row stepping: Processando todas as linhas
🗺️  Map matching: DESATIVADO
📐 Cálculo de distância: HAVERSINE PURO dos pontos COM snap (consistência)
======================================================================

📊 Carregando dados SUMO...
   Total de registros no arquivo: 300
   Veículos únicos: 1
   🚙 Vehicle selecionado: carro_1000

🔄 Agregando viagens por vehicle_id...
  📐 SUMO_carro_1000: Calculando distâncias com Haversine direto (SEM routing API)
      Original: 324 pontos → 3.1629 km (Haversine)
      Offset:   324 pontos → 3.1628 km (Haversine)

🚙 Veículo: SUMO_carro_1000
   Modelo: HBEFA4/PC_petrol_Euro-6ab
   Segmentos: 324
   📏 Distância: 3.166 km (city: 3.024, highway: 0.142)
   ⛽ Combustível: 49.530 l
   🏭 CO2 real: 114414.1 g
   🎯 CO2 meta: 609.4 g
   📊 Delta: -113804.6 g
   💰 Valor E1: R$ -5.6902
   🧭 Tentativas map matching: 0

   🔑 OFFSET DETERMINÍSTICO (x=0.008582160527186522°, y=-0.00827824278759356°, max=2.0km):
   📍 Start Original:  (40.775644, -73.960687)
   🔒 Start Protegido: (40.784226, -73.968965) ✓ 1.18 km | ⚠ SEM MAP MATCHING
   📏 Deslocamento final: 1183.1 metros
   📍 End Original:    (40.772251, -73.963071)
   🔒 End Protegido:   (40.780833, -73.971349) ✓ 1.18 km | ⚠ SEM MAP MATCHING
   📏 Deslocamento final: 1183.1 metros

   📐 ANÁLISE DE DISTÂNCIA DO TRAJETO (HAVERSINE DOS PONTOS ARMAZENADOS):
   🔢 Pontos unicos original/offset: 324/324 (Δ +0, +0.0% )
   📍 Trajeto original: 3.163 km (linha reta entre pontos GPS)
   🔒 Trajeto com offset: 3.163 km (linha reta entre pontos COM snap)
   📊 Diferença: -0.000 km (-0.0%)

======================================================================
📊 ESTATÍSTICAS FINAIS
======================================================================
Viagens processadas: 1
Distância total: 3.17 km
Combustível total: 49.53 l
CO2 real total: 114414.1 g
CO2 meta total: 609.4 g
Delta CO2: -113804.6 g
Valor E1 total: R$ -5.69

💰 Créditos: R$ 0.00
💸 Débitos: R$ 5.69
📈 Saldo líquido: R$ -5.69
======================================================================

💾 Dados agregados salvos em: ../data/offset_batch/vehicles_step_sim_4/run_092.csv
[csv-worker_4] [vehicles_step_sim_4] ===== LOG RUN 092 FIM =====

[csv-worker_4] [vehicles_step_sim_4] ===== LOG RUN 093 INICIO =====
======================================================================
🚗 PROCESSAMENTO SUMO → E1 REGISTRY (OFFSET ALEATÓRIO - veh0)
======================================================================
📄 Entrada: ../data/vehicles_step_sim_4.csv
🏭 Consumo fabricante: 12.0 km/l
💰 Preço carbono: R$ 50.0/ton
⭕ Raio máximo do offset aleatório: 2.0 km
🎲 Offset gerado aleatoriamente:
   Ângulo: 313.2°
   Distância: 1.0693 km
   offset_x (lat): 0.006572°  |  offset_y (lon): -0.007006°
📊 Row stepping: Processando todas as linhas
🗺️  Map matching: DESATIVADO
📐 Cálculo de distância: HAVERSINE PURO dos pontos COM snap (consistência)
======================================================================

📊 Carregando dados SUMO...
   Total de registros no arquivo: 300
   Veículos únicos: 1
   🚙 Vehicle selecionado: carro_1000

🔄 Agregando viagens por vehicle_id...
  📐 SUMO_carro_1000: Calculando distâncias com Haversine direto (SEM routing API)
      Original: 324 pontos → 3.1629 km (Haversine)
      Offset:   324 pontos → 3.1632 km (Haversine)

🚙 Veículo: SUMO_carro_1000
   Modelo: HBEFA4/PC_petrol_Euro-6ab
   Segmentos: 324
   📏 Distância: 3.166 km (city: 3.024, highway: 0.142)
   ⛽ Combustível: 49.530 l
   🏭 CO2 real: 114414.1 g
   🎯 CO2 meta: 609.4 g
   📊 Delta: -113804.6 g
   💰 Valor E1: R$ -5.6902
   🧭 Tentativas map matching: 0

   🔑 OFFSET DETERMINÍSTICO (x=-0.01261862549575455°, y=-0.011844054114528709°, max=2.0km):
   📍 Start Original:  (40.775644, -73.960687)
   🔒 Start Protegido: (40.763025, -73.972531) ✓ 1.72 km | ⚠ SEM MAP MATCHING
   📏 Deslocamento final: 1723.4 metros
   📍 End Original:    (40.772251, -73.963071)
   🔒 End Protegido:   (40.759632, -73.974915) ✓ 1.72 km | ⚠ SEM MAP MATCHING
   📏 Deslocamento final: 1723.4 metros

   📐 ANÁLISE DE DISTÂNCIA DO TRAJETO (HAVERSINE DOS PONTOS ARMAZENADOS):
   🔢 Pontos unicos original/offset: 324/324 (Δ +0, +0.0% )
   📍 Trajeto original: 3.163 km (linha reta entre pontos GPS)
   🔒 Trajeto com offset: 3.163 km (linha reta entre pontos COM snap)
   📊 Diferença: +0.000 km (+0.0%)

======================================================================
📊 ESTATÍSTICAS FINAIS
======================================================================
Viagens processadas: 1
Distância total: 3.17 km
Combustível total: 49.53 l
CO2 real total: 114414.1 g
CO2 meta total: 609.4 g
Delta CO2: -113804.6 g
Valor E1 total: R$ -5.69

💰 Créditos: R$ 0.00
💸 Débitos: R$ 5.69
📈 Saldo líquido: R$ -5.69
======================================================================

💾 Dados agregados salvos em: ../data/offset_batch/vehicles_step_sim_4/run_093.csv
[csv-worker_4] [vehicles_step_sim_4] ===== LOG RUN 093 FIM =====

[csv-worker_4] [vehicles_step_sim_4] ===== LOG RUN 094 INICIO =====
======================================================================
🚗 PROCESSAMENTO SUMO → E1 REGISTRY (OFFSET ALEATÓRIO - veh0)
======================================================================
📄 Entrada: ../data/vehicles_step_sim_4.csv
🏭 Consumo fabricante: 12.0 km/l
💰 Preço carbono: R$ 50.0/ton
⭕ Raio máximo do offset aleatório: 2.0 km
🎲 Offset gerado aleatoriamente:
   Ângulo: 9.2°
   Distância: 1.6279 km
   offset_x (lat): 0.014435°  |  offset_y (lon): 0.002342°
📊 Row stepping: Processando todas as linhas
🗺️  Map matching: DESATIVADO
📐 Cálculo de distância: HAVERSINE PURO dos pontos COM snap (consistência)
======================================================================

📊 Carregando dados SUMO...
   Total de registros no arquivo: 300
   Veículos únicos: 1
   🚙 Vehicle selecionado: carro_1000

🔄 Agregando viagens por vehicle_id...
  📐 SUMO_carro_1000: Calculando distâncias com Haversine direto (SEM routing API)
      Original: 312 pontos → 3.1845 km (Haversine)
      Offset:   312 pontos → 3.1847 km (Haversine)

🚙 Veículo: SUMO_carro_1000
   Modelo: HBEFA4/PC_petrol_Euro-6ab
   Segmentos: 312
   📏 Distância: 3.190 km (city: 2.602, highway: 0.587)
   ⛽ Combustível: 54.577 l
   🏭 CO2 real: 126071.8 g
   🎯 CO2 meta: 614.1 g
   📊 Delta: -125457.8 g
   💰 Valor E1: R$ -6.2729
   🧭 Tentativas map matching: 0

   🔑 OFFSET DETERMINÍSTICO (x=-0.004820086548109214°, y=-0.002567659905965169°, max=2.0km):
   📍 Start Original:  (40.775644, -73.960687)
   🔒 Start Protegido: (40.770824, -73.963255) ✓ 0.58 km | ⚠ SEM MAP MATCHING
   📏 Deslocamento final: 578.6 metros
   📍 End Original:    (40.771637, -73.963520)
   🔒 End Protegido:   (40.766817, -73.966088) ✓ 0.58 km | ⚠ SEM MAP MATCHING
   📏 Deslocamento final: 578.6 metros

   📐 ANÁLISE DE DISTÂNCIA DO TRAJETO (HAVERSINE DOS PONTOS ARMAZENADOS):
   🔢 Pontos unicos original/offset: 312/312 (Δ +0, +0.0% )
   📍 Trajeto original: 3.185 km (linha reta entre pontos GPS)
   🔒 Trajeto com offset: 3.185 km (linha reta entre pontos COM snap)
   📊 Diferença: +0.000 km (+0.0%)

======================================================================
📊 ESTATÍSTICAS FINAIS
======================================================================
Viagens processadas: 1
Distância total: 3.19 km
Combustível total: 54.58 l
CO2 real total: 126071.8 g
CO2 meta total: 614.1 g
Delta CO2: -125457.8 g
Valor E1 total: R$ -6.27

💰 Créditos: R$ 0.00
💸 Débitos: R$ 6.27
📈 Saldo líquido: R$ -6.27
======================================================================

💾 Dados agregados salvos em: ../data/offset_batch/vehicles_step_sim_4/run_094.csv
[csv-worker_4] [vehicles_step_sim_4] ===== LOG RUN 094 FIM =====

[csv-worker_4] [vehicles_step_sim_4] ===== LOG RUN 095 INICIO =====
======================================================================
🚗 PROCESSAMENTO SUMO → E1 REGISTRY (OFFSET ALEATÓRIO - veh0)
======================================================================
📄 Entrada: ../data/vehicles_step_sim_4.csv
🏭 Consumo fabricante: 12.0 km/l
💰 Preço carbono: R$ 50.0/ton
⭕ Raio máximo do offset aleatório: 2.0 km
🎲 Offset gerado aleatoriamente:
   Ângulo: 268.9°
   Distância: 1.0774 km
   offset_x (lat): -0.000181°  |  offset_y (lon): -0.009677°
📊 Row stepping: Processando todas as linhas
🗺️  Map matching: DESATIVADO
📐 Cálculo de distância: HAVERSINE PURO dos pontos COM snap (consistência)
======================================================================

📊 Carregando dados SUMO...
   Total de registros no arquivo: 300
   Veículos únicos: 1
   🚙 Vehicle selecionado: carro_1000

🔄 Agregando viagens por vehicle_id...
  📐 SUMO_carro_1000: Calculando distâncias com Haversine direto (SEM routing API)
      Original: 312 pontos → 3.1845 km (Haversine)
      Offset:   312 pontos → 3.1849 km (Haversine)

🚙 Veículo: SUMO_carro_1000
   Modelo: HBEFA4/PC_petrol_Euro-6ab
   Segmentos: 312
   📏 Distância: 3.190 km (city: 2.602, highway: 0.587)
   ⛽ Combustível: 54.577 l
   🏭 CO2 real: 126071.8 g
   🎯 CO2 meta: 614.1 g
   📊 Delta: -125457.8 g
   💰 Valor E1: R$ -6.2729
   🧭 Tentativas map matching: 0

   🔑 OFFSET DETERMINÍSTICO (x=-0.015079525201642553°, y=-0.004000168380246312°, max=2.0km):
   📍 Start Original:  (40.775644, -73.960687)
   🔒 Start Protegido: (40.760564, -73.964687) ✓ 1.71 km | ⚠ SEM MAP MATCHING
   📏 Deslocamento final: 1712.2 metros
   📍 End Original:    (40.771637, -73.963520)
   🔒 End Protegido:   (40.756557, -73.967520) ✓ 1.71 km | ⚠ SEM MAP MATCHING
   📏 Deslocamento final: 1712.2 metros

   📐 ANÁLISE DE DISTÂNCIA DO TRAJETO (HAVERSINE DOS PONTOS ARMAZENADOS):
   🔢 Pontos unicos original/offset: 312/312 (Δ +0, +0.0% )
   📍 Trajeto original: 3.185 km (linha reta entre pontos GPS)
   🔒 Trajeto com offset: 3.185 km (linha reta entre pontos COM snap)
   📊 Diferença: +0.000 km (+0.0%)

======================================================================
📊 ESTATÍSTICAS FINAIS
======================================================================
Viagens processadas: 1
Distância total: 3.19 km
Combustível total: 54.58 l
CO2 real total: 126071.8 g
CO2 meta total: 614.1 g
Delta CO2: -125457.8 g
Valor E1 total: R$ -6.27

💰 Créditos: R$ 0.00
💸 Débitos: R$ 6.27
📈 Saldo líquido: R$ -6.27
======================================================================

💾 Dados agregados salvos em: ../data/offset_batch/vehicles_step_sim_4/run_095.csv
[csv-worker_4] [vehicles_step_sim_4] ===== LOG RUN 095 FIM =====

[csv-worker_4] [vehicles_step_sim_4] ===== LOG RUN 096 INICIO =====
======================================================================
🚗 PROCESSAMENTO SUMO → E1 REGISTRY (OFFSET ALEATÓRIO - veh0)
======================================================================
📄 Entrada: ../data/vehicles_step_sim_4.csv
🏭 Consumo fabricante: 12.0 km/l
💰 Preço carbono: R$ 50.0/ton
⭕ Raio máximo do offset aleatório: 2.0 km
🎲 Offset gerado aleatoriamente:
   Ângulo: 229.2°
   Distância: 1.2376 km
   offset_x (lat): -0.007262°  |  offset_y (lon): -0.008418°
📊 Row stepping: Processando todas as linhas
🗺️  Map matching: DESATIVADO
📐 Cálculo de distância: HAVERSINE PURO dos pontos COM snap (consistência)
======================================================================

📊 Carregando dados SUMO...
   Total de registros no arquivo: 300
   Veículos únicos: 1
   🚙 Vehicle selecionado: carro_1000

🔄 Agregando viagens por vehicle_id...
  📐 SUMO_carro_1000: Calculando distâncias com Haversine direto (SEM routing API)
      Original: 312 pontos → 3.1845 km (Haversine)
      Offset:   312 pontos → 3.1844 km (Haversine)

🚙 Veículo: SUMO_carro_1000
   Modelo: HBEFA4/PC_petrol_Euro-6ab
   Segmentos: 312
   📏 Distância: 3.190 km (city: 2.602, highway: 0.587)
   ⛽ Combustível: 54.577 l
   🏭 CO2 real: 126071.8 g
   🎯 CO2 meta: 614.1 g
   📊 Delta: -125457.8 g
   💰 Valor E1: R$ -6.2729
   🧭 Tentativas map matching: 0

   🔑 OFFSET DETERMINÍSTICO (x=0.004235216258338094°, y=-0.0008296830031644087°, max=2.0km):
   📍 Start Original:  (40.775644, -73.960687)
   🔒 Start Protegido: (40.779879, -73.961517) ✓ 0.48 km | ⚠ SEM MAP MATCHING
   📏 Deslocamento final: 476.6 metros
   📍 End Original:    (40.771637, -73.963520)
   🔒 End Protegido:   (40.775872, -73.964350) ✓ 0.48 km | ⚠ SEM MAP MATCHING
   📏 Deslocamento final: 476.6 metros

   📐 ANÁLISE DE DISTÂNCIA DO TRAJETO (HAVERSINE DOS PONTOS ARMAZENADOS):
   🔢 Pontos unicos original/offset: 312/312 (Δ +0, +0.0% )
   📍 Trajeto original: 3.185 km (linha reta entre pontos GPS)
   🔒 Trajeto com offset: 3.184 km (linha reta entre pontos COM snap)
   📊 Diferença: -0.000 km (-0.0%)

======================================================================
📊 ESTATÍSTICAS FINAIS
======================================================================
Viagens processadas: 1
Distância total: 3.19 km
Combustível total: 54.58 l
CO2 real total: 126071.8 g
CO2 meta total: 614.1 g
Delta CO2: -125457.8 g
Valor E1 total: R$ -6.27

💰 Créditos: R$ 0.00
💸 Débitos: R$ 6.27
📈 Saldo líquido: R$ -6.27
======================================================================

💾 Dados agregados salvos em: ../data/offset_batch/vehicles_step_sim_4/run_096.csv
[csv-worker_4] [vehicles_step_sim_4] ===== LOG RUN 096 FIM =====

[csv-worker_4] [vehicles_step_sim_4] ===== LOG RUN 097 INICIO =====
======================================================================
🚗 PROCESSAMENTO SUMO → E1 REGISTRY (OFFSET ALEATÓRIO - veh0)
======================================================================
📄 Entrada: ../data/vehicles_step_sim_4.csv
🏭 Consumo fabricante: 12.0 km/l
💰 Preço carbono: R$ 50.0/ton
⭕ Raio máximo do offset aleatório: 2.0 km
🎲 Offset gerado aleatoriamente:
   Ângulo: 219.4°
   Distância: 1.5571 km
   offset_x (lat): -0.010805°  |  offset_y (lon): -0.008883°
📊 Row stepping: Processando todas as linhas
🗺️  Map matching: DESATIVADO
📐 Cálculo de distância: HAVERSINE PURO dos pontos COM snap (consistência)
======================================================================

📊 Carregando dados SUMO...
   Total de registros no arquivo: 300
   Veículos únicos: 1
   🚙 Vehicle selecionado: carro_1000

🔄 Agregando viagens por vehicle_id...
  📐 SUMO_carro_1000: Calculando distâncias com Haversine direto (SEM routing API)
      Original: 323 pontos → 2.9161 km (Haversine)
      Offset:   323 pontos → 2.9160 km (Haversine)

🚙 Veículo: SUMO_carro_1000
   Modelo: HBEFA4/PC_petrol_Euro-6ab
   Segmentos: 323
   📏 Distância: 2.926 km (city: 2.764, highway: 0.161)
   ⛽ Combustível: 54.094 l
   🏭 CO2 real: 124958.0 g
   🎯 CO2 meta: 563.2 g
   📊 Delta: -124394.9 g
   💰 Valor E1: R$ -6.2197
   🧭 Tentativas map matching: 0

   🔑 OFFSET DETERMINÍSTICO (x=0.0023032299824628766°, y=0.004853688312527442°, max=2.0km):
   📍 Start Original:  (40.775644, -73.960687)
   🔒 Start Protegido: (40.777947, -73.955833) ✓ 0.48 km | ⚠ SEM MAP MATCHING
   📏 Deslocamento final: 482.9 metros
   📍 End Original:    (40.774046, -73.961617)
   🔒 End Protegido:   (40.776349, -73.956763) ✓ 0.48 km | ⚠ SEM MAP MATCHING
   📏 Deslocamento final: 482.9 metros

   📐 ANÁLISE DE DISTÂNCIA DO TRAJETO (HAVERSINE DOS PONTOS ARMAZENADOS):
   🔢 Pontos unicos original/offset: 320/320 (Δ +0, +0.0% )
   📍 Trajeto original: 2.916 km (linha reta entre pontos GPS)
   🔒 Trajeto com offset: 2.916 km (linha reta entre pontos COM snap)
   📊 Diferença: -0.000 km (-0.0%)

======================================================================
📊 ESTATÍSTICAS FINAIS
======================================================================
Viagens processadas: 1
Distância total: 2.93 km
Combustível total: 54.09 l
CO2 real total: 124958.0 g
CO2 meta total: 563.2 g
Delta CO2: -124394.9 g
Valor E1 total: R$ -6.22

💰 Créditos: R$ 0.00
💸 Débitos: R$ 6.22
📈 Saldo líquido: R$ -6.22
======================================================================

💾 Dados agregados salvos em: ../data/offset_batch/vehicles_step_sim_4/run_097.csv
[csv-worker_4] [vehicles_step_sim_4] ===== LOG RUN 097 FIM =====

[csv-worker_4] [vehicles_step_sim_4] ===== LOG RUN 098 INICIO =====
======================================================================
🚗 PROCESSAMENTO SUMO → E1 REGISTRY (OFFSET ALEATÓRIO - veh0)
======================================================================
📄 Entrada: ../data/vehicles_step_sim_4.csv
🏭 Consumo fabricante: 12.0 km/l
💰 Preço carbono: R$ 50.0/ton
⭕ Raio máximo do offset aleatório: 2.0 km
🎲 Offset gerado aleatoriamente:
   Ângulo: 254.5°
   Distância: 1.3506 km
   offset_x (lat): -0.003252°  |  offset_y (lon): -0.011689°
📊 Row stepping: Processando todas as linhas
🗺️  Map matching: DESATIVADO
📐 Cálculo de distância: HAVERSINE PURO dos pontos COM snap (consistência)
======================================================================

📊 Carregando dados SUMO...
   Total de registros no arquivo: 300
   Veículos únicos: 1
   🚙 Vehicle selecionado: carro_1000

🔄 Agregando viagens por vehicle_id...
  📐 SUMO_carro_1000: Calculando distâncias com Haversine direto (SEM routing API)
      Original: 323 pontos → 2.9161 km (Haversine)
      Offset:   323 pontos → 2.9163 km (Haversine)

🚙 Veículo: SUMO_carro_1000
   Modelo: HBEFA4/PC_petrol_Euro-6ab
   Segmentos: 323
   📏 Distância: 2.926 km (city: 2.764, highway: 0.161)
   ⛽ Combustível: 54.094 l
   🏭 CO2 real: 124958.0 g
   🎯 CO2 meta: 563.2 g
   📊 Delta: -124394.9 g
   💰 Valor E1: R$ -6.2197
   🧭 Tentativas map matching: 0

   🔑 OFFSET DETERMINÍSTICO (x=-0.00984866658502006°, y=0.012230854380612895°, max=2.0km):
   📍 Start Original:  (40.775644, -73.960687)
   🔒 Start Protegido: (40.765795, -73.948456) ✓ 1.51 km | ⚠ SEM MAP MATCHING
   📏 Deslocamento final: 1505.0 metros
   📍 End Original:    (40.774046, -73.961617)
   🔒 End Protegido:   (40.764197, -73.949386) ✓ 1.51 km | ⚠ SEM MAP MATCHING
   📏 Deslocamento final: 1505.0 metros

   📐 ANÁLISE DE DISTÂNCIA DO TRAJETO (HAVERSINE DOS PONTOS ARMAZENADOS):
   🔢 Pontos unicos original/offset: 320/320 (Δ +0, +0.0% )
   📍 Trajeto original: 2.916 km (linha reta entre pontos GPS)
   🔒 Trajeto com offset: 2.916 km (linha reta entre pontos COM snap)
   📊 Diferença: +0.000 km (+0.0%)

======================================================================
📊 ESTATÍSTICAS FINAIS
======================================================================
Viagens processadas: 1
Distância total: 2.93 km
Combustível total: 54.09 l
CO2 real total: 124958.0 g
CO2 meta total: 563.2 g
Delta CO2: -124394.9 g
Valor E1 total: R$ -6.22

💰 Créditos: R$ 0.00
💸 Débitos: R$ 6.22
📈 Saldo líquido: R$ -6.22
======================================================================

💾 Dados agregados salvos em: ../data/offset_batch/vehicles_step_sim_4/run_098.csv
[csv-worker_4] [vehicles_step_sim_4] ===== LOG RUN 098 FIM =====

[csv-worker_4] [vehicles_step_sim_4] ===== LOG RUN 099 INICIO =====
======================================================================
🚗 PROCESSAMENTO SUMO → E1 REGISTRY (OFFSET ALEATÓRIO - veh0)
======================================================================
📄 Entrada: ../data/vehicles_step_sim_4.csv
🏭 Consumo fabricante: 12.0 km/l
💰 Preço carbono: R$ 50.0/ton
⭕ Raio máximo do offset aleatório: 2.0 km
🎲 Offset gerado aleatoriamente:
   Ângulo: 33.1°
   Distância: 1.5437 km
   offset_x (lat): 0.011614°  |  offset_y (lon): 0.007578°
📊 Row stepping: Processando todas as linhas
🗺️  Map matching: DESATIVADO
📐 Cálculo de distância: HAVERSINE PURO dos pontos COM snap (consistência)
======================================================================

📊 Carregando dados SUMO...
   Total de registros no arquivo: 300
   Veículos únicos: 1
   🚙 Vehicle selecionado: carro_1000

🔄 Agregando viagens por vehicle_id...
  📐 SUMO_carro_1000: Calculando distâncias com Haversine direto (SEM routing API)
      Original: 323 pontos → 2.9161 km (Haversine)
      Offset:   323 pontos → 2.9161 km (Haversine)

🚙 Veículo: SUMO_carro_1000
   Modelo: HBEFA4/PC_petrol_Euro-6ab
   Segmentos: 323
   📏 Distância: 2.926 km (city: 2.764, highway: 0.161)
   ⛽ Combustível: 54.094 l
   🏭 CO2 real: 124958.0 g
   🎯 CO2 meta: 563.2 g
   📊 Delta: -124394.9 g
   💰 Valor E1: R$ -6.2197
   🧭 Tentativas map matching: 0

   🔑 OFFSET DETERMINÍSTICO (x=0.0005188081511919236°, y=-0.01751455686841314°, max=2.0km):
   📍 Start Original:  (40.775644, -73.960687)
   🔒 Start Protegido: (40.776162, -73.978202) ✓ 1.48 km | ⚠ SEM MAP MATCHING
   📏 Deslocamento final: 1477.6 metros
   📍 End Original:    (40.774046, -73.961617)
   🔒 End Protegido:   (40.774564, -73.979132) ✓ 1.48 km | ⚠ SEM MAP MATCHING
   📏 Deslocamento final: 1477.6 metros

   📐 ANÁLISE DE DISTÂNCIA DO TRAJETO (HAVERSINE DOS PONTOS ARMAZENADOS):
   🔢 Pontos unicos original/offset: 320/320 (Δ +0, +0.0% )
   📍 Trajeto original: 2.916 km (linha reta entre pontos GPS)
   🔒 Trajeto com offset: 2.916 km (linha reta entre pontos COM snap)
   📊 Diferença: -0.000 km (-0.0%)

======================================================================
📊 ESTATÍSTICAS FINAIS
======================================================================
Viagens processadas: 1
Distância total: 2.93 km
Combustível total: 54.09 l
CO2 real total: 124958.0 g
CO2 meta total: 563.2 g
Delta CO2: -124394.9 g
Valor E1 total: R$ -6.22

💰 Créditos: R$ 0.00
💸 Débitos: R$ 6.22
📈 Saldo líquido: R$ -6.22
======================================================================

💾 Dados agregados salvos em: ../data/offset_batch/vehicles_step_sim_4/run_099.csv
[csv-worker_4] [vehicles_step_sim_4] ===== LOG RUN 099 FIM =====

[csv-worker_4] [vehicles_step_sim_4] ===== LOG RUN 100 INICIO =====
======================================================================
🚗 PROCESSAMENTO SUMO → E1 REGISTRY (OFFSET ALEATÓRIO - veh0)
======================================================================
📄 Entrada: ../data/vehicles_step_sim_4.csv
🏭 Consumo fabricante: 12.0 km/l
💰 Preço carbono: R$ 50.0/ton
⭕ Raio máximo do offset aleatório: 2.0 km
🎲 Offset gerado aleatoriamente:
   Ângulo: 235.1°
   Distância: 1.2706 km
   offset_x (lat): -0.006527°  |  offset_y (lon): -0.009364°
📊 Row stepping: Processando todas as linhas
🗺️  Map matching: DESATIVADO
📐 Cálculo de distância: HAVERSINE PURO dos pontos COM snap (consistência)
======================================================================

📊 Carregando dados SUMO...
   Total de registros no arquivo: 300
   Veículos únicos: 1
   🚙 Vehicle selecionado: carro_1000

🔄 Agregando viagens por vehicle_id...
  📐 SUMO_carro_1000: Calculando distâncias com Haversine direto (SEM routing API)
      Original: 337 pontos → 3.3706 km (Haversine)
      Offset:   337 pontos → 3.3707 km (Haversine)

🚙 Veículo: SUMO_carro_1000
   Modelo: HBEFA4/PC_petrol_Euro-6ab
   Segmentos: 337
   📏 Distância: 3.379 km (city: 3.069, highway: 0.310)
   ⛽ Combustível: 58.616 l
   🏭 CO2 real: 135402.3 g
   🎯 CO2 meta: 650.5 g
   📊 Delta: -134751.8 g
   💰 Valor E1: R$ -6.7376
   🧭 Tentativas map matching: 0

   🔑 OFFSET DETERMINÍSTICO (x=-0.001734446085943754°, y=-0.008004787188515414°, max=2.0km):
   📍 Start Original:  (40.775644, -73.960687)
   🔒 Start Protegido: (40.773909, -73.968692) ✓ 0.70 km | ⚠ SEM MAP MATCHING
   📏 Deslocamento final: 701.9 metros
   📍 End Original:    (40.774801, -73.960637)
   🔒 End Protegido:   (40.773067, -73.968642) ✓ 0.70 km | ⚠ SEM MAP MATCHING
   📏 Deslocamento final: 701.9 metros

   📐 ANÁLISE DE DISTÂNCIA DO TRAJETO (HAVERSINE DOS PONTOS ARMAZENADOS):
   🔢 Pontos unicos original/offset: 337/337 (Δ +0, +0.0% )
   📍 Trajeto original: 3.371 km (linha reta entre pontos GPS)
   🔒 Trajeto com offset: 3.371 km (linha reta entre pontos COM snap)
   📊 Diferença: +0.000 km (+0.0%)

======================================================================
📊 ESTATÍSTICAS FINAIS
======================================================================
Viagens processadas: 1
Distância total: 3.38 km
Combustível total: 58.62 l
CO2 real total: 135402.3 g
CO2 meta total: 650.5 g
Delta CO2: -134751.8 g
Valor E1 total: R$ -6.74

💰 Créditos: R$ 0.00
💸 Débitos: R$ 6.74
📈 Saldo líquido: R$ -6.74
======================================================================

💾 Dados agregados salvos em: ../data/offset_batch/vehicles_step_sim_4/run_100.csv
[csv-worker_4] [vehicles_step_sim_4] ===== LOG RUN 100 FIM =====

FIM CSV: vehicles_step_sim_4

==========================================================================================
INICIO CSV: vehicles_step_sim_4 | runs=100 | source=vehicles_step_sim_4.csv
==========================================================================================

[csv-worker_4] [vehicles_step_sim_4] ===== LOG RUN 001 INICIO =====
======================================================================
🚗 PROCESSAMENTO SUMO → E1 REGISTRY (OFFSET ALEATÓRIO - veh0)
======================================================================
📄 Entrada: ../data/vehicles_step_sim_4.csv
🏭 Consumo fabricante: 12.0 km/l
💰 Preço carbono: R$ 50.0/ton
⭕ Raio máximo do offset aleatório: 2.0 km
🎲 Offset gerado aleatoriamente:
   Ângulo: 341.8°
   Distância: 1.8141 km
   offset_x (lat): 0.015480°  |  offset_y (lon): -0.005092°
📊 Row stepping: Processando todas as linhas
🗺️  Map matching: ATIVADO (raio 1500m) - pontos snapped para ruas
📐 Cálculo de distância: HAVERSINE PURO dos pontos COM snap (consistência)
======================================================================

📊 Carregando dados SUMO...

💾 Dados agregados salvos em: ../data/offset_batch/vehicles_step_sim_4/run_001.csv
[csv-worker_4] [vehicles_step_sim_4] ===== LOG RUN 001 FIM =====
