
==========================================================================================
INICIO CSV: vehicles_step_sim_9 | runs=100 | source=vehicles_step_sim_9.csv
==========================================================================================

[csv-worker_9] [vehicles_step_sim_9] ===== LOG RUN 001 INICIO =====
======================================================================
🚗 PROCESSAMENTO SUMO → E1 REGISTRY (OFFSET ALEATÓRIO - veh0)
======================================================================
📄 Entrada: ../data/vehicles_step_sim_9.csv
🏭 Consumo fabricante: 12.0 km/l
💰 Preço carbono: R$ 50.0/ton
⭕ Raio máximo do offset aleatório: 2.0 km
🎲 Offset gerado aleatoriamente:
   Ângulo: 66.9°
   Distância: 1.7262 km
   offset_x (lat): 0.006085°  |  offset_y (lon): 0.014263°
📊 Row stepping: Processando todas as linhas
🗺️  Map matching: DESATIVADO
📐 Cálculo de distância: HAVERSINE PURO dos pontos COM snap (consistência)
======================================================================

📊 Carregando dados SUMO...

💾 Dados agregados salvos em: ../data/offset_batch/vehicles_step_sim_9/run_001.csv
[csv-worker_9] [vehicles_step_sim_9] ===== LOG RUN 001 FIM =====

[csv-worker_9] [vehicles_step_sim_9] ===== LOG RUN 002 INICIO =====
======================================================================
🚗 PROCESSAMENTO SUMO → E1 REGISTRY (OFFSET ALEATÓRIO - veh0)
======================================================================
📄 Entrada: ../data/vehicles_step_sim_9.csv
🏭 Consumo fabricante: 12.0 km/l
💰 Preço carbono: R$ 50.0/ton
⭕ Raio máximo do offset aleatório: 2.0 km
🎲 Offset gerado aleatoriamente:
   Ângulo: 272.4°
   Distância: 1.5466 km
   offset_x (lat): 0.000577°  |  offset_y (lon): -0.013881°
📊 Row stepping: Processando todas as linhas
🗺️  Map matching: DESATIVADO
📐 Cálculo de distância: HAVERSINE PURO dos pontos COM snap (consistência)
======================================================================

📊 Carregando dados SUMO...

💾 Dados agregados salvos em: ../data/offset_batch/vehicles_step_sim_1/run_001.csv

💾 Dados agregados salvos em: ../data/offset_batch/vehicles_step_sim_6/run_002.csv
[csv-worker_9] [vehicles_step_sim_9] ===== LOG RUN 002 FIM =====

[csv-worker_9] [vehicles_step_sim_9] ===== LOG RUN 003 INICIO =====
======================================================================
🚗 PROCESSAMENTO SUMO → E1 REGISTRY (OFFSET ALEATÓRIO - veh0)
======================================================================
📄 Entrada: ../data/vehicles_step_sim_9.csv
🏭 Consumo fabricante: 12.0 km/l
💰 Preço carbono: R$ 50.0/ton
⭕ Raio máximo do offset aleatório: 2.0 km
🎲 Offset gerado aleatoriamente:
   Ângulo: 292.9°
   Distância: 1.3753 km
   offset_x (lat): 0.004815°  |  offset_y (lon): -0.011377°
📊 Row stepping: Processando todas as linhas
🗺️  Map matching: DESATIVADO
📐 Cálculo de distância: HAVERSINE PURO dos pontos COM snap (consistência)
======================================================================

📊 Carregando dados SUMO...
   Total de registros no arquivo: 222
   Veículos únicos: 1
   🚙 Vehicle selecionado: carro_1000

🔄 Agregando viagens por vehicle_id...
   Total de registros no arquivo: 323
   Veículos únicos: 1
   🚙 Vehicle selecionado: carro_1000

🔄 Agregando viagens por vehicle_id...
   Total de registros no arquivo: 155
   Veículos únicos: 1
   🚙 Vehicle selecionado: carro_1000

🔄 Agregando viagens por vehicle_id...
   Total de registros no arquivo: 131
   Veículos únicos: 1
   🚙 Vehicle selecionado: carro_1000

🔄 Agregando viagens por vehicle_id...
  📐 SUMO_carro_1000: Calculando distâncias com Haversine direto (SEM routing API)
      Original: 300 pontos → 3.1542 km (Haversine)
      Offset:   300 pontos → 3.1545 km (Haversine)

🚙 Veículo: SUMO_carro_1000
   Modelo: HBEFA4/PC_petrol_Euro-6ab
   Segmentos: 300
   📏 Distância: 3.158 km (city: 2.541, highway: 0.617)
   ⛽ Combustível: 49.984 l
   🏭 CO2 real: 115462.6 g
   🎯 CO2 meta: 608.0 g
   📊 Delta: -114854.6 g
   💰 Valor E1: R$ -5.7427
   🧭 Tentativas map matching: 0

   🔑 OFFSET DETERMINÍSTICO (x=-0.013920320828813887°, y=-0.005162803512871366°, max=2.0km):
   📍 Start Original:  (40.775644, -73.960687)
   🔒 Start Protegido: (40.761723, -73.965850) ✓ 1.61 km | ⚠ SEM MAP MATCHING
   📏 Deslocamento final: 1609.6 metros
   📍 End Original:    (40.773912, -73.961904)
   🔒 End Protegido:   (40.759992, -73.967067) ✓ 1.61 km | ⚠ SEM MAP MATCHING
   📏 Deslocamento final: 1609.6 metros

   📐 ANÁLISE DE DISTÂNCIA DO TRAJETO (HAVERSINE DOS PONTOS ARMAZENADOS):
   🔢 Pontos unicos original/offset: 299/299 (Δ +0, +0.0% )
   📍 Trajeto original: 3.154 km (linha reta entre pontos GPS)
   🔒 Trajeto com offset: 3.154 km (linha reta entre pontos COM snap)
   📊 Diferença: +0.000 km (+0.0%)

======================================================================
📊 ESTATÍSTICAS FINAIS
======================================================================
Viagens processadas: 1
Distância total: 3.16 km
Combustível total: 49.98 l
CO2 real total: 115462.6 g
CO2 meta total: 608.0 g
Delta CO2: -114854.6 g
Valor E1 total: R$ -5.74

💰 Créditos: R$ 0.00
💸 Débitos: R$ 5.74
📈 Saldo líquido: R$ -5.74
======================================================================

💾 Dados agregados salvos em: ../data/offset_batch/vehicles_step_sim_9/run_003.csv
[csv-worker_9] [vehicles_step_sim_9] ===== LOG RUN 003 FIM =====

[csv-worker_9] [vehicles_step_sim_9] ===== LOG RUN 004 INICIO =====
======================================================================
🚗 PROCESSAMENTO SUMO → E1 REGISTRY (OFFSET ALEATÓRIO - veh0)
======================================================================
📄 Entrada: ../data/vehicles_step_sim_9.csv
🏭 Consumo fabricante: 12.0 km/l
💰 Preço carbono: R$ 50.0/ton
⭕ Raio máximo do offset aleatório: 2.0 km
🎲 Offset gerado aleatoriamente:
   Ângulo: 205.2°
   Distância: 1.6493 km
   offset_x (lat): -0.013404°  |  offset_y (lon): -0.006313°
📊 Row stepping: Processando todas as linhas
🗺️  Map matching: DESATIVADO
📐 Cálculo de distância: HAVERSINE PURO dos pontos COM snap (consistência)
======================================================================

📊 Carregando dados SUMO...
   Total de registros no arquivo: 131
   Veículos únicos: 1
   🚙 Vehicle selecionado: carro_1000

🔄 Agregando viagens por vehicle_id...
  📐 SUMO_carro_1000: Calculando distâncias com Haversine direto (SEM routing API)
      Original: 324 pontos → 3.1629 km (Haversine)
      Offset:   324 pontos → 3.1627 km (Haversine)

🚙 Veículo: SUMO_carro_1000
   Modelo: HBEFA4/PC_petrol_Euro-6ab
   Segmentos: 324
   📏 Distância: 3.166 km (city: 3.024, highway: 0.142)
   ⛽ Combustível: 49.530 l
   🏭 CO2 real: 114414.1 g
   🎯 CO2 meta: 609.4 g
   📊 Delta: -113804.6 g
   💰 Valor E1: R$ -5.6902
   🧭 Tentativas map matching: 0

   🔑 OFFSET DETERMINÍSTICO (x=0.01223472448265077°, y=0.004830427168035267°, max=2.0km):
   📍 Start Original:  (40.775644, -73.960687)
   🔒 Start Protegido: (40.787878, -73.955857) ✓ 1.42 km | ⚠ SEM MAP MATCHING
   📏 Deslocamento final: 1421.5 metros
   📍 End Original:    (40.772251, -73.963071)
   🔒 End Protegido:   (40.784485, -73.958240) ✓ 1.42 km | ⚠ SEM MAP MATCHING
   📏 Deslocamento final: 1421.5 metros

   📐 ANÁLISE DE DISTÂNCIA DO TRAJETO (HAVERSINE DOS PONTOS ARMAZENADOS):
   🔢 Pontos unicos original/offset: 324/324 (Δ +0, +0.0% )
   📍 Trajeto original: 3.163 km (linha reta entre pontos GPS)
   🔒 Trajeto com offset: 3.163 km (linha reta entre pontos COM snap)
   📊 Diferença: -0.000 km (-0.0%)

======================================================================
📊 ESTATÍSTICAS FINAIS
======================================================================
Viagens processadas: 1
Distância total: 3.17 km
Combustível total: 49.53 l
CO2 real total: 114414.1 g
CO2 meta total: 609.4 g
Delta CO2: -113804.6 g
Valor E1 total: R$ -5.69

💰 Créditos: R$ 0.00
💸 Débitos: R$ 5.69
📈 Saldo líquido: R$ -5.69
======================================================================

💾 Dados agregados salvos em: ../data/offset_batch/vehicles_step_sim_9/run_004.csv
[csv-worker_9] [vehicles_step_sim_9] ===== LOG RUN 004 FIM =====

[csv-worker_9] [vehicles_step_sim_9] ===== LOG RUN 005 INICIO =====
======================================================================
🚗 PROCESSAMENTO SUMO → E1 REGISTRY (OFFSET ALEATÓRIO - veh0)
======================================================================
📄 Entrada: ../data/vehicles_step_sim_9.csv
🏭 Consumo fabricante: 12.0 km/l
💰 Preço carbono: R$ 50.0/ton
⭕ Raio máximo do offset aleatório: 2.0 km
🎲 Offset gerado aleatoriamente:
   Ângulo: 334.3°
   Distância: 1.0389 km
   offset_x (lat): 0.008412°  |  offset_y (lon): -0.004040°
📊 Row stepping: Processando todas as linhas
🗺️  Map matching: DESATIVADO
📐 Cálculo de distância: HAVERSINE PURO dos pontos COM snap (consistência)
======================================================================

📊 Carregando dados SUMO...
   Total de registros no arquivo: 131
   Veículos únicos: 1
   🚙 Vehicle selecionado: carro_1000

🔄 Agregando viagens por vehicle_id...
  📐 SUMO_carro_1000: Calculando distâncias com Haversine direto (SEM routing API)
      Original: 301 pontos → 3.1480 km (Haversine)
      Offset:   301 pontos → 3.1477 km (Haversine)

🚙 Veículo: SUMO_carro_1000
   Modelo: HBEFA4/PC_petrol_Euro-6ab
   Segmentos: 301
   📏 Distância: 3.159 km (city: 3.020, highway: 0.139)
   ⛽ Combustível: 51.224 l
   🏭 CO2 real: 118326.7 g
   🎯 CO2 meta: 608.1 g
   📊 Delta: -117718.6 g
   💰 Valor E1: R$ -5.8859
   🧭 Tentativas map matching: 0

   🔑 OFFSET DETERMINÍSTICO (x=0.010661974632441553°, y=0.006676957616675545°, max=2.0km):
   📍 Start Original:  (40.775644, -73.960687)
   🔒 Start Protegido: (40.786306, -73.954010) ✓ 1.31 km | ⚠ SEM MAP MATCHING
   📏 Deslocamento final: 1313.6 metros
   📍 End Original:    (40.771236, -73.963813)
   🔒 End Protegido:   (40.781898, -73.957136) ✓ 1.31 km | ⚠ SEM MAP MATCHING
   📏 Deslocamento final: 1313.6 metros

   📐 ANÁLISE DE DISTÂNCIA DO TRAJETO (HAVERSINE DOS PONTOS ARMAZENADOS):
   🔢 Pontos unicos original/offset: 301/301 (Δ +0, +0.0% )
   📍 Trajeto original: 3.148 km (linha reta entre pontos GPS)
   🔒 Trajeto com offset: 3.148 km (linha reta entre pontos COM snap)
   📊 Diferença: -0.000 km (-0.0%)

======================================================================
📊 ESTATÍSTICAS FINAIS
======================================================================
Viagens processadas: 1
Distância total: 3.16 km
Combustível total: 51.22 l
CO2 real total: 118326.7 g
CO2 meta total: 608.1 g
Delta CO2: -117718.6 g
Valor E1 total: R$ -5.89

💰 Créditos: R$ 0.00
💸 Débitos: R$ 5.89
📈 Saldo líquido: R$ -5.89
======================================================================

💾 Dados agregados salvos em: ../data/offset_batch/vehicles_step_sim_9/run_005.csv
[csv-worker_9] [vehicles_step_sim_9] ===== LOG RUN 005 FIM =====

[csv-worker_9] [vehicles_step_sim_9] ===== LOG RUN 006 INICIO =====
======================================================================
🚗 PROCESSAMENTO SUMO → E1 REGISTRY (OFFSET ALEATÓRIO - veh0)
======================================================================
📄 Entrada: ../data/vehicles_step_sim_9.csv
🏭 Consumo fabricante: 12.0 km/l
💰 Preço carbono: R$ 50.0/ton
⭕ Raio máximo do offset aleatório: 2.0 km
🎲 Offset gerado aleatoriamente:
   Ângulo: 202.2°
   Distância: 1.9319 km
   offset_x (lat): -0.016068°  |  offset_y (lon): -0.006557°
📊 Row stepping: Processando todas as linhas
🗺️  Map matching: DESATIVADO
📐 Cálculo de distância: HAVERSINE PURO dos pontos COM snap (consistência)
======================================================================

📊 Carregando dados SUMO...
   Total de registros no arquivo: 131
   Veículos únicos: 1
   🚙 Vehicle selecionado: carro_1000

🔄 Agregando viagens por vehicle_id...
  📐 SUMO_carro_1000: Calculando distâncias com Haversine direto (SEM routing API)
      Original: 222 pontos → 1.9688 km (Haversine)
      Offset:   222 pontos → 1.9686 km (Haversine)

🚙 Veículo: SUMO_carro_1000
   Modelo: HBEFA4/PC_petrol_Euro-6ab
   Segmentos: 222
   📏 Distância: 1.973 km (city: 1.973, highway: 0.000)
   ⛽ Combustível: 24.219 l
   🏭 CO2 real: 55946.2 g
   🎯 CO2 meta: 379.8 g
   📊 Delta: -55566.4 g
   💰 Valor E1: R$ -2.7783
   🧭 Tentativas map matching: 0

   🔑 OFFSET DETERMINÍSTICO (x=0.01277210163652822°, y=0.00520493746042305°, max=2.0km):
   📍 Start Original:  (40.775644, -73.960687)
   🔒 Start Protegido: (40.788416, -73.955482) ✓ 1.49 km | ⚠ SEM MAP MATCHING
   📏 Deslocamento final: 1488.0 metros
   📍 End Original:    (40.772651, -73.962544)
   🔒 End Protegido:   (40.785423, -73.957339) ✓ 1.49 km | ⚠ SEM MAP MATCHING
   📏 Deslocamento final: 1488.0 metros

   📐 ANÁLISE DE DISTÂNCIA DO TRAJETO (HAVERSINE DOS PONTOS ARMAZENADOS):
   🔢 Pontos unicos original/offset: 221/221 (Δ +0, +0.0% )
   📍 Trajeto original: 1.969 km (linha reta entre pontos GPS)
   🔒 Trajeto com offset: 1.969 km (linha reta entre pontos COM snap)
   📊 Diferença: -0.000 km (-0.0%)

======================================================================
📊 ESTATÍSTICAS FINAIS
======================================================================
Viagens processadas: 1
Distância total: 1.97 km
Combustível total: 24.22 l
CO2 real total: 55946.2 g
CO2 meta total: 379.8 g
Delta CO2: -55566.4 g
Valor E1 total: R$ -2.78

💰 Créditos: R$ 0.00
💸 Débitos: R$ 2.78
📈 Saldo líquido: R$ -2.78
======================================================================

💾 Dados agregados salvos em: ../data/offset_batch/vehicles_step_sim_9/run_006.csv
[csv-worker_9] [vehicles_step_sim_9] ===== LOG RUN 006 FIM =====

[csv-worker_9] [vehicles_step_sim_9] ===== LOG RUN 007 INICIO =====
======================================================================
🚗 PROCESSAMENTO SUMO → E1 REGISTRY (OFFSET ALEATÓRIO - veh0)
======================================================================
📄 Entrada: ../data/vehicles_step_sim_9.csv
🏭 Consumo fabricante: 12.0 km/l
💰 Preço carbono: R$ 50.0/ton
⭕ Raio máximo do offset aleatório: 2.0 km
🎲 Offset gerado aleatoriamente:
   Ângulo: 113.4°
   Distância: 1.6701 km
   offset_x (lat): -0.005959°  |  offset_y (lon): 0.013769°
📊 Row stepping: Processando todas as linhas
🗺️  Map matching: DESATIVADO
📐 Cálculo de distância: HAVERSINE PURO dos pontos COM snap (consistência)
======================================================================

📊 Carregando dados SUMO...
   Total de registros no arquivo: 131
   Veículos únicos: 1
   🚙 Vehicle selecionado: carro_1000

🔄 Agregando viagens por vehicle_id...
  📐 SUMO_carro_1000: Calculando distâncias com Haversine direto (SEM routing API)
      Original: 301 pontos → 3.1480 km (Haversine)
      Offset:   301 pontos → 3.1481 km (Haversine)

🚙 Veículo: SUMO_carro_1000
   Modelo: HBEFA4/PC_petrol_Euro-6ab
   Segmentos: 301
   📏 Distância: 3.159 km (city: 3.020, highway: 0.139)
   ⛽ Combustível: 51.224 l
   🏭 CO2 real: 118326.7 g
   🎯 CO2 meta: 608.1 g
   📊 Delta: -117718.6 g
   💰 Valor E1: R$ -5.8859
   🧭 Tentativas map matching: 0

   🔑 OFFSET DETERMINÍSTICO (x=-0.004349040826832841°, y=0.0009747897793537088°, max=2.0km):
   📍 Start Original:  (40.775644, -73.960687)
   🔒 Start Protegido: (40.771295, -73.959712) ✓ 0.49 km | ⚠ SEM MAP MATCHING
   📏 Deslocamento final: 491.1 metros
   📍 End Original:    (40.771236, -73.963813)
   🔒 End Protegido:   (40.766887, -73.962838) ✓ 0.49 km | ⚠ SEM MAP MATCHING
   📏 Deslocamento final: 491.1 metros

   📐 ANÁLISE DE DISTÂNCIA DO TRAJETO (HAVERSINE DOS PONTOS ARMAZENADOS):
   🔢 Pontos unicos original/offset: 301/301 (Δ +0, +0.0% )
   📍 Trajeto original: 3.148 km (linha reta entre pontos GPS)
   🔒 Trajeto com offset: 3.148 km (linha reta entre pontos COM snap)
   📊 Diferença: +0.000 km (+0.0%)

======================================================================
📊 ESTATÍSTICAS FINAIS
======================================================================
Viagens processadas: 1
Distância total: 3.16 km
Combustível total: 51.22 l
CO2 real total: 118326.7 g
CO2 meta total: 608.1 g
Delta CO2: -117718.6 g
Valor E1 total: R$ -5.89

💰 Créditos: R$ 0.00
💸 Débitos: R$ 5.89
📈 Saldo líquido: R$ -5.89
======================================================================

💾 Dados agregados salvos em: ../data/offset_batch/vehicles_step_sim_9/run_007.csv
[csv-worker_9] [vehicles_step_sim_9] ===== LOG RUN 007 FIM =====

[csv-worker_9] [vehicles_step_sim_9] ===== LOG RUN 008 INICIO =====
======================================================================
🚗 PROCESSAMENTO SUMO → E1 REGISTRY (OFFSET ALEATÓRIO - veh0)
======================================================================
📄 Entrada: ../data/vehicles_step_sim_9.csv
🏭 Consumo fabricante: 12.0 km/l
💰 Preço carbono: R$ 50.0/ton
⭕ Raio máximo do offset aleatório: 2.0 km
🎲 Offset gerado aleatoriamente:
   Ângulo: 71.9°
   Distância: 1.2706 km
   offset_x (lat): 0.003543°  |  offset_y (lon): 0.010850°
📊 Row stepping: Processando todas as linhas
🗺️  Map matching: DESATIVADO
📐 Cálculo de distância: HAVERSINE PURO dos pontos COM snap (consistência)
======================================================================

📊 Carregando dados SUMO...
   Total de registros no arquivo: 131
   Veículos únicos: 1
   🚙 Vehicle selecionado: carro_1000

🔄 Agregando viagens por vehicle_id...
  📐 SUMO_carro_1000: Calculando distâncias com Haversine direto (SEM routing API)
      Original: 337 pontos → 3.3706 km (Haversine)
      Offset:   337 pontos → 3.3704 km (Haversine)

🚙 Veículo: SUMO_carro_1000
   Modelo: HBEFA4/PC_petrol_Euro-6ab
   Segmentos: 337
   📏 Distância: 3.379 km (city: 3.069, highway: 0.310)
   ⛽ Combustível: 58.616 l
   🏭 CO2 real: 135402.3 g
   🎯 CO2 meta: 650.5 g
   📊 Delta: -134751.8 g
   💰 Valor E1: R$ -6.7376
   🧭 Tentativas map matching: 0

   🔑 OFFSET DETERMINÍSTICO (x=0.006823376096753497°, y=-0.0033801060301931005°, max=2.0km):
   📍 Start Original:  (40.775644, -73.960687)
   🔒 Start Protegido: (40.782467, -73.964067) ✓ 0.81 km | ⚠ SEM MAP MATCHING
   📏 Deslocamento final: 811.3 metros
   📍 End Original:    (40.774801, -73.960637)
   🔒 End Protegido:   (40.781625, -73.964017) ✓ 0.81 km | ⚠ SEM MAP MATCHING
   📏 Deslocamento final: 811.3 metros

   📐 ANÁLISE DE DISTÂNCIA DO TRAJETO (HAVERSINE DOS PONTOS ARMAZENADOS):
   🔢 Pontos unicos original/offset: 337/337 (Δ +0, +0.0% )
   📍 Trajeto original: 3.371 km (linha reta entre pontos GPS)
   🔒 Trajeto com offset: 3.370 km (linha reta entre pontos COM snap)
   📊 Diferença: -0.000 km (-0.0%)

======================================================================
📊 ESTATÍSTICAS FINAIS
======================================================================
Viagens processadas: 1
Distância total: 3.38 km
Combustível total: 58.62 l
CO2 real total: 135402.3 g
CO2 meta total: 650.5 g
Delta CO2: -134751.8 g
Valor E1 total: R$ -6.74

💰 Créditos: R$ 0.00
💸 Débitos: R$ 6.74
📈 Saldo líquido: R$ -6.74
======================================================================

💾 Dados agregados salvos em: ../data/offset_batch/vehicles_step_sim_9/run_008.csv
[csv-worker_9] [vehicles_step_sim_9] ===== LOG RUN 008 FIM =====

[csv-worker_9] [vehicles_step_sim_9] ===== LOG RUN 009 INICIO =====
======================================================================
🚗 PROCESSAMENTO SUMO → E1 REGISTRY (OFFSET ALEATÓRIO - veh0)
======================================================================
📄 Entrada: ../data/vehicles_step_sim_9.csv
🏭 Consumo fabricante: 12.0 km/l
💰 Preço carbono: R$ 50.0/ton
⭕ Raio máximo do offset aleatório: 2.0 km
🎲 Offset gerado aleatoriamente:
   Ângulo: 235.9°
   Distância: 0.6697 km
   offset_x (lat): -0.003377°  |  offset_y (lon): -0.004979°
📊 Row stepping: Processando todas as linhas
🗺️  Map matching: DESATIVADO
📐 Cálculo de distância: HAVERSINE PURO dos pontos COM snap (consistência)
======================================================================

📊 Carregando dados SUMO...
   Total de registros no arquivo: 131
   Veículos únicos: 1
   🚙 Vehicle selecionado: carro_1000

🔄 Agregando viagens por vehicle_id...
  📐 SUMO_carro_1000: Calculando distâncias com Haversine direto (SEM routing API)
      Original: 299 pontos → 3.0526 km (Haversine)
      Offset:   299 pontos → 3.0526 km (Haversine)

🚙 Veículo: SUMO_carro_1000
   Modelo: HBEFA4/PC_petrol_Euro-6ab
   Segmentos: 299
   📏 Distância: 3.060 km (city: 3.060, highway: 0.000)
   ⛽ Combustível: 48.384 l
   🏭 CO2 real: 111766.0 g
   🎯 CO2 meta: 589.0 g
   📊 Delta: -111177.0 g
   💰 Valor E1: R$ -5.5588
   🧭 Tentativas map matching: 0

   🔑 OFFSET DETERMINÍSTICO (x=-0.002146482581683916°, y=0.0022992932517203876°, max=2.0km):
   📍 Start Original:  (40.775644, -73.960687)
   🔒 Start Protegido: (40.773497, -73.958388) ✓ 0.31 km | ⚠ SEM MAP MATCHING
   📏 Deslocamento final: 307.7 metros
   📍 End Original:    (40.774198, -73.961141)
   🔒 End Protegido:   (40.772052, -73.958842) ✓ 0.31 km | ⚠ SEM MAP MATCHING
   📏 Deslocamento final: 307.7 metros

   📐 ANÁLISE DE DISTÂNCIA DO TRAJETO (HAVERSINE DOS PONTOS ARMAZENADOS):
   🔢 Pontos unicos original/offset: 299/299 (Δ +0, +0.0% )
   📍 Trajeto original: 3.053 km (linha reta entre pontos GPS)
   🔒 Trajeto com offset: 3.053 km (linha reta entre pontos COM snap)
   📊 Diferença: +0.000 km (+0.0%)

======================================================================
📊 ESTATÍSTICAS FINAIS
======================================================================
Viagens processadas: 1
Distância total: 3.06 km
Combustível total: 48.38 l
CO2 real total: 111766.0 g
CO2 meta total: 589.0 g
Delta CO2: -111177.0 g
Valor E1 total: R$ -5.56

💰 Créditos: R$ 0.00
💸 Débitos: R$ 5.56
📈 Saldo líquido: R$ -5.56
======================================================================

💾 Dados agregados salvos em: ../data/offset_batch/vehicles_step_sim_9/run_009.csv
[csv-worker_9] [vehicles_step_sim_9] ===== LOG RUN 009 FIM =====

[csv-worker_9] [vehicles_step_sim_9] ===== LOG RUN 010 INICIO =====
======================================================================
🚗 PROCESSAMENTO SUMO → E1 REGISTRY (OFFSET ALEATÓRIO - veh0)
======================================================================
📄 Entrada: ../data/vehicles_step_sim_9.csv
🏭 Consumo fabricante: 12.0 km/l
💰 Preço carbono: R$ 50.0/ton
⭕ Raio máximo do offset aleatório: 2.0 km
🎲 Offset gerado aleatoriamente:
   Ângulo: 193.9°
   Distância: 1.6161 km
   offset_x (lat): -0.014092°  |  offset_y (lon): -0.003489°
📊 Row stepping: Processando todas as linhas
🗺️  Map matching: DESATIVADO
📐 Cálculo de distância: HAVERSINE PURO dos pontos COM snap (consistência)
======================================================================

📊 Carregando dados SUMO...
   Total de registros no arquivo: 131
   Veículos únicos: 1
   🚙 Vehicle selecionado: carro_1000

🔄 Agregando viagens por vehicle_id...
  📐 SUMO_carro_1000: Calculando distâncias com Haversine direto (SEM routing API)
      Original: 155 pontos → 1.4242 km (Haversine)
      Offset:   155 pontos → 1.4241 km (Haversine)

🚙 Veículo: SUMO_carro_1000
   Modelo: HBEFA4/PC_petrol_Euro-6ab
   Segmentos: 155
   📏 Distância: 1.424 km (city: 1.424, highway: 0.000)
   ⛽ Combustível: 10.127 l
   🏭 CO2 real: 23393.7 g
   🎯 CO2 meta: 274.2 g
   📊 Delta: -23119.5 g
   💰 Valor E1: R$ -1.1560
   🧭 Tentativas map matching: 0

   🔑 OFFSET DETERMINÍSTICO (x=0.012627407909409534°, y=0.003397585197988118°, max=2.0km):
   📍 Start Original:  (40.775644, -73.960687)
   🔒 Start Protegido: (40.788271, -73.957289) ✓ 1.43 km | ⚠ SEM MAP MATCHING
   📏 Deslocamento final: 1434.6 metros
   📍 End Original:    (40.775671, -73.960433)
   🔒 End Protegido:   (40.788299, -73.957036) ✓ 1.43 km | ⚠ SEM MAP MATCHING
   📏 Deslocamento final: 1434.6 metros

   📐 ANÁLISE DE DISTÂNCIA DO TRAJETO (HAVERSINE DOS PONTOS ARMAZENADOS):
   🔢 Pontos unicos original/offset: 155/155 (Δ +0, +0.0% )
   📍 Trajeto original: 1.424 km (linha reta entre pontos GPS)
   🔒 Trajeto com offset: 1.424 km (linha reta entre pontos COM snap)
   📊 Diferença: -0.000 km (-0.0%)

======================================================================
📊 ESTATÍSTICAS FINAIS
======================================================================
Viagens processadas: 1
Distância total: 1.42 km
Combustível total: 10.13 l
CO2 real total: 23393.7 g
CO2 meta total: 274.2 g
Delta CO2: -23119.5 g
Valor E1 total: R$ -1.16

💰 Créditos: R$ 0.00
💸 Débitos: R$ 1.16
📈 Saldo líquido: R$ -1.16
======================================================================

💾 Dados agregados salvos em: ../data/offset_batch/vehicles_step_sim_9/run_010.csv
[csv-worker_9] [vehicles_step_sim_9] ===== LOG RUN 010 FIM =====

[csv-worker_9] [vehicles_step_sim_9] ===== LOG RUN 011 INICIO =====
======================================================================
🚗 PROCESSAMENTO SUMO → E1 REGISTRY (OFFSET ALEATÓRIO - veh0)
======================================================================
📄 Entrada: ../data/vehicles_step_sim_9.csv
🏭 Consumo fabricante: 12.0 km/l
💰 Preço carbono: R$ 50.0/ton
⭕ Raio máximo do offset aleatório: 2.0 km
🎲 Offset gerado aleatoriamente:
   Ângulo: 43.4°
   Distância: 1.4203 km
   offset_x (lat): 0.009270°  |  offset_y (lon): 0.008766°
📊 Row stepping: Processando todas as linhas
🗺️  Map matching: DESATIVADO
📐 Cálculo de distância: HAVERSINE PURO dos pontos COM snap (consistência)
======================================================================

📊 Carregando dados SUMO...
   Total de registros no arquivo: 131
   Veículos únicos: 1
   🚙 Vehicle selecionado: carro_1000

🔄 Agregando viagens por vehicle_id...
  📐 SUMO_carro_1000: Calculando distâncias com Haversine direto (SEM routing API)
      Original: 222 pontos → 1.9688 km (Haversine)
      Offset:   222 pontos → 1.9686 km (Haversine)

🚙 Veículo: SUMO_carro_1000
   Modelo: HBEFA4/PC_petrol_Euro-6ab
   Segmentos: 222
   📏 Distância: 1.973 km (city: 1.973, highway: 0.000)
   ⛽ Combustível: 24.219 l
   🏭 CO2 real: 55946.2 g
   🎯 CO2 meta: 379.8 g
   📊 Delta: -55566.4 g
   💰 Valor E1: R$ -2.7783
   🧭 Tentativas map matching: 0

   🔑 OFFSET DETERMINÍSTICO (x=0.013088435441238498°, y=-0.0008593230072017924°, max=2.0km):
   📍 Start Original:  (40.775644, -73.960687)
   🔒 Start Protegido: (40.788732, -73.961546) ✓ 1.46 km | ⚠ SEM MAP MATCHING
   📏 Deslocamento final: 1458.8 metros
   📍 End Original:    (40.772651, -73.962544)
   🔒 End Protegido:   (40.785740, -73.963404) ✓ 1.46 km | ⚠ SEM MAP MATCHING
   📏 Deslocamento final: 1458.8 metros

   📐 ANÁLISE DE DISTÂNCIA DO TRAJETO (HAVERSINE DOS PONTOS ARMAZENADOS):
   🔢 Pontos unicos original/offset: 221/221 (Δ +0, +0.0% )
   📍 Trajeto original: 1.969 km (linha reta entre pontos GPS)
   🔒 Trajeto com offset: 1.969 km (linha reta entre pontos COM snap)
   📊 Diferença: -0.000 km (-0.0%)

======================================================================
📊 ESTATÍSTICAS FINAIS
======================================================================
Viagens processadas: 1
Distância total: 1.97 km
Combustível total: 24.22 l
CO2 real total: 55946.2 g
CO2 meta total: 379.8 g
Delta CO2: -55566.4 g
Valor E1 total: R$ -2.78

💰 Créditos: R$ 0.00
💸 Débitos: R$ 2.78
📈 Saldo líquido: R$ -2.78
======================================================================

💾 Dados agregados salvos em: ../data/offset_batch/vehicles_step_sim_9/run_011.csv
[csv-worker_9] [vehicles_step_sim_9] ===== LOG RUN 011 FIM =====

[csv-worker_9] [vehicles_step_sim_9] ===== LOG RUN 012 INICIO =====
======================================================================
🚗 PROCESSAMENTO SUMO → E1 REGISTRY (OFFSET ALEATÓRIO - veh0)
======================================================================
📄 Entrada: ../data/vehicles_step_sim_9.csv
🏭 Consumo fabricante: 12.0 km/l
💰 Preço carbono: R$ 50.0/ton
⭕ Raio máximo do offset aleatório: 2.0 km
🎲 Offset gerado aleatoriamente:
   Ângulo: 275.7°
   Distância: 0.7499 km
   offset_x (lat): 0.000666°  |  offset_y (lon): -0.006704°
📊 Row stepping: Processando todas as linhas
🗺️  Map matching: DESATIVADO
📐 Cálculo de distância: HAVERSINE PURO dos pontos COM snap (consistência)
======================================================================

📊 Carregando dados SUMO...
   Total de registros no arquivo: 131
   Veículos únicos: 1
   🚙 Vehicle selecionado: carro_1000

🔄 Agregando viagens por vehicle_id...
  📐 SUMO_carro_1000: Calculando distâncias com Haversine direto (SEM routing API)
      Original: 301 pontos → 3.1480 km (Haversine)
      Offset:   301 pontos → 3.1479 km (Haversine)

🚙 Veículo: SUMO_carro_1000
   Modelo: HBEFA4/PC_petrol_Euro-6ab
   Segmentos: 301
   📏 Distância: 3.159 km (city: 3.020, highway: 0.139)
   ⛽ Combustível: 51.224 l
   🏭 CO2 real: 118326.7 g
   🎯 CO2 meta: 608.1 g
   📊 Delta: -117718.6 g
   💰 Valor E1: R$ -5.8859
   🧭 Tentativas map matching: 0

   🔑 OFFSET DETERMINÍSTICO (x=0.0019901693517897084°, y=-0.008610125151833103°, max=2.0km):
   📍 Start Original:  (40.775644, -73.960687)
   🔒 Start Protegido: (40.777634, -73.969297) ✓ 0.76 km | ⚠ SEM MAP MATCHING
   📏 Deslocamento final: 758.9 metros
   📍 End Original:    (40.771236, -73.963813)
   🔒 End Protegido:   (40.773226, -73.972423) ✓ 0.76 km | ⚠ SEM MAP MATCHING
   📏 Deslocamento final: 758.9 metros

   📐 ANÁLISE DE DISTÂNCIA DO TRAJETO (HAVERSINE DOS PONTOS ARMAZENADOS):
   🔢 Pontos unicos original/offset: 301/301 (Δ +0, +0.0% )
   📍 Trajeto original: 3.148 km (linha reta entre pontos GPS)
   🔒 Trajeto com offset: 3.148 km (linha reta entre pontos COM snap)
   📊 Diferença: -0.000 km (-0.0%)

======================================================================
📊 ESTATÍSTICAS FINAIS
======================================================================
Viagens processadas: 1
Distância total: 3.16 km
Combustível total: 51.22 l
CO2 real total: 118326.7 g
CO2 meta total: 608.1 g
Delta CO2: -117718.6 g
Valor E1 total: R$ -5.89

💰 Créditos: R$ 0.00
💸 Débitos: R$ 5.89
📈 Saldo líquido: R$ -5.89
======================================================================

💾 Dados agregados salvos em: ../data/offset_batch/vehicles_step_sim_9/run_012.csv
[csv-worker_9] [vehicles_step_sim_9] ===== LOG RUN 012 FIM =====

[csv-worker_9] [vehicles_step_sim_9] ===== LOG RUN 013 INICIO =====
======================================================================
🚗 PROCESSAMENTO SUMO → E1 REGISTRY (OFFSET ALEATÓRIO - veh0)
======================================================================
📄 Entrada: ../data/vehicles_step_sim_9.csv
🏭 Consumo fabricante: 12.0 km/l
💰 Preço carbono: R$ 50.0/ton
⭕ Raio máximo do offset aleatório: 2.0 km
🎲 Offset gerado aleatoriamente:
   Ângulo: 281.2°
   Distância: 0.5186 km
   offset_x (lat): 0.000904°  |  offset_y (lon): -0.004570°
📊 Row stepping: Processando todas as linhas
🗺️  Map matching: DESATIVADO
📐 Cálculo de distância: HAVERSINE PURO dos pontos COM snap (consistência)
======================================================================

📊 Carregando dados SUMO...
   Total de registros no arquivo: 131
   Veículos únicos: 1
   🚙 Vehicle selecionado: carro_1000

🔄 Agregando viagens por vehicle_id...
  📐 SUMO_carro_1000: Calculando distâncias com Haversine direto (SEM routing API)
      Original: 337 pontos → 3.3706 km (Haversine)
      Offset:   337 pontos → 3.3705 km (Haversine)

🚙 Veículo: SUMO_carro_1000
   Modelo: HBEFA4/PC_petrol_Euro-6ab
   Segmentos: 337
   📏 Distância: 3.379 km (city: 3.069, highway: 0.310)
   ⛽ Combustível: 58.616 l
   🏭 CO2 real: 135402.3 g
   🎯 CO2 meta: 650.5 g
   📊 Delta: -134751.8 g
   💰 Valor E1: R$ -6.7376
   🧭 Tentativas map matching: 0

   🔑 OFFSET DETERMINÍSTICO (x=0.0033873490692122926°, y=-0.008694033917184107°, max=2.0km):
   📍 Start Original:  (40.775644, -73.960687)
   🔒 Start Protegido: (40.779031, -73.969381) ✓ 0.82 km | ⚠ SEM MAP MATCHING
   📏 Deslocamento final: 824.2 metros
   📍 End Original:    (40.774801, -73.960637)
   🔒 End Protegido:   (40.778189, -73.969331) ✓ 0.82 km | ⚠ SEM MAP MATCHING
   📏 Deslocamento final: 824.2 metros

   📐 ANÁLISE DE DISTÂNCIA DO TRAJETO (HAVERSINE DOS PONTOS ARMAZENADOS):
   🔢 Pontos unicos original/offset: 337/337 (Δ +0, +0.0% )
   📍 Trajeto original: 3.371 km (linha reta entre pontos GPS)
   🔒 Trajeto com offset: 3.371 km (linha reta entre pontos COM snap)
   📊 Diferença: -0.000 km (-0.0%)

======================================================================
📊 ESTATÍSTICAS FINAIS
======================================================================
Viagens processadas: 1
Distância total: 3.38 km
Combustível total: 58.62 l
CO2 real total: 135402.3 g
CO2 meta total: 650.5 g
Delta CO2: -134751.8 g
Valor E1 total: R$ -6.74

💰 Créditos: R$ 0.00
💸 Débitos: R$ 6.74
📈 Saldo líquido: R$ -6.74
======================================================================

💾 Dados agregados salvos em: ../data/offset_batch/vehicles_step_sim_9/run_013.csv
[csv-worker_9] [vehicles_step_sim_9] ===== LOG RUN 013 FIM =====

[csv-worker_9] [vehicles_step_sim_9] ===== LOG RUN 014 INICIO =====
======================================================================
🚗 PROCESSAMENTO SUMO → E1 REGISTRY (OFFSET ALEATÓRIO - veh0)
======================================================================
📄 Entrada: ../data/vehicles_step_sim_9.csv
🏭 Consumo fabricante: 12.0 km/l
💰 Preço carbono: R$ 50.0/ton
⭕ Raio máximo do offset aleatório: 2.0 km
🎲 Offset gerado aleatoriamente:
   Ângulo: 30.5°
   Distância: 1.0500 km
   offset_x (lat): 0.008123°  |  offset_y (lon): 0.004793°
📊 Row stepping: Processando todas as linhas
🗺️  Map matching: DESATIVADO
📐 Cálculo de distância: HAVERSINE PURO dos pontos COM snap (consistência)
======================================================================

📊 Carregando dados SUMO...
   Total de registros no arquivo: 131
   Veículos únicos: 1
   🚙 Vehicle selecionado: carro_1000

🔄 Agregando viagens por vehicle_id...
  📐 SUMO_carro_1000: Calculando distâncias com Haversine direto (SEM routing API)
      Original: 301 pontos → 3.1480 km (Haversine)
      Offset:   301 pontos → 3.1476 km (Haversine)

🚙 Veículo: SUMO_carro_1000
   Modelo: HBEFA4/PC_petrol_Euro-6ab
   Segmentos: 301
   📏 Distância: 3.159 km (city: 3.020, highway: 0.139)
   ⛽ Combustível: 51.224 l
   🏭 CO2 real: 118326.7 g
   🎯 CO2 meta: 608.1 g
   📊 Delta: -117718.6 g
   💰 Valor E1: R$ -5.8859
   🧭 Tentativas map matching: 0

   🔑 OFFSET DETERMINÍSTICO (x=0.014000492820378158°, y=0.007297764517695989°, max=2.0km):
   📍 Start Original:  (40.775644, -73.960687)
   🔒 Start Protegido: (40.789644, -73.953389) ✓ 1.68 km | ⚠ SEM MAP MATCHING
   📏 Deslocamento final: 1675.6 metros
   📍 End Original:    (40.771236, -73.963813)
   🔒 End Protegido:   (40.785236, -73.956515) ✓ 1.68 km | ⚠ SEM MAP MATCHING
   📏 Deslocamento final: 1675.6 metros

   📐 ANÁLISE DE DISTÂNCIA DO TRAJETO (HAVERSINE DOS PONTOS ARMAZENADOS):
   🔢 Pontos unicos original/offset: 301/301 (Δ +0, +0.0% )
   📍 Trajeto original: 3.148 km (linha reta entre pontos GPS)
   🔒 Trajeto com offset: 3.148 km (linha reta entre pontos COM snap)
   📊 Diferença: -0.000 km (-0.0%)

======================================================================
📊 ESTATÍSTICAS FINAIS
======================================================================
Viagens processadas: 1
Distância total: 3.16 km
Combustível total: 51.22 l
CO2 real total: 118326.7 g
CO2 meta total: 608.1 g
Delta CO2: -117718.6 g
Valor E1 total: R$ -5.89

💰 Créditos: R$ 0.00
💸 Débitos: R$ 5.89
📈 Saldo líquido: R$ -5.89
======================================================================

💾 Dados agregados salvos em: ../data/offset_batch/vehicles_step_sim_9/run_014.csv
[csv-worker_9] [vehicles_step_sim_9] ===== LOG RUN 014 FIM =====

[csv-worker_9] [vehicles_step_sim_9] ===== LOG RUN 015 INICIO =====
======================================================================
🚗 PROCESSAMENTO SUMO → E1 REGISTRY (OFFSET ALEATÓRIO - veh0)
======================================================================
📄 Entrada: ../data/vehicles_step_sim_9.csv
🏭 Consumo fabricante: 12.0 km/l
💰 Preço carbono: R$ 50.0/ton
⭕ Raio máximo do offset aleatório: 2.0 km
🎲 Offset gerado aleatoriamente:
   Ângulo: 25.8°
   Distância: 1.9990 km
   offset_x (lat): 0.016171°  |  offset_y (lon): 0.007807°
📊 Row stepping: Processando todas as linhas
🗺️  Map matching: DESATIVADO
📐 Cálculo de distância: HAVERSINE PURO dos pontos COM snap (consistência)
======================================================================

📊 Carregando dados SUMO...
   Total de registros no arquivo: 131
   Veículos únicos: 1
   🚙 Vehicle selecionado: carro_1000

🔄 Agregando viagens por vehicle_id...
  📐 SUMO_carro_1000: Calculando distâncias com Haversine direto (SEM routing API)
      Original: 323 pontos → 2.9161 km (Haversine)
      Offset:   323 pontos → 2.9163 km (Haversine)

🚙 Veículo: SUMO_carro_1000
   Modelo: HBEFA4/PC_petrol_Euro-6ab
   Segmentos: 323
   📏 Distância: 2.926 km (city: 2.764, highway: 0.161)
   ⛽ Combustível: 54.094 l
   🏭 CO2 real: 124958.0 g
   🎯 CO2 meta: 563.2 g
   📊 Delta: -124394.9 g
   💰 Valor E1: R$ -6.2197
   🧭 Tentativas map matching: 0

   🔑 OFFSET DETERMINÍSTICO (x=-0.010264986062394125°, y=-0.004771537311895639°, max=2.0km):
   📍 Start Original:  (40.775644, -73.960687)
   🔒 Start Protegido: (40.765379, -73.965459) ✓ 1.21 km | ⚠ SEM MAP MATCHING
   📏 Deslocamento final: 1211.4 metros
   📍 End Original:    (40.774046, -73.961617)
   🔒 End Protegido:   (40.763781, -73.966389) ✓ 1.21 km | ⚠ SEM MAP MATCHING
   📏 Deslocamento final: 1211.4 metros

   📐 ANÁLISE DE DISTÂNCIA DO TRAJETO (HAVERSINE DOS PONTOS ARMAZENADOS):
   🔢 Pontos unicos original/offset: 320/320 (Δ +0, +0.0% )
   📍 Trajeto original: 2.916 km (linha reta entre pontos GPS)
   🔒 Trajeto com offset: 2.916 km (linha reta entre pontos COM snap)
   📊 Diferença: +0.000 km (+0.0%)

======================================================================
📊 ESTATÍSTICAS FINAIS
======================================================================
Viagens processadas: 1
Distância total: 2.93 km
Combustível total: 54.09 l
CO2 real total: 124958.0 g
CO2 meta total: 563.2 g
Delta CO2: -124394.9 g
Valor E1 total: R$ -6.22

💰 Créditos: R$ 0.00
💸 Débitos: R$ 6.22
📈 Saldo líquido: R$ -6.22
======================================================================

💾 Dados agregados salvos em: ../data/offset_batch/vehicles_step_sim_9/run_015.csv
[csv-worker_9] [vehicles_step_sim_9] ===== LOG RUN 015 FIM =====

[csv-worker_9] [vehicles_step_sim_9] ===== LOG RUN 016 INICIO =====
======================================================================
🚗 PROCESSAMENTO SUMO → E1 REGISTRY (OFFSET ALEATÓRIO - veh0)
======================================================================
📄 Entrada: ../data/vehicles_step_sim_9.csv
🏭 Consumo fabricante: 12.0 km/l
💰 Preço carbono: R$ 50.0/ton
⭕ Raio máximo do offset aleatório: 2.0 km
🎲 Offset gerado aleatoriamente:
   Ângulo: 3.0°
   Distância: 1.2857 km
   offset_x (lat): 0.011534°  |  offset_y (lon): 0.000601°
📊 Row stepping: Processando todas as linhas
🗺️  Map matching: DESATIVADO
📐 Cálculo de distância: HAVERSINE PURO dos pontos COM snap (consistência)
======================================================================

📊 Carregando dados SUMO...
   Total de registros no arquivo: 131
   Veículos únicos: 1
   🚙 Vehicle selecionado: carro_1000

🔄 Agregando viagens por vehicle_id...
  📐 SUMO_carro_1000: Calculando distâncias com Haversine direto (SEM routing API)
      Original: 324 pontos → 3.1629 km (Haversine)
      Offset:   324 pontos → 3.1627 km (Haversine)

🚙 Veículo: SUMO_carro_1000
   Modelo: HBEFA4/PC_petrol_Euro-6ab
   Segmentos: 324
   📏 Distância: 3.166 km (city: 3.024, highway: 0.142)
   ⛽ Combustível: 49.530 l
   🏭 CO2 real: 114414.1 g
   🎯 CO2 meta: 609.4 g
   📊 Delta: -113804.6 g
   💰 Valor E1: R$ -5.6902
   🧭 Tentativas map matching: 0

   🔑 OFFSET DETERMINÍSTICO (x=0.01010716348207258°, y=-0.003270696674222692°, max=2.0km):
   📍 Start Original:  (40.775644, -73.960687)
   🔒 Start Protegido: (40.785751, -73.963958) ✓ 1.16 km | ⚠ SEM MAP MATCHING
   📏 Deslocamento final: 1158.4 metros
   📍 End Original:    (40.772251, -73.963071)
   🔒 End Protegido:   (40.782358, -73.966341) ✓ 1.16 km | ⚠ SEM MAP MATCHING
   📏 Deslocamento final: 1158.4 metros

   📐 ANÁLISE DE DISTÂNCIA DO TRAJETO (HAVERSINE DOS PONTOS ARMAZENADOS):
   🔢 Pontos unicos original/offset: 324/324 (Δ +0, +0.0% )
   📍 Trajeto original: 3.163 km (linha reta entre pontos GPS)
   🔒 Trajeto com offset: 3.163 km (linha reta entre pontos COM snap)
   📊 Diferença: -0.000 km (-0.0%)

======================================================================
📊 ESTATÍSTICAS FINAIS
======================================================================
Viagens processadas: 1
Distância total: 3.17 km
Combustível total: 49.53 l
CO2 real total: 114414.1 g
CO2 meta total: 609.4 g
Delta CO2: -113804.6 g
Valor E1 total: R$ -5.69

💰 Créditos: R$ 0.00
💸 Débitos: R$ 5.69
📈 Saldo líquido: R$ -5.69
======================================================================

💾 Dados agregados salvos em: ../data/offset_batch/vehicles_step_sim_9/run_016.csv
[csv-worker_9] [vehicles_step_sim_9] ===== LOG RUN 016 FIM =====

[csv-worker_9] [vehicles_step_sim_9] ===== LOG RUN 017 INICIO =====
======================================================================
🚗 PROCESSAMENTO SUMO → E1 REGISTRY (OFFSET ALEATÓRIO - veh0)
======================================================================
📄 Entrada: ../data/vehicles_step_sim_9.csv
🏭 Consumo fabricante: 12.0 km/l
💰 Preço carbono: R$ 50.0/ton
⭕ Raio máximo do offset aleatório: 2.0 km
🎲 Offset gerado aleatoriamente:
   Ângulo: 198.3°
   Distância: 0.4856 km
   offset_x (lat): -0.004142°  |  offset_y (lon): -0.001367°
📊 Row stepping: Processando todas as linhas
🗺️  Map matching: DESATIVADO
📐 Cálculo de distância: HAVERSINE PURO dos pontos COM snap (consistência)
======================================================================

📊 Carregando dados SUMO...
   Total de registros no arquivo: 131
   Veículos únicos: 1
   🚙 Vehicle selecionado: carro_1000

🔄 Agregando viagens por vehicle_id...
  📐 SUMO_carro_1000: Calculando distâncias com Haversine direto (SEM routing API)
      Original: 312 pontos → 3.1845 km (Haversine)
      Offset:   312 pontos → 3.1847 km (Haversine)

🚙 Veículo: SUMO_carro_1000
   Modelo: HBEFA4/PC_petrol_Euro-6ab
   Segmentos: 312
   📏 Distância: 3.190 km (city: 2.602, highway: 0.587)
   ⛽ Combustível: 54.577 l
   🏭 CO2 real: 126071.8 g
   🎯 CO2 meta: 614.1 g
   📊 Delta: -125457.8 g
   💰 Valor E1: R$ -6.2729
   🧭 Tentativas map matching: 0

   🔑 OFFSET DETERMINÍSTICO (x=-0.005079416796770518°, y=0.009401038110283918°, max=2.0km):
   📍 Start Original:  (40.775644, -73.960687)
   🔒 Start Protegido: (40.770564, -73.951286) ✓ 0.97 km | ⚠ SEM MAP MATCHING
   📏 Deslocamento final: 973.5 metros
   📍 End Original:    (40.771637, -73.963520)
   🔒 End Protegido:   (40.766557, -73.954119) ✓ 0.97 km | ⚠ SEM MAP MATCHING
   📏 Deslocamento final: 973.6 metros

   📐 ANÁLISE DE DISTÂNCIA DO TRAJETO (HAVERSINE DOS PONTOS ARMAZENADOS):
   🔢 Pontos unicos original/offset: 312/312 (Δ +0, +0.0% )
   📍 Trajeto original: 3.185 km (linha reta entre pontos GPS)
   🔒 Trajeto com offset: 3.185 km (linha reta entre pontos COM snap)
   📊 Diferença: +0.000 km (+0.0%)

======================================================================
📊 ESTATÍSTICAS FINAIS
======================================================================
Viagens processadas: 1
Distância total: 3.19 km
Combustível total: 54.58 l
CO2 real total: 126071.8 g
CO2 meta total: 614.1 g
Delta CO2: -125457.8 g
Valor E1 total: R$ -6.27

💰 Créditos: R$ 0.00
💸 Débitos: R$ 6.27
📈 Saldo líquido: R$ -6.27
======================================================================
[csv-worker_9] [vehicles_step_sim_9] ===== LOG RUN 017 FIM =====

[csv-worker_9] [vehicles_step_sim_9] ===== LOG RUN 018 INICIO =====
======================================================================
🚗 PROCESSAMENTO SUMO → E1 REGISTRY (OFFSET ALEATÓRIO - veh0)
======================================================================
📄 Entrada: ../data/vehicles_step_sim_9.csv
🏭 Consumo fabricante: 12.0 km/l
💰 Preço carbono: R$ 50.0/ton
⭕ Raio máximo do offset aleatório: 2.0 km
🎲 Offset gerado aleatoriamente:
   Ângulo: 187.4°
   Distância: 0.6793 km
   offset_x (lat): -0.006051°  |  offset_y (lon): -0.000789°
📊 Row stepping: Processando todas as linhas
🗺️  Map matching: DESATIVADO
📐 Cálculo de distância: HAVERSINE PURO dos pontos COM snap (consistência)
======================================================================

📊 Carregando dados SUMO...
   Total de registros no arquivo: 299
   Veículos únicos: 1
   🚙 Vehicle selecionado: carro_1000

🔄 Agregando viagens por vehicle_id...
   Total de registros no arquivo: 131
   Veículos únicos: 1
   🚙 Vehicle selecionado: carro_1000

🔄 Agregando viagens por vehicle_id...
  📐 SUMO_carro_1000: Calculando distâncias com Haversine direto (SEM routing API)
      Original: 337 pontos → 3.3706 km (Haversine)
      Offset:   337 pontos → 3.3706 km (Haversine)

🚙 Veículo: SUMO_carro_1000
   Modelo: HBEFA4/PC_petrol_Euro-6ab
   Segmentos: 337
   📏 Distância: 3.379 km (city: 3.069, highway: 0.310)
   ⛽ Combustível: 58.616 l
   🏭 CO2 real: 135402.3 g
   🎯 CO2 meta: 650.5 g
   📊 Delta: -134751.8 g
   💰 Valor E1: R$ -6.7376
   🧭 Tentativas map matching: 0

   🔑 OFFSET DETERMINÍSTICO (x=0.0004242418355402398°, y=0.00817988502520698°, max=2.0km):
   📍 Start Original:  (40.775644, -73.960687)
   🔒 Start Protegido: (40.776068, -73.952507) ✓ 0.69 km | ⚠ SEM MAP MATCHING
   📏 Deslocamento final: 691.2 metros
   📍 End Original:    (40.774801, -73.960637)
   🔒 End Protegido:   (40.775226, -73.952457) ✓ 0.69 km | ⚠ SEM MAP MATCHING
   📏 Deslocamento final: 691.2 metros

   📐 ANÁLISE DE DISTÂNCIA DO TRAJETO (HAVERSINE DOS PONTOS ARMAZENADOS):
   🔢 Pontos unicos original/offset: 337/337 (Δ +0, +0.0% )
   📍 Trajeto original: 3.371 km (linha reta entre pontos GPS)
   🔒 Trajeto com offset: 3.371 km (linha reta entre pontos COM snap)
   📊 Diferença: -0.000 km (-0.0%)

======================================================================
📊 ESTATÍSTICAS FINAIS
======================================================================
Viagens processadas: 1
Distância total: 3.38 km
Combustível total: 58.62 l
CO2 real total: 135402.3 g
CO2 meta total: 650.5 g
Delta CO2: -134751.8 g
Valor E1 total: R$ -6.74

💰 Créditos: R$ 0.00
💸 Débitos: R$ 6.74
📈 Saldo líquido: R$ -6.74
======================================================================

💾 Dados agregados salvos em: ../data/offset_batch/vehicles_step_sim_9/run_018.csv
[csv-worker_9] [vehicles_step_sim_9] ===== LOG RUN 018 FIM =====

[csv-worker_9] [vehicles_step_sim_9] ===== LOG RUN 019 INICIO =====
======================================================================
🚗 PROCESSAMENTO SUMO → E1 REGISTRY (OFFSET ALEATÓRIO - veh0)
======================================================================
📄 Entrada: ../data/vehicles_step_sim_9.csv
🏭 Consumo fabricante: 12.0 km/l
💰 Preço carbono: R$ 50.0/ton
⭕ Raio máximo do offset aleatório: 2.0 km
🎲 Offset gerado aleatoriamente:
   Ângulo: 300.7°
   Distância: 1.3777 km
   offset_x (lat): 0.006325°  |  offset_y (lon): -0.010638°
📊 Row stepping: Processando todas as linhas
🗺️  Map matching: DESATIVADO
📐 Cálculo de distância: HAVERSINE PURO dos pontos COM snap (consistência)
======================================================================

📊 Carregando dados SUMO...
   Total de registros no arquivo: 131
   Veículos únicos: 1
   🚙 Vehicle selecionado: carro_1000

🔄 Agregando viagens por vehicle_id...
  📐 SUMO_carro_1000: Calculando distâncias com Haversine direto (SEM routing API)
      Original: 300 pontos → 3.1542 km (Haversine)
      Offset:   300 pontos → 3.1542 km (Haversine)

🚙 Veículo: SUMO_carro_1000
   Modelo: HBEFA4/PC_petrol_Euro-6ab
   Segmentos: 300
   📏 Distância: 3.158 km (city: 2.541, highway: 0.617)
   ⛽ Combustível: 49.984 l
   🏭 CO2 real: 115462.6 g
   🎯 CO2 meta: 608.0 g
   📊 Delta: -114854.6 g
   💰 Valor E1: R$ -5.7427
   🧭 Tentativas map matching: 0

   🔑 OFFSET DETERMINÍSTICO (x=-0.0006528906577209847°, y=0.004197114525607013°, max=2.0km):
   📍 Start Original:  (40.775644, -73.960687)
   🔒 Start Protegido: (40.774991, -73.956490) ✓ 0.36 km | ⚠ SEM MAP MATCHING
   📏 Deslocamento final: 361.2 metros
   📍 End Original:    (40.773912, -73.961904)
   🔒 End Protegido:   (40.773260, -73.957707) ✓ 0.36 km | ⚠ SEM MAP MATCHING
   📏 Deslocamento final: 361.2 metros

   📐 ANÁLISE DE DISTÂNCIA DO TRAJETO (HAVERSINE DOS PONTOS ARMAZENADOS):
   🔢 Pontos unicos original/offset: 299/299 (Δ +0, +0.0% )
   📍 Trajeto original: 3.154 km (linha reta entre pontos GPS)
   🔒 Trajeto com offset: 3.154 km (linha reta entre pontos COM snap)
   📊 Diferença: +0.000 km (+0.0%)

======================================================================
📊 ESTATÍSTICAS FINAIS
======================================================================
Viagens processadas: 1
Distância total: 3.16 km
Combustível total: 49.98 l
CO2 real total: 115462.6 g
CO2 meta total: 608.0 g
Delta CO2: -114854.6 g
Valor E1 total: R$ -5.74

💰 Créditos: R$ 0.00
💸 Débitos: R$ 5.74
📈 Saldo líquido: R$ -5.74
======================================================================

💾 Dados agregados salvos em: ../data/offset_batch/vehicles_step_sim_9/run_019.csv
[csv-worker_9] [vehicles_step_sim_9] ===== LOG RUN 019 FIM =====

[csv-worker_9] [vehicles_step_sim_9] ===== LOG RUN 020 INICIO =====
======================================================================
🚗 PROCESSAMENTO SUMO → E1 REGISTRY (OFFSET ALEATÓRIO - veh0)
======================================================================
📄 Entrada: ../data/vehicles_step_sim_9.csv
🏭 Consumo fabricante: 12.0 km/l
💰 Preço carbono: R$ 50.0/ton
⭕ Raio máximo do offset aleatório: 2.0 km
🎲 Offset gerado aleatoriamente:
   Ângulo: 87.8°
   Distância: 1.9916 km
   offset_x (lat): 0.000686°  |  offset_y (lon): 0.017878°
📊 Row stepping: Processando todas as linhas
🗺️  Map matching: DESATIVADO
📐 Cálculo de distância: HAVERSINE PURO dos pontos COM snap (consistência)
======================================================================

📊 Carregando dados SUMO...
   Total de registros no arquivo: 131
   Veículos únicos: 1
   🚙 Vehicle selecionado: carro_1000

🔄 Agregando viagens por vehicle_id...
  📐 SUMO_carro_1000: Calculando distâncias com Haversine direto (SEM routing API)
      Original: 323 pontos → 2.9161 km (Haversine)
      Offset:   323 pontos → 2.9160 km (Haversine)

🚙 Veículo: SUMO_carro_1000
   Modelo: HBEFA4/PC_petrol_Euro-6ab
   Segmentos: 323
   📏 Distância: 2.926 km (city: 2.764, highway: 0.161)
   ⛽ Combustível: 54.094 l
   🏭 CO2 real: 124958.0 g
   🎯 CO2 meta: 563.2 g
   📊 Delta: -124394.9 g
   💰 Valor E1: R$ -6.2197
   🧭 Tentativas map matching: 0

   🔑 OFFSET DETERMINÍSTICO (x=0.004534126613032324°, y=0.015529811270292668°, max=2.0km):
   📍 Start Original:  (40.775644, -73.960687)
   🔒 Start Protegido: (40.780178, -73.945157) ✓ 1.40 km | ⚠ SEM MAP MATCHING
   📏 Deslocamento final: 1403.1 metros
   📍 End Original:    (40.774046, -73.961617)
   🔒 End Protegido:   (40.778580, -73.946087) ✓ 1.40 km | ⚠ SEM MAP MATCHING
   📏 Deslocamento final: 1403.1 metros

   📐 ANÁLISE DE DISTÂNCIA DO TRAJETO (HAVERSINE DOS PONTOS ARMAZENADOS):
   🔢 Pontos unicos original/offset: 320/320 (Δ +0, +0.0% )
   📍 Trajeto original: 2.916 km (linha reta entre pontos GPS)
   🔒 Trajeto com offset: 2.916 km (linha reta entre pontos COM snap)
   📊 Diferença: -0.000 km (-0.0%)

======================================================================
📊 ESTATÍSTICAS FINAIS
======================================================================
Viagens processadas: 1
Distância total: 2.93 km
Combustível total: 54.09 l
CO2 real total: 124958.0 g
CO2 meta total: 563.2 g
Delta CO2: -124394.9 g
Valor E1 total: R$ -6.22

💰 Créditos: R$ 0.00
💸 Débitos: R$ 6.22
📈 Saldo líquido: R$ -6.22
======================================================================

💾 Dados agregados salvos em: ../data/offset_batch/vehicles_step_sim_9/run_020.csv
[csv-worker_9] [vehicles_step_sim_9] ===== LOG RUN 020 FIM =====

[csv-worker_9] [vehicles_step_sim_9] ===== LOG RUN 021 INICIO =====
======================================================================
🚗 PROCESSAMENTO SUMO → E1 REGISTRY (OFFSET ALEATÓRIO - veh0)
======================================================================
📄 Entrada: ../data/vehicles_step_sim_9.csv
🏭 Consumo fabricante: 12.0 km/l
💰 Preço carbono: R$ 50.0/ton
⭕ Raio máximo do offset aleatório: 2.0 km
🎲 Offset gerado aleatoriamente:
   Ângulo: 167.0°
   Distância: 1.8617 km
   offset_x (lat): -0.016297°  |  offset_y (lon): 0.003755°
📊 Row stepping: Processando todas as linhas
🗺️  Map matching: DESATIVADO
📐 Cálculo de distância: HAVERSINE PURO dos pontos COM snap (consistência)
======================================================================

📊 Carregando dados SUMO...
   Total de registros no arquivo: 131
   Veículos únicos: 1
   🚙 Vehicle selecionado: carro_1000

🔄 Agregando viagens por vehicle_id...
  📐 SUMO_carro_1000: Calculando distâncias com Haversine direto (SEM routing API)
      Original: 301 pontos → 3.1480 km (Haversine)
      Offset:   301 pontos → 3.1482 km (Haversine)

🚙 Veículo: SUMO_carro_1000
   Modelo: HBEFA4/PC_petrol_Euro-6ab
   Segmentos: 301
   📏 Distância: 3.159 km (city: 3.020, highway: 0.139)
   ⛽ Combustível: 51.224 l
   🏭 CO2 real: 118326.7 g
   🎯 CO2 meta: 608.1 g
   📊 Delta: -117718.6 g
   💰 Valor E1: R$ -5.8859
   🧭 Tentativas map matching: 0

   🔑 OFFSET DETERMINÍSTICO (x=-0.007141577579965063°, y=0.00796060654623182°, max=2.0km):
   📍 Start Original:  (40.775644, -73.960687)
   🔒 Start Protegido: (40.768502, -73.952726) ✓ 1.04 km | ⚠ SEM MAP MATCHING
   📏 Deslocamento final: 1040.4 metros
   📍 End Original:    (40.771236, -73.963813)
   🔒 End Protegido:   (40.764094, -73.955852) ✓ 1.04 km | ⚠ SEM MAP MATCHING
   📏 Deslocamento final: 1040.4 metros

   📐 ANÁLISE DE DISTÂNCIA DO TRAJETO (HAVERSINE DOS PONTOS ARMAZENADOS):
   🔢 Pontos unicos original/offset: 301/301 (Δ +0, +0.0% )
   📍 Trajeto original: 3.148 km (linha reta entre pontos GPS)
   🔒 Trajeto com offset: 3.148 km (linha reta entre pontos COM snap)
   📊 Diferença: +0.000 km (+0.0%)

======================================================================
📊 ESTATÍSTICAS FINAIS
======================================================================
Viagens processadas: 1
Distância total: 3.16 km
Combustível total: 51.22 l
CO2 real total: 118326.7 g
CO2 meta total: 608.1 g
Delta CO2: -117718.6 g
Valor E1 total: R$ -5.89

💰 Créditos: R$ 0.00
💸 Débitos: R$ 5.89
📈 Saldo líquido: R$ -5.89
======================================================================

💾 Dados agregados salvos em: ../data/offset_batch/vehicles_step_sim_9/run_021.csv
[csv-worker_9] [vehicles_step_sim_9] ===== LOG RUN 021 FIM =====

[csv-worker_9] [vehicles_step_sim_9] ===== LOG RUN 022 INICIO =====
======================================================================
🚗 PROCESSAMENTO SUMO → E1 REGISTRY (OFFSET ALEATÓRIO - veh0)
======================================================================
📄 Entrada: ../data/vehicles_step_sim_9.csv
🏭 Consumo fabricante: 12.0 km/l
💰 Preço carbono: R$ 50.0/ton
⭕ Raio máximo do offset aleatório: 2.0 km
🎲 Offset gerado aleatoriamente:
   Ângulo: 27.1°
   Distância: 1.6327 km
   offset_x (lat): 0.013052°  |  offset_y (lon): 0.006690°
📊 Row stepping: Processando todas as linhas
🗺️  Map matching: DESATIVADO
📐 Cálculo de distância: HAVERSINE PURO dos pontos COM snap (consistência)
======================================================================

📊 Carregando dados SUMO...
   Total de registros no arquivo: 131
   Veículos únicos: 1
   🚙 Vehicle selecionado: carro_1000

🔄 Agregando viagens por vehicle_id...
  📐 SUMO_carro_1000: Calculando distâncias com Haversine direto (SEM routing API)
      Original: 299 pontos → 3.0526 km (Haversine)
      Offset:   299 pontos → 3.0524 km (Haversine)

🚙 Veículo: SUMO_carro_1000
   Modelo: HBEFA4/PC_petrol_Euro-6ab
   Segmentos: 299
   📏 Distância: 3.060 km (city: 3.060, highway: 0.000)
   ⛽ Combustível: 48.384 l
   🏭 CO2 real: 111766.0 g
   🎯 CO2 meta: 589.0 g
   📊 Delta: -111177.0 g
   💰 Valor E1: R$ -5.5588
   🧭 Tentativas map matching: 0

   🔑 OFFSET DETERMINÍSTICO (x=0.008435950686538303°, y=0.008365648787987187°, max=2.0km):
   📍 Start Original:  (40.775644, -73.960687)
   🔒 Start Protegido: (40.784080, -73.952321) ✓ 1.17 km | ⚠ SEM MAP MATCHING
   📏 Deslocamento final: 1174.4 metros
   📍 End Original:    (40.774198, -73.961141)
   🔒 End Protegido:   (40.782634, -73.952775) ✓ 1.17 km | ⚠ SEM MAP MATCHING
   📏 Deslocamento final: 1174.4 metros

   📐 ANÁLISE DE DISTÂNCIA DO TRAJETO (HAVERSINE DOS PONTOS ARMAZENADOS):
   🔢 Pontos unicos original/offset: 299/299 (Δ +0, +0.0% )
   📍 Trajeto original: 3.053 km (linha reta entre pontos GPS)
   🔒 Trajeto com offset: 3.052 km (linha reta entre pontos COM snap)
   📊 Diferença: -0.000 km (-0.0%)

======================================================================
📊 ESTATÍSTICAS FINAIS
======================================================================
Viagens processadas: 1
Distância total: 3.06 km
Combustível total: 48.38 l
CO2 real total: 111766.0 g
CO2 meta total: 589.0 g
Delta CO2: -111177.0 g
Valor E1 total: R$ -5.56

💰 Créditos: R$ 0.00
💸 Débitos: R$ 5.56
📈 Saldo líquido: R$ -5.56
======================================================================

💾 Dados agregados salvos em: ../data/offset_batch/vehicles_step_sim_9/run_022.csv
[csv-worker_9] [vehicles_step_sim_9] ===== LOG RUN 022 FIM =====

[csv-worker_9] [vehicles_step_sim_9] ===== LOG RUN 023 INICIO =====
======================================================================
🚗 PROCESSAMENTO SUMO → E1 REGISTRY (OFFSET ALEATÓRIO - veh0)
======================================================================
📄 Entrada: ../data/vehicles_step_sim_9.csv
🏭 Consumo fabricante: 12.0 km/l
💰 Preço carbono: R$ 50.0/ton
⭕ Raio máximo do offset aleatório: 2.0 km
🎲 Offset gerado aleatoriamente:
   Ângulo: 87.2°
   Distância: 1.5671 km
   offset_x (lat): 0.000693°  |  offset_y (lon): 0.014060°
📊 Row stepping: Processando todas as linhas
🗺️  Map matching: DESATIVADO
📐 Cálculo de distância: HAVERSINE PURO dos pontos COM snap (consistência)
======================================================================

📊 Carregando dados SUMO...
   Total de registros no arquivo: 131
   Veículos únicos: 1
   🚙 Vehicle selecionado: carro_1000

🔄 Agregando viagens por vehicle_id...
  📐 SUMO_carro_1000: Calculando distâncias com Haversine direto (SEM routing API)
      Original: 301 pontos → 3.1480 km (Haversine)
      Offset:   301 pontos → 3.1481 km (Haversine)

🚙 Veículo: SUMO_carro_1000
   Modelo: HBEFA4/PC_petrol_Euro-6ab
   Segmentos: 301
   📏 Distância: 3.159 km (city: 3.020, highway: 0.139)
   ⛽ Combustível: 51.224 l
   🏭 CO2 real: 118326.7 g
   🎯 CO2 meta: 608.1 g
   📊 Delta: -117718.6 g
   💰 Valor E1: R$ -5.8859
   🧭 Tentativas map matching: 0

   🔑 OFFSET DETERMINÍSTICO (x=-0.0026901274041562693°, y=0.006610047632301594°, max=2.0km):
   📍 Start Original:  (40.775644, -73.960687)
   🔒 Start Protegido: (40.772953, -73.954077) ✓ 0.63 km | ⚠ SEM MAP MATCHING
   📏 Deslocamento final: 632.6 metros
   📍 End Original:    (40.771236, -73.963813)
   🔒 End Protegido:   (40.768546, -73.957202) ✓ 0.63 km | ⚠ SEM MAP MATCHING
   📏 Deslocamento final: 632.6 metros

   📐 ANÁLISE DE DISTÂNCIA DO TRAJETO (HAVERSINE DOS PONTOS ARMAZENADOS):
   🔢 Pontos unicos original/offset: 301/301 (Δ +0, +0.0% )
   📍 Trajeto original: 3.148 km (linha reta entre pontos GPS)
   🔒 Trajeto com offset: 3.148 km (linha reta entre pontos COM snap)
   📊 Diferença: +0.000 km (+0.0%)

======================================================================
📊 ESTATÍSTICAS FINAIS
======================================================================
Viagens processadas: 1
Distância total: 3.16 km
Combustível total: 51.22 l
CO2 real total: 118326.7 g
CO2 meta total: 608.1 g
Delta CO2: -117718.6 g
Valor E1 total: R$ -5.89

💰 Créditos: R$ 0.00
💸 Débitos: R$ 5.89
📈 Saldo líquido: R$ -5.89
======================================================================

💾 Dados agregados salvos em: ../data/offset_batch/vehicles_step_sim_9/run_023.csv
[csv-worker_9] [vehicles_step_sim_9] ===== LOG RUN 023 FIM =====

[csv-worker_9] [vehicles_step_sim_9] ===== LOG RUN 024 INICIO =====
======================================================================
🚗 PROCESSAMENTO SUMO → E1 REGISTRY (OFFSET ALEATÓRIO - veh0)
======================================================================
📄 Entrada: ../data/vehicles_step_sim_9.csv
🏭 Consumo fabricante: 12.0 km/l
💰 Preço carbono: R$ 50.0/ton
⭕ Raio máximo do offset aleatório: 2.0 km
🎲 Offset gerado aleatoriamente:
   Ângulo: 185.2°
   Distância: 0.7966 km
   offset_x (lat): -0.007126°  |  offset_y (lon): -0.000654°
📊 Row stepping: Processando todas as linhas
🗺️  Map matching: DESATIVADO
📐 Cálculo de distância: HAVERSINE PURO dos pontos COM snap (consistência)
======================================================================

📊 Carregando dados SUMO...
   Total de registros no arquivo: 131
   Veículos únicos: 1
   🚙 Vehicle selecionado: carro_1000

🔄 Agregando viagens por vehicle_id...
  📐 SUMO_carro_1000: Calculando distâncias com Haversine direto (SEM routing API)
      Original: 312 pontos → 3.1845 km (Haversine)
      Offset:   312 pontos → 3.1848 km (Haversine)

🚙 Veículo: SUMO_carro_1000
   Modelo: HBEFA4/PC_petrol_Euro-6ab
   Segmentos: 312
   📏 Distância: 3.190 km (city: 2.602, highway: 0.587)
   ⛽ Combustível: 54.577 l
   🏭 CO2 real: 126071.8 g
   🎯 CO2 meta: 614.1 g
   📊 Delta: -125457.8 g
   💰 Valor E1: R$ -6.2729
   🧭 Tentativas map matching: 0

   🔑 OFFSET DETERMINÍSTICO (x=-0.009705405671712655°, y=-0.013016368469719443°, max=2.0km):
   📍 Start Original:  (40.775644, -73.960687)
   🔒 Start Protegido: (40.765938, -73.973703) ✓ 1.54 km | ⚠ SEM MAP MATCHING
   📏 Deslocamento final: 1539.9 metros
   📍 End Original:    (40.771637, -73.963520)
   🔒 End Protegido:   (40.761931, -73.976537) ✓ 1.54 km | ⚠ SEM MAP MATCHING
   📏 Deslocamento final: 1539.9 metros

   📐 ANÁLISE DE DISTÂNCIA DO TRAJETO (HAVERSINE DOS PONTOS ARMAZENADOS):
   🔢 Pontos unicos original/offset: 312/312 (Δ +0, +0.0% )
   📍 Trajeto original: 3.185 km (linha reta entre pontos GPS)
   🔒 Trajeto com offset: 3.185 km (linha reta entre pontos COM snap)
   📊 Diferença: +0.000 km (+0.0%)

======================================================================
📊 ESTATÍSTICAS FINAIS
======================================================================
Viagens processadas: 1
Distância total: 3.19 km
Combustível total: 54.58 l
CO2 real total: 126071.8 g
CO2 meta total: 614.1 g
Delta CO2: -125457.8 g
Valor E1 total: R$ -6.27

💰 Créditos: R$ 0.00
💸 Débitos: R$ 6.27
📈 Saldo líquido: R$ -6.27
======================================================================

💾 Dados agregados salvos em: ../data/offset_batch/vehicles_step_sim_9/run_024.csv
[csv-worker_9] [vehicles_step_sim_9] ===== LOG RUN 024 FIM =====

[csv-worker_9] [vehicles_step_sim_9] ===== LOG RUN 025 INICIO =====
======================================================================
🚗 PROCESSAMENTO SUMO → E1 REGISTRY (OFFSET ALEATÓRIO - veh0)
======================================================================
📄 Entrada: ../data/vehicles_step_sim_9.csv
🏭 Consumo fabricante: 12.0 km/l
💰 Preço carbono: R$ 50.0/ton
⭕ Raio máximo do offset aleatório: 2.0 km
🎲 Offset gerado aleatoriamente:
   Ângulo: 261.8°
   Distância: 1.7739 km
   offset_x (lat): -0.002285°  |  offset_y (lon): -0.015771°
📊 Row stepping: Processando todas as linhas
🗺️  Map matching: DESATIVADO
📐 Cálculo de distância: HAVERSINE PURO dos pontos COM snap (consistência)
======================================================================

📊 Carregando dados SUMO...
   Total de registros no arquivo: 131
   Veículos únicos: 1
   🚙 Vehicle selecionado: carro_1000

🔄 Agregando viagens por vehicle_id...
  📐 SUMO_carro_1000: Calculando distâncias com Haversine direto (SEM routing API)
      Original: 155 pontos → 1.4242 km (Haversine)
      Offset:   155 pontos → 1.4242 km (Haversine)

🚙 Veículo: SUMO_carro_1000
   Modelo: HBEFA4/PC_petrol_Euro-6ab
   Segmentos: 155
   📏 Distância: 1.424 km (city: 1.424, highway: 0.000)
   ⛽ Combustível: 10.127 l
   🏭 CO2 real: 23393.7 g
   🎯 CO2 meta: 274.2 g
   📊 Delta: -23119.5 g
   💰 Valor E1: R$ -1.1560
   🧭 Tentativas map matching: 0

   🔑 OFFSET DETERMINÍSTICO (x=-0.0016091358721038351°, y=-0.016237698905576796°, max=2.0km):
   📍 Start Original:  (40.775644, -73.960687)
   🔒 Start Protegido: (40.774034, -73.976925) ✓ 1.38 km | ⚠ SEM MAP MATCHING
   📏 Deslocamento final: 1380.5 metros
   📍 End Original:    (40.775671, -73.960433)
   🔒 End Protegido:   (40.774062, -73.976671) ✓ 1.38 km | ⚠ SEM MAP MATCHING
   📏 Deslocamento final: 1380.5 metros

   📐 ANÁLISE DE DISTÂNCIA DO TRAJETO (HAVERSINE DOS PONTOS ARMAZENADOS):
   🔢 Pontos unicos original/offset: 155/155 (Δ +0, +0.0% )
   📍 Trajeto original: 1.424 km (linha reta entre pontos GPS)
   🔒 Trajeto com offset: 1.424 km (linha reta entre pontos COM snap)
   📊 Diferença: +0.000 km (+0.0%)

======================================================================
📊 ESTATÍSTICAS FINAIS
======================================================================
Viagens processadas: 1
Distância total: 1.42 km
Combustível total: 10.13 l
CO2 real total: 23393.7 g
CO2 meta total: 274.2 g
Delta CO2: -23119.5 g
Valor E1 total: R$ -1.16

💰 Créditos: R$ 0.00
💸 Débitos: R$ 1.16
📈 Saldo líquido: R$ -1.16
======================================================================

💾 Dados agregados salvos em: ../data/offset_batch/vehicles_step_sim_9/run_025.csv
[csv-worker_9] [vehicles_step_sim_9] ===== LOG RUN 025 FIM =====

[csv-worker_9] [vehicles_step_sim_9] ===== LOG RUN 026 INICIO =====
======================================================================
🚗 PROCESSAMENTO SUMO → E1 REGISTRY (OFFSET ALEATÓRIO - veh0)
======================================================================
📄 Entrada: ../data/vehicles_step_sim_9.csv
🏭 Consumo fabricante: 12.0 km/l
💰 Preço carbono: R$ 50.0/ton
⭕ Raio máximo do offset aleatório: 2.0 km
🎲 Offset gerado aleatoriamente:
   Ângulo: 333.1°
   Distância: 0.7488 km
   offset_x (lat): 0.005998°  |  offset_y (lon): -0.003046°
📊 Row stepping: Processando todas as linhas
🗺️  Map matching: DESATIVADO
📐 Cálculo de distância: HAVERSINE PURO dos pontos COM snap (consistência)
======================================================================

📊 Carregando dados SUMO...
   Total de registros no arquivo: 131
   Veículos únicos: 1
   🚙 Vehicle selecionado: carro_1000

🔄 Agregando viagens por vehicle_id...
  📐 SUMO_carro_1000: Calculando distâncias com Haversine direto (SEM routing API)
      Original: 222 pontos → 1.9688 km (Haversine)
      Offset:   222 pontos → 1.9689 km (Haversine)

🚙 Veículo: SUMO_carro_1000
   Modelo: HBEFA4/PC_petrol_Euro-6ab
   Segmentos: 222
   📏 Distância: 1.973 km (city: 1.973, highway: 0.000)
   ⛽ Combustível: 24.219 l
   🏭 CO2 real: 55946.2 g
   🎯 CO2 meta: 379.8 g
   📊 Delta: -55566.4 g
   💰 Valor E1: R$ -2.7783
   🧭 Tentativas map matching: 0

   🔑 OFFSET DETERMINÍSTICO (x=-0.009280559025941547°, y=0.0016137664275441036°, max=2.0km):
   📍 Start Original:  (40.775644, -73.960687)
   🔒 Start Protegido: (40.766363, -73.959073) ✓ 1.04 km | ⚠ SEM MAP MATCHING
   📏 Deslocamento final: 1042.0 metros
   📍 End Original:    (40.772651, -73.962544)
   🔒 End Protegido:   (40.763371, -73.960931) ✓ 1.04 km | ⚠ SEM MAP MATCHING
   📏 Deslocamento final: 1042.0 metros

   📐 ANÁLISE DE DISTÂNCIA DO TRAJETO (HAVERSINE DOS PONTOS ARMAZENADOS):
   🔢 Pontos unicos original/offset: 221/221 (Δ +0, +0.0% )
   📍 Trajeto original: 1.969 km (linha reta entre pontos GPS)
   🔒 Trajeto com offset: 1.969 km (linha reta entre pontos COM snap)
   📊 Diferença: +0.000 km (+0.0%)

======================================================================
📊 ESTATÍSTICAS FINAIS
======================================================================
Viagens processadas: 1
Distância total: 1.97 km
Combustível total: 24.22 l
CO2 real total: 55946.2 g
CO2 meta total: 379.8 g
Delta CO2: -55566.4 g
Valor E1 total: R$ -2.78

💰 Créditos: R$ 0.00
💸 Débitos: R$ 2.78
📈 Saldo líquido: R$ -2.78
======================================================================

💾 Dados agregados salvos em: ../data/offset_batch/vehicles_step_sim_9/run_026.csv
[csv-worker_9] [vehicles_step_sim_9] ===== LOG RUN 026 FIM =====

[csv-worker_9] [vehicles_step_sim_9] ===== LOG RUN 027 INICIO =====
======================================================================
🚗 PROCESSAMENTO SUMO → E1 REGISTRY (OFFSET ALEATÓRIO - veh0)
======================================================================
📄 Entrada: ../data/vehicles_step_sim_9.csv
🏭 Consumo fabricante: 12.0 km/l
💰 Preço carbono: R$ 50.0/ton
⭕ Raio máximo do offset aleatório: 2.0 km
🎲 Offset gerado aleatoriamente:
   Ângulo: 166.1°
   Distância: 1.7342 km
   offset_x (lat): -0.015121°  |  offset_y (lon): 0.003748°
📊 Row stepping: Processando todas as linhas
🗺️  Map matching: DESATIVADO
📐 Cálculo de distância: HAVERSINE PURO dos pontos COM snap (consistência)
======================================================================

📊 Carregando dados SUMO...
   Total de registros no arquivo: 131
   Veículos únicos: 1
   🚙 Vehicle selecionado: carro_1000

🔄 Agregando viagens por vehicle_id...
  📐 SUMO_carro_1000: Calculando distâncias com Haversine direto (SEM routing API)
      Original: 323 pontos → 2.9161 km (Haversine)
      Offset:   323 pontos → 2.9158 km (Haversine)

🚙 Veículo: SUMO_carro_1000
   Modelo: HBEFA4/PC_petrol_Euro-6ab
   Segmentos: 323
   📏 Distância: 2.926 km (city: 2.764, highway: 0.161)
   ⛽ Combustível: 54.094 l
   🏭 CO2 real: 124958.0 g
   🎯 CO2 meta: 563.2 g
   📊 Delta: -124394.9 g
   💰 Valor E1: R$ -6.2197
   🧭 Tentativas map matching: 0

   🔑 OFFSET DETERMINÍSTICO (x=0.013265960076507035°, y=0.005069545461180344°, max=2.0km):
   📍 Start Original:  (40.775644, -73.960687)
   🔒 Start Protegido: (40.788910, -73.955617) ✓ 1.54 km | ⚠ SEM MAP MATCHING
   📏 Deslocamento final: 1537.4 metros
   📍 End Original:    (40.774046, -73.961617)
   🔒 End Protegido:   (40.787312, -73.956547) ✓ 1.54 km | ⚠ SEM MAP MATCHING
   📏 Deslocamento final: 1537.4 metros

   📐 ANÁLISE DE DISTÂNCIA DO TRAJETO (HAVERSINE DOS PONTOS ARMAZENADOS):
   🔢 Pontos unicos original/offset: 320/320 (Δ +0, +0.0% )
   📍 Trajeto original: 2.916 km (linha reta entre pontos GPS)
   🔒 Trajeto com offset: 2.916 km (linha reta entre pontos COM snap)
   📊 Diferença: -0.000 km (-0.0%)

======================================================================
📊 ESTATÍSTICAS FINAIS
======================================================================
Viagens processadas: 1
Distância total: 2.93 km
Combustível total: 54.09 l
CO2 real total: 124958.0 g
CO2 meta total: 563.2 g
Delta CO2: -124394.9 g
Valor E1 total: R$ -6.22

💰 Créditos: R$ 0.00
💸 Débitos: R$ 6.22
📈 Saldo líquido: R$ -6.22
======================================================================

💾 Dados agregados salvos em: ../data/offset_batch/vehicles_step_sim_9/run_027.csv
[csv-worker_9] [vehicles_step_sim_9] ===== LOG RUN 027 FIM =====

[csv-worker_9] [vehicles_step_sim_9] ===== LOG RUN 028 INICIO =====
======================================================================
🚗 PROCESSAMENTO SUMO → E1 REGISTRY (OFFSET ALEATÓRIO - veh0)
======================================================================
📄 Entrada: ../data/vehicles_step_sim_9.csv
🏭 Consumo fabricante: 12.0 km/l
💰 Preço carbono: R$ 50.0/ton
⭕ Raio máximo do offset aleatório: 2.0 km
🎲 Offset gerado aleatoriamente:
   Ângulo: 103.6°
   Distância: 1.7226 km
   offset_x (lat): -0.003640°  |  offset_y (lon): 0.015040°
📊 Row stepping: Processando todas as linhas
🗺️  Map matching: DESATIVADO
📐 Cálculo de distância: HAVERSINE PURO dos pontos COM snap (consistência)
======================================================================

📊 Carregando dados SUMO...
   Total de registros no arquivo: 131
   Veículos únicos: 1
   🚙 Vehicle selecionado: carro_1000

🔄 Agregando viagens por vehicle_id...
  📐 SUMO_carro_1000: Calculando distâncias com Haversine direto (SEM routing API)
      Original: 324 pontos → 3.1629 km (Haversine)
      Offset:   324 pontos → 3.1629 km (Haversine)

🚙 Veículo: SUMO_carro_1000
   Modelo: HBEFA4/PC_petrol_Euro-6ab
   Segmentos: 324
   📏 Distância: 3.166 km (city: 3.024, highway: 0.142)
   ⛽ Combustível: 49.530 l
   🏭 CO2 real: 114414.1 g
   🎯 CO2 meta: 609.4 g
   📊 Delta: -113804.6 g
   💰 Valor E1: R$ -5.6902
   🧭 Tentativas map matching: 0

   🔑 OFFSET DETERMINÍSTICO (x=0.0021540999189106173°, y=-0.004450087349146126°, max=2.0km):
   📍 Start Original:  (40.775644, -73.960687)
   🔒 Start Protegido: (40.777798, -73.965137) ✓ 0.45 km | ⚠ SEM MAP MATCHING
   📏 Deslocamento final: 445.2 metros
   📍 End Original:    (40.772251, -73.963071)
   🔒 End Protegido:   (40.774405, -73.967521) ✓ 0.45 km | ⚠ SEM MAP MATCHING
   📏 Deslocamento final: 445.2 metros

   📐 ANÁLISE DE DISTÂNCIA DO TRAJETO (HAVERSINE DOS PONTOS ARMAZENADOS):
   🔢 Pontos unicos original/offset: 324/324 (Δ +0, +0.0% )
   📍 Trajeto original: 3.163 km (linha reta entre pontos GPS)
   🔒 Trajeto com offset: 3.163 km (linha reta entre pontos COM snap)
   📊 Diferença: -0.000 km (-0.0%)

======================================================================
📊 ESTATÍSTICAS FINAIS
======================================================================
Viagens processadas: 1
Distância total: 3.17 km
Combustível total: 49.53 l
CO2 real total: 114414.1 g
CO2 meta total: 609.4 g
Delta CO2: -113804.6 g
Valor E1 total: R$ -5.69

💰 Créditos: R$ 0.00
💸 Débitos: R$ 5.69
📈 Saldo líquido: R$ -5.69
======================================================================

💾 Dados agregados salvos em: ../data/offset_batch/vehicles_step_sim_9/run_028.csv
[csv-worker_9] [vehicles_step_sim_9] ===== LOG RUN 028 FIM =====

[csv-worker_9] [vehicles_step_sim_9] ===== LOG RUN 029 INICIO =====
======================================================================
🚗 PROCESSAMENTO SUMO → E1 REGISTRY (OFFSET ALEATÓRIO - veh0)
======================================================================
📄 Entrada: ../data/vehicles_step_sim_9.csv
🏭 Consumo fabricante: 12.0 km/l
💰 Preço carbono: R$ 50.0/ton
⭕ Raio máximo do offset aleatório: 2.0 km
🎲 Offset gerado aleatoriamente:
   Ângulo: 191.0°
   Distância: 1.8537 km
   offset_x (lat): -0.016348°  |  offset_y (lon): -0.003163°
📊 Row stepping: Processando todas as linhas
🗺️  Map matching: DESATIVADO
📐 Cálculo de distância: HAVERSINE PURO dos pontos COM snap (consistência)
======================================================================

📊 Carregando dados SUMO...
   Total de registros no arquivo: 131
   Veículos únicos: 1
   🚙 Vehicle selecionado: carro_1000

🔄 Agregando viagens por vehicle_id...
  📐 SUMO_carro_1000: Calculando distâncias com Haversine direto (SEM routing API)
      Original: 299 pontos → 3.0526 km (Haversine)
      Offset:   299 pontos → 3.0526 km (Haversine)

🚙 Veículo: SUMO_carro_1000
   Modelo: HBEFA4/PC_petrol_Euro-6ab
   Segmentos: 299
   📏 Distância: 3.060 km (city: 3.060, highway: 0.000)
   ⛽ Combustível: 48.384 l
   🏭 CO2 real: 111766.0 g
   🎯 CO2 meta: 589.0 g
   📊 Delta: -111177.0 g
   💰 Valor E1: R$ -5.5588
   🧭 Tentativas map matching: 0

   🔑 OFFSET DETERMINÍSTICO (x=0.0007792663021179195°, y=-0.008676368041300758°, max=2.0km):
   📍 Start Original:  (40.775644, -73.960687)
   🔒 Start Protegido: (40.776423, -73.969363) ✓ 0.74 km | ⚠ SEM MAP MATCHING
   📏 Deslocamento final: 736.5 metros
   📍 End Original:    (40.774198, -73.961141)
   🔒 End Protegido:   (40.774978, -73.969817) ✓ 0.74 km | ⚠ SEM MAP MATCHING
   📏 Deslocamento final: 736.6 metros

   📐 ANÁLISE DE DISTÂNCIA DO TRAJETO (HAVERSINE DOS PONTOS ARMAZENADOS):
   🔢 Pontos unicos original/offset: 299/299 (Δ +0, +0.0% )
   📍 Trajeto original: 3.053 km (linha reta entre pontos GPS)
   🔒 Trajeto com offset: 3.053 km (linha reta entre pontos COM snap)
   📊 Diferença: -0.000 km (-0.0%)

======================================================================
📊 ESTATÍSTICAS FINAIS
======================================================================
Viagens processadas: 1
Distância total: 3.06 km
Combustível total: 48.38 l
CO2 real total: 111766.0 g
CO2 meta total: 589.0 g
Delta CO2: -111177.0 g
Valor E1 total: R$ -5.56

💰 Créditos: R$ 0.00
💸 Débitos: R$ 5.56
📈 Saldo líquido: R$ -5.56
======================================================================

💾 Dados agregados salvos em: ../data/offset_batch/vehicles_step_sim_9/run_029.csv
[csv-worker_9] [vehicles_step_sim_9] ===== LOG RUN 029 FIM =====

[csv-worker_9] [vehicles_step_sim_9] ===== LOG RUN 030 INICIO =====
======================================================================
🚗 PROCESSAMENTO SUMO → E1 REGISTRY (OFFSET ALEATÓRIO - veh0)
======================================================================
📄 Entrada: ../data/vehicles_step_sim_9.csv
🏭 Consumo fabricante: 12.0 km/l
💰 Preço carbono: R$ 50.0/ton
⭕ Raio máximo do offset aleatório: 2.0 km
🎲 Offset gerado aleatoriamente:
   Ângulo: 358.6°
   Distância: 1.7354 km
   offset_x (lat): 0.015584°  |  offset_y (lon): -0.000382°
📊 Row stepping: Processando todas as linhas
🗺️  Map matching: DESATIVADO
📐 Cálculo de distância: HAVERSINE PURO dos pontos COM snap (consistência)
======================================================================

📊 Carregando dados SUMO...
   Total de registros no arquivo: 131
   Veículos únicos: 1
   🚙 Vehicle selecionado: carro_1000

🔄 Agregando viagens por vehicle_id...
  📐 SUMO_carro_1000: Calculando distâncias com Haversine direto (SEM routing API)
      Original: 301 pontos → 3.1480 km (Haversine)
      Offset:   301 pontos → 3.1480 km (Haversine)

🚙 Veículo: SUMO_carro_1000
   Modelo: HBEFA4/PC_petrol_Euro-6ab
   Segmentos: 301
   📏 Distância: 3.159 km (city: 3.020, highway: 0.139)
   ⛽ Combustível: 51.224 l
   🏭 CO2 real: 118326.7 g
   🎯 CO2 meta: 608.1 g
   📊 Delta: -117718.6 g
   💰 Valor E1: R$ -5.8859
   🧭 Tentativas map matching: 0

   🔑 OFFSET DETERMINÍSTICO (x=0.0007551478302789909°, y=-0.002884499987000748°, max=2.0km):
   📍 Start Original:  (40.775644, -73.960687)
   🔒 Start Protegido: (40.776399, -73.963571) ✓ 0.26 km | ⚠ SEM MAP MATCHING
   📏 Deslocamento final: 257.3 metros
   📍 End Original:    (40.771236, -73.963813)
   🔒 End Protegido:   (40.771991, -73.966697) ✓ 0.26 km | ⚠ SEM MAP MATCHING
   📏 Deslocamento final: 257.3 metros

   📐 ANÁLISE DE DISTÂNCIA DO TRAJETO (HAVERSINE DOS PONTOS ARMAZENADOS):
   🔢 Pontos unicos original/offset: 301/301 (Δ +0, +0.0% )
   📍 Trajeto original: 3.148 km (linha reta entre pontos GPS)
   🔒 Trajeto com offset: 3.148 km (linha reta entre pontos COM snap)
   📊 Diferença: -0.000 km (-0.0%)

======================================================================
📊 ESTATÍSTICAS FINAIS
======================================================================
Viagens processadas: 1
Distância total: 3.16 km
Combustível total: 51.22 l
CO2 real total: 118326.7 g
CO2 meta total: 608.1 g
Delta CO2: -117718.6 g
Valor E1 total: R$ -5.89

💰 Créditos: R$ 0.00
💸 Débitos: R$ 5.89
📈 Saldo líquido: R$ -5.89
======================================================================

💾 Dados agregados salvos em: ../data/offset_batch/vehicles_step_sim_9/run_030.csv
[csv-worker_9] [vehicles_step_sim_9] ===== LOG RUN 030 FIM =====

[csv-worker_9] [vehicles_step_sim_9] ===== LOG RUN 031 INICIO =====
======================================================================
🚗 PROCESSAMENTO SUMO → E1 REGISTRY (OFFSET ALEATÓRIO - veh0)
======================================================================
📄 Entrada: ../data/vehicles_step_sim_9.csv
🏭 Consumo fabricante: 12.0 km/l
💰 Preço carbono: R$ 50.0/ton
⭕ Raio máximo do offset aleatório: 2.0 km
🎲 Offset gerado aleatoriamente:
   Ângulo: 311.5°
   Distância: 1.5490 km
   offset_x (lat): 0.009225°  |  offset_y (lon): -0.010417°
📊 Row stepping: Processando todas as linhas
🗺️  Map matching: DESATIVADO
📐 Cálculo de distância: HAVERSINE PURO dos pontos COM snap (consistência)
======================================================================

📊 Carregando dados SUMO...
   Total de registros no arquivo: 131
   Veículos únicos: 1
   🚙 Vehicle selecionado: carro_1000

🔄 Agregando viagens por vehicle_id...
  📐 SUMO_carro_1000: Calculando distâncias com Haversine direto (SEM routing API)
      Original: 337 pontos → 3.3706 km (Haversine)
      Offset:   337 pontos → 3.3709 km (Haversine)

🚙 Veículo: SUMO_carro_1000
   Modelo: HBEFA4/PC_petrol_Euro-6ab
   Segmentos: 337
   📏 Distância: 3.379 km (city: 3.069, highway: 0.310)
   ⛽ Combustível: 58.616 l
   🏭 CO2 real: 135402.3 g
   🎯 CO2 meta: 650.5 g
   📊 Delta: -134751.8 g
   💰 Valor E1: R$ -6.7376
   🧭 Tentativas map matching: 0

   🔑 OFFSET DETERMINÍSTICO (x=-0.010514176968283596°, y=0.008756050250440765°, max=2.0km):
   📍 Start Original:  (40.775644, -73.960687)
   🔒 Start Protegido: (40.765129, -73.951931) ✓ 1.38 km | ⚠ SEM MAP MATCHING
   📏 Deslocamento final: 1383.7 metros
   📍 End Original:    (40.774801, -73.960637)
   🔒 End Protegido:   (40.764287, -73.951881) ✓ 1.38 km | ⚠ SEM MAP MATCHING
   📏 Deslocamento final: 1383.8 metros

   📐 ANÁLISE DE DISTÂNCIA DO TRAJETO (HAVERSINE DOS PONTOS ARMAZENADOS):
   🔢 Pontos unicos original/offset: 337/337 (Δ +0, +0.0% )
   📍 Trajeto original: 3.371 km (linha reta entre pontos GPS)
   🔒 Trajeto com offset: 3.371 km (linha reta entre pontos COM snap)
   📊 Diferença: +0.000 km (+0.0%)

======================================================================
📊 ESTATÍSTICAS FINAIS
======================================================================
Viagens processadas: 1
Distância total: 3.38 km
Combustível total: 58.62 l
CO2 real total: 135402.3 g
CO2 meta total: 650.5 g
Delta CO2: -134751.8 g
Valor E1 total: R$ -6.74

💰 Créditos: R$ 0.00
💸 Débitos: R$ 6.74
📈 Saldo líquido: R$ -6.74
======================================================================

💾 Dados agregados salvos em: ../data/offset_batch/vehicles_step_sim_9/run_031.csv
[csv-worker_9] [vehicles_step_sim_9] ===== LOG RUN 031 FIM =====

[csv-worker_9] [vehicles_step_sim_9] ===== LOG RUN 032 INICIO =====
======================================================================
🚗 PROCESSAMENTO SUMO → E1 REGISTRY (OFFSET ALEATÓRIO - veh0)
======================================================================
📄 Entrada: ../data/vehicles_step_sim_9.csv
🏭 Consumo fabricante: 12.0 km/l
💰 Preço carbono: R$ 50.0/ton
⭕ Raio máximo do offset aleatório: 2.0 km
🎲 Offset gerado aleatoriamente:
   Ângulo: 282.7°
   Distância: 1.4819 km
   offset_x (lat): 0.002921°  |  offset_y (lon): -0.012988°
📊 Row stepping: Processando todas as linhas
🗺️  Map matching: DESATIVADO
📐 Cálculo de distância: HAVERSINE PURO dos pontos COM snap (consistência)
======================================================================

📊 Carregando dados SUMO...
   Total de registros no arquivo: 131
   Veículos únicos: 1
   🚙 Vehicle selecionado: carro_1000

🔄 Agregando viagens por vehicle_id...
  📐 SUMO_carro_1000: Calculando distâncias com Haversine direto (SEM routing API)
      Original: 323 pontos → 2.9161 km (Haversine)
      Offset:   323 pontos → 2.9164 km (Haversine)

🚙 Veículo: SUMO_carro_1000
   Modelo: HBEFA4/PC_petrol_Euro-6ab
   Segmentos: 323
   📏 Distância: 2.926 km (city: 2.764, highway: 0.161)
   ⛽ Combustível: 54.094 l
   🏭 CO2 real: 124958.0 g
   🎯 CO2 meta: 563.2 g
   📊 Delta: -124394.9 g
   💰 Valor E1: R$ -6.2197
   🧭 Tentativas map matching: 0

   🔑 OFFSET DETERMINÍSTICO (x=-0.01619515429043428°, y=0.0021096495165445228°, max=2.0km):
   📍 Start Original:  (40.775644, -73.960687)
   🔒 Start Protegido: (40.759448, -73.958577) ✓ 1.81 km | ⚠ SEM MAP MATCHING
   📏 Deslocamento final: 1811.6 metros
   📍 End Original:    (40.774046, -73.961617)
   🔒 End Protegido:   (40.757851, -73.959507) ✓ 1.81 km | ⚠ SEM MAP MATCHING
   📏 Deslocamento final: 1811.6 metros

   📐 ANÁLISE DE DISTÂNCIA DO TRAJETO (HAVERSINE DOS PONTOS ARMAZENADOS):
   🔢 Pontos unicos original/offset: 320/320 (Δ +0, +0.0% )
   📍 Trajeto original: 2.916 km (linha reta entre pontos GPS)
   🔒 Trajeto com offset: 2.916 km (linha reta entre pontos COM snap)
   📊 Diferença: +0.000 km (+0.0%)

======================================================================
📊 ESTATÍSTICAS FINAIS
======================================================================
Viagens processadas: 1
Distância total: 2.93 km
Combustível total: 54.09 l
CO2 real total: 124958.0 g
CO2 meta total: 563.2 g
Delta CO2: -124394.9 g
Valor E1 total: R$ -6.22

💰 Créditos: R$ 0.00
💸 Débitos: R$ 6.22
📈 Saldo líquido: R$ -6.22
======================================================================

💾 Dados agregados salvos em: ../data/offset_batch/vehicles_step_sim_3/run_014.csv
[csv-worker_9] [vehicles_step_sim_9] ===== LOG RUN 032 FIM =====

[csv-worker_9] [vehicles_step_sim_9] ===== LOG RUN 033 INICIO =====
======================================================================
🚗 PROCESSAMENTO SUMO → E1 REGISTRY (OFFSET ALEATÓRIO - veh0)
======================================================================
📄 Entrada: ../data/vehicles_step_sim_9.csv
🏭 Consumo fabricante: 12.0 km/l
💰 Preço carbono: R$ 50.0/ton
⭕ Raio máximo do offset aleatório: 2.0 km
🎲 Offset gerado aleatoriamente:
   Ângulo: 329.8°
   Distância: 1.7641 km
   offset_x (lat): 0.013703°  |  offset_y (lon): -0.007961°
📊 Row stepping: Processando todas as linhas
🗺️  Map matching: DESATIVADO
📐 Cálculo de distância: HAVERSINE PURO dos pontos COM snap (consistência)
======================================================================

📊 Carregando dados SUMO...
   Total de registros no arquivo: 324
   Veículos únicos: 1
   🚙 Vehicle selecionado: carro_1000

🔄 Agregando viagens por vehicle_id...
   Total de registros no arquivo: 131
   Veículos únicos: 1
   🚙 Vehicle selecionado: carro_1000

🔄 Agregando viagens por vehicle_id...
  📐 SUMO_carro_1000: Calculando distâncias com Haversine direto (SEM routing API)
      Original: 155 pontos → 1.4242 km (Haversine)
      Offset:   155 pontos → 1.4242 km (Haversine)

🚙 Veículo: SUMO_carro_1000
   Modelo: HBEFA4/PC_petrol_Euro-6ab
   Segmentos: 155
   📏 Distância: 1.424 km (city: 1.424, highway: 0.000)
   ⛽ Combustível: 10.127 l
   🏭 CO2 real: 23393.7 g
   🎯 CO2 meta: 274.2 g
   📊 Delta: -23119.5 g
   💰 Valor E1: R$ -1.1560
   🧭 Tentativas map matching: 0

   🔑 OFFSET DETERMINÍSTICO (x=0.00039979947216864587°, y=0.00592182266442368°, max=2.0km):
   📍 Start Original:  (40.775644, -73.960687)
   🔒 Start Protegido: (40.776043, -73.954765) ✓ 0.50 km | ⚠ SEM MAP MATCHING
   📏 Deslocamento final: 501.2 metros
   📍 End Original:    (40.775671, -73.960433)
   🔒 End Protegido:   (40.776071, -73.954511) ✓ 0.50 km | ⚠ SEM MAP MATCHING
   📏 Deslocamento final: 501.2 metros

   📐 ANÁLISE DE DISTÂNCIA DO TRAJETO (HAVERSINE DOS PONTOS ARMAZENADOS):
   🔢 Pontos unicos original/offset: 155/155 (Δ +0, +0.0% )
   📍 Trajeto original: 1.424 km (linha reta entre pontos GPS)
   🔒 Trajeto com offset: 1.424 km (linha reta entre pontos COM snap)
   📊 Diferença: -0.000 km (-0.0%)

======================================================================
📊 ESTATÍSTICAS FINAIS
======================================================================
Viagens processadas: 1
Distância total: 1.42 km
Combustível total: 10.13 l
CO2 real total: 23393.7 g
CO2 meta total: 274.2 g
Delta CO2: -23119.5 g
Valor E1 total: R$ -1.16

💰 Créditos: R$ 0.00
💸 Débitos: R$ 1.16
📈 Saldo líquido: R$ -1.16
======================================================================

💾 Dados agregados salvos em: ../data/offset_batch/vehicles_step_sim_9/run_033.csv
[csv-worker_9] [vehicles_step_sim_9] ===== LOG RUN 033 FIM =====

[csv-worker_9] [vehicles_step_sim_9] ===== LOG RUN 034 INICIO =====
======================================================================
🚗 PROCESSAMENTO SUMO → E1 REGISTRY (OFFSET ALEATÓRIO - veh0)
======================================================================
📄 Entrada: ../data/vehicles_step_sim_9.csv
🏭 Consumo fabricante: 12.0 km/l
💰 Preço carbono: R$ 50.0/ton
⭕ Raio máximo do offset aleatório: 2.0 km
🎲 Offset gerado aleatoriamente:
   Ângulo: 288.0°
   Distância: 1.1745 km
   offset_x (lat): 0.003265°  |  offset_y (lon): -0.010033°
📊 Row stepping: Processando todas as linhas
🗺️  Map matching: DESATIVADO
📐 Cálculo de distância: HAVERSINE PURO dos pontos COM snap (consistência)
======================================================================

📊 Carregando dados SUMO...
   Total de registros no arquivo: 131
   Veículos únicos: 1
   🚙 Vehicle selecionado: carro_1000

🔄 Agregando viagens por vehicle_id...
  📐 SUMO_carro_1000: Calculando distâncias com Haversine direto (SEM routing API)
      Original: 301 pontos → 3.1480 km (Haversine)
      Offset:   301 pontos → 3.1479 km (Haversine)

🚙 Veículo: SUMO_carro_1000
   Modelo: HBEFA4/PC_petrol_Euro-6ab
   Segmentos: 301
   📏 Distância: 3.159 km (city: 3.020, highway: 0.139)
   ⛽ Combustível: 51.224 l
   🏭 CO2 real: 118326.7 g
   🎯 CO2 meta: 608.1 g
   📊 Delta: -117718.6 g
   💰 Valor E1: R$ -5.8859
   🧭 Tentativas map matching: 0

   🔑 OFFSET DETERMINÍSTICO (x=0.0026149031160186626°, y=-0.003154263633867939°, max=2.0km):
   📍 Start Original:  (40.775644, -73.960687)
   🔒 Start Protegido: (40.778259, -73.963841) ✓ 0.39 km | ⚠ SEM MAP MATCHING
   📏 Deslocamento final: 394.3 metros
   📍 End Original:    (40.771236, -73.963813)
   🔒 End Protegido:   (40.773851, -73.966967) ✓ 0.39 km | ⚠ SEM MAP MATCHING
   📏 Deslocamento final: 394.3 metros

   📐 ANÁLISE DE DISTÂNCIA DO TRAJETO (HAVERSINE DOS PONTOS ARMAZENADOS):
   🔢 Pontos unicos original/offset: 301/301 (Δ +0, +0.0% )
   📍 Trajeto original: 3.148 km (linha reta entre pontos GPS)
   🔒 Trajeto com offset: 3.148 km (linha reta entre pontos COM snap)
   📊 Diferença: -0.000 km (-0.0%)

======================================================================
📊 ESTATÍSTICAS FINAIS
======================================================================
Viagens processadas: 1
Distância total: 3.16 km
Combustível total: 51.22 l
CO2 real total: 118326.7 g
CO2 meta total: 608.1 g
Delta CO2: -117718.6 g
Valor E1 total: R$ -5.89

💰 Créditos: R$ 0.00
💸 Débitos: R$ 5.89
📈 Saldo líquido: R$ -5.89
======================================================================

💾 Dados agregados salvos em: ../data/offset_batch/vehicles_step_sim_9/run_034.csv
[csv-worker_9] [vehicles_step_sim_9] ===== LOG RUN 034 FIM =====

[csv-worker_9] [vehicles_step_sim_9] ===== LOG RUN 035 INICIO =====
======================================================================
🚗 PROCESSAMENTO SUMO → E1 REGISTRY (OFFSET ALEATÓRIO - veh0)
======================================================================
📄 Entrada: ../data/vehicles_step_sim_9.csv
🏭 Consumo fabricante: 12.0 km/l
💰 Preço carbono: R$ 50.0/ton
⭕ Raio máximo do offset aleatório: 2.0 km
🎲 Offset gerado aleatoriamente:
   Ângulo: 102.6°
   Distância: 1.7080 km
   offset_x (lat): -0.003340°  |  offset_y (lon): 0.014975°
📊 Row stepping: Processando todas as linhas
🗺️  Map matching: DESATIVADO
📐 Cálculo de distância: HAVERSINE PURO dos pontos COM snap (consistência)
======================================================================

📊 Carregando dados SUMO...
   Total de registros no arquivo: 131
   Veículos únicos: 1
   🚙 Vehicle selecionado: carro_1000

🔄 Agregando viagens por vehicle_id...
  📐 SUMO_carro_1000: Calculando distâncias com Haversine direto (SEM routing API)
      Original: 324 pontos → 3.1629 km (Haversine)
      Offset:   324 pontos → 3.1631 km (Haversine)

🚙 Veículo: SUMO_carro_1000
   Modelo: HBEFA4/PC_petrol_Euro-6ab
   Segmentos: 324
   📏 Distância: 3.166 km (city: 3.024, highway: 0.142)
   ⛽ Combustível: 49.530 l
   🏭 CO2 real: 114414.1 g
   🎯 CO2 meta: 609.4 g
   📊 Delta: -113804.6 g
   💰 Valor E1: R$ -5.6902
   🧭 Tentativas map matching: 0

   🔑 OFFSET DETERMINÍSTICO (x=-0.009124046961400581°, y=0.007508498914988872°, max=2.0km):
   📍 Start Original:  (40.775644, -73.960687)
   🔒 Start Protegido: (40.766520, -73.953178) ✓ 1.20 km | ⚠ SEM MAP MATCHING
   📏 Deslocamento final: 1196.8 metros
   📍 End Original:    (40.772251, -73.963071)
   🔒 End Protegido:   (40.763126, -73.955562) ✓ 1.20 km | ⚠ SEM MAP MATCHING
   📏 Deslocamento final: 1196.8 metros

   📐 ANÁLISE DE DISTÂNCIA DO TRAJETO (HAVERSINE DOS PONTOS ARMAZENADOS):
   🔢 Pontos unicos original/offset: 324/324 (Δ +0, +0.0% )
   📍 Trajeto original: 3.163 km (linha reta entre pontos GPS)
   🔒 Trajeto com offset: 3.163 km (linha reta entre pontos COM snap)
   📊 Diferença: +0.000 km (+0.0%)

======================================================================
📊 ESTATÍSTICAS FINAIS
======================================================================
Viagens processadas: 1
Distância total: 3.17 km
Combustível total: 49.53 l
CO2 real total: 114414.1 g
CO2 meta total: 609.4 g
Delta CO2: -113804.6 g
Valor E1 total: R$ -5.69

💰 Créditos: R$ 0.00
💸 Débitos: R$ 5.69
📈 Saldo líquido: R$ -5.69
======================================================================

💾 Dados agregados salvos em: ../data/offset_batch/vehicles_step_sim_9/run_035.csv
[csv-worker_9] [vehicles_step_sim_9] ===== LOG RUN 035 FIM =====

[csv-worker_9] [vehicles_step_sim_9] ===== LOG RUN 036 INICIO =====
======================================================================
🚗 PROCESSAMENTO SUMO → E1 REGISTRY (OFFSET ALEATÓRIO - veh0)
======================================================================
📄 Entrada: ../data/vehicles_step_sim_9.csv
🏭 Consumo fabricante: 12.0 km/l
💰 Preço carbono: R$ 50.0/ton
⭕ Raio máximo do offset aleatório: 2.0 km
🎲 Offset gerado aleatoriamente:
   Ângulo: 269.3°
   Distância: 1.5825 km
   offset_x (lat): -0.000177°  |  offset_y (lon): -0.014214°
📊 Row stepping: Processando todas as linhas
🗺️  Map matching: DESATIVADO
📐 Cálculo de distância: HAVERSINE PURO dos pontos COM snap (consistência)
======================================================================

📊 Carregando dados SUMO...
   Total de registros no arquivo: 131
   Veículos únicos: 1
   🚙 Vehicle selecionado: carro_1000

🔄 Agregando viagens por vehicle_id...
  📐 SUMO_carro_1000: Calculando distâncias com Haversine direto (SEM routing API)
      Original: 337 pontos → 3.3706 km (Haversine)
      Offset:   337 pontos → 3.3708 km (Haversine)

🚙 Veículo: SUMO_carro_1000
   Modelo: HBEFA4/PC_petrol_Euro-6ab
   Segmentos: 337
   📏 Distância: 3.379 km (city: 3.069, highway: 0.310)
   ⛽ Combustível: 58.616 l
   🏭 CO2 real: 135402.3 g
   🎯 CO2 meta: 650.5 g
   📊 Delta: -134751.8 g
   💰 Valor E1: R$ -6.7376
   🧭 Tentativas map matching: 0

   🔑 OFFSET DETERMINÍSTICO (x=-0.00700956007890276°, y=-0.00479485133994421°, max=2.0km):
   📍 Start Original:  (40.775644, -73.960687)
   🔒 Start Protegido: (40.768634, -73.965482) ✓ 0.88 km | ⚠ SEM MAP MATCHING
   📏 Deslocamento final: 878.8 metros
   📍 End Original:    (40.774801, -73.960637)
   🔒 End Protegido:   (40.767792, -73.965432) ✓ 0.88 km | ⚠ SEM MAP MATCHING
   📏 Deslocamento final: 878.8 metros

   📐 ANÁLISE DE DISTÂNCIA DO TRAJETO (HAVERSINE DOS PONTOS ARMAZENADOS):
   🔢 Pontos unicos original/offset: 337/337 (Δ +0, +0.0% )
   📍 Trajeto original: 3.371 km (linha reta entre pontos GPS)
   🔒 Trajeto com offset: 3.371 km (linha reta entre pontos COM snap)
   📊 Diferença: +0.000 km (+0.0%)

======================================================================
📊 ESTATÍSTICAS FINAIS
======================================================================
Viagens processadas: 1
Distância total: 3.38 km
Combustível total: 58.62 l
CO2 real total: 135402.3 g
CO2 meta total: 650.5 g
Delta CO2: -134751.8 g
Valor E1 total: R$ -6.74

💰 Créditos: R$ 0.00
💸 Débitos: R$ 6.74
📈 Saldo líquido: R$ -6.74
======================================================================

💾 Dados agregados salvos em: ../data/offset_batch/vehicles_step_sim_9/run_036.csv
[csv-worker_9] [vehicles_step_sim_9] ===== LOG RUN 036 FIM =====

[csv-worker_9] [vehicles_step_sim_9] ===== LOG RUN 037 INICIO =====
======================================================================
🚗 PROCESSAMENTO SUMO → E1 REGISTRY (OFFSET ALEATÓRIO - veh0)
======================================================================
📄 Entrada: ../data/vehicles_step_sim_9.csv
🏭 Consumo fabricante: 12.0 km/l
💰 Preço carbono: R$ 50.0/ton
⭕ Raio máximo do offset aleatório: 2.0 km
🎲 Offset gerado aleatoriamente:
   Ângulo: 273.7°
   Distância: 1.2244 km
   offset_x (lat): 0.000709°  |  offset_y (lon): -0.010976°
📊 Row stepping: Processando todas as linhas
🗺️  Map matching: DESATIVADO
📐 Cálculo de distância: HAVERSINE PURO dos pontos COM snap (consistência)
======================================================================

📊 Carregando dados SUMO...
   Total de registros no arquivo: 131
   Veículos únicos: 1
   🚙 Vehicle selecionado: carro_1000

🔄 Agregando viagens por vehicle_id...
  📐 SUMO_carro_1000: Calculando distâncias com Haversine direto (SEM routing API)
      Original: 300 pontos → 3.1542 km (Haversine)
      Offset:   300 pontos → 3.1544 km (Haversine)

🚙 Veículo: SUMO_carro_1000
   Modelo: HBEFA4/PC_petrol_Euro-6ab
   Segmentos: 300
   📏 Distância: 3.158 km (city: 2.541, highway: 0.617)
   ⛽ Combustível: 49.984 l
   🏭 CO2 real: 115462.6 g
   🎯 CO2 meta: 608.0 g
   📊 Delta: -114854.6 g
   💰 Valor E1: R$ -5.7427
   🧭 Tentativas map matching: 0

   🔑 OFFSET DETERMINÍSTICO (x=-0.009503631768644128°, y=-0.0014685344526698346°, max=2.0km):
   📍 Start Original:  (40.775644, -73.960687)
   🔒 Start Protegido: (40.766140, -73.962156) ✓ 1.07 km | ⚠ SEM MAP MATCHING
   📏 Deslocamento final: 1065.2 metros
   📍 End Original:    (40.773912, -73.961904)
   🔒 End Protegido:   (40.764409, -73.963372) ✓ 1.07 km | ⚠ SEM MAP MATCHING
   📏 Deslocamento final: 1065.2 metros

   📐 ANÁLISE DE DISTÂNCIA DO TRAJETO (HAVERSINE DOS PONTOS ARMAZENADOS):
   🔢 Pontos unicos original/offset: 299/299 (Δ +0, +0.0% )
   📍 Trajeto original: 3.154 km (linha reta entre pontos GPS)
   🔒 Trajeto com offset: 3.154 km (linha reta entre pontos COM snap)
   📊 Diferença: +0.000 km (+0.0%)

======================================================================
📊 ESTATÍSTICAS FINAIS
======================================================================
Viagens processadas: 1
Distância total: 3.16 km
Combustível total: 49.98 l
CO2 real total: 115462.6 g
CO2 meta total: 608.0 g
Delta CO2: -114854.6 g
Valor E1 total: R$ -5.74

💰 Créditos: R$ 0.00
💸 Débitos: R$ 5.74
📈 Saldo líquido: R$ -5.74
======================================================================

💾 Dados agregados salvos em: ../data/offset_batch/vehicles_step_sim_9/run_037.csv
[csv-worker_9] [vehicles_step_sim_9] ===== LOG RUN 037 FIM =====

[csv-worker_9] [vehicles_step_sim_9] ===== LOG RUN 038 INICIO =====
======================================================================
🚗 PROCESSAMENTO SUMO → E1 REGISTRY (OFFSET ALEATÓRIO - veh0)
======================================================================
📄 Entrada: ../data/vehicles_step_sim_9.csv
🏭 Consumo fabricante: 12.0 km/l
💰 Preço carbono: R$ 50.0/ton
⭕ Raio máximo do offset aleatório: 2.0 km
🎲 Offset gerado aleatoriamente:
   Ângulo: 272.2°
   Distância: 0.7471 km
   offset_x (lat): 0.000263°  |  offset_y (lon): -0.006706°
📊 Row stepping: Processando todas as linhas
🗺️  Map matching: DESATIVADO
📐 Cálculo de distância: HAVERSINE PURO dos pontos COM snap (consistência)
======================================================================

📊 Carregando dados SUMO...
   Total de registros no arquivo: 131
   Veículos únicos: 1
   🚙 Vehicle selecionado: carro_1000

🔄 Agregando viagens por vehicle_id...
  📐 SUMO_carro_1000: Calculando distâncias com Haversine direto (SEM routing API)
      Original: 155 pontos → 1.4242 km (Haversine)
      Offset:   155 pontos → 1.4242 km (Haversine)

🚙 Veículo: SUMO_carro_1000
   Modelo: HBEFA4/PC_petrol_Euro-6ab
   Segmentos: 155
   📏 Distância: 1.424 km (city: 1.424, highway: 0.000)
   ⛽ Combustível: 10.127 l
   🏭 CO2 real: 23393.7 g
   🎯 CO2 meta: 274.2 g
   📊 Delta: -23119.5 g
   💰 Valor E1: R$ -1.1560
   🧭 Tentativas map matching: 0

   🔑 OFFSET DETERMINÍSTICO (x=0.0006079335978928781°, y=-0.010526532109576506°, max=2.0km):
   📍 Start Original:  (40.775644, -73.960687)
   🔒 Start Protegido: (40.776252, -73.971214) ✓ 0.89 km | ⚠ SEM MAP MATCHING
   📏 Deslocamento final: 890.0 metros
   📍 End Original:    (40.775671, -73.960433)
   🔒 End Protegido:   (40.776279, -73.970960) ✓ 0.89 km | ⚠ SEM MAP MATCHING
   📏 Deslocamento final: 890.0 metros

   📐 ANÁLISE DE DISTÂNCIA DO TRAJETO (HAVERSINE DOS PONTOS ARMAZENADOS):
   🔢 Pontos unicos original/offset: 155/155 (Δ +0, +0.0% )
   📍 Trajeto original: 1.424 km (linha reta entre pontos GPS)
   🔒 Trajeto com offset: 1.424 km (linha reta entre pontos COM snap)
   📊 Diferença: -0.000 km (-0.0%)

======================================================================
📊 ESTATÍSTICAS FINAIS
======================================================================
Viagens processadas: 1
Distância total: 1.42 km
Combustível total: 10.13 l
CO2 real total: 23393.7 g
CO2 meta total: 274.2 g
Delta CO2: -23119.5 g
Valor E1 total: R$ -1.16

💰 Créditos: R$ 0.00
💸 Débitos: R$ 1.16
📈 Saldo líquido: R$ -1.16
======================================================================

💾 Dados agregados salvos em: ../data/offset_batch/vehicles_step_sim_9/run_038.csv
[csv-worker_9] [vehicles_step_sim_9] ===== LOG RUN 038 FIM =====

[csv-worker_9] [vehicles_step_sim_9] ===== LOG RUN 039 INICIO =====
======================================================================
🚗 PROCESSAMENTO SUMO → E1 REGISTRY (OFFSET ALEATÓRIO - veh0)
======================================================================
📄 Entrada: ../data/vehicles_step_sim_9.csv
🏭 Consumo fabricante: 12.0 km/l
💰 Preço carbono: R$ 50.0/ton
⭕ Raio máximo do offset aleatório: 2.0 km
🎲 Offset gerado aleatoriamente:
   Ângulo: 312.5°
   Distância: 1.9719 km
   offset_x (lat): 0.011977°  |  offset_y (lon): -0.013051°
📊 Row stepping: Processando todas as linhas
🗺️  Map matching: DESATIVADO
📐 Cálculo de distância: HAVERSINE PURO dos pontos COM snap (consistência)
======================================================================

📊 Carregando dados SUMO...
  📐 SUMO_carro_1000: Calculando distâncias com Haversine direto (SEM routing API)
      Original: 301 pontos → 3.1480 km (Haversine)
      Offset:   301 pontos → 3.1481 km (Haversine)

🚙 Veículo: SUMO_carro_1000
   Modelo: HBEFA4/PC_petrol_Euro-6ab
   Segmentos: 301
   📏 Distância: 3.159 km (city: 3.020, highway: 0.139)
   ⛽ Combustível: 51.224 l
   🏭 CO2 real: 118326.7 g
   🎯 CO2 meta: 608.1 g
   📊 Delta: -117718.6 g
   💰 Valor E1: R$ -5.8859
   🧭 Tentativas map matching: 0

   🔑 OFFSET DETERMINÍSTICO (x=-0.006264311649189442°, y=0.005399369604559541°, max=2.0km):
   📍 Start Original:  (40.775644, -73.960687)
   🔒 Start Protegido: (40.769379, -73.955288) ✓ 0.83 km | ⚠ SEM MAP MATCHING
   📏 Deslocamento final: 832.7 metros
   📍 End Original:    (40.771236, -73.963813)
   🔒 End Protegido:   (40.764971, -73.958413) ✓ 0.83 km | ⚠ SEM MAP MATCHING
   📏 Deslocamento final: 832.8 metros

   📐 ANÁLISE DE DISTÂNCIA DO TRAJETO (HAVERSINE DOS PONTOS ARMAZENADOS):
   🔢 Pontos unicos original/offset: 301/301 (Δ +0, +0.0% )
   📍 Trajeto original: 3.148 km (linha reta entre pontos GPS)
   🔒 Trajeto com offset: 3.148 km (linha reta entre pontos COM snap)
   📊 Diferença: +0.000 km (+0.0%)

======================================================================
📊 ESTATÍSTICAS FINAIS
======================================================================
Viagens processadas: 1
Distância total: 3.16 km
Combustível total: 51.22 l
CO2 real total: 118326.7 g
CO2 meta total: 608.1 g
Delta CO2: -117718.6 g
Valor E1 total: R$ -5.89

💰 Créditos: R$ 0.00
💸 Débitos: R$ 5.89
📈 Saldo líquido: R$ -5.89
======================================================================

💾 Dados agregados salvos em: ../data/offset_batch/vehicles_step_sim_9/run_039.csv
[csv-worker_9] [vehicles_step_sim_9] ===== LOG RUN 039 FIM =====

[csv-worker_9] [vehicles_step_sim_9] ===== LOG RUN 040 INICIO =====
======================================================================
🚗 PROCESSAMENTO SUMO → E1 REGISTRY (OFFSET ALEATÓRIO - veh0)
======================================================================
📄 Entrada: ../data/vehicles_step_sim_9.csv
🏭 Consumo fabricante: 12.0 km/l
💰 Preço carbono: R$ 50.0/ton
⭕ Raio máximo do offset aleatório: 2.0 km
🎲 Offset gerado aleatoriamente:
   Ângulo: 359.8°
   Distância: 0.6724 km
   offset_x (lat): 0.006040°  |  offset_y (lon): -0.000019°
📊 Row stepping: Processando todas as linhas
🗺️  Map matching: DESATIVADO
📐 Cálculo de distância: HAVERSINE PURO dos pontos COM snap (consistência)
======================================================================

📊 Carregando dados SUMO...
   Total de registros no arquivo: 131
   Veículos únicos: 1
   🚙 Vehicle selecionado: carro_1000

🔄 Agregando viagens por vehicle_id...
  📐 SUMO_carro_1000: Calculando distâncias com Haversine direto (SEM routing API)
      Original: 299 pontos → 3.0526 km (Haversine)
      Offset:   299 pontos → 3.0525 km (Haversine)

🚙 Veículo: SUMO_carro_1000
   Modelo: HBEFA4/PC_petrol_Euro-6ab
   Segmentos: 299
   📏 Distância: 3.060 km (city: 3.060, highway: 0.000)
   ⛽ Combustível: 48.384 l
   🏭 CO2 real: 111766.0 g
   🎯 CO2 meta: 589.0 g
   📊 Delta: -111177.0 g
   💰 Valor E1: R$ -5.5588
   🧭 Tentativas map matching: 0

   🔑 OFFSET DETERMINÍSTICO (x=0.0035646741807937293°, y=-0.011916495449296174°, max=2.0km):
   📍 Start Original:  (40.775644, -73.960687)
   🔒 Start Protegido: (40.779208, -73.972603) ✓ 1.08 km | ⚠ SEM MAP MATCHING
   📏 Deslocamento final: 1080.1 metros
   📍 End Original:    (40.774198, -73.961141)
   🔒 End Protegido:   (40.777763, -73.973058) ✓ 1.08 km | ⚠ SEM MAP MATCHING
   📏 Deslocamento final: 1080.1 metros

   📐 ANÁLISE DE DISTÂNCIA DO TRAJETO (HAVERSINE DOS PONTOS ARMAZENADOS):
   🔢 Pontos unicos original/offset: 299/299 (Δ +0, +0.0% )
   📍 Trajeto original: 3.053 km (linha reta entre pontos GPS)
   🔒 Trajeto com offset: 3.053 km (linha reta entre pontos COM snap)
   📊 Diferença: -0.000 km (-0.0%)

======================================================================
📊 ESTATÍSTICAS FINAIS
======================================================================
Viagens processadas: 1
Distância total: 3.06 km
Combustível total: 48.38 l
CO2 real total: 111766.0 g
CO2 meta total: 589.0 g
Delta CO2: -111177.0 g
Valor E1 total: R$ -5.56

💰 Créditos: R$ 0.00
💸 Débitos: R$ 5.56
📈 Saldo líquido: R$ -5.56
======================================================================

💾 Dados agregados salvos em: ../data/offset_batch/vehicles_step_sim_9/run_040.csv
[csv-worker_9] [vehicles_step_sim_9] ===== LOG RUN 040 FIM =====

[csv-worker_9] [vehicles_step_sim_9] ===== LOG RUN 041 INICIO =====
======================================================================
🚗 PROCESSAMENTO SUMO → E1 REGISTRY (OFFSET ALEATÓRIO - veh0)
======================================================================
📄 Entrada: ../data/vehicles_step_sim_9.csv
🏭 Consumo fabricante: 12.0 km/l
💰 Preço carbono: R$ 50.0/ton
⭕ Raio máximo do offset aleatório: 2.0 km
🎲 Offset gerado aleatoriamente:
   Ângulo: 27.8°
   Distância: 1.2261 km
   offset_x (lat): 0.009743°  |  offset_y (lon): 0.005137°
📊 Row stepping: Processando todas as linhas
🗺️  Map matching: DESATIVADO
📐 Cálculo de distância: HAVERSINE PURO dos pontos COM snap (consistência)
======================================================================

📊 Carregando dados SUMO...
   Total de registros no arquivo: 131
   Veículos únicos: 1
   🚙 Vehicle selecionado: carro_1000

🔄 Agregando viagens por vehicle_id...
  📐 SUMO_carro_1000: Calculando distâncias com Haversine direto (SEM routing API)
      Original: 222 pontos → 1.9688 km (Haversine)
      Offset:   222 pontos → 1.9689 km (Haversine)

🚙 Veículo: SUMO_carro_1000
   Modelo: HBEFA4/PC_petrol_Euro-6ab
   Segmentos: 222
   📏 Distância: 1.973 km (city: 1.973, highway: 0.000)
   ⛽ Combustível: 24.219 l
   🏭 CO2 real: 55946.2 g
   🎯 CO2 meta: 379.8 g
   📊 Delta: -55566.4 g
   💰 Valor E1: R$ -2.7783
   🧭 Tentativas map matching: 0

   🔑 OFFSET DETERMINÍSTICO (x=-0.008045435911865252°, y=-0.0037353028915458305°, max=2.0km):
   📍 Start Original:  (40.775644, -73.960687)
   🔒 Start Protegido: (40.767598, -73.964422) ✓ 0.95 km | ⚠ SEM MAP MATCHING
   📏 Deslocamento final: 949.4 metros
   📍 End Original:    (40.772651, -73.962544)
   🔒 End Protegido:   (40.764606, -73.966280) ✓ 0.95 km | ⚠ SEM MAP MATCHING
   📏 Deslocamento final: 949.4 metros

   📐 ANÁLISE DE DISTÂNCIA DO TRAJETO (HAVERSINE DOS PONTOS ARMAZENADOS):
   🔢 Pontos unicos original/offset: 221/221 (Δ +0, +0.0% )
   📍 Trajeto original: 1.969 km (linha reta entre pontos GPS)
   🔒 Trajeto com offset: 1.969 km (linha reta entre pontos COM snap)
   📊 Diferença: +0.000 km (+0.0%)

======================================================================
📊 ESTATÍSTICAS FINAIS
======================================================================
Viagens processadas: 1
Distância total: 1.97 km
Combustível total: 24.22 l
CO2 real total: 55946.2 g
CO2 meta total: 379.8 g
Delta CO2: -55566.4 g
Valor E1 total: R$ -2.78

💰 Créditos: R$ 0.00
💸 Débitos: R$ 2.78
📈 Saldo líquido: R$ -2.78
======================================================================

💾 Dados agregados salvos em: ../data/offset_batch/vehicles_step_sim_9/run_041.csv
[csv-worker_9] [vehicles_step_sim_9] ===== LOG RUN 041 FIM =====

[csv-worker_9] [vehicles_step_sim_9] ===== LOG RUN 042 INICIO =====
======================================================================
🚗 PROCESSAMENTO SUMO → E1 REGISTRY (OFFSET ALEATÓRIO - veh0)
======================================================================
📄 Entrada: ../data/vehicles_step_sim_9.csv
🏭 Consumo fabricante: 12.0 km/l
💰 Preço carbono: R$ 50.0/ton
⭕ Raio máximo do offset aleatório: 2.0 km
🎲 Offset gerado aleatoriamente:
   Ângulo: 247.1°
   Distância: 1.3340 km
   offset_x (lat): -0.004666°  |  offset_y (lon): -0.011038°
📊 Row stepping: Processando todas as linhas
🗺️  Map matching: DESATIVADO
📐 Cálculo de distância: HAVERSINE PURO dos pontos COM snap (consistência)
======================================================================

📊 Carregando dados SUMO...
   Total de registros no arquivo: 131
   Veículos únicos: 1
   🚙 Vehicle selecionado: carro_1000

🔄 Agregando viagens por vehicle_id...
  📐 SUMO_carro_1000: Calculando distâncias com Haversine direto (SEM routing API)
      Original: 299 pontos → 3.0526 km (Haversine)
      Offset:   299 pontos → 3.0526 km (Haversine)

🚙 Veículo: SUMO_carro_1000
   Modelo: HBEFA4/PC_petrol_Euro-6ab
   Segmentos: 299
   📏 Distância: 3.060 km (city: 3.060, highway: 0.000)
   ⛽ Combustível: 48.384 l
   🏭 CO2 real: 111766.0 g
   🎯 CO2 meta: 589.0 g
   📊 Delta: -111177.0 g
   💰 Valor E1: R$ -5.5588
   🧭 Tentativas map matching: 0

   🔑 OFFSET DETERMINÍSTICO (x=0.00013503813942633485°, y=-0.01401933872691279°, max=2.0km):
   📍 Start Original:  (40.775644, -73.960687)
   🔒 Start Protegido: (40.775779, -73.974706) ✓ 1.18 km | ⚠ SEM MAP MATCHING
   📏 Deslocamento final: 1181.9 metros
   📍 End Original:    (40.774198, -73.961141)
   🔒 End Protegido:   (40.774333, -73.975160) ✓ 1.18 km | ⚠ SEM MAP MATCHING
   📏 Deslocamento final: 1181.9 metros

   📐 ANÁLISE DE DISTÂNCIA DO TRAJETO (HAVERSINE DOS PONTOS ARMAZENADOS):
   🔢 Pontos unicos original/offset: 299/299 (Δ +0, +0.0% )
   📍 Trajeto original: 3.053 km (linha reta entre pontos GPS)
   🔒 Trajeto com offset: 3.053 km (linha reta entre pontos COM snap)
   📊 Diferença: -0.000 km (-0.0%)

======================================================================
📊 ESTATÍSTICAS FINAIS
======================================================================
Viagens processadas: 1
Distância total: 3.06 km
Combustível total: 48.38 l
CO2 real total: 111766.0 g
CO2 meta total: 589.0 g
Delta CO2: -111177.0 g
Valor E1 total: R$ -5.56

💰 Créditos: R$ 0.00
💸 Débitos: R$ 5.56
📈 Saldo líquido: R$ -5.56
======================================================================

💾 Dados agregados salvos em: ../data/offset_batch/vehicles_step_sim_9/run_042.csv
[csv-worker_9] [vehicles_step_sim_9] ===== LOG RUN 042 FIM =====

[csv-worker_9] [vehicles_step_sim_9] ===== LOG RUN 043 INICIO =====
======================================================================
🚗 PROCESSAMENTO SUMO → E1 REGISTRY (OFFSET ALEATÓRIO - veh0)
======================================================================
📄 Entrada: ../data/vehicles_step_sim_9.csv
🏭 Consumo fabricante: 12.0 km/l
💰 Preço carbono: R$ 50.0/ton
⭕ Raio máximo do offset aleatório: 2.0 km
🎲 Offset gerado aleatoriamente:
   Ângulo: 218.1°
   Distância: 0.9884 km
   offset_x (lat): -0.006985°  |  offset_y (lon): -0.005482°
📊 Row stepping: Processando todas as linhas
🗺️  Map matching: DESATIVADO
📐 Cálculo de distância: HAVERSINE PURO dos pontos COM snap (consistência)
======================================================================

📊 Carregando dados SUMO...
   Total de registros no arquivo: 131
   Veículos únicos: 1
   🚙 Vehicle selecionado: carro_1000

🔄 Agregando viagens por vehicle_id...
  📐 SUMO_carro_1000: Calculando distâncias com Haversine direto (SEM routing API)
      Original: 301 pontos → 3.1480 km (Haversine)
      Offset:   301 pontos → 3.1483 km (Haversine)

🚙 Veículo: SUMO_carro_1000
   Modelo: HBEFA4/PC_petrol_Euro-6ab
   Segmentos: 301
   📏 Distância: 3.159 km (city: 3.020, highway: 0.139)
   ⛽ Combustível: 51.224 l
   🏭 CO2 real: 118326.7 g
   🎯 CO2 meta: 608.1 g
   📊 Delta: -117718.6 g
   💰 Valor E1: R$ -5.8859
   🧭 Tentativas map matching: 0

   🔑 OFFSET DETERMINÍSTICO (x=-0.011363039441213259°, y=0.0036251633168404205°, max=2.0km):
   📍 Start Original:  (40.775644, -73.960687)
   🔒 Start Protegido: (40.764281, -73.957062) ✓ 1.30 km | ⚠ SEM MAP MATCHING
   📏 Deslocamento final: 1301.3 metros
   📍 End Original:    (40.771236, -73.963813)
   🔒 End Protegido:   (40.759873, -73.960187) ✓ 1.30 km | ⚠ SEM MAP MATCHING
   📏 Deslocamento final: 1301.3 metros

   📐 ANÁLISE DE DISTÂNCIA DO TRAJETO (HAVERSINE DOS PONTOS ARMAZENADOS):
   🔢 Pontos unicos original/offset: 301/301 (Δ +0, +0.0% )
   📍 Trajeto original: 3.148 km (linha reta entre pontos GPS)
   🔒 Trajeto com offset: 3.148 km (linha reta entre pontos COM snap)
   📊 Diferença: +0.000 km (+0.0%)

======================================================================
📊 ESTATÍSTICAS FINAIS
======================================================================
Viagens processadas: 1
Distância total: 3.16 km
Combustível total: 51.22 l
CO2 real total: 118326.7 g
CO2 meta total: 608.1 g
Delta CO2: -117718.6 g
Valor E1 total: R$ -5.89

💰 Créditos: R$ 0.00
💸 Débitos: R$ 5.89
📈 Saldo líquido: R$ -5.89
======================================================================

💾 Dados agregados salvos em: ../data/offset_batch/vehicles_step_sim_9/run_043.csv
[csv-worker_9] [vehicles_step_sim_9] ===== LOG RUN 043 FIM =====

[csv-worker_9] [vehicles_step_sim_9] ===== LOG RUN 044 INICIO =====
======================================================================
🚗 PROCESSAMENTO SUMO → E1 REGISTRY (OFFSET ALEATÓRIO - veh0)
======================================================================
📄 Entrada: ../data/vehicles_step_sim_9.csv
🏭 Consumo fabricante: 12.0 km/l
💰 Preço carbono: R$ 50.0/ton
⭕ Raio máximo do offset aleatório: 2.0 km
🎲 Offset gerado aleatoriamente:
   Ângulo: 171.9°
   Distância: 1.5700 km
   offset_x (lat): -0.013962°  |  offset_y (lon): 0.001993°
📊 Row stepping: Processando todas as linhas
🗺️  Map matching: DESATIVADO
📐 Cálculo de distância: HAVERSINE PURO dos pontos COM snap (consistência)
======================================================================

📊 Carregando dados SUMO...
   Total de registros no arquivo: 131
   Veículos únicos: 1
   🚙 Vehicle selecionado: carro_1000

🔄 Agregando viagens por vehicle_id...
  📐 SUMO_carro_1000: Calculando distâncias com Haversine direto (SEM routing API)
      Original: 155 pontos → 1.4242 km (Haversine)
      Offset:   155 pontos → 1.4242 km (Haversine)

🚙 Veículo: SUMO_carro_1000
   Modelo: HBEFA4/PC_petrol_Euro-6ab
   Segmentos: 155
   📏 Distância: 1.424 km (city: 1.424, highway: 0.000)
   ⛽ Combustível: 10.127 l
   🏭 CO2 real: 23393.7 g
   🎯 CO2 meta: 274.2 g
   📊 Delta: -23119.5 g
   💰 Valor E1: R$ -1.1560
   🧭 Tentativas map matching: 0

   🔑 OFFSET DETERMINÍSTICO (x=0.006906110946741373°, y=-0.01211801605257038°, max=2.0km):
   📍 Start Original:  (40.775644, -73.960687)
   🔒 Start Protegido: (40.782550, -73.972805) ✓ 1.28 km | ⚠ SEM MAP MATCHING
   📏 Deslocamento final: 1278.5 metros
   📍 End Original:    (40.775671, -73.960433)
   🔒 End Protegido:   (40.782577, -73.972551) ✓ 1.28 km | ⚠ SEM MAP MATCHING
   📏 Deslocamento final: 1278.5 metros

   📐 ANÁLISE DE DISTÂNCIA DO TRAJETO (HAVERSINE DOS PONTOS ARMAZENADOS):
   🔢 Pontos unicos original/offset: 155/155 (Δ +0, +0.0% )
   📍 Trajeto original: 1.424 km (linha reta entre pontos GPS)
   🔒 Trajeto com offset: 1.424 km (linha reta entre pontos COM snap)
   📊 Diferença: -0.000 km (-0.0%)

======================================================================
📊 ESTATÍSTICAS FINAIS
======================================================================
Viagens processadas: 1
Distância total: 1.42 km
Combustível total: 10.13 l
CO2 real total: 23393.7 g
CO2 meta total: 274.2 g
Delta CO2: -23119.5 g
Valor E1 total: R$ -1.16

💰 Créditos: R$ 0.00
💸 Débitos: R$ 1.16
📈 Saldo líquido: R$ -1.16
======================================================================

💾 Dados agregados salvos em: ../data/offset_batch/vehicles_step_sim_9/run_044.csv
[csv-worker_9] [vehicles_step_sim_9] ===== LOG RUN 044 FIM =====

[csv-worker_9] [vehicles_step_sim_9] ===== LOG RUN 045 INICIO =====
======================================================================
🚗 PROCESSAMENTO SUMO → E1 REGISTRY (OFFSET ALEATÓRIO - veh0)
======================================================================
📄 Entrada: ../data/vehicles_step_sim_9.csv
🏭 Consumo fabricante: 12.0 km/l
💰 Preço carbono: R$ 50.0/ton
⭕ Raio máximo do offset aleatório: 2.0 km
🎲 Offset gerado aleatoriamente:
   Ângulo: 9.5°
   Distância: 0.9239 km
   offset_x (lat): 0.008186°  |  offset_y (lon): 0.001368°
📊 Row stepping: Processando todas as linhas
🗺️  Map matching: DESATIVADO
📐 Cálculo de distância: HAVERSINE PURO dos pontos COM snap (consistência)
======================================================================

📊 Carregando dados SUMO...
   Total de registros no arquivo: 131
   Veículos únicos: 1
   🚙 Vehicle selecionado: carro_1000

🔄 Agregando viagens por vehicle_id...
  📐 SUMO_carro_1000: Calculando distâncias com Haversine direto (SEM routing API)
      Original: 324 pontos → 3.1629 km (Haversine)
      Offset:   324 pontos → 3.1629 km (Haversine)

🚙 Veículo: SUMO_carro_1000
   Modelo: HBEFA4/PC_petrol_Euro-6ab
   Segmentos: 324
   📏 Distância: 3.166 km (city: 3.024, highway: 0.142)
   ⛽ Combustível: 49.530 l
   🏭 CO2 real: 114414.1 g
   🎯 CO2 meta: 609.4 g
   📊 Delta: -113804.6 g
   💰 Valor E1: R$ -5.6902
   🧭 Tentativas map matching: 0

   🔑 OFFSET DETERMINÍSTICO (x=0.001593323730682415°, y=-0.0014462234776589436°, max=2.0km):
   📍 Start Original:  (40.775644, -73.960687)
   🔒 Start Protegido: (40.777237, -73.962133) ✓ 0.22 km | ⚠ SEM MAP MATCHING
   📏 Deslocamento final: 215.2 metros
   📍 End Original:    (40.772251, -73.963071)
   🔒 End Protegido:   (40.773844, -73.964517) ✓ 0.22 km | ⚠ SEM MAP MATCHING
   📏 Deslocamento final: 215.2 metros

   📐 ANÁLISE DE DISTÂNCIA DO TRAJETO (HAVERSINE DOS PONTOS ARMAZENADOS):
   🔢 Pontos unicos original/offset: 324/324 (Δ +0, +0.0% )
   📍 Trajeto original: 3.163 km (linha reta entre pontos GPS)
   🔒 Trajeto com offset: 3.163 km (linha reta entre pontos COM snap)
   📊 Diferença: -0.000 km (-0.0%)

======================================================================
📊 ESTATÍSTICAS FINAIS
======================================================================
Viagens processadas: 1
Distância total: 3.17 km
Combustível total: 49.53 l
CO2 real total: 114414.1 g
CO2 meta total: 609.4 g
Delta CO2: -113804.6 g
Valor E1 total: R$ -5.69

💰 Créditos: R$ 0.00
💸 Débitos: R$ 5.69
📈 Saldo líquido: R$ -5.69
======================================================================

💾 Dados agregados salvos em: ../data/offset_batch/vehicles_step_sim_9/run_045.csv
[csv-worker_9] [vehicles_step_sim_9] ===== LOG RUN 045 FIM =====

[csv-worker_9] [vehicles_step_sim_9] ===== LOG RUN 046 INICIO =====
======================================================================
🚗 PROCESSAMENTO SUMO → E1 REGISTRY (OFFSET ALEATÓRIO - veh0)
======================================================================
📄 Entrada: ../data/vehicles_step_sim_9.csv
🏭 Consumo fabricante: 12.0 km/l
💰 Preço carbono: R$ 50.0/ton
⭕ Raio máximo do offset aleatório: 2.0 km
🎲 Offset gerado aleatoriamente:
   Ângulo: 224.5°
   Distância: 1.8049 km
   offset_x (lat): -0.011571°  |  offset_y (lon): -0.011358°
📊 Row stepping: Processando todas as linhas
🗺️  Map matching: DESATIVADO
📐 Cálculo de distância: HAVERSINE PURO dos pontos COM snap (consistência)
======================================================================

📊 Carregando dados SUMO...
   Total de registros no arquivo: 131
   Veículos únicos: 1
   🚙 Vehicle selecionado: carro_1000

🔄 Agregando viagens por vehicle_id...
  📐 SUMO_carro_1000: Calculando distâncias com Haversine direto (SEM routing API)
      Original: 300 pontos → 3.1542 km (Haversine)
      Offset:   300 pontos → 3.1543 km (Haversine)

🚙 Veículo: SUMO_carro_1000
   Modelo: HBEFA4/PC_petrol_Euro-6ab
   Segmentos: 300
   📏 Distância: 3.158 km (city: 2.541, highway: 0.617)
   ⛽ Combustível: 49.984 l
   🏭 CO2 real: 115462.6 g
   🎯 CO2 meta: 608.0 g
   📊 Delta: -114854.6 g
   💰 Valor E1: R$ -5.7427
   🧭 Tentativas map matching: 0

   🔑 OFFSET DETERMINÍSTICO (x=-0.0037679747087299873°, y=0.007859163631091237°, max=2.0km):
   📍 Start Original:  (40.775644, -73.960687)
   🔒 Start Protegido: (40.771876, -73.952828) ✓ 0.78 km | ⚠ SEM MAP MATCHING
   📏 Deslocamento final: 784.1 metros
   📍 End Original:    (40.773912, -73.961904)
   🔒 End Protegido:   (40.770144, -73.954045) ✓ 0.78 km | ⚠ SEM MAP MATCHING
   📏 Deslocamento final: 784.2 metros

   📐 ANÁLISE DE DISTÂNCIA DO TRAJETO (HAVERSINE DOS PONTOS ARMAZENADOS):
   🔢 Pontos unicos original/offset: 299/299 (Δ +0, +0.0% )
   📍 Trajeto original: 3.154 km (linha reta entre pontos GPS)
   🔒 Trajeto com offset: 3.154 km (linha reta entre pontos COM snap)
   📊 Diferença: +0.000 km (+0.0%)

======================================================================
📊 ESTATÍSTICAS FINAIS
======================================================================
Viagens processadas: 1
Distância total: 3.16 km
Combustível total: 49.98 l
CO2 real total: 115462.6 g
CO2 meta total: 608.0 g
Delta CO2: -114854.6 g
Valor E1 total: R$ -5.74

💰 Créditos: R$ 0.00
💸 Débitos: R$ 5.74
📈 Saldo líquido: R$ -5.74
======================================================================

💾 Dados agregados salvos em: ../data/offset_batch/vehicles_step_sim_9/run_046.csv
[csv-worker_9] [vehicles_step_sim_9] ===== LOG RUN 046 FIM =====

[csv-worker_9] [vehicles_step_sim_9] ===== LOG RUN 047 INICIO =====
======================================================================
🚗 PROCESSAMENTO SUMO → E1 REGISTRY (OFFSET ALEATÓRIO - veh0)
======================================================================
📄 Entrada: ../data/vehicles_step_sim_9.csv
🏭 Consumo fabricante: 12.0 km/l
💰 Preço carbono: R$ 50.0/ton
⭕ Raio máximo do offset aleatório: 2.0 km
🎲 Offset gerado aleatoriamente:
   Ângulo: 148.7°
   Distância: 1.1596 km
   offset_x (lat): -0.008896°  |  offset_y (lon): 0.005419°
📊 Row stepping: Processando todas as linhas
🗺️  Map matching: DESATIVADO
📐 Cálculo de distância: HAVERSINE PURO dos pontos COM snap (consistência)
======================================================================

📊 Carregando dados SUMO...
   Total de registros no arquivo: 131
   Veículos únicos: 1
   🚙 Vehicle selecionado: carro_1000

🔄 Agregando viagens por vehicle_id...
  📐 SUMO_carro_1000: Calculando distâncias com Haversine direto (SEM routing API)
      Original: 324 pontos → 3.1629 km (Haversine)
      Offset:   324 pontos → 3.1630 km (Haversine)

🚙 Veículo: SUMO_carro_1000
   Modelo: HBEFA4/PC_petrol_Euro-6ab
   Segmentos: 324
   📏 Distância: 3.166 km (city: 3.024, highway: 0.142)
   ⛽ Combustível: 49.530 l
   🏭 CO2 real: 114414.1 g
   🎯 CO2 meta: 609.4 g
   📊 Delta: -113804.6 g
   💰 Valor E1: R$ -5.6902
   🧭 Tentativas map matching: 0

   🔑 OFFSET DETERMINÍSTICO (x=-0.00264959632599435°, y=0.014761113399758479°, max=2.0km):
   📍 Start Original:  (40.775644, -73.960687)
   🔒 Start Protegido: (40.772994, -73.945926) ✓ 1.28 km | ⚠ SEM MAP MATCHING
   📏 Deslocamento final: 1278.8 metros
   📍 End Original:    (40.772251, -73.963071)
   🔒 End Protegido:   (40.769601, -73.948310) ✓ 1.28 km | ⚠ SEM MAP MATCHING
   📏 Deslocamento final: 1278.9 metros

   📐 ANÁLISE DE DISTÂNCIA DO TRAJETO (HAVERSINE DOS PONTOS ARMAZENADOS):
   🔢 Pontos unicos original/offset: 324/324 (Δ +0, +0.0% )
   📍 Trajeto original: 3.163 km (linha reta entre pontos GPS)
   🔒 Trajeto com offset: 3.163 km (linha reta entre pontos COM snap)
   📊 Diferença: +0.000 km (+0.0%)

======================================================================
📊 ESTATÍSTICAS FINAIS
======================================================================
Viagens processadas: 1
Distância total: 3.17 km
Combustível total: 49.53 l
CO2 real total: 114414.1 g
CO2 meta total: 609.4 g
Delta CO2: -113804.6 g
Valor E1 total: R$ -5.69

💰 Créditos: R$ 0.00
💸 Débitos: R$ 5.69
📈 Saldo líquido: R$ -5.69
======================================================================

💾 Dados agregados salvos em: ../data/offset_batch/vehicles_step_sim_9/run_047.csv
[csv-worker_9] [vehicles_step_sim_9] ===== LOG RUN 047 FIM =====

[csv-worker_9] [vehicles_step_sim_9] ===== LOG RUN 048 INICIO =====
======================================================================
🚗 PROCESSAMENTO SUMO → E1 REGISTRY (OFFSET ALEATÓRIO - veh0)
======================================================================
📄 Entrada: ../data/vehicles_step_sim_9.csv
🏭 Consumo fabricante: 12.0 km/l
💰 Preço carbono: R$ 50.0/ton
⭕ Raio máximo do offset aleatório: 2.0 km
🎲 Offset gerado aleatoriamente:
   Ângulo: 289.9°
   Distância: 0.4321 km
   offset_x (lat): 0.001322°  |  offset_y (lon): -0.003649°
📊 Row stepping: Processando todas as linhas
🗺️  Map matching: DESATIVADO
📐 Cálculo de distância: HAVERSINE PURO dos pontos COM snap (consistência)
======================================================================

📊 Carregando dados SUMO...
   Total de registros no arquivo: 131
   Veículos únicos: 1
   🚙 Vehicle selecionado: carro_1000

🔄 Agregando viagens por vehicle_id...
  📐 SUMO_carro_1000: Calculando distâncias com Haversine direto (SEM routing API)
      Original: 301 pontos → 3.1480 km (Haversine)
      Offset:   301 pontos → 3.1480 km (Haversine)

🚙 Veículo: SUMO_carro_1000
   Modelo: HBEFA4/PC_petrol_Euro-6ab
   Segmentos: 301
   📏 Distância: 3.159 km (city: 3.020, highway: 0.139)
   ⛽ Combustível: 51.224 l
   🏭 CO2 real: 118326.7 g
   🎯 CO2 meta: 608.1 g
   📊 Delta: -117718.6 g
   💰 Valor E1: R$ -5.8859
   🧭 Tentativas map matching: 0

   🔑 OFFSET DETERMINÍSTICO (x=-0.001453498449763762°, y=-0.01508330815151102°, max=2.0km):
   📍 Start Original:  (40.775644, -73.960687)
   🔒 Start Protegido: (40.774190, -73.975770) ✓ 1.28 km | ⚠ SEM MAP MATCHING
   📏 Deslocamento final: 1281.8 metros
   📍 End Original:    (40.771236, -73.963813)
   🔒 End Protegido:   (40.769782, -73.978896) ✓ 1.28 km | ⚠ SEM MAP MATCHING
   📏 Deslocamento final: 1281.9 metros

   📐 ANÁLISE DE DISTÂNCIA DO TRAJETO (HAVERSINE DOS PONTOS ARMAZENADOS):
   🔢 Pontos unicos original/offset: 301/301 (Δ +0, +0.0% )
   📍 Trajeto original: 3.148 km (linha reta entre pontos GPS)
   🔒 Trajeto com offset: 3.148 km (linha reta entre pontos COM snap)
   📊 Diferença: +0.000 km (+0.0%)

======================================================================
📊 ESTATÍSTICAS FINAIS
======================================================================
Viagens processadas: 1
Distância total: 3.16 km
Combustível total: 51.22 l
CO2 real total: 118326.7 g
CO2 meta total: 608.1 g
Delta CO2: -117718.6 g
Valor E1 total: R$ -5.89

💰 Créditos: R$ 0.00
💸 Débitos: R$ 5.89
📈 Saldo líquido: R$ -5.89
======================================================================

💾 Dados agregados salvos em: ../data/offset_batch/vehicles_step_sim_9/run_048.csv
[csv-worker_9] [vehicles_step_sim_9] ===== LOG RUN 048 FIM =====

[csv-worker_9] [vehicles_step_sim_9] ===== LOG RUN 049 INICIO =====
======================================================================
🚗 PROCESSAMENTO SUMO → E1 REGISTRY (OFFSET ALEATÓRIO - veh0)
======================================================================
📄 Entrada: ../data/vehicles_step_sim_9.csv
🏭 Consumo fabricante: 12.0 km/l
💰 Preço carbono: R$ 50.0/ton
⭕ Raio máximo do offset aleatório: 2.0 km
🎲 Offset gerado aleatoriamente:
   Ângulo: 79.6°
   Distância: 1.9520 km
   offset_x (lat): 0.003179°  |  offset_y (lon): 0.017245°
📊 Row stepping: Processando todas as linhas
🗺️  Map matching: DESATIVADO
📐 Cálculo de distância: HAVERSINE PURO dos pontos COM snap (consistência)
======================================================================

📊 Carregando dados SUMO...
   Total de registros no arquivo: 131
   Veículos únicos: 1
   🚙 Vehicle selecionado: carro_1000

🔄 Agregando viagens por vehicle_id...
  📐 SUMO_carro_1000: Calculando distâncias com Haversine direto (SEM routing API)
      Original: 299 pontos → 3.0526 km (Haversine)
      Offset:   299 pontos → 3.0528 km (Haversine)

🚙 Veículo: SUMO_carro_1000
   Modelo: HBEFA4/PC_petrol_Euro-6ab
   Segmentos: 299
   📏 Distância: 3.060 km (city: 3.060, highway: 0.000)
   ⛽ Combustível: 48.384 l
   🏭 CO2 real: 111766.0 g
   🎯 CO2 meta: 589.0 g
   📊 Delta: -111177.0 g
   💰 Valor E1: R$ -5.5588
   🧭 Tentativas map matching: 0

   🔑 OFFSET DETERMINÍSTICO (x=-0.010991067334538702°, y=0.004175946791791818°, max=2.0km):
   📍 Start Original:  (40.775644, -73.960687)
   🔒 Start Protegido: (40.764653, -73.956511) ✓ 1.27 km | ⚠ SEM MAP MATCHING
   📏 Deslocamento final: 1273.2 metros
   📍 End Original:    (40.774198, -73.961141)
   🔒 End Protegido:   (40.763207, -73.956965) ✓ 1.27 km | ⚠ SEM MAP MATCHING
   📏 Deslocamento final: 1273.2 metros

   📐 ANÁLISE DE DISTÂNCIA DO TRAJETO (HAVERSINE DOS PONTOS ARMAZENADOS):
   🔢 Pontos unicos original/offset: 299/299 (Δ +0, +0.0% )
   📍 Trajeto original: 3.053 km (linha reta entre pontos GPS)
   🔒 Trajeto com offset: 3.053 km (linha reta entre pontos COM snap)
   📊 Diferença: +0.000 km (+0.0%)

======================================================================
📊 ESTATÍSTICAS FINAIS
======================================================================
Viagens processadas: 1
Distância total: 3.06 km
Combustível total: 48.38 l
CO2 real total: 111766.0 g
CO2 meta total: 589.0 g
Delta CO2: -111177.0 g
Valor E1 total: R$ -5.56

💰 Créditos: R$ 0.00
💸 Débitos: R$ 5.56
📈 Saldo líquido: R$ -5.56
======================================================================
  📐 SUMO_carro_1000: Calculando distâncias com Haversine direto (SEM routing API)
      Original: 155 pontos → 1.4242 km (Haversine)
      Offset:   155 pontos → 1.4243 km (Haversine)

🚙 Veículo: SUMO_carro_1000
   Modelo: HBEFA4/PC_petrol_Euro-6ab
   Segmentos: 155
   📏 Distância: 1.424 km (city: 1.424, highway: 0.000)
   ⛽ Combustível: 10.127 l
   🏭 CO2 real: 23393.7 g
   🎯 CO2 meta: 274.2 g
   📊 Delta: -23119.5 g
   💰 Valor E1: R$ -1.1560
   🧭 Tentativas map matching: 0

   🔑 OFFSET DETERMINÍSTICO (x=-0.009352715100824707°, y=0.012715077277534653°, max=2.0km):
   📍 Start Original:  (40.775644, -73.960687)
   🔒 Start Protegido: (40.766291, -73.947972) ✓ 1.49 km | ⚠ SEM MAP MATCHING
   📏 Deslocamento final: 1494.3 metros
   📍 End Original:    (40.775671, -73.960433)
   🔒 End Protegido:   (40.766319, -73.947718) ✓ 1.49 km | ⚠ SEM MAP MATCHING
   📏 Deslocamento final: 1494.3 metros

   📐 ANÁLISE DE DISTÂNCIA DO TRAJETO (HAVERSINE DOS PONTOS ARMAZENADOS):
   🔢 Pontos unicos original/offset: 155/155 (Δ +0, +0.0% )
   📍 Trajeto original: 1.424 km (linha reta entre pontos GPS)
   🔒 Trajeto com offset: 1.424 km (linha reta entre pontos COM snap)
   📊 Diferença: +0.000 km (+0.0%)

======================================================================
📊 ESTATÍSTICAS FINAIS
======================================================================
Viagens processadas: 1
Distância total: 1.42 km
Combustível total: 10.13 l
CO2 real total: 23393.7 g
CO2 meta total: 274.2 g
Delta CO2: -23119.5 g
Valor E1 total: R$ -1.16

💰 Créditos: R$ 0.00
💸 Débitos: R$ 1.16
📈 Saldo líquido: R$ -1.16
======================================================================
[csv-worker_9] [vehicles_step_sim_9] ===== LOG RUN 049 FIM =====

[csv-worker_9] [vehicles_step_sim_9] ===== LOG RUN 050 INICIO =====
======================================================================
🚗 PROCESSAMENTO SUMO → E1 REGISTRY (OFFSET ALEATÓRIO - veh0)
======================================================================
📄 Entrada: ../data/vehicles_step_sim_9.csv
🏭 Consumo fabricante: 12.0 km/l
💰 Preço carbono: R$ 50.0/ton
⭕ Raio máximo do offset aleatório: 2.0 km
🎲 Offset gerado aleatoriamente:
   Ângulo: 9.4°
   Distância: 0.7863 km
   offset_x (lat): 0.006969°  |  offset_y (lon): 0.001148°
📊 Row stepping: Processando todas as linhas
🗺️  Map matching: DESATIVADO
📐 Cálculo de distância: HAVERSINE PURO dos pontos COM snap (consistência)
======================================================================

📊 Carregando dados SUMO...

💾 Dados agregados salvos em: ../data/offset_batch/vehicles_step_sim_9/run_050.csv
[csv-worker_9] [vehicles_step_sim_9] ===== LOG RUN 050 FIM =====

[csv-worker_9] [vehicles_step_sim_9] ===== LOG RUN 051 INICIO =====
======================================================================
🚗 PROCESSAMENTO SUMO → E1 REGISTRY (OFFSET ALEATÓRIO - veh0)
======================================================================
📄 Entrada: ../data/vehicles_step_sim_9.csv
🏭 Consumo fabricante: 12.0 km/l
💰 Preço carbono: R$ 50.0/ton
⭕ Raio máximo do offset aleatório: 2.0 km
🎲 Offset gerado aleatoriamente:
   Ângulo: 284.8°
   Distância: 1.5784 km
   offset_x (lat): 0.003623°  |  offset_y (lon): -0.013708°
📊 Row stepping: Processando todas as linhas
🗺️  Map matching: DESATIVADO
📐 Cálculo de distância: HAVERSINE PURO dos pontos COM snap (consistência)
======================================================================

📊 Carregando dados SUMO...
   Total de registros no arquivo: 131
   Veículos únicos: 1
   🚙 Vehicle selecionado: carro_1000

🔄 Agregando viagens por vehicle_id...
  📐 SUMO_carro_1000: Calculando distâncias com Haversine direto (SEM routing API)
      Original: 155 pontos → 1.4242 km (Haversine)
      Offset:   155 pontos → 1.4243 km (Haversine)

🚙 Veículo: SUMO_carro_1000
   Modelo: HBEFA4/PC_petrol_Euro-6ab
   Segmentos: 155
   📏 Distância: 1.424 km (city: 1.424, highway: 0.000)
   ⛽ Combustível: 10.127 l
   🏭 CO2 real: 23393.7 g
   🎯 CO2 meta: 274.2 g
   📊 Delta: -23119.5 g
   💰 Valor E1: R$ -1.1560
   🧭 Tentativas map matching: 0

   🔑 OFFSET DETERMINÍSTICO (x=-0.008691199289891328°, y=-0.008523962318348231°, max=2.0km):
   📍 Start Original:  (40.775644, -73.960687)
   🔒 Start Protegido: (40.766952, -73.969211) ✓ 1.21 km | ⚠ SEM MAP MATCHING
   📏 Deslocamento final: 1205.2 metros
   📍 End Original:    (40.775671, -73.960433)
   🔒 End Protegido:   (40.766980, -73.968957) ✓ 1.21 km | ⚠ SEM MAP MATCHING
   📏 Deslocamento final: 1205.2 metros

   📐 ANÁLISE DE DISTÂNCIA DO TRAJETO (HAVERSINE DOS PONTOS ARMAZENADOS):
   🔢 Pontos unicos original/offset: 155/155 (Δ +0, +0.0% )
   📍 Trajeto original: 1.424 km (linha reta entre pontos GPS)
   🔒 Trajeto com offset: 1.424 km (linha reta entre pontos COM snap)
   📊 Diferença: +0.000 km (+0.0%)

======================================================================
📊 ESTATÍSTICAS FINAIS
======================================================================
Viagens processadas: 1
Distância total: 1.42 km
Combustível total: 10.13 l
CO2 real total: 23393.7 g
CO2 meta total: 274.2 g
Delta CO2: -23119.5 g
Valor E1 total: R$ -1.16

💰 Créditos: R$ 0.00
💸 Débitos: R$ 1.16
📈 Saldo líquido: R$ -1.16
======================================================================

💾 Dados agregados salvos em: ../data/offset_batch/vehicles_step_sim_9/run_051.csv
[csv-worker_9] [vehicles_step_sim_9] ===== LOG RUN 051 FIM =====

[csv-worker_9] [vehicles_step_sim_9] ===== LOG RUN 052 INICIO =====
======================================================================
🚗 PROCESSAMENTO SUMO → E1 REGISTRY (OFFSET ALEATÓRIO - veh0)
======================================================================
📄 Entrada: ../data/vehicles_step_sim_9.csv
🏭 Consumo fabricante: 12.0 km/l
💰 Preço carbono: R$ 50.0/ton
⭕ Raio máximo do offset aleatório: 2.0 km
🎲 Offset gerado aleatoriamente:
   Ângulo: 173.6°
   Distância: 1.2740 km
   offset_x (lat): -0.011372°  |  offset_y (lon): 0.001285°
📊 Row stepping: Processando todas as linhas
🗺️  Map matching: DESATIVADO
📐 Cálculo de distância: HAVERSINE PURO dos pontos COM snap (consistência)
======================================================================

📊 Carregando dados SUMO...
   Total de registros no arquivo: 131
   Veículos únicos: 1
   🚙 Vehicle selecionado: carro_1000

🔄 Agregando viagens por vehicle_id...
  📐 SUMO_carro_1000: Calculando distâncias com Haversine direto (SEM routing API)
      Original: 155 pontos → 1.4242 km (Haversine)
      Offset:   155 pontos → 1.4241 km (Haversine)

🚙 Veículo: SUMO_carro_1000
   Modelo: HBEFA4/PC_petrol_Euro-6ab
   Segmentos: 155
   📏 Distância: 1.424 km (city: 1.424, highway: 0.000)
   ⛽ Combustível: 10.127 l
   🏭 CO2 real: 23393.7 g
   🎯 CO2 meta: 274.2 g
   📊 Delta: -23119.5 g
   💰 Valor E1: R$ -1.1560
   🧭 Tentativas map matching: 0

   🔑 OFFSET DETERMINÍSTICO (x=0.008763691730829604°, y=0.002882297616965657°, max=2.0km):
   📍 Start Original:  (40.775644, -73.960687)
   🔒 Start Protegido: (40.784407, -73.957805) ✓ 1.01 km | ⚠ SEM MAP MATCHING
   📏 Deslocamento final: 1005.4 metros
   📍 End Original:    (40.775671, -73.960433)
   🔒 End Protegido:   (40.784435, -73.957551) ✓ 1.01 km | ⚠ SEM MAP MATCHING
   📏 Deslocamento final: 1005.4 metros

   📐 ANÁLISE DE DISTÂNCIA DO TRAJETO (HAVERSINE DOS PONTOS ARMAZENADOS):
   🔢 Pontos unicos original/offset: 155/155 (Δ +0, +0.0% )
   📍 Trajeto original: 1.424 km (linha reta entre pontos GPS)
   🔒 Trajeto com offset: 1.424 km (linha reta entre pontos COM snap)
   📊 Diferença: -0.000 km (-0.0%)

======================================================================
📊 ESTATÍSTICAS FINAIS
======================================================================
Viagens processadas: 1
Distância total: 1.42 km
Combustível total: 10.13 l
CO2 real total: 23393.7 g
CO2 meta total: 274.2 g
Delta CO2: -23119.5 g
Valor E1 total: R$ -1.16

💰 Créditos: R$ 0.00
💸 Débitos: R$ 1.16
📈 Saldo líquido: R$ -1.16
======================================================================

💾 Dados agregados salvos em: ../data/offset_batch/vehicles_step_sim_9/run_052.csv
[csv-worker_9] [vehicles_step_sim_9] ===== LOG RUN 052 FIM =====

[csv-worker_9] [vehicles_step_sim_9] ===== LOG RUN 053 INICIO =====
======================================================================
🚗 PROCESSAMENTO SUMO → E1 REGISTRY (OFFSET ALEATÓRIO - veh0)
======================================================================
📄 Entrada: ../data/vehicles_step_sim_9.csv
🏭 Consumo fabricante: 12.0 km/l
💰 Preço carbono: R$ 50.0/ton
⭕ Raio máximo do offset aleatório: 2.0 km
🎲 Offset gerado aleatoriamente:
   Ângulo: 134.8°
   Distância: 1.3132 km
   offset_x (lat): -0.008309°  |  offset_y (lon): 0.008374°
📊 Row stepping: Processando todas as linhas
🗺️  Map matching: DESATIVADO
📐 Cálculo de distância: HAVERSINE PURO dos pontos COM snap (consistência)
======================================================================

📊 Carregando dados SUMO...
   Total de registros no arquivo: 131
   Veículos únicos: 1
   🚙 Vehicle selecionado: carro_1000

🔄 Agregando viagens por vehicle_id...
  📐 SUMO_carro_1000: Calculando distâncias com Haversine direto (SEM routing API)
      Original: 300 pontos → 3.1542 km (Haversine)
      Offset:   300 pontos → 3.1539 km (Haversine)

🚙 Veículo: SUMO_carro_1000
   Modelo: HBEFA4/PC_petrol_Euro-6ab
   Segmentos: 300
   📏 Distância: 3.158 km (city: 2.541, highway: 0.617)
   ⛽ Combustível: 49.984 l
   🏭 CO2 real: 115462.6 g
   🎯 CO2 meta: 608.0 g
   📊 Delta: -114854.6 g
   💰 Valor E1: R$ -5.7427
   🧭 Tentativas map matching: 0

   🔑 OFFSET DETERMINÍSTICO (x=0.012068930911538557°, y=-0.01097210620788448°, max=2.0km):
   📍 Start Original:  (40.775644, -73.960687)
   🔒 Start Protegido: (40.787713, -73.971659) ✓ 1.63 km | ⚠ SEM MAP MATCHING
   📏 Deslocamento final: 1631.1 metros
   📍 End Original:    (40.773912, -73.961904)
   🔒 End Protegido:   (40.785981, -73.972876) ✓ 1.63 km | ⚠ SEM MAP MATCHING
   📏 Deslocamento final: 1631.1 metros

   📐 ANÁLISE DE DISTÂNCIA DO TRAJETO (HAVERSINE DOS PONTOS ARMAZENADOS):
   🔢 Pontos unicos original/offset: 299/299 (Δ +0, +0.0% )
   📍 Trajeto original: 3.154 km (linha reta entre pontos GPS)
   🔒 Trajeto com offset: 3.154 km (linha reta entre pontos COM snap)
   📊 Diferença: -0.000 km (-0.0%)

======================================================================
📊 ESTATÍSTICAS FINAIS
======================================================================
Viagens processadas: 1
Distância total: 3.16 km
Combustível total: 49.98 l
CO2 real total: 115462.6 g
CO2 meta total: 608.0 g
Delta CO2: -114854.6 g
Valor E1 total: R$ -5.74

💰 Créditos: R$ 0.00
💸 Débitos: R$ 5.74
📈 Saldo líquido: R$ -5.74
======================================================================

💾 Dados agregados salvos em: ../data/offset_batch/vehicles_step_sim_9/run_053.csv
[csv-worker_9] [vehicles_step_sim_9] ===== LOG RUN 053 FIM =====

[csv-worker_9] [vehicles_step_sim_9] ===== LOG RUN 054 INICIO =====
======================================================================
🚗 PROCESSAMENTO SUMO → E1 REGISTRY (OFFSET ALEATÓRIO - veh0)
======================================================================
📄 Entrada: ../data/vehicles_step_sim_9.csv
🏭 Consumo fabricante: 12.0 km/l
💰 Preço carbono: R$ 50.0/ton
⭕ Raio máximo do offset aleatório: 2.0 km
🎲 Offset gerado aleatoriamente:
   Ângulo: 238.2°
   Distância: 1.1168 km
   offset_x (lat): -0.005284°  |  offset_y (lon): -0.008528°
📊 Row stepping: Processando todas as linhas
🗺️  Map matching: DESATIVADO
📐 Cálculo de distância: HAVERSINE PURO dos pontos COM snap (consistência)
======================================================================

📊 Carregando dados SUMO...
   Total de registros no arquivo: 131
   Veículos únicos: 1
   🚙 Vehicle selecionado: carro_1000

🔄 Agregando viagens por vehicle_id...
  📐 SUMO_carro_1000: Calculando distâncias com Haversine direto (SEM routing API)
      Original: 337 pontos → 3.3706 km (Haversine)
      Offset:   337 pontos → 3.3706 km (Haversine)

🚙 Veículo: SUMO_carro_1000
   Modelo: HBEFA4/PC_petrol_Euro-6ab
   Segmentos: 337
   📏 Distância: 3.379 km (city: 3.069, highway: 0.310)
   ⛽ Combustível: 58.616 l
   🏭 CO2 real: 135402.3 g
   🎯 CO2 meta: 650.5 g
   📊 Delta: -134751.8 g
   💰 Valor E1: R$ -6.7376
   🧭 Tentativas map matching: 0

   🔑 OFFSET DETERMINÍSTICO (x=0.0009447437697834338°, y=0.016970271638326297°, max=2.0km):
   📍 Start Original:  (40.775644, -73.960687)
   🔒 Start Protegido: (40.776588, -73.943717) ✓ 1.43 km | ⚠ SEM MAP MATCHING
   📏 Deslocamento final: 1434.4 metros
   📍 End Original:    (40.774801, -73.960637)
   🔒 End Protegido:   (40.775746, -73.943667) ✓ 1.43 km | ⚠ SEM MAP MATCHING
   📏 Deslocamento final: 1434.5 metros

   📐 ANÁLISE DE DISTÂNCIA DO TRAJETO (HAVERSINE DOS PONTOS ARMAZENADOS):
   🔢 Pontos unicos original/offset: 337/337 (Δ +0, +0.0% )
   📍 Trajeto original: 3.371 km (linha reta entre pontos GPS)
   🔒 Trajeto com offset: 3.371 km (linha reta entre pontos COM snap)
   📊 Diferença: -0.000 km (-0.0%)

======================================================================
📊 ESTATÍSTICAS FINAIS
======================================================================
Viagens processadas: 1
Distância total: 3.38 km
Combustível total: 58.62 l
CO2 real total: 135402.3 g
CO2 meta total: 650.5 g
Delta CO2: -134751.8 g
Valor E1 total: R$ -6.74

💰 Créditos: R$ 0.00
💸 Débitos: R$ 6.74
📈 Saldo líquido: R$ -6.74
======================================================================

💾 Dados agregados salvos em: ../data/offset_batch/vehicles_step_sim_9/run_054.csv
[csv-worker_9] [vehicles_step_sim_9] ===== LOG RUN 054 FIM =====

[csv-worker_9] [vehicles_step_sim_9] ===== LOG RUN 055 INICIO =====
======================================================================
🚗 PROCESSAMENTO SUMO → E1 REGISTRY (OFFSET ALEATÓRIO - veh0)
======================================================================
📄 Entrada: ../data/vehicles_step_sim_9.csv
🏭 Consumo fabricante: 12.0 km/l
💰 Preço carbono: R$ 50.0/ton
⭕ Raio máximo do offset aleatório: 2.0 km
🎲 Offset gerado aleatoriamente:
   Ângulo: 272.2°
   Distância: 1.8477 km
   offset_x (lat): 0.000644°  |  offset_y (lon): -0.016586°
📊 Row stepping: Processando todas as linhas
🗺️  Map matching: DESATIVADO
📐 Cálculo de distância: HAVERSINE PURO dos pontos COM snap (consistência)
======================================================================

📊 Carregando dados SUMO...
   Total de registros no arquivo: 131
   Veículos únicos: 1
   🚙 Vehicle selecionado: carro_1000

🔄 Agregando viagens por vehicle_id...
  📐 SUMO_carro_1000: Calculando distâncias com Haversine direto (SEM routing API)
      Original: 300 pontos → 3.1542 km (Haversine)
      Offset:   300 pontos → 3.1539 km (Haversine)

🚙 Veículo: SUMO_carro_1000
   Modelo: HBEFA4/PC_petrol_Euro-6ab
   Segmentos: 300
   📏 Distância: 3.158 km (city: 2.541, highway: 0.617)
   ⛽ Combustível: 49.984 l
   🏭 CO2 real: 115462.6 g
   🎯 CO2 meta: 608.0 g
   📊 Delta: -114854.6 g
   💰 Valor E1: R$ -5.7427
   🧭 Tentativas map matching: 0

   🔑 OFFSET DETERMINÍSTICO (x=0.011163152231393591°, y=0.010348798071625871°, max=2.0km):
   📍 Start Original:  (40.775644, -73.960687)
   🔒 Start Protegido: (40.786807, -73.950338) ✓ 1.52 km | ⚠ SEM MAP MATCHING
   📏 Deslocamento final: 1518.3 metros
   📍 End Original:    (40.773912, -73.961904)
   🔒 End Protegido:   (40.785076, -73.951555) ✓ 1.52 km | ⚠ SEM MAP MATCHING
   📏 Deslocamento final: 1518.3 metros

   📐 ANÁLISE DE DISTÂNCIA DO TRAJETO (HAVERSINE DOS PONTOS ARMAZENADOS):
   🔢 Pontos unicos original/offset: 299/299 (Δ +0, +0.0% )
   📍 Trajeto original: 3.154 km (linha reta entre pontos GPS)
   🔒 Trajeto com offset: 3.154 km (linha reta entre pontos COM snap)
   📊 Diferença: -0.000 km (-0.0%)

======================================================================
📊 ESTATÍSTICAS FINAIS
======================================================================
Viagens processadas: 1
Distância total: 3.16 km
Combustível total: 49.98 l
CO2 real total: 115462.6 g
CO2 meta total: 608.0 g
Delta CO2: -114854.6 g
Valor E1 total: R$ -5.74

💰 Créditos: R$ 0.00
💸 Débitos: R$ 5.74
📈 Saldo líquido: R$ -5.74
======================================================================

💾 Dados agregados salvos em: ../data/offset_batch/vehicles_step_sim_9/run_055.csv
[csv-worker_9] [vehicles_step_sim_9] ===== LOG RUN 055 FIM =====

[csv-worker_9] [vehicles_step_sim_9] ===== LOG RUN 056 INICIO =====
======================================================================
🚗 PROCESSAMENTO SUMO → E1 REGISTRY (OFFSET ALEATÓRIO - veh0)
======================================================================
📄 Entrada: ../data/vehicles_step_sim_9.csv
🏭 Consumo fabricante: 12.0 km/l
💰 Preço carbono: R$ 50.0/ton
⭕ Raio máximo do offset aleatório: 2.0 km
🎲 Offset gerado aleatoriamente:
   Ângulo: 87.8°
   Distância: 1.1714 km
   offset_x (lat): 0.000411°  |  offset_y (lon): 0.010515°
📊 Row stepping: Processando todas as linhas
🗺️  Map matching: DESATIVADO
📐 Cálculo de distância: HAVERSINE PURO dos pontos COM snap (consistência)
======================================================================

📊 Carregando dados SUMO...
   Total de registros no arquivo: 131
   Veículos únicos: 1
   🚙 Vehicle selecionado: carro_1000

🔄 Agregando viagens por vehicle_id...
  📐 SUMO_carro_1000: Calculando distâncias com Haversine direto (SEM routing API)
      Original: 299 pontos → 3.0526 km (Haversine)
      Offset:   299 pontos → 3.0528 km (Haversine)

🚙 Veículo: SUMO_carro_1000
   Modelo: HBEFA4/PC_petrol_Euro-6ab
   Segmentos: 299
   📏 Distância: 3.060 km (city: 3.060, highway: 0.000)
   ⛽ Combustível: 48.384 l
   🏭 CO2 real: 111766.0 g
   🎯 CO2 meta: 589.0 g
   📊 Delta: -111177.0 g
   💰 Valor E1: R$ -5.5588
   🧭 Tentativas map matching: 0

   🔑 OFFSET DETERMINÍSTICO (x=-0.010847818073565064°, y=-0.002596922327842883°, max=2.0km):
   📍 Start Original:  (40.775644, -73.960687)
   🔒 Start Protegido: (40.764796, -73.963284) ✓ 1.23 km | ⚠ SEM MAP MATCHING
   📏 Deslocamento final: 1227.3 metros
   📍 End Original:    (40.774198, -73.961141)
   🔒 End Protegido:   (40.763350, -73.963738) ✓ 1.23 km | ⚠ SEM MAP MATCHING
   📏 Deslocamento final: 1227.3 metros

   📐 ANÁLISE DE DISTÂNCIA DO TRAJETO (HAVERSINE DOS PONTOS ARMAZENADOS):
   🔢 Pontos unicos original/offset: 299/299 (Δ +0, +0.0% )
   📍 Trajeto original: 3.053 km (linha reta entre pontos GPS)
   🔒 Trajeto com offset: 3.053 km (linha reta entre pontos COM snap)
   📊 Diferença: +0.000 km (+0.0%)

======================================================================
📊 ESTATÍSTICAS FINAIS
======================================================================
Viagens processadas: 1
Distância total: 3.06 km
Combustível total: 48.38 l
CO2 real total: 111766.0 g
CO2 meta total: 589.0 g
Delta CO2: -111177.0 g
Valor E1 total: R$ -5.56

💰 Créditos: R$ 0.00
💸 Débitos: R$ 5.56
📈 Saldo líquido: R$ -5.56
======================================================================

💾 Dados agregados salvos em: ../data/offset_batch/vehicles_step_sim_9/run_056.csv
[csv-worker_9] [vehicles_step_sim_9] ===== LOG RUN 056 FIM =====

[csv-worker_9] [vehicles_step_sim_9] ===== LOG RUN 057 INICIO =====
======================================================================
🚗 PROCESSAMENTO SUMO → E1 REGISTRY (OFFSET ALEATÓRIO - veh0)
======================================================================
📄 Entrada: ../data/vehicles_step_sim_9.csv
🏭 Consumo fabricante: 12.0 km/l
💰 Preço carbono: R$ 50.0/ton
⭕ Raio máximo do offset aleatório: 2.0 km
🎲 Offset gerado aleatoriamente:
   Ângulo: 210.7°
   Distância: 0.8653 km
   offset_x (lat): -0.006682°  |  offset_y (lon): -0.003971°
📊 Row stepping: Processando todas as linhas
🗺️  Map matching: DESATIVADO
📐 Cálculo de distância: HAVERSINE PURO dos pontos COM snap (consistência)
======================================================================

📊 Carregando dados SUMO...
   Total de registros no arquivo: 131
   Veículos únicos: 1
   🚙 Vehicle selecionado: carro_1000

🔄 Agregando viagens por vehicle_id...
  📐 SUMO_carro_1000: Calculando distâncias com Haversine direto (SEM routing API)
      Original: 155 pontos → 1.4242 km (Haversine)
      Offset:   155 pontos → 1.4243 km (Haversine)

🚙 Veículo: SUMO_carro_1000
   Modelo: HBEFA4/PC_petrol_Euro-6ab
   Segmentos: 155
   📏 Distância: 1.424 km (city: 1.424, highway: 0.000)
   ⛽ Combustível: 10.127 l
   🏭 CO2 real: 23393.7 g
   🎯 CO2 meta: 274.2 g
   📊 Delta: -23119.5 g
   💰 Valor E1: R$ -1.1560
   🧭 Tentativas map matching: 0

   🔑 OFFSET DETERMINÍSTICO (x=-0.008022936297273098°, y=0.014025847205272132°, max=2.0km):
   📍 Start Original:  (40.775644, -73.960687)
   🔒 Start Protegido: (40.767621, -73.946661) ✓ 1.48 km | ⚠ SEM MAP MATCHING
   📏 Deslocamento final: 1481.8 metros
   📍 End Original:    (40.775671, -73.960433)
   🔒 End Protegido:   (40.767648, -73.946407) ✓ 1.48 km | ⚠ SEM MAP MATCHING
   📏 Deslocamento final: 1481.8 metros

   📐 ANÁLISE DE DISTÂNCIA DO TRAJETO (HAVERSINE DOS PONTOS ARMAZENADOS):
   🔢 Pontos unicos original/offset: 155/155 (Δ +0, +0.0% )
   📍 Trajeto original: 1.424 km (linha reta entre pontos GPS)
   🔒 Trajeto com offset: 1.424 km (linha reta entre pontos COM snap)
   📊 Diferença: +0.000 km (+0.0%)

======================================================================
📊 ESTATÍSTICAS FINAIS
======================================================================
Viagens processadas: 1
Distância total: 1.42 km
Combustível total: 10.13 l
CO2 real total: 23393.7 g
CO2 meta total: 274.2 g
Delta CO2: -23119.5 g
Valor E1 total: R$ -1.16

💰 Créditos: R$ 0.00
💸 Débitos: R$ 1.16
📈 Saldo líquido: R$ -1.16
======================================================================

💾 Dados agregados salvos em: ../data/offset_batch/vehicles_step_sim_9/run_057.csv
[csv-worker_9] [vehicles_step_sim_9] ===== LOG RUN 057 FIM =====

[csv-worker_9] [vehicles_step_sim_9] ===== LOG RUN 058 INICIO =====
======================================================================
🚗 PROCESSAMENTO SUMO → E1 REGISTRY (OFFSET ALEATÓRIO - veh0)
======================================================================
📄 Entrada: ../data/vehicles_step_sim_9.csv
🏭 Consumo fabricante: 12.0 km/l
💰 Preço carbono: R$ 50.0/ton
⭕ Raio máximo do offset aleatório: 2.0 km
🎲 Offset gerado aleatoriamente:
   Ângulo: 269.9°
   Distância: 1.0122 km
   offset_x (lat): -0.000018°  |  offset_y (lon): -0.009092°
📊 Row stepping: Processando todas as linhas
🗺️  Map matching: DESATIVADO
📐 Cálculo de distância: HAVERSINE PURO dos pontos COM snap (consistência)
======================================================================

📊 Carregando dados SUMO...
   Total de registros no arquivo: 131
   Veículos únicos: 1
   🚙 Vehicle selecionado: carro_1000

🔄 Agregando viagens por vehicle_id...
  📐 SUMO_carro_1000: Calculando distâncias com Haversine direto (SEM routing API)
      Original: 222 pontos → 1.9688 km (Haversine)
      Offset:   222 pontos → 1.9689 km (Haversine)

🚙 Veículo: SUMO_carro_1000
   Modelo: HBEFA4/PC_petrol_Euro-6ab
   Segmentos: 222
   📏 Distância: 1.973 km (city: 1.973, highway: 0.000)
   ⛽ Combustível: 24.219 l
   🏭 CO2 real: 55946.2 g
   🎯 CO2 meta: 379.8 g
   📊 Delta: -55566.4 g
   💰 Valor E1: R$ -2.7783
   🧭 Tentativas map matching: 0

   🔑 OFFSET DETERMINÍSTICO (x=-0.005274746084398372°, y=-0.010819928478749814°, max=2.0km):
   📍 Start Original:  (40.775644, -73.960687)
   🔒 Start Protegido: (40.770369, -73.971507) ✓ 1.08 km | ⚠ SEM MAP MATCHING
   📏 Deslocamento final: 1084.8 metros
   📍 End Original:    (40.772651, -73.962544)
   🔒 End Protegido:   (40.767376, -73.973364) ✓ 1.08 km | ⚠ SEM MAP MATCHING
   📏 Deslocamento final: 1084.8 metros

   📐 ANÁLISE DE DISTÂNCIA DO TRAJETO (HAVERSINE DOS PONTOS ARMAZENADOS):
   🔢 Pontos unicos original/offset: 221/221 (Δ +0, +0.0% )
   📍 Trajeto original: 1.969 km (linha reta entre pontos GPS)
   🔒 Trajeto com offset: 1.969 km (linha reta entre pontos COM snap)
   📊 Diferença: +0.000 km (+0.0%)

======================================================================
📊 ESTATÍSTICAS FINAIS
======================================================================
Viagens processadas: 1
Distância total: 1.97 km
Combustível total: 24.22 l
CO2 real total: 55946.2 g
CO2 meta total: 379.8 g
Delta CO2: -55566.4 g
Valor E1 total: R$ -2.78

💰 Créditos: R$ 0.00
💸 Débitos: R$ 2.78
📈 Saldo líquido: R$ -2.78
======================================================================

💾 Dados agregados salvos em: ../data/offset_batch/vehicles_step_sim_9/run_058.csv
[csv-worker_9] [vehicles_step_sim_9] ===== LOG RUN 058 FIM =====

[csv-worker_9] [vehicles_step_sim_9] ===== LOG RUN 059 INICIO =====
======================================================================
🚗 PROCESSAMENTO SUMO → E1 REGISTRY (OFFSET ALEATÓRIO - veh0)
======================================================================
📄 Entrada: ../data/vehicles_step_sim_9.csv
🏭 Consumo fabricante: 12.0 km/l
💰 Preço carbono: R$ 50.0/ton
⭕ Raio máximo do offset aleatório: 2.0 km
🎲 Offset gerado aleatoriamente:
   Ângulo: 332.3°
   Distância: 1.6127 km
   offset_x (lat): 0.012832°  |  offset_y (lon): -0.006724°
📊 Row stepping: Processando todas as linhas
🗺️  Map matching: DESATIVADO
📐 Cálculo de distância: HAVERSINE PURO dos pontos COM snap (consistência)
======================================================================

📊 Carregando dados SUMO...
   Total de registros no arquivo: 131
   Veículos únicos: 1
   🚙 Vehicle selecionado: carro_1000

🔄 Agregando viagens por vehicle_id...
  📐 SUMO_carro_1000: Calculando distâncias com Haversine direto (SEM routing API)
      Original: 323 pontos → 2.9161 km (Haversine)
      Offset:   323 pontos → 2.9162 km (Haversine)

🚙 Veículo: SUMO_carro_1000
   Modelo: HBEFA4/PC_petrol_Euro-6ab
   Segmentos: 323
   📏 Distância: 2.926 km (city: 2.764, highway: 0.161)
   ⛽ Combustível: 54.094 l
   🏭 CO2 real: 124958.0 g
   🎯 CO2 meta: 563.2 g
   📊 Delta: -124394.9 g
   💰 Valor E1: R$ -6.2197
   🧭 Tentativas map matching: 0

   🔑 OFFSET DETERMINÍSTICO (x=-0.0044069443383158114°, y=-2.5879312576191168e-05°, max=2.0km):
   📍 Start Original:  (40.775644, -73.960687)
   🔒 Start Protegido: (40.771237, -73.960713) ✓ 0.49 km | ⚠ SEM MAP MATCHING
   📏 Deslocamento final: 490.6 metros
   📍 End Original:    (40.774046, -73.961617)
   🔒 End Protegido:   (40.769639, -73.961643) ✓ 0.49 km | ⚠ SEM MAP MATCHING
   📏 Deslocamento final: 490.6 metros

   📐 ANÁLISE DE DISTÂNCIA DO TRAJETO (HAVERSINE DOS PONTOS ARMAZENADOS):
   🔢 Pontos unicos original/offset: 320/320 (Δ +0, +0.0% )
   📍 Trajeto original: 2.916 km (linha reta entre pontos GPS)
   🔒 Trajeto com offset: 2.916 km (linha reta entre pontos COM snap)
   📊 Diferença: +0.000 km (+0.0%)

======================================================================
📊 ESTATÍSTICAS FINAIS
======================================================================
Viagens processadas: 1
Distância total: 2.93 km
Combustível total: 54.09 l
CO2 real total: 124958.0 g
CO2 meta total: 563.2 g
Delta CO2: -124394.9 g
Valor E1 total: R$ -6.22

💰 Créditos: R$ 0.00
💸 Débitos: R$ 6.22
📈 Saldo líquido: R$ -6.22
======================================================================

💾 Dados agregados salvos em: ../data/offset_batch/vehicles_step_sim_9/run_059.csv
[csv-worker_9] [vehicles_step_sim_9] ===== LOG RUN 059 FIM =====

[csv-worker_9] [vehicles_step_sim_9] ===== LOG RUN 060 INICIO =====
======================================================================
🚗 PROCESSAMENTO SUMO → E1 REGISTRY (OFFSET ALEATÓRIO - veh0)
======================================================================
📄 Entrada: ../data/vehicles_step_sim_9.csv
🏭 Consumo fabricante: 12.0 km/l
💰 Preço carbono: R$ 50.0/ton
⭕ Raio máximo do offset aleatório: 2.0 km
🎲 Offset gerado aleatoriamente:
   Ângulo: 65.2°
   Distância: 1.8508 km
   offset_x (lat): 0.006974°  |  offset_y (lon): 0.015093°
📊 Row stepping: Processando todas as linhas
🗺️  Map matching: DESATIVADO
📐 Cálculo de distância: HAVERSINE PURO dos pontos COM snap (consistência)
======================================================================

📊 Carregando dados SUMO...
   Total de registros no arquivo: 131
   Veículos únicos: 1
   🚙 Vehicle selecionado: carro_1000

🔄 Agregando viagens por vehicle_id...
  📐 SUMO_carro_1000: Calculando distâncias com Haversine direto (SEM routing API)
      Original: 155 pontos → 1.4242 km (Haversine)
      Offset:   155 pontos → 1.4243 km (Haversine)

🚙 Veículo: SUMO_carro_1000
   Modelo: HBEFA4/PC_petrol_Euro-6ab
   Segmentos: 155
   📏 Distância: 1.424 km (city: 1.424, highway: 0.000)
   ⛽ Combustível: 10.127 l
   🏭 CO2 real: 23393.7 g
   🎯 CO2 meta: 274.2 g
   📊 Delta: -23119.5 g
   💰 Valor E1: R$ -1.1560
   🧭 Tentativas map matching: 0

   🔑 OFFSET DETERMINÍSTICO (x=-0.010482344227189532°, y=0.0034977930837313187°, max=2.0km):
   📍 Start Original:  (40.775644, -73.960687)
   🔒 Start Protegido: (40.765161, -73.957189) ✓ 1.20 km | ⚠ SEM MAP MATCHING
   📏 Deslocamento final: 1203.6 metros
   📍 End Original:    (40.775671, -73.960433)
   🔒 End Protegido:   (40.765189, -73.956935) ✓ 1.20 km | ⚠ SEM MAP MATCHING
   📏 Deslocamento final: 1203.6 metros

   📐 ANÁLISE DE DISTÂNCIA DO TRAJETO (HAVERSINE DOS PONTOS ARMAZENADOS):
   🔢 Pontos unicos original/offset: 155/155 (Δ +0, +0.0% )
   📍 Trajeto original: 1.424 km (linha reta entre pontos GPS)
   🔒 Trajeto com offset: 1.424 km (linha reta entre pontos COM snap)
   📊 Diferença: +0.000 km (+0.0%)

======================================================================
📊 ESTATÍSTICAS FINAIS
======================================================================
Viagens processadas: 1
Distância total: 1.42 km
Combustível total: 10.13 l
CO2 real total: 23393.7 g
CO2 meta total: 274.2 g
Delta CO2: -23119.5 g
Valor E1 total: R$ -1.16

💰 Créditos: R$ 0.00
💸 Débitos: R$ 1.16
📈 Saldo líquido: R$ -1.16
======================================================================

💾 Dados agregados salvos em: ../data/offset_batch/vehicles_step_sim_9/run_060.csv
[csv-worker_9] [vehicles_step_sim_9] ===== LOG RUN 060 FIM =====

[csv-worker_9] [vehicles_step_sim_9] ===== LOG RUN 061 INICIO =====
======================================================================
🚗 PROCESSAMENTO SUMO → E1 REGISTRY (OFFSET ALEATÓRIO - veh0)
======================================================================
📄 Entrada: ../data/vehicles_step_sim_9.csv
🏭 Consumo fabricante: 12.0 km/l
💰 Preço carbono: R$ 50.0/ton
⭕ Raio máximo do offset aleatório: 2.0 km
🎲 Offset gerado aleatoriamente:
   Ângulo: 300.7°
   Distância: 1.4106 km
   offset_x (lat): 0.006470°  |  offset_y (lon): -0.010895°
📊 Row stepping: Processando todas as linhas
🗺️  Map matching: DESATIVADO
📐 Cálculo de distância: HAVERSINE PURO dos pontos COM snap (consistência)
======================================================================

📊 Carregando dados SUMO...
   Total de registros no arquivo: 131
   Veículos únicos: 1
   🚙 Vehicle selecionado: carro_1000

🔄 Agregando viagens por vehicle_id...
  📐 SUMO_carro_1000: Calculando distâncias com Haversine direto (SEM routing API)
      Original: 323 pontos → 2.9161 km (Haversine)
      Offset:   323 pontos → 2.9159 km (Haversine)

🚙 Veículo: SUMO_carro_1000
   Modelo: HBEFA4/PC_petrol_Euro-6ab
   Segmentos: 323
   📏 Distância: 2.926 km (city: 2.764, highway: 0.161)
   ⛽ Combustível: 54.094 l
   🏭 CO2 real: 124958.0 g
   🎯 CO2 meta: 563.2 g
   📊 Delta: -124394.9 g
   💰 Valor E1: R$ -6.2197
   🧭 Tentativas map matching: 0

   🔑 OFFSET DETERMINÍSTICO (x=0.009812435521705486°, y=-0.010661628683826039°, max=2.0km):
   📍 Start Original:  (40.775644, -73.960687)
   🔒 Start Protegido: (40.785456, -73.971349) ✓ 1.41 km | ⚠ SEM MAP MATCHING
   📏 Deslocamento final: 1414.6 metros
   📍 End Original:    (40.774046, -73.961617)
   🔒 End Protegido:   (40.783858, -73.972279) ✓ 1.41 km | ⚠ SEM MAP MATCHING
   📏 Deslocamento final: 1414.6 metros

   📐 ANÁLISE DE DISTÂNCIA DO TRAJETO (HAVERSINE DOS PONTOS ARMAZENADOS):
   🔢 Pontos unicos original/offset: 320/320 (Δ +0, +0.0% )
   📍 Trajeto original: 2.916 km (linha reta entre pontos GPS)
   🔒 Trajeto com offset: 2.916 km (linha reta entre pontos COM snap)
   📊 Diferença: -0.000 km (-0.0%)

======================================================================
📊 ESTATÍSTICAS FINAIS
======================================================================
Viagens processadas: 1
Distância total: 2.93 km
Combustível total: 54.09 l
CO2 real total: 124958.0 g
CO2 meta total: 563.2 g
Delta CO2: -124394.9 g
Valor E1 total: R$ -6.22

💰 Créditos: R$ 0.00
💸 Débitos: R$ 6.22
📈 Saldo líquido: R$ -6.22
======================================================================

💾 Dados agregados salvos em: ../data/offset_batch/vehicles_step_sim_9/run_061.csv
[csv-worker_9] [vehicles_step_sim_9] ===== LOG RUN 061 FIM =====

[csv-worker_9] [vehicles_step_sim_9] ===== LOG RUN 062 INICIO =====
======================================================================
🚗 PROCESSAMENTO SUMO → E1 REGISTRY (OFFSET ALEATÓRIO - veh0)
======================================================================
📄 Entrada: ../data/vehicles_step_sim_9.csv
🏭 Consumo fabricante: 12.0 km/l
💰 Preço carbono: R$ 50.0/ton
⭕ Raio máximo do offset aleatório: 2.0 km
🎲 Offset gerado aleatoriamente:
   Ângulo: 190.6°
   Distância: 0.9417 km
   offset_x (lat): -0.008315°  |  offset_y (lon): -0.001556°
📊 Row stepping: Processando todas as linhas
🗺️  Map matching: DESATIVADO
📐 Cálculo de distância: HAVERSINE PURO dos pontos COM snap (consistência)
======================================================================

📊 Carregando dados SUMO...
   Total de registros no arquivo: 131
   Veículos únicos: 1
   🚙 Vehicle selecionado: carro_1000

🔄 Agregando viagens por vehicle_id...
  📐 SUMO_carro_1000: Calculando distâncias com Haversine direto (SEM routing API)
      Original: 312 pontos → 3.1845 km (Haversine)
      Offset:   312 pontos → 3.1848 km (Haversine)

🚙 Veículo: SUMO_carro_1000
   Modelo: HBEFA4/PC_petrol_Euro-6ab
   Segmentos: 312
   📏 Distância: 3.190 km (city: 2.602, highway: 0.587)
   ⛽ Combustível: 54.577 l
   🏭 CO2 real: 126071.8 g
   🎯 CO2 meta: 614.1 g
   📊 Delta: -125457.8 g
   💰 Valor E1: R$ -6.2729
   🧭 Tentativas map matching: 0

   🔑 OFFSET DETERMINÍSTICO (x=-0.01096278616096525°, y=0.0059237717288285465°, max=2.0km):
   📍 Start Original:  (40.775644, -73.960687)
   🔒 Start Protegido: (40.764681, -73.954763) ✓ 1.32 km | ⚠ SEM MAP MATCHING
   📏 Deslocamento final: 1318.6 metros
   📍 End Original:    (40.771637, -73.963520)
   🔒 End Protegido:   (40.760674, -73.957597) ✓ 1.32 km | ⚠ SEM MAP MATCHING
   📏 Deslocamento final: 1318.6 metros

   📐 ANÁLISE DE DISTÂNCIA DO TRAJETO (HAVERSINE DOS PONTOS ARMAZENADOS):
   🔢 Pontos unicos original/offset: 312/312 (Δ +0, +0.0% )
   📍 Trajeto original: 3.185 km (linha reta entre pontos GPS)
   🔒 Trajeto com offset: 3.185 km (linha reta entre pontos COM snap)
   📊 Diferença: +0.000 km (+0.0%)

======================================================================
📊 ESTATÍSTICAS FINAIS
======================================================================
Viagens processadas: 1
Distância total: 3.19 km
Combustível total: 54.58 l
CO2 real total: 126071.8 g
CO2 meta total: 614.1 g
Delta CO2: -125457.8 g
Valor E1 total: R$ -6.27

💰 Créditos: R$ 0.00
💸 Débitos: R$ 6.27
📈 Saldo líquido: R$ -6.27
======================================================================

💾 Dados agregados salvos em: ../data/offset_batch/vehicles_step_sim_9/run_062.csv
[csv-worker_9] [vehicles_step_sim_9] ===== LOG RUN 062 FIM =====

[csv-worker_9] [vehicles_step_sim_9] ===== LOG RUN 063 INICIO =====
======================================================================
🚗 PROCESSAMENTO SUMO → E1 REGISTRY (OFFSET ALEATÓRIO - veh0)
======================================================================
📄 Entrada: ../data/vehicles_step_sim_9.csv
🏭 Consumo fabricante: 12.0 km/l
💰 Preço carbono: R$ 50.0/ton
⭕ Raio máximo do offset aleatório: 2.0 km
🎲 Offset gerado aleatoriamente:
   Ângulo: 200.6°
   Distância: 1.5478 km
   offset_x (lat): -0.013017°  |  offset_y (lon): -0.004888°
📊 Row stepping: Processando todas as linhas
🗺️  Map matching: DESATIVADO
📐 Cálculo de distância: HAVERSINE PURO dos pontos COM snap (consistência)
======================================================================

📊 Carregando dados SUMO...
   Total de registros no arquivo: 131
   Veículos únicos: 1
   🚙 Vehicle selecionado: carro_1000

🔄 Agregando viagens por vehicle_id...
  📐 SUMO_carro_1000: Calculando distâncias com Haversine direto (SEM routing API)
      Original: 299 pontos → 3.0526 km (Haversine)
      Offset:   299 pontos → 3.0529 km (Haversine)

🚙 Veículo: SUMO_carro_1000
   Modelo: HBEFA4/PC_petrol_Euro-6ab
   Segmentos: 299
   📏 Distância: 3.060 km (city: 3.060, highway: 0.000)
   ⛽ Combustível: 48.384 l
   🏭 CO2 real: 111766.0 g
   🎯 CO2 meta: 589.0 g
   📊 Delta: -111177.0 g
   💰 Valor E1: R$ -5.5588
   🧭 Tentativas map matching: 0

   🔑 OFFSET DETERMINÍSTICO (x=-0.011664162669570153°, y=-0.006304309542470817°, max=2.0km):
   📍 Start Original:  (40.775644, -73.960687)
   🔒 Start Protegido: (40.763979, -73.966991) ✓ 1.40 km | ⚠ SEM MAP MATCHING
   📏 Deslocamento final: 1403.0 metros
   📍 End Original:    (40.774198, -73.961141)
   🔒 End Protegido:   (40.762534, -73.967445) ✓ 1.40 km | ⚠ SEM MAP MATCHING
   📏 Deslocamento final: 1403.0 metros

   📐 ANÁLISE DE DISTÂNCIA DO TRAJETO (HAVERSINE DOS PONTOS ARMAZENADOS):
   🔢 Pontos unicos original/offset: 299/299 (Δ +0, +0.0% )
   📍 Trajeto original: 3.053 km (linha reta entre pontos GPS)
   🔒 Trajeto com offset: 3.053 km (linha reta entre pontos COM snap)
   📊 Diferença: +0.000 km (+0.0%)

======================================================================
📊 ESTATÍSTICAS FINAIS
======================================================================
Viagens processadas: 1
Distância total: 3.06 km
Combustível total: 48.38 l
CO2 real total: 111766.0 g
CO2 meta total: 589.0 g
Delta CO2: -111177.0 g
Valor E1 total: R$ -5.56

💰 Créditos: R$ 0.00
💸 Débitos: R$ 5.56
📈 Saldo líquido: R$ -5.56
======================================================================

💾 Dados agregados salvos em: ../data/offset_batch/vehicles_step_sim_9/run_063.csv
[csv-worker_9] [vehicles_step_sim_9] ===== LOG RUN 063 FIM =====

[csv-worker_9] [vehicles_step_sim_9] ===== LOG RUN 064 INICIO =====
======================================================================
🚗 PROCESSAMENTO SUMO → E1 REGISTRY (OFFSET ALEATÓRIO - veh0)
======================================================================
📄 Entrada: ../data/vehicles_step_sim_9.csv
🏭 Consumo fabricante: 12.0 km/l
💰 Preço carbono: R$ 50.0/ton
⭕ Raio máximo do offset aleatório: 2.0 km
🎲 Offset gerado aleatoriamente:
   Ângulo: 123.3°
   Distância: 0.8812 km
   offset_x (lat): -0.004347°  |  offset_y (lon): 0.006615°
📊 Row stepping: Processando todas as linhas
🗺️  Map matching: DESATIVADO
📐 Cálculo de distância: HAVERSINE PURO dos pontos COM snap (consistência)
======================================================================

📊 Carregando dados SUMO...
   Total de registros no arquivo: 131
   Veículos únicos: 1
   🚙 Vehicle selecionado: carro_1000

🔄 Agregando viagens por vehicle_id...
  📐 SUMO_carro_1000: Calculando distâncias com Haversine direto (SEM routing API)
      Original: 323 pontos → 2.9161 km (Haversine)
      Offset:   323 pontos → 2.9162 km (Haversine)

🚙 Veículo: SUMO_carro_1000
   Modelo: HBEFA4/PC_petrol_Euro-6ab
   Segmentos: 323
   📏 Distância: 2.926 km (city: 2.764, highway: 0.161)
   ⛽ Combustível: 54.094 l
   🏭 CO2 real: 124958.0 g
   🎯 CO2 meta: 563.2 g
   📊 Delta: -124394.9 g
   💰 Valor E1: R$ -6.2197
   🧭 Tentativas map matching: 0

   🔑 OFFSET DETERMINÍSTICO (x=-0.006627504841473409°, y=-0.01648685849380765°, max=2.0km):
   📍 Start Original:  (40.775644, -73.960687)
   🔒 Start Protegido: (40.769016, -73.977174) ✓ 1.57 km | ⚠ SEM MAP MATCHING
   📏 Deslocamento final: 1573.5 metros
   📍 End Original:    (40.774046, -73.961617)
   🔒 End Protegido:   (40.767418, -73.978104) ✓ 1.57 km | ⚠ SEM MAP MATCHING
   📏 Deslocamento final: 1573.5 metros

   📐 ANÁLISE DE DISTÂNCIA DO TRAJETO (HAVERSINE DOS PONTOS ARMAZENADOS):
   🔢 Pontos unicos original/offset: 320/320 (Δ +0, +0.0% )
   📍 Trajeto original: 2.916 km (linha reta entre pontos GPS)
   🔒 Trajeto com offset: 2.916 km (linha reta entre pontos COM snap)
   📊 Diferença: +0.000 km (+0.0%)

======================================================================
📊 ESTATÍSTICAS FINAIS
======================================================================
Viagens processadas: 1
Distância total: 2.93 km
Combustível total: 54.09 l
CO2 real total: 124958.0 g
CO2 meta total: 563.2 g
Delta CO2: -124394.9 g
Valor E1 total: R$ -6.22

💰 Créditos: R$ 0.00
💸 Débitos: R$ 6.22
📈 Saldo líquido: R$ -6.22
======================================================================

💾 Dados agregados salvos em: ../data/offset_batch/vehicles_step_sim_9/run_064.csv
[csv-worker_9] [vehicles_step_sim_9] ===== LOG RUN 064 FIM =====

[csv-worker_9] [vehicles_step_sim_9] ===== LOG RUN 065 INICIO =====
======================================================================
🚗 PROCESSAMENTO SUMO → E1 REGISTRY (OFFSET ALEATÓRIO - veh0)
======================================================================
📄 Entrada: ../data/vehicles_step_sim_9.csv
🏭 Consumo fabricante: 12.0 km/l
💰 Preço carbono: R$ 50.0/ton
⭕ Raio máximo do offset aleatório: 2.0 km
🎲 Offset gerado aleatoriamente:
   Ângulo: 8.4°
   Distância: 0.7479 km
   offset_x (lat): 0.006645°  |  offset_y (lon): 0.000987°
📊 Row stepping: Processando todas as linhas
🗺️  Map matching: DESATIVADO
📐 Cálculo de distância: HAVERSINE PURO dos pontos COM snap (consistência)
======================================================================

📊 Carregando dados SUMO...
   Total de registros no arquivo: 131
   Veículos únicos: 1
   🚙 Vehicle selecionado: carro_1000

🔄 Agregando viagens por vehicle_id...
  📐 SUMO_carro_1000: Calculando distâncias com Haversine direto (SEM routing API)
      Original: 299 pontos → 3.0526 km (Haversine)
      Offset:   299 pontos → 3.0524 km (Haversine)

🚙 Veículo: SUMO_carro_1000
   Modelo: HBEFA4/PC_petrol_Euro-6ab
   Segmentos: 299
   📏 Distância: 3.060 km (city: 3.060, highway: 0.000)
   ⛽ Combustível: 48.384 l
   🏭 CO2 real: 111766.0 g
   🎯 CO2 meta: 589.0 g
   📊 Delta: -111177.0 g
   💰 Valor E1: R$ -5.5588
   🧭 Tentativas map matching: 0

   🔑 OFFSET DETERMINÍSTICO (x=0.00989968177764253°, y=0.013632782739281939°, max=2.0km):
   📍 Start Original:  (40.775644, -73.960687)
   🔒 Start Protegido: (40.785543, -73.947054) ✓ 1.59 km | ⚠ SEM MAP MATCHING
   📏 Deslocamento final: 1592.2 metros
   📍 End Original:    (40.774198, -73.961141)
   🔒 End Protegido:   (40.784098, -73.947508) ✓ 1.59 km | ⚠ SEM MAP MATCHING
   📏 Deslocamento final: 1592.3 metros

   📐 ANÁLISE DE DISTÂNCIA DO TRAJETO (HAVERSINE DOS PONTOS ARMAZENADOS):
   🔢 Pontos unicos original/offset: 299/299 (Δ +0, +0.0% )
   📍 Trajeto original: 3.053 km (linha reta entre pontos GPS)
   🔒 Trajeto com offset: 3.052 km (linha reta entre pontos COM snap)
   📊 Diferença: -0.000 km (-0.0%)

======================================================================
📊 ESTATÍSTICAS FINAIS
======================================================================
Viagens processadas: 1
Distância total: 3.06 km
Combustível total: 48.38 l
CO2 real total: 111766.0 g
CO2 meta total: 589.0 g
Delta CO2: -111177.0 g
Valor E1 total: R$ -5.56

💰 Créditos: R$ 0.00
💸 Débitos: R$ 5.56
📈 Saldo líquido: R$ -5.56
======================================================================

💾 Dados agregados salvos em: ../data/offset_batch/vehicles_step_sim_9/run_065.csv
[csv-worker_9] [vehicles_step_sim_9] ===== LOG RUN 065 FIM =====

[csv-worker_9] [vehicles_step_sim_9] ===== LOG RUN 066 INICIO =====
======================================================================
🚗 PROCESSAMENTO SUMO → E1 REGISTRY (OFFSET ALEATÓRIO - veh0)
======================================================================
📄 Entrada: ../data/vehicles_step_sim_9.csv
🏭 Consumo fabricante: 12.0 km/l
💰 Preço carbono: R$ 50.0/ton
⭕ Raio máximo do offset aleatório: 2.0 km
🎲 Offset gerado aleatoriamente:
   Ângulo: 138.3°
   Distância: 1.3323 km
   offset_x (lat): -0.008939°  |  offset_y (lon): 0.007958°
📊 Row stepping: Processando todas as linhas
🗺️  Map matching: DESATIVADO
📐 Cálculo de distância: HAVERSINE PURO dos pontos COM snap (consistência)
======================================================================

📊 Carregando dados SUMO...
   Total de registros no arquivo: 131
   Veículos únicos: 1
   🚙 Vehicle selecionado: carro_1000

🔄 Agregando viagens por vehicle_id...
  📐 SUMO_carro_1000: Calculando distâncias com Haversine direto (SEM routing API)
      Original: 301 pontos → 3.1480 km (Haversine)
      Offset:   301 pontos → 3.1481 km (Haversine)

🚙 Veículo: SUMO_carro_1000
   Modelo: HBEFA4/PC_petrol_Euro-6ab
   Segmentos: 301
   📏 Distância: 3.159 km (city: 3.020, highway: 0.139)
   ⛽ Combustível: 51.224 l
   🏭 CO2 real: 118326.7 g
   🎯 CO2 meta: 608.1 g
   📊 Delta: -117718.6 g
   💰 Valor E1: R$ -5.8859
   🧭 Tentativas map matching: 0

   🔑 OFFSET DETERMINÍSTICO (x=-0.004930100280533037°, y=0.002999584435587667°, max=2.0km):
   📍 Start Original:  (40.775644, -73.960687)
   🔒 Start Protegido: (40.770714, -73.957687) ✓ 0.60 km | ⚠ SEM MAP MATCHING
   📏 Deslocamento final: 604.3 metros
   📍 End Original:    (40.771236, -73.963813)
   🔒 End Protegido:   (40.766306, -73.960813) ✓ 0.60 km | ⚠ SEM MAP MATCHING
   📏 Deslocamento final: 604.3 metros

   📐 ANÁLISE DE DISTÂNCIA DO TRAJETO (HAVERSINE DOS PONTOS ARMAZENADOS):
   🔢 Pontos unicos original/offset: 301/301 (Δ +0, +0.0% )
   📍 Trajeto original: 3.148 km (linha reta entre pontos GPS)
   🔒 Trajeto com offset: 3.148 km (linha reta entre pontos COM snap)
   📊 Diferença: +0.000 km (+0.0%)

======================================================================
📊 ESTATÍSTICAS FINAIS
======================================================================
Viagens processadas: 1
Distância total: 3.16 km
Combustível total: 51.22 l
CO2 real total: 118326.7 g
CO2 meta total: 608.1 g
Delta CO2: -117718.6 g
Valor E1 total: R$ -5.89

💰 Créditos: R$ 0.00
💸 Débitos: R$ 5.89
📈 Saldo líquido: R$ -5.89
======================================================================

💾 Dados agregados salvos em: ../data/offset_batch/vehicles_step_sim_9/run_066.csv
[csv-worker_9] [vehicles_step_sim_9] ===== LOG RUN 066 FIM =====

[csv-worker_9] [vehicles_step_sim_9] ===== LOG RUN 067 INICIO =====
======================================================================
🚗 PROCESSAMENTO SUMO → E1 REGISTRY (OFFSET ALEATÓRIO - veh0)
======================================================================
📄 Entrada: ../data/vehicles_step_sim_9.csv
🏭 Consumo fabricante: 12.0 km/l
💰 Preço carbono: R$ 50.0/ton
⭕ Raio máximo do offset aleatório: 2.0 km
🎲 Offset gerado aleatoriamente:
   Ângulo: 158.0°
   Distância: 1.8073 km
   offset_x (lat): -0.015048°  |  offset_y (lon): 0.006093°
📊 Row stepping: Processando todas as linhas
🗺️  Map matching: DESATIVADO
📐 Cálculo de distância: HAVERSINE PURO dos pontos COM snap (consistência)
======================================================================

📊 Carregando dados SUMO...
   Total de registros no arquivo: 131
   Veículos únicos: 1
   🚙 Vehicle selecionado: carro_1000

🔄 Agregando viagens por vehicle_id...
  📐 SUMO_carro_1000: Calculando distâncias com Haversine direto (SEM routing API)
      Original: 337 pontos → 3.3706 km (Haversine)
      Offset:   337 pontos → 3.3706 km (Haversine)

🚙 Veículo: SUMO_carro_1000
   Modelo: HBEFA4/PC_petrol_Euro-6ab
   Segmentos: 337
   📏 Distância: 3.379 km (city: 3.069, highway: 0.310)
   ⛽ Combustível: 58.616 l
   🏭 CO2 real: 135402.3 g
   🎯 CO2 meta: 650.5 g
   📊 Delta: -134751.8 g
   💰 Valor E1: R$ -6.7376
   🧭 Tentativas map matching: 0

   🔑 OFFSET DETERMINÍSTICO (x=4.152911965675643e-05°, y=-0.005782631869231367°, max=2.0km):
   📍 Start Original:  (40.775644, -73.960687)
   🔒 Start Protegido: (40.775685, -73.966470) ✓ 0.49 km | ⚠ SEM MAP MATCHING
   📏 Deslocamento final: 487.5 metros
   📍 End Original:    (40.774801, -73.960637)
   🔒 End Protegido:   (40.774843, -73.966419) ✓ 0.49 km | ⚠ SEM MAP MATCHING
   📏 Deslocamento final: 487.5 metros

   📐 ANÁLISE DE DISTÂNCIA DO TRAJETO (HAVERSINE DOS PONTOS ARMAZENADOS):
   🔢 Pontos unicos original/offset: 337/337 (Δ +0, +0.0% )
   📍 Trajeto original: 3.371 km (linha reta entre pontos GPS)
   🔒 Trajeto com offset: 3.371 km (linha reta entre pontos COM snap)
   📊 Diferença: -0.000 km (-0.0%)

======================================================================
📊 ESTATÍSTICAS FINAIS
======================================================================
Viagens processadas: 1
Distância total: 3.38 km
Combustível total: 58.62 l
CO2 real total: 135402.3 g
CO2 meta total: 650.5 g
Delta CO2: -134751.8 g
Valor E1 total: R$ -6.74

💰 Créditos: R$ 0.00
💸 Débitos: R$ 6.74
📈 Saldo líquido: R$ -6.74
======================================================================

💾 Dados agregados salvos em: ../data/offset_batch/vehicles_step_sim_9/run_067.csv
[csv-worker_9] [vehicles_step_sim_9] ===== LOG RUN 067 FIM =====

[csv-worker_9] [vehicles_step_sim_9] ===== LOG RUN 068 INICIO =====
======================================================================
🚗 PROCESSAMENTO SUMO → E1 REGISTRY (OFFSET ALEATÓRIO - veh0)
======================================================================
📄 Entrada: ../data/vehicles_step_sim_9.csv
🏭 Consumo fabricante: 12.0 km/l
💰 Preço carbono: R$ 50.0/ton
⭕ Raio máximo do offset aleatório: 2.0 km
🎲 Offset gerado aleatoriamente:
   Ângulo: 199.0°
   Distância: 1.7165 km
   offset_x (lat): -0.014579°  |  offset_y (lon): -0.005023°
📊 Row stepping: Processando todas as linhas
🗺️  Map matching: DESATIVADO
📐 Cálculo de distância: HAVERSINE PURO dos pontos COM snap (consistência)
======================================================================

📊 Carregando dados SUMO...
   Total de registros no arquivo: 131
   Veículos únicos: 1
   🚙 Vehicle selecionado: carro_1000

🔄 Agregando viagens por vehicle_id...
  📐 SUMO_carro_1000: Calculando distâncias com Haversine direto (SEM routing API)
      Original: 222 pontos → 1.9688 km (Haversine)
      Offset:   222 pontos → 1.9689 km (Haversine)

🚙 Veículo: SUMO_carro_1000
   Modelo: HBEFA4/PC_petrol_Euro-6ab
   Segmentos: 222
   📏 Distância: 1.973 km (city: 1.973, highway: 0.000)
   ⛽ Combustível: 24.219 l
   🏭 CO2 real: 55946.2 g
   🎯 CO2 meta: 379.8 g
   📊 Delta: -55566.4 g
   💰 Valor E1: R$ -2.7783
   🧭 Tentativas map matching: 0

   🔑 OFFSET DETERMINÍSTICO (x=-0.005839518020938839°, y=-0.006507682799667189°, max=2.0km):
   📍 Start Original:  (40.775644, -73.960687)
   🔒 Start Protegido: (40.769804, -73.967195) ✓ 0.85 km | ⚠ SEM MAP MATCHING
   📏 Deslocamento final: 850.6 metros
   📍 End Original:    (40.772651, -73.962544)
   🔒 End Protegido:   (40.766812, -73.969052) ✓ 0.85 km | ⚠ SEM MAP MATCHING
   📏 Deslocamento final: 850.6 metros

   📐 ANÁLISE DE DISTÂNCIA DO TRAJETO (HAVERSINE DOS PONTOS ARMAZENADOS):
   🔢 Pontos unicos original/offset: 221/221 (Δ +0, +0.0% )
   📍 Trajeto original: 1.969 km (linha reta entre pontos GPS)
   🔒 Trajeto com offset: 1.969 km (linha reta entre pontos COM snap)
   📊 Diferença: +0.000 km (+0.0%)

======================================================================
📊 ESTATÍSTICAS FINAIS
======================================================================
Viagens processadas: 1
Distância total: 1.97 km
Combustível total: 24.22 l
CO2 real total: 55946.2 g
CO2 meta total: 379.8 g
Delta CO2: -55566.4 g
Valor E1 total: R$ -2.78

💰 Créditos: R$ 0.00
💸 Débitos: R$ 2.78
📈 Saldo líquido: R$ -2.78
======================================================================

💾 Dados agregados salvos em: ../data/offset_batch/vehicles_step_sim_9/run_068.csv
[csv-worker_9] [vehicles_step_sim_9] ===== LOG RUN 068 FIM =====

[csv-worker_9] [vehicles_step_sim_9] ===== LOG RUN 069 INICIO =====
======================================================================
🚗 PROCESSAMENTO SUMO → E1 REGISTRY (OFFSET ALEATÓRIO - veh0)
======================================================================
📄 Entrada: ../data/vehicles_step_sim_9.csv
🏭 Consumo fabricante: 12.0 km/l
💰 Preço carbono: R$ 50.0/ton
⭕ Raio máximo do offset aleatório: 2.0 km
🎲 Offset gerado aleatoriamente:
   Ângulo: 297.8°
   Distância: 1.7222 km
   offset_x (lat): 0.007220°  |  offset_y (lon): -0.013682°
📊 Row stepping: Processando todas as linhas
🗺️  Map matching: DESATIVADO
📐 Cálculo de distância: HAVERSINE PURO dos pontos COM snap (consistência)
======================================================================

📊 Carregando dados SUMO...
   Total de registros no arquivo: 131
   Veículos únicos: 1
   🚙 Vehicle selecionado: carro_1000

🔄 Agregando viagens por vehicle_id...
  📐 SUMO_carro_1000: Calculando distâncias com Haversine direto (SEM routing API)
      Original: 312 pontos → 3.1845 km (Haversine)
      Offset:   312 pontos → 3.1848 km (Haversine)

🚙 Veículo: SUMO_carro_1000
   Modelo: HBEFA4/PC_petrol_Euro-6ab
   Segmentos: 312
   📏 Distância: 3.190 km (city: 2.602, highway: 0.587)
   ⛽ Combustível: 54.577 l
   🏭 CO2 real: 126071.8 g
   🎯 CO2 meta: 614.1 g
   📊 Delta: -125457.8 g
   💰 Valor E1: R$ -6.2729
   🧭 Tentativas map matching: 0

   🔑 OFFSET DETERMINÍSTICO (x=-0.011662266717186011°, y=-0.005711924260556414°, max=2.0km):
   📍 Start Original:  (40.775644, -73.960687)
   🔒 Start Protegido: (40.763981, -73.966399) ✓ 1.38 km | ⚠ SEM MAP MATCHING
   📏 Deslocamento final: 1384.7 metros
   📍 End Original:    (40.771637, -73.963520)
   🔒 End Protegido:   (40.759975, -73.969232) ✓ 1.38 km | ⚠ SEM MAP MATCHING
   📏 Deslocamento final: 1384.7 metros

   📐 ANÁLISE DE DISTÂNCIA DO TRAJETO (HAVERSINE DOS PONTOS ARMAZENADOS):
   🔢 Pontos unicos original/offset: 312/312 (Δ +0, +0.0% )
   📍 Trajeto original: 3.185 km (linha reta entre pontos GPS)
   🔒 Trajeto com offset: 3.185 km (linha reta entre pontos COM snap)
   📊 Diferença: +0.000 km (+0.0%)

======================================================================
📊 ESTATÍSTICAS FINAIS
======================================================================
Viagens processadas: 1
Distância total: 3.19 km
Combustível total: 54.58 l
CO2 real total: 126071.8 g
CO2 meta total: 614.1 g
Delta CO2: -125457.8 g
Valor E1 total: R$ -6.27

💰 Créditos: R$ 0.00
💸 Débitos: R$ 6.27
📈 Saldo líquido: R$ -6.27
======================================================================

💾 Dados agregados salvos em: ../data/offset_batch/vehicles_step_sim_9/run_069.csv
[csv-worker_9] [vehicles_step_sim_9] ===== LOG RUN 069 FIM =====

[csv-worker_9] [vehicles_step_sim_9] ===== LOG RUN 070 INICIO =====
======================================================================
🚗 PROCESSAMENTO SUMO → E1 REGISTRY (OFFSET ALEATÓRIO - veh0)
======================================================================
📄 Entrada: ../data/vehicles_step_sim_9.csv
🏭 Consumo fabricante: 12.0 km/l
💰 Preço carbono: R$ 50.0/ton
⭕ Raio máximo do offset aleatório: 2.0 km
🎲 Offset gerado aleatoriamente:
   Ângulo: 192.8°
   Distância: 1.8347 km
   offset_x (lat): -0.016074°  |  offset_y (lon): -0.003643°
📊 Row stepping: Processando todas as linhas
🗺️  Map matching: DESATIVADO
📐 Cálculo de distância: HAVERSINE PURO dos pontos COM snap (consistência)
======================================================================

📊 Carregando dados SUMO...
   Total de registros no arquivo: 131
   Veículos únicos: 1
   🚙 Vehicle selecionado: carro_1000

🔄 Agregando viagens por vehicle_id...
  📐 SUMO_carro_1000: Calculando distâncias com Haversine direto (SEM routing API)
      Original: 222 pontos → 1.9688 km (Haversine)
      Offset:   222 pontos → 1.9689 km (Haversine)

🚙 Veículo: SUMO_carro_1000
   Modelo: HBEFA4/PC_petrol_Euro-6ab
   Segmentos: 222
   📏 Distância: 1.973 km (city: 1.973, highway: 0.000)
   ⛽ Combustível: 24.219 l
   🏭 CO2 real: 55946.2 g
   🎯 CO2 meta: 379.8 g
   📊 Delta: -55566.4 g
   💰 Valor E1: R$ -2.7783
   🧭 Tentativas map matching: 0

   🔑 OFFSET DETERMINÍSTICO (x=-0.0053027785979040355°, y=-0.0007540847181922122°, max=2.0km):
   📍 Start Original:  (40.775644, -73.960687)
   🔒 Start Protegido: (40.770341, -73.961441) ✓ 0.59 km | ⚠ SEM MAP MATCHING
   📏 Deslocamento final: 593.7 metros
   📍 End Original:    (40.772651, -73.962544)
   🔒 End Protegido:   (40.767348, -73.963299) ✓ 0.59 km | ⚠ SEM MAP MATCHING
   📏 Deslocamento final: 593.7 metros

   📐 ANÁLISE DE DISTÂNCIA DO TRAJETO (HAVERSINE DOS PONTOS ARMAZENADOS):
   🔢 Pontos unicos original/offset: 221/221 (Δ +0, +0.0% )
   📍 Trajeto original: 1.969 km (linha reta entre pontos GPS)
   🔒 Trajeto com offset: 1.969 km (linha reta entre pontos COM snap)
   📊 Diferença: +0.000 km (+0.0%)

======================================================================
📊 ESTATÍSTICAS FINAIS
======================================================================
Viagens processadas: 1
Distância total: 1.97 km
Combustível total: 24.22 l
CO2 real total: 55946.2 g
CO2 meta total: 379.8 g
Delta CO2: -55566.4 g
Valor E1 total: R$ -2.78

💰 Créditos: R$ 0.00
💸 Débitos: R$ 2.78
📈 Saldo líquido: R$ -2.78
======================================================================

💾 Dados agregados salvos em: ../data/offset_batch/vehicles_step_sim_9/run_070.csv
[csv-worker_9] [vehicles_step_sim_9] ===== LOG RUN 070 FIM =====

[csv-worker_9] [vehicles_step_sim_9] ===== LOG RUN 071 INICIO =====
======================================================================
🚗 PROCESSAMENTO SUMO → E1 REGISTRY (OFFSET ALEATÓRIO - veh0)
======================================================================
📄 Entrada: ../data/vehicles_step_sim_9.csv
🏭 Consumo fabricante: 12.0 km/l
💰 Preço carbono: R$ 50.0/ton
⭕ Raio máximo do offset aleatório: 2.0 km
🎲 Offset gerado aleatoriamente:
   Ângulo: 346.2°
   Distância: 1.8556 km
   offset_x (lat): 0.016184°  |  offset_y (lon): -0.003989°
📊 Row stepping: Processando todas as linhas
🗺️  Map matching: DESATIVADO
📐 Cálculo de distância: HAVERSINE PURO dos pontos COM snap (consistência)
======================================================================

📊 Carregando dados SUMO...
   Total de registros no arquivo: 131
   Veículos únicos: 1
   🚙 Vehicle selecionado: carro_1000

🔄 Agregando viagens por vehicle_id...
  📐 SUMO_carro_1000: Calculando distâncias com Haversine direto (SEM routing API)
      Original: 300 pontos → 3.1542 km (Haversine)
      Offset:   300 pontos → 3.1542 km (Haversine)

🚙 Veículo: SUMO_carro_1000
   Modelo: HBEFA4/PC_petrol_Euro-6ab
   Segmentos: 300
   📏 Distância: 3.158 km (city: 2.541, highway: 0.617)
   ⛽ Combustível: 49.984 l
   🏭 CO2 real: 115462.6 g
   🎯 CO2 meta: 608.0 g
   📊 Delta: -114854.6 g
   💰 Valor E1: R$ -5.7427
   🧭 Tentativas map matching: 0

   🔑 OFFSET DETERMINÍSTICO (x=-0.0010724881985667185°, y=0.011921665324123424°, max=2.0km):
   📍 Start Original:  (40.775644, -73.960687)
   🔒 Start Protegido: (40.774571, -73.948765) ✓ 1.01 km | ⚠ SEM MAP MATCHING
   📏 Deslocamento final: 1012.1 metros
   📍 End Original:    (40.773912, -73.961904)
   🔒 End Protegido:   (40.772840, -73.949982) ✓ 1.01 km | ⚠ SEM MAP MATCHING
   📏 Deslocamento final: 1012.1 metros

   📐 ANÁLISE DE DISTÂNCIA DO TRAJETO (HAVERSINE DOS PONTOS ARMAZENADOS):
   🔢 Pontos unicos original/offset: 299/299 (Δ +0, +0.0% )
   📍 Trajeto original: 3.154 km (linha reta entre pontos GPS)
   🔒 Trajeto com offset: 3.154 km (linha reta entre pontos COM snap)
   📊 Diferença: +0.000 km (+0.0%)

======================================================================
📊 ESTATÍSTICAS FINAIS
======================================================================
Viagens processadas: 1
Distância total: 3.16 km
Combustível total: 49.98 l
CO2 real total: 115462.6 g
CO2 meta total: 608.0 g
Delta CO2: -114854.6 g
Valor E1 total: R$ -5.74

💰 Créditos: R$ 0.00
💸 Débitos: R$ 5.74
📈 Saldo líquido: R$ -5.74
======================================================================

💾 Dados agregados salvos em: ../data/offset_batch/vehicles_step_sim_9/run_071.csv
[csv-worker_9] [vehicles_step_sim_9] ===== LOG RUN 071 FIM =====

[csv-worker_9] [vehicles_step_sim_9] ===== LOG RUN 072 INICIO =====
======================================================================
🚗 PROCESSAMENTO SUMO → E1 REGISTRY (OFFSET ALEATÓRIO - veh0)
======================================================================
📄 Entrada: ../data/vehicles_step_sim_9.csv
🏭 Consumo fabricante: 12.0 km/l
💰 Preço carbono: R$ 50.0/ton
⭕ Raio máximo do offset aleatório: 2.0 km
🎲 Offset gerado aleatoriamente:
   Ângulo: 309.2°
   Distância: 1.2336 km
   offset_x (lat): 0.006997°  |  offset_y (lon): -0.008593°
📊 Row stepping: Processando todas as linhas
🗺️  Map matching: DESATIVADO
📐 Cálculo de distância: HAVERSINE PURO dos pontos COM snap (consistência)
======================================================================

📊 Carregando dados SUMO...
   Total de registros no arquivo: 131
   Veículos únicos: 1
   🚙 Vehicle selecionado: carro_1000

🔄 Agregando viagens por vehicle_id...
  📐 SUMO_carro_1000: Calculando distâncias com Haversine direto (SEM routing API)
      Original: 324 pontos → 3.1629 km (Haversine)
      Offset:   324 pontos → 3.1630 km (Haversine)

🚙 Veículo: SUMO_carro_1000
   Modelo: HBEFA4/PC_petrol_Euro-6ab
   Segmentos: 324
   📏 Distância: 3.166 km (city: 3.024, highway: 0.142)
   ⛽ Combustível: 49.530 l
   🏭 CO2 real: 114414.1 g
   🎯 CO2 meta: 609.4 g
   📊 Delta: -113804.6 g
   💰 Valor E1: R$ -5.6902
   🧭 Tentativas map matching: 0

   🔑 OFFSET DETERMINÍSTICO (x=-0.002205499293773717°, y=-0.00025817044630579956°, max=2.0km):
   📍 Start Original:  (40.775644, -73.960687)
   🔒 Start Protegido: (40.773438, -73.960945) ✓ 0.25 km | ⚠ SEM MAP MATCHING
   📏 Deslocamento final: 246.5 metros
   📍 End Original:    (40.772251, -73.963071)
   🔒 End Protegido:   (40.770045, -73.963329) ✓ 0.25 km | ⚠ SEM MAP MATCHING
   📏 Deslocamento final: 246.5 metros

   📐 ANÁLISE DE DISTÂNCIA DO TRAJETO (HAVERSINE DOS PONTOS ARMAZENADOS):
   🔢 Pontos unicos original/offset: 324/324 (Δ +0, +0.0% )
   📍 Trajeto original: 3.163 km (linha reta entre pontos GPS)
   🔒 Trajeto com offset: 3.163 km (linha reta entre pontos COM snap)
   📊 Diferença: +0.000 km (+0.0%)

======================================================================
📊 ESTATÍSTICAS FINAIS
======================================================================
Viagens processadas: 1
Distância total: 3.17 km
Combustível total: 49.53 l
CO2 real total: 114414.1 g
CO2 meta total: 609.4 g
Delta CO2: -113804.6 g
Valor E1 total: R$ -5.69

💰 Créditos: R$ 0.00
💸 Débitos: R$ 5.69
📈 Saldo líquido: R$ -5.69
======================================================================

💾 Dados agregados salvos em: ../data/offset_batch/vehicles_step_sim_9/run_072.csv
[csv-worker_9] [vehicles_step_sim_9] ===== LOG RUN 072 FIM =====

[csv-worker_9] [vehicles_step_sim_9] ===== LOG RUN 073 INICIO =====
======================================================================
🚗 PROCESSAMENTO SUMO → E1 REGISTRY (OFFSET ALEATÓRIO - veh0)
======================================================================
📄 Entrada: ../data/vehicles_step_sim_9.csv
🏭 Consumo fabricante: 12.0 km/l
💰 Preço carbono: R$ 50.0/ton
⭕ Raio máximo do offset aleatório: 2.0 km
🎲 Offset gerado aleatoriamente:
   Ângulo: 274.3°
   Distância: 0.4898 km
   offset_x (lat): 0.000333°  |  offset_y (lon): -0.004387°
📊 Row stepping: Processando todas as linhas
🗺️  Map matching: DESATIVADO
📐 Cálculo de distância: HAVERSINE PURO dos pontos COM snap (consistência)
======================================================================

📊 Carregando dados SUMO...
   Total de registros no arquivo: 301
   Veículos únicos: 1
   🚙 Vehicle selecionado: carro_1000

🔄 Agregando viagens por vehicle_id...
   Total de registros no arquivo: 131
   Veículos únicos: 1
   🚙 Vehicle selecionado: carro_1000

🔄 Agregando viagens por vehicle_id...
  📐 SUMO_carro_1000: Calculando distâncias com Haversine direto (SEM routing API)
      Original: 300 pontos → 3.1542 km (Haversine)
      Offset:   300 pontos → 3.1542 km (Haversine)

🚙 Veículo: SUMO_carro_1000
   Modelo: HBEFA4/PC_petrol_Euro-6ab
   Segmentos: 300
   📏 Distância: 3.158 km (city: 2.541, highway: 0.617)
   ⛽ Combustível: 49.984 l
   🏭 CO2 real: 115462.6 g
   🎯 CO2 meta: 608.0 g
   📊 Delta: -114854.6 g
   💰 Valor E1: R$ -5.7427
   🧭 Tentativas map matching: 0

   🔑 OFFSET DETERMINÍSTICO (x=-0.003157768441807483°, y=0.0038116830449980996°, max=2.0km):
   📍 Start Original:  (40.775644, -73.960687)
   🔒 Start Protegido: (40.772486, -73.956875) ✓ 0.48 km | ⚠ SEM MAP MATCHING
   📏 Deslocamento final: 476.3 metros
   📍 End Original:    (40.773912, -73.961904)
   🔒 End Protegido:   (40.770755, -73.958092) ✓ 0.48 km | ⚠ SEM MAP MATCHING
   📏 Deslocamento final: 476.3 metros

   📐 ANÁLISE DE DISTÂNCIA DO TRAJETO (HAVERSINE DOS PONTOS ARMAZENADOS):
   🔢 Pontos unicos original/offset: 299/299 (Δ +0, +0.0% )
   📍 Trajeto original: 3.154 km (linha reta entre pontos GPS)
   🔒 Trajeto com offset: 3.154 km (linha reta entre pontos COM snap)
   📊 Diferença: +0.000 km (+0.0%)

======================================================================
📊 ESTATÍSTICAS FINAIS
======================================================================
Viagens processadas: 1
Distância total: 3.16 km
Combustível total: 49.98 l
CO2 real total: 115462.6 g
CO2 meta total: 608.0 g
Delta CO2: -114854.6 g
Valor E1 total: R$ -5.74

💰 Créditos: R$ 0.00
💸 Débitos: R$ 5.74
📈 Saldo líquido: R$ -5.74
======================================================================

💾 Dados agregados salvos em: ../data/offset_batch/vehicles_step_sim_9/run_073.csv
[csv-worker_9] [vehicles_step_sim_9] ===== LOG RUN 073 FIM =====

[csv-worker_9] [vehicles_step_sim_9] ===== LOG RUN 074 INICIO =====
======================================================================
🚗 PROCESSAMENTO SUMO → E1 REGISTRY (OFFSET ALEATÓRIO - veh0)
======================================================================
📄 Entrada: ../data/vehicles_step_sim_9.csv
🏭 Consumo fabricante: 12.0 km/l
💰 Preço carbono: R$ 50.0/ton
⭕ Raio máximo do offset aleatório: 2.0 km
🎲 Offset gerado aleatoriamente:
   Ângulo: 80.4°
   Distância: 1.5597 km
   offset_x (lat): 0.002342°  |  offset_y (lon): 0.013814°
📊 Row stepping: Processando todas as linhas
🗺️  Map matching: DESATIVADO
📐 Cálculo de distância: HAVERSINE PURO dos pontos COM snap (consistência)
======================================================================

📊 Carregando dados SUMO...
   Total de registros no arquivo: 131
   Veículos únicos: 1
   🚙 Vehicle selecionado: carro_1000

🔄 Agregando viagens por vehicle_id...
  📐 SUMO_carro_1000: Calculando distâncias com Haversine direto (SEM routing API)
      Original: 299 pontos → 3.0526 km (Haversine)
      Offset:   299 pontos → 3.0529 km (Haversine)

🚙 Veículo: SUMO_carro_1000
   Modelo: HBEFA4/PC_petrol_Euro-6ab
   Segmentos: 299
   📏 Distância: 3.060 km (city: 3.060, highway: 0.000)
   ⛽ Combustível: 48.384 l
   🏭 CO2 real: 111766.0 g
   🎯 CO2 meta: 589.0 g
   📊 Delta: -111177.0 g
   💰 Valor E1: R$ -5.5588
   🧭 Tentativas map matching: 0

   🔑 OFFSET DETERMINÍSTICO (x=-0.012410352413215642°, y=-0.00321931501656267°, max=2.0km):
   📍 Start Original:  (40.775644, -73.960687)
   🔒 Start Protegido: (40.763233, -73.963906) ✓ 1.41 km | ⚠ SEM MAP MATCHING
   📏 Deslocamento final: 1407.9 metros
   📍 End Original:    (40.774198, -73.961141)
   🔒 End Protegido:   (40.761788, -73.964360) ✓ 1.41 km | ⚠ SEM MAP MATCHING
   📏 Deslocamento final: 1407.9 metros

   📐 ANÁLISE DE DISTÂNCIA DO TRAJETO (HAVERSINE DOS PONTOS ARMAZENADOS):
   🔢 Pontos unicos original/offset: 299/299 (Δ +0, +0.0% )
   📍 Trajeto original: 3.053 km (linha reta entre pontos GPS)
   🔒 Trajeto com offset: 3.053 km (linha reta entre pontos COM snap)
   📊 Diferença: +0.000 km (+0.0%)

======================================================================
📊 ESTATÍSTICAS FINAIS
======================================================================
Viagens processadas: 1
Distância total: 3.06 km
Combustível total: 48.38 l
CO2 real total: 111766.0 g
CO2 meta total: 589.0 g
Delta CO2: -111177.0 g
Valor E1 total: R$ -5.56

💰 Créditos: R$ 0.00
💸 Débitos: R$ 5.56
📈 Saldo líquido: R$ -5.56
======================================================================

💾 Dados agregados salvos em: ../data/offset_batch/vehicles_step_sim_9/run_074.csv
[csv-worker_9] [vehicles_step_sim_9] ===== LOG RUN 074 FIM =====

[csv-worker_9] [vehicles_step_sim_9] ===== LOG RUN 075 INICIO =====
======================================================================
🚗 PROCESSAMENTO SUMO → E1 REGISTRY (OFFSET ALEATÓRIO - veh0)
======================================================================
📄 Entrada: ../data/vehicles_step_sim_9.csv
🏭 Consumo fabricante: 12.0 km/l
💰 Preço carbono: R$ 50.0/ton
⭕ Raio máximo do offset aleatório: 2.0 km
🎲 Offset gerado aleatoriamente:
   Ângulo: 61.5°
   Distância: 0.4166 km
   offset_x (lat): 0.001784°  |  offset_y (lon): 0.003290°
📊 Row stepping: Processando todas as linhas
🗺️  Map matching: DESATIVADO
📐 Cálculo de distância: HAVERSINE PURO dos pontos COM snap (consistência)
======================================================================

📊 Carregando dados SUMO...
   Total de registros no arquivo: 131
   Veículos únicos: 1
   🚙 Vehicle selecionado: carro_1000

🔄 Agregando viagens por vehicle_id...
  📐 SUMO_carro_1000: Calculando distâncias com Haversine direto (SEM routing API)
      Original: 222 pontos → 1.9688 km (Haversine)
      Offset:   222 pontos → 1.9688 km (Haversine)

🚙 Veículo: SUMO_carro_1000
   Modelo: HBEFA4/PC_petrol_Euro-6ab
   Segmentos: 222
   📏 Distância: 1.973 km (city: 1.973, highway: 0.000)
   ⛽ Combustível: 24.219 l
   🏭 CO2 real: 55946.2 g
   🎯 CO2 meta: 379.8 g
   📊 Delta: -55566.4 g
   💰 Valor E1: R$ -2.7783
   🧭 Tentativas map matching: 0

   🔑 OFFSET DETERMINÍSTICO (x=-0.000352398978682734°, y=0.000458066983511156°, max=2.0km):
   📍 Start Original:  (40.775644, -73.960687)
   🔒 Start Protegido: (40.775291, -73.960229) ✓ 0.06 km | ⚠ SEM MAP MATCHING
   📏 Deslocamento final: 55.0 metros
   📍 End Original:    (40.772651, -73.962544)
   🔒 End Protegido:   (40.772299, -73.962086) ✓ 0.06 km | ⚠ SEM MAP MATCHING
   📏 Deslocamento final: 55.0 metros

   📐 ANÁLISE DE DISTÂNCIA DO TRAJETO (HAVERSINE DOS PONTOS ARMAZENADOS):
   🔢 Pontos unicos original/offset: 221/221 (Δ +0, +0.0% )
   📍 Trajeto original: 1.969 km (linha reta entre pontos GPS)
   🔒 Trajeto com offset: 1.969 km (linha reta entre pontos COM snap)
   📊 Diferença: +0.000 km (+0.0%)

======================================================================
📊 ESTATÍSTICAS FINAIS
======================================================================
Viagens processadas: 1
Distância total: 1.97 km
Combustível total: 24.22 l
CO2 real total: 55946.2 g
CO2 meta total: 379.8 g
Delta CO2: -55566.4 g
Valor E1 total: R$ -2.78

💰 Créditos: R$ 0.00
💸 Débitos: R$ 2.78
📈 Saldo líquido: R$ -2.78
======================================================================

💾 Dados agregados salvos em: ../data/offset_batch/vehicles_step_sim_9/run_075.csv
[csv-worker_9] [vehicles_step_sim_9] ===== LOG RUN 075 FIM =====

[csv-worker_9] [vehicles_step_sim_9] ===== LOG RUN 076 INICIO =====
======================================================================
🚗 PROCESSAMENTO SUMO → E1 REGISTRY (OFFSET ALEATÓRIO - veh0)
======================================================================
📄 Entrada: ../data/vehicles_step_sim_9.csv
🏭 Consumo fabricante: 12.0 km/l
💰 Preço carbono: R$ 50.0/ton
⭕ Raio máximo do offset aleatório: 2.0 km
🎲 Offset gerado aleatoriamente:
   Ângulo: 8.5°
   Distância: 0.6566 km
   offset_x (lat): 0.005834°  |  offset_y (lon): 0.000867°
📊 Row stepping: Processando todas as linhas
🗺️  Map matching: DESATIVADO
📐 Cálculo de distância: HAVERSINE PURO dos pontos COM snap (consistência)
======================================================================

📊 Carregando dados SUMO...
   Total de registros no arquivo: 131
   Veículos únicos: 1
   🚙 Vehicle selecionado: carro_1000

🔄 Agregando viagens por vehicle_id...
  📐 SUMO_carro_1000: Calculando distâncias com Haversine direto (SEM routing API)
      Original: 312 pontos → 3.1845 km (Haversine)
      Offset:   312 pontos → 3.1846 km (Haversine)

🚙 Veículo: SUMO_carro_1000
   Modelo: HBEFA4/PC_petrol_Euro-6ab
   Segmentos: 312
   📏 Distância: 3.190 km (city: 2.602, highway: 0.587)
   ⛽ Combustível: 54.577 l
   🏭 CO2 real: 126071.8 g
   🎯 CO2 meta: 614.1 g
   📊 Delta: -125457.8 g
   💰 Valor E1: R$ -6.2729
   🧭 Tentativas map matching: 0

   🔑 OFFSET DETERMINÍSTICO (x=-0.002552950811837513°, y=-0.010044419082207665°, max=2.0km):
   📍 Start Original:  (40.775644, -73.960687)
   🔒 Start Protegido: (40.773091, -73.970731) ✓ 0.89 km | ⚠ SEM MAP MATCHING
   📏 Deslocamento final: 893.2 metros
   📍 End Original:    (40.771637, -73.963520)
   🔒 End Protegido:   (40.769084, -73.973565) ✓ 0.89 km | ⚠ SEM MAP MATCHING
   📏 Deslocamento final: 893.2 metros

   📐 ANÁLISE DE DISTÂNCIA DO TRAJETO (HAVERSINE DOS PONTOS ARMAZENADOS):
   🔢 Pontos unicos original/offset: 312/312 (Δ +0, +0.0% )
   📍 Trajeto original: 3.185 km (linha reta entre pontos GPS)
   🔒 Trajeto com offset: 3.185 km (linha reta entre pontos COM snap)
   📊 Diferença: +0.000 km (+0.0%)

======================================================================
📊 ESTATÍSTICAS FINAIS
======================================================================
Viagens processadas: 1
Distância total: 3.19 km
Combustível total: 54.58 l
CO2 real total: 126071.8 g
CO2 meta total: 614.1 g
Delta CO2: -125457.8 g
Valor E1 total: R$ -6.27

💰 Créditos: R$ 0.00
💸 Débitos: R$ 6.27
📈 Saldo líquido: R$ -6.27
======================================================================

💾 Dados agregados salvos em: ../data/offset_batch/vehicles_step_sim_9/run_076.csv
[csv-worker_9] [vehicles_step_sim_9] ===== LOG RUN 076 FIM =====

[csv-worker_9] [vehicles_step_sim_9] ===== LOG RUN 077 INICIO =====
======================================================================
🚗 PROCESSAMENTO SUMO → E1 REGISTRY (OFFSET ALEATÓRIO - veh0)
======================================================================
📄 Entrada: ../data/vehicles_step_sim_9.csv
🏭 Consumo fabricante: 12.0 km/l
💰 Preço carbono: R$ 50.0/ton
⭕ Raio máximo do offset aleatório: 2.0 km
🎲 Offset gerado aleatoriamente:
   Ângulo: 118.5°
   Distância: 1.8831 km
   offset_x (lat): -0.008080°  |  offset_y (lon): 0.014862°
📊 Row stepping: Processando todas as linhas
🗺️  Map matching: DESATIVADO
📐 Cálculo de distância: HAVERSINE PURO dos pontos COM snap (consistência)
======================================================================

📊 Carregando dados SUMO...
   Total de registros no arquivo: 131
   Veículos únicos: 1
   🚙 Vehicle selecionado: carro_1000

🔄 Agregando viagens por vehicle_id...
  📐 SUMO_carro_1000: Calculando distâncias com Haversine direto (SEM routing API)
      Original: 155 pontos → 1.4242 km (Haversine)
      Offset:   155 pontos → 1.4242 km (Haversine)

🚙 Veículo: SUMO_carro_1000
   Modelo: HBEFA4/PC_petrol_Euro-6ab
   Segmentos: 155
   📏 Distância: 1.424 km (city: 1.424, highway: 0.000)
   ⛽ Combustível: 10.127 l
   🏭 CO2 real: 23393.7 g
   🎯 CO2 meta: 274.2 g
   📊 Delta: -23119.5 g
   💰 Valor E1: R$ -1.1560
   🧭 Tentativas map matching: 0

   🔑 OFFSET DETERMINÍSTICO (x=0.0009570076897045526°, y=0.006064707242636476°, max=2.0km):
   📍 Start Original:  (40.775644, -73.960687)
   🔒 Start Protegido: (40.776601, -73.954622) ✓ 0.52 km | ⚠ SEM MAP MATCHING
   📏 Deslocamento final: 522.2 metros
   📍 End Original:    (40.775671, -73.960433)
   🔒 End Protegido:   (40.776628, -73.954369) ✓ 0.52 km | ⚠ SEM MAP MATCHING
   📏 Deslocamento final: 522.2 metros

   📐 ANÁLISE DE DISTÂNCIA DO TRAJETO (HAVERSINE DOS PONTOS ARMAZENADOS):
   🔢 Pontos unicos original/offset: 155/155 (Δ +0, +0.0% )
   📍 Trajeto original: 1.424 km (linha reta entre pontos GPS)
   🔒 Trajeto com offset: 1.424 km (linha reta entre pontos COM snap)
   📊 Diferença: -0.000 km (-0.0%)

======================================================================
📊 ESTATÍSTICAS FINAIS
======================================================================
Viagens processadas: 1
Distância total: 1.42 km
Combustível total: 10.13 l
CO2 real total: 23393.7 g
CO2 meta total: 274.2 g
Delta CO2: -23119.5 g
Valor E1 total: R$ -1.16

💰 Créditos: R$ 0.00
💸 Débitos: R$ 1.16
📈 Saldo líquido: R$ -1.16
======================================================================

💾 Dados agregados salvos em: ../data/offset_batch/vehicles_step_sim_9/run_077.csv
[csv-worker_9] [vehicles_step_sim_9] ===== LOG RUN 077 FIM =====

[csv-worker_9] [vehicles_step_sim_9] ===== LOG RUN 078 INICIO =====
======================================================================
🚗 PROCESSAMENTO SUMO → E1 REGISTRY (OFFSET ALEATÓRIO - veh0)
======================================================================
📄 Entrada: ../data/vehicles_step_sim_9.csv
🏭 Consumo fabricante: 12.0 km/l
💰 Preço carbono: R$ 50.0/ton
⭕ Raio máximo do offset aleatório: 2.0 km
🎲 Offset gerado aleatoriamente:
   Ângulo: 11.0°
   Distância: 1.3129 km
   offset_x (lat): 0.011578°  |  offset_y (lon): 0.002246°
📊 Row stepping: Processando todas as linhas
🗺️  Map matching: DESATIVADO
📐 Cálculo de distância: HAVERSINE PURO dos pontos COM snap (consistência)
======================================================================

📊 Carregando dados SUMO...
   Total de registros no arquivo: 131
   Veículos únicos: 1
   🚙 Vehicle selecionado: carro_1000

🔄 Agregando viagens por vehicle_id...
  📐 SUMO_carro_1000: Calculando distâncias com Haversine direto (SEM routing API)
      Original: 155 pontos → 1.4242 km (Haversine)
      Offset:   155 pontos → 1.4241 km (Haversine)

🚙 Veículo: SUMO_carro_1000
   Modelo: HBEFA4/PC_petrol_Euro-6ab
   Segmentos: 155
   📏 Distância: 1.424 km (city: 1.424, highway: 0.000)
   ⛽ Combustível: 10.127 l
   🏭 CO2 real: 23393.7 g
   🎯 CO2 meta: 274.2 g
   📊 Delta: -23119.5 g
   💰 Valor E1: R$ -1.1560
   🧭 Tentativas map matching: 0

   🔑 OFFSET DETERMINÍSTICO (x=0.01606653046175109°, y=-0.0014624273688339689°, max=2.0km):
   📍 Start Original:  (40.775644, -73.960687)
   🔒 Start Protegido: (40.791710, -73.962149) ✓ 1.79 km | ⚠ SEM MAP MATCHING
   📏 Deslocamento final: 1792.8 metros
   📍 End Original:    (40.775671, -73.960433)
   🔒 End Protegido:   (40.791738, -73.961896) ✓ 1.79 km | ⚠ SEM MAP MATCHING
   📏 Deslocamento final: 1792.8 metros

   📐 ANÁLISE DE DISTÂNCIA DO TRAJETO (HAVERSINE DOS PONTOS ARMAZENADOS):
   🔢 Pontos unicos original/offset: 155/155 (Δ +0, +0.0% )
   📍 Trajeto original: 1.424 km (linha reta entre pontos GPS)
   🔒 Trajeto com offset: 1.424 km (linha reta entre pontos COM snap)
   📊 Diferença: -0.000 km (-0.0%)

======================================================================
📊 ESTATÍSTICAS FINAIS
======================================================================
Viagens processadas: 1
Distância total: 1.42 km
Combustível total: 10.13 l
CO2 real total: 23393.7 g
CO2 meta total: 274.2 g
Delta CO2: -23119.5 g
Valor E1 total: R$ -1.16

💰 Créditos: R$ 0.00
💸 Débitos: R$ 1.16
📈 Saldo líquido: R$ -1.16
======================================================================

💾 Dados agregados salvos em: ../data/offset_batch/vehicles_step_sim_9/run_078.csv
[csv-worker_9] [vehicles_step_sim_9] ===== LOG RUN 078 FIM =====

[csv-worker_9] [vehicles_step_sim_9] ===== LOG RUN 079 INICIO =====
======================================================================
🚗 PROCESSAMENTO SUMO → E1 REGISTRY (OFFSET ALEATÓRIO - veh0)
======================================================================
📄 Entrada: ../data/vehicles_step_sim_9.csv
🏭 Consumo fabricante: 12.0 km/l
💰 Preço carbono: R$ 50.0/ton
⭕ Raio máximo do offset aleatório: 2.0 km
🎲 Offset gerado aleatoriamente:
   Ângulo: 332.1°
   Distância: 1.5838 km
   offset_x (lat): 0.012574°  |  offset_y (lon): -0.006656°
📊 Row stepping: Processando todas as linhas
🗺️  Map matching: DESATIVADO
📐 Cálculo de distância: HAVERSINE PURO dos pontos COM snap (consistência)
======================================================================

📊 Carregando dados SUMO...
   Total de registros no arquivo: 131
   Veículos únicos: 1
   🚙 Vehicle selecionado: carro_1000

🔄 Agregando viagens por vehicle_id...
  📐 SUMO_carro_1000: Calculando distâncias com Haversine direto (SEM routing API)
      Original: 324 pontos → 3.1629 km (Haversine)
      Offset:   324 pontos → 3.1627 km (Haversine)

🚙 Veículo: SUMO_carro_1000
   Modelo: HBEFA4/PC_petrol_Euro-6ab
   Segmentos: 324
   📏 Distância: 3.166 km (city: 3.024, highway: 0.142)
   ⛽ Combustível: 49.530 l
   🏭 CO2 real: 114414.1 g
   🎯 CO2 meta: 609.4 g
   📊 Delta: -113804.6 g
   💰 Valor E1: R$ -5.6902
   🧭 Tentativas map matching: 0

   🔑 OFFSET DETERMINÍSTICO (x=0.012218500099236728°, y=-0.005676308955711869°, max=2.0km):
   📍 Start Original:  (40.775644, -73.960687)
   🔒 Start Protegido: (40.787862, -73.966363) ✓ 1.44 km | ⚠ SEM MAP MATCHING
   📏 Deslocamento final: 1441.9 metros
   📍 End Original:    (40.772251, -73.963071)
   🔒 End Protegido:   (40.784469, -73.968747) ✓ 1.44 km | ⚠ SEM MAP MATCHING
   📏 Deslocamento final: 1441.9 metros

   📐 ANÁLISE DE DISTÂNCIA DO TRAJETO (HAVERSINE DOS PONTOS ARMAZENADOS):
   🔢 Pontos unicos original/offset: 324/324 (Δ +0, +0.0% )
   📍 Trajeto original: 3.163 km (linha reta entre pontos GPS)
   🔒 Trajeto com offset: 3.163 km (linha reta entre pontos COM snap)
   📊 Diferença: -0.000 km (-0.0%)

======================================================================
📊 ESTATÍSTICAS FINAIS
======================================================================
Viagens processadas: 1
Distância total: 3.17 km
Combustível total: 49.53 l
CO2 real total: 114414.1 g
CO2 meta total: 609.4 g
Delta CO2: -113804.6 g
Valor E1 total: R$ -5.69

💰 Créditos: R$ 0.00
💸 Débitos: R$ 5.69
📈 Saldo líquido: R$ -5.69
======================================================================

💾 Dados agregados salvos em: ../data/offset_batch/vehicles_step_sim_9/run_079.csv
[csv-worker_9] [vehicles_step_sim_9] ===== LOG RUN 079 FIM =====

[csv-worker_9] [vehicles_step_sim_9] ===== LOG RUN 080 INICIO =====
======================================================================
🚗 PROCESSAMENTO SUMO → E1 REGISTRY (OFFSET ALEATÓRIO - veh0)
======================================================================
📄 Entrada: ../data/vehicles_step_sim_9.csv
🏭 Consumo fabricante: 12.0 km/l
💰 Preço carbono: R$ 50.0/ton
⭕ Raio máximo do offset aleatório: 2.0 km
🎲 Offset gerado aleatoriamente:
   Ângulo: 182.8°
   Distância: 0.6879 km
   offset_x (lat): -0.006172°  |  offset_y (lon): -0.000297°
📊 Row stepping: Processando todas as linhas
🗺️  Map matching: DESATIVADO
📐 Cálculo de distância: HAVERSINE PURO dos pontos COM snap (consistência)
======================================================================

📊 Carregando dados SUMO...
   Total de registros no arquivo: 131
   Veículos únicos: 1
   🚙 Vehicle selecionado: carro_1000

🔄 Agregando viagens por vehicle_id...
  📐 SUMO_carro_1000: Calculando distâncias com Haversine direto (SEM routing API)
      Original: 300 pontos → 3.1542 km (Haversine)
      Offset:   300 pontos → 3.1540 km (Haversine)

🚙 Veículo: SUMO_carro_1000
   Modelo: HBEFA4/PC_petrol_Euro-6ab
   Segmentos: 300
   📏 Distância: 3.158 km (city: 2.541, highway: 0.617)
   ⛽ Combustível: 49.984 l
   🏭 CO2 real: 115462.6 g
   🎯 CO2 meta: 608.0 g
   📊 Delta: -114854.6 g
   💰 Valor E1: R$ -5.7427
   🧭 Tentativas map matching: 0

   🔑 OFFSET DETERMINÍSTICO (x=0.00741579616378748°, y=-0.013723335347435457°, max=2.0km):
   📍 Start Original:  (40.775644, -73.960687)
   🔒 Start Protegido: (40.783059, -73.974410) ✓ 1.42 km | ⚠ SEM MAP MATCHING
   📏 Deslocamento final: 1421.2 metros
   📍 End Original:    (40.773912, -73.961904)
   🔒 End Protegido:   (40.781328, -73.975627) ✓ 1.42 km | ⚠ SEM MAP MATCHING
   📏 Deslocamento final: 1421.2 metros

   📐 ANÁLISE DE DISTÂNCIA DO TRAJETO (HAVERSINE DOS PONTOS ARMAZENADOS):
   🔢 Pontos unicos original/offset: 299/299 (Δ +0, +0.0% )
   📍 Trajeto original: 3.154 km (linha reta entre pontos GPS)
   🔒 Trajeto com offset: 3.154 km (linha reta entre pontos COM snap)
   📊 Diferença: -0.000 km (-0.0%)

======================================================================
📊 ESTATÍSTICAS FINAIS
======================================================================
Viagens processadas: 1
Distância total: 3.16 km
Combustível total: 49.98 l
CO2 real total: 115462.6 g
CO2 meta total: 608.0 g
Delta CO2: -114854.6 g
Valor E1 total: R$ -5.74

💰 Créditos: R$ 0.00
💸 Débitos: R$ 5.74
📈 Saldo líquido: R$ -5.74
======================================================================

💾 Dados agregados salvos em: ../data/offset_batch/vehicles_step_sim_9/run_080.csv
[csv-worker_9] [vehicles_step_sim_9] ===== LOG RUN 080 FIM =====

[csv-worker_9] [vehicles_step_sim_9] ===== LOG RUN 081 INICIO =====
======================================================================
🚗 PROCESSAMENTO SUMO → E1 REGISTRY (OFFSET ALEATÓRIO - veh0)
======================================================================
📄 Entrada: ../data/vehicles_step_sim_9.csv
🏭 Consumo fabricante: 12.0 km/l
💰 Preço carbono: R$ 50.0/ton
⭕ Raio máximo do offset aleatório: 2.0 km
🎲 Offset gerado aleatoriamente:
   Ângulo: 119.4°
   Distância: 1.4573 km
   offset_x (lat): -0.006421°  |  offset_y (lon): 0.011408°
📊 Row stepping: Processando todas as linhas
🗺️  Map matching: DESATIVADO
📐 Cálculo de distância: HAVERSINE PURO dos pontos COM snap (consistência)
======================================================================

📊 Carregando dados SUMO...
   Total de registros no arquivo: 131
   Veículos únicos: 1
   🚙 Vehicle selecionado: carro_1000

🔄 Agregando viagens por vehicle_id...
  📐 SUMO_carro_1000: Calculando distâncias com Haversine direto (SEM routing API)
      Original: 323 pontos → 2.9161 km (Haversine)
      Offset:   323 pontos → 2.9162 km (Haversine)

🚙 Veículo: SUMO_carro_1000
   Modelo: HBEFA4/PC_petrol_Euro-6ab
   Segmentos: 323
   📏 Distância: 2.926 km (city: 2.764, highway: 0.161)
   ⛽ Combustível: 54.094 l
   🏭 CO2 real: 124958.0 g
   🎯 CO2 meta: 563.2 g
   📊 Delta: -124394.9 g
   💰 Valor E1: R$ -6.2197
   🧭 Tentativas map matching: 0

   🔑 OFFSET DETERMINÍSTICO (x=-0.008755023455949125°, y=-0.00840910636264506°, max=2.0km):
   📍 Start Original:  (40.775644, -73.960687)
   🔒 Start Protegido: (40.766889, -73.969096) ✓ 1.21 km | ⚠ SEM MAP MATCHING
   📏 Deslocamento final: 1205.1 metros
   📍 End Original:    (40.774046, -73.961617)
   🔒 End Protegido:   (40.765291, -73.970026) ✓ 1.21 km | ⚠ SEM MAP MATCHING
   📏 Deslocamento final: 1205.2 metros

   📐 ANÁLISE DE DISTÂNCIA DO TRAJETO (HAVERSINE DOS PONTOS ARMAZENADOS):
   🔢 Pontos unicos original/offset: 320/320 (Δ +0, +0.0% )
   📍 Trajeto original: 2.916 km (linha reta entre pontos GPS)
   🔒 Trajeto com offset: 2.916 km (linha reta entre pontos COM snap)
   📊 Diferença: +0.000 km (+0.0%)

======================================================================
📊 ESTATÍSTICAS FINAIS
======================================================================
Viagens processadas: 1
Distância total: 2.93 km
Combustível total: 54.09 l
CO2 real total: 124958.0 g
CO2 meta total: 563.2 g
Delta CO2: -124394.9 g
Valor E1 total: R$ -6.22

💰 Créditos: R$ 0.00
💸 Débitos: R$ 6.22
📈 Saldo líquido: R$ -6.22
======================================================================

💾 Dados agregados salvos em: ../data/offset_batch/vehicles_step_sim_9/run_081.csv
[csv-worker_9] [vehicles_step_sim_9] ===== LOG RUN 081 FIM =====

[csv-worker_9] [vehicles_step_sim_9] ===== LOG RUN 082 INICIO =====
======================================================================
🚗 PROCESSAMENTO SUMO → E1 REGISTRY (OFFSET ALEATÓRIO - veh0)
======================================================================
📄 Entrada: ../data/vehicles_step_sim_9.csv
🏭 Consumo fabricante: 12.0 km/l
💰 Preço carbono: R$ 50.0/ton
⭕ Raio máximo do offset aleatório: 2.0 km
🎲 Offset gerado aleatoriamente:
   Ângulo: 300.9°
   Distância: 1.2712 km
   offset_x (lat): 0.005868°  |  offset_y (lon): -0.009797°
📊 Row stepping: Processando todas as linhas
🗺️  Map matching: DESATIVADO
📐 Cálculo de distância: HAVERSINE PURO dos pontos COM snap (consistência)
======================================================================

📊 Carregando dados SUMO...
   Total de registros no arquivo: 131
   Veículos únicos: 1
   🚙 Vehicle selecionado: carro_1000

🔄 Agregando viagens por vehicle_id...
  📐 SUMO_carro_1000: Calculando distâncias com Haversine direto (SEM routing API)
      Original: 337 pontos → 3.3706 km (Haversine)
      Offset:   337 pontos → 3.3704 km (Haversine)

🚙 Veículo: SUMO_carro_1000
   Modelo: HBEFA4/PC_petrol_Euro-6ab
   Segmentos: 337
   📏 Distância: 3.379 km (city: 3.069, highway: 0.310)
   ⛽ Combustível: 58.616 l
   🏭 CO2 real: 135402.3 g
   🎯 CO2 meta: 650.5 g
   📊 Delta: -134751.8 g
   💰 Valor E1: R$ -6.7376
   🧭 Tentativas map matching: 0

   🔑 OFFSET DETERMINÍSTICO (x=0.007525203058070049°, y=-0.007867774731209443°, max=2.0km):
   📍 Start Original:  (40.775644, -73.960687)
   🔒 Start Protegido: (40.783169, -73.968555) ✓ 1.07 km | ⚠ SEM MAP MATCHING
   📏 Deslocamento final: 1068.5 metros
   📍 End Original:    (40.774801, -73.960637)
   🔒 End Protegido:   (40.782327, -73.968505) ✓ 1.07 km | ⚠ SEM MAP MATCHING
   📏 Deslocamento final: 1068.5 metros

   📐 ANÁLISE DE DISTÂNCIA DO TRAJETO (HAVERSINE DOS PONTOS ARMAZENADOS):
   🔢 Pontos unicos original/offset: 337/337 (Δ +0, +0.0% )
   📍 Trajeto original: 3.371 km (linha reta entre pontos GPS)
   🔒 Trajeto com offset: 3.370 km (linha reta entre pontos COM snap)
   📊 Diferença: -0.000 km (-0.0%)

======================================================================
📊 ESTATÍSTICAS FINAIS
======================================================================
Viagens processadas: 1
Distância total: 3.38 km
Combustível total: 58.62 l
CO2 real total: 135402.3 g
CO2 meta total: 650.5 g
Delta CO2: -134751.8 g
Valor E1 total: R$ -6.74

💰 Créditos: R$ 0.00
💸 Débitos: R$ 6.74
📈 Saldo líquido: R$ -6.74
======================================================================

💾 Dados agregados salvos em: ../data/offset_batch/vehicles_step_sim_9/run_082.csv
[csv-worker_9] [vehicles_step_sim_9] ===== LOG RUN 082 FIM =====

[csv-worker_9] [vehicles_step_sim_9] ===== LOG RUN 083 INICIO =====
======================================================================
🚗 PROCESSAMENTO SUMO → E1 REGISTRY (OFFSET ALEATÓRIO - veh0)
======================================================================
📄 Entrada: ../data/vehicles_step_sim_9.csv
🏭 Consumo fabricante: 12.0 km/l
💰 Preço carbono: R$ 50.0/ton
⭕ Raio máximo do offset aleatório: 2.0 km
🎲 Offset gerado aleatoriamente:
   Ângulo: 194.0°
   Distância: 1.9754 km
   offset_x (lat): -0.017214°  |  offset_y (lon): -0.004307°
📊 Row stepping: Processando todas as linhas
🗺️  Map matching: DESATIVADO
📐 Cálculo de distância: HAVERSINE PURO dos pontos COM snap (consistência)
======================================================================

📊 Carregando dados SUMO...
   Total de registros no arquivo: 131
   Veículos únicos: 1
   🚙 Vehicle selecionado: carro_1000

🔄 Agregando viagens por vehicle_id...
  📐 SUMO_carro_1000: Calculando distâncias com Haversine direto (SEM routing API)
      Original: 299 pontos → 3.0526 km (Haversine)
      Offset:   299 pontos → 3.0526 km (Haversine)

🚙 Veículo: SUMO_carro_1000
   Modelo: HBEFA4/PC_petrol_Euro-6ab
   Segmentos: 299
   📏 Distância: 3.060 km (city: 3.060, highway: 0.000)
   ⛽ Combustível: 48.384 l
   🏭 CO2 real: 111766.0 g
   🎯 CO2 meta: 589.0 g
   📊 Delta: -111177.0 g
   💰 Valor E1: R$ -5.5588
   🧭 Tentativas map matching: 0

   🔑 OFFSET DETERMINÍSTICO (x=-0.0003251078569878386°, y=-0.017261030938818454°, max=2.0km):
   📍 Start Original:  (40.775644, -73.960687)
   🔒 Start Protegido: (40.775318, -73.977948) ✓ 1.46 km | ⚠ SEM MAP MATCHING
   📏 Deslocamento final: 1455.5 metros
   📍 End Original:    (40.774198, -73.961141)
   🔒 End Protegido:   (40.773873, -73.978402) ✓ 1.46 km | ⚠ SEM MAP MATCHING
   📏 Deslocamento final: 1455.6 metros

   📐 ANÁLISE DE DISTÂNCIA DO TRAJETO (HAVERSINE DOS PONTOS ARMAZENADOS):
   🔢 Pontos unicos original/offset: 299/299 (Δ +0, +0.0% )
   📍 Trajeto original: 3.053 km (linha reta entre pontos GPS)
   🔒 Trajeto com offset: 3.053 km (linha reta entre pontos COM snap)
   📊 Diferença: +0.000 km (+0.0%)

======================================================================
📊 ESTATÍSTICAS FINAIS
======================================================================
Viagens processadas: 1
Distância total: 3.06 km
Combustível total: 48.38 l
CO2 real total: 111766.0 g
CO2 meta total: 589.0 g
Delta CO2: -111177.0 g
Valor E1 total: R$ -5.56

💰 Créditos: R$ 0.00
💸 Débitos: R$ 5.56
📈 Saldo líquido: R$ -5.56
======================================================================

💾 Dados agregados salvos em: ../data/offset_batch/vehicles_step_sim_9/run_083.csv
[csv-worker_9] [vehicles_step_sim_9] ===== LOG RUN 083 FIM =====

[csv-worker_9] [vehicles_step_sim_9] ===== LOG RUN 084 INICIO =====
======================================================================
🚗 PROCESSAMENTO SUMO → E1 REGISTRY (OFFSET ALEATÓRIO - veh0)
======================================================================
📄 Entrada: ../data/vehicles_step_sim_9.csv
🏭 Consumo fabricante: 12.0 km/l
💰 Preço carbono: R$ 50.0/ton
⭕ Raio máximo do offset aleatório: 2.0 km
🎲 Offset gerado aleatoriamente:
   Ângulo: 253.4°
   Distância: 0.6919 km
   offset_x (lat): -0.001771°  |  offset_y (lon): -0.005958°
📊 Row stepping: Processando todas as linhas
🗺️  Map matching: DESATIVADO
📐 Cálculo de distância: HAVERSINE PURO dos pontos COM snap (consistência)
======================================================================

📊 Carregando dados SUMO...
   Total de registros no arquivo: 131
   Veículos únicos: 1
   🚙 Vehicle selecionado: carro_1000

🔄 Agregando viagens por vehicle_id...
  📐 SUMO_carro_1000: Calculando distâncias com Haversine direto (SEM routing API)
      Original: 324 pontos → 3.1629 km (Haversine)
      Offset:   324 pontos → 3.1629 km (Haversine)

🚙 Veículo: SUMO_carro_1000
   Modelo: HBEFA4/PC_petrol_Euro-6ab
   Segmentos: 324
   📏 Distância: 3.166 km (city: 3.024, highway: 0.142)
   ⛽ Combustível: 49.530 l
   🏭 CO2 real: 114414.1 g
   🎯 CO2 meta: 609.4 g
   📊 Delta: -113804.6 g
   💰 Valor E1: R$ -5.6902
   🧭 Tentativas map matching: 0

   🔑 OFFSET DETERMINÍSTICO (x=0.00021645841106473482°, y=-0.0060924436773339774°, max=2.0km):
   📍 Start Original:  (40.775644, -73.960687)
   🔒 Start Protegido: (40.775860, -73.966779) ✓ 0.51 km | ⚠ SEM MAP MATCHING
   📏 Deslocamento final: 514.2 metros
   📍 End Original:    (40.772251, -73.963071)
   🔒 End Protegido:   (40.772467, -73.969163) ✓ 0.51 km | ⚠ SEM MAP MATCHING
   📏 Deslocamento final: 514.2 metros

   📐 ANÁLISE DE DISTÂNCIA DO TRAJETO (HAVERSINE DOS PONTOS ARMAZENADOS):
   🔢 Pontos unicos original/offset: 324/324 (Δ +0, +0.0% )
   📍 Trajeto original: 3.163 km (linha reta entre pontos GPS)
   🔒 Trajeto com offset: 3.163 km (linha reta entre pontos COM snap)
   📊 Diferença: -0.000 km (-0.0%)

======================================================================
📊 ESTATÍSTICAS FINAIS
======================================================================
Viagens processadas: 1
Distância total: 3.17 km
Combustível total: 49.53 l
CO2 real total: 114414.1 g
CO2 meta total: 609.4 g
Delta CO2: -113804.6 g
Valor E1 total: R$ -5.69

💰 Créditos: R$ 0.00
💸 Débitos: R$ 5.69
📈 Saldo líquido: R$ -5.69
======================================================================

💾 Dados agregados salvos em: ../data/offset_batch/vehicles_step_sim_9/run_084.csv
[csv-worker_9] [vehicles_step_sim_9] ===== LOG RUN 084 FIM =====

[csv-worker_9] [vehicles_step_sim_9] ===== LOG RUN 085 INICIO =====
======================================================================
🚗 PROCESSAMENTO SUMO → E1 REGISTRY (OFFSET ALEATÓRIO - veh0)
======================================================================
📄 Entrada: ../data/vehicles_step_sim_9.csv
🏭 Consumo fabricante: 12.0 km/l
💰 Preço carbono: R$ 50.0/ton
⭕ Raio máximo do offset aleatório: 2.0 km
🎲 Offset gerado aleatoriamente:
   Ângulo: 145.0°
   Distância: 0.9083 km
   offset_x (lat): -0.006686°  |  offset_y (lon): 0.004677°
📊 Row stepping: Processando todas as linhas
🗺️  Map matching: DESATIVADO
📐 Cálculo de distância: HAVERSINE PURO dos pontos COM snap (consistência)
======================================================================

📊 Carregando dados SUMO...
   Total de registros no arquivo: 131
   Veículos únicos: 1
   🚙 Vehicle selecionado: carro_1000

🔄 Agregando viagens por vehicle_id...
  📐 SUMO_carro_1000: Calculando distâncias com Haversine direto (SEM routing API)
      Original: 222 pontos → 1.9688 km (Haversine)
      Offset:   222 pontos → 1.9688 km (Haversine)

🚙 Veículo: SUMO_carro_1000
   Modelo: HBEFA4/PC_petrol_Euro-6ab
   Segmentos: 222
   📏 Distância: 1.973 km (city: 1.973, highway: 0.000)
   ⛽ Combustível: 24.219 l
   🏭 CO2 real: 55946.2 g
   🎯 CO2 meta: 379.8 g
   📊 Delta: -55566.4 g
   💰 Valor E1: R$ -2.7783
   🧭 Tentativas map matching: 0

   🔑 OFFSET DETERMINÍSTICO (x=-0.004112080360570949°, y=-0.013306176599002701°, max=2.0km):
   📍 Start Original:  (40.775644, -73.960687)
   🔒 Start Protegido: (40.771532, -73.973993) ✓ 1.21 km | ⚠ SEM MAP MATCHING
   📏 Deslocamento final: 1211.5 metros
   📍 End Original:    (40.772651, -73.962544)
   🔒 End Protegido:   (40.768539, -73.975851) ✓ 1.21 km | ⚠ SEM MAP MATCHING
   📏 Deslocamento final: 1211.6 metros

   📐 ANÁLISE DE DISTÂNCIA DO TRAJETO (HAVERSINE DOS PONTOS ARMAZENADOS):
   🔢 Pontos unicos original/offset: 221/221 (Δ +0, +0.0% )
   📍 Trajeto original: 1.969 km (linha reta entre pontos GPS)
   🔒 Trajeto com offset: 1.969 km (linha reta entre pontos COM snap)
   📊 Diferença: +0.000 km (+0.0%)

======================================================================
📊 ESTATÍSTICAS FINAIS
======================================================================
Viagens processadas: 1
Distância total: 1.97 km
Combustível total: 24.22 l
CO2 real total: 55946.2 g
CO2 meta total: 379.8 g
Delta CO2: -55566.4 g
Valor E1 total: R$ -2.78

💰 Créditos: R$ 0.00
💸 Débitos: R$ 2.78
📈 Saldo líquido: R$ -2.78
======================================================================

💾 Dados agregados salvos em: ../data/offset_batch/vehicles_step_sim_9/run_085.csv
[csv-worker_9] [vehicles_step_sim_9] ===== LOG RUN 085 FIM =====

[csv-worker_9] [vehicles_step_sim_9] ===== LOG RUN 086 INICIO =====
======================================================================
🚗 PROCESSAMENTO SUMO → E1 REGISTRY (OFFSET ALEATÓRIO - veh0)
======================================================================
📄 Entrada: ../data/vehicles_step_sim_9.csv
🏭 Consumo fabricante: 12.0 km/l
💰 Preço carbono: R$ 50.0/ton
⭕ Raio máximo do offset aleatório: 2.0 km
🎲 Offset gerado aleatoriamente:
   Ângulo: 147.0°
   Distância: 1.4698 km
   offset_x (lat): -0.011075°  |  offset_y (lon): 0.007188°
📊 Row stepping: Processando todas as linhas
🗺️  Map matching: DESATIVADO
📐 Cálculo de distância: HAVERSINE PURO dos pontos COM snap (consistência)
======================================================================

📊 Carregando dados SUMO...
   Total de registros no arquivo: 131
   Veículos únicos: 1
   🚙 Vehicle selecionado: carro_1000

🔄 Agregando viagens por vehicle_id...
  📐 SUMO_carro_1000: Calculando distâncias com Haversine direto (SEM routing API)
      Original: 155 pontos → 1.4242 km (Haversine)
      Offset:   155 pontos → 1.4243 km (Haversine)

🚙 Veículo: SUMO_carro_1000
   Modelo: HBEFA4/PC_petrol_Euro-6ab
   Segmentos: 155
   📏 Distância: 1.424 km (city: 1.424, highway: 0.000)
   ⛽ Combustível: 10.127 l
   🏭 CO2 real: 23393.7 g
   🎯 CO2 meta: 274.2 g
   📊 Delta: -23119.5 g
   💰 Valor E1: R$ -1.1560
   🧭 Tentativas map matching: 0

   🔑 OFFSET DETERMINÍSTICO (x=-0.006357030028022027°, y=-0.00296201804511868°, max=2.0km):
   📍 Start Original:  (40.775644, -73.960687)
   🔒 Start Protegido: (40.769287, -73.963649) ✓ 0.75 km | ⚠ SEM MAP MATCHING
   📏 Deslocamento final: 750.4 metros
   📍 End Original:    (40.775671, -73.960433)
   🔒 End Protegido:   (40.769314, -73.963395) ✓ 0.75 km | ⚠ SEM MAP MATCHING
   📏 Deslocamento final: 750.4 metros

   📐 ANÁLISE DE DISTÂNCIA DO TRAJETO (HAVERSINE DOS PONTOS ARMAZENADOS):
   🔢 Pontos unicos original/offset: 155/155 (Δ +0, +0.0% )
   📍 Trajeto original: 1.424 km (linha reta entre pontos GPS)
   🔒 Trajeto com offset: 1.424 km (linha reta entre pontos COM snap)
   📊 Diferença: +0.000 km (+0.0%)

======================================================================
📊 ESTATÍSTICAS FINAIS
======================================================================
Viagens processadas: 1
Distância total: 1.42 km
Combustível total: 10.13 l
CO2 real total: 23393.7 g
CO2 meta total: 274.2 g
Delta CO2: -23119.5 g
Valor E1 total: R$ -1.16

💰 Créditos: R$ 0.00
💸 Débitos: R$ 1.16
📈 Saldo líquido: R$ -1.16
======================================================================

💾 Dados agregados salvos em: ../data/offset_batch/vehicles_step_sim_9/run_086.csv
[csv-worker_9] [vehicles_step_sim_9] ===== LOG RUN 086 FIM =====

[csv-worker_9] [vehicles_step_sim_9] ===== LOG RUN 087 INICIO =====
======================================================================
🚗 PROCESSAMENTO SUMO → E1 REGISTRY (OFFSET ALEATÓRIO - veh0)
======================================================================
📄 Entrada: ../data/vehicles_step_sim_9.csv
🏭 Consumo fabricante: 12.0 km/l
💰 Preço carbono: R$ 50.0/ton
⭕ Raio máximo do offset aleatório: 2.0 km
🎲 Offset gerado aleatoriamente:
   Ângulo: 116.1°
   Distância: 1.1802 km
   offset_x (lat): -0.004667°  |  offset_y (lon): 0.009519°
📊 Row stepping: Processando todas as linhas
🗺️  Map matching: DESATIVADO
📐 Cálculo de distância: HAVERSINE PURO dos pontos COM snap (consistência)
======================================================================

📊 Carregando dados SUMO...
   Total de registros no arquivo: 131
   Veículos únicos: 1
   🚙 Vehicle selecionado: carro_1000

🔄 Agregando viagens por vehicle_id...
  📐 SUMO_carro_1000: Calculando distâncias com Haversine direto (SEM routing API)
      Original: 337 pontos → 3.3706 km (Haversine)
      Offset:   337 pontos → 3.3705 km (Haversine)

🚙 Veículo: SUMO_carro_1000
   Modelo: HBEFA4/PC_petrol_Euro-6ab
   Segmentos: 337
   📏 Distância: 3.379 km (city: 3.069, highway: 0.310)
   ⛽ Combustível: 58.616 l
   🏭 CO2 real: 135402.3 g
   🎯 CO2 meta: 650.5 g
   📊 Delta: -134751.8 g
   💰 Valor E1: R$ -6.7376
   🧭 Tentativas map matching: 0

   🔑 OFFSET DETERMINÍSTICO (x=0.005149201455734407°, y=0.00017284657702974247°, max=2.0km):
   📍 Start Original:  (40.775644, -73.960687)
   🔒 Start Protegido: (40.780793, -73.960514) ✓ 0.57 km | ⚠ SEM MAP MATCHING
   📏 Deslocamento final: 573.4 metros
   📍 End Original:    (40.774801, -73.960637)
   🔒 End Protegido:   (40.779951, -73.960464) ✓ 0.57 km | ⚠ SEM MAP MATCHING
   📏 Deslocamento final: 573.4 metros

   📐 ANÁLISE DE DISTÂNCIA DO TRAJETO (HAVERSINE DOS PONTOS ARMAZENADOS):
   🔢 Pontos unicos original/offset: 337/337 (Δ +0, +0.0% )
   📍 Trajeto original: 3.371 km (linha reta entre pontos GPS)
   🔒 Trajeto com offset: 3.370 km (linha reta entre pontos COM snap)
   📊 Diferença: -0.000 km (-0.0%)

======================================================================
📊 ESTATÍSTICAS FINAIS
======================================================================
Viagens processadas: 1
Distância total: 3.38 km
Combustível total: 58.62 l
CO2 real total: 135402.3 g
CO2 meta total: 650.5 g
Delta CO2: -134751.8 g
Valor E1 total: R$ -6.74

💰 Créditos: R$ 0.00
💸 Débitos: R$ 6.74
📈 Saldo líquido: R$ -6.74
======================================================================

💾 Dados agregados salvos em: ../data/offset_batch/vehicles_step_sim_9/run_087.csv
[csv-worker_9] [vehicles_step_sim_9] ===== LOG RUN 087 FIM =====

[csv-worker_9] [vehicles_step_sim_9] ===== LOG RUN 088 INICIO =====
======================================================================
🚗 PROCESSAMENTO SUMO → E1 REGISTRY (OFFSET ALEATÓRIO - veh0)
======================================================================
📄 Entrada: ../data/vehicles_step_sim_9.csv
🏭 Consumo fabricante: 12.0 km/l
💰 Preço carbono: R$ 50.0/ton
⭕ Raio máximo do offset aleatório: 2.0 km
🎲 Offset gerado aleatoriamente:
   Ângulo: 153.3°
   Distância: 1.6046 km
   offset_x (lat): -0.012879°  |  offset_y (lon): 0.006474°
📊 Row stepping: Processando todas as linhas
🗺️  Map matching: DESATIVADO
📐 Cálculo de distância: HAVERSINE PURO dos pontos COM snap (consistência)
======================================================================

📊 Carregando dados SUMO...
   Total de registros no arquivo: 131
   Veículos únicos: 1
   🚙 Vehicle selecionado: carro_1000

🔄 Agregando viagens por vehicle_id...
  📐 SUMO_carro_1000: Calculando distâncias com Haversine direto (SEM routing API)
      Original: 323 pontos → 2.9161 km (Haversine)
      Offset:   323 pontos → 2.9161 km (Haversine)

🚙 Veículo: SUMO_carro_1000
   Modelo: HBEFA4/PC_petrol_Euro-6ab
   Segmentos: 323
   📏 Distância: 2.926 km (city: 2.764, highway: 0.161)
   ⛽ Combustível: 54.094 l
   🏭 CO2 real: 124958.0 g
   🎯 CO2 meta: 563.2 g
   📊 Delta: -124394.9 g
   💰 Valor E1: R$ -6.2197
   🧭 Tentativas map matching: 0

   🔑 OFFSET DETERMINÍSTICO (x=-0.0008690574886358376°, y=-0.012164555844604963°, max=2.0km):
   📍 Start Original:  (40.775644, -73.960687)
   🔒 Start Protegido: (40.774775, -73.972852) ✓ 1.03 km | ⚠ SEM MAP MATCHING
   📏 Deslocamento final: 1030.0 metros
   📍 End Original:    (40.774046, -73.961617)
   🔒 End Protegido:   (40.773177, -73.973782) ✓ 1.03 km | ⚠ SEM MAP MATCHING
   📏 Deslocamento final: 1030.0 metros

   📐 ANÁLISE DE DISTÂNCIA DO TRAJETO (HAVERSINE DOS PONTOS ARMAZENADOS):
   🔢 Pontos unicos original/offset: 320/320 (Δ +0, +0.0% )
   📍 Trajeto original: 2.916 km (linha reta entre pontos GPS)
   🔒 Trajeto com offset: 2.916 km (linha reta entre pontos COM snap)
   📊 Diferença: +0.000 km (+0.0%)

======================================================================
📊 ESTATÍSTICAS FINAIS
======================================================================
Viagens processadas: 1
Distância total: 2.93 km
Combustível total: 54.09 l
CO2 real total: 124958.0 g
CO2 meta total: 563.2 g
Delta CO2: -124394.9 g
Valor E1 total: R$ -6.22

💰 Créditos: R$ 0.00
💸 Débitos: R$ 6.22
📈 Saldo líquido: R$ -6.22
======================================================================

💾 Dados agregados salvos em: ../data/offset_batch/vehicles_step_sim_9/run_088.csv
[csv-worker_9] [vehicles_step_sim_9] ===== LOG RUN 088 FIM =====

[csv-worker_9] [vehicles_step_sim_9] ===== LOG RUN 089 INICIO =====
======================================================================
🚗 PROCESSAMENTO SUMO → E1 REGISTRY (OFFSET ALEATÓRIO - veh0)
======================================================================
📄 Entrada: ../data/vehicles_step_sim_9.csv
🏭 Consumo fabricante: 12.0 km/l
💰 Preço carbono: R$ 50.0/ton
⭕ Raio máximo do offset aleatório: 2.0 km
🎲 Offset gerado aleatoriamente:
   Ângulo: 285.7°
   Distância: 0.8634 km
   offset_x (lat): 0.002103°  |  offset_y (lon): -0.007466°
📊 Row stepping: Processando todas as linhas
🗺️  Map matching: DESATIVADO
📐 Cálculo de distância: HAVERSINE PURO dos pontos COM snap (consistência)
======================================================================

📊 Carregando dados SUMO...
   Total de registros no arquivo: 131
   Veículos únicos: 1
   🚙 Vehicle selecionado: carro_1000

🔄 Agregando viagens por vehicle_id...
  📐 SUMO_carro_1000: Calculando distâncias com Haversine direto (SEM routing API)
      Original: 300 pontos → 3.1542 km (Haversine)
      Offset:   300 pontos → 3.1544 km (Haversine)

🚙 Veículo: SUMO_carro_1000
   Modelo: HBEFA4/PC_petrol_Euro-6ab
   Segmentos: 300
   📏 Distância: 3.158 km (city: 2.541, highway: 0.617)
   ⛽ Combustível: 49.984 l
   🏭 CO2 real: 115462.6 g
   🎯 CO2 meta: 608.0 g
   📊 Delta: -114854.6 g
   💰 Valor E1: R$ -5.7427
   🧭 Tentativas map matching: 0

   🔑 OFFSET DETERMINÍSTICO (x=-0.008785102955680461°, y=0.0015341860858712815°, max=2.0km):
   📍 Start Original:  (40.775644, -73.960687)
   🔒 Start Protegido: (40.766859, -73.959153) ✓ 0.99 km | ⚠ SEM MAP MATCHING
   📏 Deslocamento final: 986.5 metros
   📍 End Original:    (40.773912, -73.961904)
   🔒 End Protegido:   (40.765127, -73.960370) ✓ 0.99 km | ⚠ SEM MAP MATCHING
   📏 Deslocamento final: 986.5 metros

   📐 ANÁLISE DE DISTÂNCIA DO TRAJETO (HAVERSINE DOS PONTOS ARMAZENADOS):
   🔢 Pontos unicos original/offset: 299/299 (Δ +0, +0.0% )
   📍 Trajeto original: 3.154 km (linha reta entre pontos GPS)
   🔒 Trajeto com offset: 3.154 km (linha reta entre pontos COM snap)
   📊 Diferença: +0.000 km (+0.0%)

======================================================================
📊 ESTATÍSTICAS FINAIS
======================================================================
Viagens processadas: 1
Distância total: 3.16 km
Combustível total: 49.98 l
CO2 real total: 115462.6 g
CO2 meta total: 608.0 g
Delta CO2: -114854.6 g
Valor E1 total: R$ -5.74

💰 Créditos: R$ 0.00
💸 Débitos: R$ 5.74
📈 Saldo líquido: R$ -5.74
======================================================================

💾 Dados agregados salvos em: ../data/offset_batch/vehicles_step_sim_9/run_089.csv
[csv-worker_9] [vehicles_step_sim_9] ===== LOG RUN 089 FIM =====

[csv-worker_9] [vehicles_step_sim_9] ===== LOG RUN 090 INICIO =====
======================================================================
🚗 PROCESSAMENTO SUMO → E1 REGISTRY (OFFSET ALEATÓRIO - veh0)
======================================================================
📄 Entrada: ../data/vehicles_step_sim_9.csv
🏭 Consumo fabricante: 12.0 km/l
💰 Preço carbono: R$ 50.0/ton
⭕ Raio máximo do offset aleatório: 2.0 km
🎲 Offset gerado aleatoriamente:
   Ângulo: 50.1°
   Distância: 1.0683 km
   offset_x (lat): 0.006157°  |  offset_y (lon): 0.007362°
📊 Row stepping: Processando todas as linhas
🗺️  Map matching: DESATIVADO
📐 Cálculo de distância: HAVERSINE PURO dos pontos COM snap (consistência)
======================================================================

📊 Carregando dados SUMO...
   Total de registros no arquivo: 131
   Veículos únicos: 1
   🚙 Vehicle selecionado: carro_1000

🔄 Agregando viagens por vehicle_id...
   Total de registros no arquivo: 299
   Veículos únicos: 1
   🚙 Vehicle selecionado: carro_1000

🔄 Agregando viagens por vehicle_id...
  📐 SUMO_carro_1000: Calculando distâncias com Haversine direto (SEM routing API)
      Original: 155 pontos → 1.4242 km (Haversine)
      Offset:   155 pontos → 1.4242 km (Haversine)

🚙 Veículo: SUMO_carro_1000
   Modelo: HBEFA4/PC_petrol_Euro-6ab
   Segmentos: 155
   📏 Distância: 1.424 km (city: 1.424, highway: 0.000)
   ⛽ Combustível: 10.127 l
   🏭 CO2 real: 23393.7 g
   🎯 CO2 meta: 274.2 g
   📊 Delta: -23119.5 g
   💰 Valor E1: R$ -1.1560
   🧭 Tentativas map matching: 0

   🔑 OFFSET DETERMINÍSTICO (x=0.00032656781954029115°, y=0.008074606333974981°, max=2.0km):
   📍 Start Original:  (40.775644, -73.960687)
   🔒 Start Protegido: (40.775970, -73.952612) ✓ 0.68 km | ⚠ SEM MAP MATCHING
   📏 Deslocamento final: 681.7 metros
   📍 End Original:    (40.775671, -73.960433)
   🔒 End Protegido:   (40.775998, -73.952359) ✓ 0.68 km | ⚠ SEM MAP MATCHING
   📏 Deslocamento final: 681.7 metros

   📐 ANÁLISE DE DISTÂNCIA DO TRAJETO (HAVERSINE DOS PONTOS ARMAZENADOS):
   🔢 Pontos unicos original/offset: 155/155 (Δ +0, +0.0% )
   📍 Trajeto original: 1.424 km (linha reta entre pontos GPS)
   🔒 Trajeto com offset: 1.424 km (linha reta entre pontos COM snap)
   📊 Diferença: -0.000 km (-0.0%)

======================================================================
📊 ESTATÍSTICAS FINAIS
======================================================================
Viagens processadas: 1
Distância total: 1.42 km
Combustível total: 10.13 l
CO2 real total: 23393.7 g
CO2 meta total: 274.2 g
Delta CO2: -23119.5 g
Valor E1 total: R$ -1.16

💰 Créditos: R$ 0.00
💸 Débitos: R$ 1.16
📈 Saldo líquido: R$ -1.16
======================================================================

💾 Dados agregados salvos em: ../data/offset_batch/vehicles_step_sim_9/run_090.csv
[csv-worker_9] [vehicles_step_sim_9] ===== LOG RUN 090 FIM =====

[csv-worker_9] [vehicles_step_sim_9] ===== LOG RUN 091 INICIO =====
======================================================================
🚗 PROCESSAMENTO SUMO → E1 REGISTRY (OFFSET ALEATÓRIO - veh0)
======================================================================
📄 Entrada: ../data/vehicles_step_sim_9.csv
🏭 Consumo fabricante: 12.0 km/l
💰 Preço carbono: R$ 50.0/ton
⭕ Raio máximo do offset aleatório: 2.0 km
🎲 Offset gerado aleatoriamente:
   Ângulo: 340.2°
   Distância: 1.2129 km
   offset_x (lat): 0.010251°  |  offset_y (lon): -0.003692°
📊 Row stepping: Processando todas as linhas
🗺️  Map matching: DESATIVADO
📐 Cálculo de distância: HAVERSINE PURO dos pontos COM snap (consistência)
======================================================================

📊 Carregando dados SUMO...
   Total de registros no arquivo: 131
   Veículos únicos: 1
   🚙 Vehicle selecionado: carro_1000

🔄 Agregando viagens por vehicle_id...
  📐 SUMO_carro_1000: Calculando distâncias com Haversine direto (SEM routing API)
      Original: 301 pontos → 3.1480 km (Haversine)
      Offset:   301 pontos → 3.1478 km (Haversine)

🚙 Veículo: SUMO_carro_1000
   Modelo: HBEFA4/PC_petrol_Euro-6ab
   Segmentos: 301
   📏 Distância: 3.159 km (city: 3.020, highway: 0.139)
   ⛽ Combustível: 51.224 l
   🏭 CO2 real: 118326.7 g
   🎯 CO2 meta: 608.1 g
   📊 Delta: -117718.6 g
   💰 Valor E1: R$ -5.8859
   🧭 Tentativas map matching: 0

   🔑 OFFSET DETERMINÍSTICO (x=0.006936937485799857°, y=-0.0029831351993232632°, max=2.0km):
   📍 Start Original:  (40.775644, -73.960687)
   🔒 Start Protegido: (40.782581, -73.963670) ✓ 0.81 km | ⚠ SEM MAP MATCHING
   📏 Deslocamento final: 812.1 metros
   📍 End Original:    (40.771236, -73.963813)
   🔒 End Protegido:   (40.778173, -73.966796) ✓ 0.81 km | ⚠ SEM MAP MATCHING
   📏 Deslocamento final: 812.1 metros

   📐 ANÁLISE DE DISTÂNCIA DO TRAJETO (HAVERSINE DOS PONTOS ARMAZENADOS):
   🔢 Pontos unicos original/offset: 301/301 (Δ +0, +0.0% )
   📍 Trajeto original: 3.148 km (linha reta entre pontos GPS)
   🔒 Trajeto com offset: 3.148 km (linha reta entre pontos COM snap)
   📊 Diferença: -0.000 km (-0.0%)

======================================================================
📊 ESTATÍSTICAS FINAIS
======================================================================
Viagens processadas: 1
Distância total: 3.16 km
Combustível total: 51.22 l
CO2 real total: 118326.7 g
CO2 meta total: 608.1 g
Delta CO2: -117718.6 g
Valor E1 total: R$ -5.89

💰 Créditos: R$ 0.00
💸 Débitos: R$ 5.89
📈 Saldo líquido: R$ -5.89
======================================================================

💾 Dados agregados salvos em: ../data/offset_batch/vehicles_step_sim_9/run_091.csv
[csv-worker_9] [vehicles_step_sim_9] ===== LOG RUN 091 FIM =====

[csv-worker_9] [vehicles_step_sim_9] ===== LOG RUN 092 INICIO =====
======================================================================
🚗 PROCESSAMENTO SUMO → E1 REGISTRY (OFFSET ALEATÓRIO - veh0)
======================================================================
📄 Entrada: ../data/vehicles_step_sim_9.csv
🏭 Consumo fabricante: 12.0 km/l
💰 Preço carbono: R$ 50.0/ton
⭕ Raio máximo do offset aleatório: 2.0 km
🎲 Offset gerado aleatoriamente:
   Ângulo: 28.5°
   Distância: 1.7395 km
   offset_x (lat): 0.013730°  |  offset_y (lon): 0.007460°
📊 Row stepping: Processando todas as linhas
🗺️  Map matching: DESATIVADO
📐 Cálculo de distância: HAVERSINE PURO dos pontos COM snap (consistência)
======================================================================

📊 Carregando dados SUMO...
   Total de registros no arquivo: 131
   Veículos únicos: 1
   🚙 Vehicle selecionado: carro_1000

🔄 Agregando viagens por vehicle_id...
  📐 SUMO_carro_1000: Calculando distâncias com Haversine direto (SEM routing API)
      Original: 299 pontos → 3.0526 km (Haversine)
      Offset:   299 pontos → 3.0524 km (Haversine)

🚙 Veículo: SUMO_carro_1000
   Modelo: HBEFA4/PC_petrol_Euro-6ab
   Segmentos: 299
   📏 Distância: 3.060 km (city: 3.060, highway: 0.000)
   ⛽ Combustível: 48.384 l
   🏭 CO2 real: 111766.0 g
   🎯 CO2 meta: 589.0 g
   📊 Delta: -111177.0 g
   💰 Valor E1: R$ -5.5588
   🧭 Tentativas map matching: 0

   🔑 OFFSET DETERMINÍSTICO (x=0.007737499036865479°, y=-0.004962871817516443°, max=2.0km):
   📍 Start Original:  (40.775644, -73.960687)
   🔒 Start Protegido: (40.783381, -73.965650) ✓ 0.96 km | ⚠ SEM MAP MATCHING
   📏 Deslocamento final: 957.6 metros
   📍 End Original:    (40.774198, -73.961141)
   🔒 End Protegido:   (40.781936, -73.966104) ✓ 0.96 km | ⚠ SEM MAP MATCHING
   📏 Deslocamento final: 957.6 metros

   📐 ANÁLISE DE DISTÂNCIA DO TRAJETO (HAVERSINE DOS PONTOS ARMAZENADOS):
   🔢 Pontos unicos original/offset: 299/299 (Δ +0, +0.0% )
   📍 Trajeto original: 3.053 km (linha reta entre pontos GPS)
   🔒 Trajeto com offset: 3.052 km (linha reta entre pontos COM snap)
   📊 Diferença: -0.000 km (-0.0%)

======================================================================
📊 ESTATÍSTICAS FINAIS
======================================================================
Viagens processadas: 1
Distância total: 3.06 km
Combustível total: 48.38 l
CO2 real total: 111766.0 g
CO2 meta total: 589.0 g
Delta CO2: -111177.0 g
Valor E1 total: R$ -5.56

💰 Créditos: R$ 0.00
💸 Débitos: R$ 5.56
📈 Saldo líquido: R$ -5.56
======================================================================

💾 Dados agregados salvos em: ../data/offset_batch/vehicles_step_sim_9/run_092.csv
[csv-worker_9] [vehicles_step_sim_9] ===== LOG RUN 092 FIM =====

[csv-worker_9] [vehicles_step_sim_9] ===== LOG RUN 093 INICIO =====
======================================================================
🚗 PROCESSAMENTO SUMO → E1 REGISTRY (OFFSET ALEATÓRIO - veh0)
======================================================================
📄 Entrada: ../data/vehicles_step_sim_9.csv
🏭 Consumo fabricante: 12.0 km/l
💰 Preço carbono: R$ 50.0/ton
⭕ Raio máximo do offset aleatório: 2.0 km
🎲 Offset gerado aleatoriamente:
   Ângulo: 54.2°
   Distância: 1.7992 km
   offset_x (lat): 0.009455°  |  offset_y (lon): 0.013109°
📊 Row stepping: Processando todas as linhas
🗺️  Map matching: DESATIVADO
📐 Cálculo de distância: HAVERSINE PURO dos pontos COM snap (consistência)
======================================================================

📊 Carregando dados SUMO...
   Total de registros no arquivo: 131
   Veículos únicos: 1
   🚙 Vehicle selecionado: carro_1000

🔄 Agregando viagens por vehicle_id...
  📐 SUMO_carro_1000: Calculando distâncias com Haversine direto (SEM routing API)
      Original: 323 pontos → 2.9161 km (Haversine)
      Offset:   323 pontos → 2.9158 km (Haversine)

🚙 Veículo: SUMO_carro_1000
   Modelo: HBEFA4/PC_petrol_Euro-6ab
   Segmentos: 323
   📏 Distância: 2.926 km (city: 2.764, highway: 0.161)
   ⛽ Combustível: 54.094 l
   🏭 CO2 real: 124958.0 g
   🎯 CO2 meta: 563.2 g
   📊 Delta: -124394.9 g
   💰 Valor E1: R$ -6.2197
   🧭 Tentativas map matching: 0

   🔑 OFFSET DETERMINÍSTICO (x=0.016138806062350408°, y=-2.5689617007295524e-05°, max=2.0km):
   📍 Start Original:  (40.775644, -73.960687)
   🔒 Start Protegido: (40.791782, -73.960713) ✓ 1.80 km | ⚠ SEM MAP MATCHING
   📏 Deslocamento final: 1796.6 metros
   📍 End Original:    (40.774046, -73.961617)
   🔒 End Protegido:   (40.790184, -73.961643) ✓ 1.80 km | ⚠ SEM MAP MATCHING
   📏 Deslocamento final: 1796.6 metros

   📐 ANÁLISE DE DISTÂNCIA DO TRAJETO (HAVERSINE DOS PONTOS ARMAZENADOS):
   🔢 Pontos unicos original/offset: 320/320 (Δ +0, +0.0% )
   📍 Trajeto original: 2.916 km (linha reta entre pontos GPS)
   🔒 Trajeto com offset: 2.916 km (linha reta entre pontos COM snap)
   📊 Diferença: -0.000 km (-0.0%)

======================================================================
📊 ESTATÍSTICAS FINAIS
======================================================================
Viagens processadas: 1
Distância total: 2.93 km
Combustível total: 54.09 l
CO2 real total: 124958.0 g
CO2 meta total: 563.2 g
Delta CO2: -124394.9 g
Valor E1 total: R$ -6.22

💰 Créditos: R$ 0.00
💸 Débitos: R$ 6.22
📈 Saldo líquido: R$ -6.22
======================================================================

💾 Dados agregados salvos em: ../data/offset_batch/vehicles_step_sim_9/run_093.csv
[csv-worker_9] [vehicles_step_sim_9] ===== LOG RUN 093 FIM =====

[csv-worker_9] [vehicles_step_sim_9] ===== LOG RUN 094 INICIO =====
======================================================================
🚗 PROCESSAMENTO SUMO → E1 REGISTRY (OFFSET ALEATÓRIO - veh0)
======================================================================
📄 Entrada: ../data/vehicles_step_sim_9.csv
🏭 Consumo fabricante: 12.0 km/l
💰 Preço carbono: R$ 50.0/ton
⭕ Raio máximo do offset aleatório: 2.0 km
🎲 Offset gerado aleatoriamente:
   Ângulo: 207.1°
   Distância: 0.4911 km
   offset_x (lat): -0.003928°  |  offset_y (lon): -0.002008°
📊 Row stepping: Processando todas as linhas
🗺️  Map matching: DESATIVADO
📐 Cálculo de distância: HAVERSINE PURO dos pontos COM snap (consistência)
======================================================================

📊 Carregando dados SUMO...
   Total de registros no arquivo: 131
   Veículos únicos: 1
   🚙 Vehicle selecionado: carro_1000

🔄 Agregando viagens por vehicle_id...
  📐 SUMO_carro_1000: Calculando distâncias com Haversine direto (SEM routing API)
      Original: 299 pontos → 3.0526 km (Haversine)
      Offset:   299 pontos → 3.0526 km (Haversine)

🚙 Veículo: SUMO_carro_1000
   Modelo: HBEFA4/PC_petrol_Euro-6ab
   Segmentos: 299
   📏 Distância: 3.060 km (city: 3.060, highway: 0.000)
   ⛽ Combustível: 48.384 l
   🏭 CO2 real: 111766.0 g
   🎯 CO2 meta: 589.0 g
   📊 Delta: -111177.0 g
   💰 Valor E1: R$ -5.5588
   🧭 Tentativas map matching: 0

   🔑 OFFSET DETERMINÍSTICO (x=-0.0005163250613224817°, y=-0.006488633343328104°, max=2.0km):
   📍 Start Original:  (40.775644, -73.960687)
   🔒 Start Protegido: (40.775127, -73.967176) ✓ 0.55 km | ⚠ SEM MAP MATCHING
   📏 Deslocamento final: 550.0 metros
   📍 End Original:    (40.774198, -73.961141)
   🔒 End Protegido:   (40.773682, -73.967630) ✓ 0.55 km | ⚠ SEM MAP MATCHING
   📏 Deslocamento final: 550.0 metros

   📐 ANÁLISE DE DISTÂNCIA DO TRAJETO (HAVERSINE DOS PONTOS ARMAZENADOS):
   🔢 Pontos unicos original/offset: 299/299 (Δ +0, +0.0% )
   📍 Trajeto original: 3.053 km (linha reta entre pontos GPS)
   🔒 Trajeto com offset: 3.053 km (linha reta entre pontos COM snap)
   📊 Diferença: +0.000 km (+0.0%)

======================================================================
📊 ESTATÍSTICAS FINAIS
======================================================================
Viagens processadas: 1
Distância total: 3.06 km
Combustível total: 48.38 l
CO2 real total: 111766.0 g
CO2 meta total: 589.0 g
Delta CO2: -111177.0 g
Valor E1 total: R$ -5.56

💰 Créditos: R$ 0.00
💸 Débitos: R$ 5.56
📈 Saldo líquido: R$ -5.56
======================================================================

💾 Dados agregados salvos em: ../data/offset_batch/vehicles_step_sim_9/run_094.csv
[csv-worker_9] [vehicles_step_sim_9] ===== LOG RUN 094 FIM =====

[csv-worker_9] [vehicles_step_sim_9] ===== LOG RUN 095 INICIO =====
======================================================================
🚗 PROCESSAMENTO SUMO → E1 REGISTRY (OFFSET ALEATÓRIO - veh0)
======================================================================
📄 Entrada: ../data/vehicles_step_sim_9.csv
🏭 Consumo fabricante: 12.0 km/l
💰 Preço carbono: R$ 50.0/ton
⭕ Raio máximo do offset aleatório: 2.0 km
🎲 Offset gerado aleatoriamente:
   Ângulo: 67.8°
   Distância: 1.3803 km
   offset_x (lat): 0.004680°  |  offset_y (lon): 0.011482°
📊 Row stepping: Processando todas as linhas
🗺️  Map matching: DESATIVADO
📐 Cálculo de distância: HAVERSINE PURO dos pontos COM snap (consistência)
======================================================================

📊 Carregando dados SUMO...
   Total de registros no arquivo: 131
   Veículos únicos: 1
   🚙 Vehicle selecionado: carro_1000

🔄 Agregando viagens por vehicle_id...
  📐 SUMO_carro_1000: Calculando distâncias com Haversine direto (SEM routing API)
      Original: 337 pontos → 3.3706 km (Haversine)
      Offset:   337 pontos → 3.3705 km (Haversine)

🚙 Veículo: SUMO_carro_1000
   Modelo: HBEFA4/PC_petrol_Euro-6ab
   Segmentos: 337
   📏 Distância: 3.379 km (city: 3.069, highway: 0.310)
   ⛽ Combustível: 58.616 l
   🏭 CO2 real: 135402.3 g
   🎯 CO2 meta: 650.5 g
   📊 Delta: -134751.8 g
   💰 Valor E1: R$ -6.7376
   🧭 Tentativas map matching: 0

   🔑 OFFSET DETERMINÍSTICO (x=0.0037175472986021147°, y=0.007185716607242547°, max=2.0km):
   📍 Start Original:  (40.775644, -73.960687)
   🔒 Start Protegido: (40.779361, -73.953501) ✓ 0.73 km | ⚠ SEM MAP MATCHING
   📏 Deslocamento final: 733.6 metros
   📍 End Original:    (40.774801, -73.960637)
   🔒 End Protegido:   (40.778519, -73.953451) ✓ 0.73 km | ⚠ SEM MAP MATCHING
   📏 Deslocamento final: 733.6 metros

   📐 ANÁLISE DE DISTÂNCIA DO TRAJETO (HAVERSINE DOS PONTOS ARMAZENADOS):
   🔢 Pontos unicos original/offset: 337/337 (Δ +0, +0.0% )
   📍 Trajeto original: 3.371 km (linha reta entre pontos GPS)
   🔒 Trajeto com offset: 3.371 km (linha reta entre pontos COM snap)
   📊 Diferença: -0.000 km (-0.0%)

======================================================================
📊 ESTATÍSTICAS FINAIS
======================================================================
Viagens processadas: 1
Distância total: 3.38 km
Combustível total: 58.62 l
CO2 real total: 135402.3 g
CO2 meta total: 650.5 g
Delta CO2: -134751.8 g
Valor E1 total: R$ -6.74

💰 Créditos: R$ 0.00
💸 Débitos: R$ 6.74
📈 Saldo líquido: R$ -6.74
======================================================================

💾 Dados agregados salvos em: ../data/offset_batch/vehicles_step_sim_9/run_095.csv
[csv-worker_9] [vehicles_step_sim_9] ===== LOG RUN 095 FIM =====

[csv-worker_9] [vehicles_step_sim_9] ===== LOG RUN 096 INICIO =====
======================================================================
🚗 PROCESSAMENTO SUMO → E1 REGISTRY (OFFSET ALEATÓRIO - veh0)
======================================================================
📄 Entrada: ../data/vehicles_step_sim_9.csv
🏭 Consumo fabricante: 12.0 km/l
💰 Preço carbono: R$ 50.0/ton
⭕ Raio máximo do offset aleatório: 2.0 km
🎲 Offset gerado aleatoriamente:
   Ângulo: 137.9°
   Distância: 0.2857 km
   offset_x (lat): -0.001905°  |  offset_y (lon): 0.001720°
📊 Row stepping: Processando todas as linhas
🗺️  Map matching: DESATIVADO
📐 Cálculo de distância: HAVERSINE PURO dos pontos COM snap (consistência)
======================================================================

📊 Carregando dados SUMO...
   Total de registros no arquivo: 131
   Veículos únicos: 1
   🚙 Vehicle selecionado: carro_1000

🔄 Agregando viagens por vehicle_id...
  📐 SUMO_carro_1000: Calculando distâncias com Haversine direto (SEM routing API)
      Original: 300 pontos → 3.1542 km (Haversine)
      Offset:   300 pontos → 3.1540 km (Haversine)

🚙 Veículo: SUMO_carro_1000
   Modelo: HBEFA4/PC_petrol_Euro-6ab
   Segmentos: 300
   📏 Distância: 3.158 km (city: 2.541, highway: 0.617)
   ⛽ Combustível: 49.984 l
   🏭 CO2 real: 115462.6 g
   🎯 CO2 meta: 608.0 g
   📊 Delta: -114854.6 g
   💰 Valor E1: R$ -5.7427
   🧭 Tentativas map matching: 0

   🔑 OFFSET DETERMINÍSTICO (x=0.006439788965305665°, y=0.009524671255211697°, max=2.0km):
   📍 Start Original:  (40.775644, -73.960687)
   🔒 Start Protegido: (40.782083, -73.951162) ✓ 1.08 km | ⚠ SEM MAP MATCHING
   📏 Deslocamento final: 1076.4 metros
   📍 End Original:    (40.773912, -73.961904)
   🔒 End Protegido:   (40.780352, -73.952379) ✓ 1.08 km | ⚠ SEM MAP MATCHING
   📏 Deslocamento final: 1076.4 metros

   📐 ANÁLISE DE DISTÂNCIA DO TRAJETO (HAVERSINE DOS PONTOS ARMAZENADOS):
   🔢 Pontos unicos original/offset: 299/299 (Δ +0, +0.0% )
   📍 Trajeto original: 3.154 km (linha reta entre pontos GPS)
   🔒 Trajeto com offset: 3.154 km (linha reta entre pontos COM snap)
   📊 Diferença: -0.000 km (-0.0%)

======================================================================
📊 ESTATÍSTICAS FINAIS
======================================================================
Viagens processadas: 1
Distância total: 3.16 km
Combustível total: 49.98 l
CO2 real total: 115462.6 g
CO2 meta total: 608.0 g
Delta CO2: -114854.6 g
Valor E1 total: R$ -5.74

💰 Créditos: R$ 0.00
💸 Débitos: R$ 5.74
📈 Saldo líquido: R$ -5.74
======================================================================

💾 Dados agregados salvos em: ../data/offset_batch/vehicles_step_sim_9/run_096.csv
[csv-worker_9] [vehicles_step_sim_9] ===== LOG RUN 096 FIM =====

[csv-worker_9] [vehicles_step_sim_9] ===== LOG RUN 097 INICIO =====
======================================================================
🚗 PROCESSAMENTO SUMO → E1 REGISTRY (OFFSET ALEATÓRIO - veh0)
======================================================================
📄 Entrada: ../data/vehicles_step_sim_9.csv
🏭 Consumo fabricante: 12.0 km/l
💰 Preço carbono: R$ 50.0/ton
⭕ Raio máximo do offset aleatório: 2.0 km
🎲 Offset gerado aleatoriamente:
   Ângulo: 348.9°
   Distância: 1.1296 km
   offset_x (lat): 0.009957°  |  offset_y (lon): -0.001954°
📊 Row stepping: Processando todas as linhas
🗺️  Map matching: DESATIVADO
📐 Cálculo de distância: HAVERSINE PURO dos pontos COM snap (consistência)
======================================================================

📊 Carregando dados SUMO...
   Total de registros no arquivo: 131
   Veículos únicos: 1
   🚙 Vehicle selecionado: carro_1000

🔄 Agregando viagens por vehicle_id...
  📐 SUMO_carro_1000: Calculando distâncias com Haversine direto (SEM routing API)
      Original: 222 pontos → 1.9688 km (Haversine)
      Offset:   222 pontos → 1.9688 km (Haversine)

🚙 Veículo: SUMO_carro_1000
   Modelo: HBEFA4/PC_petrol_Euro-6ab
   Segmentos: 222
   📏 Distância: 1.973 km (city: 1.973, highway: 0.000)
   ⛽ Combustível: 24.219 l
   🏭 CO2 real: 55946.2 g
   🎯 CO2 meta: 379.8 g
   📊 Delta: -55566.4 g
   💰 Valor E1: R$ -2.7783
   🧭 Tentativas map matching: 0

   🔑 OFFSET DETERMINÍSTICO (x=-0.001129905639580083°, y=0.014242889147201288°, max=2.0km):
   📍 Start Original:  (40.775644, -73.960687)
   🔒 Start Protegido: (40.774514, -73.946444) ✓ 1.21 km | ⚠ SEM MAP MATCHING
   📏 Deslocamento final: 1207.2 metros
   📍 End Original:    (40.772651, -73.962544)
   🔒 End Protegido:   (40.771521, -73.948302) ✓ 1.21 km | ⚠ SEM MAP MATCHING
   📏 Deslocamento final: 1207.3 metros

   📐 ANÁLISE DE DISTÂNCIA DO TRAJETO (HAVERSINE DOS PONTOS ARMAZENADOS):
   🔢 Pontos unicos original/offset: 221/221 (Δ +0, +0.0% )
   📍 Trajeto original: 1.969 km (linha reta entre pontos GPS)
   🔒 Trajeto com offset: 1.969 km (linha reta entre pontos COM snap)
   📊 Diferença: +0.000 km (+0.0%)

======================================================================
📊 ESTATÍSTICAS FINAIS
======================================================================
Viagens processadas: 1
Distância total: 1.97 km
Combustível total: 24.22 l
CO2 real total: 55946.2 g
CO2 meta total: 379.8 g
Delta CO2: -55566.4 g
Valor E1 total: R$ -2.78

💰 Créditos: R$ 0.00
💸 Débitos: R$ 2.78
📈 Saldo líquido: R$ -2.78
======================================================================

💾 Dados agregados salvos em: ../data/offset_batch/vehicles_step_sim_9/run_097.csv
[csv-worker_9] [vehicles_step_sim_9] ===== LOG RUN 097 FIM =====

[csv-worker_9] [vehicles_step_sim_9] ===== LOG RUN 098 INICIO =====
======================================================================
🚗 PROCESSAMENTO SUMO → E1 REGISTRY (OFFSET ALEATÓRIO - veh0)
======================================================================
📄 Entrada: ../data/vehicles_step_sim_9.csv
🏭 Consumo fabricante: 12.0 km/l
💰 Preço carbono: R$ 50.0/ton
⭕ Raio máximo do offset aleatório: 2.0 km
🎲 Offset gerado aleatoriamente:
   Ângulo: 162.5°
   Distância: 1.5639 km
   offset_x (lat): -0.013397°  |  offset_y (lon): 0.004228°
📊 Row stepping: Processando todas as linhas
🗺️  Map matching: DESATIVADO
📐 Cálculo de distância: HAVERSINE PURO dos pontos COM snap (consistência)
======================================================================

📊 Carregando dados SUMO...
   Total de registros no arquivo: 131
   Veículos únicos: 1
   🚙 Vehicle selecionado: carro_1000

🔄 Agregando viagens por vehicle_id...
  📐 SUMO_carro_1000: Calculando distâncias com Haversine direto (SEM routing API)
      Original: 301 pontos → 3.1480 km (Haversine)
      Offset:   301 pontos → 3.1479 km (Haversine)

🚙 Veículo: SUMO_carro_1000
   Modelo: HBEFA4/PC_petrol_Euro-6ab
   Segmentos: 301
   📏 Distância: 3.159 km (city: 3.020, highway: 0.139)
   ⛽ Combustível: 51.224 l
   🏭 CO2 real: 118326.7 g
   🎯 CO2 meta: 608.1 g
   📊 Delta: -117718.6 g
   💰 Valor E1: R$ -5.8859
   🧭 Tentativas map matching: 0

   🔑 OFFSET DETERMINÍSTICO (x=0.002359565614620158°, y=0.013496842171454181°, max=2.0km):
   📍 Start Original:  (40.775644, -73.960687)
   🔒 Start Protegido: (40.778003, -73.947190) ✓ 1.17 km | ⚠ SEM MAP MATCHING
   📏 Deslocamento final: 1167.7 metros
   📍 End Original:    (40.771236, -73.963813)
   🔒 End Protegido:   (40.773595, -73.950316) ✓ 1.17 km | ⚠ SEM MAP MATCHING
   📏 Deslocamento final: 1167.8 metros

   📐 ANÁLISE DE DISTÂNCIA DO TRAJETO (HAVERSINE DOS PONTOS ARMAZENADOS):
   🔢 Pontos unicos original/offset: 301/301 (Δ +0, +0.0% )
   📍 Trajeto original: 3.148 km (linha reta entre pontos GPS)
   🔒 Trajeto com offset: 3.148 km (linha reta entre pontos COM snap)
   📊 Diferença: -0.000 km (-0.0%)

======================================================================
📊 ESTATÍSTICAS FINAIS
======================================================================
Viagens processadas: 1
Distância total: 3.16 km
Combustível total: 51.22 l
CO2 real total: 118326.7 g
CO2 meta total: 608.1 g
Delta CO2: -117718.6 g
Valor E1 total: R$ -5.89

💰 Créditos: R$ 0.00
💸 Débitos: R$ 5.89
📈 Saldo líquido: R$ -5.89
======================================================================

💾 Dados agregados salvos em: ../data/offset_batch/vehicles_step_sim_9/run_098.csv
[csv-worker_9] [vehicles_step_sim_9] ===== LOG RUN 098 FIM =====

[csv-worker_9] [vehicles_step_sim_9] ===== LOG RUN 099 INICIO =====
======================================================================
🚗 PROCESSAMENTO SUMO → E1 REGISTRY (OFFSET ALEATÓRIO - veh0)
======================================================================
📄 Entrada: ../data/vehicles_step_sim_9.csv
🏭 Consumo fabricante: 12.0 km/l
💰 Preço carbono: R$ 50.0/ton
⭕ Raio máximo do offset aleatório: 2.0 km
🎲 Offset gerado aleatoriamente:
   Ângulo: 238.5°
   Distância: 1.8032 km
   offset_x (lat): -0.008465°  |  offset_y (lon): -0.013810°
📊 Row stepping: Processando todas as linhas
🗺️  Map matching: DESATIVADO
📐 Cálculo de distância: HAVERSINE PURO dos pontos COM snap (consistência)
======================================================================

📊 Carregando dados SUMO...
   Total de registros no arquivo: 131
   Veículos únicos: 1
   🚙 Vehicle selecionado: carro_1000

🔄 Agregando viagens por vehicle_id...
  📐 SUMO_carro_1000: Calculando distâncias com Haversine direto (SEM routing API)
      Original: 299 pontos → 3.0526 km (Haversine)
      Offset:   299 pontos → 3.0524 km (Haversine)

🚙 Veículo: SUMO_carro_1000
   Modelo: HBEFA4/PC_petrol_Euro-6ab
   Segmentos: 299
   📏 Distância: 3.060 km (city: 3.060, highway: 0.000)
   ⛽ Combustível: 48.384 l
   🏭 CO2 real: 111766.0 g
   🎯 CO2 meta: 589.0 g
   📊 Delta: -111177.0 g
   💰 Valor E1: R$ -5.5588
   🧭 Tentativas map matching: 0

   🔑 OFFSET DETERMINÍSTICO (x=0.009272174039692884°, y=-0.013744811606282019°, max=2.0km):
   📍 Start Original:  (40.775644, -73.960687)
   🔒 Start Protegido: (40.784916, -73.974432) ✓ 1.55 km | ⚠ SEM MAP MATCHING
   📏 Deslocamento final: 1551.8 metros
   📍 End Original:    (40.774198, -73.961141)
   🔒 End Protegido:   (40.783470, -73.974886) ✓ 1.55 km | ⚠ SEM MAP MATCHING
   📏 Deslocamento final: 1551.8 metros

   📐 ANÁLISE DE DISTÂNCIA DO TRAJETO (HAVERSINE DOS PONTOS ARMAZENADOS):
   🔢 Pontos unicos original/offset: 299/299 (Δ +0, +0.0% )
   📍 Trajeto original: 3.053 km (linha reta entre pontos GPS)
   🔒 Trajeto com offset: 3.052 km (linha reta entre pontos COM snap)
   📊 Diferença: -0.000 km (-0.0%)

======================================================================
📊 ESTATÍSTICAS FINAIS
======================================================================
Viagens processadas: 1
Distância total: 3.06 km
Combustível total: 48.38 l
CO2 real total: 111766.0 g
CO2 meta total: 589.0 g
Delta CO2: -111177.0 g
Valor E1 total: R$ -5.56

💰 Créditos: R$ 0.00
💸 Débitos: R$ 5.56
📈 Saldo líquido: R$ -5.56
======================================================================

💾 Dados agregados salvos em: ../data/offset_batch/vehicles_step_sim_9/run_099.csv
[csv-worker_9] [vehicles_step_sim_9] ===== LOG RUN 099 FIM =====

[csv-worker_9] [vehicles_step_sim_9] ===== LOG RUN 100 INICIO =====
======================================================================
🚗 PROCESSAMENTO SUMO → E1 REGISTRY (OFFSET ALEATÓRIO - veh0)
======================================================================
📄 Entrada: ../data/vehicles_step_sim_9.csv
🏭 Consumo fabricante: 12.0 km/l
💰 Preço carbono: R$ 50.0/ton
⭕ Raio máximo do offset aleatório: 2.0 km
🎲 Offset gerado aleatoriamente:
   Ângulo: 190.3°
   Distância: 1.3632 km
   offset_x (lat): -0.012049°  |  offset_y (lon): -0.002190°
📊 Row stepping: Processando todas as linhas
🗺️  Map matching: DESATIVADO
📐 Cálculo de distância: HAVERSINE PURO dos pontos COM snap (consistência)
======================================================================

📊 Carregando dados SUMO...
   Total de registros no arquivo: 131
   Veículos únicos: 1
   🚙 Vehicle selecionado: carro_1000

🔄 Agregando viagens por vehicle_id...
  📐 SUMO_carro_1000: Calculando distâncias com Haversine direto (SEM routing API)
      Original: 337 pontos → 3.3706 km (Haversine)
      Offset:   337 pontos → 3.3708 km (Haversine)

🚙 Veículo: SUMO_carro_1000
   Modelo: HBEFA4/PC_petrol_Euro-6ab
   Segmentos: 337
   📏 Distância: 3.379 km (city: 3.069, highway: 0.310)
   ⛽ Combustível: 58.616 l
   🏭 CO2 real: 135402.3 g
   🎯 CO2 meta: 650.5 g
   📊 Delta: -134751.8 g
   💰 Valor E1: R$ -6.7376
   🧭 Tentativas map matching: 0

   🔑 OFFSET DETERMINÍSTICO (x=-0.007604977763537021°, y=-0.010969803478886396°, max=2.0km):
   📍 Start Original:  (40.775644, -73.960687)
   🔒 Start Protegido: (40.768039, -73.971657) ✓ 1.25 km | ⚠ SEM MAP MATCHING
   📏 Deslocamento final: 1253.7 metros
   📍 End Original:    (40.774801, -73.960637)
   🔒 End Protegido:   (40.767196, -73.971607) ✓ 1.25 km | ⚠ SEM MAP MATCHING
   📏 Deslocamento final: 1253.8 metros

   📐 ANÁLISE DE DISTÂNCIA DO TRAJETO (HAVERSINE DOS PONTOS ARMAZENADOS):
   🔢 Pontos unicos original/offset: 337/337 (Δ +0, +0.0% )
   📍 Trajeto original: 3.371 km (linha reta entre pontos GPS)
   🔒 Trajeto com offset: 3.371 km (linha reta entre pontos COM snap)
   📊 Diferença: +0.000 km (+0.0%)

======================================================================
📊 ESTATÍSTICAS FINAIS
======================================================================
Viagens processadas: 1
Distância total: 3.38 km
Combustível total: 58.62 l
CO2 real total: 135402.3 g
CO2 meta total: 650.5 g
Delta CO2: -134751.8 g
Valor E1 total: R$ -6.74

💰 Créditos: R$ 0.00
💸 Débitos: R$ 6.74
📈 Saldo líquido: R$ -6.74
======================================================================

💾 Dados agregados salvos em: ../data/offset_batch/vehicles_step_sim_9/run_100.csv
[csv-worker_9] [vehicles_step_sim_9] ===== LOG RUN 100 FIM =====

FIM CSV: vehicles_step_sim_9

==========================================================================================
INICIO CSV: vehicles_step_sim_9 | runs=100 | source=vehicles_step_sim_9.csv
==========================================================================================
