linha,worker_id,wallet,tx_hash,block,gas_used,meta_co2,diff,e1_value,latency_ms,tx_latency_ms,error
1,2,0xf17f52151EbEF6C7334FAD080c5704D77216b732,0x40aa5b39fa162036b7cf949a693225437072866640ef7cf781f89dce4b6f84d4,22788,32097,8605,4302,0.000236,16950.22,16157.29,
1,3,0x17D90CC0C9cB61f27A5198c8a96f9eA19341b218,0xe391c04b9453b2663fe2b80982c5873655ca3e87a5472e2d20dba0672e11ab87,22788,32097,8605,4302,0.000236,16970.54,16159.08,
1,4,0x47242114086D2715A648d0391793730d2aB1CCa2,0xf53c5b1e2b576b39f84c8c52a02f82463b15c74008c2d3a0e52d2a51d94e5d84,22788,32097,8605,4302,0.000236,16971.65,16160.94,
1,1,0x627306090abaB3A6e1400e9345bC60c78a8BEf57,0x16c5f3956a62bed3d73cacc20fb72dd262c4911ff6f216ea0ba1b4fdc9fca02a,22788,32097,8605,4302,0.000236,16995.54,16165.61,
2,2,0xf17f52151EbEF6C7334FAD080c5704D77216b732,0x9b2462b09bd85c02590d81a683f32899c7b10e19a2345d1edfb78f14db47c495,22789,32097,11874,5937,0.000326,29630.21,29158.78,
2,3,0x17D90CC0C9cB61f27A5198c8a96f9eA19341b218,0x1a1084ad3f5e898ba9c74a28b259087a32827433e360c265439d69da239c68a1,22789,32097,11874,5937,0.000326,29645.65,29161.18,
2,4,0x47242114086D2715A648d0391793730d2aB1CCa2,0x2cf1ecea0dc92f1eb378b2f6a557fcff793fa38ead55dfae62ae9769fb131e93,22789,32097,11874,5937,0.000326,29647.40,29160.26,
2,1,0x627306090abaB3A6e1400e9345bC60c78a8BEf57,0xd063c0aba17038c09e06b9dd88c5784ea923232f7c597075d136eef4c165f41a,22789,32097,11874,5937,0.000326,29663.87,29167.56,
3,3,0x17D90CC0C9cB61f27A5198c8a96f9eA19341b218,0xbffe60f5ef6dbfe76420096b4958524e932bce6e84763d037e162e53c93d8381,22790,32097,16013,8006,0.000440,29642.76,29160.55,
3,4,0x47242114086D2715A648d0391793730d2aB1CCa2,0x339183165d042a7671ca8dc1497419f7c1f12b0477af30cda5a3e4fbfa067918,22790,32097,16013,8006,0.000440,29642.04,29161.26,
3,1,0x627306090abaB3A6e1400e9345bC60c78a8BEf57,0x420ea9c7689a83d2fde95b770e109f97fdceb760c74cc6becbdf5e9630cf51ac,22790,32097,16013,8006,0.000440,29662.98,29165.95,
3,2,0xf17f52151EbEF6C7334FAD080c5704D77216b732,0x1c51ea8fa80700f7c423de8cfe831c2dd78f93c03f6370f679c957497a1721ae,22790,32097,16013,8006,0.000440,30630.64,30159.17,
4,2,0xf17f52151EbEF6C7334FAD080c5704D77216b732,0xd0927d434403bef22b4cd61f4a386e48e16ef82e038769ad9df1f7436361d948,22791,32097,16013,8006,0.000440,29630.02,29158.06,
4,4,0x47242114086D2715A648d0391793730d2aB1CCa2,0x1df93e7d390c34a356e3a1690cd8c35404f6669e431225d85bbe87397c30dfdb,22791,32097,16013,8006,0.000440,30645.60,30162.35,
4,3,0x17D90CC0C9cB61f27A5198c8a96f9eA19341b218,0xde6b5a186a3005e519b7e7607dc28c95a1e43bc6e3740c0fb24789b532774d10,22791,32097,16013,8006,0.000440,30648.17,30161.05,
4,1,0x627306090abaB3A6e1400e9345bC60c78a8BEf57,0x46abc62423c55bbbe9b45dc200988ee7e03007be288391574849034079faca82,22791,32097,16013,8006,0.000440,30666.52,30162.95,
5,2,0xf17f52151EbEF6C7334FAD080c5704D77216b732,0x862e5e988c9021e22120ccbfd3758b61563e4b8f8207d71739ca6b5810d4c733,22792,32097,16013,8006,0.000440,29631.89,29158.67,
5,3,0x17D90CC0C9cB61f27A5198c8a96f9eA19341b218,0x09c2dd52bfbad3e6fa8b5c9c38eaaae1b8226562612e2d272367adee5f4196c5,22792,32097,16013,8006,0.000440,29644.33,29161.06,
5,4,0x47242114086D2715A648d0391793730d2aB1CCa2,0x0c27765943e4a940b1c713561c667bed70326f057c26f0cd978b097a6526246d,22792,32097,16013,8006,0.000440,29645.97,29160.62,
5,1,0x627306090abaB3A6e1400e9345bC60c78a8BEf57,0xc43f5cc5132ce4098d067316dc8d11d2288038d7e0b2129bb672471e55fa626d,22792,32097,16013,8006,0.000440,29651.60,29162.33,
6,1,0x627306090abaB3A6e1400e9345bC60c78a8BEf57,0x8d008a7701cd97b9c8ee6ae35d52403f4e574744a7557db218eda523ab625245,22793,32097,32318,16159,0.000888,29653.91,29166.12,
6,2,0xf17f52151EbEF6C7334FAD080c5704D77216b732,0x6325439071d35345a05ca651b9b3d54fecdaa6b85cf955a46cb656c714059245,22793,32097,32318,16159,0.000888,30634.57,30161.64,
6,3,0x17D90CC0C9cB61f27A5198c8a96f9eA19341b218,0xc1a822bcc8f80a58d77aa8e1d63647dd7980339571bb403d749e3e500b1e5a95,22793,32097,32318,16159,0.000888,30648.91,30163.48,
6,4,0x47242114086D2715A648d0391793730d2aB1CCa2,0xe4f83fad0b832139e3e9c1ded5a107c0f36397b20d2547693920fa5ab6cd784d,22793,32097,32318,16159,0.000888,30649.06,30164.54,
7,2,0xf17f52151EbEF6C7334FAD080c5704D77216b732,0xae85bad61259cb3922e23f61b14c926c31665538a690e493a6617f4bb6dcc653,22794,32097,32318,16159,0.000888,29637.13,29159.16,
7,3,0x17D90CC0C9cB61f27A5198c8a96f9eA19341b218,0xce4abafbfbfcaeef5ee13f0e70c78627c38f831f5b724fbacaad25ba655861dc,22794,32097,32318,16159,0.000888,29647.14,29161.53,
7,4,0x47242114086D2715A648d0391793730d2aB1CCa2,0x0424e54108f45e65c6318985397448aa473938f630758062ffdbf7d61fb50b1d,22794,32097,32318,16159,0.000888,29646.96,29161.07,
7,1,0x627306090abaB3A6e1400e9345bC60c78a8BEf57,0x1fdabbfacf9581356ea2c813b0cf5f2f4901a614ac6c786edf4c2c407c1d92b2,22794,32097,32318,16159,0.000888,30651.87,30163.13,
8,2,0xf17f52151EbEF6C7334FAD080c5704D77216b732,0x85eee60beed0030eaaf43236384369bdafa13ff3a4373e8a6ab5633d7f4bb735,22795,32097,32318,16159,0.000888,29634.76,29157.64,
8,3,0x17D90CC0C9cB61f27A5198c8a96f9eA19341b218,0xa5b82cd0b2c07c5a4c7becc685b16390b007a714aeb44d5820f66c2530db5eb0,22795,32097,32318,16159,0.000888,29646.96,29159.96,
8,4,0x47242114086D2715A648d0391793730d2aB1CCa2,0xd252c1b60dc3f6e4433cd768a5575be2a0d42cbe5a8b347cbfe2deaf35d93e97,22795,32097,32318,16159,0.000888,29653.69,29160.92,
8,1,0x627306090abaB3A6e1400e9345bC60c78a8BEf57,0x8aa85f4706c88c475f11e3376e0f5ed024298bc7a835c885cec9daead07f026f,22795,32097,32318,16159,0.000888,29655.11,29162.54,
9,1,0x627306090abaB3A6e1400e9345bC60c78a8BEf57,0x1f6ba8aaed59a2cc00f97ce12c7427ed9d978d45aac1a1e23159ee8afd41fe57,22796,32097,32318,16159,0.000888,29674.06,29166.61,
9,2,0xf17f52151EbEF6C7334FAD080c5704D77216b732,0x70f4543ddb3ef87e2ef2553d9243a3d9161c0807643cb0bee307da3ed105d353,22796,32097,32318,16159,0.000888,30630.86,30156.83,
9,3,0x17D90CC0C9cB61f27A5198c8a96f9eA19341b218,0x13fb3c330f54ac35ab98e046dba3fcce4ba1e6c1e5de528e92f615abadaf56bc,22796,32097,32318,16159,0.000888,30643.04,30162.71,
9,4,0x47242114086D2715A648d0391793730d2aB1CCa2,0xef2f731be0a2ceb9ad59255838e2dae10794caec7590c21ef94b68a137b3a8be,22796,32097,32318,16159,0.000888,30651.28,30163.17,
10,2,0xf17f52151EbEF6C7334FAD080c5704D77216b732,0x21312e4571d7ccf1583e37671ae211e79a6cf05cc1b475915a528c1f489048f5,22797,32097,32318,16159,0.000888,29636.35,29158.66,
10,3,0x17D90CC0C9cB61f27A5198c8a96f9eA19341b218,0x46336aed2aeef9ab57a559833fbea191492998198b73563e4b442c6f5186b59c,22797,32097,32318,16159,0.000888,29652.87,29164.07,
10,4,0x47242114086D2715A648d0391793730d2aB1CCa2,0xd7c803b3dcb22777598f843bf542be1c88f25bf7bfc097990bbc66650722b935,22797,32097,32318,16159,0.000888,29647.91,29162.27,
10,1,0x627306090abaB3A6e1400e9345bC60c78a8BEf57,0x0d22d7bf3b7d41d8e42d38d96272a3de87e0d516cc097becd7b444b1b253af17,22797,32097,32318,16159,0.000888,30652.39,30163.23,
11,2,0xf17f52151EbEF6C7334FAD080c5704D77216b732,0xc67790bbf5d7773b8c651ad9cf6024d6eb394aa994b583fdd5a4caa25736bf5a,22798,32097,32318,16159,0.000888,29635.58,29156.82,
11,3,0x17D90CC0C9cB61f27A5198c8a96f9eA19341b218,0x656fd33adab65c3cc81a3ac6769bb879703494213944bac26ca31c4cddffaf00,22798,32097,32318,16159,0.000888,29651.59,29162.62,
11,4,0x47242114086D2715A648d0391793730d2aB1CCa2,0x52bb6801fec18ddd29835eb75dbba0165a15065d685706593d82e42b8747877c,22798,32097,32318,16159,0.000888,29654.51,29161.26,
11,1,0x627306090abaB3A6e1400e9345bC60c78a8BEf57,0x4210244aa2731b3d3551b5d7b2b7739bf3850022655d279f6cbac0fb0f1724dc,22798,32097,32318,16159,0.000888,29660.16,29167.00,
12,2,0xf17f52151EbEF6C7334FAD080c5704D77216b732,0xf2b2481e6d5ebc867febaf7c8aab9d50885e98408af8fca2fea61f3168f4fcc8,22799,32097,32318,16159,0.000888,30631.13,30158.40,
12,3,0x17D90CC0C9cB61f27A5198c8a96f9eA19341b218,0x7cb8d43c2237c1c5427f95bffb690802d23d98bdb252b1beb99dbeef2f0af473,22799,32097,32318,16159,0.000888,30641.89,30162.05,
12,4,0x47242114086D2715A648d0391793730d2aB1CCa2,0xa59de3284c4a7abe4b1cc11e9e4d71b8968145180423e9de77706a4f0d3ca5ac,22799,32097,32318,16159,0.000888,30643.73,30162.11,
12,1,0x627306090abaB3A6e1400e9345bC60c78a8BEf57,0x8661bf3b7a922942d5965e3323a9d084292835c4a07ed4a721a946b7ee0aa3a2,22799,32097,32318,16159,0.000888,30650.26,30164.17,
13,2,0xf17f52151EbEF6C7334FAD080c5704D77216b732,0xe8e6178faef7d3b3e43bd4af4fa3e973cae4cc744abfdd03b722b7f89aade25b,22800,32097,32318,16159,0.000888,29634.65,29158.14,
13,4,0x47242114086D2715A648d0391793730d2aB1CCa2,0xaba9284073c6edc0d14e4f23b0994792993e5f75730e68f5685bb53d9a587f7f,22800,32097,32318,16159,0.000888,29661.93,29160.43,
13,3,0x17D90CC0C9cB61f27A5198c8a96f9eA19341b218,0x87131a4a4dd1c30317bd9e00e5d3b277e8eca01f591421404426971d5272f261,22800,32097,32318,16159,0.000888,29683.36,29160.57,
13,1,0x627306090abaB3A6e1400e9345bC60c78a8BEf57,0x6e8e15989e457f5b76c375ba9b7c6f5ec776caf83571e18fc89387ad803ae157,22800,32097,32318,16159,0.000888,29648.24,29161.02,
14,4,0x47242114086D2715A648d0391793730d2aB1CCa2,0xdd8a208b42244f0930c8f2fedaa94d7d2cdc0c9de2117751557b28d8addffbb5,22801,32097,32318,16159,0.000888,29655.90,29168.86,
14,3,0x17D90CC0C9cB61f27A5198c8a96f9eA19341b218,0x4ed9e625dfc55823f89278405027340a884a8cabef44c513b9bbed76db4a4ff6,22801,32097,32318,16159,0.000888,29650.38,29164.50,
14,1,0x627306090abaB3A6e1400e9345bC60c78a8BEf57,0xe2d506f8cfc90cca2c55d77a9f9947cb29da9723dca1301a31c75ff588801096,22801,32097,32318,16159,0.000888,29654.42,29162.69,
14,2,0xf17f52151EbEF6C7334FAD080c5704D77216b732,0x99a75f260ce623f668f606888d2b4a2b4cb68ddba8054f256dd8f4e068508a09,22801,32097,32318,16159,0.000888,30649.02,30169.62,
15,2,0xf17f52151EbEF6C7334FAD080c5704D77216b732,0xa9c6ada30e710131a394748998e3dc0dcc15bc9cf6b84645df36954d3cd47582,22802,32097,32318,16159,0.000888,29635.32,29158.35,
15,4,0x47242114086D2715A648d0391793730d2aB1CCa2,0x4a3b77435796be123a0ee5217d7dfe44ff4d7e13963aa826148797b442004ef5,22802,32097,32318,16159,0.000888,30659.70,30160.53,
15,3,0x17D90CC0C9cB61f27A5198c8a96f9eA19341b218,0x5e8dce1e365e49e011eb21f324452f8cb5d9fb6f4461a3d7dbe81db04f8c637f,22802,32097,32318,16159,0.000888,30661.56,30160.28,
15,1,0x627306090abaB3A6e1400e9345bC60c78a8BEf57,0x00bd681109333457499a92858c81eaa6a40775f7f2224aed9a23008d4ec4ff8d,22802,32097,32318,16159,0.000888,30656.79,30163.46,
16,2,0xf17f52151EbEF6C7334FAD080c5704D77216b732,0x0883d03b81db44c884e96d9c81379c53473b0ed4bdd273ac019d01d2a786cc54,22803,32097,32318,16159,0.000888,29632.45,29159.69,
16,4,0x47242114086D2715A648d0391793730d2aB1CCa2,0xb05f18fcd72fda4a3b3e31d4a151959614a83e9960265e74d5d83b71ad9e8904,22803,32097,32318,16159,0.000888,29646.56,29160.88,
16,3,0x17D90CC0C9cB61f27A5198c8a96f9eA19341b218,0x9ab4a759717354b7639ce20f073d31b57cbf43f213d5df6824cbf97e72a6af84,22803,32097,32318,16159,0.000888,29650.28,29160.97,
16,1,0x627306090abaB3A6e1400e9345bC60c78a8BEf57,0x07eb2d9f20ce1716aece2cf5c4949d920e86253f8334bbdb915c9c95e7f9751a,22803,32097,32318,16159,0.000888,29644.19,29161.70,
17,4,0x47242114086D2715A648d0391793730d2aB1CCa2,0xf1a5cede741ddbe7730dc4b3967e383dc6e0383ade2942cf90906b4fc1d764ab,22804,32097,35422,17711,0.000973,29646.21,29163.33,
17,3,0x17D90CC0C9cB61f27A5198c8a96f9eA19341b218,0x9451152e62363423cc50683e065138fd72f478560a967d23a6d5fb6d5fc7adc1,22804,32097,35422,17711,0.000973,29642.49,29157.43,
17,1,0x627306090abaB3A6e1400e9345bC60c78a8BEf57,0x1aa19c3243bb93f380f1905336f836cdb12156e3ddefa18b61af1f6c1b576470,22804,32097,35422,17711,0.000973,29650.07,29164.58,
17,2,0xf17f52151EbEF6C7334FAD080c5704D77216b732,0x2f15154011d7203fb1e7a433388d3bc06bbed28101f9a1440ef288f2ad79a7aa,22804,32097,35422,17711,0.000973,30628.64,30156.82,
18,2,0xf17f52151EbEF6C7334FAD080c5704D77216b732,0x902be2cc25e2c1af5c98dd38e7e612e0449ee910aa49938b38a450540afe61cc,22805,32097,43079,21539,0.001183,29629.93,29157.29,
18,3,0x17D90CC0C9cB61f27A5198c8a96f9eA19341b218,0x7b924feb5493859d6d60c33323c0dea055c66683024e1342dbd425c4fd1cb908,22805,32097,43079,21539,0.001183,30642.01,30160.86,
18,4,0x47242114086D2715A648d0391793730d2aB1CCa2,0x3f056951d3d97bd7ff61ed282bbaae5b1e852ef213e8f38bef0c6a60ab62d141,22805,32097,43079,21539,0.001183,30649.18,30161.18,
18,1,0x627306090abaB3A6e1400e9345bC60c78a8BEf57,0x5fcb1cc03543d50fcba2dddcc4829ed99ed9ba48549cd95f0c99724ceb428994,22805,32097,43079,21539,0.001183,30653.43,30164.53,
19,2,0xf17f52151EbEF6C7334FAD080c5704D77216b732,0xf81522d7fff0e6f6d4e96e91cc9171654023937fc9ba9f7b971d2ee7c4b14a79,22806,32097,43079,21539,0.001183,29631.14,29157.72,
19,3,0x17D90CC0C9cB61f27A5198c8a96f9eA19341b218,0xee1d12a08bc9af3f17ac25f4829700828fdf559c3b108fae1d7c18a1e166b252,22806,32097,43079,21539,0.001183,29640.29,29160.34,
19,4,0x47242114086D2715A648d0391793730d2aB1CCa2,0xaa018fddcc90c75ba13824b78f38bfe85cd797d7845ad8dd3e9cfae26d296012,22806,32097,43079,21539,0.001183,29644.52,29160.40,
19,1,0x627306090abaB3A6e1400e9345bC60c78a8BEf57,0x9b471ec05304b5964be3f384f6ddcbe6c7dc21a7383fa90fb4130de1da6903f5,22806,32097,43079,21539,0.001183,29652.99,29164.51,
20,3,0x17D90CC0C9cB61f27A5198c8a96f9eA19341b218,0x55a896552d9862e58b595244fba6da71624032c9334fdc6aafe894cd6855e691,22807,32097,43079,21539,0.001183,29636.22,29161.63,
20,4,0x47242114086D2715A648d0391793730d2aB1CCa2,0x188047cf1fc1d1838817c16200e870f263ad6cb7deda5f962291de09dc15a352,22807,32097,43079,21539,0.001183,29642.53,29161.68,
20,1,0x627306090abaB3A6e1400e9345bC60c78a8BEf57,0x3c59f9ce4817e069793cacde753291d8c4bd150d83e04af59a4378a1e3df5fb7,22807,32097,43079,21539,0.001183,29665.33,29164.47,
20,2,0xf17f52151EbEF6C7334FAD080c5704D77216b732,0xab0211771ca47f15e1f24cbe94e6e404cba0df7ed7f8f495b20e1dd9e051ebc6,22807,32097,43079,21539,0.001183,30647.80,30174.00,
21,2,0xf17f52151EbEF6C7334FAD080c5704D77216b732,0xf4770d5e4eb7bd292c54322095dc6b1feee5a5899bc25363a292b417ce521dad,22808,32097,43079,21539,0.001183,29635.80,29156.38,
21,3,0x17D90CC0C9cB61f27A5198c8a96f9eA19341b218,0x9b3af553392fc52726e8315a8ffe51dfa0e35053b6b4fac41aeca651d824e2b0,22808,32097,43079,21539,0.001183,30659.12,30158.99,
21,4,0x47242114086D2715A648d0391793730d2aB1CCa2,0x9d5505d8e31be68ad618066539613389b6c54b4696b4c57f2d653fbfc273ba68,22808,32097,43079,21539,0.001183,30675.20,30162.21,
21,1,0x627306090abaB3A6e1400e9345bC60c78a8BEf57,0xd08fec1cf545828531d742f6123e20d523e8d7c28903198db47076f239182c32,22808,32097,43079,21539,0.001183,30708.29,30164.24,
22,2,0xf17f52151EbEF6C7334FAD080c5704D77216b732,0xbd5a64820c611326352b31178d5ab3a7c4835ba6c830e0fda17c0abd3126fcfb,22809,32097,49450,24725,0.001359,29632.83,29159.81,
22,3,0x17D90CC0C9cB61f27A5198c8a96f9eA19341b218,0x288cff6b52a73197820c5e8fc665dad75d68b2654024ff7e25f9df18285aae23,22809,32097,49450,24725,0.001359,29635.63,29159.54,
22,4,0x47242114086D2715A648d0391793730d2aB1CCa2,0x16a1957a14431f2f0e5d3d534e348c701a9eaef5d70eaaa4699b68d98ea4d30a,22809,32097,49450,24725,0.001359,29658.26,29164.18,
22,1,0x627306090abaB3A6e1400e9345bC60c78a8BEf57,0xa0ac5f6f265f6ac5e2a1b20081b065d7dd4f8e76c3b69398d5c637fcc43c10aa,22809,32097,49450,24725,0.001359,29654.13,29165.54,
23,4,0x47242114086D2715A648d0391793730d2aB1CCa2,0xc9b8ed276a5fcece6aa326a6cb7f44f2ffc2076b9c66bc03e9bd49ae0059914d,22810,32097,49450,24725,0.001359,29648.09,29163.21,
23,1,0x627306090abaB3A6e1400e9345bC60c78a8BEf57,0x79658a8f08fdade30c8d5e55320d9924ce4b8813d6345142c00cd75c9aa8d454,22810,32097,49450,24725,0.001359,29657.80,29164.85,
23,2,0xf17f52151EbEF6C7334FAD080c5704D77216b732,0x74ab22a67f27a597daaf3863f4aa04c526fb6e37ce04e5ea839ffcb1277824d6,22810,32097,49450,24725,0.001359,30632.27,30158.35,
23,3,0x17D90CC0C9cB61f27A5198c8a96f9eA19341b218,0x8b7b68bff44f519062e6c69e0e3f3142c6b432fef5f22969c8fff8d1ef898895,22810,32097,49450,24725,0.001359,30645.87,30158.83,
24,2,0xf17f52151EbEF6C7334FAD080c5704D77216b732,0x43092797ecdb40604b286941c36d684059d31eee4ae73f80511a143397715409,22811,32097,49450,24725,0.001359,29632.06,29160.70,
24,3,0x17D90CC0C9cB61f27A5198c8a96f9eA19341b218,0xf738d1921ac7b87b495043619c2f73aa3b8fd2a9ad231707b148e893bb7c0793,22811,32097,49450,24725,0.001359,29645.05,29161.43,
24,4,0x47242114086D2715A648d0391793730d2aB1CCa2,0x462041ed04fe256483495328a8fc166cba9458a50ff3ed16e99f827f61f83d04,22811,32097,49450,24725,0.001359,30652.97,30165.10,
24,1,0x627306090abaB3A6e1400e9345bC60c78a8BEf57,0x1a51899ab3c0ab4f653cf6e7ab1577990d28f95c266356ad7a430d5f6af4d8ac,22811,32097,49450,24725,0.001359,30653.98,30165.44,
25,3,0x17D90CC0C9cB61f27A5198c8a96f9eA19341b218,0xefd683ad62e5cd65961093beaf54b816984086c54ff3576b5864461864d0e09d,22812,32097,53008,26504,0.001456,29636.27,29157.73,
25,4,0x47242114086D2715A648d0391793730d2aB1CCa2,0xe4ded539e74f690fe428e8b1d17fbaebcf920aaa6fa2572e445bcd4f4b10719e,22812,32097,53008,26504,0.001456,29646.76,29159.98,
25,1,0x627306090abaB3A6e1400e9345bC60c78a8BEf57,0x456f69d01405c2c971c6cff25a5b2d27457b548244c9a59eebd407a790207881,22812,32097,53008,26504,0.001456,29652.66,29163.36,
25,2,0xf17f52151EbEF6C7334FAD080c5704D77216b732,0xd4769bebc959c3a222257151605096163ae073765ea91ffaf1600c8ccdc5ee65,22812,32097,53008,26504,0.001456,30629.94,30157.83,
26,1,0x627306090abaB3A6e1400e9345bC60c78a8BEf57,0x6a2cf7fa21a36c1a62d6c732e67d9d35fc76dad85aa4f8d56e0a977b5169b6b0,22813,32097,53008,26504,0.001456,29655.20,29163.90,
26,2,0xf17f52151EbEF6C7334FAD080c5704D77216b732,0xf29d181e2e6b0082cf950cb368d05300e57fae656d95da6de39552c1043b6f1f,22813,32097,53008,26504,0.001456,29629.66,29156.77,
26,3,0x17D90CC0C9cB61f27A5198c8a96f9eA19341b218,0x0d322bb28eef0eccb96064314e59fcc9a454283d001dd5f90d36935621cc349f,22813,32097,53008,26504,0.001456,30637.99,30158.96,
26,4,0x47242114086D2715A648d0391793730d2aB1CCa2,0xf3eff4d274824f73b8ae767c57abe2cce1c3b9dd2ecb1a2fc85719951acb1637,22813,32097,53008,26504,0.001456,30646.74,30162.24,
27,2,0xf17f52151EbEF6C7334FAD080c5704D77216b732,0x24218ad4721380b7494df75ef879606bc37c511ca8b6ed927b9313c18aaf4077,22814,32097,55492,27746,0.001525,29627.91,29157.93,
27,3,0x17D90CC0C9cB61f27A5198c8a96f9eA19341b218,0x1c80982ed4221227d5db881c3b855b5a8d24a626a43fcb0e60b58e12d58e081f,22814,32097,55492,27746,0.001525,29637.93,29160.33,
27,4,0x47242114086D2715A648d0391793730d2aB1CCa2,0x6b435dae89b49db07468b2479f222f0c9f5a82824bd9d83c31a7ba228fa8455e,22814,32097,55492,27746,0.001525,29647.35,29162.85,
27,1,0x627306090abaB3A6e1400e9345bC60c78a8BEf57,0x2a8c2ece0e56dc3088e2fdfca8c42b06829d197ae711160e25c62b03853f4950,22814,32097,55492,27746,0.001525,30655.15,30164.58,
28,3,0x17D90CC0C9cB61f27A5198c8a96f9eA19341b218,0xd73f698cb26a71511e852e82e8ba2166598f1d650f6c5ebbc097c3400ed0bdfe,22815,32097,55492,27746,0.001525,29634.53,29158.50,
28,4,0x47242114086D2715A648d0391793730d2aB1CCa2,0x0413f665165c6c366508bd502a73fb2df055e22d4b14cb556d156c8d25fc72ca,22815,32097,55492,27746,0.001525,29647.11,29162.74,
28,1,0x627306090abaB3A6e1400e9345bC60c78a8BEf57,0xae695ca2ca2902103a042fa28b5d7fd36e42bf0bb364bf84979d5692c6c040c5,22815,32097,55492,27746,0.001525,29650.26,29162.57,
28,2,0xf17f52151EbEF6C7334FAD080c5704D77216b732,0x407167816429927c8817b2069787f41b7604fded9e211617629a25ef67aa7912,22815,32097,55492,27746,0.001525,30627.74,30157.85,
29,1,0x627306090abaB3A6e1400e9345bC60c78a8BEf57,0xa879f7287e5f79c894718aeed3dbbdeb26a89e0f6b40c120a13fcca5e23a20b9,22816,32097,63353,31676,0.001741,29651.01,29162.68,
29,2,0xf17f52151EbEF6C7334FAD080c5704D77216b732,0x76e83cb78cd3a07d90e60f312bfb02868f3ae35baea619c132fc82779c1a514d,22816,32097,63353,31676,0.001741,29634.26,29160.93,
29,3,0x17D90CC0C9cB61f27A5198c8a96f9eA19341b218,0xf3d90abdaae92f1ef0412f425a0117fac23b73ce1cb300480b66a23f121da8b6,22816,32097,63353,31676,0.001741,30637.09,30160.50,
29,4,0x47242114086D2715A648d0391793730d2aB1CCa2,0xdd08e991af323808e867b0521e95f42d26245c2d8639c51b3d9f5b52ebe5c942,22816,32097,63353,31676,0.001741,30648.14,30161.70,
30,2,0xf17f52151EbEF6C7334FAD080c5704D77216b732,0x78d055ce093a14c6a1b0e1efedbf51f39bdde1f0834787d756517bb808652f0e,22817,32097,63353,31676,0.001741,29639.77,29159.33,
30,3,0x17D90CC0C9cB61f27A5198c8a96f9eA19341b218,0xb319b9a0341c0e707d5e67747c677364eb5f26e050dfed997d9b96e204a537f3,22817,32097,63353,31676,0.001741,29634.17,29159.65,
30,4,0x47242114086D2715A648d0391793730d2aB1CCa2,0xce226e3faa2baf460c519af31be3f3f9b73d5c40d852b644c7ebedab9b3f7c79,22817,32097,63353,31676,0.001741,29646.88,29162.30,
30,1,0x627306090abaB3A6e1400e9345bC60c78a8BEf57,0xd426b25c11841e0549a9ade3cdb3b375d4a04dc91e6d498ce40547773f89e04a,22817,32097,63353,31676,0.001741,30659.39,30164.83,
31,3,0x17D90CC0C9cB61f27A5198c8a96f9eA19341b218,0x0a1576c69a990511f40dabcca415bf42fc93c1aa9409dbb9c27f9d4442639791,22818,32097,63353,31676,0.001741,29636.28,29159.16,
31,4,0x47242114086D2715A648d0391793730d2aB1CCa2,0x0fd68a202d403d9cc078ee773882168f17aea00474c8a78baea97dff05af01ae,22818,32097,63353,31676,0.001741,29643.84,29160.47,
31,1,0x627306090abaB3A6e1400e9345bC60c78a8BEf57,0x9d3da42191c1bf5bb1f9bf3941747072108c7eee9a3fe26de39d5b0eea037db7,22818,32097,63353,31676,0.001741,29653.64,29162.54,
31,2,0xf17f52151EbEF6C7334FAD080c5704D77216b732,0x4a4ad3745a5b1f22a6e6e2c65888c7eef77b46f21c68bcbb7717109db327ca06,22818,32097,63353,31676,0.001741,30629.39,30156.68,
32,1,0x627306090abaB3A6e1400e9345bC60c78a8BEf57,0x0fc5e86f7e8a613ffe270b28b84f0101f7a8c9548e6136202701083768841a54,22819,32097,63353,31676,0.001741,29647.52,29157.22,
32,2,0xf17f52151EbEF6C7334FAD080c5704D77216b732,0x87cda633f31ebca771f6593bcdac08b8c0514b0bd44e32241fe1a624f9513a15,22819,32097,63353,31676,0.001741,29633.46,29156.38,
32,3,0x17D90CC0C9cB61f27A5198c8a96f9eA19341b218,0x9577c948c411d7a1af4f726da5e49954e9db58ce958e138f951f42e47918ebb1,22819,32097,63353,31676,0.001741,30625.20,30151.97,
32,4,0x47242114086D2715A648d0391793730d2aB1CCa2,0x9f9450295133e5b4278e243eac4576889036fc4db5cca7356c880ce4c2ae3612,22819,32097,63353,31676,0.001741,30633.05,30153.40,
33,3,0x17D90CC0C9cB61f27A5198c8a96f9eA19341b218,0x6b759deac7409b5040da8196de707bcbbf73fd97f82a41d34350d53c2b2dfaf5,22820,32097,63353,31676,0.001741,29612.74,29152.75,
33,4,0x47242114086D2715A648d0391793730d2aB1CCa2,0x243f5bea9be4099ba952a4b64c12292a731d80603765b7beac0e39f51c776bd2,22820,32097,63353,31676,0.001741,29611.78,29154.55,
33,1,0x627306090abaB3A6e1400e9345bC60c78a8BEf57,0x0dfb85ec091a31f970a1b7d94eb003a18b19848ff3b700b679eb5587b5a9d4e3,22820,32097,63353,31676,0.001741,30636.47,30157.82,
33,2,0xf17f52151EbEF6C7334FAD080c5704D77216b732,0xa019ff17c2d3e34b615020a550ed91194ba13650283bcdc262b85f8115cdfc30,22820,32097,63353,31676,0.001741,30615.09,30151.99,
34,4,0x47242114086D2715A648d0391793730d2aB1CCa2,0xccd761576ee4b544fd9b6282bd208275b88882ec12f1947df70e2b3be23bf741,22821,32097,80733,40366,0.002218,29635.40,29156.02,
34,1,0x627306090abaB3A6e1400e9345bC60c78a8BEf57,0x8defa9d7e73ae0cd806fa01e19987e923a16a089c2da333d7fc07ed32db0fddd,22821,32097,80733,40366,0.002218,29633.00,29157.69,
34,2,0xf17f52151EbEF6C7334FAD080c5704D77216b732,0x6a8c502ac2ce3b505aeb386a5ff7817605d968988cdc54b80942cd72b18ce0e1,22821,32097,80733,40366,0.002218,29617.55,29152.39,
34,3,0x17D90CC0C9cB61f27A5198c8a96f9eA19341b218,0xf0e3eb1c33c1e575f6a0a4f57c7f481b85baf6776c8ba3e9f614e0f550c4f9e6,22821,32097,80733,40366,0.002218,30616.54,30153.30,
35,1,0x627306090abaB3A6e1400e9345bC60c78a8BEf57,0x4da21821088bdd45f4d40b5d9fe67970f1aa3d4476fb6b11381567db0640116d,22822,32097,80733,40366,0.002218,29631.10,29158.16,
35,2,0xf17f52151EbEF6C7334FAD080c5704D77216b732,0x1ab6c8b6428c083cb0419d2a9e460727d7609eb55fa2349f8c90049d05b50ac4,22822,32097,80733,40366,0.002218,29610.88,29152.89,
35,3,0x17D90CC0C9cB61f27A5198c8a96f9eA19341b218,0xf044905a598185d29ec6b4989505360269ea424e4d8a8b352df96aa6542dfb13,22822,32097,80733,40366,0.002218,29619.50,29151.82,
35,4,0x47242114086D2715A648d0391793730d2aB1CCa2,0xf997a49510516ecc34fe5759d8b03dc5432f5d769c45414876bd000c1386574f,22822,32097,80733,40366,0.002218,30609.97,30153.67,
36,3,0x17D90CC0C9cB61f27A5198c8a96f9eA19341b218,0x8009c41a8dc35f530e5ac2786ffae953988548d8240230a64cd4ccd34faade00,22823,32097,80733,40366,0.002218,29612.93,29155.76,
36,4,0x47242114086D2715A648d0391793730d2aB1CCa2,0x3b93653544836e0b40f21fdc7a674997a91b2c3e1ba0e748f04dd37cdefbe0c7,22823,32097,80733,40366,0.002218,29612.11,29153.94,
36,1,0x627306090abaB3A6e1400e9345bC60c78a8BEf57,0xfaa9bca0832fd8996476303ea02694d2a49ff8c7dbbc921ee716f4fd2504d464,22823,32097,80733,40366,0.002218,30630.48,30158.76,
36,2,0xf17f52151EbEF6C7334FAD080c5704D77216b732,0xb70c85f3998192f3f50d6bd472c6d5674a454017715a2d86703ebc335c8599bf,22823,32097,80733,40366,0.002218,30613.72,30152.69,
37,1,0x627306090abaB3A6e1400e9345bC60c78a8BEf57,0xce30a1139b6a762fce53cffdfe6efa42e67811e692d1411743614b643cbcc5b1,22824,32097,80733,40366,0.002218,29631.67,29159.48,
37,2,0xf17f52151EbEF6C7334FAD080c5704D77216b732,0x774e6dbe576588995dd16abd1bef6eadbbba0126c9052650acb39e0c349d908c,22824,32097,80733,40366,0.002218,29612.95,29153.43,
37,3,0x17D90CC0C9cB61f27A5198c8a96f9eA19341b218,0x678f4fa997c3e55fdcfc0d0d8a51f068d6b873db3e3c5832d77784bdd599ee38,22824,32097,80733,40366,0.002218,30614.49,30152.50,
37,4,0x47242114086D2715A648d0391793730d2aB1CCa2,0xed610c1a7d09de798c7ab0b7bfa66aa7ffa2a4d7afe5e4dfb9208ec4e8cc1a5d,22824,32097,80733,40366,0.002218,30613.85,30154.07,
38,2,0xf17f52151EbEF6C7334FAD080c5704D77216b732,0xc21ab0b25b385c09af55d28061bf32cd201fdde1101eb0a6048f5687e1081e2a,22825,32097,80733,40366,0.002218,29612.31,29154.10,
38,3,0x17D90CC0C9cB61f27A5198c8a96f9eA19341b218,0x405ef4cd2ccb81b310661ce24e036421be858db51d588b758c90fede03937d70,22825,32097,80733,40366,0.002218,29608.46,29149.87,
38,4,0x47242114086D2715A648d0391793730d2aB1CCa2,0x672b73c679bceaf0c5828076ae1c3683d0c6c8ba9e408df1f9ae9193ee8cfa0d,22825,32097,80733,40366,0.002218,29611.03,29151.48,
38,1,0x627306090abaB3A6e1400e9345bC60c78a8BEf57,0xe250ec10c01b0eadcd266c3c6631575082c50ed1fec735bee403e2ef5f35fe55,22825,32097,80733,40366,0.002218,30627.20,30158.32,
39,3,0x17D90CC0C9cB61f27A5198c8a96f9eA19341b218,0x5f3cc1cb20e17b12b10c5e6ed0e4a619b73a164e7ecc801599159758cda325b1,22826,32097,80733,40366,0.002218,29602.91,29150.85,
39,4,0x47242114086D2715A648d0391793730d2aB1CCa2,0x267ca1c8d658180f6e394444cc7709114a24b3b76c5e0c47d11e8931b7783267,22826,32097,80733,40366,0.002218,29615.20,29152.03,
39,1,0x627306090abaB3A6e1400e9345bC60c78a8BEf57,0xa43ed10cb41322391a9ddc7f0e06905f4969e8a3a9572ea6eb8406fc80e7223d,22826,32097,80733,40366,0.002218,29635.26,29158.70,
39,2,0xf17f52151EbEF6C7334FAD080c5704D77216b732,0xb3200fdbacff7cf580ae76840e2246916c681ca6fd408f8ec661e7e67062abfb,22826,32097,80733,40366,0.002218,30612.59,30153.83,
40,1,0x627306090abaB3A6e1400e9345bC60c78a8BEf57,0x46cf9d89b501965c16c564728e6f13df7143e7d774777567d680a228421321c2,22827,32097,80733,40366,0.002218,29634.04,29157.69,
40,2,0xf17f52151EbEF6C7334FAD080c5704D77216b732,0x64a1f80d97c2457c4a55bd3dc7db628875f3d01552e3c674ba0140442dffc551,22827,32097,80733,40366,0.002218,29613.63,29154.66,
40,3,0x17D90CC0C9cB61f27A5198c8a96f9eA19341b218,0x3f2988f18f40de6d677824916c59a752e843337bcfe43bbf557e00d791dc170f,22827,32097,80733,40366,0.002218,30602.16,30152.06,
40,4,0x47242114086D2715A648d0391793730d2aB1CCa2,0x31e395981c278f8875c03338bb217e84786f5676558cc4af73694400a3652c50,22827,32097,80733,40366,0.002218,30612.38,30153.58,
41,3,0x17D90CC0C9cB61f27A5198c8a96f9eA19341b218,0x9d971d155bbdfef83ffb4f5a446c7ec2900975054f38dab6e669ffb54f01f8c2,22828,32097,80733,40366,0.002218,29602.17,29150.20,
41,4,0x47242114086D2715A648d0391793730d2aB1CCa2,0x5196c9ec0ece64b1a2ab618237e3527266e1f4f9e483833771789142f495b66b,22828,32097,80733,40366,0.002218,29615.66,29152.77,
41,1,0x627306090abaB3A6e1400e9345bC60c78a8BEf57,0x50473365c880cb2844f7ab82235b3af78a51741bbec62fb9f9b036311903b38a,22828,32097,80733,40366,0.002218,30632.53,30157.34,
41,2,0xf17f52151EbEF6C7334FAD080c5704D77216b732,0xf86d8b2531f4d5f87122f7083da57aa40e43fb781fd986eea83b47fb856b2ffc,22828,32097,80733,40366,0.002218,30609.91,30152.88,
42,4,0x47242114086D2715A648d0391793730d2aB1CCa2,0x9b3ee7d97f18024372f6ff2c011defbeb565d30fce91eeb10204e7ad5cb418be,22829,32097,80733,40366,0.002218,29611.92,29153.38,
42,1,0x627306090abaB3A6e1400e9345bC60c78a8BEf57,0x42b2002460cd51eec0ec66051884a3530c5409755bc06bac431fdbe580c1686b,22829,32097,80733,40366,0.002218,29627.56,29158.08,
42,2,0xf17f52151EbEF6C7334FAD080c5704D77216b732,0x57f7a9818a8a6603742d8be82959da9bab8fb003e333f9c294def0131b1ea0ec,22829,32097,80733,40366,0.002218,29609.49,29152.02,
42,3,0x17D90CC0C9cB61f27A5198c8a96f9eA19341b218,0x5d6f2fde8989553bb747d32557fcafe5543357c0edcd9650fe0daa4b5c72d29a,22829,32097,80733,40366,0.002218,30605.28,30153.71,
43,1,0x627306090abaB3A6e1400e9345bC60c78a8BEf57,0x69abef44143d2f9dd2fefd0a76bc3c0dbec26cf4b143cfeb99c3a9450a4d7fd8,22830,32097,80733,40366,0.002218,29631.12,29157.88,
43,2,0xf17f52151EbEF6C7334FAD080c5704D77216b732,0x5c087892eec1945daf390a28ecee5be94651d5d3c06af09890cb40e35ecaccf2,22830,32097,80733,40366,0.002218,29610.08,29151.92,
43,3,0x17D90CC0C9cB61f27A5198c8a96f9eA19341b218,0x5af5c86ecf1f5b8901885f43268115d8a0adf9898737adf6f80a30d6c978b94f,22830,32097,80733,40366,0.002218,29603.78,29151.59,
43,4,0x47242114086D2715A648d0391793730d2aB1CCa2,0xa3caabc3ca13559ec93a5944fc6407b872df363339bc3066630c9105e92030bf,22830,32097,80733,40366,0.002218,30615.79,30152.14,
44,3,0x17D90CC0C9cB61f27A5198c8a96f9eA19341b218,0xda3dc4415f07170572aaa33d01ca9da08c6e35f3fdb4be0c9e91c0b2da797b27,22831,32097,80733,40366,0.002218,29617.66,29151.79,
44,4,0x47242114086D2715A648d0391793730d2aB1CCa2,0x61c752e43c7a9daab82b5be9cd33b04e6b05cd25a0492ffe391c25bbe6b30102,22831,32097,80733,40366,0.002218,29613.68,29155.07,
44,2,0xf17f52151EbEF6C7334FAD080c5704D77216b732,0xa70bd2ac30acb09d73a2f4475398aa9c796371016226a37d8997aa70cc0bd8a5,22831,32097,80733,40366,0.002218,30624.62,30160.56,
44,1,0x627306090abaB3A6e1400e9345bC60c78a8BEf57,0x60127df56792b8e5ddaaed5b67c356bd6a2057254ea87419f4d94884870a0ef3,22831,32097,80733,40366,0.002218,30640.56,30164.51,
45,2,0xf17f52151EbEF6C7334FAD080c5704D77216b732,0x29a523f92e5e629bfb8a5413eebe215ec56cb91e64aa85665d1bf3e936ee7724,22832,32097,80733,40366,0.002218,29613.02,29152.78,
45,1,0x627306090abaB3A6e1400e9345bC60c78a8BEf57,0xc2bd2598aa3ffc7c062c18b8d851212d77fb14dbbf8d2f3975ece1c01add5cff,22832,32097,80733,40366,0.002218,29626.47,29156.67,
45,3,0x17D90CC0C9cB61f27A5198c8a96f9eA19341b218,0xd73b41c054a98cea11a490649839cf442879eb1de7ada1b4959f04ac0643e29a,22832,32097,80733,40366,0.002218,30604.30,30153.06,
45,4,0x47242114086D2715A648d0391793730d2aB1CCa2,0xb919b1429a499233f5b76106eedef56062dd4ddca9a905d81b675ca21375d7eb,22832,32097,80733,40366,0.002218,30609.95,30153.27,
46,1,0x627306090abaB3A6e1400e9345bC60c78a8BEf57,0xc38d691598dd1cd5e69d8d1aec465ad4975e0ec207b653f3182262a965ba765e,22833,32097,84043,42021,0.002309,29655.28,29162.97,
46,3,0x17D90CC0C9cB61f27A5198c8a96f9eA19341b218,0xca4ebb18ce898514ede22f32185b131fcd2f4fa16732549db9b300f8a9e7f03e,22833,32097,84043,42021,0.002309,29602.75,29149.67,
46,4,0x47242114086D2715A648d0391793730d2aB1CCa2,0x49bcc88806535134741f07dcba5f2b4e1fd8aeaec72094a3f6a1e666625d35bc,22833,32097,84043,42021,0.002309,29612.30,29155.08,
46,2,0xf17f52151EbEF6C7334FAD080c5704D77216b732,0xb8fc07ff5748095b12a68e83eb0bd0cbc75ce34d525f7d71ac6b0a81598a88e7,22833,32097,84043,42021,0.002309,30619.72,30156.35,
47,4,0x47242114086D2715A648d0391793730d2aB1CCa2,0xdaf5742cf943ee458b94d378dc40cd4949238ca6a80c242979a399bdde1b5768,22834,32097,84043,42021,0.002309,29619.75,29153.50,
47,2,0xf17f52151EbEF6C7334FAD080c5704D77216b732,0x9fbb1b75c5fdec31a041a33c1866e4451fb51cc1df648d5023e7e8412fef775a,22834,32097,84043,42021,0.002309,29613.63,29153.71,
47,1,0x627306090abaB3A6e1400e9345bC60c78a8BEf57,0x1d1d11a1fece84c483ea2f13ba61d4f227ce13c0dcc56131aae16300f9e3267b,22834,32097,84043,42021,0.002309,30634.82,30157.02,
47,3,0x17D90CC0C9cB61f27A5198c8a96f9eA19341b218,0xb68ae0221f2214ba6c13d65ccdf0897509b7524c18552eb44d89884c76332f30,22834,32097,84043,42021,0.002309,30608.42,30151.84,
48,2,0xf17f52151EbEF6C7334FAD080c5704D77216b732,0x9c291dd4f7339870575adcc5f5727b0588ad32983c00cf0beda1952bcb4b266e,22835,32097,94967,47483,0.002610,29625.43,29159.11,
48,1,0x627306090abaB3A6e1400e9345bC60c78a8BEf57,0xf7e332e28e914fce75b4123b03831057adf62fa64b69db2718f8ac602a5f5949,22835,32097,94967,47483,0.002610,29633.89,29160.35,
48,3,0x17D90CC0C9cB61f27A5198c8a96f9eA19341b218,0x585ecb93d6c4d574e32726b4199bc1ebb9c98d8e92739e437550dd8602acd82b,22835,32097,94967,47483,0.002610,29610.02,29150.53,
48,4,0x47242114086D2715A648d0391793730d2aB1CCa2,0x556b5b28e8955d1effbd1dbb4541b03c9b24aea4f711de036652a65bcee592c5,22835,32097,94967,47483,0.002610,30608.13,30152.39,
49,3,0x17D90CC0C9cB61f27A5198c8a96f9eA19341b218,0x2f0b4e45fffbf3b8e1901992931c30da387107bea08210e1c64ea4b7530ca28e,22836,32097,94967,47483,0.002610,29601.27,29151.41,
49,4,0x47242114086D2715A648d0391793730d2aB1CCa2,0x921595dc93cdf04676338988c0bf987491bdee3ecebf8e14b241538b3cbc7672,22836,32097,94967,47483,0.002610,29615.50,29153.14,
49,2,0xf17f52151EbEF6C7334FAD080c5704D77216b732,0xb5e483b024421b2f3c0cd35d66f66ed662943c83da5b2e686502ca6f97085962,22836,32097,94967,47483,0.002610,30609.54,30154.56,
49,1,0x627306090abaB3A6e1400e9345bC60c78a8BEf57,0x50af206fca48a31ff794ae28aa25b6b5d517ac4a7255f6a810d2745b384e44ae,22836,32097,94967,47483,0.002610,30629.35,30156.47,
50,2,0xf17f52151EbEF6C7334FAD080c5704D77216b732,0xa0a33499a1aac08fcd302983d1f6fb29c8d617ad67456c7f48af1c67e767d356,22837,32097,94967,47483,0.002610,29611.21,29152.54,
50,1,0x627306090abaB3A6e1400e9345bC60c78a8BEf57,0x9e9edf79bb5c144a6d53c5ee422cb9b3c53532fc5d72116bf61250de9fa94aef,22837,32097,94967,47483,0.002610,29632.98,29157.88,
50,3,0x17D90CC0C9cB61f27A5198c8a96f9eA19341b218,0x883fd887f525265c7e96fc749d8a1cd55a8770cef4ae9a45d123703e578e7741,22837,32097,94967,47483,0.002610,30608.47,30153.56,
50,4,0x47242114086D2715A648d0391793730d2aB1CCa2,0x09180bdee8dc2f147d7b588f5591e4dc658d02d6e662232feb53b74ae9e5184e,22837,32097,94967,47483,0.002610,30608.38,30153.35,
51,2,0xf17f52151EbEF6C7334FAD080c5704D77216b732,0xafeae5646e214fac3cd57757f7c01d917f62e78dab6b1e329b8b5bc1e0cc85e6,22838,32097,94967,47483,0.002610,29612.98,29153.64,
51,1,0x627306090abaB3A6e1400e9345bC60c78a8BEf57,0xa97c8609db1e680330f7c38ec5faffdd0918c524d4d30dd793cdbed445b602a7,22838,32097,94967,47483,0.002610,29633.11,29159.15,
51,3,0x17D90CC0C9cB61f27A5198c8a96f9eA19341b218,0x5df11e7ba644f94ad593ac96fefa0a234c7e7981b2670db906fc1e0e27feda1d,22838,32097,94967,47483,0.002610,29614.09,29153.38,
51,4,0x47242114086D2715A648d0391793730d2aB1CCa2,0x1bd74d70d599d5b34737e1598f5d743f53b58db396f2404c13b2560c220432d7,22838,32097,94967,47483,0.002610,29616.38,29155.73,
52,4,0x47242114086D2715A648d0391793730d2aB1CCa2,0xf7528ce7a3acf074300d467e19b89d4917b889b92c9a4b82fcc97f6f54943c81,22839,32097,94967,47483,0.002610,29611.40,29154.73,
52,2,0xf17f52151EbEF6C7334FAD080c5704D77216b732,0x92ed959835efc87480cbd30d30e464d17426317aec44c89e7d0a46a96551babe,22839,32097,94967,47483,0.002610,30611.88,30154.61,
52,1,0x627306090abaB3A6e1400e9345bC60c78a8BEf57,0xa8ede3b9660071079c557da89652358362a33f463b6edc72e37058f5b2492abe,22839,32097,94967,47483,0.002610,30629.60,30155.64,
52,3,0x17D90CC0C9cB61f27A5198c8a96f9eA19341b218,0xd798652e767a02a0fea42ad135023ffd2975d0f7bb23ae6ce9e368ddf982c714,22839,32097,94967,47483,0.002610,30617.58,30153.26,
53,2,0xf17f52151EbEF6C7334FAD080c5704D77216b732,0x838430a80a5b4b4544fe73fbd25f12300e99bce78439c2e15ba0d196a302de63,22840,32097,94967,47483,0.002610,29615.39,29154.31,
53,1,0x627306090abaB3A6e1400e9345bC60c78a8BEf57,0xe43dbb95739b4639fbf938605e872b1123bec7399ee10fb2f744bd16af44f478,22840,32097,94967,47483,0.002610,29631.11,29157.25,
53,3,0x17D90CC0C9cB61f27A5198c8a96f9eA19341b218,0x467788b9b5226482c8a7190f48f3a73841e9467085db93161fdd2e34e50652e7,22840,32097,94967,47483,0.002610,29615.03,29153.99,
53,4,0x47242114086D2715A648d0391793730d2aB1CCa2,0x99e9d0252879af4f556bff6c43976dac18cb8a08dc39e58eefdf8d9f248e3144,22840,32097,94967,47483,0.002610,30613.74,30152.95,
54,1,0x627306090abaB3A6e1400e9345bC60c78a8BEf57,0x45fa033bab9edb68edb20082f01dcb97c43de13e46becb6736251162b0dc39ae,22841,32097,94967,47483,0.002610,29633.20,29159.16,
54,3,0x17D90CC0C9cB61f27A5198c8a96f9eA19341b218,0xc0fdcc6034f33f82c603b64ccd3cbe7452370da141ddc4255a428af1e8177275,22841,32097,94967,47483,0.002610,29614.79,29155.92,
54,4,0x47242114086D2715A648d0391793730d2aB1CCa2,0x3841009a0a72bb025b10f21dd2486179d6ecad2cafc03a7ec7a5f2463503b248,22841,32097,94967,47483,0.002610,29611.64,29152.34,
54,2,0xf17f52151EbEF6C7334FAD080c5704D77216b732,0xe6112f5185091e72251a02ee3abacc297a950747961511c7cef0a6e2b4a02937,22841,32097,94967,47483,0.002610,30615.88,30155.72,
55,2,0xf17f52151EbEF6C7334FAD080c5704D77216b732,0x8ea717b0f84153af401421b8f0d25972d57877eaa661b7abb8a7bfa399ee2681,22842,32097,96085,48042,0.002640,29611.59,29151.17,
55,1,0x627306090abaB3A6e1400e9345bC60c78a8BEf57,0x7f8878cd5012de2b6bf726078b574b9da7112e82d722ab200fab5b95b2032b76,22842,32097,96085,48042,0.002640,30630.29,30157.68,
55,3,0x17D90CC0C9cB61f27A5198c8a96f9eA19341b218,0xe11db0c97786c1183a19e3bc44ae09ab75ad68eb92f44b1e0af02fb0cf111dc2,22842,32097,96085,48042,0.002640,30615.80,30153.04,
55,4,0x47242114086D2715A648d0391793730d2aB1CCa2,0xaccb8c0fd9e6d6923b9af1cb3f6bd915ac2e08e5e0d0ec7dad9c5491eff3e93f,22842,32097,96085,48042,0.002640,30612.02,30153.46,
56,2,0xf17f52151EbEF6C7334FAD080c5704D77216b732,0xaf9b6449854e4cd1705799e41de374274de75cf1ebddb4430e47d8e5e54dd185,22843,32109,109658,54829,0.003013,29611.28,29154.39,
56,1,0x627306090abaB3A6e1400e9345bC60c78a8BEf57,0xa49aa27d3c64fd629b5992a3b8a588189328bee731c1758c489465666110a833,22843,32109,109658,54829,0.003013,29632.83,29157.93,
56,3,0x17D90CC0C9cB61f27A5198c8a96f9eA19341b218,0x7810c0902417c46768954473ff24ddbda75df47c556941b06fc4148394ce5e2f,22843,32109,109658,54829,0.003013,29621.65,29154.32,
56,4,0x47242114086D2715A648d0391793730d2aB1CCa2,0xe9f2c20d53b4f51fde7d67b162ac7b90205b6c5c030121c1f49c48780f541d0c,22843,32109,109658,54829,0.003013,29615.04,29155.40,
57,3,0x17D90CC0C9cB61f27A5198c8a96f9eA19341b218,0x3e7903dd792c0cd3cb482b02ee386d9f985c720a00a31ef1184410218af29925,22844,32109,109658,54829,0.003013,29621.68,29159.23,
57,4,0x47242114086D2715A648d0391793730d2aB1CCa2,0xdb6da9308c60fee8c0b5f09bf5eb5cbf431d65129b99404c85d398fd1996e975,22844,32109,109658,54829,0.003013,29609.49,29152.36,
57,2,0xf17f52151EbEF6C7334FAD080c5704D77216b732,0x5d9942264bf1ac89ee6e368a923218e23e9cb9f7dce9a6fd019fdb7c2668a4f4,22844,32109,109658,54829,0.003013,30621.33,30154.60,
57,1,0x627306090abaB3A6e1400e9345bC60c78a8BEf57,0xaaa6c284350765d474719eea15f22e4bddbf78abfda1615398d9673c587e6e5d,22844,32109,109658,54829,0.003013,30634.29,30159.50,
58,2,0xf17f52151EbEF6C7334FAD080c5704D77216b732,0x8f433ff40ad54edbf5d4f8d9013ccb1cfd72411e60899edaed8cac9f74a96766,22845,32109,109658,54829,0.003013,29615.12,29153.13,
58,1,0x627306090abaB3A6e1400e9345bC60c78a8BEf57,0x2b958448b01335d24a2b1f34a7031ad92395a42e9c0ce9474c2a2a5d6571ea17,22845,32109,109658,54829,0.003013,29631.01,29156.71,
58,3,0x17D90CC0C9cB61f27A5198c8a96f9eA19341b218,0xdcebe08076020996b0936cbef949b3c3843e59fb39e9d3143f21ebf328b0303f,22845,32109,109658,54829,0.003013,30610.14,30151.46,
58,4,0x47242114086D2715A648d0391793730d2aB1CCa2,0xd74c7eab5229dff155867192e460fa20648761992523ca5ea7efd567f7a8f8df,22845,32109,109658,54829,0.003013,30615.38,30152.51,
59,3,0x17D90CC0C9cB61f27A5198c8a96f9eA19341b218,0x547d297b9c757e8cc480f06b76acace02ba1a4c60de0fefe03fddbcfcbe93e03,22846,32109,109658,54829,0.003013,29612.53,29150.19,
59,1,0x627306090abaB3A6e1400e9345bC60c78a8BEf57,0x714d5c371eebf60384a506df0b40ab201cc2ca2e4d049f2d6c2077e290863fcb,22846,32109,109658,54829,0.003013,29635.85,29158.03,
59,4,0x47242114086D2715A648d0391793730d2aB1CCa2,0x465bde5b9289f502604591af458def4275796aa3b617a94be13eb4dbc874dc32,22846,32109,109658,54829,0.003013,29617.32,29152.98,
59,2,0xf17f52151EbEF6C7334FAD080c5704D77216b732,0xb0ccffc03930e9b5fe5c5471805bcafaf2cd51a59f346d01aef37545efbfb120,22846,32109,109658,54829,0.003013,30625.21,30167.20,
60,4,0x47242114086D2715A648d0391793730d2aB1CCa2,0xcde60bf2855fa71ddbac4adfededd9ff36a84433cec8385cfccaaa6db24a3e78,22847,32109,109658,54829,0.003013,29615.20,29155.16,
60,2,0xf17f52151EbEF6C7334FAD080c5704D77216b732,0x6093d083407eeed5095e2f169f2ccb13e79b4327ba3189ce181d1de2314edd59,22847,32109,109658,54829,0.003013,29613.61,29153.22,
60,3,0x17D90CC0C9cB61f27A5198c8a96f9eA19341b218,0x9f61289e40d3f859b6db81c652e209288fe64cae6fb21b343d4cedec61481862,22847,32109,109658,54829,0.003013,30606.97,30151.17,
60,1,0x627306090abaB3A6e1400e9345bC60c78a8BEf57,0xc3cc53fbcba2857e93cb8c3030cca5ca9d9870634f75c314455aff9ca68e3df4,22847,32109,109658,54829,0.003013,30639.55,30159.70,
61,2,0xf17f52151EbEF6C7334FAD080c5704D77216b732,0xf50f2203d335369e286ae7b61a92ba3a20480747184f72e79f71c5a4479e9594,22848,32109,109658,54829,0.003013,29616.85,29155.23,
61,3,0x17D90CC0C9cB61f27A5198c8a96f9eA19341b218,0xa471d776ee2e1936b832c761bf617f4adda9e1d80771df43b4d1be815ae623bc,22848,32109,109658,54829,0.003013,29611.55,29155.87,
61,1,0x627306090abaB3A6e1400e9345bC60c78a8BEf57,0x0b54af6da96654e54e1e479ec4eabff43ed35ee71e791010d3b3ae5f56aa7b63,22848,32109,109658,54829,0.003013,29633.82,29156.92,
61,4,0x47242114086D2715A648d0391793730d2aB1CCa2,0x295b870bf78877eb8a5c8bb35a7eb7e012c1b0854d79f4a8b753429ce6d1f9ca,22848,32109,109658,54829,0.003013,30615.55,30153.39,
62,3,0x17D90CC0C9cB61f27A5198c8a96f9eA19341b218,0xb719c017e5b23aba89c54579314330a429efcf81e1de33c4b36ba2181cc8b606,22849,32109,109658,54829,0.003013,29602.67,29149.80,
62,1,0x627306090abaB3A6e1400e9345bC60c78a8BEf57,0x07828e6b5b8b4768470314b5a77a9bb469a1086bc01e5e2539a82b57a304d4e4,22849,32109,109658,54829,0.003013,29635.14,29156.34,
62,4,0x47242114086D2715A648d0391793730d2aB1CCa2,0x65d04454255e4c8865e214e26be80664f854afa602dfdde285c842a6416c1501,22849,32109,109658,54829,0.003013,29616.67,29151.26,
62,2,0xf17f52151EbEF6C7334FAD080c5704D77216b732,0xab5d00b2d37eebfac4a6b72e0848c3db450ca1a6e935b8bea98751b2c05ef315,22849,32109,109658,54829,0.003013,30615.48,30155.25,
63,2,0xf17f52151EbEF6C7334FAD080c5704D77216b732,0xb17adda95dc2d34f896067ccd61d188bb7a6d227f3a4390ac66c6fc1daf9238c,22850,32109,109658,54829,0.003013,29636.57,29173.43,
63,3,0x17D90CC0C9cB61f27A5198c8a96f9eA19341b218,0x3bdd4b6d58f96ac7b8232cb3114f8398271bd0079ff7bce88940e3f7091fd7bb,22850,32109,109658,54829,0.003013,30602.79,30152.15,
63,1,0x627306090abaB3A6e1400e9345bC60c78a8BEf57,0xcebb4a0061f669f10f9242dd410dac78e9c6deecc2c13fcaedb52df037d4841b,22850,32109,109658,54829,0.003013,30621.59,30151.45,
63,4,0x47242114086D2715A648d0391793730d2aB1CCa2,0xb088a3ae0c51e5bf1826a1313dc29e9208c32fb53775fafc1b70a6216134d74b,22850,32109,109658,54829,0.003013,30633.10,30170.04,
64,2,0xf17f52151EbEF6C7334FAD080c5704D77216b732,0x69c341499b9a911fd5e712952bcbadb54d141d3e5ca4e132bd79c4601bca4fe8,22851,32109,118143,59071,0.003247,29698.08,29173.33,
64,3,0x17D90CC0C9cB61f27A5198c8a96f9eA19341b218,0x8141d48862c5c18ec6a903eb949b5fb92a981a59367bc36ba98c32a358920d5e,22851,32109,118143,59071,0.003247,29610.12,29151.80,
64,1,0x627306090abaB3A6e1400e9345bC60c78a8BEf57,0x047e821b9bd5ea2878e50d15ed208e080897846bcbb88f523a359b1aba691093,22851,32109,118143,59071,0.003247,29602.42,29151.64,
64,4,0x47242114086D2715A648d0391793730d2aB1CCa2,0x815a3b44574cdd7c1f38af9933c2e68e5c73baf8d6efde36481f36821ce0326a,22851,32109,118143,59071,0.003247,29681.34,29170.39,
65,4,0x47242114086D2715A648d0391793730d2aB1CCa2,0x14ae4055cd44f32152e2945e953a64a6a9a9cf8ffbdc434041dc90404c458a4d,22852,32109,118143,59071,0.003247,29686.84,29169.22,
65,2,0xf17f52151EbEF6C7334FAD080c5704D77216b732,0xe0d13aac1b086340ece855dd654df53a22b8c39d4514c47390f43dcbf60285fb,22852,32109,118143,59071,0.003247,30694.51,30172.89,
65,3,0x17D90CC0C9cB61f27A5198c8a96f9eA19341b218,0x84a853d4d9d8da07fe210ff74536f9583dfd35b6d9544d6bd1bb39dd425988ed,22852,32109,118143,59071,0.003247,30603.11,30150.71,
65,1,0x627306090abaB3A6e1400e9345bC60c78a8BEf57,0xd23b645a2662b95279950ed2a2b4aa19f99eba52e143e2b68b34b0804751e9c2,22852,32109,118143,59071,0.003247,30602.52,30148.72,
66,3,0x17D90CC0C9cB61f27A5198c8a96f9eA19341b218,0xa20164d8af4a5fefd8e21ab8edf88b9af9627baf67d3cff1c12620c688f15764,22853,32109,118143,59071,0.003247,29600.72,29151.80,
66,2,0xf17f52151EbEF6C7334FAD080c5704D77216b732,0xb1bf59625eaa3ad7567bfdbface3400f401c85e7c8420114d6b8f19bd29fdf56,22853,32109,118143,59071,0.003247,29691.55,29174.08,
66,1,0x627306090abaB3A6e1400e9345bC60c78a8BEf57,0x2d04cacf7951c458eb8c5c85cb2f06ab70c7531409ea39b8bf6cac77c451de3e,22853,32109,118143,59071,0.003247,29598.20,29151.08,
66,4,0x47242114086D2715A648d0391793730d2aB1CCa2,0x4b8fb0e0f743eab73f174f05d257f9a3a032e94ca7580e4800e9ac9271c92ac5,22853,32109,118143,59071,0.003247,30681.69,30171.25,
67,3,0x17D90CC0C9cB61f27A5198c8a96f9eA19341b218,0x5b594a63b85ecf8cecc1d90fcca9bd86c148f3013b9e66913646011d2feaf6b7,22854,32109,118143,59071,0.003247,29617.48,29159.00,
67,1,0x627306090abaB3A6e1400e9345bC60c78a8BEf57,0x89d8bec2ce365d6eea54b559d162677486f65533f04c5e6299d26538b2f37c3c,22854,32109,118143,59071,0.003247,29630.77,29178.94,
67,2,0xf17f52151EbEF6C7334FAD080c5704D77216b732,0x57baad5990809c808a80ff58e4f3c139a942654ae97a4d16786698d0bfbe5e26,22854,32109,118143,59071,0.003247,29701.10,29176.40,
67,4,0x47242114086D2715A648d0391793730d2aB1CCa2,0xa235daaaa81634c78c2eaa08d40ba8867af8575b671e86c9189e14f92a09937d,22854,32109,118143,59071,0.003247,29677.13,29168.38,
68,4,0x47242114086D2715A648d0391793730d2aB1CCa2,0x6ebeaef59c5b7a8a1cb3abf3df58d75d346053d31a1911ea716245c2efbba43a,22855,32109,118143,59071,0.003247,29702.49,29195.13,
68,3,0x17D90CC0C9cB61f27A5198c8a96f9eA19341b218,0xeebcec1ed1ebe0d8efb4356538a09b982bd0c3ce217225b28cab1bb61a2e799c,22855,32109,118143,59071,0.003247,30622.37,30168.53,
68,1,0x627306090abaB3A6e1400e9345bC60c78a8BEf57,0x3372f414a45d7cd16578959eabf08ab1eac460be113b8ea15874365c1a6e9501,22855,32109,118143,59071,0.003247,30607.01,30157.06,
68,2,0xf17f52151EbEF6C7334FAD080c5704D77216b732,0xb21f3c4f6387ee2f505bb1d11d0b6d05cb622eb1d2fd3e8d076bf9c9e9b42ab0,22855,32109,118143,59071,0.003247,30698.40,30178.68,
69,4,0x47242114086D2715A648d0391793730d2aB1CCa2,0x95c7fc1ea8fcbc3305aa635a31465753abb5105e2399149f6563f8754fc308b8,22856,32109,123315,61657,0.003389,29710.97,29171.15,
69,3,0x17D90CC0C9cB61f27A5198c8a96f9eA19341b218,0x5a43d322580752cc5385ca2ecffa3e18171478b8dbca8a5554cb9f533704fe22,22856,32109,123315,61657,0.003389,29608.27,29152.69,
69,1,0x627306090abaB3A6e1400e9345bC60c78a8BEf57,0xd0012ada246f9eb3490b6934ebb9ffa02fce5921cdc3de382da71d6d2e0640f4,22856,32109,123315,61657,0.003389,29611.77,29156.96,
69,2,0xf17f52151EbEF6C7334FAD080c5704D77216b732,0x08a8f59028663a6936764d04aa0bd2f651ebe9fc0f7051289625e53969727eb7,22856,32109,123315,61657,0.003389,29702.14,29176.26,
70,1,0x627306090abaB3A6e1400e9345bC60c78a8BEf57,0xc883c5400d3f8336ef64c9750e9070f9608b24e7255ff7cfa2ba15e0a0542833,22857,32109,123315,61657,0.003389,29615.12,29161.27,
70,2,0xf17f52151EbEF6C7334FAD080c5704D77216b732,0x28bf74148af189e6eafe9d5de21581e70b4869fc1f715cbe398e707888c36fdd,22857,32109,123315,61657,0.003389,29700.82,29177.60,
70,4,0x47242114086D2715A648d0391793730d2aB1CCa2,0x900815a3683c59f4556b53db56bd8500e2dc2de37a3579106a67efaaed956cdc,22857,32109,123315,61657,0.003389,30694.46,30172.06,
70,3,0x17D90CC0C9cB61f27A5198c8a96f9eA19341b218,0x604de74c43f0bcc4fb825937cb46a475f6a434358027836cb58ee6288321ea4b,22857,32109,123315,61657,0.003389,30612.69,30153.02,
71,2,0xf17f52151EbEF6C7334FAD080c5704D77216b732,0xde718e5c16aca3ef54d545d506131b3570fe35a64d6e4a99cb8acb7445243961,22858,32109,123315,61657,0.003389,29751.82,29211.95,
71,4,0x47242114086D2715A648d0391793730d2aB1CCa2,0x7ceb12d4e5299e534cf21fad96165a04f2e1e9425e882af169552cb6a08b2267,22858,32109,123315,61657,0.003389,29726.11,29183.56,
71,3,0x17D90CC0C9cB61f27A5198c8a96f9eA19341b218,0x8f92edb7c283da16634425eb4df20247d953ce9a029a0b78a2934dcacf17e20c,22858,32109,123315,61657,0.003389,29626.81,29153.07,
71,1,0x627306090abaB3A6e1400e9345bC60c78a8BEf57,0xc067681e40a6afbbaa448dcea664c0ff33c5b5e906de7c6812e3fb0e6184a2b6,22858,32109,123315,61657,0.003389,30716.26,30181.77,
72,4,0x47242114086D2715A648d0391793730d2aB1CCa2,0x2c2824a7a198d0bdd5bfab13246b644a61279cb5ff124ff561a73fd276f839e4,22859,32109,123315,61657,0.003389,29681.55,29170.89,
72,3,0x17D90CC0C9cB61f27A5198c8a96f9eA19341b218,0xf1722610107cdef6d256233feda92c2c205e0d1dcc21ff4c690ad8ac0f2ce0eb,22859,32109,123315,61657,0.003389,29648.69,29195.13,
72,1,0x627306090abaB3A6e1400e9345bC60c78a8BEf57,0x5b60423baed389e4dc48fe8ccebfea00bf5cf0c32803d3fde64bf0b57f4da0d9,22859,32109,123315,61657,0.003389,29605.32,29149.67,
72,2,0xf17f52151EbEF6C7334FAD080c5704D77216b732,0x4ab2d4093e4c2b923a74e2e359abb9f4af5aed9aa13d06c81c430fb8c6f013b9,22859,32109,123315,61657,0.003389,30745.05,30175.58,
73,2,0xf17f52151EbEF6C7334FAD080c5704D77216b732,0x59a55f1805275332ce56984c6ba7812090a49014f4363ad0ca731828bfb2ee1e,22860,32109,127453,63726,0.003502,29720.65,29177.67,
73,3,0x17D90CC0C9cB61f27A5198c8a96f9eA19341b218,0xfa91618ca8fb078960726d4b1291eb049eacae2cffc2d4e0fa87e33b9a123154,22860,32109,127453,63726,0.003502,30621.58,30161.73,
73,4,0x47242114086D2715A648d0391793730d2aB1CCa2,0x06d00a96f50e239006fb6f08dcfbd3429802e80deb476b5452bd82473ef9f51d,22860,32109,127453,63726,0.003502,30679.89,30169.27,
73,1,0x627306090abaB3A6e1400e9345bC60c78a8BEf57,0x0dc119b5eb173c5606154a6f48e39a273f2880fff83a3c31ff5ef86590cafbb4,22860,32109,127453,63726,0.003502,30621.90,30159.65,
74,2,0xf17f52151EbEF6C7334FAD080c5704D77216b732,0xc92e914c90901dc23f815d1bc6355f47333ef93fe0f9afca2cbb6c606ff8a6de,22861,32109,127453,63726,0.003502,29704.90,29180.22,
74,3,0x17D90CC0C9cB61f27A5198c8a96f9eA19341b218,0xaec5001287d0cd468d0696684955063b9b5162d50182b49cb9ce4539f75cebf2,22861,32109,127453,63726,0.003502,29630.06,29177.28,
74,4,0x47242114086D2715A648d0391793730d2aB1CCa2,0xa48b2ad73b33847759c4f002b05bd84b46a677c78341f647c3cf1c4ec40425e3,22861,32109,127453,63726,0.003502,29692.24,29181.49,
74,1,0x627306090abaB3A6e1400e9345bC60c78a8BEf57,0xe500e2bf1c7e3c0ab679115b950ddbdb69fddd35f71a5a8dcd36a7d8124d1a8c,22861,32109,127453,63726,0.003502,29613.03,29163.00,
75,3,0x17D90CC0C9cB61f27A5198c8a96f9eA19341b218,0x92ac6ee52fe763fd0aa0e7a323d0bd96892217c0ac066c1889e810807bb33410,22862,32109,127453,63726,0.003502,29612.28,29161.18,
75,1,0x627306090abaB3A6e1400e9345bC60c78a8BEf57,0x9f013d8936f3a6e2cb2690662dc765129476dec72e68626b2e14202d9c62fbaa,22862,32109,127453,63726,0.003502,29612.08,29154.48,
75,4,0x47242114086D2715A648d0391793730d2aB1CCa2,0x95c642e9397fa06c850ff97007ab04a6636bd7027b5747b2958698a5289c0e51,22862,32109,127453,63726,0.003502,29685.27,29171.86,
75,2,0xf17f52151EbEF6C7334FAD080c5704D77216b732,0x9f6134f3c0f59a20d55b0e4cd92f2078cd091925155c056ced4a9c97e3fca03d,22862,32109,127453,63726,0.003502,30727.12,30175.57,
76,2,0xf17f52151EbEF6C7334FAD080c5704D77216b732,0x223960d99d17e2a260166af966952531725abcc0a7f8ac9682c09b68da4e049e,22863,32109,129563,64781,0.003560,29713.69,29173.86,
76,3,0x17D90CC0C9cB61f27A5198c8a96f9eA19341b218,0x7770f9639b1c78b89b7fbad5b5cb8a88bdc8f32f7077b176da78553975998e5b,22863,32109,129563,64781,0.003560,30625.27,30165.79,
76,1,0x627306090abaB3A6e1400e9345bC60c78a8BEf57,0x3957afa366851bf892732c7438d4b930f280462f3f29305b364cf03ea1bd294a,22863,32109,129563,64781,0.003560,30614.65,30150.07,
76,4,0x47242114086D2715A648d0391793730d2aB1CCa2,0x62141fa8a8d5410e41e96ef154cbb9631fc444af689d9f7ab4e721aa8ae88765,22863,32109,129563,64781,0.003560,30709.01,30175.51,
77,3,0x17D90CC0C9cB61f27A5198c8a96f9eA19341b218,0x901428b99790fd9d31659cefa9cff7789d656fb3ebbafab95dff7d810cdb7071,22864,32109,134445,67222,0.003695,29599.71,29151.81,
77,2,0xf17f52151EbEF6C7334FAD080c5704D77216b732,0x291e9408a669dc37f8949ef4bcc6da2f6e8c6dc2f6abe9437ae17ddfa1c48628,22864,32109,134445,67222,0.003695,29703.48,29175.78,
77,1,0x627306090abaB3A6e1400e9345bC60c78a8BEf57,0xaddd39831db655255d8d3ca4c2f864cfd5be5b350b063e32d7305b06e1720b63,22864,32109,134445,67222,0.003695,29601.24,29151.73,
77,4,0x47242114086D2715A648d0391793730d2aB1CCa2,0xcab528f17ae6fa9c160ebf356bb2eec97fc3e5a0e7827ecbe93a4cfb2df08404,22864,32109,134445,67222,0.003695,29679.91,29171.88,
78,1,0x627306090abaB3A6e1400e9345bC60c78a8BEf57,0xac02b5a31950e7580633dcb5ba2d576cb8d0c9992813db344b5b89514938ffa4,22865,32109,134445,67222,0.003695,29594.70,29149.55,
78,2,0xf17f52151EbEF6C7334FAD080c5704D77216b732,0x106cc111bc196613f81c245237b6cbfe5782aecee30675fde5ff1c925797ef3d,22865,32109,134445,67222,0.003695,29699.05,29174.57,
78,4,0x47242114086D2715A648d0391793730d2aB1CCa2,0xa0232593514a2dfbc9322bc5089432d99d8392607633b6bf1ae9aba3d6e33b8b,22865,32109,134445,67222,0.003695,29681.10,29169.67,
78,3,0x17D90CC0C9cB61f27A5198c8a96f9eA19341b218,0x29a49acf0d722c13bc39ede8a507cd6db3888585aa6444de89791f6883aa20e5,22865,32109,134445,67222,0.003695,30593.57,30149.36,
79,3,0x17D90CC0C9cB61f27A5198c8a96f9eA19341b218,0x221edde1dee28296ebf1252eabda68b60f611fd7bbf3f54825718898b0a3d5b3,22866,32109,134445,67222,0.003695,29599.52,29148.98,
79,1,0x627306090abaB3A6e1400e9345bC60c78a8BEf57,0xc8d1d2a61fcd5f849ba3bc8275f0de52380d9b1d5f86ce194876be2544317190,22866,32109,134445,67222,0.003695,30597.13,30149.65,
79,2,0xf17f52151EbEF6C7334FAD080c5704D77216b732,0xe938a871c6ef3da8066cdc3811b6c8b60376adea723a3b1122ead87c5bf53b02,22866,32109,134445,67222,0.003695,30696.67,30173.97,
79,4,0x47242114086D2715A648d0391793730d2aB1CCa2,0x598e4ae5e28eebc7a935aefe74d3f2029f75615683a4efe9519a707000d69b9e,22866,32109,134445,67222,0.003695,30681.48,30169.02,
80,3,0x17D90CC0C9cB61f27A5198c8a96f9eA19341b218,0x5882672957b02583e0997b8e4671fd77ab0a396d98cd3f22574dfc62da23c9a0,22867,32109,135853,67926,0.003733,29592.19,29148.46,
80,1,0x627306090abaB3A6e1400e9345bC60c78a8BEf57,0x6ddc01482a44e8a42f5f8c51560fdf904a590f99fd4816b7b3279b6c6e017581,22867,32109,135853,67926,0.003733,29598.10,29149.29,
80,2,0xf17f52151EbEF6C7334FAD080c5704D77216b732,0xefec5bcfd238a7e624d23508eb77f137aef3a244f29f8332946ca083bfb1b57c,22867,32109,135853,67926,0.003733,29693.10,29176.25,
80,4,0x47242114086D2715A648d0391793730d2aB1CCa2,0x8f05c8d42f9c9d3685a98584747eafe087b5fe8957f482f22c410a8c2c86822d,22867,32109,135853,67926,0.003733,29678.89,29171.61,
81,2,0xf17f52151EbEF6C7334FAD080c5704D77216b732,0xdab55edec8745ce7a07c81e7e62fbc994ef32e14f3ea9c11fc90ef4286adcdd3,22868,32109,153565,76782,0.004220,29737.78,29175.66,
81,4,0x47242114086D2715A648d0391793730d2aB1CCa2,0xae88aaf5e7ec8a4521e4ed7efde4a459292f75f1f3e7791609d5ffae6d767508,22868,32109,153565,76782,0.004220,29688.68,29172.31,
81,3,0x17D90CC0C9cB61f27A5198c8a96f9eA19341b218,0xb4534d3d5ceb3592c2008cbfc889b720684d4a1239b17ff35a826b4bc2e58df9,22868,32109,153565,76782,0.004220,30596.33,30147.64,
81,1,0x627306090abaB3A6e1400e9345bC60c78a8BEf57,0x40defa063b88225653573bd96993442b3aa168232ffde4086a8b2e1110e02770,22868,32109,153565,76782,0.004220,30607.95,30149.50,
82,4,0x47242114086D2715A648d0391793730d2aB1CCa2,0x344dd27ba2758fe5da54022c8ccc1ed83ac636348151b184d6e57faf1cb24c38,22869,32109,153565,76782,0.004220,29686.69,29171.99,
82,3,0x17D90CC0C9cB61f27A5198c8a96f9eA19341b218,0x2d0ad52f26f6ed96904cefd443fa58a5d43012d33c95cb373dd974f2919087a5,22869,32109,153565,76782,0.004220,29602.09,29149.14,
82,1,0x627306090abaB3A6e1400e9345bC60c78a8BEf57,0x8dc90e5d76b1526e2e0204b38473e023024d2e3afcf43886bc66535201c67028,22869,32109,153565,76782,0.004220,29600.35,29148.64,
82,2,0xf17f52151EbEF6C7334FAD080c5704D77216b732,0xf0dcfb1efda37bcb8729ff84d99d043d2839a616d12b8525ecfa0f3fdffd0277,22869,32109,153565,76782,0.004220,30700.43,30174.30,
83,1,0x627306090abaB3A6e1400e9345bC60c78a8BEf57,0xa37f42478cd1dce68394dc1c82d6a0f73cf1759eddca6bfc5471ae3c8699b351,22870,32109,153565,76782,0.004220,29609.62,29152.68,
83,2,0xf17f52151EbEF6C7334FAD080c5704D77216b732,0xe6b149334fdfa78f6051e72c5c0293e0523977e1c29162dc12d2384a823466f3,22870,32109,153565,76782,0.004220,29712.01,29176.38,
83,4,0x47242114086D2715A648d0391793730d2aB1CCa2,0x62d8d981264397c93ef9d4619350ede96131cbc729540dfd1ad55c262e92cd01,22870,32109,153565,76782,0.004220,30685.55,30171.29,
83,3,0x17D90CC0C9cB61f27A5198c8a96f9eA19341b218,0xae1050704caa5d12d9106a4a427f170b1409341b0e83cb8ba6a8cd2c9de8e4e1,22870,32109,153565,76782,0.004220,30598.70,30148.42,
84,2,0xf17f52151EbEF6C7334FAD080c5704D77216b732,0x51c4c9fbd9139d29dbf68c7ee9201a7c836aadfe87afd37d7b48cc8a52d79129,22871,32109,153565,76782,0.004220,29701.66,29177.61,
84,4,0x47242114086D2715A648d0391793730d2aB1CCa2,0xef00c46fc69b8daa6845060be827e70150a159dd28520b8489cc5def325cf7fb,22871,32109,153565,76782,0.004220,29686.67,29171.36,
84,3,0x17D90CC0C9cB61f27A5198c8a96f9eA19341b218,0x53882416272ecadf4dbe9e8fadb87a8cb33ac2822fadc098709f4f1493e82ee6,22871,32109,153565,76782,0.004220,29593.35,29149.60,
84,1,0x627306090abaB3A6e1400e9345bC60c78a8BEf57,0x04dfa367bafa2b165913b1a1e89814f451d18344dca668f9f3587ae6983cb25f,22871,32109,153565,76782,0.004220,30598.80,30149.82,
85,2,0xf17f52151EbEF6C7334FAD080c5704D77216b732,0x7d768abac200035019fe5f5bc643b798b464589ad70ab590cd245ac6f5db2b75,22872,32109,153565,76782,0.004220,29706.78,29177.07,
85,3,0x17D90CC0C9cB61f27A5198c8a96f9eA19341b218,0x1bf85649899af396ca4337bfa851dd29b876de0c5032b83a9249c9314e72cc9e,22872,32109,153565,76782,0.004220,29599.71,29151.17,
85,4,0x47242114086D2715A648d0391793730d2aB1CCa2,0x169e8e8c6765c9770deabf7b92b5ac239be776777a4affb002f091386e80df6c,22872,32109,153565,76782,0.004220,29687.36,29171.81,
85,1,0x627306090abaB3A6e1400e9345bC60c78a8BEf57,0x32ed98d4f9ed2a01b7b884a61bcbd32a41a438f4fc6ad1c965082c03e7b326fa,22872,32109,153565,76782,0.004220,29604.29,29150.59,
86,3,0x17D90CC0C9cB61f27A5198c8a96f9eA19341b218,0x10da8ec69e8c1bcdb02357ba2b155b8064ccae25d10cbacaffd19692393cb900,22873,32109,153565,76782,0.004220,30597.37,30148.57,
86,2,0xf17f52151EbEF6C7334FAD080c5704D77216b732,0x4980781db6f5c646bc32b81a2e7bd1bbbf2a12f275175c4ec0e18ef5ae434f20,22873,32109,153565,76782,0.004220,30704.97,30177.26,
86,4,0x47242114086D2715A648d0391793730d2aB1CCa2,0xf18e56a9812e0d4885633c81611d90117be5b1ace740a5e9291b1c4917c4ee2f,22873,32109,153565,76782,0.004220,30695.71,30175.64,
86,1,0x627306090abaB3A6e1400e9345bC60c78a8BEf57,0x23bae8d0c25c8a4f80e4fbd3647604c765b169fe908f95cb9e62ffe1f36e9e06,22873,32109,153565,76782,0.004220,30598.93,30150.05,
87,3,0x17D90CC0C9cB61f27A5198c8a96f9eA19341b218,0x6d5f9819dfe91d2c60eb265a9d47db5ec0f476681dd6b6bd152c35567f8dd6fd,22874,32109,153565,76782,0.004220,29595.27,29149.21,
87,1,0x627306090abaB3A6e1400e9345bC60c78a8BEf57,0xf0b9a62c62c4da9df392c506e693e581321957d27069f3855eac901aacb93233,22874,32109,153565,76782,0.004220,29609.10,29150.46,
87,2,0xf17f52151EbEF6C7334FAD080c5704D77216b732,0x825cb949b9ed77763ab94b9f3bb924ce0700b4cf81848c5ce0a711601ce2ac04,22874,32109,153565,76782,0.004220,29708.32,29176.78,
87,4,0x47242114086D2715A648d0391793730d2aB1CCa2,0xe9fcd695d9cbbc7bcdc39af47576c5351d4fef67dd0fa52370ccceebc58bf4ba,22874,32109,153565,76782,0.004220,29709.74,29173.98,
88,1,0x627306090abaB3A6e1400e9345bC60c78a8BEf57,0x7f6d44fa6c70371819035283a34d619bc7a42d5bbd851f52bd2ba04f2aee75e6,22875,32109,153565,76782,0.004220,29601.44,29149.67,
88,2,0xf17f52151EbEF6C7334FAD080c5704D77216b732,0x92efb968b4ff81f3f9d4b35d23341875f29466aa98d6c223e243fde16e48fb4c,22875,32109,153565,76782,0.004220,29707.26,29177.69,
88,4,0x47242114086D2715A648d0391793730d2aB1CCa2,0xc61de95dc3f3e187b6e488e1a6d9fcf0ef4b70f1409f32e9d58dd37093b75edb,22875,32109,153565,76782,0.004220,29691.66,29172.47,
88,3,0x17D90CC0C9cB61f27A5198c8a96f9eA19341b218,0x60a8aeb57c064f71b83aebb512493461b055365ca8c53946ecc16db46b28879e,22875,32109,153565,76782,0.004220,30597.82,30150.18,
89,3,0x17D90CC0C9cB61f27A5198c8a96f9eA19341b218,0xfd1b170ba5a1ffd9d7aa60431339bc4e7f870150a2c78e7a0172fb852a32ecc7,22876,32109,153565,76782,0.004220,29598.69,29148.38,
89,1,0x627306090abaB3A6e1400e9345bC60c78a8BEf57,0xaf2d4d4e71ed9ab34b132c5778e90997148e3ac25c893b1868260a943ea44b23,22876,32109,153565,76782,0.004220,30600.85,30153.38,
89,2,0xf17f52151EbEF6C7334FAD080c5704D77216b732,0xaab7798b5c34dc55a6c93cc8703acaaeb13c9e9343bc79ec7fb78e220c970db7,22876,32109,153565,76782,0.004220,30706.98,30176.32,
89,4,0x47242114086D2715A648d0391793730d2aB1CCa2,0xb32245731993da9bc15aecec78d56fdfe13b30a63c301c57e1b2b078e42c287e,22876,32109,153565,76782,0.004220,30686.24,30172.15,
90,3,0x17D90CC0C9cB61f27A5198c8a96f9eA19341b218,0x65f8ccf44b90b7d6658fc6134d1f8796ef435437b4f9cdc14f2876bbeccd7ace,22877,32109,154682,77341,0.004251,29594.96,29147.69,
90,1,0x627306090abaB3A6e1400e9345bC60c78a8BEf57,0x4eeb005a35327bce81609b54e94af7d2744b73b3fb0071b8174c7b358bad8a90,22877,32109,154682,77341,0.004251,29610.24,29149.19,
90,4,0x47242114086D2715A648d0391793730d2aB1CCa2,0xabc00b9b672e55e6ad297fd3b701ab7c16f1d1d119f263053d918954c57a7378,22877,32109,154682,77341,0.004251,29687.06,29171.57,
90,2,0xf17f52151EbEF6C7334FAD080c5704D77216b732,0x15a70e7460670855d9bd7d554deb0d7eda8c44ac332df4aa9668d1bb07d8e1b7,22877,32109,154682,77341,0.004251,29701.14,29175.28,
91,4,0x47242114086D2715A648d0391793730d2aB1CCa2,0x8d7e68dc45a5ed463fe3b6a4bc4fa2055e9a1aba0da2129212864f9f14f706b0,22878,32109,156090,78045,0.004290,29687.34,29173.17,
91,2,0xf17f52151EbEF6C7334FAD080c5704D77216b732,0x9d2c1ef28bc89f7a159d575017a6873fa11f567daa1e6532ad60da5a773cc39a,22878,32109,156090,78045,0.004290,29705.64,29179.17,
91,3,0x17D90CC0C9cB61f27A5198c8a96f9eA19341b218,0x6b8b84d1e97df9457c90814c348012d798e8bd9b0807ee9b9ba6381fbdbcb11b,22878,32109,156090,78045,0.004290,30595.42,30151.49,
91,1,0x627306090abaB3A6e1400e9345bC60c78a8BEf57,0x5ec8e34aa2c6aa328e752fc89748f836675608987ab9777879ac3237025071ee,22878,32109,156090,78045,0.004290,30596.36,30149.56,
92,3,0x17D90CC0C9cB61f27A5198c8a96f9eA19341b218,0xd9fab37986bc1cf48328c11c39c185029250d8b3694150314f2b23ff3c8d6e72,22879,32109,160060,80030,0.004399,29605.86,29157.81,
92,1,0x627306090abaB3A6e1400e9345bC60c78a8BEf57,0xb1899f2ca124f96c8ddaab5f362ec7b2b3ce1349d81aab3178c4315e008df715,22879,32109,160060,80030,0.004399,29601.86,29153.39,
92,4,0x47242114086D2715A648d0391793730d2aB1CCa2,0xd194ac5a111b8d32a1d9daec6c614248db08a459087e2a93d00b075d2d20f6b0,22879,32109,160060,80030,0.004399,30689.59,30172.12,
92,2,0xf17f52151EbEF6C7334FAD080c5704D77216b732,0x459bc2075dcaa703bff618ddcf7472c7101a25cc64cd086b5ec0650834779532,22879,32109,160060,80030,0.004399,30704.66,30177.71,
93,1,0x627306090abaB3A6e1400e9345bC60c78a8BEf57,0x812105e9b943ff159beb6d3990d51736e045e5c31fe598b9105f709892c1297f,22880,32109,160060,80030,0.004399,29621.84,29165.92,
93,4,0x47242114086D2715A648d0391793730d2aB1CCa2,0xee83a0ae6b66ef5fcca4aafe1a1d0e077f7f6a9fcf28c7cd88d83f4ce465bcf6,22880,32109,160060,80030,0.004399,29692.32,29177.58,
93,2,0xf17f52151EbEF6C7334FAD080c5704D77216b732,0x0bb8e196e2ceee2f434a055a00637bc6ad2e4efbee0b2dbdde3b19995201b9ed,22880,32109,160060,80030,0.004399,29718.15,29183.46,
93,3,0x17D90CC0C9cB61f27A5198c8a96f9eA19341b218,0x55f90637d6f0164f417c49daf9325c7b1c490fa73e269fb9c53409c1c677855a,22880,32109,160060,80030,0.004399,30621.90,30159.94,
94,4,0x47242114086D2715A648d0391793730d2aB1CCa2,0xb3808cc9879fde069e42923b69aa1c703a16f479d3d4d4abf2c21c786a62360e,22881,32109,160060,80030,0.004399,29691.29,29160.00,
94,2,0xf17f52151EbEF6C7334FAD080c5704D77216b732,0xb21c771dd86c4cd8e47abf3a702fe64468dbd5f91394da4c120c49cb4dffe790,22881,32109,160060,80030,0.004399,29712.14,29168.51,
94,1,0x627306090abaB3A6e1400e9345bC60c78a8BEf57,0x47d481a26568c64a3ce15d67996e51299e4e4fbff996cb779e69abd2176c5404,22881,32109,160060,80030,0.004399,30631.68,30153.94,
94,3,0x17D90CC0C9cB61f27A5198c8a96f9eA19341b218,0xe3e5c2721216649bac2299ce1e8e1886a2de324ce681298d69e314293a337b62,22881,32109,160060,80030,0.004399,29911.97,29156.09,
95,2,0xf17f52151EbEF6C7334FAD080c5704D77216b732,0xdfd0ce5d4db7a290fc38e7856ae80a0303023f23fe8c264d05ba96da3b7bc9ff,22882,32109,161757,80878,0.004445,29654.03,29166.59,
95,1,0x627306090abaB3A6e1400e9345bC60c78a8BEf57,0x7acdafcfd2d8fe5f48e016c599e659ca1ed1b7923f015a016c859892ca197b4d,22882,32109,161757,80878,0.004445,29624.43,29160.57,
95,3,0x17D90CC0C9cB61f27A5198c8a96f9eA19341b218,0x83868ab5a684897d3e2650064c6379b2bed5a3cd880145d8615597e9ba6399cc,22882,32109,161757,80878,0.004445,29643.37,29165.13,
95,4,0x47242114086D2715A648d0391793730d2aB1CCa2,0xafe5d4518d657677e303cc10641d81a639c096f5771fdc91727294ce5cd74d39,22882,32109,161757,80878,0.004445,30646.89,30161.83,
96,1,0x627306090abaB3A6e1400e9345bC60c78a8BEf57,0xbae90d0bcdff7a58efa7c04cca2bd6ec854066594c61fe9bfe1230725459e1d3,22883,32109,167883,83941,0.004614,29668.20,29191.16,
96,3,0x17D90CC0C9cB61f27A5198c8a96f9eA19341b218,0xf2253aa01afa2af094a5bd4120e80b423df8cd3f233f40d3657771e2e3c0f8c3,22883,32109,167883,83941,0.004614,29640.59,29158.58,
96,4,0x47242114086D2715A648d0391793730d2aB1CCa2,0xae3fac909eac5bffc3e6e3f1f1757760c445e75747b56ce61f7e549cb5eb8d76,22883,32109,167883,83941,0.004614,29651.59,29160.07,
96,2,0xf17f52151EbEF6C7334FAD080c5704D77216b732,0xbc5acf5c1d5c6121c17cacc46bd92669603942927e2b33e66d5f3c1b4dc0d824,22883,32109,167883,83941,0.004614,30702.65,30178.19,
97,4,0x47242114086D2715A648d0391793730d2aB1CCa2,0x358271a3d2e78923af9bd2db7b6dc2e6876fc111503646292911285ddd35a3d9,22884,32109,167883,83941,0.004614,29653.06,29159.46,
97,2,0xf17f52151EbEF6C7334FAD080c5704D77216b732,0x883fd0661a1da9da9093edf34d727b4de7386530356f13c6fc313cfbd6aa28f7,22884,32109,167883,83941,0.004614,29691.92,29162.16,
97,1,0x627306090abaB3A6e1400e9345bC60c78a8BEf57,0x82a8941336d32e65e6303f60616fa4aaad1b2ed6790b33f1caacff5e8707d2f0,22884,32109,167883,83941,0.004614,30642.93,30154.30,
97,3,0x17D90CC0C9cB61f27A5198c8a96f9eA19341b218,0xcc311152a3aa38291769075ca133bbbfc35de7311d8c0f6281b3faf364f70aeb,22884,32109,167883,83941,0.004614,30631.35,30154.36,
98,2,0xf17f52151EbEF6C7334FAD080c5704D77216b732,0x1127ceb403addb47b92e10a340eb2e373ee9a8bd0227047fbe5b793b2c39c965,22885,32109,167883,83941,0.004614,29647.65,29161.11,
98,1,0x627306090abaB3A6e1400e9345bC60c78a8BEf57,0x239c7b93a0d11208279dd9ddf5a90f4477f0acf0f9e57bd46bd378a278a7a34b,22885,32109,167883,83941,0.004614,29618.31,29150.73,
98,3,0x17D90CC0C9cB61f27A5198c8a96f9eA19341b218,0x18a6cf1aa9b3ceb6a4c9c15e191c628b9d0feec2eda4129f620be7f8033a06c7,22885,32109,167883,83941,0.004614,29610.39,29156.46,
98,4,0x47242114086D2715A648d0391793730d2aB1CCa2,0xe4975c29f8bd5d16dcdede14c1a62f5200c0d5da71b248a272d7a5d92aaf402a,22885,32109,167883,83941,0.004614,30643.69,30155.09,
99,4,0x47242114086D2715A648d0391793730d2aB1CCa2,0x43d4701b74f5a07e0312db7b54714c669dea882f208ddf641a86f8fa70e20aa0,22886,32109,167883,83941,0.004614,29624.85,29155.89,
99,2,0xf17f52151EbEF6C7334FAD080c5704D77216b732,0x31d3cbd26bbe0f7e6c3d6fab15def98c08dea3d4a85f4a886f0274b3f07eaf44,22886,32109,167883,83941,0.004614,30649.64,30161.80,
99,1,0x627306090abaB3A6e1400e9345bC60c78a8BEf57,0x200312ea9610003e4c09d98e507357b9b21634c445cb1ed8ca4e88472511e400,22886,32109,167883,83941,0.004614,30612.57,30152.23,
99,3,0x17D90CC0C9cB61f27A5198c8a96f9eA19341b218,0xc2132b6663a98bfbb59b0f46ff77fef7fecdd2b97c84f8233257bd2d61a88fa3,22886,32109,167883,83941,0.004614,30609.74,30151.82,
100,4,0x47242114086D2715A648d0391793730d2aB1CCa2,0x8968ae9d66e426a7693e8efce0f0b398648a5371a5dd7d9d9419db7b78c1447f,22887,32109,167883,83941,0.004614,29632.24,29157.93,
100,2,0xf17f52151EbEF6C7334FAD080c5704D77216b732,0x9d17e162cc49b3a82e89192842d9f7b6a3c08d09a4edb3f5c6b81ca4283c8a42,22887,32109,167883,83941,0.004614,29642.20,29159.43,
100,1,0x627306090abaB3A6e1400e9345bC60c78a8BEf57,0x322415a3786edce27581d95ddcf2e7a7614d02914c51974ba1a01c371ac7ffe4,22887,32109,167883,83941,0.004614,29617.68,29153.63,
100,3,0x17D90CC0C9cB61f27A5198c8a96f9eA19341b218,0x6c85ac11e2f9a2fd5950275530703a238df2c01a96f0357dd30ff60080f501ee,22887,32109,167883,83941,0.004614,29608.98,29154.09,
101,2,0xf17f52151EbEF6C7334FAD080c5704D77216b732,0x0a494af94f0bc57e53bafb5bbc260540f7c3baaec0f77e6e28bda192528f1d73,22888,32109,185260,92630,0.005091,29637.43,29158.56,
101,1,0x627306090abaB3A6e1400e9345bC60c78a8BEf57,0xd203e043eb0575413b729ede6ee7cac362b2c9da0ea70dec92d0ca350ab1bd97,22888,32109,185260,92630,0.005091,29608.82,29151.21,
101,3,0x17D90CC0C9cB61f27A5198c8a96f9eA19341b218,0x381a4b8fb107a24375bf53d55ebd7377722cc050a44aa38f3fadac6855deecc3,22888,32109,185260,92630,0.005091,29604.62,29150.60,
101,4,0x47242114086D2715A648d0391793730d2aB1CCa2,0x57d3e360484e1fcca9f5b5cc36864e147b99a51b5cc070370fa66edbdfaa75bb,22888,32109,185260,92630,0.005091,30629.96,30155.69,
102,4,0x47242114086D2715A648d0391793730d2aB1CCa2,0x32b8e622ad3939a30289827ccd9abf6ec7d3ea822eed3cef01161181e5bbab75,22889,32109,185260,92630,0.005091,29628.28,29157.76,
102,2,0xf17f52151EbEF6C7334FAD080c5704D77216b732,0x8c8f223898cbaa9807d4a11e78858ed9ad3d3375997ee942fe556ea56ff1b7df,22889,32109,185260,92630,0.005091,30637.50,30159.24,
102,1,0x627306090abaB3A6e1400e9345bC60c78a8BEf57,0x49face420402a84330b2cb94f85b68e6fd4994bdc29e78086bab834c1b64cfec,22889,32109,185260,92630,0.005091,30606.36,30151.31,
102,3,0x17D90CC0C9cB61f27A5198c8a96f9eA19341b218,0x065b2f0424692b9053501a60e6b2eb364b059ae6c213ca06f7b2c81c5e2dc4b2,22889,32109,185260,92630,0.005091,30607.20,30152.58,
103,4,0x47242114086D2715A648d0391793730d2aB1CCa2,0x828afcc5ea9b48e84c32ae2ed583b1462b6ead73187ea4c1a77d46852509ec3b,22890,32109,185260,92630,0.005091,29627.73,29157.54,
103,1,0x627306090abaB3A6e1400e9345bC60c78a8BEf57,0x46362f3573df00eb6dd90bc11476cf1c8d71f893ba0bdfb5ed59e459b3ea3458,22890,32109,185260,92630,0.005091,29610.78,29151.91,
103,2,0xf17f52151EbEF6C7334FAD080c5704D77216b732,0xf04499646c596f03cb583cc547faf2509a270f78e827855c00dd32e9424ea7b6,22890,32109,185260,92630,0.005091,29635.94,29158.05,
103,3,0x17D90CC0C9cB61f27A5198c8a96f9eA19341b218,0xa8fbf12986f81843f577a526a8a3005f9b64c3fb075843bf4aec8f6462f5eb7f,22890,32109,185260,92630,0.005091,29606.55,29152.63,
104,4,0x47242114086D2715A648d0391793730d2aB1CCa2,0xd6417dc1b640a3682774b36ed812a6ca75899cd093598c202291197d5c44fae2,22891,32109,185260,92630,0.005091,30628.17,30160.24,
104,1,0x627306090abaB3A6e1400e9345bC60c78a8BEf57,0xe97d6d5696a072d708de678887cf4f90368e4873b3a7b9f1e04304eb7038cc38,22891,32109,185260,92630,0.005091,30609.26,30153.63,
104,2,0xf17f52151EbEF6C7334FAD080c5704D77216b732,0x269c5e1683c0bf5784ce7ae386226202217807a96460d0b15fe5a4f73cc497a1,22891,32109,185260,92630,0.005091,30638.10,30159.87,
104,3,0x17D90CC0C9cB61f27A5198c8a96f9eA19341b218,0x171c3b284d477416d581b382d80fead5544de7027e11dc272ca493a9ab9ae6dd,22891,32109,185260,92630,0.005091,30605.38,30151.69,
105,4,0x47242114086D2715A648d0391793730d2aB1CCa2,0xbfc13b6b106aae8de99f20853b86fb3f07e83c75e637df14792470b96abfc59a,22892,32109,185260,92630,0.005091,29625.35,29157.11,
105,1,0x627306090abaB3A6e1400e9345bC60c78a8BEf57,0x4355055cdde4b6baa151eec5e1780d9fc2a64dd06e8ee15a72da7bdcd650a97e,22892,32109,185260,92630,0.005091,29620.02,29156.11,
105,3,0x17D90CC0C9cB61f27A5198c8a96f9eA19341b218,0x6efd3b31fdc25e3f21ca52a922752fe806c594a5c18741c58c8235947b1d93d1,22892,32109,185260,92630,0.005091,29608.05,29152.01,
105,2,0xf17f52151EbEF6C7334FAD080c5704D77216b732,0xe883da48953bcf4293bccfa0a55ad784aba022f044b56dd34187a0f97da40caa,22892,32109,185260,92630,0.005091,29643.26,29161.31,
106,1,0x627306090abaB3A6e1400e9345bC60c78a8BEf57,0x79f9353e73ef6a7a9da43a878a384beb15420b97b90f9b9eb906955b4a15b978,22893,32109,185260,92630,0.005091,29612.35,29152.78,
106,3,0x17D90CC0C9cB61f27A5198c8a96f9eA19341b218,0xf8f375b1ece7197496b165b9231dc237d288184ba6b4fa3f725ae1cc707d501d,22893,32109,185260,92630,0.005091,29608.84,29152.63,
106,2,0xf17f52151EbEF6C7334FAD080c5704D77216b732,0x23d9dd74c0ba4a31a79ac23657d1f29fbb8df30ae02e58083791923ced7f7675,22893,32109,185260,92630,0.005091,29638.39,29158.98,
106,4,0x47242114086D2715A648d0391793730d2aB1CCa2,0x9f7148283b7e7041f50b3c4400256a349def806a7eca6d152bf00d7ac8d3f7d6,22893,32109,185260,92630,0.005091,30632.75,30158.54,
107,4,0x47242114086D2715A648d0391793730d2aB1CCa2,0xe12bc307b0220c2ccd66211af7c09c0ab43e2afb9b35307687b4df7628c1c96d,22894,32109,185260,92630,0.005091,29635.20,29155.98,
107,1,0x627306090abaB3A6e1400e9345bC60c78a8BEf57,0x8df4b86dd2348c04f61afd009911069cedcd5c5a7d7cac2395dcd5d278d04ce8,22894,32109,185260,92630,0.005091,30620.17,30153.39,
107,3,0x17D90CC0C9cB61f27A5198c8a96f9eA19341b218,0xca0dff0b2e2512d0c84560f813cebf31a0bc1b42136feb61edad9d4fa612561d,22894,32109,185260,92630,0.005091,30610.14,30151.54,
107,2,0xf17f52151EbEF6C7334FAD080c5704D77216b732,0xb47cc270285ebb94061e9a1050060fa33dab2a62080bbb67c0c25af36c194a02,22894,32109,185260,92630,0.005091,30647.60,30162.34,
108,4,0x47242114086D2715A648d0391793730d2aB1CCa2,0x11cec6c5c680eea4e2bfb32df56e9c78f707c26b3b78e0a6f9764b9c1cf8ac02,22895,32109,185260,92630,0.005091,29623.48,29154.14,
108,1,0x627306090abaB3A6e1400e9345bC60c78a8BEf57,0xc04cd7d7f3d4bee22450fbaa3f69a07f512f360586c8ba4a79b6164bd7abeeeb,22895,32109,185260,92630,0.005091,29629.44,29172.02,
108,3,0x17D90CC0C9cB61f27A5198c8a96f9eA19341b218,0xa11d0f60ab48d7afffebdb801e183470d0dcb53d83385ee635231229f05eaac0,22895,32109,185260,92630,0.005091,29620.75,29167.51,
108,2,0xf17f52151EbEF6C7334FAD080c5704D77216b732,0x1bc633b9c63a0ee28aa9cf7c782579d76026e60acbad86e9eea4301655116755,22895,32109,185260,92630,0.005091,29636.63,29157.71,
109,1,0x627306090abaB3A6e1400e9345bC60c78a8BEf57,0xdd6ba45298563a423b4b536110e0934c87e7aa51180e42f7c3c3a910346edeb7,22896,32109,192710,96355,0.005296,29609.81,29152.47,
109,3,0x17D90CC0C9cB61f27A5198c8a96f9eA19341b218,0x099219c4dd96d92bacfeed0ff09cb5295aca06c57b9f54fbda4c14628acb257d,22896,32109,192710,96355,0.005296,29616.65,29151.89,
109,2,0xf17f52151EbEF6C7334FAD080c5704D77216b732,0x0ff3c8604f9492e6d6d9522d14e3b0eb3c7d82b066cd91194ec1b21a05157bc6,22896,32109,192710,96355,0.005296,29638.62,29160.50,
109,4,0x47242114086D2715A648d0391793730d2aB1CCa2,0x437409fabac472df72d589dd63545823719743f7b044ab5947086a2f9c80caba,22896,32109,192710,96355,0.005296,30626.06,30156.53,
110,4,0x47242114086D2715A648d0391793730d2aB1CCa2,0x9b1c38adc77ce812dc08ade3220622bc4a9f70a90826fc931f03b43c1875c2b7,22897,32109,192710,96355,0.005296,29621.40,29153.93,
110,1,0x627306090abaB3A6e1400e9345bC60c78a8BEf57,0x0aa54a928454238ed9d98ed32e08addeec4aae8bf918ee945f5241ef55419540,22897,32109,192710,96355,0.005296,30610.57,30150.82,
110,3,0x17D90CC0C9cB61f27A5198c8a96f9eA19341b218,0xa6582d8eee999d5fe75093af5d5891339358e047a2a972d2238056123f9d180a,22897,32109,192710,96355,0.005296,30600.82,30148.22,
110,2,0xf17f52151EbEF6C7334FAD080c5704D77216b732,0x1fd3d2278dd00b0cc8376c680924879c5e29adcb423aa3c7f46dce927c549fa1,22897,32109,192710,96355,0.005296,30638.52,30159.76,
111,4,0x47242114086D2715A648d0391793730d2aB1CCa2,0xb9ccb957faed43e7ef81e4ec32ad299d97f86322eb0aca3ee85a1178ced7de3e,22898,32109,192710,96355,0.005296,29628.01,29158.18,
111,3,0x17D90CC0C9cB61f27A5198c8a96f9eA19341b218,0x04ec8279db78249a3248d9c3d27e82bd9fdf95ad80360bbe378dfc5522c346a0,22898,32109,192710,96355,0.005296,29597.98,29151.13,
111,1,0x627306090abaB3A6e1400e9345bC60c78a8BEf57,0x39e335aa0aac8e0e80074af53d0241acd3be18d37d1d6603d5e5b83a4bcc156c,22898,32109,192710,96355,0.005296,29617.94,29153.54,
111,2,0xf17f52151EbEF6C7334FAD080c5704D77216b732,0x7b2958cd4fc172528e93f05ebe97954b600b1c3419bca1c49b08eb2541de078d,22898,32109,192710,96355,0.005296,29636.99,29160.65,
112,2,0xf17f52151EbEF6C7334FAD080c5704D77216b732,0x92d0ee3e225983d7cf44bbca46769de12d2fd6f2ca3c2f7f856ed57c8e106fdc,22899,32109,192710,96355,0.005296,29648.16,29171.28,
112,4,0x47242114086D2715A648d0391793730d2aB1CCa2,0x6e00672e2c4fbf70b6877064de1da8670703dc58e925ec50c8b225417d62b937,22899,32109,192710,96355,0.005296,30630.41,30158.70,
112,3,0x17D90CC0C9cB61f27A5198c8a96f9eA19341b218,0x64fe94b8e8e040180d7168bd4c552ff1c8dbde1679a3c5113924fbe141cbbdfb,22899,32109,192710,96355,0.005296,30601.72,30152.41,
112,1,0x627306090abaB3A6e1400e9345bC60c78a8BEf57,0xff917c7b278028e7397b55a10e0251e80073aa9f0655e66c61459904349dcbbc,22899,32109,192710,96355,0.005296,30614.84,30154.00,
113,4,0x47242114086D2715A648d0391793730d2aB1CCa2,0x2d513f0d74274eaa68c99177c82dcb3f3a16320cf8d927214e3b2a7ffeecfb84,22900,32109,192710,96355,0.005296,29626.31,29155.02,
113,3,0x17D90CC0C9cB61f27A5198c8a96f9eA19341b218,0xf0ecb8d6a98ffe4014187af5debc11d7a43686ba874d31b98b19e62c9dba9422,22900,32109,192710,96355,0.005296,29601.07,29152.79,
113,1,0x627306090abaB3A6e1400e9345bC60c78a8BEf57,0x44c1bf8e39d7c9c2dde45b3b49ff04eba4a8599f98692987a5ebdae8ca852fe3,22900,32109,192710,96355,0.005296,29613.85,29152.56,
113,2,0xf17f52151EbEF6C7334FAD080c5704D77216b732,0x4e2269815a395bfc677cd8d451b9d9a0dc497bbc856bd2658c376c897096617f,22900,32109,192710,96355,0.005296,30649.78,30158.97,
114,4,0x47242114086D2715A648d0391793730d2aB1CCa2,0x7d4ee5b526b9674780f69743355d360f7c5a0593d5dec5cee3fdf695c87d992f,22901,32109,192710,96355,0.005296,29641.05,29170.26,
114,3,0x17D90CC0C9cB61f27A5198c8a96f9eA19341b218,0xc72607ec8f1a96abbab196a9b47fbcfd7ddaf7bd75a9134d2160f00f66d8a69d,22901,32109,192710,96355,0.005296,29605.22,29153.31,
114,1,0x627306090abaB3A6e1400e9345bC60c78a8BEf57,0x55adbfac12ea0763489360f8cbdea339f1bb4e2a87d9d74a4c2a09a6a50b37d9,22901,32109,192710,96355,0.005296,29613.82,29154.86,
114,2,0xf17f52151EbEF6C7334FAD080c5704D77216b732,0xafe2123708b28f37e0ab4181744a212d9becb94ae726d4e6cf3bbdde1fa4618a,22901,32109,192710,96355,0.005296,29649.98,29166.12,
115,2,0xf17f52151EbEF6C7334FAD080c5704D77216b732,0x5d63084b01741835509638df912fa0e525fd5828889a7c784bedf7686363d3d5,22902,32109,192710,96355,0.005296,29650.99,29170.66,
115,4,0x47242114086D2715A648d0391793730d2aB1CCa2,0xa06cc8381bd02a19463d9d2648a62ee76bda1e5b946fdb62c32ba4723fcefd7e,22902,32109,192710,96355,0.005296,30644.92,30168.87,
115,3,0x17D90CC0C9cB61f27A5198c8a96f9eA19341b218,0xd61f30d3ae4a6666fbf02b07e425e10bd1a96a9139d8149b28568bef193d6dab,22902,32109,192710,96355,0.005296,30606.37,30149.11,
115,1,0x627306090abaB3A6e1400e9345bC60c78a8BEf57,0x8478ffde31859aa3259c23379f01395db98ab909023d45883f45ade1e212a49d,22902,32109,192710,96355,0.005296,30616.65,30153.31,
116,3,0x17D90CC0C9cB61f27A5198c8a96f9eA19341b218,0x0471730cdacdd26ae2f1c45c1a730729300f0eb2c73c096a012a829c0522ebd4,22903,32109,192710,96355,0.005296,29598.95,29148.91,
116,4,0x47242114086D2715A648d0391793730d2aB1CCa2,0xeb35d02fc94639dc5ae195d87a43887e81a950a4de35f140462d63dfb71d52e6,22903,32109,192710,96355,0.005296,29621.62,29154.21,
116,1,0x627306090abaB3A6e1400e9345bC60c78a8BEf57,0x72848da01e6ba00ab6d50070467121f9b64fbd9ce96efd58e9613ecde0aef605,22903,32109,192710,96355,0.005296,29610.83,29152.58,
116,2,0xf17f52151EbEF6C7334FAD080c5704D77216b732,0x60c920be446a7a0797908512abfa3e9d1c081e7ef00a237dd0bf7ab11ce525dc,22903,32109,192710,96355,0.005296,30648.02,30163.13,
117,2,0xf17f52151EbEF6C7334FAD080c5704D77216b732,0xd1b4871923b44863c19f3a43a350e8cf92461d2f10b0b925e702d58efce9a0f8,22904,32121,208518,104259,0.005731,29635.21,29158.45,
117,3,0x17D90CC0C9cB61f27A5198c8a96f9eA19341b218,0xd8ba13ec13e2d7dfc6acc7e22679484987fa80b91999b5d020666dad8b662b4c,22904,32121,208518,104259,0.005731,30601.32,30150.25,
117,4,0x47242114086D2715A648d0391793730d2aB1CCa2,0x10a4c621762bbd801ad19aef60b6d81c8bde34c526e16b672f6ae0cff61ca524,22904,32121,208518,104259,0.005731,30622.47,30157.34,
117,1,0x627306090abaB3A6e1400e9345bC60c78a8BEf57,0x183a4f75014f18de8463a592911d478f0aeb8ac383d5df3089efd38e2c3235be,22904,32121,208518,104259,0.005731,30612.91,30151.53,
118,3,0x17D90CC0C9cB61f27A5198c8a96f9eA19341b218,0x81db982d6080094c2d7371e25688eaa722b60aa9969b6b008c38717a8b0e422e,22905,32121,208518,104259,0.005731,29599.65,29148.51,
118,4,0x47242114086D2715A648d0391793730d2aB1CCa2,0x3317edf4243d87d5f84937e50ae4a618cbba1b1cc098847e92929c4f6626ae41,22905,32121,208518,104259,0.005731,29626.70,29156.36,
118,1,0x627306090abaB3A6e1400e9345bC60c78a8BEf57,0x6bbfb785f9b914d44efb53850776797be95de4fc10afae4ebda1ff26f2d779b0,22905,32121,208518,104259,0.005731,29607.92,29152.65,
118,2,0xf17f52151EbEF6C7334FAD080c5704D77216b732,0x659f2785dd4907750ad2ef680833c95fd3117c2299b2d9a6eb0c2552245559de,22905,32121,208518,104259,0.005731,30639.73,30158.76,
119,3,0x17D90CC0C9cB61f27A5198c8a96f9eA19341b218,0xbb21d84280d4c9bc538100defedf0bec66734e273a9cb57e42ac0b008bb5f347,22906,32121,208518,104259,0.005731,29598.02,29149.07,
119,4,0x47242114086D2715A648d0391793730d2aB1CCa2,0xb1a7d9b774b6732bdeef28bc93357ca1329fbb2925bfadec43a1ea322aa650fb,22906,32121,208518,104259,0.005731,29625.73,29156.78,
119,1,0x627306090abaB3A6e1400e9345bC60c78a8BEf57,0x04ca928d9ba11d3163e71133d2706eec1f907d4ea88fea1b59077b4a4867b08c,22906,32121,208518,104259,0.005731,29625.69,29153.62,
119,2,0xf17f52151EbEF6C7334FAD080c5704D77216b732,0x6f21579113bd4a8fd9e8d070e1af93593a47d9fb7a163217b600f50b3a49a714,22906,32121,208518,104259,0.005731,29644.44,29159.29,
120,2,0xf17f52151EbEF6C7334FAD080c5704D77216b732,0x1899ef664e4263464bedb1b85de1254491a9b42ce31f1e21fd001954d014d9f3,22907,32121,208518,104259,0.005731,29644.38,29160.00,
120,3,0x17D90CC0C9cB61f27A5198c8a96f9eA19341b218,0x6380f6ce74f104ca2489afb54810979736e63c5409c01c4f1bce2355b1f17407,22907,32121,208518,104259,0.005731,30602.82,30149.13,
120,4,0x47242114086D2715A648d0391793730d2aB1CCa2,0xf31949a263770f45a08dbcee6989aae11ad4abf1fb08d90cddaff9bfca951cc1,22907,32121,208518,104259,0.005731,30638.40,30156.23,
120,1,0x627306090abaB3A6e1400e9345bC60c78a8BEf57,0xc164e104ceba17e122fa2628d77d31baa64ee827b1f2168183b243197e53bc03,22907,32121,208518,104259,0.005731,30615.12,30150.16,
121,3,0x17D90CC0C9cB61f27A5198c8a96f9eA19341b218,0x0c80ba81b8146eb434ec6a2b67f649c3122e0b663f1c4bf14d38ee8954cf12dc,22908,32121,208518,104259,0.005731,29612.46,29148.38,
121,1,0x627306090abaB3A6e1400e9345bC60c78a8BEf57,0x1fb212257bb9900863b6b5625df64d14072487f636fd242215b108e5b69533db,22908,32121,208518,104259,0.005731,29617.49,29154.11,
121,4,0x47242114086D2715A648d0391793730d2aB1CCa2,0xeb7d89e9cf99c9c24aa30fc3ae62e63d8c599903eb2a0564728549646f96030c,22908,32121,208518,104259,0.005731,29636.74,29156.28,
121,2,0xf17f52151EbEF6C7334FAD080c5704D77216b732,0x2a03e8f86e1a5efbac52529a838e573dc2a70520a0c19195ff657d9fd16ffecf,22908,32121,208518,104259,0.005731,30634.90,30159.88,
122,1,0x627306090abaB3A6e1400e9345bC60c78a8BEf57,0x907e952cb6c3ae2dc1b7eb8dd7bc6974e8b1d7177c5653701f473e227889147c,22909,32121,208518,104259,0.005731,29616.02,29155.06,
122,4,0x47242114086D2715A648d0391793730d2aB1CCa2,0xa2fa29232f1f375fdd59a7689ff424ecdc77039407f250b8b3dba19cb06098fc,22909,32121,208518,104259,0.005731,29627.31,29155.51,
122,2,0xf17f52151EbEF6C7334FAD080c5704D77216b732,0x3beef8e02cc2a600029d5c0de9a5cb6b3d43dac8fd2b2b98bc662030f71b06a8,22909,32121,208518,104259,0.005731,29643.15,29160.03,
122,3,0x17D90CC0C9cB61f27A5198c8a96f9eA19341b218,0x0f76af61c7d98e57b3cffa29b1fe8935e89f877876f3054c9a5613b241209c96,22909,32121,208518,104259,0.005731,30599.94,30149.82,
123,2,0xf17f52151EbEF6C7334FAD080c5704D77216b732,0x98963c3ad86ca01b5cd969445a78ba7f31e800d5685ef4b8175c6faa79d6a687,22910,32121,208518,104259,0.005731,29637.49,29159.25,
123,3,0x17D90CC0C9cB61f27A5198c8a96f9eA19341b218,0x42386f00defe906f07e28827baa311acea9ab626b02fb51997d48600d48dc869,22910,32121,208518,104259,0.005731,29598.32,29148.56,
123,1,0x627306090abaB3A6e1400e9345bC60c78a8BEf57,0xdc65c9857e035490a9ac0338472b8a58d95e0e94a8147bc9e83f986bd01ea0bd,22910,32121,208518,104259,0.005731,30624.32,30155.41,
123,4,0x47242114086D2715A648d0391793730d2aB1CCa2,0xb5c806a8be0fddc0ce1d1616b05b361b9ddb9dc4522ad859a865976f0ba6bbe4,22910,32121,208518,104259,0.005731,30628.08,30155.88,
124,1,0x627306090abaB3A6e1400e9345bC60c78a8BEf57,0xca3a7dada9f32d2205fba23ab23b07decea3ee2ae3e810de61c72afa92f4fe1a,22911,32121,208518,104259,0.005731,29609.45,29152.35,
124,4,0x47242114086D2715A648d0391793730d2aB1CCa2,0x8ee75720e08c3d1331d952ef5e27e56e101ed8f382796fc75b0cd748f0d3cc4c,22911,32121,208518,104259,0.005731,29623.52,29156.04,
124,3,0x17D90CC0C9cB61f27A5198c8a96f9eA19341b218,0xa6f8ae58dd3b3cc12fe5e53a98cc403bee166a1d196fd78de921aa3d6a26f2c3,22911,32121,208518,104259,0.005731,29894.54,29447.06,
124,2,0xf17f52151EbEF6C7334FAD080c5704D77216b732,0xc58cc99e1718434d240d7f04e41ab16cc3977818852853fca1e13f45e235730a,22911,32121,208518,104259,0.005731,30633.75,30158.39,
125,1,0x627306090abaB3A6e1400e9345bC60c78a8BEf57,0xab658c87374f601065dc42f511d4167aeb8087192c07bc36ded52ce8c0fe71b8,22912,32121,211744,105872,0.005819,29957.57,29169.10,
125,4,0x47242114086D2715A648d0391793730d2aB1CCa2,0x335059736140c634df3581fc4bcf2a338e96f4c0e3b20e188ea6ccf49f551931,22912,32121,211744,105872,0.005819,30010.97,29174.43,
125,2,0xf17f52151EbEF6C7334FAD080c5704D77216b732,0x36012d68201a62c42cf92a837f14bbddf8cd455fee5b4f554ba2a301e15e5a53,22912,32121,211744,105872,0.005819,29934.37,29147.40,
125,3,0x17D90CC0C9cB61f27A5198c8a96f9eA19341b218,0x61fcf7c8cca8c5f75d5f45fd2bddbc0a2b024a143bc5724c90757d2b89a388f0,22912,32121,211744,105872,0.005819,30597.82,30151.03,
126,4,0x47242114086D2715A648d0391793730d2aB1CCa2,0xa57bad4ee86d99c68b11919993911c5ae925cc5e996dd511c39936f1cf8f0fbf,22913,32121,211744,105872,0.005819,29730.16,29175.94,
126,2,0xf17f52151EbEF6C7334FAD080c5704D77216b732,0x18c30e5d18b92c2ea531e0a5bb231b727300b5f9b6bdba1ca7865fbfa4f00a94,22913,32121,211744,105872,0.005819,29600.70,29151.97,
126,3,0x17D90CC0C9cB61f27A5198c8a96f9eA19341b218,0x438c875f29eb5346af4ca51a77cce6af5a55159a344a3b8358eb5827a9bdb03d,22913,32121,211744,105872,0.005819,29600.58,29151.31,
126,1,0x627306090abaB3A6e1400e9345bC60c78a8BEf57,0x2d1b31d1db70c6bb2d9e7fe12045b16cbd3d6f4241244c660cb0d7f5723f1cb6,22913,32121,211744,105872,0.005819,30638.96,30160.42,
127,3,0x17D90CC0C9cB61f27A5198c8a96f9eA19341b218,0x7bb00ff811f9ce75a70e2bfceaf22bb2ae1d0aa84ddefcb85cbdaaea509048c1,22914,32121,217000,108500,0.005964,29599.89,29152.61,
127,1,0x627306090abaB3A6e1400e9345bC60c78a8BEf57,0x66e8c1da46dce74e09eb270847460a6ae51740481b10f3881cf6bb86883fd4fb,22914,32121,217000,108500,0.005964,29631.16,29158.54,
127,4,0x47242114086D2715A648d0391793730d2aB1CCa2,0x256e790178c8adc318ae363c58766616512e036ddd739c0401533d6bec442350,22914,32121,217000,108500,0.005964,30699.45,30172.72,
127,2,0xf17f52151EbEF6C7334FAD080c5704D77216b732,0xf51520172df6628813ef65d8baf1ff2f17e3f2616ebf538e977fe17ea891535d,22914,32121,217000,108500,0.005964,30627.85,30149.10,
128,1,0x627306090abaB3A6e1400e9345bC60c78a8BEf57,0x928f896d8ff887abaceb574bc50301bd325672a5b01f1e16fb438783c435366a,22915,32121,217000,108500,0.005964,29632.30,29158.83,
128,4,0x47242114086D2715A648d0391793730d2aB1CCa2,0x7ab94f8df90410c6feea2e19e3170799b62a421ffacfb516c80f1e306afc0796,22915,32121,217000,108500,0.005964,29699.96,29175.45,
128,2,0xf17f52151EbEF6C7334FAD080c5704D77216b732,0x81308fcdbe7666c1120ed12f673f5e3ff10bb731c909be254a3b5b5e5cf94c91,22915,32121,217000,108500,0.005964,29602.63,29153.08,
128,3,0x17D90CC0C9cB61f27A5198c8a96f9eA19341b218,0xf4d570ff4affbfe74ee810c71445df0bf217235327218d0a48242a7ad5630190,22915,32121,217000,108500,0.005964,30601.03,30150.60,
129,4,0x47242114086D2715A648d0391793730d2aB1CCa2,0x897d83643a99b939ae3abce9d104229fb26c00fd151a9f2c970aed2d03eb5675,22916,32121,217000,108500,0.005964,29707.15,29177.67,
129,2,0xf17f52151EbEF6C7334FAD080c5704D77216b732,0x15bfb5a74c96e5e70b22eed1a827a601ee8d2010ac2e1e75f93578b7b51ea616,22916,32121,217000,108500,0.005964,29602.91,29150.81,
129,3,0x17D90CC0C9cB61f27A5198c8a96f9eA19341b218,0xd891104e454f427b4f95caa31c52499942686d8599b1718f962d2c7fe455a6c4,22916,32121,217000,108500,0.005964,29594.51,29148.69,
129,1,0x627306090abaB3A6e1400e9345bC60c78a8BEf57,0xbe9d730437a8c8b51dbe8212f1270aebe9a0062d8d82e83536e110c5d2504d61,22916,32121,217000,108500,0.005964,30647.33,30164.75,
130,1,0x627306090abaB3A6e1400e9345bC60c78a8BEf57,0x890ac6c6c70f41b9c488f324e4eb4c527d3005a5b3f7e582858dd0f8b33de80f,22917,32121,223000,111500,0.006129,29632.38,29158.34,
130,2,0xf17f52151EbEF6C7334FAD080c5704D77216b732,0x5817766f3271141a6879831a5e4d1d5697e774d36361dcabd78bfd85b8e9c30e,22917,32121,223000,111500,0.006129,30603.72,30153.73,
130,4,0x47242114086D2715A648d0391793730d2aB1CCa2,0x0ccbe3eda53d34f6665b0808786ecba0149362547a192b2c1a81512f7b9b48d1,22917,32121,223000,111500,0.006129,30698.74,30174.18,
130,3,0x17D90CC0C9cB61f27A5198c8a96f9eA19341b218,0x373eed92ff1a9ca712d5513959cc7c4ebf727f90ca42ee535d964c67257ad644,22917,32121,223000,111500,0.006129,30605.34,30152.29,
131,1,0x627306090abaB3A6e1400e9345bC60c78a8BEf57,0x6ae2f72770d6961465a6709c2ce7eeb77d9913b070dbf91a588eb8c182c1e05b,22918,32121,223000,111500,0.006129,29630.92,29158.49,
131,2,0xf17f52151EbEF6C7334FAD080c5704D77216b732,0x28803bfa2c080b235cc69ef6a6619dfa502368dc9648a87d6325f3ee5d370e5e,22918,32121,223000,111500,0.006129,29604.13,29152.24,
131,4,0x47242114086D2715A648d0391793730d2aB1CCa2,0xd18a35a9fb087d9f6f017800ea8d3d951be60c23d09528fcb330cf7168060e52,22918,32121,223000,111500,0.006129,29702.23,29175.47,
131,3,0x17D90CC0C9cB61f27A5198c8a96f9eA19341b218,0xb1ee011d5e160916ef5afc6777fbae15773cf0da36d24820a194d4f2bb488278,22918,32121,223000,111500,0.006129,29602.40,29149.88,
132,2,0xf17f52151EbEF6C7334FAD080c5704D77216b732,0x17c5d4598264c1d5b0862dffbe6c2ddcd8d6ec0f4eda6d9c9379e94426210a79,22919,32121,223000,111500,0.006129,29604.23,29153.71,
132,3,0x17D90CC0C9cB61f27A5198c8a96f9eA19341b218,0x9a057ee5633598dce3a61e8bd3a36a57c93d543f19f66d9a771b2c2c07d81562,22919,32121,223000,111500,0.006129,29599.72,29151.89,
132,4,0x47242114086D2715A648d0391793730d2aB1CCa2,0x47996510b65da0498fb397066cb194de48557c5f4bc6eb1c60dd5acb677405ef,22919,32121,223000,111500,0.006129,29702.27,29174.82,
132,1,0x627306090abaB3A6e1400e9345bC60c78a8BEf57,0x404bb671aba3d068097c8e1710fed3e49eef526d1b40aa9d63d0b3b7ea235f1f,22919,32121,223000,111500,0.006129,30643.11,30157.35,
133,1,0x627306090abaB3A6e1400e9345bC60c78a8BEf57,0xe033a4d2c3d37e1e32410d3bbdfb47aac229cdaffd8db3e4f0f0e46a80499cae,22920,32121,223745,111872,0.006149,29636.74,29157.52,
133,2,0xf17f52151EbEF6C7334FAD080c5704D77216b732,0xb7bdfaff56e261bbc8c387d70cec4f87695a281d7d63d54d3a41e77c3e70f37d,22920,32121,223745,111872,0.006149,30599.98,30152.62,
133,3,0x17D90CC0C9cB61f27A5198c8a96f9eA19341b218,0xdddec8415fa6d2ea342d1363a64c7834a3808c6f7e643e56d69c44d8edbc697d,22920,32121,223745,111872,0.006149,30600.41,30150.06,
133,4,0x47242114086D2715A648d0391793730d2aB1CCa2,0x0ca8bdca563fee29108850597ea86dfdb911c19ad38c39049ece4b8d9dd3d3aa,22920,32121,223745,111872,0.006149,30699.24,30175.90,
134,2,0xf17f52151EbEF6C7334FAD080c5704D77216b732,0x21bc39fa1858ac23fe8201bbc0145c1caa348ad108b5d61fe649841192a95111,22921,32121,224861,112430,0.006180,29601.79,29150.28,
134,3,0x17D90CC0C9cB61f27A5198c8a96f9eA19341b218,0x7475bb807668684e8f60a65d50d726139277fbb2b83aebd2f5aee3fe2827ecaa,22921,32121,224861,112430,0.006180,29605.15,29152.26,
134,4,0x47242114086D2715A648d0391793730d2aB1CCa2,0x329c94320963c808f84296c4d596effee696622792ac0ffcec5b24e8ad7682bf,22921,32121,224861,112430,0.006180,29714.50,29181.09,
134,1,0x627306090abaB3A6e1400e9345bC60c78a8BEf57,0xe3a8537152bd60e678195139a23548dee2cfdde7f1a9163d430a6f2eee375795,22921,32121,224861,112430,0.006180,30634.66,30160.95,
135,4,0x47242114086D2715A648d0391793730d2aB1CCa2,0xc9d2cf994d389783bdcd907242591b343d5922b06790ed366c74c7f58b023e6f,22922,32121,226186,113093,0.006216,29713.87,29177.78,
135,1,0x627306090abaB3A6e1400e9345bC60c78a8BEf57,0x206f199a750a599372f2b57ff9f1a4cf4a1a8019cd5190a2bc0330809fde1a9c,22922,32121,226186,113093,0.006216,29641.77,29159.23,
135,2,0xf17f52151EbEF6C7334FAD080c5704D77216b732,0x2e2e91da2f95ca7bc25ca12f4dc1cfb6b8ae1a04aee3af1d7396e516240da7fa,22922,32121,226186,113093,0.006216,30605.27,30154.92,
135,3,0x17D90CC0C9cB61f27A5198c8a96f9eA19341b218,0x2d2f0bd0302feb1c822813d0d94bdfeb29f333c9cb1e6cbbcead45d1996e642e,22922,32121,226186,113093,0.006216,30602.96,30152.09,
136,4,0x47242114086D2715A648d0391793730d2aB1CCa2,0xf157593054c069294f44b7829fa3adc5d1271f51ff7683bb7c165b73f9d30b55,22923,32121,236987,118493,0.006513,29701.12,29174.70,
136,1,0x627306090abaB3A6e1400e9345bC60c78a8BEf57,0x58a8924ffed5a9b66e64784d4c4c77a497fe4ebcd7c6196c6333080054bb4922,22923,32121,236987,118493,0.006513,29635.42,29159.24,
136,2,0xf17f52151EbEF6C7334FAD080c5704D77216b732,0xa59e87f948d1e24b8febf64e003a3e06d2d05639f8c7d84f81bf6a65107bd027,22923,32121,236987,118493,0.006513,29604.27,29153.01,
136,3,0x17D90CC0C9cB61f27A5198c8a96f9eA19341b218,0x7ee6120970f4f81816fea6fa085e0bbb786238690bbf6cd38f0ae911446d27b8,22923,32121,236987,118493,0.006513,29598.43,29148.65,
137,3,0x17D90CC0C9cB61f27A5198c8a96f9eA19341b218,0xd759c95f63a5db65313dce04559598abfea2cec07180f0dd8ae30245e045aff9,22924,32121,236987,118493,0.006513,29602.26,29150.21,
137,4,0x47242114086D2715A648d0391793730d2aB1CCa2,0x99acea97f8cb91ac0dfeaf003afb44d11e9ce12241caec37819c70ac1d9c6f14,22924,32121,236987,118493,0.006513,30708.97,30176.29,
137,1,0x627306090abaB3A6e1400e9345bC60c78a8BEf57,0x923ecf54eb781ac90e5562f312419da7c7d24e078383176a9ae87ed1ded24594,22924,32121,236987,118493,0.006513,30632.45,30157.52,
137,2,0xf17f52151EbEF6C7334FAD080c5704D77216b732,0xf2757f4a07096e0f36e3e59a96f331d10719634aa4fdc1baf15a7a508066df49,22924,32121,236987,118493,0.006513,30597.61,30150.28,
138,1,0x627306090abaB3A6e1400e9345bC60c78a8BEf57,0x69cc4cd778dd84b74f16f8c2db2c9e16c1b1bea55ccc9e960713356171e6630f,22925,32121,236987,118493,0.006513,29628.64,29156.94,
138,4,0x47242114086D2715A648d0391793730d2aB1CCa2,0x09d1ad8f54b22779f523d7cdfe8e555f84f2ab7100c72beb5c74e4887cc80deb,22925,32121,236987,118493,0.006513,29701.97,29177.73,
138,2,0xf17f52151EbEF6C7334FAD080c5704D77216b732,0xb0f17bd24e7ccc0d54e632e174f4dc870b52204ef588ccc25c2dc9347308c7ac,22925,32121,236987,118493,0.006513,29601.19,29148.76,
138,3,0x17D90CC0C9cB61f27A5198c8a96f9eA19341b218,0x9633a522e573bca2e4afa070829dbfd5f8bb810d7387366c8610fdd121e59d4d,22925,32121,236987,118493,0.006513,30597.49,30150.20,
139,1,0x627306090abaB3A6e1400e9345bC60c78a8BEf57,0x029412672d38ca7f1a588fdf778dbdc94241eef01ba26a299511876f33e9c5fe,22926,32121,236987,118493,0.006513,29638.06,29168.46,
139,4,0x47242114086D2715A648d0391793730d2aB1CCa2,0xe37416291613037b47ff3831b1318d645c6c488b7259a63b6b35cd008b4d765d,22926,32121,236987,118493,0.006513,29676.01,29152.89,
139,2,0xf17f52151EbEF6C7334FAD080c5704D77216b732,0x296d556e5f3869c749194e8ad1906e952a20476476072cf2a32aafbbaaa7a081,22926,32121,236987,118493,0.006513,29602.11,29155.12,
139,3,0x17D90CC0C9cB61f27A5198c8a96f9eA19341b218,0xe13a6cec9c119aca1f957729d30206b274baa2a6bb3fef65ca545f4bb8620ace,22926,32121,236987,118493,0.006513,29608.96,29157.28,
140,3,0x17D90CC0C9cB61f27A5198c8a96f9eA19341b218,0x8e472a262fd3c2a927bcd9cf81cdac7bfa8a4dd0f6e158c5f5fd6df5ab55f98f,22927,32121,236987,118493,0.006513,29631.17,29160.22,
140,1,0x627306090abaB3A6e1400e9345bC60c78a8BEf57,0x6a5ef5f573c0d2d8e66121e07530361cfe6ea919ea855c3d5b4ca7f0ff238696,22927,32121,236987,118493,0.006513,30610.08,30152.60,
140,4,0x47242114086D2715A648d0391793730d2aB1CCa2,0xc7863e37edcbb42242f18a1c18ae9e695d813931850a2a44e1d5ab6729cfa396,22927,32121,236987,118493,0.006513,30617.26,30152.91,
140,2,0xf17f52151EbEF6C7334FAD080c5704D77216b732,0x15361850d46ba04e8832a632793edfcf42f9ea74a5c36e12fa036a652f91dadd,22927,32121,236987,118493,0.006513,30616.95,30153.64,
141,1,0x627306090abaB3A6e1400e9345bC60c78a8BEf57,0x28d1d4570b705cdeb85ab4dc7114b96f105d54c46c41e92611443663da6be90d,22928,32121,236987,118493,0.006513,29611.33,29155.79,
141,4,0x47242114086D2715A648d0391793730d2aB1CCa2,0x86cc9effcb0fbc4b44601d1aaac5172a345d5fd7b677db3fa81b4615bcd9e252,22928,32121,236987,118493,0.006513,29613.02,29153.18,
141,2,0xf17f52151EbEF6C7334FAD080c5704D77216b732,0xab3c29712c76754c99203f0c349ea077c5e634c331aba3776981c62bac867618,22928,32121,236987,118493,0.006513,29624.51,29158.84,
141,3,0x17D90CC0C9cB61f27A5198c8a96f9eA19341b218,0x2f90317ba03d733ffa28d76f6e99f01a92b6cce24c737e62ef197df1aea11c1c,22928,32121,236987,118493,0.006513,30632.74,30158.15,
142,4,0x47242114086D2715A648d0391793730d2aB1CCa2,0x715e79d661c3eab07384483bdbec34a9d45c87973206dde8d7463373cbd0daf4,22929,32121,236987,118493,0.006513,29627.84,29167.49,
142,2,0xf17f52151EbEF6C7334FAD080c5704D77216b732,0x0854a34a9aad1167c38d039cced9fa2fe528aca98d3de1abd37b18ac5a6a778a,22929,32121,236987,118493,0.006513,29637.20,29165.81,
142,3,0x17D90CC0C9cB61f27A5198c8a96f9eA19341b218,0xdad7ed9a47090df4faf663711bf9775591155afd81e7887851246cd1cd446adf,22929,32121,236987,118493,0.006513,29641.46,29162.25,
142,1,0x627306090abaB3A6e1400e9345bC60c78a8BEf57,0x5e6a892057d0cc59d4d92cbbf7086119c70789fbd927d68393f89c8d1cc4111d,22929,32121,236987,118493,0.006513,30611.18,30152.66,
143,1,0x627306090abaB3A6e1400e9345bC60c78a8BEf57,0x4cb117e31d383f225ea8849d9937383f3d9da86885fb64f8c75ceb850d52611f,22930,32121,236987,118493,0.006513,29622.65,29155.49,
143,4,0x47242114086D2715A648d0391793730d2aB1CCa2,0x4be4ebd571ecc95fadbadd059b44a272a76e1a91a58e7334c14cd1667dec88e2,22930,32121,236987,118493,0.006513,30640.10,30155.71,
143,2,0xf17f52151EbEF6C7334FAD080c5704D77216b732,0xb28101b8325e0065b49827870f1d940ce96bf277fa0a1afef8b19bd2cf566e97,22930,32121,236987,118493,0.006513,30636.38,30156.93,
143,3,0x17D90CC0C9cB61f27A5198c8a96f9eA19341b218,0x00ab6e803495cdb11604ed479e3ee75c0592dfc813578de3670b7d11fa60d3ba,22930,32121,236987,118493,0.006513,30636.98,30157.11,
144,1,0x627306090abaB3A6e1400e9345bC60c78a8BEf57,0x89e1d33638b00c6491dd5f32ddfe2d254645e910e9c65f7bf1e48cafcd36e38b,22931,32121,240089,120044,0.006598,29622.13,29160.62,
144,4,0x47242114086D2715A648d0391793730d2aB1CCa2,0x6709fb21664d6700982743090ad39b9c767c58b0574c10dadc6df468d77aed05,22931,32121,240089,120044,0.006598,29618.48,29159.76,
144,2,0xf17f52151EbEF6C7334FAD080c5704D77216b732,0xb7d0fde4871920b7ddaec984550f16780c55c00470ee3f564ccf5c4af3ad9ca4,22931,32121,240089,120044,0.006598,29634.42,29172.03,
144,3,0x17D90CC0C9cB61f27A5198c8a96f9eA19341b218,0xa81a86ea529fa08e264e292bb794357e056eff59f1bfcd870ead67c075279cbb,22931,32121,240089,120044,0.006598,29625.61,29155.67,
145,3,0x17D90CC0C9cB61f27A5198c8a96f9eA19341b218,0x52e09c14a1a8cfcbc0dbc2c4679ab5d34ec053d3d58a2c868a7b696b25d21214,22932,32121,240089,120044,0.006598,29627.28,29164.30,
145,1,0x627306090abaB3A6e1400e9345bC60c78a8BEf57,0x9aa7bbfc0187074c0a9cac23ce1875f652ffe35c29700a4bb3dac295339b5e25,22932,32121,240089,120044,0.006598,30622.86,30157.45,
145,4,0x47242114086D2715A648d0391793730d2aB1CCa2,0xca36899d739efd5a16299d81e11925f005272723888f11d4928d7b03f8d4109b,22932,32121,240089,120044,0.006598,30622.38,30155.18,
145,2,0xf17f52151EbEF6C7334FAD080c5704D77216b732,0xf6edead9dd8b348afc2aaf62ff2bfb0b53bdbfa696608ccf5b582510177bdfcc,22932,32121,240089,120044,0.006598,30630.85,30157.10,
146,1,0x627306090abaB3A6e1400e9345bC60c78a8BEf57,0x0e94025f44a7cd4b4b801db26082191176ea7f89162e6f1e0563dc02256f0fc2,22933,32121,243441,121720,0.006690,29609.58,29152.06,
146,4,0x47242114086D2715A648d0391793730d2aB1CCa2,0xa460672b49484f5270acaa7d006506668784b4093af84efc31f03e83df82274c,22933,32121,243441,121720,0.006690,29613.67,29152.25,
146,2,0xf17f52151EbEF6C7334FAD080c5704D77216b732,0xa5227e304e78cf322703e89a30638815e1033813c7bf35cb82e99d263c967504,22933,32121,243441,121720,0.006690,29616.71,29156.03,
146,3,0x17D90CC0C9cB61f27A5198c8a96f9eA19341b218,0xac6b675d0758053c57251dd870f458a36efc2188e4c4aa46ca7077ec1642e193,22933,32121,243441,121720,0.006690,30666.92,30158.40,
147,1,0x627306090abaB3A6e1400e9345bC60c78a8BEf57,0x31f4ac382e1ae126c9f2ab224afc45018767e5a44f605477917801fb9f89d91c,22934,32121,243441,121720,0.006690,29613.82,29154.88,
147,4,0x47242114086D2715A648d0391793730d2aB1CCa2,0x1d054e381b821c5c769aeec2a40acb73336423fd7794bbe7185dbd625359177d,22934,32121,243441,121720,0.006690,29615.45,29155.95,
147,2,0xf17f52151EbEF6C7334FAD080c5704D77216b732,0xa7c4f374c81bc50896b5955ee34810acfa6ad8eb2784617f71161035511f2d8f,22934,32121,243441,121720,0.006690,29625.50,29156.36,
147,3,0x17D90CC0C9cB61f27A5198c8a96f9eA19341b218,0x08410c7f77cbed0a0446ad33536e96890657ea3129f18cba005b9ca06587c57c,22934,32121,243441,121720,0.006690,29634.62,29158.40,
148,3,0x17D90CC0C9cB61f27A5198c8a96f9eA19341b218,0x101607b16a15f3b6abb1304c40563aa8f76d1321ff8176bde6f4c89ffcb161a7,22935,32121,248738,124369,0.006836,29623.54,29157.52,
148,1,0x627306090abaB3A6e1400e9345bC60c78a8BEf57,0x21803ff2e9d4ddb38a2b60379e3244269dc00ca9053ba74aa50059bfff909623,22935,32121,248738,124369,0.006836,30618.70,30155.29,
148,4,0x47242114086D2715A648d0391793730d2aB1CCa2,0xe3a69c2d3ae53f9970eac9c1617cb849c8d0bc50009c81f7cd59befa2a1f6973,22935,32121,248738,124369,0.006836,30621.08,30154.20,
148,2,0xf17f52151EbEF6C7334FAD080c5704D77216b732,0xaef14efc8e5b856d3aa63a098da1b75618205db15c5be45e4d8fa848f7d7e8b1,22935,32121,248738,124369,0.006836,30624.17,30156.98,
149,1,0x627306090abaB3A6e1400e9345bC60c78a8BEf57,0x7c6efcf339142c263eba9237216a7737bee300de4c44839a33d5f0d8567b2368,22936,32121,248738,124369,0.006836,29623.23,29166.42,
149,4,0x47242114086D2715A648d0391793730d2aB1CCa2,0x64e130939f4c25cd3f2b4ae35f1dce085b2f44429adcdb497e1751f042ba91c1,22936,32121,248738,124369,0.006836,29630.52,29157.36,
149,2,0xf17f52151EbEF6C7334FAD080c5704D77216b732,0x05cee59ed11ed62c438d0379403f3ddc7c7d8b1c1bfdf4dd5238b1af660ade08,22936,32121,248738,124369,0.006836,29651.48,29177.20,
149,3,0x17D90CC0C9cB61f27A5198c8a96f9eA19341b218,0x17651c80bed78499ea8cb85834547b0ddfd015843ff86c91586766b0c02bec5f,22936,32121,248738,124369,0.006836,30649.14,30155.00,
150,4,0x47242114086D2715A648d0391793730d2aB1CCa2,0xcc51c2ed4c9e0d4b7363761e8689427da3f6a89dc5ceec5fbecfe2a21a80e3e7,22937,32121,251138,125569,0.006902,29662.30,29188.28,
150,2,0xf17f52151EbEF6C7334FAD080c5704D77216b732,0xc540a1214cea1c8d3c40b4fb69b7d37625ef1addf2d8b5e54cd7db0546f64234,22937,32121,251138,125569,0.006902,29643.26,29159.61,
150,3,0x17D90CC0C9cB61f27A5198c8a96f9eA19341b218,0xbd1f78ce4fb6c6fa4ca66bb2eaf8e8d69e8670a20c84e681b37d88a5bbe533f3,22937,32121,251138,125569,0.006902,29654.92,29157.70,
150,1,0x627306090abaB3A6e1400e9345bC60c78a8BEf57,0xbfc9f7058e79b59c6ea007c88613194ec30ad5dcfd86618dfdd709ca850f9e5e,22937,32121,251138,125569,0.006902,30619.15,30156.11,
151,3,0x17D90CC0C9cB61f27A5198c8a96f9eA19341b218,0xf2dd87eea8d402aed3ba1ff678953b009cc59cbedb67abf3285b3f90d73b73ca,22938,32121,261897,130948,0.007198,29636.51,29158.84,
151,1,0x627306090abaB3A6e1400e9345bC60c78a8BEf57,0xc5df3ff1127008dd10b295a5ebcd390a538875be511bc785686dae957c452d26,22938,32121,261897,130948,0.007198,29621.79,29157.28,
151,4,0x47242114086D2715A648d0391793730d2aB1CCa2,0xa57fbb4e404f63f909b651d0eb70896a8a93c8fc7dddef5bd475a1bc8024b42a,22938,32121,261897,130948,0.007198,30633.62,30154.84,
151,2,0xf17f52151EbEF6C7334FAD080c5704D77216b732,0xe1c858051cb0ec7a11329642e74943048e1c01abe3d93ec8817b735119369b7f,22938,32121,261897,130948,0.007198,30620.95,30155.88,
152,1,0x627306090abaB3A6e1400e9345bC60c78a8BEf57,0xce8273415b686bc67f76c22dc6df0be0af00126d0042b6ad3e0485d7d51c9469,22939,32121,261897,130948,0.007198,29617.60,29155.88,
152,4,0x47242114086D2715A648d0391793730d2aB1CCa2,0xfb655cf49ea387d0209860e76ee0bdffce082f49e404b45394668d75d91fe5ba,22939,32121,261897,130948,0.007198,29629.81,29161.59,
152,2,0xf17f52151EbEF6C7334FAD080c5704D77216b732,0x8fad91ef7509f5d24fb73ddc1c406b52d12917035621fc5b6561663cab367bd4,22939,32121,261897,130948,0.007198,29621.26,29158.98,
152,3,0x17D90CC0C9cB61f27A5198c8a96f9eA19341b218,0x241d5a5be410eae7aa45780c748787a13b41911ec6560fe8f588cefed5dc1573,22939,32121,261897,130948,0.007198,30643.43,30159.10,
153,2,0xf17f52151EbEF6C7334FAD080c5704D77216b732,0x11f454ae56623ee8b2d685a96230d303dde49d948003a18fb3341d8cfc47d325,22940,32121,261897,130948,0.007198,29629.08,29157.70,
153,3,0x17D90CC0C9cB61f27A5198c8a96f9eA19341b218,0x09c41c74b29babff531ee72bd16e867b64f089eeadef8709e232cf8151bc2733,22940,32121,261897,130948,0.007198,29645.52,29162.00,
153,1,0x627306090abaB3A6e1400e9345bC60c78a8BEf57,0xe4a98742e6e6e51c7b601554a34f6d3e25ec75f6c08dcc19ccb28d4c090f28e6,22940,32121,261897,130948,0.007198,30624.47,30154.48,
153,4,0x47242114086D2715A648d0391793730d2aB1CCa2,0xbd373b39de795d1fd572b8a33521bd4e30c812d9dea59c3ef7680427835b2ff0,22940,32121,261897,130948,0.007198,30617.47,30153.95,
154,1,0x627306090abaB3A6e1400e9345bC60c78a8BEf57,0x4e7c6b0352fbe1430c21248570836eeb9f2392f6feb22f973dfa7aed77294abb,22941,32121,261897,130948,0.007198,29623.46,29159.52,
154,4,0x47242114086D2715A648d0391793730d2aB1CCa2,0x68182368946ae72eaa3b65d6ee619c99bba58fd1e5abe5945db507822ebd3879,22941,32121,261897,130948,0.007198,29627.92,29152.41,
154,2,0xf17f52151EbEF6C7334FAD080c5704D77216b732,0xe7761bd7eb467468e3201abaf4a6e748feca236ab65ea08f01defde2bc25bc86,22941,32121,261897,130948,0.007198,30630.42,30159.62,
154,3,0x17D90CC0C9cB61f27A5198c8a96f9eA19341b218,0xf1ebc7bf8e43218af605d11ef43f40bc369f8605f9114996c17bd226742490bf,22941,32121,261897,130948,0.007198,30636.98,30159.75,
155,1,0x627306090abaB3A6e1400e9345bC60c78a8BEf57,0x2b61cf2e9cbc52d6a964c930e9d2eb9ba72e60f6cb8a16e8e11694f1f07f64c0,22942,32121,261897,130948,0.007198,29649.53,29165.84,
155,4,0x47242114086D2715A648d0391793730d2aB1CCa2,0xaa772e7d3f1af23d16146017759171165bf39c8345852eb70e6ccadb0c9f2c0a,22942,32121,261897,130948,0.007198,29616.14,29156.03,
155,2,0xf17f52151EbEF6C7334FAD080c5704D77216b732,0xc2286858cb76498432325bc694a825777317e41a58f327c55accc4452739379e,22942,32121,261897,130948,0.007198,29942.07,29475.57,
155,3,0x17D90CC0C9cB61f27A5198c8a96f9eA19341b218,0x2d927f183932c95f95ce48bf0bd7019c7f2c1e1ae969e755901e0e5815f93c01,22942,32121,261897,130948,0.007198,29637.90,29159.88,
156,4,0x47242114086D2715A648d0391793730d2aB1CCa2,0x63f45e3233c6e0ba13f3bfbd78e31b5da7fe553c2ccb264572373b19022221fc,22943,32121,261897,130948,0.007198,29952.51,29159.32,
156,2,0xf17f52151EbEF6C7334FAD080c5704D77216b732,0x226fe5fa47db3cea5f411aca8ecc710c0852fc2a480ef52bfdff8fc6bbfe661f,22943,32121,261897,130948,0.007198,29631.37,29159.08,
156,3,0x17D90CC0C9cB61f27A5198c8a96f9eA19341b218,0x490ef62385c074ac0c24e39b422b782e844e6d92f3b1efd656024d7da6a53321,22943,32121,261897,130948,0.007198,29656.30,29165.30,
156,1,0x627306090abaB3A6e1400e9345bC60c78a8BEf57,0x2ccc51c56209e1e5e0c36fb8e7edc0a8181275b5ec4a416569bd3cd37b121c18,22943,32121,261897,130948,0.007198,30651.76,30163.59,
157,1,0x627306090abaB3A6e1400e9345bC60c78a8BEf57,0x8dd3ebfda0ac77997f86af21e619052732372ec1434cc7e23d73f5e803f150ff,22944,32121,261897,130948,0.007198,29701.45,29161.41,
157,4,0x47242114086D2715A648d0391793730d2aB1CCa2,0xef1229e012783dccd366e92308981819596ad8db77153dab26bc4635d9a5e289,22944,32121,261897,130948,0.007198,30636.85,30162.67,
157,2,0xf17f52151EbEF6C7334FAD080c5704D77216b732,0x7cddec2af781dbbbda3215a7a6cca23f973a565f2b5a21f0d98b9d9bfe32f0ec,22944,32121,261897,130948,0.007198,30637.28,30164.96,
157,3,0x17D90CC0C9cB61f27A5198c8a96f9eA19341b218,0x34505dff4bae434aa8aa6951f96f51ff98d94344fcaeadd1c1b1b9933778fcab,22944,32121,261897,130948,0.007198,30651.97,30162.18,
158,1,0x627306090abaB3A6e1400e9345bC60c78a8BEf57,0xb0011402766153fce0c2f9749177e90b61c240ce4b1abe527c0196a7cb504ae5,22945,32121,267317,133658,0.007347,29656.29,29173.34,
158,4,0x47242114086D2715A648d0391793730d2aB1CCa2,0xa79d72fa970b669f734fd3449b526555e71464269d6fb52fc1a480c22cc96a3c,22945,32121,267317,133658,0.007347,29641.57,29161.50,
158,2,0xf17f52151EbEF6C7334FAD080c5704D77216b732,0xd6b6351c5b26cb54bac7645ab5cbdd204d7d2c4af2dee4a71e07375c6e5975cb,22945,32121,267317,133658,0.007347,29638.57,29163.73,
158,3,0x17D90CC0C9cB61f27A5198c8a96f9eA19341b218,0x8e3ca3e8c01fef6f6dc4a24f8ef066b7614d263153569c06f3bd765f170f2352,22945,32121,267317,133658,0.007347,29671.00,29182.50,
159,4,0x47242114086D2715A648d0391793730d2aB1CCa2,0xf07be928a60e11d57368b5fab6fc1f91b398799cbe1ffb3629e3b55788c5ec90,22946,32121,267317,133658,0.007347,29640.71,29157.93,
159,2,0xf17f52151EbEF6C7334FAD080c5704D77216b732,0x82821d4e3c7e19cc02573f53ff82bc537e2774bb5e5728ecd15f88caafdbbc09,22946,32121,267317,133658,0.007347,29633.42,29159.20,
159,3,0x17D90CC0C9cB61f27A5198c8a96f9eA19341b218,0x024a07478642885d8be6c4bbcb7a1903d76895e49020d62d52e0581289aab107,22946,32121,267317,133658,0.007347,29652.49,29163.30,
159,1,0x627306090abaB3A6e1400e9345bC60c78a8BEf57,0x4b0e78a73355cc47367424a5e0e193c4358d3f5d12d279994d8e9674ac51ae64,22946,32121,267317,133658,0.007347,30626.93,30153.41,
160,1,0x627306090abaB3A6e1400e9345bC60c78a8BEf57,0xbe557f6dea2ad8ac63d4e811b556689bb72d0a0b885c6ab77eec11f355999183,22947,32121,267317,133658,0.007347,29618.03,29154.33,
160,4,0x47242114086D2715A648d0391793730d2aB1CCa2,0x870dab2dc9758c8015829112b08ab69ab2de19faccd0d2503a1b2c27611be947,22947,32121,267317,133658,0.007347,30630.24,30158.08,
160,2,0xf17f52151EbEF6C7334FAD080c5704D77216b732,0x8a74be64d5d3af9f53892d3b990aa9afa0d36543af0c6ae2d9cf0cecb4d14a7c,22947,32121,267317,133658,0.007347,30628.82,30155.96,
160,3,0x17D90CC0C9cB61f27A5198c8a96f9eA19341b218,0xb78c84e0a3492c509a04673bdd49d5b2e27aa5e3295f1f2b0be137cca9e8b87c,22947,32121,267317,133658,0.007347,30645.88,30161.14,
161,4,0x47242114086D2715A648d0391793730d2aB1CCa2,0x9ab1ba8f8dabb71ed8d0b9a32f6611742a101862de29d1d24f2ab96858644b69,22948,32121,275055,137527,0.007559,29628.88,29156.85,
161,2,0xf17f52151EbEF6C7334FAD080c5704D77216b732,0x18bbd6624634508e39004dfc3513a1d76c01ad85151e6126a7090a72011c92e5,22948,32121,275055,137527,0.007559,29625.83,29155.94,
161,3,0x17D90CC0C9cB61f27A5198c8a96f9eA19341b218,0xbe0815b1be50bc6836ce0a48b8891de4f4a81da34f3a19c9abe08d4c392d4133,22948,32121,275055,137527,0.007559,29653.28,29163.45,
161,1,0x627306090abaB3A6e1400e9345bC60c78a8BEf57,0xa86fa4ffb492910233e3549e01bd0e45f4ffbb6659d041f2931d70268460dae6,22948,32121,275055,137527,0.007559,30624.10,30155.35,
162,2,0xf17f52151EbEF6C7334FAD080c5704D77216b732,0x090ce9ceebcb7297be751510f611fe11b7c0fa2fcd8c03bc0aaf863fc634b2b9,22949,32121,275055,137527,0.007559,29643.11,29171.58,
162,3,0x17D90CC0C9cB61f27A5198c8a96f9eA19341b218,0x2abda8ccb895f3e33122bf1dc21c2d1f8c4ebad079e61412f3a14b4abc38cd59,22949,32121,275055,137527,0.007559,29643.92,29160.60,
162,1,0x627306090abaB3A6e1400e9345bC60c78a8BEf57,0xdc2d5a56d030418704e7051875343b8def43c455f909a8ec772ae39e165b94a4,22949,32121,275055,137527,0.007559,29614.65,29153.11,
162,4,0x47242114086D2715A648d0391793730d2aB1CCa2,0x513961cfa424e28abd9b4341e8c370849c6c3565d75491ef445c32806914cefd,22949,32121,275055,137527,0.007559,30633.58,30157.21,
163,1,0x627306090abaB3A6e1400e9345bC60c78a8BEf57,0x35f8416f4fc05d3a1ee4ffd1f00cc4c890598fa97c6c74f084c0f4efc9835331,22950,32121,275055,137527,0.007559,29622.60,29156.13,
163,4,0x47242114086D2715A648d0391793730d2aB1CCa2,0x581492384fc48b967d0f1bd8028ce28b0391ece8694b0813a05ced36b54ec98d,22950,32121,275055,137527,0.007559,29625.86,29157.16,
163,2,0xf17f52151EbEF6C7334FAD080c5704D77216b732,0xeb088ba54c1cf4ebc8ab54af5d92ccb2280ab51c39e69404b0a9015b2fed150f,22950,32121,275055,137527,0.007559,30626.23,30154.89,
163,3,0x17D90CC0C9cB61f27A5198c8a96f9eA19341b218,0x97f5ac169fbfd1fe0051e5efb8c2eaac317d77738203bece3470b21666a48740,22950,32121,275055,137527,0.007559,30651.81,30161.49,
164,4,0x47242114086D2715A648d0391793730d2aB1CCa2,0x90e482124392f9d80e69bc3ca11f5e65b3155c4dff01b202a76f56a6a6842192,22951,32121,275055,137527,0.007559,29628.41,29156.84,
164,2,0xf17f52151EbEF6C7334FAD080c5704D77216b732,0xcc14757b1b8fab942df94e1c302255ad1590a599c254d0780dca4902fc1a5959,22951,32121,275055,137527,0.007559,29632.28,29157.48,
164,3,0x17D90CC0C9cB61f27A5198c8a96f9eA19341b218,0x694ec3e61bd4156f8951f39f201c76fd5865e340e2b6a2e0baddbbaf70243503,22951,32121,275055,137527,0.007559,29641.95,29161.73,
164,1,0x627306090abaB3A6e1400e9345bC60c78a8BEf57,0xb976c82fb80a54c4edbabb51f2fe13ba83ed2c0352a1b4ef5a68bce26ebb80a6,22951,32121,275055,137527,0.007559,30619.14,30155.56,
165,3,0x17D90CC0C9cB61f27A5198c8a96f9eA19341b218,0x28ae7a3ab1d045b6b6c19133ccc83c702beefec299b061006e77b472fdb1ed9c,22952,32121,282131,141065,0.007754,29646.14,29161.49,
165,1,0x627306090abaB3A6e1400e9345bC60c78a8BEf57,0x979f931be5722d9ea789faefbe5bcb9ab06fbdf8762a959d9ba89fb896497dc8,22952,32121,282131,141065,0.007754,29617.63,29154.78,
165,4,0x47242114086D2715A648d0391793730d2aB1CCa2,0xed625c74560c0c7496befadb6c9f6a06dd3dba9d5f62547a4d022eb16f898f17,22952,32121,282131,141065,0.007754,30631.56,30157.15,
165,2,0xf17f52151EbEF6C7334FAD080c5704D77216b732,0x664c67525edbd5320167516fbc098a9679aa403a1c87079dcb643cfc5dbdf5da,22952,32121,282131,141065,0.007754,30624.79,30154.98,
166,1,0x627306090abaB3A6e1400e9345bC60c78a8BEf57,0xe23d70f0e6f81d8e05c5e710ebfce3abe61fb6a4eba87ee64de51ff02d38f1b3,22953,32121,282131,141065,0.007754,29618.47,29155.54,
166,4,0x47242114086D2715A648d0391793730d2aB1CCa2,0xa939ede6b005a8c4432dffa37a9aa91f3b22e0ba7579d5af8952ea1abb75791d,22953,32121,282131,141065,0.007754,29628.13,29158.36,
166,2,0xf17f52151EbEF6C7334FAD080c5704D77216b732,0xa8a567444bf218701731e83934bc9fa4e4354e919830ddc68a03da134bbeb6d8,22953,32121,282131,141065,0.007754,29631.26,29156.49,
166,3,0x17D90CC0C9cB61f27A5198c8a96f9eA19341b218,0x3f81784d2f8dae968796644f16c924523f17070696cd8bf70115462ea3001b7d,22953,32121,282131,141065,0.007754,30650.41,30164.60,
167,4,0x47242114086D2715A648d0391793730d2aB1CCa2,0xadbcf320c80c86d0c800299d75217a537f8b4185fe8e9d1a732f413b32b0c155,22954,32121,282131,141065,0.007754,29632.80,29160.88,
167,2,0xf17f52151EbEF6C7334FAD080c5704D77216b732,0x9a823288152c3a159b49a1808120a39273153b14b75562a02d7e8d1dbbba19c7,22954,32121,282131,141065,0.007754,29637.59,29161.86,
167,3,0x17D90CC0C9cB61f27A5198c8a96f9eA19341b218,0x587900938532c6a89b43b56eb25a0c05c746b5e003a97f44a91f5e57de3f5c60,22954,32121,282131,141065,0.007754,29649.43,29159.87,
167,1,0x627306090abaB3A6e1400e9345bC60c78a8BEf57,0x7dc8101f6ff8ebbdc01641d63407823b119d8ad627599945b364f5349ad623f9,22954,32121,282131,141065,0.007754,30611.50,30153.03,
168,3,0x17D90CC0C9cB61f27A5198c8a96f9eA19341b218,0xfa9fefa50a855017963dc0b690ac9846076ff4bac18d6568f7c9cd36bd0780d1,22955,32121,282131,141065,0.007754,29646.17,29159.71,
168,1,0x627306090abaB3A6e1400e9345bC60c78a8BEf57,0xc4df73061af0e23580c07142b9a981435689aef446648b7436ebc13069addfe0,22955,32121,282131,141065,0.007754,29614.51,29151.65,
168,4,0x47242114086D2715A648d0391793730d2aB1CCa2,0x78754a333ecd01cb48b9bfae9a031ebfc0067edf40ae0fbc97788804723b1a14,22955,32121,282131,141065,0.007754,30632.29,30157.68,
168,2,0xf17f52151EbEF6C7334FAD080c5704D77216b732,0x687b9817d0540c152f91f8ddf1615192a18203da7b589503a76734296412399a,22955,32121,282131,141065,0.007754,30638.11,30160.15,
169,4,0x47242114086D2715A648d0391793730d2aB1CCa2,0xf1fbe527f0a61a53d9695d2279516ee585a5f6eccdf10f7d18780fa0204e9805,22956,32121,288298,144149,0.007923,29632.53,29160.29,
169,2,0xf17f52151EbEF6C7334FAD080c5704D77216b732,0x47bb246c02a148252b73b5e1052ed929bada38adf8d69477ff8f55b1288deec5,22956,32121,288298,144149,0.007923,29635.95,29158.08,
169,3,0x17D90CC0C9cB61f27A5198c8a96f9eA19341b218,0xe6780a68ed0fd1a442a5dd584b575b4e2af93a022f6436323ffb278a5ea8f400,22956,32121,288298,144149,0.007923,30642.46,30161.57,
169,1,0x627306090abaB3A6e1400e9345bC60c78a8BEf57,0xf6867f581de86755614121f0d40f5624810ed07fd8340b5be3db0047fc18101c,22956,32121,288298,144149,0.007923,30623.30,30156.43,
170,2,0xf17f52151EbEF6C7334FAD080c5704D77216b732,0xfcefaffde84bd67cea4b88fbaa3abb8777c5d4c5b84272bb9b08f407cee17361,22957,32121,288298,144149,0.007923,29629.73,29158.46,
170,3,0x17D90CC0C9cB61f27A5198c8a96f9eA19341b218,0xf9c919fc711d9f694043be5b810dc4a6c0b1ae36e9cf258ae0e0d9450231bd0a,22957,32121,288298,144149,0.007923,29642.93,29159.49,
170,1,0x627306090abaB3A6e1400e9345bC60c78a8BEf57,0x9f477ead80b45ce8c255bbcfa187812518299caacbae0f4d12e686c547d2f19c,22957,32121,288298,144149,0.007923,29610.75,29151.47,
170,4,0x47242114086D2715A648d0391793730d2aB1CCa2,0x7a942cd4a715bef7c47331b5831cf56049ebe0715833a14554913cf6d6f3fe55,22957,32121,288298,144149,0.007923,30641.97,30158.98,
171,3,0x17D90CC0C9cB61f27A5198c8a96f9eA19341b218,0xb3a5a664e11b67c51dc99b180341e7dbd46530f07b087df1905b0535ba2247ba,22958,32121,288298,144149,0.007923,29642.62,29163.07,
171,1,0x627306090abaB3A6e1400e9345bC60c78a8BEf57,0xd6f3955b59ba800bc457da20e7e174b4a9b8d265dae2a473c7240907ab6c0fae,22958,32121,288298,144149,0.007923,29610.53,29152.02,
171,4,0x47242114086D2715A648d0391793730d2aB1CCa2,0x1348beaae19bb88831bfba7457a31144f683c2051e6a8a540cd203c6790feff4,22958,32121,288298,144149,0.007923,29630.11,29157.48,
171,2,0xf17f52151EbEF6C7334FAD080c5704D77216b732,0xaf3459095c80d0d2059aecce5870da0dd634f9028e7d8bcec83f05374f24b2b6,22958,32121,288298,144149,0.007923,30632.07,30159.63,
172,4,0x47242114086D2715A648d0391793730d2aB1CCa2,0xe0e548c05f479074ef99d82bcfe711cbf5cc98757aa38e4c02d36760fb43b7fe,22959,32121,288298,144149,0.007923,29642.42,29158.91,
172,2,0xf17f52151EbEF6C7334FAD080c5704D77216b732,0xcee96a2a7f5191da53328bc524ef71299c8ec18927c9533f2a6723b9bc97c091,22959,32121,288298,144149,0.007923,29629.08,29160.40,
172,3,0x17D90CC0C9cB61f27A5198c8a96f9eA19341b218,0x1f68e82bfa11655b65203d92c2b37709d2205f76c13c6d69270cde3c4b002c33,22959,32121,288298,144149,0.007923,30636.68,30159.93,
172,1,0x627306090abaB3A6e1400e9345bC60c78a8BEf57,0xbdbd62a0949567ed53b925cda05cf44db6cd287c243a8fbb61c285cbb6519847,22959,32121,288298,144149,0.007923,30609.94,30152.23,
173,3,0x17D90CC0C9cB61f27A5198c8a96f9eA19341b218,0x87651611f423e4dc089df7b696917fada089f2bf7ece39b4d73d108fdaa49784,22960,32121,296904,148452,0.008160,29639.12,29159.46,
173,1,0x627306090abaB3A6e1400e9345bC60c78a8BEf57,0x9887e2856cd2cd204e7df19a15bdc33cafe52a782679818440ded0de35bf1096,22960,32121,296904,148452,0.008160,29613.38,29153.31,
173,4,0x47242114086D2715A648d0391793730d2aB1CCa2,0x94f461ab29c028782f8717182c364e47f794d59af3d66703fc523167c0435c42,22960,32121,296904,148452,0.008160,30628.98,30157.29,
173,2,0xf17f52151EbEF6C7334FAD080c5704D77216b732,0x0d7646557bfd4eb36333f871f67b4d580746d4cc70665be7bf4cfe9f079bb44b,22960,32121,296904,148452,0.008160,30630.84,30155.91,
174,4,0x47242114086D2715A648d0391793730d2aB1CCa2,0x043e5bfcd7b720d816c3bc610182fb9a9d166846bbce731e7582063413fc65ee,22961,32121,296904,148452,0.008160,29629.89,29158.76,
174,2,0xf17f52151EbEF6C7334FAD080c5704D77216b732,0x705eef6fe2d9342055328f92b2a08532c46bf7e438f52034680123ea0dd7bd28,22961,32121,296904,148452,0.008160,29626.52,29154.72,
174,3,0x17D90CC0C9cB61f27A5198c8a96f9eA19341b218,0x55137a428ad0e8683814e24d6a935e0975732715de8dc91b5b7e86b5211f4d89,22961,32121,296904,148452,0.008160,30638.82,30160.32,
174,1,0x627306090abaB3A6e1400e9345bC60c78a8BEf57,0xfc13e814fe21d5c2b5c12c16f472745b1dbe4925ac3eb613070e4a19ccb25166,22961,32121,296904,148452,0.008160,30609.84,30153.16,
175,4,0x47242114086D2715A648d0391793730d2aB1CCa2,0xbfc44277014f12e726e57ff1aec83a4e18722f42663813c11e1f6878e9b35586,22962,32121,296904,148452,0.008160,29627.12,29156.24,
175,2,0xf17f52151EbEF6C7334FAD080c5704D77216b732,0x8c14f942ebf0d300ba41fe55d755ee9d951347ea891d0d2017ddc2b7b1dd7107,22962,32121,296904,148452,0.008160,29626.74,29158.40,
175,1,0x627306090abaB3A6e1400e9345bC60c78a8BEf57,0xd1dd4aebda406e58b0623b00339688763b1c8c591ead91b9d7bee07b25906722,22962,32121,296904,148452,0.008160,29615.65,29151.23,
175,3,0x17D90CC0C9cB61f27A5198c8a96f9eA19341b218,0xd1126d21b01bc998a629225ed676dade63981e35d1c668b893471dc0a0aa178c,22962,32121,296904,148452,0.008160,29639.27,29158.37,
176,1,0x627306090abaB3A6e1400e9345bC60c78a8BEf57,0x5b82325a28719d1e53d0de9222883fc266c52555213f9033e0585c8536a0e8ca,22963,32121,296904,148452,0.008160,29609.61,29152.74,
176,3,0x17D90CC0C9cB61f27A5198c8a96f9eA19341b218,0xc77b552ee5c1fe487f4a2177aa0ae031be2197baaf6aefcaecc9d6ff3c774b7c,22963,32121,296904,148452,0.008160,29637.23,29160.95,
176,4,0x47242114086D2715A648d0391793730d2aB1CCa2,0x1ef26671de5191a867aae7a9937ec80969d63667a11e42580188d9a4506cb0db,22963,32121,296904,148452,0.008160,30630.85,30157.84,
176,2,0xf17f52151EbEF6C7334FAD080c5704D77216b732,0xd5ff55f743a41e92a79788f6013592b3c51d0569539a71ebb0008d91de9ae586,22963,32121,296904,148452,0.008160,30626.63,30156.80,
177,4,0x47242114086D2715A648d0391793730d2aB1CCa2,0x72ddbea79fe39888e8850ef673ec0802fe58668877b10d566aacbb9a49026377,22964,32121,296904,148452,0.008160,29630.67,29156.49,
177,2,0xf17f52151EbEF6C7334FAD080c5704D77216b732,0xcf1c7ee559cc1373d6a313c3c9ad68a67c7a4d072f68a6c77f9e84209d942b1f,22964,32121,296904,148452,0.008160,29630.43,29158.46,
177,1,0x627306090abaB3A6e1400e9345bC60c78a8BEf57,0x65af9264e850ef9a7b87fb57d573fd367ae4cb153dc708b58bbeeeb13e4fe9ed,22964,32121,296904,148452,0.008160,30622.09,30154.13,
177,3,0x17D90CC0C9cB61f27A5198c8a96f9eA19341b218,0xfa77034eb08826c171eb89991b1d758aef5da4e8e3648edfb811ea0c6a8f262a,22964,32121,296904,148452,0.008160,30640.39,30158.77,
178,4,0x47242114086D2715A648d0391793730d2aB1CCa2,0x44e6680fcf8e582b4a9aa38945921bd06a46cca78197d8d0a35c1510e84a71d8,22965,32121,296904,148452,0.008160,29633.33,29158.08,
178,2,0xf17f52151EbEF6C7334FAD080c5704D77216b732,0x3d71e36fb7461fa4542058e7c582c7ff82468457737aa43e69ad437e450f026a,22965,32121,296904,148452,0.008160,29635.91,29165.38,
178,1,0x627306090abaB3A6e1400e9345bC60c78a8BEf57,0x59c69fd35eb8f9de9e232c968a2003853b4f62ff296d7c06b5f41ab8d0efbe77,22965,32121,296904,148452,0.008160,29613.93,29153.77,
178,3,0x17D90CC0C9cB61f27A5198c8a96f9eA19341b218,0x06549e3e183bf06a9e4136f36df534b6b9b4ab620e5fcfdb300462f4da7bc5e3,22965,32121,296904,148452,0.008160,29637.16,29160.13,
179,1,0x627306090abaB3A6e1400e9345bC60c78a8BEf57,0xdd56e19f394802b2cad758e364205d3b7182121bfb85a8901d1238e5ad969dd1,22966,32121,306877,153438,0.008434,29623.85,29162.07,
179,3,0x17D90CC0C9cB61f27A5198c8a96f9eA19341b218,0x3152321173e8ba408a4253445917d2bc5a4c351e5d5ee87c029dedd2fbc3b03e,22966,32121,306877,153438,0.008434,29643.69,29160.32,
179,4,0x47242114086D2715A648d0391793730d2aB1CCa2,0x928feae6f97fb3e54d8204537c0a896712b9821d12a57d8fc56d812a2acf3c57,22966,32121,306877,153438,0.008434,30629.30,30156.55,
179,2,0xf17f52151EbEF6C7334FAD080c5704D77216b732,0x4b4a0a8e8f9ff211616f9e701fe672253c7b48b1f08ab3ea45d6246f14358a8d,22966,32121,306877,153438,0.008434,30639.12,30161.50,
180,4,0x47242114086D2715A648d0391793730d2aB1CCa2,0x22de5111b78a6547f4005734b5903a438a82139869bbf7a908061db3deddb380,22967,32121,306877,153438,0.008434,29639.48,29167.58,
180,2,0xf17f52151EbEF6C7334FAD080c5704D77216b732,0xcf436849ad56b7ee136f2b9d648b27de10d807c644ec9af111c9f38514cd9e2e,22967,32121,306877,153438,0.008434,29634.64,29160.44,
180,1,0x627306090abaB3A6e1400e9345bC60c78a8BEf57,0x88c113fada19285e0c217493492b6f316fd4acac99fdc30c8db4c7719e894b1a,22967,32121,306877,153438,0.008434,30618.71,30153.32,
180,3,0x17D90CC0C9cB61f27A5198c8a96f9eA19341b218,0xe82bee5d4d14f8cf4265b898da09d818c554d982f342ea97b554f7957ef86ebd,22967,32121,306877,153438,0.008434,30637.28,30159.92,
181,2,0xf17f52151EbEF6C7334FAD080c5704D77216b732,0x999ee621a1f0dff6f4ccca9d1a493f86acf9ed183e0f5242baf20792e7dcce6d,22968,32121,306877,153438,0.008434,29629.43,29157.19,
181,1,0x627306090abaB3A6e1400e9345bC60c78a8BEf57,0xeaf8954dd8c8d061649c616bd28a85c58d9e6e3a2da3ccf22fc66d0c9c0edbc7,22968,32121,306877,153438,0.008434,29616.82,29155.21,
181,3,0x17D90CC0C9cB61f27A5198c8a96f9eA19341b218,0x7afed313c8c1a50d92d38ff96a1dda6b7841ff42c4e61cc3a99c420a98cf9f17,22968,32121,306877,153438,0.008434,29642.30,29160.98,
181,4,0x47242114086D2715A648d0391793730d2aB1CCa2,0x9f06d7f88cda4e3da83fd04a103ae57f4b7daea85122dbeee70ab514860f3d20,22968,32121,306877,153438,0.008434,30630.10,30158.61,
182,3,0x17D90CC0C9cB61f27A5198c8a96f9eA19341b218,0xcec503ad880f3c1efc8a98f6a8f26108a2313b00e6fa8c086799483984f59274,22969,32121,306877,153438,0.008434,29656.90,29163.10,
182,4,0x47242114086D2715A648d0391793730d2aB1CCa2,0x056548e1cb2f56f01d685f2ee8daf16c377d799d94b953afb17224b53b78a611,22969,32121,306877,153438,0.008434,29630.72,29155.76,
182,2,0xf17f52151EbEF6C7334FAD080c5704D77216b732,0x565c6a9f78ae9c26033215fa7f67aa0b67b9ddfc0272b170b01cb8a6c45963e4,22969,32121,306877,153438,0.008434,30632.47,30159.02,
182,1,0x627306090abaB3A6e1400e9345bC60c78a8BEf57,0x219d9becd8e598d14a22ff8a672a6cd6a05d0e33208f5956d28bd68367bc9b01,22969,32121,306877,153438,0.008434,30619.14,30154.60,
183,4,0x47242114086D2715A648d0391793730d2aB1CCa2,0x07c7ace776893d6cb0b59209ff1647275a9286de5fe6be6927c5dc5460a08597,22970,32121,306877,153438,0.008434,29626.66,29156.62,
183,2,0xf17f52151EbEF6C7334FAD080c5704D77216b732,0x36ce295e04dece26bfc962457918cd99867997fd9988b41a5743a759d4e47c2d,22970,32121,306877,153438,0.008434,29623.68,29156.08,
183,1,0x627306090abaB3A6e1400e9345bC60c78a8BEf57,0x80d72a905d79d651a3b6a07fab27bd57eddf03bb90b4b270fe55f4cc71af3570,22970,32121,306877,153438,0.008434,29623.85,29157.11,
183,3,0x17D90CC0C9cB61f27A5198c8a96f9eA19341b218,0xb9a370373788248336bf9921baf6446ac8bca0a5704342ac4e9493e5efb3e57b,22970,32121,306877,153438,0.008434,30648.86,30163.37,
184,1,0x627306090abaB3A6e1400e9345bC60c78a8BEf57,0x3f99f47b957e01eed1e330b7790db52077bfdd2d1869fff589a9d38903927afb,22971,32121,306877,153438,0.008434,29620.41,29155.51,
184,3,0x17D90CC0C9cB61f27A5198c8a96f9eA19341b218,0x953708e915cf6df3815e3356ed415e752f5c92e1593591c6c5e4d7ee07fb62c1,22971,32121,306877,153438,0.008434,29644.75,29160.57,
184,4,0x47242114086D2715A648d0391793730d2aB1CCa2,0xe50d59544acb8656bdff45bcf2b18ff8ba5c3b4b48a362e9a250c51e63407fe0,22971,32121,306877,153438,0.008434,30628.10,30155.89,
184,2,0xf17f52151EbEF6C7334FAD080c5704D77216b732,0x0c121f3f3e3c2b483dc88d01c98688257e3802f607a1af9201b00e68f7a72188,22971,32121,306877,153438,0.008434,30631.61,30156.47,
185,4,0x47242114086D2715A648d0391793730d2aB1CCa2,0xf6c93035852ca0cc91fa2aa528412a5d27262ad93afe43941757c7c9022f3845,22972,32121,310560,155280,0.008535,29626.66,29156.97,
185,2,0xf17f52151EbEF6C7334FAD080c5704D77216b732,0xa5d260af37e0a1d6eed5ff7308da8ee5eb25cb09dbb3fe0998e1fd6fa4aa4b60,22972,32121,310560,155280,0.008535,29625.59,29155.56,
185,1,0x627306090abaB3A6e1400e9345bC60c78a8BEf57,0x72161fe360aa5bd129fc68021ae19a96a35e7eb11d851680b0d1ae6b5d24a707,22972,32121,310560,155280,0.008535,30634.54,30160.88,
185,3,0x17D90CC0C9cB61f27A5198c8a96f9eA19341b218,0xa37aff6d28b44579f273a98fee9e8868a0d97e36423ad6aea16a9485fd00733e,22972,32121,310560,155280,0.008535,30643.88,30161.42,
186,4,0x47242114086D2715A648d0391793730d2aB1CCa2,0xb5288ab930c1e75c3c2750d66e2227eb7b6915854aabfcb2a58f58a3a07b6584,22973,32121,310560,155280,0.008535,29639.20,29168.16,
186,2,0xf17f52151EbEF6C7334FAD080c5704D77216b732,0x0c7705c853338451a68ea78c3ee7201740f31577036f2e93ff50986db18c58ec,22973,32121,310560,155280,0.008535,29658.18,29185.78,
186,1,0x627306090abaB3A6e1400e9345bC60c78a8BEf57,0xd4a9979057d34e87b09c22f25846d6ed65381266d0e9f39e523cbeffd632d6f8,22973,32121,310560,155280,0.008535,29672.30,29194.63,
186,3,0x17D90CC0C9cB61f27A5198c8a96f9eA19341b218,0x19085e1623eca6e5e294034b6ed7ad522d84bec6ebf513a29746da9aa273cf7d,22973,32121,310560,155280,0.008535,29645.86,29158.38,
187,1,0x627306090abaB3A6e1400e9345bC60c78a8BEf57,0x09b1a58780aef02b6a9512c3799b6a68c29cd376f4896220cb3a69ffd3fece8a,22974,32121,311595,155797,0.008564,29639.42,29154.15,
187,3,0x17D90CC0C9cB61f27A5198c8a96f9eA19341b218,0xa7c7271dbf9f9087628b874f634a662b8d2a0423dd0e8380bb52e5571366d01d,22974,32121,311595,155797,0.008564,29621.13,29153.95,
187,4,0x47242114086D2715A648d0391793730d2aB1CCa2,0xcc2e8da74397b2d26994c57b9f7e7713ec9e9793e374b08886d1175a7c1038f4,22974,32121,311595,155797,0.008564,30650.07,30161.35,
187,2,0xf17f52151EbEF6C7334FAD080c5704D77216b732,0xcdbc8617cc1799cee0cfa96317ced8bd1e645629d6443317e02d9579123be75c,22974,32121,311595,155797,0.008564,30730.41,30172.26,
188,4,0x47242114086D2715A648d0391793730d2aB1CCa2,0x5669bf750db1269079427ce3a6875cfd8198e4030b86b6fe15d4b1ae1ce166d0,22975,32121,314036,157018,0.008631,29652.86,29163.43,
188,2,0xf17f52151EbEF6C7334FAD080c5704D77216b732,0xd146cfaaf68a41c7832fd4929ed88a9cac6f32198e26a9e4fe3de754cfee7f5d,22975,32121,314036,157018,0.008631,29686.73,29171.47,
188,1,0x627306090abaB3A6e1400e9345bC60c78a8BEf57,0x74fea00abd023e15c40b5a9bce6ef5f09623133807a430a13bf73eaabefd7691,22975,32121,314036,157018,0.008631,30616.65,30152.98,
188,3,0x17D90CC0C9cB61f27A5198c8a96f9eA19341b218,0x910675a4a81e101eac233ab07537a3b1164b6441170cda463f11363a7f88d39b,22975,32121,314036,157018,0.008631,30621.30,30154.05,
189,4,0x47242114086D2715A648d0391793730d2aB1CCa2,0xdbd90b96743a08fa4e9daeaf5b0d973f4a4f9b4276d49a4811c942f97bec011d,22976,32121,322975,161487,0.008876,29650.75,29163.27,
189,1,0x627306090abaB3A6e1400e9345bC60c78a8BEf57,0xc0c2ffd7aa32624c61433e6a1af6711f93217b405f57ae1c3e33c7d3832dd045,22976,32121,322975,161487,0.008876,29612.91,29154.63,
189,2,0xf17f52151EbEF6C7334FAD080c5704D77216b732,0xfbb66d8333343db5808728fbe7dd9356aa9c9079d8f9e482671e8d5fec9911a2,22976,32121,322975,161487,0.008876,29678.99,29169.16,
189,3,0x17D90CC0C9cB61f27A5198c8a96f9eA19341b218,0xaae2d221b8ddce0a5d2721f6d039cc75ede853290138d9ee52ecd80699f8054a,22976,32121,322975,161487,0.008876,29630.01,29159.01,
190,3,0x17D90CC0C9cB61f27A5198c8a96f9eA19341b218,0x570893645817c58a11f28ee25c6c854c335c47ae1b378389b33073e7f2f9ee58,22977,32121,322975,161487,0.008876,29635.55,29157.63,
190,4,0x47242114086D2715A648d0391793730d2aB1CCa2,0xc14383f70e4c7d60e5bcbefb12e09e1269da57d5a10e6218b5efcc254b9afb73,22977,32121,322975,161487,0.008876,30647.44,30162.20,
190,1,0x627306090abaB3A6e1400e9345bC60c78a8BEf57,0x4df6a3b8d89f0379d2e008e0a54697f811faa4fedf71853e19b6dcaea6c16f67,22977,32121,322975,161487,0.008876,30619.66,30155.88,
190,2,0xf17f52151EbEF6C7334FAD080c5704D77216b732,0xb37c5dabfb973bdc019e8cafa9b6092018bcf4c6f01ece884bb0e375efe60911,22977,32121,322975,161487,0.008876,30694.59,30174.16,
191,4,0x47242114086D2715A648d0391793730d2aB1CCa2,0x37b5346d6b39f0c6e98c96d282963a1693b76d96f8f032ec3d08abca266fb648,22978,32121,322975,161487,0.008876,29648.16,29162.34,
191,1,0x627306090abaB3A6e1400e9345bC60c78a8BEf57,0x4c16ca3c860577916ede812c227150540552f35343eb4774f1285bc84ce96486,22978,32121,322975,161487,0.008876,29618.10,29156.02,
191,2,0xf17f52151EbEF6C7334FAD080c5704D77216b732,0x2ce4f1db2e38b43a66f4c08997dbb6a0d5ccdb20197a6bc3ada2f0d7ad45fd31,22978,32121,322975,161487,0.008876,29682.83,29171.55,
191,3,0x17D90CC0C9cB61f27A5198c8a96f9eA19341b218,0x01637e224a689c54f96821dc63011ccf752182b15318d42932f82d53a5fbbef8,22978,32121,322975,161487,0.008876,30633.34,30158.27,
192,1,0x627306090abaB3A6e1400e9345bC60c78a8BEf57,0xff03e1488433461f4806fc9d01debaca2f80b000b4117c017f1cd907e70b8442,22979,32121,322975,161487,0.008876,29617.82,29154.54,
192,2,0xf17f52151EbEF6C7334FAD080c5704D77216b732,0x362ff89ec7a88914da8214bea25c26b777f02c9b06f76939b9dc795bdf1c64f1,22979,32121,322975,161487,0.008876,29684.06,29174.85,
192,3,0x17D90CC0C9cB61f27A5198c8a96f9eA19341b218,0x966bb046addbdab8e87f7d786fbe9b4ca6db0ae0536ce3865d4f424aea1b7b8f,22979,32121,322975,161487,0.008876,29636.95,29158.72,
192,4,0x47242114086D2715A648d0391793730d2aB1CCa2,0x4e757b6af67bc9614ae78e57a047c8b5fe85a1bb30f00334926373c39d2b9209,22979,32121,322975,161487,0.008876,30645.03,30160.95,
193,3,0x17D90CC0C9cB61f27A5198c8a96f9eA19341b218,0xa7d4413ad7f6b6afa92326d5df313b55be7db071a819eb7d96a79e8b77725d6f,22980,32121,322975,161487,0.008876,29621.90,29154.47,
193,2,0xf17f52151EbEF6C7334FAD080c5704D77216b732,0x8f71a3229dc4085b6d40dab09212a6e2c4db13a71075aef493b5660d675d6994,22980,32121,322975,161487,0.008876,29678.81,29169.98,
193,4,0x47242114086D2715A648d0391793730d2aB1CCa2,0x0ea2eb04c3a0dc91855b18f000128c2516a46adcfa276528e8adecb1ee2e27cc,22980,32121,322975,161487,0.008876,29648.47,29163.47,
193,1,0x627306090abaB3A6e1400e9345bC60c78a8BEf57,0x16c881906759180269de0bde401f7b4bb6666adcee0cb571e9b0342f6cbe00ba,22980,32121,322975,161487,0.008876,30618.70,30154.72,
194,4,0x47242114086D2715A648d0391793730d2aB1CCa2,0xbc5fdfd6d5693f55fa5bae87d8d62b0bd0ca56c309bd837746b159d742c20f68,22981,32121,325789,162894,0.008954,29651.42,29161.85,
194,1,0x627306090abaB3A6e1400e9345bC60c78a8BEf57,0xabdfc57e6c422cdca9559f986b348a5eab2230a277f0a197433f781c61a562f2,22981,32121,325789,162894,0.008954,29621.50,29155.00,
194,3,0x17D90CC0C9cB61f27A5198c8a96f9eA19341b218,0xca7073e5c7e8ecebb713618967269c7c0abf7f1cc44f828f3e98db0a26440d45,22981,32121,325789,162894,0.008954,30623.48,30155.17,
194,2,0xf17f52151EbEF6C7334FAD080c5704D77216b732,0x9724fe6d616ca141aaaee9f4a8355b659b2e03d7324bc028801a33c570dc6daa,22981,32121,325789,162894,0.008954,30678.26,30171.03,
195,1,0x627306090abaB3A6e1400e9345bC60c78a8BEf57,0xa72cf42ed565a3289fb8e344175e4b96b8a1f7459e107cd28dce590007f31f04,22982,32121,325789,162894,0.008954,29622.08,29154.82,
195,3,0x17D90CC0C9cB61f27A5198c8a96f9eA19341b218,0x73d776f3fde2b280c526e017aeff8f0f31c751313356104b7d59d6e0a65a4a75,22982,32121,325789,162894,0.008954,29623.17,29154.44,
195,2,0xf17f52151EbEF6C7334FAD080c5704D77216b732,0xdbc095c2f70cc27e0ed72ff6a055f245d56929478e97eec27044bba2e92fe299,22982,32121,325789,162894,0.008954,29683.03,29168.86,
195,4,0x47242114086D2715A648d0391793730d2aB1CCa2,0xe42288a772e6e400f78940fb648fa74f29077d59df8e7de36f3e66d54a46c2b9,22982,32121,325789,162894,0.008954,30656.09,30164.08,
196,2,0xf17f52151EbEF6C7334FAD080c5704D77216b732,0xad44bfb1196d764190dc71b49b614264a757f8ccd059df54e811720a6a7e88e9,22983,32121,335431,167715,0.009219,29683.22,29171.68,
196,4,0x47242114086D2715A648d0391793730d2aB1CCa2,0xab156c503214a3f408b7c2bd33038bc77b55d424619bea206bb87d6883693003,22983,32121,335431,167715,0.009219,29647.31,29161.15,
196,1,0x627306090abaB3A6e1400e9345bC60c78a8BEf57,0xdaf735ffb05b9b27a9da0dd472608022240e0e1e86d1e043cc017ba701ccec9e,22983,32121,335431,167715,0.009219,30617.31,30153.59,
196,3,0x17D90CC0C9cB61f27A5198c8a96f9eA19341b218,0x91c9ce7e95c1ea5ecb2aaf85cee8af314f4964e6eba33d6cfc6a5043dacb1766,22983,32121,335431,167715,0.009219,30624.15,30155.63,
197,1,0x627306090abaB3A6e1400e9345bC60c78a8BEf57,0xce431daafe5f5282e4d996b17f94461591ecee98936405a9ad7464a73571c060,22984,32121,335431,167715,0.009219,29618.87,29154.84,
197,4,0x47242114086D2715A648d0391793730d2aB1CCa2,0xfa6dc5a18e34f78161215bdfabfa1726cc74b2f3328ea916b93b06a018b29af9,22984,32121,335431,167715,0.009219,29652.40,29161.72,
197,3,0x17D90CC0C9cB61f27A5198c8a96f9eA19341b218,0xe8b8759851586b88dc3c9b438736f2eaffdf17036cd712dd64964eff8605396c,22984,32121,335431,167715,0.009219,29629.25,29157.34,
197,2,0xf17f52151EbEF6C7334FAD080c5704D77216b732,0x958223695d3c350c6b752d943f803bb8d32be18d8815856e1fc0792dd9b6fae8,22984,32121,335431,167715,0.009219,30682.56,30169.82,
198,3,0x17D90CC0C9cB61f27A5198c8a96f9eA19341b218,0x812e3c6cb3374574a7c7d00c980761adb761cb5e737c92d638669d50d43c6101,22985,32121,335431,167715,0.009219,29624.20,29156.15,
198,2,0xf17f52151EbEF6C7334FAD080c5704D77216b732,0x6dcd38ea219a04683bc3efb2d776d50448417ef7d7d6540566a327c06a677789,22985,32121,335431,167715,0.009219,29679.63,29169.75,
198,1,0x627306090abaB3A6e1400e9345bC60c78a8BEf57,0x86d68cded0ce03c2a62a09260f84b56283aab132a6635a22de5da369203d9600,22985,32121,335431,167715,0.009219,30620.60,30154.84,
198,4,0x47242114086D2715A648d0391793730d2aB1CCa2,0xa5e3a98b89ea6b06c208dd1441bf57b9e7f61339d8aee8bd68e05b36e990fbfa,22985,32121,335431,167715,0.009219,30646.78,30160.70,
199,2,0xf17f52151EbEF6C7334FAD080c5704D77216b732,0x7825b9473b419cd4035c039ae6bb4a1c0d00a0f3463fa41a6221d01fe99d55c6,22986,32121,335431,167715,0.009219,29687.20,29172.20,
199,1,0x627306090abaB3A6e1400e9345bC60c78a8BEf57,0xa5cb32ec642dfde101c44e41c7f1a851e6565c4a7ccbf9b4af2e89183dfa6ccf,22986,32121,335431,167715,0.009219,29616.51,29153.37,
199,4,0x47242114086D2715A648d0391793730d2aB1CCa2,0x3de87afc5cc06ea1427e14167a5b9fdb282b1da227bb1179c4e1dff26e4df093,22986,32121,335431,167715,0.009219,29642.51,29160.29,
199,3,0x17D90CC0C9cB61f27A5198c8a96f9eA19341b218,0xf5f6a5836fa796326b83d2d0a5775e095735afd7ee44cb077edc70e5c613b8f8,22986,32121,335431,167715,0.009219,30623.13,30158.15,
200,1,0x627306090abaB3A6e1400e9345bC60c78a8BEf57,0x64417d5f5ff6b1f7f7cbcf9985757adcf841caae617aedf87b6f717b9a999079,22987,32121,335431,167715,0.009219,29618.78,29155.79,
200,4,0x47242114086D2715A648d0391793730d2aB1CCa2,0xfe804bc0c606576eee2aecbcedb1ac92d64b5a3a722b004fee1df23976e18711,22987,32121,335431,167715,0.009219,29650.55,29161.71,
200,3,0x17D90CC0C9cB61f27A5198c8a96f9eA19341b218,0xa926afee58c4473effab374d8603a981985d6275ce850a6293b66d939b079514,22987,32121,335431,167715,0.009219,29623.13,29154.66,
200,2,0xf17f52151EbEF6C7334FAD080c5704D77216b732,0xcde06a88601ea30072af7390b6681a8806ab81d99de51af58b387204a3fadd49,22987,32121,335431,167715,0.009219,30684.34,30170.23,
201,3,0x17D90CC0C9cB61f27A5198c8a96f9eA19341b218,0xe8cd1576c95ddb0912e9dd32dc08f69046f487e7fdf3720c8cd1e794786688c9,22988,32121,335431,167715,0.009219,29623.13,29155.39,
201,2,0xf17f52151EbEF6C7334FAD080c5704D77216b732,0xe27737451376e5bba8071bd1717fb7e1b699715bdabefaa3d893badfaa30fddd,22988,32121,335431,167715,0.009219,29684.74,29173.10,
201,1,0x627306090abaB3A6e1400e9345bC60c78a8BEf57,0xe62d96b8de6c4b6c6f0a7dad1a03a850212a4c5ab5b712e547147d7ee2930825,22988,32121,335431,167715,0.009219,30620.12,30156.56,
201,4,0x47242114086D2715A648d0391793730d2aB1CCa2,0x7dbd6bf9b8592a75df84c5cfda9c6e88c4ab969eb32cab11487c6775333a2af8,22988,32121,335431,167715,0.009219,30652.63,30165.12,
202,2,0xf17f52151EbEF6C7334FAD080c5704D77216b732,0x41c406bd3fd31b43370137979638a4edbf794ca14c7c534b634ebae8d1a821bc,22989,32121,336755,168377,0.009255,29687.19,29172.40,
202,1,0x627306090abaB3A6e1400e9345bC60c78a8BEf57,0x57fdcda777fa6faf05f34c9ee5723444ef741795b2190dcbcb64db4027202425,22989,32121,336755,168377,0.009255,29620.41,29154.83,
202,4,0x47242114086D2715A648d0391793730d2aB1CCa2,0x2f5fb5afd7ee7381913367cb0699c3d1fc8b9be6df4c3e82245ce53fe3120b96,22989,32121,336755,168377,0.009255,29653.11,29166.31,
202,3,0x17D90CC0C9cB61f27A5198c8a96f9eA19341b218,0xcb2a7e9775b7f409874ef9158a45c02d376a52f74dc742d9dacefc7c4cccf965,22989,32121,336755,168377,0.009255,30619.57,30155.11,
203,1,0x627306090abaB3A6e1400e9345bC60c78a8BEf57,0xb6b7aaf8757779c0b19b4e3d97747fb2c612c77d6d00722c2bd423901797beee,22990,32121,341222,170611,0.009378,29667.62,29200.65,
203,4,0x47242114086D2715A648d0391793730d2aB1CCa2,0x8793c358df13b6df97049b94ab7ecedf16f19a4b05d38c0de50aac9b5107caab,22990,32121,341222,170611,0.009378,29653.40,29165.01,
203,3,0x17D90CC0C9cB61f27A5198c8a96f9eA19341b218,0x1bd3fff15e1af4efbc91333e31f69e2bd8cd9e510af6299a229c61f6656a114e,22990,32121,341222,170611,0.009378,29644.53,29173.13,
203,2,0xf17f52151EbEF6C7334FAD080c5704D77216b732,0x6ab585db59cc959c64f1efc668ac2b08f4099b715320a71254662ad0cfd79214,22990,32121,341222,170611,0.009378,30697.14,30181.85,
204,2,0xf17f52151EbEF6C7334FAD080c5704D77216b732,0x353be0fafe7395280386371e3321b82bdcbcb4a928d6dec55062025d6d4e3625,22991,32121,341222,170611,0.009378,29702.86,29174.03,
204,1,0x627306090abaB3A6e1400e9345bC60c78a8BEf57,0x781def2da36cab32920f4a08a3e27a96f0bfaff60171248513c91ba706da8b8c,22991,32121,341222,170611,0.009378,30670.62,30155.89,
204,4,0x47242114086D2715A648d0391793730d2aB1CCa2,0x3d640f1cf02b15ebf64dc48ba8313a35481748258e8b718c6be6136bed819274,22991,32121,341222,170611,0.009378,30674.87,30162.80,
204,3,0x17D90CC0C9cB61f27A5198c8a96f9eA19341b218,0xab7a7e818fd6fa8575c57b6fe7f905f3a94c7a0e8bce7d6f50264fd6d5357e50,22991,32121,341222,170611,0.009378,30641.99,30156.32,
205,2,0xf17f52151EbEF6C7334FAD080c5704D77216b732,0x4f3f094303f0d05da49f2049939fa504d9f152ed2f4a2185dae12152765f45e1,22992,32121,349580,174790,0.009608,29690.27,29173.05,
205,1,0x627306090abaB3A6e1400e9345bC60c78a8BEf57,0x52abceb8cf4439ac3f79f6aad3dccf102b7d08884a77f9cb928d8f4936554cdd,22992,32121,349580,174790,0.009608,29618.02,29157.71,
205,4,0x47242114086D2715A648d0391793730d2aB1CCa2,0x0c73b2d4ac4484afc949372563e7cdbda35c1a0002e94620ba3199524a552e68,22992,32121,349580,174790,0.009608,29642.39,29161.39,
205,3,0x17D90CC0C9cB61f27A5198c8a96f9eA19341b218,0x7312ffb27154a3aaba02b43f49fd8fe6ae66f7fe4713c623732adb44b980a737,22992,32121,349580,174790,0.009608,29627.23,29157.20,
206,4,0x47242114086D2715A648d0391793730d2aB1CCa2,0xf59e184598e694cf64ec08923feab18c8ffe2452fae8b95708967cfba1061768,22993,32121,349580,174790,0.009608,29648.24,29162.48,
206,3,0x17D90CC0C9cB61f27A5198c8a96f9eA19341b218,0x5f8649389a034972435a3d36d4195dce1e224b9fd978ce9c9d9c30d4e45a337b,22993,32121,349580,174790,0.009608,29622.98,29156.30,
206,1,0x627306090abaB3A6e1400e9345bC60c78a8BEf57,0xe70bf6b5c7567541e7c67bc512e75147e822ea0f29dbd7e40a633414e6ee76d6,22993,32121,349580,174790,0.009608,30624.40,30154.25,
206,2,0xf17f52151EbEF6C7334FAD080c5704D77216b732,0xe401a1f915112d58b3b2c280457b2423a241a1dffdfdaa33a84d8981e1a8cdf4,22993,32121,349580,174790,0.009608,30692.59,30172.46,
207,1,0x627306090abaB3A6e1400e9345bC60c78a8BEf57,0x22f1524917ab0318936abcb8fe0a6acab408c888e1627806bb96014a016249a9,22994,32121,349580,174790,0.009608,29620.88,29155.79,
207,2,0xf17f52151EbEF6C7334FAD080c5704D77216b732,0xd305bc3debd09fbeb76a59257045609ddd5d692e18edd1e4f5bb817e3e3a67ee,22994,32121,349580,174790,0.009608,29687.34,29172.68,
207,4,0x47242114086D2715A648d0391793730d2aB1CCa2,0x1bcef35036faff3ea212db9502714dc96cf3a5bc7478db826fc70035a3371ac5,22994,32121,349580,174790,0.009608,30645.73,30161.77,
207,3,0x17D90CC0C9cB61f27A5198c8a96f9eA19341b218,0xc3452b1baa9769fbcb505092b986b398fb554359e2240381f47ebcd1b5c4430c,22994,32121,349580,174790,0.009608,30623.48,30155.52,
208,1,0x627306090abaB3A6e1400e9345bC60c78a8BEf57,0x15eecc3b79bd922cfccaa4e0a8ea4b1eb142e44c8bbfa3311ab63df800ebc76a,22995,32121,349580,174790,0.009608,29617.74,29154.55,
208,2,0xf17f52151EbEF6C7334FAD080c5704D77216b732,0x3a51b6ec352f9c1ed1a6cea1378a735dad8eafe48b2d9874672ac2b8c34c892d,22995,32121,349580,174790,0.009608,29687.88,29171.58,
208,4,0x47242114086D2715A648d0391793730d2aB1CCa2,0x7c75def0b2f2d0cd1161a2363bd6943bb6b5c15caf8a55f533af5786cab14b2b,22995,32121,349580,174790,0.009608,29648.26,29160.95,
208,3,0x17D90CC0C9cB61f27A5198c8a96f9eA19341b218,0xf9f631db778322f9ca73e76c5d7c9a2a1ca8e255875f50d0d77ad9aea05da655,22995,32121,349580,174790,0.009608,29626.95,29154.50,
209,2,0xf17f52151EbEF6C7334FAD080c5704D77216b732,0xeb2fd552ce32d2bcfee48e60cd4ddf5c44aa8b578d911614ad1fea8adc911d5e,22996,32121,349580,174790,0.009608,29690.11,29171.12,
209,3,0x17D90CC0C9cB61f27A5198c8a96f9eA19341b218,0x412d94f790cf556801dbe33ec41c879beba8beaeda693243e1e44f41c39e4ed2,22996,32121,349580,174790,0.009608,29629.92,29154.93,
209,4,0x47242114086D2715A648d0391793730d2aB1CCa2,0x93260add50d78f49ee9c6279151563999760be23ae2eb538a9638e69419d1567,22996,32121,349580,174790,0.009608,29651.45,29163.81,
209,1,0x627306090abaB3A6e1400e9345bC60c78a8BEf57,0x0f86eefd0e0e668503ee1bd695874dc96f302bb8a07c24288e254460c21e90d9,22996,32121,349580,174790,0.009608,30618.23,30154.55,
210,1,0x627306090abaB3A6e1400e9345bC60c78a8BEf57,0xe824fcd03364776c475d9a20b44ba087b4b725fc2c2a606944d620a1be6f8958,22997,32121,351774,175887,0.009668,29614.94,29152.67,
210,3,0x17D90CC0C9cB61f27A5198c8a96f9eA19341b218,0x80d351c95b91689af747bebba6180b0bc066be9c6c563a669d0c86da1d464d34,22997,32121,351774,175887,0.009668,30621.24,30154.97,
210,4,0x47242114086D2715A648d0391793730d2aB1CCa2,0x9158740a386b8a4954906c2403fbe6cbc5d663568ea655c6a1cbf495741800fa,22997,32121,351774,175887,0.009668,30651.23,30161.75,
210,2,0xf17f52151EbEF6C7334FAD080c5704D77216b732,0x277b33d34e51efe19c22dc79924994a3468dc23d984c256430c6ba75dfc3ae00,22997,32121,351774,175887,0.009668,30693.68,30174.04,
211,1,0x627306090abaB3A6e1400e9345bC60c78a8BEf57,0xba64986abcd5e51cc5394a6ab7d2ad7ab35a60d6f48cec65e912e5e0f2edc394,22998,32121,358684,179342,0.009858,29612.43,29153.88,
211,3,0x17D90CC0C9cB61f27A5198c8a96f9eA19341b218,0x29fbc4aefddbac6d234bde7504a421bdf53d64c92e9cef7a19f2bdc0cd3d8fad,22998,32121,358684,179342,0.009858,29615.52,29152.89,
211,4,0x47242114086D2715A648d0391793730d2aB1CCa2,0xd15ad522a10b568c3fefce4d1c9fd910c4cdc8c28aebd8f4b2bd3c0e8e300728,22998,32121,358684,179342,0.009858,29655.86,29161.12,
211,2,0xf17f52151EbEF6C7334FAD080c5704D77216b732,0x4858ab22d04e70e68624e532a631be143d88e409e1e88696167a77991d72f624,22998,32121,358684,179342,0.009858,29696.35,29172.85,
212,4,0x47242114086D2715A648d0391793730d2aB1CCa2,0x0d2599b7af0026a57c3ac67f3101e907c95d3bbcc778b96cbd40276e26c2c147,22999,32121,358684,179342,0.009858,29646.04,29161.51,
212,2,0xf17f52151EbEF6C7334FAD080c5704D77216b732,0x637858e35baa4a3a7a990cf45547f0d2c566ccc0d48a7455ed39721e6333a65d,22999,32121,358684,179342,0.009858,29694.44,29172.41,
212,1,0x627306090abaB3A6e1400e9345bC60c78a8BEf57,0x80f14f576a8c79caa74a58abcec6ddf6c509bb8769d0914b9c876b5510442e3f,22999,32121,358684,179342,0.009858,30606.55,30151.18,
212,3,0x17D90CC0C9cB61f27A5198c8a96f9eA19341b218,0xed298ee4fe9830a9b4005616bf112f6f5f2e73d2d2cff2424e08099f0920d391,22999,32121,358684,179342,0.009858,30612.72,30154.40,
213,1,0x627306090abaB3A6e1400e9345bC60c78a8BEf57,0x3de57e8304bfd008b2c02d84034ef9f2e4579b33cc3808d82de4f63223a08dc3,23000,32121,358684,179342,0.009858,29614.56,29153.34,
213,3,0x17D90CC0C9cB61f27A5198c8a96f9eA19341b218,0x422c219c0f58de449757d1278a38ed07e7baccefa3749f7223efe9518e3c24c7,23000,32121,358684,179342,0.009858,29612.80,29152.44,
213,4,0x47242114086D2715A648d0391793730d2aB1CCa2,0x0c6db99501803bf9137da4535701e81c741900fc7f9c49c11461902fe9245503,23000,32121,358684,179342,0.009858,30645.51,30162.33,
213,2,0xf17f52151EbEF6C7334FAD080c5704D77216b732,0x291078244eb36ce32b94103eadf63d2b5d3eeac31878b141e160e4b1c293dcec,23000,32121,358684,179342,0.009858,30697.88,30174.01,
214,3,0x17D90CC0C9cB61f27A5198c8a96f9eA19341b218,0x8b56aaf33a33eba19b7619b5c8d0316ed26d12d1673eb533c3ad503f8b5d5b40,23001,32121,358684,179342,0.009858,29615.38,29152.85,
214,4,0x47242114086D2715A648d0391793730d2aB1CCa2,0x4105b9e37dbf617551321f62966156049c59f539c933c026f31064447eabb38b,23001,32121,358684,179342,0.009858,29643.99,29160.33,
214,2,0xf17f52151EbEF6C7334FAD080c5704D77216b732,0xc11f6b99d20f5197eb0a549a81184b37d1c4ac41b854e37387a26db0d987afe3,23001,32121,358684,179342,0.009858,29697.09,29173.81,
214,1,0x627306090abaB3A6e1400e9345bC60c78a8BEf57,0x037eca3c30ace98770626da018487539c3058b7787236ea7315087a5d86a4031,23001,32121,358684,179342,0.009858,30610.11,30151.70,
215,2,0xf17f52151EbEF6C7334FAD080c5704D77216b732,0x408f3fd7470a031a90f586c40fff8b073709ff34ad5c7440d3668015e9d78221,23002,32121,358684,179342,0.009858,29697.18,29174.12,
215,1,0x627306090abaB3A6e1400e9345bC60c78a8BEf57,0xa18a766429668176d1d9c103d4872fc15ddeb30b18ae8ae4ac3133d68049d7c8,23002,32121,358684,179342,0.009858,29614.02,29154.36,
215,3,0x17D90CC0C9cB61f27A5198c8a96f9eA19341b218,0x8238a44b1ca09aaaf946167cf5a67f7f39f98c080545c61f760ea3f1966a9d7e,23002,32121,358684,179342,0.009858,30612.29,30152.78,
215,4,0x47242114086D2715A648d0391793730d2aB1CCa2,0x11989d95e41fc52258514e1ba44776cd3300f3865839d47b505aa5e94f490d17,23002,32121,358684,179342,0.009858,30644.12,30162.06,
216,1,0x627306090abaB3A6e1400e9345bC60c78a8BEf57,0xa95137f44f0ae174e7e99f9fd3d71f20d2dbf7af7982dee9bfcdad24a3f4383d,23003,32121,365138,182569,0.010035,29627.58,29171.29,
216,3,0x17D90CC0C9cB61f27A5198c8a96f9eA19341b218,0x046d375458b4a28b5719068780a713dd5aa1517ff642ae00f09da3f51fd1281d,23003,32121,365138,182569,0.010035,29613.21,29153.01,
216,4,0x47242114086D2715A648d0391793730d2aB1CCa2,0x99df2ed6a8d5908664adff17967d0d62a28758c76c4d866394b869e92ddc9f8c,23003,32121,365138,182569,0.010035,29645.43,29161.41,
216,2,0xf17f52151EbEF6C7334FAD080c5704D77216b732,0xc204f94a4facc61889898b054b621406ddcdb0c68e01cadd589e40473ec364d6,23003,32121,365138,182569,0.010035,30697.72,30177.18,
217,4,0x47242114086D2715A648d0391793730d2aB1CCa2,0x95a052ae6543bdda361850a659e130db9f3c3257bb574be497613b021d08f679,23004,32121,365138,182569,0.010035,29642.18,29155.53,
217,2,0xf17f52151EbEF6C7334FAD080c5704D77216b732,0xec9ad9e7f735b0da60824234f334ac08b0e0aa9bc02b9b22bf66fe7216a7bb25,23004,32121,365138,182569,0.010035,29675.37,29157.14,
217,1,0x627306090abaB3A6e1400e9345bC60c78a8BEf57,0x40126ef5fa19b4c7e2d7a4b295f2e00f34bb6af2bbb122ce3bdd0dcf660e7d84,23004,32121,365138,182569,0.010035,30608.62,30152.17,
217,3,0x17D90CC0C9cB61f27A5198c8a96f9eA19341b218,0xc60b0404e801c07fb2c3b1caa7d8d17cefc00a2b562812b5cad423cb4a399ad2,23004,32121,365138,182569,0.010035,30614.38,30151.23,
218,2,0xf17f52151EbEF6C7334FAD080c5704D77216b732,0x8405e4abefdc7f48cee46836eb7d0b6076a567e953039900ef6e92d1f63f5150,23005,32121,376229,188114,0.010340,29635.32,29158.23,
218,1,0x627306090abaB3A6e1400e9345bC60c78a8BEf57,0x6572bd23c90a5e02aaea50a60418b7f303d30cbd1b7deaf5eea6b5c1c3375ce2,23005,32121,376229,188114,0.010340,29599.47,29148.63,
218,3,0x17D90CC0C9cB61f27A5198c8a96f9eA19341b218,0xa418439f4926e4b4ebc3432db402be721fafb045905e13ebd6cb5b3685c17595,23005,32121,376229,188114,0.010340,29602.57,29149.77,
218,4,0x47242114086D2715A648d0391793730d2aB1CCa2,0xe15a40688c904e5d4542d47cdaa373b77dd03befdfaa7bd91b093e1a97897075,23005,32121,376229,188114,0.010340,30625.12,30157.91,
219,3,0x17D90CC0C9cB61f27A5198c8a96f9eA19341b218,0xf9469ea9c8dc25b0122f4f8d00076ff6b00931c67445d77c1f4435dd836e59b8,23006,32121,376229,188114,0.010340,29605.92,29151.34,
219,4,0x47242114086D2715A648d0391793730d2aB1CCa2,0xa9540c88b4356952afd490c182724d6e9001e2506457206cb9eef1898a78d361,23006,32121,376229,188114,0.010340,29624.87,29154.36,
219,2,0xf17f52151EbEF6C7334FAD080c5704D77216b732,0xa06f0e0c39ca9309d0ffdbfaeaa69f0e7025060b0c8b523951c97c8b44becad8,23006,32121,376229,188114,0.010340,30641.43,30159.51,
219,1,0x627306090abaB3A6e1400e9345bC60c78a8BEf57,0x6416181b2e483d19eec93ac92c6127d79f70ea287e15a43159093d46f4e93656,23006,32121,376229,188114,0.010340,30601.42,30151.32,
220,4,0x47242114086D2715A648d0391793730d2aB1CCa2,0xc4ca20cbc85810140d9d636309a7baa9e9c6404911503764e5787101823b2949,23007,32121,376229,188114,0.010340,29631.54,29156.97,
220,1,0x627306090abaB3A6e1400e9345bC60c78a8BEf57,0x6fde95118834c66226b3a8958938bf8213a0da2f3e9a86f52dffe36d2c32486d,23007,32121,376229,188114,0.010340,29601.25,29149.01,
220,2,0xf17f52151EbEF6C7334FAD080c5704D77216b732,0xe2f55fa3ecee755c3a365477731efe1d1c4ae0c2b2e4ac96b836f5983f8ebd84,23007,32121,376229,188114,0.010340,29639.28,29158.09,
220,3,0x17D90CC0C9cB61f27A5198c8a96f9eA19341b218,0xe7e92754db73848cbf34eb0b04b9e9ea6784630c1156d387c47ddffd28bef1b8,23007,32121,376229,188114,0.010340,30602.99,30152.90,
221,1,0x627306090abaB3A6e1400e9345bC60c78a8BEf57,0x42a12b72dfe1554aa3793d787a70b7925e551de2170f7edc7214094f303acc8a,23008,32121,376229,188114,0.010340,29595.29,29147.19,
221,2,0xf17f52151EbEF6C7334FAD080c5704D77216b732,0x97ae99c91e8a53d5c02b8a848f59b6368fea5a389b53499443226e237ed3b621,23008,32121,376229,188114,0.010340,29633.07,29159.52,
221,3,0x17D90CC0C9cB61f27A5198c8a96f9eA19341b218,0x1343f02b1a769440af92554f5f158864871af8c4ae3ab191a56a552ceb3ca69b,23008,32121,376229,188114,0.010340,29615.60,29155.03,
221,4,0x47242114086D2715A648d0391793730d2aB1CCa2,0x47728dff9035912ba7cac60d6b446c4f95af27ceeb1a4a298479d6402b4bdfdc,23008,32121,376229,188114,0.010340,30625.43,30155.32,
222,3,0x17D90CC0C9cB61f27A5198c8a96f9eA19341b218,0x3e79a01a35dbd6dc3d7ec533cf6c7f9ad540718e9c702334fab38a9f9c160285,23009,32121,376229,188114,0.010340,29618.46,29154.20,
222,4,0x47242114086D2715A648d0391793730d2aB1CCa2,0x84b79f890c3f17b5346d52af36b233ce9a4759f1a9ab8955d1ca0ea9a87e8d65,23009,32121,376229,188114,0.010340,29623.74,29155.26,
222,1,0x627306090abaB3A6e1400e9345bC60c78a8BEf57,0x68f781d3eb46bbd58af5f9a2ee895bc01bb60be1f29372d706ee1105ca194500,23009,32121,376229,188114,0.010340,30594.40,30148.21,
222,2,0xf17f52151EbEF6C7334FAD080c5704D77216b732,0x965dab260c1e5aea88c2d297d181c3dac793273b950b30bd5e118c3459e46e19,23009,32121,376229,188114,0.010340,30635.52,30161.99,
223,4,0x47242114086D2715A648d0391793730d2aB1CCa2,0x3dec876e7fd35056530415a2dbc784515482c1398cdcb78153795487348381bd,23010,32121,376229,188114,0.010340,29623.22,29155.08,
223,1,0x627306090abaB3A6e1400e9345bC60c78a8BEf57,0x5d64a449c769edb314f1000cfa902f3c151e15310664bd7e79ef31050b28771b,23010,32121,376229,188114,0.010340,29593.11,29149.16,
223,2,0xf17f52151EbEF6C7334FAD080c5704D77216b732,0xf5a20ab7cf8ce132c1c6c645a0ae60d9a408cf02ac81d75c8fc65b9bf58ce927,23010,32121,376229,188114,0.010340,29629.03,29156.80,
223,3,0x17D90CC0C9cB61f27A5198c8a96f9eA19341b218,0x79c15ed6263cccc5cf9b789016ec091752ffeebf2fd3862cde5832c6ab30e363,23010,32121,376229,188114,0.010340,30613.63,30153.38,
224,2,0xf17f52151EbEF6C7334FAD080c5704D77216b732,0xe58c81928f5d79e6c8d62a253f6e982dda8835ff9986e400d4630e73085f4426,23011,32121,376229,188114,0.010340,29641.14,29158.34,
224,3,0x17D90CC0C9cB61f27A5198c8a96f9eA19341b218,0xd90541660474d4569ae2dbf88a1861d064e31176cb8cb4092b09acb4f059eca2,23011,32121,376229,188114,0.010340,29611.15,29153.12,
224,4,0x47242114086D2715A648d0391793730d2aB1CCa2,0xa0fa09dc4c9cab678248385c64025ac4afa7d167454192fab16f2a5d917d6db7,23011,32121,376229,188114,0.010340,30619.31,30155.48,
224,1,0x627306090abaB3A6e1400e9345bC60c78a8BEf57,0x6c719dd6f6739627e13c4ae77c78bec4292df51bbb01d2e5d9c3c2e1b4ee9986,23011,32121,376229,188114,0.010340,30591.11,30148.12,
225,4,0x47242114086D2715A648d0391793730d2aB1CCa2,0x7749a6a889b6f13a473cc5a0eaecec775c52ade2dd7056f69611cd86dcf8f998,23012,32121,395100,197550,0.010859,29619.71,29154.01,
225,1,0x627306090abaB3A6e1400e9345bC60c78a8BEf57,0xbfa5c74f400291856c0ca60ef56f907935ccc951e4e70f531dc18a82856fd843,23012,32121,395100,197550,0.010859,29597.26,29151.98,
225,2,0xf17f52151EbEF6C7334FAD080c5704D77216b732,0x3cd674e9f4a432cbaa8d85e961a0375126714379192795d48a4ac8e5567ac7b3,23012,32121,395100,197550,0.010859,30635.29,30160.62,
225,3,0x17D90CC0C9cB61f27A5198c8a96f9eA19341b218,0x1b091aa5583725c8d10433b32adfca1e2530a42a1b740025592f95f56c0baa30,23012,32121,395100,197550,0.010859,30613.31,30153.61,
226,1,0x627306090abaB3A6e1400e9345bC60c78a8BEf57,0xd4172963ff9f9a963959057e56136e907fd4201242f191536b109807418e7e71,23013,32121,395100,197550,0.010859,29596.17,29148.00,
226,2,0xf17f52151EbEF6C7334FAD080c5704D77216b732,0x05340b36367dd26d8e212d8c1cdfad982490f49d22ff16b0c87f4d90a6008a1d,23013,32121,395100,197550,0.010859,29635.17,29155.85,
226,3,0x17D90CC0C9cB61f27A5198c8a96f9eA19341b218,0x7454ec4a8451b20e24928b56bccf9406e8ed9ddfae00a24208c1064cb7951d49,23013,32121,395100,197550,0.010859,29611.07,29151.23,
226,4,0x47242114086D2715A648d0391793730d2aB1CCa2,0x013e0391c982f5521db132a4ce381a96a456fca667421322ec60773f6b377a69,23013,32121,395100,197550,0.010859,30625.74,30159.52,
227,3,0x17D90CC0C9cB61f27A5198c8a96f9eA19341b218,0x29d0bb1d3e213e5f1ac4b6f30c3731bc3d75c22322d675820ff2a651d37653a8,23014,32121,395100,197550,0.010859,29611.61,29153.27,
227,4,0x47242114086D2715A648d0391793730d2aB1CCa2,0x1c79d8b96fa2af2c89c54724e97b76d7b2c65801da3d3e710208101ecdb86c97,23014,32121,395100,197550,0.010859,29626.56,29155.44,
227,1,0x627306090abaB3A6e1400e9345bC60c78a8BEf57,0x9e50f9fa2a3c387880f3a51a5ddf27c9a54a2a8a2a992e1d8d6a58e80cf3cab1,23014,32121,395100,197550,0.010859,30599.44,30150.20,
227,2,0xf17f52151EbEF6C7334FAD080c5704D77216b732,0xcada969cb54a17d67d165597f8e8a76e8b35dcf314d7b79d23ae0d2b703b5a7f,23014,32121,395100,197550,0.010859,30630.50,30156.84,
228,4,0x47242114086D2715A648d0391793730d2aB1CCa2,0xa957bdded1d85d084a293abeea7d0ec353967b1070e1b8bd9fb49efa4f48725c,23015,32121,395100,197550,0.010859,29619.56,29154.45,
228,1,0x627306090abaB3A6e1400e9345bC60c78a8BEf57,0x338ad3414835245c2cb8199c34f4813fd0a8c4452b4dc7bf9902e3ef47e74861,23015,32121,395100,197550,0.010859,29602.77,29148.68,
228,2,0xf17f52151EbEF6C7334FAD080c5704D77216b732,0xb5bd422cf8ac08ec859ba8bfc914c516754411af73681879350168b147f1f735,23015,32121,395100,197550,0.010859,29634.84,29156.93,
228,3,0x17D90CC0C9cB61f27A5198c8a96f9eA19341b218,0xb2daa31fe79d3250cff969b03609288d8fde324eb530cbb5e9a284dc1d91f59b,23015,32121,395100,197550,0.010859,30610.61,30152.71,
229,2,0xf17f52151EbEF6C7334FAD080c5704D77216b732,0xeb6e964016426c7ce4cafdca60e89d5ba6b54072028ddb5ff2bb52da489fed4a,23016,32121,395100,197550,0.010859,29634.84,29160.25,
229,3,0x17D90CC0C9cB61f27A5198c8a96f9eA19341b218,0x498d0b56d477b30ed503af359a5afda403e3bab779a8deaade5dbeda919099e0,23016,32121,395100,197550,0.010859,29614.43,29156.18,
229,4,0x47242114086D2715A648d0391793730d2aB1CCa2,0x70f0e8929dad0cdb359a8ca5fd7ac3d5a59e1272ddce69c2169530c777bef0d5,23016,32121,395100,197550,0.010859,30622.27,30157.60,
229,1,0x627306090abaB3A6e1400e9345bC60c78a8BEf57,0xc3b507878b21a8ce7042889ab1f499c6c87e9841f0f1562c4ed4c8bbc14e9d4a,23016,32121,395100,197550,0.010859,30599.72,30150.02,
230,4,0x47242114086D2715A648d0391793730d2aB1CCa2,0xd5e5504b21c5355da01f4882d48c1cb5bc8fb671851e20774d4e7789001be464,23017,32121,395100,197550,0.010859,29621.56,29155.67,
230,1,0x627306090abaB3A6e1400e9345bC60c78a8BEf57,0xf00fc262dabdc0350e5ce9b272830cedf83da42df4329b3777229e11efbc0041,23017,32121,395100,197550,0.010859,29601.66,29154.10,
230,2,0xf17f52151EbEF6C7334FAD080c5704D77216b732,0x9eafe6d6c31153b7a29142aa5f53cc152cadb041c185f1130112924b59c83687,23017,32121,395100,197550,0.010859,30637.20,30158.65,
230,3,0x17D90CC0C9cB61f27A5198c8a96f9eA19341b218,0xb7680bedac2f95b3fe01912bb3d80ab552c2743d7ae268e0c9a1c3d4329a6eef,23017,32121,395100,197550,0.010859,30609.66,30151.75,
231,1,0x627306090abaB3A6e1400e9345bC60c78a8BEf57,0xe49d4550938e8f531d402b105e2b7417904663348410a2d77ba3a4fb0c172752,23018,32121,395100,197550,0.010859,29596.80,29148.46,
231,2,0xf17f52151EbEF6C7334FAD080c5704D77216b732,0xbc0fec6be0fbc022c62074e6883af604c336232240b32bd7bcaa918e4210d2c2,23018,32121,395100,197550,0.010859,29635.75,29159.62,
231,3,0x17D90CC0C9cB61f27A5198c8a96f9eA19341b218,0xc55c3e3f73b076d85c58fc6c3fef808e2d0fd9cb4170c91ed723bb9cae685452,23018,32121,395100,197550,0.010859,29604.59,29151.16,
231,4,0x47242114086D2715A648d0391793730d2aB1CCa2,0x56d0835b41ba956bd26097b2d322871ccac7c8f3010e9f5c34fa5b958cb71482,23018,32121,395100,197550,0.010859,30625.91,30161.14,
232,2,0xf17f52151EbEF6C7334FAD080c5704D77216b732,0x7856727697899b759c3e644f11ff243fa19684ebf03b5d68f9d7083d333bc404,23019,32121,395100,197550,0.010859,29634.27,29158.74,
232,3,0x17D90CC0C9cB61f27A5198c8a96f9eA19341b218,0x923ae6c64e9819660d70e721209d134ddc630c3f2f821733d42ae06d81f82553,23019,32121,395100,197550,0.010859,29603.68,29154.81,
232,4,0x47242114086D2715A648d0391793730d2aB1CCa2,0x8da1ff3bd746077fcd1eb28c3fc5231931a73fd7235f521f62f7d093ceb5c54e,23019,32121,395100,197550,0.010859,29635.05,29156.01,
232,1,0x627306090abaB3A6e1400e9345bC60c78a8BEf57,0x99c8be786829482372dc0f91d6351b4d018d8698bc1835d4dd61ea07b05061dc,23019,32121,395100,197550,0.010859,30595.58,30149.93,
233,4,0x47242114086D2715A648d0391793730d2aB1CCa2,0xf4a85fc9635db624bc2bac75b36d91a54797eee0b05e15098d85db2a9360e383,23020,32121,395100,197550,0.010859,29665.57,29196.22,
233,1,0x627306090abaB3A6e1400e9345bC60c78a8BEf57,0x0c4415c6eadfd11888566d55ecde98ea79635dd6b3ab3fd9455ee6881df6b437,23020,32121,395100,197550,0.010859,29641.09,29189.05,
233,3,0x17D90CC0C9cB61f27A5198c8a96f9eA19341b218,0x8a67e0d72694c9a5331fbf3dc885e133fd1dd91d70770ca3184e2fcc04920d78,23020,32121,395100,197550,0.010859,30636.92,30181.72,
233,2,0xf17f52151EbEF6C7334FAD080c5704D77216b732,0x5c8f86fbc53ab4840c0fc1ad01350bce1222ba5409c2a83b8ed0085c49648a23,23020,32121,395100,197550,0.010859,30691.75,30213.12,
234,3,0x17D90CC0C9cB61f27A5198c8a96f9eA19341b218,0xe52b2ecd7c02a7cdef45320cdebe15fb0c8d2a436ff49b46cbeda8efd50777af,23021,32121,395100,197550,0.010859,29629.96,29151.39,
234,2,0xf17f52151EbEF6C7334FAD080c5704D77216b732,0x74d9f3aa0f07a6fd93ed6c6a157745c3a416be996f7a89a0fae79a457e93f025,23021,32121,395100,197550,0.010859,29634.49,29159.13,
234,1,0x627306090abaB3A6e1400e9345bC60c78a8BEf57,0x961274b447f29dd58f8853c890b474bc819ff3d201f046f7d6e860fcb3dd9535,23021,32121,395100,197550,0.010859,30631.56,30150.17,
234,4,0x47242114086D2715A648d0391793730d2aB1CCa2,0x271c74fdccdb0499c68b06dd7d473c1bfd6d77af639da2500f38222d4292742e,23021,32121,395100,197550,0.010859,30695.19,30156.06,
235,3,0x17D90CC0C9cB61f27A5198c8a96f9eA19341b218,0xc8983ec721aecf87c8af9855698214da8e368d1d1a2d29f764f608bd840b32b7,23022,32121,405859,202929,0.011154,29604.06,29151.04,
235,2,0xf17f52151EbEF6C7334FAD080c5704D77216b732,0x98f28a536491dfd172e928d436cce77337084671e630b6e88f3e7c5d3d4a93a4,23022,32121,405859,202929,0.011154,29634.38,29160.01,
235,1,0x627306090abaB3A6e1400e9345bC60c78a8BEf57,0xbdda4ee783db4a7bb75cd6d8d59dcf0392cc2f39df09a4e6c434212cd5c9caf4,23022,32121,405859,202929,0.011154,29599.24,29149.92,
235,4,0x47242114086D2715A648d0391793730d2aB1CCa2,0x17e9a29f0cea99b87f7b17ced775709113bd7f4ad60c624358115369aa00c68e,23022,32121,405859,202929,0.011154,29624.45,29155.42,
236,1,0x627306090abaB3A6e1400e9345bC60c78a8BEf57,0x37a2d5f31356e483d5b717fd7ecbced1d3dbc190b3e5a00a3c10283f5ed24d39,23023,32121,405859,202929,0.011154,29597.83,29149.52,
236,4,0x47242114086D2715A648d0391793730d2aB1CCa2,0x6f7585637396d636611f94c35f4ccd23074301af4f1f87d92ce9e80514072048,23023,32121,405859,202929,0.011154,29619.68,29153.52,
236,3,0x17D90CC0C9cB61f27A5198c8a96f9eA19341b218,0x7f8d110f504ad50445343462b11e9496f710a52834b60dd5fda425154c8c081a,23023,32121,405859,202929,0.011154,30608.62,30151.57,
236,2,0xf17f52151EbEF6C7334FAD080c5704D77216b732,0xe76be9dd24f7022dc3cfe187fb4d3238f9a7aabd12280cd0ed9fafc1985d5ee0,23023,32121,405859,202929,0.011154,30634.46,30157.82,
237,3,0x17D90CC0C9cB61f27A5198c8a96f9eA19341b218,0xe220679525858e843c9f73998b1fb35a10c6213d2ce1745aa6eb3c2609c6e05e,23024,32121,405859,202929,0.011154,29607.62,29154.46,
237,2,0xf17f52151EbEF6C7334FAD080c5704D77216b732,0x0b1e3f5314205d5a2b90f943d8a354231775a2aee7fb34a076ffa972d901f230,23024,32121,405859,202929,0.011154,29635.10,29159.73,
237,1,0x627306090abaB3A6e1400e9345bC60c78a8BEf57,0x6e0e26dbace94c8d30ae3f80b09dcb26a72cc575870f382e79a8726e4251ea53,23024,32121,405859,202929,0.011154,30598.10,30150.91,
237,4,0x47242114086D2715A648d0391793730d2aB1CCa2,0x290cb92d26348ad2b034abec238390fbb8ecb0ed99b3c1e7bd08149f08d6e840,23024,32121,405859,202929,0.011154,30619.31,30155.48,
238,2,0xf17f52151EbEF6C7334FAD080c5704D77216b732,0xff460743e31d59b751d91902b0612f1d965d717e4b47b93c75419b07751521e6,23025,32121,405859,202929,0.011154,29633.51,29159.60,
238,1,0x627306090abaB3A6e1400e9345bC60c78a8BEf57,0x25be267830c1770474783a0b5b1592615c5a3d12f0c516479b4206a79f9cba20,23025,32121,405859,202929,0.011154,29598.85,29153.06,
238,4,0x47242114086D2715A648d0391793730d2aB1CCa2,0x6d1766f8e4dd8cd88eb155c5d08afb75ada039937bd254828749d9d9f7ac471f,23025,32121,405859,202929,0.011154,29621.56,29156.55,
238,3,0x17D90CC0C9cB61f27A5198c8a96f9eA19341b218,0xe8ad33f962bd965df2c1fd8eb7661a116d83e418be9deb29e02b39eb46b61917,23025,32121,405859,202929,0.011154,30609.09,30155.71,
239,4,0x47242114086D2715A648d0391793730d2aB1CCa2,0x7c3d983f534e0e1201a4fa8520aeb8af83911382d49a6df69dc9b994a803d9f9,23026,32121,405859,202929,0.011154,29622.01,29154.43,
239,3,0x17D90CC0C9cB61f27A5198c8a96f9eA19341b218,0xf4d1b800873d64887eccee08f9b88729e7d30cc5c2dc9e979c901b22d94246d2,23026,32121,405859,202929,0.011154,29612.55,29153.35,
239,2,0xf17f52151EbEF6C7334FAD080c5704D77216b732,0xd4b28d2c5cd7050b197ccc0ffe02d286b961ea068ed3e0f1409e9b433d065425,23026,32121,405859,202929,0.011154,30633.86,30158.25,
239,1,0x627306090abaB3A6e1400e9345bC60c78a8BEf57,0x8baea9236e52e988a6d34ddcc48cb042488b3e5776efd2fbabd45e3398041a76,23026,32121,405859,202929,0.011154,30599.66,30148.51,
240,3,0x17D90CC0C9cB61f27A5198c8a96f9eA19341b218,0x9a77c63ef4c3be6175971f9f3cdfa835b38bc0599134ad8d7622cd870f02739f,23027,32121,405859,202929,0.011154,29609.77,29153.29,
240,2,0xf17f52151EbEF6C7334FAD080c5704D77216b732,0x17c68521b18730f59f4ed21930ceaeb6b0ace0c7ff3ba459d89927188d4b82e6,23027,32121,405859,202929,0.011154,29636.79,29162.28,
240,1,0x627306090abaB3A6e1400e9345bC60c78a8BEf57,0xa004d531e487e2c050c0b1ae50eb87ecacf78e867b1f3fbccc310a8e333555a2,23027,32121,405859,202929,0.011154,29595.43,29148.26,
240,4,0x47242114086D2715A648d0391793730d2aB1CCa2,0x47d5d16216061a5afe3ccf78bd1cde3d643a7b94c8e88c08c6b40f9e5513a10c,23027,32121,405859,202929,0.011154,30619.87,30156.99,
241,1,0x627306090abaB3A6e1400e9345bC60c78a8BEf57,0x0caafcfb0f9abb36d91e9c46e069c41601342150cb1a6357e46402f9ef9ca5c2,23028,32121,414053,207026,0.011380,29599.39,29151.78,
241,4,0x47242114086D2715A648d0391793730d2aB1CCa2,0xa7a48280819e9591476cc31f3a5df67e42b3ea539daa2811963bc01c0088c6a5,23028,32121,414053,207026,0.011380,29629.89,29157.77,
241,3,0x17D90CC0C9cB61f27A5198c8a96f9eA19341b218,0xb26455589ba43009e1720d7d74e636eb863ddd937c168b36e2a419b062a2bfad,23028,32121,414053,207026,0.011380,30617.84,30155.19,
241,2,0xf17f52151EbEF6C7334FAD080c5704D77216b732,0x6f8c67340a645b99f96e5a28b6fce9c8ada2155b5aee367e45065dde45789010,23028,32121,414053,207026,0.011380,30652.40,30164.38,
242,3,0x17D90CC0C9cB61f27A5198c8a96f9eA19341b218,0x01d5aa1fceb9d2c9f10ecf956a17c5fc882b40a7ae4673b590173ef15a88030e,23029,32121,414053,207026,0.011380,29612.32,29153.42,
242,2,0xf17f52151EbEF6C7334FAD080c5704D77216b732,0x5b89d92db65abd6b9c7c33737d7c2631dc337dc9f0bd151991d916663f7e4f7b,23029,32121,414053,207026,0.011380,29649.74,29163.29,
242,1,0x627306090abaB3A6e1400e9345bC60c78a8BEf57,0x84010763effc7fa0bce967e739f757c104277ed3c63dd0de06bd9d826650f3d0,23029,32121,414053,207026,0.011380,30595.28,30148.74,
242,4,0x47242114086D2715A648d0391793730d2aB1CCa2,0x7cd1308f712f74c240fb17b59caa4306b4c01cdc8ba08a2788704b4754e0e059,23029,32121,414053,207026,0.011380,30632.93,30159.77,
243,2,0xf17f52151EbEF6C7334FAD080c5704D77216b732,0x4673d48c809d4404c81576805bba80540536ecee4693ac5018cf2960982d01c7,23030,32121,414053,207026,0.011380,29651.20,29163.71,
243,1,0x627306090abaB3A6e1400e9345bC60c78a8BEf57,0xbee2d5d874a893ff4018b208d11c48950282381c5208854a8b2c820cc6e99a27,23030,32121,414053,207026,0.011380,29593.94,29148.92,
243,4,0x47242114086D2715A648d0391793730d2aB1CCa2,0x48b2f677ce70f4afb7414ef9f15066f7a7857791363cf935dc8cf4dd38d4aef8,23030,32121,414053,207026,0.011380,29633.07,29160.65,
243,3,0x17D90CC0C9cB61f27A5198c8a96f9eA19341b218,0x4310161f33c083fd088970bf2c74f334e8459cf45e6a91050761a0d0195709c4,23030,32121,414053,207026,0.011380,30615.31,30156.31,
244,4,0x47242114086D2715A648d0391793730d2aB1CCa2,0xaa0f297982ca2d9ed753993939a2648de69d4bb676b9f08940ccc86bb81f3265,23031,32121,414053,207026,0.011380,29628.13,29158.40,
244,3,0x17D90CC0C9cB61f27A5198c8a96f9eA19341b218,0xafc75c835a201115b7560f15a8fb6059fafb07a3cf09e38c4ebce5e2923a879a,23031,32121,414053,207026,0.011380,29609.94,29151.41,
244,2,0xf17f52151EbEF6C7334FAD080c5704D77216b732,0x572035e25dd93a7040cfa85c4d78129f692d18787aefb6e06d72f07ed2961619,23031,32121,414053,207026,0.011380,30653.53,30163.38,
244,1,0x627306090abaB3A6e1400e9345bC60c78a8BEf57,0xa461270a9c2fa2184b76a50a93daf6aa661c8b07b165a815a06b002ef75d1e29,23031,32121,414053,207026,0.011380,30594.73,30149.32,
245,3,0x17D90CC0C9cB61f27A5198c8a96f9eA19341b218,0x6c626eeb7fe0970b287fd2a55c1ecc15fa48fbd4bc899f00306121c486716b8a,23032,32121,414053,207026,0.011380,29616.64,29151.52,
245,1,0x627306090abaB3A6e1400e9345bC60c78a8BEf57,0x50440ad9e7abe6d0e9e0033adde8b8d3746abf3240b8450cf5b8962fc9a0a95d,23032,32121,414053,207026,0.011380,29599.18,29148.38,
245,2,0xf17f52151EbEF6C7334FAD080c5704D77216b732,0xbd6acc34863f60b49fde85393f9677c0ee76c81314458e1cf4612454c1807f6a,23032,32121,414053,207026,0.011380,29648.56,29163.29,
245,4,0x47242114086D2715A648d0391793730d2aB1CCa2,0xa78bf36c96ed6e786693580592062920d890c58febc05189042c91678aa15d27,23032,32121,414053,207026,0.011380,30632.68,30159.27,
246,1,0x627306090abaB3A6e1400e9345bC60c78a8BEf57,0xbc6e81b906798834314f439b23e2b26f7a09bf63676ec4fc7ea496426fc9dae1,23033,32121,424646,212323,0.011671,29592.37,29148.09,
246,2,0xf17f52151EbEF6C7334FAD080c5704D77216b732,0x16ef36356e63d155c4a7710e5573546ba88134ee454c14afee0cf3948904fac7,23033,32121,424646,212323,0.011671,29649.91,29163.55,
246,4,0x47242114086D2715A648d0391793730d2aB1CCa2,0x83af4dcc819f8cc5fad205a6bb07d57ec8e943d91e511b97c80b99b43f957219,23033,32121,424646,212323,0.011671,29627.32,29158.22,
246,3,0x17D90CC0C9cB61f27A5198c8a96f9eA19341b218,0x9357465b0e1ef8376833dca7f6ea922699b3547c4e6d1c8d2413cac56977d61f,23033,32121,424646,212323,0.011671,30610.76,30153.18,
247,4,0x47242114086D2715A648d0391793730d2aB1CCa2,0xc516f91375767bbe0b7ff8cd9579839d74808b5457614ec20237e1b8e625055a,23034,32121,424646,212323,0.011671,29635.97,29158.80,
247,3,0x17D90CC0C9cB61f27A5198c8a96f9eA19341b218,0x1223f2cf0f03343b95ebdad7982c836e61a41905f6078bdc3633392890c442cf,23034,32121,424646,212323,0.011671,29617.20,29154.25,
247,1,0x627306090abaB3A6e1400e9345bC60c78a8BEf57,0xa5920d9e4f1119f5ec100b8210d6ddd9f6ac1bfef15cf4bdaa725f75619fed8e,23034,32121,424646,212323,0.011671,30597.96,30150.88,
247,2,0xf17f52151EbEF6C7334FAD080c5704D77216b732,0x65976794a495b38f8eeaff1ea4f3039a207881902f56b44bfc425fd4d97dca5f,23034,32121,424646,212323,0.011671,30649.62,30161.47,
248,1,0x627306090abaB3A6e1400e9345bC60c78a8BEf57,0x1e0f7b8a660e689bbe397872500948df998cae0917e8a7b9fa3ffeb5587f84ff,23035,32121,424646,212323,0.011671,29609.12,29161.15,
248,2,0xf17f52151EbEF6C7334FAD080c5704D77216b732,0x440bcce118d1531ee0e88046b553f26fd70c3b6d75da2b2bdb3c552cb9b9a2e6,23035,32121,424646,212323,0.011671,29634.79,29148.48,
248,4,0x47242114086D2715A648d0391793730d2aB1CCa2,0xfa18d65baeeca615ded284f2bd46a4722bdc4fe7c21c71d7b92e84e55f5af033,23035,32121,424646,212323,0.011671,30643.22,30159.78,
248,3,0x17D90CC0C9cB61f27A5198c8a96f9eA19341b218,0xe6582d35634fe0e155d06b429efc63070eb42dc4f39bb85fb37aef78e69a592e,23035,32121,424646,212323,0.011671,30614.53,30151.98,
249,2,0xf17f52151EbEF6C7334FAD080c5704D77216b732,0xf28f0df2b02cadaf71f5e7042d36b2825ef90495c86f66ca4b81ae98badc34f7,23036,32121,427047,213523,0.011737,29594.87,29152.45,
249,4,0x47242114086D2715A648d0391793730d2aB1CCa2,0xc6e9738f656bb116b9cb2141876d95cd9f236fc5b3fca699cc61b4a37355b46a,23036,32121,427047,213523,0.011737,29643.83,29165.87,
249,3,0x17D90CC0C9cB61f27A5198c8a96f9eA19341b218,0xbd1e1f65700727c88189f8bbcecdea4bcdf62e28bf7549aebdf4089377e0aa04,23036,32121,427047,213523,0.011737,29597.36,29150.13,
249,1,0x627306090abaB3A6e1400e9345bC60c78a8BEf57,0x191538e35f77f0fcf298599e482a22268d3ad60530783da5d4a742caa7bf1771,23036,32121,427047,213523,0.011737,30644.75,30161.34,
250,4,0x47242114086D2715A648d0391793730d2aB1CCa2,0x5a0f3904ef735d7f63e410a2795d7184c90f2451a1e4d4040e07eae11141257f,23037,32121,427047,213523,0.011737,29635.95,29157.55,
250,3,0x17D90CC0C9cB61f27A5198c8a96f9eA19341b218,0xbddd15ef24d4b5ab596947742b603cedf852588b018475279d80450256b52ad5,23037,32121,427047,213523,0.011737,29602.36,29153.39,
250,1,0x627306090abaB3A6e1400e9345bC60c78a8BEf57,0x46ca35663e3da654e4b8a33619b0ca3620bfd8c15259580a1eaa94e2258ebae1,23037,32121,427047,213523,0.011737,29643.46,29159.62,
250,2,0xf17f52151EbEF6C7334FAD080c5704D77216b732,0xf94b1fbb84cd9de16003b1eeb6a6ac12e0e0c5a82963f5232f91a33ebb836a8d,23037,32121,427047,213523,0.011737,30592.14,30148.48,
251,1,0x627306090abaB3A6e1400e9345bC60c78a8BEf57,0xaa75f523b26d3c057a622724a7bc4509f0851b690e230883da1729a47a08be21,23038,32121,427047,213523,0.011737,29645.33,29162.57,
251,2,0xf17f52151EbEF6C7334FAD080c5704D77216b732,0x3836359ca8fda9b960e06db7626223f382eed817063b26f0f8cd8e4d02d26039,23038,32121,427047,213523,0.011737,29595.13,29153.98,
251,4,0x47242114086D2715A648d0391793730d2aB1CCa2,0xa9e50f88aa8466c72c468300809bbb9440ae6efef572b3b396adcfc4ab9da33a,23038,32121,427047,213523,0.011737,30646.70,30163.05,
251,3,0x17D90CC0C9cB61f27A5198c8a96f9eA19341b218,0xf76544b92018a034518d1accda15b5bbfac45e824bd091474b989b9e69095c74,23038,32121,427047,213523,0.011737,30593.71,30149.15,
252,4,0x47242114086D2715A648d0391793730d2aB1CCa2,0x6ef1c5ff7aa9b1dc19941eecd7d0b266ff67c5f6cb320e26067def75ad2fb65e,23039,32121,427047,213523,0.011737,29639.30,29157.62,
252,3,0x17D90CC0C9cB61f27A5198c8a96f9eA19341b218,0x5bd77781e6a06e11b431d0daacbc13595dad6f41c0c3bf8f3fdff6f6d3938e61,23039,32121,427047,213523,0.011737,29602.00,29151.75,
252,2,0xf17f52151EbEF6C7334FAD080c5704D77216b732,0x256196089ddcb96388ce5bb933325f32b2775d046789e9ac1eee16f5f9744a25,23039,32121,427047,213523,0.011737,30588.73,30150.04,
252,1,0x627306090abaB3A6e1400e9345bC60c78a8BEf57,0x086e23c82a9a5826c99199eca9069ddcafe35a2d8bb33647032f49e76cb22373,23039,32121,427047,213523,0.011737,30647.12,30162.61,
253,2,0xf17f52151EbEF6C7334FAD080c5704D77216b732,0x63a691775b62067b9e2712cb0ebaca7c7fd3e9fe755a6dc147f1a3db6ef41b0c,23040,32121,437597,218798,0.012027,29588.44,29147.56,
253,1,0x627306090abaB3A6e1400e9345bC60c78a8BEf57,0xa1115d8ac3f4d087dc61d8e68042dae7da5143140a74f071783ecfef7ddb0462,23040,32121,437597,218798,0.012027,29644.31,29161.57,
253,3,0x17D90CC0C9cB61f27A5198c8a96f9eA19341b218,0x2a584fa4bb8f238c976e2ddfcb986b249b889df7a97d999b19ca69a87f7109c1,23040,32121,437597,218798,0.012027,30602.01,30150.24,
253,4,0x47242114086D2715A648d0391793730d2aB1CCa2,0xbec32f467ed1ee6b10f1dcf080fe5f7c989d584b379b3fb5e3b74da2c597ca41,23040,32121,437597,218798,0.012027,30648.91,30157.44,
254,2,0xf17f52151EbEF6C7334FAD080c5704D77216b732,0xd260a956b56c935fcf55a2f0d9664e017521b105eb8ead8a3e9b43b30613cd96,23041,32121,437597,218798,0.012027,29590.27,29148.42,
254,1,0x627306090abaB3A6e1400e9345bC60c78a8BEf57,0xf966da6221e13903351de70681680db173e4eb3dd38176106d2e7f62ac039736,23041,32121,437597,218798,0.012027,29643.19,29160.51,
254,3,0x17D90CC0C9cB61f27A5198c8a96f9eA19341b218,0x05b4741e131a74b52c39458321db1d2f2a1b18487d39c3ed818a3dd090d485ae,23041,32121,437597,218798,0.012027,29600.54,29149.49,
254,4,0x47242114086D2715A648d0391793730d2aB1CCa2,0x0fc458864cad0056f9ce3f3a3bad7f27857c55a800acbcfdb7cdd13b4e65655e,23041,32121,437597,218798,0.012027,29636.73,29160.02,
255,3,0x17D90CC0C9cB61f27A5198c8a96f9eA19341b218,0xf28f81869755864daafd7703eaaeac05989235c32ed6e3e7c070c45033d91268,23042,32121,437597,218798,0.012027,29600.41,29150.61,
255,4,0x47242114086D2715A648d0391793730d2aB1CCa2,0x0c95d16d95263fb769fdde0d8c6c5fd5325d98fac9a72dd2396208c4722ca5ca,23042,32121,437597,218798,0.012027,29668.81,29195.98,
255,2,0xf17f52151EbEF6C7334FAD080c5704D77216b732,0x9709767bffda1062daba25217fd01127265b8ff05cde19ef03ef58a88cc62c62,23042,32121,437597,218798,0.012027,30634.09,30191.42,
255,1,0x627306090abaB3A6e1400e9345bC60c78a8BEf57,0xc3461e880e777f8441d919d0a89735b9bc619e7f57b8bfb207ddb7acaf468d54,23042,32121,437597,218798,0.012027,30670.38,30189.34,
256,2,0xf17f52151EbEF6C7334FAD080c5704D77216b732,0x60ab344647110eb24792e08531433df6492386ad14c13cf81844181bd6c2a486,23043,32121,437597,218798,0.012027,29606.86,29161.94,
256,1,0x627306090abaB3A6e1400e9345bC60c78a8BEf57,0x87518570038f2ade007c890cc5d83bcd87c64877d4befcd6cabc87ec38b7d60e,23043,32121,437597,218798,0.012027,29649.24,29159.56,
256,3,0x17D90CC0C9cB61f27A5198c8a96f9eA19341b218,0x10274a5eaf9954adade7b480cee8664982efdf85d0dbb71370efa788c3282767,23043,32121,437597,218798,0.012027,30677.47,30149.59,
256,4,0x47242114086D2715A648d0391793730d2aB1CCa2,0xbbb25fafc368464e360bd0bd86d351eff7e942524becd75d2842d8da7a972175,23043,32121,437597,218798,0.012027,30657.45,30157.13,
257,1,0x627306090abaB3A6e1400e9345bC60c78a8BEf57,0x52a189fe238b54c14a726d8dbf9f19ce501ba8e7a182aabc62f91746fab00fb7,23044,32121,437597,218798,0.012027,29641.69,29160.35,
257,3,0x17D90CC0C9cB61f27A5198c8a96f9eA19341b218,0x5cfcb6c5bd36a07ce24cb9115181561294bf4f5e09433af7525c478701cfcfd0,23044,32121,437597,218798,0.012027,29592.02,29148.57,
257,4,0x47242114086D2715A648d0391793730d2aB1CCa2,0x2215aa318212a75ec07fe54f4924e9eee2777e2a6924c2466c5469529fdb5efb,23044,32121,437597,218798,0.012027,29629.67,29157.15,
257,2,0xf17f52151EbEF6C7334FAD080c5704D77216b732,0x69eed59eb4191b86c9b82b516d0bdc5138f555f78645e11a3b955a26ea83b086,23044,32121,437597,218798,0.012027,30584.51,30146.77,
258,3,0x17D90CC0C9cB61f27A5198c8a96f9eA19341b218,0x4f2935d4ad84ca3bb6832fa7f2e45da0d8e9050668704b08eae3de630c340a39,23045,32121,437597,218798,0.012027,29592.87,29148.73,
258,4,0x47242114086D2715A648d0391793730d2aB1CCa2,0xa0def4352ef7d0d9cd02098a0fa854646773e99311bb00978e134541461dc05c,23045,32121,437597,218798,0.012027,29628.52,29155.66,
258,2,0xf17f52151EbEF6C7334FAD080c5704D77216b732,0x5055111f4d796744766cf58e67e767116f5fab062f75a8b01a0092b710260cdf,23045,32121,437597,218798,0.012027,29594.15,29148.14,
258,1,0x627306090abaB3A6e1400e9345bC60c78a8BEf57,0x52191f2acb15510da0fed2f439d4d4e2ccb1351d32bc5343a057eb2d0b8f3389,23045,32121,437597,218798,0.012027,30648.14,30163.79,
259,2,0xf17f52151EbEF6C7334FAD080c5704D77216b732,0xcf00cf5835987d106aa1311ac1cb5110946d12244b24a146e52dbd7539552b7e,23046,32121,437597,218798,0.012027,29587.73,29146.56,
259,1,0x627306090abaB3A6e1400e9345bC60c78a8BEf57,0x3309dafcfdc0367006336afeecbc21e4c8cf52ab2dd0f55702cb877f67d667b8,23046,32121,437597,218798,0.012027,29645.31,29160.94,
259,3,0x17D90CC0C9cB61f27A5198c8a96f9eA19341b218,0x0905f7d7c872c1fcdb3d77ae01ed23dd1e19d60237c29dd89d9ebc8ab933f976,23046,32121,437597,218798,0.012027,30596.03,30147.02,
259,4,0x47242114086D2715A648d0391793730d2aB1CCa2,0xbf0f281d70dadb80f8c0cf7b246cef1fba7e7de8434e09009809525438a0af16,23046,32121,437597,218798,0.012027,30628.61,30157.38,
260,1,0x627306090abaB3A6e1400e9345bC60c78a8BEf57,0x07dfaecf823b6a8632aae2c3f452fcaaa3e0c2b763d2b5f4e6b75aa2142336f7,23047,32121,437597,218798,0.012027,29650.27,29161.26,
260,3,0x17D90CC0C9cB61f27A5198c8a96f9eA19341b218,0xabb85ad3bf8cbe09eb82f0f3ff28772922c6156b5d0fabfff026d97868394067,23047,32121,437597,218798,0.012027,29596.26,29148.86,
260,4,0x47242114086D2715A648d0391793730d2aB1CCa2,0x0610c8f1ed90a2eacff022670afa3f5ab895246591e6e49086597d8a9237ef16,23047,32121,437597,218798,0.012027,29633.81,29159.72,
260,2,0xf17f52151EbEF6C7334FAD080c5704D77216b732,0xa8250d57c5303e43f34b43fe0139cd45f4489b46ac566a1b59dc0c811d19c6e5,23047,32121,437597,218798,0.012027,30590.50,30147.72,
261,4,0x47242114086D2715A648d0391793730d2aB1CCa2,0x5f98736a06ba935c6208e46b36452091efed325793d4076ed0a98cf2d3fd4e7d,23048,32121,443431,221715,0.012187,29639.94,29159.15,
261,2,0xf17f52151EbEF6C7334FAD080c5704D77216b732,0x1daff7e0487fcd81130335428c7ab515ed2664fd49168301e62c6fa30ce34f10,23048,32121,443431,221715,0.012187,29592.47,29145.51,
261,1,0x627306090abaB3A6e1400e9345bC60c78a8BEf57,0xf571334be55b3afd120b966ac38977baa6cd9c3f6add91879e58c38cac9a149e,23048,32121,443431,221715,0.012187,30649.09,30162.12,
261,3,0x17D90CC0C9cB61f27A5198c8a96f9eA19341b218,0x1c285ad5e2055768859b3925b229e46f3c2be85f7f57f96aed0c23e40dee7d4d,23048,32121,443431,221715,0.012187,30596.57,30148.03,
262,1,0x627306090abaB3A6e1400e9345bC60c78a8BEf57,0xab5ef99169036fef253f2d353ee9479bbb69d2d88aa20b76db0f2141d76732f7,23049,32121,443431,221715,0.012187,29644.87,29161.97,
262,3,0x17D90CC0C9cB61f27A5198c8a96f9eA19341b218,0xd667eefb2c435dd650744ff90103735e77a461616701f01ff03171215fbba977,23049,32121,443431,221715,0.012187,29599.67,29151.08,
262,4,0x47242114086D2715A648d0391793730d2aB1CCa2,0x2aeaea8ca66d81d99c47b0e5661992512f8338c713b83342be2eeb0ab5fc2e3c,23049,32121,443431,221715,0.012187,30639.64,30159.47,
262,2,0xf17f52151EbEF6C7334FAD080c5704D77216b732,0x25f9e97e23eda693c4da7662dc5c3e56e7b6c51b3b9ebe3821a88f59e491942c,23049,32121,443431,221715,0.012187,30590.39,30146.29,
263,1,0x627306090abaB3A6e1400e9345bC60c78a8BEf57,0x3914efcb604c66d9d79f37ff0fe44622a3aaeb45cfb2aa469a9821181276894c,23050,32121,443431,221715,0.012187,29641.65,29160.33,
263,3,0x17D90CC0C9cB61f27A5198c8a96f9eA19341b218,0x5ba407b88fe6f01d3cf9b20306eaf1b1ab665861303dc677d4049a95528df39f,23050,32121,443431,221715,0.012187,29595.41,29149.03,
263,2,0xf17f52151EbEF6C7334FAD080c5704D77216b732,0x0d77e5170623225833ca58b46c7a1d620f049533892414e7d46befb0badedc50,23050,32121,443431,221715,0.012187,29585.46,29145.37,
263,4,0x47242114086D2715A648d0391793730d2aB1CCa2,0xafc4cae3451f5307c24b19a40f6f7b2a2d36913bce8cc1be71e0e6c6949605ac,23050,32121,443431,221715,0.012187,29636.72,29158.33,
264,4,0x47242114086D2715A648d0391793730d2aB1CCa2,0xef3c538aa4356eef10a80fdd122658bc3f10493982506192cbb1f661c8994de7,23051,32121,452909,226454,0.012448,29636.66,29159.34,
264,3,0x17D90CC0C9cB61f27A5198c8a96f9eA19341b218,0x2f2dc2cdc2aed48da3ff59409947795badbd82ec95f2046be7ae63421cc45ff9,23051,32121,452909,226454,0.012448,30595.71,30149.79,
264,1,0x627306090abaB3A6e1400e9345bC60c78a8BEf57,0xb556656e3dcda491032eac5bbc1fb07395e3b1c280ec3de277039a477e611b21,23051,32121,452909,226454,0.012448,30642.16,30160.01,
264,2,0xf17f52151EbEF6C7334FAD080c5704D77216b732,0x2c7104164730d8fd342e8f47973ef6d6b4903ea925021f9b4e6317f6e9cc1fab,23051,32121,452909,226454,0.012448,30586.63,30145.49,
265,3,0x17D90CC0C9cB61f27A5198c8a96f9eA19341b218,0x24bf9466f698126bbbe5e40f069bf0f06f03815e2520a1f7a38c95670319b25d,23052,32121,452909,226454,0.012448,29592.68,29149.35,
265,1,0x627306090abaB3A6e1400e9345bC60c78a8BEf57,0x6c9d6b906624938d74ed84f672978635151b1edd6d3f0716a53eff5539dd0229,23052,32121,452909,226454,0.012448,29645.56,29161.86,
265,2,0xf17f52151EbEF6C7334FAD080c5704D77216b732,0xd6465c7b00f12fbc3d8a89bc6343015da4e31e8e564f97ff18255e5fce2e130e,23052,32121,452909,226454,0.012448,29589.27,29148.12,
265,4,0x47242114086D2715A648d0391793730d2aB1CCa2,0x5dd85e0dffde5e6dd55edc53daca5bcf9a710652e5aad23a9639ce9928958053,23052,32121,452909,226454,0.012448,30638.13,30159.05,
266,2,0xf17f52151EbEF6C7334FAD080c5704D77216b732,0x7500aae40e0117cd00541dbbffa0d6a02c10b694143ff883e9b7439d88bfe219,23053,32121,452909,226454,0.012448,29594.87,29152.58,
266,4,0x47242114086D2715A648d0391793730d2aB1CCa2,0x23b523a13c027df98a7ad9be1cb521fd7013cce89c110c019e760bfc8f5d4a26,23053,32121,452909,226454,0.012448,29649.71,29170.35,
266,3,0x17D90CC0C9cB61f27A5198c8a96f9eA19341b218,0xc2fef22723d197e41b729617ff6ca49ed322e083d59a75ede87f59c3d15e84a3,23053,32121,452909,226454,0.012448,30598.37,30151.89,
266,1,0x627306090abaB3A6e1400e9345bC60c78a8BEf57,0x0e88bb76552224542f4bb1e3343b08c01b6e0936c34e73b24725fac355b95581,23053,32121,452909,226454,0.012448,30645.04,30163.55,
267,3,0x17D90CC0C9cB61f27A5198c8a96f9eA19341b218,0xf9d3020cf7cf3cb141a5503b5c6324ef6bcf98dfea59eca4447609b0ba5cbf9f,23054,32121,452909,226454,0.012448,29608.57,29151.52,
267,1,0x627306090abaB3A6e1400e9345bC60c78a8BEf57,0x511822e53d2a46d6de33a848685eebe823589d1c84207b6cfad028359afc2e6d,23054,32121,452909,226454,0.012448,29665.87,29160.95,
267,2,0xf17f52151EbEF6C7334FAD080c5704D77216b732,0x89f040665e6683de0955afc9f8ee5c98c9ddd9bb8d429f09641dcade12d99e79,23054,32121,452909,226454,0.012448,30621.22,30145.92,
267,4,0x47242114086D2715A648d0391793730d2aB1CCa2,0x76829f306d2434ea42378c5f6d76a7799df7a591f382b596f53853f7991e1321,23054,32121,452909,226454,0.012448,30658.97,30160.78,
268,3,0x17D90CC0C9cB61f27A5198c8a96f9eA19341b218,0x6c3f0e6e3ecb6dd2af9d3445c1a28e94f555f31323f4c165b4b839f05201ee95,23055,32121,452909,226454,0.012448,29604.63,29157.13,
268,1,0x627306090abaB3A6e1400e9345bC60c78a8BEf57,0xb0679abf03bacedf599ef46dd9197b7e70414cf5ca7c99aa58dcbb74411bfe95,23055,32121,452909,226454,0.012448,29676.99,29191.28,
268,2,0xf17f52151EbEF6C7334FAD080c5704D77216b732,0x2ab205dc0dc58192ba7563b8a0c63a7f6dea29782503132322a15c0c1e82381d,23055,32121,452909,226454,0.012448,29597.94,29152.69,
268,4,0x47242114086D2715A648d0391793730d2aB1CCa2,0x12e3cfcb298634664b5cd321af7843a54bfa79199d6f14911ac68aaf0236f474,23055,32121,452909,226454,0.012448,29640.74,29160.38,
269,4,0x47242114086D2715A648d0391793730d2aB1CCa2,0xc2ca4dc6c37b19fb5e8eb787f74685cdd8fc7dc969e8f2131cd36f1331d30214,23056,32121,456261,228130,0.012540,29633.21,29156.73,
269,3,0x17D90CC0C9cB61f27A5198c8a96f9eA19341b218,0x2b8d65fae562ce333229fe9321bae5c1abe6a500c42f8da907c04214466d248e,23056,32121,456261,228130,0.012540,30622.85,30151.11,
269,1,0x627306090abaB3A6e1400e9345bC60c78a8BEf57,0x436545fc5efc4fd486f743e42d9478f707ee3b2f1665fa59deef1125306cc3bf,23056,32121,456261,228130,0.012540,30659.33,30173.57,
269,2,0xf17f52151EbEF6C7334FAD080c5704D77216b732,0xd3b969f476da7b10f9c4699d070d82064460d491d00e74436138bd6a53acd5d6,23056,32121,456261,228130,0.012540,30603.38,30159.74,
270,3,0x17D90CC0C9cB61f27A5198c8a96f9eA19341b218,0xfa476557c85f690a62ccd523869d163effab5f4c4b9aa63362705984d31365fc,23057,32121,456261,228130,0.012540,29620.98,29154.39,
270,2,0xf17f52151EbEF6C7334FAD080c5704D77216b732,0x1d128c1a57b5572bd9a3aa68d0aff134a70f1844c209dcef9a28dada34108ea2,23057,32121,456261,228130,0.012540,29594.64,29151.00,
270,1,0x627306090abaB3A6e1400e9345bC60c78a8BEf57,0xe13ae8804f05e107e04f6be40666004efdd408b64f44145314cca33662d5f8a4,23057,32121,456261,228130,0.012540,29648.79,29160.62,
270,4,0x47242114086D2715A648d0391793730d2aB1CCa2,0x436ce4acf3e151f41bb92a71f1f761ac539a7d9af30159a5439ed908e6620b59,23057,32121,456261,228130,0.012540,30642.62,30166.02,
271,2,0xf17f52151EbEF6C7334FAD080c5704D77216b732,0xfe5f1271b53656a38e0e2ff21aa6f52de174bede89d919dd082542c04c80b945,23058,32121,461270,230635,0.012677,29614.16,29145.84,
271,1,0x627306090abaB3A6e1400e9345bC60c78a8BEf57,0xcdf4ab13f4e37b04212bf2f281a5b5a4c79fb5ec9a6a1c99abe9bb696c72cd7e,23058,32121,461270,230635,0.012677,29644.88,29159.98,
271,4,0x47242114086D2715A648d0391793730d2aB1CCa2,0xca348504d862dfc96e76256b34cbbcc171432b23c81ef7b9b8bd5836ca023cc3,23058,32121,461270,230635,0.012677,29641.49,29157.98,
271,3,0x17D90CC0C9cB61f27A5198c8a96f9eA19341b218,0x7e4aecaad1a8e17e13b65d15e12ed406ad07b7f5942dcc1c421f43b1edc815c4,23058,32121,461270,230635,0.012677,30605.60,30147.81,
272,4,0x47242114086D2715A648d0391793730d2aB1CCa2,0x1730f28609c3c4b018a2e227ab55e0d338392ca7665123e5258d32a7e4d38ad3,23059,32121,461270,230635,0.012677,29630.33,29158.06,
272,3,0x17D90CC0C9cB61f27A5198c8a96f9eA19341b218,0x6994c7f630d7c6f5d13419e1a4a551c3e22cf4d126a9c0ea347c7051f661bfae,23059,32121,461270,230635,0.012677,29591.56,29145.74,
272,2,0xf17f52151EbEF6C7334FAD080c5704D77216b732,0x6bdedbcc645ed47bbb3252fa566fbc39d87aa90b33acc33dfba22181b1ab422a,23059,32121,461270,230635,0.012677,30587.72,30146.41,
272,1,0x627306090abaB3A6e1400e9345bC60c78a8BEf57,0xa60f1a4e9bebcd9f179a1a29357c63458eea0dd4da382b636a183cac96eddd60,23059,32121,461270,230635,0.012677,30642.71,30160.31,
273,3,0x17D90CC0C9cB61f27A5198c8a96f9eA19341b218,0x8d67726dea1c33a653dcdc3a791d8ef1d30f6c20e29c6a518e8a38ff21ebc56c,23060,32121,461270,230635,0.012677,29594.70,29150.29,
273,2,0xf17f52151EbEF6C7334FAD080c5704D77216b732,0xf9e276f01b02e7e7a34bcbbeb5d459d4d94bc392821ed1a0000be427ffd97961,23060,32121,461270,230635,0.012677,29587.48,29148.05,
273,1,0x627306090abaB3A6e1400e9345bC60c78a8BEf57,0xd978edf5a785d32c07d6dec73f3cf410af89826dfc4de41170a3645d66bade53,23060,32121,461270,230635,0.012677,29643.86,29161.51,
273,4,0x47242114086D2715A648d0391793730d2aB1CCa2,0xb0c24c1df8ee1e82d5a7b18c73c2c98b5ded4799cf65b501a85ef94979b5a55c,23060,32121,461270,230635,0.012677,30628.90,30157.97,
274,1,0x627306090abaB3A6e1400e9345bC60c78a8BEf57,0x02c5d8863c9042f7ffd53e178dab783a78554c655d729033de34fdcaf3a64c91,23061,32121,461270,230635,0.012677,29648.02,29164.21,
274,4,0x47242114086D2715A648d0391793730d2aB1CCa2,0x5432d2e3290754d9c6dff1e4806dc7ea74e16ad178a94b2c82ef81ee9c151ed5,23061,32121,461270,230635,0.012677,29633.96,29159.80,
274,3,0x17D90CC0C9cB61f27A5198c8a96f9eA19341b218,0xc774379dde9b89064bedd4122a24ccaf5ad34b63a67b0de9f8ac61492dc6c1ab,23061,32121,461270,230635,0.012677,30605.51,30153.74,
274,2,0xf17f52151EbEF6C7334FAD080c5704D77216b732,0x21dd1f74712076e3b8fe6ea33ca3ceb08e6445deecad0778dc92f67e7ec4937c,23061,32121,461270,230635,0.012677,30590.00,30146.20,
275,4,0x47242114086D2715A648d0391793730d2aB1CCa2,0x76c1c6a543b82b5b0790c499f9c75abfa10288e54fa79652c20e20f8042c052a,23062,32121,478111,239055,0.013140,29630.63,29157.01,
275,3,0x17D90CC0C9cB61f27A5198c8a96f9eA19341b218,0x866d52fdb2c4f131445d94b226a474fa8fc24dab50b79d9356b4781e523d53da,23062,32121,478111,239055,0.013140,29592.48,29146.94,
275,2,0xf17f52151EbEF6C7334FAD080c5704D77216b732,0x13a769bd554a3c994991a3e125a20cfd6132e6d7a02c8aa6aae65afbc2eaf088,23062,32121,478111,239055,0.013140,29586.87,29146.72,
275,1,0x627306090abaB3A6e1400e9345bC60c78a8BEf57,0xe2ccc513f56d8fb120636a150e97bad607f1173e057a22fa8af8be5d9e694f23,23062,32121,478111,239055,0.013140,30648.66,30160.37,
276,2,0xf17f52151EbEF6C7334FAD080c5704D77216b732,0xb58923ede4b54a7846b023508cf543243e3582f09cb7deb734277754ff2d6acc,23063,32121,478111,239055,0.013140,29600.95,29146.60,
276,1,0x627306090abaB3A6e1400e9345bC60c78a8BEf57,0x9af25966f74214c8770053bd36a5d8c484e9ba318564376778268b0fd83a7567,23063,32121,478111,239055,0.013140,29672.26,29161.63,
276,4,0x47242114086D2715A648d0391793730d2aB1CCa2,0x6923f978178f9dded20929fef237354ede9b20d8c8d7a21820dd96a7cbd0c0d7,23063,32121,478111,239055,0.013140,30628.32,30156.73,
276,3,0x17D90CC0C9cB61f27A5198c8a96f9eA19341b218,0xcfbb2fad402a976d86ef197e3faee4c86927ea90f63f7287a0ac578457bd6383,23063,32121,478111,239055,0.013140,30594.34,30147.98,
277,1,0x627306090abaB3A6e1400e9345bC60c78a8BEf57,0xff39e1907e35363b1cc89ad6dfded27d3541a7ee099093740b2bfe922b80145a,23064,32121,478111,239055,0.013140,29646.04,29161.42,
277,4,0x47242114086D2715A648d0391793730d2aB1CCa2,0x1fcecafd099735bac32e9d3788248960c9fe4c25ed594b7084115ac331b683b8,23064,32121,478111,239055,0.013140,29626.76,29156.02,
277,3,0x17D90CC0C9cB61f27A5198c8a96f9eA19341b218,0x3cf3bb1de635d8e5d8424aa2aba95f3782081fe9d0006562282f228284fa941b,23064,32121,478111,239055,0.013140,29600.98,29149.32,
277,2,0xf17f52151EbEF6C7334FAD080c5704D77216b732,0xece075dd63ead6bcdce1a922efa521a9ef0f06f2868961f6055c3bdb7ff92ca6,23064,32121,478111,239055,0.013140,30590.70,30148.38,
278,3,0x17D90CC0C9cB61f27A5198c8a96f9eA19341b218,0x88f7d0293d103bcdcb5dde2876f80d0d57388c2d9aa1df5b0d58582d1850177d,23065,32121,478111,239055,0.013140,29599.02,29152.01,
278,2,0xf17f52151EbEF6C7334FAD080c5704D77216b732,0x11d83eddf30c0c5abe8a587426b361b3ed7054ff847392b32ae9a21305fb0579,23065,32121,478111,239055,0.013140,29588.16,29147.26,
278,1,0x627306090abaB3A6e1400e9345bC60c78a8BEf57,0xafebd1e362063801dcc9ed6e84a6fce7fc1f159e7c2766af356ce7614195fdc3,23065,32121,478111,239055,0.013140,30644.60,30162.11,
278,4,0x47242114086D2715A648d0391793730d2aB1CCa2,0xecac7eb83934bf189d913dea14af879093eae57710dda88129fb6de4719044af,23065,32121,478111,239055,0.013140,30629.24,30158.01,
279,1,0x627306090abaB3A6e1400e9345bC60c78a8BEf57,0x93f4b6601d7bd40d4ae203f5f81f2e6ba7e0e30b313ff300653688a5fba4d57a,23066,32121,478111,239055,0.013140,29633.82,29152.08,
279,4,0x47242114086D2715A648d0391793730d2aB1CCa2,0xbd72b44c0272e397d4be38ec1eb9a1566e2e9eae364ccd52beaec10110bba378,23066,32121,478111,239055,0.013140,29628.55,29157.85,
279,3,0x17D90CC0C9cB61f27A5198c8a96f9eA19341b218,0xd790a4299ec20f692eef7c6ee8ded2966b8838e145a50305856fbe24bffcb382,23066,32121,478111,239055,0.013140,30601.82,30155.87,
279,2,0xf17f52151EbEF6C7334FAD080c5704D77216b732,0x12c63934d14b55b23ed3bbe27fb5a24a08f062ed1bfd1143efed17182935f417,23066,32121,478111,239055,0.013140,30597.64,30155.11,
280,1,0x627306090abaB3A6e1400e9345bC60c78a8BEf57,0x67bcebb659239e14214e41207a0f413a7ac87ff22e4596cce27927fbee4e08a6,23067,32121,478111,239055,0.013140,29615.75,29157.53,
280,4,0x47242114086D2715A648d0391793730d2aB1CCa2,0x238f9915612ce59dccbcd9fe70649907bf354a39bc2ed574f7df4fde19167a9b,23067,32121,478111,239055,0.013140,29638.10,29159.77,
280,3,0x17D90CC0C9cB61f27A5198c8a96f9eA19341b218,0x71c3b792a150d395d0fe30eee4592cf66ad15c8d1359dfd81a1a2f68269bd445,23067,32121,478111,239055,0.013140,29625.85,29158.64,
280,2,0xf17f52151EbEF6C7334FAD080c5704D77216b732,0x682eaa592ed958707a1b38747b757030a3a239c666f240f950f45a44c4f8da13,23067,32121,478111,239055,0.013140,29633.89,29157.67,
281,2,0xf17f52151EbEF6C7334FAD080c5704D77216b732,0x8cac9075e87f49ddcf1f6184b717fc2315c70c806b2e6f7406682df3738e1f72,23068,32121,478111,239055,0.013140,29633.09,29159.25,
281,1,0x627306090abaB3A6e1400e9345bC60c78a8BEf57,0xa2e02bab6f8553dea6f67efae9f22c9c5fe0e86bd9cd89f8d0d802b52bcad5a1,23068,32121,478111,239055,0.013140,30625.55,30155.81,
281,4,0x47242114086D2715A648d0391793730d2aB1CCa2,0x10412569b058c31c441e25f748cee364b3cdd7f482b7721d040a2865801d156b,23068,32121,478111,239055,0.013140,30632.05,30157.87,
281,3,0x17D90CC0C9cB61f27A5198c8a96f9eA19341b218,0xe2c81801f0dbdaac379d3cbb38f845ef537147589ef01e1e88641679c19bbd24,23068,32121,478111,239055,0.013140,30634.27,30156.96,
282,1,0x627306090abaB3A6e1400e9345bC60c78a8BEf57,0xa302392d1eea99d9ee28dd3bab0462bc3d5f8b2693b622cbed8fba3b9189fb51,23069,32121,478111,239055,0.013140,29627.53,29158.35,
282,4,0x47242114086D2715A648d0391793730d2aB1CCa2,0x313ac5c5cb417407eb3b5008292da3d45d79451d4dddcd90d32743618191f06b,23069,32121,478111,239055,0.013140,29642.82,29160.44,
282,3,0x17D90CC0C9cB61f27A5198c8a96f9eA19341b218,0x8448429f3a076b3edbf22c94d71b2109b5b8065d017b64e11d9d716fcc08a062,23069,32121,478111,239055,0.013140,29641.49,29161.25,
282,2,0xf17f52151EbEF6C7334FAD080c5704D77216b732,0xca820ce748f0a5201a92185dfa54c7114754f29fd59614957fab53fddfe61c87,23069,32121,478111,239055,0.013140,30631.08,30157.92,
283,4,0x47242114086D2715A648d0391793730d2aB1CCa2,0x0c5c74abec03581a6d70fcaf05968ed1f89101c2a532d056b54f51924ad60dd6,23070,32121,478111,239055,0.013140,29636.11,29160.26,
283,3,0x17D90CC0C9cB61f27A5198c8a96f9eA19341b218,0x89ab712089814b05d8d2b88d0b88d671190ef9e6e10ba14dc40b098f3ce0f2ea,23070,32121,478111,239055,0.013140,29656.53,29162.68,
283,2,0xf17f52151EbEF6C7334FAD080c5704D77216b732,0x908fdfab2a12c3008aa0f36370085d61a639c45ee496c24f7cf24e989ed82942,23070,32121,478111,239055,0.013140,29631.67,29158.28,
283,1,0x627306090abaB3A6e1400e9345bC60c78a8BEf57,0x51f74be77e1cca4875040d379e027781d27986862c679aa2ff3fc931003255cd,23070,32121,478111,239055,0.013140,30630.79,30162.01,
284,2,0xf17f52151EbEF6C7334FAD080c5704D77216b732,0x4500b0002c04a0882b9398dc4091ce490ca7f713022c87b86e588ab9423e8784,23071,32121,478111,239055,0.013140,29635.05,29157.85,
284,1,0x627306090abaB3A6e1400e9345bC60c78a8BEf57,0xfb5b7dbfdb51fdada32946545a55eb72f8cee9e8d68aca7511052e2c3816cf86,23071,32121,478111,239055,0.013140,29630.38,29160.26,
284,4,0x47242114086D2715A648d0391793730d2aB1CCa2,0xe7947db4d485ce5dbefba362cf201a6ff958fb06fa4aa0bf950c5967df22190a,23071,32121,478111,239055,0.013140,30638.54,30158.17,
284,3,0x17D90CC0C9cB61f27A5198c8a96f9eA19341b218,0xa137d0bca6c087a42349f8b7a472f2d4071a15adf1d6e0bec74ba9faa6c6916f,23071,32121,478111,239055,0.013140,30638.95,30162.65,
285,1,0x627306090abaB3A6e1400e9345bC60c78a8BEf57,0x0367e9525ae1e35dc21c4a7420019879c49087eccdc623f3f45ea7c336b18a7c,23072,32121,485517,242758,0.013344,29629.25,29158.63,
285,4,0x47242114086D2715A648d0391793730d2aB1CCa2,0x87325ac6a6be59dd6e85ed072a351181791988bf534173bba1ecb08b8d287725,23072,32121,485517,242758,0.013344,29635.56,29158.77,
285,3,0x17D90CC0C9cB61f27A5198c8a96f9eA19341b218,0x19c14418260524e53960dcaf6c9f91cecc5d9e28ec0f46a125b10dbb89c45509,23072,32121,485517,242758,0.013344,29637.07,29159.38,
285,2,0xf17f52151EbEF6C7334FAD080c5704D77216b732,0x7eaeb810b15d86de35238b2ebb15715b2b58a1b45a1a5a1edcda54337dd35624,23072,32121,485517,242758,0.013344,30637.29,30158.80,
286,4,0x47242114086D2715A648d0391793730d2aB1CCa2,0xa78b1edd49fa57fb9bdef5c9df52f7861e7d1d181aa1f4f62e92e71fdc73397c,23073,32121,485517,242758,0.013344,29636.12,29158.35,
286,3,0x17D90CC0C9cB61f27A5198c8a96f9eA19341b218,0xa7c3630eaf0f1bed452d7a644269a58a32babc50efc1770119853c1b0061e917,23073,32121,485517,242758,0.013344,29637.66,29160.46,
286,2,0xf17f52151EbEF6C7334FAD080c5704D77216b732,0xe52402405a68f493b0d1ac6a5967f4c81784b9c59cc5299cff4ba2b64d55a542,23073,32121,485517,242758,0.013344,29637.34,29160.21,
286,1,0x627306090abaB3A6e1400e9345bC60c78a8BEf57,0xc1fd0bfc0d1f13221b064c77fda55bffc5127fc558e8e374fe44136bd9497382,23073,32121,485517,242758,0.013344,30624.08,30157.18,
287,1,0x627306090abaB3A6e1400e9345bC60c78a8BEf57,0xbf29fd098c4dcdd2a49e6a2b6435fb73f435da4272cdd149d0398bb7b31cc679,23074,32121,485517,242758,0.013344,29625.23,29156.39,
287,4,0x47242114086D2715A648d0391793730d2aB1CCa2,0x7785fc3997bf80b318a9881279e36814d3abb3f87081f4e73e6cf8cc04b7e49d,23074,32121,485517,242758,0.013344,30638.81,30159.31,
287,3,0x17D90CC0C9cB61f27A5198c8a96f9eA19341b218,0x16cd2d8125175071881a2c49befc256b092d07d82ac251509f58835012055b9b,23074,32121,485517,242758,0.013344,30635.11,30158.90,
287,2,0xf17f52151EbEF6C7334FAD080c5704D77216b732,0x457f28e9982cbf0f1fae24a1a47d32eaa35ed745b0d99ab3bf40c7f641b21e9f,23074,32121,485517,242758,0.013344,30633.29,30157.75,
288,1,0x627306090abaB3A6e1400e9345bC60c78a8BEf57,0x6749448a47417518461bcf2ab0d22a9fa13004c98da681ca02ed0de434f23b36,23075,32121,485517,242758,0.013344,29631.04,29160.76,
288,4,0x47242114086D2715A648d0391793730d2aB1CCa2,0x4d25a3f3e780b8b05e477cab46d37f6b7cbebac0ef22b330a52b33ec7d549276,23075,32121,485517,242758,0.013344,29637.99,29161.21,
288,3,0x17D90CC0C9cB61f27A5198c8a96f9eA19341b218,0xcbc888b0a92f782dc679f26f0b91c1d9b0a8b8bb044950d7821288b3402fe0c0,23075,32121,485517,242758,0.013344,29643.35,29159.81,
288,2,0xf17f52151EbEF6C7334FAD080c5704D77216b732,0xf1d57c4bc8f13163df1feea212a9f8c6a70740e677db283cd16fdbda9919e580,23075,32121,485517,242758,0.013344,29638.83,29162.02,
289,3,0x17D90CC0C9cB61f27A5198c8a96f9eA19341b218,0xad77608e92394cc1e4b2a50ede16f76cc19611b479af174bf880eeda975acf7f,23076,32121,485517,242758,0.013344,29770.51,29295.05,
289,2,0xf17f52151EbEF6C7334FAD080c5704D77216b732,0x714d839b10e7a1b82508d21c4f967ee0156bcb31de9f6e985686f17145adb3bf,23076,32121,485517,242758,0.013344,29708.37,29234.05,
289,1,0x627306090abaB3A6e1400e9345bC60c78a8BEf57,0xd3a36c8a19b17275432c95e08a08e65da5380f3739f667971a65f426f55f4082,23076,32121,485517,242758,0.013344,30728.77,30259.95,
289,4,0x47242114086D2715A648d0391793730d2aB1CCa2,0x7efe1202f1eab94ab7107b5a599dca5b3ecb455cbe16bfe0a0dc12c0d1d6c246,23076,32121,485517,242758,0.013344,30653.48,30177.32,
290,1,0x627306090abaB3A6e1400e9345bC60c78a8BEf57,0xc5e997b2aa8d1c04d0c5cde309477a815b343dd0ad9b0c5c15974bac9d946fad,23077,32121,487090,243545,0.013387,29679.36,29156.27,
290,4,0x47242114086D2715A648d0391793730d2aB1CCa2,0x5d013137348780d1cf6f1fd836a7abac95d446ac7c2663346069662cada392e5,23077,32121,487090,243545,0.013387,29713.30,29159.54,
290,3,0x17D90CC0C9cB61f27A5198c8a96f9eA19341b218,0xf57d7ca35969d1c784f804599f4eefa0928c8bec5fc2bc032d974a52c63168d3,23077,32121,487090,243545,0.013387,30771.28,30157.61,
290,2,0xf17f52151EbEF6C7334FAD080c5704D77216b732,0xdc6336a805adce10d11cf2127f90f2759302df0eafdd32ca18536231dea4fbe8,23077,32121,487090,243545,0.013387,30635.16,30157.71,
291,1,0x627306090abaB3A6e1400e9345bC60c78a8BEf57,0x1fc74995f142f7a4d9998194330affd209646b5960f08da792b3985e3f5af40e,23078,32121,498883,249441,0.013711,29617.86,29155.64,
291,4,0x47242114086D2715A648d0391793730d2aB1CCa2,0x2d0214e86f1f7ed46e0b2cd028ec9d07642e4d9335281ceb42e731406e10724a,23078,32121,498883,249441,0.013711,29636.48,29158.86,
291,3,0x17D90CC0C9cB61f27A5198c8a96f9eA19341b218,0xa305059df453c506ce066638f15d939bd95d36f9b25b8f6e3f3e572524fee91c,23078,32121,498883,249441,0.013711,29635.22,29159.58,
291,2,0xf17f52151EbEF6C7334FAD080c5704D77216b732,0xac07c6cbb91a7ede4c1542ecf73f3496b903e223308fcd74d1f48227cd686027,23078,32121,498883,249441,0.013711,29631.88,29158.00,
292,3,0x17D90CC0C9cB61f27A5198c8a96f9eA19341b218,0x4b522498f2560580b333f3c14fe70dcf3ffd0c9ec6ae922dbe82d37a8a74a666,23079,32121,498883,249441,0.013711,29635.40,29160.54,
292,2,0xf17f52151EbEF6C7334FAD080c5704D77216b732,0x995657af5c3c8fea8880bf2907d615b7e1f1790944315a853fd658c1dd337499,23079,32121,498883,249441,0.013711,29636.11,29159.81,
292,1,0x627306090abaB3A6e1400e9345bC60c78a8BEf57,0xa48b89d306b0598a588e2546f64b5d282e1a702da896f7efc07703d88d9b503d,23079,32121,498883,249441,0.013711,30622.97,30157.40,
292,4,0x47242114086D2715A648d0391793730d2aB1CCa2,0x01d33f0b8355bd12f537b2f407b3ce4ad35b61d5f97d2103032041de917d552c,23079,32121,498883,249441,0.013711,30635.37,30160.07,
293,1,0x627306090abaB3A6e1400e9345bC60c78a8BEf57,0x97f53d39c120c38244495db3c5b4eb8594af955bacd93206dff8beef2d1cf251,23080,32121,498883,249441,0.013711,29620.24,29155.13,
293,4,0x47242114086D2715A648d0391793730d2aB1CCa2,0x177fdf0acd1721edfe0ceaf67a02b156d4d133c186919d29a01abfb053317245,23080,32121,498883,249441,0.013711,29637.47,29162.01,
293,3,0x17D90CC0C9cB61f27A5198c8a96f9eA19341b218,0xb7bb77223e4cbd78949ee7473f5f1526e794ac4bdc3844ee057b4df2ae18e105,23080,32121,498883,249441,0.013711,30635.46,30160.02,
293,2,0xf17f52151EbEF6C7334FAD080c5704D77216b732,0x500f5c9bc34c5b1364ab1ab2a40bc91443de14dcdd8ce039f219f018c34d3f3b,23080,32121,498883,249441,0.013711,30636.58,30159.89,
294,4,0x47242114086D2715A648d0391793730d2aB1CCa2,0x3ed6cdadf2a31f95e30799fd035196460cde851c1c1be7d55a14d9491ffa7b4b,23081,32121,498883,249441,0.013711,29641.36,29157.33,
294,3,0x17D90CC0C9cB61f27A5198c8a96f9eA19341b218,0x4230dc807751a09d7621b81701e7f57e9faf0c4d8c4208d6ebe2736aa2ff468e,23081,32121,498883,249441,0.013711,29637.95,29159.44,
294,2,0xf17f52151EbEF6C7334FAD080c5704D77216b732,0x9d8a2cd40c9766ea067bb690dd8676d8245bbc1a72fd4eed60a5fb3764681abf,23081,32121,498883,249441,0.013711,29632.73,29159.79,
294,1,0x627306090abaB3A6e1400e9345bC60c78a8BEf57,0xd3298ae7a25cc8b05f8afb26d7cc1dec250c3774315f2177eb61069575b5c6b5,23081,32121,498883,249441,0.013711,30625.90,30155.82,
295,3,0x17D90CC0C9cB61f27A5198c8a96f9eA19341b218,0x7db62d7efc7c3b279b8ab6199af0615943eb5e39a66d83c91f39d9e2e225bbaf,23082,32121,498883,249441,0.013711,29678.69,29184.02,
295,2,0xf17f52151EbEF6C7334FAD080c5704D77216b732,0x09e6b15953d1b5b5dd609fa1d5335267f6d1cddc6ee5e26fc80cc416f2568e41,23082,32121,498883,249441,0.013711,29670.71,29186.07,
295,1,0x627306090abaB3A6e1400e9345bC60c78a8BEf57,0x368df76767ff4f667d5347a48fc20f2129fb5a6cc2a6bbecbcf38cec5f28153c,23082,32121,498883,249441,0.013711,29627.75,29156.00,
295,4,0x47242114086D2715A648d0391793730d2aB1CCa2,0x967f1ca6ba22433a1a71d761a5b351a742df2d6ab5598ce582630c536c106c32,23082,32121,498883,249441,0.013711,30644.06,30164.16,
296,1,0x627306090abaB3A6e1400e9345bC60c78a8BEf57,0x229b240622f3d8e1dd4ed0109d010b23b5b0e943aea9735bfb38683c647b0320,23083,32121,498883,249441,0.013711,29622.47,29159.10,
296,4,0x47242114086D2715A648d0391793730d2aB1CCa2,0xf45fdcd5a8317cdf421ed91105d0f38cc998d2737ba9de690a7c30f3b3e34e95,23083,32121,498883,249441,0.013711,29634.03,29159.38,
296,3,0x17D90CC0C9cB61f27A5198c8a96f9eA19341b218,0x9eda3f1ec0a86c97a5bb3888f7371c55de7f6ef39085f26a5a5830e5ee5e3844,23083,32121,498883,249441,0.013711,30633.31,30158.69,
296,2,0xf17f52151EbEF6C7334FAD080c5704D77216b732,0x97f0fb47311e37e445825dbfc5b4c77d0a1aa51fa46c8d782854a37629bb8d56,23083,32121,498883,249441,0.013711,30632.53,30158.63,
297,4,0x47242114086D2715A648d0391793730d2aB1CCa2,0x76d469a0b09739f8156b93c9c05c0a74621fefce168d1522b97b545dfcdde896,23084,32121,498883,249441,0.013711,29640.94,29160.21,
297,2,0xf17f52151EbEF6C7334FAD080c5704D77216b732,0xf89fcb821995ee5dfb3ba8a4e96ed99db0464ca43c3f8b1a0158c6d8b923dda2,23084,32121,498883,249441,0.013711,29639.88,29164.23,
297,3,0x17D90CC0C9cB61f27A5198c8a96f9eA19341b218,0xdde89320bfd55c61029d391c0239892c05e4d6834efc103a2085442e04ae50ca,23084,32121,498883,249441,0.013711,29643.07,29160.22,
297,1,0x627306090abaB3A6e1400e9345bC60c78a8BEf57,0xeb1f301d8add9a82d43d24fec6524e34f1462c9ac56d4da3d2e83cadd148e865,23084,32121,498883,249441,0.013711,30624.40,30158.59,
298,2,0xf17f52151EbEF6C7334FAD080c5704D77216b732,0xe3f8887ffe8d361c07d8ccd24982c333829c7a49e101522e0b059f0f758adf66,23085,32121,502401,251200,0.013808,29640.71,29162.10,
298,3,0x17D90CC0C9cB61f27A5198c8a96f9eA19341b218,0xdbe2342d85f442664bc4e8904b1dbed07aeeb0e3e6ad9bf314d7b713659e107a,23085,32121,502401,251200,0.013808,29644.78,29163.34,
298,1,0x627306090abaB3A6e1400e9345bC60c78a8BEf57,0x9c5b6f4a072d946cc6897d75eaa006c2fba24e6c9d5f237b33022578d877de22,23085,32121,502401,251200,0.013808,29626.73,29155.63,
298,4,0x47242114086D2715A648d0391793730d2aB1CCa2,0x54745d03e6682f17a4b6ad30cc7bcf40328809f5ca47467969a8aa0cfe9f85eb,23085,32121,502401,251200,0.013808,30648.86,30158.18,
299,1,0x627306090abaB3A6e1400e9345bC60c78a8BEf57,0x2eb0b5aed7ad061dfd8625ea8bd6422d76c6a0cbb7fd3f3245bfe48dbcf592e1,23086,32121,502401,251200,0.013808,29621.76,29156.02,
299,4,0x47242114086D2715A648d0391793730d2aB1CCa2,0x99f4be9e4858fa8bdd2cd13d68e96c0a2d550954d460febfc4967e2c0c80bda2,23086,32121,502401,251200,0.013808,29652.24,29161.22,
299,2,0xf17f52151EbEF6C7334FAD080c5704D77216b732,0x7a6600dd7284e401060a86a71c8633b5ffc5cdada858236c7bfefb380afb7e58,23086,32121,502401,251200,0.013808,30646.80,30157.53,
299,3,0x17D90CC0C9cB61f27A5198c8a96f9eA19341b218,0x7cf106489f2318901165c492d06345b8d36f02ec71bf532ae184f569c385a4b1,23086,32121,502401,251200,0.013808,30649.82,30158.16,
300,4,0x47242114086D2715A648d0391793730d2aB1CCa2,0x5959bc96a737fdfd8c088fc64f956097a59ea2c6fc4faa674b2be24707936dde,23087,32121,504097,252048,0.013854,29638.10,29159.49,
300,2,0xf17f52151EbEF6C7334FAD080c5704D77216b732,0x07bac2ac2e68eadc383ef1d6d58edd212135f41093f7a2e0a0f9a99ee579032a,23087,32121,504097,252048,0.013854,29638.72,29161.20,
300,3,0x17D90CC0C9cB61f27A5198c8a96f9eA19341b218,0x2078926e124a757e4b9722c7e9c0e9aaf19a29837f2fffafa0407ca47b8d8e55,23087,32121,504097,252048,0.013854,29637.66,29159.72,
300,1,0x627306090abaB3A6e1400e9345bC60c78a8BEf57,0x6a5df73b40cb8c0fe0fdf945643c57a4f7c72139cc57e2f970f90fda05f198f0,23087,32121,504097,252048,0.013854,30616.71,30152.66,
301,3,0x17D90CC0C9cB61f27A5198c8a96f9eA19341b218,0xc53d6f915c6ed15d4b9b61bebe909219fe482bd3b167127dde97d4467ddb003d,23088,32121,508772,254386,0.013983,29634.05,29157.12,
301,1,0x627306090abaB3A6e1400e9345bC60c78a8BEf57,0x9408cd8b0cc2128953f90874413d86196c8ef5453896c3e74a954275b3087cd1,23088,32121,508772,254386,0.013983,29624.23,29157.84,
301,4,0x47242114086D2715A648d0391793730d2aB1CCa2,0x33d63cb3385586b953d4aabb2ff95eb3cc3102618384a897fb339db5d0285ace,23088,32121,508772,254386,0.013983,30637.42,30159.59,
301,2,0xf17f52151EbEF6C7334FAD080c5704D77216b732,0xad12d9c96e5e7ec4a00933a63ff7d4d1926a5c245a954adbff7382a3243e809b,23088,32121,508772,254386,0.013983,30630.31,30157.92,
302,4,0x47242114086D2715A648d0391793730d2aB1CCa2,0x2f1c54afdd29cbde93c7bea09dd31bd8843c8977b78dc72bcc3e76e2ddd57f5b,23089,32121,508772,254386,0.013983,29632.19,29159.49,
302,2,0xf17f52151EbEF6C7334FAD080c5704D77216b732,0xd8e84b06424143ede5ec6336a775304e302424b7e44aff6c7621b87dfe9e4b89,23089,32121,508772,254386,0.013983,29634.31,29159.34,
302,3,0x17D90CC0C9cB61f27A5198c8a96f9eA19341b218,0x65c17334cd58163952a9d3f64ba441ece91a4ec3cfd7a6761b5b011db39fdf6c,23089,32121,508772,254386,0.013983,30636.92,30160.55,
302,1,0x627306090abaB3A6e1400e9345bC60c78a8BEf57,0x502e7be6a7cedbef89fc05b28b865d19dd76cf83c54be2dcb785fbd9a3812999,23089,32121,508772,254386,0.013983,30636.93,30156.62,
303,2,0xf17f52151EbEF6C7334FAD080c5704D77216b732,0x6cd41d9646df35c54e644cc2e79480231c49d090cb9c2f4d04400fb423629839,23090,32121,525366,262683,0.014439,29634.46,29159.11,
303,3,0x17D90CC0C9cB61f27A5198c8a96f9eA19341b218,0xc0de896406555e286178f9eeaa3649cada10553b7082c3110639a9cc35b84648,23090,32121,525366,262683,0.014439,29633.94,29158.72,
303,1,0x627306090abaB3A6e1400e9345bC60c78a8BEf57,0x6ff851a7a349054d5e85b1d3cab4e05fc08a7c4f6002f56b5eef7fa76c984f05,23090,32121,525366,262683,0.014439,29620.17,29153.52,
303,4,0x47242114086D2715A648d0391793730d2aB1CCa2,0xc995a222a30e1a1f1c7b8aeb8a1fd7e0054efcb9a791865bec9a2ab7d4afdf69,23090,32121,525366,262683,0.014439,30638.29,30159.93,
304,1,0x627306090abaB3A6e1400e9345bC60c78a8BEf57,0xfdcda210a780063fbdbc153008fb0b3aa76465f5291c9769570bf675f2b8c2c9,23091,32121,525366,262683,0.014439,29616.83,29155.63,
304,4,0x47242114086D2715A648d0391793730d2aB1CCa2,0x40a1afc673ec24ce966ec7fcc8d7cf3c432817719cb943160cd60242b09d3f24,23091,32121,525366,262683,0.014439,29632.75,29158.01,
304,2,0xf17f52151EbEF6C7334FAD080c5704D77216b732,0xa27f4b2ccce1ea2ae02467a98aa7b7120148d4537579097e91326431c4c0e590,23091,32121,525366,262683,0.014439,30631.56,30157.92,
304,3,0x17D90CC0C9cB61f27A5198c8a96f9eA19341b218,0xe0ccd4fc2808e1621d4d0c2512fd32af1f5b52c0a03a1db32d060ce80c2b8c9a,23091,32121,525366,262683,0.014439,30643.32,30164.17,
305,4,0x47242114086D2715A648d0391793730d2aB1CCa2,0xf23ce177cf52dc28bfb5df4ad28ba84e0cd2cb1c295c5e8b77706f177300c3ff,23092,32121,525366,262683,0.014439,29633.31,29158.08,
305,2,0xf17f52151EbEF6C7334FAD080c5704D77216b732,0x6fdad5d898b6665a07eb947f838a02f3e4c61068e9d3195175ecece5c4922004,23092,32121,525366,262683,0.014439,29634.85,29160.14,
305,3,0x17D90CC0C9cB61f27A5198c8a96f9eA19341b218,0x545fa2f58de424bf3c1cf1847a01bae136723b22a18340a55e536dd1aac2e177,23092,32121,525366,262683,0.014439,29638.75,29162.76,
305,1,0x627306090abaB3A6e1400e9345bC60c78a8BEf57,0x185653a3adc8a8d72ef3252e05852a084c1e59a9db22c2954be33ec69d63a30c,23092,32121,525366,262683,0.014439,30616.74,30154.91,
306,2,0xf17f52151EbEF6C7334FAD080c5704D77216b732,0x3dae503fcd1cd53bd13e8a44d608c46dbc4b486d2afe720a1758d20121ca94ce,23093,32121,525366,262683,0.014439,29634.65,29159.09,
306,3,0x17D90CC0C9cB61f27A5198c8a96f9eA19341b218,0x11c195b6acb15ff9cd455f24e21a6386df19878ce2c21660a4a65fb0f4306397,23093,32121,525366,262683,0.014439,29637.40,29160.17,
306,1,0x627306090abaB3A6e1400e9345bC60c78a8BEf57,0x4631f1dad5ecb3059027d0182ae0cb27d79d675e3c94f617d4d641ff949bf865,23093,32121,525366,262683,0.014439,29625.75,29157.32,
306,4,0x47242114086D2715A648d0391793730d2aB1CCa2,0xf2d04c1f99baea96731ffaa95a650189d1ddf0f41307819be7856c43d3d66e61,23093,32121,525366,262683,0.014439,30638.94,30164.00,
307,1,0x627306090abaB3A6e1400e9345bC60c78a8BEf57,0x4db3af301f75ea5d547584989aed80cbed9ab52cbad140649cc5edba3f240a7d,23094,32121,525366,262683,0.014439,29625.83,29155.15,
307,4,0x47242114086D2715A648d0391793730d2aB1CCa2,0x9bb8b8c4473f696c9e9883707b8c59809e52e493c0eb9caa98394396a374903f,23094,32121,525366,262683,0.014439,29635.02,29158.30,
307,2,0xf17f52151EbEF6C7334FAD080c5704D77216b732,0x89e606288fba6556d42bac4e74ab2c7b36c6e90ddbc8ab579792642424ba626e,23094,32121,525366,262683,0.014439,30636.42,30157.50,
307,3,0x17D90CC0C9cB61f27A5198c8a96f9eA19341b218,0x26da3fac6c54ccc16c183e8ee5cbd8ad92da6db80da30328717b35e26dd6ed79,23094,32121,525366,262683,0.014439,30639.25,30157.17,
308,4,0x47242114086D2715A648d0391793730d2aB1CCa2,0x1cb9feac52c71eab5d4ea5701936303f48e173d6f99dccf7483d399a26de0ba6,23095,32121,525366,262683,0.014439,29636.28,29160.91,
308,2,0xf17f52151EbEF6C7334FAD080c5704D77216b732,0xf1639d0c876ec549404c1c1e531eea6224f1436f5419c33f44d9033cf017dd3f,23095,32121,525366,262683,0.014439,29634.34,29158.92,
308,3,0x17D90CC0C9cB61f27A5198c8a96f9eA19341b218,0x15ceaaed70e0bfaab223858c3de81a6aa2f4ff3391792025e20a142718438f27,23095,32121,525366,262683,0.014439,29654.33,29160.66,
308,1,0x627306090abaB3A6e1400e9345bC60c78a8BEf57,0x57d8066a7da607cca8e9f82094ddcb52b1cded0068bf72ca4c7d1a38488c588a,23095,32121,525366,262683,0.014439,30622.58,30157.35,
309,2,0xf17f52151EbEF6C7334FAD080c5704D77216b732,0xc6d6e561029811602acd8fe75397e67e49e1c6c89f3c0fe9c114223df995a710,23096,32121,525366,262683,0.014439,29633.91,29159.08,
309,3,0x17D90CC0C9cB61f27A5198c8a96f9eA19341b218,0x75ee7aa685cffbc9aca642152f1917b8f7a95173698f1cc4aa5ebf40354c87d4,23096,32121,525366,262683,0.014439,29636.71,29158.08,
309,1,0x627306090abaB3A6e1400e9345bC60c78a8BEf57,0x8ac5373b77e61fb9f987c1d3f6ffc8a93aea4706c5713c9f3fe92992f13619d8,23096,32121,525366,262683,0.014439,29621.89,29154.61,
309,4,0x47242114086D2715A648d0391793730d2aB1CCa2,0x980df8b459c8aa8a1eac1203d5c7034868a040c54c342a1aa84b9d380c95b263,23096,32121,525366,262683,0.014439,30639.46,30158.91,
310,4,0x47242114086D2715A648d0391793730d2aB1CCa2,0xa7a1d23bebe3509f7447cac7bcd2cdbf1f8bf40a70ae06f259578ba7d30a8ae0,23097,32121,525366,262683,0.014439,29648.85,29162.96,
310,2,0xf17f52151EbEF6C7334FAD080c5704D77216b732,0x47d93a878857d6db0d60d84be15d05df0069e09f07faf3e1dbee2869bfab96c5,23097,32121,525366,262683,0.014439,30641.85,30160.99,
310,3,0x17D90CC0C9cB61f27A5198c8a96f9eA19341b218,0x5999bc6c670eae67a971c227aadee646c8b11d5408d1dd57e6fb235462785f0a,23097,32121,525366,262683,0.014439,30638.88,30163.93,
310,1,0x627306090abaB3A6e1400e9345bC60c78a8BEf57,0x45dcb965e262359eef356df73b24de2a63c3a22d88fbeca93d633bff3ec1aa03,23097,32121,525366,262683,0.014439,30642.06,30173.15,
311,4,0x47242114086D2715A648d0391793730d2aB1CCa2,0xbbaf8e3b60a923237da1487e869b41d63e67e161c68d7ed7f37efb565feb13b2,23098,32121,527890,263945,0.014508,29647.09,29162.64,
311,2,0xf17f52151EbEF6C7334FAD080c5704D77216b732,0x278e5583758d3bcad14f7041d28a24352dd74e69dbb30576e7a4a455c4f7c04c,23098,32121,527890,263945,0.014508,29640.86,29161.02,
311,3,0x17D90CC0C9cB61f27A5198c8a96f9eA19341b218,0x51e6573c8cfec8b682e25f4a7207a497eb8e281b6a41fc50cfd4c606c178a873,23098,32121,527890,263945,0.014508,29655.91,29163.38,
311,1,0x627306090abaB3A6e1400e9345bC60c78a8BEf57,0xa48cee1822b8498fdef9b654e5ec9d58ad0fe90f867421a4fdd56d77744124cb,23098,32121,527890,263945,0.014508,29696.85,29173.98,
312,2,0xf17f52151EbEF6C7334FAD080c5704D77216b732,0xc435c4285f94aaefbd7d63ba29328fb2ed3b930b65aac7cd3bae8fe593cdd055,23099,32121,527890,263945,0.014508,29649.17,29167.20,
312,3,0x17D90CC0C9cB61f27A5198c8a96f9eA19341b218,0x4313a05d54f4e87e99936e63d7d765eb418d80b9374c025684ca8527cf81d44f,23099,32121,527890,263945,0.014508,29655.45,29163.88,
312,1,0x627306090abaB3A6e1400e9345bC60c78a8BEf57,0x24e9b6bab4db3de1e3d2df353ae660bc9a8c441900000469af0fa21824ff1ee3,23099,32121,527890,263945,0.014508,29700.56,29175.14,
312,4,0x47242114086D2715A648d0391793730d2aB1CCa2,0x3a4f6a95ea90b045e356b94f3a9a6648025c38bc4a5227517f7d5f084647ef54,23099,32121,527890,263945,0.014508,30651.79,30161.16,
313,1,0x627306090abaB3A6e1400e9345bC60c78a8BEf57,0xb325a31cb4ec54a01cbe261dbedfc7b082d19c5b7a5d196d3590ee9244993d07,23100,32121,530663,265331,0.014585,29700.74,29177.57,
313,4,0x47242114086D2715A648d0391793730d2aB1CCa2,0xe59e9f94dc8c826143797c2eb78fab0dc0f93dacb88b2aa7466e2f4d53035d8b,23100,32121,530663,265331,0.014585,29646.92,29163.16,
313,2,0xf17f52151EbEF6C7334FAD080c5704D77216b732,0xba7197277841014545e917c76570624afd66c58f4e7b92513c324b092b529bb9,23100,32121,530663,265331,0.014585,30646.65,30158.96,
313,3,0x17D90CC0C9cB61f27A5198c8a96f9eA19341b218,0xb7e5b298dd5e45f0ae627444d31a2b87487a5b89b198fcd0b108c2ad6fbac72c,23100,32121,530663,265331,0.014585,30660.05,30166.17,
314,4,0x47242114086D2715A648d0391793730d2aB1CCa2,0xef2be19f4e95202c57036c7cf6df0b9d7affef99fe9e511fc26c3f4ea0c8e592,23101,32121,530663,265331,0.014585,29656.87,29162.60,
314,2,0xf17f52151EbEF6C7334FAD080c5704D77216b732,0xd275661a08e057b25b78fc312af5ac3e4202fbe773990cc69830b4d6bec809ff,23101,32121,530663,265331,0.014585,29643.54,29161.56,
314,3,0x17D90CC0C9cB61f27A5198c8a96f9eA19341b218,0x1588b596972a638870eab9e66f6c13a936b9f9c41ff4f66c350697b8c5a631c7,23101,32121,530663,265331,0.014585,29665.25,29168.13,
314,1,0x627306090abaB3A6e1400e9345bC60c78a8BEf57,0x1e246f6573e7ea712195813fcd8ea0f6cb4c12525937d931bcb4875a19652861,23101,32121,530663,265331,0.014585,30694.28,30172.09,
315,3,0x17D90CC0C9cB61f27A5198c8a96f9eA19341b218,0x94006ebf2d4f38cb3f467bfc22ad9f9b2f0111d63517e255879d1978b02c8d15,23102,32121,535216,267608,0.014710,29668.29,29165.99,
315,1,0x627306090abaB3A6e1400e9345bC60c78a8BEf57,0x991162f696bb3e24aac3e5c0acaea80107731d0dc952d8dbd115867ba53c11ab,23102,32121,535216,267608,0.014710,29692.04,29173.73,
315,4,0x47242114086D2715A648d0391793730d2aB1CCa2,0xe19c114f026ea8736151a7c6d4edc8147541b9dac1932b0556b6eaa127b48e80,23102,32121,535216,267608,0.014710,30651.25,30161.20,
315,2,0xf17f52151EbEF6C7334FAD080c5704D77216b732,0xf165d88841a0234f29ba8af346b2cb8830e853c1a339e38f351986a37bbb8414,23102,32121,535216,267608,0.014710,30641.90,30160.97,
316,1,0x627306090abaB3A6e1400e9345bC60c78a8BEf57,0x6893140d690588834bc924203a1d74ce4c56ac77ed83935199cc33d24376d2bc,23103,32121,535216,267608,0.014710,29695.88,29174.63,
316,4,0x47242114086D2715A648d0391793730d2aB1CCa2,0xfc4dea862bc150c32f9f1f41675a619fe32fc7c23b67181636941e4538b1afaf,23103,32121,535216,267608,0.014710,29648.05,29160.94,
316,2,0xf17f52151EbEF6C7334FAD080c5704D77216b732,0x5fecba1f4494b241ed172bc18c5a05cdadb4107e099ec57d7370a0510fa172a2,23103,32121,535216,267608,0.014710,29641.58,29160.70,
316,3,0x17D90CC0C9cB61f27A5198c8a96f9eA19341b218,0x556815e46d45daf64709a61494adacbc99a812178d5afdaa9ae108d598d419ed,23103,32121,535216,267608,0.014710,30654.61,30163.95,
317,2,0xf17f52151EbEF6C7334FAD080c5704D77216b732,0xaaad31b3c50a03492faa9610c526e4c6b03de028d5e3ae3fe8b546c00f322412,23104,32121,535216,267608,0.014710,29642.15,29159.09,
317,3,0x17D90CC0C9cB61f27A5198c8a96f9eA19341b218,0xe6fffef8b6b5ec3a166c7ae3b08e4c9bcc89aa5789d8f4b8526f8e773959dbe9,23104,32121,535216,267608,0.014710,29657.32,29163.40,
317,1,0x627306090abaB3A6e1400e9345bC60c78a8BEf57,0xd0214f4e73baf40e9189d44568e2f4a843b19f8936efd53b80c93bb61cf3ccff,23104,32121,535216,267608,0.014710,30694.25,30173.44,
317,4,0x47242114086D2715A648d0391793730d2aB1CCa2,0xd198e6635e5d72a23ba9d585f8eb39a2e407e8b83f534ffd3d080e056bd6b657,23104,32121,535216,267608,0.014710,30654.45,30160.71,
318,3,0x17D90CC0C9cB61f27A5198c8a96f9eA19341b218,0x428191197c3629b1fc8814ecef8947a7bad9330dde306d7d04209c41efe8f95a,23105,32121,553173,276586,0.015203,29659.88,29165.12,
318,1,0x627306090abaB3A6e1400e9345bC60c78a8BEf57,0x6eed6f32802303d89c568eb2f963f6ffd6b7fe12fc8bd721f18c90db4a1801a8,23105,32121,553173,276586,0.015203,29690.79,29172.31,
318,4,0x47242114086D2715A648d0391793730d2aB1CCa2,0x6d7085d9b81c5ce3eb3e2ed3793e13ac3dba66f8778afdbc0efc00404a92b9ed,23105,32121,553173,276586,0.015203,29651.29,29162.93,
318,2,0xf17f52151EbEF6C7334FAD080c5704D77216b732,0x7ee5a515b15985e176e6b418aa2bdb19d778450e226f483d4e65abefcef8b98d,23105,32121,553173,276586,0.015203,30640.53,30161.61,
319,1,0x627306090abaB3A6e1400e9345bC60c78a8BEf57,0x3add07a975507bbf2a6a2c33410497b1170807b41e673a86f4749089f69a15be,23106,32121,553173,276586,0.015203,29706.11,29175.40,
319,4,0x47242114086D2715A648d0391793730d2aB1CCa2,0x7e47c56938f469c2b91278349765af4c765b91e9cacd7f7d64f50da32b8b29eb,23106,32121,553173,276586,0.015203,29648.28,29159.70,
319,2,0xf17f52151EbEF6C7334FAD080c5704D77216b732,0xfe2723c3ba8b349d20295141e98a8d03acd799745336f65442ee3d036af53df4,23106,32121,553173,276586,0.015203,29637.32,29159.03,
319,3,0x17D90CC0C9cB61f27A5198c8a96f9eA19341b218,0x86faeac34feaf81280998ca902ecafd3616df8792e15530a8ac832aba3b2ea02,23106,32121,553173,276586,0.015203,30659.89,30164.27,
320,2,0xf17f52151EbEF6C7334FAD080c5704D77216b732,0xcc0bf8798ee6b648b97d444779be6499800ea596520977520880ed29f72d4432,23107,32121,553173,276586,0.015203,29642.90,29160.88,
320,3,0x17D90CC0C9cB61f27A5198c8a96f9eA19341b218,0x7eb04e3d21353abfa1e5271119ba3cc82bebc2b862fb6c6d865e48c6dc3a8085,23107,32121,553173,276586,0.015203,29652.60,29163.20,
320,1,0x627306090abaB3A6e1400e9345bC60c78a8BEf57,0xbda9e925c0f59925d7903aa331f1a8ad025f1e6a4c8c5b7d5f8f5159d556e568,23107,32121,553173,276586,0.015203,30693.62,30174.09,
320,4,0x47242114086D2715A648d0391793730d2aB1CCa2,0xc4b387cfeb5bc0ffcb622dd66e58852524537f52c474106d053104a1e580a201,23107,32121,553173,276586,0.015203,30646.61,30161.91,
321,3,0x17D90CC0C9cB61f27A5198c8a96f9eA19341b218,0x20fcce9309fec6e9703fc3d4d0898d9056e609a2d599a18670a4e62b02ef81f2,23108,32121,553173,276586,0.015203,29655.98,29164.39,
321,4,0x47242114086D2715A648d0391793730d2aB1CCa2,0xf8d488d7a68e0abd84326ceb317914e72508cf74323e610483e2a37e8d6d003e,23108,32121,553173,276586,0.015203,29649.55,29161.39,
321,1,0x627306090abaB3A6e1400e9345bC60c78a8BEf57,0xee92cc857baa39f5062e9ef9301e86fde896818047e5b254fbcd61f78ec6f8f7,23108,32121,553173,276586,0.015203,29692.80,29174.72,
321,2,0xf17f52151EbEF6C7334FAD080c5704D77216b732,0x4e8ec2e1949421081c4ec943cc62b625190f2e593272f9765f49a6edd1daa827,23108,32121,553173,276586,0.015203,30645.27,30159.35,
322,4,0x47242114086D2715A648d0391793730d2aB1CCa2,0xeca53b14713203a1d64be68a9ccbc3dcec1eaa6a4e7705db528befc323e74247,23109,32121,553173,276586,0.015203,29651.35,29162.84,
322,1,0x627306090abaB3A6e1400e9345bC60c78a8BEf57,0x0e0eb04d19a4593fb8df51bc411fc7eb5e1c542780799f9b67c314174867ec3c,23109,32121,553173,276586,0.015203,29696.23,29173.22,
322,2,0xf17f52151EbEF6C7334FAD080c5704D77216b732,0xe906ff198c78992cbbe6c651b70826ac8ae2089b0e4e7caf1654850bcd4644fd,23109,32121,553173,276586,0.015203,29641.50,29158.20,
322,3,0x17D90CC0C9cB61f27A5198c8a96f9eA19341b218,0x19506118164550abb6036f45c9a809603d450c164824049a20de86068b5e0139,23109,32121,553173,276586,0.015203,30651.08,30162.29,
323,2,0xf17f52151EbEF6C7334FAD080c5704D77216b732,0x41c084fc60ae243d7a8137150b9477c0077e9f05aef678231fc00b8544627177,23110,32121,553173,276586,0.015203,29644.94,29158.81,
323,3,0x17D90CC0C9cB61f27A5198c8a96f9eA19341b218,0xe960c47a3852f606f584a5a6119f4f73fbfd7fbd4554b2e72095b35a5c09a78c,23110,32121,553173,276586,0.015203,29650.54,29162.44,
323,4,0x47242114086D2715A648d0391793730d2aB1CCa2,0x1a3b2631734d94553daea9f1bfb677ed39d819c1d376f4e9e853e7245ffa6e6a,23110,32121,553173,276586,0.015203,30643.98,30159.65,
323,1,0x627306090abaB3A6e1400e9345bC60c78a8BEf57,0x3baaccfcf73f51de778981eb8a749d93c75266a8a75fe8244050e175aa682e6e,23110,32121,553173,276586,0.015203,30690.37,30172.41,
324,4,0x47242114086D2715A648d0391793730d2aB1CCa2,0x9f1386d53f23cd81a3fb5b0ba2ce19449672e8c4516898c35278c543f1af07cd,23111,32121,553173,276586,0.015203,29655.38,29166.49,
324,1,0x627306090abaB3A6e1400e9345bC60c78a8BEf57,0xbedf50fe1c8474a32cbf5c19d8ff0500c283cba4b078cdacf11422a79579c2c5,23111,32121,553173,276586,0.015203,29695.16,29173.98,
324,2,0xf17f52151EbEF6C7334FAD080c5704D77216b732,0xde92e0b9aa870ec6d7fed5a6d8035f2a66a8699649dfd41fc028d7d0644135e2,23111,32121,553173,276586,0.015203,30638.89,30159.52,
324,3,0x17D90CC0C9cB61f27A5198c8a96f9eA19341b218,0xe9f629d6f94cf7ebb3bb9a8e34cc5aa210e9950bc7b53ca3a3138b582d0cd2de,23111,32121,553173,276586,0.015203,30652.10,30163.72,
325,4,0x47242114086D2715A648d0391793730d2aB1CCa2,0xd5f790b807db1bdb3d0b5742e2f3a9e60b74a845be2671ad81b0387d85394d66,23112,32121,553173,276586,0.015203,29645.53,29161.96,
325,2,0xf17f52151EbEF6C7334FAD080c5704D77216b732,0x8e4002fed48bf5e005d31997483d106d5dffa3ae310077c643f40be9bbec076d,23112,32121,553173,276586,0.015203,29647.51,29159.66,
325,1,0x627306090abaB3A6e1400e9345bC60c78a8BEf57,0xda0872a0046f45a78c1c9efb2d381dd2f309b594b101c74307aa6f443afdbfbb,23112,32121,553173,276586,0.015203,29689.83,29170.32,
325,3,0x17D90CC0C9cB61f27A5198c8a96f9eA19341b218,0x399b2e571ad68849d489af1dd046ca19a8542f6b80c30674fffdb374210e3c59,23112,32121,553173,276586,0.015203,29660.65,29165.22,
326,1,0x627306090abaB3A6e1400e9345bC60c78a8BEf57,0xfc010dde1771480501b519c7fcb73ffc6536ac29f7083bc3d1d3697296ccb2bb,23113,32121,559010,279505,0.015364,29694.53,29173.80,
326,3,0x17D90CC0C9cB61f27A5198c8a96f9eA19341b218,0x160ed32de92c9e463d182bf87158a87a713c395e72dd1b3d6da50edc41d2b401,23113,32121,559010,279505,0.015364,29664.09,29169.24,
326,4,0x47242114086D2715A648d0391793730d2aB1CCa2,0x16e55b8580c88247bc9f3e3cf9f4fad6bb4b3356a7d4048c72a4cda0d6dc01a4,23113,32121,559010,279505,0.015364,30645.31,30159.94,
326,2,0xf17f52151EbEF6C7334FAD080c5704D77216b732,0x92ffc5654d0198aa8a36364e8ec1d766c392b605d27993ac939039a3c3a5d140,23113,32121,559010,279505,0.015364,30643.34,30162.48,
327,4,0x47242114086D2715A648d0391793730d2aB1CCa2,0x0cbc73059449553f2fdb09e001519b3542213bb78b8e4083dda1d57b52a7f4ec,23114,32121,559010,279505,0.015364,29646.58,29164.40,
327,2,0xf17f52151EbEF6C7334FAD080c5704D77216b732,0x5f17a57a2106a541067a7187f7736e4fea1802331d467e3f0c288de4f414705e,23114,32121,559010,279505,0.015364,29643.67,29161.96,
327,1,0x627306090abaB3A6e1400e9345bC60c78a8BEf57,0xff851611481d647957f5281fa4db724726f355fec706011e2fee1223b66990a6,23114,32121,559010,279505,0.015364,30689.95,30173.48,
327,3,0x17D90CC0C9cB61f27A5198c8a96f9eA19341b218,0xc469aea527edc48a8a30e00c0f4c7584f60a97fb20f521964de661d744a25f59,23114,32121,559010,279505,0.015364,30659.93,30163.81,
328,4,0x47242114086D2715A648d0391793730d2aB1CCa2,0x33927b12596bbde558f5e38348f067595e07e51cdd9647b1b0f07116aa288655,23115,32121,559010,279505,0.015364,29649.39,29162.60,
328,2,0xf17f52151EbEF6C7334FAD080c5704D77216b732,0x7460b035b9f972fca1f956556ad8d02d0eae171c4d654e94b3e42ad585afaf89,23115,32121,559010,279505,0.015364,29646.95,29160.69,
328,1,0x627306090abaB3A6e1400e9345bC60c78a8BEf57,0xb97a76eeb7205c3c3d9aa12c7922de4b474dd77ed3f9579ceeefd2aaaa8af617,23115,32121,559010,279505,0.015364,29694.49,29171.86,
328,3,0x17D90CC0C9cB61f27A5198c8a96f9eA19341b218,0x40dbe004db4cb8be762709588d65941fd3fb9f67d1064e2d067900ef6357055d,23115,32121,559010,279505,0.015364,29660.92,29165.10,
329,1,0x627306090abaB3A6e1400e9345bC60c78a8BEf57,0x40c7b39f3b2074f810591c340b6efd721abe1b65d2b4420e9d9b1887cc233a44,23116,32121,559010,279505,0.015364,29697.05,29175.73,
329,3,0x17D90CC0C9cB61f27A5198c8a96f9eA19341b218,0x275c7e2bf300088aee1514f99133be27eaaed07a6b3f54b08a75c24672fedd37,23116,32121,559010,279505,0.015364,29655.92,29165.27,
329,4,0x47242114086D2715A648d0391793730d2aB1CCa2,0xd7f374ad9bd7ef99e5c91c05e5f96c48ff3010481b9cd92266fb7abddd4740a7,23116,32121,559010,279505,0.015364,30646.85,30160.59,
329,2,0xf17f52151EbEF6C7334FAD080c5704D77216b732,0xdaa59fcc90689d81a4cfc30fca9dfab812f2d038fd40e5a30be2c71c9228a3d7,23116,32121,559010,279505,0.015364,30643.65,30163.80,
330,4,0x47242114086D2715A648d0391793730d2aB1CCa2,0x6bc1e01d8c01396ee740a5fc9882b7f5a69ab77cce8931d06500c98994d55036,23117,32121,559010,279505,0.015364,29650.84,29164.37,
330,2,0xf17f52151EbEF6C7334FAD080c5704D77216b732,0xfd82b2d9a0a8bf4c28313ecb4ad281ee8817e14d22c680c62159036af45878ed,23117,32121,559010,279505,0.015364,29642.59,29162.05,
330,1,0x627306090abaB3A6e1400e9345bC60c78a8BEf57,0xe3536d7d6df1dff9c7d694dfe1e22115542de1ebcc51df99951932236c5d2bfa,23117,32121,559010,279505,0.015364,30699.28,30173.87,
330,3,0x17D90CC0C9cB61f27A5198c8a96f9eA19341b218,0x1f3f18a5ed43cc59ab0dfdbf982d8c3573ac44629625b0f627612981c771ee81,23117,32121,559010,279505,0.015364,30659.23,30164.31,
331,4,0x47242114086D2715A648d0391793730d2aB1CCa2,0x8a1767f291b5feaa3d4207d60a8fd3977c2717bb602c29f257b58bfe6e8dbc53,23118,32121,559010,279505,0.015364,29654.60,29164.92,
331,2,0xf17f52151EbEF6C7334FAD080c5704D77216b732,0xbf541d9486ab178d46d85295842ed3e5aff3c02a9cc928b68619071a391ad284,23118,32121,559010,279505,0.015364,29648.32,29162.52,
331,1,0x627306090abaB3A6e1400e9345bC60c78a8BEf57,0x213cac58ef0fb325f6b096591c6e004dbc51596c3f14bb4ed6ce0f2a3e10ae23,23118,32121,559010,279505,0.015364,29703.78,29172.04,
331,3,0x17D90CC0C9cB61f27A5198c8a96f9eA19341b218,0x2701aa6a75778172b237cbf932698df4ec38e5fdb61ec574031a215caf59e267,23118,32121,559010,279505,0.015364,29662.95,29162.17,
332,3,0x17D90CC0C9cB61f27A5198c8a96f9eA19341b218,0x038b3996f2b6d35539a939843d0b245360d9c4f7bf51c0edf61dbc163a8f7124,23119,32121,559836,279918,0.015386,29653.84,29165.18,
332,1,0x627306090abaB3A6e1400e9345bC60c78a8BEf57,0xb15195f8256b9ea41dbae1a81e630867a9e9445ce11b344bcd1a4df6a8d22838,23119,32121,559836,279918,0.015386,29694.76,29173.12,
332,4,0x47242114086D2715A648d0391793730d2aB1CCa2,0xb99d459317af23116ed07ba6c251f0dc59b58ad77ff44da829bef1de9316ad85,23119,32121,559836,279918,0.015386,30653.94,30163.50,
332,2,0xf17f52151EbEF6C7334FAD080c5704D77216b732,0xe91dd7fd5fce36071379f8fda471146205025cb475c6b435f51b0549e8fb73ce,23119,32121,559836,279918,0.015386,30642.14,30161.82,
333,4,0x47242114086D2715A648d0391793730d2aB1CCa2,0x2c7d4c67fdeb8524631df55b3fad23d32fc3f6c850ee472d2a1648d09fbd866e,23120,32121,566829,283414,0.015579,29650.67,29161.84,
333,2,0xf17f52151EbEF6C7334FAD080c5704D77216b732,0xab010e6aec9259f04dd11e4e8ca2382200717f7dcbb3e4c9cf7b6cb86c6ea3f2,23120,32121,566829,283414,0.015579,29646.15,29158.29,
333,3,0x17D90CC0C9cB61f27A5198c8a96f9eA19341b218,0x9aff25b7a37daa249d4277e17dd95dc0c58f0e8c35de03956d6e1db17e032dbb,23120,32121,566829,283414,0.015579,30660.20,30164.35,
333,1,0x627306090abaB3A6e1400e9345bC60c78a8BEf57,0xb33cf89386a15fe23a8ad924e5682b781814f66d162da55cf122d33636196989,23120,32121,566829,283414,0.015579,30690.13,30173.48,
334,4,0x47242114086D2715A648d0391793730d2aB1CCa2,0xda7c750ae9a6a0dc3cde3f0867d3836033b55a5172acdacbcece4d42e9b06b5a,23121,32121,566829,283414,0.015579,29646.52,29163.36,
334,2,0xf17f52151EbEF6C7334FAD080c5704D77216b732,0x1f713bae6954fc1043ab07807b424557211611f5397a8567f042c571dedc78a5,23121,32121,566829,283414,0.015579,29639.06,29160.24,
334,3,0x17D90CC0C9cB61f27A5198c8a96f9eA19341b218,0xc7cc3db6077ba0286328fa83fa9e3f13af45e761243cb3cb3418f699c1f4d611,23121,32121,566829,283414,0.015579,29655.87,29165.18,
334,1,0x627306090abaB3A6e1400e9345bC60c78a8BEf57,0xe056d20c21d944369bb219d3560e9ea9b7d5fabba6af263cfb025c9b8a74fcb1,23121,32121,566829,283414,0.015579,29690.02,29172.31,
335,3,0x17D90CC0C9cB61f27A5198c8a96f9eA19341b218,0x6d0c4956ce9c025e41425b010f651b5fa45cc376716ef8434afa82ed03677a72,23122,32121,566829,283414,0.015579,29665.46,29173.24,
335,1,0x627306090abaB3A6e1400e9345bC60c78a8BEf57,0x1c5db8ae10b647c66ef2901f5edf1864fea8357debd8f7abe1ced462c339de79,23122,32121,566829,283414,0.015579,29693.33,29175.33,
335,4,0x47242114086D2715A648d0391793730d2aB1CCa2,0x5b0d218b4f543b9a920274765c7c04b62564f46d666658787ac03963e48906e0,23122,32121,566829,283414,0.015579,30648.85,30163.34,
335,2,0xf17f52151EbEF6C7334FAD080c5704D77216b732,0x57d9a8a21fb2c56231f00c6cb3807750a5c40b156547a8e44dfdc163dd503a49,23122,32121,566829,283414,0.015579,30636.16,30160.21,
336,4,0x47242114086D2715A648d0391793730d2aB1CCa2,0x089b441a8d20ed107eb1be259c0fa7d1f8c3e5794f147ce224cda0f27c859c11,23123,32121,566829,283414,0.015579,29661.49,29161.67,
336,2,0xf17f52151EbEF6C7334FAD080c5704D77216b732,0xfaf724e43d8f77916d7fdfb7cb9784ce26d392d3328156bd89ba3657477a067b,23123,32121,566829,283414,0.015579,29636.84,29158.06,
336,3,0x17D90CC0C9cB61f27A5198c8a96f9eA19341b218,0xa7649b5b95c071d9496523c9384da259dcd15ef1626ba5996e9baeca43a2f427,23123,32121,566829,283414,0.015579,30655.38,30165.63,
336,1,0x627306090abaB3A6e1400e9345bC60c78a8BEf57,0x93007a3f37f7d3026ca3251ec84543e838326b825ceb9dfdbbb97d48b96f9722,23123,32121,566829,283414,0.015579,30690.41,30173.30,
337,2,0xf17f52151EbEF6C7334FAD080c5704D77216b732,0x040a2e0d6cf6d6cab7ae0a96088cc7531d6295bf0ed1827eaf8f75d7778e24a0,23124,32121,568361,284180,0.015621,29640.58,29159.96,
337,3,0x17D90CC0C9cB61f27A5198c8a96f9eA19341b218,0x2e6e1fe1740a6241b57cfc5bbacf6af2133a457cf8da75bcee314ef47ffbf4b0,23124,32121,568361,284180,0.015621,29657.05,29165.49,
337,1,0x627306090abaB3A6e1400e9345bC60c78a8BEf57,0xba50ea0b0d4b0532fff358c964e8c22095dc16d97a6a1c35d9affbf32e0dab56,23124,32121,568361,284180,0.015621,29691.13,29172.45,
337,4,0x47242114086D2715A648d0391793730d2aB1CCa2,0x352f71ea394468929edee93fad218fe7d08e25c0dc423addcec70fa4536c0846,23124,32121,568361,284180,0.015621,30657.21,30162.71,
338,3,0x17D90CC0C9cB61f27A5198c8a96f9eA19341b218,0x15f900725ee9d28dd935abe1f7eb62855c7182f56da8bf4329e003a621f91ed8,23125,32121,573120,286560,0.015752,29656.60,29164.90,
338,1,0x627306090abaB3A6e1400e9345bC60c78a8BEf57,0xe148c8f3853e2217f778bd12713828be69fef4ceca8adf24d28f1a1e08b46ace,23125,32121,573120,286560,0.015752,29691.78,29172.61,
338,4,0x47242114086D2715A648d0391793730d2aB1CCa2,0x918932a874dd6b93e255fde07d7f3dbdb6a7e427c94d0b24244687ff05c05269,23125,32121,573120,286560,0.015752,29648.88,29163.86,
338,2,0xf17f52151EbEF6C7334FAD080c5704D77216b732,0xceddea836db0f7e85073b5fd7b833fa73a1abd462c32f83ce7a9ba84e0e2a1e2,23125,32121,573120,286560,0.015752,30644.69,30161.32,
339,1,0x627306090abaB3A6e1400e9345bC60c78a8BEf57,0x79ee728723171f2c76a0d84fe3a69c30af0a533c107874c1892e5d6e5209dd6a,23126,32121,573120,286560,0.015752,29706.11,29171.65,
339,4,0x47242114086D2715A648d0391793730d2aB1CCa2,0x4026a2a4ad33a387bd785aa83b183e65064fb1a2ed9d85a0758cf41e45da2860,23126,32121,573120,286560,0.015752,29652.96,29159.93,
339,2,0xf17f52151EbEF6C7334FAD080c5704D77216b732,0xddfe0d80f30d21916bec555af819f2376f762207ee4fd3731386814742a688df,23126,32121,573120,286560,0.015752,29642.21,29159.31,
339,3,0x17D90CC0C9cB61f27A5198c8a96f9eA19341b218,0x3dcc5bea41f212b013be465220237e534e6eb949b38a251b37ebee6e76758d37,23126,32121,573120,286560,0.015752,30659.83,30167.43,
340,3,0x17D90CC0C9cB61f27A5198c8a96f9eA19341b218,0x839dc929ba57de7b7963a4a0ebcfbe1803aa0475818d2f5de17ce4cbc1eb7cd5,23127,32121,573120,286560,0.015752,29669.54,29164.52,
340,1,0x627306090abaB3A6e1400e9345bC60c78a8BEf57,0xd79d91ededc1a44a2f14c538aebe6b4096e4ea67623a0a0987482b1e4ae360a0,23127,32121,573120,286560,0.015752,30689.17,30172.18,
340,4,0x47242114086D2715A648d0391793730d2aB1CCa2,0x7ea4dcc273d1cc5f35a31c0dda7f6a3c8e4d89fff73beb4d6067c6a276f13911,23127,32121,573120,286560,0.015752,30651.62,30162.12,
340,2,0xf17f52151EbEF6C7334FAD080c5704D77216b732,0x4984ce93c2a88bf02e64637e2f6a659289500cd9700f5fb4c9a20c68820c7d76,23127,32121,573120,286560,0.015752,30655.76,30161.42,
341,3,0x17D90CC0C9cB61f27A5198c8a96f9eA19341b218,0xbd1244bbf2378a929fc997e39cbcd0c5ba3626a739916fa5c01b46a88e08ffdb,23128,32121,583135,291567,0.016027,29646.34,29151.81,
341,1,0x627306090abaB3A6e1400e9345bC60c78a8BEf57,0x41caefa0faa35957321b647dfc7f24976c3363cb5935287c71e263d5937de53f,23128,32121,583135,291567,0.016027,29674.56,29154.85,
341,4,0x47242114086D2715A648d0391793730d2aB1CCa2,0x1aef02c277663e41d3673a126bfdcf97e2d9f3f0148f8e8299030971c7808659,23128,32121,583135,291567,0.016027,29640.43,29152.10,
341,2,0xf17f52151EbEF6C7334FAD080c5704D77216b732,0x416560cdbcd306517b540299a9c63cf907192a9960ebaadc58e769e241f1d14d,23128,32121,583135,291567,0.016027,29645.10,29155.66,
342,1,0x627306090abaB3A6e1400e9345bC60c78a8BEf57,0xdb607c08124e68f7af6b555cec433a6a9345ce7692873f80f0681bb88674d82d,23129,32121,583135,291567,0.016027,29619.66,29155.71,
342,4,0x47242114086D2715A648d0391793730d2aB1CCa2,0x9c6f4330845286568920faf6058ed05b77c19c0c04288c74a294f2be685eae06,23129,32121,583135,291567,0.016027,29606.34,29150.30,
342,2,0xf17f52151EbEF6C7334FAD080c5704D77216b732,0xb78793966e5907c584a24e07fceb4e763609749014bcaed799f02b8e12a61dec,23129,32121,583135,291567,0.016027,29614.94,29152.86,
342,3,0x17D90CC0C9cB61f27A5198c8a96f9eA19341b218,0x590d5afdbefa53117f5e2e7fe19e0a3742fa5ef0ec65fb006682d0cc2e2c40ce,23129,32121,583135,291567,0.016027,30614.75,30153.39,
343,3,0x17D90CC0C9cB61f27A5198c8a96f9eA19341b218,0xf2fd668de918f84a768c818b705c28aa5dbc17d9f9e53ef92903b2e9b12b9c69,23130,32121,583135,291567,0.016027,29616.40,29155.86,
343,1,0x627306090abaB3A6e1400e9345bC60c78a8BEf57,0xf8289151b5d75d6aeb3ad40a7cd4c6f2050b01472771e48d2440388505d5943d,23130,32121,583135,291567,0.016027,30618.08,30155.59,
343,4,0x47242114086D2715A648d0391793730d2aB1CCa2,0x03041880102f8cd348f61e7e4d84d5a8a897c55df7c6bad1b3c431715c037f05,23130,32121,583135,291567,0.016027,30606.15,30150.93,
343,2,0xf17f52151EbEF6C7334FAD080c5704D77216b732,0x1f34e8a14721c956351fbb7d9318c7addd31e923397e6ecada12f992610cbe03,23130,32121,583135,291567,0.016027,30615.39,30153.83,
344,3,0x17D90CC0C9cB61f27A5198c8a96f9eA19341b218,0xcc6866a2d644274815567558d2e7428fbe154dc5ce3d6dab52749ee4a86ccd9d,23131,32121,583135,291567,0.016027,29612.02,29156.58,
344,1,0x627306090abaB3A6e1400e9345bC60c78a8BEf57,0x5e0a1ad093556e2e6608064e033afca36ee181bf1f766e31e6bd64598003b265,23131,32121,583135,291567,0.016027,29621.33,29157.61,
344,4,0x47242114086D2715A648d0391793730d2aB1CCa2,0xf29373cf74729601436d598e617a8a9c3b55f6c42beb564da8ef26bd92d96528,23131,32121,583135,291567,0.016027,29608.04,29151.14,
344,2,0xf17f52151EbEF6C7334FAD080c5704D77216b732,0xf24f4a9fa94760e183e36a4c526744850f2876963e4ee41fed811fa1bf142e45,23131,32121,583135,291567,0.016027,29612.68,29153.21,
345,4,0x47242114086D2715A648d0391793730d2aB1CCa2,0x32ceb8b0b753e94a5a43f1dd5ade47082e0d54a271447bd0c1eb93280f7377f6,23132,32121,583135,291567,0.016027,29608.45,29151.54,
345,2,0xf17f52151EbEF6C7334FAD080c5704D77216b732,0x0ff344bb62eae3f96d9b325d73f2402b908e1cfe20e3c7ef72a42df89590b3e6,23132,32121,583135,291567,0.016027,29608.07,29152.08,
345,3,0x17D90CC0C9cB61f27A5198c8a96f9eA19341b218,0xb4945aa6acd9f36a1dfc4322ebe7d9660d49cbfdcd6e235d91dc5c79238e06cb,23132,32121,583135,291567,0.016027,30617.79,30154.94,
345,1,0x627306090abaB3A6e1400e9345bC60c78a8BEf57,0x706fe88d1dd996215c48d7177de9f8191dd99dd073e34d34eca9b4d8a21881e3,23132,32121,583135,291567,0.016027,30619.73,30154.19,
346,3,0x17D90CC0C9cB61f27A5198c8a96f9eA19341b218,0x1b0c1dd615fa8d0f35f80080c29b2e35a837a328a47d4a7d9253a57bd4aa0eb2,23133,32121,583135,291567,0.016027,29612.40,29153.17,
346,1,0x627306090abaB3A6e1400e9345bC60c78a8BEf57,0xda2719a143e3ff291c04a80f0d324a4595ebaff3d4fe901e56e1c4b5e1bcbdc5,23133,32121,583135,291567,0.016027,29623.41,29155.62,
346,4,0x47242114086D2715A648d0391793730d2aB1CCa2,0x0018139f5cb1fc6bbc22021f5cc36792f3b855f0d8953158a331cf8196a5fb48,23133,32121,583135,291567,0.016027,30604.28,30153.68,
346,2,0xf17f52151EbEF6C7334FAD080c5704D77216b732,0xfc868e313c91bb6042c5c906a645a6a428f7b885ba638fbbba90a50ff77d1f80,23133,32121,583135,291567,0.016027,30612.77,30154.14,
347,1,0x627306090abaB3A6e1400e9345bC60c78a8BEf57,0x170db9648c08c97516551133d6975a6ac1bc3af4c96be3a718fc2d1c889a12a5,23134,32121,592282,296141,0.016278,29630.10,29153.95,
347,4,0x47242114086D2715A648d0391793730d2aB1CCa2,0x2f7f3c0c20ef9ad1a9a661659d2cbc71095506471d4f996983b687057d2f162b,23134,32121,592282,296141,0.016278,29617.74,29159.91,
347,2,0xf17f52151EbEF6C7334FAD080c5704D77216b732,0x9e1d641fb63404dc6175b6e95c3d483b3e90cdb4aefce2a6ebbbdea38e41a464,23134,32121,592282,296141,0.016278,29615.45,29153.40,
347,3,0x17D90CC0C9cB61f27A5198c8a96f9eA19341b218,0xf719b4bd6ba23a8ffb6c7867f4f66fa8d9762bf64d6459789306c27f53367277,23134,32121,592282,296141,0.016278,30613.20,30151.49,
348,3,0x17D90CC0C9cB61f27A5198c8a96f9eA19341b218,0xdd5d496acbf7be7fb0e2f8d1da77bb06d06fa4ab7f5a22e3fe20496dbcf5e37d,23135,32121,592282,296141,0.016278,29617.04,29154.55,
348,1,0x627306090abaB3A6e1400e9345bC60c78a8BEf57,0x0e07a5b9e8af000966094dd956ad2b1399848965c81773f61c0767d20546e767,23135,32121,592282,296141,0.016278,30622.98,30156.04,
348,4,0x47242114086D2715A648d0391793730d2aB1CCa2,0xf62657fecf1785eae981588b9982363317e5f4ae08272caf0b8e7b06d9e352b0,23135,32121,592282,296141,0.016278,30605.59,30151.23,
348,2,0xf17f52151EbEF6C7334FAD080c5704D77216b732,0x9455805535cb00b8d087b98a21e922ca6e1bfc8d3e219be1e6ded2c21889ff95,23135,32121,592282,296141,0.016278,30616.21,30152.64,
349,3,0x17D90CC0C9cB61f27A5198c8a96f9eA19341b218,0xfe8466e208a1ac542900434ed05f86b0ef080cdd014a2db09e782849e5d5c357,23136,32121,592282,296141,0.016278,29615.90,29155.56,
349,1,0x627306090abaB3A6e1400e9345bC60c78a8BEf57,0x580e6e045c0c90504f28a9e5042f8e557648814fd7ba60c3476fdd24dcb64ef9,23136,32121,592282,296141,0.016278,29619.49,29154.65,
349,4,0x47242114086D2715A648d0391793730d2aB1CCa2,0x319e6ecc4d475011d8586fb075a0d36904c31d8fca2b7f20bfe225ae3b215821,23136,32121,592282,296141,0.016278,29611.82,29152.43,
349,2,0xf17f52151EbEF6C7334FAD080c5704D77216b732,0xde969b6d6758208bc89f2fd98bc4766e3cf4c833d016fcb464a6ef9c97d0500e,23136,32121,592282,296141,0.016278,29614.70,29153.74,
350,1,0x627306090abaB3A6e1400e9345bC60c78a8BEf57,0xdced56189f9620eb2e073b9d26334aa987930d17bfc744c61481bba4df9dd05d,23137,32121,592282,296141,0.016278,29621.51,29154.11,
350,4,0x47242114086D2715A648d0391793730d2aB1CCa2,0xb9fb8c0ecee8af057f796e1c9ce3db6b83e9f179595d1bcaf3ac542646db7f7f,23137,32121,592282,296141,0.016278,29606.56,29148.61,
350,2,0xf17f52151EbEF6C7334FAD080c5704D77216b732,0xb7615e7258a9feec24dd85e4fc0425855c6627fb2fd7805e3b8155e99831f31b,23137,32121,592282,296141,0.016278,29614.08,29152.25,
350,3,0x17D90CC0C9cB61f27A5198c8a96f9eA19341b218,0xfe8511a3a0aacd30fee6e888d044772433e6f333da5fa5f4964bac51aa620e96,23137,32121,592282,296141,0.016278,30617.08,30154.23,
351,3,0x17D90CC0C9cB61f27A5198c8a96f9eA19341b218,0x1799dbcaf6cf859be6152cdb4b637108356f5a3f721cc883af931ad15b98b768,23138,32121,592282,296141,0.016278,29617.04,29153.68,
351,1,0x627306090abaB3A6e1400e9345bC60c78a8BEf57,0x09d92aad159b6e9beaefd376b4d9c8a89b53b193660360713ad836831106a917,23138,32121,592282,296141,0.016278,30618.86,30153.87,
351,4,0x47242114086D2715A648d0391793730d2aB1CCa2,0xdca39a6eba8513c424b3d9a33b6a2e8a17190308d451f72cc40b865cad8079d4,23138,32121,592282,296141,0.016278,30604.13,30148.84,
351,2,0xf17f52151EbEF6C7334FAD080c5704D77216b732,0xbaf5bafee7633d71005e0d87ac88af4af523c59bd41c92bb51b2294fda296aa3,23138,32121,592282,296141,0.016278,30614.40,30153.40,
352,4,0x47242114086D2715A648d0391793730d2aB1CCa2,0xce6115cb5f745c80fbd0ee16c45a8c02c3ae53e192851ff99ca927ffb3dad45e,23139,32121,592282,296141,0.016278,29615.75,29151.59,
352,1,0x627306090abaB3A6e1400e9345bC60c78a8BEf57,0x44327c25a28f23d5dcc9a6028310a67ef911c67e91695292887fd543d0ccbdc9,23139,32121,592282,296141,0.016278,29622.83,29154.41,
352,2,0xf17f52151EbEF6C7334FAD080c5704D77216b732,0xd06df87cd19b3d2f42f1e8e7b4c5977638ae48ce024305f6189f30bd477b9f87,23139,32121,592282,296141,0.016278,29615.14,29152.81,
352,3,0x17D90CC0C9cB61f27A5198c8a96f9eA19341b218,0x779deb67bafb0c487885666edac0a40191416a3c3376b0ccf16d041d1b718441,23139,32121,592282,296141,0.016278,30608.50,30154.64,
353,2,0xf17f52151EbEF6C7334FAD080c5704D77216b732,0xff069c797ec1c836007b863048556308fc1aa31d94770998114bf35d78c4e87a,23140,32121,592282,296141,0.016278,29616.89,29154.54,
353,3,0x17D90CC0C9cB61f27A5198c8a96f9eA19341b218,0x6e076b5bb74e2aa7dcdf83a1a6db37de57856d7f232156c3079c3f31c12b6455,23140,32121,592282,296141,0.016278,29617.87,29153.20,
353,4,0x47242114086D2715A648d0391793730d2aB1CCa2,0x78e126897a9df48beb560f19199a63a2d56947995d0d6935b019fa42bc5f7376,23140,32121,592282,296141,0.016278,30606.30,30150.49,
353,1,0x627306090abaB3A6e1400e9345bC60c78a8BEf57,0x41c2e6f2d1bae0595f30681bcc05a8e5d548bda3e8bf201c302877de771d1eae,23140,32121,592282,296141,0.016278,30616.50,30155.63,
354,3,0x17D90CC0C9cB61f27A5198c8a96f9eA19341b218,0x64114050a6f24a5d52d883017ee687985911ab6189936ad61832d7747e58239f,23141,32121,592529,296264,0.016285,29613.86,29153.11,
354,4,0x47242114086D2715A648d0391793730d2aB1CCa2,0xebcd671dcbb585648c3e4849f188742997e34b59f33ced58e9c524cb9ebcac57,23141,32121,592529,296264,0.016285,29603.20,29151.08,
354,1,0x627306090abaB3A6e1400e9345bC60c78a8BEf57,0xb3f3e564ba68910d1c55c2ae3a994c105b12d9195c0a3d4459b527a1baa10c1a,23141,32121,592529,296264,0.016285,29615.78,29154.10,
354,2,0xf17f52151EbEF6C7334FAD080c5704D77216b732,0x76485062580eb8bd63e5ce6bf73625826e4f7561bd095b11d9414c6f3e03c522,23141,32121,592529,296264,0.016285,30620.36,30155.90,
355,4,0x47242114086D2715A648d0391793730d2aB1CCa2,0xc754dd8aa405daf67e1d458438fe1d27c4b873bcf7c48b51ecf81d2ac262331c,23142,32121,604735,302367,0.016620,29605.26,29150.52,
355,1,0x627306090abaB3A6e1400e9345bC60c78a8BEf57,0xd54d3109280e1e45fb9963f9b337dea402717661026a2fc0f3d6c44a55a01185,23142,32121,604735,302367,0.016620,29624.31,29159.46,
355,2,0xf17f52151EbEF6C7334FAD080c5704D77216b732,0xd3b3ca5c870eb7c9ffbb85534ff738e74cf075c6acfcb05c2ab64539c7717313,23142,32121,604735,302367,0.016620,29612.14,29153.24,
355,3,0x17D90CC0C9cB61f27A5198c8a96f9eA19341b218,0xc9f34cc6e2b4925fd59b2cbf116a067e36f026c54ea1cf5cbe643ef3c760c38b,23142,32121,604735,302367,0.016620,30613.56,30152.59,
356,3,0x17D90CC0C9cB61f27A5198c8a96f9eA19341b218,0xa7889496a0974c0477a0448333b17cc04f610de68dfa5e2fb79bf2c90a39d638,23143,32121,604735,302367,0.016620,29613.53,29152.08,
356,4,0x47242114086D2715A648d0391793730d2aB1CCa2,0x7be5baf411590d7720732684c77f10f757028040d22995a7b435236e4ac37e55,23143,32121,604735,302367,0.016620,30601.45,30151.29,
356,1,0x627306090abaB3A6e1400e9345bC60c78a8BEf57,0x5d33d27912103e26c9acabcf2063e8dc006b1cabee6b2eb3f061841f52900028,23143,32121,604735,302367,0.016620,30619.39,30156.41,
356,2,0xf17f52151EbEF6C7334FAD080c5704D77216b732,0xb0f4ab2b181cc8c90e65ff69083cad6abea48d1aa78004322ffa1b7f28cfe8da,23143,32121,604735,302367,0.016620,30616.69,30153.79,
357,3,0x17D90CC0C9cB61f27A5198c8a96f9eA19341b218,0x59160010630aa282e1daac50c933afa5a7891bf9414cd5afe246353adccd69ac,23144,32121,604735,302367,0.016620,29627.21,29164.91,
357,4,0x47242114086D2715A648d0391793730d2aB1CCa2,0x60ab514e4769e268f8ad010c75aa313eed5b5ff053be2eeae7d532aced09410d,23144,32121,604735,302367,0.016620,29610.93,29153.54,
357,1,0x627306090abaB3A6e1400e9345bC60c78a8BEf57,0xe6c3b9496bd4c98ebc485904c22806bfeb1d761e636f753f76415cd3a4300c77,23144,32121,604735,302367,0.016620,29618.69,29154.32,
357,2,0xf17f52151EbEF6C7334FAD080c5704D77216b732,0xc358bd91347535ff0fbfd9247bb0310a18f5eea8368991a166d6e81a8ea02f60,23144,32121,604735,302367,0.016620,29615.78,29152.09,
358,1,0x627306090abaB3A6e1400e9345bC60c78a8BEf57,0x85fee9e756e5c5b4ef658b484cefe092ba39bcdd4a17cef44e53116ede5830e3,23145,32121,604735,302367,0.016620,29618.57,29155.38,
358,2,0xf17f52151EbEF6C7334FAD080c5704D77216b732,0xb833510b2999f9ae734a2b35528ba3f5f400d4ed82739f43769d7243fc00172a,23145,32121,604735,302367,0.016620,29612.33,29153.50,
358,3,0x17D90CC0C9cB61f27A5198c8a96f9eA19341b218,0x5edc2a30755b6818b8d0b6f88c0c5a29a49359c91a0531a7fcf345e232fa2298,23145,32121,604735,302367,0.016620,30613.05,30154.58,
358,4,0x47242114086D2715A648d0391793730d2aB1CCa2,0x02dfea544dc3af8d4f5d5a973cf7cda467c7669fdb9585b228f178bdbf5e8b12,23145,32121,604735,302367,0.016620,30606.14,30152.78,
359,3,0x17D90CC0C9cB61f27A5198c8a96f9eA19341b218,0xf9aa86830e7fa8f6e6fb68b5679ddf39007800bcecbb572219afd20fa48d50bc,23146,32121,604735,302367,0.016620,29625.09,29161.03,
359,4,0x47242114086D2715A648d0391793730d2aB1CCa2,0x5daedab9f27d5159ac87dc424297b6c292c54cd680448d652bf6d2cdfb937c08,23146,32121,604735,302367,0.016620,29627.76,29158.09,
359,1,0x627306090abaB3A6e1400e9345bC60c78a8BEf57,0x13e71b810f56d88aa504f8a8db7a577de935aa14429e7c254d1c0f7659280f45,23146,32121,604735,302367,0.016620,30635.18,30161.39,
359,2,0xf17f52151EbEF6C7334FAD080c5704D77216b732,0xb81f4c062e56ab3245aff63b4ebbcf4aac563475494b3a9f124a57ca5f17ac26,23146,32121,604735,302367,0.016620,30621.51,30156.27,
360,4,0x47242114086D2715A648d0391793730d2aB1CCa2,0x814e51c96aa7be702f443dda6e5bd83772987588da1cdcccad15b31881e6b334,23147,32121,604735,302367,0.016620,29617.31,29152.99,
360,1,0x627306090abaB3A6e1400e9345bC60c78a8BEf57,0xb3e89451b228ec176bffd502a26988d945a1448557d40fb682091056fe4a7277,23147,32121,604735,302367,0.016620,29623.29,29156.64,
360,2,0xf17f52151EbEF6C7334FAD080c5704D77216b732,0xffc0884b060e56069a9e77c432efc7337fe7b5c504b4968336be7e91aebccb01,23147,32121,604735,302367,0.016620,29619.21,29158.40,
360,3,0x17D90CC0C9cB61f27A5198c8a96f9eA19341b218,0x6bfd9170f80136ba9ab309bcf1d9d9036c032174e6d142ba33b552bf3281450d,23147,32121,604735,302367,0.016620,30631.36,30159.65,
361,3,0x17D90CC0C9cB61f27A5198c8a96f9eA19341b218,0x3ca83e20daf5ca18e57d76c13edcb0724219b948d25e12a01d5eec0a23e06626,23148,32121,604735,302367,0.016620,29628.89,29160.24,
361,4,0x47242114086D2715A648d0391793730d2aB1CCa2,0xcb712f352b06a41b8281a43829f0d2fbc79e2139d5c8f4938999bb77d37792f8,23148,32121,604735,302367,0.016620,30633.56,30153.72,
361,1,0x627306090abaB3A6e1400e9345bC60c78a8BEf57,0xaa54820a141048d26084f82702e11d9d78be8f022c9e22b4b47e96c6b4f09df7,23148,32121,604735,302367,0.016620,30643.05,30170.47,
361,2,0xf17f52151EbEF6C7334FAD080c5704D77216b732,0xaa4c5b6b17dcb93bd02ed0b7091e2b7ce0e18f75ae29e7a1d52b8edcc77af58c,23148,32121,604735,302367,0.016620,30630.24,30153.28,
362,3,0x17D90CC0C9cB61f27A5198c8a96f9eA19341b218,0x590e02259901ea90f10666a672926591216f76aa47eb01a9b27365c8ce66e530,23149,32121,621369,310684,0.017078,29641.44,29167.19,
362,4,0x47242114086D2715A648d0391793730d2aB1CCa2,0xa902d4b0670ae1523670b8f6d20a2ecdb719dff0d5004438c55ea9b8d243d8ca,23149,32121,621369,310684,0.017078,29637.19,29178.70,
362,1,0x627306090abaB3A6e1400e9345bC60c78a8BEf57,0x1d9f25bac4f7a867ce9f3e64c916bc67d11548a6d6548bf5506fedde0b8cb51d,23149,32121,621369,310684,0.017078,29629.07,29159.01,
362,2,0xf17f52151EbEF6C7334FAD080c5704D77216b732,0x8979590e6bf417f33e6037d57127200191c064fa27f30f758ab8007611b4f135,23149,32121,621369,310684,0.017078,29622.79,29165.38,
363,4,0x47242114086D2715A648d0391793730d2aB1CCa2,0x54ff61b0f8b4ecee6ec29df37f43fd86dfe301bbb3770f37216f7dc78280ae02,23150,32121,621369,310684,0.017078,29612.47,29155.71,
363,1,0x627306090abaB3A6e1400e9345bC60c78a8BEf57,0x59b0de48a13fc3e02f87521da11bfd3c22f072ab1607beeecfaf33d79c34e1ac,23150,32121,621369,310684,0.017078,29632.55,29156.65,
363,2,0xf17f52151EbEF6C7334FAD080c5704D77216b732,0x1f81116fcaf75e77a52c810823eda453130eb60bd32c093c79014d185102379d,23150,32121,621369,310684,0.017078,29639.84,29175.84,
363,3,0x17D90CC0C9cB61f27A5198c8a96f9eA19341b218,0xf547d4a4593f9eb862220c816bccced6e9224f60bc423d0cbca922af2241f814,23150,32121,621369,310684,0.017078,30635.26,30154.90,
364,3,0x17D90CC0C9cB61f27A5198c8a96f9eA19341b218,0xbcfba699a54b68982b15c2cd6e79fe66cfe950cb377f7eba7c1426a9dbe666c6,23151,32121,621369,310684,0.017078,29616.29,29154.52,
364,4,0x47242114086D2715A648d0391793730d2aB1CCa2,0xc5b71d677eb3adc019e23d3b05e5c5b7958e5a887ca5ea175f88348f0d62cd75,23151,32121,621369,310684,0.017078,30629.05,30155.00,
364,1,0x627306090abaB3A6e1400e9345bC60c78a8BEf57,0x3e47d7317ca281e152934280011df9ec16b346f16da8e9cdf443ce0c26471211,23151,32121,621369,310684,0.017078,30637.10,30155.74,
364,2,0xf17f52151EbEF6C7334FAD080c5704D77216b732,0x4468ba956b55148c0181c2e644adae85e3fdf7deec69a22a965c976e52fce736,23151,32121,621369,310684,0.017078,30614.03,30153.41,
365,3,0x17D90CC0C9cB61f27A5198c8a96f9eA19341b218,0x3b3ce811cacc5d28432a3cd2f827e6a9585f35ecfae636086b596d9b3487a224,23152,32121,621369,310684,0.017078,29620.50,29155.41,
365,4,0x47242114086D2715A648d0391793730d2aB1CCa2,0xf80fef208094204c89675df31ce3658af6bdc0244ed1d2fa92f52e8630a539ef,23152,32121,621369,310684,0.017078,29606.98,29153.06,
365,1,0x627306090abaB3A6e1400e9345bC60c78a8BEf57,0xaabd012f5b4d3f61ee3b4017323346c3d374af67319c36e6a71ba2c8bd342774,23152,32121,621369,310684,0.017078,29618.23,29155.50,
365,2,0xf17f52151EbEF6C7334FAD080c5704D77216b732,0x21c1f6b6e829c4915c1fc6b45e7b0413a7e0625514464a73d14165bc725e9a87,23152,32121,621369,310684,0.017078,29617.32,29155.17,
366,1,0x627306090abaB3A6e1400e9345bC60c78a8BEf57,0xaf3597d4b0a611f7e12cff3329df9a0d3f192c66cfb69e3efe3db603f80fc9b3,23153,32121,621369,310684,0.017078,29618.62,29154.24,
366,2,0xf17f52151EbEF6C7334FAD080c5704D77216b732,0x6d6276927487daf49671fba5d05e230efe1ab1a4b5e03cb20f635eb0ec5873d1,23153,32121,621369,310684,0.017078,29609.96,29153.36,
366,3,0x17D90CC0C9cB61f27A5198c8a96f9eA19341b218,0xeefc5dd79124e49b8958cc2b805715293085a2f0c8fb6725590965affb51017a,23153,32121,621369,310684,0.017078,30615.12,30152.68,
366,4,0x47242114086D2715A648d0391793730d2aB1CCa2,0xdd07dadd916f92355a013c2b6f224f02617ec8974363b9b839253e91eeb801b2,23153,32121,621369,310684,0.017078,30603.65,30151.18,
367,3,0x17D90CC0C9cB61f27A5198c8a96f9eA19341b218,0x11ce0e798d1c259a2f0408b4e7ab626f638512ce8e69da9bf5a96dc1295da184,23154,32121,621369,310684,0.017078,29612.82,29153.19,
367,4,0x47242114086D2715A648d0391793730d2aB1CCa2,0x13c73afceb1c1cee7c50c3084b3c3595080eedbff013dc55dd618bf32820d60e,23154,32121,621369,310684,0.017078,29607.50,29151.88,
367,1,0x627306090abaB3A6e1400e9345bC60c78a8BEf57,0xf7613a06a268fca560093afd8938c1cdde694d39d006e0dd9114d098e10ca603,23154,32121,621369,310684,0.017078,30631.61,30157.14,
367,2,0xf17f52151EbEF6C7334FAD080c5704D77216b732,0xe00a379e022442c4e28a6830230877d639a01b568459bdf0060e103b0dc33bfc,23154,32121,621369,310684,0.017078,30618.05,30154.12,
368,4,0x47242114086D2715A648d0391793730d2aB1CCa2,0xbc74feeaf843af3d1290d6cbc687c8cb0292c4d70070dcb3c8890a1c2e59a9a5,23155,32121,621369,310684,0.017078,29604.04,29150.93,
368,1,0x627306090abaB3A6e1400e9345bC60c78a8BEf57,0x8f6d22f8c3dc7136d4075c2040b8c8b2d5d83cec30e10749e25ef6105c236609,23155,32121,621369,310684,0.017078,29620.62,29155.28,
368,2,0xf17f52151EbEF6C7334FAD080c5704D77216b732,0x7ae9ab2b3bf6b9b85577bd9ae3ae4cdb6fdad8328d850098d6024a2a5e3d6a3f,23155,32121,621369,310684,0.017078,29630.44,29153.19,
368,3,0x17D90CC0C9cB61f27A5198c8a96f9eA19341b218,0x8257ef87b78028894b72cd6b4b32357c061fa78ed64d1654335bfb3df91c4229,23155,32121,621369,310684,0.017078,30614.97,30152.40,
369,3,0x17D90CC0C9cB61f27A5198c8a96f9eA19341b218,0xc9a2e51567ee9fc1432164e49f8044ad6d561e00d9cb255a91186dea41f490cd,23156,32121,621369,310684,0.017078,29611.22,29151.70,
369,4,0x47242114086D2715A648d0391793730d2aB1CCa2,0xdfe59b98330b46769350b19731e74cb0a70ebdfaab5c306c9350258a79937778,23156,32121,621369,310684,0.017078,30603.53,30150.77,
369,1,0x627306090abaB3A6e1400e9345bC60c78a8BEf57,0x016a9737c032ca2c11fea4755122040f3db54d55cb9aacdeb99b3be3e3fcfbd4,23156,32121,621369,310684,0.017078,30619.24,30153.61,
369,2,0xf17f52151EbEF6C7334FAD080c5704D77216b732,0xd2f6b0132c47ef594c9e5ffdc715d9eae9dbc41b6693554ba9e5e33b74d66d49,23156,32121,621369,310684,0.017078,30611.39,30152.61,
370,3,0x17D90CC0C9cB61f27A5198c8a96f9eA19341b218,0x8228ff96b693f313223fafffdda15e1ee9aea5f152e33620af693aa955c64705,23157,32121,621369,310684,0.017078,29605.81,29149.53,
370,4,0x47242114086D2715A648d0391793730d2aB1CCa2,0x0e6f935bc7f6f05f537d951b93ffc8c9c876559d5b0a5d6f9cfe2defe6ba7d26,23157,32121,621369,310684,0.017078,29601.75,29150.09,
370,1,0x627306090abaB3A6e1400e9345bC60c78a8BEf57,0xf81f3366ddc21620d0cc565b51b8edbbc9998313afcd921a746e014a51961f99,23157,32121,621369,310684,0.017078,29624.14,29159.93,
370,2,0xf17f52151EbEF6C7334FAD080c5704D77216b732,0xef49c0278f24fb41f9cae81d4755100224a371bac116b20a092e2650871e0f35,23157,32121,621369,310684,0.017078,29613.21,29155.24,
371,2,0xf17f52151EbEF6C7334FAD080c5704D77216b732,0x91499f99724c64806d23d2b485bc019cea1469f114ae3bcce3f0b310fcbe45e5,23158,32121,623603,311801,0.017139,29611.07,29152.86,
371,1,0x627306090abaB3A6e1400e9345bC60c78a8BEf57,0xe76a4ce660d435e20185285ba71d604b99335aac2ede9f6f73c559ae23088674,23158,32121,623603,311801,0.017139,29613.38,29152.65,
371,3,0x17D90CC0C9cB61f27A5198c8a96f9eA19341b218,0x9fd08d46868675fe29709b5fd8bf4a15e1f47a7772d2f99ba8befc8de32897fa,23158,32121,623603,311801,0.017139,30603.80,30151.63,
371,4,0x47242114086D2715A648d0391793730d2aB1CCa2,0xca2b7cae1f9b7d197043255000f3ffdb3061ea54ebfcd34cbd4dd772cdd28c12,23158,32121,623603,311801,0.017139,30605.32,30151.84,
372,3,0x17D90CC0C9cB61f27A5198c8a96f9eA19341b218,0x3821af3e0b29f374af707a9a3ce4fa462f439f58e1acae23e90c77a3ce60b413,23159,32121,623603,311801,0.017139,29602.98,29150.47,
372,4,0x47242114086D2715A648d0391793730d2aB1CCa2,0xf9a15c472d93ffb2fdad0fc60c1f28d13777877b8a812cc4288a735e41c71db9,23159,32121,623603,311801,0.017139,29614.50,29161.21,
372,1,0x627306090abaB3A6e1400e9345bC60c78a8BEf57,0x208b032fe4c00f14bc765b4d368d165b60cafa5a2aefd2e3bb309ea3e4173c70,23159,32121,623603,311801,0.017139,30609.28,30146.03,
372,2,0xf17f52151EbEF6C7334FAD080c5704D77216b732,0xd196f712f2dadc1c312729d518ea869a3d4121981c1fed2f98b3d697fd6a9013,23159,32121,623603,311801,0.017139,30624.79,30161.89,
373,4,0x47242114086D2715A648d0391793730d2aB1CCa2,0x8266509e36e2793346151f77ffe95eded7f5321a1d66765433313e06743ae601,23160,32121,626335,313167,0.017214,29614.26,29152.23,
373,1,0x627306090abaB3A6e1400e9345bC60c78a8BEf57,0x2e34e8f377664db5486536945dd5c64fd994af57b8a99986f460432e5942d28e,23160,32121,626335,313167,0.017214,29616.44,29150.64,
373,2,0xf17f52151EbEF6C7334FAD080c5704D77216b732,0x7620e46fd47ebb027a2fc77f2df74597c78b8c54c41ea7e1457719d145ea7991,23160,32121,626335,313167,0.017214,29643.77,29160.67,
373,3,0x17D90CC0C9cB61f27A5198c8a96f9eA19341b218,0xe7ac3ad09cbe5255f820f0ff172451bc54d783e601846f206a1427e7ddecf7a6,23160,32121,626335,313167,0.017214,30608.84,30154.78,
374,2,0xf17f52151EbEF6C7334FAD080c5704D77216b732,0x78bde2ab8782827b2b07690eff563c20be76091ed8f9ce587699fe5335506e49,23161,32121,626335,313167,0.017214,29644.62,29160.44,
374,3,0x17D90CC0C9cB61f27A5198c8a96f9eA19341b218,0x43c0ff31a1d96be241d62dc53c26ecf0f1b8ba5ae1de99ee08f3e927fecc7513,23161,32121,626335,313167,0.017214,29611.73,29150.16,
374,4,0x47242114086D2715A648d0391793730d2aB1CCa2,0x9cda8f85bd9f5c8f80c6c1bffc01b3676a94115824644702cde9ec5a560c6bd6,23161,32121,626335,313167,0.017214,30609.42,30151.93,
374,1,0x627306090abaB3A6e1400e9345bC60c78a8BEf57,0x0b2838a243496a89689f12a550a4c5d61d5f0465f6a60c5c9a5a349c53d34ae7,23161,32121,626335,313167,0.017214,30593.74,30146.68,
375,3,0x17D90CC0C9cB61f27A5198c8a96f9eA19341b218,0x520e289972111328d710dc5c403625a5a72ec152073b152c4830494b84c7e8c6,23162,32121,631838,315919,0.017365,29601.55,29150.89,
375,4,0x47242114086D2715A648d0391793730d2aB1CCa2,0x00fdd831439b137676cfcaaccc838705ee5c80cfa58a01316480db302d21d4b1,23162,32121,631838,315919,0.017365,29604.70,29152.13,
375,1,0x627306090abaB3A6e1400e9345bC60c78a8BEf57,0xe4c92746c094a7be5ecd8a5b98e6b6503392f78711bdafbb73286065a3cfd033,23162,32121,631838,315919,0.017365,29600.29,29151.88,
375,2,0xf17f52151EbEF6C7334FAD080c5704D77216b732,0x0ed980719516b1a66667fd74c7a612510aa86613e54458583f0bb6668b36b583,23162,32121,631838,315919,0.017365,30641.51,30160.27,
376,1,0x627306090abaB3A6e1400e9345bC60c78a8BEf57,0xa801629163795641403aba63908c78efd272bb09cfb4f0c967aa9fdc5b03d313,23163,32121,631838,315919,0.017365,29592.66,29149.41,
376,2,0xf17f52151EbEF6C7334FAD080c5704D77216b732,0x32c870cdc6503b1a2f17b01c35678b56bc4dad3023f5553a65d1a29535cbdbbf,23163,32121,631838,315919,0.017365,29636.35,29160.12,
376,3,0x17D90CC0C9cB61f27A5198c8a96f9eA19341b218,0xf6bd466a065c6b12899f246d7b4a675f9a641d9bb0be9894db9d5ae20b117096,23163,32121,631838,315919,0.017365,30611.96,30155.60,
376,4,0x47242114086D2715A648d0391793730d2aB1CCa2,0xfd19261732c98268e952e575db218be933354db6a0f3203a501e6bc48b25b6e9,23163,32121,631838,315919,0.017365,30607.49,30152.75,
377,3,0x17D90CC0C9cB61f27A5198c8a96f9eA19341b218,0x264b2a7f9ef84d6f1bef2e05e981a33637b79224b695c4af701936d55cfaa25d,23164,32121,631838,315919,0.017365,29607.36,29154.77,
377,4,0x47242114086D2715A648d0391793730d2aB1CCa2,0x159287316080877f17489c875cc151bb133560f867fa3c94d13d11112640bbb1,23164,32121,631838,315919,0.017365,29616.65,29156.43,
377,1,0x627306090abaB3A6e1400e9345bC60c78a8BEf57,0xf12a46a8be8ac5e15b3d01f047f9de1ce4d5e40e0420eb417b455726720298ec,23164,32121,631838,315919,0.017365,30592.90,30148.60,
377,2,0xf17f52151EbEF6C7334FAD080c5704D77216b732,0x5e88bf28628890b8569e4a8f815df7f7304fe41609eaf11c93694239765b3f21,23164,32121,631838,315919,0.017365,30651.40,30163.74,
378,4,0x47242114086D2715A648d0391793730d2aB1CCa2,0x218271ce3e86e558805d5e2d6dba5e8e3758f2d0e02224b7ca57d343dd3f305b,23165,32121,631838,315919,0.017365,29610.72,29152.52,
378,1,0x627306090abaB3A6e1400e9345bC60c78a8BEf57,0x7d16de0e33348528bd1622cab83abc32438eb64e3bc13ec0705197e45f4c5611,23165,32121,631838,315919,0.017365,29598.69,29149.42,
378,2,0xf17f52151EbEF6C7334FAD080c5704D77216b732,0x4cc5addf10499d3acd7c242767b6836d0c593ac7123245b285dbe46d48cf7235,23165,32121,631838,315919,0.017365,29653.86,29159.79,
378,3,0x17D90CC0C9cB61f27A5198c8a96f9eA19341b218,0x428c5b03001f1e9d513348b95d6d97fb2e46aad2475ebd5b9a1cfa5c946dd627,23165,32121,631838,315919,0.017365,30602.56,30152.02,
379,2,0xf17f52151EbEF6C7334FAD080c5704D77216b732,0x52cb30f515ebc54cf238d9e908cef44bdf813d8a62037538149f567fe3ff96f1,23166,32121,643133,321566,0.017676,29645.02,29162.02,
379,3,0x17D90CC0C9cB61f27A5198c8a96f9eA19341b218,0xc036c7f10003af9a0074626fcfd40b431864da0225b4829d2e86dd0ad140b8d5,23166,32121,643133,321566,0.017676,29611.64,29152.36,
379,4,0x47242114086D2715A648d0391793730d2aB1CCa2,0x1ea4a5fe82ed0320294d43365883b874e1c0069d8bd7d97d33238baf0e47b7b1,23166,32121,643133,321566,0.017676,30609.36,30153.39,
379,1,0x627306090abaB3A6e1400e9345bC60c78a8BEf57,0x3a5fb0ef03beb7675dbdb105e98d9f07226700b83e8bae95bb1457b1b2dfa9e2,23166,32121,643133,321566,0.017676,30595.95,30148.37,
380,3,0x17D90CC0C9cB61f27A5198c8a96f9eA19341b218,0xc76e197c706cc515c7eb7eb23a693d172941a26f79bc39a535ecb763ef1f03ba,23167,32121,643133,321566,0.017676,29608.03,29153.85,
380,4,0x47242114086D2715A648d0391793730d2aB1CCa2,0x41b952ea59937410982a40a07a17a3aa5e3b9bc5d8088da41795f739f41c42cd,23167,32121,643133,321566,0.017676,29605.91,29151.54,
380,1,0x627306090abaB3A6e1400e9345bC60c78a8BEf57,0xdd60ac1e0305707adc385cbdcfce8405f1fd539967f35234465c6eb48173da64,23167,32121,643133,321566,0.017676,29614.73,29162.25,
380,2,0xf17f52151EbEF6C7334FAD080c5704D77216b732,0xd12f20d55d8bedd215a06fc98df1bcd9f61a4dba332edbbd7cf7b1d267129bd3,23167,32121,643133,321566,0.017676,30648.74,30162.28,
381,4,0x47242114086D2715A648d0391793730d2aB1CCa2,0xe4254da5f32764585f2087cc02ef73db4145df9ddbe2e41d305882b9b665ad4d,23168,32121,643133,321566,0.017676,29624.13,29152.47,
381,1,0x627306090abaB3A6e1400e9345bC60c78a8BEf57,0x0fc2561192c7f6ea2ca5260c389678092181c4a932212a7ff3d92d543e601eb1,23168,32121,643133,321566,0.017676,29602.13,29151.12,
381,2,0xf17f52151EbEF6C7334FAD080c5704D77216b732,0xfdec8efaef833ccd0661361f9deb65285fd1a771887b7b62dcc441a561003a18,23168,32121,643133,321566,0.017676,29647.63,29161.10,
381,3,0x17D90CC0C9cB61f27A5198c8a96f9eA19341b218,0x389807219d63d4429f1e9d8b872e91773e929df8ace8d920b021dfeedcea6730,23168,32121,643133,321566,0.017676,30610.55,30155.41,
382,2,0xf17f52151EbEF6C7334FAD080c5704D77216b732,0x635bb32b76392745fb5f6fefe743e526efcc02281ee749e89c3cf3a0e093888e,23169,32121,643133,321566,0.017676,29644.93,29162.01,
382,3,0x17D90CC0C9cB61f27A5198c8a96f9eA19341b218,0x1b339524640966c4ce6a7328226b29619db650f1de45590a7cb525f700637dd6,23169,32121,643133,321566,0.017676,29612.38,29148.99,
382,4,0x47242114086D2715A648d0391793730d2aB1CCa2,0xb01065df60a1b6f1faad365741c5f48c2974e06cf40d90649ce94ef6947401af,23169,32121,643133,321566,0.017676,30612.26,30152.24,
382,1,0x627306090abaB3A6e1400e9345bC60c78a8BEf57,0xbf4d6be4d9f39d0d8409990036f2acede3ec926d6ae2b5b9b39ddcd6930bc5b2,23169,32121,643133,321566,0.017676,30598.85,30150.27,
383,4,0x47242114086D2715A648d0391793730d2aB1CCa2,0x148a484dccd3bf5594effcb775858e56c280706a7df03e547b4f4e661f6e2495,23170,32121,643133,321566,0.017676,29607.38,29151.34,
383,1,0x627306090abaB3A6e1400e9345bC60c78a8BEf57,0xcfba6546d751fecbdedc6c209dedaadb797157150826d1d4c0ee14277158d665,23170,32121,643133,321566,0.017676,29594.17,29148.38,
383,2,0xf17f52151EbEF6C7334FAD080c5704D77216b732,0x98266cb8c024627a9bc540db1c1914750679bb002e3f26df9e7f19057aaf14ff,23170,32121,643133,321566,0.017676,30642.48,30160.68,
383,3,0x17D90CC0C9cB61f27A5198c8a96f9eA19341b218,0x71f77addec27c525b95b8ffb88e02e86f4acd2643e0a18cfc097e8d8cd186547,23170,32121,643133,321566,0.017676,30600.73,30153.47,
384,2,0xf17f52151EbEF6C7334FAD080c5704D77216b732,0x7f1d858c0e15dd53ea3ad534438e37b201b6088ba508ce9f06d59be5f5b5132d,23171,32121,643133,321566,0.017676,29645.17,29160.91,
384,3,0x17D90CC0C9cB61f27A5198c8a96f9eA19341b218,0x1e55f457fd75de679b1807c83fcde3c97ed4c10b1ac5134feddab31688022abc,23171,32121,643133,321566,0.017676,29605.40,29150.26,
384,4,0x47242114086D2715A648d0391793730d2aB1CCa2,0xdd32a77e1009966ba606624622b9a5944bad99a48bf3e97cc6d06923d492f8b3,23171,32121,643133,321566,0.017676,30617.01,30155.17,
384,1,0x627306090abaB3A6e1400e9345bC60c78a8BEf57,0xe1d709347225ba2b3cbbdb913de788da366f3701ebe8b7ccc3bf9cb3f427339a,23171,32121,643133,321566,0.017676,30602.88,30149.42,
385,2,0xf17f52151EbEF6C7334FAD080c5704D77216b732,0x9e0cc29771a50ec3fa1e6fc422f406a44c83d2eeccb3512f411cb1d51ec32cd3,23172,32121,646776,323388,0.017776,29653.03,29161.29,
385,3,0x17D90CC0C9cB61f27A5198c8a96f9eA19341b218,0x056296dab384e6c2ccf3b2d626a1f9eb2f8a520965d619130218b34e6c4345d1,23172,32121,646776,323388,0.017776,29609.16,29152.21,
385,4,0x47242114086D2715A648d0391793730d2aB1CCa2,0xbbdeecd62084bd51d0a15fe663e8198565328cb92b0284659578ced299c05ec7,23172,32121,646776,323388,0.017776,29606.82,29152.21,
385,1,0x627306090abaB3A6e1400e9345bC60c78a8BEf57,0xd2afaf531665cca3b58f965d3b85615958abf45793404fab0936d0b31b0e8527,23172,32121,646776,323388,0.017776,29597.38,29150.90,
386,4,0x47242114086D2715A648d0391793730d2aB1CCa2,0xa529013c3098230d64208acf7925a5a3efd062a4c6f86328f23a8f6b22222f7b,23173,32121,662046,331023,0.018196,29607.81,29150.56,
386,1,0x627306090abaB3A6e1400e9345bC60c78a8BEf57,0x5a85c4c79abf26cb1a0ed160a6c3ae47ef385d211e4264f4dd8b1f0f0473262f,23173,32121,662046,331023,0.018196,29600.57,29147.48,
386,3,0x17D90CC0C9cB61f27A5198c8a96f9eA19341b218,0x68b784641d3baae0dbaa248dcf53af22272154e669194ab7b12c5381c8b4a425,23173,32121,662046,331023,0.018196,30607.34,30153.63,
386,2,0xf17f52151EbEF6C7334FAD080c5704D77216b732,0x69c0cee8e795bf8c3400f9271abcf7f1b192668ae3a66970fd60a815bf73c4ee,23173,32121,662046,331023,0.018196,30644.73,30159.45,
387,3,0x17D90CC0C9cB61f27A5198c8a96f9eA19341b218,0x5bf554b55d1b4dd8282bc79f0733432725b81a85ad597979dc6082614dac134e,23174,32121,662046,331023,0.018196,29605.17,29150.74,
387,2,0xf17f52151EbEF6C7334FAD080c5704D77216b732,0xf8b0b3ae028e854a1f423011b8b665fab1b268ef16e1230d67f8b0575f4cd9d8,23174,32121,662046,331023,0.018196,29652.37,29161.30,
387,4,0x47242114086D2715A648d0391793730d2aB1CCa2,0xd4b2708e4cadd1bf140e9680da7e1474bd8e62a1dfebac811917dc1129800176,23174,32121,662046,331023,0.018196,30609.66,30152.61,
387,1,0x627306090abaB3A6e1400e9345bC60c78a8BEf57,0x345df7053f6410d0bdc9965ed656295476664623ac0e102b2b114c22696b4cbf,23174,32121,662046,331023,0.018196,30598.70,30150.15,
388,2,0xf17f52151EbEF6C7334FAD080c5704D77216b732,0xc0c88614e73fe1637db2026e682d4196cdc56cc159ae4309c3ed1a9884d36f57,23175,32121,662046,331023,0.018196,29645.85,29159.81,
388,4,0x47242114086D2715A648d0391793730d2aB1CCa2,0xdd853e874dcca99222a634d56cf72d5a79a33e817b6a4792fc4cc2a5153c9700,23175,32121,662046,331023,0.018196,29606.29,29151.66,
388,1,0x627306090abaB3A6e1400e9345bC60c78a8BEf57,0xa36c0ac7097e961dad09adc0f688d814152163facfbf56dd06df9b66b4a4b076,23175,32121,662046,331023,0.018196,29598.57,29150.25,
388,3,0x17D90CC0C9cB61f27A5198c8a96f9eA19341b218,0x13db0b660b75712563b6cc262264ca25b38b2559919fcb2276e0bbfc4251d671,23175,32121,662046,331023,0.018196,30605.96,30151.59,
389,3,0x17D90CC0C9cB61f27A5198c8a96f9eA19341b218,0x4a376cf9f59e3250e30b3bb49d44d9267ccb2a19e2a8a7b0412c9936679acd76,23176,32121,662046,331023,0.018196,29603.53,29150.78,
389,2,0xf17f52151EbEF6C7334FAD080c5704D77216b732,0x5fbfa391dadf97b9ca97e6115f48ae64d3f6556291d23b0bb5255a99ee9083b2,23176,32121,662046,331023,0.018196,30643.18,30160.50,
389,4,0x47242114086D2715A648d0391793730d2aB1CCa2,0x1e7e8cd6b99d71753d4e113a1b74e660451243d2ce542b1725cadb3a14864671,23176,32121,662046,331023,0.018196,30606.60,30150.34,
389,1,0x627306090abaB3A6e1400e9345bC60c78a8BEf57,0xd811e875aa697f5fe8df7815cc15af8db8fb258fadf59f1d04fb5e79df80f20f,23176,32121,662046,331023,0.018196,30594.74,30146.58,
390,3,0x17D90CC0C9cB61f27A5198c8a96f9eA19341b218,0x856fea9901d45454270907c32668a3603d09f5b426193e986c627123bb786e10,23177,32121,662046,331023,0.018196,29602.87,29152.18,
390,2,0xf17f52151EbEF6C7334FAD080c5704D77216b732,0x2fb413f4fadaa7c7a7d8e50b558788b76253ce8f7293c56f512ea9501a6a6ade,23177,32121,662046,331023,0.018196,29666.52,29181.73,
390,4,0x47242114086D2715A648d0391793730d2aB1CCa2,0xd817070791d0ffa829feee4f1d2ee8d5bdcd2dfa46aa683a3d294a994668ee5e,23177,32121,662046,331023,0.018196,29606.87,29154.46,
390,1,0x627306090abaB3A6e1400e9345bC60c78a8BEf57,0x212551f89fa40b6aa25537588d92fa4e9210f5c234b1848e6a84be4b5d74b94f,23177,32121,662046,331023,0.018196,29638.16,29168.80,
391,2,0xf17f52151EbEF6C7334FAD080c5704D77216b732,0x96038ab7836bb27b3f2290fde151f1ee45c4e83ed25d02ea77786fe3868c92f9,23178,32121,662046,331023,0.018196,29669.28,29163.29,
391,4,0x47242114086D2715A648d0391793730d2aB1CCa2,0x062cef1a603f13be627e9d283bf08bef74cc119a8d84ddd5d428c01a27c97811,23178,32121,662046,331023,0.018196,29613.08,29154.00,
391,1,0x627306090abaB3A6e1400e9345bC60c78a8BEf57,0xf6f070afd084b1ba91536ec77d5c77fa46ffb733715c2e49f2e5ac0e041528c7,23178,32121,662046,331023,0.018196,29600.56,29153.25,
391,3,0x17D90CC0C9cB61f27A5198c8a96f9eA19341b218,0x53b0825767de91bebafb41ecdd039c7b8d7965ec0dbd605c98f30829229ad817,23178,32121,662046,331023,0.018196,30615.15,30149.94,
392,3,0x17D90CC0C9cB61f27A5198c8a96f9eA19341b218,0x8462b5ee93a868f392bbf097f4b4e4c22c9ce9bed4ebde760195886279a80420,23179,32121,662046,331023,0.018196,29637.52,29158.30,
392,4,0x47242114086D2715A648d0391793730d2aB1CCa2,0x33e92cb0c958391daaa87a4493668ab30703343e5ac65ca48dd67a8568dc1ec6,23179,32121,662046,331023,0.018196,30612.21,30153.32,
392,2,0xf17f52151EbEF6C7334FAD080c5704D77216b732,0x690e221ba64fad6dec7190dcf5d52319be0512d2913ba0cb26863cf66ccad112,23179,32121,662046,331023,0.018196,30650.96,30163.76,
392,1,0x627306090abaB3A6e1400e9345bC60c78a8BEf57,0x72aab52bb542dbb0d891c57528c7a4707162e690b1ce093d99a90b898a2aca4b,23179,32121,662046,331023,0.018196,30600.59,30151.90,
393,3,0x17D90CC0C9cB61f27A5198c8a96f9eA19341b218,0xb954f16e7de15013b4db229f67015fe8d068747c1950ea6bd06b040819ec0ecb,23180,32121,662046,331023,0.018196,29630.13,29149.64,
393,4,0x47242114086D2715A648d0391793730d2aB1CCa2,0xd42a987d1df37c6df7a1a00f93275f764b4b7ae76095474baedd29fd2500d169,23180,32121,662046,331023,0.018196,29613.65,29155.73,
393,2,0xf17f52151EbEF6C7334FAD080c5704D77216b732,0x5c6ae4358a9bd023e63242d7a3bcc6a703163bf60a2529dc314fb9c1e5e168f3,23180,32121,662046,331023,0.018196,29643.90,29159.75,
393,1,0x627306090abaB3A6e1400e9345bC60c78a8BEf57,0xc8e37f40a17f9d291472b227a569a0143baa7d9617492d17c16fe24259347e8a,23180,32121,662046,331023,0.018196,29599.04,29147.38,
394,1,0x627306090abaB3A6e1400e9345bC60c78a8BEf57,0xb43aa9a8d701ed31e680fd27bf67bec842f403f6347d2618ba6239fbefc11c92,23181,32121,662046,331023,0.018196,29599.19,29154.33,
394,2,0xf17f52151EbEF6C7334FAD080c5704D77216b732,0xd319dab6fc4d6c2b0aafaa11115799d77460c4e262446bf16dbbf5828f6ebbe1,23181,32121,662046,331023,0.018196,29651.28,29166.78,
394,3,0x17D90CC0C9cB61f27A5198c8a96f9eA19341b218,0x91666b239a9991a9c92c80b68be7f6a5705f9b3558fa6ec4505280437c7ac365,23181,32121,662046,331023,0.018196,30601.90,30152.25,
394,4,0x47242114086D2715A648d0391793730d2aB1CCa2,0x8330f6c56574ee30eb4fa10da60e12eb8329f0e207f28ab389d60958a1fba7ad,23181,32121,662046,331023,0.018196,30603.47,30150.88,
395,3,0x17D90CC0C9cB61f27A5198c8a96f9eA19341b218,0x9351b820015fe99f7922e142849493014aa1d33895035d81d95303c4993164fb,23182,32121,662046,331023,0.018196,29614.21,29151.93,
395,4,0x47242114086D2715A648d0391793730d2aB1CCa2,0x239e7b9fe639c3b6ae249933d82b99026adbb5195e10b9c615d48110a3853bda,23182,32121,662046,331023,0.018196,29624.50,29153.96,
395,1,0x627306090abaB3A6e1400e9345bC60c78a8BEf57,0x606a9972ec8f997dad24e6ddd2efea19ba7797697c882143bb35a185c4157aa7,23182,32121,662046,331023,0.018196,30599.34,30150.24,
395,2,0xf17f52151EbEF6C7334FAD080c5704D77216b732,0x6b72412a2dae458435411789c941349f50a8bfd474fb8fa1d9eb683f2b2a8a17,23182,32121,662046,331023,0.018196,30647.81,30161.74,
396,4,0x47242114086D2715A648d0391793730d2aB1CCa2,0xd85e05eb9edb6970949fad7447fe93e5612ffdd89c41c015f06d7fbbebca5363,23183,32121,662046,331023,0.018196,29622.66,29166.36,
396,1,0x627306090abaB3A6e1400e9345bC60c78a8BEf57,0xeb6accf0cc48993e916e445cfe06c6a7766ee5d01b6af6930621fff3f44b3d0d,23183,32121,662046,331023,0.018196,29605.30,29157.62,
396,2,0xf17f52151EbEF6C7334FAD080c5704D77216b732,0xf507b25cedb3ff7b4f9afe719be2844bc412cfe26f06bbaba171a9547304f877,23183,32121,662046,331023,0.018196,29648.28,29163.09,
396,3,0x17D90CC0C9cB61f27A5198c8a96f9eA19341b218,0x3b350849e915bd1b3efd5fe60f024954044f34463c7cefb008f60bb12b89ded8,23183,32121,662046,331023,0.018196,30605.98,30152.11,
397,3,0x17D90CC0C9cB61f27A5198c8a96f9eA19341b218,0x17275fb8001427c3d7500aeab2169adb0dd28b08ea67c9766feb366829e0ab9b,23184,32121,680212,340106,0.018695,29607.24,29154.60,
397,1,0x627306090abaB3A6e1400e9345bC60c78a8BEf57,0x2023f5d3ab97d6e5097ab40c439a088c525d921ba2aa0a8611fc1d8cf8074604,23184,32121,680212,340106,0.018695,30600.79,30148.16,
397,4,0x47242114086D2715A648d0391793730d2aB1CCa2,0xceb003f2605c70edd50e5e4b1c050a06691c73f527c29a5441971d28c112b317,23184,32121,680212,340106,0.018695,30612.52,30150.09,
397,2,0xf17f52151EbEF6C7334FAD080c5704D77216b732,0x2d72d4b533f6dc976c7087507672895f4b150124268bb40f87adc59f9c97ba5d,23184,32121,680212,340106,0.018695,30644.09,30160.85,
398,3,0x17D90CC0C9cB61f27A5198c8a96f9eA19341b218,0x24ebeae35a48fc8e965b6359afb23c0e2d683a53cd6f8bb6a006a3fba9ff354a,23185,32121,680212,340106,0.018695,29623.71,29170.77,
398,1,0x627306090abaB3A6e1400e9345bC60c78a8BEf57,0xa9943c119cdf4a558ed0e71cda658495460744e553c98a6a160a300c5b3329ee,23185,32121,680212,340106,0.018695,29604.31,29154.51,
398,4,0x47242114086D2715A648d0391793730d2aB1CCa2,0x1a6481ac42790366fe86198676fbce2cc7f299f28dcd16ee371e23ae7b243c70,23185,32121,680212,340106,0.018695,29612.35,29159.81,
398,2,0xf17f52151EbEF6C7334FAD080c5704D77216b732,0xe8f7832644b978bb70ec78ce223de11d95c636aa44d93a68b7ab17dbe18137f8,23185,32121,680212,340106,0.018695,29649.21,29161.83,
399,1,0x627306090abaB3A6e1400e9345bC60c78a8BEf57,0x526955819c6868156101c5b6af4a3a9a317f79f5ead197546b565c86930756b1,23186,32121,680212,340106,0.018695,29600.22,29148.55,
399,4,0x47242114086D2715A648d0391793730d2aB1CCa2,0x54b9d8e6876234d180b6e7e91041da7f9ea73b546399c231c95e0407911f4e6e,23186,32121,680212,340106,0.018695,29608.81,29151.88,
399,2,0xf17f52151EbEF6C7334FAD080c5704D77216b732,0xd6a9dd35e343c5e9fef6ca63a7a385c4175841650222921c5b0fca0f8a686ef8,23186,32121,680212,340106,0.018695,29650.59,29163.36,
399,3,0x17D90CC0C9cB61f27A5198c8a96f9eA19341b218,0x287b0ed4a2b5d92179398122b0a934c13db96c56af6e5682187b54b1f30caf48,23186,32121,680212,340106,0.018695,30614.12,30150.03,
400,3,0x17D90CC0C9cB61f27A5198c8a96f9eA19341b218,0x072b638f45317b90bea5b5139f47e985b6c19469926946bda7ce481c74f7495b,23187,32121,680212,340106,0.018695,29603.04,29151.14,
400,1,0x627306090abaB3A6e1400e9345bC60c78a8BEf57,0x351988e2be7cbfd6d73c93b5923ccfaf8bdac26db9c192654c44990d55f37887,23187,32121,680212,340106,0.018695,30598.03,30150.85,
400,4,0x47242114086D2715A648d0391793730d2aB1CCa2,0x61767df102defd887d30b19a755071b666a8fe7c7031261f5764bc3385be7252,23187,32121,680212,340106,0.018695,30609.92,30151.72,
400,2,0xf17f52151EbEF6C7334FAD080c5704D77216b732,0x9b1f7e07271924ddbec6fe0faeac89d55a8948bf53d2b03b4726ccda86477426,23187,32121,680212,340106,0.018695,30641.27,30159.03,
401,1,0x627306090abaB3A6e1400e9345bC60c78a8BEf57,0x858d2422956031523773c6af3bde83c912670fafc84bf698038aad8ae2f080fe,23188,32121,680212,340106,0.018695,29592.80,29147.85,
401,4,0x47242114086D2715A648d0391793730d2aB1CCa2,0x2f68d4e8e104d2c11170db5e873b89b17e324ffd0b0b733474feab0962c953a2,23188,32121,680212,340106,0.018695,29604.87,29151.05,
401,2,0xf17f52151EbEF6C7334FAD080c5704D77216b732,0x74800ab1f5f89dc094297be8157e80702d85e5d95108ef566964a37658c6b08f,23188,32121,680212,340106,0.018695,29640.75,29159.13,
401,3,0x17D90CC0C9cB61f27A5198c8a96f9eA19341b218,0xbbc9016e8d457c17292471190a5efc87fe2c169dfdf923a764e8c3fc0240d39b,23188,32121,680212,340106,0.018695,30602.86,30152.52,
402,2,0xf17f52151EbEF6C7334FAD080c5704D77216b732,0x79e0cddfbf084f39c1486508e4dc78f0d47620ce86211ab1176eb965b9c0a563,23189,32121,680212,340106,0.018695,29653.88,29162.63,
402,3,0x17D90CC0C9cB61f27A5198c8a96f9eA19341b218,0x7b2360e8119adf87bc5ed727802133f9b89cfb8abb3b1ec3010db8c81f3ff008,23189,32121,680212,340106,0.018695,29604.54,29150.86,
402,1,0x627306090abaB3A6e1400e9345bC60c78a8BEf57,0x23f2c6d827e9b711a75ce12d38ce28469210354c76ab15f8b6963fbe08474c32,23189,32121,680212,340106,0.018695,30592.66,30148.77,
402,4,0x47242114086D2715A648d0391793730d2aB1CCa2,0x560e735b18f168f6db1ffd7b9c5910e46545e7b77984b95c474baadc1546169a,23189,32121,680212,340106,0.018695,30608.97,30153.48,
403,4,0x47242114086D2715A648d0391793730d2aB1CCa2,0x9b6a8f55d7ab48f9b32ba159cfafdefd7cd3a8904315520c0b09fadf2051533d,23190,32121,680212,340106,0.018695,29612.03,29157.44,
403,3,0x17D90CC0C9cB61f27A5198c8a96f9eA19341b218,0x2a90ffa021104a3483ddbdc2798ed7baf5ab4dc90110dddde21023cb39b4dcbd,23190,32121,680212,340106,0.018695,29925.61,29153.15,
403,1,0x627306090abaB3A6e1400e9345bC60c78a8BEf57,0x32c8b2655d4da3d22373f976232900362e53974955eab8dfbf54a1239d929276,23190,32121,680212,340106,0.018695,29954.77,29159.58,
403,2,0xf17f52151EbEF6C7334FAD080c5704D77216b732,0xe84a0a339e8a9ac9b07a38e810843c912d4298df711d9cfc13eaf1684875e244,23190,32121,680212,340106,0.018695,30642.82,30160.21,
404,4,0x47242114086D2715A648d0391793730d2aB1CCa2,0x329fdbe1c4a044b6bb19bfe5825bfbcea1f3c43da1a7f7cde8fcb4ebac2ab19f,23191,32121,680212,340106,0.018695,29635.30,29158.34,
404,3,0x17D90CC0C9cB61f27A5198c8a96f9eA19341b218,0x009a49695f257556a497a23c346f49b5788f8553e7526cf554aa57e9824a2f1a,23191,32121,680212,340106,0.018695,29613.91,29153.45,
404,1,0x627306090abaB3A6e1400e9345bC60c78a8BEf57,0x637a91ec32d13a04d66756eea5399a8ed89d7bdab41e6b5eff2b2f1046e8cb37,23191,32121,680212,340106,0.018695,29647.22,29167.74,
404,2,0xf17f52151EbEF6C7334FAD080c5704D77216b732,0xd808e31aaae1c24a0c959dc50841ac2967be1fd633dea0427081290b04d1823b,23191,32121,680212,340106,0.018695,29658.81,29162.05,
405,1,0x627306090abaB3A6e1400e9345bC60c78a8BEf57,0x1c10f64df289ba10416fa63a2b37601f99cf7e74cff27afbd089290349fa9938,23192,32121,692669,346334,0.019037,29645.53,29162.80,
405,2,0xf17f52151EbEF6C7334FAD080c5704D77216b732,0x73296a9dd610e6b602176df5d3d7c66f36dbb9f8e8fc00b81606c5f1a486bd1c,23192,32121,692669,346334,0.019037,29649.53,29162.09,
405,3,0x17D90CC0C9cB61f27A5198c8a96f9eA19341b218,0xc944e78cde35236962dee7c10c72d5128b86c0a66c8900fae7b393ee8835baf2,23192,32121,692669,346334,0.019037,30618.82,30153.09,
405,4,0x47242114086D2715A648d0391793730d2aB1CCa2,0xb215dca844632df1c25018e785f47cb25548ee5e3f02ebde53a8e866c8a6b1a6,23192,32121,692669,346334,0.019037,30634.74,30158.25,
406,3,0x17D90CC0C9cB61f27A5198c8a96f9eA19341b218,0x32107f9814e4084c84976b6c17dc17bc5c09f887917a95f85a5b0ea57e52321b,23193,32121,692669,346334,0.019037,29619.73,29156.14,
406,4,0x47242114086D2715A648d0391793730d2aB1CCa2,0x43d2c1cf83f25c901e2a4c83ce65d23603b8942406e18e847d85656bcdcae727,23193,32121,692669,346334,0.019037,29638.87,29160.05,
406,1,0x627306090abaB3A6e1400e9345bC60c78a8BEf57,0x85e3638d4d27880bca3356173d7156e4967d353196030e5b2c686b6044dad543,23193,32121,692669,346334,0.019037,30643.65,30160.70,
406,2,0xf17f52151EbEF6C7334FAD080c5704D77216b732,0x3ae415d2121b1b2fc1a9e2903f7022c92875405dae54c47097a4e9a002517dba,23193,32121,692669,346334,0.019037,30646.50,30161.86,
407,4,0x47242114086D2715A648d0391793730d2aB1CCa2,0xd98e0ef6d030252c76e2accf1bd2ff9588fff563667f246bfee13c324b35dd00,23194,32121,692669,346334,0.019037,29638.18,29159.60,
407,1,0x627306090abaB3A6e1400e9345bC60c78a8BEf57,0x31d2252f33316a4f59565cc05fc0963ca311bc74c42b38a6b65668487cc5a2a6,23194,32121,692669,346334,0.019037,29649.89,29162.21,
407,2,0xf17f52151EbEF6C7334FAD080c5704D77216b732,0x1dc0ac84fa6150fc843facbb8f51026593d7a2b49a848705e373f56ad316383f,23194,32121,692669,346334,0.019037,29650.57,29164.23,
407,3,0x17D90CC0C9cB61f27A5198c8a96f9eA19341b218,0x44fc7040dca4c46d29e9f9ce27148aabc2295316c40e61934eecc6a54c8ea234,23194,32121,692669,346334,0.019037,30617.99,30154.84,
408,2,0xf17f52151EbEF6C7334FAD080c5704D77216b732,0x8f68b6a3e75aacd9bbb5dde978d2c8e139a2d2fb744115541397cde4749c265c,23195,32121,692669,346334,0.019037,29660.29,29163.16,
408,3,0x17D90CC0C9cB61f27A5198c8a96f9eA19341b218,0x105fc1a474915ef1d2735a7177bc32ce6e1fa72d53d00d935e42f0ebae748f9d,23195,32121,692669,346334,0.019037,29620.53,29154.52,
408,4,0x47242114086D2715A648d0391793730d2aB1CCa2,0x44861e8e5fa58c4a0414bd469c9128541c727adb5e61812c7f362fc5a0bb2786,23195,32121,692669,346334,0.019037,30643.57,30162.73,
408,1,0x627306090abaB3A6e1400e9345bC60c78a8BEf57,0xa01d8a0cabc486a1d999f5f9f39554ea45395974e45048ab96edb52415edaf17,23195,32121,692669,346334,0.019037,30644.30,30161.74,
409,3,0x17D90CC0C9cB61f27A5198c8a96f9eA19341b218,0xbe0c2670f488879ae4eb4480b819856725126224a21b59d6dda8eb3273f6930c,23196,32121,692669,346334,0.019037,29626.33,29163.05,
409,4,0x47242114086D2715A648d0391793730d2aB1CCa2,0xbe1bb149cddab8aa52de2a8b596cff34d34024913024e316f35aa29ca5a72fc7,23196,32121,692669,346334,0.019037,29638.54,29159.62,
409,1,0x627306090abaB3A6e1400e9345bC60c78a8BEf57,0xcb36fd7c15c05bdd4c6bd0eaf4aae7698198d6d49436a1292be192525889a342,23196,32121,692669,346334,0.019037,29642.09,29159.81,
409,2,0xf17f52151EbEF6C7334FAD080c5704D77216b732,0x14d3e8e90c732dd34529185baee4bbf818e3da2b9cd19be3be4d32f6e7b77f90,23196,32121,692669,346334,0.019037,30663.51,30172.41,
410,1,0x627306090abaB3A6e1400e9345bC60c78a8BEf57,0x84dde1d146cc8042f2af2f85a9b865844847837ba8f48b7c3aab4eaa09034397,23197,32121,692669,346334,0.019037,29661.61,29161.78,
410,2,0xf17f52151EbEF6C7334FAD080c5704D77216b732,0xdbf4f74839ec6fa45b486c5bc181d2062f73cd279d68a071ec6845fffbd122fe,23197,32121,692669,346334,0.019037,29659.70,29162.26,
410,3,0x17D90CC0C9cB61f27A5198c8a96f9eA19341b218,0x2fa690a3958ccb9e22659d22f2d834939bd2d5ee90d82e9ce8e671e13fdced17,23197,32121,692669,346334,0.019037,30658.38,30153.90,
410,4,0x47242114086D2715A648d0391793730d2aB1CCa2,0x2844770fc0f857d46b7c5d61a5de51cc23ebcc678766ca02be02d6945f7311bc,23197,32121,692669,346334,0.019037,30654.51,30160.18,
411,2,0xf17f52151EbEF6C7334FAD080c5704D77216b732,0x6c5a0c5e8eac019928eb27ab6bd2f8ec4abe69296bb20beb3a97c7cb7963a08c,23198,32121,692669,346334,0.019037,29659.12,29170.35,
411,3,0x17D90CC0C9cB61f27A5198c8a96f9eA19341b218,0x7520dcdf47bf27e37208b394f6e3f22759123e4394deb7bec94e56760a31acb7,23198,32121,692669,346334,0.019037,29621.40,29154.84,
411,4,0x47242114086D2715A648d0391793730d2aB1CCa2,0x66e5936c5b8671c0df44b36d9a573ec4d3485881ad139e37793541eb9ee3bdb5,23198,32121,692669,346334,0.019037,29641.91,29161.08,
411,1,0x627306090abaB3A6e1400e9345bC60c78a8BEf57,0x4dbe004191faf05b1d6e33cf68f425a8a0197cb718da5e66f7f6be32819cb4d8,23198,32121,692669,346334,0.019037,30648.81,30161.91,
412,3,0x17D90CC0C9cB61f27A5198c8a96f9eA19341b218,0xcb1e0aa9173afe572d4e1adbddc5bf5b6b83d10bb428fe05cc36ca4447ebd91f,23199,32121,692669,346334,0.019037,29621.29,29154.90,
412,4,0x47242114086D2715A648d0391793730d2aB1CCa2,0xec7f512c4528295fd18aae882f791deb8eaaaad3eda141907b41d8a92890757f,23199,32121,692669,346334,0.019037,29638.51,29160.19,
412,1,0x627306090abaB3A6e1400e9345bC60c78a8BEf57,0xc3204028cfddf0250b9730b6a1b913f7b9c66cc0eeae839f76fb92226e20c58e,23199,32121,692669,346334,0.019037,29649.45,29161.64,
412,2,0xf17f52151EbEF6C7334FAD080c5704D77216b732,0x2a8d9ee8997b70f2686da280ead312c1221241fe767bffe2cc9d38e90dd442b6,23199,32121,692669,346334,0.019037,30659.36,30167.53,
413,1,0x627306090abaB3A6e1400e9345bC60c78a8BEf57,0xd4d0f1cdb57f204ec074e44bac7166ea2411cf279d8b7c29977a4d6a84ee1ecc,23200,32121,693247,346623,0.019053,29645.18,29163.03,
413,2,0xf17f52151EbEF6C7334FAD080c5704D77216b732,0x8073a9dcfb8037431edf95c6e6b748968cf35d3f637f99247f55eada7cea61da,23200,32121,693247,346623,0.019053,29648.37,29161.37,
413,3,0x17D90CC0C9cB61f27A5198c8a96f9eA19341b218,0x5eaa75696a148fc968b1c9168e6120f10bd64760a3a82b47d6b9e64381afb915,23200,32121,693247,346623,0.019053,30626.73,30159.06,
413,4,0x47242114086D2715A648d0391793730d2aB1CCa2,0x5c6024774c881c3b263ef914d7b1448e947b47493c3015ae362f830b03ebee04,23200,32121,693247,346623,0.019053,30639.90,30158.98,
414,2,0xf17f52151EbEF6C7334FAD080c5704D77216b732,0x59f82053900876a343fa60e04bdb6b19c07989e69d887ee80edd1c0b0ab2a89d,23201,32121,693247,346623,0.019053,29657.72,29164.74,
414,3,0x17D90CC0C9cB61f27A5198c8a96f9eA19341b218,0x58981146c1c5a4385956e1da9b05d1b2db5f98c3eaa8ce2c680a31960797c6da,23201,32121,693247,346623,0.019053,29631.57,29156.07,
414,4,0x47242114086D2715A648d0391793730d2aB1CCa2,0x6d393f52f0e0553358e4d88b1062383436230588452ea1962acbd4ce84a2d1c9,23201,32121,693247,346623,0.019053,29654.50,29164.40,
414,1,0x627306090abaB3A6e1400e9345bC60c78a8BEf57,0xaf979b291f8d8dbd4d171c4c49a690fd7b592cc573261f993fdc736d2325804f,23201,32121,693247,346623,0.019053,30644.70,30160.74,
415,3,0x17D90CC0C9cB61f27A5198c8a96f9eA19341b218,0xcab4360a7b499912bb7b9323e948d1d9fcfe6cf75a4507e77f7cb0662a87bd2f,23202,32121,693247,346623,0.019053,29626.45,29160.62,
415,4,0x47242114086D2715A648d0391793730d2aB1CCa2,0x20f3b1ec186046bd49d0daea56c0523009270fdd1c853fc94214ce066b917fde,23202,32121,693247,346623,0.019053,29642.71,29159.98,
415,1,0x627306090abaB3A6e1400e9345bC60c78a8BEf57,0x7121a4c3bbde48d179e0a7cea2aeae5c8fa56c517e3edf6d1cddc50251769b20,23202,32121,693247,346623,0.019053,29645.22,29161.88,
415,2,0xf17f52151EbEF6C7334FAD080c5704D77216b732,0xc2add71ac0659f1b7152c8929180b60ae777abb0a97e0adb10ba9b2bd0c9f4b4,23202,32121,693247,346623,0.019053,30662.77,30162.09,
416,1,0x627306090abaB3A6e1400e9345bC60c78a8BEf57,0xc2e58d3d8be46166e83988b62b5205e8798707d06947c9c7e71fdfab2f10f716,23203,32121,693247,346623,0.019053,29644.73,29163.21,
416,2,0xf17f52151EbEF6C7334FAD080c5704D77216b732,0x49c5d6ac31f230a6f049807ab6959a4dca2abc513f2264bdb0d7f0a7c51cde13,23203,32121,693247,346623,0.019053,29652.06,29162.73,
416,3,0x17D90CC0C9cB61f27A5198c8a96f9eA19341b218,0xb1a9e4d2b7ee23f4c370a96145fe8019f7287ecd45cd8f28fe2fe6dd0d1b20f3,23203,32121,693247,346623,0.019053,30624.25,30155.25,
416,4,0x47242114086D2715A648d0391793730d2aB1CCa2,0x7537d95b2c5da1d29315f94ec44ac9a60805c1e128bbe4d79490f283010f6557,23203,32121,693247,346623,0.019053,30640.68,30159.73,
417,2,0xf17f52151EbEF6C7334FAD080c5704D77216b732,0x2f2a0409bef0edc592bda3783b11fed7a9df7c1cf9a91e2f5c7f42f87f11dc20,23204,32121,696807,348403,0.019151,29649.39,29160.80,
417,3,0x17D90CC0C9cB61f27A5198c8a96f9eA19341b218,0xf1c19f7039ac7fa646a2be16a63ed432e23de5b741c23eb71ae2360e6c21f740,23204,32121,696807,348403,0.019151,29618.11,29155.85,
417,4,0x47242114086D2715A648d0391793730d2aB1CCa2,0xa68b872b8838d42d082de1e3065347c029b84864aff243a50f11f0bdf5b38022,23204,32121,696807,348403,0.019151,29641.66,29159.13,
417,1,0x627306090abaB3A6e1400e9345bC60c78a8BEf57,0x94995feacd40c71b0b1c6ff9bf597c755b627c0894e7cb5a0974921717b3f51b,23204,32121,696807,348403,0.019151,30647.70,30163.09,
418,4,0x47242114086D2715A648d0391793730d2aB1CCa2,0x860eb9c43cbd80cd6a80c873de35b51a25f4857881f0ac20754ba306ff34414a,23205,32121,696807,348403,0.019151,29642.05,29160.91,
418,1,0x627306090abaB3A6e1400e9345bC60c78a8BEf57,0x9b7dfa6c7b20aff0082219489b9f8827795442460107f35fa5ab76f5babba2e9,23205,32121,696807,348403,0.019151,29647.48,29162.07,
418,2,0xf17f52151EbEF6C7334FAD080c5704D77216b732,0xb80ad3f3df958628d5cc04fbe10ac88fc6d46e1c93580cb8a127d244e0ed5e73,23205,32121,696807,348403,0.019151,30650.23,30163.29,
418,3,0x17D90CC0C9cB61f27A5198c8a96f9eA19341b218,0x8edec1502afa8766950c28cecd96c2b3a1d1f93c47c6999df69df5e611ea546a,23205,32121,696807,348403,0.019151,30619.16,30157.77,
419,1,0x627306090abaB3A6e1400e9345bC60c78a8BEf57,0x1d20ef2067ad43f462a9a1e47f03394c7937f4458c078a1416fb308ae8ee98e4,23206,32121,705662,352831,0.019394,29649.21,29161.39,
419,2,0xf17f52151EbEF6C7334FAD080c5704D77216b732,0x91ba70956403a1a6177592f66e9e02101fc7a24bfcaa49de91cf5b3caff9e00e,23206,32121,705662,352831,0.019394,29665.56,29166.39,
419,3,0x17D90CC0C9cB61f27A5198c8a96f9eA19341b218,0x8d3ce275b0d94ff2ca12e473fb9d0843972ee327bc6a54f6906819a78b70d044,23206,32121,705662,352831,0.019394,29676.32,29205.16,
419,4,0x47242114086D2715A648d0391793730d2aB1CCa2,0x0834204f6b0c47db8823554ccdd20e311507cfb634d8d44c4da08a061bca0984,23206,32121,705662,352831,0.019394,30672.84,30160.33,
420,2,0xf17f52151EbEF6C7334FAD080c5704D77216b732,0x8d1aa73d0055ad766a836d467a28753bcebe2718fbd4c55001e838ea298ef8e7,23207,32121,705662,352831,0.019394,29679.26,29163.49,
420,3,0x17D90CC0C9cB61f27A5198c8a96f9eA19341b218,0x221d12372f1a5c855e5e33f63bbe5f1c7c8d1812c84ddcd69357babb43bab975,23207,32121,705662,352831,0.019394,29626.97,29157.32,
420,4,0x47242114086D2715A648d0391793730d2aB1CCa2,0x08cfd308daf5fe497463ebc981a195f3ea90dc97f43cadaa42f40b017cc7c471,23207,32121,705662,352831,0.019394,29659.70,29177.34,
420,1,0x627306090abaB3A6e1400e9345bC60c78a8BEf57,0xd8c25922647fe16cd3f5e55729ba92094a8951f3db97591e701ca57ad332fe6f,23207,32121,705662,352831,0.019394,30647.72,30160.85,
421,4,0x47242114086D2715A648d0391793730d2aB1CCa2,0x486975624025b077011d5e638821ae50d0ff08fbf633f38bf0601442c2bb1309,23208,32121,705662,352831,0.019394,29643.32,29160.20,
421,1,0x627306090abaB3A6e1400e9345bC60c78a8BEf57,0x8abd450960ca0c4ae366cc46286ea743bfb1be560f3eb4d1615f491a315e5984,23208,32121,705662,352831,0.019394,29644.52,29159.84,
421,2,0xf17f52151EbEF6C7334FAD080c5704D77216b732,0x67ca7f1329f63444fbd11785f98b79f0d82e6fc775ebfc1be520b62142eb274b,23208,32121,705662,352831,0.019394,30651.47,30162.45,
421,3,0x17D90CC0C9cB61f27A5198c8a96f9eA19341b218,0x9df987f9e0a386310198012d2e79aac7bb8683264a29447712b8fe0673f14d58,23208,32121,705662,352831,0.019394,30618.38,30154.90,
422,1,0x627306090abaB3A6e1400e9345bC60c78a8BEf57,0x79488f263f7de85afa7d2e210f219d8039c77dde21f41b0a3c92cc58d397e7e9,23209,32121,705662,352831,0.019394,29643.99,29159.07,
422,2,0xf17f52151EbEF6C7334FAD080c5704D77216b732,0xb7515c772202e9dc29117b39b34d36bac10b17608af9d80b00ba8b8a27b56fa5,23209,32121,705662,352831,0.019394,29655.27,29162.68,
422,3,0x17D90CC0C9cB61f27A5198c8a96f9eA19341b218,0x1e034ebdf5f38dfb2829577be1320daa8f829b65b567ff7d3bf747b3bc9ad2d5,23209,32121,705662,352831,0.019394,29619.39,29152.88,
422,4,0x47242114086D2715A648d0391793730d2aB1CCa2,0x7156d2b94d4340467199d88ee5505a040e3c33b35963d3678509de1b2c061c74,23209,32121,705662,352831,0.019394,30642.05,30161.76,
423,3,0x17D90CC0C9cB61f27A5198c8a96f9eA19341b218,0xc83cd4c0244cd153d9467796ac14fee48bad45ef1659a0d13ac5e905fa69858b,23210,32121,705662,352831,0.019394,29619.94,29153.27,
423,4,0x47242114086D2715A648d0391793730d2aB1CCa2,0x951b308d84fd66d6b6275287cd876c9e66b22b185c0c79d97b6a2305d14090eb,23210,32121,705662,352831,0.019394,29641.15,29159.46,
423,1,0x627306090abaB3A6e1400e9345bC60c78a8BEf57,0x8c07e26b34aa6af63d52becaa6d4affebe1a54d4e96b2a0c3dbbef95f2efc276,23210,32121,705662,352831,0.019394,30643.58,30159.64,
423,2,0xf17f52151EbEF6C7334FAD080c5704D77216b732,0x9ff81fcf73a29a5d06a4088c74a7dd4f546b520668e4d3a34459bd9b276bb7e4,23210,32121,705662,352831,0.019394,30652.70,30162.32,
424,1,0x627306090abaB3A6e1400e9345bC60c78a8BEf57,0xcda7276f7b0695e55434681345902d502ebd74ab17236cc28da3b9d32dde7947,23211,32121,722503,361251,0.019857,29637.37,29159.32,
424,3,0x17D90CC0C9cB61f27A5198c8a96f9eA19341b218,0x21c6ecdb8556c23e8280591da425eb1999d5e0380b3e58d0c314314f5f39cc09,23211,32121,722503,361251,0.019857,30618.06,30156.64,
424,2,0xf17f52151EbEF6C7334FAD080c5704D77216b732,0xeb307cb2ca8ebedc9c49c4a5854bc5a5c3e4a84f05f9fd0b496f5b465abddc9d,23211,32121,722503,361251,0.019857,29653.61,29163.81,
424,4,0x47242114086D2715A648d0391793730d2aB1CCa2,0x006a44480173f2f77297dfb048bf28796c6cd504cd0cd1b19d8b18e9ef50701a,23211,32121,722503,361251,0.019857,30641.87,30159.85,
425,3,0x17D90CC0C9cB61f27A5198c8a96f9eA19341b218,0x82496344c773b8af723d28b0685ee0bb3a2dbe780726a12674288205f3d9a841,23212,32121,722503,361251,0.019857,29624.39,29156.86,
425,2,0xf17f52151EbEF6C7334FAD080c5704D77216b732,0x71608aef1bbcfb914bce32e8cbaaf43104e520cc0c52daac14e64d01bb5a384f,23212,32121,722503,361251,0.019857,29649.88,29163.12,
425,4,0x47242114086D2715A648d0391793730d2aB1CCa2,0xefecab9863e7c07bb371808b74937e1ab27177101e592ee32ee903c281ec9da6,23212,32121,722503,361251,0.019857,29641.16,29160.74,
425,1,0x627306090abaB3A6e1400e9345bC60c78a8BEf57,0x16c69583b0d987fa80483b128885cc43babe78c1e9a5e7353841e40f24b0fa59,23212,32121,722503,361251,0.019857,30648.74,30160.80,
426,4,0x47242114086D2715A648d0391793730d2aB1CCa2,0x9aa40ca71c6fe6eeba71199a7064f3456dbc243901f172472637bd39c5a211b4,23213,32121,722503,361251,0.019857,29644.12,29159.84,
426,1,0x627306090abaB3A6e1400e9345bC60c78a8BEf57,0xadd80dee2d1e97f3ef9c0ea17ffb00035cbc398678b4c416d577e8dc37aeadc1,23213,32121,722503,361251,0.019857,29642.11,29159.24,
426,3,0x17D90CC0C9cB61f27A5198c8a96f9eA19341b218,0x7eff8a8b55d5e5ce4bd7e67bb62fcf15964316e0463eedc28d0ae7c304696d36,23213,32121,722503,361251,0.019857,30624.46,30154.53,
426,2,0xf17f52151EbEF6C7334FAD080c5704D77216b732,0xb51d18ad83ee5c833962ec6a2f6a89e4728519fe8874d15c6e36b19e39c6e0b8,23213,32121,722503,361251,0.019857,30643.19,30159.20,
427,1,0x627306090abaB3A6e1400e9345bC60c78a8BEf57,0x77140775dfdd6d830a3918394507d45aad0c8b05d722c00af89bc3c5b41ed7a7,23214,32121,722503,361251,0.019857,29640.70,29158.83,
427,3,0x17D90CC0C9cB61f27A5198c8a96f9eA19341b218,0x204db6e32da0f836e86e93ef9daa2ba87d2c1ada5fbd18bc9529a736fc1fbefd,23214,32121,722503,361251,0.019857,29627.63,29158.25,
427,2,0xf17f52151EbEF6C7334FAD080c5704D77216b732,0x508b512e5afc1f682cdc82e6d688f3dce553bc184bf17a3aaf7c6b251de7ff08,23214,32121,722503,361251,0.019857,29645.49,29161.96,
427,4,0x47242114086D2715A648d0391793730d2aB1CCa2,0xf190af48475561042d2cde6075326cbaaef349b876bc31f02d62e9868886aed4,23214,32121,722503,361251,0.019857,30653.35,30162.77,
428,3,0x17D90CC0C9cB61f27A5198c8a96f9eA19341b218,0x55346c4e68ff0eef86c4015bf6c9d77d52fc121952f91156befe95485906ca27,23215,32121,722503,361251,0.019857,29627.55,29150.30,
428,2,0xf17f52151EbEF6C7334FAD080c5704D77216b732,0x62b83f237eb1d9adc6b80da6ae6f50663ee23cc4ce78f5ce74a10e0f87351787,23215,32121,722503,361251,0.019857,29660.32,29158.71,
428,4,0x47242114086D2715A648d0391793730d2aB1CCa2,0x45a248dacf763cc51398ca4a306f353d30e9fb2d5002469524f2b0b76329ce59,23215,32121,722503,361251,0.019857,29648.95,29162.54,
428,1,0x627306090abaB3A6e1400e9345bC60c78a8BEf57,0x00c4f3b9a2dde83f979b2f8e00fcfdc7054b5645a0704548cb0685c745aca614,23215,32121,722503,361251,0.019857,30636.06,30157.48,
429,4,0x47242114086D2715A648d0391793730d2aB1CCa2,0x9dd751bcb23e3bace767e6257dc28312207058be8c21f3cbe6c70a50d0041a8e,23216,32121,722503,361251,0.019857,29650.16,29163.35,
429,1,0x627306090abaB3A6e1400e9345bC60c78a8BEf57,0x13c867527e3f223287e914d3babc0935f921c6c2b36b5a02be0e0b7da90842fe,23216,32121,722503,361251,0.019857,29634.10,29156.81,
429,3,0x17D90CC0C9cB61f27A5198c8a96f9eA19341b218,0x5a580611b333a75771b8c2187ca8c0a1ef85e309aeb6a5fe9727cf713492c112,23216,32121,722503,361251,0.019857,30608.84,30151.99,
429,2,0xf17f52151EbEF6C7334FAD080c5704D77216b732,0x41b9cc62d902fcaaf028ffc092fc32aa61660bec084e67475a0b44024f081409,23216,32121,722503,361251,0.019857,30639.54,30160.64,
430,1,0x627306090abaB3A6e1400e9345bC60c78a8BEf57,0xcce7c5c28746cc02c226a4097edc493fd0c9592723be6a8b78fb5fc6041c0f36,23217,32121,722503,361251,0.019857,29634.81,29158.93,
430,3,0x17D90CC0C9cB61f27A5198c8a96f9eA19341b218,0x58c6f043e7d82e47ee6aafc5c7c222a276ea793f83c624d645d53517b8c5584f,23217,32121,722503,361251,0.019857,29610.25,29154.03,
430,2,0xf17f52151EbEF6C7334FAD080c5704D77216b732,0xd4774d8fb5a528e414ddaf352240fc117ec797870c5bac1f585432bed9caaa80,23217,32121,722503,361251,0.019857,29647.25,29163.19,
430,4,0x47242114086D2715A648d0391793730d2aB1CCa2,0xb6c48eca65646d89a474822e06177e3f3c916f0268f70d82305326907cb57403,23217,32121,722503,361251,0.019857,30649.98,30162.11,
431,2,0xf17f52151EbEF6C7334FAD080c5704D77216b732,0xba52331b86c991bbb965181c32a424510e0b997f45f06cd7793b74ef3843f514,23218,32121,722503,361251,0.019857,29649.82,29161.94,
431,4,0x47242114086D2715A648d0391793730d2aB1CCa2,0xfbf7a93fc6ca90bc1788eaffef96a66690574d065f6c6217146f9fb2d2b962b3,23218,32121,722503,361251,0.019857,29646.82,29161.84,
431,1,0x627306090abaB3A6e1400e9345bC60c78a8BEf57,0x31b8cdc5ca33b68341b7b116fe1916363abff46cdb4e772859dbae83ad45f92d,23218,32121,722503,361251,0.019857,30638.45,30159.29,
431,3,0x17D90CC0C9cB61f27A5198c8a96f9eA19341b218,0x301f11449941b9f2c3ecac63f0bf152ab2ca05116c53dd32ba1207b78ada53ae,23218,32121,722503,361251,0.019857,30613.84,30152.36,
432,4,0x47242114086D2715A648d0391793730d2aB1CCa2,0x500f3c4a3174f40f7fd3799344591124bb815d4d08c43e301579a1ee77f15a97,23219,32121,722792,361396,0.019865,29651.33,29162.32,
432,1,0x627306090abaB3A6e1400e9345bC60c78a8BEf57,0x10290757dcb3babfe4875d5d75820f1e86f1ae3e35f7b6e58341755d592d2ff5,23219,32121,722792,361396,0.019865,29640.92,29159.59,
432,3,0x17D90CC0C9cB61f27A5198c8a96f9eA19341b218,0x4e23e778465d8d7ba4965a34675b29e9b5e13fb94208f88b66aaa67b58cc9d27,23219,32121,722792,361396,0.019865,29610.65,29151.03,
432,2,0xf17f52151EbEF6C7334FAD080c5704D77216b732,0x8f2d28cce0c166fab839f1f2b42d1a83ac0b8d02f9cf839e2d5de37da8dd0bd9,23219,32121,722792,361396,0.019865,30654.81,30167.13,
433,3,0x17D90CC0C9cB61f27A5198c8a96f9eA19341b218,0xc818f94bace662a0cc35d2d9c7a7df795ffd84e734375870910a1dbaf1046a4b,23220,32121,722792,361396,0.019865,29613.60,29153.85,
433,1,0x627306090abaB3A6e1400e9345bC60c78a8BEf57,0x1ffc7d9f5579edc86c928bdf75fa8beb76598423528bd6d9100d42389388cb0a,23220,32121,722792,361396,0.019865,29926.10,29448.67,
433,2,0xf17f52151EbEF6C7334FAD080c5704D77216b732,0x23ec4827283f04b87755188a6b07b8a9a879ec21d6a5c73a757da444e5bb0aee,23220,32121,722792,361396,0.019865,29667.96,29168.44,
433,4,0x47242114086D2715A648d0391793730d2aB1CCa2,0x6573d174d7d3d276150205c683c05ac07b171924cba0a8e443046d62b2211938,23220,32121,722792,361396,0.019865,30662.46,30164.07,
434,2,0xf17f52151EbEF6C7334FAD080c5704D77216b732,0x34b7ea9fcfe0cf3177c53828d6cbedfd01bfb8803412619b59adab49f22395c3,23221,32121,740502,370251,0.020352,29659.20,29158.04,
434,4,0x47242114086D2715A648d0391793730d2aB1CCa2,0xef565eef7d576d33af8497473f78500716d771d94d6a202df2d5d694ed4b4fe0,23221,32121,740502,370251,0.020352,29931.79,29152.88,
434,3,0x17D90CC0C9cB61f27A5198c8a96f9eA19341b218,0x9d33d983cf52b70c1300f3b41c7831414dde6fef8ce6f1a51a28298b71177325,23221,32121,740502,370251,0.020352,30620.68,30153.54,
434,1,0x627306090abaB3A6e1400e9345bC60c78a8BEf57,0x929963bbf00ccb2efa14d38b926563d00d2e1f335d56f52c84ec8e83c0e90e73,23221,32121,740502,370251,0.020352,30610.98,30150.71,
435,4,0x47242114086D2715A648d0391793730d2aB1CCa2,0xa5570db6d7abe7dbdd954464ae357246fabe79267b003c51f8be27b8acdc4def,23222,32121,740502,370251,0.020352,29613.07,29152.36,
435,3,0x17D90CC0C9cB61f27A5198c8a96f9eA19341b218,0x9e8d689756fe2ddf53142ae850e68bdc5de1e481af9ada9a3c450a7de262ad13,23222,32121,740502,370251,0.020352,29610.49,29151.87,
435,1,0x627306090abaB3A6e1400e9345bC60c78a8BEf57,0x3e279d91c079a9b7d070f8d20f88378df5c9e2bd72a10a84f7239b945b95e243,23222,32121,740502,370251,0.020352,29602.29,29149.43,
435,2,0xf17f52151EbEF6C7334FAD080c5704D77216b732,0xe37358d420f40720e823ef91b2150f9279bdd1711de32feeb873c52a42c50319,23222,32121,740502,370251,0.020352,30630.45,30158.01,
436,4,0x47242114086D2715A648d0391793730d2aB1CCa2,0xe336c6a58a2b04b7a5dedd8c636462558a5c8a149b238fbd9e1944a5577df03a,23223,32121,740502,370251,0.020352,29637.23,29176.69,
436,3,0x17D90CC0C9cB61f27A5198c8a96f9eA19341b218,0x90168838eaa27a240e0d5f2e88968af8549703049e7e0de717eed7553ce3844c,23223,32121,740502,370251,0.020352,29608.42,29152.05,
436,1,0x627306090abaB3A6e1400e9345bC60c78a8BEf57,0xb790aa204db6934cf08000d9f08505335ea420d78394a4fca053c40dcad249c9,23223,32121,740502,370251,0.020352,29602.44,29150.79,
436,2,0xf17f52151EbEF6C7334FAD080c5704D77216b732,0xabc01eb9bde590c7d30788c390cd86dda9ca93c83da849808c41876e3c3ce102,23223,32121,740502,370251,0.020352,29636.88,29158.32,
437,2,0xf17f52151EbEF6C7334FAD080c5704D77216b732,0x101504376f6e27428c16475fc53759a35b73a8564ebcf606192e81458b9109b1,23224,32121,740502,370251,0.020352,29633.03,29159.64,
437,4,0x47242114086D2715A648d0391793730d2aB1CCa2,0x3ff4c0e6ba94b12c41564742e14e91a891c23934bd9cdd37c84f917e000df8bc,23224,32121,740502,370251,0.020352,30613.71,30153.19,
437,3,0x17D90CC0C9cB61f27A5198c8a96f9eA19341b218,0xb13125ccf9e776ae5aff177d84e41d4b4191c3f5967b8fe839328fe259d2cd58,23224,32121,740502,370251,0.020352,30608.41,30151.15,
437,1,0x627306090abaB3A6e1400e9345bC60c78a8BEf57,0x9be66fe9fd8a2c16beab88d09679b6ed178217f59e8992737eaa9b682638926b,23224,32121,740502,370251,0.020352,30602.76,30151.32,
438,4,0x47242114086D2715A648d0391793730d2aB1CCa2,0x7706022d55bf187f7434cebaca173bf3dc2b2c4d52207e1f361783d337f42f6b,23225,32121,740502,370251,0.020352,29611.13,29153.48,
438,3,0x17D90CC0C9cB61f27A5198c8a96f9eA19341b218,0x02b5ebc8eda4596e3da86c1d786bde4315083cd3534f60a25e6ae0ca34277916,23225,32121,740502,370251,0.020352,29608.53,29150.73,
438,1,0x627306090abaB3A6e1400e9345bC60c78a8BEf57,0x3033887755393d924ebd99a9e688a0b62515182651eef4083cf5fac2e9366e4a,23225,32121,740502,370251,0.020352,29599.69,29150.44,
438,2,0xf17f52151EbEF6C7334FAD080c5704D77216b732,0x9acae8199e3ea491b7a0473b39216f8d0cce95d70bb3e85242d5f1eba7b9e218,23225,32121,740502,370251,0.020352,30636.04,30158.98,
439,2,0xf17f52151EbEF6C7334FAD080c5704D77216b732,0xabdfa9b3ef95cee3bcc30c1739346903207c937b47971034cf7953c55ef65fb9,23226,32121,740502,370251,0.020352,29633.97,29160.88,
439,4,0x47242114086D2715A648d0391793730d2aB1CCa2,0x54ce3d676d033d0f1878d4e8e716a7ceab037ea2bb73b3f69c7ec3fde7080d10,23226,32121,740502,370251,0.020352,30615.55,30151.31,
439,3,0x17D90CC0C9cB61f27A5198c8a96f9eA19341b218,0x25b7ebc651be598a0904852ce8f1a903c106bd6374604b73fbde9680d34269ef,23226,32121,740502,370251,0.020352,30613.62,30154.31,
439,1,0x627306090abaB3A6e1400e9345bC60c78a8BEf57,0xfb886d64582616da04d9c6d2d0791d49bdf61120ace204bea1a1a04967618e2c,23226,32121,740502,370251,0.020352,30600.55,30149.60,
440,4,0x47242114086D2715A648d0391793730d2aB1CCa2,0x00fa44bc6b39f0665ee053078a2622f9c72e633e16c004ac6558ce5d773f6c2c,23227,32121,740502,370251,0.020352,29611.07,29153.49,
440,3,0x17D90CC0C9cB61f27A5198c8a96f9eA19341b218,0x42964fde4c0f991840bd2e86aee0a9f6c81a2c330899f119ea56daaf0ae1d753,23227,32121,740502,370251,0.020352,29623.22,29150.64,
440,1,0x627306090abaB3A6e1400e9345bC60c78a8BEf57,0x8f86fd4ee844701dad18f9b34c2398137b8940d52e2084a9352e1da06c662ff0,23227,32121,740502,370251,0.020352,29615.65,29148.96,
440,2,0xf17f52151EbEF6C7334FAD080c5704D77216b732,0xa1640bffd3c211f57f3d6a90e7f562747d60833b0851d5d4bdd3acdb41577bbf,23227,32121,740502,370251,0.020352,30633.69,30157.42,
441,4,0x47242114086D2715A648d0391793730d2aB1CCa2,0x2efbfc79db4396bf762925c48d5b6a6bd6226063e4e22ed515add89a2f5a2140,23228,32121,740502,370251,0.020352,29605.61,29152.73,
441,3,0x17D90CC0C9cB61f27A5198c8a96f9eA19341b218,0xf8bdb67a7dd6c8b14ccf901cb60b6d33d30e80fd4b8c0cfe727145d6c6c91988,23228,32121,740502,370251,0.020352,29606.45,29152.23,
441,1,0x627306090abaB3A6e1400e9345bC60c78a8BEf57,0x3f6f06dc2e9d18e561c705040fbaea37e050b16c9b929b68ab4f3be9272fb897,23228,32121,740502,370251,0.020352,29601.01,29153.45,
441,2,0xf17f52151EbEF6C7334FAD080c5704D77216b732,0xec7c55047f05fa3815caba07abd91cde337294f88e5f0c9efa7341b27db2838e,23228,32121,740502,370251,0.020352,29630.77,29157.36,
442,2,0xf17f52151EbEF6C7334FAD080c5704D77216b732,0xe3664176ab0bd5f890df33f3139ee035b99bd618648d36c7b4a86d4bdacf4ab0,23229,32121,740502,370251,0.020352,29634.53,29160.47,
442,4,0x47242114086D2715A648d0391793730d2aB1CCa2,0xad83c843fec99d8085faa401568e231b5428c620dee854c15945988c645b2af0,23229,32121,740502,370251,0.020352,30613.51,30154.10,
442,3,0x17D90CC0C9cB61f27A5198c8a96f9eA19341b218,0x987caa449c06c18b77fc49a96ba4b21c206acedc19a692c452e3b6cc39b57eb2,23229,32121,740502,370251,0.020352,30611.96,30154.02,
442,1,0x627306090abaB3A6e1400e9345bC60c78a8BEf57,0x5c5ba0caef9ff2deb35bd93e2c85c940f03b9d62437c352b12bb4563a45a2f1e,23229,32121,740502,370251,0.020352,30606.12,30154.69,
443,4,0x47242114086D2715A648d0391793730d2aB1CCa2,0x42ee14430cb49722718691dd4d2e33cd1f147081e6bcb6855145e184fdebf7cb,23230,32121,740502,370251,0.020352,29610.65,29153.32,
443,3,0x17D90CC0C9cB61f27A5198c8a96f9eA19341b218,0xc67515ec50c96bbb6f1380b0ff6a9bf057cd5450f3bc1f8d0609eeecd47d6147,23230,32121,740502,370251,0.020352,29606.97,29153.24,
443,1,0x627306090abaB3A6e1400e9345bC60c78a8BEf57,0xbc7d16bf08e375465d16acc0b9052b8dd2364d6a37172b56937ac17679ab5af9,23230,32121,740502,370251,0.020352,29604.60,29151.56,
443,2,0xf17f52151EbEF6C7334FAD080c5704D77216b732,0xfe74b6bf039fa9185e002d1fd089c39ce00cabdebaba4b92cfd5cc620e31f454,23230,32121,740502,370251,0.020352,30637.80,30160.36,
444,1,0x627306090abaB3A6e1400e9345bC60c78a8BEf57,0x5d7454b7448c4d648cc6aee8ecb36a5b5dfdf233cb92a923a283efa5ec87920c,23231,32121,740502,370251,0.020352,29602.19,29150.35,
444,2,0xf17f52151EbEF6C7334FAD080c5704D77216b732,0xc920d6e1e57e65576aa92a7c9b5b1fe1536074a4e1e9b964344e13bbe62423a2,23231,32121,740502,370251,0.020352,29634.68,29160.23,
444,4,0x47242114086D2715A648d0391793730d2aB1CCa2,0xedb76f6bae54b58394552564ef637a6d6124f27a5917384f68fb09c8b6396847,23231,32121,740502,370251,0.020352,30614.45,30155.69,
444,3,0x17D90CC0C9cB61f27A5198c8a96f9eA19341b218,0x3bf1ff860abb9f2e8abbf640c479b2eac1366b4134b9dee6222b78ffa25d1612,23231,32121,740502,370251,0.020352,30610.53,30154.16,
445,2,0xf17f52151EbEF6C7334FAD080c5704D77216b732,0x535aa762a704b25cfdced3dbd22a6107cda4d82ce0a6d7119f65db3e4dfb4414,23232,32121,745757,372878,0.020496,29634.46,29157.16,
445,4,0x47242114086D2715A648d0391793730d2aB1CCa2,0xf1ea9f71b5408e7838c5d5d44439ad37d688318920fa1b16e8fe4e3ef8806606,23232,32121,745757,372878,0.020496,29612.43,29152.10,
445,3,0x17D90CC0C9cB61f27A5198c8a96f9eA19341b218,0x73d689aced99f93c7a0e457eb0163d3de8907accdcc47edc7bf586a6bcbbe561,23232,32121,745757,372878,0.020496,29609.82,29150.83,
445,1,0x627306090abaB3A6e1400e9345bC60c78a8BEf57,0xf212a93a88fbd7c504d24f63d4b2e945aa2bfa2a0a24522c1ccb0d34d4992539,23232,32121,745757,372878,0.020496,30606.26,30152.02,
446,4,0x47242114086D2715A648d0391793730d2aB1CCa2,0x8c5e6c93cd8fed144d8fc3b8e105e7ee8c9d8ce641f854e1bb7a2f39f02aa75d,23233,32121,745757,372878,0.020496,29614.70,29151.53,
446,3,0x17D90CC0C9cB61f27A5198c8a96f9eA19341b218,0x4edf9d7a0f5fdaf1c7c51bcf6c8334446e5c8a76d112a95905bed521c9bf2f0b,23233,32121,745757,372878,0.020496,29612.62,29151.32,
446,1,0x627306090abaB3A6e1400e9345bC60c78a8BEf57,0x87b86cd8c06c1aa4adf589f4872d9bc780ab986c8b9c70c5138bba50d021c66c,23233,32121,745757,372878,0.020496,29602.19,29151.13,
446,2,0xf17f52151EbEF6C7334FAD080c5704D77216b732,0x47bfa38d6ff94c74b31ef232429ee4fa9cc6f6ae813e7a3ad47f75ddf5bd7618,23233,32121,745757,372878,0.020496,30631.17,30156.84,
447,2,0xf17f52151EbEF6C7334FAD080c5704D77216b732,0xa4011a678f7d518202d390b5ac99f3673049f1afb599f152404f2cc6c4fd6437,23234,32121,745757,372878,0.020496,29645.77,29158.18,
447,4,0x47242114086D2715A648d0391793730d2aB1CCa2,0x174ea5b29073385c1bf3c1be1a4610c1a6d98602a8a039e9b0327b580173095f,23234,32121,745757,372878,0.020496,30613.40,30151.61,
447,3,0x17D90CC0C9cB61f27A5198c8a96f9eA19341b218,0x3412cbf8994c00760d01cb1c99d511d17d1d9659146592fcf68f378e2d00b844,23234,32121,745757,372878,0.020496,30615.73,30153.64,
447,1,0x627306090abaB3A6e1400e9345bC60c78a8BEf57,0x2777ea453e37d7084f5e583e768cb2e93f4b0a8cb5c5e901f40fc626b1958ac0,23234,32121,745757,372878,0.020496,30597.99,30150.61,
448,2,0xf17f52151EbEF6C7334FAD080c5704D77216b732,0x3a150d233b8f167ab12ca212fe1c92c8dabbe5c097e2336dbd2320b49d7e5fad,23235,32121,746337,373168,0.020512,29633.89,29159.03,
448,4,0x47242114086D2715A648d0391793730d2aB1CCa2,0xb6bf86dd0aba179999c2fccc36c61aff69012fad2c1df7dd94684c4e2b34c43d,23235,32121,746337,373168,0.020512,29611.52,29153.05,
448,3,0x17D90CC0C9cB61f27A5198c8a96f9eA19341b218,0x586c42aec20cec3a3eeae33852b946ecf61c4df06b6b3713b4ccc210cf9ac664,23235,32121,746337,373168,0.020512,29610.58,29152.78,
448,1,0x627306090abaB3A6e1400e9345bC60c78a8BEf57,0xaed9a5d8afbd9e5216be9e17c4de73e95fbdcedc8270113a50e7c96e33356ec8,23235,32121,746337,373168,0.020512,29603.02,29151.82,
449,4,0x47242114086D2715A648d0391793730d2aB1CCa2,0x3dabd60f412a3399c3c6947615c7b9162e61cf227121bd293fb7932496dfac56,23236,32121,748736,374368,0.020578,29613.70,29154.46,
449,3,0x17D90CC0C9cB61f27A5198c8a96f9eA19341b218,0xa67290f08e3f43809877d070aca2a9a503c1ba629de9c50314898fdf82465818,23236,32121,748736,374368,0.020578,29613.66,29152.98,
449,1,0x627306090abaB3A6e1400e9345bC60c78a8BEf57,0xee119e2a9c9a6150bf5a926ffb9a2aa572e49dfd6a18aa38cc5c3980e95cbca6,23236,32121,748736,374368,0.020578,29604.09,29151.76,
449,2,0xf17f52151EbEF6C7334FAD080c5704D77216b732,0xe2f4e9e825a53367855b002a5cb6875e8a3247c576169200fac51ed2eff29304,23236,32121,748736,374368,0.020578,30632.37,30157.17,
450,2,0xf17f52151EbEF6C7334FAD080c5704D77216b732,0x80a06da532be087108e2e5429b2f18b0183b75e05b6a98573aebe2d26907a6c5,23237,32121,751757,375878,0.020661,29635.91,29159.06,
450,4,0x47242114086D2715A648d0391793730d2aB1CCa2,0xa149790126bfbd5b4648ad2f1fe604a4842e0143f3b9eafd39e6356ea8510d68,23237,32121,751757,375878,0.020661,30616.86,30150.91,
450,3,0x17D90CC0C9cB61f27A5198c8a96f9eA19341b218,0xd6d18dcb0f47d13142f13c432c68f5968a2ef6dec944ff87cfb179081723318f,23237,32121,751757,375878,0.020661,30631.05,30155.05,
450,1,0x627306090abaB3A6e1400e9345bC60c78a8BEf57,0xb56603e249d386f169690ce608f59f152879b89ee9c9eb501861c78c3ae94173,23237,32121,751757,375878,0.020661,30617.10,30153.48,
451,4,0x47242114086D2715A648d0391793730d2aB1CCa2,0x22354cfdde367dc65ad628f0f70fb03c91a3e46ea3f2353d8748ee4c909f72bc,23238,32121,751757,375878,0.020661,29616.51,29157.28,
451,3,0x17D90CC0C9cB61f27A5198c8a96f9eA19341b218,0xecfd0f82570c8fee170c61ec177aca1756b12408337a88b543519351ee2282d6,23238,32121,751757,375878,0.020661,29606.51,29151.75,
451,1,0x627306090abaB3A6e1400e9345bC60c78a8BEf57,0x6569d60fd7c87bcbae12028a8c1176c77581e038ac161dc637284e89025c91be,23238,32121,751757,375878,0.020661,29611.02,29153.45,
451,2,0xf17f52151EbEF6C7334FAD080c5704D77216b732,0xb27a5e61f66fad13dae86e301ce6f0b2614153aef4adcd66d08b9ff3f88efe4a,23238,32121,751757,375878,0.020661,30642.08,30159.35,
452,2,0xf17f52151EbEF6C7334FAD080c5704D77216b732,0xff97dbfef860b664bf7d5b9740baf5fe48b4aabaa5b0d8122aea8c99b84ec4e3,23239,32121,754033,377016,0.020724,29638.39,29155.73,
452,4,0x47242114086D2715A648d0391793730d2aB1CCa2,0xe8e0e62a998cc1f96c9c818593a006ba6a81e041808a1153e6369014f1edbe62,23239,32121,754033,377016,0.020724,30610.06,30151.80,
452,3,0x17D90CC0C9cB61f27A5198c8a96f9eA19341b218,0x6d93ea3a0e4b1eb3281413cb63ba37ecc747542253307bb194ce3afe60760c21,23239,32121,754033,377016,0.020724,30605.75,30153.76,
452,1,0x627306090abaB3A6e1400e9345bC60c78a8BEf57,0x19cd57c1b25d88df1332d128564a32dd876036a656a02fcb924d4b9ece9f5b00,23239,32121,754033,377016,0.020724,30605.93,30151.14,
453,2,0xf17f52151EbEF6C7334FAD080c5704D77216b732,0xce432e6a927f8284c688a44818b0a264feaf0f3300b4c171c39b9ecaa754aee7,23240,32121,755400,377700,0.020761,29625.56,29155.73,
453,4,0x47242114086D2715A648d0391793730d2aB1CCa2,0xe6f939d2e1d51d97ccdeb1f285f63928250355b8718c4ef9a91438b6076d3102,23240,32121,755400,377700,0.020761,29610.92,29152.08,
453,3,0x17D90CC0C9cB61f27A5198c8a96f9eA19341b218,0xf44232deb281ea4bd51908db9e41a6fc4a90974af5977bbc064913e39cb3431f,23240,32121,755400,377700,0.020761,29602.39,29149.26,
453,1,0x627306090abaB3A6e1400e9345bC60c78a8BEf57,0x1d8833c102c1e04e6c02eafd28f42bea7b9016d707103e73edf02752b80d7a26,23240,32121,755400,377700,0.020761,29598.10,29148.05,
454,3,0x17D90CC0C9cB61f27A5198c8a96f9eA19341b218,0x5708e7964e5d8d529e015ac4a0a007148c1f646afd6122314b57057e1b2c4d44,23241,32121,755400,377700,0.020761,29607.13,29150.68,
454,4,0x47242114086D2715A648d0391793730d2aB1CCa2,0xbd83fd0da868886e67a5f0430042c51a877a494d93d6fbe0c44deeed712858f8,23241,32121,755400,377700,0.020761,29620.17,29151.41,
454,1,0x627306090abaB3A6e1400e9345bC60c78a8BEf57,0x51aa27007ffd4068b08e6e3de171f4b38bcd42b69391e6fa242830981f42f91e,23241,32121,755400,377700,0.020761,29616.18,29149.47,
454,2,0xf17f52151EbEF6C7334FAD080c5704D77216b732,0x2249bb3636350001edf73b756f002c473bfc4fd3f99c956584cc123a45be00b3,23241,32121,755400,377700,0.020761,30630.16,30158.31,
455,2,0xf17f52151EbEF6C7334FAD080c5704D77216b732,0x014ec6ac57d9c0a7a745ab753e75593ce83e8ea316fad220702f5fe07dda9142,23242,32121,758462,379231,0.020846,29626.42,29155.63,
455,3,0x17D90CC0C9cB61f27A5198c8a96f9eA19341b218,0x1061b01d3d0371afb629b4794cf795800744c1868c375fb966841f2405a7f324,23242,32121,758462,379231,0.020846,30604.02,30149.90,
455,4,0x47242114086D2715A648d0391793730d2aB1CCa2,0xbc6e6b9ec60b28325af19283c997ec429c854c173852734f89f4177d356265a4,23242,32121,758462,379231,0.020846,30629.45,30149.79,
455,1,0x627306090abaB3A6e1400e9345bC60c78a8BEf57,0x63c38f342cf082fcf6875f7f6255897f4f29d4c7dff99a1523110d5a47a8d8a0,23242,32121,758462,379231,0.020846,30624.34,30150.08,
456,2,0xf17f52151EbEF6C7334FAD080c5704D77216b732,0xca789354c01c4f46d60a5a052bb8b7cf30953877bbb00f43ff03119bf987aef7,23243,32121,760903,380451,0.020913,29624.87,29156.97,
456,3,0x17D90CC0C9cB61f27A5198c8a96f9eA19341b218,0x1e12e12a67ec81f47494fe23df9e8fc1215825fd8069f2fe37e198dbe0a90755,23243,32121,760903,380451,0.020913,29616.64,29154.39,
456,4,0x47242114086D2715A648d0391793730d2aB1CCa2,0x83b72a1f1baa136289db03e354513811f36b05cb8aeb4bbb6b83110d329530fa,23243,32121,760903,380451,0.020913,29608.56,29153.00,
456,1,0x627306090abaB3A6e1400e9345bC60c78a8BEf57,0x0a79594e1e0ed31a939924b6fe647862c826904f535182e7bdf624c664f86e05,23243,32121,760903,380451,0.020913,29608.38,29150.59,
457,2,0xf17f52151EbEF6C7334FAD080c5704D77216b732,0x6a9c456606fa07fc308298f77ff5a8ee72b2e1400242ef319a3b1d5c0a987f9d,23244,32121,760903,380451,0.020913,30634.19,30155.94,
457,3,0x17D90CC0C9cB61f27A5198c8a96f9eA19341b218,0x588977c0aab73ed7770891203a179d40c28e3f96259b5f9ec5be2dc51e909962,23244,32121,760903,380451,0.020913,30610.37,30149.81,
457,1,0x627306090abaB3A6e1400e9345bC60c78a8BEf57,0x08480fbba96133e551258f1b889b82be8a650e9f947d0a779925cc4b6eb65619,23244,32121,760903,380451,0.020913,30605.58,30151.78,
457,4,0x47242114086D2715A648d0391793730d2aB1CCa2,0x44431abc4a7697b8adfc9b067a1cba1144a109cb75934b4dd6a3d3600f25f4d5,23244,32121,760903,380451,0.020913,30608.06,30151.59,
458,2,0xf17f52151EbEF6C7334FAD080c5704D77216b732,0x719e5a2f5abb7999b5aa948eba8f50ba92582f347147e3c0b2bfe7f9af7ae2c8,23245,32121,771413,385706,0.021202,29632.35,29156.75,
458,3,0x17D90CC0C9cB61f27A5198c8a96f9eA19341b218,0xef5a6e33a49506a1a228b799eb548151bdd70783f6c3e9d7ee9638be54ceb4bc,23245,32121,771413,385706,0.021202,29604.88,29150.32,
458,4,0x47242114086D2715A648d0391793730d2aB1CCa2,0xc1d65c51623e3f797eb6bb55fd235e1b74f36109bf6f1ec4227b2fd8a0a068b4,23245,32121,771413,385706,0.021202,29608.57,29155.43,
458,1,0x627306090abaB3A6e1400e9345bC60c78a8BEf57,0x545a50bd652aca86a530f42d339cdbae09ff463994b36bdd18a3a69e02aefb85,23245,32121,771413,385706,0.021202,29617.67,29165.58,
459,2,0xf17f52151EbEF6C7334FAD080c5704D77216b732,0x007194db2bf664f164b1df6f72a53c4432bd79521c4217e7a4b7e0b57c5e0fcb,23246,32121,771413,385706,0.021202,29647.07,29156.59,
459,3,0x17D90CC0C9cB61f27A5198c8a96f9eA19341b218,0x46261c1e4de47e416b96100dd2ce87e0a7857127391ad249dba8af47e271913c,23246,32121,771413,385706,0.021202,29617.60,29150.39,
459,4,0x47242114086D2715A648d0391793730d2aB1CCa2,0xf4daebd9d3773cacdbf484b09d266e165ffaa7c53ed93d86ccfe2de51d9a2d92,23246,32121,771413,385706,0.021202,29633.57,29151.08,
459,1,0x627306090abaB3A6e1400e9345bC60c78a8BEf57,0xad389e167b88fc75ca005dd03cdef90d17376f5eeb7504fe248ade6acf678080,23246,32121,771413,385706,0.021202,29687.06,29163.87,
460,2,0xf17f52151EbEF6C7334FAD080c5704D77216b732,0x2069f7396c628d3fbee26c0bf8fa8b6e16c3cb71b9ff0c81760c1fd446946490,23247,32121,771413,385706,0.021202,30643.74,30161.83,
460,3,0x17D90CC0C9cB61f27A5198c8a96f9eA19341b218,0x5d5d2f5d1368d14d101b764ad7900b047b75f72744c0e7d5e6811428e4285078,23247,32121,771413,385706,0.021202,30601.93,30148.31,
460,4,0x47242114086D2715A648d0391793730d2aB1CCa2,0x7b5085a97ea35840928bee7c0c6df4e927c962586a0bdae2d68e7f2ad874606b,23247,32121,771413,385706,0.021202,30613.78,30151.15,
460,1,0x627306090abaB3A6e1400e9345bC60c78a8BEf57,0xf263cbba9b8fa389ac8cc65d911b849b2e3a7651b6a9238901b43b1e1d994152,23247,32121,771413,385706,0.021202,30657.47,30162.68,
461,2,0xf17f52151EbEF6C7334FAD080c5704D77216b732,0x88365b319617093cc14c9bb0b1daea8ef13b9a90ae0db527d68486b5bb2d43b3,23248,32121,771413,385706,0.021202,29627.56,29155.65,
461,3,0x17D90CC0C9cB61f27A5198c8a96f9eA19341b218,0x5c356228f72c1240042412c152eed7442bb3963362491fb9c7936a4f94128bd5,23248,32121,771413,385706,0.021202,29603.73,29149.34,
461,4,0x47242114086D2715A648d0391793730d2aB1CCa2,0x73f8c9b60c0a7453cb638f7561aa429d120d450d53cc63d83e530137807113cd,23248,32121,771413,385706,0.021202,29601.64,29151.66,
461,1,0x627306090abaB3A6e1400e9345bC60c78a8BEf57,0x4ecde14469c4e4797662b43b9a5d7db3697c81d53c5cb35e54a9037de5474968,23248,32121,771413,385706,0.021202,29661.09,29165.96,
462,1,0x627306090abaB3A6e1400e9345bC60c78a8BEf57,0x5b42c1b7c333932353775e8df6f5d2a8ed36407f14c51b99d435d933f274d226,23249,32121,771413,385706,0.021202,29643.92,29151.18,
462,3,0x17D90CC0C9cB61f27A5198c8a96f9eA19341b218,0x25f9f66bc8077a70edee033f181207d0e85325ede6aed22354d49699c05c0de0,23249,32121,771413,385706,0.021202,30603.65,30152.47,
462,2,0xf17f52151EbEF6C7334FAD080c5704D77216b732,0x7d69457959f9730b201751cea5c708c08683116a73e06fe2640f1fcfbf31b74e,23249,32121,771413,385706,0.021202,30633.43,30160.12,
462,4,0x47242114086D2715A648d0391793730d2aB1CCa2,0x8f05a93eb620594ffd49787f351b2f93bfacba346025aa61611b56d0424ad88d,23249,32121,771413,385706,0.021202,30606.70,30151.39,
463,3,0x17D90CC0C9cB61f27A5198c8a96f9eA19341b218,0x52575b1a4f2a15b40d9e8c5532947b756ed901ce3224b20656d8f0083bcad188,23250,32121,789826,394913,0.021708,29611.73,29152.76,
463,2,0xf17f52151EbEF6C7334FAD080c5704D77216b732,0x298997e1ca4391b888c71bd7e4494758e9e00d20162da84d83c130c2b0b6faff,23250,32121,789826,394913,0.021708,29635.59,29161.95,
463,4,0x47242114086D2715A648d0391793730d2aB1CCa2,0xff51c30da1f42ae32dafbe9db074ba9df48e63475ea61fca7f137e893af25a10,23250,32121,789826,394913,0.021708,29613.95,29155.80,
463,1,0x627306090abaB3A6e1400e9345bC60c78a8BEf57,0x570621e309e59bac55c8385c99d1e27645ff02945bdc9c7e8d128335e2fbc0ec,23250,32121,789826,394913,0.021708,30600.33,30149.79,
464,3,0x17D90CC0C9cB61f27A5198c8a96f9eA19341b218,0x6fd40e69bf04e5e0c5af19388eaa905b0960b58c165b0a4eb81e410ee4c28f2d,23251,32121,789826,394913,0.021708,29630.19,29165.81,
464,2,0xf17f52151EbEF6C7334FAD080c5704D77216b732,0x334650042e9560af6c24239f93938612a998e9e3f6eaf29bb04e70be3c3e9e8d,23251,32121,789826,394913,0.021708,29636.30,29158.96,
464,1,0x627306090abaB3A6e1400e9345bC60c78a8BEf57,0x884be4439c781053ad865713d0c99e4ebc43898ad868be27f2a008185d15bba7,23251,32121,789826,394913,0.021708,29614.89,29160.40,
464,4,0x47242114086D2715A648d0391793730d2aB1CCa2,0x89a6f45adec53774c330c58fc762d3c356b84d78f30388811d16715d34895b1c,23251,32121,789826,394913,0.021708,29922.55,29458.43,
465,1,0x627306090abaB3A6e1400e9345bC60c78a8BEf57,0xf57bbf0bea0da52b33bdd773a5225d025eb3a5659405b9881f9dff5145cdb41c,23252,32121,789826,394913,0.021708,29636.87,29160.58,
465,4,0x47242114086D2715A648d0391793730d2aB1CCa2,0x7c49e25caa0206f43c383de867af6f248587fa81ef5d487b5b651320ece9b892,23252,32121,789826,394913,0.021708,29612.05,29153.52,
465,2,0xf17f52151EbEF6C7334FAD080c5704D77216b732,0x2a9d10d1ea848b9575f0ee76910887ea250e77ec63be40646521f9c06e7deae9,23252,32121,789826,394913,0.021708,30014.79,29166.51,
465,3,0x17D90CC0C9cB61f27A5198c8a96f9eA19341b218,0x486675d07e2193e45f0849e5e88cf2821adc004c91de7f3cd5abd71f6c959c60,23252,32121,789826,394913,0.021708,30654.77,30163.04,
466,3,0x17D90CC0C9cB61f27A5198c8a96f9eA19341b218,0xee0f8844c4b57371ff29488b40933824a57821aace1418877e9cb3c3670746cb,23253,32121,789826,394913,0.021708,29653.19,29164.20,
466,1,0x627306090abaB3A6e1400e9345bC60c78a8BEf57,0xf36daedfa475cf55ed8f81d84c84626aafa4977c204e87118a0b98ce1d38f6d8,23253,32121,789826,394913,0.021708,30644.86,30160.09,
466,4,0x47242114086D2715A648d0391793730d2aB1CCa2,0xc5b89e795708a9634857c19ce5196c42ce08ace7cf72b2242646f34f5446fb24,23253,32121,789826,394913,0.021708,30607.60,30151.06,
466,2,0xf17f52151EbEF6C7334FAD080c5704D77216b732,0x7556105d8546dc7d647e5457d9b5b8c82286b206043f9bb57a646be94ba8601f,23253,32121,789826,394913,0.021708,30667.66,30166.52,
467,3,0x17D90CC0C9cB61f27A5198c8a96f9eA19341b218,0xaca4af7d10a10f071ac2b07f49184916ed17800401a5ee45bef6f410df0b29fc,23254,32121,789826,394913,0.021708,29656.28,29165.26,
467,1,0x627306090abaB3A6e1400e9345bC60c78a8BEf57,0x9224c331a284a4bb87d2ee39c029a8b1233f20e6f00a1dfce9df5db69fb401d8,23254,32121,789826,394913,0.021708,29644.58,29161.58,
467,4,0x47242114086D2715A648d0391793730d2aB1CCa2,0xdcfc9e82b6e7c7526ee71f1477c45ffeb4a9050c03f859be1c79320367024e51,23254,32121,789826,394913,0.021708,29617.64,29153.58,
467,2,0xf17f52151EbEF6C7334FAD080c5704D77216b732,0x24703dbf8504f564278d8c3c45a53d8b7c9e5c1d7b1e78b466069f665303968b,23254,32121,789826,394913,0.021708,29673.40,29169.05,
468,2,0xf17f52151EbEF6C7334FAD080c5704D77216b732,0x38338bd864b23b44620cbf4bbfa33de6077db4df886754204863d1d6786574bd,23255,32121,789826,394913,0.021708,29674.39,29167.98,
468,3,0x17D90CC0C9cB61f27A5198c8a96f9eA19341b218,0xa9e28cac541dfe68553dfd69f59a341e38f01cc2dd2ddc95cb883c6d56da9fb6,23255,32121,789826,394913,0.021708,30656.02,30163.19,
468,4,0x47242114086D2715A648d0391793730d2aB1CCa2,0xe62821a182eeceac6b7e47eeac8a7c14d16813498a2866ca9c31f1d8a7ce3a60,23255,32121,789826,394913,0.021708,30606.75,30152.26,
468,1,0x627306090abaB3A6e1400e9345bC60c78a8BEf57,0x62e18f45957e6e4272d63db4cfec0eb5220b8023e440f747a9c3487bcd131890,23255,32121,789826,394913,0.021708,30643.21,30160.96,
469,3,0x17D90CC0C9cB61f27A5198c8a96f9eA19341b218,0x37aa08aa1e6d959827fdc4e49cb14daf4f3560f7df49eadcbb8710a94b157941,23256,32121,789826,394913,0.021708,29655.66,29163.98,
469,4,0x47242114086D2715A648d0391793730d2aB1CCa2,0x458c80c82d665b9fa401717ba1fa8819e03e15259f2364818ed3d368c5495b66,23256,32121,789826,394913,0.021708,29608.98,29152.07,
469,1,0x627306090abaB3A6e1400e9345bC60c78a8BEf57,0x6c874b55274fd2f13a3f3d9ee6e2c5bb8386d7ae433d4223fcef60bcfe2377c0,23256,32121,789826,394913,0.021708,29640.68,29161.84,
469,2,0xf17f52151EbEF6C7334FAD080c5704D77216b732,0x1f3a832511d0c2df178a44d729aa71954d14372729841fb6104164717ab67d59,23256,32121,789826,394913,0.021708,30667.95,30167.51,
470,3,0x17D90CC0C9cB61f27A5198c8a96f9eA19341b218,0x0fcda1c333c90cbe338360f41fa15954bf135dc5af63d97cfaf4d06651d56959,23257,32121,789826,394913,0.021708,29653.69,29164.60,
470,4,0x47242114086D2715A648d0391793730d2aB1CCa2,0x3d4e5e15126dce5fd8bbf8e11f93db3eb8c033146d7405986ba5ff748a272d9e,23257,32121,789826,394913,0.021708,29606.35,29149.44,
470,1,0x627306090abaB3A6e1400e9345bC60c78a8BEf57,0xf74d06149c32d1cc4b63bbfb92e34719e6d2799231ad4bbda5ca8630d41790dc,23257,32121,789826,394913,0.021708,29642.48,29157.17,
470,2,0xf17f52151EbEF6C7334FAD080c5704D77216b732,0x4fbd0fc37847b9920ad2bc24fdb06087ad7826cf310a7684d36dc74797912c81,23257,32121,789826,394913,0.021708,29672.01,29168.56,
471,2,0xf17f52151EbEF6C7334FAD080c5704D77216b732,0x3e7262328e551e87e7d59644de3bc9dc92a576bd767f3edf191ce6e0dacee313,23258,32121,790654,395327,0.021730,29669.50,29165.96,
471,3,0x17D90CC0C9cB61f27A5198c8a96f9eA19341b218,0x751f5618be7570f3fd7898f7d28fbb6864a8879aff50a89f87f5297f1d7f4f47,23258,32121,790654,395327,0.021730,30653.15,30167.77,
471,4,0x47242114086D2715A648d0391793730d2aB1CCa2,0xfe1cea2011125fdef0e26ef670819a10fb71edaccf4323c850b1fcbffa376dcc,23258,32121,790654,395327,0.021730,30604.02,30150.06,
471,1,0x627306090abaB3A6e1400e9345bC60c78a8BEf57,0x603eb8fad81d9d34386f76b71ee62c03a8ca58f4c2b1b776d1da71fc0657d9b7,23258,32121,790654,395327,0.021730,30638.73,30160.94,
472,4,0x47242114086D2715A648d0391793730d2aB1CCa2,0xbfd719fb8f4d0001489024a68c468337bb2d219484d38b3ff06cc023f8b119d3,23259,32121,790654,395327,0.021730,29602.29,29149.34,
472,3,0x17D90CC0C9cB61f27A5198c8a96f9eA19341b218,0x5fa63fbcd493824fd192c803b201a8da2546d4dfaa578de3c5d81b07ec7f4a05,23259,32121,790654,395327,0.021730,29646.98,29159.60,
472,1,0x627306090abaB3A6e1400e9345bC60c78a8BEf57,0x28b2f0750b519f3b5f4717a7df6e4b42888dc3b6b3fc9e43f5ab3467c15e3c91,23259,32121,790654,395327,0.021730,29634.84,29159.07,
472,2,0xf17f52151EbEF6C7334FAD080c5704D77216b732,0xb4ed7d21c2ee1c39fdbc3c02134806c5a3d7cf991999355b710ba036c0c44b04,23259,32121,790654,395327,0.021730,30663.03,30165.27,
473,4,0x47242114086D2715A648d0391793730d2aB1CCa2,0xfbced597f85f560490b1c1517a5e674da886eae6e39e119b76e1f316178192d3,23260,32121,790654,395327,0.021730,29605.35,29156.04,
473,3,0x17D90CC0C9cB61f27A5198c8a96f9eA19341b218,0x6569fb4a7b4467b41b462e1bb1d73a4f834e955bc196d9faaeafe79031877ec6,23260,32121,790654,395327,0.021730,29650.66,29165.12,
473,1,0x627306090abaB3A6e1400e9345bC60c78a8BEf57,0xe0dd854835acdb5ab76c3414d0ba452c4aa91fb8da3ea3497ca70eb6255ff1d6,23260,32121,790654,395327,0.021730,29639.90,29158.95,
473,2,0xf17f52151EbEF6C7334FAD080c5704D77216b732,0x87b0f236659919a94d22df8ead032e4d37ae3ddc76d328a74e44e7c060dea85e,23260,32121,790654,395327,0.021730,29661.29,29164.76,
474,2,0xf17f52151EbEF6C7334FAD080c5704D77216b732,0x1fd8548835927b72303a958a44c23adb5cee37b8a3163a75ac6cacf71d9ca866,23261,32121,792267,396133,0.021775,29664.77,29164.71,
474,4,0x47242114086D2715A648d0391793730d2aB1CCa2,0xa58e2db3682af18479fd496fed9388ab94ce6411c8d699f76654aa9ec37398a4,23261,32121,792267,396133,0.021775,30602.34,30148.54,
474,3,0x17D90CC0C9cB61f27A5198c8a96f9eA19341b218,0x145947c666a89539a677955f3e1108b9e9f67bcb28cd79fd68c2f6b3c8939ff4,23261,32121,792267,396133,0.021775,30645.64,30159.72,
474,1,0x627306090abaB3A6e1400e9345bC60c78a8BEf57,0x65f9237489293d3ba4a16d9d7e8e185ec72b6e494af5157cc442ffd2b0530ba0,23261,32121,792267,396133,0.021775,30632.79,30156.64,
475,4,0x47242114086D2715A648d0391793730d2aB1CCa2,0xca55c080b57b76df0d452628b0c1bf76c10b4bcfd1f1d3f6bcea3f74116f88fe,23262,32121,801166,400583,0.022019,29594.94,29148.74,
475,3,0x17D90CC0C9cB61f27A5198c8a96f9eA19341b218,0x2a5b3698ed14d1a2bc19b27268b873231c3dfeb8d3a48296aef1e5aee59da2da,23262,32121,801166,400583,0.022019,29645.99,29160.20,
475,1,0x627306090abaB3A6e1400e9345bC60c78a8BEf57,0xf904c9051e78a4c0d44687d1a7d66fb333e9a3bef04f6107767252330ee9772a,23262,32121,801166,400583,0.022019,29630.13,29156.40,
475,2,0xf17f52151EbEF6C7334FAD080c5704D77216b732,0x61d38f43ab71ad6df0eabea468db1632b7caa0a1206338bd3c14359649dd1095,23262,32121,801166,400583,0.022019,30661.61,30165.69,
476,1,0x627306090abaB3A6e1400e9345bC60c78a8BEf57,0x2bc247299c3e4c53da612b8100bea58215f226cc1587f53e17de2afc904b333c,23263,32121,801166,400583,0.022019,29632.44,29159.65,
476,2,0xf17f52151EbEF6C7334FAD080c5704D77216b732,0xbbfbdeee8993a0872bc5a274682d9642bd6bdd0727525e303ca65ba8de626cb1,23263,32121,801166,400583,0.022019,29660.87,29165.44,
476,4,0x47242114086D2715A648d0391793730d2aB1CCa2,0x9ff2131bd5c2ba5e454aa87ab8e2243f78d35071f3b81c0ff21eca61e03d6da3,23263,32121,801166,400583,0.022019,30595.09,30150.78,
476,3,0x17D90CC0C9cB61f27A5198c8a96f9eA19341b218,0x44af422c82b1f0d6ae94433fdc73c6e21bf98d8f4df43f84e8d918ef1ee3f0fc,23263,32121,801166,400583,0.022019,30644.74,30161.17,
477,2,0xf17f52151EbEF6C7334FAD080c5704D77216b732,0xa299a9e656fc38e675e0aa95c26445fe4832f6f4e11c14d7fd5e476f7b866d3a,23264,32121,801166,400583,0.022019,29662.64,29166.92,
477,4,0x47242114086D2715A648d0391793730d2aB1CCa2,0x962381d4b3ff4da4ef36e326408eb8dc2c6296da200ace0fa01b7f1615254c32,23264,32121,801166,400583,0.022019,29599.08,29150.51,
477,3,0x17D90CC0C9cB61f27A5198c8a96f9eA19341b218,0x6113e714afa9384528f90c2ae8b5b4de2ffdb22e7ca7df6667fe52cf21dfaa70,23264,32121,801166,400583,0.022019,29650.38,29161.25,
477,1,0x627306090abaB3A6e1400e9345bC60c78a8BEf57,0x1dacabd96c7e78af010944e8c26d7d98e0b138588b596e0c31b8a8a0f94b5574,23264,32121,801166,400583,0.022019,30634.77,30158.11,
478,3,0x17D90CC0C9cB61f27A5198c8a96f9eA19341b218,0x6c78f0feada4d4ee854179cc5760ecedc39588e91a6bee7cc33b7f2b2f329710,23265,32121,801166,400583,0.022019,29653.20,29167.60,
478,1,0x627306090abaB3A6e1400e9345bC60c78a8BEf57,0x90b1df265ff21d176aafcfaf35a56000415577fa548f7c43b2a6fa2ec07e81e9,23265,32121,801166,400583,0.022019,29635.06,29158.38,
478,2,0xf17f52151EbEF6C7334FAD080c5704D77216b732,0x97699accc27a9f07df9ad6232709c3bae1e3304ffb38244d5478c57ccd0726ca,23265,32121,801166,400583,0.022019,30669.38,30166.59,
478,4,0x47242114086D2715A648d0391793730d2aB1CCa2,0x68e137d2b9a3e40ddbd238ac42e81a42a69972d06997613b657298407fff60c2,23265,32121,801166,400583,0.022019,30599.31,30151.09,
479,2,0xf17f52151EbEF6C7334FAD080c5704D77216b732,0x1d6bc5859c6d4106e588e66d20d96bf1e3f49f018c4c6e32fbfb4b1e05654ccb,23266,32121,801166,400583,0.022019,29667.72,29167.82,
479,4,0x47242114086D2715A648d0391793730d2aB1CCa2,0xe70a97a7ef749949fb3e1570c0e6df56e7d80cc9d045493f136c9258b7de6094,23266,32121,801166,400583,0.022019,29604.43,29153.27,
479,3,0x17D90CC0C9cB61f27A5198c8a96f9eA19341b218,0x34523d20df74a4745727e3b29099da8e8897ddd678b2ddcebc81350b5c67983f,23266,32121,801166,400583,0.022019,30646.10,30163.21,
479,1,0x627306090abaB3A6e1400e9345bC60c78a8BEf57,0x0fd6e59f9405dc8839c7118eb2831d5fe0b9ead518753d8246f82b6dd5191644,23266,32121,801166,400583,0.022019,30631.24,30158.50,
480,4,0x47242114086D2715A648d0391793730d2aB1CCa2,0x76a92212c470895a27baafb514acca322aa17afd3dd5dcae4553e6efe113e94c,23267,32121,801166,400583,0.022019,29605.90,29150.42,
480,2,0xf17f52151EbEF6C7334FAD080c5704D77216b732,0xf28224b89ac70162f701c64140f694c5ddb050123b63a68dd196b63c63a333af,23267,32121,801166,400583,0.022019,29673.02,29167.55,
480,3,0x17D90CC0C9cB61f27A5198c8a96f9eA19341b218,0xc7e496b4ffce44f7133b534e45f46a17c4410592c5ba0d76adb1e8325f022c35,23267,32121,801166,400583,0.022019,29648.05,29162.03,
480,1,0x627306090abaB3A6e1400e9345bC60c78a8BEf57,0x8449351f2e375817eaf1eb91ddd8c61f1b1077eac68228ed7cf444116c35c537,23267,32121,801166,400583,0.022019,29640.09,29162.72,
481,3,0x17D90CC0C9cB61f27A5198c8a96f9eA19341b218,0x498f77c5efd6a2a3639d6dd05d7a543360546d7737b06bf0556e193cb3d39224,23268,32121,804392,402196,0.022108,29652.92,29161.20,
481,1,0x627306090abaB3A6e1400e9345bC60c78a8BEf57,0xdab5f4629902049394d08317d124b25ddc2105a372b41c02b0a6f7ac6319b2b9,23268,32121,804392,402196,0.022108,29630.82,29157.34,
481,4,0x47242114086D2715A648d0391793730d2aB1CCa2,0x40caf37ff6a5290829e1e96b6974f8cc6ff83583c36faea584a7b644c07f5a32,23268,32121,804392,402196,0.022108,30601.72,30148.07,
481,2,0xf17f52151EbEF6C7334FAD080c5704D77216b732,0x7dbef7f9128ea4f8a231ae90de8c506fe6b1a5a0be6dc98633fd76ba59a354b6,23268,32121,804392,402196,0.022108,30672.10,30165.39,
482,4,0x47242114086D2715A648d0391793730d2aB1CCa2,0x0e4682b9301eb4b55d2fd19e4bafd64c76b066d32d1186de9615f99b35738186,23269,32121,804392,402196,0.022108,29596.50,29148.78,
482,2,0xf17f52151EbEF6C7334FAD080c5704D77216b732,0x7012447c5f7b67e2cecf912dbf2d6909665edc55ad4a79e2c0fec65b4f34e14f,23269,32121,804392,402196,0.022108,29663.84,29165.65,
482,1,0x627306090abaB3A6e1400e9345bC60c78a8BEf57,0x3ec2722900617779877a0ffb37b855c8f4373edee7ac94a075ce1c6fd28eb008,23269,32121,804392,402196,0.022108,30633.98,30161.50,
482,3,0x17D90CC0C9cB61f27A5198c8a96f9eA19341b218,0xedd85c607be2915718b498d1edd1ec597287e4d5ddb39233bdc935093b79b5b9,23269,32121,804392,402196,0.022108,30643.03,30161.79,
483,4,0x47242114086D2715A648d0391793730d2aB1CCa2,0x7d4efb4965ffdae73e6dc45b8ea7dd877fa80893f9f4aab4c828bbf16a9fc718,23270,32121,806254,403127,0.022159,29606.53,29152.32,
483,2,0xf17f52151EbEF6C7334FAD080c5704D77216b732,0x3eec824cbf9a41a5e60e728512a220956a84d147f704cad61c5572ba1b191376,23270,32121,806254,403127,0.022159,29672.47,29166.91,
483,1,0x627306090abaB3A6e1400e9345bC60c78a8BEf57,0x7e801c3c72959857c376a0365fa5fbc112866d27da06a3c26222d307b22c96a9,23270,32121,806254,403127,0.022159,29641.47,29158.69,
483,3,0x17D90CC0C9cB61f27A5198c8a96f9eA19341b218,0x1d6cbcafc26b76c4a3ab553205d01dcb43f04ece3926751e0c7c4258a9f06368,23270,32121,806254,403127,0.022159,29648.53,29162.07,
484,1,0x627306090abaB3A6e1400e9345bC60c78a8BEf57,0x5416b16386e6c4de19f58f10eefe0ead4e4fdc05562e6542183483d450c3444d,23271,32121,810766,405383,0.022283,29639.43,29157.64,
484,3,0x17D90CC0C9cB61f27A5198c8a96f9eA19341b218,0xbde55b95095cd91b50830d86ca59ccc984bd64dee16b34d14cee070aa2d48fa2,23271,32121,810766,405383,0.022283,29645.88,29162.91,
484,4,0x47242114086D2715A648d0391793730d2aB1CCa2,0xadb6875e93de3bea5388fbecd53f88e967bd4129de417e41165e9df47cde2770,23271,32121,810766,405383,0.022283,30601.87,30150.39,
484,2,0xf17f52151EbEF6C7334FAD080c5704D77216b732,0x728b9724e57d7bc5b7eab678b204328d568d345aba73119310854eff24c1e628,23271,32121,810766,405383,0.022283,30668.26,30171.59,
485,4,0x47242114086D2715A648d0391793730d2aB1CCa2,0x6b53832d9795a9c9576f7cac959cffff38f44ef05f73c3333836c99eee8b03f7,23272,32121,810766,405383,0.022283,29600.78,29150.38,
485,2,0xf17f52151EbEF6C7334FAD080c5704D77216b732,0x67c40278059df9c8b9364439d0246ba150e920016d1f01b3025e6ef21e0bcfd7,23272,32121,810766,405383,0.022283,29664.08,29166.44,
485,1,0x627306090abaB3A6e1400e9345bC60c78a8BEf57,0xf9d6539d3953e649603bc3cb9d01518a8be98670fc42475fd70eb32300330273,23272,32121,810766,405383,0.022283,30634.37,30157.54,
485,3,0x17D90CC0C9cB61f27A5198c8a96f9eA19341b218,0x00b2fb44a8a75e6ade0164075996c999caf642bb5007b9e21ee26f022ec41120,23272,32121,810766,405383,0.022283,30649.32,30161.91,
486,2,0xf17f52151EbEF6C7334FAD080c5704D77216b732,0xa31fc615d91979a09eab3e75340a37b033bb6ad31a338c585d0f71ca53fe09b8,23273,32121,821814,410907,0.022587,29663.70,29165.92,
486,1,0x627306090abaB3A6e1400e9345bC60c78a8BEf57,0x89d7143d5db0c203f194304490212cd8c63cbd44d8f59b3a924f0b0a3b57d055,23273,32121,821814,410907,0.022587,29627.91,29156.90,
486,3,0x17D90CC0C9cB61f27A5198c8a96f9eA19341b218,0x42ef556ccb7239dde90bc150efd9c85d48ee615954b85621d3318f8a09d4bdfb,23273,32121,821814,410907,0.022587,29643.24,29161.77,
486,4,0x47242114086D2715A648d0391793730d2aB1CCa2,0x14751b8768daebc7120c3689cb64dc45427d51da9322fd7b593c3828bc8376b2,23273,32121,821814,410907,0.022587,30598.50,30150.28,
487,1,0x627306090abaB3A6e1400e9345bC60c78a8BEf57,0x8db9973efc04a8619852e974834156129e68b6c70efcf8881e064c58eee359b3,23274,32121,821814,410907,0.022587,29643.09,29156.98,
487,3,0x17D90CC0C9cB61f27A5198c8a96f9eA19341b218,0x9ab3aa528403e22b2081464b29c4b53d723c6a6c0b184933eb2b019275bdd24f,23274,32121,821814,410907,0.022587,29645.49,29162.51,
487,4,0x47242114086D2715A648d0391793730d2aB1CCa2,0xb7d79f1191ddc4c2207c1f00825ac9350f38a5b3bd9dfab7bd3eb9815e22de43,23274,32121,821814,410907,0.022587,29600.68,29150.09,
487,2,0xf17f52151EbEF6C7334FAD080c5704D77216b732,0x4ac73c1120f0a8b8976d821976c557c1b13f36b03794b0de6c886e363db82023,23274,32121,821814,410907,0.022587,30661.14,30164.43,
488,2,0xf17f52151EbEF6C7334FAD080c5704D77216b732,0x176d5822ef66c53c413f767d9a66a7f01adb701dcf383f9a989e2563d2af18b8,23275,32121,821814,410907,0.022587,29672.34,29173.51,
488,1,0x627306090abaB3A6e1400e9345bC60c78a8BEf57,0xfd42320d799451a744486d536c3927f48958bb6988c0f0a8bb6bb2b98c8d9d4d,23275,32121,821814,410907,0.022587,30658.96,30159.68,
488,3,0x17D90CC0C9cB61f27A5198c8a96f9eA19341b218,0x4beca8d1d23049f50ad75025080620b76c2ff347579df01d515e322372165168,23275,32121,821814,410907,0.022587,30663.37,30177.48,
488,4,0x47242114086D2715A648d0391793730d2aB1CCa2,0x3f0b3eee80e3d9737ca16dfb91aee39efb8f3f507e6936f1841805bf6a5aea33,23275,32121,821814,410907,0.022587,30631.94,30185.03,
489,2,0xf17f52151EbEF6C7334FAD080c5704D77216b732,0x0728a39cd4a6ca8cf6c78e63b266953682dc2b73f5e1de1d7ff896aaef16790b,23276,32121,821814,410907,0.022587,29771.03,29172.80,
489,1,0x627306090abaB3A6e1400e9345bC60c78a8BEf57,0xa5f3b2e2cefb805c8444de9aabbc46dee3f3f5d0c10605cbfa9771fe8d9c727d,23276,32121,821814,410907,0.022587,29702.46,29156.75,
489,3,0x17D90CC0C9cB61f27A5198c8a96f9eA19341b218,0xd3c40f841ce90f2935407055f8b491d3f9f117deb49eda71425dfad125cd7ceb,23276,32121,821814,410907,0.022587,29722.63,29163.82,
489,4,0x47242114086D2715A648d0391793730d2aB1CCa2,0xa6b669fe84ec8ba738c72e386f4f5eecc523c762b73a175b3810c526ed4e805c,23276,32121,821814,410907,0.022587,29643.79,29151.35,
490,1,0x627306090abaB3A6e1400e9345bC60c78a8BEf57,0x90c1dd892cced24d1bef9b5e01b4b68612798b191a50f2ad1a644458b398c2f5,23277,32121,821814,410907,0.022587,29632.52,29159.87,
490,3,0x17D90CC0C9cB61f27A5198c8a96f9eA19341b218,0xc6824753108f675ba4f4310ad14213d8d12a492ab43ab6ba46d974f0a40c072f,23277,32121,821814,410907,0.022587,29648.34,29162.58,
490,4,0x47242114086D2715A648d0391793730d2aB1CCa2,0x051ed4d79fd739f0148c016cda92760072b1650a842002b470ed6c0a63567b7c,23277,32121,821814,410907,0.022587,29614.50,29150.16,
490,2,0xf17f52151EbEF6C7334FAD080c5704D77216b732,0xce872014edfb5e9be6af7f5f989b1f4cf19b3f59b211f6e3ee94e4708045d47c,23277,32121,821814,410907,0.022587,30666.54,30164.04,
491,2,0xf17f52151EbEF6C7334FAD080c5704D77216b732,0x9ec6543ddc2bd55a4279527287c3f4d9fb50a8c0770b29cfc92ea84a34ec2f36,23278,32121,826449,413224,0.022714,29666.07,29168.79,
491,1,0x627306090abaB3A6e1400e9345bC60c78a8BEf57,0x498e18a155cbcde63d81be6807152f35f64098663e569825e61d8e1aebcb835e,23278,32121,826449,413224,0.022714,30632.73,30157.40,
491,3,0x17D90CC0C9cB61f27A5198c8a96f9eA19341b218,0x216bfb16cd8b944992e71b6d47c2225696c2d4cf7929391f1263b3852a854e69,23278,32121,826449,413224,0.022714,30646.19,30161.12,
491,4,0x47242114086D2715A648d0391793730d2aB1CCa2,0x61536c9af3eb97fa5b57cfd67cc08fc90194bf8cc3b92a7ab97bb186c55c6ee6,23278,32121,826449,413224,0.022714,30604.91,30150.54,
492,1,0x627306090abaB3A6e1400e9345bC60c78a8BEf57,0x73f7e514fb7c0fa49e452adc705b38d07154a32e088a8da0dcfb8070a2478d6f,23279,32121,826449,413224,0.022714,29637.35,29158.33,
492,2,0xf17f52151EbEF6C7334FAD080c5704D77216b732,0xaaca7a48e1d140d8632a74d52eeff1ef221ee3b46cc86618e5986fd97820ae3f,23279,32121,826449,413224,0.022714,29668.11,29165.88,
492,3,0x17D90CC0C9cB61f27A5198c8a96f9eA19341b218,0xaba2e219c4ea98cc083b1c8525ab6e8b260501c08347dc23e4c731664b808008,23279,32121,826449,413224,0.022714,29645.23,29160.56,
492,4,0x47242114086D2715A648d0391793730d2aB1CCa2,0x1426d85eb2c00eb1c31368e156197137ffa7e098403523631ef24d51d5c2a6dc,23279,32121,826449,413224,0.022714,29602.80,29149.99,
493,3,0x17D90CC0C9cB61f27A5198c8a96f9eA19341b218,0xa61ae547f28fe8d49662f06d98fb2b19759f175738ba8a531e1240737fa9bff4,23280,32121,826449,413224,0.022714,29646.94,29161.63,
493,4,0x47242114086D2715A648d0391793730d2aB1CCa2,0xe936ba619323f5f91f420d7b57b2ad57d81fab4f8fbf134a7d3c00e79e91c6e7,23280,32121,826449,413224,0.022714,29599.99,29148.06,
493,1,0x627306090abaB3A6e1400e9345bC60c78a8BEf57,0xd160f406ce82786ee58c3a0755348ec59c24e25e6e066cd2d4b9123f6f1b253b,23280,32121,826449,413224,0.022714,30632.48,30156.89,
493,2,0xf17f52151EbEF6C7334FAD080c5704D77216b732,0xf1d552c2558c036783bafc2d6d4d00c102baee564d01d6db3f9d8c9af7e47bfa,23280,32121,826449,413224,0.022714,30660.86,30165.20,
494,1,0x627306090abaB3A6e1400e9345bC60c78a8BEf57,0x5073859f571f56e5e862be77c5085cd9b3cb06de60df2b4b86b426984efdf2ea,23281,32121,845317,422658,0.023233,29641.10,29158.66,
494,2,0xf17f52151EbEF6C7334FAD080c5704D77216b732,0x1c1af57fe312247f91c0efb246e33af3feac5d7aa0a1ffb7c141b8e689cc9368,23281,32121,845317,422658,0.023233,29672.13,29170.72,
494,4,0x47242114086D2715A648d0391793730d2aB1CCa2,0x73827ef70f87927bda267d110c4cce964e36435f250e6c7dcaf9ff90f29c5272,23281,32121,845317,422658,0.023233,30616.80,30164.88,
494,3,0x17D90CC0C9cB61f27A5198c8a96f9eA19341b218,0x151e88b97c3491484c16826fea01524a8cb8c765b6fb1c7f8f3bf5971b10d586,23281,32121,845317,422658,0.023233,30656.57,30168.31,
495,1,0x627306090abaB3A6e1400e9345bC60c78a8BEf57,0x9570157a2f76dafe4b04bd5da7941d2ebda6a31a00353a374b87608760039e92,23282,32121,845317,422658,0.023233,29636.78,29154.55,
495,4,0x47242114086D2715A648d0391793730d2aB1CCa2,0xa042477aa75b0a651c526019cbe441cd9d28675df7e28da1bb3eb83cb6dd62ea,23282,32121,845317,422658,0.023233,29611.22,29151.13,
495,2,0xf17f52151EbEF6C7334FAD080c5704D77216b732,0x7d8deb51587440202ef0ef7b0e2af9df125849d52a5a751f6208b92d22eded68,23282,32121,845317,422658,0.023233,29662.12,29155.14,
495,3,0x17D90CC0C9cB61f27A5198c8a96f9eA19341b218,0xef0f59001444e176bbcf86a4a4ead373b374d8570d8c9d8a81e1262239bd132f,23282,32121,845317,422658,0.023233,29645.85,29159.19,
496,3,0x17D90CC0C9cB61f27A5198c8a96f9eA19341b218,0xfa2909d9faa0b9bddf9b915123c1ef76fad0456ba82ee9e678dda1d0c292008c,23283,32121,845317,422658,0.023233,29637.30,29163.72,
496,1,0x627306090abaB3A6e1400e9345bC60c78a8BEf57,0xa5a30b71ccf8d57e13dc9dc7383985753aff98dc79cb9b3d12d7bee1c93f1be5,23283,32121,845317,422658,0.023233,30621.94,30155.72,
496,4,0x47242114086D2715A648d0391793730d2aB1CCa2,0x87d858c6e068c647a2b2cb698bad76993ae29274dba27733a34451d7a411d532,23283,32121,845317,422658,0.023233,30605.01,30152.03,
496,2,0xf17f52151EbEF6C7334FAD080c5704D77216b732,0x647b3986f5bfcfd553d967702ec7ad07467ece084d76a77e8d6a4532fe497df6,23283,32121,845317,422658,0.023233,30616.86,30153.37,
497,1,0x627306090abaB3A6e1400e9345bC60c78a8BEf57,0x63dc08899df99217985faab4d8ebc26cd3393ed7fa4acfebf67d2b268745e0de,23284,32121,845317,422658,0.023233,29626.65,29157.02,
497,4,0x47242114086D2715A648d0391793730d2aB1CCa2,0xa29c8caf8a281d2790085b08756cc998fb5278ffc64d5001624bc8760d71cebe,23284,32121,845317,422658,0.023233,29603.26,29150.05,
497,2,0xf17f52151EbEF6C7334FAD080c5704D77216b732,0x5edca8613883c3f5f1166c04e0af437475bab1e394b3f8108399f17e63dad75c,23284,32121,845317,422658,0.023233,29607.40,29152.48,
497,3,0x17D90CC0C9cB61f27A5198c8a96f9eA19341b218,0x011c189c0d874cb5204a4e27643b98ce81b0c2fa406e469397000a78fb2fc43c,23284,32121,845317,422658,0.023233,30636.15,30155.72,
498,1,0x627306090abaB3A6e1400e9345bC60c78a8BEf57,0x4d1a1097adc06408f8c5ce5246d7aedba387fc886dc3f19da256273b26bb7b85,23285,32121,845317,422658,0.023233,29622.78,29156.10,
498,4,0x47242114086D2715A648d0391793730d2aB1CCa2,0x98d8b879d82344bbfdc4538fb3ec3c1bfdd93b56983b282deb31214e06348f79,23285,32121,845317,422658,0.023233,29601.76,29151.38,
498,2,0xf17f52151EbEF6C7334FAD080c5704D77216b732,0xd04741c5c508a134d0caa5a7cac2ef0da88fdce2df13955ab26170d720721efb,23285,32121,845317,422658,0.023233,29616.50,29154.44,
498,3,0x17D90CC0C9cB61f27A5198c8a96f9eA19341b218,0x49487e8e50e1b0612ae19848e00550f1d9d0613b80c5f91427ae6de330045e94,23285,32121,845317,422658,0.023233,29627.19,29155.07,
499,1,0x627306090abaB3A6e1400e9345bC60c78a8BEf57,0xa79e723da326a4361a9dcfb4a3c80936d7dd7f3e4df55c12596639a0221d9219,23286,32121,845317,422658,0.023233,30628.43,30157.59,
499,4,0x47242114086D2715A648d0391793730d2aB1CCa2,0x100f13bee2c9a23eddd7d9ab0dd063a329ac49a19ad4466a00d720b77e2c2285,23286,32121,845317,422658,0.023233,30606.13,30149.82,
499,2,0xf17f52151EbEF6C7334FAD080c5704D77216b732,0x2cc2c83dc6cf977afbaf786791d7b6db740b19e8684587dbe9388101c0676a9c,23286,32121,845317,422658,0.023233,30617.58,30153.86,
499,3,0x17D90CC0C9cB61f27A5198c8a96f9eA19341b218,0x4b670500ed77281b4f6e1e26c57ef0cce70291723add9d25bd28e6ac6ef51e14,23286,32121,845317,422658,0.023233,30634.62,30157.48,
500,4,0x47242114086D2715A648d0391793730d2aB1CCa2,0x1bb4f2cdd5d3aadf1735e2257094bef96e84966aaf96ef5fe2be68ff2685a9da,23287,32121,845317,422658,0.023233,29605.85,29150.64,
500,1,0x627306090abaB3A6e1400e9345bC60c78a8BEf57,0xf7d0aea96e2a2af7439441f2a83f9185f31075bd2fb62042753d7fafdd59716f,23287,32121,845317,422658,0.023233,29655.14,29189.26,
500,2,0xf17f52151EbEF6C7334FAD080c5704D77216b732,0xdc2fb9cab6ee278746106679d0d72105ec7764e90c1b83ba060d2a46d9f9d5a4,23287,32121,845317,422658,0.023233,29699.96,29233.31,
500,3,0x17D90CC0C9cB61f27A5198c8a96f9eA19341b218,0xb2f5e3f11ac05e10ca307a3239615698bd0604ed532e8619acf7bf2b9fb33804,23287,32121,845317,422658,0.023233,29633.81,29156.54,
501,1,0x627306090abaB3A6e1400e9345bC60c78a8BEf57,0x252b239e12bdddd6d2b5a85970e9862fbc01f9ef7efbf16014ff83c112a0e281,23288,32121,845607,422803,0.023241,29629.58,29163.76,
501,2,0xf17f52151EbEF6C7334FAD080c5704D77216b732,0x1055bb857aa5e44816224337d6cb28bf146af955df2ea815789047f82349a9ab,23288,32121,845607,422803,0.023241,29616.82,29156.17,
501,3,0x17D90CC0C9cB61f27A5198c8a96f9eA19341b218,0x67303f967590ee604452e0f689a105eeb228c24b1dfd5458680c19ffbcc2d0a4,23288,32121,845607,422803,0.023241,29625.23,29159.17,
501,4,0x47242114086D2715A648d0391793730d2aB1CCa2,0x0187b4b85fed8c16654bb828dde46865455492200705b13d85648ded50e07855,23288,32121,845607,422803,0.023241,30640.64,30152.22,
502,4,0x47242114086D2715A648d0391793730d2aB1CCa2,0x6997ee860ae17efc4ed00ff029f420f11a49af50fb2bc13b8f878b0688ddd8be,23289,32121,848918,424459,0.023332,29606.18,29153.84,
502,1,0x627306090abaB3A6e1400e9345bC60c78a8BEf57,0x0acea4607b4133580d78827c597d030d6683f796c0cef87b634ebd0f84c76df7,23289,32121,848918,424459,0.023332,30628.77,30156.46,
502,2,0xf17f52151EbEF6C7334FAD080c5704D77216b732,0x8c81192c1356c48b340bb78ba81d054278c16900cb0451ebf7f23762a40f1c3b,23289,32121,848918,424459,0.023332,30615.66,30152.85,
502,3,0x17D90CC0C9cB61f27A5198c8a96f9eA19341b218,0xf3529d64a9cb95c839052a89a7e79004700cc234726e0bf602ff15daa2bae13d,23289,32121,848918,424459,0.023332,30641.64,30156.49,
503,4,0x47242114086D2715A648d0391793730d2aB1CCa2,0xeb2fb5681e727f853dc11e9916063f0e90bb586992f61cfde8df285a7281d788,23290,32121,848918,424459,0.023332,29602.96,29149.79,
503,1,0x627306090abaB3A6e1400e9345bC60c78a8BEf57,0x90212d663084eabcd8c35f60d0101a805b8570fdf2c178005e6717baba89f2ef,23290,32121,848918,424459,0.023332,29634.31,29157.33,
503,2,0xf17f52151EbEF6C7334FAD080c5704D77216b732,0xff97e55527f766473d2ccdefbad529aa61b35171a357dd53168112f2d2ded6ae,23290,32121,848918,424459,0.023332,29623.55,29154.73,
503,3,0x17D90CC0C9cB61f27A5198c8a96f9eA19341b218,0xd22b137d9ddf78529517662dd736a6dc966881650b6e0c231153a6811ecffb7a,23290,32121,848918,424459,0.023332,29628.36,29158.31,
504,3,0x17D90CC0C9cB61f27A5198c8a96f9eA19341b218,0x1aeb1efb45c56d50d12a2083e9f9a5358248318056b9b354fdf13a3b78eb8d7e,23291,32121,848918,424459,0.023332,29632.01,29158.77,
504,4,0x47242114086D2715A648d0391793730d2aB1CCa2,0xe35c5de163da4cb4fed91c2f480e6cb5370e080283aa52abeffdc4a0fad14583,23291,32121,848918,424459,0.023332,30607.15,30152.89,
504,1,0x627306090abaB3A6e1400e9345bC60c78a8BEf57,0xe77cff5273972a9f4328ccaee19938fa20cd303f01874db06a6635324fe5473b,23291,32121,848918,424459,0.023332,30628.55,30156.91,
504,2,0xf17f52151EbEF6C7334FAD080c5704D77216b732,0x3e16ed8b926b674256ac565bee4261293f0318ee63a9e605d4c084aa8b22550c,23291,32121,848918,424459,0.023332,30614.56,30152.73,
505,4,0x47242114086D2715A648d0391793730d2aB1CCa2,0xe19bae87ceb446efc581e541117bd181ff3ceaae3dcae37a425c91d7ac156e4b,23292,32121,848918,424459,0.023332,29606.62,29150.25,
505,1,0x627306090abaB3A6e1400e9345bC60c78a8BEf57,0x8f82e688c6302cc79fa57c6a1cd4ab3079c3f6134110bcf60ca9a1feaf814459,23292,32121,848918,424459,0.023332,29627.89,29154.60,
505,2,0xf17f52151EbEF6C7334FAD080c5704D77216b732,0x6f13308e0f1037f771e6cb0b6d5efa5545e8b478fd7beaee4db7820b33d644a7,23292,32121,848918,424459,0.023332,29605.98,29150.31,
505,3,0x17D90CC0C9cB61f27A5198c8a96f9eA19341b218,0x467b171490d7ac62dcd64c8b315a236f1b005f75dcebdd46f66cfc28a9421a06,23292,32121,848918,424459,0.023332,30629.28,30155.79,
506,4,0x47242114086D2715A648d0391793730d2aB1CCa2,0xce554b10798726507cb20eaebb50b66ee949a16b590386bcbe654d66f5687325,23293,32121,850036,425018,0.023363,29600.32,29151.63,
506,1,0x627306090abaB3A6e1400e9345bC60c78a8BEf57,0x103e4ebee006d8b4ea8e1d43df97575b89b36f8595bf19ef292873b20cb483bd,23293,32121,850036,425018,0.023363,29624.38,29156.93,
506,2,0xf17f52151EbEF6C7334FAD080c5704D77216b732,0x38d14fe0ce233b5e34742c7ca9e635fdcf00e703238f75aef3802fd4586e7a92,23293,32121,850036,425018,0.023363,29607.20,29152.65,
506,3,0x17D90CC0C9cB61f27A5198c8a96f9eA19341b218,0xe30e29c52399c427e5eeaf4be1959da5a233f669547a33851091bc7b07af334c,23293,32121,850036,425018,0.023363,29631.14,29156.85,
507,4,0x47242114086D2715A648d0391793730d2aB1CCa2,0xa438a03b0f4b38e1b279a19a3562ebb393abf47163cc5ce1056a097c4d2e25d7,23294,32121,859968,429984,0.023635,30603.54,30150.12,
507,2,0xf17f52151EbEF6C7334FAD080c5704D77216b732,0x9755d8d22770861bf33ed222017a1718f358a68ac31cf4343106d0fa1597d93a,23294,32121,859968,429984,0.023635,30606.66,30150.32,
507,1,0x627306090abaB3A6e1400e9345bC60c78a8BEf57,0x382fd5213d765bd40fe84d474cc0f0f36c9e60e18669eda91e98cdf6efae22f6,23294,32121,859968,429984,0.023635,30634.23,30156.09,
507,3,0x17D90CC0C9cB61f27A5198c8a96f9eA19341b218,0x80811490e261ebb6af350d579bcdcc60a93a33ca4ebc3867d781825816824646,23294,32121,859968,429984,0.023635,30632.12,30157.72,
508,4,0x47242114086D2715A648d0391793730d2aB1CCa2,0x4d5be1e43a04da28891a1278c1ba59c146218d69d262a6755e97d18e783c48e9,23295,32121,859968,429984,0.023635,29611.81,29153.39,
508,2,0xf17f52151EbEF6C7334FAD080c5704D77216b732,0x81be59a2295488b54d70b55cb1a75bfef76d0b2e89bddeca02b2498c35a1b409,23295,32121,859968,429984,0.023635,29613.35,29154.11,
508,1,0x627306090abaB3A6e1400e9345bC60c78a8BEf57,0xed67d12470e02a3cae2b88dbe9ff4ac6037389a881bd68cdb1314f585cd9f4f8,23295,32121,859968,429984,0.023635,29625.89,29155.94,
508,3,0x17D90CC0C9cB61f27A5198c8a96f9eA19341b218,0x1c09ce24ef306783db04a92cac3863eb3f525821e7f9fd0d0f852695d7493cf2,23295,32121,859968,429984,0.023635,29628.68,29156.81,
509,2,0xf17f52151EbEF6C7334FAD080c5704D77216b732,0x421a8169c5948ea55f43c14b3aac244b39c02a1ee3d37583d888cd0395a3c3c4,23296,32121,859968,429984,0.023635,29614.20,29153.77,
509,1,0x627306090abaB3A6e1400e9345bC60c78a8BEf57,0x72123e0570c94bf7a774171add1c290d870e5f1a5fee65347759326247faeaad,23296,32121,859968,429984,0.023635,29621.65,29155.69,
509,3,0x17D90CC0C9cB61f27A5198c8a96f9eA19341b218,0xd8b64474a57def5eb502ca7c2c76f155a307a31f1551ec8b2afa52fb7d419319,23296,32121,859968,429984,0.023635,29624.99,29154.64,
509,4,0x47242114086D2715A648d0391793730d2aB1CCa2,0x36de91f3f3b93a01de258cb5ddc4bc179574e65608e82316248bcfc8eb842098,23296,32121,859968,429984,0.023635,30608.94,30151.30,
510,4,0x47242114086D2715A648d0391793730d2aB1CCa2,0x190258677aad6900457d01fbf5ddd3383248e37634d1483e44225eafe7abfd8d,23297,32121,859968,429984,0.023635,29606.29,29152.34,
510,2,0xf17f52151EbEF6C7334FAD080c5704D77216b732,0xc88d98bc6bb4655540c5f05345b6ac0f0f6ae8789e538278e2bbd99e71fa4dce,23297,32121,859968,429984,0.023635,30609.05,30153.34,
510,1,0x627306090abaB3A6e1400e9345bC60c78a8BEf57,0xac49cb4fcd34f03ef4f57d85fed57dc043c1a2c078cc2f8bce25082a7db6f003,23297,32121,859968,429984,0.023635,30625.99,30161.54,
510,3,0x17D90CC0C9cB61f27A5198c8a96f9eA19341b218,0x320f38b0c6fba3d7ce74fa3f67998d2e2ed5780e47b9bdeeaccdc4b3a1be482e,23297,32121,859968,429984,0.023635,30659.98,30192.27,
511,4,0x47242114086D2715A648d0391793730d2aB1CCa2,0xc312e70d225a8e5281958453fa9e16661eaed6579ca7658fa9e0e960dd3e5533,23298,32121,859968,429984,0.023635,29638.24,29149.77,
511,2,0xf17f52151EbEF6C7334FAD080c5704D77216b732,0xd949ed0b49190038d68c9538670aa7c3b7d19e5226115788eb68ccabe517b6dd,23298,32121,859968,429984,0.023635,29639.55,29152.35,
511,1,0x627306090abaB3A6e1400e9345bC60c78a8BEf57,0x2dab720b1fa6adf09ac719ab4372745ba1dbcc084d5999b79c83dad2e8893cb7,23298,32121,859968,429984,0.023635,29624.60,29155.45,
511,3,0x17D90CC0C9cB61f27A5198c8a96f9eA19341b218,0xcfc39fb2c27f8067d60c00f80b51d7e534ca8cce7cbce7b3ebb5662db0e84514,23298,32121,859968,429984,0.023635,29668.83,29158.84,
512,3,0x17D90CC0C9cB61f27A5198c8a96f9eA19341b218,0x1691fd858091f86a9fd9cdeefa3b385c6adc7392d7fd5e7df7875d08b3767e29,23299,32121,859968,429984,0.023635,29630.97,29157.46,
512,4,0x47242114086D2715A648d0391793730d2aB1CCa2,0x0e1fb26084d6d262306935c815dee24c2f710e2c1d2f0d05721dd9a7547bd504,23299,32121,859968,429984,0.023635,30607.74,30149.84,
512,2,0xf17f52151EbEF6C7334FAD080c5704D77216b732,0xec21d51e633d5216792bd87b22bed3808c00fedf21cc5283b82b8a1501d25f56,23299,32121,859968,429984,0.023635,30605.64,30150.01,
512,1,0x627306090abaB3A6e1400e9345bC60c78a8BEf57,0xa4c5af33b05d091c18538c8794a2d1868bb2e4d4a281e97dd3e9cb85839e6635,23299,32121,859968,429984,0.023635,30621.38,30155.56,
513,4,0x47242114086D2715A648d0391793730d2aB1CCa2,0xceb3596f3bf5339e3cc0d561f74335f5bc315a5ce7f46886206d58f1f986d8a8,23300,32121,860505,430252,0.023650,29602.02,29150.67,
513,2,0xf17f52151EbEF6C7334FAD080c5704D77216b732,0xf2fadd810d836ebbc076e73319a045067b7a625782d6c8ddae54a80b1eb74c15,23300,32121,860505,430252,0.023650,29608.82,29152.88,
513,1,0x627306090abaB3A6e1400e9345bC60c78a8BEf57,0x6c66280f36fda5271c8bf166eb09f4889154b7962710c03a50a5f0c65389adbf,23300,32121,860505,430252,0.023650,29621.47,29157.51,
513,3,0x17D90CC0C9cB61f27A5198c8a96f9eA19341b218,0xac9cc822f42b524ecd5898179f9ff800ec4f89726524773e21a924700bfd1a16,23300,32121,860505,430252,0.023650,30626.86,30156.42,
514,2,0xf17f52151EbEF6C7334FAD080c5704D77216b732,0x375d0ac2ac5ac85d04550f7040029fc1142b28d9330244714fc6961ec609567f,23301,32121,866631,433315,0.023819,29610.08,29152.39,
514,1,0x627306090abaB3A6e1400e9345bC60c78a8BEf57,0xdd90ca855f9e77f69b6824b19a532487b9908c1b23cb6a4bb56ab2fed1e7316d,23301,32121,866631,433315,0.023819,29625.63,29157.90,
514,3,0x17D90CC0C9cB61f27A5198c8a96f9eA19341b218,0x02c88faa0284ec6b15c9e94921011c88bc43a8d1b02d4210325960d12cc3a453,23301,32121,866631,433315,0.023819,29632.11,29156.46,
514,4,0x47242114086D2715A648d0391793730d2aB1CCa2,0x0b153c484416be44a72df3c44655297031eb1751cfae57b26eee39349b894cd7,23301,32121,866631,433315,0.023819,30604.96,30151.17,
515,3,0x17D90CC0C9cB61f27A5198c8a96f9eA19341b218,0x92c924bd3a1f96acc821c7800e827ae67d62fc2f90e8a721a5a5e9a4a58f8ee8,23302,32121,866631,433315,0.023819,29626.73,29155.68,
515,4,0x47242114086D2715A648d0391793730d2aB1CCa2,0x86bd21869d21955685ab42c78b54631ebf0bf9f371ea30a4b338fa4352d4d138,23302,32121,866631,433315,0.023819,29618.75,29151.21,
515,2,0xf17f52151EbEF6C7334FAD080c5704D77216b732,0x4a83e4dad0c8b003e754f8678874163d65e14bb62cea63f8258a0f69a88da8d4,23302,32121,866631,433315,0.023819,30609.73,30151.94,
515,1,0x627306090abaB3A6e1400e9345bC60c78a8BEf57,0xd36bef30c4543a3ef3f1099e4e4300aefe5bb9704aeae709164eeaf098280dda,23302,32121,866631,433315,0.023819,30623.84,30156.87,
516,4,0x47242114086D2715A648d0391793730d2aB1CCa2,0xa4516e92b68157794b478149a5daade435c655f354e690c557d01c323167cf23,23303,32121,866631,433315,0.023819,29602.92,29151.36,
516,2,0xf17f52151EbEF6C7334FAD080c5704D77216b732,0x5078d7f8e7d43d8eefd3671245353867fe4b5d8d1a243a762746d3dcf5c24ffd,23303,32121,866631,433315,0.023819,29607.72,29152.17,
516,1,0x627306090abaB3A6e1400e9345bC60c78a8BEf57,0x769a058cfc46208b45f16309168537e554ffa2fbf8b284d46a7e5c4c881edc7f,23303,32121,866631,433315,0.023819,29644.11,29155.90,
516,3,0x17D90CC0C9cB61f27A5198c8a96f9eA19341b218,0xe051feed06f6e67d14cec8eb16d58e4562de2f6cc5ddd5f47b167aed57a345b7,23303,32121,866631,433315,0.023819,30633.78,30158.65,
517,1,0x627306090abaB3A6e1400e9345bC60c78a8BEf57,0xede4808f9e9005542f9a2a4974655063a38c465078e3a02e21ac0151916b1b5a,23304,32121,866631,433315,0.023819,29638.59,29157.13,
517,3,0x17D90CC0C9cB61f27A5198c8a96f9eA19341b218,0x28bb45fd2220f995ea56f37afa31aa8bc86dc6fe18fa373289aaa967e236e3bb,23304,32121,866631,433315,0.023819,29628.70,29155.69,
517,4,0x47242114086D2715A648d0391793730d2aB1CCa2,0x13957758261a85fbb4da0b8a0dfbb9c4f6b707ce7dc27d950d64cfa74f01bba7,23304,32121,866631,433315,0.023819,30603.87,30149.40,
517,2,0xf17f52151EbEF6C7334FAD080c5704D77216b732,0xad3409156b6501c1d971ce09468385670e063495cbd3391c257b35f533be81ee,23304,32121,866631,433315,0.023819,30611.14,30150.44,
518,4,0x47242114086D2715A648d0391793730d2aB1CCa2,0x985ab9d46477a9e19de03f070307e586b7baa50d927f4a30a29e60fff3918b71,23305,32121,866631,433315,0.023819,29627.30,29175.57,
518,2,0xf17f52151EbEF6C7334FAD080c5704D77216b732,0x485314178eb73c6302ec4d3af4bce1cf23279af8bf4793d4f78c349aa4687242,23305,32121,866631,433315,0.023819,29637.24,29182.25,
518,1,0x627306090abaB3A6e1400e9345bC60c78a8BEf57,0x2b6470e154d2d02e4f1148d53b8d1e54338a747eaef6ed483c146ed936eb3591,23305,32121,866631,433315,0.023819,30633.82,30164.51,
518,3,0x17D90CC0C9cB61f27A5198c8a96f9eA19341b218,0xa8beafb99484c78bd6b8e34d8e25ce8d304c5daa85067f80709ae1c7f171bb58,23305,32121,866631,433315,0.023819,30668.80,30195.79,
519,4,0x47242114086D2715A648d0391793730d2aB1CCa2,0xf1c9c839a17239c529b4abafbeae3e97980e9a117343041ee3a500c5a2e5aa40,23306,32121,881154,440577,0.024218,29684.18,29151.38,
519,2,0xf17f52151EbEF6C7334FAD080c5704D77216b732,0x9f611cc9ed0f4663066e784e51652a9d4e325e1bb7367834159c40e0d1782f82,23306,32121,881154,440577,0.024218,29691.42,29156.60,
519,1,0x627306090abaB3A6e1400e9345bC60c78a8BEf57,0x63755dba7425ce2920dbc42b2d30a2fb5766666d37f17951ccf2a1ebeefc0f61,23306,32121,881154,440577,0.024218,29711.84,29157.39,
519,3,0x17D90CC0C9cB61f27A5198c8a96f9eA19341b218,0x56e98c39899185fbd020080fd589df49563f2ca7ad421585d079b8d572bf7e8e,23306,32121,881154,440577,0.024218,29647.58,29156.07,
520,1,0x627306090abaB3A6e1400e9345bC60c78a8BEf57,0x70ddc7fbb4de5d95a75eb208511f996a1e45e16d627205ef636538d05e6c045e,23307,32121,881154,440577,0.024218,29633.10,29155.92,
520,3,0x17D90CC0C9cB61f27A5198c8a96f9eA19341b218,0x3adcee6aeb0bb45f88d34bb0bb8a927f731489d0392b194ef35e755a03040771,23307,32121,881154,440577,0.024218,29628.54,29158.57,
520,4,0x47242114086D2715A648d0391793730d2aB1CCa2,0x652972c84124dce75bc35992d9e58838657db19519c92e0bdef0cf61c157e389,23307,32121,881154,440577,0.024218,30607.01,30150.35,
520,2,0xf17f52151EbEF6C7334FAD080c5704D77216b732,0xccbf623c6c7488d2d7522722177ced2e61c0feafda3771e2974d44402f4f441c,23307,32121,881154,440577,0.024218,30621.96,30154.24,
521,4,0x47242114086D2715A648d0391793730d2aB1CCa2,0xa578a77fa699aeb5746625f67b2aadba06ba3976f27d5b8dc6cdde5c23917c34,23308,32121,881154,440577,0.024218,29608.30,29150.68,
521,2,0xf17f52151EbEF6C7334FAD080c5704D77216b732,0xd27caa8e0aa8a8dd8333580e16a9007d7c6d992f7d3fd42036a1586750893a9c,23308,32121,881154,440577,0.024218,29618.87,29154.22,
521,1,0x627306090abaB3A6e1400e9345bC60c78a8BEf57,0x50c851def2f3f698d94dc83d5581844abc83dacd90e62c123e948ea553378635,23308,32121,881154,440577,0.024218,30627.73,30156.01,
521,3,0x17D90CC0C9cB61f27A5198c8a96f9eA19341b218,0xd23b39dd797118fc28d4972c19d6251340d5acbefe5687279486906dc7159fd4,23308,32121,881154,440577,0.024218,30628.53,30156.14,
522,2,0xf17f52151EbEF6C7334FAD080c5704D77216b732,0x79926e7dbed107026cfe62f1c8bfe810a21f4d7a54568cda4c72099e6c861f5e,23309,32121,881154,440577,0.024218,29615.30,29155.64,
522,1,0x627306090abaB3A6e1400e9345bC60c78a8BEf57,0x6797650af7bc0f65822720ed66f2d0cb8b4a483f697e42c20fbc9a3b521225b3,23309,32121,881154,440577,0.024218,29626.99,29157.80,
522,3,0x17D90CC0C9cB61f27A5198c8a96f9eA19341b218,0x5c4b728e13514753e64e4a5af32d6edae0db16b1c7369027571d5baf6e074e07,23309,32121,881154,440577,0.024218,29631.98,29157.01,
522,4,0x47242114086D2715A648d0391793730d2aB1CCa2,0x45573b4d3a7d1574cf7bd49688011cbde50974198372b6e1fb68ee990857bbd8,23309,32121,881154,440577,0.024218,30608.03,30154.43,
523,3,0x17D90CC0C9cB61f27A5198c8a96f9eA19341b218,0x454d698768235b061c46ff371fc4f1313d5751090c956cbff181070731b246aa,23310,32121,881154,440577,0.024218,29631.35,29156.76,
523,4,0x47242114086D2715A648d0391793730d2aB1CCa2,0x47ec07c9c4677dddf22f26d347c33bcfd40317673ff5c408b02c7b0b7f923aec,23310,32121,881154,440577,0.024218,29609.84,29151.16,
523,2,0xf17f52151EbEF6C7334FAD080c5704D77216b732,0x3a975dec686393cf61cb2303078e9494feda2ba284c8122651ad3793ab5bfc3c,23310,32121,881154,440577,0.024218,30616.52,30154.70,
523,1,0x627306090abaB3A6e1400e9345bC60c78a8BEf57,0xa6a870be1e468ff75c6526d4a4753d8b53652020755f59058030c890001e2fbc,23310,32121,881154,440577,0.024218,30651.45,30154.05,
524,4,0x47242114086D2715A648d0391793730d2aB1CCa2,0x29c0e383c52031af1fec9068da78946dc41f7462ddfb36e2842e24a224ed7fbd,23311,32121,881154,440577,0.024218,29604.13,29151.50,
524,2,0xf17f52151EbEF6C7334FAD080c5704D77216b732,0xea540f6aac38216e853d0c76f83a6ded109844a7cbb9a9deb812d19eb603c88a,23311,32121,881154,440577,0.024218,29617.96,29155.11,
524,1,0x627306090abaB3A6e1400e9345bC60c78a8BEf57,0xe68f311bae285fc03c078291fd12b36e05f303a1ccd5e7a19bd8617c0c99898f,23311,32121,881154,440577,0.024218,29621.69,29158.34,
524,3,0x17D90CC0C9cB61f27A5198c8a96f9eA19341b218,0x6c6ce8496dbf259eb0ae4f8723bc285b35dc9aeca2d07abef910a4114d3f1308,23311,32121,881154,440577,0.024218,30628.74,30159.97,
525,1,0x627306090abaB3A6e1400e9345bC60c78a8BEf57,0x3a58aa20b0a8576bb031022bbad13823e3704d9561b77ca42d69e97b751aa563,23312,32121,881154,440577,0.024218,29644.97,29172.50,
525,3,0x17D90CC0C9cB61f27A5198c8a96f9eA19341b218,0xe11b988370723a0641b3e6ce62947c03733d677bdc5319f91f7430ae5eab5e83,23312,32121,881154,440577,0.024218,29634.92,29162.21,
525,4,0x47242114086D2715A648d0391793730d2aB1CCa2,0xab6f50d7c289601610c0ccc3cb4e9c82d5d6903718d30bd568cd7a8168ff84dc,23312,32121,881154,440577,0.024218,30609.60,30154.78,
525,2,0xf17f52151EbEF6C7334FAD080c5704D77216b732,0xd1be99b2a78435daedec809d9285690a9d9927da5110555f00fbd323569eb897,23312,32121,881154,440577,0.024218,30619.47,30152.85,
526,3,0x17D90CC0C9cB61f27A5198c8a96f9eA19341b218,0x769f7c83240be25958c27824ddfe2ab27ef5b33959b3e81e671ee6847a0c728c,23313,32121,882561,441280,0.024256,29634.06,29158.93,
526,4,0x47242114086D2715A648d0391793730d2aB1CCa2,0x2fef48e17b9113cf825b63971405d4fe582af722691a08ad64b0649ef3019973,23313,32121,882561,441280,0.024256,29637.78,29180.42,
526,2,0xf17f52151EbEF6C7334FAD080c5704D77216b732,0xd0ec1651639209bc1a90d305b826eb4607b5d0e217f9533b46827d7c87fbaaac,23313,32121,882561,441280,0.024256,29634.16,29169.91,
526,1,0x627306090abaB3A6e1400e9345bC60c78a8BEf57,0xf6383926c2932feb57249030d6bdf685a1bf07c5ff61c6963b6c5c413baa57a4,23313,32121,882561,441280,0.024256,30641.09,30151.51,
527,2,0xf17f52151EbEF6C7334FAD080c5704D77216b732,0x32a9dbabe24d3f3175e0b6e6cac621a7bbb0bbbf69a2e21e4c2e3bc3dce14663,23314,32121,887817,443908,0.024401,29647.27,29162.71,
527,1,0x627306090abaB3A6e1400e9345bC60c78a8BEf57,0xf2704b7c0181b6eccfc0d311f75ecfc70d6b0b22c908c754831a20ffd9f9e309,23314,32121,887817,443908,0.024401,29608.61,29152.16,
527,3,0x17D90CC0C9cB61f27A5198c8a96f9eA19341b218,0xdac4cba2135e1db9b3a75fc3858db3203469b9bfc15831c0a22ef3a5e6a374fd,23314,32121,887817,443908,0.024401,30684.18,30160.42,
527,4,0x47242114086D2715A648d0391793730d2aB1CCa2,0xf007b53c6bdb56f1ab3a506ca58a7e00b84197adfd113ec10d3918842a6d85a6,23314,32121,887817,443908,0.024401,30636.78,30157.23,
528,1,0x627306090abaB3A6e1400e9345bC60c78a8BEf57,0x23e671ca3e8dca830295a8ef63e4dbe2fca13ac36b4722e9edf9f75dd6ace956,23315,32121,887817,443908,0.024401,29622.95,29152.71,
528,3,0x17D90CC0C9cB61f27A5198c8a96f9eA19341b218,0xa9e02f60ce724a6d3a1b1922d8bb73010c21d5657f9898881c4b9305f71303c5,23315,32121,887817,443908,0.024401,29634.68,29157.46,
528,4,0x47242114086D2715A648d0391793730d2aB1CCa2,0x06aa2c053c711cbda9a2c01b72e46cb2bdcecb45178fdf2f086895f942d62e18,23315,32121,887817,443908,0.024401,29611.15,29152.20,
528,2,0xf17f52151EbEF6C7334FAD080c5704D77216b732,0xb6dd814849580661cb38dd767d634b5ff481139add9710ed9ef054b99c448a24,23315,32121,887817,443908,0.024401,30647.24,30158.39,
529,3,0x17D90CC0C9cB61f27A5198c8a96f9eA19341b218,0xb6d9681de7f28084ee863b30eb12985ddf89fbf39b36e6aa5b3bc4f4891082e1,23316,32121,887817,443908,0.024401,29627.90,29156.73,
529,4,0x47242114086D2715A648d0391793730d2aB1CCa2,0x8bd64dfc6e878303a1013b4387f943c24e44126ef21820d3e25bd76d141e81a0,23316,32121,887817,443908,0.024401,29609.20,29152.05,
529,2,0xf17f52151EbEF6C7334FAD080c5704D77216b732,0xf38c9d7b586c37540c79782a344a6ec9fa489ae22dbad4868fd8640eeea5cb70,23316,32121,887817,443908,0.024401,29636.30,29160.05,
529,1,0x627306090abaB3A6e1400e9345bC60c78a8BEf57,0xfa4b0c541ee22ce1edd8f51dd7011f75cd57372af9e8ea77bb7b3788cca6ee6a,23316,32121,887817,443908,0.024401,30610.38,30155.85,
530,2,0xf17f52151EbEF6C7334FAD080c5704D77216b732,0x4fd67d654a615a8968dc88ed9dc8f19097cc24cd96d558fb82327ce2e6c9a8c4,23317,32121,891417,445708,0.024500,29631.20,29157.55,
530,1,0x627306090abaB3A6e1400e9345bC60c78a8BEf57,0x5fb314537a387d7ff54bff272a46bb07c2712ff46f1871de160f03bbca81b949,23317,32121,891417,445708,0.024500,29625.26,29155.09,
530,3,0x17D90CC0C9cB61f27A5198c8a96f9eA19341b218,0x79c9c8c0f1ba511280ce2ff468f04e429b138a7dc15e676ea8786f2afc1775ce,23317,32121,891417,445708,0.024500,30630.52,30155.78,
530,4,0x47242114086D2715A648d0391793730d2aB1CCa2,0xfa4c61723982d13eb26662acf0e89432344928e741b1ffb1a52d1c6ebaab02b9,23317,32121,891417,445708,0.024500,30636.90,30166.57,
531,3,0x17D90CC0C9cB61f27A5198c8a96f9eA19341b218,0x5acfe0db0496109bc60ed259c44ef3e6aa202da98626a2f8837674ae17f06bdf,23318,32121,891417,445708,0.024500,29649.66,29155.51,
531,4,0x47242114086D2715A648d0391793730d2aB1CCa2,0x172ef7d9c837351c319a929b7cf215ca0643fcc9d0ad6d8ab37bff0aef581393,23318,32121,891417,445708,0.024500,29608.57,29151.72,
531,2,0xf17f52151EbEF6C7334FAD080c5704D77216b732,0xd5062c4840091c0a21bc62d10389bf34ffe4b9bfa09f98ae40af535102c2c3ce,23318,32121,891417,445708,0.024500,30633.96,30159.15,
531,1,0x627306090abaB3A6e1400e9345bC60c78a8BEf57,0xafbc1368cd9b31b836aac35cfcc5a38f4ca8c74b37f72ec8533ad0d8810a1398,23318,32121,891417,445708,0.024500,30625.99,30154.95,
532,4,0x47242114086D2715A648d0391793730d2aB1CCa2,0xaa4e33cad0e455c22fb74f9d5fa955d9cbbd14cca720479caaa61cc1e847cecc,23319,32121,903748,451874,0.024839,29603.05,29152.32,
532,2,0xf17f52151EbEF6C7334FAD080c5704D77216b732,0x14bf7e71c3165b38e0082f2b59fe9c714cdecee0fdf5967287ce20ef135c6f52,23319,32121,903748,451874,0.024839,29638.81,29159.39,
532,1,0x627306090abaB3A6e1400e9345bC60c78a8BEf57,0x851e94569e360810920dafc20733beab163e0a427572abbab5bd1ba11ecf4479,23319,32121,903748,451874,0.024839,29637.53,29155.68,
532,3,0x17D90CC0C9cB61f27A5198c8a96f9eA19341b218,0x3b84aafba977678baed0bfcf174e6884469f8524966003f291b5985995612552,23319,32121,903748,451874,0.024839,30628.57,30157.34,
533,2,0xf17f52151EbEF6C7334FAD080c5704D77216b732,0x6ab5754d690b5472cda831b42ed5e7d4b18761d95d9fb2bedf0d616f892a68fb,23320,32121,903748,451874,0.024839,29637.63,29158.08,
533,1,0x627306090abaB3A6e1400e9345bC60c78a8BEf57,0x8fa6928165175ce9f20947d5182d711a19423c902934cdb3c4fcd46c66429a3a,23320,32121,903748,451874,0.024839,29620.56,29154.67,
533,3,0x17D90CC0C9cB61f27A5198c8a96f9eA19341b218,0xa90a122758cd8d475efd73896307e982ec782405e3e46d0266309efb9f4ac45d,23320,32121,903748,451874,0.024839,29633.01,29155.30,
533,4,0x47242114086D2715A648d0391793730d2aB1CCa2,0xdcc885a2555ebad51a8850b69c802c2c401369334e40b2b1e4b0ebc861b2a101,23320,32121,903748,451874,0.024839,30613.51,30151.45,
534,3,0x17D90CC0C9cB61f27A5198c8a96f9eA19341b218,0xe4bda6edad3b77ac58715730d6eeb5820831d35b0cfd1eb9b39a983bfb01f549,23321,32121,903748,451874,0.024839,29620.82,29155.39,
534,4,0x47242114086D2715A648d0391793730d2aB1CCa2,0xd6b35c4f9ab7153f22316623307fccbb8ab806c32174538d4d7af17288edebd3,23321,32121,903748,451874,0.024839,29606.85,29151.62,
534,2,0xf17f52151EbEF6C7334FAD080c5704D77216b732,0xda6e69501988259eb97988c7be4c9ff9ca40c22ae6e1c8649f661a0df9eb1f2b,23321,32121,903748,451874,0.024839,30634.76,30157.20,
534,1,0x627306090abaB3A6e1400e9345bC60c78a8BEf57,0xcd4fca8cb7b6197ffeb49783b04da9c05273b0214c2323940e69c6efa14d7dd9,23321,32121,903748,451874,0.024839,30616.22,30154.35,
535,2,0xf17f52151EbEF6C7334FAD080c5704D77216b732,0x495793287e041ed8e49f6e475c3bd4d18a1b0a37a493e5225ae0427997f61763,23322,32121,903748,451874,0.024839,29645.43,29171.75,
535,1,0x627306090abaB3A6e1400e9345bC60c78a8BEf57,0xc7a2bc52e1e4d5e09a976520b08a0bc6edca805e19290a0630db7228f65abc44,23322,32121,903748,451874,0.024839,29621.82,29160.81,
535,3,0x17D90CC0C9cB61f27A5198c8a96f9eA19341b218,0x1b8e551415b534686275203eced4e84dd1ca6664a34c60349f07dee048d7b987,23322,32121,903748,451874,0.024839,30632.33,30162.31,
535,4,0x47242114086D2715A648d0391793730d2aB1CCa2,0x2ae36e441c6a3d92866b2e4980ad6446bb9fdc31ba09882380afe3c55344ac3d,23322,32121,903748,451874,0.024839,30609.20,30155.80,
536,1,0x627306090abaB3A6e1400e9345bC60c78a8BEf57,0xbdf10ce15f01153151aed7518f1d4431ad1d2132bf9efdd6c8e705938160d70b,23323,32121,904286,452143,0.024854,29646.88,29154.60,
536,3,0x17D90CC0C9cB61f27A5198c8a96f9eA19341b218,0x8b95f5b2eddb35dbf15f6094ad8715bd96df8141498b54de75618132d295ec75,23323,32121,904286,452143,0.024854,29622.65,29157.74,
536,4,0x47242114086D2715A648d0391793730d2aB1CCa2,0xeb57e4b5f306d8033763ad929eafcc0745271dc65fd16ec90d623a7c8f9908f9,23323,32121,904286,452143,0.024854,29600.55,29150.73,
536,2,0xf17f52151EbEF6C7334FAD080c5704D77216b732,0x7d3d569896cb11f4871a2c53dce49e85bfcd81efafde161a80a0ff4cb8108e81,23323,32121,904286,452143,0.024854,30638.42,30158.77,
537,3,0x17D90CC0C9cB61f27A5198c8a96f9eA19341b218,0xfd3275859c341a1dc64a4422b1ca253cc367449bbffd68a18651d67ef79b4480,23324,32121,904286,452143,0.024854,29624.52,29156.63,
537,4,0x47242114086D2715A648d0391793730d2aB1CCa2,0xafdcccd12a3d84c2d03d8018d131c346835d6c63820ddb5d9a33abc8f3dbb01f,23324,32121,904286,452143,0.024854,29608.44,29155.69,
537,2,0xf17f52151EbEF6C7334FAD080c5704D77216b732,0xb23fa01bd2c20676da53ea03d8e6cbac72d98c1a3ae61e6b5692be4ceda279dc,23324,32121,904286,452143,0.024854,29634.88,29158.01,
537,1,0x627306090abaB3A6e1400e9345bC60c78a8BEf57,0xd7c9d90b9ce8c983f7fcc41dd92c8eb439756f0816ed6caa7a77d05e3116c9c2,23324,32121,904286,452143,0.024854,30622.61,30154.78,
538,2,0xf17f52151EbEF6C7334FAD080c5704D77216b732,0x54837756a176c830815f2da217743d116fb4d8a09852e462863edc8d2fc0d696,23325,32121,904286,452143,0.024854,29644.03,29162.42,
538,1,0x627306090abaB3A6e1400e9345bC60c78a8BEf57,0xf69260215868c79b198bbef7bf9df26af2be19c0cdac1067c62bff355044c0eb,23325,32121,904286,452143,0.024854,29622.47,29156.48,
538,4,0x47242114086D2715A648d0391793730d2aB1CCa2,0xeaaca949d7f3ba5186228ce066b90f51c45dc1836045b55185530f98e2222317,23325,32121,904286,452143,0.024854,30610.07,30153.65,
538,3,0x17D90CC0C9cB61f27A5198c8a96f9eA19341b218,0x16c1c2bda7758514215a3964f13366393c32af7a46f4eecfb2b4edd7988e1eff,23325,32121,904286,452143,0.024854,30633.88,30159.13,
539,4,0x47242114086D2715A648d0391793730d2aB1CCa2,0xb57defeab402574bd28c37d997ff6147170358c3be442353d3263a299ffeefc0,23326,32121,904286,452143,0.024854,29612.61,29151.80,
539,3,0x17D90CC0C9cB61f27A5198c8a96f9eA19341b218,0x6e8477bab28c0176f8653dfcc7e479a2feefe12240ce524c1f3b9cc504be11ce,23326,32121,904286,452143,0.024854,29624.47,29154.86,
539,2,0xf17f52151EbEF6C7334FAD080c5704D77216b732,0x58880af082eabd1d14a1f976d92becdeed73d21c204c3ffedfced315df5bf2ed,23326,32121,904286,452143,0.024854,30634.30,30159.42,
539,1,0x627306090abaB3A6e1400e9345bC60c78a8BEf57,0x9795cb0388d87226f34190a823434e852ff21aa059ba68602ddbf1f510330cc0,23326,32121,904286,452143,0.024854,30617.16,30154.89,
540,2,0xf17f52151EbEF6C7334FAD080c5704D77216b732,0xd87c2699c46455b1dd2d5adc955d42086c67bd000b710c70d09a22c35a3ff186,23327,32121,917901,458950,0.025228,29638.65,29159.83,
540,1,0x627306090abaB3A6e1400e9345bC60c78a8BEf57,0xd1827007463f5e66b8215d1925d1c513576bdc46f8c6c3e35ec848523007c794,23327,32121,917901,458950,0.025228,29618.80,29155.34,
540,4,0x47242114086D2715A648d0391793730d2aB1CCa2,0x5d183aef2c7ec7928ee8f44cf6380cd8ee97f4004cd44af9cd64d828c9f1c092,23327,32121,917901,458950,0.025228,30609.89,30153.52,
540,3,0x17D90CC0C9cB61f27A5198c8a96f9eA19341b218,0x23b8b79843045f167342bc29e374ec9c574cecec472acf88d16a1259250d4118,23327,32121,917901,458950,0.025228,30631.87,30157.48,
541,2,0xf17f52151EbEF6C7334FAD080c5704D77216b732,0xd97b186fe25b8a29810754f0cd372bd3c0bb2b80085d106f410fbb3e6c2e1b08,23328,32121,917901,458950,0.025228,29645.61,29157.13,
541,1,0x627306090abaB3A6e1400e9345bC60c78a8BEf57,0x527b54a2c9cfa9e1d08b52069f0eefdfb78c73460c011415d153308ad2bd2f11,23328,32121,917901,458950,0.025228,29627.11,29156.03,
541,4,0x47242114086D2715A648d0391793730d2aB1CCa2,0xdf28351deb09dbfafddf8fc11f36db95bd5d59d80f04ff5088181fcd9dc377e0,23328,32121,917901,458950,0.025228,29609.42,29149.65,
541,3,0x17D90CC0C9cB61f27A5198c8a96f9eA19341b218,0xcf1b8badb4acc192120dc3db06684ed69e457807982cd2acf2f8ca56c984a45e,23328,32121,917901,458950,0.025228,29632.51,29156.09,
542,4,0x47242114086D2715A648d0391793730d2aB1CCa2,0x73d9abe6d48ba1286930ae05057087774e4fa8be3faf32af980356ac87c583b8,23329,32121,917901,458950,0.025228,29611.52,29151.84,
542,3,0x17D90CC0C9cB61f27A5198c8a96f9eA19341b218,0xbc47cddfc6fbb5cf09ebd2bac6e2ca7f51df4492e6edb831a2901054bfdc4180,23329,32121,917901,458950,0.025228,29631.26,29156.98,
542,2,0xf17f52151EbEF6C7334FAD080c5704D77216b732,0x4aaae02f0aa572b93c7ee760efc65cb1963e61f3a666dab1a9af9314eef6b84a,23329,32121,917901,458950,0.025228,30635.74,30158.54,
542,1,0x627306090abaB3A6e1400e9345bC60c78a8BEf57,0x16db0db2b3431d4ca0c3300134eaceef9243619a19ed55509994421877737cc8,23329,32121,917901,458950,0.025228,30619.14,30156.18,
543,1,0x627306090abaB3A6e1400e9345bC60c78a8BEf57,0xc6d1ad4184ce4203dba8980cb397e45ed044c5b6d1055aa1b625a97b3071526e,23330,32121,917901,458950,0.025228,29618.93,29153.36,
543,2,0xf17f52151EbEF6C7334FAD080c5704D77216b732,0xa863e7caceb6a13e193dbfad32ff62fc9a0c034d360e896c51a598046656cc18,23330,32121,917901,458950,0.025228,29634.79,29156.23,
543,4,0x47242114086D2715A648d0391793730d2aB1CCa2,0x1351c10699d1e55a2c210d51cab5c6740ebf3a30450187fc23cfd1507550a6e3,23330,32121,917901,458950,0.025228,30606.59,30151.81,
543,3,0x17D90CC0C9cB61f27A5198c8a96f9eA19341b218,0xd830eab968431c41917742cddcfdf056f55ae9d32cd96a3e04caeb9cfc8ed269,23330,32121,917901,458950,0.025228,30626.90,30157.94,
544,1,0x627306090abaB3A6e1400e9345bC60c78a8BEf57,0xf2f622a574af2f4e7e5c40a59d7418bd03980a2e82048c09ce3679dbcd934d02,23331,32121,917901,458950,0.025228,29624.30,29155.04,
544,2,0xf17f52151EbEF6C7334FAD080c5704D77216b732,0xd1251b325b65254d05bd99568c9caa43e942a3367ed54102965913d8a3713c3b,23331,32121,917901,458950,0.025228,29637.34,29160.36,
544,4,0x47242114086D2715A648d0391793730d2aB1CCa2,0x5a75f9f09575ff4902dc90ebfe13ddfd790ad96ce33ba65666fad8bc8c48b80a,23331,32121,917901,458950,0.025228,29620.95,29151.98,
544,3,0x17D90CC0C9cB61f27A5198c8a96f9eA19341b218,0xb144e7540a58ac1cfa71fa5042e55bd0027a9f6d4a1412fa925cce88fe638cba,23331,32121,917901,458950,0.025228,29633.07,29156.23,
545,3,0x17D90CC0C9cB61f27A5198c8a96f9eA19341b218,0xbfde0ee9ed94086b5f0d13a50d5cbc672ffc1e07b5c765e478e578d609bfda80,23332,32121,917901,458950,0.025228,29622.44,29154.30,
545,1,0x627306090abaB3A6e1400e9345bC60c78a8BEf57,0x4e71f499a0e95424bac4351f6629da564aff35eabca04e2e6d121b96614eed05,23332,32121,917901,458950,0.025228,30622.04,30154.29,
545,2,0xf17f52151EbEF6C7334FAD080c5704D77216b732,0xd6b7527fa5678159cf8b5c151575634e108a8aa30ea09dfe77c7757ad203e030,23332,32121,917901,458950,0.025228,30632.62,30156.50,
545,4,0x47242114086D2715A648d0391793730d2aB1CCa2,0x3f4a68e15aa701b1364a4340047c70c10c3eab5fc7e3e1d31ae86471228032d4,23332,32121,917901,458950,0.025228,30616.52,30152.02,
546,1,0x627306090abaB3A6e1400e9345bC60c78a8BEf57,0x3c0f2819e72c989c7e52297a511e92f62ce65745347e3db540fa442464a3e3b9,23333,32121,917901,458950,0.025228,29622.11,29156.18,
546,2,0xf17f52151EbEF6C7334FAD080c5704D77216b732,0x801b89980ad7783f08dfe7b4efc19dd1e512cd686ebab89e82c920407cb9688b,23333,32121,917901,458950,0.025228,29635.98,29160.20,
546,4,0x47242114086D2715A648d0391793730d2aB1CCa2,0x9ccec556e7fefd5f3737066ce7c58c07bd96ab3240f350bd40eca1de6b5017e2,23333,32121,917901,458950,0.025228,29607.48,29150.38,
546,3,0x17D90CC0C9cB61f27A5198c8a96f9eA19341b218,0x6cdac4a4109c85119affe084d924a15d672e25d7536e9d7eff9b88f8781e373d,23333,32121,917901,458950,0.025228,30625.43,30156.45,
547,4,0x47242114086D2715A648d0391793730d2aB1CCa2,0x12a3d15eb8bb1a01cf3feb7188d11414a2218750d56212d56346a697df0e060b,23334,32121,921875,460937,0.025337,29607.20,29151.94,
547,3,0x17D90CC0C9cB61f27A5198c8a96f9eA19341b218,0xff88cfc9d71ca276a3f009d495167e850ffdbd85832e59e4caf0b67b628e5c4e,23334,32121,921875,460937,0.025337,29632.64,29156.74,
547,1,0x627306090abaB3A6e1400e9345bC60c78a8BEf57,0x3e35821c88b1ac474d8d55d96bf35027541eab0eff68f0e90b9ddf1dda06d3ba,23334,32121,921875,460937,0.025337,30623.68,30157.55,
547,2,0xf17f52151EbEF6C7334FAD080c5704D77216b732,0x5edd56b3b0b0495d1b4d35fb403546f806e0cf71778673c0ee6d807888e8f14c,23334,32121,921875,460937,0.025337,30638.41,30162.33,
548,1,0x627306090abaB3A6e1400e9345bC60c78a8BEf57,0xbaa77fabd9a192aad1fa33e18a0f968496f452a3582078aec9816bdcb0bec2a6,23335,32121,921875,460937,0.025337,29616.50,29157.17,
548,2,0xf17f52151EbEF6C7334FAD080c5704D77216b732,0xe90e1a83bd60486a50100ee69aa337a5e949023a7e3e8d9f3f25d7b80cb4e66a,23335,32121,921875,460937,0.025337,29633.93,29157.43,
548,4,0x47242114086D2715A648d0391793730d2aB1CCa2,0x91e0121df1f49efe7295c3a765b7730e84d2264d3d7bc18463278104bea981e8,23335,32121,921875,460937,0.025337,30606.53,30150.57,
548,3,0x17D90CC0C9cB61f27A5198c8a96f9eA19341b218,0x947822c2e11808b6440fb35fe5c6cdfcc68d9ac09ff48199ec2b9eac38aae78e,23335,32121,921875,460937,0.025337,30633.20,30157.02,
549,1,0x627306090abaB3A6e1400e9345bC60c78a8BEf57,0xe96c387aed710efbe11737321b12c00302b5277cf4687bb310246cc02813b051,23336,32121,922661,461330,0.025359,29623.50,29154.38,
549,2,0xf17f52151EbEF6C7334FAD080c5704D77216b732,0x6cb7b7ebbdd6a450bfd77b64eb949b767c0b6dd2f1491a3fc866a3b8838de7f0,23336,32121,922661,461330,0.025359,29632.54,29159.95,
549,4,0x47242114086D2715A648d0391793730d2aB1CCa2,0x7ada74179672abde740694c6f8fcf892795ca627bd4307d3a9f8d194d90e9673,23336,32121,922661,461330,0.025359,29609.96,29152.22,
549,3,0x17D90CC0C9cB61f27A5198c8a96f9eA19341b218,0x2e480421593d1693655d0b9ebabec1782b2816a42882025555a252505fffba84,23336,32121,922661,461330,0.025359,29627.56,29155.76,
550,3,0x17D90CC0C9cB61f27A5198c8a96f9eA19341b218,0xbc1248c9980672e9da4b746ec9501a32ca6f879b3d2d6a39c6bd0aa469902ffe,23337,32121,934331,467165,0.025679,29627.82,29156.93,
550,1,0x627306090abaB3A6e1400e9345bC60c78a8BEf57,0xf1777f513d680946e53cf4cb0410d46ecaffb7ee89a9fe7bb54349a72f790028,23337,32121,934331,467165,0.025679,30619.63,30154.17,
550,2,0xf17f52151EbEF6C7334FAD080c5704D77216b732,0x51b19e480c1d694ccd04b6b83a46b9029c5c30f8789ce7f2d6a82c1f12524076,23337,32121,934331,467165,0.025679,30630.70,30157.92,
550,4,0x47242114086D2715A648d0391793730d2aB1CCa2,0x77e5cefc2cfe6e825c77a5c3251d6840afbea9531d39adb862a6a6e4716baf13,23337,32121,934331,467165,0.025679,30607.80,30152.75,
551,1,0x627306090abaB3A6e1400e9345bC60c78a8BEf57,0x049d412e6c7292a33b9f6827017321fc27786ea4250262e34e6f3c96a784a59a,23338,32121,934331,467165,0.025679,29622.08,29154.24,
551,2,0xf17f52151EbEF6C7334FAD080c5704D77216b732,0x0b049eca690b2f2e84d0018079fcb5f453943cd5d6012b83cfa0f1f7f043eefb,23338,32121,934331,467165,0.025679,29635.84,29159.81,
551,4,0x47242114086D2715A648d0391793730d2aB1CCa2,0xca3ff2d9246845a2c9cc8043efe4f6ddcaa9d0b2b6127355ca2cfd014e8db5f7,23338,32121,934331,467165,0.025679,29608.57,29153.50,
551,3,0x17D90CC0C9cB61f27A5198c8a96f9eA19341b218,0xc260182e7c010fc8d066ff5a7d7acaf63a505737418237902e14024ba6c5f3bb,23338,32121,934331,467165,0.025679,30632.27,30160.50,
552,1,0x627306090abaB3A6e1400e9345bC60c78a8BEf57,0x85b30217116eca0620d11ed4a5ab1389b183c995c575ca0b9ebdfa9e80ec4ebb,23339,32121,934331,467165,0.025679,29625.07,29154.00,
552,2,0xf17f52151EbEF6C7334FAD080c5704D77216b732,0x6fa4ac0d0b9f581b11decff0aff8820467ecec60718fa4cb51432d569ac10a63,23339,32121,934331,467165,0.025679,29634.17,29156.15,
552,4,0x47242114086D2715A648d0391793730d2aB1CCa2,0x5ca09108e71777eb99595acba607db5534d34fec28797776bbf2a9ddaaffc418,23339,32121,934331,467165,0.025679,29611.51,29152.09,
552,3,0x17D90CC0C9cB61f27A5198c8a96f9eA19341b218,0xb6f746789a553d9cbb12bb8d28c85fb5c548cae787914ecc9ddb09b67ab83d4c,23339,32121,934331,467165,0.025679,29628.13,29155.53,
553,3,0x17D90CC0C9cB61f27A5198c8a96f9eA19341b218,0x60c263c5c436b359869b71adf34749693021a4dbe9c82d99e7fe2bc05d01cfd5,23340,32121,934331,467165,0.025679,29622.46,29151.99,
553,1,0x627306090abaB3A6e1400e9345bC60c78a8BEf57,0xc998601fa633715fbb7e970557c2c6e1b11fe454a70ac15f58e23339581c7613,23340,32121,934331,467165,0.025679,30615.89,30151.19,
553,2,0xf17f52151EbEF6C7334FAD080c5704D77216b732,0xd545223237bcb618910f1ccc0e88626c9f6d6a9dadcdc600db9a62d8fd29aea8,23340,32121,934331,467165,0.025679,30640.33,30164.49,
553,4,0x47242114086D2715A648d0391793730d2aB1CCa2,0x79b2338167f7dc8b644fa995ef0becff197a81cb4ab740487198c4af437f2887,23340,32121,934331,467165,0.025679,30619.93,30165.06,
554,1,0x627306090abaB3A6e1400e9345bC60c78a8BEf57,0x26a35084974a5990ac6b72d4730ed3e24a17b112359d60664aec049b059ca342,23341,32121,934331,467165,0.025679,29606.30,29155.11,
554,2,0xf17f52151EbEF6C7334FAD080c5704D77216b732,0xfb3e742595a18a12c61ab0570da8e02839cc3a34e5b173a2a5f35283cb038bfe,23341,32121,934331,467165,0.025679,29643.42,29159.37,
554,4,0x47242114086D2715A648d0391793730d2aB1CCa2,0x04e34880071b7f120ed8fc0cc2068344b428dddc4b04584ac3c6e5667793e08c,23341,32121,934331,467165,0.025679,29653.79,29162.33,
554,3,0x17D90CC0C9cB61f27A5198c8a96f9eA19341b218,0xd4d0ac39c3b72897f5b8e4f81dde04f7ffc6a652c6e48101158c6b4d0f344156,23341,32121,934331,467165,0.025679,30604.14,30149.74,
555,2,0xf17f52151EbEF6C7334FAD080c5704D77216b732,0x685a22633d820e9da3c62888f729f2a4badabbbccfc4df7be1663475dc9281e2,23342,32121,934331,467165,0.025679,29645.28,29161.71,
555,4,0x47242114086D2715A648d0391793730d2aB1CCa2,0x34993c2b5c50616e01de3f44777a1ff7cda6b88a1bb6e01ed42df58eab1e52e6,23342,32121,934331,467165,0.025679,29689.92,29194.68,
555,3,0x17D90CC0C9cB61f27A5198c8a96f9eA19341b218,0x3abeb0784c9facc08864d37b30c01c9792451fdb812dc5a666fa5a07098b460e,23342,32121,934331,467165,0.025679,29611.27,29156.35,
555,1,0x627306090abaB3A6e1400e9345bC60c78a8BEf57,0x7a8b9d10eb6e8a5999afd98c23c5c6d86c58b1ce90c7e01dd6b3a536d75cf1be,23342,32121,934331,467165,0.025679,30615.38,30152.96,
556,1,0x627306090abaB3A6e1400e9345bC60c78a8BEf57,0x23a17b35e4c658d5ab4f32e3a5350f3459047326be77e22bd98a1222c9d78b70,23343,32121,946540,473270,0.026015,29618.79,29157.86,
556,2,0xf17f52151EbEF6C7334FAD080c5704D77216b732,0xda53f19d9a9d76feae0f69a08dadf042d3ee48d8c2dfa4a372b81b60f686cefd,23343,32121,946540,473270,0.026015,30656.88,30168.26,
556,4,0x47242114086D2715A648d0391793730d2aB1CCa2,0x3395ae6cf1147689670bbe73ab9341bfad40e82301611b5fdc3897e46cef6887,23343,32121,946540,473270,0.026015,30673.96,30180.16,
556,3,0x17D90CC0C9cB61f27A5198c8a96f9eA19341b218,0x61f6cec80be9e8e1999d51ea6a7e3887002dd4dc233f8649f4234d988a9da616,23343,32121,946540,473270,0.026015,30605.66,30150.80,
557,1,0x627306090abaB3A6e1400e9345bC60c78a8BEf57,0xfd1f5bed0922462a24a66f4dc71c0cab9a36b603aedfc25d8b8149d16cd1f162,23344,32121,946540,473270,0.026015,29642.87,29160.59,
557,2,0xf17f52151EbEF6C7334FAD080c5704D77216b732,0x3d8256244d72f0456eacd14125b975e81b9e13964e114091750dc4500e4414dc,23344,32121,946540,473270,0.026015,29635.75,29148.75,
557,4,0x47242114086D2715A648d0391793730d2aB1CCa2,0xd1b152fa6fe7255da5690d77fb6d89fa4b6a798ad5c2288e7f69879573c82f80,23344,32121,946540,473270,0.026015,29649.80,29153.95,
557,3,0x17D90CC0C9cB61f27A5198c8a96f9eA19341b218,0x7b2389b4199bf750f284e163ca227ea1125d9a109cce8a359c13bdf164dda1be,23344,32121,946540,473270,0.026015,29630.60,29148.26,
558,2,0xf17f52151EbEF6C7334FAD080c5704D77216b732,0xd290a69d5c553a78acdbe96075efa41bedaea5a70cabf68ee19df57ced307b7b,23345,32121,946540,473270,0.026015,29602.49,29153.93,
558,4,0x47242114086D2715A648d0391793730d2aB1CCa2,0x6b5091cf6c061167e6217f0a856f707d065dd9c685107fe5dbeeda3fbe37a39b,23345,32121,946540,473270,0.026015,29617.63,29153.56,
558,3,0x17D90CC0C9cB61f27A5198c8a96f9eA19341b218,0xecd27141d741ac71e48316164fc75111b3d3a5e099a49af688ba8c65296fc505,23345,32121,946540,473270,0.026015,29595.48,29148.91,
558,1,0x627306090abaB3A6e1400e9345bC60c78a8BEf57,0xd777b21b79f625ccf286d1797429d82c2a3025a4ba833aa1851a74e94b26eea6,23345,32121,946540,473270,0.026015,30642.09,30159.79,
559,1,0x627306090abaB3A6e1400e9345bC60c78a8BEf57,0x15256537d29186f7e03c3111c5d6223e62d19bd82b3f4af32a1babc3b28a7286,23346,32121,946540,473270,0.026015,29640.50,29159.68,
559,2,0xf17f52151EbEF6C7334FAD080c5704D77216b732,0xa1cc42e688f264e8f50efec52c252025ad26ee7b962d469c3790477513b48b87,23346,32121,946540,473270,0.026015,30599.34,30149.94,
559,4,0x47242114086D2715A648d0391793730d2aB1CCa2,0x5d1acf524b446a2d422293d72e7183780aa5fa7235c8fc692031c7f9cf7e5e86,23346,32121,946540,473270,0.026015,30618.40,30153.86,
559,3,0x17D90CC0C9cB61f27A5198c8a96f9eA19341b218,0x92ccaa4c9bd1600da2444fccc69ef04a095123593ec387b9c05febd46dea4af8,23346,32121,946540,473270,0.026015,30593.04,30147.29,
560,1,0x627306090abaB3A6e1400e9345bC60c78a8BEf57,0x293a527759ac85910ab0280b83b9027a75f84d93d718fead5e3355b5733bca13,23347,32121,946540,473270,0.026015,29639.61,29160.92,
560,2,0xf17f52151EbEF6C7334FAD080c5704D77216b732,0xe730d29cdf5340e2f1154908db3e4bbe5472663aa0fc9220a247d869bc7890aa,23347,32121,946540,473270,0.026015,29599.31,29150.87,
560,3,0x17D90CC0C9cB61f27A5198c8a96f9eA19341b218,0x2ad21fbb11f99460f1e857b468da11e94e2d7d7def7f24bceee23933f520cace,23347,32121,946540,473270,0.026015,29592.59,29149.06,
560,4,0x47242114086D2715A648d0391793730d2aB1CCa2,0xb6f6c7ba56cc92102561b874a26837a35a6d71e495d8fb2f4bb281fa15efa69b,23347,32121,946540,473270,0.026015,29619.39,29153.76,
561,3,0x17D90CC0C9cB61f27A5198c8a96f9eA19341b218,0xc162111c196f68a94a6408b6041a28ff3cd8b95fcdbab5cfed8dd41d0abe01f9,23348,32121,946540,473270,0.026015,29660.58,29155.45,
561,4,0x47242114086D2715A648d0391793730d2aB1CCa2,0x58c8113f5efa00b20e0b19740957ecc8d09e8d9d805118c9ea4b21d5d9b91212,23348,32121,946540,473270,0.026015,29660.63,29158.27,
561,1,0x627306090abaB3A6e1400e9345bC60c78a8BEf57,0xbfbd915600907d6754f34550f7cb7bd75eb53f2103f5f135b1c2b0da41216cb7,23348,32121,946540,473270,0.026015,30633.07,30158.95,
561,2,0xf17f52151EbEF6C7334FAD080c5704D77216b732,0xa890530072d2de1ca0f88b0cddd38eaa646e311809540bf35c64f0d4eb92bb65,23348,32121,946540,473270,0.026015,30615.66,30154.04,
562,1,0x627306090abaB3A6e1400e9345bC60c78a8BEf57,0x89ba15575f393e93bff0f3b89b702034831b685ce3c828bdc5735d65d3ae8763,23349,32121,946540,473270,0.026015,29646.98,29166.66,
562,2,0xf17f52151EbEF6C7334FAD080c5704D77216b732,0xdd52109d25539a796b0888f37303c26206b12c417b4d3d1d3ad2f84fd87d1d5d,23349,32121,946540,473270,0.026015,29606.47,29151.63,
562,3,0x17D90CC0C9cB61f27A5198c8a96f9eA19341b218,0x0a04accec5aee0cc2cfd66bd120b9f97a8a0a33a73eb54bc6d2bf091921578ef,23349,32121,946540,473270,0.026015,30603.36,30149.97,
562,4,0x47242114086D2715A648d0391793730d2aB1CCa2,0x7ba9de3df4a8818039c852e0e0ff5858fbad99dd7e2e1aae1378e75b8cb2e6f7,23349,32121,946540,473270,0.026015,30626.80,30161.29,
563,2,0xf17f52151EbEF6C7334FAD080c5704D77216b732,0xef8c417a0b671174f7d693bf4db63297e83962db3e30c0cfbed159c4e3563169,23350,32121,950181,475090,0.026115,29611.25,29153.18,
563,1,0x627306090abaB3A6e1400e9345bC60c78a8BEf57,0x80daf2e52212a1845c66e92c1c03f4dbf2f231a744ab3aedb4504b76ea0cccbe,23350,32121,950181,475090,0.026115,29694.41,29166.56,
563,3,0x17D90CC0C9cB61f27A5198c8a96f9eA19341b218,0xc3d7ecd1f93c09bb6596b9762dcde4d2fabdb4748467e3231b00529fc966fe4d,23350,32121,950181,475090,0.026115,29602.67,29154.25,
563,4,0x47242114086D2715A648d0391793730d2aB1CCa2,0xf8c14af60e9eceb144f2a7edf28887e44e49c76122599df3965986bcd64c631d,23350,32121,950181,475090,0.026115,29647.32,29159.25,
564,2,0xf17f52151EbEF6C7334FAD080c5704D77216b732,0x3f348860aa5a66c0b9b33534a21a9bf0240740dae1d44a278a8b42672f0e59ba,23351,32121,950430,475215,0.026122,30608.66,30152.91,
564,1,0x627306090abaB3A6e1400e9345bC60c78a8BEf57,0xbb091752ef9cde2decf2e4145bf491581a7617236d276cea0b95c95d5dd7b744,23351,32121,950430,475215,0.026122,30651.45,30162.89,
564,3,0x17D90CC0C9cB61f27A5198c8a96f9eA19341b218,0x81f22929a3cb8c4193ee5a783bcff10294d7f3d9fcd45cb54e632d89b671ad85,23351,32121,950430,475215,0.026122,30604.15,30150.11,
564,4,0x47242114086D2715A648d0391793730d2aB1CCa2,0x7aa60287e2d758e9f9bee8763d4e5113ca066fa8f4b2674fa0cfea2047cb6050,23351,32121,950430,475215,0.026122,30626.10,30157.71,
565,2,0xf17f52151EbEF6C7334FAD080c5704D77216b732,0xf252f0c860725f54b88cce3f768d192d6e361ad7631a55c01171d4e2a9d64867,23352,32121,952415,476207,0.026176,29609.46,29151.35,
565,1,0x627306090abaB3A6e1400e9345bC60c78a8BEf57,0x6b08a09d1912ef544da3a86d8df4f463c8de846d82df3cf71754e6c9e4306afe,23352,32121,952415,476207,0.026176,29651.40,29161.58,
565,3,0x17D90CC0C9cB61f27A5198c8a96f9eA19341b218,0x49701b04d581b51991d5ad03b6ac860bbf943d84b5b82bec024fa82d7db940f3,23352,32121,952415,476207,0.026176,29601.75,29151.11,
565,4,0x47242114086D2715A648d0391793730d2aB1CCa2,0x954bc65324376a0a032ce50cff6c2cb6684cc44e98bf284566a15b1fffdf27d9,23352,32121,952415,476207,0.026176,29630.43,29156.04,
566,1,0x627306090abaB3A6e1400e9345bC60c78a8BEf57,0x8909ac7b3c793ae3d149c9ff28bbc774b2d4c5c3ab181674349fe7e20871415d,23353,32121,954403,477201,0.026231,29656.01,29164.47,
566,3,0x17D90CC0C9cB61f27A5198c8a96f9eA19341b218,0x36a7355517ee1157ad19806f0ebfffdec7829e620caaead56854841449f0af87,23353,32121,954403,477201,0.026231,29601.90,29151.05,
566,4,0x47242114086D2715A648d0391793730d2aB1CCa2,0xaf9ab98e7b448a44d91e5bde822c7dadbbde5c363cd5a3d7f46033b9de817238,23353,32121,954403,477201,0.026231,29624.15,29156.75,
566,2,0xf17f52151EbEF6C7334FAD080c5704D77216b732,0x24d6e193e522c8aa14fd6a23741a83986bda9c1e2b307616363f2b18d31e6246,23353,32121,954403,477201,0.026231,30607.63,30151.15,
567,2,0xf17f52151EbEF6C7334FAD080c5704D77216b732,0x519df2915bedd3aa43dc7723b8922b38593d6eea5038367f6817fb0ef355b4f5,23354,32121,964003,482001,0.026495,29613.11,29155.33,
567,3,0x17D90CC0C9cB61f27A5198c8a96f9eA19341b218,0x28a476750cfb54b2d460b70954b2f0839225db6a1ac51867a657fea42812dbad,23354,32121,964003,482001,0.026495,30607.85,30151.90,
567,1,0x627306090abaB3A6e1400e9345bC60c78a8BEf57,0x451facac782dca5debc214fb65008df0c4f02062952d99df591c396819122fd9,23354,32121,964003,482001,0.026495,30653.33,30162.56,
567,4,0x47242114086D2715A648d0391793730d2aB1CCa2,0x78fcfc164122e322f9355f197fc81836c33419c6239a26a265406bcd1c43ca40,23354,32121,964003,482001,0.026495,30631.88,30158.75,
568,2,0xf17f52151EbEF6C7334FAD080c5704D77216b732,0x8a50c3ad45a7b58a042bd110d22cb9cbf29592d65b10d7256fc20f5fff1b6b98,23355,32121,964003,482001,0.026495,29608.57,29154.91,
568,3,0x17D90CC0C9cB61f27A5198c8a96f9eA19341b218,0x1e8d95571b098fd6dfbc2ec96c609279afd1355eefde2f14efab24a03a40be25,23355,32121,964003,482001,0.026495,29604.62,29151.37,
568,1,0x627306090abaB3A6e1400e9345bC60c78a8BEf57,0x41c3648abe6bdcb11f3cee9f77ca97225cbfdf6adf87ecc197d20333748d1f4f,23355,32121,964003,482001,0.026495,29649.77,29163.03,
568,4,0x47242114086D2715A648d0391793730d2aB1CCa2,0x298583e65b150b27e2b0d24008116cff08fd16ceb4a17f049ebf968522e1c57b,23355,32121,964003,482001,0.026495,29630.63,29157.79,
569,4,0x47242114086D2715A648d0391793730d2aB1CCa2,0xb6e8bfe9ed6fe2fcd7054ca6eb8c385641b8ea1aac88aefbb9307ed5ca53d46e,23356,32121,964003,482001,0.026495,29632.22,29157.23,
569,2,0xf17f52151EbEF6C7334FAD080c5704D77216b732,0x9955100590280265af83e20ef66e29fd222945f9587e29810014a69a7e0dd557,23356,32121,964003,482001,0.026495,30618.45,30151.87,
569,3,0x17D90CC0C9cB61f27A5198c8a96f9eA19341b218,0x0d3bab3c6037d01b58b5666e25d90684b89d1f67ade90fadf90822c233534fcd,23356,32121,964003,482001,0.026495,30602.81,30151.81,
569,1,0x627306090abaB3A6e1400e9345bC60c78a8BEf57,0x782aa116f1ec6f6e47f3f4b8789a14200f1a2beb80d84a944b35bf77f2f1f29f,23356,32121,964003,482001,0.026495,30652.09,30164.64,
570,2,0xf17f52151EbEF6C7334FAD080c5704D77216b732,0xac99af7caf8dcb527cad24ef289df11709f9fc4481cf056f2a59df184863fb8f,23357,32121,964003,482001,0.026495,29612.20,29152.25,
570,3,0x17D90CC0C9cB61f27A5198c8a96f9eA19341b218,0x895dea7c3e6f53ee74e2836bf9f6c5ebdd9eb2bb3206e93c009795c00e928cc4,23357,32121,964003,482001,0.026495,29609.15,29149.67,
570,1,0x627306090abaB3A6e1400e9345bC60c78a8BEf57,0xbfa95dc1062451dd6485bcab1e35ad6422c4f85e1534a510f0c1206a53bf9409,23357,32121,964003,482001,0.026495,29649.62,29162.56,
570,4,0x47242114086D2715A648d0391793730d2aB1CCa2,0x06dcf5905ebde7f85e5b4aeeeb6f0abc6873000ac92933cc5d604abc4e1e51e8,23357,32121,964003,482001,0.026495,30626.07,30155.59,
571,3,0x17D90CC0C9cB61f27A5198c8a96f9eA19341b218,0xf800065a556668473eaf3a7c2a30ae87a11d757cca039ef3a7433b00510ebfcd,23358,32121,964003,482001,0.026495,29609.62,29151.25,
571,1,0x627306090abaB3A6e1400e9345bC60c78a8BEf57,0xdb1eba2f35cb71241cbc01ba69b0ead6e80af0e60312cca86f6e65c2b665944b,23358,32121,964003,482001,0.026495,29656.16,29163.94,
571,4,0x47242114086D2715A648d0391793730d2aB1CCa2,0xe11d6f73b6410d7506f3207ad6a01181e923c87355756fa950a6c48422670dd7,23358,32121,964003,482001,0.026495,29626.32,29157.11,
571,2,0xf17f52151EbEF6C7334FAD080c5704D77216b732,0x4f16793aaa46bdef8c23fa1f731eb4b602006026f73ae7f77ddefbd12101258a,23358,32121,964003,482001,0.026495,30607.30,30150.96,
572,2,0xf17f52151EbEF6C7334FAD080c5704D77216b732,0x531807fbc10993681f575c72f5e22c37082162cbc649da482efcef6024643f7c,23359,32121,964003,482001,0.026495,29610.00,29152.44,
572,3,0x17D90CC0C9cB61f27A5198c8a96f9eA19341b218,0xec8877c5539c76ed07722a1422ed25b84cd4d3c54744f2a8fd97528eaa1c34af,23359,32121,964003,482001,0.026495,30603.93,30149.27,
572,1,0x627306090abaB3A6e1400e9345bC60c78a8BEf57,0x437f6fbae16e2f2b52a6955ddb5818ac349ae1fa0fb4c6afe8b26a99b7dd44ae,23359,32121,964003,482001,0.026495,30648.69,30162.87,
572,4,0x47242114086D2715A648d0391793730d2aB1CCa2,0xfd9ef8cdacddd0f391795f84e15638d158753e56214b8b4ab9dbb474ba538871,23359,32121,964003,482001,0.026495,30627.31,30156.74,
573,2,0xf17f52151EbEF6C7334FAD080c5704D77216b732,0x8e5962b2bfacc3d8c8e597a7aa8a39625cabd616079c8823c681cbc9937ea786,23360,32121,965409,482704,0.026533,29614.12,29154.42,
573,3,0x17D90CC0C9cB61f27A5198c8a96f9eA19341b218,0x542ee237ada0993e0c9a498ad3c6aa274889881eb078f1be5f61aac5a62785fc,23360,32121,965409,482704,0.026533,29614.16,29150.72,
573,1,0x627306090abaB3A6e1400e9345bC60c78a8BEf57,0xfa7095994fd135828b77cd94108308eada16d9ac1d365fb606589b77c15c117f,23360,32121,965409,482704,0.026533,29652.11,29162.21,
573,4,0x47242114086D2715A648d0391793730d2aB1CCa2,0x244ba706e4a4f17fd306155329a16686e7a668cd43f1a33a68941419323a8373,23360,32121,965409,482704,0.026533,29626.00,29155.29,
574,4,0x47242114086D2715A648d0391793730d2aB1CCa2,0xbd514adac55ea113dab4400c1ecd595d283228a0cce505206baeeac6064a2fe6,23361,32121,970582,485291,0.026676,29625.80,29156.28,
574,1,0x627306090abaB3A6e1400e9345bC60c78a8BEf57,0xc2b71982ca836b81a9c3a67442f70f247d7ab044f367a3ce74b78e934f962bbd,23361,32121,970582,485291,0.026676,29650.00,29162.69,
574,2,0xf17f52151EbEF6C7334FAD080c5704D77216b732,0xdff405bb19c1e2dae7d887df29405846afccb4cf7140abdcb197c36006915ee7,23361,32121,970582,485291,0.026676,30608.37,30152.69,
574,3,0x17D90CC0C9cB61f27A5198c8a96f9eA19341b218,0x5e52ebab3e2436cb7b3f95ec11b54273dccd072de2c9feba86ae50fd1d640f69,23361,32121,970582,485291,0.026676,30604.25,30149.23,
575,2,0xf17f52151EbEF6C7334FAD080c5704D77216b732,0x054fe3f7eed3e8afe14b00e9d9aae16194dd40b38756a333ab47f0a929c6c1e2,23362,32121,970582,485291,0.026676,29615.36,29152.89,
575,3,0x17D90CC0C9cB61f27A5198c8a96f9eA19341b218,0x0b11cb83ed018a2f6c5d058270b6c79aa01c0041094738ffeac2f1805305a744,23362,32121,970582,485291,0.026676,29610.03,29150.84,
575,4,0x47242114086D2715A648d0391793730d2aB1CCa2,0x6d07f28268d41c1a45f22960c69feb339963f2b7cff65e878a705f4add3d9b5a,23362,32121,970582,485291,0.026676,30627.28,30157.10,
575,1,0x627306090abaB3A6e1400e9345bC60c78a8BEf57,0xc6962d564e190794eea8e3cf89cdc8fc1eee91328aa754a77e594c882e57f228,23362,32121,970582,485291,0.026676,30651.80,30161.28,
576,3,0x17D90CC0C9cB61f27A5198c8a96f9eA19341b218,0xc5a6354d54e1e6f9e0651cf252494a97bcc35f05d8390e3497706c88eba2cee0,23363,32121,970582,485291,0.026676,29602.39,29151.38,
576,4,0x47242114086D2715A648d0391793730d2aB1CCa2,0x6a4771982762361bcefa5414484d0d9ca8be7d231df6b7f5efc41337c3990cc8,23363,32121,970582,485291,0.026676,29625.98,29155.24,
576,1,0x627306090abaB3A6e1400e9345bC60c78a8BEf57,0xe12036728994204ce1a5b91ddd7d6c93aa2c975b9a2885b569e7ceabcd8977a0,23363,32121,970582,485291,0.026676,29647.92,29160.30,
576,2,0xf17f52151EbEF6C7334FAD080c5704D77216b732,0xafa6a60c06842aa1c178593b84304f0ca4fdb95e8740123858ecfd74650bd9f7,23363,32121,970582,485291,0.026676,30604.82,30153.09,
577,4,0x47242114086D2715A648d0391793730d2aB1CCa2,0xb38b559d0159a95d542b6a93e9fc9eaf035edf4064544828ce2a50a03c45ef60,23364,32121,970582,485291,0.026676,29627.21,29156.03,
577,1,0x627306090abaB3A6e1400e9345bC60c78a8BEf57,0x6480fb00e57dec7237a2376135091a9ce37a475e6dbee5628763d394e8115df5,23364,32121,970582,485291,0.026676,29654.81,29163.93,
577,2,0xf17f52151EbEF6C7334FAD080c5704D77216b732,0x1839a7333bdc8ca8d19c4b7ffe1156ff339be80f8bfa60d4a047303da2a2c938,23364,32121,970582,485291,0.026676,29610.52,29152.07,
577,3,0x17D90CC0C9cB61f27A5198c8a96f9eA19341b218,0x51f0ee3b6e12b313e612f5191905e46adb8577bf234a6f6a43ed379783f68f46,23364,32121,970582,485291,0.026676,30600.48,30150.81,
578,2,0xf17f52151EbEF6C7334FAD080c5704D77216b732,0x4ae4c71e0c4323e4105e1433ae5034b4767aafd6c18b7da29ded183c02a97d91,23365,32121,975052,487526,0.026799,29608.49,29153.25,
578,3,0x17D90CC0C9cB61f27A5198c8a96f9eA19341b218,0x475ff7bfac90fade9e1a7a1166d8a7616b4abda421123f0c2f377471875309f0,23365,32121,975052,487526,0.026799,29601.93,29152.08,
578,4,0x47242114086D2715A648d0391793730d2aB1CCa2,0xe27eef0bb1817bec968a9bb14901ed35d052f50e6a928b25cbde96de6fede2ae,23365,32121,975052,487526,0.026799,30627.99,30156.89,
578,1,0x627306090abaB3A6e1400e9345bC60c78a8BEf57,0x959faf696c6dbc8e8b0c0e62f4a0676e1c8241300ebcdafd8e83966c0f1f2ac0,23365,32121,975052,487526,0.026799,30654.00,30163.67,
579,4,0x47242114086D2715A648d0391793730d2aB1CCa2,0xf33ea98028395fc0a7748aec5fae7a51697351ea7270c6f49de904eca0c032f3,23366,32121,976458,488229,0.026837,29626.74,29157.76,
579,1,0x627306090abaB3A6e1400e9345bC60c78a8BEf57,0x4b739933f9fc0e70c7dcbb994c2d793a4f66ebf4cf295660a28dfebcdf5909ea,23366,32121,976458,488229,0.026837,29653.88,29163.05,
579,2,0xf17f52151EbEF6C7334FAD080c5704D77216b732,0x0f6f316589858e209b25f663d97a2e3748a106d5e308e7edf94256787158b4a5,23366,32121,976458,488229,0.026837,30618.32,30162.24,
579,3,0x17D90CC0C9cB61f27A5198c8a96f9eA19341b218,0xc017a26b95fb1bead73b6ae7b87c99a8717dd88079d9d915640ffac8624571bf,23366,32121,976458,488229,0.026837,30609.03,30150.27,
580,1,0x627306090abaB3A6e1400e9345bC60c78a8BEf57,0x67fc2766dc40a543b23385ee00bb3d4c0c7a23da96a8c71d89ede4b501895a32,23367,32121,976458,488229,0.026837,29649.85,29161.15,
580,2,0xf17f52151EbEF6C7334FAD080c5704D77216b732,0x1a24770565932cedd243baefa22cbd84633fe73fed0d312f64aaf4dab0825b32,23367,32121,976458,488229,0.026837,29647.81,29163.86,
580,3,0x17D90CC0C9cB61f27A5198c8a96f9eA19341b218,0x2836fff9250831b87360e96fd5dc12a4078b6128bd768d33c911ffda66066da5,23367,32121,976458,488229,0.026837,29604.34,29149.77,
580,4,0x47242114086D2715A648d0391793730d2aB1CCa2,0xadd76600c0f599dedaeb3f8ac8c7fdd240b44f1b2af156ad0cb023088ec4403e,23367,32121,976458,488229,0.026837,30626.08,30156.53,
581,2,0xf17f52151EbEF6C7334FAD080c5704D77216b732,0x7a26566e5d7f4d9c44ff9f1e554e5e291ad346aac5eb9624c6122b305a128c88,23368,32121,988294,494147,0.027163,29647.76,29162.21,
581,3,0x17D90CC0C9cB61f27A5198c8a96f9eA19341b218,0xc84cb42c5854ec5a1f1fe8fe4c0dbb44abcd8368e0812437f994aa008e0cf7da,23368,32121,988294,494147,0.027163,29607.28,29151.60,
581,4,0x47242114086D2715A648d0391793730d2aB1CCa2,0xa1baa6aa955030643be9bbd14a0564cc95ba90f6d6ab8f24d3443d97cdb27061,23368,32121,988294,494147,0.027163,29628.90,29156.26,
581,1,0x627306090abaB3A6e1400e9345bC60c78a8BEf57,0x2def11bc2a83fd6c0a9550a771485f65b79fca00403ac20d4595a5db5901fd8a,23368,32121,988294,494147,0.027163,30648.20,30161.66,
582,4,0x47242114086D2715A648d0391793730d2aB1CCa2,0xcf14cc4ae3e4dbc92e2619d8e659614efda4ad33ef5e3b68507d73767d97751e,23369,32121,988294,494147,0.027163,29623.07,29152.95,
582,1,0x627306090abaB3A6e1400e9345bC60c78a8BEf57,0xe1b23a1ccfafc11cafe1c4be16bc021802da05ce3d98050d568e3a57389f40e7,23369,32121,988294,494147,0.027163,29653.66,29158.85,
582,3,0x17D90CC0C9cB61f27A5198c8a96f9eA19341b218,0xb14e4adc44892bc4cd0894c26b2404552d5176b6e21bcd8e66715aa7b25bfb3b,23369,32121,988294,494147,0.027163,30600.26,30146.36,
582,2,0xf17f52151EbEF6C7334FAD080c5704D77216b732,0xdfc67f150756abca5c8d49858beb7390822b1b330d5b1a389ffd6a13072c5f1c,23369,32121,988294,494147,0.027163,30643.51,30157.18,
583,1,0x627306090abaB3A6e1400e9345bC60c78a8BEf57,0x90fc57c4df2e4fdfd3f445cfdf72cdc5fc170c4ed7b26b9ab5ef38f11f05a610,23370,32121,988294,494147,0.027163,29636.67,29160.32,
583,3,0x17D90CC0C9cB61f27A5198c8a96f9eA19341b218,0x88569e32716f188f37fb6d51ed67e9df5478d7bc3f4367388845615b123a4d4f,23370,32121,988294,494147,0.027163,29592.68,29148.25,
583,2,0xf17f52151EbEF6C7334FAD080c5704D77216b732,0xb19513d4d050668cfaf3f0cd425a41f9d7d83a05d2056fa423141cb139b83040,23370,32121,988294,494147,0.027163,29632.57,29158.77,
583,4,0x47242114086D2715A648d0391793730d2aB1CCa2,0x64c0afa772c0572471aa904cdd5e8e1ff5b6393dd0c5f652d35af925a88993c7,23370,32121,988294,494147,0.027163,30616.83,30155.40,
584,2,0xf17f52151EbEF6C7334FAD080c5704D77216b732,0xef72164c6d87e53b9cc8a7730487a6719a910fab72dcdc7a27c7b093589f7cf9,23371,32121,988294,494147,0.027163,29644.62,29170.38,
584,4,0x47242114086D2715A648d0391793730d2aB1CCa2,0x705d9287fca0e48fccd924243a411de54c79796c4ddfd3c05cd1061436ac10b6,23371,32121,988294,494147,0.027163,29619.14,29156.00,
584,1,0x627306090abaB3A6e1400e9345bC60c78a8BEf57,0xe43d08bb4e96c8aaa90b1dd45bd410a1d205334f566ce69c9ad88d396e9974a1,23371,32121,988294,494147,0.027163,30640.85,30161.00,
584,3,0x17D90CC0C9cB61f27A5198c8a96f9eA19341b218,0xf55f414e3ae961dccf6b8403b3f67db8ac4c3b3926d68ce828a906e9e15ee745,23371,32121,988294,494147,0.027163,30595.47,30149.81,
585,4,0x47242114086D2715A648d0391793730d2aB1CCa2,0xcbffded47547d483c8d08cc8d0428d6dc16c0dc370dae2f8fa6007f528b170f6,23372,32121,988294,494147,0.027163,29626.13,29155.90,
585,1,0x627306090abaB3A6e1400e9345bC60c78a8BEf57,0x8ab128ec262d080f4b5ba6ec80e7e4f3ef4f65159ae00b94d621bce915d575ab,23372,32121,988294,494147,0.027163,29644.55,29161.25,
585,3,0x17D90CC0C9cB61f27A5198c8a96f9eA19341b218,0xfc640ed4e9bb79b306c192eefea7085cfaab5b75caa0c8983591372e773da91e,23372,32121,988294,494147,0.027163,29600.87,29151.38,
585,2,0xf17f52151EbEF6C7334FAD080c5704D77216b732,0x5965c1ffa03230f2e24e4ced9eab2bd9c6a0d6f38e308f5e754b30ab077462d6,23372,32121,988294,494147,0.027163,30635.37,30158.70,
586,3,0x17D90CC0C9cB61f27A5198c8a96f9eA19341b218,0x0a9010891539aee6c146ba62adbd32e9b103f71b3ec68e229aeb84414c110d3a,23373,32121,988294,494147,0.027163,29602.66,29149.33,
586,2,0xf17f52151EbEF6C7334FAD080c5704D77216b732,0xb9f1645affcdd9f5314e9f2036bf871e831b7210170fd29cf68b2f7daafc2de0,23373,32121,988294,494147,0.027163,29644.51,29160.99,
586,4,0x47242114086D2715A648d0391793730d2aB1CCa2,0xa68dd9368aa694f3f9eb5d8fd8a0964b7dccf9c665d568d6a9d48e0d398169dd,23373,32121,988294,494147,0.027163,30623.50,30156.86,
586,1,0x627306090abaB3A6e1400e9345bC60c78a8BEf57,0x3bdd6dbbdc56358713940d74dd7328860f48d6e97410ca48e8bb0b453630176e,23373,32121,988294,494147,0.027163,30643.83,30160.26,
587,4,0x47242114086D2715A648d0391793730d2aB1CCa2,0xea33a53fce3c8b4df266f1f17b1638395ca262d4c72706d7a8d2e1ad140f1014,23374,32121,991397,495698,0.027248,29621.19,29155.02,
587,1,0x627306090abaB3A6e1400e9345bC60c78a8BEf57,0xaa669cb372925b91f2d7b0715af712e3e208e4fba0c9ee6538fdd75265d32df1,23374,32121,991397,495698,0.027248,29655.63,29160.62,
587,3,0x17D90CC0C9cB61f27A5198c8a96f9eA19341b218,0xe99a9fc844e53f60db7a1a76b09d4bdb6380e0f09c182a53924e55b3504d4510,23374,32121,991397,495698,0.027248,30601.78,30148.92,
587,2,0xf17f52151EbEF6C7334FAD080c5704D77216b732,0xe3e45b48c79aca7a5ef5e95384e20776ed6398c49b083e663ff8e5002d51355c,23374,32121,991397,495698,0.027248,30637.76,30159.49,
588,1,0x627306090abaB3A6e1400e9345bC60c78a8BEf57,0x1cc4e7ae6ed3b79ecc6225de2bae6f1e922cb2478d258373750be62cc4b7a443,23375,32121,992722,496361,0.027284,29639.94,29154.98,
588,3,0x17D90CC0C9cB61f27A5198c8a96f9eA19341b218,0xaeaea034a2ba49622a3bece2e7fb68caf74d29c0cacb1095b9271168ddf82bbb,23375,32121,992722,496361,0.027284,29600.34,29151.33,
588,2,0xf17f52151EbEF6C7334FAD080c5704D77216b732,0x06bd823b7836bb1ddd5911fc09af45917fe27a04d8eb0d8d148cae5257e60d31,23375,32121,992722,496361,0.027284,29642.93,29155.39,
588,4,0x47242114086D2715A648d0391793730d2aB1CCa2,0xbd1e6cb9c8f26238b4c8eb21ea2d7c5778d8dbdda352e24098876178f399de70,23375,32121,992722,496361,0.027284,30627.94,30160.86,
589,2,0xf17f52151EbEF6C7334FAD080c5704D77216b732,0x80b969f4a893365489566c26fb2dcaee38f951eed3432bf460f31df2e2307f43,23376,32121,993508,496754,0.027306,29621.43,29156.69,
589,4,0x47242114086D2715A648d0391793730d2aB1CCa2,0xeecdbcbf05d274689005926d510b9d7b460528bd995ac65225ebfa2a61471ca4,23376,32121,993508,496754,0.027306,29646.38,29161.44,
589,1,0x627306090abaB3A6e1400e9345bC60c78a8BEf57,0x1cbcd43a51375f7f674966a12d5ca10c7281b8aa86dfd718db7c7384b5e63640,23376,32121,993508,496754,0.027306,30614.77,30154.14,
589,3,0x17D90CC0C9cB61f27A5198c8a96f9eA19341b218,0xca4af9fc7e08051ebae5c530622daa301edbfed652c3b6e5767b9a6070fd8c1f,23376,32121,993508,496754,0.027306,30601.55,30151.99,
590,4,0x47242114086D2715A648d0391793730d2aB1CCa2,0x8d78527ebf346c23df42fa12c26bcbcc66cf218ff5efb621fdcde818f49fe0e9,23377,32121,1001990,500995,0.027539,29645.07,29162.86,
590,1,0x627306090abaB3A6e1400e9345bC60c78a8BEf57,0x3af6ceae992baa720ff691322f5b05020049827818ecca11df0abf04b0a38bbe,23377,32121,1001990,500995,0.027539,29621.25,29152.61,
590,3,0x17D90CC0C9cB61f27A5198c8a96f9eA19341b218,0x13dc677a329d1c48779257f3eab73d67818313326b15d3ecb90669ebeb69c808,23377,32121,1001990,500995,0.027539,29616.93,29151.84,
590,2,0xf17f52151EbEF6C7334FAD080c5704D77216b732,0xd57498ce4dd0f3c7dc39c996fa0ce9ec8173b45a94d01a75a7f01fafa11f1348,23377,32121,1001990,500995,0.027539,30629.70,30157.24,
591,1,0x627306090abaB3A6e1400e9345bC60c78a8BEf57,0x0b15e0c97b22307b56034b03199a4d58b6ec110a23bf48976b36818326a9020a,23378,32121,1001990,500995,0.027539,29617.40,29154.83,
591,3,0x17D90CC0C9cB61f27A5198c8a96f9eA19341b218,0x39b76b06dafb9a965733a5aaf5beb690755e5c20f782143048ff61cb2bc73be9,23378,32121,1001990,500995,0.027539,29601.48,29149.67,
591,2,0xf17f52151EbEF6C7334FAD080c5704D77216b732,0xc0ef1b98d28c4fff366523f5b809624e308147aa3a3a28a75b5b003ce0ec96b2,23378,32121,1001990,500995,0.027539,29630.11,29160.11,
591,4,0x47242114086D2715A648d0391793730d2aB1CCa2,0xff1ca03ecacd24c0934463597f03bbf07a5dbf95cec82f28106f9f2ac01f8c7c,23378,32121,1001990,500995,0.027539,30651.68,30166.96,
592,2,0xf17f52151EbEF6C7334FAD080c5704D77216b732,0x88c40651a4f4a780dab48185edd16617f3701c324cb8bf747bb48fbfec6b3cbf,23379,32121,1001990,500995,0.027539,29623.16,29154.83,
592,4,0x47242114086D2715A648d0391793730d2aB1CCa2,0x6bfba353c70d688a8b15a125af0f36c2de4f5bbe0ccbca287a8538b1a0fec136,23379,32121,1001990,500995,0.027539,29649.72,29162.44,
592,3,0x17D90CC0C9cB61f27A5198c8a96f9eA19341b218,0x0a217e98352c8cb3aff94dff37a3a677b64fcf2e24bb7bcf0711443b757aa203,23379,32121,1001990,500995,0.027539,30617.98,30153.39,
592,1,0x627306090abaB3A6e1400e9345bC60c78a8BEf57,0x9a9ae360248798786741dd44809f4cfba90e7bda45673eb1cac590bf81347eb0,23379,32121,1001990,500995,0.027539,30633.40,30155.40,
593,4,0x47242114086D2715A648d0391793730d2aB1CCa2,0x5a3c97d75d936b4c20316798b2da021b18be7a24fd3563989c32dea6574cb424,23380,32121,1001990,500995,0.027539,29649.06,29161.12,
593,3,0x17D90CC0C9cB61f27A5198c8a96f9eA19341b218,0x7e51175fb18a8ded50804b4a928f79705dda578689b47fb9d854ea8501e40d41,23380,32121,1001990,500995,0.027539,29613.31,29152.54,
593,1,0x627306090abaB3A6e1400e9345bC60c78a8BEf57,0x9231b5957b3b74464ce97e36dd835509571c6331864512405c71eb0a98189393,23380,32121,1001990,500995,0.027539,29616.19,29153.94,
593,2,0xf17f52151EbEF6C7334FAD080c5704D77216b732,0x8cc1b3ed74ec739077683bae94b795a66e1af44417f02bd0771c24480c036e3c,23380,32121,1001990,500995,0.027539,30622.82,30155.10,
594,1,0x627306090abaB3A6e1400e9345bC60c78a8BEf57,0x54f9f22fb24c76865679613be0365b26f22dcd965442bb2e6e9f1bdc8c2a2e28,23381,32121,1004928,502464,0.027620,29616.95,29155.01,
594,2,0xf17f52151EbEF6C7334FAD080c5704D77216b732,0x2321539cb809acfd4c83084aa2c95d93b47ac2944049f80f06f9b03078c27831,23381,32121,1004928,502464,0.027620,29624.03,29154.40,
594,4,0x47242114086D2715A648d0391793730d2aB1CCa2,0xf29a8a385a501c68ea1eff100e29b7fdcaf17f87a26144258ed0e2837cfd937d,23381,32121,1004928,502464,0.027620,30642.27,30159.60,
594,3,0x17D90CC0C9cB61f27A5198c8a96f9eA19341b218,0x5c6f5dad9152b51d25e9dcc316cbba4b9a7171c1973848fd59a4133a2d2cc318,23381,32121,1004928,502464,0.027620,30607.99,30151.00,
595,4,0x47242114086D2715A648d0391793730d2aB1CCa2,0x42d3133049505ecbcee198278dc07447b96e905a4ef6889717a6410e15447422,23382,32121,1004928,502464,0.027620,29641.54,29161.17,
595,3,0x17D90CC0C9cB61f27A5198c8a96f9eA19341b218,0x2184894c24007a8d7ae6bba897c92ec50789e8622c45b66d09c905398ac505a9,23382,32121,1004928,502464,0.027620,29607.86,29154.96,
595,1,0x627306090abaB3A6e1400e9345bC60c78a8BEf57,0x2da1a979b729e9c082bd1327c6d314a6767f8ede8a509657f4d3d63a17f33b4d,23382,32121,1004928,502464,0.027620,30618.62,30156.51,
595,2,0xf17f52151EbEF6C7334FAD080c5704D77216b732,0x0219aa5262501181e021b0233702dfde23a92546ff76c8aa8203673006d6d936,23382,32121,1004928,502464,0.027620,30620.19,30156.09,
596,4,0x47242114086D2715A648d0391793730d2aB1CCa2,0x23f85ed406408dafc8b1e36292e2928036fae350891e799128efd4da254b8552,23383,32121,1017715,508857,0.027971,29649.95,29161.34,
596,3,0x17D90CC0C9cB61f27A5198c8a96f9eA19341b218,0x31299384283b5de541b19458abfe109b17f36e035e3b47042dab98f5c5f2fd8b,23383,32121,1017715,508857,0.027971,29611.35,29153.83,
596,1,0x627306090abaB3A6e1400e9345bC60c78a8BEf57,0xc0674023e9050eb5accc2577758f7824a65eccd70519d6a63473429d0c70840f,23383,32121,1017715,508857,0.027971,29625.56,29155.46,
596,2,0xf17f52151EbEF6C7334FAD080c5704D77216b732,0x46c4400f0e19f634f621dc9e0d77d9cb59f29daad1e7f8ffe45b569fc666a336,23383,32121,1017715,508857,0.027971,29626.09,29155.89,
597,2,0xf17f52151EbEF6C7334FAD080c5704D77216b732,0x81f64b63a9f6e7a8d758af7b7c05d9f5d59294cce626e14749a6faf738e027a0,23384,32121,1017715,508857,0.027971,29623.30,29156.82,
597,4,0x47242114086D2715A648d0391793730d2aB1CCa2,0x659bfa0d60144afc57c0a0cb8fea7be0c651ea66cadbf79588c26f64e1646920,23384,32121,1017715,508857,0.027971,30649.14,30161.61,
597,3,0x17D90CC0C9cB61f27A5198c8a96f9eA19341b218,0x6a50fb348292785f16293776ba200b03bdc146ead7b15c7ade2637377d114500,23384,32121,1017715,508857,0.027971,30614.51,30155.09,
597,1,0x627306090abaB3A6e1400e9345bC60c78a8BEf57,0xc6371259ef1ec10832360239327da5e9eed7b4cc44db3dd3f1c39abb162c88b9,23384,32121,1017715,508857,0.027971,30621.97,30155.06,
598,3,0x17D90CC0C9cB61f27A5198c8a96f9eA19341b218,0x5ac9e595798651aded17c0fa4ac334bab189dacfff56f9668e9a5e777ea3ed2f,23385,32121,1017715,508857,0.027971,29604.25,29151.08,
598,4,0x47242114086D2715A648d0391793730d2aB1CCa2,0xb511e1bfd7435729092be4d98bcc5827ddbb8b362ec04a5285b78508ef9e7edf,23385,32121,1017715,508857,0.027971,29643.34,29161.68,
598,1,0x627306090abaB3A6e1400e9345bC60c78a8BEf57,0xafae63fd265fe3e1adf66791557866fca3b682ec9a36a092efdc0a778fbc2beb,23385,32121,1017715,508857,0.027971,29618.10,29154.15,
598,2,0xf17f52151EbEF6C7334FAD080c5704D77216b732,0x69f8c5ce03e20650dcd56394f53e940e2ef9414a56c026b19a2509a044f79b49,23385,32121,1017715,508857,0.027971,30623.98,30155.84,
599,3,0x17D90CC0C9cB61f27A5198c8a96f9eA19341b218,0x0f419f34e99a70a897c7ce3f339f09973556d0be6e33e52f8e1952be572e1812,23386,32121,1017715,508857,0.027971,29608.37,29151.87,
599,4,0x47242114086D2715A648d0391793730d2aB1CCa2,0x2edab959712a4502b8e7c056dee70615e8ec27b36fac9332468e482b5ed7319c,23386,32121,1017715,508857,0.027971,29643.37,29159.98,
599,1,0x627306090abaB3A6e1400e9345bC60c78a8BEf57,0xb64f97fe8b8e4b1f5129bad0832bfe93b65b1ff8854035561895b426b669276c,23386,32121,1017715,508857,0.027971,29621.41,29157.54,
599,2,0xf17f52151EbEF6C7334FAD080c5704D77216b732,0x6fe42e336f985c6a4ce4e5c5c5fb238a79ff84cbc3aeacfdb1c3bde34418512e,23386,32121,1017715,508857,0.027971,29625.49,29155.47,
600,2,0xf17f52151EbEF6C7334FAD080c5704D77216b732,0x72f8e2cdb2092232e3f66d7dc2c140791a1f16452cfbce77d7fe5eee67407fb5,23387,32121,1018004,509002,0.027979,29625.85,29158.36,
600,3,0x17D90CC0C9cB61f27A5198c8a96f9eA19341b218,0xb97314b23d7e97e646a22096cb3a935a8b729690c933c7fa63cd45e5bced6613,23387,32121,1018004,509002,0.027979,30602.78,30149.98,
600,4,0x47242114086D2715A648d0391793730d2aB1CCa2,0x72bdfc33d2477be105641482e5010ff14a3541c4a067f62eaf34524f03bb0f2c,23387,32121,1018004,509002,0.027979,30647.14,30160.38,
600,1,0x627306090abaB3A6e1400e9345bC60c78a8BEf57,0xa2db789d3aa297a9acadce5a919faef64a643dd589e9d968641ee3b2812258dd,23387,32121,1018004,509002,0.027979,30618.72,30153.76,
601,3,0x17D90CC0C9cB61f27A5198c8a96f9eA19341b218,0x656a2dff80556f9e1d7fb92fac5912c2b30f22308c923ee88ed01172946c6c45,23388,32121,1018004,509002,0.027979,29601.68,29151.67,
601,1,0x627306090abaB3A6e1400e9345bC60c78a8BEf57,0x8747293590200d10f219fefb79f4d81fae44750c28a74be95aaab81ec66f0a26,23388,32121,1018004,509002,0.027979,29619.97,29153.16,
601,4,0x47242114086D2715A648d0391793730d2aB1CCa2,0xc60a4938828e89654320c314eb6d9f2e4500835efed5da9aa78dc5e4a3d52b3f,23388,32121,1018004,509002,0.027979,29642.32,29159.84,
601,2,0xf17f52151EbEF6C7334FAD080c5704D77216b732,0x9ea423d304e259accefc433d2432ed33db0f83a3ed7b53ebef7dec3ec34f015a,23388,32121,1018004,509002,0.027979,30624.74,30156.50,
602,2,0xf17f52151EbEF6C7334FAD080c5704D77216b732,0x42cf177db20a34f30dd0d4138b08d669148a950de968075c51ecb89b02c34ec6,23389,32121,1018004,509002,0.027979,29621.23,29155.91,
602,3,0x17D90CC0C9cB61f27A5198c8a96f9eA19341b218,0xb5758944ee8d4fa6fae6fdf58ac00af53b17b74c131ab40557a267fedc80c28f,23389,32121,1018004,509002,0.027979,30609.07,30150.52,
602,1,0x627306090abaB3A6e1400e9345bC60c78a8BEf57,0xe509ae0a0c42ae61d36330cce2af66915b930392d8e430b012050cb64ea19c15,23389,32121,1018004,509002,0.027979,30620.33,30154.33,
602,4,0x47242114086D2715A648d0391793730d2aB1CCa2,0x172a07771aa915fdf07bf4665382b2b84d66e6ed8fe001bcb2a8d4f9354a9f80,23389,32121,1018004,509002,0.027979,30646.98,30161.65,
603,3,0x17D90CC0C9cB61f27A5198c8a96f9eA19341b218,0x10ceb66f29042f9538bbea3ae8d4fd8592fe116d9b2c6524dc5dc41e29459bf0,23390,32121,1034023,517011,0.028419,29606.82,29153.30,
603,1,0x627306090abaB3A6e1400e9345bC60c78a8BEf57,0x80daf9db175481c7282c245af343e96064440abe81e4b54a17e2b25a148c7daa,23390,32121,1034023,517011,0.028419,29618.17,29153.55,
603,4,0x47242114086D2715A648d0391793730d2aB1CCa2,0x7225b1ae3042e913f42c2e47aa5cd849c7c998e8f1525b3e2ba5a3b027f4a583,23390,32121,1034023,517011,0.028419,29645.59,29161.07,
603,2,0xf17f52151EbEF6C7334FAD080c5704D77216b732,0x87326b5c1247adad3074af0e5a72d66219b4376b7d4086bc0d1fb2ed628893c7,23390,32121,1034023,517011,0.028419,30629.47,30157.46,
604,3,0x17D90CC0C9cB61f27A5198c8a96f9eA19341b218,0x4b212c51f2276a549b2017db079e0c2d34f5dd84b74857434e5226896f85774f,23391,32121,1034023,517011,0.028419,29606.16,29152.77,
604,1,0x627306090abaB3A6e1400e9345bC60c78a8BEf57,0xfd6961a10f1a71fd4f727f4dabcc7d73310239284078de5fa34699d532347990,23391,32121,1034023,517011,0.028419,29631.20,29158.10,
604,4,0x47242114086D2715A648d0391793730d2aB1CCa2,0x6dd60751acd7def7a3dae0ecdc2f29230da4b1c471d06e6e81b129d8b27274f7,23391,32121,1034023,517011,0.028419,29649.38,29163.57,
604,2,0xf17f52151EbEF6C7334FAD080c5704D77216b732,0x73879cd0ff85dbd6f615f346c93a84e28c1d64c08fbafbdaa10c5ab237e5dfa6,23391,32121,1034023,517011,0.028419,29625.43,29156.02,
605,2,0xf17f52151EbEF6C7334FAD080c5704D77216b732,0xda7f480994b4edf7066f1e40566b8708112c932b3e62e3f2e87c4a8ddf3f39a8,23392,32121,1034023,517011,0.028419,29637.17,29156.48,
605,3,0x17D90CC0C9cB61f27A5198c8a96f9eA19341b218,0x5b4964047e0aa914e5dd76ffb715b202651f82ccc2009e66fe72e72bb008e4f7,23392,32121,1034023,517011,0.028419,30622.65,30155.76,
605,1,0x627306090abaB3A6e1400e9345bC60c78a8BEf57,0x03898bf185569ba9365a943d1a1f2542a6532d89e7bc86a79ff0407e978c51aa,23392,32121,1034023,517011,0.028419,30628.80,30154.56,
605,4,0x47242114086D2715A648d0391793730d2aB1CCa2,0x8fd751b38eb427e6e61ab39f7fcc4476baeb7e1dd8cda569fc14e6c4bf0b9b1e,23392,32121,1034023,517011,0.028419,30662.25,30162.00,
606,3,0x17D90CC0C9cB61f27A5198c8a96f9eA19341b218,0xddcaa0052f4022d834e30320c6270693f2c03a7adda8b0dd08a138102218cff8,23393,32121,1034023,517011,0.028419,29603.92,29151.48,
606,1,0x627306090abaB3A6e1400e9345bC60c78a8BEf57,0x9ce04cbf2d26c542316a1eab425ad5b477f75329db010a02c8b901eb619567e9,23393,32121,1034023,517011,0.028419,29618.96,29153.27,
606,4,0x47242114086D2715A648d0391793730d2aB1CCa2,0x437b526a72b8a27ad79535d130b7be8c8121bbd19c7183433bf9706917bdde99,23393,32121,1034023,517011,0.028419,29644.17,29160.08,
606,2,0xf17f52151EbEF6C7334FAD080c5704D77216b732,0x7f8b4855c5cc7910f6feeea4b60e482ffebed35d569e405e8fde165422cb1575,23393,32121,1034023,517011,0.028419,30624.50,30155.69,
607,1,0x627306090abaB3A6e1400e9345bC60c78a8BEf57,0x4b8e60b1f6af716316dc8e1857d54ca4fe95d888870ad6265fd119eb8d3ed6ed,23394,32121,1034023,517011,0.028419,29622.78,29159.45,
607,4,0x47242114086D2715A648d0391793730d2aB1CCa2,0xde9f35cc1e8e2a5a8a818b7eaaee7bfc9ce0db9fdde09e3c6af34ecbbaa88b43,23394,32121,1034023,517011,0.028419,29648.74,29167.17,
607,2,0xf17f52151EbEF6C7334FAD080c5704D77216b732,0xee0278f3edbe8305cd359850d51a43eb2b65e12827221fa0fac51d40f304a906,23394,32121,1034023,517011,0.028419,29629.58,29159.17,
607,3,0x17D90CC0C9cB61f27A5198c8a96f9eA19341b218,0x718f73e5a97f688ff453edc5aaecdf4995836baccc35f4b0ff5ff112cdca95ae,23394,32121,1034023,517011,0.028419,30604.12,30154.22,
608,2,0xf17f52151EbEF6C7334FAD080c5704D77216b732,0xe425613c3f33e61439f6897d606b2fb6313ebc293b1efedfb8bd4b05713f1cc0,23395,32121,1034023,517011,0.028419,29642.61,29164.59,
608,3,0x17D90CC0C9cB61f27A5198c8a96f9eA19341b218,0x20765bd4a025c6ab38510a6535d76eaebbca8b5b0fff29f2db6de3b05ed9edbc,23395,32121,1034023,517011,0.028419,29617.40,29162.45,
608,1,0x627306090abaB3A6e1400e9345bC60c78a8BEf57,0xcf96fca8a2498f357bafbbf65864170fb7f4ae6246a6b27b47b83d60b0cfb407,23395,32121,1034023,517011,0.028419,30666.24,30159.76,
608,4,0x47242114086D2715A648d0391793730d2aB1CCa2,0xbac84c89a9d805422f713b99dc15755986a424887910cedcf5ff05502b6523c1,23395,32121,1034023,517011,0.028419,30692.03,30164.09,
609,3,0x17D90CC0C9cB61f27A5198c8a96f9eA19341b218,0xc9da60b8554a16d5c414ee6bd83f6f6649144ac315cd77d5be56ff77064f09a9,23396,32121,1034023,517011,0.028419,29637.51,29157.74,
609,1,0x627306090abaB3A6e1400e9345bC60c78a8BEf57,0x5aba560926dcd65fd43b651bd4328250cf2712a0b63ba1b69d0bd98d2df92941,23396,32121,1034023,517011,0.028419,29634.09,29157.82,
609,4,0x47242114086D2715A648d0391793730d2aB1CCa2,0xc53d9ad7fad29e41827eba971549b837299fb1eb4eeb12dffd1853c07c44763b,23396,32121,1034023,517011,0.028419,29645.59,29161.65,
609,2,0xf17f52151EbEF6C7334FAD080c5704D77216b732,0x913c86f1c5526f04cdfe413df8a5af820fec0ec001f8b649a7f854b2e3e24487,23396,32121,1034023,517011,0.028419,30683.83,30155.71,
610,1,0x627306090abaB3A6e1400e9345bC60c78a8BEf57,0xc30109f1f602959193d32082153101aac7dec211769fb3dcda73a9cdd6da25cf,23397,32121,1034023,517011,0.028419,29633.71,29160.82,
610,4,0x47242114086D2715A648d0391793730d2aB1CCa2,0x41360361d05da7a7299eb4de38a9f95f069fb501d9e45b0d133d977e2b65b54e,23397,32121,1034023,517011,0.028419,29657.77,29168.68,
610,2,0xf17f52151EbEF6C7334FAD080c5704D77216b732,0x5ef519f28f407da00e15e93ca5a4a7653491b2bf60f0fde198a2c85ea8584ac5,23397,32121,1034023,517011,0.028419,29633.54,29158.18,
610,3,0x17D90CC0C9cB61f27A5198c8a96f9eA19341b218,0x6f0ab9907d9c46e4c757543f2eb96d54265a5d71282397c7bcf4582210f62796,23397,32121,1034023,517011,0.028419,30633.70,30151.59,
611,2,0xf17f52151EbEF6C7334FAD080c5704D77216b732,0x2360d89fd6c48d7f4fc247dbf7441afef950ce9b854d2211f8abc5bad3850546,23398,32121,1035345,517672,0.028456,29640.35,29158.42,
611,3,0x17D90CC0C9cB61f27A5198c8a96f9eA19341b218,0xa6cc2d3c3d94eb569de9bf9076b5db3e84b47187bb874701d0f8f114c09c4c4b,23398,32121,1035345,517672,0.028456,29616.45,29162.28,
611,1,0x627306090abaB3A6e1400e9345bC60c78a8BEf57,0x0e6dca43c246679e05426f4dc7196b1fe2f32c2737acd1edc895de72b9aa4815,23398,32121,1035345,517672,0.028456,30646.46,30157.02,
611,4,0x47242114086D2715A648d0391793730d2aB1CCa2,0x432bdbcf6bc21e6a4f100d4c12913f22127396d4f7faa2459ee1e0125594e593,23398,32121,1035345,517672,0.028456,30678.07,30162.28,
612,3,0x17D90CC0C9cB61f27A5198c8a96f9eA19341b218,0x7c75d6b28411c57f5c7cfd95b76d5534afe059bb9b7a8d453668451329296272,23399,32121,1053430,526715,0.028953,29614.62,29150.54,
612,1,0x627306090abaB3A6e1400e9345bC60c78a8BEf57,0xc56abac60147472064f893ccaf5bd24b009121a0255ed6ff2a81d69c3e122e08,23399,32121,1053430,526715,0.028953,29652.92,29154.51,
612,4,0x47242114086D2715A648d0391793730d2aB1CCa2,0xb0b98bf3a6ed69112391518573599df571f0ee5522e421f8cc6bfe9fcd8db23d,23399,32121,1053430,526715,0.028953,29646.94,29161.62,
612,2,0xf17f52151EbEF6C7334FAD080c5704D77216b732,0x8a769f93f0307202314404003466f2d20bbaa94817d519bdd0d7b9c18fedb3f1,23399,32121,1053430,526715,0.028953,30647.76,30161.10,
613,4,0x47242114086D2715A648d0391793730d2aB1CCa2,0x19844b0285cc63571f3184a9e14c68960acfc108e8efb62800bc948565d21945,23400,32121,1053430,526715,0.028953,29643.51,29161.82,
613,2,0xf17f52151EbEF6C7334FAD080c5704D77216b732,0xf42eac2aa700ad4d881f0e3dff39d1554674be54980a85e03d409a6a0cfc44dd,23400,32121,1053430,526715,0.028953,29623.20,29155.51,
613,3,0x17D90CC0C9cB61f27A5198c8a96f9eA19341b218,0x7416ec41b24cdb314e4c01bf9432df77d6cc24df21f94ae83557654b8c75f930,23400,32121,1053430,526715,0.028953,30600.59,30150.10,
613,1,0x627306090abaB3A6e1400e9345bC60c78a8BEf57,0x64d9220690a43ad6738a88c5653e26af197d2d2509cc441f2de2b45b3be64891,23400,32121,1053430,526715,0.028953,30619.76,30154.70,
614,3,0x17D90CC0C9cB61f27A5198c8a96f9eA19341b218,0x749f24fbcc41d94b42acb3d0a3a4db81cd45a5afcb9f85712b1eeb2bf3049fb8,23401,32121,1053430,526715,0.028953,29605.32,29150.87,
614,1,0x627306090abaB3A6e1400e9345bC60c78a8BEf57,0xd5123d29e561cb66766f67412bcf8f7b660644f151389efe8aed46325c866a3f,23401,32121,1053430,526715,0.028953,29618.76,29154.22,
614,4,0x47242114086D2715A648d0391793730d2aB1CCa2,0x9f7f35737223a8ecc0a9fc7359240a292b155b0ec67ef26cdabd296614d5b86f,23401,32121,1053430,526715,0.028953,30647.51,30161.29,
614,2,0xf17f52151EbEF6C7334FAD080c5704D77216b732,0x297723632d577a0aef909f2024b377f6da7defe67c54070aaec979f9df778ba1,23401,32121,1053430,526715,0.028953,30625.59,30155.30,
615,1,0x627306090abaB3A6e1400e9345bC60c78a8BEf57,0x7ce3c854f23dd876f86fc457844c1971b6f5736678df8535ed4466e51d183f81,23402,32121,1053430,526715,0.028953,29619.56,29154.93,
615,4,0x47242114086D2715A648d0391793730d2aB1CCa2,0x714db20e8e97e1c57b5a87c492b4374578bf87a9e1b7da4f2de1513f21d869fc,23402,32121,1053430,526715,0.028953,29642.33,29160.24,
615,2,0xf17f52151EbEF6C7334FAD080c5704D77216b732,0xf710ddd248f6a71134c116fdb5ec681bcfeea5047f09f6e7dd80472838e7dcbd,23402,32121,1053430,526715,0.028953,29622.31,29155.34,
615,3,0x17D90CC0C9cB61f27A5198c8a96f9eA19341b218,0xa9f4aa2be3c160fa467a51d11e23cefb7f775fffdd32f1067b6dd650f479c2bc,23402,32121,1053430,526715,0.028953,30606.08,30150.64,
616,4,0x47242114086D2715A648d0391793730d2aB1CCa2,0x6b57272a686d77f15cb7d1f7b5b098dddf89802edfdf7f259454002734e5f1c5,23403,32121,1053430,526715,0.028953,29645.66,29160.65,
616,2,0xf17f52151EbEF6C7334FAD080c5704D77216b732,0x402001bfcef3a6dfe47db61e68cbd59feb8afa1339df3e88336128f7cb8b0dd7,23403,32121,1053430,526715,0.028953,29624.87,29156.05,
616,3,0x17D90CC0C9cB61f27A5198c8a96f9eA19341b218,0x06b89b3b43d25dec94f0b60cb5637c1b93eeaa0cc9b50415c7f27fa74995f0a8,23403,32121,1053430,526715,0.028953,29603.67,29151.77,
616,1,0x627306090abaB3A6e1400e9345bC60c78a8BEf57,0x4f47e69f655e38c6e794a6e6e2395355b59446c9312840980294d088e2de44af,23403,32121,1053430,526715,0.028953,30618.96,30155.72,
617,3,0x17D90CC0C9cB61f27A5198c8a96f9eA19341b218,0xef39bbc1d1ac3e73bbbacb1eb0a9c7edb8e07cee69076c0e8c7c20318596bef2,23404,32121,1053430,526715,0.028953,29612.03,29152.27,
617,1,0x627306090abaB3A6e1400e9345bC60c78a8BEf57,0xe7d08c1a3e2f7a78d17134c15e267a18b52d3e00f502735ebe2561355eed79e9,23404,32121,1053430,526715,0.028953,29617.59,29152.95,
617,4,0x47242114086D2715A648d0391793730d2aB1CCa2,0x351b1abe1eec13877e06c1d9864f640f9b93094c63e533f05a8488a66bd5d5ef,23404,32121,1053430,526715,0.028953,30652.73,30162.31,
617,2,0xf17f52151EbEF6C7334FAD080c5704D77216b732,0x5cfe9d57e63648fdfca78719e03644789e7f40f84e8af7d923cd6878e96fcc56,23404,32121,1053430,526715,0.028953,30624.84,30155.73,
618,1,0x627306090abaB3A6e1400e9345bC60c78a8BEf57,0x1ba2a1551cb20d745f5cbbe7ffdb359f5f9a6f13d3936376c1bec344c170ce06,23405,32121,1053430,526715,0.028953,29625.86,29153.61,
618,4,0x47242114086D2715A648d0391793730d2aB1CCa2,0xfbc5665410ebab549d7e4ec893ca3186867b36c158fe0bff44393e9ae4a2bd50,23405,32121,1053430,526715,0.028953,29646.76,29162.10,
618,2,0xf17f52151EbEF6C7334FAD080c5704D77216b732,0x03c582def2b247a9f15e7fb4d6fdd8b73deddea7a9c174eed495bee5f25bd40e,23405,32121,1053430,526715,0.028953,29622.46,29155.63,
618,3,0x17D90CC0C9cB61f27A5198c8a96f9eA19341b218,0x61ee6091b3bb26b0528aefb917410a387f4b0c2ef9dc2a5c7bcb52a1cdd14707,23405,32121,1053430,526715,0.028953,30604.44,30152.11,
619,2,0xf17f52151EbEF6C7334FAD080c5704D77216b732,0xdb0335981b6fffec6910de5370272bff0fe425c3cccbac1393e51394eb77edad,23406,32121,1053430,526715,0.028953,29621.63,29152.36,
619,4,0x47242114086D2715A648d0391793730d2aB1CCa2,0x054c6f2587664515643a19b3b96c159d04f2d80f85653ef13df6edbd6cdb3d74,23406,32121,1053430,526715,0.028953,29638.60,29155.23,
619,3,0x17D90CC0C9cB61f27A5198c8a96f9eA19341b218,0xbf2641235163226a384447e3cd68951f1bc061ae8328547f360132b836f4e783,23406,32121,1053430,526715,0.028953,29603.46,29151.76,
619,1,0x627306090abaB3A6e1400e9345bC60c78a8BEf57,0x1c212f05b0cda714ea1030297ee2915783e3691f6601e76c229737160b0dabaf,23406,32121,1053430,526715,0.028953,30629.29,30166.02,
620,1,0x627306090abaB3A6e1400e9345bC60c78a8BEf57,0xd80e667625cc97ef671239656b421c30c785d44a44264aad07c49cc380e74f8f,23407,32121,1053430,526715,0.028953,29670.90,29167.66,
620,2,0xf17f52151EbEF6C7334FAD080c5704D77216b732,0x27408a8ce9befa90957f5d1e21035a167630d9200c58b7f2d53e35d2cef8288d,23407,32121,1053430,526715,0.028953,30637.22,30154.89,
620,4,0x47242114086D2715A648d0391793730d2aB1CCa2,0x710d153ce474e2462176d625753365af8d0b4f175952075087962803745aa30a,23407,32121,1053430,526715,0.028953,30630.46,30156.51,
620,3,0x17D90CC0C9cB61f27A5198c8a96f9eA19341b218,0x8344d95227c10b053a540f62aec9e603729ca5c7ee547a2d555c95d293b43691,23407,32121,1053430,526715,0.028953,30639.12,30152.67,
621,2,0xf17f52151EbEF6C7334FAD080c5704D77216b732,0x3f46956bf5a14c8361b2a487cd7bee5782510c600b92a51daa65e01682aa9e2c,23408,32121,1053430,526715,0.028953,29614.67,29153.16,
621,4,0x47242114086D2715A648d0391793730d2aB1CCa2,0x993496bfeaa5e811c231a8b82220b4c7da014c58d95a3e5e3ec5a6f74a3e8cd7,23408,32121,1053430,526715,0.028953,29626.54,29155.99,
621,3,0x17D90CC0C9cB61f27A5198c8a96f9eA19341b218,0x1584856fc65b3159637ca1fca2469a1c01c4d6660e7072f0031da334877d8cff,23408,32121,1053430,526715,0.028953,29613.63,29153.18,
621,1,0x627306090abaB3A6e1400e9345bC60c78a8BEf57,0x8699ddf1a957f8e4263f5bd7f7b541df3648f8b46619a117e1547bce566e4560,23408,32121,1053430,526715,0.028953,30663.07,30166.92,
622,4,0x47242114086D2715A648d0391793730d2aB1CCa2,0x738a75993d32f1f6258cbf68348e15fb50870fa37042f9fd546d92b4bb8a0d45,23409,32121,1053430,526715,0.028953,29642.75,29169.65,
622,3,0x17D90CC0C9cB61f27A5198c8a96f9eA19341b218,0x3d65abe412b886026fe28435abf2c9da0b4678a1421445e0b62c555df892cc74,23409,32121,1053430,526715,0.028953,29645.53,29155.26,
622,1,0x627306090abaB3A6e1400e9345bC60c78a8BEf57,0x83310c4efaaadf868802d62fbb8f9b0164bc6b0d30175f6193f30366da16a4be,23409,32121,1053430,526715,0.028953,29667.51,29166.71,
622,2,0xf17f52151EbEF6C7334FAD080c5704D77216b732,0x54aa8b0dab3990ea2d83cccf8759d8239b49b49fc3aa9b8298f4f716f168a9c7,23409,32121,1053430,526715,0.028953,30621.05,30155.23,
623,1,0x627306090abaB3A6e1400e9345bC60c78a8BEf57,0xf9d7ef20f0eaade61250f14623f5122997fc796764be6bf59e5fdab3e0a62b7d,23410,32121,1057981,528990,0.029078,29666.26,29166.17,
623,2,0xf17f52151EbEF6C7334FAD080c5704D77216b732,0xb391a9bfb19a82878650a4c3504b8f0e9e50423fba5861e1d845a499426f75e3,23410,32121,1057981,528990,0.029078,29619.36,29153.15,
623,4,0x47242114086D2715A648d0391793730d2aB1CCa2,0x10cd865c061e266c6a9c644907b1ef9669f5fe01e4fa7e43dcf66b5882550ae4,23410,32121,1057981,528990,0.029078,30630.75,30158.22,
623,3,0x17D90CC0C9cB61f27A5198c8a96f9eA19341b218,0x20bd529e7b777388adee2b72c163bf63c109707cb0839ee0bbfa2a486e002ccc,23410,32121,1057981,528990,0.029078,30619.10,30154.08,
624,1,0x627306090abaB3A6e1400e9345bC60c78a8BEf57,0xb5fc585f1abf1c4d67aad56e32418bd6d96cd6b910a1f220d59d4e8d3fdc986e,23411,32121,1057981,528990,0.029078,29668.17,29168.42,
624,2,0xf17f52151EbEF6C7334FAD080c5704D77216b732,0xdc34fe301c8158e023768f4a72f10a170631962f7dd099b95add9c4ae06ef4ae,23411,32121,1057981,528990,0.029078,29611.77,29153.51,
624,4,0x47242114086D2715A648d0391793730d2aB1CCa2,0xcd993261dbd21c55e272d0ed9895820d1b4ac186cae7419498bbe75fd950c27c,23411,32121,1057981,528990,0.029078,29627.70,29159.69,
624,3,0x17D90CC0C9cB61f27A5198c8a96f9eA19341b218,0x1b195bedf430fd6fcff069d20d3b2c00245264b03bfa2088ebbcd9901f9953ca,23411,32121,1057981,528990,0.029078,29620.87,29153.44,
625,3,0x17D90CC0C9cB61f27A5198c8a96f9eA19341b218,0x9c56dac4c96cea80ca862abfb5d964a830089634a51cae27fb9fc8a75861367a,23412,32121,1057981,528990,0.029078,29614.08,29152.08,
625,1,0x627306090abaB3A6e1400e9345bC60c78a8BEf57,0x99840ff0aeca7a561abd2b3754b28c9755df195273762dec8a942e609826a413,23412,32121,1057981,528990,0.029078,30663.17,30164.82,
625,2,0xf17f52151EbEF6C7334FAD080c5704D77216b732,0xb37d59f75c227d7d779bd3b1c6b02955a1f0ad50d4669f6693eead2917d97b7e,23412,32121,1057981,528990,0.029078,30610.39,30153.40,
625,4,0x47242114086D2715A648d0391793730d2aB1CCa2,0x2d20fe618a8878945c92043b977a393074da3e476b4d2455516959f7f6b53296,23412,32121,1057981,528990,0.029078,30622.96,30155.74,
626,1,0x627306090abaB3A6e1400e9345bC60c78a8BEf57,0x06b63476532c833a389d42824996aafa47adfb1a2fae9b91b2be6438b7cb5876,23413,32121,1063112,531556,0.029219,29665.72,29168.20,
626,2,0xf17f52151EbEF6C7334FAD080c5704D77216b732,0x07552a430250bbc146ba5ca60328cd58bd70828e2e4aac0a7545ab09054c578c,23413,32121,1063112,531556,0.029219,29619.33,29157.28,
626,4,0x47242114086D2715A648d0391793730d2aB1CCa2,0xc87cf9c0eb74ec4515fc8169e907f1cbd37ea397d092b7161c56f1ba46466218,23413,32121,1063112,531556,0.029219,29628.61,29158.19,
626,3,0x17D90CC0C9cB61f27A5198c8a96f9eA19341b218,0xa6a78ab3321c1f679da983e35f7f42311b8148d360babf193860fa41fcb80e9c,23413,32121,1063112,531556,0.029219,30617.15,30156.03,
627,1,0x627306090abaB3A6e1400e9345bC60c78a8BEf57,0x861bd53c53e236bd68f736e56ec8c3ec99f995b0df08de786dcb508aff28d2bf,23414,32121,1063112,531556,0.029219,29670.34,29166.62,
627,2,0xf17f52151EbEF6C7334FAD080c5704D77216b732,0x219908fa6fa085c113f56ee2cf8fcb2aec616ba000e09786cb292889555ecdd5,23414,32121,1063112,531556,0.029219,29626.96,29155.59,
627,4,0x47242114086D2715A648d0391793730d2aB1CCa2,0xb4fbd3e6f42a1fe52a3e16092dfa0793a21e9ce4008541a979b1e87ef09b4ba6,23414,32121,1063112,531556,0.029219,29627.63,29155.85,
627,3,0x17D90CC0C9cB61f27A5198c8a96f9eA19341b218,0x84d2c766af87d897c5552079558b9546b31daf3dd8808b5db9a09d6e281b5213,23414,32121,1063112,531556,0.029219,29617.66,29153.70,
628,2,0xf17f52151EbEF6C7334FAD080c5704D77216b732,0xb60e53ab18fd84c30c698485803e9e42b2778cb5f0d5ceb79f0bbef299f6cc74,23415,32121,1065347,532673,0.029280,30623.48,30157.77,
628,1,0x627306090abaB3A6e1400e9345bC60c78a8BEf57,0xb862edf8505e2cbcc78c9362699c17a0e75f26d81097289959be844ed62757b2,23415,32121,1065347,532673,0.029280,30673.89,30171.14,
628,4,0x47242114086D2715A648d0391793730d2aB1CCa2,0x9245a78a88f9c7b1196675aeecdc09b3bf3979e87513be73f86bcd37b043d515,23415,32121,1065347,532673,0.029280,30626.49,30157.16,
628,3,0x17D90CC0C9cB61f27A5198c8a96f9eA19341b218,0x95ac8a73c87bddb3b6a6893372e9a61bc45d374afaac91213e395ed66ad04732,23415,32121,1065347,532673,0.029280,30613.48,30154.72,
629,2,0xf17f52151EbEF6C7334FAD080c5704D77216b732,0xfbd452120d74b6ca83652734ffdf6c29492194953749592a54f1f389cde53d45,23416,32121,1069278,534639,0.029388,29622.13,29155.40,
629,1,0x627306090abaB3A6e1400e9345bC60c78a8BEf57,0x4a57c4c3fe6614e16378f0cf0c5a77d583f7aafdea256f6ce5a3b022afeb2250,23416,32121,1069278,534639,0.029388,29674.91,29169.01,
629,4,0x47242114086D2715A648d0391793730d2aB1CCa2,0x9fa1e0d4d86de96d2a15abbf26e9e99d3969429135dddd5491a240d524cac42f,23416,32121,1069278,534639,0.029388,29633.91,29157.09,
629,3,0x17D90CC0C9cB61f27A5198c8a96f9eA19341b218,0x3c8b1542f37e8aef08d595137797bbd8684faa7de7d98df36b70eec3fc303ceb,23416,32121,1069278,534639,0.029388,29631.86,29153.79,
630,4,0x47242114086D2715A648d0391793730d2aB1CCa2,0x26d759dbbc67a6bb193247f6730760e82a94cdd82327891c9726fb2e1518efba,23417,32121,1069278,534639,0.029388,29634.13,29158.57,
630,1,0x627306090abaB3A6e1400e9345bC60c78a8BEf57,0x7ffbeb966e1a6131fd04933d363eaa7849b54b54075e5724b3d890715fe3171f,23417,32121,1069278,534639,0.029388,29675.82,29167.33,
630,3,0x17D90CC0C9cB61f27A5198c8a96f9eA19341b218,0x06e91a18249a674cbecac2d933c7fee414b89429cebd3226a6667fdffdd030ee,23417,32121,1069278,534639,0.029388,29625.85,29156.24,
630,2,0xf17f52151EbEF6C7334FAD080c5704D77216b732,0x32c0e5234d919eda106efa614826cff8249699550381b3f743e708d1f0f8d254,23417,32121,1069278,534639,0.029388,30621.68,30155.83,
631,2,0xf17f52151EbEF6C7334FAD080c5704D77216b732,0xef8d83dd687451b2d3a9dbebae75cf8f071a3b8ecd726305419991dc56c70a3a,23418,32121,1070147,535073,0.029412,29617.81,29155.08,
631,4,0x47242114086D2715A648d0391793730d2aB1CCa2,0x153ce22e78e7c4d053e68f5e2f603fe0e4c82456101be74cf820a4ef8264221a,23418,32121,1070147,535073,0.029412,30629.75,30158.53,
631,1,0x627306090abaB3A6e1400e9345bC60c78a8BEf57,0x79edad6a73dfabac1e83c1f5b74ee94853c4b99524c8baf4e4ea3e0faef54dcc,23418,32121,1070147,535073,0.029412,30673.98,30169.38,
631,3,0x17D90CC0C9cB61f27A5198c8a96f9eA19341b218,0xba8f231d8f8b702747b6ad1dd130a5c41ecf7c3aef4d12601cc7feee9655cf97,23418,32121,1070147,535073,0.029412,30622.11,30156.12,
632,2,0xf17f52151EbEF6C7334FAD080c5704D77216b732,0x669e857725b16dac6840c9cc42e3b8244497e9fe2ae4f3478ce9de9b6d67e8ef,23419,32121,1073457,536728,0.029503,29623.27,29155.91,
632,4,0x47242114086D2715A648d0391793730d2aB1CCa2,0x493f8866db4dc30fd66469abc98a726dee3ff4f740812e05339fbba343904e09,23419,32121,1073457,536728,0.029503,29628.18,29157.31,
632,3,0x17D90CC0C9cB61f27A5198c8a96f9eA19341b218,0x0acd08b5ee0de6a281a2966703e0e2660a0ae43ca4e7e0f597ff97461cdc24bb,23419,32121,1073457,536728,0.029503,29618.35,29154.27,
632,1,0x627306090abaB3A6e1400e9345bC60c78a8BEf57,0x4182e34c9e47581db7d63eb0590a835c8d205b46c97d50da1b0670833491bb6e,23419,32121,1073457,536728,0.029503,29675.55,29169.74,
633,1,0x627306090abaB3A6e1400e9345bC60c78a8BEf57,0x9ada6e3ffd4b048bfc4bfe1cc6b0121d9ff9f801fc33694939f91839ed4849f7,23420,32121,1073457,536728,0.029503,29677.07,29168.48,
633,2,0xf17f52151EbEF6C7334FAD080c5704D77216b732,0xf39dcfec03a0bd4035b051fbc06a137a51fa66cb172ab97dbeef10110898d0ed,23420,32121,1073457,536728,0.029503,30623.38,30156.69,
633,4,0x47242114086D2715A648d0391793730d2aB1CCa2,0xc383628006f37424e4202c553ac3388caaae3e6b943fd46088a7124eeb5fdab9,23420,32121,1073457,536728,0.029503,30632.48,30157.62,
633,3,0x17D90CC0C9cB61f27A5198c8a96f9eA19341b218,0xb76124fd12bbc4f2656d50863cd11615e00fcfc15d3cc8d5ea402b7f7d5068ab,23420,32121,1073457,536728,0.029503,30620.44,30153.54,
634,2,0xf17f52151EbEF6C7334FAD080c5704D77216b732,0xc024059e2adb88627a4c95104b8e0e2976568d6f8a72d073fa8d1fe847a8aa8e,23421,32121,1074576,537288,0.029534,29621.02,29156.15,
634,4,0x47242114086D2715A648d0391793730d2aB1CCa2,0x6a12c6a3d753ab6839c08bd9c193f552cd074a2a8ef8d47fed9854557efadd17,23421,32121,1074576,537288,0.029534,29629.50,29158.53,
634,3,0x17D90CC0C9cB61f27A5198c8a96f9eA19341b218,0x5bc53fdb4dae452d4a154eb7c21a2ab1265ac2089b0794f77323a080b328b61b,23421,32121,1074576,537288,0.029534,29620.46,29155.72,
634,1,0x627306090abaB3A6e1400e9345bC60c78a8BEf57,0x0a282931de57ca935b421cb0292bbbb25e209e0fb8554b1e8863631cbc1d7a33,23421,32121,1074576,537288,0.029534,30672.83,30168.71,
635,2,0xf17f52151EbEF6C7334FAD080c5704D77216b732,0x3c162c0ff3dd7b4e85add2d0ab60fb44cca3b038a758d474f342c1c10daeff16,23422,32121,1078382,539191,0.029639,29620.87,29155.86,
635,4,0x47242114086D2715A648d0391793730d2aB1CCa2,0xd197a52cd245e12268eba45cb16721b8bb93f6c05b0aeda12792c3c6a352744f,23422,32121,1078382,539191,0.029639,29633.18,29155.14,
635,3,0x17D90CC0C9cB61f27A5198c8a96f9eA19341b218,0xc37ca7853c06ea4ecd07281714dec5555a41815432797f147718db415cbae2d3,23422,32121,1078382,539191,0.029639,29617.22,29152.27,
635,1,0x627306090abaB3A6e1400e9345bC60c78a8BEf57,0x12a9d70fc61e7730d017d7b72f23899a171702a0578813ab626654770a49d7c3,23422,32121,1078382,539191,0.029639,29681.28,29167.77,
636,1,0x627306090abaB3A6e1400e9345bC60c78a8BEf57,0xf3c4c0d65489fcaa269f6474f28435b1311630c1b677295f6e10437309c585ae,23423,32121,1078382,539191,0.029639,29680.14,29170.38,
636,2,0xf17f52151EbEF6C7334FAD080c5704D77216b732,0x6cade61d0287b4b2178d1a6e0e5f3bdf19510ade947190fc9c8cf8a19bc6432a,23423,32121,1078382,539191,0.029639,30624.96,30157.24,
636,4,0x47242114086D2715A648d0391793730d2aB1CCa2,0xe04f796b08033084a96417407c002f98d5dd5ce12ed94abeff77a1c7264d1693,23423,32121,1078382,539191,0.029639,30629.66,30158.47,
636,3,0x17D90CC0C9cB61f27A5198c8a96f9eA19341b218,0xca30bdb1db0af32d7207c6bfbd28d06f5e82f857e9a450bd7628e339d6e64065,23423,32121,1078382,539191,0.029639,30624.13,30156.21,
637,2,0xf17f52151EbEF6C7334FAD080c5704D77216b732,0x65d2b029438f6ffe6093671bc314be4ade3ae2ea73df6c03b0f1334d414aa320,23424,32121,1078382,539191,0.029639,29627.69,29155.51,
637,4,0x47242114086D2715A648d0391793730d2aB1CCa2,0xb69d63e717f4ea39c3b266dca8a30e38b1cd6b146a134192cab0a3578a44b98c,23424,32121,1078382,539191,0.029639,29633.33,29157.53,
637,3,0x17D90CC0C9cB61f27A5198c8a96f9eA19341b218,0xfe22b6ddd55d36ffef0fcc0d46c13f8cf354630c3ab68be20fca008b199e8965,23424,32121,1078382,539191,0.029639,29631.42,29162.71,
637,1,0x627306090abaB3A6e1400e9345bC60c78a8BEf57,0x71008e2bf1d08690ad022683f39329f248046aac5d57d8a68413ab5e8e3f66ae,23424,32121,1078382,539191,0.029639,30686.61,30167.45,
638,4,0x47242114086D2715A648d0391793730d2aB1CCa2,0x77ce03d258ffd5fd2a32d19a1e39faf49177aa5af55f95dbfdccb2a9f0581709,23425,32121,1087155,543577,0.029880,29628.64,29157.89,
638,3,0x17D90CC0C9cB61f27A5198c8a96f9eA19341b218,0x995fe7cef3a31f0c8fb1251e5a68acda7ab87121d92f6be69ae691b16acc8092,23425,32121,1087155,543577,0.029880,29619.39,29154.39,
638,1,0x627306090abaB3A6e1400e9345bC60c78a8BEf57,0x0b9217b2e9c376f47afe8689ae51fe6b30cdc19ef4810675794c3012ab700a59,23425,32121,1087155,543577,0.029880,29675.92,29169.68,
638,2,0xf17f52151EbEF6C7334FAD080c5704D77216b732,0x64f49758bd434dc6735b33efb37d93fccb09a993b5472ca21a7d6bab0890178f,23425,32121,1087155,543577,0.029880,30624.05,30155.27,
639,1,0x627306090abaB3A6e1400e9345bC60c78a8BEf57,0xb784888d7c0bdd6409c22d68c36d080114460336f7ecf9bf5b4cc3a81329043b,23426,32121,1087155,543577,0.029880,29673.50,29168.79,
639,2,0xf17f52151EbEF6C7334FAD080c5704D77216b732,0x85f75cf8934f12b2ddae23794ea487dc5995f85daf404fb7c4679c3b1e02f469,23426,32121,1087155,543577,0.029880,29620.77,29156.07,
639,3,0x17D90CC0C9cB61f27A5198c8a96f9eA19341b218,0x38dc1953b1bc94f068bc7869d3155c0c04be8699878dfa022de69244d4f05061,23426,32121,1087155,543577,0.029880,30617.40,30154.46,
639,4,0x47242114086D2715A648d0391793730d2aB1CCa2,0x9d7b6ef0174a510a0eb8715f001b7442850ee8fbf1f2031186e3c6792cac5d7a,23426,32121,1087155,543577,0.029880,30633.03,30155.96,
640,2,0xf17f52151EbEF6C7334FAD080c5704D77216b732,0x9ec5c8d9a82d76c341534708c270faec3d87a2d8bd275892fa9f35c63fba3217,23427,32121,1087155,543577,0.029880,29625.68,29156.63,
640,3,0x17D90CC0C9cB61f27A5198c8a96f9eA19341b218,0xddcad65f9da8a12e4575d0962010b8b074f9ee7482348257cb34849a0799d0ae,23427,32121,1087155,543577,0.029880,29618.89,29154.42,
640,4,0x47242114086D2715A648d0391793730d2aB1CCa2,0xc2d254b477f76fe4f179723658c3fc3df3f6ee045c4af21dceaba8ecc6f9ef00,23427,32121,1087155,543577,0.029880,29633.24,29155.33,
640,1,0x627306090abaB3A6e1400e9345bC60c78a8BEf57,0x3bf512af200d9688e54af608dab1dd8fd4ddd55b3dc92c6c06308cc9acb2db20,23427,32121,1087155,543577,0.029880,30672.37,30163.33,
641,1,0x627306090abaB3A6e1400e9345bC60c78a8BEf57,0x3eacd0add88727995f45a5ca7f0e2c719294376a05d87eeaf171630031e99c0a,23428,32121,1087155,543577,0.029880,29668.35,29169.51,
641,2,0xf17f52151EbEF6C7334FAD080c5704D77216b732,0x09d827b303b08b481846e6e1290feb5d2ca89b86bd8e31a0afe8e92519759a9a,23428,32121,1087155,543577,0.029880,30627.51,30155.06,
641,3,0x17D90CC0C9cB61f27A5198c8a96f9eA19341b218,0x90526202ff70ae2913873e3b3275c4e5f3efdf4ee332b0a466bef12c80b48f0a,23428,32121,1087155,543577,0.029880,30624.02,30155.20,
641,4,0x47242114086D2715A648d0391793730d2aB1CCa2,0xe05c10fb3016b067f11dbd9d8aafe3dce3025725e24b15e1631d891e22e1b0e0,23428,32121,1087155,543577,0.029880,30618.97,30155.92,
642,1,0x627306090abaB3A6e1400e9345bC60c78a8BEf57,0x673b06f3ab977d99ac5a6df7bcdb54dde013f8a3a6366400902c28d93d4bed73,23429,32121,1087155,543577,0.029880,29665.96,29167.39,
642,2,0xf17f52151EbEF6C7334FAD080c5704D77216b732,0xaf8e04c2e2a7c862f4374c920775b6f6c4a7697388e053b279c463f6511818c2,23429,32121,1087155,543577,0.029880,29620.83,29155.31,
642,3,0x17D90CC0C9cB61f27A5198c8a96f9eA19341b218,0x47ddc5875de60e94666a6bdcad19ff4ad2b27be2d6b2ba9c6293b6226c7701a6,23429,32121,1087155,543577,0.029880,29618.16,29153.85,
642,4,0x47242114086D2715A648d0391793730d2aB1CCa2,0x8115fde34eae6cedf55aba629aad328c40c997bebfdd6e9779112ab39cd192bb,23429,32121,1087155,543577,0.029880,29628.33,29154.93,
643,2,0xf17f52151EbEF6C7334FAD080c5704D77216b732,0xe8bd3f265373899b0af61608bd97b527d6c6dc51a3afb7952df8ba077a69981d,23430,32121,1095099,547549,0.030098,29621.12,29153.94,
643,3,0x17D90CC0C9cB61f27A5198c8a96f9eA19341b218,0x3c91bba840aa5378728788ab49020d40627cabb8d74ba088af0212c1aeb8c5f4,23430,32121,1095099,547549,0.030098,29611.82,29153.70,
643,4,0x47242114086D2715A648d0391793730d2aB1CCa2,0xe3a38bfe5fd457edcbf7d7979f608b110dca615a66bd7f39b0456dc493cce844,23430,32121,1095099,547549,0.030098,29626.46,29156.78,
643,1,0x627306090abaB3A6e1400e9345bC60c78a8BEf57,0xfe2f6a6e3da4a5399a06f0ebc3a310d82fdc2edcdb3c27c023b03a9b91950e32,23430,32121,1095099,547549,0.030098,30669.35,30169.33,
644,1,0x627306090abaB3A6e1400e9345bC60c78a8BEf57,0x0dd6c8a8e0e758489bb54b04e8df179c26dc47678c7f2b7e447378fbdd2941d8,23431,32121,1095099,547549,0.030098,29670.05,29167.50,
644,2,0xf17f52151EbEF6C7334FAD080c5704D77216b732,0xbc53fb15f4fcf2159b956df99581e7bd030363487b9fbd02bab27d6ddf345e36,23431,32121,1095099,547549,0.030098,30621.57,30157.62,
644,3,0x17D90CC0C9cB61f27A5198c8a96f9eA19341b218,0x236df45a79268eaa7f91886dd2cc85d059840c4cb10b6dfb68be4167b6151f81,23431,32121,1095099,547549,0.030098,30616.13,30152.37,
644,4,0x47242114086D2715A648d0391793730d2aB1CCa2,0xde50a96473eef02d7ba0f6de0223f9e24b44f1d596a1ccb49a127768872e34fe,23431,32121,1095099,547549,0.030098,30624.83,30156.86,
645,1,0x627306090abaB3A6e1400e9345bC60c78a8BEf57,0xcb0a6a702b5e230a811f81705597db3a6f0c7849ac189f991e9151299e5a0597,23432,32121,1095099,547549,0.030098,29669.84,29171.18,
645,2,0xf17f52151EbEF6C7334FAD080c5704D77216b732,0xa9491a560d88800d444ebfc0bc15841f2ce6a8b56e4afc24f228ebaf0475af7f,23432,32121,1095099,547549,0.030098,29623.19,29161.06,
645,3,0x17D90CC0C9cB61f27A5198c8a96f9eA19341b218,0x0833d32c292d12ca81d6850bf27675147744dee06d421e4d5f265916cec77599,23432,32121,1095099,547549,0.030098,29627.00,29159.07,
645,4,0x47242114086D2715A648d0391793730d2aB1CCa2,0xc909b02dd852d36691ad1f94261ec9c6947552965afa563bbaf78560c192f354,23432,32121,1095099,547549,0.030098,29635.37,29168.63,
646,3,0x17D90CC0C9cB61f27A5198c8a96f9eA19341b218,0x40a555dbaeb978cab9abf0b03ea16c5dd5b50bc215db8e892bf40f4a7c5ba719,23433,32121,1095099,547549,0.030098,29617.81,29157.08,
646,4,0x47242114086D2715A648d0391793730d2aB1CCa2,0x9f51e75f7d8612f94c5c92bf7f0d581b7d7a6a8624fa81b84b2a42c87c2272ce,23433,32121,1095099,547549,0.030098,29642.73,29174.54,
646,1,0x627306090abaB3A6e1400e9345bC60c78a8BEf57,0x5fd4337757a0fa994f61194828f3fcd68b102588309593354d2d90156bc4332f,23433,32121,1095099,547549,0.030098,30703.32,30170.15,
646,2,0xf17f52151EbEF6C7334FAD080c5704D77216b732,0x6ced51f2c50686de7210a6e2133c5d0351dc7f0044b1fbb31b9acb1db5f3ef48,23433,32121,1095099,547549,0.030098,30630.21,30155.38,
647,2,0xf17f52151EbEF6C7334FAD080c5704D77216b732,0x777f053bfe90a31cb80a8afb48a6b395bac2eafe9e9ad1d4ab33020f7944e426,23434,32121,1096259,548129,0.030130,29655.76,29169.81,
647,1,0x627306090abaB3A6e1400e9345bC60c78a8BEf57,0x260ecd21d5fe3e243437a5cb78ad4d37ee3d7afb9092f9d120186fb9dac5250d,23434,32121,1096259,548129,0.030130,29689.12,29173.39,
647,3,0x17D90CC0C9cB61f27A5198c8a96f9eA19341b218,0xdf9dbfc3f73f5048fdc2740d7a5facf59bf65ec38bfd5d0818c6d4d919d9f550,23434,32121,1096259,548129,0.030130,30651.76,30159.38,
647,4,0x47242114086D2715A648d0391793730d2aB1CCa2,0xc4cdcab9d4db397302e2628ce64720e9e5d7aa8bfca400ac9a03b37368d7a450,23434,32121,1096259,548129,0.030130,30645.58,30158.08,
648,2,0xf17f52151EbEF6C7334FAD080c5704D77216b732,0xc622ed7906b22d43e0293d5076bc9234a5d61f7e197f55e78f4f1dc3f06aa39c,23435,32121,1098659,549329,0.030196,29628.74,29158.68,
648,1,0x627306090abaB3A6e1400e9345bC60c78a8BEf57,0x56dd120a68aa0d1048c23ab0c0743fc72261678ce94e79f259dc0d7bf8210528,23435,32121,1098659,549329,0.030196,29686.75,29179.48,
648,3,0x17D90CC0C9cB61f27A5198c8a96f9eA19341b218,0xbf4cd92457ad5a79e72a59c42b102d298863d2420e73ddaa2232380f8ac439dc,23435,32121,1098659,549329,0.030196,29655.10,29184.40,
648,4,0x47242114086D2715A648d0391793730d2aB1CCa2,0xc1c5e5e40604ca697a7347b6a0fa81b8cb1d5051d1630075ce3fe91e095be5ac,23435,32121,1098659,549329,0.030196,29652.98,29182.57,
649,4,0x47242114086D2715A648d0391793730d2aB1CCa2,0x1d473de3ec87fc9baff270b43113e32378f1c9bd4bba239b203de8f049e08f3d,23436,32121,1105817,552908,0.030393,29625.42,29155.35,
649,2,0xf17f52151EbEF6C7334FAD080c5704D77216b732,0x0d595eca44a2634126145aac80a6ba6c15e4c2139291d09b481d46b3f0225a1d,23436,32121,1105817,552908,0.030393,30659.45,30160.49,
649,1,0x627306090abaB3A6e1400e9345bC60c78a8BEf57,0xa07618a3117a8103d4988def2c88d4d504b0f07721cc521009bda77f48328ee0,23436,32121,1105817,552908,0.030393,30714.23,30181.22,
649,3,0x17D90CC0C9cB61f27A5198c8a96f9eA19341b218,0x698c9cd00a4d2827453c443755e02cae052ab4a94f1fd444ec595d3e03d05633,23436,32121,1105817,552908,0.030393,30630.79,30154.74,
650,2,0xf17f52151EbEF6C7334FAD080c5704D77216b732,0xa808b44db7245a593cc7d8a524193029934a286963781191b2f4417c11f6eab4,23437,32121,1105817,552908,0.030393,29630.17,29159.64,
650,3,0x17D90CC0C9cB61f27A5198c8a96f9eA19341b218,0x2cddb9e0ac9016ad3ab9f85c942602d6af5a1ba343ef021fe24023b1d91cec3a,23437,32121,1105817,552908,0.030393,29633.08,29162.62,
650,1,0x627306090abaB3A6e1400e9345bC60c78a8BEf57,0x11b9eb0b2aec4742a57fa6cb8e4d3258bc0bd41c521e35dafac946a338363b75,23437,32121,1105817,552908,0.030393,29674.51,29159.84,
650,4,0x47242114086D2715A648d0391793730d2aB1CCa2,0xcbe5b501d69deaa9ec15eb2ba395e7dc6ca0369b8112453f920ddc000f862cfc,23437,32121,1105817,552908,0.030393,30650.00,30159.10,
651,2,0xf17f52151EbEF6C7334FAD080c5704D77216b732,0x793e810ceefcceccc1d19b44b61beb6d5da02aa67e7ae7bd213a440530f1e39a,23438,32121,1105817,552908,0.030393,29638.90,29156.74,
651,3,0x17D90CC0C9cB61f27A5198c8a96f9eA19341b218,0x2e5c965a768a76687ba9d2b3eeeb97169375e41351959defc7d9394ec9df79b1,23438,32121,1105817,552908,0.030393,29640.90,29161.15,
651,1,0x627306090abaB3A6e1400e9345bC60c78a8BEf57,0x8fd718667e0db320378e90bdafc2bd0951f628b6a7242e7f7bd14ee7c06e2558,23438,32121,1105817,552908,0.030393,29634.16,29155.57,
651,4,0x47242114086D2715A648d0391793730d2aB1CCa2,0xf5a344073795749aead4ab239e418adf9dc87b9ba176c4fe2575aeb0c132b0e8,23438,32121,1105817,552908,0.030393,29628.86,29156.74,
652,2,0xf17f52151EbEF6C7334FAD080c5704D77216b732,0x6e56a786c71b5d6c13b65f7865b79a4b3b64e18d38f27ed0d31248c26f6f1860,23439,32121,1105817,552908,0.030393,30629.29,30156.39,
652,3,0x17D90CC0C9cB61f27A5198c8a96f9eA19341b218,0x0dc26047189184b408d59c4aa2c7a0488ebba7e6985a781d44cfa7ca6df8c16c,23439,32121,1105817,552908,0.030393,30643.74,30162.95,
652,1,0x627306090abaB3A6e1400e9345bC60c78a8BEf57,0xabcb28d74fd4c3dacc1c07ddcc0fa5344113106fd576e5104f7ada6d7cb99e3d,23439,32121,1105817,552908,0.030393,30635.11,30157.81,
652,4,0x47242114086D2715A648d0391793730d2aB1CCa2,0xe3fc999fae1b87fa97ba2ad54622d4cd83dd3f1ecf04ff41eab0fd4b6ce1686f,23439,32121,1105817,552908,0.030393,30628.38,30157.50,
653,2,0xf17f52151EbEF6C7334FAD080c5704D77216b732,0xf99fbfcbd665b57da60e2757d0f297619cd10e4a0a124347508b15fe1944c7a8,23440,32121,1105817,552908,0.030393,29634.48,29155.95,
653,1,0x627306090abaB3A6e1400e9345bC60c78a8BEf57,0x3b4a5fb657526cdabfc8814dff2018ffff9b050df01d7c0c6c11f6d41221576a,23440,32121,1105817,552908,0.030393,29632.38,29157.78,
653,3,0x17D90CC0C9cB61f27A5198c8a96f9eA19341b218,0x33170da26b747f02f81519ec0d59bd7ebcbb674c1ca7c9ecac68aabd57c38c4d,23440,32121,1105817,552908,0.030393,29638.63,29158.69,
653,4,0x47242114086D2715A648d0391793730d2aB1CCa2,0x3061c34a935f85bf858b7b57fcab6915e3dba8387064761724e76356edc80a44,23440,32121,1105817,552908,0.030393,29630.39,29157.99,
654,2,0xf17f52151EbEF6C7334FAD080c5704D77216b732,0x2c357ef459cbd6650670b1bd189c2e07dd3f49a6ea3359109743abed83e51b5d,23441,32121,1110535,555267,0.030522,29634.66,29164.50,
654,1,0x627306090abaB3A6e1400e9345bC60c78a8BEf57,0xa04f4b516e8ca4811236ce73a5da6849fd8228d17bd505c81937c16870a711b5,23441,32121,1110535,555267,0.030522,29646.38,29159.25,
654,3,0x17D90CC0C9cB61f27A5198c8a96f9eA19341b218,0x51cda2886541b859e86689ec4779127aee6f41b7c0012e4646a63df412efbcd0,23441,32121,1110535,555267,0.030522,29654.76,29164.86,
654,4,0x47242114086D2715A648d0391793730d2aB1CCa2,0xfcb18c3009e97f8564d58837b3163bd902ccbe4a955015a6aa652fda5b4adea8,23441,32121,1110535,555267,0.030522,29633.59,29159.40,
655,2,0xf17f52151EbEF6C7334FAD080c5704D77216b732,0x0dfaf23caeb99825fc363888d3354857230c479faf098675eddd1db7b5e9b380,23442,32121,1110535,555267,0.030522,30639.69,30168.01,
655,4,0x47242114086D2715A648d0391793730d2aB1CCa2,0xecd09d606e5fd658ab569a05476ec7a6def83117888553015b86b23e5b83b6e7,23442,32121,1110535,555267,0.030522,30631.22,30157.97,
655,1,0x627306090abaB3A6e1400e9345bC60c78a8BEf57,0x697aaf350a409ef24fa9523b1499d2a1e81fbdf06f11008cdf88fb722d3fa5f6,23442,32121,1110535,555267,0.030522,30676.40,30199.72,
655,3,0x17D90CC0C9cB61f27A5198c8a96f9eA19341b218,0x48a426d80a49a50d228d961b264c448ddf967c9af398bed87c541b3f49aa294d,23442,32121,1110535,555267,0.030522,30665.19,30187.76,
656,2,0xf17f52151EbEF6C7334FAD080c5704D77216b732,0xf3ebba1c13da427f8448e3653e284456a48fa85862c66dd258f7085eb1c858b9,23443,32121,1114756,557378,0.030638,29690.33,29156.86,
656,4,0x47242114086D2715A648d0391793730d2aB1CCa2,0x08c7691c1bb91a87c57c86a52c559d198ae61f9aa66e407d6333ea7d2913de9b,23443,32121,1114756,557378,0.030638,29708.51,29155.99,
656,1,0x627306090abaB3A6e1400e9345bC60c78a8BEf57,0xed3b4e122bea56b2e460582743e5c85c5ac6237398ee658c696dacd12696863b,23443,32121,1114756,557378,0.030638,29708.81,29155.39,
656,3,0x17D90CC0C9cB61f27A5198c8a96f9eA19341b218,0x608a28b1bb929004eccea941b63fb3e1269159a40315786f0d444dc19d5de989,23443,32121,1114756,557378,0.030638,29750.91,29158.18,
657,4,0x47242114086D2715A648d0391793730d2aB1CCa2,0xc55653118b2c3e214e49febbcc54535d24ba0e342e45940b04a8fdbb0b31cd29,23444,32121,1114756,557378,0.030638,29630.24,29158.02,
657,1,0x627306090abaB3A6e1400e9345bC60c78a8BEf57,0xbb3e3e4cc4eec86ec477c61f3bf1ca8b4bc94fffdc7130fdd85137009e12e5e2,23444,32121,1114756,557378,0.030638,29630.52,29158.17,
657,3,0x17D90CC0C9cB61f27A5198c8a96f9eA19341b218,0x5de644e593a39c394107294ed452f417f0b7b932ea73c83e336c29d74da79f08,23444,32121,1114756,557378,0.030638,29636.60,29159.58,
657,2,0xf17f52151EbEF6C7334FAD080c5704D77216b732,0xe9ec0a7750d688faacd0c4076fedfa61a91de2a4cb00b9b6ecaacd0ef546c875,23444,32121,1114756,557378,0.030638,30626.38,30156.56,
658,2,0xf17f52151EbEF6C7334FAD080c5704D77216b732,0x660a6915e76411d109aa9950de7b146d52fae8c9892f33b4456b7e322492aaed,23445,32121,1117819,558909,0.030722,29638.38,29158.61,
658,1,0x627306090abaB3A6e1400e9345bC60c78a8BEf57,0xa344390e28b1d73ec2dfb6a657eb6a72a7e01c430876ea165a09c538354db68b,23445,32121,1117819,558909,0.030722,30630.82,30158.67,
658,4,0x47242114086D2715A648d0391793730d2aB1CCa2,0x2af6536bf84fe2f68b5f7a3abb61026c0eedd13fa1c7edaf6adf8bd473828441,23445,32121,1117819,558909,0.030722,30631.45,30158.80,
658,3,0x17D90CC0C9cB61f27A5198c8a96f9eA19341b218,0x5241812f978b4d1c939a47538c084109625a66c98fe223d5a90264dec005ba5a,23445,32121,1117819,558909,0.030722,30640.47,30159.82,
659,2,0xf17f52151EbEF6C7334FAD080c5704D77216b732,0xe6da40205df37ec8a351c58f8e8e04c1c8b9f5b243338643a96b935707f164f7,23446,32121,1117819,558909,0.030722,29631.66,29157.09,
659,4,0x47242114086D2715A648d0391793730d2aB1CCa2,0xd4c8b6caea5ca701df311f3aea6a31cfcf95c2aea44eecb71f7cbd8127b40f12,23446,32121,1117819,558909,0.030722,29631.09,29156.96,
659,1,0x627306090abaB3A6e1400e9345bC60c78a8BEf57,0x6f606df4819b1630b8b39849dea004de410f55edae59384324f3a71f060a5835,23446,32121,1117819,558909,0.030722,29637.74,29157.16,
659,3,0x17D90CC0C9cB61f27A5198c8a96f9eA19341b218,0x99f10aa85686fdb1e7aa8f5832c5cbe8cd35e296adaa9b1a8bd7bdf254b02d02,23446,32121,1117819,558909,0.030722,29637.08,29159.76,
660,4,0x47242114086D2715A648d0391793730d2aB1CCa2,0x729b9377652fa971e425ff29d1e65fa7da204c16213e43572a28cf062b18c414,23447,32121,1136439,568219,0.031234,29626.21,29158.28,
660,1,0x627306090abaB3A6e1400e9345bC60c78a8BEf57,0x48fac27a59576e324823a6cf649199110b15c97b098c0c82c560530bdbfb62fd,23447,32121,1136439,568219,0.031234,29630.32,29158.47,
660,3,0x17D90CC0C9cB61f27A5198c8a96f9eA19341b218,0x68fdd147e3a02a25adb8bc1080be792d657682dc75fa31646c6fc200ffa484e9,23447,32121,1136439,568219,0.031234,29637.82,29159.33,
660,2,0xf17f52151EbEF6C7334FAD080c5704D77216b732,0x85c315bf2103be2e3cd15a3ef10fc35860b25ff861710231845fc2dc6dc7a62c,23447,32121,1136439,568219,0.031234,30631.13,30157.49,
661,2,0xf17f52151EbEF6C7334FAD080c5704D77216b732,0x9cbd0def359b08a3af2ba3a878ad83c56930170cba5a2284a5fa6e9876b85b52,23448,32121,1136439,568219,0.031234,29629.31,29156.30,
661,4,0x47242114086D2715A648d0391793730d2aB1CCa2,0xe31da9b6f5df9bfa708c8bbd7a73eb4da68c07183e3b83d634467879aef88c2b,23448,32121,1136439,568219,0.031234,30631.63,30158.90,
661,1,0x627306090abaB3A6e1400e9345bC60c78a8BEf57,0xb966ad2314ccf5554e34436bf85535b335185c84ad487b248b74609c092bae5f,23448,32121,1136439,568219,0.031234,30631.33,30159.21,
661,3,0x17D90CC0C9cB61f27A5198c8a96f9eA19341b218,0xe237292f06a8a49a70e1a78701fbcd477497e9d28e731296ba4154feddbc63f4,23448,32121,1136439,568219,0.031234,30636.06,30161.00,
662,2,0xf17f52151EbEF6C7334FAD080c5704D77216b732,0x3680094f474578265ee035e418f0fbef6e4c7d2438389ac5d6b0d07389550ac9,23449,32121,1136439,568219,0.031234,29626.73,29156.07,
662,4,0x47242114086D2715A648d0391793730d2aB1CCa2,0xb4fd8bb9562e5563a922609f9b523f8f59501c81498edc93e8bc6cae9abb7fbc,23449,32121,1136439,568219,0.031234,29632.62,29157.37,
662,1,0x627306090abaB3A6e1400e9345bC60c78a8BEf57,0xf344650ff56b6c7d5752cf56dcabedc222da76f0b3893941f9266778f55132e6,23449,32121,1136439,568219,0.031234,29634.67,29158.48,
662,3,0x17D90CC0C9cB61f27A5198c8a96f9eA19341b218,0x7d58ee8d25dc16c5ded7e77682a80c42dc9d21801182e613b751f21eba881a58,23449,32121,1136439,568219,0.031234,29641.90,29161.70,
663,1,0x627306090abaB3A6e1400e9345bC60c78a8BEf57,0x30a254e093790d95a945f8b1e5f9f95ebb206864d33a92fa83cd9a3f808662e4,23450,32121,1136439,568219,0.031234,29634.81,29162.73,
663,3,0x17D90CC0C9cB61f27A5198c8a96f9eA19341b218,0x0ce42719438e97bb8154f0fb579eee819efc6909b27f06d62dcfaa93b4eecc26,23450,32121,1136439,568219,0.031234,29635.11,29158.81,
663,2,0xf17f52151EbEF6C7334FAD080c5704D77216b732,0xbce764bee66aec29fc51f12705e5ea8882b2b3cc5cd60581c7372454f14fbd45,23450,32121,1136439,568219,0.031234,30632.41,30157.03,
663,4,0x47242114086D2715A648d0391793730d2aB1CCa2,0x6df999c853022462bd6bae5fc6457d5451dd528cbd1bcbdb0e31ca9b14912333,23450,32121,1136439,568219,0.031234,30629.61,30157.81,
664,2,0xf17f52151EbEF6C7334FAD080c5704D77216b732,0x6cc1e6a4209c8d5e35aaa4df3dc02e27b2786a2e53bf3979b0dc60dd816ec2ae,23451,32121,1136439,568219,0.031234,29628.14,29157.60,
664,4,0x47242114086D2715A648d0391793730d2aB1CCa2,0xd15548d35daf4b62162c71f3b4f21a010b83d50825acee798b4807bd56ee91d5,23451,32121,1136439,568219,0.031234,29628.51,29156.98,
664,1,0x627306090abaB3A6e1400e9345bC60c78a8BEf57,0xf8c3718ee37c6692ad7093eecc1fc0ceef514d256a88579b12c5e743b02527e8,23451,32121,1136439,568219,0.031234,30629.83,30159.33,
664,3,0x17D90CC0C9cB61f27A5198c8a96f9eA19341b218,0xb03affef17e851b73471d19d9b12ab6ecab9f1bba214d5dfaf1ffebbe47822f0,23451,32121,1136439,568219,0.031234,30638.03,30157.59,
665,2,0xf17f52151EbEF6C7334FAD080c5704D77216b732,0x06efa6343f3a1c256abf858d13a8143b80563d4d680ae6aa9dcd42a15d8ff4a4,23452,32121,1136439,568219,0.031234,29638.36,29163.85,
665,4,0x47242114086D2715A648d0391793730d2aB1CCa2,0x4367c28862f124aa4908d40055ba4bc257137a22d0c929d32d710eeb1c51fe7c,23452,32121,1136439,568219,0.031234,29639.67,29158.51,
665,1,0x627306090abaB3A6e1400e9345bC60c78a8BEf57,0xc43a6b879e66a751c5ba750d76c3ee9d13db26b6befbdb072745ac1d8cde42c0,23452,32121,1136439,568219,0.031234,29640.23,29159.07,
665,3,0x17D90CC0C9cB61f27A5198c8a96f9eA19341b218,0x868fd6f49fd3c09c98cc848f13b10f4e44f86b0423e865993d26b813077b95a6,23452,32121,1136439,568219,0.031234,29634.21,29156.61,
666,2,0xf17f52151EbEF6C7334FAD080c5704D77216b732,0x90c1b04ac99d9c488ed9aaa64cabac88b0a96f750f2aff2142dfb8648c5f94a3,23453,32121,1136439,568219,0.031234,30630.03,30157.34,
666,4,0x47242114086D2715A648d0391793730d2aB1CCa2,0xa30091683681ec2828b15d909beb266639eb0c518d123b3d111b00d025ed93f2,23453,32121,1136439,568219,0.031234,30638.02,30159.54,
666,1,0x627306090abaB3A6e1400e9345bC60c78a8BEf57,0x3ca11ed3f820e162587af483641ed7828d023555933a0f560db79fa5d2e02b84,23453,32121,1136439,568219,0.031234,30634.68,30157.14,
666,3,0x17D90CC0C9cB61f27A5198c8a96f9eA19341b218,0xe1c722e20c09ae95ab79e0ff0d5fe15da1d180c1df21b9e34529a69396dae0e8,23453,32121,1136439,568219,0.031234,30635.44,30158.66,
667,2,0xf17f52151EbEF6C7334FAD080c5704D77216b732,0x1c28e031c91d034539abc31f5db4e8e48f690f86ca232ae0b8f9dd3cbdce4cdc,23454,32121,1136439,568219,0.031234,29636.72,29160.00,
667,4,0x47242114086D2715A648d0391793730d2aB1CCa2,0xe2bbe0ba759c18f447e33d5162a5299a2c26e575ee721ee76a67dc3f786ec428,23454,32121,1136439,568219,0.031234,29632.85,29155.78,
667,1,0x627306090abaB3A6e1400e9345bC60c78a8BEf57,0xc6df176b3fd357d29dc7858e1a13effd75858682873b272f89e503ebe95155cd,23454,32121,1136439,568219,0.031234,29642.12,29160.67,
667,3,0x17D90CC0C9cB61f27A5198c8a96f9eA19341b218,0x6d00728d7cb522cb325c65c06de415392e46c89d118853fd31189630caf16213,23454,32121,1136439,568219,0.031234,29635.99,29158.86,
668,4,0x47242114086D2715A648d0391793730d2aB1CCa2,0x1a8914c28aa7f82926ce41ce1458061554f37d2f3a4d17b5bc4489f8c4b48cd0,23455,32121,1136439,568219,0.031234,29630.72,29157.46,
668,1,0x627306090abaB3A6e1400e9345bC60c78a8BEf57,0xf74ef41d8990f64c0a71c5349ffdbd17bc0095240466a886cc5d62bdb616a05e,23455,32121,1136439,568219,0.031234,29639.19,29159.23,
668,3,0x17D90CC0C9cB61f27A5198c8a96f9eA19341b218,0x4a4ffb6dfb4c7866c0a92da86ab94daf2206d10cca9ee63e1f7bacb5620f1384,23455,32121,1136439,568219,0.031234,29641.45,29159.14,
668,2,0xf17f52151EbEF6C7334FAD080c5704D77216b732,0xa7485b82de20304c2ffe3fd396ca3a63e69771699e93ab9116bfb35d92e476a0,23455,32121,1136439,568219,0.031234,30629.01,30157.66,
669,2,0xf17f52151EbEF6C7334FAD080c5704D77216b732,0x9dba5a80abee239ca3cdfa7f7077eef06a350fbff2b229626f1dd9792fee975f,23456,32121,1136439,568219,0.031234,29631.77,29156.75,
669,4,0x47242114086D2715A648d0391793730d2aB1CCa2,0xba87e77d98834bf3228c44d75b5442e65e795057d13444d4b912c5d4bb20e04d,23456,32121,1136439,568219,0.031234,30628.12,30156.44,
669,1,0x627306090abaB3A6e1400e9345bC60c78a8BEf57,0x6c64f521ed66d4cc5b25d18c304242dff0512cf3b3ee797412e22f1702b61f3a,23456,32121,1136439,568219,0.031234,30632.24,30159.13,
669,3,0x17D90CC0C9cB61f27A5198c8a96f9eA19341b218,0x80205f469b8cab5fbdbeaa855c15b63801857e9d2b42755bf6ac7b37a0a411fb,23456,32121,1136439,568219,0.031234,30634.48,30156.76,
670,2,0xf17f52151EbEF6C7334FAD080c5704D77216b732,0xdaabf78d8595628258d4aa779047a04c382010210877b1b80deecf5b53669c46,23457,32121,1136439,568219,0.031234,29630.30,29159.48,
670,4,0x47242114086D2715A648d0391793730d2aB1CCa2,0x4e2db642559ecde6949a119f88a3e5a7fcee7c4b3a474d2c57ae3ca77d75afa6,23457,32121,1136439,568219,0.031234,29628.47,29158.96,
670,1,0x627306090abaB3A6e1400e9345bC60c78a8BEf57,0x087249b3d55bb093bd66393722f85d6f9f547ded9f6b336015d3d82f28de404e,23457,32121,1136439,568219,0.031234,29635.27,29161.41,
670,3,0x17D90CC0C9cB61f27A5198c8a96f9eA19341b218,0x797b9642a9eef7bb3853b70e2e5787e8ecdf1d778b548d2271fd8a8a339681be,23457,32121,1136439,568219,0.031234,29638.02,29159.31,
671,4,0x47242114086D2715A648d0391793730d2aB1CCa2,0x3b9133981e2e0f8e6064e0f423f4d225cd8f91fc6518fb69a3dc71f60b9ad5aa,23458,32121,1136439,568219,0.031234,29629.93,29158.08,
671,1,0x627306090abaB3A6e1400e9345bC60c78a8BEf57,0x07e6782ea56938035fd1e7174ac3c986c57a3818df6fa6186c650d2ef7a45a9c,23458,32121,1136439,568219,0.031234,29633.43,29158.21,
671,3,0x17D90CC0C9cB61f27A5198c8a96f9eA19341b218,0x2509a646a5b72129aac535567dfdb4982d0a179c28d8553401b257ff5df80b59,23458,32121,1136439,568219,0.031234,29635.60,29159.82,
671,2,0xf17f52151EbEF6C7334FAD080c5704D77216b732,0x5d8571c24370638410dcc42fccabd32550550e0b8a6f756db559ff49b9e31337,23458,32121,1136439,568219,0.031234,30630.66,30155.70,
672,2,0xf17f52151EbEF6C7334FAD080c5704D77216b732,0x83490875d7b4bd76a8b5c06f469e860b4cf948101ad22e3cf3487c3072d15a8a,23459,32121,1138964,569482,0.031304,29629.43,29157.36,
672,4,0x47242114086D2715A648d0391793730d2aB1CCa2,0xbc7feca111a083ab831072b84a817131f4bfe65f0ecbe402ba5c5d352ec86037,23459,32121,1138964,569482,0.031304,30630.17,30159.43,
672,1,0x627306090abaB3A6e1400e9345bC60c78a8BEf57,0x35e724b832576f9552fc63244e187a84f80c1bca0fc9d98b8a5edb5f33e98477,23459,32121,1138964,569482,0.031304,30631.07,30158.00,
672,3,0x17D90CC0C9cB61f27A5198c8a96f9eA19341b218,0x612fb0a83c752446bfb9e9ac3f6393f0d8aadb9284b454eb364dfca210dd0b64,23459,32121,1138964,569482,0.031304,30635.13,30159.41,
673,2,0xf17f52151EbEF6C7334FAD080c5704D77216b732,0xfa9a745f6ab9d41bee44c008bb541814dd8f44e6e4d08688c0a3986eb06a5e18,23460,32121,1138964,569482,0.031304,29630.81,29157.95,
673,4,0x47242114086D2715A648d0391793730d2aB1CCa2,0x95f51e353b6960bf6eb66062fb33956809fe28606429ca8832bf13e323436825,23460,32121,1138964,569482,0.031304,29637.07,29159.01,
673,1,0x627306090abaB3A6e1400e9345bC60c78a8BEf57,0xdcb802208f0e521b93ef1b6f8e2b6f378f85d9079ea2e715c6cbab5d26520266,23460,32121,1138964,569482,0.031304,29646.54,29160.11,
673,3,0x17D90CC0C9cB61f27A5198c8a96f9eA19341b218,0xdc7596bb2f87e131e1e02f56e9b8fbc402cffd6d6152e3d60ceec5a5975c862b,23460,32121,1138964,569482,0.031304,29640.29,29160.15,
674,3,0x17D90CC0C9cB61f27A5198c8a96f9eA19341b218,0x88ad3c729b154b085e95c0259a987fce8f7174e9a3444578d221e6237027bd4e,23461,32121,1142649,571324,0.031405,29636.96,29159.61,
674,2,0xf17f52151EbEF6C7334FAD080c5704D77216b732,0x5146b7ffa16b47fd034fb9f5bba6bd018652173ed0cfe768fb7f660daf823887,23461,32121,1142649,571324,0.031405,30634.36,30159.39,
674,4,0x47242114086D2715A648d0391793730d2aB1CCa2,0xf5b4c151951fb362002c53fa5cb0328dc92084ca37c80b2b239a52a9086b1b1c,23461,32121,1142649,571324,0.031405,30626.41,30156.80,
674,1,0x627306090abaB3A6e1400e9345bC60c78a8BEf57,0xfd49e3c99e74fd6dd7d4360baa8e66c9b0c5729aa601d6f4415c67538b298570,23461,32121,1142649,571324,0.031405,30635.18,30159.12,
675,2,0xf17f52151EbEF6C7334FAD080c5704D77216b732,0xcdc1df03c95c26f66948d76dd83ee7794bbbddedc1bcfecf8d22b84d85ed4619,23462,32121,1142649,571324,0.031405,29629.25,29158.25,
675,4,0x47242114086D2715A648d0391793730d2aB1CCa2,0x1ab882fba6aa4d7fe95f4aecbb7b671a340d0c2e2a781254ce6fe83d7a5f99a3,23462,32121,1142649,571324,0.031405,29632.67,29157.84,
675,1,0x627306090abaB3A6e1400e9345bC60c78a8BEf57,0x3ed8f0d24afb113b3eff6ad344bfac14409a1e26283269e4a4a1442064b32bc4,23462,32121,1142649,571324,0.031405,29631.89,29158.05,
675,3,0x17D90CC0C9cB61f27A5198c8a96f9eA19341b218,0x484a314231d831ac6e5b9bb2473177d9779dfaef23fcf97b158842724ca163ae,23462,32121,1142649,571324,0.031405,30639.70,30159.67,
676,4,0x47242114086D2715A648d0391793730d2aB1CCa2,0x3340fc4eed50d33846ae9e6fb17c0cafc82d8801031c73953ed39010852309da,23463,32121,1143476,571738,0.031428,29635.29,29158.22,
676,1,0x627306090abaB3A6e1400e9345bC60c78a8BEf57,0xc267c7d332aa959b06543cf09ac3abf66a36bf85bd1183a0a196431fb82cc8da,23463,32121,1143476,571738,0.031428,29637.41,29158.99,
676,3,0x17D90CC0C9cB61f27A5198c8a96f9eA19341b218,0xa36bdf28862eb894bf668e25207a1cf3f90d011a1e442e8a2d8018c59f6b47ce,23463,32121,1143476,571738,0.031428,29642.57,29157.54,
676,2,0xf17f52151EbEF6C7334FAD080c5704D77216b732,0xd2e076f8de9a25465b6b88d79d596a39cb5cf325f5dfb4492d0a57d39b97ea00,23463,32121,1143476,571738,0.031428,30628.79,30157.45,
677,2,0xf17f52151EbEF6C7334FAD080c5704D77216b732,0x2a06d8e2ea468bde106c97de1e38dba046f0f3315874bee5b0511be3b39fbfe7,23464,32121,1161767,580883,0.031930,29633.41,29155.76,
677,4,0x47242114086D2715A648d0391793730d2aB1CCa2,0x9e1a25a1e055baf318f8a04e292196cd7c356782ff6613c292f38f5434341b50,23464,32121,1161767,580883,0.031930,30627.75,30156.91,
677,1,0x627306090abaB3A6e1400e9345bC60c78a8BEf57,0x2483b99bfcb17c0bd751e90543c747126f9100c4f1ca29da65a8192d37ef46b0,23464,32121,1161767,580883,0.031930,30642.19,30156.83,
677,3,0x17D90CC0C9cB61f27A5198c8a96f9eA19341b218,0x0be104423b6655f855be9decf3c55cb0c02e3d0b5af0aae9bf7fd666a8443281,23464,32121,1161767,580883,0.031930,30638.46,30159.31,
678,2,0xf17f52151EbEF6C7334FAD080c5704D77216b732,0x559b8c42ed22812ef9864691aeba936f8ff088167b91e6746674f3d63beff252,23465,32121,1161767,580883,0.031930,29624.68,29156.24,
678,4,0x47242114086D2715A648d0391793730d2aB1CCa2,0xa472643a0124d66386a8e0a7838e70105f730ff0bbc7c88b31682e2c67d63c95,23465,32121,1161767,580883,0.031930,29634.85,29158.54,
678,1,0x627306090abaB3A6e1400e9345bC60c78a8BEf57,0xc427a676505318b82091e4cfaae840ae44c340752c12ee55960d351b7ca1051b,23465,32121,1161767,580883,0.031930,29632.76,29160.26,
678,3,0x17D90CC0C9cB61f27A5198c8a96f9eA19341b218,0x21c69875a3aef3497697b8e668832f8c836409b2eb7b8446644b44d2d5c2e32d,23465,32121,1161767,580883,0.031930,29637.19,29159.62,
679,4,0x47242114086D2715A648d0391793730d2aB1CCa2,0x41ba490bccdb56727152c83de55df619c467a8653b159b5c3956c2af18562c43,23466,32121,1161767,580883,0.031930,29632.51,29157.38,
679,1,0x627306090abaB3A6e1400e9345bC60c78a8BEf57,0x9f5572880d7b46890d484c87611a915633e69f351aaacd0a7d889eb44b2c6953,23466,32121,1161767,580883,0.031930,29638.01,29158.16,
679,3,0x17D90CC0C9cB61f27A5198c8a96f9eA19341b218,0x295726f23f9d2274476550809cb3fd57f62bf5e56aef8bbbdce61a433567bf05,23466,32121,1161767,580883,0.031930,29634.36,29158.29,
679,2,0xf17f52151EbEF6C7334FAD080c5704D77216b732,0xa4f687b4a6a3d0279b1626ad7d442203c51aaa0134d0304faf035f0ec66c334e,23466,32121,1161767,580883,0.031930,30633.50,30157.22,
680,2,0xf17f52151EbEF6C7334FAD080c5704D77216b732,0x94b0a7a3cc75c5ef279acdb349660b8104581f3e2a9db8e78945a399d8f325ab,23467,32121,1161767,580883,0.031930,29630.89,29158.12,
680,4,0x47242114086D2715A648d0391793730d2aB1CCa2,0xab6c49423e6a959c8dcc264b2bcf3db18e139ccc1ba4c3caeecfa306a4953db2,23467,32121,1161767,580883,0.031930,30627.40,30157.79,
680,1,0x627306090abaB3A6e1400e9345bC60c78a8BEf57,0x006347ca5163ad0ed4f25a5fad4a3ae49e6309b4f717600e41ef07d9867abd5f,23467,32121,1161767,580883,0.031930,30631.56,30157.83,
680,3,0x17D90CC0C9cB61f27A5198c8a96f9eA19341b218,0x000f88eee51958f6c7c82e87bf25c0b550bf5d233dd3d686c515b306bad0e185,23467,32121,1161767,580883,0.031930,30635.69,30158.86,
681,2,0xf17f52151EbEF6C7334FAD080c5704D77216b732,0x1650859ecccc797bcb0b0a2e6d5b32299c53d919b8930fa28e84fd263c805c56,23468,32121,1161767,580883,0.031930,29632.89,29160.21,
681,4,0x47242114086D2715A648d0391793730d2aB1CCa2,0xac1ecdf94fa952096f71996fd00a6ecc1c9232b6dfdfba0e0a50b88ebde3dd1c,23468,32121,1161767,580883,0.031930,29635.15,29163.54,
681,1,0x627306090abaB3A6e1400e9345bC60c78a8BEf57,0x7c12da3b21ef49536924e3b2a8d2928a1206b44cb7362450d094efe3da1d0b37,23468,32121,1161767,580883,0.031930,29625.46,29151.49,
681,3,0x17D90CC0C9cB61f27A5198c8a96f9eA19341b218,0xbc898d86b0114296cd2e95ebe0cf40e45bfae6b58f2d7990a459e849f83aa21a,23468,32121,1161767,580883,0.031930,29948.12,29157.21,
682,4,0x47242114086D2715A648d0391793730d2aB1CCa2,0x5ae004e0baafd940fa44db79af1f79303b6bc916ddf754e1646dbdb74e542fce,23469,32121,1161767,580883,0.031930,29656.96,29165.75,
682,1,0x627306090abaB3A6e1400e9345bC60c78a8BEf57,0xc1968fdb3ab88ad944733d623756fef77ca5caa5a345080f3b92cc0988301cbc,23469,32121,1161767,580883,0.031930,29614.79,29155.85,
682,3,0x17D90CC0C9cB61f27A5198c8a96f9eA19341b218,0x670d96761ad8e08ee4ff57f313b4eb3684e2fffeb737487b4ed49079afe734b7,23469,32121,1161767,580883,0.031930,29633.36,29158.96,
682,2,0xf17f52151EbEF6C7334FAD080c5704D77216b732,0xbf9f2e5b8c5a73ab3d71d7bfe3935d0737107052485c876f5ef74382d1456ac6,23469,32121,1161767,580883,0.031930,30635.42,30160.86,
683,3,0x17D90CC0C9cB61f27A5198c8a96f9eA19341b218,0x2e953648730189f47b89081c95b914acd844cd974a80731e61eddaa897227593,23470,32121,1161767,580883,0.031930,29635.51,29158.92,
683,2,0xf17f52151EbEF6C7334FAD080c5704D77216b732,0x8ff5b77a67f7d0cf1d49d50ea785fad412120a773223fc3727e8fee3f5fce9e7,23470,32121,1161767,580883,0.031930,29642.63,29161.20,
683,1,0x627306090abaB3A6e1400e9345bC60c78a8BEf57,0x633f007e4013419063a536cc2a7ffd15536edd235b469600528167f1fbd42be6,23470,32121,1161767,580883,0.031930,30616.62,30154.85,
683,4,0x47242114086D2715A648d0391793730d2aB1CCa2,0xb8f38549943953c24e3b8fd9a83a3fcca0d4bed65fcb278def2faa7b5c27b2ff,23470,32121,1161767,580883,0.031930,30659.99,30163.97,
684,2,0xf17f52151EbEF6C7334FAD080c5704D77216b732,0xce31db513ea2b731ccc4574935a1c8a823788f281e0ba3812744aaff1b4488e4,23471,32121,1161767,580883,0.031930,29637.51,29160.77,
684,1,0x627306090abaB3A6e1400e9345bC60c78a8BEf57,0x8b047d550626432285ba4d90b93b25786b4055534744a11bdd49ec555be0333c,23471,32121,1161767,580883,0.031930,29612.83,29155.51,
684,4,0x47242114086D2715A648d0391793730d2aB1CCa2,0xe00efb87110c17a6558fa3f07c508b605cf5f914d662e8467373af8f9e7eb69f,23471,32121,1161767,580883,0.031930,29656.08,29164.82,
684,3,0x17D90CC0C9cB61f27A5198c8a96f9eA19341b218,0x4acb7075837d03d94711cb482a5f8f0e3a245820bf214f26475ee6538867af97,23471,32121,1161767,580883,0.031930,30634.71,30158.24,
685,4,0x47242114086D2715A648d0391793730d2aB1CCa2,0xe106b1f3c87a83007c4b89200a4d928fcb3600d8a75aa73713c0ce0b4bdad543,23472,32121,1161767,580883,0.031930,29677.55,29183.75,
685,3,0x17D90CC0C9cB61f27A5198c8a96f9eA19341b218,0xecdfa8b9b9ad6c1e0f77367c6c701eb1e701241012686757e90674b77a54d761,23472,32121,1161767,580883,0.031930,29632.02,29157.91,
685,2,0xf17f52151EbEF6C7334FAD080c5704D77216b732,0xa0640f632b175193c34c4db0ac2f54f75af572e560e51448138573a6e15970cd,23472,32121,1161767,580883,0.031930,30644.24,30161.07,
685,1,0x627306090abaB3A6e1400e9345bC60c78a8BEf57,0x07a54d413ce25213d6c443e936c17d707799b7044c427370345ea32080e7f17b,23472,32121,1161767,580883,0.031930,30613.25,30153.45,
686,2,0xf17f52151EbEF6C7334FAD080c5704D77216b732,0x744892388628b3db0ba690bf833fd17730e5404c1e48fc46f9a5363c3b92ffeb,23473,32121,1161767,580883,0.031930,29639.85,29159.86,
686,1,0x627306090abaB3A6e1400e9345bC60c78a8BEf57,0x1bececc617ffdcbe36feae438da9acbfd056d21442a906717b158895c78d1358,23473,32121,1161767,580883,0.031930,29615.49,29154.69,
686,4,0x47242114086D2715A648d0391793730d2aB1CCa2,0xd12391a515c859902a4652b8690625ca6312e257b95b1d7a5115c58d4a2aa683,23473,32121,1161767,580883,0.031930,30658.04,30164.29,
686,3,0x17D90CC0C9cB61f27A5198c8a96f9eA19341b218,0xbd64a32bda3f7144d8aaf67cfd15a72bc91a3b61284b068acbe95bd5b2fa2f31,23473,32121,1161767,580883,0.031930,30638.54,30158.89,
687,1,0x627306090abaB3A6e1400e9345bC60c78a8BEf57,0xe695686753818df5172782d0b4ebb6d026af49ea94835055d8015062fea1da1d,23474,32121,1174388,587194,0.032277,29617.66,29155.85,
687,4,0x47242114086D2715A648d0391793730d2aB1CCa2,0x0a1e99ad5b58688a581e3d8646ae0b397ec96c221d46655fb859e151059007e7,23474,32121,1174388,587194,0.032277,29670.32,29164.14,
687,3,0x17D90CC0C9cB61f27A5198c8a96f9eA19341b218,0xc3200e3790adf95c0aa816038ea621c63c58883c187a6b03a7300daf89670fe5,23474,32121,1174388,587194,0.032277,29640.69,29162.91,
687,2,0xf17f52151EbEF6C7334FAD080c5704D77216b732,0x64776c342947af80237a6c829093bca45eb4964efa208fa42e876e907b3afcac,23474,32121,1174388,587194,0.032277,30638.97,30161.15,
688,4,0x47242114086D2715A648d0391793730d2aB1CCa2,0xe9d364bde1b4c270332183959d28387ecf771e9985a1a7400deae4f43c1ec245,23475,32121,1174388,587194,0.032277,29672.19,29167.35,
688,3,0x17D90CC0C9cB61f27A5198c8a96f9eA19341b218,0x26a4b6ecb0f88beb1b691b515dbc6d2446e3a83b2da671aa42198491e498e9ee,23475,32121,1174388,587194,0.032277,29637.89,29159.18,
688,2,0xf17f52151EbEF6C7334FAD080c5704D77216b732,0xa19afc2ab2144459474a56ce4a867aca4feba91ba0d1e1f59a83ac06184ccb6c,23475,32121,1174388,587194,0.032277,29644.75,29160.16,
688,1,0x627306090abaB3A6e1400e9345bC60c78a8BEf57,0x27c842963bfc9e2d0549821ee1f3cedfcebef7364fcd6b8fb66446f52ef70e1d,23475,32121,1174388,587194,0.032277,30613.74,30153.50,
689,2,0xf17f52151EbEF6C7334FAD080c5704D77216b732,0xc4f838fa70d395521fdc5b97e6f993dfdf00b0edbbfe66ddf7586d69ddeacb91,23476,32121,1174388,587194,0.032277,29643.15,29161.68,
689,1,0x627306090abaB3A6e1400e9345bC60c78a8BEf57,0x755639ec76cab3807a0c44cf2fb80230f3d91ebf8aa32b2b9e594f51ed8f4089,23476,32121,1174388,587194,0.032277,29617.22,29154.20,
689,4,0x47242114086D2715A648d0391793730d2aB1CCa2,0x9e20aee4cbaf95ed1c3afe00371a8363cc4faf96e8444dd718260aa5428b8e9d,23476,32121,1174388,587194,0.032277,30666.85,30164.00,
689,3,0x17D90CC0C9cB61f27A5198c8a96f9eA19341b218,0x55ac547a6fca1a2e81eedb60a7ca89432fe2f95c6320c41e65085c2a386c6ec2,23476,32121,1174388,587194,0.032277,30632.30,30156.83,
690,1,0x627306090abaB3A6e1400e9345bC60c78a8BEf57,0x77e905ba30ed5949291e7c39f625a040f9c4083c04aeb2cc0d6814a1f79d01f3,23477,32121,1174388,587194,0.032277,29661.16,29201.46,
690,4,0x47242114086D2715A648d0391793730d2aB1CCa2,0x4ea58b54247d45a310b7214475d7a6e50fab0e511968106773b3bf89106e6095,23477,32121,1174388,587194,0.032277,29673.29,29180.64,
690,3,0x17D90CC0C9cB61f27A5198c8a96f9eA19341b218,0x9f36747bf274f7ba8263a5c2f18ee7b05cfdb1c9470f4c6e637724c2f55ff9cf,23477,32121,1174388,587194,0.032277,29634.55,29161.04,
690,2,0xf17f52151EbEF6C7334FAD080c5704D77216b732,0x24d3ccc0b7413c922596d1f0bbd91edfd8fc3b56d414bdb24757ac233eb14422,23477,32121,1174388,587194,0.032277,30642.86,30163.47,
691,4,0x47242114086D2715A648d0391793730d2aB1CCa2,0x1abfbdcc179820ec97915e3c1cf0e0cdf56aeb7627dc7017f0173184d5add82a,23478,32121,1174388,587194,0.032277,29675.30,29174.15,
691,3,0x17D90CC0C9cB61f27A5198c8a96f9eA19341b218,0x63a934cb8c7c69b4f93c234b334e621dc417d4052c561392fbaf3a5416d045de,23478,32121,1174388,587194,0.032277,29642.98,29167.32,
691,2,0xf17f52151EbEF6C7334FAD080c5704D77216b732,0x5e35a72dad232702d0172d76efb9f9a9e3132a5b612b179e03b1298b7b7c5caa,23478,32121,1174388,587194,0.032277,29654.99,29161.66,
691,1,0x627306090abaB3A6e1400e9345bC60c78a8BEf57,0x9006ed2f94dce8f761b3fdf2855fd69d36ce7e1620ff6deed99117836594f97e,23478,32121,1174388,587194,0.032277,30639.48,30152.90,
692,2,0xf17f52151EbEF6C7334FAD080c5704D77216b732,0x195c6106f942f3e8677e7c42d48025ad8bd16153513cc3d1542223ddca4abb1d,23479,32121,1174388,587194,0.032277,29665.85,29170.36,
692,1,0x627306090abaB3A6e1400e9345bC60c78a8BEf57,0x1928c5fc4c5868a8f68e2663c4ead77b88942342a6ba41ce96d9df3c76808906,23479,32121,1174388,587194,0.032277,29648.69,29163.30,
692,4,0x47242114086D2715A648d0391793730d2aB1CCa2,0x4e246096dd40808c63b0d381800c230a1c582ee208a13f3b4d4a4b71c532b3c4,23479,32121,1174388,587194,0.032277,30686.37,30167.79,
692,3,0x17D90CC0C9cB61f27A5198c8a96f9eA19341b218,0x489e34d513346f861f7679f9df7d933b96cfe24c1f4ec1cf66763fca0e15b33a,23479,32121,1174388,587194,0.032277,30657.07,30163.90,
693,4,0x47242114086D2715A648d0391793730d2aB1CCa2,0x33b73ed04a7f937861c2b5271acbf8d0cd5e3271bc3589c32bdd4fe9544f7d88,23480,32121,1174678,587339,0.032285,29683.27,29166.04,
693,3,0x17D90CC0C9cB61f27A5198c8a96f9eA19341b218,0x762658955517988a8517842660d070de2b5191414804aa70eb98417bf4532955,23480,32121,1174678,587339,0.032285,29659.15,29159.80,
693,2,0xf17f52151EbEF6C7334FAD080c5704D77216b732,0x9af5512ad91f65fbb1a0d51ba249f192b7acf0df8d4639f84a8ed964a866c72b,23480,32121,1174678,587339,0.032285,30680.74,30169.74,
693,1,0x627306090abaB3A6e1400e9345bC60c78a8BEf57,0x88c0d004ff7b2d58dd54f87a6754ec6442e9b0bda2e3073dc007187ade2fe04a,23480,32121,1174678,587339,0.032285,30646.66,30155.92,
694,4,0x47242114086D2715A648d0391793730d2aB1CCa2,0xe15cd23ed0d729593a1ff5a11a1a0278b55262c7c664caaf9669b443d2994de6,23481,32121,1184403,592201,0.032552,29676.94,29165.20,
694,3,0x17D90CC0C9cB61f27A5198c8a96f9eA19341b218,0xe3cc42d85697951cef428ebce226685c45abe7fa8830c69060e1cf94862a14cc,23481,32121,1184403,592201,0.032552,29653.09,29161.54,
694,2,0xf17f52151EbEF6C7334FAD080c5704D77216b732,0x314f1ce697194ea8cbc6d60780a72a6d2f209e8602627ecef66421d8c2b71ae3,23481,32121,1184403,592201,0.032552,29669.23,29164.67,
694,1,0x627306090abaB3A6e1400e9345bC60c78a8BEf57,0xd6da76d6b1131cf77997a396799163271e0f65a790210abb3614dc82dcaa9d2b,23481,32121,1184403,592201,0.032552,29640.33,29161.68,
695,2,0xf17f52151EbEF6C7334FAD080c5704D77216b732,0x32e70df6661e6b338fc971ed413e4f617ca3aee02bd02f4c53305b526fe9f543,23482,32121,1184403,592201,0.032552,29663.84,29165.59,
695,1,0x627306090abaB3A6e1400e9345bC60c78a8BEf57,0xf0dad618c8f5d55ea98ea84967e8ac27bc9d9a01b4c38f26b49b274f37d2763e,23482,32121,1184403,592201,0.032552,29636.55,29154.41,
695,4,0x47242114086D2715A648d0391793730d2aB1CCa2,0x3e08865670db750a5e040184f83701cefe6c2b86de4606b1f3ef7fdecdf80864,23482,32121,1184403,592201,0.032552,30700.11,30188.07,
695,3,0x17D90CC0C9cB61f27A5198c8a96f9eA19341b218,0x1a28f8e7e04256a2b1448b1d828511885eb441842cd123aed14f67311389706e,23482,32121,1184403,592201,0.032552,30648.18,30161.36,
696,4,0x47242114086D2715A648d0391793730d2aB1CCa2,0xdbcb9b7c2617724cd767e9582dd3ba0f905eaf79742ac4862f3480fce1a84b02,23483,32121,1184403,592201,0.032552,29662.85,29165.82,
696,3,0x17D90CC0C9cB61f27A5198c8a96f9eA19341b218,0x19e9934e32f2f1a337b9582fcfcb11b6bca125e4075e706357b591f25b7a1c42,23483,32121,1184403,592201,0.032552,29678.90,29177.82,
696,1,0x627306090abaB3A6e1400e9345bC60c78a8BEf57,0x12d4d05ca09d63770be7bcaa4eb1a96dea7e22b3c27ec107a5476ff8c009f283,23483,32121,1184403,592201,0.032552,30682.15,30157.23,
696,2,0xf17f52151EbEF6C7334FAD080c5704D77216b732,0x91cf5f42501951647da87d5b7ec6a79af9841902d3ea1e7edd8c40fc8f5cd56f,23483,32121,1184403,592201,0.032552,30703.16,30161.61,
697,4,0x47242114086D2715A648d0391793730d2aB1CCa2,0xe473b6a2d1dc31c1eec971e2d53c6f41d8571929638e0b4bd4b4043d63b5d2cd,23484,32121,1184403,592201,0.032552,29680.58,29173.10,
697,3,0x17D90CC0C9cB61f27A5198c8a96f9eA19341b218,0xa419189dac192567249cea05a88410578d9d9a17387bbed794492ae85ff81cb3,23484,32121,1184403,592201,0.032552,29669.64,29161.38,
697,1,0x627306090abaB3A6e1400e9345bC60c78a8BEf57,0xf5045f983c13e760ff06f38503f53feaba5464a78955e3bf49da1355cf320d12,23484,32121,1184403,592201,0.032552,29616.14,29154.30,
697,2,0xf17f52151EbEF6C7334FAD080c5704D77216b732,0x7b05191a2c7f964d1b2b602d51f8574aa9bd8731d19aca7dac46cfe15b98e1e3,23484,32121,1184403,592201,0.032552,29655.21,29161.76,
698,1,0x627306090abaB3A6e1400e9345bC60c78a8BEf57,0xb943cbd4274ef9562bbaedc302abdfc6ed9015b854b76b9cd9c5006e4b85daf6,23485,32121,1184403,592201,0.032552,29624.60,29158.19,
698,2,0xf17f52151EbEF6C7334FAD080c5704D77216b732,0x36ba1cacb40de1cef80ce8412a0c8badf82663f78e6bc2ae109d1b4bc7a71e39,23485,32121,1184403,592201,0.032552,29667.01,29174.48,
698,4,0x47242114086D2715A648d0391793730d2aB1CCa2,0x2128dd761d91e2aee95e3079e7d9eea5de59effaf07804c82847e60d68a986c0,23485,32121,1184403,592201,0.032552,30670.99,30169.54,
698,3,0x17D90CC0C9cB61f27A5198c8a96f9eA19341b218,0xe60fe50f70dbd5f6c07c2d5b0f4ed0bc03448107841537ea80d932cc2f74201b,23485,32121,1184403,592201,0.032552,30655.15,30162.20,
699,4,0x47242114086D2715A648d0391793730d2aB1CCa2,0xdc5f9bddbf7068bbb5f903c24b1cb52ec8c2c4204745cab5efbba0dc3312b63e,23486,32121,1186970,593485,0.032623,29684.71,29166.53,
699,3,0x17D90CC0C9cB61f27A5198c8a96f9eA19341b218,0x48ff9567e6d758de169daa10319696bd135e54b7f691ba7b8d4f4a5ee1e6e4d3,23486,32121,1186970,593485,0.032623,29765.07,29225.16,
699,1,0x627306090abaB3A6e1400e9345bC60c78a8BEf57,0x5bf2634cf1e23a8a1e2a8524317cca97c4d19b1b6a0a5ae48c2b98ec9deeae68,23486,32121,1186970,593485,0.032623,30652.15,30172.11,
699,2,0xf17f52151EbEF6C7334FAD080c5704D77216b732,0xb24a21c0974d92cec795813bec945d0978828d484a5b6133f83d73de10b5dbc2,23486,32121,1186970,593485,0.032623,30698.12,30181.95,
700,4,0x47242114086D2715A648d0391793730d2aB1CCa2,0x66d622bbb98f855d3ba97ae89607bde5393c6a08e24edfd36e07167b1a70ed0d,23487,32121,1187260,593630,0.032631,29679.98,29165.85,
700,3,0x17D90CC0C9cB61f27A5198c8a96f9eA19341b218,0xbc02f3fde77f427c265e8796438e0e0ee63382bc266aad5794cab702001d17e9,23487,32121,1187260,593630,0.032631,29659.98,29160.46,
700,1,0x627306090abaB3A6e1400e9345bC60c78a8BEf57,0x5a5c8f2a73731214ef7f34baad7e808e92c99ec8057ccdec18fee64ef7973ec5,23487,32121,1187260,593630,0.032631,29611.97,29153.96,
700,2,0xf17f52151EbEF6C7334FAD080c5704D77216b732,0x4aba4d5a8d87ab27113107d2f4f09461d6330d45a06f23f0f9555c82c5cf4be7,23487,32121,1187260,593630,0.032631,29640.50,29159.64,
701,1,0x627306090abaB3A6e1400e9345bC60c78a8BEf57,0x1a005f7724fbcd09d94b9e29324caa6740df750e1d07c91b1e16a8b0b45a562f,23488,32121,1203934,601967,0.033089,29620.07,29154.72,
701,2,0xf17f52151EbEF6C7334FAD080c5704D77216b732,0x40e99003ce5f995029dace1f8f0c944cf31ccf54349b9b954c8e40fd20067935,23488,32121,1203934,601967,0.033089,29646.81,29161.38,
701,4,0x47242114086D2715A648d0391793730d2aB1CCa2,0x90fc9a37596028d873c602fa5ce09fb23387ad0c602ada72d0f689a6ef72daad,23488,32121,1203934,601967,0.033089,30663.99,30166.10,
701,3,0x17D90CC0C9cB61f27A5198c8a96f9eA19341b218,0x8faa78d51daef515825d05215a49fe90ed9f360871cbcafd888317f199f59bbf,23488,32121,1203934,601967,0.033089,30631.59,30157.77,
702,4,0x47242114086D2715A648d0391793730d2aB1CCa2,0x73b48bfab66c036523344b9b484d09734325e5a04ebadf82f2bf2a4f5349e3ce,23489,32121,1203934,601967,0.033089,29655.90,29163.79,
702,3,0x17D90CC0C9cB61f27A5198c8a96f9eA19341b218,0xd25d024e2441e2c6aa0f39a1fc39918b1bf4f1736e8122881e63af712a86c141,23489,32121,1203934,601967,0.033089,29632.07,29157.58,
702,1,0x627306090abaB3A6e1400e9345bC60c78a8BEf57,0x06039370a8491eb3259733b965fcca843a65d235f1e04a248a173016c3346734,23489,32121,1203934,601967,0.033089,30615.31,30154.00,
702,2,0xf17f52151EbEF6C7334FAD080c5704D77216b732,0xd65ddc122c6ba12d4f849a9516b0c55edc94a8d9169b2dffa3e6ea4f4e05fc64,23489,32121,1203934,601967,0.033089,30645.53,30159.16,
703,4,0x47242114086D2715A648d0391793730d2aB1CCa2,0xb7e029b756f58bf2b75e7aa105e8fff164c0e71655be78468ead2645d622cd18,23490,32121,1203934,601967,0.033089,29660.52,29166.01,
703,3,0x17D90CC0C9cB61f27A5198c8a96f9eA19341b218,0x599437e1b123a7ecb04ecd7ef1d188a9095426756bc72aed4cf8b7c316dcf3d6,23490,32121,1203934,601967,0.033089,29643.86,29159.23,
703,1,0x627306090abaB3A6e1400e9345bC60c78a8BEf57,0x91950524026c0632372820398bb95feca99d9da4cb513c2a3e39b673ea3bb7f1,23490,32121,1203934,601967,0.033089,29619.57,29155.01,
703,2,0xf17f52151EbEF6C7334FAD080c5704D77216b732,0x002a232d166e4cff84b59d5c6bac15158eed537fad64cf0a48ce95663fcc7fe3,23490,32121,1203934,601967,0.033089,29638.16,29160.73,
704,2,0xf17f52151EbEF6C7334FAD080c5704D77216b732,0x0f7ce4f1538875674489d99a1b607dee1ab56a2befafd26484f5482fd82cad24,23491,32121,1203934,601967,0.033089,29640.54,29160.37,
704,4,0x47242114086D2715A648d0391793730d2aB1CCa2,0x40bae12c593b85268d43f2b472907e62720675d10690bccfecdc1985ae003913,23491,32121,1203934,601967,0.033089,30665.38,30165.81,
704,3,0x17D90CC0C9cB61f27A5198c8a96f9eA19341b218,0xc3708b408913deddc3a03c28867d9a95c17de500f179c61e59e59d35f2c933c1,23491,32121,1203934,601967,0.033089,30639.65,30158.71,
704,1,0x627306090abaB3A6e1400e9345bC60c78a8BEf57,0x6c665a68b13e6269f6af6d4ae10648a9ddae1fe7eea4130ceeca9b3ffd5cfade,23491,32121,1203934,601967,0.033089,30625.23,30153.58,
705,3,0x17D90CC0C9cB61f27A5198c8a96f9eA19341b218,0x22edea33edc67c4aa8cc121f971889b6d4d25e97284ba334886a0fceb70e8f19,23492,32121,1203934,601967,0.033089,29643.97,29158.50,
705,4,0x47242114086D2715A648d0391793730d2aB1CCa2,0x8e4bbf041f304cc7546dbe3934d765dfd382c4b069436b72f2ceda21bb680c31,23492,32121,1203934,601967,0.033089,29665.12,29165.81,
705,1,0x627306090abaB3A6e1400e9345bC60c78a8BEf57,0xfa1fd72983ca16b2cc3b6eab46666e47aecfb3f46c1dec8de9bbc4103502778c,23492,32121,1203934,601967,0.033089,29615.91,29153.23,
705,2,0xf17f52151EbEF6C7334FAD080c5704D77216b732,0xf982ea3221664f58ba4d13497597795496c73da43331aac1d3997b47f7720824,23492,32121,1203934,601967,0.033089,30639.88,30159.90,
706,3,0x17D90CC0C9cB61f27A5198c8a96f9eA19341b218,0x8e2fbdec35dd8fbbab0db5a1843d95956994ec419d736f3e9da4d0c1c20e2761,23493,32121,1203934,601967,0.033089,29636.25,29158.13,
706,4,0x47242114086D2715A648d0391793730d2aB1CCa2,0x7b824af522d2d7bd697b6150c741299471156d93e419fe5a431dc0392d1bd3c6,23493,32121,1203934,601967,0.033089,29658.49,29165.39,
706,1,0x627306090abaB3A6e1400e9345bC60c78a8BEf57,0x37859e45d10e9f24106c858821ec9f6562130f1cc0e6c73dda6d58689d7431bb,23493,32121,1203934,601967,0.033089,29612.36,29152.64,
706,2,0xf17f52151EbEF6C7334FAD080c5704D77216b732,0xf0b0b563b72275df89e9b7257c86d2b4540796a5508d5468b8622f588e6b40bd,23493,32121,1203934,601967,0.033089,29647.87,29159.50,
707,2,0xf17f52151EbEF6C7334FAD080c5704D77216b732,0xd1939bcdcfeee7ee0a76a84e42af523c351516bcfa8d3a68c5aa9426ba438c34,23494,32121,1203934,601967,0.033089,29637.38,29160.16,
707,3,0x17D90CC0C9cB61f27A5198c8a96f9eA19341b218,0x5d63f72911a43ada54d5d7fa5cc23dfd68227df87ed55c2adb1adefa34a7692b,23494,32121,1203934,601967,0.033089,30631.52,30158.04,
707,1,0x627306090abaB3A6e1400e9345bC60c78a8BEf57,0x53c116872164f37acfb09e1234ab790b1896cb3de21ea36d04b6bfaa84ffaa91,23494,32121,1203934,601967,0.033089,30612.25,30151.28,
707,4,0x47242114086D2715A648d0391793730d2aB1CCa2,0x9b1c88868e2d7c4146ac7cae65dadcae610caba5aee5ce45888b5d010a768d85,23494,32121,1203934,601967,0.033089,30657.02,30166.11,
708,1,0x627306090abaB3A6e1400e9345bC60c78a8BEf57,0x33fc039fce2d4dee5777ccf85d7fe455c809dd764dc16b30396f66ed354023e3,23495,32121,1203934,601967,0.033089,29611.97,29151.58,
708,3,0x17D90CC0C9cB61f27A5198c8a96f9eA19341b218,0x08e1090403d39b267620390d90a43b3d0a424ff6dbd88898ee1d34dd0f06b6c8,23495,32121,1203934,601967,0.033089,29630.63,29156.46,
708,4,0x47242114086D2715A648d0391793730d2aB1CCa2,0x4ffbc40bb16e8b9fab659bb90c9195bf366791876894d367da432a5c80b63db0,23495,32121,1203934,601967,0.033089,29661.78,29166.29,
708,2,0xf17f52151EbEF6C7334FAD080c5704D77216b732,0x05d819845fbb5251d59b05fd0fec867437202457308d77476d47e4ce86fe367c,23495,32121,1203934,601967,0.033089,30644.22,30164.27,
709,1,0x627306090abaB3A6e1400e9345bC60c78a8BEf57,0x4033f4a4a36c3b3ee6e66ccfb4788d041936a95afd54853e77adc95e7468a2f8,23496,32121,1203934,601967,0.033089,29652.29,29164.98,
709,3,0x17D90CC0C9cB61f27A5198c8a96f9eA19341b218,0xb692a83ef40c0d9816458693cc8bda2051ac823e718d50980a8ee023ed70e0d5,23496,32121,1203934,601967,0.033089,29663.61,29162.96,
709,4,0x47242114086D2715A648d0391793730d2aB1CCa2,0xbbc99b2ec55b8f98ee468a78538e6bdeea981fd2e5d7293b45bf38f72b3581cc,23496,32121,1203934,601967,0.033089,29677.27,29171.93,
709,2,0xf17f52151EbEF6C7334FAD080c5704D77216b732,0xb8b945fb76c2464834cc8bc49cf9ade481221cdc286e72a697fcf423454af3c7,23496,32121,1203934,601967,0.033089,29660.90,29160.63,
710,2,0xf17f52151EbEF6C7334FAD080c5704D77216b732,0x0bb8e5394c5e13fa4bfd42142ba9b51bb9dd139c828eabe7f12f6df8bdc715f2,23497,32121,1204513,602256,0.033105,29654.37,29172.61,
710,1,0x627306090abaB3A6e1400e9345bC60c78a8BEf57,0xa52c5bba2a1edf6b13bbf1d28e0b04bdac1f98dcd4f5eb99b489e2f33276c987,23497,32121,1204513,602256,0.033105,30652.40,30164.51,
710,3,0x17D90CC0C9cB61f27A5198c8a96f9eA19341b218,0x88a4a6a0756c92eba4cb59c54dd8042ea99c926e84da8ffc869fcb6485c9aa14,23497,32121,1204513,602256,0.033105,30669.75,30181.43,
710,4,0x47242114086D2715A648d0391793730d2aB1CCa2,0xcba0015ae948913088b0f2cb2543cc8b56f541a1db5a5fe2964a8b2ed14a8d1d,23497,32121,1204513,602256,0.033105,30671.98,30167.98,
711,1,0x627306090abaB3A6e1400e9345bC60c78a8BEf57,0x7b3900748d88907918e647034a53b453c5a45d53861ff25d0ba4a6c16f0c9033,23498,32121,1207866,603933,0.033197,29623.86,29154.81,
711,4,0x47242114086D2715A648d0391793730d2aB1CCa2,0xae9a03e39ad139206c8457ce86824f915fddf1d8d05e860901b70de2befa0419,23498,32121,1207866,603933,0.033197,29666.04,29166.63,
711,3,0x17D90CC0C9cB61f27A5198c8a96f9eA19341b218,0x91088e32348c8758a5f8b28ae21a03c8751a8dcd2325624cb9d15e4a2d8747b3,23498,32121,1207866,603933,0.033197,29962.52,29475.96,
711,2,0xf17f52151EbEF6C7334FAD080c5704D77216b732,0xaf02c3fbddc74c6a8713e6b424ee3076d191a62f8ad964c54a96f0d797dadd89,23498,32121,1207866,603933,0.033197,30667.99,30162.54,
712,4,0x47242114086D2715A648d0391793730d2aB1CCa2,0x6a24871e551f65f06ec77f2f529e5ae8634bf33f54040adadf9e6313d37ead3d,23499,32121,1211921,605960,0.033309,29672.08,29152.72,
712,1,0x627306090abaB3A6e1400e9345bC60c78a8BEf57,0x7c11e3d2a075214bf311ca47ce16393045b6ffd0cca7d91788347127ba28e4f1,23499,32121,1211921,605960,0.033309,29966.83,29162.56,
712,3,0x17D90CC0C9cB61f27A5198c8a96f9eA19341b218,0x4962eabb8ad3897546db88b41486c6adbcb223a97c99151cee3830faef5a05ad,23499,32121,1211921,605960,0.033309,29635.26,29158.59,
712,2,0xf17f52151EbEF6C7334FAD080c5704D77216b732,0xf8e799eb310a76e7f66e3baf7cb7eecdaedfc802b9bcd4609f253b63b8541fee,23499,32121,1211921,605960,0.033309,29642.00,29156.60,
713,4,0x47242114086D2715A648d0391793730d2aB1CCa2,0xd671d73957eed6e23f702f97a28d229b3737975d4da5954001aba825a0e5a570,23500,32121,1211921,605960,0.033309,30616.19,30152.98,
713,1,0x627306090abaB3A6e1400e9345bC60c78a8BEf57,0x9d523e0f9a034800c286254ec69de734e0436d3a830bf7dee3b7eb66c1ba702f,23500,32121,1211921,605960,0.033309,30646.34,30160.18,
713,3,0x17D90CC0C9cB61f27A5198c8a96f9eA19341b218,0x3ae832011db10835883f6f015314bdbfabcc570e091ca4f1488120abdff10b53,23500,32121,1211921,605960,0.033309,30639.19,30156.41,
713,2,0xf17f52151EbEF6C7334FAD080c5704D77216b732,0xba7bb2aeb511560d1e99a5e5a8176f93e53f7061f4bb322462dcb39405749406,23500,32121,1211921,605960,0.033309,30632.20,30158.08,
714,4,0x47242114086D2715A648d0391793730d2aB1CCa2,0x32cf277ac04bc590f5902c5da86d1973f804a8a1a16df272464ec6b4f6df3dfe,23501,32121,1211921,605960,0.033309,29612.77,29153.66,
714,1,0x627306090abaB3A6e1400e9345bC60c78a8BEf57,0xa6fbc1fff42295d32245b183fbdd00a6f28a371dd9cbf27a58a6ad62875af409,23501,32121,1211921,605960,0.033309,29656.00,29163.50,
714,3,0x17D90CC0C9cB61f27A5198c8a96f9eA19341b218,0xffa622a5916a8148c291d1be707821f07c42ff1de8df4110ced8f96e35413f24,23501,32121,1211921,605960,0.033309,29627.62,29158.50,
714,2,0xf17f52151EbEF6C7334FAD080c5704D77216b732,0x42e9eb0756e487114bfaebdc63a1183ce396ee796ce4c8f50bc434d1d54dc840,23501,32121,1211921,605960,0.033309,29629.00,29158.10,
715,3,0x17D90CC0C9cB61f27A5198c8a96f9eA19341b218,0xda544c3ce7c59d36c5294bb8b28dbcd30ce697a5539ba8e9cb724957b510a686,23502,32121,1217342,608671,0.033458,29632.86,29157.99,
715,1,0x627306090abaB3A6e1400e9345bC60c78a8BEf57,0xdc881c99116ea7a08125877f0d33031f71b7f46bfc74929e1ef9fd671c3cac8e,23502,32121,1217342,608671,0.033458,29649.00,29163.86,
715,2,0xf17f52151EbEF6C7334FAD080c5704D77216b732,0x4fa485f5b9b7a1e46353ee8ab52281d882be99ff2c768803c99b5b80ffd17923,23502,32121,1217342,608671,0.033458,29627.59,29157.14,
715,4,0x47242114086D2715A648d0391793730d2aB1CCa2,0xbefac929f471ef3ccd01bb5795b5d041a213a3b5c1f0a9c4c3b51606ef886a11,23502,32121,1217342,608671,0.033458,30617.96,30156.99,
716,4,0x47242114086D2715A648d0391793730d2aB1CCa2,0xda5276c4ae3faa8a253f528b6e4de1f747adaa1164d29b7d0e8e70d541911028,23503,32121,1217342,608671,0.033458,29608.02,29151.77,
716,3,0x17D90CC0C9cB61f27A5198c8a96f9eA19341b218,0x2fc4c6f842818656a59653b317fc6e0b217773166b5cef4dd8be1a881d2c9dd1,23503,32121,1217342,608671,0.033458,30629.72,30159.45,
716,1,0x627306090abaB3A6e1400e9345bC60c78a8BEf57,0xc4e2803cce5a3115885f0a14c1793eb581bf54dc7cfb84d840132f4fcfff5d18,23503,32121,1217342,608671,0.033458,30651.41,30166.05,
716,2,0xf17f52151EbEF6C7334FAD080c5704D77216b732,0x091edcc240e10131717fa0454f5f4a174b7d9a321bf879fd811dd3a343291d5b,23503,32121,1217342,608671,0.033458,30622.77,30154.79,
717,4,0x47242114086D2715A648d0391793730d2aB1CCa2,0x81eafd50fcab42409b1250878aced261e85868797a8a1dcbc09935fa1f4a3565,23504,32121,1217342,608671,0.033458,29616.68,29151.53,
717,3,0x17D90CC0C9cB61f27A5198c8a96f9eA19341b218,0xdeda3b2acdc1d36983008b08013bc064c92b8a7717a9b2c62cfeef15640017b0,23504,32121,1217342,608671,0.033458,29630.98,29156.95,
717,2,0xf17f52151EbEF6C7334FAD080c5704D77216b732,0x93ca6d8e5888acc0b1f6d21ebd4d8dfa88965eb3a42196ef3cefebfd69196bb5,23504,32121,1217342,608671,0.033458,29627.41,29155.67,
717,1,0x627306090abaB3A6e1400e9345bC60c78a8BEf57,0x617d6654c74190891c958fd593cfb035ddbf00eb3bff00f5963f3c58ab7fe8ca,23504,32121,1217342,608671,0.033458,29655.99,29161.20,
718,3,0x17D90CC0C9cB61f27A5198c8a96f9eA19341b218,0x68397901b9567b50cf063d2e31323d58ac860a97d1ab8b18cbc042b2f58b472e,23505,32121,1217342,608671,0.033458,29624.82,29157.28,
718,2,0xf17f52151EbEF6C7334FAD080c5704D77216b732,0x8c4d05e31a15a87103da7363dc29b66c9d3c2b03682806f29b1846090eb38ee4,23505,32121,1217342,608671,0.033458,29627.21,29157.21,
718,1,0x627306090abaB3A6e1400e9345bC60c78a8BEf57,0x63102c8299c2886d5dfc2ef1b6857a1fa1c509468df5f592b5ba6c619bfe2ea2,23505,32121,1217342,608671,0.033458,29654.28,29161.55,
718,4,0x47242114086D2715A648d0391793730d2aB1CCa2,0xe27c72aba2b97f230b55509528d3118d827aee1f630fb808ca284f66327de223,23505,32121,1217342,608671,0.033458,30609.91,30153.64,
719,4,0x47242114086D2715A648d0391793730d2aB1CCa2,0xec681d52e1c51460dc208b9cf0e07cf1670676cc008624be155f42ed6e5fb8e1,23506,32121,1218665,609332,0.033494,29617.84,29153.99,
719,3,0x17D90CC0C9cB61f27A5198c8a96f9eA19341b218,0xc84e8eebf4cca981e1901a1ebab22f906cf02e5731b6ef7b1ef1188d7e9e3dea,23506,32121,1218665,609332,0.033494,30630.87,30157.95,
719,2,0xf17f52151EbEF6C7334FAD080c5704D77216b732,0x6e7b65f1008abcb2c0721ac7ce050d7a694882b9a146fc8b51b11a5bcd71a5b2,23506,32121,1218665,609332,0.033494,30625.52,30155.99,
719,1,0x627306090abaB3A6e1400e9345bC60c78a8BEf57,0xcfdc06119fd9cfe90844077bf61fe8f19471f7fdeb862cdbdbdec087d11c9382,23506,32121,1218665,609332,0.033494,30647.24,30162.34,
720,4,0x47242114086D2715A648d0391793730d2aB1CCa2,0x67fd676cffad284059d741dbfc78065c04930c4b3ef7d454d0a1e2f59287fd05,23507,32121,1227438,613719,0.033735,29613.51,29154.72,
720,3,0x17D90CC0C9cB61f27A5198c8a96f9eA19341b218,0xe1b17757345c44036fca9add5ca5b9d5d34ec1ae0dd3a7843731d98f01e6df93,23507,32121,1227438,613719,0.033735,29625.10,29156.88,
720,2,0xf17f52151EbEF6C7334FAD080c5704D77216b732,0x4fa5e1ac1e6e1466f83082e04e0d6af8cea4175284607953eb85e3cc21f78ef9,23507,32121,1227438,613719,0.033735,29628.69,29156.17,
720,1,0x627306090abaB3A6e1400e9345bC60c78a8BEf57,0xbfef86fb0a535bf6b3815c2fdc3158bea03481111eeefd8947abf5078d6d0e7b,23507,32121,1227438,613719,0.033735,29648.49,29160.88,
721,2,0xf17f52151EbEF6C7334FAD080c5704D77216b732,0xb8a66d64d43cc7187433b83d123cf67a2bf77725945507c06aeae170bde3fad6,23508,32121,1227438,613719,0.033735,29636.90,29168.99,
721,1,0x627306090abaB3A6e1400e9345bC60c78a8BEf57,0x11f7270ebb63e2a52aeb891f7f3adf3706c6b38d4117040f0c9cdac3b6482593,23508,32121,1227438,613719,0.033735,29646.88,29161.62,
721,4,0x47242114086D2715A648d0391793730d2aB1CCa2,0xc55dce465c701d488050e29906b97428862f3542a2a07df779efdbdfabeb6969,23508,32121,1227438,613719,0.033735,30613.96,30151.24,
721,3,0x17D90CC0C9cB61f27A5198c8a96f9eA19341b218,0x2c2344672a8b88ec7e032ca7c6af5705a43d0af67913178c3fdcc8e316a51418,23508,32121,1227438,613719,0.033735,30628.58,30158.58,
722,4,0x47242114086D2715A648d0391793730d2aB1CCa2,0xbe5a74b5682709ed7c1b564676f866a39dc2579cd3a3aefe8036184e22a81b7d,23509,32121,1227438,613719,0.033735,29613.24,29153.15,
722,3,0x17D90CC0C9cB61f27A5198c8a96f9eA19341b218,0x506074e98a6231517fc305124825d73f46382f203d851aec7b2aab438ae7aba2,23509,32121,1227438,613719,0.033735,29633.60,29157.11,
722,2,0xf17f52151EbEF6C7334FAD080c5704D77216b732,0x66ca3a28d6e65f2505973405df75c4d85696794525d8b13bf06db0840430ecdf,23509,32121,1227438,613719,0.033735,30635.40,30157.77,
722,1,0x627306090abaB3A6e1400e9345bC60c78a8BEf57,0xf46daa94e40c8f553812880bb2af2e0d55c06c22855fb46b58551856a63aa2ec,23509,32121,1227438,613719,0.033735,30650.78,30163.70,
723,3,0x17D90CC0C9cB61f27A5198c8a96f9eA19341b218,0x90a810cd485c42ebe0463eecb99f238e344c494d8041548b4cefc39ca5c30ff1,23510,32121,1227438,613719,0.033735,29633.20,29158.34,
723,2,0xf17f52151EbEF6C7334FAD080c5704D77216b732,0xed05d28e0bb934b9bb122514e39b770dbedc5e8c4b8466d2916dd5dd7ac3f76f,23510,32121,1227438,613719,0.033735,29640.51,29160.16,
723,1,0x627306090abaB3A6e1400e9345bC60c78a8BEf57,0xfff3b931c5bdb5e637f63501327b2c4214ce5e38f8b23b7add592ee869a6d0fa,23510,32121,1227438,613719,0.033735,29649.09,29162.45,
723,4,0x47242114086D2715A648d0391793730d2aB1CCa2,0x8e1191d94f3e2be8b83baf491fa7f897f4b3dca8a0a4dc5632dbae3da7992e3b,23510,32121,1227438,613719,0.033735,30620.06,30159.87,
724,1,0x627306090abaB3A6e1400e9345bC60c78a8BEf57,0x4b5480bac11aba5874a3ecd40fff7ae2afd9c8e1cb5bcbc81848bdd80f96c64a,23511,32121,1227438,613719,0.033735,29644.24,29159.97,
724,4,0x47242114086D2715A648d0391793730d2aB1CCa2,0x426a938717d9a429b4cfd5ea0fb54b10508831c1bfb135df46862b5b6249002c,23511,32121,1227438,613719,0.033735,29614.03,29152.68,
724,3,0x17D90CC0C9cB61f27A5198c8a96f9eA19341b218,0x164bfba6a982d14bc8b197bc16279e551beb0f679b32ad8e96dd6570d0176568,23511,32121,1227438,613719,0.033735,30629.68,30156.88,
724,2,0xf17f52151EbEF6C7334FAD080c5704D77216b732,0xbed10fd6f8901fd32b21cc76469a3a1798505d8d002dfc56b6a8f3099df35063,23511,32121,1227438,613719,0.033735,30634.75,30159.18,
725,4,0x47242114086D2715A648d0391793730d2aB1CCa2,0x81aaa0e74ed7a942710a7bad193752b005513d1cdd4991a1986cd23f3617887e,23512,32121,1227438,613719,0.033735,29614.91,29152.61,
725,3,0x17D90CC0C9cB61f27A5198c8a96f9eA19341b218,0xc48581349a131c0eb5abd9d4061b452c25d44d05c08f8571e704bd80faba81cc,23512,32121,1227438,613719,0.033735,29628.19,29155.75,
725,2,0xf17f52151EbEF6C7334FAD080c5704D77216b732,0x19733eb0f7e5f3eca71e145432bfe77f722047db5f9a99b15f2d714c41c7ee17,23512,32121,1227438,613719,0.033735,29632.21,29157.63,
725,1,0x627306090abaB3A6e1400e9345bC60c78a8BEf57,0xcffc2fadf9b5d8ee65c24da4e638c6dbd9e533dedaa05d0feb11e55b6bf682f0,23512,32121,1227438,613719,0.033735,30643.47,30160.90,
726,3,0x17D90CC0C9cB61f27A5198c8a96f9eA19341b218,0xfe324cc4aaa91829a5701eea8ddf87af1bcff969ae6948e711de8191bc91f880,23513,32121,1228555,614277,0.033766,29630.79,29158.90,
726,2,0xf17f52151EbEF6C7334FAD080c5704D77216b732,0x680ce207bdc4122919c3fbef7d40e68ce4bd843a3fcd186d7625b9890081bd39,23513,32121,1228555,614277,0.033766,29642.25,29158.13,
726,1,0x627306090abaB3A6e1400e9345bC60c78a8BEf57,0xef73b8202974af00ba7fe60a8ff6b733134e541629951a3c6569f4dba429d6aa,23513,32121,1228555,614277,0.033766,29652.40,29163.83,
726,4,0x47242114086D2715A648d0391793730d2aB1CCa2,0xa079c58592a2c9aa5bbaf740bdd86584d9626fa19c546bedc6b89fb5f4a95d67,23513,32121,1228555,614277,0.033766,30612.31,30152.45,
727,1,0x627306090abaB3A6e1400e9345bC60c78a8BEf57,0xf40c8beb1d921f5feedeb156ce576995d90e986bdb77d6553b99bf5bfe9e2f9d,23514,32121,1230169,615084,0.033810,29658.42,29171.48,
727,4,0x47242114086D2715A648d0391793730d2aB1CCa2,0xbd1093311411ae906393a4ffaeffa21407d46c0bc7b03b6ef7d9e51bce3e55d2,23514,32121,1230169,615084,0.033810,29618.00,29157.65,
727,3,0x17D90CC0C9cB61f27A5198c8a96f9eA19341b218,0x2ec8d7c34c9778388edd682807cb344c112c46df8cff64204da5bd23c441cb66,23514,32121,1230169,615084,0.033810,30639.06,30158.58,
727,2,0xf17f52151EbEF6C7334FAD080c5704D77216b732,0x8f5cc2236422a5fcb66bb2b1567fcde143f18dded05078784f3e911276a4ff32,23514,32121,1230169,615084,0.033810,30647.09,30162.03,
728,3,0x17D90CC0C9cB61f27A5198c8a96f9eA19341b218,0x2e6ef6ff3852c5ed7354c85e261e6355a98d32ce66a741c90c7533f9a8032025,23515,32121,1240513,620256,0.034095,29634.08,29158.14,
728,2,0xf17f52151EbEF6C7334FAD080c5704D77216b732,0x4d9a02186207d82f4ea55055954b41744fffd1cf7ec74ae444f0d4b42be720bc,23515,32121,1240513,620256,0.034095,29638.15,29161.28,
728,1,0x627306090abaB3A6e1400e9345bC60c78a8BEf57,0x5318abc0f167b8352a09c875d8f3304a060db0470d34d88f70d42f4082bb37e4,23515,32121,1240513,620256,0.034095,30650.53,30161.69,
728,4,0x47242114086D2715A648d0391793730d2aB1CCa2,0xbe90ae3ea443ea4a6259a3992d3c26fc53e547798ad66c8ba7a4e9aae384b54e,23515,32121,1240513,620256,0.034095,30616.79,30157.48,
729,3,0x17D90CC0C9cB61f27A5198c8a96f9eA19341b218,0x3ae1af646469f73b8f0291376f68711d5dfdf92c29d14a5dc242bfdd95c6e723,23516,32121,1240513,620256,0.034095,29632.37,29155.05,
729,2,0xf17f52151EbEF6C7334FAD080c5704D77216b732,0x526fbc3a5dd3661097edb7e5c0f822e9021a68b9bd620f39110520e5a930f3ca,23516,32121,1240513,620256,0.034095,29648.66,29159.08,
729,1,0x627306090abaB3A6e1400e9345bC60c78a8BEf57,0xc218f68789d3bb53db057b343207c51159cd187d719a0501155db4e9cb9b3c0c,23516,32121,1240513,620256,0.034095,29659.35,29161.68,
729,4,0x47242114086D2715A648d0391793730d2aB1CCa2,0xfb21f92b5738045c39d081431796152e5762f8405aefd9ae1ebb1368a2a489f0,23516,32121,1240513,620256,0.034095,29618.19,29155.16,
730,4,0x47242114086D2715A648d0391793730d2aB1CCa2,0x6728f3b882b3bd1b2d86d2ec650d5b47cb08a506ad02038a8056bc218c4a9f64,23517,32121,1240513,620256,0.034095,29614.11,29153.00,
730,3,0x17D90CC0C9cB61f27A5198c8a96f9eA19341b218,0xf4cf26e89648bbbf2b892d157c64b10e637938045c9f29838fb6251d62d7ba67,23517,32121,1240513,620256,0.034095,30632.24,30157.41,
730,2,0xf17f52151EbEF6C7334FAD080c5704D77216b732,0x259b7c9b1a0a6a40d3c8410b7190cf6b37472a281ab68b509b73a45482e0e47c,23517,32121,1240513,620256,0.034095,30637.18,30159.75,
730,1,0x627306090abaB3A6e1400e9345bC60c78a8BEf57,0xc0da9472c027bac5a1acf1b127377e6f865149b29f36d5233565f0c9d7cc8751,23517,32121,1240513,620256,0.034095,30650.62,30162.41,
731,3,0x17D90CC0C9cB61f27A5198c8a96f9eA19341b218,0x34f621b27315f1bd32d15ef3bcf03a637db54a4867c4857276375981ecc604b7,23518,32121,1240513,620256,0.034095,29647.92,29175.68,
731,2,0xf17f52151EbEF6C7334FAD080c5704D77216b732,0x4d380683ae60b7544a5ebc22aaf914138567a8b1100e8da8821d69afdc943c9b,23518,32121,1240513,620256,0.034095,29640.61,29161.02,
731,1,0x627306090abaB3A6e1400e9345bC60c78a8BEf57,0x5bc98992b7d7ac74e1f999f7c403ce4d53cb41bbe04c43a342574e6535a8b317,23518,32121,1240513,620256,0.034095,29652.02,29167.54,
731,4,0x47242114086D2715A648d0391793730d2aB1CCa2,0xb2f2211ecbe4a650b0733f25219861f02f0323db8567d81e4cd19cb2ec90a672,23518,32121,1240513,620256,0.034095,30616.03,30156.06,
732,2,0xf17f52151EbEF6C7334FAD080c5704D77216b732,0xd68d713d8c2ca41b6cd374117edb1750d4cef1b6de5cc1cb6d8b7519416c32d7,23519,32121,1240513,620256,0.034095,29680.39,29160.69,
732,1,0x627306090abaB3A6e1400e9345bC60c78a8BEf57,0xbec7fb68920e9b3027aed7b52ca41d7e50b147a8e4e20a756640fa51e4d74087,23519,32121,1240513,620256,0.034095,29668.91,29165.45,
732,4,0x47242114086D2715A648d0391793730d2aB1CCa2,0x978fc017e7c3a6f800e09008a381cdc3d392d4c8925d3607a84cdc7751d87c09,23519,32121,1240513,620256,0.034095,29621.56,29157.42,
732,3,0x17D90CC0C9cB61f27A5198c8a96f9eA19341b218,0x91b4655d768d8ef2cae1a21ee766c19a90c0033d7fc14166d9767c703ba60e27,23519,32121,1240513,620256,0.034095,30638.18,30156.77,
733,4,0x47242114086D2715A648d0391793730d2aB1CCa2,0xedbbe5f8ccb106fb12e1fb1e7398126d5389d54aa71259985c082d0524558434,23520,32121,1241051,620525,0.034109,29625.16,29158.89,
733,3,0x17D90CC0C9cB61f27A5198c8a96f9eA19341b218,0x53b3847185ece2cfea17de65cd7fb38e85e1dc233a0f5af4a675dfb815e995e3,23520,32121,1241051,620525,0.034109,29637.63,29167.96,
733,2,0xf17f52151EbEF6C7334FAD080c5704D77216b732,0xacda164fb8ca8ddaab227ded6c501df351e2a5cb8ad39051df3e543a024d6500,23520,32121,1241051,620525,0.034109,30677.61,30184.35,
733,1,0x627306090abaB3A6e1400e9345bC60c78a8BEf57,0x79e3cd2ee2a088b6dd7269bb1138e506ce12986d74f7b11ce45aa7082435b04d,23520,32121,1241051,620525,0.034109,30653.97,30163.63,
734,3,0x17D90CC0C9cB61f27A5198c8a96f9eA19341b218,0x3fa2e388ab2c918d0cf7d3bbf3074c5defe03d819c99730eed86c316704fc5be,23521,32121,1247796,623898,0.034295,29649.99,29159.31,
734,2,0xf17f52151EbEF6C7334FAD080c5704D77216b732,0xc76755199637c5a504a687272accbd1f354a48ccbf691ea122d6d09d30d3a7c2,23521,32121,1247796,623898,0.034295,29660.89,29161.45,
734,1,0x627306090abaB3A6e1400e9345bC60c78a8BEf57,0xdf9cac37751f3f376a3457ba363b21fed0dcfbbda552227d7467a3e327b46f5c,23521,32121,1247796,623898,0.034295,29663.35,29161.69,
734,4,0x47242114086D2715A648d0391793730d2aB1CCa2,0xa7750588b9a015c7928c1ad6def5f805e0583b4db556c7ce766c8e00f23491a3,23521,32121,1247796,623898,0.034295,30632.95,30155.82,
735,2,0xf17f52151EbEF6C7334FAD080c5704D77216b732,0x358f306045afe3664831027e676c831be578b01b46a7ed4887094e6824ec143d,23522,32121,1247796,623898,0.034295,29644.76,29160.89,
735,1,0x627306090abaB3A6e1400e9345bC60c78a8BEf57,0xd6f18b458ade289fed8ea9d4821f6ed37045908899dcaf4ae8ab40d8fa428111,23522,32121,1247796,623898,0.034295,29673.00,29187.60,
735,4,0x47242114086D2715A648d0391793730d2aB1CCa2,0x8a91c80218c028b736c273605b17844cf632ed5e3ae020c1401648988b046d72,23522,32121,1247796,623898,0.034295,29625.21,29160.12,
735,3,0x17D90CC0C9cB61f27A5198c8a96f9eA19341b218,0x21dd7d44dad79d02ce2b37c71cf4ed25855bac87df2670cf59427a113a60ec9c,23522,32121,1247796,623898,0.034295,30659.63,30157.53,
736,3,0x17D90CC0C9cB61f27A5198c8a96f9eA19341b218,0xad7e720fff01018c8e6139b7ad1a23f71fb1be2dc03916f19b0c2e31a181298d,23523,32121,1247796,623898,0.034295,29633.25,29159.12,
736,2,0xf17f52151EbEF6C7334FAD080c5704D77216b732,0x9ffc0332c07224ec30042d4f7abeb40508d359c9d7ed3b0901a2c1069a70676b,23523,32121,1247796,623898,0.034295,30665.58,30162.10,
736,4,0x47242114086D2715A648d0391793730d2aB1CCa2,0x945b6350faa7cadc1fb2ebcdc2958fce37ea9f9df9add0ebd05c76746d7a3641,23523,32121,1247796,623898,0.034295,30632.16,30162.23,
736,1,0x627306090abaB3A6e1400e9345bC60c78a8BEf57,0x09a511416301cc8e20879388c45b9654f4a002ad55393c1468bb4054c5421f9d,23523,32121,1247796,623898,0.034295,30683.53,30186.51,
737,3,0x17D90CC0C9cB61f27A5198c8a96f9eA19341b218,0xa8623ccc227a9e95bc212c1ddf612aad69f10537a97df23d22549393eb643693,23524,32121,1247796,623898,0.034295,29649.72,29164.11,
737,2,0xf17f52151EbEF6C7334FAD080c5704D77216b732,0xb71a7f926c38521495744b1e6828a468876d2115ed97383ed8e7973e496812e7,23524,32121,1247796,623898,0.034295,29672.96,29160.71,
737,4,0x47242114086D2715A648d0391793730d2aB1CCa2,0xd6cdcf5221ca27db8b693d8f8d7f67b6fa926d699377118a50508f928f0d22f8,23524,32121,1247796,623898,0.034295,29618.23,29153.93,
737,1,0x627306090abaB3A6e1400e9345bC60c78a8BEf57,0xd4a52f63a3f3d8653e99e1eac727ef282de1c6266c91d4c2a5001111f5253415,23524,32121,1247796,623898,0.034295,29650.03,29163.06,
738,2,0xf17f52151EbEF6C7334FAD080c5704D77216b732,0x6638be5927a7c8fb866d10148fa54ca6a040c3e1eb776f415be78643455ba8d6,23525,32121,1255162,627581,0.034497,29643.75,29160.76,
738,4,0x47242114086D2715A648d0391793730d2aB1CCa2,0x3008bec48b5e425a1447364dc00c5dc8905c39bd711fd75368ead20e56e860b9,23525,32121,1255162,627581,0.034497,29627.03,29161.48,
738,1,0x627306090abaB3A6e1400e9345bC60c78a8BEf57,0x3cb0b08a3bc77ef771926cdb04e6b7bc129c83c6dad044251ebcb4d126d5c461,23525,32121,1255162,627581,0.034497,29661.02,29169.76,
738,3,0x17D90CC0C9cB61f27A5198c8a96f9eA19341b218,0x5612d9dc029370e7f33f0b383f8ed0747b19683103dae0cffb080a8ef35d9b97,23525,32121,1255162,627581,0.034497,30645.45,30158.68,
739,3,0x17D90CC0C9cB61f27A5198c8a96f9eA19341b218,0xc036a6f912411b65bc33fea0c1fea07889f5ab3442f9eb89a6a1c5f62fce37e7,23526,32121,1255162,627581,0.034497,29634.63,29160.83,
739,2,0xf17f52151EbEF6C7334FAD080c5704D77216b732,0xc96816f508cddd9b8b4eff8e6d81aec5ca2d517a0e6153d18bc02fb897be6a21,23526,32121,1255162,627581,0.034497,30646.42,30160.28,
739,4,0x47242114086D2715A648d0391793730d2aB1CCa2,0x0bda0f924a87455ce2fed055a4eedf6851fed0c76c47ce97de183a36e4f162a2,23526,32121,1255162,627581,0.034497,30632.79,30160.67,
739,1,0x627306090abaB3A6e1400e9345bC60c78a8BEf57,0x505733e6a8d5440b7ad1a38f852c8679072ba79bfb31fb6289acc1fb385fff99,23526,32121,1255162,627581,0.034497,30656.73,30164.01,
740,3,0x17D90CC0C9cB61f27A5198c8a96f9eA19341b218,0xa875ad4e1c7ae0e661498c60590a1849fc3ca06dc44ca664b52e4f772af12f19,23527,32121,1255162,627581,0.034497,29639.85,29159.67,
740,2,0xf17f52151EbEF6C7334FAD080c5704D77216b732,0x13a08cc502797ee1d8c18bb5c01085cb0378f3e3c3cb6c5d3300d5c1fc6d7d8d,23527,32121,1255162,627581,0.034497,29641.66,29160.31,
740,4,0x47242114086D2715A648d0391793730d2aB1CCa2,0x87203830082d52b5b91ede655cbd095d89e58f0d188465bd6d7e3932d6a306a4,23527,32121,1255162,627581,0.034497,29638.23,29160.70,
740,1,0x627306090abaB3A6e1400e9345bC60c78a8BEf57,0xab282d2a67701aa45c51247a46a743ca2d9a0049264b703d935b105ef6056ed1,23527,32121,1255162,627581,0.034497,29653.20,29162.87,
741,2,0xf17f52151EbEF6C7334FAD080c5704D77216b732,0x7c1a2c00127efafc36caf558c44d55f422e5d8523aaf91b0dc330e14e25f1089,23528,32121,1255162,627581,0.034497,29638.51,29158.50,
741,4,0x47242114086D2715A648d0391793730d2aB1CCa2,0xe1fcb52dc65d1fa8b4de5beaa38209febf653ef75c23dfa5150e919ad71713dc,23528,32121,1255162,627581,0.034497,29630.72,29158.32,
741,1,0x627306090abaB3A6e1400e9345bC60c78a8BEf57,0xed5f994ecb76e5eab6436ffb2333f03ff982949305dacfde89a8af1ee61805cc,23528,32121,1255162,627581,0.034497,29650.08,29162.53,
741,3,0x17D90CC0C9cB61f27A5198c8a96f9eA19341b218,0x0017368765bc7630acc9965680c60fe1d432948a6e4ec3de0c3a01ac527963e3,23528,32121,1255162,627581,0.034497,30638.07,30162.23,
742,3,0x17D90CC0C9cB61f27A5198c8a96f9eA19341b218,0x5512933df687c18cb5269f6224166508b0af1068e8ac923fe126c40d8646b0a6,23529,32121,1255162,627581,0.034497,29632.82,29154.59,
742,2,0xf17f52151EbEF6C7334FAD080c5704D77216b732,0xf36feea322f81de5859c0b0f3b777ec8dcb73f2d1c4a391b03882e741aef90d6,23529,32121,1255162,627581,0.034497,30638.14,30159.91,
742,4,0x47242114086D2715A648d0391793730d2aB1CCa2,0xa37660645377eef864f2fa71200ad28ca5e82cd66767f3d00d4a407951d1c94f,23529,32121,1255162,627581,0.034497,30630.46,30158.34,
742,1,0x627306090abaB3A6e1400e9345bC60c78a8BEf57,0xb6d2aeb99f7903b129c28daa8e1cbd081cf9a8ff04d9c107b042ce3487853ebf,23529,32121,1255162,627581,0.034497,30980.65,30490.05,
743,3,0x17D90CC0C9cB61f27A5198c8a96f9eA19341b218,0xa05e1b88c425dccf8c2139fb48d25c498d8b4269ca82c50a35a46701eacaf1ba,23530,32121,1257893,628946,0.034572,29627.53,29155.78,
743,2,0xf17f52151EbEF6C7334FAD080c5704D77216b732,0x2d3b9f8972702a25eaf3882b43754447d0fc71a29607a3856f3edda438a69f4b,23530,32121,1257893,628946,0.034572,29634.21,29152.08,
743,4,0x47242114086D2715A648d0391793730d2aB1CCa2,0xba7c2cd4dabdbf65c6e34a17ae1b169a115cab36b5e9770c67c730b32b3daff1,23530,32121,1257893,628946,0.034572,29953.09,29159.53,
743,1,0x627306090abaB3A6e1400e9345bC60c78a8BEf57,0x9b149f1923391e885428a8880350c31df5c8ed42839a5a0fccdc8e7bf5dc6e24,23530,32121,1257893,628946,0.034572,29653.38,29163.59,
744,4,0x47242114086D2715A648d0391793730d2aB1CCa2,0x25e7b1eb3afb6873fba2fa9097f9913e4687c3b025ce7ca79f509100ee41bbfd,23531,32121,1272832,636416,0.034983,29641.58,29160.09,
744,1,0x627306090abaB3A6e1400e9345bC60c78a8BEf57,0xd03f78e3d5fa03eb408be09fc9b9bda8c1b592851324c14b76bcd2b3eb47c3a5,23531,32121,1272832,636416,0.034983,29653.43,29164.21,
744,3,0x17D90CC0C9cB61f27A5198c8a96f9eA19341b218,0x2493f0efe17d0e6f2845d04d129e789d45cb6cc4e78f56bbd590c7d447ddefc7,23531,32121,1272832,636416,0.034983,30622.37,30156.67,
744,2,0xf17f52151EbEF6C7334FAD080c5704D77216b732,0x33c06a09ad29cfb7ac65fae85bdfc3255f9d7c87237a71e7cd92f884ab5d180a,23531,32121,1272832,636416,0.034983,30611.52,30153.81,
745,1,0x627306090abaB3A6e1400e9345bC60c78a8BEf57,0xbe9b7380e3ac0ce85c2844a96a7a6e386d5721ca085c8dfba7c54703cb8ad28e,23532,32121,1272832,636416,0.034983,29656.45,29166.72,
745,3,0x17D90CC0C9cB61f27A5198c8a96f9eA19341b218,0x528a6957f93fa04fd48b58e4aeeaca4d4e4486ea983ffff8a19cb170a26bf4ba,23532,32121,1272832,636416,0.034983,29629.30,29157.71,
745,2,0xf17f52151EbEF6C7334FAD080c5704D77216b732,0x081589d81a213ce6d77e4a03be047ae8deb79e579de1f577c18a0b8808a6da6b,23532,32121,1272832,636416,0.034983,29611.88,29153.08,
745,4,0x47242114086D2715A648d0391793730d2aB1CCa2,0x8e97243d7f61da77a8b59a80c2f9254ad0a95bd8eb2d14122c4cf97cc87d36de,23532,32121,1272832,636416,0.034983,30636.73,30159.09,
746,2,0xf17f52151EbEF6C7334FAD080c5704D77216b732,0x160d71b5c07c8be80fe7a6817de3b1cb66fa03d9e1e37ebbf940ddcb450e3a05,23533,32121,1272832,636416,0.034983,29613.31,29156.58,
746,4,0x47242114086D2715A648d0391793730d2aB1CCa2,0xc95a823a6f6abcf51c057ff5f205268485160227e898ad773c4d9326d33281e0,23533,32121,1272832,636416,0.034983,29640.67,29162.91,
746,1,0x627306090abaB3A6e1400e9345bC60c78a8BEf57,0x254277f45a73a04a11f80af581cbe56e31a8b98c037b9fe88568ae5de3943c67,23533,32121,1272832,636416,0.034983,30658.69,30164.67,
746,3,0x17D90CC0C9cB61f27A5198c8a96f9eA19341b218,0xec09732e041adefb2782727b66ea0aa90fc58700b2b3fda1542caffc924cfda6,23533,32121,1272832,636416,0.034983,30625.36,30157.15,
747,4,0x47242114086D2715A648d0391793730d2aB1CCa2,0x3938ffe7e6c3422cd29504a28b6fd63f8ebe6f3ded834f70db8337595648e5b8,23534,32121,1272832,636416,0.034983,29644.00,29160.76,
747,3,0x17D90CC0C9cB61f27A5198c8a96f9eA19341b218,0xf22f7dd424541d470d11c903260e52fe96e1368dc98c20621c3672654695c22e,23534,32121,1272832,636416,0.034983,29625.01,29154.74,
747,1,0x627306090abaB3A6e1400e9345bC60c78a8BEf57,0x2d7c99862306e8a788907e5dd6697a757be278c4818f6638bd32b5f69285c79e,23534,32121,1272832,636416,0.034983,29658.12,29163.48,
747,2,0xf17f52151EbEF6C7334FAD080c5704D77216b732,0xf04fd8024dee21d5cadafd854251568d5af06c68eae70e13420b8cb9857dcea9,23534,32121,1272832,636416,0.034983,30615.69,30152.55,
748,3,0x17D90CC0C9cB61f27A5198c8a96f9eA19341b218,0xddd220d4f9586d72916a2a03d2015811165ba8bff43753c8f8d42afed97b55b1,23535,32121,1272832,636416,0.034983,29623.50,29155.39,
748,1,0x627306090abaB3A6e1400e9345bC60c78a8BEf57,0x78a481845e995b6793997c8776c66226083063b4a1c7b34d303e71650197627b,23535,32121,1272832,636416,0.034983,29662.31,29168.21,
748,2,0xf17f52151EbEF6C7334FAD080c5704D77216b732,0x685b6d90308c14c42ec26270b1b783a48037664fa79094fb4709a1cddc5348cc,23535,32121,1272832,636416,0.034983,29610.33,29151.84,
748,4,0x47242114086D2715A648d0391793730d2aB1CCa2,0x9ecfdba214f6e66a6731303eeec457b967557c88ab8c3a097639a247e91c07e5,23535,32121,1272832,636416,0.034983,30636.51,30156.53,
749,4,0x47242114086D2715A648d0391793730d2aB1CCa2,0xf9dc2fa2c4d5fbb15fb967d30ca001df20b4bfd68a81dbffc856be8227dbc2aa,23536,32121,1272832,636416,0.034983,29634.60,29160.40,
749,3,0x17D90CC0C9cB61f27A5198c8a96f9eA19341b218,0x43a234821ba761c84512459b02f27e76c04878410fdcc101e52064ccde894d8b,23536,32121,1272832,636416,0.034983,30625.06,30158.25,
749,1,0x627306090abaB3A6e1400e9345bC60c78a8BEf57,0x04d968134682fd422e976b92cce8bd40d7f49c5c6e4405776a70dc9f55fcd6d7,23536,32121,1272832,636416,0.034983,30660.90,30173.61,
749,2,0xf17f52151EbEF6C7334FAD080c5704D77216b732,0x88f0cb53ee5be655c257ba67109d50bfd4e3093074224de4ab1cfce757c3a681,23536,32121,1272832,636416,0.034983,30611.92,30156.29,
750,4,0x47242114086D2715A648d0391793730d2aB1CCa2,0x4865239a07be8ca179deb52ce38a0758c30433b31ced99d0d023c600611dfe66,23537,32121,1272832,636416,0.034983,29657.03,29164.74,
750,3,0x17D90CC0C9cB61f27A5198c8a96f9eA19341b218,0x230f495ccd1f635bd607c42c1a7676285cea9d01a3344204ea26e4b1a97d68f7,23537,32121,1272832,636416,0.034983,29660.23,29162.46,
750,1,0x627306090abaB3A6e1400e9345bC60c78a8BEf57,0xf46c5d21f769a713e4731d238704bf848b7c0820a1fffa88841072ad78602fd2,23537,32121,1272832,636416,0.034983,29657.29,29167.01,
750,2,0xf17f52151EbEF6C7334FAD080c5704D77216b732,0x6ecc669f28175b93256b51a08dba052a7f067ef7ac2e1a0a8ea9aaff8d0a716c,23537,32121,1272832,636416,0.034983,29619.59,29158.70,
751,3,0x17D90CC0C9cB61f27A5198c8a96f9eA19341b218,0xe77edaa239c043ea7de6153d167b7c0ac28b5a2ee88c53b198ca3f0fbc2a425f,23538,32121,1272832,636416,0.034983,29627.35,29158.45,
751,1,0x627306090abaB3A6e1400e9345bC60c78a8BEf57,0x196ddf40fd7427191b6ade3333366fba13d5bcf353a1f4ec87614573173b0149,23538,32121,1272832,636416,0.034983,29673.65,29165.06,
751,2,0xf17f52151EbEF6C7334FAD080c5704D77216b732,0xe33abce94e0afa61d7adb8d6cfbdcc46d41b9c5a8f7476e553b79d2988b0d0bb,23538,32121,1272832,636416,0.034983,29622.90,29161.44,
751,4,0x47242114086D2715A648d0391793730d2aB1CCa2,0x317646f1451d73d0cb945b165f40aac5538566e20c00ae6bcc1ef591fcd1d24c,23538,32121,1272832,636416,0.034983,30664.91,30157.60,
752,4,0x47242114086D2715A648d0391793730d2aB1CCa2,0x0e924a802c63fc67bab74e2a8d756c7e34ac477a3ef050cc08283103988e4d8e,23539,32121,1277840,638920,0.035121,29657.04,29158.73,
752,3,0x17D90CC0C9cB61f27A5198c8a96f9eA19341b218,0x1ff24772331a02808647fc81c06755b2cdc9805e68c35433936589b9984fec81,23539,32121,1277840,638920,0.035121,30629.13,30157.14,
752,2,0xf17f52151EbEF6C7334FAD080c5704D77216b732,0x02ef072aa30c66f05c24c226e00dae6136a54f704b7bf25b724212fad2d95332,23539,32121,1277840,638920,0.035121,30662.80,30178.60,
752,1,0x627306090abaB3A6e1400e9345bC60c78a8BEf57,0x28cdf5e6994e308d8f40ea683589d9578afbcc5ae75ade660802a9dc8f1eacb0,23539,32121,1277840,638920,0.035121,30696.46,30192.07,
753,4,0x47242114086D2715A648d0391793730d2aB1CCa2,0x3cfa51f9f9cc812c02888fb318fd325696ade400a88ad10bf83dc97d8f8c1cdb,23540,32121,1277840,638920,0.035121,29656.41,29155.98,
753,3,0x17D90CC0C9cB61f27A5198c8a96f9eA19341b218,0xe4a493d5c4a8c97d874a349fd9c8e0f53d0d1c2c007ce622b5729e136ce1f878,23540,32121,1277840,638920,0.035121,29659.36,29153.59,
753,2,0xf17f52151EbEF6C7334FAD080c5704D77216b732,0xef2975719c5adaedbf7bf611cda6e4dd53e6ba0ca44f7774fedad12bdc852f6c,23540,32121,1277840,638920,0.035121,29631.52,29151.46,
753,1,0x627306090abaB3A6e1400e9345bC60c78a8BEf57,0x38ae0aea920e9eb27164a29277a0c52976eb8d271deacadcf7a6514b969e9865,23540,32121,1277840,638920,0.035121,29663.36,29160.05,
754,2,0xf17f52151EbEF6C7334FAD080c5704D77216b732,0x5ec71d53d1d61274925acf1f9cf8310526e32ba5742ef7b96cfc5ab94e235bec,23541,32121,1277840,638920,0.035121,29624.64,29150.13,
754,1,0x627306090abaB3A6e1400e9345bC60c78a8BEf57,0x3495805ccd323d24ef0873275115446848382df4af0cca204e4d8a562f0468d0,23541,32121,1277840,638920,0.035121,29645.69,29160.96,
754,4,0x47242114086D2715A648d0391793730d2aB1CCa2,0x565c427d06f55611c39bd413d97b8f7daed859f26fb6a17618af3c63df3a349b,23541,32121,1277840,638920,0.035121,30625.21,30157.45,
754,3,0x17D90CC0C9cB61f27A5198c8a96f9eA19341b218,0xda23d6f2cb7dd0687e5a86d287e9b60b4da06c7e2a1f64cac3767049d7dd0b61,23541,32121,1277840,638920,0.035121,30619.00,30154.88,
755,4,0x47242114086D2715A648d0391793730d2aB1CCa2,0x58bd2df01ef4138b0ac5f661aae3c801cd0979858bcaee1685b5ed5e3221356a,23542,32121,1282310,641155,0.035243,29623.77,29158.43,
755,3,0x17D90CC0C9cB61f27A5198c8a96f9eA19341b218,0x8a66d2637ad3528f17d8c54582f3620464d7b9fae87d3a4248205e7e83d07b0a,23542,32121,1282310,641155,0.035243,29615.27,29154.22,
755,2,0xf17f52151EbEF6C7334FAD080c5704D77216b732,0xea0cbd2b6d512e159bf5caada9a347ae836e29d4ae9bf40984db3f476bf997b8,23542,32121,1282310,641155,0.035243,30613.14,30156.07,
755,1,0x627306090abaB3A6e1400e9345bC60c78a8BEf57,0xe994c02bd7c23a33cee72098ff56b9f83deebd2204825ea8ebf39371bc174e78,23542,32121,1282310,641155,0.035243,30643.38,30161.14,
756,4,0x47242114086D2715A648d0391793730d2aB1CCa2,0xda31c34c585cbc17dcc5ce247028b121838b9ff1c75b8b4914aeee9ac34cab1a,23543,32121,1282310,641155,0.035243,29626.09,29156.43,
756,3,0x17D90CC0C9cB61f27A5198c8a96f9eA19341b218,0x56be7ef07d87552d03866bd83b2a077e3248b21d6734d84bf46678e389d30931,23543,32121,1282310,641155,0.035243,29618.99,29153.65,
756,2,0xf17f52151EbEF6C7334FAD080c5704D77216b732,0x8a0a4c454f4bf0294f8c65b1b431e699dc51cfa4d60da82051e25468e37b7a6a,23543,32121,1282310,641155,0.035243,29613.02,29150.44,
756,1,0x627306090abaB3A6e1400e9345bC60c78a8BEf57,0x3e560c1a10289b415a83866e1461edad81de0e2c011ef24dd02ffdb346b72a5b,23543,32121,1282310,641155,0.035243,29644.58,29160.62,
757,1,0x627306090abaB3A6e1400e9345bC60c78a8BEf57,0xb09b1df5c2ab12b9f9690547df3fa1a900988acd66efae6a6b5a42cf6f3867af,23544,32121,1284793,642396,0.035312,29648.54,29161.44,
757,4,0x47242114086D2715A648d0391793730d2aB1CCa2,0x38f2730486085234df2b37d759ec485239f4542a6f5a51a7933f22eef9722233,23544,32121,1284793,642396,0.035312,30629.55,30157.31,
757,3,0x17D90CC0C9cB61f27A5198c8a96f9eA19341b218,0xdcd0f4ec2bc7b463418d1a5d59d37124a1dd29e6c376435e69f55ed123d48e81,23544,32121,1284793,642396,0.035312,30615.21,30154.25,
757,2,0xf17f52151EbEF6C7334FAD080c5704D77216b732,0xe069c8aca6df9f9aba54ac165608c632ba3a7e658f403e8c0f370d34962cb356,23544,32121,1284793,642396,0.035312,30613.50,30153.14,
758,4,0x47242114086D2715A648d0391793730d2aB1CCa2,0xf8792baed53e04287363b3be88775799d2be16a58f89383d51df3242e51ca8a7,23545,32121,1296256,648128,0.035627,29628.29,29155.47,
758,3,0x17D90CC0C9cB61f27A5198c8a96f9eA19341b218,0x5c86a9378dc6246ec2ba9a6dbed5e15af596dc46f9d9c4e3c72b68a249703a2c,23545,32121,1296256,648128,0.035627,29612.64,29152.94,
758,2,0xf17f52151EbEF6C7334FAD080c5704D77216b732,0x4b46960456c51b62fcc96390a7efb4c5c2bede29ddc0e5da82236f773bd0b5c6,23545,32121,1296256,648128,0.035627,29607.00,29154.12,
758,1,0x627306090abaB3A6e1400e9345bC60c78a8BEf57,0x8c714471a7198cdc5237e9df735535b1ee0928c3b7273ed05578df5781b43ba0,23545,32121,1296256,648128,0.035627,30648.21,30163.00,
759,3,0x17D90CC0C9cB61f27A5198c8a96f9eA19341b218,0x05137e56fda837de7d83dd64bf18be4dcfa78aa8ba77331697b0349714820663,23546,32121,1296256,648128,0.035627,29613.33,29153.50,
759,2,0xf17f52151EbEF6C7334FAD080c5704D77216b732,0x2e00023fd922dbcf8d5b0bbf8dcb9855a2184a280929137051cb99eaac92149a,23546,32121,1296256,648128,0.035627,29611.60,29153.24,
759,1,0x627306090abaB3A6e1400e9345bC60c78a8BEf57,0x29528a15bf2e6521612ecc59eb7e55838022e691de7de0f4d255926ad19db91c,23546,32121,1296256,648128,0.035627,29646.83,29161.61,
759,4,0x47242114086D2715A648d0391793730d2aB1CCa2,0x3b59f00249b7a98929af1a6eab5ce453e8e0cd1e767558846110628fdb28ad85,23546,32121,1296256,648128,0.035627,30630.59,30159.06,
760,1,0x627306090abaB3A6e1400e9345bC60c78a8BEf57,0xe648da6f033f66a342d61f8be06f3b4637885a6fbf6683a22dda5667fef4a307,23547,32121,1296256,648128,0.035627,29647.19,29159.03,
760,4,0x47242114086D2715A648d0391793730d2aB1CCa2,0xa722018ab0dc377e157aca6750cf84eb3bc82ef2c61e84d70dce8e276e684059,23547,32121,1296256,648128,0.035627,29626.07,29156.65,
760,3,0x17D90CC0C9cB61f27A5198c8a96f9eA19341b218,0x27bd6d6024c4a9b2de14cce0e17bdb98af96c9a52d11099cb9d2dbaea3678ee3,23547,32121,1296256,648128,0.035627,30622.38,30153.38,
760,2,0xf17f52151EbEF6C7334FAD080c5704D77216b732,0x1659b7c42040664936b9ad0d82068c9fe87d100f00ed87a5e6dbd0b7473f7a3a,23547,32121,1296256,648128,0.035627,30609.12,30152.74,
761,4,0x47242114086D2715A648d0391793730d2aB1CCa2,0xdb3faadf841cad26c18f04c8ef63506b9e6a213f3f50911c36fa2b291a5007bf,23548,32121,1296256,648128,0.035627,29625.97,29156.75,
761,3,0x17D90CC0C9cB61f27A5198c8a96f9eA19341b218,0x690cf087007268ca7188466eaf52086ef17e21b8ba6cec33bad81ad0e8d49b39,23548,32121,1296256,648128,0.035627,29620.05,29154.47,
761,2,0xf17f52151EbEF6C7334FAD080c5704D77216b732,0x52381fe90bf5fd896314a973dc76690bebc9a06e854c5b9b2011904e5028c421,23548,32121,1296256,648128,0.035627,29610.44,29152.33,
761,1,0x627306090abaB3A6e1400e9345bC60c78a8BEf57,0x937f84fa66e8209637c286ffad31c8252378caeb2847b53471002129a8fb2860,23548,32121,1296256,648128,0.035627,30646.12,30161.80,
762,2,0xf17f52151EbEF6C7334FAD080c5704D77216b732,0x74e73edd43a15b0e23e9a01653e0c992e4655e32f7dac903996a4a4a47c9cc32,23549,32121,1296256,648128,0.035627,29611.80,29155.73,
762,1,0x627306090abaB3A6e1400e9345bC60c78a8BEf57,0xd1d809023cdf2294e8c4b203affe83a7e44ca7bfeec8c786f6c1cdfd48095cff,23549,32121,1296256,648128,0.035627,29647.66,29161.73,
762,4,0x47242114086D2715A648d0391793730d2aB1CCa2,0xe4b861374ad67abf6f9a08107f9d02482aaaaf8549469f2399056f2fbb15942e,23549,32121,1296256,648128,0.035627,30632.65,30156.97,
762,3,0x17D90CC0C9cB61f27A5198c8a96f9eA19341b218,0x5226d74e944c35ac9e91f3139ebd5763c40d558fbc3fc39068400bf19d77ace9,23549,32121,1296256,648128,0.035627,30620.21,30154.72,
763,4,0x47242114086D2715A648d0391793730d2aB1CCa2,0xade39ace62816eb82b31bccf55e6555a029ffa73ac7b0c5d89d3160942f21265,23550,32121,1296256,648128,0.035627,29629.54,29156.83,
763,3,0x17D90CC0C9cB61f27A5198c8a96f9eA19341b218,0x1eadc75d55a82d95db3bc59da4532c19403a5e6a757ea17ad8cb3204380e3738,23550,32121,1296256,648128,0.035627,29619.01,29154.56,
763,2,0xf17f52151EbEF6C7334FAD080c5704D77216b732,0xcf7f9ae878e860088e32cb0b02a0751851051efefcd9c6191e5d07275d805b99,23550,32121,1296256,648128,0.035627,30611.68,30154.97,
763,1,0x627306090abaB3A6e1400e9345bC60c78a8BEf57,0x01760daac1e06926583c7c77364be48cd1e4b31d5f498b1aabd033e966b2c203,23550,32121,1296256,648128,0.035627,30642.11,30160.50,
764,4,0x47242114086D2715A648d0391793730d2aB1CCa2,0x01cf945bd1b8328d15b226862db9aff69f483cf11a893cd6adffdeed31ad17f1,23551,32121,1296256,648128,0.035627,29628.86,29157.88,
764,3,0x17D90CC0C9cB61f27A5198c8a96f9eA19341b218,0x02b2d79cff3a26001b1d2259e3dfd97e3788834dd6e3e8962efd710790e9ba0b,23551,32121,1296256,648128,0.035627,29629.10,29154.97,
764,2,0xf17f52151EbEF6C7334FAD080c5704D77216b732,0x3c92834947fb9f1bc1fd1e1c03d44f02287a4022a1f1ef4668d6cd8fa7a3474e,23551,32121,1296256,648128,0.035627,29621.38,29154.73,
764,1,0x627306090abaB3A6e1400e9345bC60c78a8BEf57,0x9df9046e74539bdf04c001dbbe053dbf521e146cf2dde37ca4ddf43722f2bc86,23551,32121,1296256,648128,0.035627,29654.45,29163.84,
765,1,0x627306090abaB3A6e1400e9345bC60c78a8BEf57,0x3b387572946d7c6078d43ac050774ed3e370066f362eae698694f3fd212592d6,23552,32121,1302961,651480,0.035811,29646.09,29161.59,
765,4,0x47242114086D2715A648d0391793730d2aB1CCa2,0x1c183418afc358aa68b05a6b7cc0f0597802a820bec6ef08b3092174e44f3184,23552,32121,1302961,651480,0.035811,30627.11,30155.65,
765,3,0x17D90CC0C9cB61f27A5198c8a96f9eA19341b218,0x0d8d55118de62390ff2d37ea9946ef161e980c8cab43ab07ad13b1cbb4d36d84,23552,32121,1302961,651480,0.035811,30621.94,30155.37,
765,2,0xf17f52151EbEF6C7334FAD080c5704D77216b732,0x023f6aeba49d31afd3395b35389d352f0c1956cfc8a1461f71b6f6379f73f3dc,23552,32121,1302961,651480,0.035811,30623.95,30155.23,
766,4,0x47242114086D2715A648d0391793730d2aB1CCa2,0x167bc7ca02a5ef07d8e1e408ffa055fc172c00499ab752993dcad1d3cc44d810,23553,32121,1302961,651480,0.035811,29628.96,29156.41,
766,3,0x17D90CC0C9cB61f27A5198c8a96f9eA19341b218,0x1e02345779855fa624bb7d78c38289ee10c5f23bcb6d85b2aa346296136c004e,23553,32121,1302961,651480,0.035811,29614.42,29153.73,
766,2,0xf17f52151EbEF6C7334FAD080c5704D77216b732,0x76fb8920977e9ea3581b6f8f2c42c08af66e1de8bd316a68a542e6bdae7e11dc,23553,32121,1302961,651480,0.035811,29619.95,29153.52,
766,1,0x627306090abaB3A6e1400e9345bC60c78a8BEf57,0x30f26e2039d49014383bdf005614703ae598340b42b98d92435830093183e4ec,23553,32121,1302961,651480,0.035811,30647.32,30160.88,
767,3,0x17D90CC0C9cB61f27A5198c8a96f9eA19341b218,0x8c64db7c80b375b890b29bf2f682f96b242b7abe582f822e2bce0d174be4f68c,23554,32121,1302961,651480,0.035811,29619.63,29158.36,
767,2,0xf17f52151EbEF6C7334FAD080c5704D77216b732,0x065fabc4c607b46a6b401da267bf8bc7f5f73fbf26c4e7a5597fc3c995729984,23554,32121,1302961,651480,0.035811,29618.06,29154.81,
767,1,0x627306090abaB3A6e1400e9345bC60c78a8BEf57,0x5636ccf7e9e6a37f4195ffb5d61a8ad8acfb6c6d37dbf31020b7be48f2a80773,23554,32121,1302961,651480,0.035811,29649.18,29163.60,
767,4,0x47242114086D2715A648d0391793730d2aB1CCa2,0x74006f88ea0927e6479ad04b9801b9c56871f1e31889e29459bedfa67a71eae7,23554,32121,1302961,651480,0.035811,30623.58,30155.30,
768,1,0x627306090abaB3A6e1400e9345bC60c78a8BEf57,0x54d5e2397519af4e2ff94e0892113feac98ea38f854953a0aca99d8483e13ae9,23555,32121,1302961,651480,0.035811,29647.24,29163.79,
768,4,0x47242114086D2715A648d0391793730d2aB1CCa2,0x39fc97d4044430b1333fd541402d7bfad5cf63eb8f6891352190108fa09cb4ac,23555,32121,1302961,651480,0.035811,29629.78,29156.17,
768,3,0x17D90CC0C9cB61f27A5198c8a96f9eA19341b218,0x04eec0c540595cccee573a1ee100dbada7f943e181bf3356f95e26a86e813d14,23555,32121,1302961,651480,0.035811,30627.56,30157.60,
768,2,0xf17f52151EbEF6C7334FAD080c5704D77216b732,0x3a761d2ba69c16a443980bbe2c39775ccfbffb8f725b5ac63c5e89461cb00b0f,23555,32121,1302961,651480,0.035811,30617.92,30154.41,
769,4,0x47242114086D2715A648d0391793730d2aB1CCa2,0xa166f3f5712399797e388439f9fd836c79d5ce68d16118973b96873707be56cf,23556,32121,1302961,651480,0.035811,29626.78,29158.59,
769,3,0x17D90CC0C9cB61f27A5198c8a96f9eA19341b218,0x52097b403b02bafe740cc0b162d85368d4f84028f97e1485c744506855637e9e,23556,32121,1302961,651480,0.035811,29630.08,29157.21,
769,2,0xf17f52151EbEF6C7334FAD080c5704D77216b732,0x1e3c0cfb72eb2177b720aa1a4f2f14979a1b884c2d8dd76d463246b28d7f38e3,23556,32121,1302961,651480,0.035811,29617.77,29154.07,
769,1,0x627306090abaB3A6e1400e9345bC60c78a8BEf57,0xc0ace6ad85427179dedb71f7c6756bcc60397aa21c76169434ad26719783ae07,23556,32121,1302961,651480,0.035811,30650.38,30162.94,
770,1,0x627306090abaB3A6e1400e9345bC60c78a8BEf57,0xf22b57ce92dc73c53946bcdbc5e38e8d3e40f8fc58b61c94781d221543ca8e1c,23557,32121,1315127,657563,0.036145,29648.16,29163.73,
770,4,0x47242114086D2715A648d0391793730d2aB1CCa2,0x18b2576a28325e4c4543b45c1fccfc3add60ccd33aa650bcbffdf1b7a346bdc6,23557,32121,1315127,657563,0.036145,30629.67,30158.73,
770,3,0x17D90CC0C9cB61f27A5198c8a96f9eA19341b218,0x9812ffdc61517b9c197d112afa98bad793e1e132f89b43ef794e0c99b050c799,23557,32121,1315127,657563,0.036145,30625.60,30156.72,
770,2,0xf17f52151EbEF6C7334FAD080c5704D77216b732,0xeec9d457565015e819c5614279b412868a6fd6fa78b355bcac4c1feee2027d06,23557,32121,1315127,657563,0.036145,30613.96,30152.71,
771,1,0x627306090abaB3A6e1400e9345bC60c78a8BEf57,0x5cddd1562d49b9e47f9ee17a83d3b069170a0a5d8c572650f81a031f3d1c8bc2,23558,32121,1315127,657563,0.036145,29652.24,29163.73,
771,4,0x47242114086D2715A648d0391793730d2aB1CCa2,0xb796644ca643c8c130d4889bf1f0bf5ac152e918c98b6a7191fe38a86d72e4e1,23558,32121,1315127,657563,0.036145,29628.70,29157.30,
771,3,0x17D90CC0C9cB61f27A5198c8a96f9eA19341b218,0xad883a89ec90db326bcf8d9cda823aa5a569e311dcb9a8c6c9b89482a768d06e,23558,32121,1315127,657563,0.036145,29634.38,29158.21,
771,2,0xf17f52151EbEF6C7334FAD080c5704D77216b732,0x4f967a9a3381fd9b992063c13a5e00bf10430d7824a7dc0a376d6cb0c06d6a96,23558,32121,1315127,657563,0.036145,29611.65,29153.83,
772,4,0x47242114086D2715A648d0391793730d2aB1CCa2,0x3504f9ff49e653a5d1bcf8dee8af1a14cefd63886a368acc9345ee711a5272d1,23559,32121,1315127,657563,0.036145,29631.51,29160.36,
772,3,0x17D90CC0C9cB61f27A5198c8a96f9eA19341b218,0x7537accd857a89dd39bb2b34c0862ff1928ee83573b5d227194abced43864de1,23559,32121,1315127,657563,0.036145,29643.17,29157.35,
772,2,0xf17f52151EbEF6C7334FAD080c5704D77216b732,0xf3725e2fcb7f8ad8ad3aa8507233875f75f6ca323fc3a0b12cab67b47896bc33,23559,32121,1315127,657563,0.036145,29608.75,29152.67,
772,1,0x627306090abaB3A6e1400e9345bC60c78a8BEf57,0x9c3baaaa899803c2253156c3b25daf4cb57dd419611bae8314cc17e6e305e382,23559,32121,1315127,657563,0.036145,30653.95,30165.05,
773,1,0x627306090abaB3A6e1400e9345bC60c78a8BEf57,0xc61a69c7abe202330e438db54346398c36b3d047699597d54502c86bac38fc35,23560,32121,1315127,657563,0.036145,29650.50,29158.91,
773,4,0x47242114086D2715A648d0391793730d2aB1CCa2,0x98c05f601b672c15f7ec36758cb20aa27faa9ea048510b292169b67cb0f578fc,23560,32121,1315127,657563,0.036145,30644.03,30158.29,
773,3,0x17D90CC0C9cB61f27A5198c8a96f9eA19341b218,0x9e3af0f15701bc7e201dce4b90ce5a0a2a670a7e8683fe35889a5f46b3ca6ab4,23560,32121,1315127,657563,0.036145,30634.24,30151.67,
773,2,0xf17f52151EbEF6C7334FAD080c5704D77216b732,0xbb39b5350bd07e073573a289e1660e6203a35f4fbe3c031b28240bed460b628d,23560,32121,1315127,657563,0.036145,30927.06,30471.58,
774,1,0x627306090abaB3A6e1400e9345bC60c78a8BEf57,0x3c1f6c9a6b0503a944350f222ad91eb87d927d965a37b39bd860515beceb60e8,23561,32121,1315127,657563,0.036145,29640.08,29161.48,
774,4,0x47242114086D2715A648d0391793730d2aB1CCa2,0x3d2700b0e10dc5ff9e63e5c269043f2bac6a547d4c07c265a11e77c93b3254dc,23561,32121,1315127,657563,0.036145,29634.24,29158.43,
774,3,0x17D90CC0C9cB61f27A5198c8a96f9eA19341b218,0xdfd931546085fb4eb978dba57a1d6124eab817ea321d897c66a13b3810108ced,23561,32121,1315127,657563,0.036145,29608.79,29153.40,
774,2,0xf17f52151EbEF6C7334FAD080c5704D77216b732,0xdb0f3513f81857a6ca7c0a589f77324cd90639f417e2e0a54dbec496da54fa88,23561,32121,1315127,657563,0.036145,29628.98,29156.59,
775,3,0x17D90CC0C9cB61f27A5198c8a96f9eA19341b218,0xfa7bb7c8674db8b41aaf147ef85d03a532583f495fb78403a35cfe4f026ecd61,23562,32121,1315127,657563,0.036145,29609.85,29151.31,
775,4,0x47242114086D2715A648d0391793730d2aB1CCa2,0x7b3d0edb172eb5b1e04d261dc386b9045ab6c2eca776432501cd345c4aabe262,23562,32121,1315127,657563,0.036145,29635.84,29157.37,
775,2,0xf17f52151EbEF6C7334FAD080c5704D77216b732,0xdd8c5f914e48d3f0a4260542b407b86b29146c508dc675aa0a4391347d16c19a,23562,32121,1315127,657563,0.036145,29626.95,29156.85,
775,1,0x627306090abaB3A6e1400e9345bC60c78a8BEf57,0xbc86c78a8253a6bd70eedb3c74c5ea85de506fc70ff3cce0d08346e1b68c1a3b,23562,32121,1315127,657563,0.036145,30639.05,30159.87,
776,1,0x627306090abaB3A6e1400e9345bC60c78a8BEf57,0xa82b95dd3dfe3baded67b7bb1ecd45fbde54116bee30fbd493c34c9ef2590224,23563,32121,1316161,658080,0.036174,29637.20,29158.85,
776,3,0x17D90CC0C9cB61f27A5198c8a96f9eA19341b218,0xa4f54086afb85b70b0937556335cc425a8111b8ffb43d4e6b707f41617bfae08,23563,32121,1316161,658080,0.036174,30606.86,30150.96,
776,4,0x47242114086D2715A648d0391793730d2aB1CCa2,0x8322fc4e2e8f2497d3ec8a1bbb09d55979e692a84622def7dc825306b7860c95,23563,32121,1316161,658080,0.036174,30634.41,30158.64,
776,2,0xf17f52151EbEF6C7334FAD080c5704D77216b732,0x15a96714dfaec12d5361574434b353a4506adaef3994600b298dfcc9c5307fb9,23563,32121,1316161,658080,0.036174,30626.39,30157.05,
777,1,0x627306090abaB3A6e1400e9345bC60c78a8BEf57,0x53562183d75b589ccbae120d2c7453c6a4e544ec8f8da9e610e2fe16cecf00c2,23564,32121,1318975,659487,0.036251,29636.41,29159.98,
777,3,0x17D90CC0C9cB61f27A5198c8a96f9eA19341b218,0x406bb7a4c0cfbf22a7a8069d233b4a80fb8c46b32e36f5a134ff508d4e6d12f6,23564,32121,1318975,659487,0.036251,29605.63,29151.52,
777,4,0x47242114086D2715A648d0391793730d2aB1CCa2,0x8fb089f7a453ff8d0f33eb5ab1b8507dc30f13675e2687bf2565c8bf8d7e0a78,23564,32121,1318975,659487,0.036251,29632.58,29158.81,
777,2,0xf17f52151EbEF6C7334FAD080c5704D77216b732,0xd3479e97c0d8b934a47e44552fda5975e0b8d7d2162c29a86aad4354d68cb029,23564,32121,1318975,659487,0.036251,29628.32,29156.01,
778,2,0xf17f52151EbEF6C7334FAD080c5704D77216b732,0xc9798f05f69da252ac51b6699b2363315f49d47b20a63d1a1dc150939d03ba70,23565,32121,1318975,659487,0.036251,29628.23,29158.22,
778,1,0x627306090abaB3A6e1400e9345bC60c78a8BEf57,0xdad36d487cdaf0fc3a35b8756b0cf560880b184b5f3e4033339f38e4e670055f,23565,32121,1318975,659487,0.036251,30638.41,30158.29,
778,3,0x17D90CC0C9cB61f27A5198c8a96f9eA19341b218,0x8ffbd12c98858977a9611592465caf69df4a8f0eb6b8601a37669dc8167e8e37,23565,32121,1318975,659487,0.036251,30605.87,30148.86,
778,4,0x47242114086D2715A648d0391793730d2aB1CCa2,0xb30fea1b052131aad52e98f6ba05a78ef338f7a4cd257ca57c57e9d33dc293f6,23565,32121,1318975,659487,0.036251,30628.57,30155.63,
779,1,0x627306090abaB3A6e1400e9345bC60c78a8BEf57,0xb744ccfebc4d2afc296541b483933d8ff6938b144681841dbb53e3eedf3b7e68,23566,32121,1324521,662260,0.036404,29632.97,29157.96,
779,3,0x17D90CC0C9cB61f27A5198c8a96f9eA19341b218,0xf4f1fbe144e831253b07f30d2d4342fc3c4268022366614bbca905ca5c7ae7a7,23566,32121,1324521,662260,0.036404,29603.96,29151.73,
779,4,0x47242114086D2715A648d0391793730d2aB1CCa2,0x9901b67657417e45b981492febab53444d770adc9e58cb8b7c1b43fd8a59b132,23566,32121,1324521,662260,0.036404,29622.94,29156.24,
779,2,0xf17f52151EbEF6C7334FAD080c5704D77216b732,0xa8e6c9b34a21dfc7e89d3cab1edbb4f73b31fe1755186f1d66ddda04e5840af9,23566,32121,1324521,662260,0.036404,30626.95,30156.88,
780,3,0x17D90CC0C9cB61f27A5198c8a96f9eA19341b218,0x084b85cf7a34aa178a78c7dfd393ccb5b41e4b97674701673e6bef70fa4a8bb0,23567,32121,1324521,662260,0.036404,29609.03,29148.97,
780,4,0x47242114086D2715A648d0391793730d2aB1CCa2,0x8106988ca4246a695df003f77fe21f68da1af6eb6c2ea785db3ceba99c6137cb,23567,32121,1324521,662260,0.036404,29624.78,29155.82,
780,2,0xf17f52151EbEF6C7334FAD080c5704D77216b732,0x12d3d5e1420299ec7d75b67bbf2668b5f8bcddb6c74246c57f0a9abc5a56a426,23567,32121,1324521,662260,0.036404,29625.73,29154.71,
780,1,0x627306090abaB3A6e1400e9345bC60c78a8BEf57,0x42484e15c335ca461d67c6552f4564a9b7f9461dcc3b18171d0e0597125ff248,23567,32121,1324521,662260,0.036404,30633.76,30158.10,
781,2,0xf17f52151EbEF6C7334FAD080c5704D77216b732,0x312cc1e50f539e43f84b3e2dc27b4f4b552f1a7512170159f01adf6319cb37af,23568,32121,1324521,662260,0.036404,29619.90,29156.70,
781,1,0x627306090abaB3A6e1400e9345bC60c78a8BEf57,0x5e776f9cdb2881bbe88b58bd69009bab4cf28fd5459201e48d004d16be5ff208,23568,32121,1324521,662260,0.036404,29631.74,29158.73,
781,3,0x17D90CC0C9cB61f27A5198c8a96f9eA19341b218,0xac3e78a89e3c0e4c329fd947ba567c12a6bb652fe021f76b18b21875053a291e,23568,32121,1324521,662260,0.036404,30600.00,30151.22,
781,4,0x47242114086D2715A648d0391793730d2aB1CCa2,0xf4699c8301a805c669f6ae6eb4a0d98dc2859b877ed1b4abc032665768a8a8fa,23568,32121,1324521,662260,0.036404,30625.36,30156.30,
782,1,0x627306090abaB3A6e1400e9345bC60c78a8BEf57,0x0966783f0fa5a54d545e12f413a80018acdc14254ee6dac49f31213ef8e80d5a,23569,32121,1342068,671034,0.036886,29628.32,29156.53,
782,3,0x17D90CC0C9cB61f27A5198c8a96f9eA19341b218,0x6528a18c38497a532858d8bcf344f40f4224138c19ad2ee4672bb86879776236,23569,32121,1342068,671034,0.036886,29596.70,29149.00,
782,4,0x47242114086D2715A648d0391793730d2aB1CCa2,0xcc652147ac20eb6f8cd12e81133b66b82293eb9c13684857b6eaf19368b61ecb,23569,32121,1342068,671034,0.036886,29625.50,29155.51,
782,2,0xf17f52151EbEF6C7334FAD080c5704D77216b732,0x25d83f39de6a0f0788bf2c259d2bcb25a8ddd3deb82cdc8657bf9f944db0a442,23569,32121,1342068,671034,0.036886,30614.77,30153.31,
783,4,0x47242114086D2715A648d0391793730d2aB1CCa2,0x4ecddfc5b476957e922c9a4f4b2f73482f4b42cb3c10c08001eee691929e3857,23570,32121,1342068,671034,0.036886,29621.03,29155.04,
783,2,0xf17f52151EbEF6C7334FAD080c5704D77216b732,0x6d8116b50dd58075b90187c149ff1b5b74b2ef849c12de5967bf8c38a2beda05,23570,32121,1342068,671034,0.036886,29623.41,29160.75,
783,1,0x627306090abaB3A6e1400e9345bC60c78a8BEf57,0x64ae6cd8d0c7a608c441c63175c43b1d940077d07f7ead1d4ea8b932c6df7339,23570,32121,1342068,671034,0.036886,30627.96,30157.32,
783,3,0x17D90CC0C9cB61f27A5198c8a96f9eA19341b218,0x40352ae39cee24d043cfa212cf2c220e7190750804ac4f19129a1d47adc60769,23570,32121,1342068,671034,0.036886,30596.46,30149.47,
784,3,0x17D90CC0C9cB61f27A5198c8a96f9eA19341b218,0xc42682859a4f579a23ed9eec29ed7e8dc680bbb30b273932374b972a0e91071f,23571,32121,1342068,671034,0.036886,29597.13,29151.25,
784,1,0x627306090abaB3A6e1400e9345bC60c78a8BEf57,0x6f56b5d188eb611c8383c2a1ae89e8d74948cdec668c235f9fd1555bc53b6607,23571,32121,1342068,671034,0.036886,29627.36,29156.72,
784,4,0x47242114086D2715A648d0391793730d2aB1CCa2,0x1b79f65317d3382df4cd9a5dd8a12fa549bd7cee04853b33f9d0e8ad38ae12f7,23571,32121,1342068,671034,0.036886,30631.55,30156.11,
784,2,0xf17f52151EbEF6C7334FAD080c5704D77216b732,0x201c54afb1d687e112bdb62213b561a03c5d0c0d70dbdf73152a8eca447df5ee,23571,32121,1342068,671034,0.036886,30624.97,30155.23,
785,3,0x17D90CC0C9cB61f27A5198c8a96f9eA19341b218,0x7fc496ee6d262ab550c0c0489d095905e6c7792eb337c2c0b94ddb755511a158,23572,32121,1342068,671034,0.036886,29597.62,29151.05,
785,1,0x627306090abaB3A6e1400e9345bC60c78a8BEf57,0xb0f5df21f8726969f1f419b51ce54e3644d6564ad681bd8335680a220f907fbe,23572,32121,1342068,671034,0.036886,29625.92,29156.45,
785,4,0x47242114086D2715A648d0391793730d2aB1CCa2,0x2aec8b2e76820a16320b242a94d2d24e9937f16d4d26fc216645d6eeacc9ca4f,23572,32121,1342068,671034,0.036886,29625.04,29156.22,
785,2,0xf17f52151EbEF6C7334FAD080c5704D77216b732,0x7772438925785e0ab31a4881be655a6aec39082ba8671407daf16fb5c879e196,23572,32121,1342068,671034,0.036886,29615.73,29153.86,
786,2,0xf17f52151EbEF6C7334FAD080c5704D77216b732,0x4acd46e2b2672670422e147204dd36e35c45fe050274ff5c535f32c515a70316,23573,32121,1342068,671034,0.036886,29623.13,29160.98,
786,3,0x17D90CC0C9cB61f27A5198c8a96f9eA19341b218,0x815bcd7f26b0a648e6bf874fde468ed0ae38adf4a3e629ef2cc13f4e29c0c79a,23573,32121,1342068,671034,0.036886,30597.03,30150.99,
786,1,0x627306090abaB3A6e1400e9345bC60c78a8BEf57,0xf09231f5da378bdd2f330ee3564911cd3299b269ec061144024c83579fcd81e6,23573,32121,1342068,671034,0.036886,30626.34,30157.45,
786,4,0x47242114086D2715A648d0391793730d2aB1CCa2,0x6c068bced479381180f1f30671ed08fb9b6b97aad797531ae463bbcbf42d2b86,23573,32121,1342068,671034,0.036886,30628.73,30158.93,
787,3,0x17D90CC0C9cB61f27A5198c8a96f9eA19341b218,0x94ee792574a6b2055ef6a1f11e2b648d71fb508b9e8cf6d33f4a93ed959dbc39,23574,32121,1342068,671034,0.036886,29599.55,29150.44,
787,1,0x627306090abaB3A6e1400e9345bC60c78a8BEf57,0x46bc0045e66ccc934b8d330d73d231d952e357b073adbf671621c430663115c1,23574,32121,1342068,671034,0.036886,29629.96,29157.49,
787,4,0x47242114086D2715A648d0391793730d2aB1CCa2,0x9a18ddb30840827a4bb070cdadedfca8ca6ef12ed4fad3887ce80330b3851968,23574,32121,1342068,671034,0.036886,29624.98,29155.89,
787,2,0xf17f52151EbEF6C7334FAD080c5704D77216b732,0xe217c2b714cd38ff639ab8b7a5a271cac2832333950d28debe9d4269d30978a9,23574,32121,1342068,671034,0.036886,30617.33,30154.32,
788,4,0x47242114086D2715A648d0391793730d2aB1CCa2,0x1ab1cc46f10305311a0034a72de610e113754d056e3467d255ce120124bf3fa4,23575,32121,1342068,671034,0.036886,29634.44,29160.34,
788,2,0xf17f52151EbEF6C7334FAD080c5704D77216b732,0xbe5ea5698d02694679bf05cc3a9bb1c00a6ab686d2ea070d5e311dadf92f0e29,23575,32121,1342068,671034,0.036886,29618.79,29154.51,
788,3,0x17D90CC0C9cB61f27A5198c8a96f9eA19341b218,0xb23c2cf14961c6cae2c7537686187c2d96bbaeac6a32d7dd9e0df024fa811b68,23575,32121,1342068,671034,0.036886,30598.96,30149.06,
788,1,0x627306090abaB3A6e1400e9345bC60c78a8BEf57,0x4bc8a6b26001b6c04efa374a676c050d57eba7660b31dad0cee9a4912e2fe5b4,23575,32121,1342068,671034,0.036886,30637.14,30163.12,
789,2,0xf17f52151EbEF6C7334FAD080c5704D77216b732,0x05977e44618486b8611c5510a5db3b60ad4934fce013e9c1e9ffe1d2f4bd803d,23576,32121,1342068,671034,0.036886,29614.55,29152.91,
789,3,0x17D90CC0C9cB61f27A5198c8a96f9eA19341b218,0x2c5e4fd05c5f387751282a9c07b1c32d1c3784a4dbad4f4650125f53bcf0ba9c,23576,32121,1342068,671034,0.036886,29602.58,29155.79,
789,1,0x627306090abaB3A6e1400e9345bC60c78a8BEf57,0xaa94b874dc20e1a66a700903efbfe520fb86ed8835267912967d03d9ee61df6f,23576,32121,1342068,671034,0.036886,29638.57,29159.52,
789,4,0x47242114086D2715A648d0391793730d2aB1CCa2,0x56768d33e9a102259fca142283d0ddd1333ada26fad7c363ceac446d5729cce0,23576,32121,1342068,671034,0.036886,30640.01,30157.60,
790,3,0x17D90CC0C9cB61f27A5198c8a96f9eA19341b218,0x1f5794b6dcc0581de1b11c44c806b46a1570dbc746e3e5287e8968b5a4e98e31,23577,32121,1342068,671034,0.036886,29606.17,29152.91,
790,1,0x627306090abaB3A6e1400e9345bC60c78a8BEf57,0x27558615ef7f496f9cf85f0bc78db3bef860d47f337c5d9ff088e73f82380dbc,23577,32121,1342068,671034,0.036886,29637.94,29159.96,
790,4,0x47242114086D2715A648d0391793730d2aB1CCa2,0x27762e27b9c9ab5600057f6c1456138bd113fa4c4b54331d15c664b13b9582cd,23577,32121,1342068,671034,0.036886,29634.91,29158.79,
790,2,0xf17f52151EbEF6C7334FAD080c5704D77216b732,0x2f50acd38239eccfd36aad10c66f9bd4aad770e6e6a563569c0cbd06c5cae723,23577,32121,1342068,671034,0.036886,30619.79,30157.33,
791,4,0x47242114086D2715A648d0391793730d2aB1CCa2,0x4f585cc8909c447e743e07542b9c4c6aadae831d0d45ee02e0ddb8e68c47b5bf,23578,32121,1342068,671034,0.036886,29641.51,29159.74,
791,2,0xf17f52151EbEF6C7334FAD080c5704D77216b732,0x002a7c85aa6e94f823b7eeb00612569f1a1653f55bb246afe5a087e031ca1064,23578,32121,1342068,671034,0.036886,29633.55,29158.72,
791,3,0x17D90CC0C9cB61f27A5198c8a96f9eA19341b218,0x81d2ab837cdead0ecb5e9eaab6e7a3bedd1a624453676858ad708637d946d858,23578,32121,1342068,671034,0.036886,30612.14,30154.10,
791,1,0x627306090abaB3A6e1400e9345bC60c78a8BEf57,0x8865388686b88f4d08c536ac7c5fd1f88f346e0ac8bfc5b13640d985063d92cf,23578,32121,1342068,671034,0.036886,30642.40,30161.15,
792,3,0x17D90CC0C9cB61f27A5198c8a96f9eA19341b218,0xbdbdad51f3764759af92ceac52c90326e6190e2ebb7f7be46b30ff7b7ac580e1,23579,32121,1342068,671034,0.036886,29610.17,29152.34,
792,1,0x627306090abaB3A6e1400e9345bC60c78a8BEf57,0xf46f905cf91a2bdee08fa4b37ccd34b4172e38bf6c9adfcea22804d862d08a2b,23579,32121,1342068,671034,0.036886,29638.79,29160.25,
792,4,0x47242114086D2715A648d0391793730d2aB1CCa2,0x6920a7e10a64cd4d2b4d8fe7d7a752e420429010986a19daa6b1f3201af55014,23579,32121,1342068,671034,0.036886,30638.83,30158.87,
792,2,0xf17f52151EbEF6C7334FAD080c5704D77216b732,0x4182f4ce717853daee6c2e525d490b632235754f95818d965cc525a24e38a356,23579,32121,1342068,671034,0.036886,30632.19,30156.72,
793,1,0x627306090abaB3A6e1400e9345bC60c78a8BEf57,0x1222e935a956c66fc7bde9a36258f3f34bd4816bed60a53d520c7d4be0ad4cbb,23580,32121,1359322,679661,0.037360,29641.78,29163.39,
793,4,0x47242114086D2715A648d0391793730d2aB1CCa2,0x84d5deffd38fb6dc260210ba26c5ebbcec61a33b2657ceab1f624a6341cb3468,23580,32121,1359322,679661,0.037360,29640.05,29161.89,
793,2,0xf17f52151EbEF6C7334FAD080c5704D77216b732,0xabf811008fcca4d34cf1f0b23a02286b4144676d46f18947d5b4756510455801,23580,32121,1359322,679661,0.037360,29635.23,29157.98,
793,3,0x17D90CC0C9cB61f27A5198c8a96f9eA19341b218,0x705d9a2df911f56598437358160ee7477f9403846abddf6e463b6cc8fff13d60,23580,32121,1359322,679661,0.037360,30610.18,30150.95,
794,4,0x47242114086D2715A648d0391793730d2aB1CCa2,0x6b29ecc537a69a872efda7a4fa72abe0716f556fb56c413815738fea8c01b64a,23581,32121,1359322,679661,0.037360,29656.59,29177.40,
794,2,0xf17f52151EbEF6C7334FAD080c5704D77216b732,0x35e14cb8bbdb200b89b2ca1c4dd5c7b0d108a9746da23657d38acb6c5e73c8b0,23581,32121,1359322,679661,0.037360,29641.98,29171.93,
794,3,0x17D90CC0C9cB61f27A5198c8a96f9eA19341b218,0xa31e818a67969226523058634328c617db40758f441ea7965479a2dbf47a3f40,23581,32121,1359322,679661,0.037360,29615.94,29156.97,
794,1,0x627306090abaB3A6e1400e9345bC60c78a8BEf57,0x777d2bc608ec0f35446fa6de6662313a538037282beb6008acb5438cb4d1eec5,23581,32121,1359322,679661,0.037360,30659.55,30161.28,
795,3,0x17D90CC0C9cB61f27A5198c8a96f9eA19341b218,0xa92186619b3d67572df302cb9475f2250535eb1d855b8e2d0f7a76a5de57753f,23582,32121,1359322,679661,0.037360,29640.89,29183.54,
795,1,0x627306090abaB3A6e1400e9345bC60c78a8BEf57,0xdbccc0b909a361ced21f4fac485366d87cd2181627906c66075984da8f80fd60,23582,32121,1359322,679661,0.037360,29649.37,29165.42,
795,4,0x47242114086D2715A648d0391793730d2aB1CCa2,0xc69ddaa56423736d4003056dec4a816406dee4496804870218bd11885b3d0dca,23582,32121,1359322,679661,0.037360,30663.36,30159.92,
795,2,0xf17f52151EbEF6C7334FAD080c5704D77216b732,0x25369c25d49a628ee29eda1763b78ffb0c29102d52fb70ddf48e94596e717fef,23582,32121,1359322,679661,0.037360,30645.44,30160.91,
796,1,0x627306090abaB3A6e1400e9345bC60c78a8BEf57,0xed56db937c10f891b3c6aef17c153d0ebbd12375ff465f55a3a0ab75e6a4e471,23583,32121,1359322,679661,0.037360,29676.89,29159.82,
796,4,0x47242114086D2715A648d0391793730d2aB1CCa2,0xc3d1f9ad517967b18f368b00ad0519873b0eab9c05a08d5c3eb9915c883b1059,23583,32121,1359322,679661,0.037360,29641.42,29160.10,
796,2,0xf17f52151EbEF6C7334FAD080c5704D77216b732,0xa336b67df7b680b0e7714af5343f2658540f5cb9de9d762f7bf278f00799764b,23583,32121,1359322,679661,0.037360,29635.47,29159.21,
796,3,0x17D90CC0C9cB61f27A5198c8a96f9eA19341b218,0xf62ff1db6d1ecb998cda48f206072893d38a49b69853205786d395b939c3469f,23583,32121,1359322,679661,0.037360,30618.85,30152.55,
797,2,0xf17f52151EbEF6C7334FAD080c5704D77216b732,0x797f6958a03f5425b96edb28f4a0e7c4737ea777feed6b038e273b170dd049fb,23584,32121,1359322,679661,0.037360,29630.11,29158.71,
797,3,0x17D90CC0C9cB61f27A5198c8a96f9eA19341b218,0x4f48a6f1c979af153896fb2c496e5e650594fa694e85265c41e59c67397468dd,23584,32121,1359322,679661,0.037360,29611.35,29154.07,
797,1,0x627306090abaB3A6e1400e9345bC60c78a8BEf57,0xa90e844dbd96777332f329fe5bb7848a80a26445fed8a042b40c8e7bb07a75e5,23584,32121,1359322,679661,0.037360,30643.48,30160.84,
797,4,0x47242114086D2715A648d0391793730d2aB1CCa2,0x859313bfda792eae474153a040a8a89f3a2b54672a5829f9e4ff2be4e53b2637,23584,32121,1359322,679661,0.037360,30639.00,30157.39,
798,1,0x627306090abaB3A6e1400e9345bC60c78a8BEf57,0x784dd0e1ae96326bf2b74b3b46e78b14c8468bcdbccb0f4a8a242a4d35cbcfeb,23585,32121,1359322,679661,0.037360,29640.46,29159.51,
798,4,0x47242114086D2715A648d0391793730d2aB1CCa2,0x6228a4ce6adb5ef19a5f4cb12e0b9b735137ff680387e975ab375b1bbb7be2fc,23585,32121,1359322,679661,0.037360,29640.27,29159.86,
798,2,0xf17f52151EbEF6C7334FAD080c5704D77216b732,0x8463ea2ba78d171e027f500b850443fc1aab38556190f139734e28a80e4595f0,23585,32121,1359322,679661,0.037360,30630.38,30156.47,
798,3,0x17D90CC0C9cB61f27A5198c8a96f9eA19341b218,0x8c1b576f50325e2c4d989a0b6117b17aee9fc800860f95d35035ac8b0b8a6194,23585,32121,1359322,679661,0.037360,30609.59,30153.64,
799,1,0x627306090abaB3A6e1400e9345bC60c78a8BEf57,0x4535f8834f381a3d76105a1a1ea09706b56c74d90a1303bb918c53934881a06a,23586,32121,1359322,679661,0.037360,29640.31,29160.95,
799,4,0x47242114086D2715A648d0391793730d2aB1CCa2,0x5ae6a76d8704283c156557cd01bde3b4091acdfc6951dd3b4cb3462c8482edd8,23586,32121,1359322,679661,0.037360,29635.51,29159.07,
799,2,0xf17f52151EbEF6C7334FAD080c5704D77216b732,0x12dfe1f1038cb70ad72c747df069c41396482edc2dddb7647c353b08692f10df,23586,32121,1359322,679661,0.037360,29624.89,29156.70,
799,3,0x17D90CC0C9cB61f27A5198c8a96f9eA19341b218,0xbbeee0346ac53e0aa41180aad87595c4ec8a8bccea1b1c76f1010ef6e3b9e9a7,23586,32121,1359322,679661,0.037360,29609.38,29150.22,
800,2,0xf17f52151EbEF6C7334FAD080c5704D77216b732,0xccc1f75401971c70f853b87489e8646931f666d4b0baad4a90b2836257eb4492,23587,32121,1359322,679661,0.037360,29629.99,29157.78,
800,3,0x17D90CC0C9cB61f27A5198c8a96f9eA19341b218,0xf079f291630b49da52bc75bb33a79c5d8e42c6b89ff2f6fdc438021afee2df1f,23587,32121,1359322,679661,0.037360,29617.93,29151.62,
800,1,0x627306090abaB3A6e1400e9345bC60c78a8BEf57,0x23ad3b775458c78c64d1d69900db7995f7a92e5f662e0370fc52668e2af9aa24,23587,32121,1359322,679661,0.037360,30639.67,30157.84,
800,4,0x47242114086D2715A648d0391793730d2aB1CCa2,0x5520e1276da605bf91a7798e06ab8d7a4031c5b5ff8946da7a433dbf0bd8cc03,23587,32121,1359322,679661,0.037360,30636.26,30156.70,
801,1,0x627306090abaB3A6e1400e9345bC60c78a8BEf57,0x328f30f57790cfa5e55717837598c3b246dba1d840bdf9acaa64a7bbcf721959,23588,32121,1360978,680489,0.037406,29630.71,29158.30,
801,4,0x47242114086D2715A648d0391793730d2aB1CCa2,0xc29cac6211dc308e85cfde96490783ff5ec3700db3be907dc19b0b6401061e20,23588,32121,1360978,680489,0.037406,29642.00,29161.10,
801,2,0xf17f52151EbEF6C7334FAD080c5704D77216b732,0xe6eafdbfd8ee269eef468a497091c81b8cd510733b7ffdb0a81cdc05570d7882,23588,32121,1360978,680489,0.037406,30631.97,30155.90,
801,3,0x17D90CC0C9cB61f27A5198c8a96f9eA19341b218,0xedfac97e0b2fc5a4b9296c091b7b38e0cae686563825b76b9f6ae80aa37f52ac,23588,32121,1360978,680489,0.037406,30606.07,30149.55,
802,4,0x47242114086D2715A648d0391793730d2aB1CCa2,0xe34fde634955faf1f127e99055a0930aea15ac219c4a1f542c0506e56d640226,23589,32121,1360978,680489,0.037406,29634.22,29156.72,
802,2,0xf17f52151EbEF6C7334FAD080c5704D77216b732,0x09abd5058233646d7eeef5872e57a02508e4b8d8f10e378a2919f04e986eb286,23589,32121,1360978,680489,0.037406,29626.62,29155.40,
802,3,0x17D90CC0C9cB61f27A5198c8a96f9eA19341b218,0x8992d46620f597dfb71be56ce021c2a3fab95446e6553ac807f467b599955cfc,23589,32121,1360978,680489,0.037406,29598.93,29150.78,
802,1,0x627306090abaB3A6e1400e9345bC60c78a8BEf57,0xa9b71739a988caf08f03ca91a2d1472545a96ba6fb9fe27445360b01a00f3f07,23589,32121,1360978,680489,0.037406,30629.58,30155.50,
803,3,0x17D90CC0C9cB61f27A5198c8a96f9eA19341b218,0xc57e565466b3c6d4c2272e07f8e7c766c4e3209e87797bca4fcd3791487228a3,23590,32121,1360978,680489,0.037406,29607.17,29156.03,
803,1,0x627306090abaB3A6e1400e9345bC60c78a8BEf57,0x398561d88b714ab377bcc35b24ee3bf90975645e310e5d6de0d8ee90ce9db78e,23590,32121,1360978,680489,0.037406,29634.72,29158.01,
803,4,0x47242114086D2715A648d0391793730d2aB1CCa2,0xb1c12665b034a332f9b31cdffe7cb6b49532191a38230a1cd741518261b9dcd3,23590,32121,1360978,680489,0.037406,30630.57,30155.33,
803,2,0xf17f52151EbEF6C7334FAD080c5704D77216b732,0x3d73b3e874ccea79e6ba6beb4ccbdf69988e829f5e090abbb7741505913717f9,23590,32121,1360978,680489,0.037406,30621.63,30154.06,
804,1,0x627306090abaB3A6e1400e9345bC60c78a8BEf57,0xcd18d3b1aa87c8f97324c57627f6a7982ff84b5df2c54b8bb63bacb7eead2729,23591,32121,1364289,682144,0.037497,29627.73,29156.67,
804,4,0x47242114086D2715A648d0391793730d2aB1CCa2,0x9832f24c9ce2fd1b2c2cb33a1520b761354f0468e7ce50bd8848123df2127d93,23591,32121,1364289,682144,0.037497,29620.18,29150.33,
804,2,0xf17f52151EbEF6C7334FAD080c5704D77216b732,0x4b5d458a6e12accf9bea7871ca58c17d6e0ed76e6267a2b647af11bd56cc735a,23591,32121,1364289,682144,0.037497,29624.87,29161.26,
804,3,0x17D90CC0C9cB61f27A5198c8a96f9eA19341b218,0xfc1eb8c919821727cf6e199d2bc348cfbdd01f71c6d1b956c72567eb2468c70b,23591,32121,1364289,682144,0.037497,30606.27,30152.22,
805,4,0x47242114086D2715A648d0391793730d2aB1CCa2,0xeb2729ffc2b6c7848497c8ad3e6aaf725b8b5417011b9fba8ca821e67bf5d434,23592,32121,1379063,689531,0.037903,29607.05,29149.66,
805,2,0xf17f52151EbEF6C7334FAD080c5704D77216b732,0xdb2b368f580e4ae51603559c717b8d5317e88db293337d0b1b94c89ace12e3c1,23592,32121,1379063,689531,0.037903,29630.12,29157.36,
805,3,0x17D90CC0C9cB61f27A5198c8a96f9eA19341b218,0xf6812214e202fc1f90fceebeb5b27496ccaadc42c7df20a7602bbd9b4baa289c,23592,32121,1379063,689531,0.037903,29614.79,29152.54,
805,1,0x627306090abaB3A6e1400e9345bC60c78a8BEf57,0x53408c45403a8b3853e71b92c5b579086a8769347333290306f288db1d09804c,23592,32121,1379063,689531,0.037903,30625.36,30156.66,
806,1,0x627306090abaB3A6e1400e9345bC60c78a8BEf57,0x9dd45dc9aff900f5f1d54ef1e16a457c0e8342986d26881995739f3eb2bcfec1,23593,32121,1379063,689531,0.037903,29628.23,29158.37,
806,4,0x47242114086D2715A648d0391793730d2aB1CCa2,0xe2a78c9e88826808bef9924ab04240055fa07f6546fcbb7ee56d1eb501881d81,23593,32121,1379063,689531,0.037903,30602.93,30149.16,
806,2,0xf17f52151EbEF6C7334FAD080c5704D77216b732,0xa0b400c3625c6466d6ecd44870b24f89343aa40d15741d8076bb45976cdeb005,23593,32121,1379063,689531,0.037903,30629.26,30157.20,
806,3,0x17D90CC0C9cB61f27A5198c8a96f9eA19341b218,0x692c8037f1d162a651228a1912cdee60654817c4dd0759b72682814abb92518a,23593,32121,1379063,689531,0.037903,30609.32,30151.73,
807,1,0x627306090abaB3A6e1400e9345bC60c78a8BEf57,0xa0bd03588364f99cbcf1cc77b4696a5e3298ede4f8e056754ff969ee853c251a,23594,32121,1379063,689531,0.037903,29624.77,29155.64,
807,4,0x47242114086D2715A648d0391793730d2aB1CCa2,0xdfe92b3836893208ac103ff64b3f14e55c2c63b383b2daae1f76ee4efd827c88,23594,32121,1379063,689531,0.037903,29601.22,29150.50,
807,2,0xf17f52151EbEF6C7334FAD080c5704D77216b732,0xae637db671bdafb527d20e37ced662c0d9d7e125d136e4a79182c323939a80df,23594,32121,1379063,689531,0.037903,29632.90,29159.39,
807,3,0x17D90CC0C9cB61f27A5198c8a96f9eA19341b218,0x1f5dd3e0000399518fef6daf19bb4f44c746f4aab505ac205ee7462f5f6f118f,23594,32121,1379063,689531,0.037903,29605.63,29152.34,
808,3,0x17D90CC0C9cB61f27A5198c8a96f9eA19341b218,0xdfdeccff2afad9db11f351b8784fa9569c71ec3330f2b73b226612c3cc56d07b,23595,32121,1379063,689531,0.037903,29612.97,29152.90,
808,2,0xf17f52151EbEF6C7334FAD080c5704D77216b732,0xee3701eba5544ed6ca08566c8878df1c05d20ac08ebddf9458e325b9b4c2dcb3,23595,32121,1379063,689531,0.037903,29633.61,29156.60,
808,1,0x627306090abaB3A6e1400e9345bC60c78a8BEf57,0x6b54d49be12619392831160051f4c21aa95bab51feee66b6d3c310499f8fa6db,23595,32121,1379063,689531,0.037903,30634.18,30158.09,
808,4,0x47242114086D2715A648d0391793730d2aB1CCa2,0xbc2c20b348a7b8bca2a357bfb835bb02996622aa8dee49286699090f5f86fae6,23595,32121,1379063,689531,0.037903,30602.78,30152.06,
809,1,0x627306090abaB3A6e1400e9345bC60c78a8BEf57,0x877d163a80b48bfe5a5bfa3276372bcaf53a7100d1c7532ce811070b898792a1,23596,32121,1379063,689531,0.037903,29625.90,29156.79,
809,4,0x47242114086D2715A648d0391793730d2aB1CCa2,0xe4c29bafd5060fc56c4f415f2d93006c92c0c07f529e3d36ad9eca47f2c26e5d,23596,32121,1379063,689531,0.037903,29607.36,29149.04,
809,3,0x17D90CC0C9cB61f27A5198c8a96f9eA19341b218,0x604468ed80f5d751a181ca6d9a46ec03f3b125897052dbc496f8e33af0d6a219,23596,32121,1379063,689531,0.037903,30605.88,30152.36,
809,2,0xf17f52151EbEF6C7334FAD080c5704D77216b732,0x7217162eba969986e19e6f0249af9d390699ed0c8c3230d9dcd3d47c7e554aa7,23596,32121,1379063,689531,0.037903,30630.00,30159.08,
810,1,0x627306090abaB3A6e1400e9345bC60c78a8BEf57,0xe0363d8156c3acc72df51b5e1be7ee6aab3e38109430ee920ffc9f4a9f5b1fd9,23597,32121,1379063,689531,0.037903,29626.77,29155.22,
810,4,0x47242114086D2715A648d0391793730d2aB1CCa2,0x8fa147052be6233b552d979c75c2cbd274f3c42bb9c6640fb6d0d4a48d4ed6be,23597,32121,1379063,689531,0.037903,29607.23,29151.73,
810,3,0x17D90CC0C9cB61f27A5198c8a96f9eA19341b218,0xc288fea25e23f056dbcab8a46028fe9f40971c34be72f2aa103d108a29198323,23597,32121,1379063,689531,0.037903,29605.97,29149.38,
810,2,0xf17f52151EbEF6C7334FAD080c5704D77216b732,0x693529de3a3452c6619f6c1e7aba6aa567c60af92d503571d98f90495b21aede,23597,32121,1379063,689531,0.037903,29640.19,29158.90,
811,1,0x627306090abaB3A6e1400e9345bC60c78a8BEf57,0xa61260c12182ca41693c62c1fc490d8b2baf07cdb80c82da6cea7f0895b3c19d,23598,32121,1379063,689531,0.037903,30624.25,30157.60,
811,4,0x47242114086D2715A648d0391793730d2aB1CCa2,0x36b184c32fd6c1821f0d5d1d8653c9e7e6188c9457b8b7cf47c576b1bf8dced4,23598,32121,1379063,689531,0.037903,30601.84,30151.39,
811,3,0x17D90CC0C9cB61f27A5198c8a96f9eA19341b218,0xdea71a1d4a5e2755ee6a0d31647628fa0f809e2288261afc2aeff1519c57b8a9,23598,32121,1379063,689531,0.037903,30600.75,30151.29,
811,2,0xf17f52151EbEF6C7334FAD080c5704D77216b732,0x82ee9cb5b747ae1921e635d4695875bad15e5ed17cd241d2fd6a84686d40a7a2,23598,32121,1379063,689531,0.037903,30633.05,30158.22,
812,4,0x47242114086D2715A648d0391793730d2aB1CCa2,0x73f933fd3ba9d7b9f8a37c19f4c0608c4f5971cb38f6d6a6e0a4fe06c5e75261,23599,32121,1379063,689531,0.037903,29600.83,29150.58,
812,1,0x627306090abaB3A6e1400e9345bC60c78a8BEf57,0xb97495e9ebd83596fd0b8197af203a4468b7dc29a090eabc785386206e1a38a3,23599,32121,1379063,689531,0.037903,29627.63,29155.47,
812,3,0x17D90CC0C9cB61f27A5198c8a96f9eA19341b218,0xa17e6a886ced9d4a16dde2b7ac2ebd622b815cdab524c60d709fe69668bcd7d7,23599,32121,1379063,689531,0.037903,29612.18,29154.47,
812,2,0xf17f52151EbEF6C7334FAD080c5704D77216b732,0x0cc1ba744e8cbefddc69a1f8d28a11157bde7a5608592c6cfe72b5c1314b5854,23599,32121,1379063,689531,0.037903,29643.58,29158.78,
813,3,0x17D90CC0C9cB61f27A5198c8a96f9eA19341b218,0xa45ce7cca7269d2ccaa1a07be6e048434645d064b786352d79da53606aaca58d,23600,32121,1384401,692200,0.038049,29610.14,29149.49,
813,2,0xf17f52151EbEF6C7334FAD080c5704D77216b732,0xa4422fa13a2d519c68f96ec03919599d1ea974394e864287d79f632d1fcf7d84,23600,32121,1384401,692200,0.038049,29630.25,29157.56,
813,4,0x47242114086D2715A648d0391793730d2aB1CCa2,0x9cc7a7c0dce178f20f055fedf0e07b17311f301d1df98caed7cf56c963861102,23600,32121,1384401,692200,0.038049,30602.11,30149.02,
813,1,0x627306090abaB3A6e1400e9345bC60c78a8BEf57,0xec6c1742e15fe412e18d24ac556b97e9e0881209f1f4a237f18d8d3f1af1ab2c,23600,32121,1384401,692200,0.038049,30631.85,30156.65,
814,4,0x47242114086D2715A648d0391793730d2aB1CCa2,0x3f86afeae19e1adc15825d32b73a5ff1971573fbd6d646972323012309a0bc7e,23601,32121,1384401,692200,0.038049,29601.97,29150.13,
814,1,0x627306090abaB3A6e1400e9345bC60c78a8BEf57,0x8453d7ae31d13a897a0523b451c7eb46669b6c39f8c3f3c6b3094c315e23d491,23601,32121,1384401,692200,0.038049,29626.10,29157.58,
814,3,0x17D90CC0C9cB61f27A5198c8a96f9eA19341b218,0x58740f03e795ab26096d061f989bd2b04daed13929c1b235b7cbe4894e219d96,23601,32121,1384401,692200,0.038049,30600.64,30150.36,
814,2,0xf17f52151EbEF6C7334FAD080c5704D77216b732,0xd083e5e60b2cee8829fcb45bc76120aeb8021e6ccfcdef3ee8b9205f47e92b4f,23601,32121,1384401,692200,0.038049,30632.78,30157.79,
815,4,0x47242114086D2715A648d0391793730d2aB1CCa2,0xd28767a4e67d7e6aa0cf4477c3fefde1c2ac29343760542cbee9080d237e28a3,23602,32121,1384401,692200,0.038049,29604.60,29153.74,
815,1,0x627306090abaB3A6e1400e9345bC60c78a8BEf57,0xcc1d55d03ec4bfcbe8ffa4b3c23ed6a5659bfba1aaa2072615c5759dc2abd374,23602,32121,1384401,692200,0.038049,29628.39,29158.30,
815,3,0x17D90CC0C9cB61f27A5198c8a96f9eA19341b218,0x0975c201da451a7dbef3febdbb8ddfee2581eb084888110756bc42d40be47226,23602,32121,1384401,692200,0.038049,29611.48,29150.51,
815,2,0xf17f52151EbEF6C7334FAD080c5704D77216b732,0x5500b76307446466f7aad676787ce955d67f40aa36f4d4d89ee5e1abb7791de2,23602,32121,1384401,692200,0.038049,29632.51,29160.66,
816,2,0xf17f52151EbEF6C7334FAD080c5704D77216b732,0x6e017d168163c814d27a5283eba2c7ec51562d038916b1887d653631a79be142,23603,32121,1387671,693835,0.038139,29633.71,29157.70,
816,4,0x47242114086D2715A648d0391793730d2aB1CCa2,0x999d4751347766c513fe75624b281091fe3fc2138f33473613ea43c209d70378,23603,32121,1387671,693835,0.038139,30604.02,30151.26,
816,1,0x627306090abaB3A6e1400e9345bC60c78a8BEf57,0x1a3463271b12d2cede210d99526f5a5faa870ab250c8659a45b4c0e54d211d3f,23603,32121,1387671,693835,0.038139,30623.94,30156.51,
816,3,0x17D90CC0C9cB61f27A5198c8a96f9eA19341b218,0x75fb563e189df2fe9fc55d6a5f515da9b6d2e9a8df4ff17cbd5ec4db1e92109f,23603,32121,1387671,693835,0.038139,30607.74,30150.67,
817,4,0x47242114086D2715A648d0391793730d2aB1CCa2,0x2fdf1d974908413f70ea83766a78210649e8fd491575e951ded6f0e459f50e25,23604,32121,1387671,693835,0.038139,29601.88,29149.86,
817,1,0x627306090abaB3A6e1400e9345bC60c78a8BEf57,0xceb010f31285c0ffd60cd642f8e98ced9674758b6a68f84c5444def6e414baf2,23604,32121,1387671,693835,0.038139,29626.15,29156.12,
817,3,0x17D90CC0C9cB61f27A5198c8a96f9eA19341b218,0x00f63c327ecd6823d63ce65782e5b512ca5dd60291df958d83825ed1198aba04,23604,32121,1387671,693835,0.038139,29614.37,29152.27,
817,2,0xf17f52151EbEF6C7334FAD080c5704D77216b732,0x7b23a94002c4d9a9dac5b03a3696ee4615799beb97bb1b2ff234c78d897226f5,23604,32121,1387671,693835,0.038139,30635.97,30158.59,
818,1,0x627306090abaB3A6e1400e9345bC60c78a8BEf57,0xa605df20652bacef31de2663c7113c6ae240e13a428c9d58c5db63dbfa85eb5b,23605,32121,1392843,696421,0.038281,29628.34,29154.96,
818,3,0x17D90CC0C9cB61f27A5198c8a96f9eA19341b218,0x2a658600397aa996e1a41a0bc2a62beab36f98469c34422ce482c4d3bc20f264,23605,32121,1392843,696421,0.038281,29604.49,29151.34,
818,2,0xf17f52151EbEF6C7334FAD080c5704D77216b732,0xd2f461f9fac0085ed3f63d188726ef59147aab40377244ad7370b278e4fec6a1,23605,32121,1392843,696421,0.038281,29628.81,29156.33,
818,4,0x47242114086D2715A648d0391793730d2aB1CCa2,0x75c3b155751ddbd26d09f037a4d109baad95d0bf99af57f874f9e4b167476834,23605,32121,1392843,696421,0.038281,30601.65,30150.49,
819,2,0xf17f52151EbEF6C7334FAD080c5704D77216b732,0x844c1a308c5a07dc70c6a24cbb45dd390a75fd2aa96d9c3ccd2ac36540981ca4,23606,32121,1392843,696421,0.038281,29628.86,29157.76,
819,4,0x47242114086D2715A648d0391793730d2aB1CCa2,0x42eb367b23e8de256d048775c07e093972d9a2509656928ca5407baa9c702496,23606,32121,1392843,696421,0.038281,29604.07,29150.45,
819,1,0x627306090abaB3A6e1400e9345bC60c78a8BEf57,0x78f1ab432efbabc451f66e2bdadb0855d984ebb40ddd4493112f88d948b2abf4,23606,32121,1392843,696421,0.038281,30632.76,30157.29,
819,3,0x17D90CC0C9cB61f27A5198c8a96f9eA19341b218,0x6909d8946e7f2ec77b2cdbbb36c8e8e3f6e2fa89911ad9a9b3658afb693383ed,23606,32121,1392843,696421,0.038281,30609.30,30152.55,
820,4,0x47242114086D2715A648d0391793730d2aB1CCa2,0x73efa13fe4b175f9f33f3c3ddbb288569061195bad573485e9cd43639c0588dd,23607,32121,1392843,696421,0.038281,29601.89,29150.20,
820,1,0x627306090abaB3A6e1400e9345bC60c78a8BEf57,0xdab8133cc28a5bcaac350719a9431a36b6370f2e1b0eb94a77998366255ea320,23607,32121,1392843,696421,0.038281,29626.06,29157.21,
820,3,0x17D90CC0C9cB61f27A5198c8a96f9eA19341b218,0xe4d3730249ec624f4f3d2d65ac8dceab964e9c21466030ab4859c5b3d26f55be,23607,32121,1392843,696421,0.038281,29604.65,29152.06,
820,2,0xf17f52151EbEF6C7334FAD080c5704D77216b732,0x54c53561accb1ca062808338805308a7b64d06cc5b12aed27f8cf56034149a94,23607,32121,1392843,696421,0.038281,30630.97,30157.97,
821,2,0xf17f52151EbEF6C7334FAD080c5704D77216b732,0x7f282994ad5d101b5b4aa6106cf5040c845e23d69adab31988b01b67ae833e43,23608,32121,1394167,697083,0.038318,29642.32,29158.61,
821,4,0x47242114086D2715A648d0391793730d2aB1CCa2,0xe56fdf8a3498bc498a1dfa779adbb41825712baec213afabf2f95b893824b1dd,23608,32121,1394167,697083,0.038318,30601.46,30150.42,
821,1,0x627306090abaB3A6e1400e9345bC60c78a8BEf57,0x381beb02853e8b1bb0e0a2b33f8b125ebb6851928c3a42aa14daa75be9688499,23608,32121,1394167,697083,0.038318,30625.04,30156.04,
821,3,0x17D90CC0C9cB61f27A5198c8a96f9eA19341b218,0x947efd56ee1c70bcecd9582097ba8a43695f5a238c27c38dcd335f381594d4b1,23608,32121,1394167,697083,0.038318,30605.87,30151.68,
822,4,0x47242114086D2715A648d0391793730d2aB1CCa2,0x6f71a6ae168dfcf1eb5c568bae5b40b78406755352971194e4b630a378fbf6b3,23609,32121,1398388,699194,0.038434,29604.78,29151.70,
822,1,0x627306090abaB3A6e1400e9345bC60c78a8BEf57,0xc5fb53cd007dc564b9eff106d41da2cbc4ffcc9a2faa57dac875cf30206e38d0,23609,32121,1398388,699194,0.038434,29623.76,29155.44,
822,3,0x17D90CC0C9cB61f27A5198c8a96f9eA19341b218,0xec4469db25831ac709c0ec85edf7ea047366bf1250c1d8bdf441f6e849def916,23609,32121,1398388,699194,0.038434,29613.19,29153.34,
822,2,0xf17f52151EbEF6C7334FAD080c5704D77216b732,0x8b9c46c3532c4be271c087609927dbf0abbe4b74cafff6d5895aaf12a05f9fa2,23609,32121,1398388,699194,0.038434,30632.80,30159.10,
823,1,0x627306090abaB3A6e1400e9345bC60c78a8BEf57,0x6a9a363ab7a9e0f49293446d81e7138e2169834a9bb4c86dc25f9475ce96aacf,23610,32121,1398678,699339,0.038442,29629.40,29157.41,
823,3,0x17D90CC0C9cB61f27A5198c8a96f9eA19341b218,0xcdd426664be57b2749148e5bdcf44255f69efe863983a5031caee90bbea3f207,23610,32121,1398678,699339,0.038442,29614.02,29152.56,
823,2,0xf17f52151EbEF6C7334FAD080c5704D77216b732,0xf3c5766dfdf0586b77ad6343b732740a0bbae49a208f63905842539b7943043e,23610,32121,1398678,699339,0.038442,29632.83,29158.62,
823,4,0x47242114086D2715A648d0391793730d2aB1CCa2,0xa769201cf233fbc2cc26dac45e579fd37a6500bae5818555266946d2e45a90da,23610,32121,1398678,699339,0.038442,30604.85,30151.67,
824,2,0xf17f52151EbEF6C7334FAD080c5704D77216b732,0x5d00c5a416f27094a55a51c07fcd82e45b58f9193708c6ed56159ea8680dc2a1,23611,32121,1402321,701160,0.038542,29629.76,29157.84,
824,4,0x47242114086D2715A648d0391793730d2aB1CCa2,0x0045704e0a18d94d07db71b926bad77d356fcb1c0906f994ddb727be28db584b,23611,32121,1402321,701160,0.038542,29607.86,29151.73,
824,3,0x17D90CC0C9cB61f27A5198c8a96f9eA19341b218,0x4ae4c7c9f3b16f05877fbf9e724fac5921ce97444da0b5b8b7c1bfdbc9c3da78,23611,32121,1402321,701160,0.038542,30607.82,30153.07,
824,1,0x627306090abaB3A6e1400e9345bC60c78a8BEf57,0x09f1c45b2ce67967af219d4f6e6e5cf0aeb27c240d58ac81a2dabfa3d1181046,23611,32121,1402321,701160,0.038542,30623.68,30155.32,
825,4,0x47242114086D2715A648d0391793730d2aB1CCa2,0x2eec98fd6d116e2eec11d6f46a63c5fd11e03c11e69f5616ed0560d690543b3d,23612,32121,1402321,701160,0.038542,29600.89,29150.13,
825,3,0x17D90CC0C9cB61f27A5198c8a96f9eA19341b218,0x8ae17e0efa6fc15c41a053fc3c7788d1734e000704cad7d6b1d3b6478c6c4c83,23612,32121,1402321,701160,0.038542,29606.48,29151.30,
825,1,0x627306090abaB3A6e1400e9345bC60c78a8BEf57,0x2de9e822351d5ce766bff8f92075e379ce50096a46d888124a7d6fbcad2198fd,23612,32121,1402321,701160,0.038542,29629.68,29158.18,
825,2,0xf17f52151EbEF6C7334FAD080c5704D77216b732,0x550493e50a0f1e8a07b96e78a66ede351aff07b71cbf1618ec4db44bd1a9e838,23612,32121,1402321,701160,0.038542,30632.56,30157.98,
826,3,0x17D90CC0C9cB61f27A5198c8a96f9eA19341b218,0xacd49cc9210bd61a117ad2f9fc9a4fceadb3ad3995bd3ebcf2a080a9d10bd36c,23613,32121,1418875,709437,0.038997,29611.66,29152.04,
826,1,0x627306090abaB3A6e1400e9345bC60c78a8BEf57,0xd827e552cfbecc3c4b3a6137f50a41e04ff015fecf724c5110b231a58a2bee79,23613,32121,1418875,709437,0.038997,29624.64,29157.37,
826,2,0xf17f52151EbEF6C7334FAD080c5704D77216b732,0xa1419490bb1ecd6b7cfbc9dd9dbfefa66fd01dcb3a5b49aef3941652a00f6ccd,23613,32121,1418875,709437,0.038997,29626.77,29155.86,
826,4,0x47242114086D2715A648d0391793730d2aB1CCa2,0x37f57aefc1e1b896e5c45e1f49ce320fa00fe26143b467f40f26a272d2d5f1f4,23613,32121,1418875,709437,0.038997,30599.29,30149.84,
827,2,0xf17f52151EbEF6C7334FAD080c5704D77216b732,0xfc12da578649d081e25ef5f6de31098c2f82b5b95a5620929b7ff8e639d3c43f,23614,32121,1418875,709437,0.038997,29630.64,29157.73,
827,4,0x47242114086D2715A648d0391793730d2aB1CCa2,0x22dfc0777deb64ab2615e0b78665097c3aafd25fe8592252b16b91d753d76fa2,23614,32121,1418875,709437,0.038997,29602.68,29151.18,
827,3,0x17D90CC0C9cB61f27A5198c8a96f9eA19341b218,0x8dec0225bbaccb256a36fae9ce506a40439141e6e73b9b09c4f2e9e296e0cbc2,23614,32121,1418875,709437,0.038997,30599.61,30150.85,
827,1,0x627306090abaB3A6e1400e9345bC60c78a8BEf57,0x0741534eb9b73d23608b833f5ea75a0e42d34f4e45a2fa9aa771845864738895,23614,32121,1418875,709437,0.038997,30625.15,30156.76,
828,3,0x17D90CC0C9cB61f27A5198c8a96f9eA19341b218,0xf34229052d136778816a14bdf60c95fbbc73208388973066d62fb91de965e7bc,23615,32121,1418875,709437,0.038997,29609.47,29153.09,
828,1,0x627306090abaB3A6e1400e9345bC60c78a8BEf57,0x975448bd7da6e3e3c616398784ff7ee987840ed0193441aeea2dffddaea8d9ac,23615,32121,1418875,709437,0.038997,29627.49,29157.61,
828,2,0xf17f52151EbEF6C7334FAD080c5704D77216b732,0x2ea6d9dd4aeebc0c17f4d77e8bb08c99416385527a3865ea45f41851c79a3d02,23615,32121,1418875,709437,0.038997,30631.12,30160.35,
828,4,0x47242114086D2715A648d0391793730d2aB1CCa2,0xf3a50ee553d95bce7f9bd2f8a532f1ac3c76c32b1091ae82d290920dd5aaadd8,23615,32121,1418875,709437,0.038997,30600.07,30151.12,
829,2,0xf17f52151EbEF6C7334FAD080c5704D77216b732,0x3cd9b0ee2482b68f79d71c2c2b9267c83c393fe5c8ad469680e1660d0be0b7ac,23616,32121,1418875,709437,0.038997,29631.42,29158.59,
829,4,0x47242114086D2715A648d0391793730d2aB1CCa2,0x8aa12dec4d558ad11f069c408c49438af8ea1e24eeafdcb414b509b691ce4622,23616,32121,1418875,709437,0.038997,29602.13,29150.93,
829,3,0x17D90CC0C9cB61f27A5198c8a96f9eA19341b218,0xe0d53a39f4e9dc1ecb087e4da13b635625eccf3a5c60eced348da7aef9f73e60,23616,32121,1418875,709437,0.038997,30610.92,30155.25,
829,1,0x627306090abaB3A6e1400e9345bC60c78a8BEf57,0x4eb10ed3cc71c27b11f1cdb270436f994ca1ea6c3ce8624d6c92fe828c748570,23616,32121,1418875,709437,0.038997,30631.89,30159.74,
830,4,0x47242114086D2715A648d0391793730d2aB1CCa2,0xcc45e3e32b2268d2c35b85158719f9e3f0cee912198ab6f36e90ac245700310e,23617,32121,1418875,709437,0.038997,29605.13,29153.89,
830,3,0x17D90CC0C9cB61f27A5198c8a96f9eA19341b218,0x08201cfb179684c414a6c98786775a84c6879b29d3ca74e71472d9869891c485,23617,32121,1418875,709437,0.038997,29607.49,29151.23,
830,1,0x627306090abaB3A6e1400e9345bC60c78a8BEf57,0x0efa4a581442902c475f7b0805953718d0a668705ceb75a4aa1db674bcb67639,23617,32121,1418875,709437,0.038997,29633.00,29156.47,
830,2,0xf17f52151EbEF6C7334FAD080c5704D77216b732,0xdbc74b31c5082d2313261ad5d29137dbd31d3ab5a51738b667aef9667b927e74,23617,32121,1418875,709437,0.038997,30631.69,30158.53,
831,3,0x17D90CC0C9cB61f27A5198c8a96f9eA19341b218,0x70d20e0f86762c435c495e2ee0297adea2bba15450f9980b6b013b51301a765c,23618,32121,1418875,709437,0.038997,29609.36,29151.99,
831,1,0x627306090abaB3A6e1400e9345bC60c78a8BEf57,0xf920f0078e6949a6a11a954482883b73049c52794ea095edff1f270fff4c8049,23618,32121,1418875,709437,0.038997,29623.98,29154.53,
831,2,0xf17f52151EbEF6C7334FAD080c5704D77216b732,0x116540e99ddde182ce28baee403e62d2a95a5cf11fbe781fb1b62a26004080cd,23618,32121,1418875,709437,0.038997,29628.61,29156.66,
831,4,0x47242114086D2715A648d0391793730d2aB1CCa2,0xbe368a3954c7029ed529c6ff143683705d98e502984436012f3a9817800b5cb0,23618,32121,1418875,709437,0.038997,30602.02,30150.18,
832,2,0xf17f52151EbEF6C7334FAD080c5704D77216b732,0xee6fc58d4ee8a321d8561bffc80323e5c4c61288bf0de35f66e75e5ef5f35cb6,23619,32121,1418875,709437,0.038997,29630.43,29157.40,
832,4,0x47242114086D2715A648d0391793730d2aB1CCa2,0xa3e9d182b754736fa8f8b786a6c624191c4a00c19515c00ee54c244ee70b1194,23619,32121,1418875,709437,0.038997,29598.59,29149.60,
832,3,0x17D90CC0C9cB61f27A5198c8a96f9eA19341b218,0xa87f8d8375e28499811ae87c1c13ad368cff6bbbe786fd207e98de5a4c7228eb,23619,32121,1418875,709437,0.038997,30604.62,30151.04,
832,1,0x627306090abaB3A6e1400e9345bC60c78a8BEf57,0x08d25a91d9fb57db64ccba92a9d4c83208dfb1e8e774a72e368a28b935ab71ed,23619,32121,1418875,709437,0.038997,30624.23,30156.91,
833,3,0x17D90CC0C9cB61f27A5198c8a96f9eA19341b218,0x6ff8aaba502299328548003b5ece075048777d3fa96eab459498811c3356ade4,23620,32121,1418875,709437,0.038997,29606.20,29150.69,
833,1,0x627306090abaB3A6e1400e9345bC60c78a8BEf57,0x21f60688ae9f5f188e376d1f62f7cf7b0439cd7fd554d42af1f437cfa1087070,23620,32121,1418875,709437,0.038997,29629.17,29157.15,
833,2,0xf17f52151EbEF6C7334FAD080c5704D77216b732,0x0ea0e0c3c4d092e593c139a80f5580e2a9a85a0d3ca833591175e442968e35f1,23620,32121,1418875,709437,0.038997,30630.42,30156.46,
833,4,0x47242114086D2715A648d0391793730d2aB1CCa2,0xabd10998b866b466bdd5d266e7ffca840a29e31055f52a54fe9518acb9704b50,23620,32121,1418875,709437,0.038997,30601.59,30149.27,
834,1,0x627306090abaB3A6e1400e9345bC60c78a8BEf57,0xa0cfdd543643b05bc6a797e6ec809a3cd8563a01b628814201b0f8600998ef65,23621,32121,1418875,709437,0.038997,29635.33,29168.62,
834,2,0xf17f52151EbEF6C7334FAD080c5704D77216b732,0x4b314343149c187225fbcf7159aab3bc3f5fcd8d720d292bde323e32f69c0dfa,23621,32121,1418875,709437,0.038997,29634.74,29165.75,
834,4,0x47242114086D2715A648d0391793730d2aB1CCa2,0xe620032ac16039bbcc42f858f7726eca79559af65f5c40ca49f74177799e2271,23621,32121,1418875,709437,0.038997,29599.11,29151.91,
834,3,0x17D90CC0C9cB61f27A5198c8a96f9eA19341b218,0x0546168c739ce054670c4054194059f66845e29e93238bcd14359adde3a72c5f,23621,32121,1418875,709437,0.038997,30605.04,30151.85,
835,2,0xf17f52151EbEF6C7334FAD080c5704D77216b732,0xe5afae46fdb2e624f5c6e26ceb5fcdb7ac666b724a67a5ea0048056158ce39d7,23622,32121,1427441,713720,0.039232,29626.47,29153.32,
835,4,0x47242114086D2715A648d0391793730d2aB1CCa2,0x03330e4633c41868c3059d3e2b9cda2879986ad6f5f11c10434b4e162d1619d5,23622,32121,1427441,713720,0.039232,29627.48,29167.96,
835,3,0x17D90CC0C9cB61f27A5198c8a96f9eA19341b218,0x5898a6c16dfc32d03fded51457e1d0260bffbc8e6a808c79890e9083940fc78f,23622,32121,1427441,713720,0.039232,29616.98,29156.42,
835,1,0x627306090abaB3A6e1400e9345bC60c78a8BEf57,0x1fe939ad27fb9fb9e274a4413efab73b3dda56a840d6714dc78fdad53a502a49,23622,32121,1427441,713720,0.039232,30646.86,30163.90,
836,3,0x17D90CC0C9cB61f27A5198c8a96f9eA19341b218,0xa6c428f509729394c11819392545b08b0347e5f595f877c74319dd731ad566ac,23623,32121,1427441,713720,0.039232,29622.73,29153.66,
836,1,0x627306090abaB3A6e1400e9345bC60c78a8BEf57,0x4bbc635c71e7a8610c1d14a6e275450ab7c505aa486acfb03ed1deb8deeab71f,23623,32121,1427441,713720,0.039232,29658.99,29164.84,
836,2,0xf17f52151EbEF6C7334FAD080c5704D77216b732,0xc4d9ec7b1054fa1ec172903f0f20371c6f14ee9bf85dc8bffb4206b5def7f5c4,23623,32121,1427441,713720,0.039232,30611.51,30147.81,
836,4,0x47242114086D2715A648d0391793730d2aB1CCa2,0x9d4ac05023960b6aa679d26159e0b5e0c93d179ea5807c113e357de9e1942173,23623,32121,1427441,713720,0.039232,30636.37,30156.44,
837,1,0x627306090abaB3A6e1400e9345bC60c78a8BEf57,0x81ee5a71062b3598465d5e8c904bcef4a15ab9a2e581e0f98b772dfa4d8a2add,23624,32121,1427441,713720,0.039232,29656.09,29164.68,
837,2,0xf17f52151EbEF6C7334FAD080c5704D77216b732,0x76b80872cd333a54d2954e3248289dcf63c4669ff9c1bd8507d657093266814b,23624,32121,1427441,713720,0.039232,29591.52,29149.67,
837,4,0x47242114086D2715A648d0391793730d2aB1CCa2,0xf38071b43db6dcfc67e7ed6f0de618b8aebd08a66fcebd79c77f4dbd87399600,23624,32121,1427441,713720,0.039232,29624.95,29155.50,
837,3,0x17D90CC0C9cB61f27A5198c8a96f9eA19341b218,0xd948a44a175ff079cdfddc995b88bd88a332ae6eefca1fa8a60f6972876832c7,23624,32121,1427441,713720,0.039232,30620.84,30155.91,
838,4,0x47242114086D2715A648d0391793730d2aB1CCa2,0x77a5e8d4e94c15c0c6bf35e1a4dd9a65629829d429914dafd0929179506d584f,23625,32121,1427441,713720,0.039232,29632.35,29158.00,
838,3,0x17D90CC0C9cB61f27A5198c8a96f9eA19341b218,0x7f6a6cb11c77a2ddec80f6f8c67e129ed0394c0d8b049b94768a593e4ee86f6b,23625,32121,1427441,713720,0.039232,29626.43,29154.98,
838,1,0x627306090abaB3A6e1400e9345bC60c78a8BEf57,0x07779aa347098b428c2f53a8b41edbdb6b0bc03d1eae29eaef862b32711fede7,23625,32121,1427441,713720,0.039232,30653.16,30165.22,
838,2,0xf17f52151EbEF6C7334FAD080c5704D77216b732,0xecb3130bdcfbe5b6f00036d76a1ab0dff55430d14bd52ac76e32ad0b83144675,23625,32121,1427441,713720,0.039232,30589.96,30148.23,
839,1,0x627306090abaB3A6e1400e9345bC60c78a8BEf57,0x4aca9e109d7ff0dbf35f8bdca9424e2f0e134035d6c94ea405fa6cbd203eb13a,23626,32121,1436338,718169,0.039477,29652.95,29162.51,
839,2,0xf17f52151EbEF6C7334FAD080c5704D77216b732,0x31dbd29ad21b14a35528cf21aecf6e3a0fba24d66f9fc913f43a64c64d5e33b0,23626,32121,1436338,718169,0.039477,29594.96,29145.57,
839,4,0x47242114086D2715A648d0391793730d2aB1CCa2,0xcea856be9b67d0f7e3e46373fe19a211f2553a502e53433ca7c37646b0958109,23626,32121,1436338,718169,0.039477,30627.51,30155.78,
839,3,0x17D90CC0C9cB61f27A5198c8a96f9eA19341b218,0xbd341aeca913dbda5437a8811847d186048d715314b17420dd13c3d78830b400,23626,32121,1436338,718169,0.039477,30638.05,30163.78,
840,1,0x627306090abaB3A6e1400e9345bC60c78a8BEf57,0x6588a55c59e835e8b0efd1f83384c88f38b5591cdbc9f0ffd141f020f8cb0d45,23627,32121,1436338,718169,0.039477,29655.32,29163.37,
840,2,0xf17f52151EbEF6C7334FAD080c5704D77216b732,0x30362f6ad840e9753a9d75beb0e918333ca51b50ebf0d9c00f6f445effdad06b,23627,32121,1436338,718169,0.039477,29587.44,29146.65,
840,4,0x47242114086D2715A648d0391793730d2aB1CCa2,0x07433a8939043ea2661457bb945ceff76680db75ff4b8ddfe82a4536509101c2,23627,32121,1436338,718169,0.039477,29644.16,29158.27,
840,3,0x17D90CC0C9cB61f27A5198c8a96f9eA19341b218,0x0f9314adeebe5b2ab35dded15535f340e47d90048a17572ea0fdd1d02def0e72,23627,32121,1436338,718169,0.039477,29623.57,29156.81,
841,3,0x17D90CC0C9cB61f27A5198c8a96f9eA19341b218,0xe11b55c9660d68932aad2bec201609691fe64271e30c348f7535dcd5c13412b1,23628,32121,1436338,718169,0.039477,29622.95,29156.57,
841,1,0x627306090abaB3A6e1400e9345bC60c78a8BEf57,0x2ab8726c056bb4972c4d49f1ca9df2b470eb60faaf17cd0b054b50754fd754d1,23628,32121,1436338,718169,0.039477,30657.33,30164.57,
841,2,0xf17f52151EbEF6C7334FAD080c5704D77216b732,0xc9ebd45295b746212afbdf3ec5720f08cc4f92087ef35af07988cfad8d9759ab,23628,32121,1436338,718169,0.039477,30591.46,30149.41,
841,4,0x47242114086D2715A648d0391793730d2aB1CCa2,0x3787284ee4f5a7dc3d0532b6f2f7dec8a07c42ee4763afed53c78513324d7692,23628,32121,1436338,718169,0.039477,30632.57,30157.72,
842,2,0xf17f52151EbEF6C7334FAD080c5704D77216b732,0x0d9fbe17600e8a4befa7c734ce2268643cb5bbf879679229850107d9d8275b93,23629,32121,1436338,718169,0.039477,29590.88,29146.07,
842,1,0x627306090abaB3A6e1400e9345bC60c78a8BEf57,0x30b80f0d4191e42a762c71c80c8d63def692ee1ced3db6431b1676716b8fc787,23629,32121,1436338,718169,0.039477,29659.63,29162.56,
842,4,0x47242114086D2715A648d0391793730d2aB1CCa2,0xc55c67d288f3c3656105e39e6e40753acdbbc019783cd0ee0c9d870747a7d690,23629,32121,1436338,718169,0.039477,29628.80,29156.81,
842,3,0x17D90CC0C9cB61f27A5198c8a96f9eA19341b218,0x5997343c49ecfb4d185a57c5e96a981212f72ff45bd16013e0f0cd531564815e,23629,32121,1436338,718169,0.039477,30627.64,30155.80,
843,4,0x47242114086D2715A648d0391793730d2aB1CCa2,0x0843773d01869e84ae5d382237576ad063bcb035b1ebd11fb16c5a15246afc45,23630,32121,1441636,720818,0.039622,29629.46,29156.78,
843,3,0x17D90CC0C9cB61f27A5198c8a96f9eA19341b218,0xd1b2152c855280963a53697865a7b59833a1e932af44336878c9dd7c8a05b3bb,23630,32121,1441636,720818,0.039622,29623.86,29154.38,
843,2,0xf17f52151EbEF6C7334FAD080c5704D77216b732,0xb664291250afc9c6ace0cdaf366ec9458da2479bcdc8adc6f8e47470b8c95d70,23630,32121,1441636,720818,0.039622,30591.69,30148.33,
843,1,0x627306090abaB3A6e1400e9345bC60c78a8BEf57,0x6753dedcc978c57491f60bc3517525ba15e53822ff8ce5f7661d33d29622a67f,23630,32121,1441636,720818,0.039622,30655.68,30163.51,
844,3,0x17D90CC0C9cB61f27A5198c8a96f9eA19341b218,0xd6cd96a2e5a8220f72e18f9bb85df0056039a5394d22ccac5628a3bd01e50eb6,23631,32121,1441636,720818,0.039622,29625.93,29156.34,
844,2,0xf17f52151EbEF6C7334FAD080c5704D77216b732,0x5506dd7fbaf5c1a85ca0622ae0ccf5282adfb07b62ee9ef46707b923769e70eb,23631,32121,1441636,720818,0.039622,29593.41,29147.26,
844,1,0x627306090abaB3A6e1400e9345bC60c78a8BEf57,0x2a7f22f50ea8beeb9bc0494e15ae4b4c1ed70bd87ab1fec843cd51e67aa69de3,23631,32121,1441636,720818,0.039622,29655.04,29164.23,
844,4,0x47242114086D2715A648d0391793730d2aB1CCa2,0x358bc862d892f51af274e5735aa38fd4936b773c1f78f7bd728fb9d79dcfd7b4,23631,32121,1441636,720818,0.039622,30631.72,30156.60,
845,2,0xf17f52151EbEF6C7334FAD080c5704D77216b732,0x125eeee562237b0fcf5e1218df5f38bde42b6a0f70aad8662f9a96ea6fb868cf,23632,32121,1441636,720818,0.039622,29593.05,29147.59,
845,1,0x627306090abaB3A6e1400e9345bC60c78a8BEf57,0x8197b9627289642413a4074540702d5b5ca75b06f689483d503db512cbf6e281,23632,32121,1441636,720818,0.039622,29653.44,29163.14,
845,4,0x47242114086D2715A648d0391793730d2aB1CCa2,0x03544c6629a6b1b0013d95e1f97d71b73c293aa8e10468e05cf83d065c5515bf,23632,32121,1441636,720818,0.039622,29632.60,29157.17,
845,3,0x17D90CC0C9cB61f27A5198c8a96f9eA19341b218,0xd4cd6f50195d5d9c4ead4a03f1aba4d2dd67ba57cca0c9d6b6727b94e1c4b8c8,23632,32121,1441636,720818,0.039622,30623.95,30156.00,
846,4,0x47242114086D2715A648d0391793730d2aB1CCa2,0x7e6fa0a92913bfe547fa4b159199b7e12e8cb0f1a0704a35da43ddee93ce7859,23633,32121,1441636,720818,0.039622,29631.52,29158.26,
846,3,0x17D90CC0C9cB61f27A5198c8a96f9eA19341b218,0xde6df971b5584b9ec5ed224f2f9a541bb93c10d6cc43eb1fa323f8e34658756b,23633,32121,1441636,720818,0.039622,29624.39,29156.36,
846,2,0xf17f52151EbEF6C7334FAD080c5704D77216b732,0xae2f926b807679ce131cf1afc9f22b4fbfa39064fc5a86fcd504ebb7b353010d,23633,32121,1441636,720818,0.039622,30591.59,30146.75,
846,1,0x627306090abaB3A6e1400e9345bC60c78a8BEf57,0x2da8b4d0ccfa793e7345a67787afcbf9c22dab09227c1fda005abdeeaad0843b,23633,32121,1441636,720818,0.039622,30656.02,30163.66,
847,2,0xf17f52151EbEF6C7334FAD080c5704D77216b732,0x56b708bfb1938b8f5001513fd94506671ba2b49fdaf7d54675c2bd024e18ba4c,23634,32121,1441636,720818,0.039622,29589.61,29147.21,
847,1,0x627306090abaB3A6e1400e9345bC60c78a8BEf57,0x60edec474d9187e3849b39ce50ca66b4f8e07154f70d3db70d6b30c091858de5,23634,32121,1441636,720818,0.039622,29654.07,29164.65,
847,4,0x47242114086D2715A648d0391793730d2aB1CCa2,0xfff9462a36e9be2f088aba2049fd9d0849adcd5cb4741a5ad20c31ef6b25895c,23634,32121,1441636,720818,0.039622,30630.48,30156.51,
847,3,0x17D90CC0C9cB61f27A5198c8a96f9eA19341b218,0x9d84783021857857268d561ba5416ffdb48b1c2db0090238810e12a3a5a54de7,23634,32121,1441636,720818,0.039622,30619.52,30155.46,
848,1,0x627306090abaB3A6e1400e9345bC60c78a8BEf57,0x4b9c45d43c4eeeb19df5ac06f67475afe234ab1b54fbeb211c2f5fff1d1078be,23635,32121,1444781,722390,0.039709,29654.54,29163.05,
848,4,0x47242114086D2715A648d0391793730d2aB1CCa2,0x0ed958236f584e7979e36d167b9d071d240db108fce1f711ce08e98ba50df93d,23635,32121,1444781,722390,0.039709,29631.69,29154.66,
848,3,0x17D90CC0C9cB61f27A5198c8a96f9eA19341b218,0xd1c48ce7895bf43b664c65497e8270b04d4c20834fd46579d5e9633aef7fa235,23635,32121,1444781,722390,0.039709,29622.00,29155.07,
848,2,0xf17f52151EbEF6C7334FAD080c5704D77216b732,0x155c2a9a7b97dbc3cf6156e2784a4a406f2cbd8116562d15122b4d105447f06e,23635,32121,1444781,722390,0.039709,30588.23,30147.73,
849,4,0x47242114086D2715A648d0391793730d2aB1CCa2,0x196bef2197c14088f727008f4b347a898de642c8211347ddef1862c42c4fb800,23636,32121,1449124,724562,0.039828,29631.49,29161.04,
849,3,0x17D90CC0C9cB61f27A5198c8a96f9eA19341b218,0x4a3366b8da83c768e13f8e4fee20dba88fddffa0267fa59825b4f28a4b093bfd,23636,32121,1449124,724562,0.039828,29623.01,29155.07,
849,2,0xf17f52151EbEF6C7334FAD080c5704D77216b732,0xd7de14e19d4afc9ad146f277341083c2f3fa4a01b21d4acf581e26aece88c073,23636,32121,1449124,724562,0.039828,29590.30,29147.78,
849,1,0x627306090abaB3A6e1400e9345bC60c78a8BEf57,0x934fe1f9eeff4400d2bbea20635d9454648b50d6f86658d913e39d9010902ec4,23636,32121,1449124,724562,0.039828,30657.66,30164.19,
850,2,0xf17f52151EbEF6C7334FAD080c5704D77216b732,0xc231e29ff3faafed0f3d7611653231a73c4089a6ef8ffd0cf51dd0eaa27b7b8c,23637,32121,1449124,724562,0.039828,29585.87,29146.87,
850,1,0x627306090abaB3A6e1400e9345bC60c78a8BEf57,0xe25bbaa12ba76723e564f4baf6c707555d3d10ae163026fc6a2ebba5440bdad5,23637,32121,1449124,724562,0.039828,29657.30,29165.63,
850,4,0x47242114086D2715A648d0391793730d2aB1CCa2,0x477329dc30cd1f91038eebc735c7b9ae51e03643341455c050b8c2bf4163b8dd,23637,32121,1449124,724562,0.039828,30632.51,30158.03,
850,3,0x17D90CC0C9cB61f27A5198c8a96f9eA19341b218,0x7927b0b8eb27061d9f55020399a8c358070c99ea033feb7db2efb8ec134a9ca7,23637,32121,1449124,724562,0.039828,30624.11,30158.91,
851,1,0x627306090abaB3A6e1400e9345bC60c78a8BEf57,0xd7752e1a6bfc46080ea5f6cef34750ead936a8c81e7db5310bbcb93d0500859c,23638,32121,1449124,724562,0.039828,29661.75,29164.79,
851,4,0x47242114086D2715A648d0391793730d2aB1CCa2,0xde67b20166f826c42f8464779159cf8fa566fca032b63f35778a78ce5017b8bd,23638,32121,1449124,724562,0.039828,29631.21,29157.81,
851,3,0x17D90CC0C9cB61f27A5198c8a96f9eA19341b218,0x5aef49c227660bdc651b3ea8983ca0b4e8a10cff9e367ff81c9adf08df170460,23638,32121,1449124,724562,0.039828,29633.43,29159.65,
851,2,0xf17f52151EbEF6C7334FAD080c5704D77216b732,0x0f07766c73831749287927ea677eac2ffe8b74b22d25a44c043ba40884815ce3,23638,32121,1449124,724562,0.039828,30588.30,30146.65,
852,3,0x17D90CC0C9cB61f27A5198c8a96f9eA19341b218,0xa55a2851f5e57506fa949950e7138d498e02bd5d88cd71c48b90a5377028fa10,23639,32121,1457938,728969,0.040071,29631.24,29157.35,
852,2,0xf17f52151EbEF6C7334FAD080c5704D77216b732,0x91a7bff384c52c732d598d2343f5567efab938793ceab1fef6efe5ad967a2a22,23639,32121,1457938,728969,0.040071,29591.95,29150.63,
852,4,0x47242114086D2715A648d0391793730d2aB1CCa2,0x54208c50adb5b82bfd03cb75d3007fb9f3f2bcbfe17c9a541d4a8cdaef2b80cc,23639,32121,1457938,728969,0.040071,30629.30,30158.01,
852,1,0x627306090abaB3A6e1400e9345bC60c78a8BEf57,0x913f73a40f01e69e8d8f1874e1915dde1a84d6e1d924b6c34e11ac8c1c5dad15,23639,32121,1457938,728969,0.040071,30665.34,30165.88,
853,4,0x47242114086D2715A648d0391793730d2aB1CCa2,0x8b53b15be6ac4231998d6f7125fd9ed2ee6985c65b5232b80146313ea67b7106,23640,32121,1457938,728969,0.040071,29633.13,29157.94,
853,1,0x627306090abaB3A6e1400e9345bC60c78a8BEf57,0xc0c3debb3e471f70221bd6eee5b5bc34abb235b7cefd55ead5b7fb76a52574a4,23640,32121,1457938,728969,0.040071,29663.17,29166.80,
853,3,0x17D90CC0C9cB61f27A5198c8a96f9eA19341b218,0x4e950d430c4d327a69013de961c08081d7805ca4ef1715f47760e2093ca67e6a,23640,32121,1457938,728969,0.040071,30632.78,30158.13,
853,2,0xf17f52151EbEF6C7334FAD080c5704D77216b732,0xcad49bbb2f24f4b817a8fb17b189177839395e947f73d4231c17b48d402a21c3,23640,32121,1457938,728969,0.040071,30599.17,30150.00,
854,4,0x47242114086D2715A648d0391793730d2aB1CCa2,0xadfa18ddf125392cdba975b724df88349d5c4cb12b9ae671729e986ff0488ee5,23641,32121,1457938,728969,0.040071,29628.03,29154.96,
854,1,0x627306090abaB3A6e1400e9345bC60c78a8BEf57,0xeed2960d9c82b7dbf6404a7be23624c8bf5dd12991722d50b800ed6b8b9d441d,23641,32121,1457938,728969,0.040071,29659.64,29164.22,
854,3,0x17D90CC0C9cB61f27A5198c8a96f9eA19341b218,0xd22965e0ebba4b06ed20e00335846b91107b6adf8954312704752a912ee0c076,23641,32121,1457938,728969,0.040071,29636.91,29158.48,
854,2,0xf17f52151EbEF6C7334FAD080c5704D77216b732,0x79fc10373bbc8de4a5587eb7fc587ec739fde457e3d383e1caf0859425a9932b,23641,32121,1457938,728969,0.040071,29610.61,29160.10,
855,2,0xf17f52151EbEF6C7334FAD080c5704D77216b732,0x35806070eb5332332555cdfa6b3c5f478f9260bd319ba6bf06c2ad9b691ea9d3,23642,32121,1457938,728969,0.040071,29602.80,29155.66,
855,3,0x17D90CC0C9cB61f27A5198c8a96f9eA19341b218,0x555d06adbea1dda82cd0e8b9f95f034a73eae0d453eb24bd53b0ab5126c024de,23642,32121,1457938,728969,0.040071,29633.59,29164.42,
855,4,0x47242114086D2715A648d0391793730d2aB1CCa2,0x3db51c6bfd8333134cc2cc892e14420859c5cd574d0ee859b5e3ba1a87931fb7,23642,32121,1457938,728969,0.040071,30626.50,30157.37,
855,1,0x627306090abaB3A6e1400e9345bC60c78a8BEf57,0xe02126138896e64c80b25ee768cf7cee86fef2f8e6b51ee8e437b8fb6e429aa2,23642,32121,1457938,728969,0.040071,30657.31,30166.82,
856,4,0x47242114086D2715A648d0391793730d2aB1CCa2,0x113abe5cc847f025e9bcfa97974ead39d390ac06b8e44824fcf29830870d72da,23643,32121,1457938,728969,0.040071,29628.68,29155.98,
856,1,0x627306090abaB3A6e1400e9345bC60c78a8BEf57,0x76f23d7e61c88032f5fb3b1100d1ad1f4499042c7e19a5ff38c4f1039ffc9011,23643,32121,1457938,728969,0.040071,29660.34,29164.32,
856,2,0xf17f52151EbEF6C7334FAD080c5704D77216b732,0xa0f1a89a6549613c6d38a726a53c6dc27a59b93685769f4ba6198a9c611c91a5,23643,32121,1457938,728969,0.040071,30606.25,30149.69,
856,3,0x17D90CC0C9cB61f27A5198c8a96f9eA19341b218,0x300691c1bd597104d7dd7bea7677793b8e532631e55fd35c7a764b81117e448f,23643,32121,1457938,728969,0.040071,30629.60,30156.57,
857,4,0x47242114086D2715A648d0391793730d2aB1CCa2,0xb6fe6a508c7d638fc4aeff1d2ce27507e10f026c9efbe3384f74ae7657882807,23644,32121,1457938,728969,0.040071,29626.84,29159.43,
857,1,0x627306090abaB3A6e1400e9345bC60c78a8BEf57,0x85598185bc20f436ced7bc6d9f848898bfaf9e54c14079f8eddd8e5d70cdad1f,23644,32121,1457938,728969,0.040071,29662.77,29165.54,
857,2,0xf17f52151EbEF6C7334FAD080c5704D77216b732,0x45fc22767627a9f930f706567784610d80c52225d309d02bbfcc379844206079,23644,32121,1457938,728969,0.040071,29595.91,29150.84,
857,3,0x17D90CC0C9cB61f27A5198c8a96f9eA19341b218,0xc4dad57f965a14e4a41d21162245e080a43e163eebaddd61dae8d3c282de1789,23644,32121,1457938,728969,0.040071,29627.73,29158.43,
858,4,0x47242114086D2715A648d0391793730d2aB1CCa2,0x1e196d8f0563dedba98ebb19eed4e8c169c6961d12659c00f0666d6644cdefe6,23645,32121,1462076,731038,0.040184,30631.17,30159.83,
858,2,0xf17f52151EbEF6C7334FAD080c5704D77216b732,0xb2ba409b769fd7be0d11869b8ef27e03320ac8c84004d634e0813d308edde975,23645,32121,1462076,731038,0.040184,30600.90,30152.37,
858,1,0x627306090abaB3A6e1400e9345bC60c78a8BEf57,0x5a1a85aa1bf89d1f9bd781ac5930570922eda3efd37927fed3ed8ee7039ef3ed,23645,32121,1462076,731038,0.040184,30663.72,30167.21,
858,3,0x17D90CC0C9cB61f27A5198c8a96f9eA19341b218,0xaf0d2f5b088d9d5e981946bdea5821e890829cd4e50037af30b37665f202284c,23645,32121,1462076,731038,0.040184,30629.98,30157.62,
859,4,0x47242114086D2715A648d0391793730d2aB1CCa2,0xd2b2ab4fe2b7d785e226bf0caa3142eb1bcd82fdccc09d547e1d0de3c22ad5f0,23646,32121,1462076,731038,0.040184,29633.42,29156.94,
859,2,0xf17f52151EbEF6C7334FAD080c5704D77216b732,0xe6294c50a85bf780732a836513f4f14a55bc3cca3c03cc4d405afff68d187aed,23646,32121,1462076,731038,0.040184,29605.96,29152.57,
859,1,0x627306090abaB3A6e1400e9345bC60c78a8BEf57,0x963e1730660e1229c8adf4380e0d8793808f18cbe9451e2ae624f6e6d64df10c,23646,32121,1462076,731038,0.040184,29665.84,29167.19,
859,3,0x17D90CC0C9cB61f27A5198c8a96f9eA19341b218,0x721b222c31fdce67913406c1a68a512bb1c8b8969d42ca66aa891d21d3fe8bac,23646,32121,1462076,731038,0.040184,29632.81,29158.84,
860,2,0xf17f52151EbEF6C7334FAD080c5704D77216b732,0x09df99672748064412d62ad7aed4a28a423549fa4f3f3676497d2070980f4f83,23647,32121,1462615,731307,0.040199,29611.01,29156.66,
860,3,0x17D90CC0C9cB61f27A5198c8a96f9eA19341b218,0xa052c12e0ed2986e86ce22291d08eb5c9a215826c7322bfe4ccb1b65be7b98c2,23647,32121,1462615,731307,0.040199,29631.48,29158.25,
860,1,0x627306090abaB3A6e1400e9345bC60c78a8BEf57,0x500f27241d4b6f5c9365a049692affbf4c9d5f713cf7f601e783f6b6284577bf,23647,32121,1462615,731307,0.040199,29660.67,29163.77,
860,4,0x47242114086D2715A648d0391793730d2aB1CCa2,0x8725ff65de57074ae7d4c01bd4d0f3da1db164049d7357b44ff7fa7106badd00,23647,32121,1462615,731307,0.040199,30633.00,30157.65,
861,4,0x47242114086D2715A648d0391793730d2aB1CCa2,0x11709b076fb2cc5d1412db3a43261415319fb6b2da8122bfe51a934562f16ae3,23648,32121,1480491,740245,0.040690,29627.53,29156.86,
861,2,0xf17f52151EbEF6C7334FAD080c5704D77216b732,0x9f668dcdff8f2ecc5a25eceae4744d2087620818fc4c07493a1ab9d2ed23b866,23648,32121,1480491,740245,0.040690,30595.73,30150.96,
861,3,0x17D90CC0C9cB61f27A5198c8a96f9eA19341b218,0xe97f1983c938cf3658f77020cc4fe5f2f5c4c02694aaa1df92af741fcd5b5e96,23648,32121,1480491,740245,0.040690,30629.57,30158.62,
861,1,0x627306090abaB3A6e1400e9345bC60c78a8BEf57,0x3c2e0c20ff6e53c01f54a52e526b9e1253e8029c1055b5c9afbb1fe4811332d9,23648,32121,1480491,740245,0.040690,30668.36,30168.69,
862,4,0x47242114086D2715A648d0391793730d2aB1CCa2,0xe104fd913c55951cb29470c4ceff7ac3fe4e2b35de1d595f9e1edfaccfeebd76,23649,32121,1480491,740245,0.040690,29630.16,29157.34,
862,2,0xf17f52151EbEF6C7334FAD080c5704D77216b732,0xac0fd4e5b751ba921b5e11d46f5e2b75357dda1df08270dff3f24b06be241331,23649,32121,1480491,740245,0.040690,29602.00,29150.83,
862,3,0x17D90CC0C9cB61f27A5198c8a96f9eA19341b218,0x79527cfe158f56f8af2b76df993800d8af2710055e8753246af83973686de443,23649,32121,1480491,740245,0.040690,29633.13,29159.28,
862,1,0x627306090abaB3A6e1400e9345bC60c78a8BEf57,0x4aa5ca61a8d756f8ac523776ad414a1b247ba7fc1761963f022eaa0c3283e5db,23649,32121,1480491,740245,0.040690,29663.71,29165.69,
863,3,0x17D90CC0C9cB61f27A5198c8a96f9eA19341b218,0x0441b3c2f323d4fdf5e49557fa4340fb704d35fac7a97de083384ad470c1c770,23650,32121,1480491,740245,0.040690,29634.11,29159.99,
863,1,0x627306090abaB3A6e1400e9345bC60c78a8BEf57,0x7d848ae02069586a0ac8ca3a1e0a1044ce30de024f7cbb4f3235c124da89a910,23650,32121,1480491,740245,0.040690,29676.60,29168.21,
863,4,0x47242114086D2715A648d0391793730d2aB1CCa2,0xfdde5bb27d58642c50d3946ba718ee15fe51882fbf451cdb9c4d4f61d5fc9c4c,23650,32121,1480491,740245,0.040690,30634.72,30157.93,
863,2,0xf17f52151EbEF6C7334FAD080c5704D77216b732,0x200a4ee87e5357916bbe9a76733b275b10289fdf348c80f65934236ce951c6d9,23650,32121,1480491,740245,0.040690,30597.04,30148.78,
864,2,0xf17f52151EbEF6C7334FAD080c5704D77216b732,0x92fab17d463ff85e9a06b89b23a37a9faae0704ebd6fc8f5d89c29c8fde00061,23651,32121,1480491,740245,0.040690,29604.98,29153.53,
864,4,0x47242114086D2715A648d0391793730d2aB1CCa2,0x361383f2d9c8b2b55e22f4ab4b0cc174a15633c33180a4d26448ffc15f3cd485,23651,32121,1480491,740245,0.040690,29671.44,29187.56,
864,3,0x17D90CC0C9cB61f27A5198c8a96f9eA19341b218,0xdace6ed964afcbf76f392afa344295d708e937771ba1a8371964c97426662c74,23651,32121,1480491,740245,0.040690,30631.81,30158.05,
864,1,0x627306090abaB3A6e1400e9345bC60c78a8BEf57,0x8703580206e9df27100ac9b43eb25a88e4c848ce59c7a8b3adab397515152620,23651,32121,1480491,740245,0.040690,30688.74,30190.23,
865,2,0xf17f52151EbEF6C7334FAD080c5704D77216b732,0x6bcc42ba1ba31a6df792d9ce02ab6abb1e9bfd3f5a567078fe3b54a78ef34ef5,23652,32121,1480491,740245,0.040690,29657.86,29150.92,
865,4,0x47242114086D2715A648d0391793730d2aB1CCa2,0x7387afbe08e1486182ee9ae591d3320f767a5fb903fab04ac04fcc60fc071b54,23652,32121,1480491,740245,0.040690,29647.40,29160.97,
865,3,0x17D90CC0C9cB61f27A5198c8a96f9eA19341b218,0x1b74dd90bd666e7e99161a1343c5a40a516179886634932187b8c0ada9cc73b2,23652,32121,1480491,740245,0.040690,29695.87,29161.10,
865,1,0x627306090abaB3A6e1400e9345bC60c78a8BEf57,0xe25feb63a0c71e1023e40359234c7cf9da11fecdd1f9aa3ffeed6927766f0370,23652,32121,1480491,740245,0.040690,29700.02,29166.79,
866,3,0x17D90CC0C9cB61f27A5198c8a96f9eA19341b218,0x1823eabd9fd4eab23b35e277462ff2110b6bf30baa3dbeaa5c5d31b0eba4a8be,23653,32121,1480491,740245,0.040690,29659.31,29166.53,
866,1,0x627306090abaB3A6e1400e9345bC60c78a8BEf57,0xccac359bdb0e4f55f51f0af3ade80259947eb5371cb8fa0c3149af150df58a0e,23653,32121,1480491,740245,0.040690,29673.42,29176.34,
866,2,0xf17f52151EbEF6C7334FAD080c5704D77216b732,0xaee19d34a11a0ddcc2c8d156cc278defb719b65ff79ae57b02b85253f46a35b5,23653,32121,1480491,740245,0.040690,30616.59,30154.86,
866,4,0x47242114086D2715A648d0391793730d2aB1CCa2,0xbc17662e17a2615c7e7dfb55f0c5c841676ea0397451c1f391e71c63e229c3d3,23653,32121,1480491,740245,0.040690,30646.98,30164.31,
867,2,0xf17f52151EbEF6C7334FAD080c5704D77216b732,0xea388cc0f80ed54995c3577707e4b4605b8a8d987dca3525fdc29948f9e3df1b,23654,32121,1480491,740245,0.040690,29614.97,29154.58,
867,4,0x47242114086D2715A648d0391793730d2aB1CCa2,0x3d5cc7098eee50d41c00bae7b1f1256e766e68c40fd2ff98607af375f4d604a6,23654,32121,1480491,740245,0.040690,29635.19,29166.44,
867,3,0x17D90CC0C9cB61f27A5198c8a96f9eA19341b218,0x533e6ee90b753b228bdbb1545a67f09bae828cbb2083eb692f922fe96328c09f,23654,32121,1480491,740245,0.040690,30681.98,30161.39,
867,1,0x627306090abaB3A6e1400e9345bC60c78a8BEf57,0x4784a0e3e3c2a57db55e8afae3a580f92ca4afa5b58be0f0c8634f47e2e18326,23654,32121,1480491,740245,0.040690,30689.31,30169.92,
868,4,0x47242114086D2715A648d0391793730d2aB1CCa2,0xbe794f53b2ee3a1ec9e22e67af732f9d32d99e6bd40d9c9369587bcdd18cc62c,23655,32121,1480491,740245,0.040690,29637.55,29161.87,
868,3,0x17D90CC0C9cB61f27A5198c8a96f9eA19341b218,0x9902f9420591ef31b00249d59e271e1cebd92b428c8c270446ebcb6eb35754c0,23655,32121,1480491,740245,0.040690,29664.69,29175.05,
868,1,0x627306090abaB3A6e1400e9345bC60c78a8BEf57,0xb8d669f9e2b487884fdd4e6b0ce637489c8673f6e1cb89d68a9360807c241cc2,23655,32121,1480491,740245,0.040690,29679.38,29173.05,
868,2,0xf17f52151EbEF6C7334FAD080c5704D77216b732,0xd8bf7e2a87db63dedbc4581acc44e07e4fa442715b467c25e0d2e41a60f799cc,23655,32121,1480491,740245,0.040690,30666.49,30156.26,
869,3,0x17D90CC0C9cB61f27A5198c8a96f9eA19341b218,0xa1a5f21b2b45fead615e96c4f9be8ca50d09e6bf55de58d1b8a1c2e565bf5595,23656,32121,1484091,742045,0.040789,29682.77,29159.75,
869,1,0x627306090abaB3A6e1400e9345bC60c78a8BEf57,0xd45fa4bceb168eb86fc230c0690294bace0fb5a32f4fb3c80c61d994d761ad5a,23656,32121,1484091,742045,0.040789,29691.67,29167.03,
869,2,0xf17f52151EbEF6C7334FAD080c5704D77216b732,0xafcd4d368dec74250a6cf81621a8a6c4748e35472393f434f15818bc89e5d481,23656,32121,1484091,742045,0.040789,29618.70,29153.89,
869,4,0x47242114086D2715A648d0391793730d2aB1CCa2,0xdfa678a343e5dc1d51f1b6ce4ea7895b8acd5a8c52041b390e0d8ef8c422b32e,23656,32121,1484091,742045,0.040789,30691.61,30154.47,
870,2,0xf17f52151EbEF6C7334FAD080c5704D77216b732,0xb47ac67b66779f8c3378db3591805d4e7ab8b393777e4624db1c201764990bdc,23657,32121,1484091,742045,0.040789,29610.83,29153.04,
870,4,0x47242114086D2715A648d0391793730d2aB1CCa2,0xa1e6f4c093d39a909330b0c48eb3ada02c14b01be1a2d4b45c02143b5152ff53,23657,32121,1484091,742045,0.040789,29616.90,29152.78,
870,3,0x17D90CC0C9cB61f27A5198c8a96f9eA19341b218,0x96cfdf77af06ea18d26b100f0d01b27053accfae3bd01b3e59f6e966a1a0033c,23657,32121,1484091,742045,0.040789,30635.03,30158.60,
870,1,0x627306090abaB3A6e1400e9345bC60c78a8BEf57,0x8664b404747c96e6c19e4a24030cda2d16adc7f41e4218f8ed216f7fd6e17bdf,23657,32121,1484091,742045,0.040789,30675.39,30168.02,
871,4,0x47242114086D2715A648d0391793730d2aB1CCa2,0xb5daac8e0d8ee2f222bf9bcc173b8ce69914fa16b91693bed376ba61abc6ef5d,23658,32121,1484091,742045,0.040789,29633.61,29156.80,
871,3,0x17D90CC0C9cB61f27A5198c8a96f9eA19341b218,0x699e04ee6f1e9a666f25487e764f14eb78efe5879df9503b09f7b1f8540a8077,23658,32121,1484091,742045,0.040789,29630.48,29158.49,
871,1,0x627306090abaB3A6e1400e9345bC60c78a8BEf57,0xefe33c903789a93cada99e209f55b89f44e5f902c4628d1910448b64db8f8082,23658,32121,1484091,742045,0.040789,29672.21,29171.70,
871,2,0xf17f52151EbEF6C7334FAD080c5704D77216b732,0x31c8eed52d7f9a5c1576ba9fc25bc43213d3acd26ec6cd40936f6fa150c7d0e5,23658,32121,1484091,742045,0.040789,30616.49,30153.47,
872,1,0x627306090abaB3A6e1400e9345bC60c78a8BEf57,0x3ecdcc2f50c46df16ecac2eda560ec4fa197e04dae546817382bdfb7d8778f36,23659,32121,1499899,749949,0.041224,29672.74,29167.57,
872,2,0xf17f52151EbEF6C7334FAD080c5704D77216b732,0x10d38277254a767851e7073446a611ceee36aa5867f8e29bd6a2cc8c566a743b,23659,32121,1499899,749949,0.041224,29619.94,29154.39,
872,4,0x47242114086D2715A648d0391793730d2aB1CCa2,0x72b982dfc9257474202cde02d205486c61f748542fedbfdb19373fb1845d83f4,23659,32121,1499899,749949,0.041224,30620.03,30157.65,
872,3,0x17D90CC0C9cB61f27A5198c8a96f9eA19341b218,0xcbe05fa0765a65244b72e82bb9cfb3b6c762fd011839acbef9da3650fb6df262,23659,32121,1499899,749949,0.041224,30629.60,30157.07,
873,1,0x627306090abaB3A6e1400e9345bC60c78a8BEf57,0xbed393198274a688c5f139168ebfb2d3e73952a984394cd4e659341bbae451a1,23660,32121,1499899,749949,0.041224,29673.16,29168.07,
873,2,0xf17f52151EbEF6C7334FAD080c5704D77216b732,0xdd8205c418145f5d456afd18f73f903a433bcb80bac2ced3828cbbb953d2731e,23660,32121,1499899,749949,0.041224,29619.46,29155.09,
873,4,0x47242114086D2715A648d0391793730d2aB1CCa2,0xe753090d32bbefe7bd8ec15f7bce30362dafba737548ea4811c003771ddf61c8,23660,32121,1499899,749949,0.041224,29616.70,29153.68,
873,3,0x17D90CC0C9cB61f27A5198c8a96f9eA19341b218,0xd5a9c38751c91b912f7d31d6c848bf934f7237b2a54cb842c313c20da57390a5,23660,32121,1499899,749949,0.041224,29634.43,29159.02,
874,3,0x17D90CC0C9cB61f27A5198c8a96f9eA19341b218,0xb992a638ba95fffd6d344ccf10af69ab62a2d62c9367eef54d53e4c2eddf347b,23661,32121,1499899,749949,0.041224,29634.45,29160.19,
874,1,0x627306090abaB3A6e1400e9345bC60c78a8BEf57,0x5d644646c9b93edc1bdb9ea6cd1f1c578f7a79b1d9b24923c7f5806f2d96d6eb,23661,32121,1499899,749949,0.041224,30673.03,30167.36,
874,2,0xf17f52151EbEF6C7334FAD080c5704D77216b732,0x0dbb050ae5f7d89e24dc4416ebc13c039d85b1cf11d047dc0ba8b9df080d54ee,23661,32121,1499899,749949,0.041224,30621.02,30153.32,
874,4,0x47242114086D2715A648d0391793730d2aB1CCa2,0x77d18feb071c8cda7a008ee5c55b57d0835b4b0e71b0b368628c0fb0d39f8242,23661,32121,1499899,749949,0.041224,30620.15,30154.13,
875,2,0xf17f52151EbEF6C7334FAD080c5704D77216b732,0xdcd81086ccf3353fcfc8c0e785b92564b112be70a46c3a4d89daf244f9f2790a,23662,32121,1499899,749949,0.041224,29624.01,29155.17,
875,1,0x627306090abaB3A6e1400e9345bC60c78a8BEf57,0xa1b582a1fd8fe1c768b878de8246215c56c857955b573d3080322a2776f3dcf9,23662,32121,1499899,749949,0.041224,29673.37,29169.58,
875,4,0x47242114086D2715A648d0391793730d2aB1CCa2,0xfc43d8fd97bd64ab1cd766e17a8966b316891d0e8b7696656bf2772bf87bdfae,23662,32121,1499899,749949,0.041224,29637.06,29166.96,
875,3,0x17D90CC0C9cB61f27A5198c8a96f9eA19341b218,0x56221273df5e8bc174f2ec214f83dbb76b2c129f3125aa3566d64e28fdc9cfbf,23662,32121,1499899,749949,0.041224,30628.93,30155.96,
876,1,0x627306090abaB3A6e1400e9345bC60c78a8BEf57,0xd14cd45167cca9e5ca38c3dc268758ba5b6e3878b0fb7b14a41adf2636dbd2e6,23663,32121,1499899,749949,0.041224,29669.81,29167.55,
876,4,0x47242114086D2715A648d0391793730d2aB1CCa2,0xa243af051c00de0a970c3a46efbb31cf05c7e9ddff51594f2bef443d638dd486,23663,32121,1499899,749949,0.041224,29622.80,29153.51,
876,3,0x17D90CC0C9cB61f27A5198c8a96f9eA19341b218,0xf7eeaf881b189dcb52f165bdadf24bccff0831a7bffd1945c1d1d2c310acbe80,23663,32121,1499899,749949,0.041224,29634.61,29157.79,
876,2,0xf17f52151EbEF6C7334FAD080c5704D77216b732,0x84f4ec3144bdc862aa80b45687c892b5f3ec16b6dd276eaa1ec64f7b4d847a41,23663,32121,1499899,749949,0.041224,30639.68,30156.54,
877,3,0x17D90CC0C9cB61f27A5198c8a96f9eA19341b218,0xf1def43f74aba98374e59d5df03695b576e82cbcde18ecf08fef1e7e15d2df69,23664,32121,1499899,749949,0.041224,29635.30,29158.14,
877,2,0xf17f52151EbEF6C7334FAD080c5704D77216b732,0x199a1345e24b4e0a7ec098f42a6d7183f5fd6e38c4c5182cabb91bd65fcf5c68,23664,32121,1499899,749949,0.041224,29616.29,29153.83,
877,1,0x627306090abaB3A6e1400e9345bC60c78a8BEf57,0x6f0ed6f040e71890da4750a43bbb2f4533a6a5e77ffaefad4b4ad7df83df0521,23664,32121,1499899,749949,0.041224,30672.90,30166.62,
877,4,0x47242114086D2715A648d0391793730d2aB1CCa2,0xd2b65441d4a445268a0547c8f4463e30c23c8a48a1cf81ecba6a9d852ad6733f,23664,32121,1499899,749949,0.041224,30621.06,30156.93,
878,2,0xf17f52151EbEF6C7334FAD080c5704D77216b732,0x6ebcae27d267d603cc991be31a57f84a22ed71402f97eff2aaf7ee58e54b4545,23665,32121,1499899,749949,0.041224,29616.75,29153.72,
878,4,0x47242114086D2715A648d0391793730d2aB1CCa2,0x19a0b1db6532075abee923ed99bc73b964a76f02321a054b21f5cc4e9216e591,23665,32121,1499899,749949,0.041224,29615.87,29153.01,
878,1,0x627306090abaB3A6e1400e9345bC60c78a8BEf57,0xf84515139b5dfe325ca7b543f8e71e1939fb92fa8008ab5b3537364c5a4f4b04,23665,32121,1499899,749949,0.041224,29671.53,29167.96,
878,3,0x17D90CC0C9cB61f27A5198c8a96f9eA19341b218,0x002de33f259a8423d0d060e88e0d8cefd80bd8314bafd95110038261829fe8d1,23665,32121,1499899,749949,0.041224,30631.15,30157.35,
879,1,0x627306090abaB3A6e1400e9345bC60c78a8BEf57,0x645fb5139c4e078e59d2fddda1065fcea49cca2df656d20d65835bfb2fcc88c0,23666,32121,1499899,749949,0.041224,29673.39,29168.48,
879,3,0x17D90CC0C9cB61f27A5198c8a96f9eA19341b218,0xed1503aaf7e4ac80b7eafd40f5a3267b3f57736384de92b027d179e777370f8c,23666,32121,1499899,749949,0.041224,29628.28,29156.80,
879,2,0xf17f52151EbEF6C7334FAD080c5704D77216b732,0xfe199873b191c986d85e6780e1d827e817d6695f2229261c68a2d88ad9db7c0f,23666,32121,1499899,749949,0.041224,30614.52,30152.76,
879,4,0x47242114086D2715A648d0391793730d2aB1CCa2,0x6cdc9e0f004e66f79795bb4b73a6522bb91978c3631f7aec7f7d3a6717d189be,23666,32121,1499899,749949,0.041224,30619.87,30153.78,
880,3,0x17D90CC0C9cB61f27A5198c8a96f9eA19341b218,0x0c13459835d51d9469fb3550b3fadd420dbca80febfeb0441ae177c4e00a29b8,23667,32121,1499899,749949,0.041224,29631.42,29160.63,
880,2,0xf17f52151EbEF6C7334FAD080c5704D77216b732,0x8dd9b65c8f3e373f525876f80120533a65fa8b8d1864df7ac9b5bf341f09ac51,23667,32121,1499899,749949,0.041224,29613.99,29152.94,
880,4,0x47242114086D2715A648d0391793730d2aB1CCa2,0xaa4bf7a776693213ebcf8fceec33aa8647c3ded98adee2fa93a79e4a46aabafa,23667,32121,1499899,749949,0.041224,29616.99,29154.34,
880,1,0x627306090abaB3A6e1400e9345bC60c78a8BEf57,0xb066579071f15cced448cb584b74ee12c37dd8c86d40fadb3e340c087db76bba,23667,32121,1499899,749949,0.041224,30671.28,30168.18,
881,2,0xf17f52151EbEF6C7334FAD080c5704D77216b732,0xefa2f4a7e7ea742effa34d0f7ada93712057b4ae9eee88711a5c9ddfff08c20e,23668,32121,1499899,749949,0.041224,29618.29,29154.17,
881,4,0x47242114086D2715A648d0391793730d2aB1CCa2,0x15a4ce5fcd1e4c94fd97fe242de85942d8b2667d7574a0d93cb81f97dcf62e1a,23668,32121,1499899,749949,0.041224,29617.89,29153.86,
881,1,0x627306090abaB3A6e1400e9345bC60c78a8BEf57,0x347d14430c96128257b4ca3705ed7dd8698d4580012d82dfda8c3f8e05f85041,23668,32121,1499899,749949,0.041224,29681.05,29170.65,
881,3,0x17D90CC0C9cB61f27A5198c8a96f9eA19341b218,0x2e43eff213e65797b41d50aaabc711f808439d9716344048aeee0dd3b6b280af,23668,32121,1499899,749949,0.041224,30629.75,30156.29,
882,1,0x627306090abaB3A6e1400e9345bC60c78a8BEf57,0x9c352b01fae0c05cf652f7a98478fce27fe4e2e1562ccb3ca68f807df67335eb,23669,32121,1505156,752578,0.041368,29669.75,29168.12,
882,3,0x17D90CC0C9cB61f27A5198c8a96f9eA19341b218,0xf14abefc0b9e5f63697b5fc86ab1c1d4bd94a6984150da07ae246145e977f3de,23669,32121,1505156,752578,0.041368,29631.21,29159.64,
882,2,0xf17f52151EbEF6C7334FAD080c5704D77216b732,0x01f18d25e66f85e5ca85934f1b2ad62f1b0324545b8d1e5f4d9804e5b85e4345,23669,32121,1505156,752578,0.041368,30615.99,30153.21,
882,4,0x47242114086D2715A648d0391793730d2aB1CCa2,0xc6aa4dc250257c4f355621c71b97e6e89faf9cda93313de4c72ba0e3ebd4bf1f,23669,32121,1505156,752578,0.041368,30614.70,30154.61,
883,2,0xf17f52151EbEF6C7334FAD080c5704D77216b732,0x6e2aa0eeab0e14db11765af26ed47ce745307c70410c9bb6f1754c1e598db5db,23670,32121,1505156,752578,0.041368,29621.48,29155.64,
883,4,0x47242114086D2715A648d0391793730d2aB1CCa2,0xa6f78186f70c586ba02de8afd7b938e2d59fec36a65ca5411f80177cef4153e4,23670,32121,1505156,752578,0.041368,29614.42,29152.72,
883,1,0x627306090abaB3A6e1400e9345bC60c78a8BEf57,0x6d6ccb3269c8c6943185b5d83abad040c1636668e87a94d0822b56bfe509540f,23670,32121,1505156,752578,0.041368,30669.80,30168.87,
883,3,0x17D90CC0C9cB61f27A5198c8a96f9eA19341b218,0xfd46bc9d449952218e077f264d7af96670d0bde9d95ffb41c8d08db73d08204d,23670,32121,1505156,752578,0.041368,30634.25,30160.47,
884,4,0x47242114086D2715A648d0391793730d2aB1CCa2,0x67efacf75a583312df8674b186374b6be0304a875c5bc8cc5c476fa8a9246b8a,23671,32121,1513928,756964,0.041609,29619.61,29153.93,
884,1,0x627306090abaB3A6e1400e9345bC60c78a8BEf57,0x29a60832ec45f55d4fad8c23a4e7f8526894c0a9e2ce975c2c8f1304a54c2808,23671,32121,1513928,756964,0.041609,29675.65,29167.77,
884,3,0x17D90CC0C9cB61f27A5198c8a96f9eA19341b218,0x3eddac9d9a0ab9f506db8bcc6016dc64c01805de5767152685eb6c914127ace1,23671,32121,1513928,756964,0.041609,29639.75,29158.93,
884,2,0xf17f52151EbEF6C7334FAD080c5704D77216b732,0x69d2deba5dd27e00ad33d32335ed0bcec9c2c7c9b8bc6997299284603db7a116,23671,32121,1513928,756964,0.041609,30613.22,30153.64,
885,1,0x627306090abaB3A6e1400e9345bC60c78a8BEf57,0x01cb386aed14cf143b6fc02c6b1cc24792243eb562100a64b371b34954c5571d,23672,32121,1513928,756964,0.041609,29667.80,29167.61,
885,3,0x17D90CC0C9cB61f27A5198c8a96f9eA19341b218,0x586c9a504421beaa838d53398120b9e97cafa6092c46f6e4bd3ee31db260c4ca,23672,32121,1513928,756964,0.041609,29631.69,29159.71,
885,2,0xf17f52151EbEF6C7334FAD080c5704D77216b732,0x15fcc27155d11d61d9ccddc09e2a5adb3d3a9d83a24427d72add75051ac9ed52,23672,32121,1513928,756964,0.041609,29619.13,29154.54,
885,4,0x47242114086D2715A648d0391793730d2aB1CCa2,0x7c1bc7e14cd053c376aeddb248323b50aba0ab81e5c13dd84655b838e6f187c6,23672,32121,1513928,756964,0.041609,30621.42,30157.42,
886,2,0xf17f52151EbEF6C7334FAD080c5704D77216b732,0xabf986a00c710f3bcc8e07e551654f881689c87818481618675e2c6c628bc6d6,23673,32121,1513928,756964,0.041609,29618.60,29154.31,
886,4,0x47242114086D2715A648d0391793730d2aB1CCa2,0x3d56cc3a674baca37f072a9168c42d9c96374dd61790c591a1f897d903321259,23673,32121,1513928,756964,0.041609,29623.07,29154.74,
886,1,0x627306090abaB3A6e1400e9345bC60c78a8BEf57,0xf64837fe524574a4a59cac7c475debfee9cda76a38c921a4b4453cb46515a7b5,23673,32121,1513928,756964,0.041609,30673.28,30168.62,
886,3,0x17D90CC0C9cB61f27A5198c8a96f9eA19341b218,0x979330cc7e4814d9f05a52fa280d774f86c0bca99e9808927b2b3cb646ab7d3f,23673,32121,1513928,756964,0.041609,30632.02,30159.23,
887,1,0x627306090abaB3A6e1400e9345bC60c78a8BEf57,0xc1be2ad11ab2dbe3c3dc6a735d220ce8c9d84119168e4a86f7854e27028f990b,23674,32121,1513928,756964,0.041609,29670.34,29168.07,
887,3,0x17D90CC0C9cB61f27A5198c8a96f9eA19341b218,0x0621f26775042ff67a3581dd064d3024305bb60aff69809196c5e5251dfc062f,23674,32121,1513928,756964,0.041609,29629.57,29158.09,
887,2,0xf17f52151EbEF6C7334FAD080c5704D77216b732,0x64dba9ab6bce1a757d368ee06935215d7c892662189e85d5295991654b29691c,23674,32121,1513928,756964,0.041609,30620.82,30152.60,
887,4,0x47242114086D2715A648d0391793730d2aB1CCa2,0x8c9ffe755f8dfd2974e0f6fd5f1078740f37c8ed4ebf3e18ac76238e3205d93e,23674,32121,1513928,756964,0.041609,30628.30,30156.84,
888,3,0x17D90CC0C9cB61f27A5198c8a96f9eA19341b218,0xbdcb2236010b034db9e91134e27641f74f2e6e75e554d55384a4f5ad6fd03788,23675,32121,1513928,756964,0.041609,29630.32,29157.08,
888,1,0x627306090abaB3A6e1400e9345bC60c78a8BEf57,0xb4b9ee17027dccc6ab7bd273c30871f47471d2ef9e9eaeea3e25caf46223fdfb,23675,32121,1513928,756964,0.041609,29668.03,29167.66,
888,2,0xf17f52151EbEF6C7334FAD080c5704D77216b732,0x687ca77f52ad93034b4c2d5ccc08b1858572d393d31d42eb60292dbd19f33167,23675,32121,1513928,756964,0.041609,29623.30,29154.17,
888,4,0x47242114086D2715A648d0391793730d2aB1CCa2,0x89dffdac526a3fe43cf1af92944998c6acfa1e0fc9309ef191cff2e1e8c8a953,23675,32121,1513928,756964,0.041609,29621.41,29155.94,
889,2,0xf17f52151EbEF6C7334FAD080c5704D77216b732,0xf8b3f7258a68e8b32394b9fe452025733c58f14aee5e02a8003a71aaeae85c77,23676,32121,1513928,756964,0.041609,29622.43,29156.17,
889,4,0x47242114086D2715A648d0391793730d2aB1CCa2,0x75686a7694913ee81a1dc5dd1a7813744079e891fa86ee326694a610f82f396f,23676,32121,1513928,756964,0.041609,29626.01,29153.32,
889,3,0x17D90CC0C9cB61f27A5198c8a96f9eA19341b218,0xb0ae9bb45c7320c713fc8d905bfa350acf7f14139156beef60fe7e31ae249090,23676,32121,1513928,756964,0.041609,30630.60,30159.10,
889,1,0x627306090abaB3A6e1400e9345bC60c78a8BEf57,0x64fade24c578f83681fade8e63d2bfce991d56402250c545e438d88bddc54232,23676,32121,1513928,756964,0.041609,30671.57,30167.29,
890,3,0x17D90CC0C9cB61f27A5198c8a96f9eA19341b218,0x7ee2fe8bea9145e351d923cacb4be5530112a556069fa867e18f2abb5a2444d8,23677,32121,1516990,758495,0.041694,29635.99,29157.10,
890,1,0x627306090abaB3A6e1400e9345bC60c78a8BEf57,0xb775c000dbb31faa44a26c0d84ceb9b99676e02e6ee4a1845643d3f3027548b0,23677,32121,1516990,758495,0.041694,29671.96,29167.46,
890,2,0xf17f52151EbEF6C7334FAD080c5704D77216b732,0xedb74fc69f0f48c102f4ad9f42f924bed0c3c9948d61a4a16e8a8535ba8aae7b,23677,32121,1516990,758495,0.041694,30622.78,30154.51,
890,4,0x47242114086D2715A648d0391793730d2aB1CCa2,0xdbc4d91f99eb7fe4c4a9881ebf92882eccaa01d8f2d666f9dea7801ee1ca74a5,23677,32121,1516990,758495,0.041694,30611.02,30153.90,
891,3,0x17D90CC0C9cB61f27A5198c8a96f9eA19341b218,0x4c8a6330d41494bfa0bf6d18fa3b03a391dc6cb600f168225f0572cdabfd5eb6,23678,32121,1516990,758495,0.041694,29631.93,29159.73,
891,1,0x627306090abaB3A6e1400e9345bC60c78a8BEf57,0x765d99d7787b5a3dd05f3a40143a3582ff4df44c96dc316c02ddf04690074b23,23678,32121,1516990,758495,0.041694,29668.51,29168.02,
891,2,0xf17f52151EbEF6C7334FAD080c5704D77216b732,0xb7c2df312e2ddc313e0bb409ccdbe7829db01cd9d3c574ca7ba00405a4c46457,23678,32121,1516990,758495,0.041694,29616.07,29153.63,
891,4,0x47242114086D2715A648d0391793730d2aB1CCa2,0x0610600a305b702785d3b93e2efa870a98b5cd655e9357e084897652e3135102,23678,32121,1516990,758495,0.041694,29614.70,29152.62,
892,4,0x47242114086D2715A648d0391793730d2aB1CCa2,0xc73a8db32c6f65366a8a06871e44d62f5bc60116c25f32ab2f08318099a10dc8,23679,32121,1527002,763501,0.041969,29614.98,29152.34,
892,3,0x17D90CC0C9cB61f27A5198c8a96f9eA19341b218,0x297392f8b099c7860ba459f98702eacb095349972423a62eb02cfcbafd78e790,23679,32121,1527002,763501,0.041969,30631.88,30157.29,
892,1,0x627306090abaB3A6e1400e9345bC60c78a8BEf57,0xd940ac67f9e2e7c7ff236625801c6e99571383f0dad1364c1cfbd090ee1b4cb1,23679,32121,1527002,763501,0.041969,30671.69,30170.01,
892,2,0xf17f52151EbEF6C7334FAD080c5704D77216b732,0x3876152a498bbe4287df9e055ca89284e88b8e932ce62d7cebd31efb0aa14991,23679,32121,1527002,763501,0.041969,30618.34,30156.05,
893,3,0x17D90CC0C9cB61f27A5198c8a96f9eA19341b218,0x44fb21ffbdfbbeea45b401a3509b8b49ce9b17ee5fdf84c318b38557523dc182,23680,32121,1527002,763501,0.041969,29629.45,29157.42,
893,1,0x627306090abaB3A6e1400e9345bC60c78a8BEf57,0x67ece0be61b5437ea219e34417c9a854e939659385b2b731fad6ab05b78e099a,23680,32121,1527002,763501,0.041969,29672.28,29169.39,
893,2,0xf17f52151EbEF6C7334FAD080c5704D77216b732,0x0e056410c49c59887248b766ea995e303a876b59e350148f243f96fc15990de5,23680,32121,1527002,763501,0.041969,29626.96,29155.98,
893,4,0x47242114086D2715A648d0391793730d2aB1CCa2,0x800458881ec8cac352b1fc7b1477cb20f8697ea4b12a24afc6c8d6829af0de1a,23680,32121,1527002,763501,0.041969,30614.61,30153.68,
894,2,0xf17f52151EbEF6C7334FAD080c5704D77216b732,0x00e88f4ea64212196651ff058f2f7aa553fdab0a88d836e88307677a4b62362e,23681,32121,1527002,763501,0.041969,29629.67,29160.72,
894,1,0x627306090abaB3A6e1400e9345bC60c78a8BEf57,0x37e41fce2c063bd1fa841fd51faba33672d87224692fc1e08ccdc0620dd9d682,23681,32121,1527002,763501,0.041969,29680.65,29170.54,
894,4,0x47242114086D2715A648d0391793730d2aB1CCa2,0x6c181ebce3db24452567a0a532e1c1a8c212aa03f5ee4f2452a29698a0a06a5b,23681,32121,1527002,763501,0.041969,29637.34,29179.61,
894,3,0x17D90CC0C9cB61f27A5198c8a96f9eA19341b218,0x6ad025659efd0cfab4432170e7fcddb506509582bb7623e5597964bf5647b51d,23681,32121,1527002,763501,0.041969,30631.87,30157.40,
895,3,0x17D90CC0C9cB61f27A5198c8a96f9eA19341b218,0x50759f00f38f9311447ce0709bb99db3eb047d2919df68fea70792fa489becb6,23682,32121,1527002,763501,0.041969,29632.01,29158.81,
895,2,0xf17f52151EbEF6C7334FAD080c5704D77216b732,0xb59dc08815fd8feb3249f011479de6549dbe3a37295cfaad7fb04e68cf2dc83d,23682,32121,1527002,763501,0.041969,30641.15,30157.05,
895,1,0x627306090abaB3A6e1400e9345bC60c78a8BEf57,0x225d09cfcab4912ff9e83b4e3d484f8e5de6fd647eb596f4b1a465f8c50fac21,23682,32121,1527002,763501,0.041969,30720.27,30178.85,
895,4,0x47242114086D2715A648d0391793730d2aB1CCa2,0x78f93c0f07d1243d626dd08dca69315e4e7b25b9bb09022bf6a9bc3931226453,23682,32121,1527002,763501,0.041969,30621.89,30155.74,
896,3,0x17D90CC0C9cB61f27A5198c8a96f9eA19341b218,0xa37daaa830a901c5b4e933d7a0f1caaec6aedd8b1184172df1bf9a4cc0bdd87a,23683,32121,1527002,763501,0.041969,29651.42,29158.21,
896,2,0xf17f52151EbEF6C7334FAD080c5704D77216b732,0x5de7357fcb06e46b72d8b29d4c24b758873cb7a83bc3d520ab02c04e56b6112f,23683,32121,1527002,763501,0.041969,29637.46,29157.36,
896,4,0x47242114086D2715A648d0391793730d2aB1CCa2,0x872481129c9dea67b4fbfb2cda2728b1fb9e906af3eed338e17cd809ad912ea1,23683,32121,1527002,763501,0.041969,29632.96,29156.58,
896,1,0x627306090abaB3A6e1400e9345bC60c78a8BEf57,0x1ffdf094a9dedfbcc13c89d096c73c67a44df502eb295679f3eb3bc2409ddcb8,23683,32121,1527002,763501,0.041969,29697.92,29167.69,
897,2,0xf17f52151EbEF6C7334FAD080c5704D77216b732,0x8dc4583f9c66b0d0bf84eb8570d2166aa553b8579a1469dc8893c060480282fc,23684,32121,1527002,763501,0.041969,29633.05,29160.95,
897,4,0x47242114086D2715A648d0391793730d2aB1CCa2,0x822cfc4fde7df89df03ebdbb2608ebf80b3572d21c7b3b32dd25fdae9e9a7c7e,23684,32121,1527002,763501,0.041969,29625.18,29159.38,
897,1,0x627306090abaB3A6e1400e9345bC60c78a8BEf57,0xeb9a6c0a7b26c92a0fd6eaa63d0d5b76adc537b17cf99db356cee81899725cd5,23684,32121,1527002,763501,0.041969,29654.78,29150.92,
897,3,0x17D90CC0C9cB61f27A5198c8a96f9eA19341b218,0x4d1cecbe395837a9645551b806ef1a936b367b7d9661d94b154832606dac0371,23684,32121,1527002,763501,0.041969,30645.65,30159.25,
898,3,0x17D90CC0C9cB61f27A5198c8a96f9eA19341b218,0x38d2db3ef73f71c181a326a073b6b7c42f8699e2ffee4d00100b1fa3c54952b8,23685,32121,1529527,764763,0.042038,29640.03,29160.65,
898,2,0xf17f52151EbEF6C7334FAD080c5704D77216b732,0x38225b7b11e3d056c514b591567a62e3c8953a2eecad31ba69e5ab3db5e56760,23685,32121,1529527,764763,0.042038,30671.64,30180.50,
898,4,0x47242114086D2715A648d0391793730d2aB1CCa2,0xba1c323a6e26a5fba72ed983b5be7b4daf6324d26ba3972812c1080a654c7eb2,23685,32121,1529527,764763,0.042038,30678.96,30165.61,
898,1,0x627306090abaB3A6e1400e9345bC60c78a8BEf57,0x5732fd1bbcc742adcc7bc2f27acbad2ec8050a1374e262ef4d5e5f7f8838c568,23685,32121,1529527,764763,0.042038,30620.61,30159.78,
899,3,0x17D90CC0C9cB61f27A5198c8a96f9eA19341b218,0xbfa8186d196bbf9daed55332129f1a0803d95543107b34ce3e9138f5f9ca4fd3,23686,32121,1529527,764763,0.042038,29651.68,29155.83,
899,2,0xf17f52151EbEF6C7334FAD080c5704D77216b732,0x46796d86ed79dc97b4b98beeca8d479c2cf2a6b9079f5649e18f8bc8b4b79b39,23686,32121,1529527,764763,0.042038,29645.86,29160.95,
899,1,0x627306090abaB3A6e1400e9345bC60c78a8BEf57,0xa720a842b2bfdfb6ecffefa0e4beb8bda1fc05009ec4ba5bbd1bab262a0d4a7f,23686,32121,1529527,764763,0.042038,29611.52,29150.01,
899,4,0x47242114086D2715A648d0391793730d2aB1CCa2,0xd8066bf189de6ab618cd79ce853904962db10d07dae91d99897e4d2d54a1e67c,23686,32121,1529527,764763,0.042038,29636.40,29157.16,
900,2,0xf17f52151EbEF6C7334FAD080c5704D77216b732,0x0ef66490b7577272000007652fd0d99264bb0016253cac47a2a0acbeed42fecb,23687,32121,1532838,766419,0.042129,29654.28,29167.15,
900,1,0x627306090abaB3A6e1400e9345bC60c78a8BEf57,0xcd6c248f709d46489c12c1003eb5c24ae1243ba92890e04a3cdb6c91789523d1,23687,32121,1532838,766419,0.042129,29611.80,29152.41,
900,4,0x47242114086D2715A648d0391793730d2aB1CCa2,0xab3587c15ba671ae6522801b730a5b660cbb9b600ba92d0e3ec3a23c2f1c5e23,23687,32121,1532838,766419,0.042129,29634.16,29159.67,
900,3,0x17D90CC0C9cB61f27A5198c8a96f9eA19341b218,0x8c2a9ad9fd532a0d3108b546e373a917b201ec7d4d4af4298d6d71889f266c61,23687,32121,1532838,766419,0.042129,30651.47,30156.56,
901,3,0x17D90CC0C9cB61f27A5198c8a96f9eA19341b218,0x6ffbd36d3f7447e73edc0cdfc3f3295f3ef1d08c458aad1b32386434282e9afd,23688,32121,1532838,766419,0.042129,29630.74,29157.82,
901,2,0xf17f52151EbEF6C7334FAD080c5704D77216b732,0x0b9b65180bc63f4203204941c38890068fec6391333a81d42203c429bc520be3,23688,32121,1532838,766419,0.042129,30642.13,30160.80,
901,1,0x627306090abaB3A6e1400e9345bC60c78a8BEf57,0x1137c90fb33fdfad30ff7c69aa5f9f2b492678051f4b78bec7b64d9c12a18041,23688,32121,1532838,766419,0.042129,30605.23,30150.38,
901,4,0x47242114086D2715A648d0391793730d2aB1CCa2,0xc29d8fad7402d4a46edcfd042c35d017c96071a2215a1a30fe0b9bb38e4c16df,23688,32121,1532838,766419,0.042129,30631.98,30159.54,
902,3,0x17D90CC0C9cB61f27A5198c8a96f9eA19341b218,0x72ac7a904c79c602d8be07a8ee89b01df7c927cd37ce67871f031fe51f32f24e,23689,32121,1538963,769481,0.042297,29635.15,29157.12,
902,1,0x627306090abaB3A6e1400e9345bC60c78a8BEf57,0x09a5c688d1b12030c1fb1f03701a947a696a5d7410569fd7ad32e90167e8af50,23689,32121,1538963,769481,0.042297,29607.84,29151.03,
902,2,0xf17f52151EbEF6C7334FAD080c5704D77216b732,0x7f2faa3078fe287bbef3af049f0fa49641b09e879d06fd09df30204a3b2df281,23689,32121,1538963,769481,0.042297,29645.55,29161.86,
902,4,0x47242114086D2715A648d0391793730d2aB1CCa2,0x8de628e863b0334d022e3eebe55fae2e87c344787e637339acce0fba8f9d0b07,23689,32121,1538963,769481,0.042297,29635.62,29158.24,
903,4,0x47242114086D2715A648d0391793730d2aB1CCa2,0x982d54c106433b0c06bdcb8bbd421cc13717c9d575c8621a9d2e494daafd7ca9,23690,32121,1538963,769481,0.042297,29635.25,29159.19,
903,3,0x17D90CC0C9cB61f27A5198c8a96f9eA19341b218,0xf47a1d8696d5a1ce1dcae883369ce0bdeb79e4ed0735e5b2556791784a47222f,23690,32121,1538963,769481,0.042297,30628.09,30155.22,
903,1,0x627306090abaB3A6e1400e9345bC60c78a8BEf57,0xec16be06cfb4676dd9e60aad771e802a7af8f2a481966aac54b3fea0ef54d379,23690,32121,1538963,769481,0.042297,30601.10,30150.64,
903,2,0xf17f52151EbEF6C7334FAD080c5704D77216b732,0x153ea3159a166d5e117b4e3453de845490375b015931f667561b11fc8ef6aa6c,23690,32121,1538963,769481,0.042297,30648.14,30166.97,
904,3,0x17D90CC0C9cB61f27A5198c8a96f9eA19341b218,0xfd18bfdf9aa5f8c37ca9c3b1763c0b6f146558f0ce351a97acbe2985dae70402,23691,32121,1538963,769481,0.042297,29621.49,29156.74,
904,1,0x627306090abaB3A6e1400e9345bC60c78a8BEf57,0xc17c52376efd840e5f714a351dd713db407bd6de4d5e5a8b7149cd94e1764430,23691,32121,1538963,769481,0.042297,29603.52,29152.19,
904,2,0xf17f52151EbEF6C7334FAD080c5704D77216b732,0x0df7de4156afa160f02810f5212e3fde9a5c34d2de553936bd2ad4d5b26d0930,23691,32121,1538963,769481,0.042297,29641.90,29161.26,
904,4,0x47242114086D2715A648d0391793730d2aB1CCa2,0x6a0e2b056ea673ac0c8c9386532952934f3ab6625a3d1868b09dea62f9415eae,23691,32121,1538963,769481,0.042297,30634.05,30157.87,
905,1,0x627306090abaB3A6e1400e9345bC60c78a8BEf57,0x663cda3a6c22b5da44d2f62ff27198331bccd91e46762cb92011b75aa85e728c,23692,32121,1544509,772254,0.042450,29605.63,29152.69,
905,2,0xf17f52151EbEF6C7334FAD080c5704D77216b732,0xecbbc5c0ccc811f214d0a9c21aa29b9393a77028b4834b970d25d8a6fb040fcb,23692,32121,1544509,772254,0.042450,29641.32,29161.61,
905,4,0x47242114086D2715A648d0391793730d2aB1CCa2,0x609af17387a88c87fdddb77209d712178067b4b3ddcc20a4a0f50e81a999f09f,23692,32121,1544509,772254,0.042450,29632.62,29159.09,
905,3,0x17D90CC0C9cB61f27A5198c8a96f9eA19341b218,0x607f7c91341cf1350d0027a4a76f1f69e5f925a410aa4677b97b9de2162ab9bb,23692,32121,1544509,772254,0.042450,30626.00,30158.08,
906,3,0x17D90CC0C9cB61f27A5198c8a96f9eA19341b218,0x12ef1d671fd51f96c5b7ce22f00246ab4c1bb57c7e23bdbda5948eed76ffc283,23693,32121,1544509,772254,0.042450,29633.83,29158.94,
906,1,0x627306090abaB3A6e1400e9345bC60c78a8BEf57,0xb1322b44bc3961fb022963f32b9cbde15a18a811e1ed6d6a06d6b96a5d1d7fd2,23693,32121,1544509,772254,0.042450,30602.97,30150.54,
906,2,0xf17f52151EbEF6C7334FAD080c5704D77216b732,0xea78dc4a71b476b887e5e7504c72982bbcee0e46b469049a2de0cb6a6bc0aee1,23693,32121,1544509,772254,0.042450,30644.75,30160.49,
906,4,0x47242114086D2715A648d0391793730d2aB1CCa2,0x0442bfd06710b3051040a74d7a064a1a38ed3f25525f4ffba915b5a70b5918ad,23693,32121,1544509,772254,0.042450,30632.51,30157.84,
907,3,0x17D90CC0C9cB61f27A5198c8a96f9eA19341b218,0x780087a4356c236cd1d609eea0498c94307c7feb073d2b989cdc47edc2d6b477,23694,32121,1544509,772254,0.042450,29621.46,29155.96,
907,1,0x627306090abaB3A6e1400e9345bC60c78a8BEf57,0x9017c0bbcf1d9971547b05940a1f0fcb2f45d5781d14390f85ff8e920b148091,23694,32121,1544509,772254,0.042450,29611.13,29153.48,
907,2,0xf17f52151EbEF6C7334FAD080c5704D77216b732,0x9a2627e2ce7a79f7d985d5b4e76baf33370dc010c23c2cdf2a734b94181fa20f,23694,32121,1544509,772254,0.042450,29646.41,29161.78,
907,4,0x47242114086D2715A648d0391793730d2aB1CCa2,0x176a50d05c937d88d2eef710966e833e3cda154e621ada804229310cd78edab3,23694,32121,1544509,772254,0.042450,29633.09,29158.21,
908,2,0xf17f52151EbEF6C7334FAD080c5704D77216b732,0xb118191c0c9053f16896771c33a4a03c6ccb58963c37cb6450419fb4edb69854,23695,32121,1553117,776558,0.042686,29648.75,29162.67,
908,4,0x47242114086D2715A648d0391793730d2aB1CCa2,0x3fbed0defafdd057e59a7ef33be4c15472e9a61d2585d8a04a66663ee384c68b,23695,32121,1553117,776558,0.042686,29633.43,29157.03,
908,3,0x17D90CC0C9cB61f27A5198c8a96f9eA19341b218,0x41a537594d179355f9b3c16eb5d123196cb18c23f6c4ecf06f9af790e98f614a,23695,32121,1553117,776558,0.042686,30623.19,30155.73,
908,1,0x627306090abaB3A6e1400e9345bC60c78a8BEf57,0xb11aaf92bd5a53bb97e5670091796c6c427fdf42d3a41724d418acffdf4bd06d,23695,32121,1553117,776558,0.042686,30609.48,30152.25,
909,3,0x17D90CC0C9cB61f27A5198c8a96f9eA19341b218,0xa2b51035bfa5b22c3fbc495492609c4b62262c98982f55810dd9860b4c33daf9,23696,32121,1553117,776558,0.042686,29625.79,29157.16,
909,1,0x627306090abaB3A6e1400e9345bC60c78a8BEf57,0xed51df129ad203f4c3ef97265c2ba9a6a3cf422ba85768e8b3c7cf94eefcb7c6,23696,32121,1553117,776558,0.042686,29605.07,29151.94,
909,4,0x47242114086D2715A648d0391793730d2aB1CCa2,0x2a25399c5b3d2043cac37e2729f07537737cd160370f1411ae6f7722955bf05f,23696,32121,1553117,776558,0.042686,30631.09,30156.87,
909,2,0xf17f52151EbEF6C7334FAD080c5704D77216b732,0xa74f5ade9fe74785a5115013feb8a14ca8592932dc165db9d0f5e3ca8fb195c7,23696,32121,1553117,776558,0.042686,30643.14,30161.08,
910,3,0x17D90CC0C9cB61f27A5198c8a96f9eA19341b218,0xddfeb6bf3b30ba670b74c98d02a3644680956b0ce5e903b07d9e05761daf592f,23697,32121,1553117,776558,0.042686,29626.21,29156.45,
910,1,0x627306090abaB3A6e1400e9345bC60c78a8BEf57,0x59935b433b61ef89478763baeee417f42e470aff8465ad7005c822ee7ba1cb9e,23697,32121,1553117,776558,0.042686,29604.01,29150.16,
910,4,0x47242114086D2715A648d0391793730d2aB1CCa2,0xc7ce748d3c81f226bd760735507961315cc7bfaadc126993169ebf5f478172fd,23697,32121,1553117,776558,0.042686,29632.52,29156.94,
910,2,0xf17f52151EbEF6C7334FAD080c5704D77216b732,0xe8a553b3dcb5a6827aa81dacac180572da2d185312d4460281a4f449e203111f,23697,32121,1553117,776558,0.042686,29648.35,29163.08,
911,4,0x47242114086D2715A648d0391793730d2aB1CCa2,0xdf9406c0e23e0a1c5f7e1a917c4f9c820584d4da97a123924cde6c002b8c059d,23698,32121,1553406,776703,0.042694,29635.54,29160.70,
911,2,0xf17f52151EbEF6C7334FAD080c5704D77216b732,0x83a4d8c91c5696020e21a07bff0e4a8ce686683c1cde3661bbd1e8f9da108da3,23698,32121,1553406,776703,0.042694,29643.33,29161.39,
911,3,0x17D90CC0C9cB61f27A5198c8a96f9eA19341b218,0x498e0fd856a745dd47ee6ae7601b79ad5a5d34247f64da234589ea590075689a,23698,32121,1553406,776703,0.042694,30629.26,30157.54,
911,1,0x627306090abaB3A6e1400e9345bC60c78a8BEf57,0x4e7ebc876b8493b5e789008e5e9e1ea088d13c1644f1e3db139b9fbffc54514a,23698,32121,1553406,776703,0.042694,30606.51,30149.98,
912,3,0x17D90CC0C9cB61f27A5198c8a96f9eA19341b218,0xa5c91db769c2f6dd8d3c9055c1a0725cecaf614d1a2cf2914a5d37b6ec138ab0,23699,32121,1568593,784296,0.043112,29630.25,29158.40,
912,1,0x627306090abaB3A6e1400e9345bC60c78a8BEf57,0x94794fde0c3c8332c0a6498c111afa66a3be4d178682024aaa6fcf2ce2174892,23699,32121,1568593,784296,0.043112,29603.62,29151.31,
912,4,0x47242114086D2715A648d0391793730d2aB1CCa2,0x02cd4b1031945d18843cfab33c8e6b5b2da0e94cee56c86df9883b14601afde4,23699,32121,1568593,784296,0.043112,30640.49,30158.85,
912,2,0xf17f52151EbEF6C7334FAD080c5704D77216b732,0x0e03f2e6617c33b165af13d121ca48082f3cf6fce6538afae76b21079a9db979,23699,32121,1568593,784296,0.043112,30640.49,30159.04,
913,4,0x47242114086D2715A648d0391793730d2aB1CCa2,0xf2bdf3e5e13d66371f61b7de22daa0c301f6c44323addc16040863dc7294a5dd,23700,32121,1568593,784296,0.043112,29632.35,29156.75,
913,2,0xf17f52151EbEF6C7334FAD080c5704D77216b732,0xfb88a54e89214225d6cbae669d77423defc8ff1a8b1bed8cec212232eb4e8b3a,23700,32121,1568593,784296,0.043112,29644.34,29161.42,
913,3,0x17D90CC0C9cB61f27A5198c8a96f9eA19341b218,0x31e31f58468eea15d95fb0c2a54a04bbb92ab5b77908687ee5222ee7d6a53fcd,23700,32121,1568593,784296,0.043112,30627.79,30157.57,
913,1,0x627306090abaB3A6e1400e9345bC60c78a8BEf57,0x804847de0655e8326c567059ba2a27b6ac0830cbcfd1eab8a041c84d04f93756,23700,32121,1568593,784296,0.043112,30601.12,30149.96,
914,2,0xf17f52151EbEF6C7334FAD080c5704D77216b732,0xb4e53368618cc22fb33438cb049499c310c381c8587186b572ee6ad23bb55dd0,23701,32121,1568593,784296,0.043112,29647.35,29160.48,
914,1,0x627306090abaB3A6e1400e9345bC60c78a8BEf57,0xeaab6542542d71696099012c9852b64b90bb559785add217d1d68f4fa78a84c7,23701,32121,1568593,784296,0.043112,29603.25,29151.13,
914,3,0x17D90CC0C9cB61f27A5198c8a96f9eA19341b218,0xfce57f6bd2e11b4f27556b5e46f965c642424daeb08ada2fe834c06ce6c7520b,23701,32121,1568593,784296,0.043112,29622.64,29154.13,
914,4,0x47242114086D2715A648d0391793730d2aB1CCa2,0x1930a9e65e942fb69de18bde5fe2defb6ccfac68d5b5cfb9aaa8f06059157392,23701,32121,1568593,784296,0.043112,30636.06,30158.70,
915,1,0x627306090abaB3A6e1400e9345bC60c78a8BEf57,0x25fae1156e7956390e6c023e53b82cfb483c1b5c2eae2d14a08908c9d222424c,23702,32121,1568593,784296,0.043112,29605.76,29152.42,
915,3,0x17D90CC0C9cB61f27A5198c8a96f9eA19341b218,0x50f0eb73055859a881c67a934e2427cfd7b41ad4219dade6a01cf38bd22e2f96,23702,32121,1568593,784296,0.043112,29630.02,29158.74,
915,4,0x47242114086D2715A648d0391793730d2aB1CCa2,0x741b9d6d4cf76148380773085f77219aa48ecf9bcbcd85ee97712b8f3b20ae7f,23702,32121,1568593,784296,0.043112,29638.59,29158.08,
915,2,0xf17f52151EbEF6C7334FAD080c5704D77216b732,0x0808f3dbef38cfbe4f480b039673edd4e919173d2f9091e65047fb52637d3cca,23702,32121,1568593,784296,0.043112,30643.86,30161.32,
916,4,0x47242114086D2715A648d0391793730d2aB1CCa2,0x2b31bd90a448fe77c234ff1253de7ffe23ab154c9081b0a70de1fd3e84f751fd,23703,32121,1568593,784296,0.043112,29637.02,29159.62,
916,2,0xf17f52151EbEF6C7334FAD080c5704D77216b732,0xc8ac3d1901b0bb5a378af72958c7cc243303476e37539826d0c517279a952a29,23703,32121,1568593,784296,0.043112,29643.95,29161.83,
916,1,0x627306090abaB3A6e1400e9345bC60c78a8BEf57,0x2327a31242023e6c79849e41793f0c2a953b87e9467d7f143257686e9d2c70dc,23703,32121,1568593,784296,0.043112,30604.08,30149.57,
916,3,0x17D90CC0C9cB61f27A5198c8a96f9eA19341b218,0xc38ab07d07f626dd674b86f71aeeeb9ebbec8d9ccfa2e3d0d1afddfb4de3b1a8,23703,32121,1568593,784296,0.043112,30630.05,30156.78,
917,1,0x627306090abaB3A6e1400e9345bC60c78a8BEf57,0xc9a27544b8ac797e04d34978a6a7e40f97d618774fa461d507034440fd8c1427,23704,32121,1568593,784296,0.043112,29611.39,29152.70,
917,3,0x17D90CC0C9cB61f27A5198c8a96f9eA19341b218,0x925c29b0b8cc70f744ce3886e6cea1d080cfda01c0cfa14b40e482dbff7208aa,23704,32121,1568593,784296,0.043112,29626.69,29157.53,
917,4,0x47242114086D2715A648d0391793730d2aB1CCa2,0x85ec386a58625b727590df3f23cb246c47c1980fbbef19014033f4432bd1500c,23704,32121,1568593,784296,0.043112,30634.76,30159.36,
917,2,0xf17f52151EbEF6C7334FAD080c5704D77216b732,0x6ebf470e0cdc9ba3623d1f16baf3e69d9ee6afae2f7b93709026bfea416dbf0e,23704,32121,1568593,784296,0.043112,30640.90,30160.16,
918,3,0x17D90CC0C9cB61f27A5198c8a96f9eA19341b218,0x43b7f62c51d79281877fdc7f92a1b8a3c4234d8e6a3ecbd8b5e9df34db8b11a0,23705,32121,1568593,784296,0.043112,29629.56,29156.57,
918,4,0x47242114086D2715A648d0391793730d2aB1CCa2,0xdd2b4d8bc909c4bd91585a101b7a856483b8146d71f404c5f89cc1efeafe363c,23705,32121,1568593,784296,0.043112,29630.96,29158.64,
918,2,0xf17f52151EbEF6C7334FAD080c5704D77216b732,0x55b9899e4f25e9a27fa7fdbe250d615c462e51d1c1b1f0adc88efa1e019afa53,23705,32121,1568593,784296,0.043112,29643.30,29161.54,
918,1,0x627306090abaB3A6e1400e9345bC60c78a8BEf57,0x7a0cbeae800be600eaf414ae9b15c8679fb552abc88d44654fc08bd0cfac46ed,23705,32121,1568593,784296,0.043112,30602.57,30150.07,
919,4,0x47242114086D2715A648d0391793730d2aB1CCa2,0x160fb6a915d5f5520e3b2fbb7672d9c5c937855b3ed3ae56c41f9a01189ac9c3,23706,32121,1568593,784296,0.043112,29630.04,29156.57,
919,2,0xf17f52151EbEF6C7334FAD080c5704D77216b732,0x1b69e762b335000c118e9fa4d2e2e436211833eabff0b09534d914752a211b4e,23706,32121,1568593,784296,0.043112,29645.55,29161.33,
919,1,0x627306090abaB3A6e1400e9345bC60c78a8BEf57,0x116c2e7f5e911cd6e51ade980e5e1d00a5a0a33e3e27336cac77e1927b44f24e,23706,32121,1568593,784296,0.043112,29601.57,29150.33,
919,3,0x17D90CC0C9cB61f27A5198c8a96f9eA19341b218,0xa21b85209d338ae968692202745f935801d5153554d067a28a74e0466563ae1a,23706,32121,1568593,784296,0.043112,30624.07,30154.72,
920,1,0x627306090abaB3A6e1400e9345bC60c78a8BEf57,0xae0446a55fbe2735e1e65c380258eadb7274ca680163cf1506d26c11b75dd7f9,23707,32121,1568593,784296,0.043112,29604.51,29151.68,
920,3,0x17D90CC0C9cB61f27A5198c8a96f9eA19341b218,0x48c133a045a2d95342af4623ecd60d3e25f21778f1141a120727582d0a9f6330,23707,32121,1568593,784296,0.043112,29623.18,29154.89,
920,4,0x47242114086D2715A648d0391793730d2aB1CCa2,0x88273bdb7ef7b078f163bc8234a400ce107535866806dd35d44b39d6187d5e8f,23707,32121,1568593,784296,0.043112,30630.74,30159.15,
920,2,0xf17f52151EbEF6C7334FAD080c5704D77216b732,0x28b113e7508dfcb125fa0691619f521bf1d55632b5e44c412862c670f196fb9d,23707,32121,1568593,784296,0.043112,30637.74,30160.76,
921,4,0x47242114086D2715A648d0391793730d2aB1CCa2,0x7aab1d5ea27a3ea2cc8861923a42040f15903eca660ab96070d6c3aa78805216,23708,32121,1568593,784296,0.043112,29632.92,29157.21,
921,2,0xf17f52151EbEF6C7334FAD080c5704D77216b732,0xa3b4c875c54327960f375ba1ecfd66faffc83c075722c21432e701a30ddadfbe,23708,32121,1568593,784296,0.043112,29642.87,29159.39,
921,1,0x627306090abaB3A6e1400e9345bC60c78a8BEf57,0x650a8466df24de43955c3d6953be0b0174079957ef0916593e6057feeda6a0c4,23708,32121,1568593,784296,0.043112,30605.05,30152.13,
921,3,0x17D90CC0C9cB61f27A5198c8a96f9eA19341b218,0xcd535989935b0e1655852a1efee00b767ab6f4e5d4f6c412658a2d65f8538b75,23708,32121,1568593,784296,0.043112,30636.74,30156.72,
922,4,0x47242114086D2715A648d0391793730d2aB1CCa2,0x053a6404cb0a0bfe180b1e629d25bf509a64e46c0aa9f7baeddf1551e5d2a24c,23709,32121,1568593,784296,0.043112,29635.97,29158.92,
922,2,0xf17f52151EbEF6C7334FAD080c5704D77216b732,0x3292c4b2f1550ea78a042e4d9669d445dac522348e9766a46095a4bb6c0d6cf4,23709,32121,1568593,784296,0.043112,29645.71,29161.65,
922,1,0x627306090abaB3A6e1400e9345bC60c78a8BEf57,0xa8304edb0519ec81c57fb240d3d881e09d0f3b14558ad7d0c86edf33fdf9dc80,23709,32121,1568593,784296,0.043112,29603.51,29149.17,
922,3,0x17D90CC0C9cB61f27A5198c8a96f9eA19341b218,0xa7d809ba297bc35f11a9ed1cb28fc8f4c255bfa365c631fc591ca65eef2645b5,23709,32121,1568593,784296,0.043112,29626.79,29157.27,
923,1,0x627306090abaB3A6e1400e9345bC60c78a8BEf57,0xef1711c5977f6b617ea5fd58a59e63c8be97d98bab5f32f3db707b24dd995dee,23710,32121,1572938,786469,0.043231,29612.03,29149.84,
923,3,0x17D90CC0C9cB61f27A5198c8a96f9eA19341b218,0xbd09d6d72c8c3754fba9a9e81b48f507e7a08f972bda4987ade11ab9bf595cab,23710,32121,1572938,786469,0.043231,29625.82,29155.94,
923,4,0x47242114086D2715A648d0391793730d2aB1CCa2,0xcdd0219f6225bc0553499ca4f02149ec97384b7d58b773432143451679bdc641,23710,32121,1572938,786469,0.043231,30637.53,30158.20,
923,2,0xf17f52151EbEF6C7334FAD080c5704D77216b732,0xaeb2eea4399dc268a2fd9f1a86f4d3d2ce47cdb7b8fa7d986e258336dda2af2e,23710,32121,1572938,786469,0.043231,30640.97,30159.46,
924,4,0x47242114086D2715A648d0391793730d2aB1CCa2,0x8d1000c82cd86fa1e7266f43ec1ef9f212f559c87e5de80d936a4fc2209fb29a,23711,32121,1572938,786469,0.043231,29632.10,29158.94,
924,2,0xf17f52151EbEF6C7334FAD080c5704D77216b732,0x36d5c219c0f77c060e74923913d441cd3dc552629eccccf7cc7fbc294bd83dec,23711,32121,1572938,786469,0.043231,29645.82,29162.24,
924,1,0x627306090abaB3A6e1400e9345bC60c78a8BEf57,0xc338959386dfd03ff045e8fd88570629f3793e3e2d676b54b9c13e2cf93f90c3,23711,32121,1572938,786469,0.043231,30610.16,30149.70,
924,3,0x17D90CC0C9cB61f27A5198c8a96f9eA19341b218,0xe3cfa85a830c08c4bfffb533aed16b34f928204aa8363dcf429ebb1a54939909,23711,32121,1572938,786469,0.043231,30625.51,30156.59,
925,2,0xf17f52151EbEF6C7334FAD080c5704D77216b732,0x6a77cb60d2eec3cdc95ab8a393a7d3aef88e22e7595d02c977f89a58bbdb8016,23712,32121,1575421,787710,0.043300,29640.07,29159.78,
925,1,0x627306090abaB3A6e1400e9345bC60c78a8BEf57,0x7784950189b345f8c6e7563d91b1844146f705c9a87235df6eedfe7e8852cd6d,23712,32121,1575421,787710,0.043300,29609.43,29154.00,
925,3,0x17D90CC0C9cB61f27A5198c8a96f9eA19341b218,0xb6392f216707f883ce34e0f59a088fe27beb07ab95a6be08a3ad7a715e96691a,23712,32121,1575421,787710,0.043300,29627.22,29156.03,
925,4,0x47242114086D2715A648d0391793730d2aB1CCa2,0x54e8b40c7103485412c34feed56a1ce906d749f17e8fd6cc033b488f454b9e0b,23712,32121,1575421,787710,0.043300,30632.03,30157.06,
926,3,0x17D90CC0C9cB61f27A5198c8a96f9eA19341b218,0x3922156f3180dcd93ccd967de7ae8518c06b5cb109dc2f5b0742e1cd17b265fc,23713,32121,1575421,787710,0.043300,29626.20,29155.67,
926,4,0x47242114086D2715A648d0391793730d2aB1CCa2,0x80ec2f0ebafca6c2b98ea8bc5a933d9b1a27d4e0874fcb366abef5597a874f73,23713,32121,1575421,787710,0.043300,29661.96,29182.99,
926,2,0xf17f52151EbEF6C7334FAD080c5704D77216b732,0x979098eaf56487491b033839e0a0818bb4005ee1d0306f9af42d5c731902c445,23713,32121,1575421,787710,0.043300,30673.31,30193.32,
926,1,0x627306090abaB3A6e1400e9345bC60c78a8BEf57,0x20ff27be920263f5e3c7c52758cadeb24127a0a43bfba7f32d345e3a37765c6a,23713,32121,1575421,787710,0.043300,30627.16,30165.78,
927,4,0x47242114086D2715A648d0391793730d2aB1CCa2,0x8239848d2ce3fdbe8bf5279926b875c7e7971d65fecc57e745287624bf9c3269,23714,32121,1583200,791600,0.043513,29635.59,29157.83,
927,2,0xf17f52151EbEF6C7334FAD080c5704D77216b732,0x38069c2b58075ccaac5c216fddad8d8af37d1dc846f895b9430b40c63b6e6f33,23714,32121,1583200,791600,0.043513,29703.40,29160.69,
927,1,0x627306090abaB3A6e1400e9345bC60c78a8BEf57,0xa3dbc25b1ae1cc4459878f2088aad5b7a65d704e81da725504c98086dbf70c54,23714,32121,1583200,791600,0.043513,29681.68,29153.12,
927,3,0x17D90CC0C9cB61f27A5198c8a96f9eA19341b218,0xf5e86d2a20815b452c09fa5cb78d2639060fcf73b5314f84fd968b2476e79a06,23714,32121,1583200,791600,0.043513,30687.44,30155.27,
928,2,0xf17f52151EbEF6C7334FAD080c5704D77216b732,0x03eedc126eab506816503ecb172307e19c7d8ee6367370deb3989771ca46e8f3,23715,32121,1583200,791600,0.043513,29628.09,29149.35,
928,1,0x627306090abaB3A6e1400e9345bC60c78a8BEf57,0x8296aabd020b5d22a1e677a639b0acb19b35e0b72005ca7d6525b0139563668a,23715,32121,1583200,791600,0.043513,29608.31,29151.75,
928,3,0x17D90CC0C9cB61f27A5198c8a96f9eA19341b218,0x97df3eaf24f7a56f8407058cafb881968b22edeed4d25385e14a539b17a512d0,23715,32121,1583200,791600,0.043513,29618.51,29150.62,
928,4,0x47242114086D2715A648d0391793730d2aB1CCa2,0xb7a30f86ddaaf92b6ee9027092e1ea19e88175a356e19a52ec3e8afdb3cda52f,23715,32121,1583200,791600,0.043513,30629.21,30155.86,
929,3,0x17D90CC0C9cB61f27A5198c8a96f9eA19341b218,0x31be89c4ca264ad42d8b7011d42a27bf57a8085c351b1d99d224d4063321386d,23716,32121,1583200,791600,0.043513,29605.70,29155.91,
929,4,0x47242114086D2715A648d0391793730d2aB1CCa2,0x0ce8e538bf936dc41ec0e9b4b9d981a92858074116f8522c3b81683d3e4fd25c,23716,32121,1583200,791600,0.043513,29637.32,29157.24,
929,2,0xf17f52151EbEF6C7334FAD080c5704D77216b732,0xd9616d89876d935f54c1b5c8c4237d50878c73e1a559ce5ce23130f5cfc8309f,23716,32121,1583200,791600,0.043513,30597.74,30149.81,
929,1,0x627306090abaB3A6e1400e9345bC60c78a8BEf57,0xc9d88ff35a164f5f7120a0b46304a3316a45bab910418c4ee19cee79591e20d2,23716,32121,1583200,791600,0.043513,30598.86,30149.62,
930,4,0x47242114086D2715A648d0391793730d2aB1CCa2,0xb2234780aefddcae514e540e93daa2dab31561df48fce8bf059043ebb771a3db,23717,32121,1583200,791600,0.043513,29625.83,29157.25,
930,2,0xf17f52151EbEF6C7334FAD080c5704D77216b732,0x9537a60d0b3f423f79a40bca5322d0e17a22d5d8595bb7c4b39db34f323fa568,23717,32121,1583200,791600,0.043513,29602.06,29151.11,
930,1,0x627306090abaB3A6e1400e9345bC60c78a8BEf57,0x8ec0bb49f79025382c0d45ae75df135d14af0eca1158dfc6c4abe38be31dfb78,23717,32121,1583200,791600,0.043513,29597.39,29151.16,
930,3,0x17D90CC0C9cB61f27A5198c8a96f9eA19341b218,0x2b31b4febd23d8fea8d35d8351bb39d9c2f4f6bd44ffdbdccb0c14899fdd909d,23717,32121,1583200,791600,0.043513,30600.53,30148.98,
931,3,0x17D90CC0C9cB61f27A5198c8a96f9eA19341b218,0x3c5885d9c84407fafbc491ad3910ef4994c3fbaabdf0b958d70db12e6322b4ca,23718,32121,1583491,791745,0.043521,29597.72,29149.26,
931,4,0x47242114086D2715A648d0391793730d2aB1CCa2,0x76f5b16e21de31365b3833999658eaefea767a559b0863d127458edc1b8d4552,23718,32121,1583491,791745,0.043521,30625.50,30156.02,
931,2,0xf17f52151EbEF6C7334FAD080c5704D77216b732,0xf5d44f81fc60cc27444a04ab891546afa49d5b873f70a5b848481807df0db99c,23718,32121,1583491,791745,0.043521,30597.97,30148.84,
931,1,0x627306090abaB3A6e1400e9345bC60c78a8BEf57,0x44a4bd35b155ed651535f1a7509c95d262402afff40f84add794668d92fd60e3,23718,32121,1583491,791745,0.043521,30595.45,30147.11,
932,4,0x47242114086D2715A648d0391793730d2aB1CCa2,0x2e72f34d650dfc340416172c3ea2c64a1a65bd11fcb661f089647b13b6402bc7,23719,32121,1585767,792883,0.043584,29620.54,29155.92,
932,2,0xf17f52151EbEF6C7334FAD080c5704D77216b732,0x62952843e02ae9b61c46ddec571768e1db2d22f87918a69b3585eb9b2c6377d6,23719,32121,1585767,792883,0.043584,29599.32,29150.46,
932,1,0x627306090abaB3A6e1400e9345bC60c78a8BEf57,0x9afd2476d336a563d20541fbeb721dada1c0894a638d042d8ff46cda066702bd,23719,32121,1585767,792883,0.043584,29596.02,29149.48,
932,3,0x17D90CC0C9cB61f27A5198c8a96f9eA19341b218,0xadb26d5dcf4a4f3a8e99421c18df34d944e3cd90cd3cf498eec9ab370a44ac3c,23719,32121,1585767,792883,0.043584,30604.62,30152.09,
933,4,0x47242114086D2715A648d0391793730d2aB1CCa2,0x75de0d02824f88203472e296f8602fd13ca62b185b31c113bc4573029f41a781,23720,32121,1593216,796608,0.043789,29627.29,29158.29,
933,2,0xf17f52151EbEF6C7334FAD080c5704D77216b732,0xe6c7e5776cc336d976a84353d0161d99d72ceda9cc840b76a886862632b5f074,23720,32121,1593216,796608,0.043789,29602.39,29151.03,
933,1,0x627306090abaB3A6e1400e9345bC60c78a8BEf57,0x0f6f0e2778fb41cbf7998158e46c709127e0ca0863ab1879f0140d9c02f0dc77,23720,32121,1593216,796608,0.043789,29600.31,29150.74,
933,3,0x17D90CC0C9cB61f27A5198c8a96f9eA19341b218,0xd7db3d5dac66acb11511617afc0976fcaf3af522362c6a774accaf1e146b6175,23720,32121,1593216,796608,0.043789,29601.56,29150.77,
934,3,0x17D90CC0C9cB61f27A5198c8a96f9eA19341b218,0x7a9b4b62a289ecd46e6d612a2b4964d71d18112fd421d5cd385ac8f3611a61b3,23721,32121,1593216,796608,0.043789,29608.23,29155.57,
934,4,0x47242114086D2715A648d0391793730d2aB1CCa2,0xded134a8588bfa1a8c1e51e94c00e31525cc5ec23635801dda84567c151b77c0,23721,32121,1593216,796608,0.043789,30626.17,30156.12,
934,2,0xf17f52151EbEF6C7334FAD080c5704D77216b732,0x6e39673672a5642d4ebf1e1f98c2831cf2494bc373b5403b84d88320fba7d90a,23721,32121,1593216,796608,0.043789,30599.29,30148.86,
934,1,0x627306090abaB3A6e1400e9345bC60c78a8BEf57,0x251a252ef23adc1a01e51897c2069d45b31553310b58021b66d9fb805f123f77,23721,32121,1593216,796608,0.043789,30596.90,30149.03,
935,4,0x47242114086D2715A648d0391793730d2aB1CCa2,0x7e131fd8e22301128b8a174eddfeb3a53e284f8bed2308499c3a8f2bc45f011c,23722,32121,1593216,796608,0.043789,29624.44,29156.55,
935,2,0xf17f52151EbEF6C7334FAD080c5704D77216b732,0x495addd4e9dacbba49fccc2cf342f7d08e9133bd8875daa473e8cee5203ee41f,23722,32121,1593216,796608,0.043789,29594.87,29148.56,
935,1,0x627306090abaB3A6e1400e9345bC60c78a8BEf57,0x0670de8d1027601795a54d06e892430d1f04307af68c00365b9420fa7ae1b23d,23722,32121,1593216,796608,0.043789,29598.27,29150.97,
935,3,0x17D90CC0C9cB61f27A5198c8a96f9eA19341b218,0x96b10376becab97c3a6dc60ae8a4c22f945195c8b0a96a1a63fc7ded9a46e407,23722,32121,1593216,796608,0.043789,30602.91,30152.28,
936,3,0x17D90CC0C9cB61f27A5198c8a96f9eA19341b218,0xbabb4e26a1d6381efe6d629d2dd3d0522fc32277c9975f1ca0c699f4f3ddbfa3,23723,32121,1593216,796608,0.043789,29603.94,29150.35,
936,4,0x47242114086D2715A648d0391793730d2aB1CCa2,0xf89c02be1f9c7fc0c1fbc36b935034d9fffd51f604ce90e9f736bdbfeed1f0b9,23723,32121,1593216,796608,0.043789,30622.18,30154.84,
936,2,0xf17f52151EbEF6C7334FAD080c5704D77216b732,0x0f785a1c6c835d92d67df367f5d08716805cd1345e20fe4c2b561c5e5a8d995d,23723,32121,1593216,796608,0.043789,30613.03,30148.81,
936,1,0x627306090abaB3A6e1400e9345bC60c78a8BEf57,0xd3529d5d6e47e90156784d5e8e1d43fa974b1b9ef25886e9a645ff79bad29b65,23723,32121,1593216,796608,0.043789,30607.15,30147.50,
937,2,0xf17f52151EbEF6C7334FAD080c5704D77216b732,0xd59e414235efe50396938152eb7759d8d1f2c6775761b16dfcc941dbec83fc04,23724,32121,1599630,799815,0.043965,29628.08,29170.27,
937,1,0x627306090abaB3A6e1400e9345bC60c78a8BEf57,0xbf62159f69f9c8199f00abec25de1a9e66d27432c6bc5d15c75fb874d2565090,23724,32121,1599630,799815,0.043965,29626.69,29167.80,
937,4,0x47242114086D2715A648d0391793730d2aB1CCa2,0x48f47d1d2bfd183d2ba355e3170070208fcfe6db310b984268d1bd0cfce6035b,23724,32121,1599630,799815,0.043965,29653.64,29181.06,
937,3,0x17D90CC0C9cB61f27A5198c8a96f9eA19341b218,0xfed969296cfc7883d1bee564e3107d76492bcb92d3f7d7412eab2cb0f27d682f,23724,32121,1599630,799815,0.043965,30605.18,30153.81,
938,2,0xf17f52151EbEF6C7334FAD080c5704D77216b732,0x2a563834aa1faab527bf4728815afd342685490206a518e1971a64d686793602,23725,32121,1599630,799815,0.043965,29610.09,29154.53,
938,1,0x627306090abaB3A6e1400e9345bC60c78a8BEf57,0x4ff63d0d2b7325bd328d259eab67caff3ed07427202c7aa0079389d92a424112,23725,32121,1599630,799815,0.043965,29621.25,29152.93,
938,4,0x47242114086D2715A648d0391793730d2aB1CCa2,0x16145730856f65c494addc983cd545d70c2d39fdae616f10d20e1c4a12fb4a80,23725,32121,1599630,799815,0.043965,29664.69,29180.88,
938,3,0x17D90CC0C9cB61f27A5198c8a96f9eA19341b218,0xc891633afdc70f7e790d7763a56cf069ab6506e69406fda7da8721c464565edc,23725,32121,1599630,799815,0.043965,29611.49,29157.19,
939,3,0x17D90CC0C9cB61f27A5198c8a96f9eA19341b218,0xb86b8fd7bc24bdf4c4829921873d53ce9b6aaedbedb9fa734dc173a125816d16,23726,32121,1599630,799815,0.043965,29610.76,29151.76,
939,2,0xf17f52151EbEF6C7334FAD080c5704D77216b732,0x4e57c891cd0162318beceac15df0f51aaec0467bdedb1798eef7193f080e0be9,23726,32121,1599630,799815,0.043965,30619.96,30149.74,
939,1,0x627306090abaB3A6e1400e9345bC60c78a8BEf57,0x71b82b7210ec70094d4028a3339d9af44d80d7c21df454d5326ee135dca9df0e,23726,32121,1599630,799815,0.043965,30619.07,30152.54,
939,4,0x47242114086D2715A648d0391793730d2aB1CCa2,0x405a2ba5d6b4fef06a1e20d84d0b4cff2da7900224a13e4879e0fbf46a29a355,23726,32121,1599630,799815,0.043965,30636.19,30158.85,
940,2,0xf17f52151EbEF6C7334FAD080c5704D77216b732,0x6fbad2beab4494f8b23758abd92ded72056d5771e186bfc6ec42ac4d3a3555db,23727,32121,1599630,799815,0.043965,29605.56,29150.63,
940,1,0x627306090abaB3A6e1400e9345bC60c78a8BEf57,0x5c9d3faeca2cde6415b3fb0bf8b94200da203f6e8ccb73747ee5ccb5cd46c082,23727,32121,1599630,799815,0.043965,29607.77,29153.14,
940,4,0x47242114086D2715A648d0391793730d2aB1CCa2,0xd781c65d018fb333c791adf41940a3bf5cb148fabadc4dcc574d5fcb9b222fcf,23727,32121,1599630,799815,0.043965,29636.57,29157.65,
940,3,0x17D90CC0C9cB61f27A5198c8a96f9eA19341b218,0xf26044db443022d86bfdaca0028f940f24e3978c8f61c4e4b87eb1d09fe87533,23727,32121,1599630,799815,0.043965,30608.38,30152.80,
941,2,0xf17f52151EbEF6C7334FAD080c5704D77216b732,0x8bbbcf82520afa80e17fd62571200f64789c6f7c78c0fdc83d996882ab427ac7,23728,32121,1615479,807739,0.044400,29615.73,29158.37,
941,1,0x627306090abaB3A6e1400e9345bC60c78a8BEf57,0xdad205ad9b56b0352d01bcde679cb9398812a11b6dda0b5b8dfddfc2032856c3,23728,32121,1615479,807739,0.044400,29613.59,29152.34,
941,4,0x47242114086D2715A648d0391793730d2aB1CCa2,0x787c96268618b8ebb0834e4404d7e0259b3305bf2f806346c8c8cdec137027d6,23728,32121,1615479,807739,0.044400,29643.45,29161.35,
941,3,0x17D90CC0C9cB61f27A5198c8a96f9eA19341b218,0x2a211ddeb34ea1c6756f4962e68e196584b4bd8be15b2f9e64fca4a44da65d19,23728,32121,1615479,807739,0.044400,29614.84,29156.17,
942,2,0xf17f52151EbEF6C7334FAD080c5704D77216b732,0x7cae04ba3b618dd72853623fc8b3f1ef603e18fbfc46d4841ac1c4f10270c149,23729,32121,1615479,807739,0.044400,30625.34,30156.85,
942,1,0x627306090abaB3A6e1400e9345bC60c78a8BEf57,0xc1387002a771e1730aebceddd617105f6ea0b7edd5d0213b8e9c650b01d44992,23729,32121,1615479,807739,0.044400,30628.97,30158.15,
942,4,0x47242114086D2715A648d0391793730d2aB1CCa2,0x25f0fe6e4744fb02e3ae732395625de3bf76499f83e334da79ba8b014be3090f,23729,32121,1615479,807739,0.044400,30632.82,30158.32,
942,3,0x17D90CC0C9cB61f27A5198c8a96f9eA19341b218,0x34120d42b6b2f85495374b06c7d8448edb12143a51b9a9392e573df5b4b7642f,23729,32121,1615479,807739,0.044400,30605.12,30150.34,
943,2,0xf17f52151EbEF6C7334FAD080c5704D77216b732,0x730f91bd2cc6f4cf05a78ff3d99ccb524f84d2a9fbae17f14d96989828be553e,23730,32121,1615479,807739,0.044400,29604.12,29148.42,
943,1,0x627306090abaB3A6e1400e9345bC60c78a8BEf57,0x5475f9d44f4d5b0cbf4f35f934953f9a11eb13466a8c9a54d034e7e5d61033a6,23730,32121,1615479,807739,0.044400,29602.34,29149.08,
943,4,0x47242114086D2715A648d0391793730d2aB1CCa2,0xf10dfa47b38f117dd090a913ec2d482dc40189ac8c274d59986202f898a0b6d8,23730,32121,1615479,807739,0.044400,29625.93,29154.10,
943,3,0x17D90CC0C9cB61f27A5198c8a96f9eA19341b218,0xd3f14379d5992a0d90368d5eef1e3fffbcf1758cb0c5591fec3758f472d3a6c6,23730,32121,1615479,807739,0.044400,29608.57,29152.63,
944,4,0x47242114086D2715A648d0391793730d2aB1CCa2,0x353683396e40c476c0f9d14d6fa1ce2e06b2218a6c003a8f9449aba723554c98,23731,32121,1615479,807739,0.044400,29625.30,29155.87,
944,3,0x17D90CC0C9cB61f27A5198c8a96f9eA19341b218,0x623d86fde4301428059e74b220b2a6a0ea185a771ef947e3d7049dd51526ea19,23731,32121,1615479,807739,0.044400,29601.66,29151.51,
944,2,0xf17f52151EbEF6C7334FAD080c5704D77216b732,0x2c7beac5ac244126ed1eabbbf47425769ea4d14977d647086846b7a123b0530a,23731,32121,1615479,807739,0.044400,30599.79,30148.53,
944,1,0x627306090abaB3A6e1400e9345bC60c78a8BEf57,0xbb3d9cb206887eb33343219e6ab78549a99522c97f7e28148c01e57e05f30d69,23731,32121,1615479,807739,0.044400,30604.68,30149.44,
945,2,0xf17f52151EbEF6C7334FAD080c5704D77216b732,0xbb5892b670eafb463dac9939eda168cc0d9e2483d86151670cb3fb04dac1bdde,23732,32121,1615479,807739,0.044400,29595.02,29148.63,
945,1,0x627306090abaB3A6e1400e9345bC60c78a8BEf57,0x383fe2b55a410aa420f6a97908d0b2f2487fefd0998e31fb99bbb7ecac3ca8e4,23732,32121,1615479,807739,0.044400,29599.74,29149.71,
945,4,0x47242114086D2715A648d0391793730d2aB1CCa2,0x96487473eb7af517993539da8c2b17803101e0e6bcf30f2b82a9c499dd8f7387,23732,32121,1615479,807739,0.044400,30625.67,30157.33,
945,3,0x17D90CC0C9cB61f27A5198c8a96f9eA19341b218,0x692e870237225638fb21ac2305ebfb10d44bc6fcd304ee7b9236abc4148e1612,23732,32121,1615479,807739,0.044400,30604.60,30151.55,
946,2,0xf17f52151EbEF6C7334FAD080c5704D77216b732,0x0e42e80ca2304f13fe9111eb439c8287953f63b3e0b9da8feec97417fbb152bc,23733,32121,1615479,807739,0.044400,29598.78,29148.14,
946,1,0x627306090abaB3A6e1400e9345bC60c78a8BEf57,0xe7f82fdfccfa538a3d07173b85e82dd06b583338259fa96a1bda8c735dec8d1d,23733,32121,1615479,807739,0.044400,29594.69,29148.06,
946,4,0x47242114086D2715A648d0391793730d2aB1CCa2,0xd854768dd35c4ee9490d25dfda44dcfb9bf499c73df3483e082e8dc365c22835,23733,32121,1615479,807739,0.044400,29628.37,29157.69,
946,3,0x17D90CC0C9cB61f27A5198c8a96f9eA19341b218,0x789a4307844d35b3b6c2f601225521b513f5eda1a4209afd1dc75cd0738ef0cc,23733,32121,1615479,807739,0.044400,29601.28,29150.97,
947,2,0xf17f52151EbEF6C7334FAD080c5704D77216b732,0x591c3b8f158f34036a30a29cdba6d1c9d5fbbc1d3186352a1c9cac04946d099e,23734,32121,1615479,807739,0.044400,30599.82,30150.63,
947,1,0x627306090abaB3A6e1400e9345bC60c78a8BEf57,0x55c9350079510a2ba3b547ffe092399a41f4e519e369cd437e1c8506fe6851bc,23734,32121,1615479,807739,0.044400,30603.11,30150.65,
947,4,0x47242114086D2715A648d0391793730d2aB1CCa2,0x8f8141c74930f43cfa991a0b52f907e59fc5c9c096b5a73e12ed68cf8ee9427f,23734,32121,1615479,807739,0.044400,30627.56,30157.46,
947,3,0x17D90CC0C9cB61f27A5198c8a96f9eA19341b218,0x2b6c5985987f00b5d0ca7e273ff0a7b3d1bbe29ffd9e56657682bce0be31981f,23734,32121,1615479,807739,0.044400,30605.40,30150.60,
948,2,0xf17f52151EbEF6C7334FAD080c5704D77216b732,0xcb6ecfd0fddf27eec0577406c1b96f84841dca1552310c759ce510726feb006a,23735,32121,1615479,807739,0.044400,29600.49,29151.80,
948,1,0x627306090abaB3A6e1400e9345bC60c78a8BEf57,0xb95f3834cdfcdb7c864da95b392bed7e81548c4e8ac7b810b15d38b2664cbd9e,23735,32121,1615479,807739,0.044400,29600.59,29152.11,
948,3,0x17D90CC0C9cB61f27A5198c8a96f9eA19341b218,0x8ad9f4d9f1741d2eac5dc13a41676d3b9ad5aca730e503213e5de5456e1acba2,23735,32121,1615479,807739,0.044400,29604.04,29152.45,
948,4,0x47242114086D2715A648d0391793730d2aB1CCa2,0x54c5bf984fb024d5bad3d87bbd3a4cb06fb9a08af643045abf5353e8c4d78715,23735,32121,1615479,807739,0.044400,29626.44,29157.18,
949,3,0x17D90CC0C9cB61f27A5198c8a96f9eA19341b218,0x325b6e2537790786276e299a1ef0d43efc4ff5cd1332461ebf6219dd06a31e89,23736,32121,1618540,809270,0.044485,29603.77,29150.72,
949,4,0x47242114086D2715A648d0391793730d2aB1CCa2,0x2d1f0397c4db8bc3911233924db9ded077494e5735c3da2030f45fd519d2f2e6,23736,32121,1618540,809270,0.044485,29631.04,29157.10,
949,2,0xf17f52151EbEF6C7334FAD080c5704D77216b732,0x26519d3282988993a87e329e779eb70eaa3ca8cbdc6923036915acefc6bc8967,23736,32121,1618540,809270,0.044485,30601.15,30153.40,
949,1,0x627306090abaB3A6e1400e9345bC60c78a8BEf57,0x9caf7d4889c5f85ecd1c17e95bd065be95edd02cb9ea7eea995090ff1fc600ed,23736,32121,1618540,809270,0.044485,30603.66,30148.06,
950,2,0xf17f52151EbEF6C7334FAD080c5704D77216b732,0x2b5f3034010536fbd550b20afde63fe40f2dbd4ef8d7622f0ab6030c3b0f3697,23737,32121,1618540,809270,0.044485,29594.24,29149.16,
950,1,0x627306090abaB3A6e1400e9345bC60c78a8BEf57,0x9c64a0b496fb556df8715600d15bc516c30783ebf8434f20b890db046684f842,23737,32121,1618540,809270,0.044485,29594.07,29149.59,
950,3,0x17D90CC0C9cB61f27A5198c8a96f9eA19341b218,0x59f2e707883d458e5d528717f4b2cffe44506aa9955bd1e59d936b982d63ed3f,23737,32121,1618540,809270,0.044485,30599.84,30150.83,
950,4,0x47242114086D2715A648d0391793730d2aB1CCa2,0xbbd2b08c66ca48628e2c8f1df942f4de96198801985337e4df21601c622e7461,23737,32121,1618540,809270,0.044485,30623.94,30156.52,
951,2,0xf17f52151EbEF6C7334FAD080c5704D77216b732,0x9bc702bf5a13595756f8f517e3b683904e78c5d3893027ce244e1d2a93d69dc3,23738,32121,1618540,809270,0.044485,29596.27,29148.02,
951,1,0x627306090abaB3A6e1400e9345bC60c78a8BEf57,0xa6bac9ece483a59c63d4c2f4e2758172c7a9747f0efe71d932741432735fc0ea,23738,32121,1618540,809270,0.044485,29597.79,29148.72,
951,3,0x17D90CC0C9cB61f27A5198c8a96f9eA19341b218,0x2f1c386049f6bf1896fcb49fc05b99502465544265b6be254a3eb34f65ac28e4,23738,32121,1618540,809270,0.044485,29602.10,29151.15,
951,4,0x47242114086D2715A648d0391793730d2aB1CCa2,0xac6753b5d954a08f5ca71f63614a203240d9b4268b6330074c4827702f8b64e0,23738,32121,1618540,809270,0.044485,29622.09,29155.25,
952,4,0x47242114086D2715A648d0391793730d2aB1CCa2,0xc3725bde8622c378effedba659b49ef245e852bd6b70c2362475afb560804733,23739,32121,1618540,809270,0.044485,29627.05,29157.13,
952,2,0xf17f52151EbEF6C7334FAD080c5704D77216b732,0x2b12bec777b692760df6bbaea8baa365110e07d32b7c04c64ad972f5d1aedd31,23739,32121,1618540,809270,0.044485,30596.53,30149.44,
952,1,0x627306090abaB3A6e1400e9345bC60c78a8BEf57,0xd343d0541fe867ce40b74dc369163b828c18880bc68c51f7f18c699f8afe01d9,23739,32121,1618540,809270,0.044485,30600.13,30149.89,
952,3,0x17D90CC0C9cB61f27A5198c8a96f9eA19341b218,0x5fbdb97af5655ec7a5e54ee39d24007fe6594dd44f2aa6393d50bfa7f83a4367,23739,32121,1618540,809270,0.044485,30603.73,30149.56,
953,2,0xf17f52151EbEF6C7334FAD080c5704D77216b732,0x549bb8776f80a971993b957852420d47a73c1be67ec78d32752313c9bc0f0ce2,23740,32121,1623010,811505,0.044608,29596.69,29149.11,
953,1,0x627306090abaB3A6e1400e9345bC60c78a8BEf57,0x0d5eab3ad82c289faa63ab89819d239ee3b8494cab80c58c89362ab6bc1ae265,23740,32121,1623010,811505,0.044608,29601.77,29150.50,
953,3,0x17D90CC0C9cB61f27A5198c8a96f9eA19341b218,0xaf3a5fd1378f24313d6cc1767e497e95514735dfd34ef58ac0c577cbc5c1b9b3,23740,32121,1623010,811505,0.044608,29605.55,29150.12,
953,4,0x47242114086D2715A648d0391793730d2aB1CCa2,0x95fb1a344484e221ee129daa542618538764b0a16507a3f1a2f1cd5d73e914c5,23740,32121,1623010,811505,0.044608,30626.90,30156.31,
954,3,0x17D90CC0C9cB61f27A5198c8a96f9eA19341b218,0x19d72970bb8cafe7b76771fcd3fbbb8a6e288395932b2b71b3c738b86551b193,23741,32121,1623010,811505,0.044608,29599.32,29149.97,
954,4,0x47242114086D2715A648d0391793730d2aB1CCa2,0x9a6af234e10e15a70e20f8145b2c16071cf8f91951332c6c96ff100bcd078003,23741,32121,1623010,811505,0.044608,29623.50,29157.47,
954,2,0xf17f52151EbEF6C7334FAD080c5704D77216b732,0x40d7516cbab901555a8974f6c9903cf4c1197cd202683f684c7db77150b85ee7,23741,32121,1623010,811505,0.044608,30597.33,30149.21,
954,1,0x627306090abaB3A6e1400e9345bC60c78a8BEf57,0xa982c36a8c19aa24a54f4109bbe3277e90c0e71312dd9ed7c831e6faa121515d,23741,32121,1623010,811505,0.044608,30600.74,30150.60,
955,2,0xf17f52151EbEF6C7334FAD080c5704D77216b732,0x094c83f54fef836a1510db1adf030985b0cacedb380d57c2dea7899d2f8b96ff,23742,32121,1623010,811505,0.044608,29595.38,29149.67,
955,1,0x627306090abaB3A6e1400e9345bC60c78a8BEf57,0x30f23c6c86e762b0138421f835945f24cf537d9373a9d3c4e696a7347e7fd7dd,23742,32121,1623010,811505,0.044608,29600.78,29148.67,
955,3,0x17D90CC0C9cB61f27A5198c8a96f9eA19341b218,0x4bf569c55bb8172e41dfa64917cb4061cbcc90e8898549e534d4ec07dd412e74,23742,32121,1623010,811505,0.044608,30605.79,30149.52,
955,4,0x47242114086D2715A648d0391793730d2aB1CCa2,0xbc01559322be181178309aaebb27857760a17b3c1f75ac968a3411c3aff9b7ca,23742,32121,1623010,811505,0.044608,30628.38,30159.86,
956,2,0xf17f52151EbEF6C7334FAD080c5704D77216b732,0x0f1f17a8f57295e9d50cf6f63e7a985f87211ad206ad9a8b1df58c3adccdd7f6,23743,32121,1642170,821085,0.045134,29611.56,29163.13,
956,1,0x627306090abaB3A6e1400e9345bC60c78a8BEf57,0xecbb1cd4d6a0f08c8618c9477eab619b4183731ec5e5a9820931dbd16f642951,23743,32121,1642170,821085,0.045134,29599.04,29151.54,
956,3,0x17D90CC0C9cB61f27A5198c8a96f9eA19341b218,0x0a5c8c4ffe140205c9ebbab93943f367e5907c907c7724f6911bab465b41908f,23743,32121,1642170,821085,0.045134,29598.52,29150.23,
956,4,0x47242114086D2715A648d0391793730d2aB1CCa2,0x0ed92886c3d0a6eca3ebcdd680dc0f65715896602574bf72ae6722b0c388c0f0,23743,32121,1642170,821085,0.045134,29625.11,29157.37,
957,4,0x47242114086D2715A648d0391793730d2aB1CCa2,0xe5668d95e7490ef50dce38e074c0335c8adda73c22b3055fbf20b8276c34cd28,23744,32121,1642170,821085,0.045134,29628.92,29157.42,
957,2,0xf17f52151EbEF6C7334FAD080c5704D77216b732,0x289fba44d2cc05c8296b2f99593c766829a1beea53dda14c8b75bc0b39b4c41b,23744,32121,1642170,821085,0.045134,30599.66,30149.05,
957,1,0x627306090abaB3A6e1400e9345bC60c78a8BEf57,0xa2ea0e4533164dbd11b225e85fe90e22a0cbd55fe6e51469092914df8e7ffe7d,23744,32121,1642170,821085,0.045134,30599.93,30150.57,
957,3,0x17D90CC0C9cB61f27A5198c8a96f9eA19341b218,0x2bf4bc68a6d24a7610d293b894d43c73b908f5ed5d1c2cab5752c2a83dfc40b0,23744,32121,1642170,821085,0.045134,30604.23,30150.34,
958,2,0xf17f52151EbEF6C7334FAD080c5704D77216b732,0x28a063e449f47aa4fda737a06146d3dbd4263a2ee7d0b788c26996ee1e4a17b9,23745,32121,1642170,821085,0.045134,29599.92,29150.07,
958,1,0x627306090abaB3A6e1400e9345bC60c78a8BEf57,0xafed98dd7d9be3e1637dc848a672dce33aa33d834b49518301e923883068b183,23745,32121,1642170,821085,0.045134,29601.58,29149.49,
958,3,0x17D90CC0C9cB61f27A5198c8a96f9eA19341b218,0x78a397a14997810ff4edd15883a836eb14b9f27336b9d923eb2239f99f1a71eb,23745,32121,1642170,821085,0.045134,29606.63,29152.42,
958,4,0x47242114086D2715A648d0391793730d2aB1CCa2,0x84a789aa6de959d77c956a87afaa0a80d5dcb24731d237587cf64a9f56f6e4d5,23745,32121,1642170,821085,0.045134,30624.07,30155.88,
959,4,0x47242114086D2715A648d0391793730d2aB1CCa2,0x80200d4867fb031ac6c71d32cd824b19f1504972889c041a2f5bd7266d6e7f89,23746,32121,1642170,821085,0.045134,29645.15,29169.33,
959,3,0x17D90CC0C9cB61f27A5198c8a96f9eA19341b218,0xc8e5e75c9aca3ab64dc62643c9e9f36d19e8aea3ba0fd1b2a46a120cab24a6af,23746,32121,1642170,821085,0.045134,29973.00,29167.00,
959,2,0xf17f52151EbEF6C7334FAD080c5704D77216b732,0x94b92fdbf53814a31d91c9cb0dfa7b7c7ab083a3a90c82bfbcb32b72f965a844,23746,32121,1642170,821085,0.045134,30607.43,30157.73,
959,1,0x627306090abaB3A6e1400e9345bC60c78a8BEf57,0x13a9590cc05c30d6521452f4e1d692a8bc3a83335f0545adaceaefc78d55a478,23746,32121,1642170,821085,0.045134,30610.35,30159.85,
960,4,0x47242114086D2715A648d0391793730d2aB1CCa2,0xf7863dd3af17961049aa42e2b510f0177ad75e54658c164b1e139ee26fa5b4b8,23747,32121,1642170,821085,0.045134,29667.93,29166.58,
960,3,0x17D90CC0C9cB61f27A5198c8a96f9eA19341b218,0xa841afd1471578008ac6aebf1069be3da51bf4cd0d35c7291afeceb0dee3af24,23747,32121,1642170,821085,0.045134,29660.94,29165.39,
960,2,0xf17f52151EbEF6C7334FAD080c5704D77216b732,0x4a97da1c8d145efd956dd20a830950ea0747b37f01aafd29cfc6c74a15e8fbd2,23747,32121,1642170,821085,0.045134,29635.65,29158.99,
960,1,0x627306090abaB3A6e1400e9345bC60c78a8BEf57,0x31a4b27deee638ab79a4dc5034cf046fa3cd35951301fb9f978310ae30d15ca4,23747,32121,1642170,821085,0.045134,29641.82,29163.01,
961,2,0xf17f52151EbEF6C7334FAD080c5704D77216b732,0xaccef79bcdb1e4c2a83644016f82f126cd398efe4916177e85a30f68fb7e9021,23748,32121,1642170,821085,0.045134,29633.16,29158.14,
961,1,0x627306090abaB3A6e1400e9345bC60c78a8BEf57,0xfb539aadb55189056df4b35a99b068d6ed3afbee153a39824e80bbb2318195ad,23748,32121,1642170,821085,0.045134,29637.09,29160.71,
961,4,0x47242114086D2715A648d0391793730d2aB1CCa2,0x29e7ce00a28d1a8394d537afaf2251d99d31977e10547917f1890f406291ea77,23748,32121,1642170,821085,0.045134,30669.92,30166.29,
961,3,0x17D90CC0C9cB61f27A5198c8a96f9eA19341b218,0x6f74dd485bd2a78f83e3e7ab50f5c7d1cc4587c0c5902151608a4ce1233cbb79,23748,32121,1642170,821085,0.045134,30662.33,30163.47,
962,4,0x47242114086D2715A648d0391793730d2aB1CCa2,0x55c755056e59f5bfeca64344b21f6078b85f1251afbdeed9289eb6340658a36d,23749,32121,1642170,821085,0.045134,29665.59,29167.49,
962,3,0x17D90CC0C9cB61f27A5198c8a96f9eA19341b218,0x480420904a73ffdf93ec5f5c5bfe4ada09aac3855b383d2b7f2ce61d3acbec54,23749,32121,1642170,821085,0.045134,29656.38,29165.79,
962,2,0xf17f52151EbEF6C7334FAD080c5704D77216b732,0x4785886fa65cc5a9d281916b43d34158c74b0131af48e129095409f7ed694134,23749,32121,1642170,821085,0.045134,30636.58,30158.27,
962,1,0x627306090abaB3A6e1400e9345bC60c78a8BEf57,0x4e8c9c8a2ad977b432ece7daae2fde1c39df1e9e12e5279261aa84088a5bdf3f,23749,32121,1642170,821085,0.045134,30634.13,30157.67,
963,4,0x47242114086D2715A648d0391793730d2aB1CCa2,0xf9b90481af0bd43cbfe6cd4b3a6fbe0a2e7487f0a6d64c85b01a79c6040a1d0e,23750,32121,1642170,821085,0.045134,29666.34,29167.59,
963,3,0x17D90CC0C9cB61f27A5198c8a96f9eA19341b218,0xbcc6ffdf322e79f6bdba1f47142fd44c4497cdf8d509198fa8f4a7e47cf02e98,23750,32121,1642170,821085,0.045134,29654.94,29163.44,
963,2,0xf17f52151EbEF6C7334FAD080c5704D77216b732,0x22c6cc521c63e209542377a70a4e3ba0ed8adc0e566f89754b568f933126cae4,23750,32121,1642170,821085,0.045134,29638.93,29159.04,
963,1,0x627306090abaB3A6e1400e9345bC60c78a8BEf57,0xecb6cec64b8b88fb153871c9718f31d7ccf7ab36a14ccb8b3eaaa3b8a7e7eabc,23750,32121,1642170,821085,0.045134,29646.65,29160.75,
964,2,0xf17f52151EbEF6C7334FAD080c5704D77216b732,0x94636e1586ef870d03a84367568776718a141634ae918da93c8bb4b203711612,23751,32121,1642170,821085,0.045134,29640.86,29163.54,
964,1,0x627306090abaB3A6e1400e9345bC60c78a8BEf57,0x2153c9c9041f22ff8868cf96d829e2791e35df21f197a5fd3c7917b0e5d8796f,23751,32121,1642170,821085,0.045134,29639.14,29159.54,
964,4,0x47242114086D2715A648d0391793730d2aB1CCa2,0x889a67c9901626abe59fc8fd114c5c58c9370546bee2a3952ed7bad9d52c8fb1,23751,32121,1642170,821085,0.045134,30674.19,30172.60,
964,3,0x17D90CC0C9cB61f27A5198c8a96f9eA19341b218,0x2ab4a98f57bb710348b195fffb5e5e6870d33d18a4dd3223e868237c27e6d1cc,23751,32121,1642170,821085,0.045134,30661.74,30166.06,
965,4,0x47242114086D2715A648d0391793730d2aB1CCa2,0xf1252cd8863a3eeb3c1a7e5d4dd3abedafc7d65c380eb50f2e380cd3587a8ddf,23752,32121,1642170,821085,0.045134,29669.15,29167.51,
965,3,0x17D90CC0C9cB61f27A5198c8a96f9eA19341b218,0xe7f41e48e77b7efd26c46ebe037b0494ec51e63e513cd66a771ff5b2ec357c1c,23752,32121,1642170,821085,0.045134,29665.50,29166.57,
965,2,0xf17f52151EbEF6C7334FAD080c5704D77216b732,0x05cf78c4ae9bba04248c18647efce8e58a60446a4f32674080392b78b23fb73d,23752,32121,1642170,821085,0.045134,30636.20,30159.40,
965,1,0x627306090abaB3A6e1400e9345bC60c78a8BEf57,0x2de31308ebfe68b6c2f1a2117ddfadfaf434a02fc57b0e0aa82412f718f7ca76,23752,32121,1642170,821085,0.045134,30641.15,30161.05,
966,4,0x47242114086D2715A648d0391793730d2aB1CCa2,0x34bbf16b60bb6d910a96937a5ea60112f2cac2a1df0ad810594336651815c423,23753,32121,1642170,821085,0.045134,29671.98,29166.81,
966,3,0x17D90CC0C9cB61f27A5198c8a96f9eA19341b218,0xe7313fa7d4beb6956efc1a231dd3d0c5e1eecc45e3ab1a37ee3d54cac873a88d,23753,32121,1642170,821085,0.045134,29659.78,29164.58,
966,2,0xf17f52151EbEF6C7334FAD080c5704D77216b732,0x5385cd16bb9c931ea00523298a8196866d9ebe6d6de1ca93d07947dc967ffc3b,23753,32121,1642170,821085,0.045134,29638.87,29159.37,
966,1,0x627306090abaB3A6e1400e9345bC60c78a8BEf57,0x0f630f1bda064523b296506b0908b54ae1ae692b763f92c90e1d78d5bffe6e37,23753,32121,1642170,821085,0.045134,29637.50,29157.97,
967,4,0x47242114086D2715A648d0391793730d2aB1CCa2,0xbfa9bc3bab9c6878aeb37a5c16e8f9afa616668fea20233ab4981c9dd29bd7a0,23754,32121,1643619,821809,0.045174,30667.41,30167.23,
967,3,0x17D90CC0C9cB61f27A5198c8a96f9eA19341b218,0xed664d6ff9f6a8fc4771b9a85ca276b5829b7a3eca28ec00aebc56012cf253e9,23754,32121,1643619,821809,0.045174,30661.73,30165.40,
967,2,0xf17f52151EbEF6C7334FAD080c5704D77216b732,0xa353f3102e9c006502a786aeb678457bc0d0086b2d6174927de62e62d9c7e87e,23754,32121,1643619,821809,0.045174,30637.46,30160.00,
967,1,0x627306090abaB3A6e1400e9345bC60c78a8BEf57,0x40c5793b12e3cf294e65b8d891650185583dfd34548c14c95bbf25dce7ba3459,23754,32121,1643619,821809,0.045174,30640.58,30159.56,
968,3,0x17D90CC0C9cB61f27A5198c8a96f9eA19341b218,0x5a9426e1b10e65c13667a965cc4473033b812eea17546facc49c8bd95c93fe76,23755,32121,1653798,826899,0.045454,29656.48,29164.76,
968,4,0x47242114086D2715A648d0391793730d2aB1CCa2,0x5f9ef6172a14e22af8f50a1dcdbf7bac73e135850691521e6c31c17f2d3719d1,23755,32121,1653798,826899,0.045454,29668.82,29165.62,
968,2,0xf17f52151EbEF6C7334FAD080c5704D77216b732,0xa6da8740fe6d570185f77275b7564b82c99877f2d12d5340f9b83d38ae1ab51a,23755,32121,1653798,826899,0.045454,29633.86,29159.74,
968,1,0x627306090abaB3A6e1400e9345bC60c78a8BEf57,0x61f0357d32294f11847777eda2ebf38bec7aa13b6631d0bcb49be588d5f5b936,23755,32121,1653798,826899,0.045454,29636.11,29159.19,
969,3,0x17D90CC0C9cB61f27A5198c8a96f9eA19341b218,0x984b56482054911697f4ef6c9277d3869d20d608d16b43b370561af4d4f4fb41,23756,32121,1653798,826899,0.045454,29659.58,29163.65,
969,4,0x47242114086D2715A648d0391793730d2aB1CCa2,0x146505d66845ac559a88294bd8cc5fe364a2908036fc8dc6a65cd6460b249b22,23756,32121,1653798,826899,0.045454,29667.32,29166.59,
969,2,0xf17f52151EbEF6C7334FAD080c5704D77216b732,0x4d38b6b61117bbaabb328b07a1742e4d21bd204ef293102999d24a1e005ae77c,23756,32121,1653798,826899,0.045454,29635.79,29158.73,
969,1,0x627306090abaB3A6e1400e9345bC60c78a8BEf57,0xce17708aaa68f23156ebb23b3fb9ba7b0568b226050fcb157c6a09658250bfc0,23756,32121,1653798,826899,0.045454,29638.30,29162.14,
970,3,0x17D90CC0C9cB61f27A5198c8a96f9eA19341b218,0x02d0a0b904739b37a368c2ca130ac4ac08220a2fed0a277d446bb1e1ccaa53e2,23757,32121,1653798,826899,0.045454,30701.16,30202.95,
970,4,0x47242114086D2715A648d0391793730d2aB1CCa2,0x8807e8408bda82496afca1bcac0bce603e1837c84609ee5802cb86d3411f1c40,23757,32121,1653798,826899,0.045454,30686.87,30185.09,
970,1,0x627306090abaB3A6e1400e9345bC60c78a8BEf57,0x394939af74b80e0bafae81750bc9c74b726ae673abb6900543ce43711ca187d3,23757,32121,1653798,826899,0.045454,30647.58,30169.25,
970,2,0xf17f52151EbEF6C7334FAD080c5704D77216b732,0xc383f995afd018abfb3abd9508130233ec4569449b64bc990779133e62b11df5,23757,32121,1653798,826899,0.045454,30708.31,30227.51,
971,3,0x17D90CC0C9cB61f27A5198c8a96f9eA19341b218,0xf77e83b2f58a59c44facec145dea182a8cd0a20178a21ad621650505c44b0b3f,23758,32121,1653798,826899,0.045454,29662.58,29167.66,
971,4,0x47242114086D2715A648d0391793730d2aB1CCa2,0x0460494b58789d99b78b85955a5d4bb2b943dd26d89f2816e4b1f87c59c458e1,23758,32121,1653798,826899,0.045454,29671.59,29167.60,
971,2,0xf17f52151EbEF6C7334FAD080c5704D77216b732,0x74ac49926f5170d014f2aa2a51e99870727144453e723048f27f37a9e983022c,23758,32121,1653798,826899,0.045454,29634.26,29161.64,
971,1,0x627306090abaB3A6e1400e9345bC60c78a8BEf57,0xccf5fe65e8ccc4867d31b6bf6a79b12fef805859b91f48633d16eefa01eff784,23758,32121,1653798,826899,0.045454,29639.41,29159.40,
972,3,0x17D90CC0C9cB61f27A5198c8a96f9eA19341b218,0x32be50bf09a9553f956b946ae74b30b86b840450b645c826dd33e1ac291668da,23759,32121,1653798,826899,0.045454,29656.99,29163.85,
972,4,0x47242114086D2715A648d0391793730d2aB1CCa2,0xe039ff5e507970fd79b537f530bef719183c9615d380b8c036a5104efe617937,23759,32121,1653798,826899,0.045454,29669.29,29166.40,
972,2,0xf17f52151EbEF6C7334FAD080c5704D77216b732,0xf6a1fd6240be95893ef7d091c214ccb99a1242f35c7dc372fcb4f2a516fa04ba,23759,32121,1653798,826899,0.045454,29632.81,29158.49,
972,1,0x627306090abaB3A6e1400e9345bC60c78a8BEf57,0x018b6fbc2f89c64d7cddaa7dbdd7afa539a84dd0cd12bbdb355c9c760eae6d2a,23759,32121,1653798,826899,0.045454,29633.81,29158.61,
973,3,0x17D90CC0C9cB61f27A5198c8a96f9eA19341b218,0x008016c60dfdc4bf7eed4393d2088e14dc5787285cf78eba71d7e01863bb9d2e,23760,32121,1663647,831823,0.045724,30655.09,30163.28,
973,2,0xf17f52151EbEF6C7334FAD080c5704D77216b732,0x0c575bae7bae4008a83d4616dc3b49c8560e2ca03f6402cf5beef3a9acc329b9,23760,32121,1663647,831823,0.045724,30630.76,30157.31,
973,1,0x627306090abaB3A6e1400e9345bC60c78a8BEf57,0x18b55a4c1ab8935afca576b80f45758151aee827bfa713cac5126b4439033649,23760,32121,1663647,831823,0.045724,30637.72,30158.17,
973,4,0x47242114086D2715A648d0391793730d2aB1CCa2,0x10b46465ba58e7d80d6e76b2a7879fcd70a3abe6161066d595ae5c81c8c55a60,23760,32121,1663647,831823,0.045724,30666.78,30166.62,
974,2,0xf17f52151EbEF6C7334FAD080c5704D77216b732,0xc2e73b9aeb093c07a42f3d8d13ebf53eabdb68db8b88def690384eb60bb24e1d,23761,32121,1663647,831823,0.045724,29634.89,29160.60,
974,3,0x17D90CC0C9cB61f27A5198c8a96f9eA19341b218,0xfdcdaf9e6004dbfb6bd6984facb920bfd191c394d458071b41c6957565b2248f,23761,32121,1663647,831823,0.045724,29653.81,29163.95,
974,1,0x627306090abaB3A6e1400e9345bC60c78a8BEf57,0x99e5182b06b41612c2dd99f8ad566742f4fe6111cfbdeebd748cadcfab1ce5cb,23761,32121,1663647,831823,0.045724,29639.67,29159.81,
974,4,0x47242114086D2715A648d0391793730d2aB1CCa2,0x88fa0ae2b271589a0b00c2e22d6caa7baea0efaffc2e90157127c414bd094a14,23761,32121,1663647,831823,0.045724,29670.01,29167.68,
975,2,0xf17f52151EbEF6C7334FAD080c5704D77216b732,0x82c6308cbc8d84c7699bfe07d183d46081c9075ed9b7c9e82c6f1ca86dce748e,23762,32121,1663647,831823,0.045724,29657.87,29161.72,
975,3,0x17D90CC0C9cB61f27A5198c8a96f9eA19341b218,0xa4f2b1680907520669e9326d9106f04665a2340d002537cbdd6f93dc5a9c4aeb,23762,32121,1663647,831823,0.045724,29686.08,29164.84,
975,1,0x627306090abaB3A6e1400e9345bC60c78a8BEf57,0x237efc4624c55f8206505fcaaadfe8f8bad98ca9e0210697d84d1b00e3e39ec1,23762,32121,1663647,831823,0.045724,29694.78,29159.97,
975,4,0x47242114086D2715A648d0391793730d2aB1CCa2,0xe9fff5f03b0f3d1f437ae13f50d731877490b9687561a73f5ea511b9a8194323,23762,32121,1663647,831823,0.045724,29684.13,29166.88,
976,2,0xf17f52151EbEF6C7334FAD080c5704D77216b732,0xf3020a67d162f5f9a0c5f8bb9352630ba1b534ca816ba345dc6588fa48a882b9,23763,32121,1663647,831823,0.045724,30649.96,30158.49,
976,3,0x17D90CC0C9cB61f27A5198c8a96f9eA19341b218,0xac7e304681a4293468732c64390346d0f6b6694d8877a4d9f44e58b199db89ae,23763,32121,1663647,831823,0.045724,30669.67,30166.41,
976,1,0x627306090abaB3A6e1400e9345bC60c78a8BEf57,0xc4b8552406ea9e568488e7e49babea82acc54019085260d565d6fa01232260a7,23763,32121,1663647,831823,0.045724,30653.43,30161.80,
976,4,0x47242114086D2715A648d0391793730d2aB1CCa2,0xfb2e598041fd4e20f6d46d8ea29d34d53d344a3ca1619392c875481c20ecd324,23763,32121,1663647,831823,0.045724,30676.32,30169.90,
977,2,0xf17f52151EbEF6C7334FAD080c5704D77216b732,0xd2df48a55ef47720f0e1e6db0bdf95198d381333badb8743083c1ee3f910745e,23764,32121,1663647,831823,0.045724,29649.28,29162.37,
977,1,0x627306090abaB3A6e1400e9345bC60c78a8BEf57,0x5eb45fff4ade5d436f2cf143f346abfd9d5d21867473d7b947494df287c5bcdf,23764,32121,1663647,831823,0.045724,29682.32,29189.60,
977,3,0x17D90CC0C9cB61f27A5198c8a96f9eA19341b218,0x23fb73691bb3d0f2ed8df34392f9ad3a6258735e2ffff2fb784cdf1eb3c873a4,23764,32121,1663647,831823,0.045724,29699.11,29188.50,
977,4,0x47242114086D2715A648d0391793730d2aB1CCa2,0x96f439bec38682f3e82508e584de17a69dccd28ef465670a454476e7b51055b0,23764,32121,1663647,831823,0.045724,29682.26,29171.35,
978,2,0xf17f52151EbEF6C7334FAD080c5704D77216b732,0x4ccfc909182bef31c74ed5fc1b16d26fbb983e700c7f59551c579759c9bc8d55,23765,32121,1681275,840637,0.046209,29654.50,29163.14,
978,1,0x627306090abaB3A6e1400e9345bC60c78a8BEf57,0x34b5803bb506bc81e338323eafcc2d8d35b9d692bc0941ff8d837e6c751f1284,23765,32121,1681275,840637,0.046209,29647.21,29163.63,
978,3,0x17D90CC0C9cB61f27A5198c8a96f9eA19341b218,0xd8d73a15f792cbba976715343e870a3732155eb262c32e51434a4930e68dc46d,23765,32121,1681275,840637,0.046209,29671.70,29169.89,
978,4,0x47242114086D2715A648d0391793730d2aB1CCa2,0x799528ac621a116aabb8f067fc8ab8dc25f63353500c485117c4edd36f265600,23765,32121,1681275,840637,0.046209,29675.85,29170.37,
979,2,0xf17f52151EbEF6C7334FAD080c5704D77216b732,0x2354fa98797c9a8c904b37f3c8e971539c6609fc5fa5295c24b2ae7d780b270a,23766,32121,1681275,840637,0.046209,30655.32,30162.43,
979,1,0x627306090abaB3A6e1400e9345bC60c78a8BEf57,0xfb5def9b9bb6b280b1a843db29395e08f005ff6e9b7ba50cf553190509e53668,23766,32121,1681275,840637,0.046209,30640.50,30163.58,
979,3,0x17D90CC0C9cB61f27A5198c8a96f9eA19341b218,0xeafcb2087e9c5d944bc82f8a148a02924dd1dbccc31b88b2977ae734788fccf4,23766,32121,1681275,840637,0.046209,30659.13,30167.53,
979,4,0x47242114086D2715A648d0391793730d2aB1CCa2,0xe021108e924e6a02c5999c4dd4a0460032122525efe32738a41ad93a381c015e,23766,32121,1681275,840637,0.046209,30685.20,30171.38,
980,2,0xf17f52151EbEF6C7334FAD080c5704D77216b732,0x97ee4f5cc7058418d789a030cda374a3a17641f49aefb92db065a9d96fe5914b,23767,32121,1681275,840637,0.046209,29646.42,29157.55,
980,1,0x627306090abaB3A6e1400e9345bC60c78a8BEf57,0xd5ae59c196aaf8c092c3809f6b3548d7749be1fb0fd31fdcfb0778fba6fb6e8d,23767,32121,1681275,840637,0.046209,29661.32,29159.26,
980,3,0x17D90CC0C9cB61f27A5198c8a96f9eA19341b218,0x45f1e42da67233fc622a9b6de8b90425d780eddcdf875b47281ec426f12bd239,23767,32121,1681275,840637,0.046209,29662.16,29166.17,
980,4,0x47242114086D2715A648d0391793730d2aB1CCa2,0x153012dc7c54708b9c7f746ff3301dd3705a8f7e517e0bdec130af6625a7f31c,23767,32121,1681275,840637,0.046209,29670.94,29166.86,
981,1,0x627306090abaB3A6e1400e9345bC60c78a8BEf57,0x392df9466f3fa54a5cda217d13a77db360563358f57a7df4669bb8e28cfb6122,23768,32121,1681275,840637,0.046209,29635.69,29159.49,
981,3,0x17D90CC0C9cB61f27A5198c8a96f9eA19341b218,0x233c9bffee8019f3fc38a2c77bdaaeceac6015dc897cde0344c8a62442544ec3,23768,32121,1681275,840637,0.046209,29656.41,29164.72,
981,4,0x47242114086D2715A648d0391793730d2aB1CCa2,0xb751ad739a73d74f749edabc7b60c4a4dcedcb472bf1d151a7ed9e08938bc9e4,23768,32121,1681275,840637,0.046209,29666.20,29165.37,
981,2,0xf17f52151EbEF6C7334FAD080c5704D77216b732,0x26d19a1ed9cc00aed5ae1cbc7d2b39c086119cd48e57c71cb3c8bde7ddb982ca,23768,32121,1681275,840637,0.046209,30623.42,30155.55,
982,2,0xf17f52151EbEF6C7334FAD080c5704D77216b732,0x9eee0c8ab22947c843a9aac45016bbb124ee098ecc66bb65d93b8fcc233993a7,23769,32121,1681275,840637,0.046209,29626.43,29156.00,
982,1,0x627306090abaB3A6e1400e9345bC60c78a8BEf57,0x5800bcf3ea5cc5aa01597b1597f2919171253e1f6ac705bda7f49fe115c411fc,23769,32121,1681275,840637,0.046209,30645.41,30159.90,
982,3,0x17D90CC0C9cB61f27A5198c8a96f9eA19341b218,0xa6da723f802bf08bbe42a9bc63f67ea36abaf4ce4c652523ffd602e97aea09c5,23769,32121,1681275,840637,0.046209,30654.28,30164.32,
982,4,0x47242114086D2715A648d0391793730d2aB1CCa2,0xa1bc07214db9fd539395415a4e3442fe05c6451bf9cb13d1ddc9a4e7b5549961,23769,32121,1681275,840637,0.046209,30665.76,30166.92,
983,2,0xf17f52151EbEF6C7334FAD080c5704D77216b732,0x1d39504e92c286127c7ed97970630197b454b437ae6448860540a6c2d7289501,23770,32121,1681275,840637,0.046209,29626.06,29156.09,
983,1,0x627306090abaB3A6e1400e9345bC60c78a8BEf57,0x45e7bfecd878f486176dcea5af8da9740f1eb14ce7d594a34b2814a986bcdf8b,23770,32121,1681275,840637,0.046209,29637.71,29159.67,
983,3,0x17D90CC0C9cB61f27A5198c8a96f9eA19341b218,0xb57c99b77f2687f0958a1543f9176f432f77ddd2bc276a984ea199e4ccb09e0a,23770,32121,1681275,840637,0.046209,29653.06,29163.39,
983,4,0x47242114086D2715A648d0391793730d2aB1CCa2,0xbf916e34010fdca75629a86048359bd8eaa0f55f1b2eca1bfc7c9a378ad300f4,23770,32121,1681275,840637,0.046209,29664.67,29167.19,
984,1,0x627306090abaB3A6e1400e9345bC60c78a8BEf57,0xda22b14c5aee5c0764ba2dd864a5f00419c26bb8b18796cde007447834f49ac7,23771,32121,1681275,840637,0.046209,29649.44,29171.17,
984,3,0x17D90CC0C9cB61f27A5198c8a96f9eA19341b218,0x373531fd5df096c31cc2a1a2edc17316d5b1a0cd123d0bf0b4d3abcb7b8b932b,23771,32121,1681275,840637,0.046209,29663.95,29173.30,
984,4,0x47242114086D2715A648d0391793730d2aB1CCa2,0x93e0dd808272d1bc9bc6c61bb32a9512c0f29e10c82816ebdd6081ddbd18cb17,23771,32121,1681275,840637,0.046209,29667.03,29168.11,
984,2,0xf17f52151EbEF6C7334FAD080c5704D77216b732,0xcb804b77d55da384f128824ac6021f9da15b3878558cb8fda2e82063c67116e9,23771,32121,1681275,840637,0.046209,30622.59,30155.70,
985,2,0xf17f52151EbEF6C7334FAD080c5704D77216b732,0x39c8ad5b8df51725e51e34e19f2dae3b5f100cb3e761885c6095043e30bf96d5,23772,32121,1681275,840637,0.046209,29626.93,29156.67,
985,1,0x627306090abaB3A6e1400e9345bC60c78a8BEf57,0x07cc3fa38477dc227a9e2faf2f9c53a1f1256ae94ab0ed133d8f341e0dcbf161,23772,32121,1681275,840637,0.046209,30642.45,30161.39,
985,3,0x17D90CC0C9cB61f27A5198c8a96f9eA19341b218,0x4fc7791c110ad17a6ce1fb25af48f3c603d6bef3197f375e8fbc3019822719fd,23772,32121,1681275,840637,0.046209,30652.17,30162.08,
985,4,0x47242114086D2715A648d0391793730d2aB1CCa2,0x09b6e8df8c4892208840edfb537a8c9d142a7304a97cb53376d44b43fc67dfda,23772,32121,1681275,840637,0.046209,30665.91,30166.57,
986,2,0xf17f52151EbEF6C7334FAD080c5704D77216b732,0x515ebe70ae7279770b0bf672baf9be7934ea2acb04c675b90a6d9fe62a345d5b,23773,32121,1681275,840637,0.046209,29626.16,29156.27,
986,1,0x627306090abaB3A6e1400e9345bC60c78a8BEf57,0x6e27300b34c6cdb335078d08f6b00d4ed30b7166bbecf29364e9288258ef80eb,23773,32121,1681275,840637,0.046209,29636.14,29160.42,
986,3,0x17D90CC0C9cB61f27A5198c8a96f9eA19341b218,0x85e91f31f790eeb0aaa264ff7c82a6ca0729243226524ba19c1957e64800e7e4,23773,32121,1681275,840637,0.046209,29655.28,29163.81,
986,4,0x47242114086D2715A648d0391793730d2aB1CCa2,0x571bdc739d6f507710e1d88e3a1d3f062bef43240519380da5c02ba06d1e0b72,23773,32121,1681275,840637,0.046209,29663.61,29166.78,
987,3,0x17D90CC0C9cB61f27A5198c8a96f9eA19341b218,0xfcacb079b5e0def3c598f4b77a484d04311241877fe67a1556cd7a1ae079b25a,23774,32121,1681275,840637,0.046209,29650.91,29162.00,
987,4,0x47242114086D2715A648d0391793730d2aB1CCa2,0x238cd408e4d85477018c226d7791c815063877399d801c0fd61b4f765b3b8d31,23774,32121,1681275,840637,0.046209,29671.60,29166.98,
987,2,0xf17f52151EbEF6C7334FAD080c5704D77216b732,0xe2d63496fc9cb3e1f96eac32ed942c444221e9e863747bd2af2191882a74336e,23774,32121,1681275,840637,0.046209,30628.50,30158.37,
987,1,0x627306090abaB3A6e1400e9345bC60c78a8BEf57,0x4383e4c7edbddeebf657953b62346b5606cb442ffb3daf95fcd861c13e65ea1d,23774,32121,1681275,840637,0.046209,30634.87,30159.28,
988,2,0xf17f52151EbEF6C7334FAD080c5704D77216b732,0xc579bb54da7b3b56161b1327a9822676970ae01e721c0368f384bb339d2951e8,23775,32121,1684585,842292,0.046300,29625.43,29157.09,
988,1,0x627306090abaB3A6e1400e9345bC60c78a8BEf57,0xd2256c4756af868783e75e88407447effefdc843d88695bb149d784d18ddc6cb,23775,32121,1684585,842292,0.046300,29640.33,29160.08,
988,3,0x17D90CC0C9cB61f27A5198c8a96f9eA19341b218,0x66730308c8b81714d39531576bd9e7bd68f9074f989998e31c0c0825f246ebf5,23775,32121,1684585,842292,0.046300,30651.42,30162.66,
988,4,0x47242114086D2715A648d0391793730d2aB1CCa2,0x5cbe3457660ecc9b4c10bfd786ba3c971c7212caa7a0820ce0f19bed6713443f,23775,32121,1684585,842292,0.046300,30667.11,30166.91,
989,2,0xf17f52151EbEF6C7334FAD080c5704D77216b732,0x92f64bd0717ec6adfd9e7f307b476b2217aa922f5b3a241b6e915ca3922e3926,23776,32121,1684585,842292,0.046300,29640.04,29165.65,
989,1,0x627306090abaB3A6e1400e9345bC60c78a8BEf57,0xb1881f8a0918358bfec5ed118bf72cdbfa9929a9edd6cf8a1fb4a775794659f2,23776,32121,1684585,842292,0.046300,29641.69,29160.06,
989,3,0x17D90CC0C9cB61f27A5198c8a96f9eA19341b218,0xb4d2f6138c5d0bc7b869fb1feabc30662ba7c3c3517d9b919a6e6ab3f7c9a66d,23776,32121,1684585,842292,0.046300,29655.95,29164.02,
989,4,0x47242114086D2715A648d0391793730d2aB1CCa2,0x93dd20199b12a5d930e56c67bcddb2b7f174f9249661cd8245e51c3ccbfcc8c0,23776,32121,1684585,842292,0.046300,29674.43,29168.03,
990,4,0x47242114086D2715A648d0391793730d2aB1CCa2,0x7a81d903f9ab7cd78cbcf187221de5356c011e9091c191b5e742d521bfdcd9b7,23777,32121,1689882,844941,0.046445,29662.81,29159.39,
990,3,0x17D90CC0C9cB61f27A5198c8a96f9eA19341b218,0xe7700e452544fc0d16d777379f851f7348aee7ef800f75d8653fff567954bdd0,23777,32121,1689882,844941,0.046445,29970.98,29162.40,
990,2,0xf17f52151EbEF6C7334FAD080c5704D77216b732,0x6e3775d950a2cede4d5c1ba75bc9748757f877ab5ea555d3607ef4f170a8e6f1,23777,32121,1689882,844941,0.046445,30623.44,30155.64,
990,1,0x627306090abaB3A6e1400e9345bC60c78a8BEf57,0xa84207b13712e2ab7d32c612edc1c5289e19bc30ea537b77d1f6c2e985568feb,23777,32121,1689882,844941,0.046445,30639.63,30161.09,
991,2,0xf17f52151EbEF6C7334FAD080c5704D77216b732,0x1e1f99fb023a694e67551cb59372efbb73d748c4541402b569d0114bc42a5bcb,23778,32121,1689882,844941,0.046445,29610.73,29152.40,
991,1,0x627306090abaB3A6e1400e9345bC60c78a8BEf57,0x94184f1a6a1fe7488b061c724a3680fc00002c3e923d1a478c3312216ec248ac,23778,32121,1689882,844941,0.046445,29645.46,29162.21,
991,4,0x47242114086D2715A648d0391793730d2aB1CCa2,0xa2567c03a3f7691ac2f3f05fc5eb49adc14d932d0292fa9b1b072795aadb5b27,23778,32121,1689882,844941,0.046445,30638.54,30157.75,
991,3,0x17D90CC0C9cB61f27A5198c8a96f9eA19341b218,0x4c1477c8d0d423e06e62a092170d6ea1ae5f56681181977ac7d52c6e2600bd98,23778,32121,1689882,844941,0.046445,30645.71,30162.20,
992,1,0x627306090abaB3A6e1400e9345bC60c78a8BEf57,0x4a6c03d9cef58b9cf899a99c9cfccadd76dcddecb65ef361a573ffc946b88a59,23779,32121,1689882,844941,0.046445,29646.82,29161.44,
992,4,0x47242114086D2715A648d0391793730d2aB1CCa2,0x5879582f70592d3150001c29c37847f8455791bfbeb5834350709ad548810923,23779,32121,1689882,844941,0.046445,29637.94,29160.89,
992,3,0x17D90CC0C9cB61f27A5198c8a96f9eA19341b218,0x9d631242a850acb2ba5f0d438c698b2e981faac907df29459702bb07ee67db80,23779,32121,1689882,844941,0.046445,29652.16,29165.50,
992,2,0xf17f52151EbEF6C7334FAD080c5704D77216b732,0xb16bfe2906d0fad61873cfcbb8376b915ce6bd272fcef1afabc26f6b81269b99,23779,32121,1689882,844941,0.046445,30612.20,30152.65,
993,4,0x47242114086D2715A648d0391793730d2aB1CCa2,0x8f317a6193d609780b2ca0da0c7182f23267237fbc507f6d01a1c18bf090acb6,23780,32121,1692200,846100,0.046509,29631.67,29158.90,
993,3,0x17D90CC0C9cB61f27A5198c8a96f9eA19341b218,0x914e7c087208f36c0003d00200704664aae15d6750d6864ee6a1c3adf7415abb,23780,32121,1692200,846100,0.046509,29648.48,29162.47,
993,2,0xf17f52151EbEF6C7334FAD080c5704D77216b732,0x4a9bab73ad98d9911fce695e26389fd64ed8e5bbfdb927c969a1e698cdce4f5e,23780,32121,1692200,846100,0.046509,29607.75,29152.26,
993,1,0x627306090abaB3A6e1400e9345bC60c78a8BEf57,0x7a9233c9c615f55eb6b47c1e03087253373c28f3e52390806e250328ac17a799,23780,32121,1692200,846100,0.046509,30642.13,30159.57,
994,2,0xf17f52151EbEF6C7334FAD080c5704D77216b732,0x1c6c28e6706398feef107b2ae6f4588f0c51391037e2813a34f7b7aabeaae0d5,23781,32121,1695469,847734,0.046599,29610.28,29151.36,
994,1,0x627306090abaB3A6e1400e9345bC60c78a8BEf57,0x14853b78d0618f84bdf3628982467b8c81de04e600a2624be3ca5028e2229656,23781,32121,1695469,847734,0.046599,29647.41,29162.13,
994,4,0x47242114086D2715A648d0391793730d2aB1CCa2,0x867e1b531b3f83091ad758fedea545576382967813c7c0149531cd92bd4e7d9f,23781,32121,1695469,847734,0.046599,30634.67,30158.02,
994,3,0x17D90CC0C9cB61f27A5198c8a96f9eA19341b218,0x9b507488f8a8de5cd0fdd6c61a095a66201eafb13411d7859c10754ad7e61660,23781,32121,1695469,847734,0.046599,30652.63,30161.75,
995,1,0x627306090abaB3A6e1400e9345bC60c78a8BEf57,0x3f29d2b137f6ef445b24f634f73e2c9995448a1b09306b1fcc341a294bbf9bac,23782,32121,1695469,847734,0.046599,29650.78,29168.61,
995,4,0x47242114086D2715A648d0391793730d2aB1CCa2,0xb462d2c60142b9716e5161dbea733ee3d31680a2e92841210e81529c53df6da9,23782,32121,1695469,847734,0.046599,29631.86,29158.70,
995,3,0x17D90CC0C9cB61f27A5198c8a96f9eA19341b218,0x4369b3dfa5772008cd950009bed582b6c87a67b2070a4ef0e95c547b0fb01c3c,23782,32121,1695469,847734,0.046599,29646.41,29161.44,
995,2,0xf17f52151EbEF6C7334FAD080c5704D77216b732,0xc7f9ef2ba9332607e994efbba8ef9c65e38a5aa77de546bbe355cb0960273b99,23782,32121,1695469,847734,0.046599,30613.45,30152.43,
996,4,0x47242114086D2715A648d0391793730d2aB1CCa2,0xc60dd7514f8e0e9c786ec72ab734e3d5954111e14d8df251a5a0258b14570f90,23783,32121,1696297,848148,0.046622,29632.99,29158.61,
996,3,0x17D90CC0C9cB61f27A5198c8a96f9eA19341b218,0xa7143f6997581343deff641b98ddd28f7dbfa16ad936809d321e1b415a07b77f,23783,32121,1696297,848148,0.046622,29649.33,29162.69,
996,2,0xf17f52151EbEF6C7334FAD080c5704D77216b732,0x4d7525b16590bb6388e101fec873cf6188d4d5e98963bde9612afdff07faf38c,23783,32121,1696297,848148,0.046622,29609.89,29152.88,
996,1,0x627306090abaB3A6e1400e9345bC60c78a8BEf57,0x116aa13ac6f45546c3d65886f8fe5534b4d09f98c69908c18328f7ffea99fb99,23783,32121,1696297,848148,0.046622,30643.38,30160.48,
997,1,0x627306090abaB3A6e1400e9345bC60c78a8BEf57,0x82e8d19a4d7b9c454c297dbfd90643b26e904f46b1753f212e574f2089800523,23784,32121,1702958,851479,0.046805,29642.53,29161.36,
997,4,0x47242114086D2715A648d0391793730d2aB1CCa2,0x9c3121aa97848d2f81b3852500c4d4c33263e3f022f5bde859b92d09dd427a20,23784,32121,1702958,851479,0.046805,30634.83,30158.98,
997,3,0x17D90CC0C9cB61f27A5198c8a96f9eA19341b218,0xfe3cfff11c0823febecfa196bb929287daec5eb053d81e794bc0b343f7c436f7,23784,32121,1702958,851479,0.046805,30646.24,30162.12,
997,2,0xf17f52151EbEF6C7334FAD080c5704D77216b732,0x044f228d47b7010ad2262f2ec53c82b75b80afb5da0c5f0352723497817a7bff,23784,32121,1702958,851479,0.046805,30615.47,30152.70,
998,1,0x627306090abaB3A6e1400e9345bC60c78a8BEf57,0xe7605d2001dc1a910f79a92d15713d739540921518083e3d639c2680249150ea,23785,32121,1702958,851479,0.046805,29655.21,29170.80,
998,4,0x47242114086D2715A648d0391793730d2aB1CCa2,0x4511a83073f27bcd16e9e489ed6a0d8e180d3b04bb6644702ab1073299535864,23785,32121,1702958,851479,0.046805,29633.32,29158.31,
998,2,0xf17f52151EbEF6C7334FAD080c5704D77216b732,0x3f2d2818c75d63524acc5f3bd27532ba9398c946a192e6c82d8726899f0ff367,23785,32121,1702958,851479,0.046805,29609.61,29152.87,
998,3,0x17D90CC0C9cB61f27A5198c8a96f9eA19341b218,0x22b83c332c80c9ed033bd794e14657e738eee603a13cd82282b073982b3066ea,23785,32121,1702958,851479,0.046805,29648.80,29162.14,
999,2,0xf17f52151EbEF6C7334FAD080c5704D77216b732,0x1e30289b73a8d678e070a03c9e9e6f881992f3f6561cc3eee120f9fcaa84baa8,23786,32121,1702958,851479,0.046805,29609.61,29152.00,
999,3,0x17D90CC0C9cB61f27A5198c8a96f9eA19341b218,0xca44a541fc87060ca443f1f766f87d6e95642e81b335fe546493788a9bac3082,23786,32121,1702958,851479,0.046805,29650.56,29164.01,
999,1,0x627306090abaB3A6e1400e9345bC60c78a8BEf57,0xf70900b92012a23008284e62871c1ebf0efba7e08894164b53256f140e1ec3ed,23786,32121,1702958,851479,0.046805,30654.82,30163.41,
999,4,0x47242114086D2715A648d0391793730d2aB1CCa2,0xddddb33b59f47eefd069f6d65aaeb883e593f5e52fc594c0f4021187d38964ca,23786,32121,1702958,851479,0.046805,30632.71,30158.15,
1000,1,0x627306090abaB3A6e1400e9345bC60c78a8BEf57,0xf19d863c00c3b12a5b18ee06579a3b7a5438d5b0315d446507f9b82a1aa91165,23787,32121,1702958,851479,0.046805,29668.03,29164.29,
1000,4,0x47242114086D2715A648d0391793730d2aB1CCa2,0xd7cd45da8301f00c55c3487c0a6a59963b8e5023d0f2a5b505122f6fa9a59cfb,23787,32121,1702958,851479,0.046805,29634.81,29159.14,
1000,2,0xf17f52151EbEF6C7334FAD080c5704D77216b732,0x3da0a6ab4fd7ea527a67130f83325378e434d7c4907e226251b5c5f4d3d67d2c,23787,32121,1702958,851479,0.046805,30614.77,30154.32,
1000,3,0x17D90CC0C9cB61f27A5198c8a96f9eA19341b218,0xd581d28e45f876909da87ed4d141003e3e6267c50ba53033a3a5406268dfb576,23787,32121,1702958,851479,0.046805,30653.60,30166.86,
