linha,worker_id,wallet,tx_hash,block,gas_used,meta_co2,diff,e1_value,latency_ms,tx_latency_ms,error
1,2,0xf17f52151EbEF6C7334FAD080c5704D77216b732,0xaeb71b8ef58dc39d94328099f6cc427fda3b8f291995da17d7122993fa58ca71,23795,32097,8605,4302,0.000236,24970.69,24159.93,
1,1,0x627306090abaB3A6e1400e9345bC60c78a8BEf57,0x3505a7d191cd93383f5b88f0c81334be5688f7206d6de3a7eb38494439e1c88b,23795,32097,8605,4302,0.000236,24973.89,24158.63,
2,2,0xf17f52151EbEF6C7334FAD080c5704D77216b732,0xa9a8035fa64430b9b81178bddd9b011caadd81bf5e0b1a1259a1446c2560fa16,23796,32097,11874,5937,0.000326,29640.50,29163.90,
2,1,0x627306090abaB3A6e1400e9345bC60c78a8BEf57,0x420d91f4fdb219bdf2241de73d6be439addb0c351f3e858b2b45aaf5a5f05fcd,23796,32097,11874,5937,0.000326,29640.75,29160.26,
3,2,0xf17f52151EbEF6C7334FAD080c5704D77216b732,0x1d931d352abd807cf174bec052ce2291a74d0cdae1593b2b642f786a88cc5a17,23797,32097,16013,8006,0.000440,30643.15,30157.61,
3,1,0x627306090abaB3A6e1400e9345bC60c78a8BEf57,0xc76e003fe5d1a7edfb54b0d66c492c41f5dad3f6d19aa66225e1295d39103ba9,23797,32097,16013,8006,0.000440,30645.94,30159.32,
4,2,0xf17f52151EbEF6C7334FAD080c5704D77216b732,0x938add89070f25767d90fda8d33ec53faae5cf2ec8efaab938f425d525976972,23798,32097,16013,8006,0.000440,29635.66,29159.99,
4,1,0x627306090abaB3A6e1400e9345bC60c78a8BEf57,0x553df37978d940538e5a008bfee592fa89b80aab27268a9c3e1d85a2619c60dd,23798,32097,16013,8006,0.000440,29641.18,29159.61,
5,2,0xf17f52151EbEF6C7334FAD080c5704D77216b732,0x8ad51c254b73fc1fa352a63cd5101c4983bfc08419103c8eb0cd7c174099e4fa,23799,32097,16013,8006,0.000440,30637.17,30159.07,
5,1,0x627306090abaB3A6e1400e9345bC60c78a8BEf57,0x70f82f35bb90fa41dc10cf361d6a9eb24bd05034ab0f0698b990ef1d72875610,23799,32097,16013,8006,0.000440,30642.51,30158.68,
6,2,0xf17f52151EbEF6C7334FAD080c5704D77216b732,0x07c3f8c8649117ea7319467e530b409257ca400bd12a02ace86d85146151f91d,23800,32097,32318,16159,0.000888,29638.41,29159.80,
6,1,0x627306090abaB3A6e1400e9345bC60c78a8BEf57,0x21689d818142565a8ace737ae965eeb34d4d6315072fc130469262b11fa3b7e6,23800,32097,32318,16159,0.000888,29643.42,29161.51,
7,2,0xf17f52151EbEF6C7334FAD080c5704D77216b732,0xc9e0443b322e7172c5ddad3ca5801f916d4ab56ddce31219ea943f0d65256e40,23801,32097,32318,16159,0.000888,29635.97,29157.95,
7,1,0x627306090abaB3A6e1400e9345bC60c78a8BEf57,0x147542da8b6e22ab11aa61da89c406b65209edeede0c22d5cddb5576aae59d6d,23801,32097,32318,16159,0.000888,29640.78,29159.90,
8,2,0xf17f52151EbEF6C7334FAD080c5704D77216b732,0x10ddcca101d8fd33aed22bd4d37ace9d61949fb33e0952b00a682671e097e918,23802,32097,32318,16159,0.000888,30632.12,30158.44,
8,1,0x627306090abaB3A6e1400e9345bC60c78a8BEf57,0x90eaea696c5eac4e6dd6b38640b2d813813d10925aaa1c5da3338b1a1d7768b8,23802,32097,32318,16159,0.000888,30640.90,30163.62,
9,2,0xf17f52151EbEF6C7334FAD080c5704D77216b732,0x49a3acdc3196e1538865cb5085000632d2c1f53db20d4029a9ab7e182de083f8,23803,32097,32318,16159,0.000888,29645.34,29159.96,
9,1,0x627306090abaB3A6e1400e9345bC60c78a8BEf57,0x19f193d1efcbd2b6c09f8440d2a8f8d726db3e0efcfd57abe2ffea5e13feb467,23803,32097,32318,16159,0.000888,29651.40,29160.41,
10,2,0xf17f52151EbEF6C7334FAD080c5704D77216b732,0x1b68874f2e221e73a5c3e786955c870a9ccd2af7f5b7cf1c46dc04dccea79fe6,23804,32097,32318,16159,0.000888,29637.60,29158.44,
10,1,0x627306090abaB3A6e1400e9345bC60c78a8BEf57,0xfeec19b9e5b8d0ce72623bfca66aebd2a3eb2c051533285ab0858c71f6e2f62c,23804,32097,32318,16159,0.000888,29640.13,29160.60,
11,2,0xf17f52151EbEF6C7334FAD080c5704D77216b732,0xd42989c44d161feb705e3eacba06dc27d9efc3602b55b85bf9161367a4d6c585,23805,32097,32318,16159,0.000888,30639.65,30158.83,
11,1,0x627306090abaB3A6e1400e9345bC60c78a8BEf57,0xe1514a938730cd2a1741bc459c8194a2bac70a80acd050ea342c9693daf22a44,23805,32097,32318,16159,0.000888,30642.92,30159.97,
12,2,0xf17f52151EbEF6C7334FAD080c5704D77216b732,0x6d6c951d052dbf7164431ae96ac9a97cbb28a8a07ff2a1a8fa7de2dd5570bdf9,23806,32097,32318,16159,0.000888,29638.47,29159.47,
12,1,0x627306090abaB3A6e1400e9345bC60c78a8BEf57,0x10f28781d3c7d53431b3ff2c1f1aa7b1f14e7e3027b681b41b06eb0830dd80c9,23806,32097,32318,16159,0.000888,29641.99,29159.50,
13,2,0xf17f52151EbEF6C7334FAD080c5704D77216b732,0xca6a38f25d621b5d269c264e23c36e7e079be74cfca5fb08dba857e17213f705,23807,32097,32318,16159,0.000888,29638.32,29155.43,
13,1,0x627306090abaB3A6e1400e9345bC60c78a8BEf57,0x8023d1d65ed7efe5d8c2ed7057cbf523133a228a65f9e779e9aae89d615c37f9,23807,32097,32318,16159,0.000888,29638.27,29159.09,
14,2,0xf17f52151EbEF6C7334FAD080c5704D77216b732,0xaf9fd8ac9801e72487658da8ed26f89dfffe1cae30d880232df9fd093a05c19e,23808,32097,32318,16159,0.000888,30631.87,30157.48,
14,1,0x627306090abaB3A6e1400e9345bC60c78a8BEf57,0xb0b560ee966cb37137b1cf14afe497b049900247fb61d5a0d559c58fc2307dff,23808,32097,32318,16159,0.000888,30645.56,30162.88,
15,2,0xf17f52151EbEF6C7334FAD080c5704D77216b732,0x8b82f5352c92eb5d76c7164a11764b7142eacfa688135290d0bd3513071dc1ae,23809,32097,32318,16159,0.000888,29627.10,29156.41,
15,1,0x627306090abaB3A6e1400e9345bC60c78a8BEf57,0x40cf7de2e3a505fa5933bd12d6ff76b43dc23fa7dd7521dbbd737683cf1ced11,23809,32097,32318,16159,0.000888,29647.94,29162.91,
16,1,0x627306090abaB3A6e1400e9345bC60c78a8BEf57,0x2e35e34a369c8f6cd3f3654f0bb326c4fb1ffae5fce00ed08c0aa690065059ee,23810,32097,32318,16159,0.000888,29640.95,29158.33,
16,2,0xf17f52151EbEF6C7334FAD080c5704D77216b732,0x6bb7b1a658a445f29c9f9fbb4222ab410b5cfb936c6d74cd6c37550cf3ef291d,23810,32097,32318,16159,0.000888,30629.40,30156.36,
17,2,0xf17f52151EbEF6C7334FAD080c5704D77216b732,0xe0c9947fdebd8d184f8fc71c1c4d23285fb9ee4bd32fa6e0bea3e3de1ae11944,23811,32097,35422,17711,0.000973,29650.83,29182.09,
17,1,0x627306090abaB3A6e1400e9345bC60c78a8BEf57,0x4408852c0bd7497447f859241e16719005ac5f609d0a5c9a619bb6b8380d703c,23811,32097,35422,17711,0.000973,30642.78,30162.78,
18,2,0xf17f52151EbEF6C7334FAD080c5704D77216b732,0xed7dcd03e6e66e824fa764d2d81d1b1cf4f81524783fc53ea6b1e6718927be1d,23812,32097,43079,21539,0.001183,29650.38,29160.43,
18,1,0x627306090abaB3A6e1400e9345bC60c78a8BEf57,0xfe3600ce16597711f9a0b9b878fac42fcef7ed09526db6dde28f81eb6bf616ff,23812,32097,43079,21539,0.001183,29690.11,29174.87,
19,1,0x627306090abaB3A6e1400e9345bC60c78a8BEf57,0x6e6dedbfabb589273535fa6e402ca65783a7570f67c4516ecfe48caa71364992,23813,32097,43079,21539,0.001183,29673.13,29164.69,
19,2,0xf17f52151EbEF6C7334FAD080c5704D77216b732,0x839cfd308595bae1fba1d3f2758c3f5688795565ca93a45b46bd407118dcbd2c,23813,32097,43079,21539,0.001183,30658.11,30162.58,
20,2,0xf17f52151EbEF6C7334FAD080c5704D77216b732,0xb675756207939eda94ec513f5d0ddbd49556c1d976d2ec61f7efcb39db6064a5,23814,32097,43079,21539,0.001183,29662.42,29161.03,
20,1,0x627306090abaB3A6e1400e9345bC60c78a8BEf57,0x6750115654d1e34edb229fbc45a02419d63361a542e5a209e7ffd40f992f5035,23814,32097,43079,21539,0.001183,30657.60,30161.00,
21,2,0xf17f52151EbEF6C7334FAD080c5704D77216b732,0x9748d9aab652f084803acc6c45994d22e187283882763769f6ded1c596f1ec62,23815,32097,43079,21539,0.001183,29688.47,29166.36,
21,1,0x627306090abaB3A6e1400e9345bC60c78a8BEf57,0x8f1602ab5f0aa09ed26b013827b74ea4ab05230528918fe57e94f48cbe3a7ab4,23815,32097,43079,21539,0.001183,29663.82,29165.31,
22,1,0x627306090abaB3A6e1400e9345bC60c78a8BEf57,0x8ad97cb87bd83a763c9f29fd62d5c1346f3c29ccda49b12d66a82266bea17038,23816,32097,49450,24725,0.001359,29698.37,29184.19,
22,2,0xf17f52151EbEF6C7334FAD080c5704D77216b732,0x676ba512f55d144caf9039768628e8c98a51aa1d50fd38a6b7cd1e6e9c4e8904,23816,32097,49450,24725,0.001359,30661.80,30164.98,
23,2,0xf17f52151EbEF6C7334FAD080c5704D77216b732,0xbb5aeb452224bc9b4491e5ee1266a94286935ca548657ef0f72abc28a052f79f,23817,32097,49450,24725,0.001359,29680.61,29161.03,
23,1,0x627306090abaB3A6e1400e9345bC60c78a8BEf57,0x9c0fee16aafb43283d411058f6b39d357711228e74d511ab649b2f354d19ee41,23817,32097,49450,24725,0.001359,30678.88,30176.91,
24,2,0xf17f52151EbEF6C7334FAD080c5704D77216b732,0x29a96f990078892cf7ede9ecd3a5b7c6ff6fca4db4528e6349aff3bfbe25e861,23818,32097,49450,24725,0.001359,29663.42,29157.52,
24,1,0x627306090abaB3A6e1400e9345bC60c78a8BEf57,0x8b3eee6123c3ef03855709ad252c81f2530752422f3050e49b1c79aece426274,23818,32097,49450,24725,0.001359,29673.34,29163.71,
25,1,0x627306090abaB3A6e1400e9345bC60c78a8BEf57,0x400107a14c5585ce06192297d0067e50fef9a2612241c14d29febbac990500ab,23819,32097,53008,26504,0.001456,29683.18,29189.77,
25,2,0xf17f52151EbEF6C7334FAD080c5704D77216b732,0x14de2a12ce16fedc92a5199c693b940eb861fd9a1990a746f482e306d32ff4f8,23819,32097,53008,26504,0.001456,30635.50,30159.76,
26,2,0xf17f52151EbEF6C7334FAD080c5704D77216b732,0x4f9e1c00f28e953e260cab70938936520d06778b3de09f91adc9ba56c0368024,23820,32097,53008,26504,0.001456,29667.78,29166.84,
26,1,0x627306090abaB3A6e1400e9345bC60c78a8BEf57,0x38dc935e65929630232b2e4b2307a343d16d1576cd59476055d5cd1e7d44c062,23820,32097,53008,26504,0.001456,30689.24,30164.29,
27,2,0xf17f52151EbEF6C7334FAD080c5704D77216b732,0xb4c41cd8a257ce2c50d244cfd692b7b068c56986c4263730a3753aff167ba08e,23821,32097,55492,27746,0.001525,29649.03,29159.88,
27,1,0x627306090abaB3A6e1400e9345bC60c78a8BEf57,0x731f352fabddd0e817b911dad9f13c2616412db74f2f84c612654f68f5454606,23821,32097,55492,27746,0.001525,29651.29,29160.48,
28,1,0x627306090abaB3A6e1400e9345bC60c78a8BEf57,0xebcb2ad71c57b17d0142049e730e4800efe7397756d963b4094c879b0c8ac4c8,23822,32097,55492,27746,0.001525,29651.89,29163.75,
28,2,0xf17f52151EbEF6C7334FAD080c5704D77216b732,0x06487e09d53501ddd12152a29675ced17a59cb51435c2ef3ef1bbddca20a68d5,23822,32097,55492,27746,0.001525,30650.81,30160.72,
29,2,0xf17f52151EbEF6C7334FAD080c5704D77216b732,0xae99b5358db6e49cca2add77de1241e40ecb10a3223d2c1ef57fe86706bb4ab6,23823,32097,63353,31676,0.001741,29656.99,29159.93,
29,1,0x627306090abaB3A6e1400e9345bC60c78a8BEf57,0x68d68a639ceb66d0927cea28257ca4c0e97f5515d6bc74730923b0b49bbf0b35,23823,32097,63353,31676,0.001741,30678.08,30167.95,
30,2,0xf17f52151EbEF6C7334FAD080c5704D77216b732,0xff6112001d7ab7efec7279ff5a02d3ebefd890980450aa8d30d2ab3d55cc4388,23824,32097,63353,31676,0.001741,29667.76,29160.88,
30,1,0x627306090abaB3A6e1400e9345bC60c78a8BEf57,0xe2d677b32e0ee939d9e058af92baa2b8ec464359867fc6a59bf4ad384e050633,23824,32097,63353,31676,0.001741,29712.29,29178.71,
31,1,0x627306090abaB3A6e1400e9345bC60c78a8BEf57,0xea98234e5910bd0169ac5965e85c5b4dfa31820be10a73787ebee8cd43f4ed35,23825,32097,63353,31676,0.001741,29680.67,29164.61,
31,2,0xf17f52151EbEF6C7334FAD080c5704D77216b732,0x2b5aa43387981f60a091f0ca3114c69216618f7cfac61e207ba2477c15cccfe5,23825,32097,63353,31676,0.001741,30650.54,30156.68,
32,2,0xf17f52151EbEF6C7334FAD080c5704D77216b732,0xfb4788f0a3c39343fc6cc0e9a2acd79997d97cd97e4d56d73ea013c3314f982f,23826,32097,63353,31676,0.001741,29975.33,29170.27,
32,1,0x627306090abaB3A6e1400e9345bC60c78a8BEf57,0x5f821320cbfa3a578c00a5710f6e4950700cc62960d8ae7354b89e994ef637a3,23826,32097,63353,31676,0.001741,30692.36,30196.25,
33,2,0xf17f52151EbEF6C7334FAD080c5704D77216b732,0x44cee3ce19e3867d62b8998e5fdab8babeb1462dd79eb514fd6fbe954b116228,23827,32097,63353,31676,0.001741,29678.84,29165.41,
33,1,0x627306090abaB3A6e1400e9345bC60c78a8BEf57,0x3210463e39fdcd706f2b52c6c26dbcb2ca633a7eadbad25f1544c8765f35ca68,23827,32097,63353,31676,0.001741,29695.18,29167.88,
34,2,0xf17f52151EbEF6C7334FAD080c5704D77216b732,0x625842c271f12c3b307e6ecb69aaa2c2253a83ffda9dd3bcbf5d707bccebef85,23828,32097,80733,40366,0.002218,29654.76,29158.69,
34,1,0x627306090abaB3A6e1400e9345bC60c78a8BEf57,0xc99e12512259d12ae1646b949a9f5f6fb1026105a03ad04af1609eb8ed43dc6b,23828,32097,80733,40366,0.002218,29663.15,29164.54,
35,2,0xf17f52151EbEF6C7334FAD080c5704D77216b732,0x7908854fc4286529b10288567443f11fbee7429eec5171d416045f800455273c,23829,32097,80733,40366,0.002218,30657.38,30163.54,
35,1,0x627306090abaB3A6e1400e9345bC60c78a8BEf57,0xe7950bb617c478ea7b6c7b16d41b9074db2713cc9f7359b8cd81aed20baf7c6c,23829,32097,80733,40366,0.002218,30658.07,30166.72,
36,2,0xf17f52151EbEF6C7334FAD080c5704D77216b732,0x78070d5ec0fc5cb38ea43e69b366b83429bc57c3d6d89239eb4379e32baed086,23830,32097,80733,40366,0.002218,29717.10,29159.19,
36,1,0x627306090abaB3A6e1400e9345bC60c78a8BEf57,0x1c835be0f4e94a81a293e8c9abde0416498181d6e5107431ae2385817f2c26aa,23830,32097,80733,40366,0.002218,29675.81,29161.79,
37,2,0xf17f52151EbEF6C7334FAD080c5704D77216b732,0xdb35b86c04ed7e2e4758b9ef156d6bd21b49e29123f6631a2a6a45cef30839fa,23831,32097,80733,40366,0.002218,29648.37,29162.78,
37,1,0x627306090abaB3A6e1400e9345bC60c78a8BEf57,0x9b2032782b911b4bd66d8495b186f66414fa980f43b51dd04919b8b08058d785,23831,32097,80733,40366,0.002218,29661.40,29165.69,
38,2,0xf17f52151EbEF6C7334FAD080c5704D77216b732,0xd50bf60dbea03d064227ee1d387f3885089a6d6851f815bc200c0e25d5d4b3ff,23832,32097,80733,40366,0.002218,30651.28,30163.06,
38,1,0x627306090abaB3A6e1400e9345bC60c78a8BEf57,0x0a77d863c8a26f0fb079207d730fe4f3ca6acb1a4841345d6c04027f1ec7f630,23832,32097,80733,40366,0.002218,30713.84,30179.25,
39,2,0xf17f52151EbEF6C7334FAD080c5704D77216b732,0xbb4c9204c701d617acc24f75156c29e954bd3241e6ed3eb926828715c86fb96c,23833,32097,80733,40366,0.002218,29664.69,29160.16,
39,1,0x627306090abaB3A6e1400e9345bC60c78a8BEf57,0xbc53284987d1c34973b45a35b92ceb73152bfdfa1e36031eacf957f0881a9775,23833,32097,80733,40366,0.002218,29674.58,29162.47,
40,2,0xf17f52151EbEF6C7334FAD080c5704D77216b732,0x9222f28e66efc283232fe48b2065fe78e6e6523cd612afc0fa1b10aa5dd71b83,23834,32097,80733,40366,0.002218,29656.60,29159.54,
40,1,0x627306090abaB3A6e1400e9345bC60c78a8BEf57,0x6be4776a6add188b51b90e5720a85837590e329906d36de234ba864ac1427c89,23834,32097,80733,40366,0.002218,29659.52,29161.37,
41,2,0xf17f52151EbEF6C7334FAD080c5704D77216b732,0x12a57996e0d2b97c48d459cf9345c8a91b4964c332e1357e469c60e59524524f,23835,32097,80733,40366,0.002218,30637.83,30160.27,
41,1,0x627306090abaB3A6e1400e9345bC60c78a8BEf57,0x4ebc700f2984097d6bcb56563ad667b8ffccaeba77ef19216b6ff50bf1f33aa3,23835,32097,80733,40366,0.002218,30653.19,30164.02,
42,2,0xf17f52151EbEF6C7334FAD080c5704D77216b732,0x430b41c8495aee1040aa63b1e3412a1476e90a3d6cbf0aad954af1a2b599c992,23836,32097,80733,40366,0.002218,29639.80,29158.02,
42,1,0x627306090abaB3A6e1400e9345bC60c78a8BEf57,0x8e618d5951ff75999227151cc9f1a5762a28957d80c7a8963f04bad7e44abe31,23836,32097,80733,40366,0.002218,29649.81,29163.97,
43,2,0xf17f52151EbEF6C7334FAD080c5704D77216b732,0xed0216b0d9ce83b875567926464505bc5a63b0af6cb3d759eff0fe355424b463,23837,32097,80733,40366,0.002218,29633.37,29159.86,
43,1,0x627306090abaB3A6e1400e9345bC60c78a8BEf57,0xbc793b52660b67273136f351b6e227adfc53017861f91444843b108636fdfa4b,23837,32097,80733,40366,0.002218,29654.69,29163.23,
44,2,0xf17f52151EbEF6C7334FAD080c5704D77216b732,0xf9ced32da65891f7f67adf8a49d9dd33b9c3b4df319a44feca369c10a6884ab7,23838,32097,80733,40366,0.002218,30640.94,30158.39,
44,1,0x627306090abaB3A6e1400e9345bC60c78a8BEf57,0x3a3481663d4340c2eac3c6b6810a357e3f481f21ebd1f0af150850d7f27f941b,23838,32097,80733,40366,0.002218,30657.89,30161.97,
45,2,0xf17f52151EbEF6C7334FAD080c5704D77216b732,0x6436e3cf3fd1301682d7be84d1802f27e6a4818b0a7510da7f4bfad5eeb503d5,23839,32097,80733,40366,0.002218,29640.73,29162.88,
45,1,0x627306090abaB3A6e1400e9345bC60c78a8BEf57,0xc56de274e512946a38038813a468816d15afdfc93a6593f61428ed65ab93be3f,23839,32097,80733,40366,0.002218,29649.85,29162.59,
46,1,0x627306090abaB3A6e1400e9345bC60c78a8BEf57,0xfe27908054c660a9caf021689d0d997ceca1523614769a4dbb4f01db29edd371,23840,32097,84043,42021,0.002309,29655.12,29164.22,
46,2,0xf17f52151EbEF6C7334FAD080c5704D77216b732,0xde22cdc0f8da1bdbc3a96a5a15e4365b80ae8614853bd3838ec00460514fe8fa,23840,32097,84043,42021,0.002309,30638.03,30159.79,
47,2,0xf17f52151EbEF6C7334FAD080c5704D77216b732,0x7c4d8e3ea6f4786e823d2f6ff3ed5fd24d5854d76a5226edbb35b6b5b7a100f2,23841,32097,84043,42021,0.002309,29636.76,29159.03,
47,1,0x627306090abaB3A6e1400e9345bC60c78a8BEf57,0x48f1008c0d518f32a760e0445ab0ac27854a7f600fe82ccfd90651e10e5d784f,23841,32097,84043,42021,0.002309,30648.10,30162.69,
48,2,0xf17f52151EbEF6C7334FAD080c5704D77216b732,0x3d7df1a666cfc9595dee5e818a83ae80c9ba45ec72f75e5f925248707b16dd8f,23842,32097,94967,47483,0.002610,29638.06,29159.54,
48,1,0x627306090abaB3A6e1400e9345bC60c78a8BEf57,0x556d92f8bd0ab43a5054a3bc66def327a2a31ccff66e99987a22527ba0b73dc9,23842,32097,94967,47483,0.002610,29650.43,29164.03,
49,1,0x627306090abaB3A6e1400e9345bC60c78a8BEf57,0x0fc5a3dc9a8b48a98e6f1d3f3896fe5ec98e61666263a9b807b1772d5d14363c,23843,32097,94967,47483,0.002610,29655.20,29162.64,
49,2,0xf17f52151EbEF6C7334FAD080c5704D77216b732,0x35250e5f304f537a3f15ff871d15c437ba0c0fa50051fae441cfb7e58b93ce48,23843,32097,94967,47483,0.002610,30632.05,30157.24,
50,2,0xf17f52151EbEF6C7334FAD080c5704D77216b732,0x50690e0882f3eae3fc75448962b951703c9969a7f4972a4319ae460e7d94aa0b,23844,32097,94967,47483,0.002610,29637.01,29161.62,
50,1,0x627306090abaB3A6e1400e9345bC60c78a8BEf57,0x7501013b07f46288e24ea7938f2c975b306b29a8609ccf3636160a09cffb5922,23844,32097,94967,47483,0.002610,30653.12,30168.34,
51,2,0xf17f52151EbEF6C7334FAD080c5704D77216b732,0x16efe89f9edcc3fbd9c6ba5cacc9305b87b85cade648573431f336a912fb9523,23845,32097,94967,47483,0.002610,29666.06,29159.16,
51,1,0x627306090abaB3A6e1400e9345bC60c78a8BEf57,0x0b9f863a74fba6643dafb725d47bc81f9484c8088bb70e51cc63b2cc8b3bfc80,23845,32097,94967,47483,0.002610,29673.11,29160.81,
52,1,0x627306090abaB3A6e1400e9345bC60c78a8BEf57,0xc74df44f25b09e4edbe9a9c6ddf93e3a72e0ad508e6b4e65d094bfb0e6c74764,23846,32097,94967,47483,0.002610,29643.26,29161.55,
52,2,0xf17f52151EbEF6C7334FAD080c5704D77216b732,0x09733b19669049cd55fd504e1fe6e2a38ca37f64c9a26dc600c6649d5538720b,23846,32097,94967,47483,0.002610,30636.07,30159.03,
53,2,0xf17f52151EbEF6C7334FAD080c5704D77216b732,0x3377dc612c66ad3e84bd16bded7ca5812b5157358e7a4f31de0a1772869af452,23847,32097,94967,47483,0.002610,29636.58,29160.79,
53,1,0x627306090abaB3A6e1400e9345bC60c78a8BEf57,0x29fc34a6a2d22b4b4116900ea98a4cdf6bad2812cbba3d5b1f191cae7a12e57a,23847,32097,94967,47483,0.002610,30646.53,30163.74,
54,2,0xf17f52151EbEF6C7334FAD080c5704D77216b732,0xf1e161237c38932ff86686ef6924b84ce7232251815c7bceee45dbb7d80e9094,23848,32097,94967,47483,0.002610,29636.10,29159.75,
54,1,0x627306090abaB3A6e1400e9345bC60c78a8BEf57,0x6c49a052b292ca8308756f9bb681a7dff8db1e3bdb392a32bd0ffaca01ed5c98,23848,32097,94967,47483,0.002610,29644.56,29159.98,
55,1,0x627306090abaB3A6e1400e9345bC60c78a8BEf57,0xfb2eaa447b019003e1d4b1738d170530107008a5c136f90d360e137d3b27d2fd,23849,32097,96085,48042,0.002640,29642.94,29162.58,
55,2,0xf17f52151EbEF6C7334FAD080c5704D77216b732,0xb34539738e41633602184f2304a44d6de9243b6f376ccaa98c0820b501aa623e,23849,32097,96085,48042,0.002640,30632.49,30156.97,
56,2,0xf17f52151EbEF6C7334FAD080c5704D77216b732,0x8646e0b09ffe1674c236779339e8de2700413bb6b819650fe17521e23a3d1e48,23850,32109,109658,54829,0.003013,29633.34,29159.05,
56,1,0x627306090abaB3A6e1400e9345bC60c78a8BEf57,0x510df51b2f82bf2f4d91b0c9daf706db1ac5b3f4273ec01cd2dab8b1d1af2f49,23850,32109,109658,54829,0.003013,30644.69,30159.85,
57,2,0xf17f52151EbEF6C7334FAD080c5704D77216b732,0xea9a0ddb7ce6898a7d735f15cea157b844dcc894bf7dd957ca653151ab821afc,23851,32109,109658,54829,0.003013,29637.34,29161.72,
57,1,0x627306090abaB3A6e1400e9345bC60c78a8BEf57,0xf5c4301a1ada8101fcc5a88a3bd93c95b861ffbb8e5beebb7606eda42036a6e4,23851,32109,109658,54829,0.003013,29662.03,29162.84,
58,2,0xf17f52151EbEF6C7334FAD080c5704D77216b732,0x1ff653fb9c09ee84670473e6fa393f4692ab3a10b8cbaab6d19f19198c584fa1,23852,32109,109658,54829,0.003013,30635.99,30158.81,
58,1,0x627306090abaB3A6e1400e9345bC60c78a8BEf57,0x083862fc0f631cc0c89c9d64656bcd8a985ff336e166ce3fa2912b0d40e9c14e,23852,32109,109658,54829,0.003013,30647.88,30162.47,
59,2,0xf17f52151EbEF6C7334FAD080c5704D77216b732,0xb44ba25879eda80c60a787d79b11980e0c37461ef29bddd739dd66876f5e4591,23853,32109,109658,54829,0.003013,29638.98,29163.17,
59,1,0x627306090abaB3A6e1400e9345bC60c78a8BEf57,0x3d2a7530815c6631dc69aaa2f132074873d533c1a9e3d3032e58b9aaa6f47df4,23853,32109,109658,54829,0.003013,29644.76,29161.94,
60,1,0x627306090abaB3A6e1400e9345bC60c78a8BEf57,0x172f003c67e13d90b97825b8c2ebcda405b60ff11bd308d20275c3ac1a54bb34,23854,32109,109658,54829,0.003013,29644.71,29160.99,
60,2,0xf17f52151EbEF6C7334FAD080c5704D77216b732,0x69a0648335687c06c94f8fbaf07b4de8045ba68f442a9ad23275affeeba6dab3,23854,32109,109658,54829,0.003013,30645.13,30159.46,
61,2,0xf17f52151EbEF6C7334FAD080c5704D77216b732,0x83052abfdaa6ec1c8d90a89872b5aca7a82a180379e623cd4d97f861b2be7bd4,23855,32109,109658,54829,0.003013,29637.53,29161.84,
61,1,0x627306090abaB3A6e1400e9345bC60c78a8BEf57,0xbfdf361e105d3c5443067763c696af49dbf95f59f7def846d6757b0d908328a6,23855,32109,109658,54829,0.003013,30643.79,30160.79,
62,2,0xf17f52151EbEF6C7334FAD080c5704D77216b732,0x9d18e1f288fecb99ccf33b760c5d22a96fc85214b955ac7519284f8ca0ba38dc,23856,32109,109658,54829,0.003013,29638.79,29160.97,
62,1,0x627306090abaB3A6e1400e9345bC60c78a8BEf57,0x77b6e614dff79d0d026a60d3a1b045986fe6c43931596f6b73670c719a05e3ee,23856,32109,109658,54829,0.003013,29644.44,29161.54,
63,2,0xf17f52151EbEF6C7334FAD080c5704D77216b732,0x02ad9ba88001584c8f82f6a39bef82171ab16298c0a0ed13e78a0ac3fa7f96fb,23857,32109,109658,54829,0.003013,29936.35,29168.18,
63,1,0x627306090abaB3A6e1400e9345bC60c78a8BEf57,0x15a51c6d434880d31067052ffd20dad9457d736c7d5b211c374068106164c9a5,23857,32109,109658,54829,0.003013,29975.45,29164.11,
64,1,0x627306090abaB3A6e1400e9345bC60c78a8BEf57,0xed32d3d18d8e3cd1d752e9a10e79eee9a3f3984d3b6e5bfa2bb6ef1d971c7b12,23858,32109,118143,59071,0.003247,29656.84,29164.93,
64,2,0xf17f52151EbEF6C7334FAD080c5704D77216b732,0xd20e3e130ccd75b82a6280673bec894be4e95bf27c070db14c9b9de297358765,23858,32109,118143,59071,0.003247,30627.77,30157.32,
65,2,0xf17f52151EbEF6C7334FAD080c5704D77216b732,0xc48bbaea3ac6a585bf89d007934596a8b348cffbde6dd2980c576e4a243f8cd2,23859,32109,118143,59071,0.003247,29627.84,29157.26,
65,1,0x627306090abaB3A6e1400e9345bC60c78a8BEf57,0x01667f28ed5b1cbb08b6fb4d3581648dec6badd6689274f267b0437c38cc4822,23859,32109,118143,59071,0.003247,30650.92,30161.49,
66,2,0xf17f52151EbEF6C7334FAD080c5704D77216b732,0xb9279d3712d48497faccab32475210cf9d182329619c33b447771c1b200755c1,23860,32109,118143,59071,0.003247,29624.76,29157.41,
66,1,0x627306090abaB3A6e1400e9345bC60c78a8BEf57,0x84fa43d071b504768b4da07d06820dc01c1aa5019957248d0c2b2f1bc2eb454a,23860,32109,118143,59071,0.003247,29652.86,29165.07,
67,1,0x627306090abaB3A6e1400e9345bC60c78a8BEf57,0x8aed147450efb90fb6b0d94964afdb280cb4976247a0b59d963cda54fe160874,23861,32109,118143,59071,0.003247,29655.44,29161.88,
67,2,0xf17f52151EbEF6C7334FAD080c5704D77216b732,0x28707004293290e1089c70e0a22308a8b47cc66763e9a6feb9740ea00e92241b,23861,32109,118143,59071,0.003247,30626.90,30157.15,
68,2,0xf17f52151EbEF6C7334FAD080c5704D77216b732,0x32ecfbd860f9b420516b0e6e9b2cd514056931d016bb5a0dda9dd3c598a8c135,23862,32109,118143,59071,0.003247,29636.68,29169.03,
68,1,0x627306090abaB3A6e1400e9345bC60c78a8BEf57,0x1f5029e7d2219ba851c55e1eac6fc4b81abe878be0e0ff1c0cea00805f606a2d,23862,32109,118143,59071,0.003247,30663.99,30172.03,
69,1,0x627306090abaB3A6e1400e9345bC60c78a8BEf57,0xda29f40d313e880eaeaee9682d5c6559c497d18d169a113004469853c5f35fd6,23863,32109,123315,61657,0.003389,29659.12,29163.07,
69,2,0xf17f52151EbEF6C7334FAD080c5704D77216b732,0x4844b34e0b98c34f459ab9501758681555c9b289a79b885d05361411308982ec,23863,32109,123315,61657,0.003389,30648.70,30157.02,
70,1,0x627306090abaB3A6e1400e9345bC60c78a8BEf57,0x4a64663613483e4604cc0d477f0ecf2014b851a87ef3e1b289c48224e736d7fb,23864,32109,123315,61657,0.003389,29654.26,29163.50,
70,2,0xf17f52151EbEF6C7334FAD080c5704D77216b732,0xa9de36b22e61b27b9710801086b547db6b655d38b3665d65d39569171add565a,23864,32109,123315,61657,0.003389,29625.73,29157.29,
71,2,0xf17f52151EbEF6C7334FAD080c5704D77216b732,0x7fe0e7e312bea74e9ea09f1f031f66ef6371e03edb9cc86a8f046a36b222f4ce,23865,32109,123315,61657,0.003389,29626.09,29155.45,
71,1,0x627306090abaB3A6e1400e9345bC60c78a8BEf57,0xbd87f6dda8b04d55a66d7425ac8f8dcd853887195cfa24a6a3095678f91f4a4c,23865,32109,123315,61657,0.003389,30652.81,30162.50,
72,1,0x627306090abaB3A6e1400e9345bC60c78a8BEf57,0x041939fb8a270426c183e6d68a19630b214070e53392dae1324f5ca15a4224a6,23866,32109,123315,61657,0.003389,29650.43,29164.63,
72,2,0xf17f52151EbEF6C7334FAD080c5704D77216b732,0xa4b964fd4c877c5d4adf84fc751685c469fda46fb71bed6f3fcde461333d2688,23866,32109,123315,61657,0.003389,30623.90,30156.18,
73,1,0x627306090abaB3A6e1400e9345bC60c78a8BEf57,0xc4c7814a4128a18769c8d727d352052cc1d6f30d3f01d10e19d81b595f5c3d2d,23867,32109,127453,63726,0.003502,29649.45,29161.54,
73,2,0xf17f52151EbEF6C7334FAD080c5704D77216b732,0xa53f0495acf76adbb85dd101b467bfbdeb5a66eb184882522c67272b6c3810d8,23867,32109,127453,63726,0.003502,29622.16,29156.78,
74,2,0xf17f52151EbEF6C7334FAD080c5704D77216b732,0x804bb5e9d70f72c5e572f2c677b2f7d2439643d027c1ca34de675fcc1a45bd0a,23868,32109,127453,63726,0.003502,29634.76,29161.46,
74,1,0x627306090abaB3A6e1400e9345bC60c78a8BEf57,0xdc074824cce6ab2370a65a10562283f013395feb1431fd14b95c48b3ff894b95,23868,32109,127453,63726,0.003502,30655.07,30162.01,
75,1,0x627306090abaB3A6e1400e9345bC60c78a8BEf57,0xec5f3e4466859635e92ab747f7023aed5a9bf5b66f641a69d3e01096f9f4a810,23869,32109,127453,63726,0.003502,29654.23,29165.08,
75,2,0xf17f52151EbEF6C7334FAD080c5704D77216b732,0x142c7676f6ac520e1f804b4124e087690f80d7fbd29705c8f689925f4666c987,23869,32109,127453,63726,0.003502,30628.30,30158.61,
76,1,0x627306090abaB3A6e1400e9345bC60c78a8BEf57,0x376531bbc6a10fd795f2fae71a2afb214885018b13c5f23b70899d67df6fac13,23870,32109,129563,64781,0.003560,29657.97,29164.40,
76,2,0xf17f52151EbEF6C7334FAD080c5704D77216b732,0xfe106c26b924d2755e5d57632b8beada228d0b9a6d01c5cc289e2d3777908822,23870,32109,129563,64781,0.003560,29627.20,29156.59,
77,1,0x627306090abaB3A6e1400e9345bC60c78a8BEf57,0x39a0842b5586db1f655d8192aa10346a3e68727b9e5b5d7a1119bc963e33ac7f,23871,32109,134445,67222,0.003695,30651.90,30162.71,
77,2,0xf17f52151EbEF6C7334FAD080c5704D77216b732,0xafe470d4bb90fff54c3c9ab7db63a4a11c2c4aadbece539c9789de23c847a797,23871,32109,134445,67222,0.003695,30631.97,30158.18,
78,1,0x627306090abaB3A6e1400e9345bC60c78a8BEf57,0xa5284961ca68089be4cc63752f11ff6fc933986fcbaefbbcbfb4e18900be1034,23872,32109,134445,67222,0.003695,29652.42,29163.59,
78,2,0xf17f52151EbEF6C7334FAD080c5704D77216b732,0x7a82eed6f70112d2f6bc6891bd68283aca6858a717b151a24234a03d91ab1eea,23872,32109,134445,67222,0.003695,29624.85,29156.62,
79,1,0x627306090abaB3A6e1400e9345bC60c78a8BEf57,0xfa6caf2258b2828d4104d78e48e189aaf4c800bcabff1ff9bfb3fd1cd031f3aa,23873,32109,134445,67222,0.003695,29670.33,29175.23,
79,2,0xf17f52151EbEF6C7334FAD080c5704D77216b732,0xc9a23e4b2fb489c378682b22816601974802bb4a07ad1557a32e61afd865b99f,23873,32109,134445,67222,0.003695,29626.60,29156.23,
80,1,0x627306090abaB3A6e1400e9345bC60c78a8BEf57,0x670e5d5e08a71c2424877348a9841a1d8f5c31aa466f6d784555d656c21b560c,23874,32109,135853,67926,0.003733,30653.03,30163.18,
80,2,0xf17f52151EbEF6C7334FAD080c5704D77216b732,0xe4944bc34a80b12dffaa6624fedd66e9e0f153a9c38781eda0f02f185842e256,23874,32109,135853,67926,0.003733,30626.73,30155.75,
81,1,0x627306090abaB3A6e1400e9345bC60c78a8BEf57,0xe5f5bba52eefdc55e126cf583efe06e5067ed2b0a78e0299fc052bc1dd76ddb5,23875,32109,153565,76782,0.004220,29656.27,29166.62,
81,2,0xf17f52151EbEF6C7334FAD080c5704D77216b732,0x416474773971200ff3c65f15a38806382386ac38c6df7329fc226aa038c23e35,23875,32109,153565,76782,0.004220,29627.15,29158.95,
82,1,0x627306090abaB3A6e1400e9345bC60c78a8BEf57,0x8cea08207979857ef66324f39102221fc9c72a88883a39fa704c075a65732c62,23876,32109,153565,76782,0.004220,29655.08,29164.10,
82,2,0xf17f52151EbEF6C7334FAD080c5704D77216b732,0x932dd61b6c1d98075066cee440fede264127aaafe4fe6dfb7b53ce4565104acc,23876,32109,153565,76782,0.004220,29626.72,29156.57,
83,1,0x627306090abaB3A6e1400e9345bC60c78a8BEf57,0x140e7138398e9e171923cd645c31dce372a569203182839045641e7f3a5b47b8,23877,32109,153565,76782,0.004220,30652.83,30165.60,
83,2,0xf17f52151EbEF6C7334FAD080c5704D77216b732,0xb49ea7dc2cfaff9aba6c43299303fe941c2a15f88639689bc9c3a629625b1939,23877,32109,153565,76782,0.004220,30626.88,30157.74,
84,1,0x627306090abaB3A6e1400e9345bC60c78a8BEf57,0xccffdda1845a91554dacd86cc0a99f89649f7d288f311a8fe27ecaa4b09836c5,23878,32109,153565,76782,0.004220,29661.41,29166.90,
84,2,0xf17f52151EbEF6C7334FAD080c5704D77216b732,0x2606547d352b6aaf361214af526167e683fffbea2b19046c03d90345962382bb,23878,32109,153565,76782,0.004220,29636.29,29164.92,
85,1,0x627306090abaB3A6e1400e9345bC60c78a8BEf57,0x4ff2f297aae33470772b60e7ab3821d8d3b625cd3d6b3d3b8e4963b33a20be4e,23879,32109,153565,76782,0.004220,30671.40,30165.94,
85,2,0xf17f52151EbEF6C7334FAD080c5704D77216b732,0x1613eb428d6e5e5140233b1e1d3f55f58d0861da16d79c035957ba0d19a2c604,23879,32109,153565,76782,0.004220,30668.14,30177.10,
86,1,0x627306090abaB3A6e1400e9345bC60c78a8BEf57,0xfa951197e5be6e32658b66b618910652da47e3b8f004e67a21a02a65dc4eb9d3,23880,32109,153565,76782,0.004220,29671.75,29164.07,
86,2,0xf17f52151EbEF6C7334FAD080c5704D77216b732,0x231133c6bdde8cbdd6165d77733391d4ef31b4f60f23d90deeb742e7ff0e4e45,23880,32109,153565,76782,0.004220,29671.70,29155.96,
87,2,0xf17f52151EbEF6C7334FAD080c5704D77216b732,0xc724aeb68749d99a9c134dfefcc54fa0f07144ef0433651a86fd365c7f35aa14,23881,32109,153565,76782,0.004220,29639.90,29164.57,
87,1,0x627306090abaB3A6e1400e9345bC60c78a8BEf57,0x9c6b4703a4e69156118af5d880e05693827a9aaaa1368f39377bd5ff71f8a03a,23881,32109,153565,76782,0.004220,29684.95,29167.08,
88,2,0xf17f52151EbEF6C7334FAD080c5704D77216b732,0x0be9bfec77afe632ba865885afa3eebddf9af6f80e95418a887d1b10ace5acd0,23882,32109,153565,76782,0.004220,29717.80,29182.44,
88,1,0x627306090abaB3A6e1400e9345bC60c78a8BEf57,0xd8d51e43d346c6f0a34d4a5002506977442947833191a1d5e60025f227ad95b4,23882,32109,153565,76782,0.004220,29704.75,29177.33,
89,2,0xf17f52151EbEF6C7334FAD080c5704D77216b732,0xde8eb1cb50a3d15cc708f730f39fe7b5c1919181651ca969a4500d3036280345,23883,32109,153565,76782,0.004220,30660.07,30159.49,
89,1,0x627306090abaB3A6e1400e9345bC60c78a8BEf57,0x86794cf90562abd0561a25650b763923bbcd34dd0f3d923299018581d632384c,23883,32109,153565,76782,0.004220,30683.07,30167.32,
90,2,0xf17f52151EbEF6C7334FAD080c5704D77216b732,0x6014c69d98b21229345270b33e661aea01b1c0ea16554940b687e8d92a826ac6,23884,32109,154682,77341,0.004251,29665.22,29163.73,
90,1,0x627306090abaB3A6e1400e9345bC60c78a8BEf57,0x9bcc10d1514b304993cfee1e2585a584c1a76c9c91c589d787810f6185d6d343,23884,32109,154682,77341,0.004251,29672.26,29165.24,
91,2,0xf17f52151EbEF6C7334FAD080c5704D77216b732,0x4c0b32fabe4a3590535d67baf5d3204fbe0d039e90a62b1e7769378446533c6b,23885,32109,156090,78045,0.004290,29668.78,29154.92,
91,1,0x627306090abaB3A6e1400e9345bC60c78a8BEf57,0xbb51546ac6b1544e549b8dca51768bc3c245a447ba794310aa50e8a5c55bd0f3,23885,32109,156090,78045,0.004290,29684.61,29160.54,
92,2,0xf17f52151EbEF6C7334FAD080c5704D77216b732,0x01d2e450688d7715eaf24184d36a5ae6b1975f85dcda035196b2bad725fbbb03,23886,32109,160060,80030,0.004399,30618.23,30153.38,
92,1,0x627306090abaB3A6e1400e9345bC60c78a8BEf57,0xd4811ee4f079040ba9e00bb1068f5a5ceff04eedb7df05c2a54ccdafc5b07ac3,23886,32109,160060,80030,0.004399,30654.52,30161.17,
93,2,0xf17f52151EbEF6C7334FAD080c5704D77216b732,0x8223273c1fba1a7e75a9a3323daf30f0ff9b08bb53f469397c4216b12f17461d,23887,32109,160060,80030,0.004399,29619.81,29158.22,
93,1,0x627306090abaB3A6e1400e9345bC60c78a8BEf57,0x33124236a0181f23a8a576d24452223878baacc5ebe7821ae5c87bbeade65b72,23887,32109,160060,80030,0.004399,29640.10,29149.52,
94,2,0xf17f52151EbEF6C7334FAD080c5704D77216b732,0x08c89f3b803f95902f23eb8639e43e68825f456c7b8c4b951d15af2b014844d0,23888,32109,160060,80030,0.004399,30630.70,30159.51,
94,1,0x627306090abaB3A6e1400e9345bC60c78a8BEf57,0x14d69e3429721bf8f13551a3c2e93550eeec6ffffe1d46a02b6d3d5302fb49eb,23888,32109,160060,80030,0.004399,30603.63,30152.49,
95,2,0xf17f52151EbEF6C7334FAD080c5704D77216b732,0xe5f7d85ffcbf73aac4462aae06e0330815bec7d76b0386e61b7529597b35d722,23889,32109,161757,80878,0.004445,29631.46,29158.02,
95,1,0x627306090abaB3A6e1400e9345bC60c78a8BEf57,0x0435e210f4f09cec37403496b3cbaf6e3e03459bf14bedd8821f01824cfde24f,23889,32109,161757,80878,0.004445,29601.89,29149.51,
96,2,0xf17f52151EbEF6C7334FAD080c5704D77216b732,0xeddb393629849fa249c4b77430946c05928352b963998fd5d45d4e9503ee4598,23890,32109,167883,83941,0.004614,29638.31,29165.52,
96,1,0x627306090abaB3A6e1400e9345bC60c78a8BEf57,0xbc569ef417949149008777338e8308d34386cfc36594049d1f373124eed7c63e,23890,32109,167883,83941,0.004614,29602.14,29151.28,
97,1,0x627306090abaB3A6e1400e9345bC60c78a8BEf57,0x9374e3a3cd668f817fd24d571de93afc3bd15f9b7192f7a9be16567587e36ab6,23891,32109,167883,83941,0.004614,30599.50,30149.87,
97,2,0xf17f52151EbEF6C7334FAD080c5704D77216b732,0xc19b11440e01de489342fc6b97158b7d3a4bff28e9de7204b8a9851fe297c35d,23891,32109,167883,83941,0.004614,30628.34,30157.23,
98,1,0x627306090abaB3A6e1400e9345bC60c78a8BEf57,0xad1088abfdcd8b15335d649b2bf00762a84c5f1eac874d01243253b15002482a,23892,32109,167883,83941,0.004614,29596.21,29149.06,
98,2,0xf17f52151EbEF6C7334FAD080c5704D77216b732,0x7e92bf7b7224b368ac2c5287811e2b185f48f62f19397ef02624265df6549f97,23892,32109,167883,83941,0.004614,29627.78,29158.08,
99,1,0x627306090abaB3A6e1400e9345bC60c78a8BEf57,0xbb54e76c8ecb59455b863c8fd23c3a1d2529b8f7faab535695727d61430576f6,23893,32109,167883,83941,0.004614,29606.44,29155.46,
99,2,0xf17f52151EbEF6C7334FAD080c5704D77216b732,0x905d0af79cee439a6dbbb3e0e16c4b82ac70596f1bdec0eebdb3ba82c04bcf3a,23893,32109,167883,83941,0.004614,29631.59,29159.78,
100,1,0x627306090abaB3A6e1400e9345bC60c78a8BEf57,0xa892a905e1012b4ea0c4c3633588be43b0d225df3af9a57108d2e897cf476baa,23894,32109,167883,83941,0.004614,30603.71,30150.18,
100,2,0xf17f52151EbEF6C7334FAD080c5704D77216b732,0xc0777112ebe0111d1958f7bc22b63330eff345fa9519377f6b1e1d0ffe02f466,23894,32109,167883,83941,0.004614,30631.10,30159.24,
101,1,0x627306090abaB3A6e1400e9345bC60c78a8BEf57,0x465d45e9ab4248803a1b99f5e69212f15bd93bb10ad5a2cedbe855c6edc48cea,23895,32109,185260,92630,0.005091,29604.90,29151.55,
101,2,0xf17f52151EbEF6C7334FAD080c5704D77216b732,0x1ca04d6b3e3cbc330eee6f96d1ef86e63358308532cd69bebdd294837f36d44b,23895,32109,185260,92630,0.005091,29643.28,29158.64,
102,1,0x627306090abaB3A6e1400e9345bC60c78a8BEf57,0xc5f0254051bdf0d9b5e3010e2c4d168f067de7c4db15d6b1dc1a0f4745892009,23896,32109,185260,92630,0.005091,30604.64,30153.51,
102,2,0xf17f52151EbEF6C7334FAD080c5704D77216b732,0x6b49e159faaf6fdf00bc66ee4c4d23c9a40683773b61175245c3c57f65ca3e2e,23896,32109,185260,92630,0.005091,30668.99,30188.12,
103,1,0x627306090abaB3A6e1400e9345bC60c78a8BEf57,0x9e88bbb409b667552120d19a2a11202fd6b454e8964dcc0885bc729356e36c62,23897,32109,185260,92630,0.005091,29608.76,29149.92,
103,2,0xf17f52151EbEF6C7334FAD080c5704D77216b732,0x10418f17194048c5912e7f54b6d3d9d9ca2f6e4fe08e54cffb1dba3ef4d236aa,23897,32109,185260,92630,0.005091,29632.92,29158.70,
104,1,0x627306090abaB3A6e1400e9345bC60c78a8BEf57,0x02dcf7874f9e9f9a524947b4fc2c6d75a2382b912a47cf9c51bf7894852aaafe,23898,32109,185260,92630,0.005091,29604.28,29149.20,
104,2,0xf17f52151EbEF6C7334FAD080c5704D77216b732,0x78f354b5dfa2573d9926a04ba46b405f3b3d3beb5039f2d786f83bc89dcc0f5c,23898,32109,185260,92630,0.005091,29633.57,29158.77,
105,1,0x627306090abaB3A6e1400e9345bC60c78a8BEf57,0x0cfed6071ec9c23a40cf264625e7c9ea62324ec3aef1f59547837519dd62eff1,23899,32109,185260,92630,0.005091,30608.66,30149.92,
105,2,0xf17f52151EbEF6C7334FAD080c5704D77216b732,0x3e80a25f44893884fecb8522d15123e579006a618e4ef8b9dc70746e3f224408,23899,32109,185260,92630,0.005091,30634.91,30158.04,
106,1,0x627306090abaB3A6e1400e9345bC60c78a8BEf57,0xbdc311ee03df99d23a8946104f8d0aac1ed4f1d4695cb44a7e7d044e0185132c,23900,32109,185260,92630,0.005091,29598.33,29151.17,
106,2,0xf17f52151EbEF6C7334FAD080c5704D77216b732,0xde0a87f536b90531ae04e862d2b8f0dcaa234ac9e746c602b8874d8af6d9b071,23900,32109,185260,92630,0.005091,29638.50,29165.92,
107,2,0xf17f52151EbEF6C7334FAD080c5704D77216b732,0x396170b562c3df7aa0a8ae9cd98f83e5bb66346530c1480150d9e713cf955533,23901,32109,185260,92630,0.005091,29632.62,29158.43,
107,1,0x627306090abaB3A6e1400e9345bC60c78a8BEf57,0xefb18af7c66ec6a656f4c6eb21a1073cabd32e9e9b569da403bd601421eaf806,23901,32109,185260,92630,0.005091,30599.80,30148.27,
108,1,0x627306090abaB3A6e1400e9345bC60c78a8BEf57,0xe698ac770c478c228cf6418e0645580228efeeee0ff5d20c4235d35a0f7f02fa,23902,32109,185260,92630,0.005091,29600.32,29149.68,
108,2,0xf17f52151EbEF6C7334FAD080c5704D77216b732,0x9a896611348262d12d0080783906d177923b380143ddff8cb4f6e60ef4108e08,23902,32109,185260,92630,0.005091,30633.57,30159.93,
109,1,0x627306090abaB3A6e1400e9345bC60c78a8BEf57,0x4438f0a867545ca64999ebe2b186ccd40c369814fd75ac4b72b6c019689a43c6,23903,32109,192710,96355,0.005296,29599.01,29150.72,
109,2,0xf17f52151EbEF6C7334FAD080c5704D77216b732,0xe278630d4afbf4e611eb7962f4a0eaefd944b3d7c9067463c9ddc54278491091,23903,32109,192710,96355,0.005296,29632.31,29158.07,
110,2,0xf17f52151EbEF6C7334FAD080c5704D77216b732,0x620a71aa83cba2aea43d6d84b43cd918a381fd7f2f85dd678ab6d009a55ff31d,23904,32109,192710,96355,0.005296,29631.53,29156.21,
110,1,0x627306090abaB3A6e1400e9345bC60c78a8BEf57,0x5e832241f2862bb35eda01e25e91e9cdfb6ca58dfaab7d00e2b3990f0d714104,23904,32109,192710,96355,0.005296,30606.53,30150.35,
111,1,0x627306090abaB3A6e1400e9345bC60c78a8BEf57,0xf8f87c3f58f9cd4aff53224d266c17263a9e4c93d54c1899e093abb9822fd786,23905,32109,192710,96355,0.005296,29602.79,29152.68,
111,2,0xf17f52151EbEF6C7334FAD080c5704D77216b732,0x3371f03d0ea7e2829d91a70f48eca75107970a809aa95310d657c357bda34cab,23905,32109,192710,96355,0.005296,30633.10,30160.19,
112,2,0xf17f52151EbEF6C7334FAD080c5704D77216b732,0x803db95aae4b04cd419b0c020646c6eff27ac61b2df441547507dd0a3e6698a2,23906,32109,192710,96355,0.005296,29630.98,29159.13,
112,1,0x627306090abaB3A6e1400e9345bC60c78a8BEf57,0xcda2af39deabbade9d270fa5f532a4296ae2d0e6a56e9f503222a3d8dece8ba0,23906,32109,192710,96355,0.005296,30609.49,30150.47,
113,1,0x627306090abaB3A6e1400e9345bC60c78a8BEf57,0xe189f7fab17aa20fdcf812671463e90b92b64ed1d6176c5bff3df1ad46ec217d,23907,32109,192710,96355,0.005296,29598.49,29148.82,
113,2,0xf17f52151EbEF6C7334FAD080c5704D77216b732,0xb217791e9b8419b04b034d97e2dfa9596d6ec0b8b0e73fdbc9cf5856188e2d7d,23907,32109,192710,96355,0.005296,30630.17,30156.47,
114,1,0x627306090abaB3A6e1400e9345bC60c78a8BEf57,0x00d95039e023bc2cec2046aafac230d55557ec817f97826e315a70fad6c55f5d,23908,32109,192710,96355,0.005296,29599.40,29149.83,
114,2,0xf17f52151EbEF6C7334FAD080c5704D77216b732,0x523abd58b87a2ee859e40573bc3479e1d1a5329d0e65401d2c258eea9d1e68c6,23908,32109,192710,96355,0.005296,29629.36,29156.62,
115,2,0xf17f52151EbEF6C7334FAD080c5704D77216b732,0x8fd340954a3a25a6390cf2cc026d5013e37b9ad4e28e46e01bfddf7edde50507,23909,32109,192710,96355,0.005296,29633.99,29159.78,
115,1,0x627306090abaB3A6e1400e9345bC60c78a8BEf57,0xf09dea311f721e44f9fb5390fd942a760d1c5a23a8b71f0be30c95a7cff2ed05,23909,32109,192710,96355,0.005296,30600.54,30149.37,
116,1,0x627306090abaB3A6e1400e9345bC60c78a8BEf57,0xbd575be9ffcba33ce0ba28ba5e1e85fdf131f5f5d7f3399688ae57784080f037,23910,32109,192710,96355,0.005296,29603.95,29154.18,
116,2,0xf17f52151EbEF6C7334FAD080c5704D77216b732,0x922d639d5d83885a5a867989ffbfbe383b1aa01218bd8ada9daafc06e6d0ccf8,23910,32109,192710,96355,0.005296,30632.99,30159.05,
117,2,0xf17f52151EbEF6C7334FAD080c5704D77216b732,0x3dee978afce110df154a4b1a46e9028e7dcc58b8327c7d0c62346807b1175aeb,23911,32121,208518,104259,0.005731,29630.97,29157.76,
117,1,0x627306090abaB3A6e1400e9345bC60c78a8BEf57,0xea300c9e4be5210912c0f4ceb3773d70f0fa66daaa9f948409f616e0af397238,23911,32121,208518,104259,0.005731,30603.62,30150.04,
118,2,0xf17f52151EbEF6C7334FAD080c5704D77216b732,0x3fe672d74ff6a95a866455489d1af9fa3b2225f1599672130bf80e343341b189,23912,32121,208518,104259,0.005731,29637.45,29156.90,
118,1,0x627306090abaB3A6e1400e9345bC60c78a8BEf57,0x7f49a08a3bde85fb43755bda3786a9e1e4edf853d0048a0ce8e5464232500d51,23912,32121,208518,104259,0.005731,29601.37,29150.32,
119,1,0x627306090abaB3A6e1400e9345bC60c78a8BEf57,0xe2b9c9f1d8ac0b05e4f4101e6f40ebcfe2f8ee897b648d7942e0222499125cbd,23913,32121,208518,104259,0.005731,29605.85,29151.70,
119,2,0xf17f52151EbEF6C7334FAD080c5704D77216b732,0xb0105b32a1ec14a4d8b400dfda2151719c534996d059a88fc0a71f370a953af3,23913,32121,208518,104259,0.005731,30634.66,30158.55,
120,2,0xf17f52151EbEF6C7334FAD080c5704D77216b732,0x42c1ae1cb3fb307deb7934ac494b97ceef882422f66e6b71226e7d43ae25c42f,23914,32121,208518,104259,0.005731,29633.47,29158.32,
120,1,0x627306090abaB3A6e1400e9345bC60c78a8BEf57,0x6ea18515a6ee05862ba599b136244a415dfb5235eafe7cd49303063b972b4cd3,23914,32121,208518,104259,0.005731,30596.19,30149.44,
121,2,0xf17f52151EbEF6C7334FAD080c5704D77216b732,0x776d270f3b818486e5c33c59aa7a06e1fdb63dc0d356a4db8b665463f6fc958f,23915,32121,208518,104259,0.005731,29632.23,29158.99,
121,1,0x627306090abaB3A6e1400e9345bC60c78a8BEf57,0xb16b812e53c619f07fcedb1dd346a0bd0a07d4a9df199368c72395d0c081a0ee,23915,32121,208518,104259,0.005731,29598.24,29148.83,
122,2,0xf17f52151EbEF6C7334FAD080c5704D77216b732,0xa4ffb0137c76478bcd2f9ebbbc9da02d0b06b12ff61f76f532510186a5a7c6ac,23916,32121,208518,104259,0.005731,30633.42,30159.81,
122,1,0x627306090abaB3A6e1400e9345bC60c78a8BEf57,0x9a7f88d51b29e94e4bd042bd58d3d08e610406cd2e9dc2703b7534357562b357,23916,32121,208518,104259,0.005731,30607.97,30156.37,
123,2,0xf17f52151EbEF6C7334FAD080c5704D77216b732,0x5dd5f4228fe7d1c81df7bca4d7f1831671c0ad63f00fbd66322157ee6c0f2389,23917,32121,208518,104259,0.005731,29642.10,29160.94,
123,1,0x627306090abaB3A6e1400e9345bC60c78a8BEf57,0x5e61e12caf3a83f5db81507ac6fc9dc79884a5528feaec5955f79ce85ed3c73a,23917,32121,208518,104259,0.005731,29597.66,29149.43,
124,1,0x627306090abaB3A6e1400e9345bC60c78a8BEf57,0x8856ee840d1b6c26d05a07d74862aaceca6b4f4c192649779db9a59015b4325f,23918,32121,208518,104259,0.005731,29606.28,29155.05,
124,2,0xf17f52151EbEF6C7334FAD080c5704D77216b732,0x41300b0d230f0e81c5da2da9799eedb91e72c4c9f97e06b2ed450fe3947683ec,23918,32121,208518,104259,0.005731,30642.33,30161.19,
125,2,0xf17f52151EbEF6C7334FAD080c5704D77216b732,0x46c353c43340ffae40097dda73068b52a1eae09db36869f08314565ec3300651,23919,32121,211744,105872,0.005819,29641.92,29161.80,
125,1,0x627306090abaB3A6e1400e9345bC60c78a8BEf57,0x15fa3d3314ff909f3d7e7710ce9ceaaac549826d0b26bd6e6d96128bbf392686,23919,32121,211744,105872,0.005819,30626.75,30156.20,
126,2,0xf17f52151EbEF6C7334FAD080c5704D77216b732,0xb868f3847f01cecd1f1ec863a53f3783b37d5af63bc8252b8f2ec2e676d9b9ed,23920,32121,211744,105872,0.005819,29639.71,29159.80,
126,1,0x627306090abaB3A6e1400e9345bC60c78a8BEf57,0xbe492ae3047a8d0946be39038ae59eb3a4cf3b152e73377934e1db6cd5ecbe3d,23920,32121,211744,105872,0.005819,29628.27,29156.67,
127,2,0xf17f52151EbEF6C7334FAD080c5704D77216b732,0xa94ff7c3685c3bc27ecb99939c836e14ae685477ab5d33c915dc385fddc97fc4,23921,32121,217000,108500,0.005964,30662.69,30181.63,
127,1,0x627306090abaB3A6e1400e9345bC60c78a8BEf57,0x4f82c2769a8d7528b1eed1aeddac61b5321cc06844c22607b54eb0f2921de848,23921,32121,217000,108500,0.005964,30626.44,30158.91,
128,2,0xf17f52151EbEF6C7334FAD080c5704D77216b732,0xa92bfb2ba180fd8208effcf23283e2b4aea21d46b25f7a0280c77f8bd6af520e,23922,32121,217000,108500,0.005964,29637.46,29159.87,
128,1,0x627306090abaB3A6e1400e9345bC60c78a8BEf57,0xd70dbd691b4dad8f4837c5d76c3850ba7fa850e9cdedf4e9d277394760ffdc52,23922,32121,217000,108500,0.005964,29625.36,29156.27,
129,2,0xf17f52151EbEF6C7334FAD080c5704D77216b732,0x3f55e9a92a0b367fabd930bdfd3ed0e200e28d2e337baa69096f7acf83627e89,23923,32121,217000,108500,0.005964,29637.82,29159.52,
129,1,0x627306090abaB3A6e1400e9345bC60c78a8BEf57,0x81a195a3ac7846dfd0a8a9f1ae7ef66221514f742eef880c106219e71dda56d1,23923,32121,217000,108500,0.005964,29621.37,29155.80,
130,2,0xf17f52151EbEF6C7334FAD080c5704D77216b732,0xcada67e4a228ef6a5b600d7d167c3cf16de45e74795b29e3d0ab4548509545bf,23924,32121,223000,111500,0.006129,30640.39,30159.99,
130,1,0x627306090abaB3A6e1400e9345bC60c78a8BEf57,0x651c817b2cc07a9628156f34612ebe7fe7c5ee363a3afda684516008a5e8ed05,23924,32121,223000,111500,0.006129,30623.07,30154.80,
131,1,0x627306090abaB3A6e1400e9345bC60c78a8BEf57,0x57c068a0916adc9118ca49b9b01e6eda98c8b5f426a3d8eaf685a06f52c5676c,23925,32121,223000,111500,0.006129,29699.11,29155.53,
131,2,0xf17f52151EbEF6C7334FAD080c5704D77216b732,0x2e0b21696093cad2348fd63d1c517becf95d25354773ce9efb175499e75ac58a,23925,32121,223000,111500,0.006129,29709.37,29160.86,
132,1,0x627306090abaB3A6e1400e9345bC60c78a8BEf57,0xa995903c37c17bb21cf898c399f6504ce23aed105a51c3d7a8638ebc9922e648,23926,32121,223000,111500,0.006129,29626.38,29157.26,
132,2,0xf17f52151EbEF6C7334FAD080c5704D77216b732,0x533e54ba4f38db1687a25cbf313c11977fdca1c9077ddb9f7954bfc719787979,23926,32121,223000,111500,0.006129,29639.77,29159.90,
133,1,0x627306090abaB3A6e1400e9345bC60c78a8BEf57,0x7e4830cc39190c3c5a98c245da3ff02016246b81be24a6f96598dfa37ccabaf1,23927,32121,223745,111872,0.006149,30630.30,30162.01,
133,2,0xf17f52151EbEF6C7334FAD080c5704D77216b732,0xb7c0e476e7f33b7ab7c55ef74f87e4c44f64911b3eafdeb7606c929cabc55b5d,23927,32121,223745,111872,0.006149,30652.07,30167.94,
134,1,0x627306090abaB3A6e1400e9345bC60c78a8BEf57,0xf778a0e2a083209514e9ac76a61409be80869c25a90fcde101de3d0c3d955da0,23928,32121,224861,112430,0.006180,29693.21,29158.27,
134,2,0xf17f52151EbEF6C7334FAD080c5704D77216b732,0xb0258a6fbd2f9ee7dfaa579bfba776301b0d6ea16d0f23f7f6488fb249432605,23928,32121,224861,112430,0.006180,29671.30,29162.76,
135,1,0x627306090abaB3A6e1400e9345bC60c78a8BEf57,0x6fd38dc4e5197d195ad03740c54a380b18f95f2876216176e41e2e9a9f28b3fd,23929,32121,226186,113093,0.006216,29643.99,29156.77,
135,2,0xf17f52151EbEF6C7334FAD080c5704D77216b732,0x42c2e96d3739c99f617b311a69861ac730b4e8fe3b5bdb6f7dc3c59ac4c97ead,23929,32121,226186,113093,0.006216,29670.07,29164.15,
136,1,0x627306090abaB3A6e1400e9345bC60c78a8BEf57,0x7eacb0450163876af02ecb9abc628d28994e6526050de53c45d41eea4c1c28a4,23930,32121,236987,118493,0.006513,30632.16,30157.77,
136,2,0xf17f52151EbEF6C7334FAD080c5704D77216b732,0xe12693faa20fb31a437d07e4dafa71767fa544b3f4a6dbf7d1435a5eb0768203,23930,32121,236987,118493,0.006513,30664.70,30158.97,
137,1,0x627306090abaB3A6e1400e9345bC60c78a8BEf57,0xbb7efe5dfb388136f3857c4c2eefe617e02e8a9ac945bec2eebc5823a4cf5dd1,23931,32121,236987,118493,0.006513,29654.71,29184.85,
137,2,0xf17f52151EbEF6C7334FAD080c5704D77216b732,0x28cb202ca194c0c39e9a95fd0e1b919682cf9eda1209213e3ec9d8f81eaa5b62,23931,32121,236987,118493,0.006513,29654.62,29170.35,
138,1,0x627306090abaB3A6e1400e9345bC60c78a8BEf57,0x93dfda34bbe6a959b343591fd4b1034a0173b04d409a95d3df863caee6361716,23932,32121,236987,118493,0.006513,29769.85,29181.26,
138,2,0xf17f52151EbEF6C7334FAD080c5704D77216b732,0x526ac1560ce9c1253ca4d1fee859807658a025713b8311273b24c5a4dff96683,23932,32121,236987,118493,0.006513,29731.94,29179.13,
139,1,0x627306090abaB3A6e1400e9345bC60c78a8BEf57,0x90818f8aa012e4bc6cdf366b60c7acfb0718b8a5fb436ba61459cbb4ef084012,23933,32121,236987,118493,0.006513,29869.86,29321.69,
139,2,0xf17f52151EbEF6C7334FAD080c5704D77216b732,0x832b7a86932750534f2a587d2670e3773bcebfd868afb5a019374a9dd80031a0,23933,32121,236987,118493,0.006513,29850.36,29265.01,
140,1,0x627306090abaB3A6e1400e9345bC60c78a8BEf57,0x086082410f4218586501035c4519c49bae38198e813cb7c836f5912b200cd025,23934,32121,236987,118493,0.006513,30839.66,30178.25,
140,2,0xf17f52151EbEF6C7334FAD080c5704D77216b732,0x06e0a9303096d06ce95b3d93868ee16aa1629bf1d503b24f87d0d0a45628f289,23934,32121,236987,118493,0.006513,30838.34,30175.30,
141,1,0x627306090abaB3A6e1400e9345bC60c78a8BEf57,0xd9dec4f24c0a1476a7c958bc5ec7b2655887ecb4660b22d784966bcfb3ab6351,23935,32121,236987,118493,0.006513,29753.66,29204.81,
141,2,0xf17f52151EbEF6C7334FAD080c5704D77216b732,0xe4e616386d9ad7bd2d95f2696b5c10d509075d0ca960858ae8d269642e1dc4fe,23935,32121,236987,118493,0.006513,29773.96,29180.27,
142,1,0x627306090abaB3A6e1400e9345bC60c78a8BEf57,0x417b7ad79ffbd6103d56324aeeb0891ea39bcbb2b96dee28ef089bfceca2b8c4,23936,32121,236987,118493,0.006513,29787.13,29166.20,
142,2,0xf17f52151EbEF6C7334FAD080c5704D77216b732,0x55b79b06e1995308bc656587db3c60e2f9c179eb726e0d32ffc0a3e77692c86c,23936,32121,236987,118493,0.006513,29792.79,29183.11,
143,1,0x627306090abaB3A6e1400e9345bC60c78a8BEf57,0xc2a7e8a78e6f6d342bec768b382a2e344c325af941e4d4a8fb96ff07f681c1b2,23937,32121,236987,118493,0.006513,29724.59,29180.52,
143,2,0xf17f52151EbEF6C7334FAD080c5704D77216b732,0xb566eb1f9a8aec893b69421a09fbb055b8cbce4f98869b6c0567a3bc304d3306,23937,32121,236987,118493,0.006513,29724.96,29186.07,
144,1,0x627306090abaB3A6e1400e9345bC60c78a8BEf57,0x368d5a74b0e813a42fe6f35b8cceacf5eb8983cace74a9da8acb25063cbc62ec,23938,32121,240089,120044,0.006598,30727.76,30184.13,
144,2,0xf17f52151EbEF6C7334FAD080c5704D77216b732,0x1a3b49308aab5ed0bf530b398d880f25b186a8734172be377feb509ce0bd6d15,23938,32121,240089,120044,0.006598,30732.92,30194.20,
145,1,0x627306090abaB3A6e1400e9345bC60c78a8BEf57,0xd4b6050db972a7cd7224d04c75098bedfaf7aa1a0171359760351c3165b2563b,23939,32121,240089,120044,0.006598,29767.62,29182.84,
145,2,0xf17f52151EbEF6C7334FAD080c5704D77216b732,0xf431848704d6ba398bee648a8813d69332344a086d0e0d4c6e21a905160cc009,23939,32121,240089,120044,0.006598,29719.02,29182.88,
146,2,0xf17f52151EbEF6C7334FAD080c5704D77216b732,0x33ec470b6f17d840d4f43baeeb98110d53ec491081120ba36d5ea153e4632414,23940,32121,243441,121720,0.006690,29750.47,29177.34,
146,1,0x627306090abaB3A6e1400e9345bC60c78a8BEf57,0xaa89d37f2bc10f40dee40e31e176cafc57970d07dff4ca59822edbbf2f7a185b,23940,32121,243441,121720,0.006690,29750.98,29177.46,
147,1,0x627306090abaB3A6e1400e9345bC60c78a8BEf57,0xd1c69cc9c0160918ebc791a26397a99d489e4495ddd2481d5a33e8bc03bf058f,23941,32121,243441,121720,0.006690,29754.55,29221.88,
147,2,0xf17f52151EbEF6C7334FAD080c5704D77216b732,0xeb5f2d5c1ad46dc4966be06eb4a434c5fd0ed71439ec345464281142b7fe6f8f,23941,32121,243441,121720,0.006690,29754.69,29221.95,
148,1,0x627306090abaB3A6e1400e9345bC60c78a8BEf57,0x644de04f19ba5c317b851a36be016bd9c72b09f5c85ac0ecd1a4b4b971457648,23942,32121,248738,124369,0.006836,30712.07,30179.84,
148,2,0xf17f52151EbEF6C7334FAD080c5704D77216b732,0xc1bec7383c5b3f8dae338aa6818fb5e9f565e8467dac73e3510e566487e24347,23942,32121,248738,124369,0.006836,30712.11,30179.69,
149,1,0x627306090abaB3A6e1400e9345bC60c78a8BEf57,0xc52025661f0f95afce98a9f133e2f1c7f8b0643b7f6e7934384d3101d1b7e45c,23943,32121,248738,124369,0.006836,29710.37,29159.53,
149,2,0xf17f52151EbEF6C7334FAD080c5704D77216b732,0x453d9d12646ad69643bc27ebd721f3eb85ed21aa1ea5164b4c7c2cf0661db584,23943,32121,248738,124369,0.006836,29713.56,29162.81,
150,1,0x627306090abaB3A6e1400e9345bC60c78a8BEf57,0xbeef16b9919278e2850fbae57b70fb44e0e512dd5d1a442d982eb25250f9c3f7,23944,32121,251138,125569,0.006902,29629.48,29156.86,
150,2,0xf17f52151EbEF6C7334FAD080c5704D77216b732,0x674b2abba8f35ffb8347612f1b0dbad139225e2575a0c1a180598c1a44b23a00,23944,32121,251138,125569,0.006902,29640.63,29160.63,
151,1,0x627306090abaB3A6e1400e9345bC60c78a8BEf57,0xefd22cb95ba8b6180e171a94c91455ef07d01f226f5debfaf36171351d104164,23945,32121,261897,130948,0.007198,30630.46,30158.06,
151,2,0xf17f52151EbEF6C7334FAD080c5704D77216b732,0x7700d8aab8eb44a6dae835918f62ab76d9941c0025434ad0e801902cb4c8b681,23945,32121,261897,130948,0.007198,30642.61,30160.19,
152,1,0x627306090abaB3A6e1400e9345bC60c78a8BEf57,0xcf30b32ed30617a41093518c3904770869213aa500489a196084d07b30b17b09,23946,32121,261897,130948,0.007198,29629.00,29153.14,
152,2,0xf17f52151EbEF6C7334FAD080c5704D77216b732,0x748b370de87e32aaa532a2c3309cc83561ca852e89bc2c9f1e3d7c53b50dca7f,23946,32121,261897,130948,0.007198,29650.54,29160.56,
153,1,0x627306090abaB3A6e1400e9345bC60c78a8BEf57,0x24ed32ae4330dc4247b598e920301f9a0e3e1c2a931709c6c4ee256d4e550521,23947,32121,261897,130948,0.007198,29616.04,29158.17,
153,2,0xf17f52151EbEF6C7334FAD080c5704D77216b732,0x6098197c8a08e624128e73351cc86602cd536b10154e793b04156eab5be02c54,23947,32121,261897,130948,0.007198,29641.40,29162.26,
154,1,0x627306090abaB3A6e1400e9345bC60c78a8BEf57,0xb9106d15708e31971894345a1dd8db3b7ac9473f920bd9b4d16dfdf9fcc200db,23948,32121,261897,130948,0.007198,30632.82,30157.01,
154,2,0xf17f52151EbEF6C7334FAD080c5704D77216b732,0x08527f02b54281570239da35a4edc79b48cddcb9a37255e43913aae79c679356,23948,32121,261897,130948,0.007198,30654.55,30160.43,
155,1,0x627306090abaB3A6e1400e9345bC60c78a8BEf57,0xf3268150d496098b71e6860e20b2e95affa0407eda09090304bafcca91a7880f,23949,32121,261897,130948,0.007198,29620.59,29151.91,
155,2,0xf17f52151EbEF6C7334FAD080c5704D77216b732,0xc15e33691ffaed654c1171da36af5d7a88637edfe0b3ac21e9106d1a7c793f45,23949,32121,261897,130948,0.007198,29632.93,29152.58,
156,2,0xf17f52151EbEF6C7334FAD080c5704D77216b732,0x3fae676602764c70f0138b55a85409f30cbddd117c11a3d5fd5d50f5b49c8b82,23950,32121,261897,130948,0.007198,29620.71,29151.94,
156,1,0x627306090abaB3A6e1400e9345bC60c78a8BEf57,0x176b9b3fd438cd2f2e2213bf7b2a888771e2bfe2228beb304b8989bdc7217775,23950,32121,261897,130948,0.007198,30611.35,30152.71,
157,1,0x627306090abaB3A6e1400e9345bC60c78a8BEf57,0xa32a16ef2e90123ac7009fd08356ca97bdb072d9794d14a54f045cd27690615f,23951,32121,261897,130948,0.007198,29615.75,29153.26,
157,2,0xf17f52151EbEF6C7334FAD080c5704D77216b732,0x070cd9f2b69a14c088e113b0febb602a9381c3d876fb5e83cebce8f87f16691a,23951,32121,261897,130948,0.007198,30620.06,30153.89,
158,1,0x627306090abaB3A6e1400e9345bC60c78a8BEf57,0x9b22d9f07523814eff75fd70027efd2f7bf8e240a91892e42f88a05001998669,23952,32121,267317,133658,0.007347,29609.86,29153.33,
158,2,0xf17f52151EbEF6C7334FAD080c5704D77216b732,0x69a8431ac649266ba98e87d190ff66f3c53da8f9e74e442ec2ccc814831b9eed,23952,32121,267317,133658,0.007347,29618.22,29155.38,
159,1,0x627306090abaB3A6e1400e9345bC60c78a8BEf57,0xa1852eb5aaaa0f69fb4842d2da3911ad914f5cfbf95eb743ebb5e16696506e63,23953,32121,267317,133658,0.007347,30609.56,30153.03,
159,2,0xf17f52151EbEF6C7334FAD080c5704D77216b732,0x356b0c4fde24da88f2ddc3c2dff66336d4d11f333a6a6104c414b2d889711169,23953,32121,267317,133658,0.007347,30615.11,30153.08,
160,1,0x627306090abaB3A6e1400e9345bC60c78a8BEf57,0xa0822fc1db1e0023a8b0c6cdc05aa31a54d9c042b93f55c5f88caab410c6432d,23954,32121,267317,133658,0.007347,29607.26,29151.50,
160,2,0xf17f52151EbEF6C7334FAD080c5704D77216b732,0xb7a5b3338686e32c2ff439ca4c7be5c887ba9c856190445593bcfd0c5f4adbb0,23954,32121,267317,133658,0.007347,29618.77,29153.37,
161,1,0x627306090abaB3A6e1400e9345bC60c78a8BEf57,0xfb586a4cea7200b43371e57ad50a8d10180cca53bd8019ae95699556650372fd,23955,32121,275055,137527,0.007559,29611.65,29152.58,
161,2,0xf17f52151EbEF6C7334FAD080c5704D77216b732,0x1f1a0d6439c87285923c8b01198c2b4786587d57c8eaac562f8b729d7574be89,23955,32121,275055,137527,0.007559,29623.10,29152.24,
162,1,0x627306090abaB3A6e1400e9345bC60c78a8BEf57,0x1addc9db4fd4c5d07f90a7cdf71b357e83ff402d26eb7af4d98cc50253ec5bb6,23956,32121,275055,137527,0.007559,30603.86,30151.20,
162,2,0xf17f52151EbEF6C7334FAD080c5704D77216b732,0x59d5dbf04014b3fd47034f5f3fe81d3623787b01ed41daffb316d074188fc5e8,23956,32121,275055,137527,0.007559,30619.76,30160.57,
163,1,0x627306090abaB3A6e1400e9345bC60c78a8BEf57,0x1395cd6c555028b36b652a94c9df0d4a5eca40d78828f17e00fa75f72bd289b9,23957,32121,275055,137527,0.007559,29634.72,29163.20,
163,2,0xf17f52151EbEF6C7334FAD080c5704D77216b732,0x2362535dcc29baf9f7385510566a052259e4359121fc09903cf4606467fcbdde,23957,32121,275055,137527,0.007559,29637.55,29156.70,
164,2,0xf17f52151EbEF6C7334FAD080c5704D77216b732,0xcdecdced70399c5cc543074119f7b268e147c1e5d4792a9b1b9452903fb5a323,23958,32121,275055,137527,0.007559,29625.39,29153.85,
164,1,0x627306090abaB3A6e1400e9345bC60c78a8BEf57,0xdffd80ea27f5de0d6e28c26f323432dd03247a654ce44240b7b02f6040bf990e,23958,32121,275055,137527,0.007559,30631.86,30150.68,
165,1,0x627306090abaB3A6e1400e9345bC60c78a8BEf57,0x9bce2342753a6f94e13b78df473af30df3b0b1c9ce700efc88688c24c7580696,23959,32121,282131,141065,0.007754,29612.10,29153.01,
165,2,0xf17f52151EbEF6C7334FAD080c5704D77216b732,0xad4b33f8a3772b352c208337492fcb88eb4669f5d3568da2f6516cdd18984482,23959,32121,282131,141065,0.007754,30620.29,30156.39,
166,1,0x627306090abaB3A6e1400e9345bC60c78a8BEf57,0x2421466a624e447b7d5536988cade97ceeee05f0c955cf1847fb88545217c98c,23960,32121,282131,141065,0.007754,29640.35,29155.52,
166,2,0xf17f52151EbEF6C7334FAD080c5704D77216b732,0x5893dfbcc5dbb4dd858170ecd6af8a05a0b2b8f3498927fe03f6d9a81a2bde10,23960,32121,282131,141065,0.007754,29663.66,29154.08,
167,1,0x627306090abaB3A6e1400e9345bC60c78a8BEf57,0x3fbdcc693e5a7f0c10fcbbc0275e5b7043e3e7cef198a399ee9fa866458d27d0,23961,32121,282131,141065,0.007754,30626.53,30153.32,
167,2,0xf17f52151EbEF6C7334FAD080c5704D77216b732,0x1200d0a5dee77e5e03ff80f8876b0c9e713df5c5a7d37bc72032c3362116542f,23961,32121,282131,141065,0.007754,30654.44,30162.20,
168,1,0x627306090abaB3A6e1400e9345bC60c78a8BEf57,0x04a5967001245e16faa0cbc052d5b9ce70b64b3b43dc9ae2244d355d4d9d39f6,23962,32121,282131,141065,0.007754,29648.04,29162.58,
168,2,0xf17f52151EbEF6C7334FAD080c5704D77216b732,0x0e5b7ea0d1698b32c45b8d1fc9168df43661bb885e13a561480bb0a2b73bc3f4,23962,32121,282131,141065,0.007754,29672.76,29172.57,
169,1,0x627306090abaB3A6e1400e9345bC60c78a8BEf57,0x36bcd8891f707a9a91e04564da6d52807c684bb8aee688b952ee3739aee3e61c,23963,32121,288298,144149,0.007923,29664.39,29176.45,
169,2,0xf17f52151EbEF6C7334FAD080c5704D77216b732,0x8b4b47ba31f155792e4816ba1028999c2a3c386e1f7343659ca4f485ace16ddf,23963,32121,288298,144149,0.007923,29625.35,29159.90,
170,1,0x627306090abaB3A6e1400e9345bC60c78a8BEf57,0xd94b3cbfb2284938a07116985cf36d50863739ed717ec54bd795fb6b785f7357,23964,32121,288298,144149,0.007923,30669.04,30161.58,
170,2,0xf17f52151EbEF6C7334FAD080c5704D77216b732,0x153a40dd1d7d47d60151d0dc6fff2d1803df85203ed1f7897b443c9bbcf611ff,23964,32121,288298,144149,0.007923,30634.24,30157.17,
171,1,0x627306090abaB3A6e1400e9345bC60c78a8BEf57,0x5efa80e6673283edc750ce37148ecf4ff377118c3ae7987c11a5ae3da5fd8f10,23965,32121,288298,144149,0.007923,29621.03,29152.64,
171,2,0xf17f52151EbEF6C7334FAD080c5704D77216b732,0x32ba79a929f0739a33dbd7018d483c1dafd0f8efa04c9d059eafb9f2ed2e21c2,23965,32121,288298,144149,0.007923,29632.53,29156.52,
172,1,0x627306090abaB3A6e1400e9345bC60c78a8BEf57,0x8d13c57fdea646c37c4a2edbc4554451035d448380aa6baf9b8c2eef5bce6ece,23966,32121,288298,144149,0.007923,29639.19,29155.88,
172,2,0xf17f52151EbEF6C7334FAD080c5704D77216b732,0x5fc5e47bd3a1a923228613804c68443e37493977873f5b5aa44d6743cb8b9613,23966,32121,288298,144149,0.007923,29688.68,29164.14,
173,1,0x627306090abaB3A6e1400e9345bC60c78a8BEf57,0x2bbd86ab252a79ce47ac60214eaaeec7a98542971a6708130108ed8b0a466b85,23967,32121,296904,148452,0.008160,30638.56,30155.80,
173,2,0xf17f52151EbEF6C7334FAD080c5704D77216b732,0xd65d18e2afb216577f6fc537e68690247455b250197353f0fe22dfac8ccedd6c,23967,32121,296904,148452,0.008160,30676.75,30165.00,
174,1,0x627306090abaB3A6e1400e9345bC60c78a8BEf57,0x69fa5e96e368ef9a7202f12e531f0928379e6a8baaff8fef65cd47d08666e519,23968,32121,296904,148452,0.008160,29671.00,29200.81,
174,2,0xf17f52151EbEF6C7334FAD080c5704D77216b732,0x41eea9fefb1b111b0bd86a1b7be475d93ada466b8770e85dd4fef53a9577e266,23968,32121,296904,148452,0.008160,29639.69,29158.11,
175,1,0x627306090abaB3A6e1400e9345bC60c78a8BEf57,0x329cdc9c7233a8d0735a496b21bca57eee5b19b0e6ed808edbe2b39e70480bad,23969,32121,296904,148452,0.008160,29761.19,29175.29,
175,2,0xf17f52151EbEF6C7334FAD080c5704D77216b732,0x796545c0a6b73547daf39c7c4d9a57aa681820d21ed0768dc22851f31ee9516b,23969,32121,296904,148452,0.008160,29699.44,29160.06,
176,1,0x627306090abaB3A6e1400e9345bC60c78a8BEf57,0x6164bece53a9a2b2986f055a7087d1b86abec9a416f3b9c22a6824c847bbcc63,23970,32121,296904,148452,0.008160,30677.97,30155.33,
176,2,0xf17f52151EbEF6C7334FAD080c5704D77216b732,0x10588bfe5ad96c9a4a80c09d97a55348de8d6669562c427becb908729e0180f2,23970,32121,296904,148452,0.008160,30668.60,30160.76,
177,1,0x627306090abaB3A6e1400e9345bC60c78a8BEf57,0x65462193e7b6db7ae818bda14ddac19653136110ce9e3e9d6fb164c9ad7682d0,23971,32121,296904,148452,0.008160,29650.44,29155.06,
177,2,0xf17f52151EbEF6C7334FAD080c5704D77216b732,0x5875a1b6ca5bca62900e3beae0c2b3bcf1f083d05863f141f35681879dfffff4,23971,32121,296904,148452,0.008160,29662.98,29160.01,
178,1,0x627306090abaB3A6e1400e9345bC60c78a8BEf57,0x871f0ab50737b0859aec78337caff120fcc2a9c6954b07b87ca3d6c3acdf85f3,23972,32121,296904,148452,0.008160,29636.03,29159.65,
178,2,0xf17f52151EbEF6C7334FAD080c5704D77216b732,0xbd394da161eb15e1beb2fed65a8224f6fdd1029109e187ed25a5b3a1a21afca8,23972,32121,296904,148452,0.008160,29648.54,29159.91,
179,1,0x627306090abaB3A6e1400e9345bC60c78a8BEf57,0x2268eadcc0e8517db4a6757a951cfea2b211a673c4453e72ae0b3043ac3e7147,23973,32121,306877,153438,0.008434,30633.37,30156.62,
179,2,0xf17f52151EbEF6C7334FAD080c5704D77216b732,0x853a5c3e1e0602950c06950c926d3ac84cdae70c67ac35f62b163eea57eaa384,23973,32121,306877,153438,0.008434,30644.73,30160.25,
180,1,0x627306090abaB3A6e1400e9345bC60c78a8BEf57,0xafe3e2f3c2836dba2a55c981429c6f065cd56d821249f8f01e24d54257bd38c4,23974,32121,306877,153438,0.008434,29651.32,29159.70,
180,2,0xf17f52151EbEF6C7334FAD080c5704D77216b732,0x1b09438a961f3f8b348d407c9bc1c2ff25cd55c6935f7697446f41c89b2ac6bf,23974,32121,306877,153438,0.008434,29654.23,29172.30,
181,2,0xf17f52151EbEF6C7334FAD080c5704D77216b732,0x711d8e953f7266ca67952daa3508104c2e1f35f91a72d9b105cdfa954e0ed2bd,23975,32121,306877,153438,0.008434,29666.37,29159.55,
181,1,0x627306090abaB3A6e1400e9345bC60c78a8BEf57,0x1e2f0e577dea4d6b26b1cd823c38864cf4b8320e9a3a4defff2234e62f5d89cd,23975,32121,306877,153438,0.008434,30647.10,30161.39,
182,1,0x627306090abaB3A6e1400e9345bC60c78a8BEf57,0xc92f423791013782d1abdc23a3be6b33b1ee46e6b66019ca9eafda4d65504d8f,23976,32121,306877,153438,0.008434,29635.24,29152.00,
182,2,0xf17f52151EbEF6C7334FAD080c5704D77216b732,0x9c0782234afd1d5d377b47a695157de126f75ffb692aba01f4a895dcd83cddd4,23976,32121,306877,153438,0.008434,30644.08,30156.27,
183,1,0x627306090abaB3A6e1400e9345bC60c78a8BEf57,0x061e2e0bc47de45ca1029a37e590feb078eaf76f279ed12630075a620a335b25,23977,32121,306877,153438,0.008434,29604.11,29150.84,
183,2,0xf17f52151EbEF6C7334FAD080c5704D77216b732,0x5e510f955b4ec3d8912a5e358159361e6c000baba3e5aae55d7c5f31565b37e5,23977,32121,306877,153438,0.008434,29636.01,29157.98,
184,2,0xf17f52151EbEF6C7334FAD080c5704D77216b732,0x393aa2cd0193e8156ceae0210005de5fc81487d97f8724c74b8f958923c60736,23978,32121,306877,153438,0.008434,29632.20,29160.55,
184,1,0x627306090abaB3A6e1400e9345bC60c78a8BEf57,0x50bb419d8e888405c20d591ef09229ebf6dfd0a923a98ba81a2426c3f4a65a5c,23978,32121,306877,153438,0.008434,30615.22,30160.70,
185,1,0x627306090abaB3A6e1400e9345bC60c78a8BEf57,0xcb131047036e3b59a6d2e262bcf9d0fa9d60ed4b24ccc7b0657c603f0dfd71ef,23979,32121,310560,155280,0.008535,29744.16,29150.43,
185,2,0xf17f52151EbEF6C7334FAD080c5704D77216b732,0xbfe800fd8faad6e04f449b3177a5771c38208076d47c05453bc942625a639e3b,23979,32121,310560,155280,0.008535,30633.71,30154.51,
186,1,0x627306090abaB3A6e1400e9345bC60c78a8BEf57,0x70bd78628802b064c1a3a6ded802ed54f24d2e0dca2d91b2db492bff411046b7,23980,32121,310560,155280,0.008535,29606.81,29150.76,
186,2,0xf17f52151EbEF6C7334FAD080c5704D77216b732,0xf60649d7e8722e526228e9fd20fd4fea9af0110a2c9df4935f291f4b8261361c,23980,32121,310560,155280,0.008535,29626.16,29161.98,
187,2,0xf17f52151EbEF6C7334FAD080c5704D77216b732,0x7578d0ee4e02b3e4cef10433436a5b4de8d39ffc4a2510fa295ad937e30164f5,23981,32121,311595,155797,0.008564,29658.47,29167.75,
187,1,0x627306090abaB3A6e1400e9345bC60c78a8BEf57,0xab204482ddaa7c4a4d04dec043c6d7fb4cd9f8d6a07548d5f5d1b9c5d585be09,23981,32121,311595,155797,0.008564,30651.25,30151.45,
188,1,0x627306090abaB3A6e1400e9345bC60c78a8BEf57,0x5921ef66fae1bc488798948570175e6c44ab837352d54742fc17b780d732c783,23982,32121,314036,157018,0.008631,29615.63,29153.72,
188,2,0xf17f52151EbEF6C7334FAD080c5704D77216b732,0xd562475346fcd62e81192db34842e0f6baac97f714867a1e74ae2cb4d862a497,23982,32121,314036,157018,0.008631,30665.93,30166.03,
189,1,0x627306090abaB3A6e1400e9345bC60c78a8BEf57,0x60c365d0ec7ec83e4f1a87543b0660918f2bd1287273161c65f9dcb2105102d4,23983,32121,322975,161487,0.008876,29628.02,29156.90,
189,2,0xf17f52151EbEF6C7334FAD080c5704D77216b732,0x5633f9f3deef4efac1c5cd9b8be552f4fa911031ebb3de912f290ba26280079f,23983,32121,322975,161487,0.008876,29640.33,29158.94,
190,1,0x627306090abaB3A6e1400e9345bC60c78a8BEf57,0x73679baa15d713196424619a37947a6d6a6bdf6f5fa87068274d3619d22fc0ed,23984,32121,322975,161487,0.008876,30613.67,30153.70,
190,2,0xf17f52151EbEF6C7334FAD080c5704D77216b732,0xac2fa117c8d503c217dfc6ffe183948253c61793589e3af46888430f42904edf,23984,32121,322975,161487,0.008876,30639.05,30163.17,
191,1,0x627306090abaB3A6e1400e9345bC60c78a8BEf57,0xe14e4e01d3de9d90e14a5dd2c80eb41f815775e6dc04a8662b30fcb1c73e78f4,23985,32121,322975,161487,0.008876,29628.81,29153.45,
191,2,0xf17f52151EbEF6C7334FAD080c5704D77216b732,0x6f1dd4e0c1ff12d771ca7ce9481737456bb747edef71d6c8a76fe4754420005b,23985,32121,322975,161487,0.008876,29664.38,29165.96,
192,2,0xf17f52151EbEF6C7334FAD080c5704D77216b732,0xf447a57a991e175d5f8d43186f79f0855914600d9f422d03fc00da41d67ea16e,23986,32121,322975,161487,0.008876,29662.91,29160.29,
192,1,0x627306090abaB3A6e1400e9345bC60c78a8BEf57,0xc10c73f57869975623a9ad8e8d991fd48fb082359f912ae415befb3b5137c4f4,23986,32121,322975,161487,0.008876,30638.52,30150.35,
193,2,0xf17f52151EbEF6C7334FAD080c5704D77216b732,0xdadae3ca68590028a65ee37fdf5eef1916dd85298f1291f7eb578fd9cee18db9,23987,32121,322975,161487,0.008876,29702.24,29159.15,
193,1,0x627306090abaB3A6e1400e9345bC60c78a8BEf57,0x5737e93469472bac8c010277e7a39d43066cd6f5ac67a77698e9c4676e986934,23987,32121,322975,161487,0.008876,29636.42,29171.96,
194,1,0x627306090abaB3A6e1400e9345bC60c78a8BEf57,0xb699b07133ee6c4b5bc31ee87cb34814eb8c362fb1ff87faf701ecbcddad4ada,23988,32121,325789,162894,0.008954,29666.46,29167.21,
194,2,0xf17f52151EbEF6C7334FAD080c5704D77216b732,0x07e984569cbb981505c8db8bf7be038dc06a943e3d024e08654adbf58b9d863e,23988,32121,325789,162894,0.008954,30652.10,30163.26,
195,2,0xf17f52151EbEF6C7334FAD080c5704D77216b732,0xfcf4ef6d6c2564fb4cb45daba73e8d19950e57f9014ed2015e8c32401c640e5b,23989,32121,325789,162894,0.008954,29654.10,29159.09,
195,1,0x627306090abaB3A6e1400e9345bC60c78a8BEf57,0xc370194ee52cc324a73a402ee3e327636747abc3ec8b8bc6e6336285e3490ab3,23989,32121,325789,162894,0.008954,30681.40,30157.66,
196,2,0xf17f52151EbEF6C7334FAD080c5704D77216b732,0x284c2d770e897c5b754bf9387000d51f8723b809152d239af918c979928ae0c3,23990,32121,335431,167715,0.009219,29689.98,29169.19,
196,1,0x627306090abaB3A6e1400e9345bC60c78a8BEf57,0x4803831e9e1294c198a99b23a05c93a471a9caecc9b7a042bb887dfbb615e100,23990,32121,335431,167715,0.009219,29637.80,29151.52,
197,1,0x627306090abaB3A6e1400e9345bC60c78a8BEf57,0x52aac283ba2c00f5cedc2c0fb19b6c27b39836675ea7ed9caa361ede1acf0f84,23991,32121,335431,167715,0.009219,29638.73,29167.41,
197,2,0xf17f52151EbEF6C7334FAD080c5704D77216b732,0x693810574f825163cf2a0e6df8342b5056593f1c016066a90dd45de2b0de3f78,23991,32121,335431,167715,0.009219,30644.32,30160.06,
198,2,0xf17f52151EbEF6C7334FAD080c5704D77216b732,0xe1aeb7feace50eb404bf573816fa8dde6a8a7006e28706b7d4446957b36c48d7,23992,32121,335431,167715,0.009219,29637.70,29159.39,
198,1,0x627306090abaB3A6e1400e9345bC60c78a8BEf57,0xdf3b81fa42d83035b2de61914ddca4a5beca8ebd1897703b5faf7dbc3f46306c,23992,32121,335431,167715,0.009219,30651.38,30152.25,
199,1,0x627306090abaB3A6e1400e9345bC60c78a8BEf57,0x71e99b44690435f9dc231d964509cefe18b78e91572a691672dd4f44a73f1895,23993,32121,335431,167715,0.009219,29633.31,29152.29,
199,2,0xf17f52151EbEF6C7334FAD080c5704D77216b732,0xac571020e61090b70d8301dc7ac8ffd10a2c595af265ce94e175533bfbb895e9,23993,32121,335431,167715,0.009219,30680.22,30155.92,
200,1,0x627306090abaB3A6e1400e9345bC60c78a8BEf57,0xe76265522b1e0eb2bb73eec0849f53a1f6123948054e3580d2b71d871fa29455,23994,32121,335431,167715,0.009219,29605.41,29151.95,
200,2,0xf17f52151EbEF6C7334FAD080c5704D77216b732,0x1763e8c03006d7d883a3ae8241407463f302df1ad788f03eea52fbb68efd9a30,23994,32121,335431,167715,0.009219,29626.36,29155.04,
201,2,0xf17f52151EbEF6C7334FAD080c5704D77216b732,0xce977df0ec313c9775919e33ff6feb57edb1e4cc229238dda0a21ad464d846c9,23995,32121,335431,167715,0.009219,29634.35,29156.56,
201,1,0x627306090abaB3A6e1400e9345bC60c78a8BEf57,0xb64810d6ded22e4449009d3ac6aef4dcbd52591a9a235800de6e177bffa7cb3f,23995,32121,335431,167715,0.009219,30609.37,30154.58,
202,1,0x627306090abaB3A6e1400e9345bC60c78a8BEf57,0x619384f23157574ad4981c0bef03ca4d9d35d86385e1cf7903764bc7a8dd9b4c,23996,32121,336755,168377,0.009255,29610.08,29150.99,
202,2,0xf17f52151EbEF6C7334FAD080c5704D77216b732,0x1ed109725f3954c3d3daed8069839715d5228ba9bdbd20eeab3e5ac1406f9811,23996,32121,336755,168377,0.009255,30628.55,30155.68,
203,2,0xf17f52151EbEF6C7334FAD080c5704D77216b732,0x697e76e5ce3d116935fdc8e2d163421e32d2a4eb4712c0cf8e5cc4ba7717d3a1,23997,32121,341222,170611,0.009378,29621.58,29154.55,
203,1,0x627306090abaB3A6e1400e9345bC60c78a8BEf57,0xeec175fed8b077705813e22df0610f31739c42fdf019203be98b1c29dd3da93e,23997,32121,341222,170611,0.009378,30607.05,30153.23,
204,2,0xf17f52151EbEF6C7334FAD080c5704D77216b732,0x608b2b8f95e861f6cd308846f4a8c6ea0e957b572af28029e3d2359f6c48c9c4,23998,32121,341222,170611,0.009378,29626.64,29157.10,
204,1,0x627306090abaB3A6e1400e9345bC60c78a8BEf57,0x20cddbe494a27cb0d9868c42074f8dd6055f43932eda7e9a9436334af6fa30b9,23998,32121,341222,170611,0.009378,29606.23,29152.24,
205,1,0x627306090abaB3A6e1400e9345bC60c78a8BEf57,0x60be1e3a16d60b8102cecf27722d1c2b011d7a9f469f2102c4d4e1d047af03ca,23999,32121,349580,174790,0.009608,29608.87,29152.57,
205,2,0xf17f52151EbEF6C7334FAD080c5704D77216b732,0x43459d9e425d2673326b2fca55eff9d61992f13fd1ad62b9f7a5fd49d68c3ef6,23999,32121,349580,174790,0.009608,30620.62,30154.54,
206,2,0xf17f52151EbEF6C7334FAD080c5704D77216b732,0x51f620e62f254e7598c77140b314b0bfe75bdecf59ebabb91f5cf7a70eb71c52,24000,32121,349580,174790,0.009608,29625.03,29156.23,
206,1,0x627306090abaB3A6e1400e9345bC60c78a8BEf57,0xef4f6f672db9c83afc0086c3267f5b3c5b67509118f78d595fb82417a8bc6fdf,24000,32121,349580,174790,0.009608,30605.24,30151.59,
207,2,0xf17f52151EbEF6C7334FAD080c5704D77216b732,0x3b66403a476233af7acc665e30d399816cd2795afca2021e06234f1d226d0e0b,24001,32121,349580,174790,0.009608,29635.45,29162.61,
207,1,0x627306090abaB3A6e1400e9345bC60c78a8BEf57,0xd349123e2b93bd105a12ee7bc5e5943d8324935736b0ff12d84be105ed4c20f1,24001,32121,349580,174790,0.009608,29602.61,29150.47,
208,2,0xf17f52151EbEF6C7334FAD080c5704D77216b732,0x6297eb9bb529df94fcf343e933cb250b483062d0c45108f9e8966081c24a9f96,24002,32121,349580,174790,0.009608,30628.53,30158.13,
208,1,0x627306090abaB3A6e1400e9345bC60c78a8BEf57,0x0583242d4a17479bab811fdcfb8a03527512ea6d34a045fab62e19ca0ae51afa,24002,32121,349580,174790,0.009608,30607.20,30152.31,
209,2,0xf17f52151EbEF6C7334FAD080c5704D77216b732,0x6e8d540b72b34089700ec475490f3ac6cd80a698b1d5be365e28b0b111a2f690,24003,32121,349580,174790,0.009608,29630.03,29158.95,
209,1,0x627306090abaB3A6e1400e9345bC60c78a8BEf57,0x9c742df497a081edcfa6a1280e0448f51027046bd43d13b0eeda9a720967c338,24003,32121,349580,174790,0.009608,29605.33,29149.76,
210,1,0x627306090abaB3A6e1400e9345bC60c78a8BEf57,0xa56762ca40d72b0db8f49c56702e9795701fc5c78844fe24a4c989930dd6aeae,24004,32121,351774,175887,0.009668,29605.88,29150.91,
210,2,0xf17f52151EbEF6C7334FAD080c5704D77216b732,0x87886faeedf4e1612f16e9b7409519629c123dfb6b03d0baeb4c2e80f09d8751,24004,32121,351774,175887,0.009668,30624.83,30157.29,
211,2,0xf17f52151EbEF6C7334FAD080c5704D77216b732,0x43278625a0bb2762c981034a0a9125a6093d7909a04ce196e25182d63fc5fdad,24005,32121,358684,179342,0.009858,29628.41,29156.53,
211,1,0x627306090abaB3A6e1400e9345bC60c78a8BEf57,0x831a83c63cebe3d77d036bfec1f29518a0c47d8dc1053871ca504d3ef5171f44,24005,32121,358684,179342,0.009858,30606.06,30152.05,
212,2,0xf17f52151EbEF6C7334FAD080c5704D77216b732,0x52d203db19e46c5528dbeb27aa91b278ecc743abfd0b2e57c2ae3b3b47dd9a06,24006,32121,358684,179342,0.009858,29626.01,29156.86,
212,1,0x627306090abaB3A6e1400e9345bC60c78a8BEf57,0xcef1109d3ecdb18503d7cacd7036d3321fcb3dd1fd6de8e759350e84864cba96,24006,32121,358684,179342,0.009858,29606.13,29152.96,
213,1,0x627306090abaB3A6e1400e9345bC60c78a8BEf57,0x4e732caa317eaba0624d02c49db787952310dcb4b123b50dbf3795dffc1d96e3,24007,32121,358684,179342,0.009858,29603.57,29148.49,
213,2,0xf17f52151EbEF6C7334FAD080c5704D77216b732,0xf2bd5b713cf633bf030b10901c5b4dbefda9b197878d35c20f763ca1b7c21011,24007,32121,358684,179342,0.009858,30628.12,30157.06,
214,2,0xf17f52151EbEF6C7334FAD080c5704D77216b732,0xe5ca687b97ee4faa10dccb1bc8b7719b437907a0b62816c0e38b8bc47f0bca31,24008,32121,358684,179342,0.009858,29625.50,29157.95,
214,1,0x627306090abaB3A6e1400e9345bC60c78a8BEf57,0xf33a643a3a7617edb9c3b39f4ac82e10fc25f66b06f2693dbfa5d8a268570f83,24008,32121,358684,179342,0.009858,30600.73,30152.45,
215,2,0xf17f52151EbEF6C7334FAD080c5704D77216b732,0xfe7a077ce8d72216879ff3e07670a5bbfb297232862a32eb992214bf3a324f13,24009,32121,358684,179342,0.009858,29632.44,29155.21,
215,1,0x627306090abaB3A6e1400e9345bC60c78a8BEf57,0x04a4c523e18f8bec28af2e13ffb320d8266702463d23d1e754f49161aab6239f,24009,32121,358684,179342,0.009858,29601.86,29149.00,
216,2,0xf17f52151EbEF6C7334FAD080c5704D77216b732,0x6c54bccfd5d0250ce8a3f9b6d8d6b83772f499a2538a27957977538599189694,24010,32121,365138,182569,0.010035,30621.96,30156.16,
216,1,0x627306090abaB3A6e1400e9345bC60c78a8BEf57,0x58cb357a14e3980390b048e5d27b112dc8c6a2b6c4abff623c83f6d07bf456f8,24010,32121,365138,182569,0.010035,30595.15,30149.65,
217,2,0xf17f52151EbEF6C7334FAD080c5704D77216b732,0x4bfcf5770e3183b23aca218ea3006d1e2ac212ea64b9b505a11ddcc93a2533a7,24011,32121,365138,182569,0.010035,29612.99,29147.65,
217,1,0x627306090abaB3A6e1400e9345bC60c78a8BEf57,0x73db8a505ac564a9d6aaf571b0353a9c486644e8d0888dc65824bf8d79e0d3d6,24011,32121,365138,182569,0.010035,29596.91,29153.24,
218,1,0x627306090abaB3A6e1400e9345bC60c78a8BEf57,0xd26a0a4478761ad80522e1b3d72ddef8dbea8366005bf985929c11dd97204a6d,24012,32121,376229,188114,0.010340,29614.30,29158.37,
218,2,0xf17f52151EbEF6C7334FAD080c5704D77216b732,0x3a1b54abd92bb93a46c964028b3da20d5c33c71a8f6c5a9bf9b39a84974f9ad5,24012,32121,376229,188114,0.010340,30593.13,30149.73,
219,2,0xf17f52151EbEF6C7334FAD080c5704D77216b732,0xe2c08005248fab07444546bb5df29e78a0a6ba0d928aefc427d644858f4edb05,24013,32121,376229,188114,0.010340,29592.45,29146.91,
219,1,0x627306090abaB3A6e1400e9345bC60c78a8BEf57,0x7ae258d819fe0f3cc10f04c9a3df6bce5360ce7a1b000795402aab4eb72ad419,24013,32121,376229,188114,0.010340,30608.81,30150.44,
220,2,0xf17f52151EbEF6C7334FAD080c5704D77216b732,0x3c3029ce06d362408cd3837101a531f40ab95552215f4a1d7cdb3d825788b9fc,24014,32121,376229,188114,0.010340,29592.74,29149.31,
220,1,0x627306090abaB3A6e1400e9345bC60c78a8BEf57,0xb162944c5f61ba138919e31739b361bb34936c3ce3a9083014237a99088e5bef,24014,32121,376229,188114,0.010340,29612.35,29152.24,
221,2,0xf17f52151EbEF6C7334FAD080c5704D77216b732,0x7e7ba3afe3b991aec2f7255598d3d99fc4a5a8e4e3814c33ab7d0bc953cec519,24015,32121,376229,188114,0.010340,30597.91,30150.72,
221,1,0x627306090abaB3A6e1400e9345bC60c78a8BEf57,0x807fd05028f2cf05aae63544d9b5b3697c04bce2c859946b3431b7c16bd9a8a0,24015,32121,376229,188114,0.010340,30605.35,30151.13,
222,2,0xf17f52151EbEF6C7334FAD080c5704D77216b732,0x32ede33be76f891c712c80b52e0c2e2ee53d7a9422a5e3294291037cab66a396,24016,32121,376229,188114,0.010340,29596.18,29146.18,
222,1,0x627306090abaB3A6e1400e9345bC60c78a8BEf57,0x0359412d18a61b15b56297600b5e3d3cbddcb2d219c3cef6df2479c417ad4cf2,24016,32121,376229,188114,0.010340,29606.21,29150.55,
223,1,0x627306090abaB3A6e1400e9345bC60c78a8BEf57,0xa82bbb8b12e9137a5a8f24e36682874b2cca6e1e3db9303266b709ef56e50eef,24017,32121,376229,188114,0.010340,29601.40,29151.43,
223,2,0xf17f52151EbEF6C7334FAD080c5704D77216b732,0x2cfae3ea2691fd3e16c013e23534c2cdb3d3e306b234244c5fac432a6764b300,24017,32121,376229,188114,0.010340,30591.16,30148.14,
224,2,0xf17f52151EbEF6C7334FAD080c5704D77216b732,0xdcda404d525df76eb573cd1b72eae74c6a9a0060790cac82224c68587656853f,24018,32121,376229,188114,0.010340,29592.20,29148.20,
224,1,0x627306090abaB3A6e1400e9345bC60c78a8BEf57,0x4e60919e36f66adb3c7d1d4c4927ad6154aab1d36391975fdddaa124660d19dd,24018,32121,376229,188114,0.010340,30604.46,30151.46,
225,2,0xf17f52151EbEF6C7334FAD080c5704D77216b732,0xd0b224a7b797a696cef9d2cc4767e98fc84a4d94f6cdd824089ea85fb50cd15d,24019,32121,395100,197550,0.010859,29591.49,29149.30,
225,1,0x627306090abaB3A6e1400e9345bC60c78a8BEf57,0x2f266fdf095a864caffc058448922d9d07e663924a9c9fe33971c321f534ad08,24019,32121,395100,197550,0.010859,29606.02,29151.73,
226,2,0xf17f52151EbEF6C7334FAD080c5704D77216b732,0xb358dcb4d9bf64fb757f7ebfc36517f0ac691ddf5e1735fbe88e799ea2c69077,24020,32121,395100,197550,0.010859,30593.68,30150.17,
226,1,0x627306090abaB3A6e1400e9345bC60c78a8BEf57,0xb209d137aa552ba5ddbdd4c5832a1f58e70b1e24403405e6483bab762115b3c5,24020,32121,395100,197550,0.010859,30601.24,30151.34,
227,2,0xf17f52151EbEF6C7334FAD080c5704D77216b732,0xb4d9fba865507abb08b6470b88873d934261d0f82fe2c101f625e8d095daef76,24021,32121,395100,197550,0.010859,29604.30,29148.36,
227,1,0x627306090abaB3A6e1400e9345bC60c78a8BEf57,0xda4bd6d5ef6fbdd01c75a7e8031c161bbee9717abc4cfd003b512a8e05f02e3e,24021,32121,395100,197550,0.010859,29609.97,29152.21,
228,1,0x627306090abaB3A6e1400e9345bC60c78a8BEf57,0x323da173248ae3ac4e6dcea5351c1febdc5eb02eb562020569429df9ff40fb50,24022,32121,395100,197550,0.010859,29605.06,29155.89,
228,2,0xf17f52151EbEF6C7334FAD080c5704D77216b732,0x74843d73a8c7799f1b33c9c17a45ddb50841f00d779a9c85b18ef830d399c487,24022,32121,395100,197550,0.010859,30594.22,30152.31,
229,2,0xf17f52151EbEF6C7334FAD080c5704D77216b732,0x540f5cb8f3eeab059bb6e6734a9206342e4bddda92399de7174f84d136856f19,24023,32121,395100,197550,0.010859,29624.06,29155.98,
229,1,0x627306090abaB3A6e1400e9345bC60c78a8BEf57,0xcca4cb35aa60ef3059f3055d23fb2fb8ea0d80c1779117e9cc858f02a373c5cc,24023,32121,395100,197550,0.010859,30618.87,30154.46,
230,2,0xf17f52151EbEF6C7334FAD080c5704D77216b732,0x3087b2edf5199cb5a36663c93c4bbe8557e9f31c5f787184357cdbc97df9b7f5,24024,32121,395100,197550,0.010859,29614.83,29153.02,
230,1,0x627306090abaB3A6e1400e9345bC60c78a8BEf57,0x70527d51d15e612575e97e20d81943d1c077e16bac1a8777871047b9cf1fc955,24024,32121,395100,197550,0.010859,29619.42,29154.09,
231,2,0xf17f52151EbEF6C7334FAD080c5704D77216b732,0xaf964babec7f6b8b95c14b8b6a3ffd245c3aa11d1157f25869fb9c9e7f4e3adc,24025,32121,395100,197550,0.010859,30619.14,30150.73,
231,1,0x627306090abaB3A6e1400e9345bC60c78a8BEf57,0xa548e23eaedf1b2793808771b287f0105e5b024bd6c31dea381b1f5549fcc796,24025,32121,395100,197550,0.010859,30618.20,30153.51,
232,2,0xf17f52151EbEF6C7334FAD080c5704D77216b732,0x1c431f9f8718fc0964090fb89f2c6dc07af3b6f1b6972d892de2c375b5e0f014,24026,32121,395100,197550,0.010859,29628.53,29154.39,
232,1,0x627306090abaB3A6e1400e9345bC60c78a8BEf57,0x15b097eb488b259ec16f0c9cf2aa3dfd1b67cab2770fc0be334681f3dff48326,24026,32121,395100,197550,0.010859,29639.79,29157.20,
233,1,0x627306090abaB3A6e1400e9345bC60c78a8BEf57,0xaa83797461775f66737e41be66077d024bbcfcfcc2237089a9815f73858a1d5f,24027,32121,395100,197550,0.010859,29622.16,29163.32,
233,2,0xf17f52151EbEF6C7334FAD080c5704D77216b732,0x49e78e016a85582f575da9291f2e6b0b13da234b298e3b482c043e8eafcf0ec9,24027,32121,395100,197550,0.010859,30630.46,30155.82,
234,2,0xf17f52151EbEF6C7334FAD080c5704D77216b732,0x9dc2a3f2f6ead65b1483e2758098dbd16ed19e90b8a26a62410d7daf528c7f4e,24028,32121,395100,197550,0.010859,29645.28,29172.95,
234,1,0x627306090abaB3A6e1400e9345bC60c78a8BEf57,0x3b7bcaf0678786dcf3db7e1d5a4ab6f09acf33af61c65a2eb56b2a58b04f3a87,24028,32121,395100,197550,0.010859,30676.33,30178.49,
235,2,0xf17f52151EbEF6C7334FAD080c5704D77216b732,0x3ba6f743f1614e104b161eb80fa1c4b20c7b7566c6d5bd0262bd3439ffc11fa9,24029,32121,405859,202929,0.011154,29623.62,29153.43,
235,1,0x627306090abaB3A6e1400e9345bC60c78a8BEf57,0x12d9b6adb7597282870b8f32298a1d8a0f8581c6dfa92a39205b9b5af2f05066,24029,32121,405859,202929,0.011154,29625.69,29164.90,
236,1,0x627306090abaB3A6e1400e9345bC60c78a8BEf57,0xb836722bb651967d0aa5ded0b79c6265749e583473ef9e3d87bc36aee1d09567,24030,32121,405859,202929,0.011154,29626.42,29156.11,
236,2,0xf17f52151EbEF6C7334FAD080c5704D77216b732,0xf2ad53ad684433497b44a9e6baa23374f83971629f5564a5d7b30f18c6122826,24030,32121,405859,202929,0.011154,30631.75,30161.08,
237,2,0xf17f52151EbEF6C7334FAD080c5704D77216b732,0x4d1b2c497ae2a7aa0a7c4e62ba50436646d01a26746912888a7593c8a329b830,24031,32121,405859,202929,0.011154,29643.53,29154.04,
237,1,0x627306090abaB3A6e1400e9345bC60c78a8BEf57,0xadf8f3bede44ee9400ea748ff34a2ca4f1f15fc4deab6a1620113dd57163f64e,24031,32121,405859,202929,0.011154,30627.22,30152.98,
238,2,0xf17f52151EbEF6C7334FAD080c5704D77216b732,0x3515aeba87037b7cf62a2e5d1b631b5778144beeafc0073bf4eeca213794dd97,24032,32121,405859,202929,0.011154,29628.14,29152.98,
238,1,0x627306090abaB3A6e1400e9345bC60c78a8BEf57,0xbe5caf92f19c012e0b942d202aacecd6eac198e73407cea63371d3c325669e07,24032,32121,405859,202929,0.011154,29672.57,29172.33,
239,1,0x627306090abaB3A6e1400e9345bC60c78a8BEf57,0x7f73bac9fe433a865cc3f822cbf1ed9fb1842a67e210e3811f6eba205ce9f351,24033,32121,405859,202929,0.011154,29632.29,29155.04,
239,2,0xf17f52151EbEF6C7334FAD080c5704D77216b732,0x247e0fe1e88a6df0581e762c932cc40c6c82e408b223b54c934b9f0af02cab72,24033,32121,405859,202929,0.011154,30631.94,30150.56,
240,2,0xf17f52151EbEF6C7334FAD080c5704D77216b732,0xcd7539ce3d619abb959266c7f9936fcbe270ad0502101658e5b2f82114cb14c1,24034,32121,405859,202929,0.011154,29600.88,29150.68,
240,1,0x627306090abaB3A6e1400e9345bC60c78a8BEf57,0x05b1af0fe6218ad373a606a5f2f7befb02bc5d716ec6016d48ca3a81b71dc2f5,24034,32121,405859,202929,0.011154,30638.82,30158.10,
241,1,0x627306090abaB3A6e1400e9345bC60c78a8BEf57,0x7fa2b5299b4cbec55cb8cf3be8d5c1346908f0c8504821af166aecb6c6fb992d,24035,32121,414053,207026,0.011380,29627.89,29159.58,
241,2,0xf17f52151EbEF6C7334FAD080c5704D77216b732,0x91539babb784a8526785481df82c127fd1034c86059e11160e1c360e953382c3,24035,32121,414053,207026,0.011380,30639.21,30151.93,
242,2,0xf17f52151EbEF6C7334FAD080c5704D77216b732,0x4deaef0657b937000272973dd2fea9f10ab1cdb5bd0da8dc3110bd800b1154d3,24036,32121,414053,207026,0.011380,29625.42,29152.75,
242,1,0x627306090abaB3A6e1400e9345bC60c78a8BEf57,0xdb6c12d3c1b925932beaa83f4c6ee998e661e26c2f02c7be6f2df08e4cbe3b96,24036,32121,414053,207026,0.011380,30639.99,30158.25,
243,2,0xf17f52151EbEF6C7334FAD080c5704D77216b732,0x61ea6a19972b066138249244f6d108b8ec8f301db9402a70eb55b638ff044801,24037,32121,414053,207026,0.011380,29652.17,29153.90,
243,1,0x627306090abaB3A6e1400e9345bC60c78a8BEf57,0x4cdb0a62ac9ee26d70c55d5bd2e911a2db7e7cdc1e01ec1b1382ad5c7f293d53,24037,32121,414053,207026,0.011380,29630.84,29159.29,
244,1,0x627306090abaB3A6e1400e9345bC60c78a8BEf57,0x10ef9547eb6f305811970edb28642e0733d5829faea6b2928169fba6180a8c35,24038,32121,414053,207026,0.011380,29632.23,29152.96,
244,2,0xf17f52151EbEF6C7334FAD080c5704D77216b732,0x099c039828a748de079c62ad7d06f92cc5f73844323fafdc32093b061214b52f,24038,32121,414053,207026,0.011380,30649.79,30159.67,
245,2,0xf17f52151EbEF6C7334FAD080c5704D77216b732,0xc9fb04558dc70fce19fa327c94194ac662fc89590cc61f517c545b0470402dee,24039,32121,414053,207026,0.011380,29614.06,29155.28,
245,1,0x627306090abaB3A6e1400e9345bC60c78a8BEf57,0xd5a06bcfb1af28bc2421efdad418427a38310ff1b9280d3384ad94ad29493e5b,24039,32121,414053,207026,0.011380,30625.99,30154.07,
246,2,0xf17f52151EbEF6C7334FAD080c5704D77216b732,0xbb8b2fbd47b3b685a7c22e1b5e056bab474a70ba71423afdb5791099e3af5186,24040,32121,424646,212323,0.011671,29654.39,29167.75,
246,1,0x627306090abaB3A6e1400e9345bC60c78a8BEf57,0x4d5e1398fc50e38f0610112c1b8cc428346f5366073546309c80130ea2970736,24040,32121,424646,212323,0.011671,29638.31,29175.72,
247,1,0x627306090abaB3A6e1400e9345bC60c78a8BEf57,0xc013f1ab9ec7642c1ef59a2aaa30df6da4a3417ae85a54317e225b248fecf7c6,24041,32121,424646,212323,0.011671,29616.53,29152.54,
247,2,0xf17f52151EbEF6C7334FAD080c5704D77216b732,0xbdff13b61dc5ed48a9a15a7e0ec3cdafcdc7e689f498d2a85ca80f4775284cd9,24041,32121,424646,212323,0.011671,30649.34,30153.55,
248,2,0xf17f52151EbEF6C7334FAD080c5704D77216b732,0x5c042b88519b4231b1a8baa9df1a747099546db390b378346ce4a88a67528492,24042,32121,424646,212323,0.011671,29653.43,29168.88,
248,1,0x627306090abaB3A6e1400e9345bC60c78a8BEf57,0x0084e4d1f09ebf339efcbe863893da3fb703bd36172254fdd0567d5b0651c9b2,24042,32121,424646,212323,0.011671,30648.69,30163.97,
249,2,0xf17f52151EbEF6C7334FAD080c5704D77216b732,0x74afc4465f159a3c3e772c6654b48133a6630e18750b3673203d682ac3274464,24043,32121,427047,213523,0.011737,29654.29,29162.77,
249,1,0x627306090abaB3A6e1400e9345bC60c78a8BEf57,0x4565f6bafa5c5c7105e3a6841a814b139e3c1b23d6197a6be31da6d1cb5cf8f2,24043,32121,427047,213523,0.011737,29662.65,29166.96,
250,1,0x627306090abaB3A6e1400e9345bC60c78a8BEf57,0x5ec0d441b874e57a5466ea0ce8016efe8a73c64011f574ff2de2df16cef6f4b9,24044,32121,427047,213523,0.011737,29697.39,29167.27,
250,2,0xf17f52151EbEF6C7334FAD080c5704D77216b732,0x97721e4b3a3cc51bc57acd69ac59b7db9a97a6599eeda2b5d760eb1c1dfe5341,24044,32121,427047,213523,0.011737,30654.57,30162.65,
251,2,0xf17f52151EbEF6C7334FAD080c5704D77216b732,0x8a31601486c78980f41dca518b04c12e802f6b8a653b7af3e226be814762a698,24045,32121,427047,213523,0.011737,29675.47,29167.13,
251,1,0x627306090abaB3A6e1400e9345bC60c78a8BEf57,0x25acac49853abc77d8f091d6a7f47f13542ff0ee2149b7540001bd491a005af2,24045,32121,427047,213523,0.011737,30698.02,30172.17,
252,2,0xf17f52151EbEF6C7334FAD080c5704D77216b732,0x70670a77cf80149fc5f2a4cd1c600787d3e9049014849c9150510fe2e53bef00,24046,32121,427047,213523,0.011737,29682.48,29158.81,
252,1,0x627306090abaB3A6e1400e9345bC60c78a8BEf57,0xa2e5bdfaf2509d1817f6ce0b93eae15250a81ab1c8b058e64d769ffcc5b7c41e,24046,32121,427047,213523,0.011737,29662.50,29171.23,
253,1,0x627306090abaB3A6e1400e9345bC60c78a8BEf57,0xe9e4bf440e975850855d14941504b28cf2a08da081c7f8c45c14be9f69ed278f,24047,32121,437597,218798,0.012027,29668.39,29180.04,
253,2,0xf17f52151EbEF6C7334FAD080c5704D77216b732,0xd09f4c2dca67a9651766fc97a476073f7e4ac445e1dc716f22815ea1c9e6dbb4,24047,32121,437597,218798,0.012027,30696.31,30171.32,
254,2,0xf17f52151EbEF6C7334FAD080c5704D77216b732,0x34e223c304093276bc375101d7b5249909333807a0834d41c7267add52bc30ec,24048,32121,437597,218798,0.012027,29672.64,29162.52,
254,1,0x627306090abaB3A6e1400e9345bC60c78a8BEf57,0x5ad523c4dfb1beb04587b06d18ca7f2fed0719446f71a13172180b2e76acb9ab,24048,32121,437597,218798,0.012027,30705.13,30191.48,
255,2,0xf17f52151EbEF6C7334FAD080c5704D77216b732,0x0c5df689264c24eff381d9e55edaf39784e029ca89a0f1186af8f9f14a2cc752,24049,32121,437597,218798,0.012027,29725.92,29178.17,
255,1,0x627306090abaB3A6e1400e9345bC60c78a8BEf57,0x753ca1d420861f3bea70a8c8770dd065680f4c17871822d4f608e7769c27ddad,24049,32121,437597,218798,0.012027,29710.79,29168.15,
256,1,0x627306090abaB3A6e1400e9345bC60c78a8BEf57,0xd4a44e1fc17f194d62a9966a048cd4967b801574cbb57b20a385c5c66a8edc9a,24050,32121,437597,218798,0.012027,29673.15,29166.30,
256,2,0xf17f52151EbEF6C7334FAD080c5704D77216b732,0xcf2ff19cb13dea689d4b7c643f11a2550b9f65746dca8490f1c3dff186f4ea0f,24050,32121,437597,218798,0.012027,30650.31,30159.60,
257,2,0xf17f52151EbEF6C7334FAD080c5704D77216b732,0xcf04c3a46fc6ab25e9033c771791577fe45445876d74dbefcff3cbfd770a2536,24051,32121,437597,218798,0.012027,29634.57,29158.79,
257,1,0x627306090abaB3A6e1400e9345bC60c78a8BEf57,0x8ac8e049cb1a8acef5d48689f236156516cca0651e4115f85427858d2810aeb5,24051,32121,437597,218798,0.012027,30661.17,30166.90,
258,2,0xf17f52151EbEF6C7334FAD080c5704D77216b732,0x00ab9c18b2ae9e377f98a0f0d87f0680fe036bdf002a8d08a3bb8753a76d2bbb,24052,32121,437597,218798,0.012027,29639.09,29158.62,
258,1,0x627306090abaB3A6e1400e9345bC60c78a8BEf57,0x7884ce0151823e42d6d6aafa45485551f48bf8fa01f0a6d8941236039d8f628b,24052,32121,437597,218798,0.012027,29662.08,29166.13,
259,1,0x627306090abaB3A6e1400e9345bC60c78a8BEf57,0x1f993c1e17da96199aeb820b2b30545fafd0aaa027a66e66a9f434eb61d03b1b,24053,32121,437597,218798,0.012027,29664.49,29165.24,
259,2,0xf17f52151EbEF6C7334FAD080c5704D77216b732,0xf26b4883c69a5901ea5b7f3a1055c12b3772759fc49e2b729e79666dd5dcec10,24053,32121,437597,218798,0.012027,30641.00,30161.57,
260,2,0xf17f52151EbEF6C7334FAD080c5704D77216b732,0x928b708c11d150c3981d31f24b7566075e734b4c01ff98afbbf6806cb04b065e,24054,32121,437597,218798,0.012027,29636.20,29160.08,
260,1,0x627306090abaB3A6e1400e9345bC60c78a8BEf57,0x4fc17f04582e0250ef7de90f6233523aecfdfe234589eedd8cc9beed9bfd29ca,24054,32121,437597,218798,0.012027,30663.50,30165.52,
261,2,0xf17f52151EbEF6C7334FAD080c5704D77216b732,0xb1cd82e0a1e46c9b88fff77abcb7f0fba0ffcd0878a2c2b271f91cd41d224035,24055,32121,443431,221715,0.012187,29636.29,29161.18,
261,1,0x627306090abaB3A6e1400e9345bC60c78a8BEf57,0xbc16c3ad26132866659f3044dc4921d5bbc98fba2424a188e375c9d8a6933fdb,24055,32121,443431,221715,0.012187,29662.48,29166.81,
262,1,0x627306090abaB3A6e1400e9345bC60c78a8BEf57,0x3781040b0d431a66c274b7cc3345738e7585b18e77b639687611ec672e7d2789,24056,32121,443431,221715,0.012187,29668.46,29163.92,
262,2,0xf17f52151EbEF6C7334FAD080c5704D77216b732,0x0af56f2b60e1530cb878b8230a1d55493cdb8b96524cd26df93323eb955f0b38,24056,32121,443431,221715,0.012187,30633.11,30158.06,
263,2,0xf17f52151EbEF6C7334FAD080c5704D77216b732,0x2034ccbbf66412c73f39d5e2c72829cb51d98db0aa75755a23afeddc5a153b1e,24057,32121,443431,221715,0.012187,29638.15,29156.61,
263,1,0x627306090abaB3A6e1400e9345bC60c78a8BEf57,0x7974a60c6937f5a4f2972f9510b6564b68053159b482169154e1141ac9b0de7b,24057,32121,443431,221715,0.012187,30659.18,30163.29,
264,1,0x627306090abaB3A6e1400e9345bC60c78a8BEf57,0x911036f137096978a560eef445f4b3f2782b53bd74d55a9ff1dd63cda27a09cc,24058,32121,452909,226454,0.012448,29650.75,29162.91,
264,2,0xf17f52151EbEF6C7334FAD080c5704D77216b732,0xaa7ba1db42aa4ad4ef81d963bca429351d4db602e4892a9380a737b2e27d7a1d,24058,32121,452909,226454,0.012448,30631.55,30157.38,
265,1,0x627306090abaB3A6e1400e9345bC60c78a8BEf57,0x2036ec8c6352b4910cbbcf8af2244b8735363a5d64386b2551cb55c6a9bce62d,24059,32121,452909,226454,0.012448,29652.67,29163.37,
265,2,0xf17f52151EbEF6C7334FAD080c5704D77216b732,0xdaf14e73ac993e70e91f433ff74ef677393695a42dfd70067f5d1963436f9719,24059,32121,452909,226454,0.012448,29641.01,29160.27,
266,2,0xf17f52151EbEF6C7334FAD080c5704D77216b732,0xd90132b0bcae91fa5b7dfc28ae1314c89dd2329241cb23f3c31af683d187fd71,24060,32121,452909,226454,0.012448,29630.88,29157.55,
266,1,0x627306090abaB3A6e1400e9345bC60c78a8BEf57,0x85d45a577a71e8dfbb5481b4289e35f08a3c09a3db91a066ed609c9e06467792,24060,32121,452909,226454,0.012448,30664.28,30165.96,
267,1,0x627306090abaB3A6e1400e9345bC60c78a8BEf57,0xce933b580f0d94c3da237cf2edd26f5995a2a736d18d46434fb16aa0b4fc2839,24061,32121,452909,226454,0.012448,29656.06,29163.81,
267,2,0xf17f52151EbEF6C7334FAD080c5704D77216b732,0x4b8b8d7f941ae9ad6a8e32177b59131b925bfb784aed7be507aa6f8c1736ae72,24061,32121,452909,226454,0.012448,30645.88,30161.09,
268,1,0x627306090abaB3A6e1400e9345bC60c78a8BEf57,0x57346ae372cc775927cb8dd4c077c09b011452aa8afa7d3fbea42f4bd7fbf04e,24062,32121,452909,226454,0.012448,29655.36,29165.79,
268,2,0xf17f52151EbEF6C7334FAD080c5704D77216b732,0xe0d285f09db7bfe4589f0d4cda7089c04b549b860710c42fb2a5dc78a80b51e1,24062,32121,452909,226454,0.012448,29626.84,29156.74,
269,2,0xf17f52151EbEF6C7334FAD080c5704D77216b732,0x087f6fe557a47c523cfb161a71bea07d8f847b03f858d10763054d712c9b7be8,24063,32121,456261,228130,0.012540,29642.94,29172.01,
269,1,0x627306090abaB3A6e1400e9345bC60c78a8BEf57,0xba9d95d28ecc329e464524410a587e270fa9aa86877201a1cab1b26b7bdc5c4f,24063,32121,456261,228130,0.012540,30656.82,30169.70,
270,1,0x627306090abaB3A6e1400e9345bC60c78a8BEf57,0x5252c2b07062e20af54a1a6ed1b36ec5770ab1f97293c8f475a9edc38a4cad9c,24064,32121,456261,228130,0.012540,29684.97,29165.67,
270,2,0xf17f52151EbEF6C7334FAD080c5704D77216b732,0x0a8db88409435ce4cc7589a713ba6819f4cae95f74c6bfe6e44bd54606a68db3,24064,32121,456261,228130,0.012540,30685.26,30164.19,
271,1,0x627306090abaB3A6e1400e9345bC60c78a8BEf57,0xd34b4c5a0725a1d536300ea0198d68f97e254b70d048aeaafa218985fad47ba2,24065,32121,461270,230635,0.012677,29707.97,29164.96,
271,2,0xf17f52151EbEF6C7334FAD080c5704D77216b732,0xb1c849c3bcdcd2b122c8b3c3b43737b22c2e9704e36fa58fb5e47ba80e728996,24065,32121,461270,230635,0.012677,29680.32,29163.18,
272,2,0xf17f52151EbEF6C7334FAD080c5704D77216b732,0x9991a52c5261bc05e2af1f2f52772a30c2dc5ad36dcce92e6a12731eb0bff375,24066,32121,461270,230635,0.012677,29703.71,29160.79,
272,1,0x627306090abaB3A6e1400e9345bC60c78a8BEf57,0x5eb12fe735580f4a4cb17a931c71d16af8185ed70c1f0e222d706ff7ed70156e,24066,32121,461270,230635,0.012677,30767.37,30170.43,
273,1,0x627306090abaB3A6e1400e9345bC60c78a8BEf57,0x9055e64356567115a78cdb813148493c927b0cd7c6f2d27beca4c0ee28402e84,24067,32121,461270,230635,0.012677,29687.89,29165.36,
273,2,0xf17f52151EbEF6C7334FAD080c5704D77216b732,0x9150b2e5a11b76a084312ecf6694e3f1627c778f83821c3aa4e059f6ad5890df,24067,32121,461270,230635,0.012677,30699.68,30174.12,
274,1,0x627306090abaB3A6e1400e9345bC60c78a8BEf57,0xc89d858de2442fc4ad27e52897d421cc270bc55cd167a9cc66b73f20f445446a,24068,32121,461270,230635,0.012677,29682.79,29164.59,
274,2,0xf17f52151EbEF6C7334FAD080c5704D77216b732,0x4b94c233fb9162fcd256d1cb36a010bf7253d5147e12275be8686995c5b80585,24068,32121,461270,230635,0.012677,29673.97,29175.19,
275,1,0x627306090abaB3A6e1400e9345bC60c78a8BEf57,0x6d3c1770e5280177e9ddcba33eb915986ec3b7e2447f0cc0387badc75b3d070f,24069,32121,478111,239055,0.013140,29694.64,29187.73,
275,2,0xf17f52151EbEF6C7334FAD080c5704D77216b732,0x2071620543716425ba8d363043f5299346c4dbf719c057b18976d438ed98f42b,24069,32121,478111,239055,0.013140,29677.92,29163.30,
276,1,0x627306090abaB3A6e1400e9345bC60c78a8BEf57,0xdb81a3945aa968353fd26ad662a366a7a7180299b5666a3a2dfeaa5eada32bb4,24070,32121,478111,239055,0.013140,30674.99,30161.82,
276,2,0xf17f52151EbEF6C7334FAD080c5704D77216b732,0xb6e1231789167a06b00b639b3bc4c1713c86648728724662a4d6f6d77619e5d1,24070,32121,478111,239055,0.013140,30649.54,30159.16,
277,1,0x627306090abaB3A6e1400e9345bC60c78a8BEf57,0xd8b9f8486dceef7d858054d19a2923f2293a4a1412c49f5a54ea8756ae0c7a93,24071,32121,478111,239055,0.013140,29673.05,29167.37,
277,2,0xf17f52151EbEF6C7334FAD080c5704D77216b732,0x761b4c884809cbedcb7586cd807ae188d993558444786a20eaa216179c3dc2c7,24071,32121,478111,239055,0.013140,29670.42,29164.76,
278,1,0x627306090abaB3A6e1400e9345bC60c78a8BEf57,0x9734e4ac2aa7f4b3c2c12f8af24b77c0b1e1d63bc52e2a3a7904039300ae144e,24072,32121,478111,239055,0.013140,29669.24,29169.71,
278,2,0xf17f52151EbEF6C7334FAD080c5704D77216b732,0x49fc58eaad865d86451735fcb4c4251c89ced12704c5360f6e15e3a56112abcb,24072,32121,478111,239055,0.013140,29659.01,29169.11,
279,1,0x627306090abaB3A6e1400e9345bC60c78a8BEf57,0xd7fcd2d17f53a7ad5418150ddb1c59c43d00f83867162f06f7ddf65a3474e855,24073,32121,478111,239055,0.013140,30658.43,30155.71,
279,2,0xf17f52151EbEF6C7334FAD080c5704D77216b732,0x1636cefd95d7e4de5eb4ecd028f6d4997b3249320e2acba21200c229865f1e98,24073,32121,478111,239055,0.013140,30654.26,30158.55,
280,1,0x627306090abaB3A6e1400e9345bC60c78a8BEf57,0xc2e656c2368e3ec1e2ca242919024916d71932a671ddfdf500872895f7b95c92,24074,32121,478111,239055,0.013140,29629.31,29160.55,
280,2,0xf17f52151EbEF6C7334FAD080c5704D77216b732,0xbcde8559ed064ffc6b6c6092d340f7e16ed6c8272f722519fb178f5bdc9d8116,24074,32121,478111,239055,0.013140,29675.46,29164.46,
281,2,0xf17f52151EbEF6C7334FAD080c5704D77216b732,0x46a8dee3702bda0a5dd9bf50b8f8ef6bbb175845fe61ee10ac77a7142f0a8e4c,24075,32121,478111,239055,0.013140,29648.35,29160.81,
281,1,0x627306090abaB3A6e1400e9345bC60c78a8BEf57,0x5976d1a0697a278ddf9ce6efd33eb20b616d3a60e786d3f703715bac6ba6b1c6,24075,32121,478111,239055,0.013140,30649.63,30172.75,
282,1,0x627306090abaB3A6e1400e9345bC60c78a8BEf57,0x80c25521926db0d88d2b3e7022a7d5fa6d262b8ccdd3d22b3393a51129558c1f,24076,32121,478111,239055,0.013140,29639.21,29152.95,
282,2,0xf17f52151EbEF6C7334FAD080c5704D77216b732,0x3396cc3ef2a8575b3688e3c16fbc471b035fffa27aac04ebce3eb9a8352f64d0,24076,32121,478111,239055,0.013140,30671.45,30159.12,
283,1,0x627306090abaB3A6e1400e9345bC60c78a8BEf57,0x3bfbbd771d49964734f89cc102fa64a914bdb507dc6bc197e813afccbf3b502d,24077,32121,478111,239055,0.013140,29621.14,29154.99,
283,2,0xf17f52151EbEF6C7334FAD080c5704D77216b732,0x9182a997f13238eade14b507d5cc169820b75a2731b706ebec04bf1845a4d056,24077,32121,478111,239055,0.013140,29635.79,29161.22,
284,2,0xf17f52151EbEF6C7334FAD080c5704D77216b732,0xd65dc1529a187e810c9d41c2c51a1816912e214ffcb7bef3faeb8493f0b97d74,24078,32121,478111,239055,0.013140,29640.78,29160.59,
284,1,0x627306090abaB3A6e1400e9345bC60c78a8BEf57,0x7d1f54f1ec971c27955f4c52c6a445d31454983e4c13926a4d23c2c3271510e1,24078,32121,478111,239055,0.013140,30624.89,30155.58,
285,1,0x627306090abaB3A6e1400e9345bC60c78a8BEf57,0xfe7f33dfdc10f3175bb2c915f29d08a0271ebffc2b83e8676d9d001a3467079b,24079,32121,485517,242758,0.013344,29628.92,29160.03,
285,2,0xf17f52151EbEF6C7334FAD080c5704D77216b732,0x899869cd688b26bc904a30cb86b8d0eebb2501c8ea228290eedcad9274d25244,24079,32121,485517,242758,0.013344,30644.90,30160.76,
286,1,0x627306090abaB3A6e1400e9345bC60c78a8BEf57,0xfcb05ad7486572581285e47512d79cca7729548d010fc955c184ddf613d74532,24080,32121,485517,242758,0.013344,29627.14,29154.96,
286,2,0xf17f52151EbEF6C7334FAD080c5704D77216b732,0x5bfee5388c068bc250ff1a20855da2aac5d66809f041de4b9b08710dad12036a,24080,32121,485517,242758,0.013344,29642.42,29162.07,
287,2,0xf17f52151EbEF6C7334FAD080c5704D77216b732,0x2ad3d613b0eaed85bdabc3e678c3f25116d9f9fac8be95b1b9582ba514bef45f,24081,32121,485517,242758,0.013344,29643.19,29161.45,
287,1,0x627306090abaB3A6e1400e9345bC60c78a8BEf57,0xca1a37191d558240160dc11c22f1f039db2a07b5977dec955aaa33b549a76bf0,24081,32121,485517,242758,0.013344,30630.16,30157.15,
288,1,0x627306090abaB3A6e1400e9345bC60c78a8BEf57,0x2ea9da3c640d06a698c7255256ab2c7ba6b6e5c9f91f22c8fe4b9ef1216a4f0d,24082,32121,485517,242758,0.013344,29625.46,29154.76,
288,2,0xf17f52151EbEF6C7334FAD080c5704D77216b732,0x932f21a57e6d0c0045fa28caf4074d9411ccdc28aa9c4467135a3786a5fd0521,24082,32121,485517,242758,0.013344,30645.71,30159.52,
289,1,0x627306090abaB3A6e1400e9345bC60c78a8BEf57,0x9d5b798d464fe9479b5ac378ecb5fb6e724aa9bcfd3f8dc61a5859f6077a3daf,24083,32121,485517,242758,0.013344,29624.34,29157.66,
289,2,0xf17f52151EbEF6C7334FAD080c5704D77216b732,0x62e7cc53c088e166a7cb5ad5c85d4c5f4be39213c6027e1923b5302afec4c8aa,24083,32121,485517,242758,0.013344,29645.40,29160.43,
290,2,0xf17f52151EbEF6C7334FAD080c5704D77216b732,0xb34ea44a25b3ba5916225ab38da40cee46b0c35fc1b87115c40ae9f52a914237,24084,32121,487090,243545,0.013387,29641.69,29160.16,
290,1,0x627306090abaB3A6e1400e9345bC60c78a8BEf57,0x9f291976e30c45e434825440c2217ca5b161ef86d184f51fba18ee6156e9981f,24084,32121,487090,243545,0.013387,30623.80,30154.43,
291,1,0x627306090abaB3A6e1400e9345bC60c78a8BEf57,0xbd6a0b905e40a223974950f76ecafe98da884dc3fe163a91cf834c2b5055b139,24085,32121,498883,249441,0.013711,29623.30,29155.37,
291,2,0xf17f52151EbEF6C7334FAD080c5704D77216b732,0xd481285d27a64c9dabb906b1dd74781dcc9727471b06a37a586a9499d631b805,24085,32121,498883,249441,0.013711,30645.31,30157.12,
292,2,0xf17f52151EbEF6C7334FAD080c5704D77216b732,0x75c711d81d1c3b0c81d9c9fa1a4fa3050dd4efc175070e4c5bd58a14dc0de017,24086,32121,498883,249441,0.013711,29630.13,29157.13,
292,1,0x627306090abaB3A6e1400e9345bC60c78a8BEf57,0x3b7576e33f855673d77c0f11089f860213887491972427fe8987e570fdc9cbb3,24086,32121,498883,249441,0.013711,30616.53,30154.77,
293,1,0x627306090abaB3A6e1400e9345bC60c78a8BEf57,0x28958d23bea4f3009f838b5c05f754339d39890ba24632ba36c6054db493d318,24087,32121,498883,249441,0.013711,29617.45,29152.74,
293,2,0xf17f52151EbEF6C7334FAD080c5704D77216b732,0x0545fe1afeab394cdae71314eed83b97b0407f7a36f0e23c0b53839f0548b1a1,24087,32121,498883,249441,0.013711,30628.22,30156.31,
294,1,0x627306090abaB3A6e1400e9345bC60c78a8BEf57,0x94d06fa645cfaeec424be3ff8e48ae4ca1fc3722446f5a4110cf321ea1287fc8,24088,32121,498883,249441,0.013711,29615.34,29155.08,
294,2,0xf17f52151EbEF6C7334FAD080c5704D77216b732,0x18c490012055715e185444afce0cce98af92d142c59f08ab0d764a4907412bef,24088,32121,498883,249441,0.013711,29626.64,29157.85,
295,2,0xf17f52151EbEF6C7334FAD080c5704D77216b732,0x3115347a71877e37d7241a67a4d351e7ae97a5015b3b28909a2c486eafab7241,24089,32121,498883,249441,0.013711,29630.23,29157.35,
295,1,0x627306090abaB3A6e1400e9345bC60c78a8BEf57,0xbc57ab991a07511987672ed0cf45f75be6fc38528ff8b5298187fd9eb548d032,24089,32121,498883,249441,0.013711,30630.21,30154.26,
296,1,0x627306090abaB3A6e1400e9345bC60c78a8BEf57,0x3f65de3c3bdee4f325ef9ca3682178b6cae2e1bc77f848d540ffb83e0b4b252f,24090,32121,498883,249441,0.013711,29616.40,29155.17,
296,2,0xf17f52151EbEF6C7334FAD080c5704D77216b732,0xc19b4a31d0dfe2923aaa439ac5e8b3cc271bd469c6e41e57d8cd8749f3bb10f5,24090,32121,498883,249441,0.013711,30627.74,30155.45,
297,2,0xf17f52151EbEF6C7334FAD080c5704D77216b732,0xc2d7ffee45eda263b5d636137ed03292fc7ad6a91ef63c6ec8e7a3c3889bdf4b,24091,32121,498883,249441,0.013711,29628.80,29156.81,
297,1,0x627306090abaB3A6e1400e9345bC60c78a8BEf57,0xae321d8ed78ecfe5bc89fe1da2b615a429c776828bba89daeefee05490339878,24091,32121,498883,249441,0.013711,30614.64,30154.55,
298,2,0xf17f52151EbEF6C7334FAD080c5704D77216b732,0x3d0631664b0606567c457b8439cf85e8f3ab1a7f51bbd904ded13028f1873b2e,24092,32121,502401,251200,0.013808,29636.19,29161.08,
298,1,0x627306090abaB3A6e1400e9345bC60c78a8BEf57,0xacf9d3a4279230dc9b8d77dfb109e20162a0ebe12f0abfac60e452adb3935eef,24092,32121,502401,251200,0.013808,29616.70,29153.17,
299,1,0x627306090abaB3A6e1400e9345bC60c78a8BEf57,0x9fd2f2e4539595cff6fc45e7ebe6a3ec43b46ae3a9e112a681121bacdaaf3a27,24093,32121,502401,251200,0.013808,29614.38,29153.35,
299,2,0xf17f52151EbEF6C7334FAD080c5704D77216b732,0xcfca96219deb02c5f4628291d8c38eef86a26d0889e42da6de29c60dfb22defb,24093,32121,502401,251200,0.013808,30635.24,30157.37,
300,2,0xf17f52151EbEF6C7334FAD080c5704D77216b732,0x4c4ff210b538010a7c14571473115721c9accea6e177894fcc0e9bd7aceeb150,24094,32121,504097,252048,0.013854,29634.16,29158.23,
300,1,0x627306090abaB3A6e1400e9345bC60c78a8BEf57,0xd832aaa63ea020ca472ad742a839800da8c35c07e39b95811a2b1e3985c12f77,24094,32121,504097,252048,0.013854,30617.16,30153.74,
301,1,0x627306090abaB3A6e1400e9345bC60c78a8BEf57,0x8b9d39b3f95ff8713ce407deb2dc2c47013cf46a78c340c06e9b23a643db5ee7,24095,32121,508772,254386,0.013983,29618.69,29155.67,
301,2,0xf17f52151EbEF6C7334FAD080c5704D77216b732,0x8277aa32486e38de98c783311b1a72f27aef644268bb92ed71972bb7f0d8a942,24095,32121,508772,254386,0.013983,30626.17,30157.60,
302,1,0x627306090abaB3A6e1400e9345bC60c78a8BEf57,0xdb3bcf97f7d56c53d8ba316abbc38e296d05354b3ed1a2aef1aef25600da03ce,24096,32121,508772,254386,0.013983,29616.79,29153.09,
302,2,0xf17f52151EbEF6C7334FAD080c5704D77216b732,0xd3e5d599da290676507da99a24a9adbd20932276029c2cfc0f9996db083d900e,24096,32121,508772,254386,0.013983,29630.06,29158.52,
303,2,0xf17f52151EbEF6C7334FAD080c5704D77216b732,0x63f9b4bb8ddabfd1be1cbc12848ae8cfef66728e64f638a4e156f8ff834523b9,24097,32121,525366,262683,0.014439,29634.54,29158.26,
303,1,0x627306090abaB3A6e1400e9345bC60c78a8BEf57,0x62faa217ffc42ef6491e4d95a54e41836087a9b413790e0e23ad59d979fb75e6,24097,32121,525366,262683,0.014439,30619.23,30156.23,
304,1,0x627306090abaB3A6e1400e9345bC60c78a8BEf57,0x34b05900f55c64a1034c63eeefd6b8c687235cf20e1e7ba1c81b394a2c1d3248,24098,32121,525366,262683,0.014439,29612.73,29153.66,
304,2,0xf17f52151EbEF6C7334FAD080c5704D77216b732,0xf2b160751f2a9bf55fbf3a64cedf4a67653300ccf497fe1aa7f220212c8e4695,24098,32121,525366,262683,0.014439,30631.17,30158.22,
305,2,0xf17f52151EbEF6C7334FAD080c5704D77216b732,0x711c5d0967898ebd1e91e5f115fd403a4f93c9e7d32e29d803645b496b58e22d,24099,32121,525366,262683,0.014439,29629.49,29156.80,
305,1,0x627306090abaB3A6e1400e9345bC60c78a8BEf57,0xadcb228d85ebf03d1d3f248ef2c059ea0170d7f0f248ab223032d943cdb846f9,24099,32121,525366,262683,0.014439,30613.66,30153.17,
306,2,0xf17f52151EbEF6C7334FAD080c5704D77216b732,0x5d0124982b65fa2de5c1c4652f79a1275e44474558213e4b79c22359c892e986,24100,32121,525366,262683,0.014439,29626.33,29158.02,
306,1,0x627306090abaB3A6e1400e9345bC60c78a8BEf57,0x02e2446356c2332088611cb4dfd602022055bca72bb70e66249bb061af8b8db2,24100,32121,525366,262683,0.014439,29609.06,29153.16,
307,1,0x627306090abaB3A6e1400e9345bC60c78a8BEf57,0xddbab09387d49d73237c35478fb18d7cb5573c5bacdee7e65aae659ab215f7be,24101,32121,525366,262683,0.014439,29618.32,29156.03,
307,2,0xf17f52151EbEF6C7334FAD080c5704D77216b732,0x98f2179c4d6d46999698824b5dc02f7abbe093029125dcd58b8a80365d256c6a,24101,32121,525366,262683,0.014439,30626.82,30156.55,
308,2,0xf17f52151EbEF6C7334FAD080c5704D77216b732,0x05e2c33fddb8b7e549e18dca38ee899c7f2fb43378129afb11096573cc0af632,24102,32121,525366,262683,0.014439,29630.17,29157.88,
308,1,0x627306090abaB3A6e1400e9345bC60c78a8BEf57,0x44c38b3361ffcd8a9f2cbbec660b75427d2a5bc97519f3cdc8b04e669f2bcd74,24102,32121,525366,262683,0.014439,30627.80,30153.53,
309,2,0xf17f52151EbEF6C7334FAD080c5704D77216b732,0x604a38815c9a7bd0a46724d74678785a4ef3666023037e31b8ac75a3765e1baa,24103,32121,525366,262683,0.014439,29628.70,29160.24,
309,1,0x627306090abaB3A6e1400e9345bC60c78a8BEf57,0xb5ed8245fcebc238ca70c416e51849d4b482941c8a1be1e4d9cbe4d892ad55e5,24103,32121,525366,262683,0.014439,29615.31,29152.54,
310,2,0xf17f52151EbEF6C7334FAD080c5704D77216b732,0x3a6006345bebaee98e1233c439843d6a28568e759374e214b1ded921f686a8e7,24104,32121,525366,262683,0.014439,30618.76,30150.06,
310,1,0x627306090abaB3A6e1400e9345bC60c78a8BEf57,0xdc8a153b80f2c87d2545b710502043d8496aa3bb9ca7566f9f7c14bd8d03a154,24104,32121,525366,262683,0.014439,30628.97,30168.21,
311,2,0xf17f52151EbEF6C7334FAD080c5704D77216b732,0x0225e0ac6670b57454c4eacb96249573b17ac283b8fb6e3417f88a9a68e9f019,24105,32121,527890,263945,0.014508,29602.17,29154.42,
311,1,0x627306090abaB3A6e1400e9345bC60c78a8BEf57,0xfedb26ac0019d80778d1f70da627028f88f9af386bf6bcafe0d999a55739594f,24105,32121,527890,263945,0.014508,29681.28,29169.59,
312,1,0x627306090abaB3A6e1400e9345bC60c78a8BEf57,0x7d61ddeead1e846170937f13f958bebbfc3050e43a05c869819261ec12f0e094,24106,32121,527890,263945,0.014508,29688.98,29176.25,
312,2,0xf17f52151EbEF6C7334FAD080c5704D77216b732,0x49ee33e136641286b5d4ced69dc93aa318783e8b1df471a2429c691a1188e5f1,24106,32121,527890,263945,0.014508,30643.13,30153.79,
313,1,0x627306090abaB3A6e1400e9345bC60c78a8BEf57,0xbe9b5943140240f3862749293756638619867bb1b585195df927328be7b8551b,24107,32121,530663,265331,0.014585,29718.70,29174.27,
313,2,0xf17f52151EbEF6C7334FAD080c5704D77216b732,0x8f56ac04c2f34c7fce74610bdc339db9598e0bd664e942a7c0165ddee8ad361f,24107,32121,530663,265331,0.014585,29605.38,29151.21,
314,2,0xf17f52151EbEF6C7334FAD080c5704D77216b732,0x9b5b09e67ed223096de24953aeb2e6313691ee156bcc0b08ef915e2da16c7b92,24108,32121,530663,265331,0.014585,29597.29,29149.59,
314,1,0x627306090abaB3A6e1400e9345bC60c78a8BEf57,0xc359ac72896c8985d1c91981b875d742b979baef55f32246107cb07b385341c1,24108,32121,530663,265331,0.014585,30675.86,30167.45,
315,1,0x627306090abaB3A6e1400e9345bC60c78a8BEf57,0x417534d71ded1911230f0b7c08b6af146dd746caa8861479d10ca6cb8e233a64,24109,32121,535216,267608,0.014710,29678.09,29170.16,
315,2,0xf17f52151EbEF6C7334FAD080c5704D77216b732,0x437ef031827022d65b89a8a4ecf972c37bd2a54b73a648153927be89a5f6ebb2,24109,32121,535216,267608,0.014710,30599.09,30148.15,
316,1,0x627306090abaB3A6e1400e9345bC60c78a8BEf57,0x29470e34c476b7470e5551597af46949b5fba0d0e72700893ab523470b54d5de,24110,32121,535216,267608,0.014710,29678.74,29168.06,
316,2,0xf17f52151EbEF6C7334FAD080c5704D77216b732,0x82015435128e6db10be828da5d96339434de5b723856872dca4c39403ebd1f83,24110,32121,535216,267608,0.014710,29594.23,29148.76,
317,1,0x627306090abaB3A6e1400e9345bC60c78a8BEf57,0x42b1ab553f379137de1d6d648cab5e692d4a29bd9af41b3b26df8097d274adc5,24111,32121,535216,267608,0.014710,30678.24,30166.08,
317,2,0xf17f52151EbEF6C7334FAD080c5704D77216b732,0x2773782351e6c187ca092b8b9ab4806809b8373cc3bd466facf8c2ba74b8bfa5,24111,32121,535216,267608,0.014710,30595.97,30149.01,
318,1,0x627306090abaB3A6e1400e9345bC60c78a8BEf57,0x840e3e48b1217ea4821216d038ca09d3962061f28cf4e278517a283d9ca37b57,24112,32121,553173,276586,0.015203,29673.79,29168.81,
318,2,0xf17f52151EbEF6C7334FAD080c5704D77216b732,0x7da8f71be4d582e9c3221bc2fca5930ebccc9db5af151c3b70d94d7129c59f70,24112,32121,553173,276586,0.015203,29599.63,29150.71,
319,2,0xf17f52151EbEF6C7334FAD080c5704D77216b732,0x1cceab38857ab712a62cd7c853946179f42248d9fde29e2959ee1f80853fde79,24113,32121,553173,276586,0.015203,29599.81,29150.70,
319,1,0x627306090abaB3A6e1400e9345bC60c78a8BEf57,0xd45a0579105635c895bbefa9ce1da6d4ede26d2a2b99cce0c63487222a5fd0de,24113,32121,553173,276586,0.015203,29676.04,29170.47,
320,2,0xf17f52151EbEF6C7334FAD080c5704D77216b732,0x077d6d73ef5eab38e389d785d6bafd42356fb4a8774ecea18cce6b089c05fb54,24114,32121,553173,276586,0.015203,30612.45,30149.51,
320,1,0x627306090abaB3A6e1400e9345bC60c78a8BEf57,0x9a77c2cb7105fa97077457007e41b71c517dade214ad8c50f34dbb00834481b9,24114,32121,553173,276586,0.015203,30677.10,30170.57,
321,2,0xf17f52151EbEF6C7334FAD080c5704D77216b732,0xf068efca4bbb46bcd3e299c32f6772f0abc4df64e561241c6df8f7891b148770,24115,32121,553173,276586,0.015203,29593.05,29147.83,
321,1,0x627306090abaB3A6e1400e9345bC60c78a8BEf57,0x674c515146701814593faac51f972e4bea2efbdf4d02d99cc81f1b827bab817f,24115,32121,553173,276586,0.015203,29674.78,29169.92,
322,1,0x627306090abaB3A6e1400e9345bC60c78a8BEf57,0x72d4a5541c4e9fe19e12fd715d840fc7959b624861b29d5d3bd2ad0ddfe73617,24116,32121,553173,276586,0.015203,29681.06,29171.43,
322,2,0xf17f52151EbEF6C7334FAD080c5704D77216b732,0x960dc876e76b77a1490b7153b09e1875bccc072126346437680495c802d79c07,24116,32121,553173,276586,0.015203,30596.49,30149.14,
323,2,0xf17f52151EbEF6C7334FAD080c5704D77216b732,0x277bdfac040605d55db7bca97fa0bee745124cd593960a100dd989ac2d8427ef,24117,32121,553173,276586,0.015203,29603.18,29155.66,
323,1,0x627306090abaB3A6e1400e9345bC60c78a8BEf57,0xc01e5ee0e83413e7fa2949bf973b994bafa860caba6c3874d0824c8f545046f5,24117,32121,553173,276586,0.015203,30672.73,30169.78,
324,2,0xf17f52151EbEF6C7334FAD080c5704D77216b732,0x82c5b0ae8abc2bde9ba29b2189678f469543fae6a5302920e93529dbfa1660c3,24118,32121,553173,276586,0.015203,29612.08,29153.83,
324,1,0x627306090abaB3A6e1400e9345bC60c78a8BEf57,0x6320751eeee6a3cb9f0e4b3491b5bbdb1c603e3e7ab58b3d0374b2817e044e85,24118,32121,553173,276586,0.015203,29683.61,29171.48,
325,1,0x627306090abaB3A6e1400e9345bC60c78a8BEf57,0x1f270b2254589c0db181dce3a1b3df3a50df1b34409e33c18523c3fd7f3c4bdc,24119,32121,553173,276586,0.015203,29675.75,29168.31,
325,2,0xf17f52151EbEF6C7334FAD080c5704D77216b732,0x087cc48aceabd5ab3f82ebd46bd5701036d20082bf9a5fcf712f102d65c395cd,24119,32121,553173,276586,0.015203,30611.15,30150.47,
326,2,0xf17f52151EbEF6C7334FAD080c5704D77216b732,0x5ab68553bd67367d6177856a7ead3819b1557ab9b3a4dbbf34caea102745bdaf,24120,32121,559010,279505,0.015364,29607.89,29151.99,
326,1,0x627306090abaB3A6e1400e9345bC60c78a8BEf57,0x8bd1aae7afdd9f466f383adb19adedad1271eae371c9ad61de7a15000a00bc2c,24120,32121,559010,279505,0.015364,30673.82,30168.64,
327,1,0x627306090abaB3A6e1400e9345bC60c78a8BEf57,0xe9df07d96fc0d01b104e5e3b9f5ed10b4c3f52438226713bb402af5dc4580286,24121,32121,559010,279505,0.015364,29674.29,29168.85,
327,2,0xf17f52151EbEF6C7334FAD080c5704D77216b732,0x140849d03418546b0bda7d680bba81df1d4e8a143a1e2ed439fe809e468e0d8f,24121,32121,559010,279505,0.015364,30604.20,30149.29,
328,1,0x627306090abaB3A6e1400e9345bC60c78a8BEf57,0x737ff8a915ec66775cf7ee8ae4efba4b722707ddbb6c6e41840490245420e4d7,24122,32121,559010,279505,0.015364,29675.07,29167.68,
328,2,0xf17f52151EbEF6C7334FAD080c5704D77216b732,0xe86b4027ede308fac6e42b652a3f39ad0612d40ef47ce98450094fff9e107f84,24122,32121,559010,279505,0.015364,29605.89,29153.21,
329,2,0xf17f52151EbEF6C7334FAD080c5704D77216b732,0x011faaeac8bb3b51ecfda47b4597f74f7d2b11204ace271bb9e37dc4207209c3,24123,32121,559010,279505,0.015364,29596.04,29149.76,
329,1,0x627306090abaB3A6e1400e9345bC60c78a8BEf57,0xf5553d8710371087e92902be4d62ea62e667070cbdb439702d916ad6b7f65762,24123,32121,559010,279505,0.015364,30675.79,30167.89,
330,1,0x627306090abaB3A6e1400e9345bC60c78a8BEf57,0x9a50334c83314a65b2b5ba078b4815c44eeec9f7051cc68f9913458f81f54ab9,24124,32121,559010,279505,0.015364,29678.36,29170.38,
330,2,0xf17f52151EbEF6C7334FAD080c5704D77216b732,0x7a55a01add67ea42aef634d8618d70c75d6c47802098259d2d1be0458119d487,24124,32121,559010,279505,0.015364,30600.33,30150.70,
331,1,0x627306090abaB3A6e1400e9345bC60c78a8BEf57,0xf603749990d02a6e8e3d439dfa65ddcad2d165967e635f777455841709c9754c,24125,32121,559010,279505,0.015364,29675.23,29170.78,
331,2,0xf17f52151EbEF6C7334FAD080c5704D77216b732,0xbce450217e61c8d8131dc967d53896bbe32b0ec877d2b208a2a9935ed78ee440,24125,32121,559010,279505,0.015364,29596.31,29149.66,
332,2,0xf17f52151EbEF6C7334FAD080c5704D77216b732,0x6f0dc4ad32762cbad44b51003d52328af9c6cfce7a3dbf6ca9835ea0dd88de4d,24126,32121,559836,279918,0.015386,30597.89,30148.09,
332,1,0x627306090abaB3A6e1400e9345bC60c78a8BEf57,0xbacbb106ca418bc56c6e9bede5415652988977e330c1e9c6100beb8891b2ac92,24126,32121,559836,279918,0.015386,30671.92,30167.23,
333,2,0xf17f52151EbEF6C7334FAD080c5704D77216b732,0x999378ca8bc7e8e11118de6a6020e9dcada75e326dd5c8d5ea4a2bbe329fc7c5,24127,32121,566829,283414,0.015579,29601.10,29150.45,
333,1,0x627306090abaB3A6e1400e9345bC60c78a8BEf57,0xfaf43cf00ccaec2f3178273ad7c7d1bb4d65941d73d9e8445b526d373b0586c6,24127,32121,566829,283414,0.015579,29680.26,29169.36,
334,2,0xf17f52151EbEF6C7334FAD080c5704D77216b732,0xb59d3084a412e981af8ffd34277934342e511e6b6297d453725e745e2b90beb1,24128,32121,566829,283414,0.015579,29595.34,29147.75,
334,1,0x627306090abaB3A6e1400e9345bC60c78a8BEf57,0x0529cfe5ceec6d7b7eee45d538a3b8d5408173a201ef143786d317efda1a27fb,24128,32121,566829,283414,0.015579,29672.57,29167.63,
335,2,0xf17f52151EbEF6C7334FAD080c5704D77216b732,0xc2bfa91a9b023f4b0fe627a80cd54bf92aafc6a48d8d05cd050d3624b304a149,24129,32121,566829,283414,0.015579,30595.30,30149.85,
335,1,0x627306090abaB3A6e1400e9345bC60c78a8BEf57,0x089f2ab0909bfbfcf8ae686656661375c3f57f5af1cacb1e550e47cc6fc233db,24129,32121,566829,283414,0.015579,30681.35,30169.41,
336,2,0xf17f52151EbEF6C7334FAD080c5704D77216b732,0x5e046a25d17bdfe21fdd40230d24ce2c2126f474b28190b2ec9a3c4cf082dcbc,24130,32121,566829,283414,0.015579,29596.98,29148.29,
336,1,0x627306090abaB3A6e1400e9345bC60c78a8BEf57,0x7022f77263ae299bbf41d5ffa7b35a8b295d625d882f312ea43b587b8496affc,24130,32121,566829,283414,0.015579,29679.12,29168.63,
337,1,0x627306090abaB3A6e1400e9345bC60c78a8BEf57,0x844fdf7980a353a6b6ac5cf674ce0fc1e1057a571f0ae6c89b684b5e32d4202a,24131,32121,568361,284180,0.015621,29685.89,29171.13,
337,2,0xf17f52151EbEF6C7334FAD080c5704D77216b732,0x3372505e3a453ee9103b45ddbdd04b4acff821690f68a9b80541fade73bebaad,24131,32121,568361,284180,0.015621,30596.34,30149.22,
338,1,0x627306090abaB3A6e1400e9345bC60c78a8BEf57,0x33169e3d35dd9532098b1f8cf2d84135024b5198cc347ed017e0b946deb949cc,24132,32121,573120,286560,0.015752,29678.29,29167.86,
338,2,0xf17f52151EbEF6C7334FAD080c5704D77216b732,0x5d7bb9fa7858b6ed24e8d9c59c86eaa05f2978cf508c24f039cf26a8fcb14a8b,24132,32121,573120,286560,0.015752,29600.39,29150.30,
339,2,0xf17f52151EbEF6C7334FAD080c5704D77216b732,0xb03c9ff9d6222276054dc9e922688fad47487db32d9f0061f30308081faa1c9b,24133,32121,573120,286560,0.015752,29595.72,29148.54,
339,1,0x627306090abaB3A6e1400e9345bC60c78a8BEf57,0x028b2d2eac9880b1f7dcc792e98357e874c06ccded8d549cc4d0905261fdedb0,24133,32121,573120,286560,0.015752,30676.15,30169.85,
340,1,0x627306090abaB3A6e1400e9345bC60c78a8BEf57,0xcd7944abed0253f66c6427f62981816975941f1f3a2496b040f8e903f905e842,24134,32121,573120,286560,0.015752,29675.25,29168.68,
340,2,0xf17f52151EbEF6C7334FAD080c5704D77216b732,0x316462a1cc39a25e7f184444407bca304a73b830f521d2fbf94d4f75023418f5,24134,32121,573120,286560,0.015752,30599.01,30150.75,
341,1,0x627306090abaB3A6e1400e9345bC60c78a8BEf57,0x8d9a6c848000b3aaf14a9070092e4a6bd4e1d27623c1b2e1cf7202253a69599f,24135,32121,583135,291567,0.016027,29678.32,29160.56,
341,2,0xf17f52151EbEF6C7334FAD080c5704D77216b732,0x445063d87a949c0a08234ae8d8bbecd03563157f5449ac60c693be5604290fbf,24135,32121,583135,291567,0.016027,29613.30,29162.80,
342,1,0x627306090abaB3A6e1400e9345bC60c78a8BEf57,0x5e6a59b7dda59fe6092eef37ba7a9103bab842f0f80b9f0c5b85e0c61aea07de,24136,32121,583135,291567,0.016027,30649.54,30163.49,
342,2,0xf17f52151EbEF6C7334FAD080c5704D77216b732,0xeaebf5ec85177121e591a5641c2284803d76ed440ce0194240a373ba86dec6f2,24136,32121,583135,291567,0.016027,30648.02,30163.21,
343,1,0x627306090abaB3A6e1400e9345bC60c78a8BEf57,0x043f00e592598dc651ac1a840568f2d1525211ea45304c9a596a677ea9678039,24137,32121,583135,291567,0.016027,29646.94,29161.65,
343,2,0xf17f52151EbEF6C7334FAD080c5704D77216b732,0x7a9de566d0c14790ef67f072b1fb48b0f44dcd5df59c9c057cd970fc10dac15a,24137,32121,583135,291567,0.016027,29656.46,29170.43,
344,1,0x627306090abaB3A6e1400e9345bC60c78a8BEf57,0x2ff1659cd72332dc4053167088c1bfe946eca62b9d355718f08953672d6da569,24138,32121,583135,291567,0.016027,29656.12,29165.49,
344,2,0xf17f52151EbEF6C7334FAD080c5704D77216b732,0x1c528fa72efdc1061c101242333fd0e0fe1fff95f29c96c7e70a6335d96a3f5d,24138,32121,583135,291567,0.016027,29660.05,29167.94,
345,1,0x627306090abaB3A6e1400e9345bC60c78a8BEf57,0x1786e8ed0a6dcd0f6415b3f7b49968ff1e8ab5e02b5b0651da144051d896225f,24139,32121,583135,291567,0.016027,30729.03,30172.04,
345,2,0xf17f52151EbEF6C7334FAD080c5704D77216b732,0x38f2a43d34bc92684a5c81935140f5667d5f4dc0a3502869d1269897792a2a26,24139,32121,583135,291567,0.016027,30670.71,30165.88,
346,1,0x627306090abaB3A6e1400e9345bC60c78a8BEf57,0x65e52ae93c1ec17a4fbc4291f3b7b61e5049030cbd1bf7e046d0e85d571fe071,24140,32121,583135,291567,0.016027,29663.40,29160.83,
346,2,0xf17f52151EbEF6C7334FAD080c5704D77216b732,0x19cfd1296c8ed9048186cd2cda5d991acf1ce5666ab7453f138533e4e15b1660,24140,32121,583135,291567,0.016027,29666.37,29170.93,
347,1,0x627306090abaB3A6e1400e9345bC60c78a8BEf57,0xe29a86a92544166575f52bcecb4d7c54cd12fab76b6cfb8cfed283f4c629e14d,24141,32121,592282,296141,0.016278,29665.18,29162.70,
347,2,0xf17f52151EbEF6C7334FAD080c5704D77216b732,0x99f4eec333cf66ccbf4bbb1c7dccf922a9aaa6bd86f80f3523bde4527c5987a7,24141,32121,592282,296141,0.016278,29687.94,29162.67,
348,2,0xf17f52151EbEF6C7334FAD080c5704D77216b732,0x75b4ab39c62aafa437d7bb83ee81064e456a994b666cf176f42338cb6e2a293f,24142,32121,592282,296141,0.016278,29686.74,29172.21,
348,1,0x627306090abaB3A6e1400e9345bC60c78a8BEf57,0xc86a1fedf0fd13ff018f079594bb02c5b8b0f9d1605b14a658d990384eb235f5,24142,32121,592282,296141,0.016278,30674.41,30179.96,
349,1,0x627306090abaB3A6e1400e9345bC60c78a8BEf57,0x731548f5ea3e6561305f7294aa351703a7c1b9a5107ee04f9d348f129588a47c,24143,32121,592282,296141,0.016278,29706.35,29165.09,
349,2,0xf17f52151EbEF6C7334FAD080c5704D77216b732,0xef4a208e14d433eb181e122668050f3f00af448622117705dc618e2cf80b92d5,24143,32121,592282,296141,0.016278,30665.84,30166.53,
350,1,0x627306090abaB3A6e1400e9345bC60c78a8BEf57,0xbaaeffc36e95edd32ce71a9f1a61ae4e4b5aeea5bc39f287420c5d7d5b14d0a5,24144,32121,592282,296141,0.016278,29681.11,29173.09,
350,2,0xf17f52151EbEF6C7334FAD080c5704D77216b732,0x819b5f46ef05b6a18e822c89e210c650586e679ed0310c4bd004486da0d4e7d6,24144,32121,592282,296141,0.016278,29725.39,29167.27,
351,2,0xf17f52151EbEF6C7334FAD080c5704D77216b732,0x4f8bf2d146a025954722837ce790c2ab68821cec10c50ec6ad0682458d4719a8,24145,32121,592282,296141,0.016278,29670.93,29166.18,
351,1,0x627306090abaB3A6e1400e9345bC60c78a8BEf57,0x1c35a7c28688a63e80bf7cc554ff04cd84725d771af208ba5fb789384f580c45,24145,32121,592282,296141,0.016278,30668.41,30164.78,
352,1,0x627306090abaB3A6e1400e9345bC60c78a8BEf57,0x780353591c034e92246a54fe624a70c47397f87272da196c527a5484ad992e64,24146,32121,592282,296141,0.016278,29676.48,29164.24,
352,2,0xf17f52151EbEF6C7334FAD080c5704D77216b732,0x628f3c51349ba3d480ced99fe26c24e850a11c0f64478d60302cdb9a931f2d7c,24146,32121,592282,296141,0.016278,30666.51,30165.51,
353,1,0x627306090abaB3A6e1400e9345bC60c78a8BEf57,0x1110356b1377d93ce7f6285347fe3238360761dff4ebe3c3766847785a63807e,24147,32121,592282,296141,0.016278,29661.43,29162.24,
353,2,0xf17f52151EbEF6C7334FAD080c5704D77216b732,0xe0ddab1db4e4115c112e0fda2202c5fa2ce91b58a59789a8c170b5f90ff0452b,24147,32121,592282,296141,0.016278,29665.02,29162.45,
354,2,0xf17f52151EbEF6C7334FAD080c5704D77216b732,0x80d31ead2c6fe2cbb02043be8b1de6455a87662786084bc80325d73b546127a5,24148,32121,592529,296264,0.016285,29688.18,29183.41,
354,1,0x627306090abaB3A6e1400e9345bC60c78a8BEf57,0x43c42b827fbf54d8f6caa94e2ab0552d80ba7bbbb1eadc869412a8bb32a1f5ce,24148,32121,592529,296264,0.016285,30646.68,30162.01,
355,1,0x627306090abaB3A6e1400e9345bC60c78a8BEf57,0x870bc241dc8b8ab7446a7583516bc95cc69ad575d39fbb1ca6755c92f3aa8f9b,24149,32121,604735,302367,0.016620,29670.40,29167.01,
355,2,0xf17f52151EbEF6C7334FAD080c5704D77216b732,0x5b90f7615678ab07cdd074473de89116d969ddac8cf662d2c0da4d2ad95e46e1,24149,32121,604735,302367,0.016620,30654.64,30162.34,
356,1,0x627306090abaB3A6e1400e9345bC60c78a8BEf57,0xf3d23f092ece30f78642766f191eb78c5e24077b29ff65c5a6e5b57279f29e9e,24150,32121,604735,302367,0.016620,29645.32,29158.83,
356,2,0xf17f52151EbEF6C7334FAD080c5704D77216b732,0x1b26ea27e1598085e948810362367578b4dda7179ac67ef9a2edeb25d50ba3cb,24150,32121,604735,302367,0.016620,29649.03,29161.93,
357,2,0xf17f52151EbEF6C7334FAD080c5704D77216b732,0xc2c91895d4baed049ad2d10d471f04d6673cc3dc11e6de5113b73fda23c610a1,24151,32121,604735,302367,0.016620,29649.97,29161.70,
357,1,0x627306090abaB3A6e1400e9345bC60c78a8BEf57,0x601152e21c37db29180ce993ca67e883f8ae4f37864a41e68bd166cf35c470f1,24151,32121,604735,302367,0.016620,30645.23,30160.72,
358,1,0x627306090abaB3A6e1400e9345bC60c78a8BEf57,0xa1c8fe3a5d9fb44ef1eb5f43ac8f52e88c0afde8c9447d5880d3b9a88a1cc07e,24152,32121,604735,302367,0.016620,29642.95,29159.58,
358,2,0xf17f52151EbEF6C7334FAD080c5704D77216b732,0x6ee029f71892ada36fa6e25ff04607c026b5105760764cf4585e36499a0b3c65,24152,32121,604735,302367,0.016620,30646.28,30161.71,
359,1,0x627306090abaB3A6e1400e9345bC60c78a8BEf57,0x278d3ec0bbae513da00b7697290185941d7525c0b6fb5b05d65c96a78bc7fd9a,24153,32121,604735,302367,0.016620,29645.75,29164.96,
359,2,0xf17f52151EbEF6C7334FAD080c5704D77216b732,0xb44988a01bc9b58d5f053162b8bec585752654a9b3b808734ab5dc52de116ee3,24153,32121,604735,302367,0.016620,29644.49,29162.65,
360,1,0x627306090abaB3A6e1400e9345bC60c78a8BEf57,0x859c7d4ac0c17be6a82eba570f127a9defe3505c3739f5f4900b28e99c043647,24154,32121,604735,302367,0.016620,30645.22,30161.57,
360,2,0xf17f52151EbEF6C7334FAD080c5704D77216b732,0x1674e2cb9fe15ad6bb8d22e17649762c85b4696e314d744317dbbade1c19ef58,24154,32121,604735,302367,0.016620,30649.07,30160.66,
361,1,0x627306090abaB3A6e1400e9345bC60c78a8BEf57,0xf0200cb6fe3df51e1310b6924b586b3f1a1a86255a23a334f3d51937a3497fbd,24155,32121,604735,302367,0.016620,29644.65,29161.42,
361,2,0xf17f52151EbEF6C7334FAD080c5704D77216b732,0xf6ac52db84127b44e89d8b6b908807e8f7e6b8e59a2b44345f824e7daebf12cb,24155,32121,604735,302367,0.016620,29648.48,29161.67,
362,2,0xf17f52151EbEF6C7334FAD080c5704D77216b732,0xdd41ee06399b4d11aa79e9c5b2911a66e5bc8d1ffbee535c8bb4c8cc5566e6a1,24156,32121,621369,310684,0.017078,29642.99,29161.58,
362,1,0x627306090abaB3A6e1400e9345bC60c78a8BEf57,0xcfbb10181de8d86f23dd91cc88ed50373b6818ca8a9e5c9e362bcfbb1d0c9a1c,24156,32121,621369,310684,0.017078,30640.24,30159.95,
363,1,0x627306090abaB3A6e1400e9345bC60c78a8BEf57,0xc49dcd731680bb6bfe44c07475a4b0566f030ae64f0f754812d06d39d1839ab7,24157,32121,621369,310684,0.017078,29638.22,29159.77,
363,2,0xf17f52151EbEF6C7334FAD080c5704D77216b732,0x42ba43accf1d4214aaf2c50f1ce64b6b71cda126639b0ff8fe35a6109c9e50c0,24157,32121,621369,310684,0.017078,30648.11,30163.29,
364,1,0x627306090abaB3A6e1400e9345bC60c78a8BEf57,0xc845a766285db7217c1121e5b6db76677aa7b05c2d7ab503ef724f2c035c7e08,24158,32121,621369,310684,0.017078,29644.38,29160.89,
364,2,0xf17f52151EbEF6C7334FAD080c5704D77216b732,0x4b0b3e0bbda264d634c3ba6e257a943df1d56555b96a232abb8deb338037cdca,24158,32121,621369,310684,0.017078,29642.14,29161.37,
365,2,0xf17f52151EbEF6C7334FAD080c5704D77216b732,0x69a30e395e6be11d9b4775830b33fb1c554773f94fe83b54c177d8d2686e8fed,24159,32121,621369,310684,0.017078,29645.27,29161.33,
365,1,0x627306090abaB3A6e1400e9345bC60c78a8BEf57,0x102c99ff6c1964affe97f0f58a8a069fd8683135d5d0e51dbac0e5bbe9dee47f,24159,32121,621369,310684,0.017078,30643.66,30161.68,
366,1,0x627306090abaB3A6e1400e9345bC60c78a8BEf57,0xd0e8c673e7345fe7c07e9e2f86e89c6d963c4b4a5ae1e4e55fba25195acd6fd3,24160,32121,621369,310684,0.017078,29646.33,29159.34,
366,2,0xf17f52151EbEF6C7334FAD080c5704D77216b732,0xcc6b9f204a6ee65cf1054caebb1516ee3cdf179d3afde82b5b94b3bf2d4eca08,24160,32121,621369,310684,0.017078,30646.46,30162.74,
367,1,0x627306090abaB3A6e1400e9345bC60c78a8BEf57,0x0a14bac3134b681b2b312deabe9fb35c25c55d3dc9b1a80e81af6de6d037e18b,24161,32121,621369,310684,0.017078,29648.09,29164.78,
367,2,0xf17f52151EbEF6C7334FAD080c5704D77216b732,0x2ad95a57574ac8eb40790a6307369135375b10091c1a0c0199633f673138f851,24161,32121,621369,310684,0.017078,29648.58,29161.14,
368,2,0xf17f52151EbEF6C7334FAD080c5704D77216b732,0xaa6b5ea1baa7528a1e03fd7e5c69fe9cfa143539f7a4f79d10cd8400c67e42b0,24162,32121,621369,310684,0.017078,29650.58,29162.51,
368,1,0x627306090abaB3A6e1400e9345bC60c78a8BEf57,0x005d177c3eb1161f0ee38e3f6c937b66c92a6404308d2a07d3511aeb1cbaff9f,24162,32121,621369,310684,0.017078,30638.13,30158.22,
369,1,0x627306090abaB3A6e1400e9345bC60c78a8BEf57,0x08e028ffc58770505739da6653c5101aaff5765ca9ba635042bcc9176d69d1a9,24163,32121,621369,310684,0.017078,29646.98,29160.26,
369,2,0xf17f52151EbEF6C7334FAD080c5704D77216b732,0xd8742fcaef4760b01128ee80da4ec91835de9e94aa3cc6f73f70a0a5a859dbc2,24163,32121,621369,310684,0.017078,30645.97,30160.72,
370,1,0x627306090abaB3A6e1400e9345bC60c78a8BEf57,0x9f3af7e3059f6cbf85b8f8933ade00ecc735e76ec0435c0f8623044385230ec9,24164,32121,621369,310684,0.017078,29648.48,29160.87,
370,2,0xf17f52151EbEF6C7334FAD080c5704D77216b732,0x106e28d632ca94e19ba9318dbd473295c4106927c16c55b7f108efd0794ea1fe,24164,32121,621369,310684,0.017078,29656.23,29162.06,
371,2,0xf17f52151EbEF6C7334FAD080c5704D77216b732,0xf9eaea011e9d8dd3fbe075ff1c8cccb952d918c72b651d913c4562e6c0f26019,24165,32121,623603,311801,0.017139,29644.53,29160.59,
371,1,0x627306090abaB3A6e1400e9345bC60c78a8BEf57,0x9250315f97613ffec09de0ea047a1796f96b6b56b90ef0fb82639a3826674e3a,24165,32121,623603,311801,0.017139,30645.65,30161.93,
372,2,0xf17f52151EbEF6C7334FAD080c5704D77216b732,0x60e7bb491198e22efebd4dbddb9d72d1aa8f701c82548e7023cb1099d2669451,24166,32121,623603,311801,0.017139,29949.29,29164.33,
372,1,0x627306090abaB3A6e1400e9345bC60c78a8BEf57,0x564a412744bd64c6ec5380d6ec4e691776a2fea5ee6c6434d158470a2590b4fb,24166,32121,623603,311801,0.017139,29648.27,29159.10,
373,1,0x627306090abaB3A6e1400e9345bC60c78a8BEf57,0xce256c3c5b3d550030d432cd23f4b4156a43f425dcba3699a406132b74aad2e4,24167,32121,626335,313167,0.017214,29641.50,29154.60,
373,2,0xf17f52151EbEF6C7334FAD080c5704D77216b732,0xbe536c171f04051b23d073de3fd45f04cc10548e4099211b72897dbad3050f96,24167,32121,626335,313167,0.017214,30612.88,30150.23,
374,2,0xf17f52151EbEF6C7334FAD080c5704D77216b732,0x85cf25fe3d5d7f7ada9e3b76ade500bdf7b68632be2ac1f80109162f942959cf,24168,32121,626335,313167,0.017214,29635.98,29153.81,
374,1,0x627306090abaB3A6e1400e9345bC60c78a8BEf57,0x6afed1b9067bceb1f8b1e63bc89e770c832209cce8672a78356e3a2d24e22169,24168,32121,626335,313167,0.017214,30632.41,30158.43,
375,1,0x627306090abaB3A6e1400e9345bC60c78a8BEf57,0x8fd8027f4614cbabc85f2c806b1101d9b228c5fc4d1c39c586fee2d9bd6692e5,24169,32121,631838,315919,0.017365,29634.77,29161.05,
375,2,0xf17f52151EbEF6C7334FAD080c5704D77216b732,0x0edbc4a05d8a7bf3024912b337f2c0dac4558d9fc75f351ebba77fc1d3220d47,24169,32121,631838,315919,0.017365,30618.27,30151.18,
376,2,0xf17f52151EbEF6C7334FAD080c5704D77216b732,0xe5a4a83a226b0e38149d73d9114bfb1ea2e2726e4385c5bd07dda287c8d3acf5,24170,32121,631838,315919,0.017365,29602.93,29148.15,
376,1,0x627306090abaB3A6e1400e9345bC60c78a8BEf57,0x57c552dee96ff7b8c4923619a358b4a013385e07670320fc0dee3ce8f764671f,24170,32121,631838,315919,0.017365,30636.00,30153.51,
377,2,0xf17f52151EbEF6C7334FAD080c5704D77216b732,0x1f6dfc37f8b04c494f130df3686647d7d8d09c23119053f041ac44db95dd2cbc,24171,32121,631838,315919,0.017365,29600.01,29151.85,
377,1,0x627306090abaB3A6e1400e9345bC60c78a8BEf57,0x088a14e1db123f14d6e956a233815add307dd1e12cdb19f78fcc6aa43135cd21,24171,32121,631838,315919,0.017365,29617.44,29158.06,
378,1,0x627306090abaB3A6e1400e9345bC60c78a8BEf57,0xc6605418f63192b03524988830e6efbc664fd2352a3da946421210b0c200b14b,24172,32121,631838,315919,0.017365,29642.38,29163.02,
378,2,0xf17f52151EbEF6C7334FAD080c5704D77216b732,0xa1af3552f6698689633eef1927bba86af279059af8f6162fc267743690c8b264,24172,32121,631838,315919,0.017365,30633.85,30152.61,
379,2,0xf17f52151EbEF6C7334FAD080c5704D77216b732,0x9a9aeed407c0c9f5165d75eb1ff4fd89b39170f3c97b0201995fb2e1b89e2270,24173,32121,643133,321566,0.017676,29626.90,29155.12,
379,1,0x627306090abaB3A6e1400e9345bC60c78a8BEf57,0xfd58071356df0f0a2794681aac6a9bb9b4defb770104774a7398725a3a128622,24173,32121,643133,321566,0.017676,30638.88,30158.55,
380,1,0x627306090abaB3A6e1400e9345bC60c78a8BEf57,0x31e3cc96971c4314c4bab2eb4743312775ddb637536a3e17a88e4de5876d80f1,24174,32121,643133,321566,0.017676,29627.21,29158.50,
380,2,0xf17f52151EbEF6C7334FAD080c5704D77216b732,0xa2e2e7663e4e9b0a7226bdcc129e4d3b46d20349b3b2504987f8d824ea299c30,24174,32121,643133,321566,0.017676,30642.42,30153.01,
381,1,0x627306090abaB3A6e1400e9345bC60c78a8BEf57,0x3b47c9c91520fd2ecd87389a8362f3a5d1fe52ff79926bcb944dac1cdb800334,24175,32121,643133,321566,0.017676,29657.73,29158.70,
381,2,0xf17f52151EbEF6C7334FAD080c5704D77216b732,0x8a91daa9a486df36ca7334224797a9e6fe2cf843b75d2c1c7d859fd97fa175cc,24175,32121,643133,321566,0.017676,29622.05,29151.59,
382,2,0xf17f52151EbEF6C7334FAD080c5704D77216b732,0xad7710771a5dd04598a56fb279e4c7de2d0bd6118e8dc790f92a91da5ced2c59,24176,32121,643133,321566,0.017676,29622.53,29150.01,
382,1,0x627306090abaB3A6e1400e9345bC60c78a8BEf57,0x66c19dfa4eb8c7fe8dfe3efac4b5f2cf9a69656cad74455c8b9b6b266399cd4a,24176,32121,643133,321566,0.017676,30632.50,30153.67,
383,1,0x627306090abaB3A6e1400e9345bC60c78a8BEf57,0x60a3875f83f72a87137d2cf12ab4a3f32decc23b71f9d42b795125e93cd2e3a3,24177,32121,643133,321566,0.017676,29621.58,29155.25,
383,2,0xf17f52151EbEF6C7334FAD080c5704D77216b732,0x41e756f8af933857c39c8389b9ed66e5169a5af00de9e02bbd0980d12b9f1baf,24177,32121,643133,321566,0.017676,30608.08,30157.42,
384,1,0x627306090abaB3A6e1400e9345bC60c78a8BEf57,0xdddbfad11f24b0f38af0c63d1cc721a23e8808bad033b2fc3d53b57af7f9044d,24178,32121,643133,321566,0.017676,29653.85,29156.13,
384,2,0xf17f52151EbEF6C7334FAD080c5704D77216b732,0x74d8ca09bfa7149e7c28adb60953a1cd49872c4d3d5a2f10fc2b797372e4daf5,24178,32121,643133,321566,0.017676,29627.02,29150.45,
385,2,0xf17f52151EbEF6C7334FAD080c5704D77216b732,0xb58f0b98a7006ee9fb6b35373969f224e42659f8ecbce2e88b0a0efbcded1e48,24179,32121,646776,323388,0.017776,29608.32,29152.83,
385,1,0x627306090abaB3A6e1400e9345bC60c78a8BEf57,0xc88a9f083685a0cc77587f1edff22c7e13f7ff5ad9190da8b4e3b5a85628b560,24179,32121,646776,323388,0.017776,30623.94,30156.84,
386,1,0x627306090abaB3A6e1400e9345bC60c78a8BEf57,0x98e9cc1adff8d527cfecf9971aa1b146a27ebbd48373c148d9cd84460a61846e,24180,32121,662046,331023,0.018196,29618.64,29152.94,
386,2,0xf17f52151EbEF6C7334FAD080c5704D77216b732,0xe29fe285b1a46e0061fdcb05b29959cbfe46ccb669e7b6a79b7099b8a5632679,24180,32121,662046,331023,0.018196,30607.52,30151.72,
387,2,0xf17f52151EbEF6C7334FAD080c5704D77216b732,0x05a5e199cf38cdd67d347d5ad3aacdecbe276a7d1d564337e781dfae8392bc45,24181,32121,662046,331023,0.018196,29599.10,29149.96,
387,1,0x627306090abaB3A6e1400e9345bC60c78a8BEf57,0x9cf844c3e18dbd7e2dbbdf0746a8cea0dc40b50da624be32b18b05ab261561a8,24181,32121,662046,331023,0.018196,30623.15,30155.72,
388,1,0x627306090abaB3A6e1400e9345bC60c78a8BEf57,0x0c7cf028891128d4e520dad702400d136a9855458481b236cc914308a9373dff,24182,32121,662046,331023,0.018196,29616.61,29154.26,
388,2,0xf17f52151EbEF6C7334FAD080c5704D77216b732,0xcffc81f31cf01f5ee4edfdc881e7a09ddfc5f91dfcdebe1e728d02869bb4b94b,24182,32121,662046,331023,0.018196,30599.66,30150.93,
389,1,0x627306090abaB3A6e1400e9345bC60c78a8BEf57,0x99968ff0370b21e4af068b41b1de1dc67af8f179cf27521ccca8f9fd31edba9b,24183,32121,662046,331023,0.018196,29625.53,29156.76,
389,2,0xf17f52151EbEF6C7334FAD080c5704D77216b732,0x16c7d128728912129e0a1bfc3ae85a011d9e0ef2bba721cc4300ab151df41e4a,24183,32121,662046,331023,0.018196,29603.64,29150.79,
390,2,0xf17f52151EbEF6C7334FAD080c5704D77216b732,0x7a2d4d69301f67da22e6d752c2529d6908328d476678933c60bddeb4c0ca2944,24184,32121,662046,331023,0.018196,29601.63,29150.76,
390,1,0x627306090abaB3A6e1400e9345bC60c78a8BEf57,0xf758d5863dc281c5f4da0799415ec5f8498de3d6535eee134bd3dfa2ef1de4f8,24184,32121,662046,331023,0.018196,30617.77,30154.65,
391,1,0x627306090abaB3A6e1400e9345bC60c78a8BEf57,0x9aae9fb7fd25694fc47835508be39b4710dd713b8d4b901400e8dd95f80a094c,24185,32121,662046,331023,0.018196,29621.81,29155.53,
391,2,0xf17f52151EbEF6C7334FAD080c5704D77216b732,0x70ad1f174a209b00aceb33175c38e1a8e4f0bb1c7a62a6a27f835afa66a0baf9,24185,32121,662046,331023,0.018196,30603.55,30151.06,
392,2,0xf17f52151EbEF6C7334FAD080c5704D77216b732,0x6128b8b6096dc31eb6b05e268bb5ef54493bdd252a9f0911c4dce58ca49af308,24186,32121,662046,331023,0.018196,29607.65,29151.44,
392,1,0x627306090abaB3A6e1400e9345bC60c78a8BEf57,0x5f286d8d609b37f1bb0a64d896139d6c1243f1c2a2fddabafac082f3f0d5fe32,24186,32121,662046,331023,0.018196,30615.90,30153.39,
393,1,0x627306090abaB3A6e1400e9345bC60c78a8BEf57,0x4143ff7da4baa311e485ab9ccab7d7ca89a830a7927c6593532b376ee9e2af21,24187,32121,662046,331023,0.018196,29622.45,29157.79,
393,2,0xf17f52151EbEF6C7334FAD080c5704D77216b732,0x368473da1837cf26f2a3eff32949962f489bed070e2141f6e2b06a8b7227f71f,24187,32121,662046,331023,0.018196,30613.66,30150.03,
394,1,0x627306090abaB3A6e1400e9345bC60c78a8BEf57,0xcfafde5ad8e372a5982b50c6bf9be4c25378d99cfd68d68d98d818870edf98d7,24188,32121,662046,331023,0.018196,29623.01,29160.52,
394,2,0xf17f52151EbEF6C7334FAD080c5704D77216b732,0x3816e03104ad1a37bd2d3a2f83297c060f5d8de78fb2f5d4c28ced5f26ac960c,24188,32121,662046,331023,0.018196,29623.01,29170.44,
395,2,0xf17f52151EbEF6C7334FAD080c5704D77216b732,0xf7048f593bbd4af60e6b51b6f57d7e9b3788296f121d75dd85d6677d06a45e07,24189,32121,662046,331023,0.018196,29614.58,29151.62,
395,1,0x627306090abaB3A6e1400e9345bC60c78a8BEf57,0x6e59fea1fa2aebc66b6e8d0fd5078d5af6e1bd4fca4aac73cb10b996edcb4c42,24189,32121,662046,331023,0.018196,30657.76,30159.48,
396,1,0x627306090abaB3A6e1400e9345bC60c78a8BEf57,0xe982f2af3c367c4aa574bd10786f839312bb373e4c39c01869937a4c437d7746,24190,32121,662046,331023,0.018196,29666.06,29183.29,
396,2,0xf17f52151EbEF6C7334FAD080c5704D77216b732,0x49831ca01aab556ff5746c9a4f40fafc0b681ef97ec35e72976660bf005248ce,24190,32121,662046,331023,0.018196,30657.54,30153.64,
397,1,0x627306090abaB3A6e1400e9345bC60c78a8BEf57,0xdb9486c49840edb56610bc929277b721b382e6988d91672f56af7dbf0fca3cd0,24191,32121,680212,340106,0.018695,29632.53,29158.48,
397,2,0xf17f52151EbEF6C7334FAD080c5704D77216b732,0x6f46c04710cd4c1940bd36f6b8d05e522ed3ec0079623f090418e1dcd5eb4f4e,24191,32121,680212,340106,0.018695,29624.79,29155.31,
398,2,0xf17f52151EbEF6C7334FAD080c5704D77216b732,0xb6298fdab29c2244878119d83c4d41dc4f5fb2005d261517370ffc5b4d0b9ae6,24192,32121,680212,340106,0.018695,29624.06,29157.76,
398,1,0x627306090abaB3A6e1400e9345bC60c78a8BEf57,0x1a9fe7e77be2e1d1e65000453f0114b512fc67ecd91c917508416b84690050bd,24192,32121,680212,340106,0.018695,30650.79,30154.40,
399,1,0x627306090abaB3A6e1400e9345bC60c78a8BEf57,0x07a217c4f95cb35254f4c0eafce9aecccb9f80a32075181bd47e9182bdb5e8d4,24193,32121,680212,340106,0.018695,29640.56,29157.47,
399,2,0xf17f52151EbEF6C7334FAD080c5704D77216b732,0x282b65aad0a49011e8267d83648fda8f68870e980f263858baa766ba7328d3f0,24193,32121,680212,340106,0.018695,30629.00,30152.19,
400,1,0x627306090abaB3A6e1400e9345bC60c78a8BEf57,0xb64e0c53be96ec02a6366e27f11fab63f9415b0dbd7a4b3d4412bd00a9dd64d2,24194,32121,680212,340106,0.018695,29624.93,29155.72,
400,2,0xf17f52151EbEF6C7334FAD080c5704D77216b732,0xa54f5a73a55a6f38496a939f5ebf58a888961b188ff466566a38af34dc1bc9fc,24194,32121,680212,340106,0.018695,29613.69,29153.54,
401,1,0x627306090abaB3A6e1400e9345bC60c78a8BEf57,0x02caba353d044f74a9e7040b9efd8cea7b32b35900e40654d2f51cdc2e8790ab,24195,32121,680212,340106,0.018695,30673.53,30163.54,
401,2,0xf17f52151EbEF6C7334FAD080c5704D77216b732,0x061593f14423a8a2235feaa18d43b18250bcde677876df59aeaa3afd3a08b0b6,24195,32121,680212,340106,0.018695,30632.74,30153.51,
402,1,0x627306090abaB3A6e1400e9345bC60c78a8BEf57,0x10c7ec2b2fe16c5deac55c50394f8089aab45e95bcb799cb8d3582188d285128,24196,32121,680212,340106,0.018695,29633.52,29156.46,
402,2,0xf17f52151EbEF6C7334FAD080c5704D77216b732,0x2eb19d101edce7b62d242b571887ea99cc94c1d1d1ddd08dce9488c05f800129,24196,32121,680212,340106,0.018695,29619.71,29162.06,
403,2,0xf17f52151EbEF6C7334FAD080c5704D77216b732,0x122edb9fae4bc61439af6a48187af779db5fdee3e75a96b2eab21bc3981269c7,24197,32121,680212,340106,0.018695,29666.02,29167.98,
403,1,0x627306090abaB3A6e1400e9345bC60c78a8BEf57,0xf72cc45cc714db74c0f2c3f4851b5467a441b5f06852a9eb020ceae838466fec,24197,32121,680212,340106,0.018695,29997.80,29184.37,
404,1,0x627306090abaB3A6e1400e9345bC60c78a8BEf57,0x6e542edea887e4cd1fe3d066379168c8080a89942e2cb09380af47d6d50dc873,24198,32121,680212,340106,0.018695,29643.30,29167.39,
404,2,0xf17f52151EbEF6C7334FAD080c5704D77216b732,0xc9b3b0048979e76a9ccec11d5ade74bb69d0357c8adaeed8ca58cd98540c2412,24198,32121,680212,340106,0.018695,30704.56,30164.57,
405,2,0xf17f52151EbEF6C7334FAD080c5704D77216b732,0x1e894d804ddd2e6905422bda0b19054715ab454d70739c31510b3892dd4afa48,24199,32121,692669,346334,0.019037,29645.04,29161.33,
405,1,0x627306090abaB3A6e1400e9345bC60c78a8BEf57,0x963ea3e9aed14d299de8f376e71c8cce9a1de39a1364b8c8bf9bc3d26ff3e049,24199,32121,692669,346334,0.019037,30648.32,30164.96,
406,2,0xf17f52151EbEF6C7334FAD080c5704D77216b732,0x8f29953610587d6e25f65e0215d5353f7353a66d812e00c217972d1ded5522f3,24200,32121,692669,346334,0.019037,29678.50,29163.63,
406,1,0x627306090abaB3A6e1400e9345bC60c78a8BEf57,0x8d22a7c249df18be5a40f0ce710c5fe6e43c11d64679740805efff3437568cb7,24200,32121,692669,346334,0.019037,29685.68,29191.95,
407,1,0x627306090abaB3A6e1400e9345bC60c78a8BEf57,0x9533c99aa0f27d2ee46d935ac4d4d5d5421bfc799a7d588888ca2eb0692608d3,24201,32121,692669,346334,0.019037,29645.07,29161.03,
407,2,0xf17f52151EbEF6C7334FAD080c5704D77216b732,0xcde7fe385f6b0563ab97b90f2a056b9b7223462e94a9849dab052e58718794b5,24201,32121,692669,346334,0.019037,30667.78,30161.21,
408,2,0xf17f52151EbEF6C7334FAD080c5704D77216b732,0xf325faf17541348516bd5c0495dedb275d7f17066a7db73936462632fba8c484,24202,32121,692669,346334,0.019037,29717.01,29165.04,
408,1,0x627306090abaB3A6e1400e9345bC60c78a8BEf57,0x38c03384ca1a205f914ebc3292dd724f0909e775eaf80586f82dd5eb057c7a1e,24202,32121,692669,346334,0.019037,30643.72,30159.06,
409,2,0xf17f52151EbEF6C7334FAD080c5704D77216b732,0xb2b39433cb61ab1c5e01d988218a504ee71d220419a5dd32b46e3e0ea5def85b,24203,32121,692669,346334,0.019037,29700.21,29163.58,
409,1,0x627306090abaB3A6e1400e9345bC60c78a8BEf57,0xca5e0325c567fbd2f134bfe59a445c42883915ef56571aa926a1cb4ce2cc0201,24203,32121,692669,346334,0.019037,29668.33,29158.42,
410,1,0x627306090abaB3A6e1400e9345bC60c78a8BEf57,0x3c97877cd6cdbbc7719196d281dc4264a47b8b8da445d3727976a633cfabe988,24204,32121,692669,346334,0.019037,30647.12,30159.84,
410,2,0xf17f52151EbEF6C7334FAD080c5704D77216b732,0xb3a706383ff607ffcd94431cedb8086384bd02843b229bef2a2f3d8c2ab5df6d,24204,32121,692669,346334,0.019037,30668.42,30167.66,
411,1,0x627306090abaB3A6e1400e9345bC60c78a8BEf57,0x1ff77c74297551ee0d9b6e1942ed54de0e965ccf1bcd2456fb2f2071e56f59f5,24205,32121,692669,346334,0.019037,29656.03,29160.85,
411,2,0xf17f52151EbEF6C7334FAD080c5704D77216b732,0x39eed7adc48463bd1a5edacb490364a8559589fcfd3eef8aabb627e0524189e7,24205,32121,692669,346334,0.019037,29702.28,29180.46,
412,1,0x627306090abaB3A6e1400e9345bC60c78a8BEf57,0x19d15e7c7b8003abbc299ad2499009564cc997bf9c925db72ed680ae4ca9628d,24206,32121,692669,346334,0.019037,29676.40,29159.78,
412,2,0xf17f52151EbEF6C7334FAD080c5704D77216b732,0x5ccf20cdf269df0b0fa406e9a0038d1f9bfe9b596e0a747ad6c33fc14e073b24,24206,32121,692669,346334,0.019037,29652.40,29161.25,
413,2,0xf17f52151EbEF6C7334FAD080c5704D77216b732,0x82ce439c0c0d23844b03ffe72b239428268b1082bebdbe048b298784a7bd7010,24207,32121,693247,346623,0.019053,29657.66,29160.39,
413,1,0x627306090abaB3A6e1400e9345bC60c78a8BEf57,0xcda472ba1ca34f73e3ef39172d4b03b4f562a2a4cbe21b461d00a2b7d6f86412,24207,32121,693247,346623,0.019053,30665.08,30154.62,
414,1,0x627306090abaB3A6e1400e9345bC60c78a8BEf57,0x1a5e1c412b02600dc9f6fe83e30ebbd5f0fd8ff0f7b13349115d38c2df15d611,24208,32121,693247,346623,0.019053,29626.75,29156.53,
414,2,0xf17f52151EbEF6C7334FAD080c5704D77216b732,0xd7e50ba3a1e9f8c91f47f4c975466b4b83366dc7c8272f60ac1e789a59b909bc,24208,32121,693247,346623,0.019053,30641.02,30159.79,
415,1,0x627306090abaB3A6e1400e9345bC60c78a8BEf57,0x4c308f842670e0fe1c23380ca3b7d7c88d7a7719ac3546cd364fefd384dc9b8f,24209,32121,693247,346623,0.019053,29630.68,29157.17,
415,2,0xf17f52151EbEF6C7334FAD080c5704D77216b732,0x82e43796404850376ba547ed51d6527b203f10d42c3c7ec7b6729999c6b46ac2,24209,32121,693247,346623,0.019053,29648.18,29160.84,
416,1,0x627306090abaB3A6e1400e9345bC60c78a8BEf57,0xe91b3519298af36086605a12b4cb05beb4384ee974817bc5817ada24cda2127b,24210,32121,693247,346623,0.019053,30638.19,30157.77,
416,2,0xf17f52151EbEF6C7334FAD080c5704D77216b732,0x284036c9a5d66c47ad16602a0cfb809c137cca8ea5e30d17b77e6d515d843965,24210,32121,693247,346623,0.019053,30645.09,30161.14,
417,1,0x627306090abaB3A6e1400e9345bC60c78a8BEf57,0xfba32109ed6f47b6caba37193869945d4d04e194d0a16cb9f09f5b27d2f69a63,24211,32121,696807,348403,0.019151,29627.41,29155.91,
417,2,0xf17f52151EbEF6C7334FAD080c5704D77216b732,0x9723577a41b4207e18d09f9d4ddf154db2bd917ab53b9e972a00aa62091a3c56,24211,32121,696807,348403,0.019151,29642.15,29161.09,
418,1,0x627306090abaB3A6e1400e9345bC60c78a8BEf57,0x2a571380487a3a4bc42682904504ba945ac296a4c2c3c1a7dbb932c5a5184eaa,24212,32121,696807,348403,0.019151,29628.72,29157.19,
418,2,0xf17f52151EbEF6C7334FAD080c5704D77216b732,0xd84aad1dadc890e42fe39186526698dffd6d8612ae138b0336424da857e87481,24212,32121,696807,348403,0.019151,29637.69,29159.36,
419,1,0x627306090abaB3A6e1400e9345bC60c78a8BEf57,0x6542c439cf4cc1032f1743761c1d48490f8d45548127a7e487f028011637294c,24213,32121,705662,352831,0.019394,30623.60,30155.46,
419,2,0xf17f52151EbEF6C7334FAD080c5704D77216b732,0x690b2428fb47d5d74bce34f086377092d66a0b6ace512b2aee993d19f2838db8,24213,32121,705662,352831,0.019394,30639.86,30161.09,
420,1,0x627306090abaB3A6e1400e9345bC60c78a8BEf57,0xbb7a3db63ecd9ae348674dcdfc0bb9b45691841fb0ccc4fddd0b3c32d5fe0667,24214,32121,705662,352831,0.019394,29628.42,29157.52,
420,2,0xf17f52151EbEF6C7334FAD080c5704D77216b732,0xa48a23d3740bbbd0827b080592727ca50e8065f08614013704206d0a4d707ebe,24214,32121,705662,352831,0.019394,29637.40,29159.93,
421,1,0x627306090abaB3A6e1400e9345bC60c78a8BEf57,0x3a6576e2d005bfee2db65598b426d4b53ed4e88f0e51418edf96784abf5f7078,24215,32121,705662,352831,0.019394,29665.87,29197.16,
421,2,0xf17f52151EbEF6C7334FAD080c5704D77216b732,0x6f9131ba6fc2c923e6af183777d439268679719329793f6d33416ff52705677b,24215,32121,705662,352831,0.019394,29666.38,29187.57,
422,1,0x627306090abaB3A6e1400e9345bC60c78a8BEf57,0x40be02b545d6b0ec2331771311143527df923047f1bb6966b877eea5bc424f2d,24216,32121,705662,352831,0.019394,30708.73,30158.16,
422,2,0xf17f52151EbEF6C7334FAD080c5704D77216b732,0x051ffb8cf1c49ccd97cbb1ebcea5bd9951a68ce90cea17b3c9ca30d54c00c952,24216,32121,705662,352831,0.019394,30708.48,30159.78,
423,1,0x627306090abaB3A6e1400e9345bC60c78a8BEf57,0xaeabdcb5503679a179a0915874ffedc5ed953c1af82b16325de9dcdd20973285,24217,32121,705662,352831,0.019394,29624.21,29155.29,
423,2,0xf17f52151EbEF6C7334FAD080c5704D77216b732,0x34cd2abfd95dc4ead8abd91fa201ba2e595872525e75a261ea8c042b60f52f99,24217,32121,705662,352831,0.019394,29638.22,29157.69,
424,1,0x627306090abaB3A6e1400e9345bC60c78a8BEf57,0x3a212520afe87254874c49de4c0a5aed02853e37a2130887c1e71d367ea406b4,24218,32121,722503,361251,0.019857,29662.49,29189.33,
424,2,0xf17f52151EbEF6C7334FAD080c5704D77216b732,0xf06a9359fbb1371ae422334c9b87158d94a724b4acc4e7789a59398029f4ea76,24218,32121,722503,361251,0.019857,29646.74,29164.74,
425,1,0x627306090abaB3A6e1400e9345bC60c78a8BEf57,0x161416bbfb55a22b258ca1fba69e9dc283879e5593f62e98fe9a73f60329f52d,24219,32121,722503,361251,0.019857,30660.23,30157.60,
425,2,0xf17f52151EbEF6C7334FAD080c5704D77216b732,0xa74ea1df54fcca12612b0cdeb64d2b35e5d217ebd7ca0f7ea114c357c30dd977,24219,32121,722503,361251,0.019857,30664.74,30162.81,
426,1,0x627306090abaB3A6e1400e9345bC60c78a8BEf57,0x7a2551ec2702b1e264de23364f84d05058856767af56f947904b7a0b8bab2f56,24220,32121,722503,361251,0.019857,29652.12,29162.29,
426,2,0xf17f52151EbEF6C7334FAD080c5704D77216b732,0xb2d4afae14ae45a63ad94ce89f6f725c1806d89938c728b655ca39f1d039fbe3,24220,32121,722503,361251,0.019857,29693.19,29184.17,
427,1,0x627306090abaB3A6e1400e9345bC60c78a8BEf57,0x0f31bec5402974a047c7609b8dfb0513eb9b50605db9cdafefe15dec2b82f3cb,24221,32121,722503,361251,0.019857,29660.32,29176.82,
427,2,0xf17f52151EbEF6C7334FAD080c5704D77216b732,0x965a95b4bbcc68e943ebbaa13cee45f0c621fcd6c274d70ece475f1f58178bb5,24221,32121,722503,361251,0.019857,29648.77,29161.56,
428,1,0x627306090abaB3A6e1400e9345bC60c78a8BEf57,0x75e6e7fe5b3cd3921c4c27450b8588cb58281f88e2f43aa39f9ca7741b7067c4,24222,32121,722503,361251,0.019857,30637.31,30160.64,
428,2,0xf17f52151EbEF6C7334FAD080c5704D77216b732,0x7d8bf11f360f8e2b30ec95fb7414ca51da3d14241165e1a93143958d192ec864,24222,32121,722503,361251,0.019857,30647.76,30161.45,
429,1,0x627306090abaB3A6e1400e9345bC60c78a8BEf57,0x0639edf7b4e2706cfa1289fd47ed82ad692a91c2fe918c8470425341981ecd10,24223,32121,722503,361251,0.019857,29638.24,29161.84,
429,2,0xf17f52151EbEF6C7334FAD080c5704D77216b732,0x040fdf714ad89eb1e71b41d5855136931b9d842f13e3866ba632bac570b6c4db,24223,32121,722503,361251,0.019857,29644.66,29162.03,
430,2,0xf17f52151EbEF6C7334FAD080c5704D77216b732,0x01bf9b4731c72a4b449dda15172bb97d9bc8ae03cc90700bf52dc5e1660b2e10,24224,32121,722503,361251,0.019857,29693.95,29164.88,
430,1,0x627306090abaB3A6e1400e9345bC60c78a8BEf57,0xe244a596e8f60dfe4c6dd0455377c1064e352e3c3cbdcc443df97ad0a6b7532c,24224,32121,722503,361251,0.019857,30683.72,30158.63,
431,1,0x627306090abaB3A6e1400e9345bC60c78a8BEf57,0xeafbece5976f7832358652090386ddc796ba4b4b6d8176e1db79fbabff209ad2,24225,32121,722503,361251,0.019857,29661.43,29160.61,
431,2,0xf17f52151EbEF6C7334FAD080c5704D77216b732,0x16e92f7c751435dda4b9832cf099b6401a6f0fc2618b76c75ee3b1352b6de5b5,24225,32121,722503,361251,0.019857,30666.39,30161.94,
432,1,0x627306090abaB3A6e1400e9345bC60c78a8BEf57,0xc108df15032ee54d8de826dbd5afe9249d4d52cf727c7a2da024c21aa69e9279,24226,32121,722792,361396,0.019865,29661.69,29162.40,
432,2,0xf17f52151EbEF6C7334FAD080c5704D77216b732,0x837add38fb5e74aa9672d4c8d97f11353968ffc7711d7f78cd9b91be0a4abb8d,24226,32121,722792,361396,0.019865,29676.13,29181.45,
433,2,0xf17f52151EbEF6C7334FAD080c5704D77216b732,0xfeeeca9b03a839b1b25a48a23fde25005c43447829649f24faebf3e62e67f877,24227,32121,722792,361396,0.019865,29643.88,29160.31,
433,1,0x627306090abaB3A6e1400e9345bC60c78a8BEf57,0xf7becf3ac306dd1d439e2ccd328067f4d8833e9c358eb17215315f369c900c2f,24227,32121,722792,361396,0.019865,30648.43,30159.20,
434,1,0x627306090abaB3A6e1400e9345bC60c78a8BEf57,0x5de0ae4d762d93641448805536d6e76d1ed6b36772259975e14c75b7c15e4c95,24228,32121,740502,370251,0.020352,29652.76,29159.67,
434,2,0xf17f52151EbEF6C7334FAD080c5704D77216b732,0x28bad1873d5b06c0d93fd3e82d52996ef18391204969582f0667f020e80f06ef,24228,32121,740502,370251,0.020352,30650.20,30167.12,
435,1,0x627306090abaB3A6e1400e9345bC60c78a8BEf57,0xa58eb70ab963c9b9c49a9ae931d72771bf6a441b30050f9b42f67ad45a360e48,24229,32121,740502,370251,0.020352,29726.69,29156.78,
435,2,0xf17f52151EbEF6C7334FAD080c5704D77216b732,0x89f0665a81e777358d3dd2d161f2964a3407aca46c97ecd7f6b77d88aa40da56,24229,32121,740502,370251,0.020352,29721.60,29160.75,
436,2,0xf17f52151EbEF6C7334FAD080c5704D77216b732,0x4769b890646b19ec84b428fb5578b58c21c814ea7841e0091add526c9a2105dd,24230,32121,740502,370251,0.020352,29639.51,29160.58,
436,1,0x627306090abaB3A6e1400e9345bC60c78a8BEf57,0x9695343773496c118a6c92e6ec73634bfe140a59ad4989b9a7983f1de3578e9c,24230,32121,740502,370251,0.020352,30636.28,30162.74,
437,1,0x627306090abaB3A6e1400e9345bC60c78a8BEf57,0x18892b6dc6d5c8f2a08c8f5cb5a9a4cf34c62116db3644f71fada9cc3c69aef5,24231,32121,740502,370251,0.020352,29643.26,29158.81,
437,2,0xf17f52151EbEF6C7334FAD080c5704D77216b732,0x024113de6c10d2cdfab481865673c2c28d3a6b929cbfdb198488e7f033e3057f,24231,32121,740502,370251,0.020352,30644.65,30161.26,
438,1,0x627306090abaB3A6e1400e9345bC60c78a8BEf57,0x1f50078ece19901ba60ec3012f7f9c441006e663ef55b082322e3da3d84f2c6c,24232,32121,740502,370251,0.020352,29634.97,29158.15,
438,2,0xf17f52151EbEF6C7334FAD080c5704D77216b732,0x7b7f1d4933262a71b8bef64506c93d69a96da2d7bc27b327e660e5f4a864ee82,24232,32121,740502,370251,0.020352,29641.98,29161.54,
439,2,0xf17f52151EbEF6C7334FAD080c5704D77216b732,0xbdebc5dce2093522217805db8b6267d69b25c88d7c6ed71248bb6768cc30a343,24233,32121,740502,370251,0.020352,29639.11,29160.05,
439,1,0x627306090abaB3A6e1400e9345bC60c78a8BEf57,0x474b325cfbb8c9470a55df85b0633292403c36f2b5384505dc613ccac103fc53,24233,32121,740502,370251,0.020352,30636.97,30158.19,
440,1,0x627306090abaB3A6e1400e9345bC60c78a8BEf57,0xa8a32322949ec8137282b366bb64d4619f073bd26cd8323beeb68b41de801b9b,24234,32121,740502,370251,0.020352,29637.69,29158.34,
440,2,0xf17f52151EbEF6C7334FAD080c5704D77216b732,0xd43c2df63340566b6ca8a720fa870da92c1607afe7e0fa9c22e61ff2aed6ed9d,24234,32121,740502,370251,0.020352,30639.98,30159.75,
441,1,0x627306090abaB3A6e1400e9345bC60c78a8BEf57,0x37c33e9ebd82f938cd022189160dd7c4729e3b90c568ab64b68d81bf0e5a42a3,24235,32121,740502,370251,0.020352,29640.78,29158.57,
441,2,0xf17f52151EbEF6C7334FAD080c5704D77216b732,0x65575930f546447812c464c80801e6a6f57c31e46cce963ad7440039d292ac44,24235,32121,740502,370251,0.020352,29644.05,29161.52,
442,2,0xf17f52151EbEF6C7334FAD080c5704D77216b732,0x463808df07ba216c0c3cffe18a41298af92298be37bc96d4ffdb3d4014dfa3d2,24236,32121,740502,370251,0.020352,29646.62,29163.34,
442,1,0x627306090abaB3A6e1400e9345bC60c78a8BEf57,0x38e7b9897190cfe27b04755f4562517c40a2990e63fa2ea054ebeee3787ff715,24236,32121,740502,370251,0.020352,30631.96,30158.82,
443,1,0x627306090abaB3A6e1400e9345bC60c78a8BEf57,0x5f5d433d62758c7bea689795a53cfd9df89600bd3c60412eeff5d471789a76e2,24237,32121,740502,370251,0.020352,29640.73,29157.83,
443,2,0xf17f52151EbEF6C7334FAD080c5704D77216b732,0x0d8b6a989c2c5b40178c83726fb873bc74452e5d14c3e0958bc27ebda67b3352,24237,32121,740502,370251,0.020352,30649.92,30162.06,
444,1,0x627306090abaB3A6e1400e9345bC60c78a8BEf57,0xe5d34b75e7b384422d7cbeec152de3897da71986ddb4648265efa54ade04406f,24238,32121,740502,370251,0.020352,29636.95,29160.28,
444,2,0xf17f52151EbEF6C7334FAD080c5704D77216b732,0x195d7b8a3f8dcc2d302639935daab71563b71a53e98772ce1d8691c33bc1da08,24238,32121,740502,370251,0.020352,29667.23,29161.53,
445,1,0x627306090abaB3A6e1400e9345bC60c78a8BEf57,0x0a66b3640216ae6fd96f4aa3c93e4f5d7841fce394e574732f86614bbe315087,24239,32121,745757,372878,0.020496,30636.41,30158.95,
445,2,0xf17f52151EbEF6C7334FAD080c5704D77216b732,0x10b203346907f821a0344f15ca6db82d7f07c28cf119cef3083f5657882d3d67,24239,32121,745757,372878,0.020496,30649.82,30164.47,
446,1,0x627306090abaB3A6e1400e9345bC60c78a8BEf57,0x74ff7461c7e25de9934a6ee25a9881f9e6b1a25471e256bb7a7fabe81d211bc2,24240,32121,745757,372878,0.020496,29640.04,29160.54,
446,2,0xf17f52151EbEF6C7334FAD080c5704D77216b732,0x9b98d7b9e00cc9f4379002178e917efc5237dd15f9a075e8bb3fc89eb9e7af50,24240,32121,745757,372878,0.020496,29647.91,29161.79,
447,2,0xf17f52151EbEF6C7334FAD080c5704D77216b732,0x3c9fd4cf72742c6e5bd9178bec675119565d2b7d0a3863f160f3e49bf5cf3442,24241,32121,745757,372878,0.020496,29648.35,29161.44,
447,1,0x627306090abaB3A6e1400e9345bC60c78a8BEf57,0xa7bec137dd95a2c81fe69b828a88ef60061b8cc6dbbc0ccd6cabc07c9c82611d,24241,32121,745757,372878,0.020496,30640.54,30158.23,
448,1,0x627306090abaB3A6e1400e9345bC60c78a8BEf57,0x8e1567944c8ab6a19b785d32ebe1c3ebc578afa7c08ce51a4a35bf66273fae48,24242,32121,746337,373168,0.020512,29642.05,29160.56,
448,2,0xf17f52151EbEF6C7334FAD080c5704D77216b732,0x3208418eabbc0d7de8bfb68f7faa718d461c35fc5ff6d243815cd9bab84c9326,24242,32121,746337,373168,0.020512,30651.42,30163.36,
449,1,0x627306090abaB3A6e1400e9345bC60c78a8BEf57,0x6755de608640918f88e5c667d83581cc6e7a7b566202bca5c9b593d08e00f602,24243,32121,748736,374368,0.020578,29638.89,29159.91,
449,2,0xf17f52151EbEF6C7334FAD080c5704D77216b732,0x89486e246e6c20cce5d97ce17bfdb73775da3418c95f4067b0d4e6d51b4107c0,24243,32121,748736,374368,0.020578,29654.18,29163.09,
450,2,0xf17f52151EbEF6C7334FAD080c5704D77216b732,0xce9810b1304b336a9a1ad5d9572d67f548c0016487a9c196530d71a05976f9ec,24244,32121,751757,375878,0.020661,29644.02,29161.98,
450,1,0x627306090abaB3A6e1400e9345bC60c78a8BEf57,0x9e856151aab5ea9542d3ff6403831b391c630f9563e69f178cfcff69d5e65f14,24244,32121,751757,375878,0.020661,30639.24,30161.08,
451,1,0x627306090abaB3A6e1400e9345bC60c78a8BEf57,0xb3b23f04c3e46691d666ad7433404df968471eed528e30c58571a5c3c732124e,24245,32121,751757,375878,0.020661,29634.97,29157.63,
451,2,0xf17f52151EbEF6C7334FAD080c5704D77216b732,0xe1a9bc254641fb2cbb81ac5fce7e7f810b89610fe4427de7dfb19e8894d2e36c,24245,32121,751757,375878,0.020661,30646.36,30161.73,
452,1,0x627306090abaB3A6e1400e9345bC60c78a8BEf57,0xb34523093c719e95eaae60d6602cb4744530d8f2c3cb3a311a90d2343d49bd3f,24246,32121,754033,377016,0.020724,29656.04,29172.11,
452,2,0xf17f52151EbEF6C7334FAD080c5704D77216b732,0xf2a96090e76184ab9c79d06bea79bb25d42b341042a13aad82b9fb5f19364770,24246,32121,754033,377016,0.020724,29641.63,29162.37,
453,2,0xf17f52151EbEF6C7334FAD080c5704D77216b732,0x22ddd5bb35ab1c572eba145474b7e70038a78523b419acdb28ecd4c72f22a1c1,24247,32121,755400,377700,0.020761,29656.35,29160.05,
453,1,0x627306090abaB3A6e1400e9345bC60c78a8BEf57,0xac596d31f089222268ee176a942af4659095986ca4eda211479160edac633b03,24247,32121,755400,377700,0.020761,30635.35,30157.87,
454,1,0x627306090abaB3A6e1400e9345bC60c78a8BEf57,0xc05654372f008b6420e5667eaa5fd1cfa87ef5917472b43e35b15d4deb98a63a,24248,32121,755400,377700,0.020761,29636.62,29158.80,
454,2,0xf17f52151EbEF6C7334FAD080c5704D77216b732,0x1bae285cc5f5e9c7a5c44221158ca0ffd7a9f4bce507496757bfa5fe42971f01,24248,32121,755400,377700,0.020761,30640.22,30160.44,
455,1,0x627306090abaB3A6e1400e9345bC60c78a8BEf57,0xa0fdc28f2ac5b32b9ad45bda2b64dc4387727ced66e3c6448821576aa06e9747,24249,32121,758462,379231,0.020846,29742.19,29265.88,
455,2,0xf17f52151EbEF6C7334FAD080c5704D77216b732,0xc0e2f49245fe4662640e89bbae1d8889b1fe3b6da7a6e79c60a8c88c4192a4cc,24249,32121,758462,379231,0.020846,29692.37,29211.55,
456,2,0xf17f52151EbEF6C7334FAD080c5704D77216b732,0xb1e9669a3d34303e71b631ce95a17cdc99853c688d5a3fa015bc0cc9d6d33ae3,24250,32121,760903,380451,0.020913,29690.04,29161.39,
456,1,0x627306090abaB3A6e1400e9345bC60c78a8BEf57,0x2fe2e004058f8b86c25b8a33c3cef4fc0e3fd2f412a73a4775909445b800af9e,24250,32121,760903,380451,0.020913,30761.95,30159.47,
457,1,0x627306090abaB3A6e1400e9345bC60c78a8BEf57,0x82a1ade29995c94d4e5f1b4cec4ba4f14f82cb22814b582ac04451603b3ab5eb,24251,32121,760903,380451,0.020913,29637.33,29160.07,
457,2,0xf17f52151EbEF6C7334FAD080c5704D77216b732,0xb1acc295c5e384e38a6092e3ae9b8747ac69db83c492adb6d35b481d08153fca,24251,32121,760903,380451,0.020913,30650.55,30161.45,
458,1,0x627306090abaB3A6e1400e9345bC60c78a8BEf57,0x374e1e77d25121450fb56856f60fd81edc78ec8d03105fd65aa3e552956d61bb,24252,32121,771413,385706,0.021202,29635.40,29160.88,
458,2,0xf17f52151EbEF6C7334FAD080c5704D77216b732,0xed3c58b1605d29832e119bc28f1769ee1643b66c3a98bc6667460184175e9317,24252,32121,771413,385706,0.021202,29643.21,29160.75,
459,2,0xf17f52151EbEF6C7334FAD080c5704D77216b732,0xb2843078df0ce6e5e944b8f79c31d46d0eeecee3c9311916b204989b8c3c9ff8,24253,32121,771413,385706,0.021202,29639.74,29159.21,
459,1,0x627306090abaB3A6e1400e9345bC60c78a8BEf57,0xc16cb23ded239a56578587e65b951c34ae8f5e344f245c4f451af38f9bd92097,24253,32121,771413,385706,0.021202,30635.25,30158.63,
460,1,0x627306090abaB3A6e1400e9345bC60c78a8BEf57,0xd3c27f9d1462913f1aa3a5e502cafa74c710e14b7891fbf17b12be097555f6e4,24254,32121,771413,385706,0.021202,29635.87,29158.88,
460,2,0xf17f52151EbEF6C7334FAD080c5704D77216b732,0x954539b77654d96def0a345a94bff2548ca5e066c5afd3d5462823f7c7a5f9bd,24254,32121,771413,385706,0.021202,30643.54,30162.65,
461,1,0x627306090abaB3A6e1400e9345bC60c78a8BEf57,0xcc3467f31943c11f8dcdd929f58f3bf5fbacb82706fc02d3e98cd7e551461933,24255,32121,771413,385706,0.021202,29635.85,29158.85,
461,2,0xf17f52151EbEF6C7334FAD080c5704D77216b732,0xe62e6fd308424bf6fdc6fcea3735c641ecfe620ed968d463fd8f9f9d4feabe32,24255,32121,771413,385706,0.021202,29643.43,29160.99,
462,2,0xf17f52151EbEF6C7334FAD080c5704D77216b732,0xdce94afacb406b7ff78234ccd4b85ccdf643d5d245c7cf61bf1870cad0989c93,24256,32121,771413,385706,0.021202,29645.77,29162.15,
462,1,0x627306090abaB3A6e1400e9345bC60c78a8BEf57,0x2ab0697dc4fa6c705dd7b930b857943c2b854e41310bf4dbb18d4def7670c37b,24256,32121,771413,385706,0.021202,30638.08,30161.24,
463,1,0x627306090abaB3A6e1400e9345bC60c78a8BEf57,0x83cb051061e5c3c17228580a8a14f206a61f36e441ea2d022afb50b268f2ebfa,24257,32121,789826,394913,0.021708,29634.59,29160.29,
463,2,0xf17f52151EbEF6C7334FAD080c5704D77216b732,0x349d70e365b0388b3b2ce118bb793d8a72a1a32f2f701f89ef502b55cb824e24,24257,32121,789826,394913,0.021708,30645.56,30161.22,
464,1,0x627306090abaB3A6e1400e9345bC60c78a8BEf57,0x7abbb86922c53a659ec68525f835ff7de627801f2557bb433eba5d62185749a8,24258,32121,789826,394913,0.021708,29645.54,29162.16,
464,2,0xf17f52151EbEF6C7334FAD080c5704D77216b732,0xbdab5a3a8625d9dd83650c0cc340b0572cf479036777e6063d6380033658c645,24258,32121,789826,394913,0.021708,29637.96,29157.76,
465,1,0x627306090abaB3A6e1400e9345bC60c78a8BEf57,0x09c072e1635425ba94f661db7b84dd0cd46422ff42875e3f83b8ca8bf3f89444,24259,32121,789826,394913,0.021708,30642.98,30160.48,
465,2,0xf17f52151EbEF6C7334FAD080c5704D77216b732,0x56c23e0656426f7b170ef9e263b1485dd46a432e2d9c06ceaa47a1b9874947b1,24259,32121,789826,394913,0.021708,30633.65,30158.27,
466,1,0x627306090abaB3A6e1400e9345bC60c78a8BEf57,0x3fec44f24704588ddf221c51acec55b6cb003758f81a12a8dacaf8e6958bfb16,24260,32121,789826,394913,0.021708,29645.74,29159.81,
466,2,0xf17f52151EbEF6C7334FAD080c5704D77216b732,0x0df19db5d413b4dc9f2c01400774cdfa72310676ab5505edfa8371f14b4ecfa6,24260,32121,789826,394913,0.021708,29633.89,29157.65,
467,1,0x627306090abaB3A6e1400e9345bC60c78a8BEf57,0x9b237ffa4aeea2e998233af796405aab6bc46218fb58d60807216cfd1a82dd99,24261,32121,789826,394913,0.021708,29652.82,29170.63,
467,2,0xf17f52151EbEF6C7334FAD080c5704D77216b732,0x37b906c4e77cbae7ebe8f30335b88bd129b237380cc2cdd30446a8457e0fe5cf,24261,32121,789826,394913,0.021708,29629.36,29157.25,
468,1,0x627306090abaB3A6e1400e9345bC60c78a8BEf57,0x291495818b9f50276f8cd2304bf17261c1a9db1a9f18aa3846791a146d2993de,24262,32121,789826,394913,0.021708,30642.34,30162.23,
468,2,0xf17f52151EbEF6C7334FAD080c5704D77216b732,0x106b1346026ee054240a0eca4a2557858cf3aa93e4d677a02874b8c3ef634f93,24262,32121,789826,394913,0.021708,30626.01,30157.76,
469,1,0x627306090abaB3A6e1400e9345bC60c78a8BEf57,0xc4bd72155d64e4fb60dc4b2b4edeaef5e8762f7528354f781e2dc3cf1448416a,24263,32121,789826,394913,0.021708,29647.90,29165.54,
469,2,0xf17f52151EbEF6C7334FAD080c5704D77216b732,0x76b710276d46b122159c019d06914c607610e516c886f54fee14d2077511b7ef,24263,32121,789826,394913,0.021708,29633.75,29155.58,
470,2,0xf17f52151EbEF6C7334FAD080c5704D77216b732,0xaf6535047d6c74119c4192c7c2fc30d8b157fda375afcc342127888faef51cc8,24264,32121,789826,394913,0.021708,29627.85,29156.22,
470,1,0x627306090abaB3A6e1400e9345bC60c78a8BEf57,0x0d075b671647607735f1601c76c46964b40a94c8ebbeb311e03531cb35f284a5,24264,32121,789826,394913,0.021708,30647.79,30160.86,
471,1,0x627306090abaB3A6e1400e9345bC60c78a8BEf57,0xd238dbf2d20717a14d5616ec9887ea37c6a1f13bc96c13fc76994612de14ad43,24265,32121,790654,395327,0.021730,29647.80,29161.26,
471,2,0xf17f52151EbEF6C7334FAD080c5704D77216b732,0xf93d9165ee122f8b187ee8db1149b2ea068606f781e942c70a3389e43cdc0068,24265,32121,790654,395327,0.021730,30626.77,30156.04,
472,1,0x627306090abaB3A6e1400e9345bC60c78a8BEf57,0x33240ce92c4d289d6366ded091f3db5fc540b9092205488f379a3de265eafe9c,24266,32121,790654,395327,0.021730,29644.64,29161.74,
472,2,0xf17f52151EbEF6C7334FAD080c5704D77216b732,0xe1dd1fd4ccf7b1c20f71695942d34d030fadb7691045c05dc1f9a65df410d748,24266,32121,790654,395327,0.021730,29629.13,29157.48,
473,2,0xf17f52151EbEF6C7334FAD080c5704D77216b732,0x17f0b698562b2f6f29d7fa841b3d3e1115c88d92ac2854c77e9eed865cf76812,24267,32121,790654,395327,0.021730,29631.29,29159.53,
473,1,0x627306090abaB3A6e1400e9345bC60c78a8BEf57,0xb6691c273c5cee825ce9a2102123075a8e7601afc7944d57b212f371a68e351e,24267,32121,790654,395327,0.021730,30671.24,30164.17,
474,1,0x627306090abaB3A6e1400e9345bC60c78a8BEf57,0xece8292a07f7d651681ead420cf1169926b6a1735f1f198fdf22611ae1e83e7d,24268,32121,792267,396133,0.021775,29646.18,29160.54,
474,2,0xf17f52151EbEF6C7334FAD080c5704D77216b732,0xf24b57faa179ff9dea35e4e6c45f832c8bb6b1bc7133e0a5c295a97688d351f7,24268,32121,792267,396133,0.021775,30634.41,30158.90,
475,1,0x627306090abaB3A6e1400e9345bC60c78a8BEf57,0xe11e54ee9a5fadba97757742a80d702f6582a0c2c30134a4ddb61de259ac5717,24269,32121,801166,400583,0.022019,29641.58,29160.01,
475,2,0xf17f52151EbEF6C7334FAD080c5704D77216b732,0x94a3018353958d68f59833dc8a17c15c2de23e6b2be64b602eb89dddd5eb5961,24269,32121,801166,400583,0.022019,29630.63,29158.91,
476,1,0x627306090abaB3A6e1400e9345bC60c78a8BEf57,0xd7e80ea512cc87e13c2c54121be37e75df2d97a895698603e305a63aa8f47264,24270,32121,801166,400583,0.022019,30641.08,30162.76,
476,2,0xf17f52151EbEF6C7334FAD080c5704D77216b732,0x63237d13f59bf7b42034b495d4be982acba9be7a25f76cf46137d7eeee8a83b0,24270,32121,801166,400583,0.022019,30626.38,30157.58,
477,1,0x627306090abaB3A6e1400e9345bC60c78a8BEf57,0x3999ecebacd1ed2ce0156fbaf41c116fab78a48e3ead12dc3919b4b612504043,24271,32121,801166,400583,0.022019,29676.05,29160.95,
477,2,0xf17f52151EbEF6C7334FAD080c5704D77216b732,0xaa6b09f6b161ea1e7df6c009163ccb958bfe248b15bbb055eefc7d5cac9d10eb,24271,32121,801166,400583,0.022019,29640.53,29157.95,
478,2,0xf17f52151EbEF6C7334FAD080c5704D77216b732,0xa356aaa489fd7ff81fefbe27aa769ea474893c280479b8f3735dc6507662b3dc,24272,32121,801166,400583,0.022019,29635.20,29156.65,
478,1,0x627306090abaB3A6e1400e9345bC60c78a8BEf57,0x576017bff9909b1890c52d912f4a521b90fd5bb073d44cb8c1fc7f6ddb1e3d63,24272,32121,801166,400583,0.022019,29664.68,29160.56,
479,2,0xf17f52151EbEF6C7334FAD080c5704D77216b732,0x5b8e1298644c4add4055996d4b5539c2d7876080ca9f447d14d93992a59e759f,24273,32121,801166,400583,0.022019,30643.13,30160.55,
479,1,0x627306090abaB3A6e1400e9345bC60c78a8BEf57,0x11189911ec4c1e270bd6a45506cc401abdecc5b641b24c9cda6ea8384dac8e90,24273,32121,801166,400583,0.022019,30679.08,30180.22,
480,2,0xf17f52151EbEF6C7334FAD080c5704D77216b732,0x1234a1298f150673f747ed743433c31eea5f9397fa3eab5534d34dc1595f4c9c,24274,32121,801166,400583,0.022019,29659.81,29156.36,
480,1,0x627306090abaB3A6e1400e9345bC60c78a8BEf57,0xad9444ff70056487d1d4294a672ae51452fd7b815e0ad7f69aa4f309f822509c,24274,32121,801166,400583,0.022019,29672.06,29161.88,
481,2,0xf17f52151EbEF6C7334FAD080c5704D77216b732,0x2c45054287a5f1a5f2bd2dea75057770186ebf1d292ec8e3a2e1420b99645cd9,24275,32121,804392,402196,0.022108,29629.19,29158.41,
481,1,0x627306090abaB3A6e1400e9345bC60c78a8BEf57,0x2ffc678ed1206a91b6a495f5c8d44964beb56a80cd4945b87ff0666c7832019a,24275,32121,804392,402196,0.022108,29659.12,29165.74,
482,2,0xf17f52151EbEF6C7334FAD080c5704D77216b732,0x7e7287d6f62ef4c3c717d41c5f5b8f62967f3ada926f24a389e3c0643197dd63,24276,32121,804392,402196,0.022108,30684.27,30159.07,
482,1,0x627306090abaB3A6e1400e9345bC60c78a8BEf57,0xcd776700f11f3223ff8dc6112b83bcd9d2b91e13a91fbdb752b92825e39cd5f4,24276,32121,804392,402196,0.022108,30660.57,30160.29,
483,2,0xf17f52151EbEF6C7334FAD080c5704D77216b732,0x03e07e537a943110c7f970518616e0ce5157b9592d825692ee558bdbebbbf847,24277,32121,806254,403127,0.022159,29650.52,29160.71,
483,1,0x627306090abaB3A6e1400e9345bC60c78a8BEf57,0x147ddb6783f354cbcf8e1547fcf19bf7649969228ff707d798e3e63adaa7dd29,24277,32121,806254,403127,0.022159,29677.10,29169.97,
484,2,0xf17f52151EbEF6C7334FAD080c5704D77216b732,0x53b51b493919d772b436b792688822680af8c6f89bbd86d5301ebb8dbb8f6c97,24278,32121,810766,405383,0.022283,29650.65,29156.78,
484,1,0x627306090abaB3A6e1400e9345bC60c78a8BEf57,0x1f0df7b95e17bd88211ea741e5b0c368b7f2cf75cc47301902dea7264f334d26,24278,32121,810766,405383,0.022283,29650.66,29160.73,
485,2,0xf17f52151EbEF6C7334FAD080c5704D77216b732,0xeeb7889a208671872443695ac73daaed414921f9b646888c4b41a704f192e6ae,24279,32121,810766,405383,0.022283,30656.03,30177.89,
485,1,0x627306090abaB3A6e1400e9345bC60c78a8BEf57,0xe7f5983027dec21a905017b449138f924427d8018eff8f2a856d10694259d1b9,24279,32121,810766,405383,0.022283,30656.43,30170.84,
486,2,0xf17f52151EbEF6C7334FAD080c5704D77216b732,0x4c207e1b4125b9e1426b7b14670d0716c78807b824024808be2b572c54bb9ad8,24280,32121,821814,410907,0.022587,29659.10,29163.46,
486,1,0x627306090abaB3A6e1400e9345bC60c78a8BEf57,0x8c85d8d08eee6ea4649ca032de038a19d2892e479d8b3b08c8266248835a3746,24280,32121,821814,410907,0.022587,29670.59,29162.70,
487,2,0xf17f52151EbEF6C7334FAD080c5704D77216b732,0xfdf04e26da03243907bf2f84dbf2978ccff16e149cf13554bee3310333f71c40,24281,32121,821814,410907,0.022587,29711.28,29178.20,
487,1,0x627306090abaB3A6e1400e9345bC60c78a8BEf57,0x72b02e644dac28696f139b18f37bed44621ca478865465bb02543b0a523f285c,24281,32121,821814,410907,0.022587,29669.63,29164.93,
488,2,0xf17f52151EbEF6C7334FAD080c5704D77216b732,0x5c960c31dc19b02d2c2eb3dad23e1b7151ea44697f8cfab82bdd42ce3d6c55cb,24282,32121,821814,410907,0.022587,30638.99,30157.74,
488,1,0x627306090abaB3A6e1400e9345bC60c78a8BEf57,0x1cca7bb4ad3e5383ec2f9f326813d7880c0743bb409dca637f344b0db7004b58,24282,32121,821814,410907,0.022587,30661.13,30161.70,
489,2,0xf17f52151EbEF6C7334FAD080c5704D77216b732,0x44b7eb65f674e3785c1eb4c2943c2581ca013727c82446812ee37f8b06e5e9d9,24283,32121,821814,410907,0.022587,29643.40,29157.10,
489,1,0x627306090abaB3A6e1400e9345bC60c78a8BEf57,0x78281f63b1e645db34ab03f11c419830fb17360f0533724996f7a41ce8a0354d,24283,32121,821814,410907,0.022587,29706.48,29164.21,
490,2,0xf17f52151EbEF6C7334FAD080c5704D77216b732,0xab999702a7b26801c44711dde51f7a11fe9dd4c6c702961be4b85137509eb940,24284,32121,821814,410907,0.022587,29668.46,29187.03,
490,1,0x627306090abaB3A6e1400e9345bC60c78a8BEf57,0xe4bbcca9c11e9f7bd407cc66683a3f648a64a358c7306b81cb69bdbad9b7427b,24284,32121,821814,410907,0.022587,29660.06,29166.17,
491,2,0xf17f52151EbEF6C7334FAD080c5704D77216b732,0xaf604c97e0d595b4928661d10659230e0b9960dea91fa55035d2d751298f88a8,24285,32121,826449,413224,0.022714,30657.79,30158.17,
491,1,0x627306090abaB3A6e1400e9345bC60c78a8BEf57,0x78d56778a3a5eb35010856d401097adf4590030d8f806f2726b12a822fa37c95,24285,32121,826449,413224,0.022714,30678.79,30166.23,
492,2,0xf17f52151EbEF6C7334FAD080c5704D77216b732,0xa906899f8603268e7fe3f53d1f40b1558c65eebe557a2b29cc1ca3565b4e3936,24286,32121,826449,413224,0.022714,29671.11,29156.01,
492,1,0x627306090abaB3A6e1400e9345bC60c78a8BEf57,0x98c9aa2dd99811965f3224f312a8f867a3a37fe75ba655460c1f55d483f706b8,24286,32121,826449,413224,0.022714,29678.63,29159.91,
493,2,0xf17f52151EbEF6C7334FAD080c5704D77216b732,0x3c8393af36a8b72f4317629ca36ec8ff6f0c097737fad49caa4948162287b8f3,24287,32121,826449,413224,0.022714,29639.06,29157.86,
493,1,0x627306090abaB3A6e1400e9345bC60c78a8BEf57,0x763efead0517f005f5de3c0389ee2791add462da4fb02dbb4f7a33fbebbe7c6f,24287,32121,826449,413224,0.022714,29657.72,29161.06,
494,2,0xf17f52151EbEF6C7334FAD080c5704D77216b732,0x54a83c356ccb5261fc0002a4736092ca61cddf1963b8b51ab3d624b422efcb92,24288,32121,845317,422658,0.023233,30632.77,30159.96,
494,1,0x627306090abaB3A6e1400e9345bC60c78a8BEf57,0xe25d65a5dd90207e470a805464fe2d84a4ade1b20626c2dccbc8f2acb3631cef,24288,32121,845317,422658,0.023233,30646.02,30160.02,
495,2,0xf17f52151EbEF6C7334FAD080c5704D77216b732,0x6c7c082873250999ed19c197c4fc3125abbdfb006a37bb5e4dfef73cb9a5dbe1,24289,32121,845317,422658,0.023233,29641.14,29167.19,
495,1,0x627306090abaB3A6e1400e9345bC60c78a8BEf57,0xc84f3031905ce3b36cf6249c8c0ea1aef3c64ee92225699e69d0f68332895db9,24289,32121,845317,422658,0.023233,29638.01,29156.10,
496,1,0x627306090abaB3A6e1400e9345bC60c78a8BEf57,0x6340f1b1305bd732578c94819e91ab4afe7c2ced47c346bc3bedef3a2283f107,24290,32121,845317,422658,0.023233,29619.22,29157.84,
496,2,0xf17f52151EbEF6C7334FAD080c5704D77216b732,0xe9c7ca70e721f67c6cee8e75c5ec63e50480e53a4c1ef9a4d15684ea37f85d98,24290,32121,845317,422658,0.023233,30664.66,30169.22,
497,2,0xf17f52151EbEF6C7334FAD080c5704D77216b732,0x012061e1a9ce3f5e249c59c0e92e5a078bf72031824fa83cfe044f9908bb5f5e,24291,32121,845317,422658,0.023233,29687.47,29167.66,
497,1,0x627306090abaB3A6e1400e9345bC60c78a8BEf57,0x41192da6c1f85b700453754198c838c99cee9203f0635bd3068323def80ddaff,24291,32121,845317,422658,0.023233,30627.36,30155.92,
498,2,0xf17f52151EbEF6C7334FAD080c5704D77216b732,0xd7dee2b792a66e2ae1880d096f037869d9d1f534a70129909b4b72a3fe935411,24292,32121,845317,422658,0.023233,29694.56,29171.56,
498,1,0x627306090abaB3A6e1400e9345bC60c78a8BEf57,0xe3f1dad10601348876cf0bd467fe35658a5ad0b0fa14eba5aea048745689eef4,24292,32121,845317,422658,0.023233,29670.68,29189.69,
499,2,0xf17f52151EbEF6C7334FAD080c5704D77216b732,0xf1ff868efd9c28256bd29143f9a6da1804fa29ce052e2cec5536d8c10bcba19d,24293,32121,845317,422658,0.023233,29703.59,29175.87,
499,1,0x627306090abaB3A6e1400e9345bC60c78a8BEf57,0x2c15f7763a22c6f15f08910ac26d8541cf2f96da682a9a99d74d238d2e314f8d,24293,32121,845317,422658,0.023233,29665.37,29171.01,
500,1,0x627306090abaB3A6e1400e9345bC60c78a8BEf57,0x6728d5dfcdc2c455c8750a6e6a07b5c779bfbd07c9d1edd23b280706b75f5ec7,24294,32121,845317,422658,0.023233,30705.57,30158.64,
500,2,0xf17f52151EbEF6C7334FAD080c5704D77216b732,0x3b0f063977fd54508fe59f65c925cf88bad64d40028d29be00cc18af07a308fe,24294,32121,845317,422658,0.023233,30740.42,30174.72,
501,1,0x627306090abaB3A6e1400e9345bC60c78a8BEf57,0xd78f3c0623e92328b9a05f6bf3a8a4e64a469aa2af4967e17fcd6f513fc1f94a,24295,32121,845607,422803,0.023241,29638.67,29157.29,
501,2,0xf17f52151EbEF6C7334FAD080c5704D77216b732,0xc24d7485c269d377d41eeb0b35c80e4625583b180af8d51771cd46c2cf8235d5,24295,32121,845607,422803,0.023241,29693.22,29169.39,
502,1,0x627306090abaB3A6e1400e9345bC60c78a8BEf57,0xbcd7784b001a756ee0c3235249293aab1322459f3de576cc8383e11d2a7d62d2,24296,32121,848918,424459,0.023332,29666.43,29156.28,
502,2,0xf17f52151EbEF6C7334FAD080c5704D77216b732,0x298297f86724de0457f46f1b3f0bb051b9bd3f51da670257ef8cf0be3e858c64,24296,32121,848918,424459,0.023332,29691.91,29168.01,
503,1,0x627306090abaB3A6e1400e9345bC60c78a8BEf57,0x424c54ce6545a7d7c28e1b4b6669105d5f8e9d886ec51ec1b7f9c7e95919a104,24297,32121,848918,424459,0.023332,30631.31,30158.80,
503,2,0xf17f52151EbEF6C7334FAD080c5704D77216b732,0x228b369ffec6e02cb065c881babb129773b78f0fb7e6b678cbf541327ab30d49,24297,32121,848918,424459,0.023332,30686.10,30167.95,
504,1,0x627306090abaB3A6e1400e9345bC60c78a8BEf57,0x69ae67f470d171c90f4dd2f10c75dfb00a53ad0aa567338dd330897db178a88c,24298,32121,848918,424459,0.023332,29690.18,29156.96,
504,2,0xf17f52151EbEF6C7334FAD080c5704D77216b732,0xc4d7401380216d35106009cdab91357d78ef372cc69bc38c9452c9e6e3ab181c,24298,32121,848918,424459,0.023332,29693.73,29168.93,
505,1,0x627306090abaB3A6e1400e9345bC60c78a8BEf57,0xdb77e13c854516fc920e7761085e239928a3583e182ee171e9a124449d961167,24299,32121,848918,424459,0.023332,29676.16,29165.06,
505,2,0xf17f52151EbEF6C7334FAD080c5704D77216b732,0x1dcc528a0145f38b518d5c60a51bd97e2859eb9f3e4f6e483d071fef1d676ece,24299,32121,848918,424459,0.023332,29698.98,29184.07,
506,1,0x627306090abaB3A6e1400e9345bC60c78a8BEf57,0xd9c2861b5c121e6d2a103b012ad3d9d0f0ddb5f3a831cc8fbb787a2bd05da887,24300,32121,850036,425018,0.023363,30665.86,30175.58,
506,2,0xf17f52151EbEF6C7334FAD080c5704D77216b732,0x73b73eb3424a9a9c9b2c1763fb573fc3de91da25cd8f97b547a36df7a8398ac0,24300,32121,850036,425018,0.023363,30690.84,30175.17,
507,1,0x627306090abaB3A6e1400e9345bC60c78a8BEf57,0x2746211ba1d5e0375d89ca953bd6b08ec7f23119c13125fb6f47a1638e8703d0,24301,32121,859968,429984,0.023635,29656.79,29156.14,
507,2,0xf17f52151EbEF6C7334FAD080c5704D77216b732,0xcd1b24660502bc425c36a659a845cfcbcd5c7b69ee0b5a42361d160d78eee249,24301,32121,859968,429984,0.023635,29670.52,29166.33,
508,1,0x627306090abaB3A6e1400e9345bC60c78a8BEf57,0x6b061007f831f482a1a9e9764d8da87a4326d0bc8d65af6e28633a58f2e14178,24302,32121,859968,429984,0.023635,29634.39,29157.49,
508,2,0xf17f52151EbEF6C7334FAD080c5704D77216b732,0x2ee9da45b3e037884957b427740c2b489f90acebd66c34c7d2cad79dfd4c0c8b,24302,32121,859968,429984,0.023635,29697.87,29188.02,
509,2,0xf17f52151EbEF6C7334FAD080c5704D77216b732,0x883b009c86acfffd2bbc4ba08c0051dbe00c91da90d900bf71edc36989469723,24303,32121,859968,429984,0.023635,29712.39,29169.42,
509,1,0x627306090abaB3A6e1400e9345bC60c78a8BEf57,0x499ad8ecaf45c40dab221d7001d314d8bf01b5961e5e6c97d450e0a47906884b,24303,32121,859968,429984,0.023635,30688.45,30204.61,
510,1,0x627306090abaB3A6e1400e9345bC60c78a8BEf57,0x406fafbc339ec58e5dc00d44b3c5e33facc29c2eac78a1adbcce80656b65d981,24304,32121,859968,429984,0.023635,29660.39,29169.70,
510,2,0xf17f52151EbEF6C7334FAD080c5704D77216b732,0xe224811d0a2a3ccf594e841c9a26e92a1fc7a6bb1126c235ddca3924e45da2ff,24304,32121,859968,429984,0.023635,30718.29,30171.53,
511,1,0x627306090abaB3A6e1400e9345bC60c78a8BEf57,0xbab957f47ed4d2db40d9873df6876eec9f03daca414fa99a48de148190e99070,24305,32121,859968,429984,0.023635,29649.87,29164.49,
511,2,0xf17f52151EbEF6C7334FAD080c5704D77216b732,0xcf2b1438b3b375752e3dc3c913f1ef7ee82b4cb9d6a3cbee9b5ada499b8bfd35,24305,32121,859968,429984,0.023635,29701.33,29174.80,
512,2,0xf17f52151EbEF6C7334FAD080c5704D77216b732,0x357670d066f162587d49ef7fb2b237517470aa25b0ca4b13aaf176e999e8da8b,24306,32121,859968,429984,0.023635,29692.29,29175.00,
512,1,0x627306090abaB3A6e1400e9345bC60c78a8BEf57,0x77b00d8f59f6823ce747f492cc3d1a31f8be6762907426202faa1e946890a8d0,24306,32121,859968,429984,0.023635,30668.18,30159.81,
513,1,0x627306090abaB3A6e1400e9345bC60c78a8BEf57,0x142ae4e65ba7f95764efe8e8c9cb0d80ededba586214c760f51cdd2ad1c5ee6f,24307,32121,860505,430252,0.023650,29657.87,29161.98,
513,2,0xf17f52151EbEF6C7334FAD080c5704D77216b732,0x50aa3fd20195ed17bae1b561beb541e89f951483c5d12407a542405d4d4a65b5,24307,32121,860505,430252,0.023650,30729.75,30187.23,
514,1,0x627306090abaB3A6e1400e9345bC60c78a8BEf57,0xdaccbaf800e32d88cbadc260f4099a8b791dae908cc13d8f0290540187d0005e,24308,32121,866631,433315,0.023819,29649.57,29160.30,
514,2,0xf17f52151EbEF6C7334FAD080c5704D77216b732,0x25ec0676a722c580a12b8e494cc032fbd0d9074e6e47dcc7511dc3d7ff07d612,24308,32121,866631,433315,0.023819,29687.87,29172.56,
515,2,0xf17f52151EbEF6C7334FAD080c5704D77216b732,0x62dc52dcd9433920f5f0a72528ce48d55e9787a4a2ee6e990b97bae0685bcb56,24309,32121,866631,433315,0.023819,29714.59,29168.77,
515,1,0x627306090abaB3A6e1400e9345bC60c78a8BEf57,0x45b61d7721c51cb7592e9be5e5f40faa0c2e65f40b4ad7a921c44f8a8ec5b4e6,24309,32121,866631,433315,0.023819,30654.06,30155.14,
516,1,0x627306090abaB3A6e1400e9345bC60c78a8BEf57,0x6837d77ff4a9da6d6360f02781a0118c238339f4a6d3efe1690223c162884c00,24310,32121,866631,433315,0.023819,29629.83,29157.65,
516,2,0xf17f52151EbEF6C7334FAD080c5704D77216b732,0xaf195f8b8e4fdedc5c5f89991726390f20e627ede1f65ef47711db657b721606,24310,32121,866631,433315,0.023819,30681.51,30168.70,
517,2,0xf17f52151EbEF6C7334FAD080c5704D77216b732,0x562807be28ee1b53463b29dcf8390fb00fb81d18872ca82643375da334ad94e4,24311,32121,866631,433315,0.023819,29695.03,29166.49,
517,1,0x627306090abaB3A6e1400e9345bC60c78a8BEf57,0x85ff531bf2b0c373405c677bb8a5dc5bd62d633d7fa758638c948b919161194e,24311,32121,866631,433315,0.023819,30627.98,30156.78,
518,2,0xf17f52151EbEF6C7334FAD080c5704D77216b732,0x1f2b6f21f91c41162146a66e6e6ae482f624d547b02b6eb30f7bf9a1c171d9dc,24312,32121,866631,433315,0.023819,29677.93,29167.79,
518,1,0x627306090abaB3A6e1400e9345bC60c78a8BEf57,0x837c9e1e70bed511cc3fef98fd17ad34b3f75f86d0f0a6ee40fa0db9f070214f,24312,32121,866631,433315,0.023819,29628.25,29157.62,
519,2,0xf17f52151EbEF6C7334FAD080c5704D77216b732,0x3674db0fe4787af4344f632761db1998a04dc89d3f74ec9a3cc63c077879ca81,24313,32121,881154,440577,0.024218,29674.35,29165.96,
519,1,0x627306090abaB3A6e1400e9345bC60c78a8BEf57,0x5de648f4085a21ba7dbf563134fb0aa582181057471e856af37f25b6521d9a4e,24313,32121,881154,440577,0.024218,29627.40,29156.02,
520,2,0xf17f52151EbEF6C7334FAD080c5704D77216b732,0x3d56fb4b71a436cb64198c6946cdf25e8e04b173e4a9ae9f7ce8d7385ec8e68e,24314,32121,881154,440577,0.024218,30665.43,30166.12,
520,1,0x627306090abaB3A6e1400e9345bC60c78a8BEf57,0xbdce0d438a820848c38fe32377bca9a698ec6b0deabf878b3fc2d8f0c455a99e,24314,32121,881154,440577,0.024218,30623.31,30155.99,
521,2,0xf17f52151EbEF6C7334FAD080c5704D77216b732,0x50d3538936dcc64e64b27b4f999be1f69043503d91ea7f7e3a80003ca4f64708,24315,32121,881154,440577,0.024218,29664.35,29167.85,
521,1,0x627306090abaB3A6e1400e9345bC60c78a8BEf57,0x2b5ff269549a1b768da19e123030098f84c226e66bb2293f77ca22597bfe5184,24315,32121,881154,440577,0.024218,29618.44,29153.49,
522,2,0xf17f52151EbEF6C7334FAD080c5704D77216b732,0x5de7ff43ff4e8a807626ee2b726a352acf744fc2bd0b001e972b124759e56dc1,24316,32121,881154,440577,0.024218,29674.73,29173.08,
522,1,0x627306090abaB3A6e1400e9345bC60c78a8BEf57,0xa878ce62b4b62097bc423f561ce50a4083f0c7acfba6fc8ef3d9f20fb328bdb1,24316,32121,881154,440577,0.024218,29622.20,29156.63,
523,1,0x627306090abaB3A6e1400e9345bC60c78a8BEf57,0x99d54cde2491a4a834290fda5be5b80578a6353db968aba5d29228aa8ae4834a,24317,32121,881154,440577,0.024218,30620.99,30154.51,
523,2,0xf17f52151EbEF6C7334FAD080c5704D77216b732,0x82ee46928a4a6cf506ecd828a525d9bbab1fd3aab67856236dfc1eaea6c66c24,24317,32121,881154,440577,0.024218,30667.51,30169.05,
524,1,0x627306090abaB3A6e1400e9345bC60c78a8BEf57,0x820eb5f163650e05c955e2a3c75d10431f11b4bcb317ca15efcc06fd35ce720e,24318,32121,881154,440577,0.024218,29621.78,29156.05,
524,2,0xf17f52151EbEF6C7334FAD080c5704D77216b732,0xb250c4e493f603619a117a93bdac315aed627d29ee1582ce1bd3c43c33cba6ce,24318,32121,881154,440577,0.024218,29667.42,29166.63,
525,2,0xf17f52151EbEF6C7334FAD080c5704D77216b732,0xeb1e74c6920d89fcc714137eecddfaa219f51fbc3bf695421ec742af2abeaf77,24319,32121,881154,440577,0.024218,29671.81,29168.73,
525,1,0x627306090abaB3A6e1400e9345bC60c78a8BEf57,0x5e5357654fdc0eb5d98a140a723f4b34dd4b77986a90486ccb12776e8e86c47e,24319,32121,881154,440577,0.024218,30618.91,30154.98,
526,1,0x627306090abaB3A6e1400e9345bC60c78a8BEf57,0x6b64b216f8137d3cf6205548b50c70f1e6056f15a6112448c1adb0d48e2ee44e,24320,32121,882561,441280,0.024256,29640.56,29171.12,
526,2,0xf17f52151EbEF6C7334FAD080c5704D77216b732,0xb46248c1179c7669018fe87fcc815af463f0e71667445a7dbf000724d4620bae,24320,32121,882561,441280,0.024256,30655.26,30155.95,
527,1,0x627306090abaB3A6e1400e9345bC60c78a8BEf57,0x452e5e98bbc9503dbc237f082ebb6b2f8a5459a494388a236e15e97b246d937d,24321,32121,887817,443908,0.024401,29685.54,29172.49,
527,2,0xf17f52151EbEF6C7334FAD080c5704D77216b732,0x9e23b59c63044219cce52afd9b0b4247fda5a9add56a832d74b85e9043ee179e,24321,32121,887817,443908,0.024401,29627.27,29155.89,
528,1,0x627306090abaB3A6e1400e9345bC60c78a8BEf57,0x1d621d68866d92bfc1fdee4993733658a7e2cdffca8b73ee781acec07f0c1157,24322,32121,887817,443908,0.024401,30684.02,30171.01,
528,2,0xf17f52151EbEF6C7334FAD080c5704D77216b732,0xfc7c66df5383f007912ceef4ccf213976911a4aa6748adebad444505c4216f2f,24322,32121,887817,443908,0.024401,30621.87,30155.11,
529,2,0xf17f52151EbEF6C7334FAD080c5704D77216b732,0x0c93178f000dca96cf84e868c4eda057cbdd3739df1df6b0e1b6baf230711cb7,24323,32121,887817,443908,0.024401,29617.72,29157.25,
529,1,0x627306090abaB3A6e1400e9345bC60c78a8BEf57,0x3d11a2591cb3f73d0a79fc2c46021bd846ba22316d9c240ae148a3a307d1cd70,24323,32121,887817,443908,0.024401,29680.76,29171.33,
530,2,0xf17f52151EbEF6C7334FAD080c5704D77216b732,0x539e82d7454380156db3e8f7b8fb8db55480a6abfa1494c48f40dd84a7175d6b,24324,32121,891417,445708,0.024500,29621.42,29153.82,
530,1,0x627306090abaB3A6e1400e9345bC60c78a8BEf57,0xf30f87ae810424083431063b9cec54d234ed707ef6ce71b1c8c44c4e823d1961,24324,32121,891417,445708,0.024500,29681.58,29171.35,
531,2,0xf17f52151EbEF6C7334FAD080c5704D77216b732,0xaaa2f43e2ee23efe8401ff1f4d5e425702456b5ddaf2c1b64edc3e6405bbd1b1,24325,32121,891417,445708,0.024500,30619.26,30155.19,
531,1,0x627306090abaB3A6e1400e9345bC60c78a8BEf57,0xc2f4d8203c80d2cc9f191dcfdc9c2f485aefec846ea8430a39f6c3e086e3e103,24325,32121,891417,445708,0.024500,30682.88,30170.55,
532,2,0xf17f52151EbEF6C7334FAD080c5704D77216b732,0x652dcfdb94838511cfdc04448b60b1d55515c645e7b0efef57d1c28bcd0de051,24326,32121,903748,451874,0.024839,29622.13,29154.33,
532,1,0x627306090abaB3A6e1400e9345bC60c78a8BEf57,0x22d0510e4026a5500b730f834069e8985a76414726d4daf2db1b922c92e1655e,24326,32121,903748,451874,0.024839,29682.99,29170.27,
533,2,0xf17f52151EbEF6C7334FAD080c5704D77216b732,0xb0e6020853a8bdfe866543b707d2a19c82a52c45e771a5d98c85106da3037269,24327,32121,903748,451874,0.024839,29621.90,29157.20,
533,1,0x627306090abaB3A6e1400e9345bC60c78a8BEf57,0x1a933293ab8c6d6ff2aa7d9f5373b89893c7e29e58474891dd29213163bb1faf,24327,32121,903748,451874,0.024839,29684.13,29171.85,
534,1,0x627306090abaB3A6e1400e9345bC60c78a8BEf57,0x131d82fae6bbc73d169f9e394ba57f6c998550a0b5846d97836a2d51bc9548bf,24328,32121,903748,451874,0.024839,29694.55,29180.62,
534,2,0xf17f52151EbEF6C7334FAD080c5704D77216b732,0xe4af16c6cc13819f6e61d1e0ae87fb7789fe4dbba552c79584e4e48aca08a3cd,24328,32121,903748,451874,0.024839,30626.86,30156.12,
535,2,0xf17f52151EbEF6C7334FAD080c5704D77216b732,0xb4cd56e1a0f3fc54721fa14304c4ffaac94501095115badf8d70799b8298f2d1,24329,32121,903748,451874,0.024839,29620.70,29155.23,
535,1,0x627306090abaB3A6e1400e9345bC60c78a8BEf57,0xf3af90a9e3c7e798cbe0995c3d5996c900c7d75c60f20dc33cc3ee70c827c12e,24329,32121,903748,451874,0.024839,30682.18,30169.56,
536,1,0x627306090abaB3A6e1400e9345bC60c78a8BEf57,0x80b7c5356ce077f98c4efe7debb84d401a75ca0e30e17093e67b99443ba6c8f8,24330,32121,904286,452143,0.024854,29680.77,29168.74,
536,2,0xf17f52151EbEF6C7334FAD080c5704D77216b732,0x9f957ee44a49cee9c35020b73ce169c73e166e05b822d2992b4d8c1389760cda,24330,32121,904286,452143,0.024854,30624.96,30157.08,
537,1,0x627306090abaB3A6e1400e9345bC60c78a8BEf57,0x3086e355e2ee51e19302a8d01f7ebe374337bb77eba0e59906ecbd9e700249dc,24331,32121,904286,452143,0.024854,29682.01,29172.07,
537,2,0xf17f52151EbEF6C7334FAD080c5704D77216b732,0x8bf8506130125dacddbd97ce3ef0ffc7e3abca68e48b86850596f6b279fed98a,24331,32121,904286,452143,0.024854,29625.35,29158.33,
538,2,0xf17f52151EbEF6C7334FAD080c5704D77216b732,0xcd981d27636928d2a1e048eca1732ff560d4a538c055812846ede710f6ee1acf,24332,32121,904286,452143,0.024854,29619.14,29154.83,
538,1,0x627306090abaB3A6e1400e9345bC60c78a8BEf57,0x6dc736a77aefe7ca060afc92b5a53ab95ff69a42679efbccaccd68d8928793fe,24332,32121,904286,452143,0.024854,30684.34,30172.10,
539,1,0x627306090abaB3A6e1400e9345bC60c78a8BEf57,0xba25cdbd27c8f44bb4fa56511754995ab96a24c9ec54600beffaf9255c255b00,24333,32121,904286,452143,0.024854,29688.71,29170.48,
539,2,0xf17f52151EbEF6C7334FAD080c5704D77216b732,0xfb02510fb39a15fbaf26bb060d15e44f552ee4088e145659a87b06cc1dfc7fbc,24333,32121,904286,452143,0.024854,30622.40,30154.19,
540,1,0x627306090abaB3A6e1400e9345bC60c78a8BEf57,0xb46cf4c6e4352caaad3e3f4161a9dab9396289535f7ce160ecc4a9112099ff94,24334,32121,917901,458950,0.025228,29681.69,29170.42,
540,2,0xf17f52151EbEF6C7334FAD080c5704D77216b732,0x783e3f4c3efc7fd7c9dd39941a9d8510de1e6b97099c1db00368f78b815d61d5,24334,32121,917901,458950,0.025228,29622.11,29155.49,
541,2,0xf17f52151EbEF6C7334FAD080c5704D77216b732,0x28144348c0d87feacd0a19371386d7015863d6159e4d2e379336b1fbd8e698b5,24335,32121,917901,458950,0.025228,29622.46,29156.35,
541,1,0x627306090abaB3A6e1400e9345bC60c78a8BEf57,0x454a052af5b47f81f1be809635122d915e3fafb6d9536ee87189d80eaf169bfe,24335,32121,917901,458950,0.025228,30684.97,30172.24,
542,1,0x627306090abaB3A6e1400e9345bC60c78a8BEf57,0xdbd76797732d966f0cf3635979f22cfefdcb38c6b3f193c43f0220a45590af06,24336,32121,917901,458950,0.025228,29684.28,29170.50,
542,2,0xf17f52151EbEF6C7334FAD080c5704D77216b732,0x16f100a2afe04da6d0a132b59a72510449e2ee1aa5b4a0d2c2d6ac143a7aaed4,24336,32121,917901,458950,0.025228,30617.25,30153.70,
543,1,0x627306090abaB3A6e1400e9345bC60c78a8BEf57,0x2555e3d1d381d096bc0284f8cd0ced572646428641e1498d3617651ecfefcae3,24337,32121,917901,458950,0.025228,29689.41,29170.92,
543,2,0xf17f52151EbEF6C7334FAD080c5704D77216b732,0x2d99fa6586a20b51d990818fb610bd0704d2f61e51298e9aa1af9d0f1242cd7d,24337,32121,917901,458950,0.025228,29620.81,29156.63,
544,2,0xf17f52151EbEF6C7334FAD080c5704D77216b732,0x0f68a0297bf92d23fb05ef0ac9af6f8fd4743e59c81ec9014f89a5d08ffb3e40,24338,32121,917901,458950,0.025228,30624.35,30155.17,
544,1,0x627306090abaB3A6e1400e9345bC60c78a8BEf57,0x977a8a6737c0d5f72d0899803b2717b38aa567f3312b9b7463564fc68a06e705,24338,32121,917901,458950,0.025228,30686.40,30171.56,
545,2,0xf17f52151EbEF6C7334FAD080c5704D77216b732,0x708b78ea5cbabb42a73d3a72109b0fe4db49c4cdb4fa0ee939b5d954c75b2126,24339,32121,917901,458950,0.025228,29623.34,29158.45,
545,1,0x627306090abaB3A6e1400e9345bC60c78a8BEf57,0xf22ea04718a1438e4ee9a8cd64da5504316d5d246c8fdaf79cd2bac6069d9b86,24339,32121,917901,458950,0.025228,29679.87,29170.82,
546,2,0xf17f52151EbEF6C7334FAD080c5704D77216b732,0x661bbdb134e95502228ba0817858aa26648682177c87297983bab81688082814,24340,32121,917901,458950,0.025228,29619.43,29154.57,
546,1,0x627306090abaB3A6e1400e9345bC60c78a8BEf57,0x2d1a9db07686ae4f78dccb0bb620068fbd473fcdebd776a87d99aa9f4c6e990a,24340,32121,917901,458950,0.025228,29680.47,29171.25,
547,2,0xf17f52151EbEF6C7334FAD080c5704D77216b732,0xef3ae558a59343d6bbb6a262718c4d23a1971afbe9c215df7f94a972b98bf9d4,24341,32121,921875,460937,0.025337,30618.57,30154.81,
547,1,0x627306090abaB3A6e1400e9345bC60c78a8BEf57,0xaa394a552eef5c31fbff36e4b0ed55c9656b9e24b493432ad6f523c1c9ac83c7,24341,32121,921875,460937,0.025337,30681.53,30171.01,
548,2,0xf17f52151EbEF6C7334FAD080c5704D77216b732,0x9b4ef929e45ef56eea36a95cbb8630ef476f2bfc05baa40452264b81d7a8b7fb,24342,32121,921875,460937,0.025337,29625.03,29157.92,
548,1,0x627306090abaB3A6e1400e9345bC60c78a8BEf57,0x3e2c554692ab4eaa51d4ca032331512caa0377f9a1916e32b8db7235ca8a3ff4,24342,32121,921875,460937,0.025337,29691.21,29174.61,
549,2,0xf17f52151EbEF6C7334FAD080c5704D77216b732,0x92475bc2d67964f6c06284f55ae01e33770ce8a47d33c962cd3af8f5f4e3df73,24343,32121,922661,461330,0.025359,29631.77,29161.31,
549,1,0x627306090abaB3A6e1400e9345bC60c78a8BEf57,0xe6c6335c1343cfeefa85e4764fe51f44984f688ee0f1dcafc59a685c6e0d409c,24343,32121,922661,461330,0.025359,29689.38,29171.80,
550,2,0xf17f52151EbEF6C7334FAD080c5704D77216b732,0x10d020ae29853475ed378f461d17570f8bccb91d862bfca892cbe0513fff6df2,24344,32121,934331,467165,0.025679,30626.95,30155.88,
550,1,0x627306090abaB3A6e1400e9345bC60c78a8BEf57,0xb72429c31e18511083c435d5a3254ef58884c3ac9a490dd77d8ec99e7c4c2d60,24344,32121,934331,467165,0.025679,30691.13,30172.78,
551,2,0xf17f52151EbEF6C7334FAD080c5704D77216b732,0x4c1f8ddb81bf7c8034889d89facde06ed0fddfa1b571c89df090b5f11c5534d9,24345,32121,934331,467165,0.025679,29621.04,29155.37,
551,1,0x627306090abaB3A6e1400e9345bC60c78a8BEf57,0x72459c3c4101deca912019048e813aaabf806154ee3439a3e41de511eb84b881,24345,32121,934331,467165,0.025679,29685.09,29172.15,
552,1,0x627306090abaB3A6e1400e9345bC60c78a8BEf57,0x81cffa26c202271a98701f8676ccd15051e113e7164f47c8a5d41f3cf95d4409,24346,32121,934331,467165,0.025679,29688.35,29171.97,
552,2,0xf17f52151EbEF6C7334FAD080c5704D77216b732,0x6d61326c08980072b2aafa9ceb5c42d83a194eb3c187bb581d1ad0135a0af520,24346,32121,934331,467165,0.025679,30626.03,30158.49,
553,1,0x627306090abaB3A6e1400e9345bC60c78a8BEf57,0x2e889cf347c83083e53bf8c3cf3f590bede8fa499e3441193c2ff27c2f0d5a18,24347,32121,934331,467165,0.025679,29686.42,29174.63,
553,2,0xf17f52151EbEF6C7334FAD080c5704D77216b732,0xad45e53f7a8ca9eaca5ec0f6b7ba5eb8efb9e5811cfc6af0ddfa01372d3b0975,24347,32121,934331,467165,0.025679,29616.60,29154.12,
554,2,0xf17f52151EbEF6C7334FAD080c5704D77216b732,0x6c8e9d2e43f93636a2542700c851db051aa44f7f76df112a5f8eab523e93af08,24348,32121,934331,467165,0.025679,29617.45,29152.64,
554,1,0x627306090abaB3A6e1400e9345bC60c78a8BEf57,0xfd85871388a7c46132fa939a468932c8b1294491ddd5fd45915e28fc21e53f5d,24348,32121,934331,467165,0.025679,30689.62,30170.21,
555,1,0x627306090abaB3A6e1400e9345bC60c78a8BEf57,0xdc0eb8120008879ac6dc0409c6b6f096c94b67e35de76d8b0c8290b717165fbb,24349,32121,934331,467165,0.025679,29689.73,29171.19,
555,2,0xf17f52151EbEF6C7334FAD080c5704D77216b732,0x406517cd5bb483ddde2aab2a55c40bfd99773d657e6452458872e7df0dda551d,24349,32121,934331,467165,0.025679,30619.19,30156.24,
556,1,0x627306090abaB3A6e1400e9345bC60c78a8BEf57,0x97fb53ae60bd30531de80cb5ca9be351c0fadb0a425805ce0b1b4288eb1ffb2a,24350,32121,946540,473270,0.026015,29682.64,29169.96,
556,2,0xf17f52151EbEF6C7334FAD080c5704D77216b732,0x8caa7b725204ca3aa57ac2ac32f9b75e4a45085b6b4988307e786385f30fa843,24350,32121,946540,473270,0.026015,29662.55,29153.78,
557,2,0xf17f52151EbEF6C7334FAD080c5704D77216b732,0x2e0b69d5911c595c2650c54862d97ecc151d0813c5df384ab51c5f5ddfbc8301,24351,32121,946540,473270,0.026015,29620.01,29155.97,
557,1,0x627306090abaB3A6e1400e9345bC60c78a8BEf57,0x76a2ff4867f702e183f380c6300884d1bd36c1f472fb3b91816ebecfe221d11d,24351,32121,946540,473270,0.026015,30669.48,30153.80,
558,1,0x627306090abaB3A6e1400e9345bC60c78a8BEf57,0xae8b42098a45d5eb74ebd3209797643ffb7b526d4f3bf35f289ac996fa47146f,24352,32121,946540,473270,0.026015,29620.23,29163.65,
558,2,0xf17f52151EbEF6C7334FAD080c5704D77216b732,0x8f0b3f5504dd2c79ecbe8e1b60c865b8158083db4a8eed37a65ebf0c00c85619,24352,32121,946540,473270,0.026015,30604.51,30153.36,
559,1,0x627306090abaB3A6e1400e9345bC60c78a8BEf57,0x119f35f53419aa801463234db98ac9a14306b9f10b9f9d818346be4ecfe89352,24353,32121,946540,473270,0.026015,29642.71,29179.07,
559,2,0xf17f52151EbEF6C7334FAD080c5704D77216b732,0xa43c21a5186fa83bc1d12e08d0f30fc81ca8b969a1cdf9b7f9108e60c0db56ca,24353,32121,946540,473270,0.026015,29615.85,29153.59,
560,1,0x627306090abaB3A6e1400e9345bC60c78a8BEf57,0x68527646d04cd988bd03c9bee63a6fd6e95b7da7697e5728ac966ec8c5233ca8,24354,32121,946540,473270,0.026015,30630.74,30155.09,
560,2,0xf17f52151EbEF6C7334FAD080c5704D77216b732,0x0182a003aa986f7eef9122595f1854bce16388569156f61737d20e2925e7bf4d,24354,32121,946540,473270,0.026015,30620.78,30163.28,
561,1,0x627306090abaB3A6e1400e9345bC60c78a8BEf57,0x41bd228aa7d73fed94e3df30a3150e6d788d939a6ec286c379464f68f3396c03,24355,32121,946540,473270,0.026015,29651.24,29155.49,
561,2,0xf17f52151EbEF6C7334FAD080c5704D77216b732,0xf5cf007919272e737bcd019fb322872d77f60208860c01a475185773ee74cb2d,24355,32121,946540,473270,0.026015,29652.29,29165.51,
562,2,0xf17f52151EbEF6C7334FAD080c5704D77216b732,0x213c04154b8646c721370ce581486e4c54084aac5099b0febf1f6254ccb74ca2,24356,32121,946540,473270,0.026015,29635.62,29151.46,
562,1,0x627306090abaB3A6e1400e9345bC60c78a8BEf57,0x8335f9cbfdb1afac1fca0abe4844d2397f9cd669ce0320917c6e1be4265ea0a2,24356,32121,946540,473270,0.026015,30627.06,30153.20,
563,1,0x627306090abaB3A6e1400e9345bC60c78a8BEf57,0x870117817652321676dbea1159efb2423b11237a7d2f1fc9042aa4f61612f881,24357,32121,950181,475090,0.026115,29624.99,29156.16,
563,2,0xf17f52151EbEF6C7334FAD080c5704D77216b732,0xffbba5812deb1a65257cae2ba34a11f96130c8c4dd0d01a61d5e8fdd68b7805f,24357,32121,950181,475090,0.026115,30625.64,30170.10,
564,1,0x627306090abaB3A6e1400e9345bC60c78a8BEf57,0x27629eced00c9638ea504858862ad494358d293f6ad3e10d82eb26f786697b26,24358,32121,950430,475215,0.026122,29637.11,29155.65,
564,2,0xf17f52151EbEF6C7334FAD080c5704D77216b732,0x94caaaccb0762f8550732a68d9e2ba10f50d050db4038a1458f3fc13f72a7998,24358,32121,950430,475215,0.026122,29652.72,29158.29,
565,2,0xf17f52151EbEF6C7334FAD080c5704D77216b732,0x448275e5740b1f473638d298781cfefcbc5584c7da8cebf123cc11d383a2d24d,24359,32121,952415,476207,0.026176,29628.53,29152.40,
565,1,0x627306090abaB3A6e1400e9345bC60c78a8BEf57,0x014d82e69306aa5fd4010bb44d5dfef5594b082d331b8ba4c17996db7bac5939,24359,32121,952415,476207,0.026176,30645.42,30163.18,
566,1,0x627306090abaB3A6e1400e9345bC60c78a8BEf57,0x82ca8ab8b91ba0598e8d43d973c1f0ae5265fe135d3cb7ce2332811944b052a6,24360,32121,954403,477201,0.026231,29626.40,29151.21,
566,2,0xf17f52151EbEF6C7334FAD080c5704D77216b732,0xf7efc3d7b0ace1958229d4c3cbf000af0617e5a37b233e01f7feca81e201a050,24360,32121,954403,477201,0.026231,30629.00,30150.52,
567,1,0x627306090abaB3A6e1400e9345bC60c78a8BEf57,0x1c4d80f36a6a894793ef4da32b27ed920f2ed76aead6d61d28646bbeba6845b8,24361,32121,964003,482001,0.026495,29633.43,29175.65,
567,2,0xf17f52151EbEF6C7334FAD080c5704D77216b732,0x40dd3ab231ecbefd20060aa32c11077b8e827f5f822533ab5a5f516ea3c81c71,24361,32121,964003,482001,0.026495,29614.76,29152.84,
568,1,0x627306090abaB3A6e1400e9345bC60c78a8BEf57,0xebca6c43c0c22f02828fb8d39e965b86a52eeaf3e9eeeba35448125010320712,24362,32121,964003,482001,0.026495,30640.68,30157.95,
568,2,0xf17f52151EbEF6C7334FAD080c5704D77216b732,0x88f122310a272a871579de267b8eff5da7d51f1738a9870e2efea2df803aa856,24362,32121,964003,482001,0.026495,30617.79,30158.57,
569,1,0x627306090abaB3A6e1400e9345bC60c78a8BEf57,0xc109d0999b35f5f7678109303213a6c95359dd12d210a90659805ab8a1927b30,24363,32121,964003,482001,0.026495,29616.21,29154.01,
569,2,0xf17f52151EbEF6C7334FAD080c5704D77216b732,0x950333ef032fdec01c2d017530093b72ce1127a1f2592f80670153905f291e59,24363,32121,964003,482001,0.026495,29611.69,29154.22,
570,1,0x627306090abaB3A6e1400e9345bC60c78a8BEf57,0x4bed759a1bcb506af3b6c413d549d78b8ac6b83439fe51cd0833be069c179a2f,24364,32121,964003,482001,0.026495,29639.91,29159.43,
570,2,0xf17f52151EbEF6C7334FAD080c5704D77216b732,0xf557b77c3fd650af462b1303eba7bb9afc8bb2a92eba4a5aa210af4d8b45468e,24364,32121,964003,482001,0.026495,29653.73,29158.60,
571,1,0x627306090abaB3A6e1400e9345bC60c78a8BEf57,0xfa73de00ad60783cf6fc8a1be6aaa29bc41fd60ff053491c26cff0360e6b827c,24365,32121,964003,482001,0.026495,30631.94,30157.69,
571,2,0xf17f52151EbEF6C7334FAD080c5704D77216b732,0xb309e9fdf6629a6bc7e5b713011a25f889183a7f6e4315b3b4844dfb4c1f8d4f,24365,32121,964003,482001,0.026495,30647.87,30173.68,
572,1,0x627306090abaB3A6e1400e9345bC60c78a8BEf57,0xd84a1c0824fa758374d5fccd1776331ac918bd33f5b180a06fe0f1cf8c544f6a,24366,32121,964003,482001,0.026495,29688.17,29151.17,
572,2,0xf17f52151EbEF6C7334FAD080c5704D77216b732,0x1feff65ce9b8fa9b02e4a03fd3de76e644479908a7333e3810e4b1349a6f7afe,24366,32121,964003,482001,0.026495,29648.27,29151.81,
573,2,0xf17f52151EbEF6C7334FAD080c5704D77216b732,0x048dfb07fd40a2577c3eca97980bd5b930014c254330b9bc01e55060c7459c7b,24367,32121,965409,482704,0.026533,29623.32,29154.10,
573,1,0x627306090abaB3A6e1400e9345bC60c78a8BEf57,0x8b603d100ba59e7b3929f650ec34f693a455eff8ad526d9f7e7c2e650a2cd211,24367,32121,965409,482704,0.026533,30624.54,30159.40,
574,1,0x627306090abaB3A6e1400e9345bC60c78a8BEf57,0x93824c14880b65b3075fb538d5420ed6c916c9d82add012c7bef5c5aaf075585,24368,32121,970582,485291,0.026676,29632.30,29157.09,
574,2,0xf17f52151EbEF6C7334FAD080c5704D77216b732,0x7fbe97df63c98f0b52335443ddc31077a9408e6608cef086ac4fdc79fd7c1474,24368,32121,970582,485291,0.026676,30648.90,30152.40,
575,1,0x627306090abaB3A6e1400e9345bC60c78a8BEf57,0x6fb608376c2bc3b1243bece3ac96521a20086d59aacffe0c7d3d3c0eaa03d690,24369,32121,970582,485291,0.026676,29615.54,29152.87,
575,2,0xf17f52151EbEF6C7334FAD080c5704D77216b732,0x71aa1bcf652df3018e82679a0f049022846e8a57d2bc2c6381bb43be786868e2,24369,32121,970582,485291,0.026676,29611.57,29151.41,
576,1,0x627306090abaB3A6e1400e9345bC60c78a8BEf57,0x64637e45c7a030d9cb12cb105744262161c130320b71a1d949cc9fd9df835095,24370,32121,970582,485291,0.026676,30615.32,30156.11,
576,2,0xf17f52151EbEF6C7334FAD080c5704D77216b732,0xdd3bea577b7d390de76b98f8a017d0bc252b8a119d520aeed220e532b4a50480,24370,32121,970582,485291,0.026676,30599.40,30150.65,
577,1,0x627306090abaB3A6e1400e9345bC60c78a8BEf57,0xb3f009af994df8fcba1534b92207153d6323310cdf0ae5b6c79d117027b1cac2,24371,32121,970582,485291,0.026676,29612.03,29150.83,
577,2,0xf17f52151EbEF6C7334FAD080c5704D77216b732,0xd722b3d513d4f1ece5c4e969a852536e4e2c60ec4077bfca1a8f016a04d99eb9,24371,32121,970582,485291,0.026676,29608.52,29150.03,
578,1,0x627306090abaB3A6e1400e9345bC60c78a8BEf57,0x548f72f4d678a8d22e2bd755f56ede5e7d274bac235c8a8b9358c25461375201,24372,32121,975052,487526,0.026799,29611.50,29153.05,
578,2,0xf17f52151EbEF6C7334FAD080c5704D77216b732,0x8f5d6f1065d159b1b12d45ebe50b53391d6feba01960633bac52cacb58378d31,24372,32121,975052,487526,0.026799,29599.66,29149.13,
579,1,0x627306090abaB3A6e1400e9345bC60c78a8BEf57,0xfd9470383cf28bc2b2b9495d703d3c5e8786d12543feb45f6cd573496206f8bd,24373,32121,976458,488229,0.026837,30606.03,30151.86,
579,2,0xf17f52151EbEF6C7334FAD080c5704D77216b732,0x221750aca9d61310d103d6dc1b2d1313934ebeb8b3e24dda00832ddc5209205a,24373,32121,976458,488229,0.026837,30611.80,30151.12,
580,1,0x627306090abaB3A6e1400e9345bC60c78a8BEf57,0x72e427619ac35190b257953e91e9c0ff20165cf485a4f276bb84e0391a5819e7,24374,32121,976458,488229,0.026837,29610.95,29152.40,
580,2,0xf17f52151EbEF6C7334FAD080c5704D77216b732,0x91a8dd93eabceb686dfef77e6992148761deaddf0a3f0a6bcb48d9bfaa2c7cd9,24374,32121,976458,488229,0.026837,29610.56,29151.24,
581,1,0x627306090abaB3A6e1400e9345bC60c78a8BEf57,0x06318ded1405c5fc411f43d716f6efd00e7e568554435f4a297b745a2f10fae8,24375,32121,988294,494147,0.027163,30610.15,30152.65,
581,2,0xf17f52151EbEF6C7334FAD080c5704D77216b732,0x128727cd99f85878d4345520582a533846358ba0ac5a9d349687ec7f80aba5f1,24375,32121,988294,494147,0.027163,30598.64,30149.00,
582,1,0x627306090abaB3A6e1400e9345bC60c78a8BEf57,0x2b28e3d7f24ab116e66b74aa4dd53bb2b937360903e504f4cf472c58deaa22e0,24376,32121,988294,494147,0.027163,29609.51,29153.61,
582,2,0xf17f52151EbEF6C7334FAD080c5704D77216b732,0x2d2e52b627917303a686cd69c8932b1c6ae3cbc370ee26a60313abc8dde064db,24376,32121,988294,494147,0.027163,29598.64,29147.01,
583,1,0x627306090abaB3A6e1400e9345bC60c78a8BEf57,0x77806c7bdfa3a242b94b1eb6228b842ba8806a374c273b7b87b2f53e090c6b88,24377,32121,988294,494147,0.027163,29608.36,29152.48,
583,2,0xf17f52151EbEF6C7334FAD080c5704D77216b732,0xb5aea8868922ada973716f4761f0ed029351e614c1756a0a870fec0f7c448a48,24377,32121,988294,494147,0.027163,29592.42,29148.59,
584,1,0x627306090abaB3A6e1400e9345bC60c78a8BEf57,0xff3eb7de2be92d7860127b2f4d7094891471f95b97220b39a6a98d17378267f3,24378,32121,988294,494147,0.027163,30611.23,30151.72,
584,2,0xf17f52151EbEF6C7334FAD080c5704D77216b732,0x7b904bd08647a2bca1a37f83c447b72bdd9b0c58838b17639cc787ebccd3549f,24378,32121,988294,494147,0.027163,30594.19,30148.27,
585,1,0x627306090abaB3A6e1400e9345bC60c78a8BEf57,0x08e836b55f25196f9842ce3a580e4360a60edf4cbab9719c7ed24ea480bdc418,24379,32121,988294,494147,0.027163,29614.98,29153.11,
585,2,0xf17f52151EbEF6C7334FAD080c5704D77216b732,0xb42af5569674ddeef8f45c40a4c96eb725483282efd95bac7c023f0199fe8a7a,24379,32121,988294,494147,0.027163,29596.24,29147.77,
586,1,0x627306090abaB3A6e1400e9345bC60c78a8BEf57,0x48a71cc877a0f3229c4765278c03f5e362f288849d5b8b3413cb1f473e3b5ea9,24380,32121,988294,494147,0.027163,30611.60,30151.14,
586,2,0xf17f52151EbEF6C7334FAD080c5704D77216b732,0xe44eda7069da3c25a3024dc3db3d32ff96b3c26aa2c7a502a6e40641cc6c2534,24380,32121,988294,494147,0.027163,30598.21,30149.31,
587,1,0x627306090abaB3A6e1400e9345bC60c78a8BEf57,0xa521daed44f151463ce7df56350bae377ab25d5c0a927484925031304e190e70,24381,32121,991397,495698,0.027248,29614.70,29152.63,
587,2,0xf17f52151EbEF6C7334FAD080c5704D77216b732,0xca311084fd4da78c1b433010029e1777e064877d555f7ae98a4952180bed77cc,24381,32121,991397,495698,0.027248,29605.10,29151.74,
588,1,0x627306090abaB3A6e1400e9345bC60c78a8BEf57,0x90d5ade17302475ddcee6957ba566fa83112a0b9c20606d15e796ca280a330ae,24382,32121,992722,496361,0.027284,29606.95,29150.38,
588,2,0xf17f52151EbEF6C7334FAD080c5704D77216b732,0x4084d70521df3304a08bfbe232c9feb29d77b063dca0ab718ba6234a6aa20947,24382,32121,992722,496361,0.027284,29599.76,29155.45,
589,1,0x627306090abaB3A6e1400e9345bC60c78a8BEf57,0x2177cf0386c2c51fc178e41b4d09e52312313b47186ef566fd2a196b63a21243,24383,32121,993508,496754,0.027306,30600.09,30149.69,
589,2,0xf17f52151EbEF6C7334FAD080c5704D77216b732,0xd5923a63b1a2773c533213c2de5b59c1098bbcb4b6cba935cc114ad031ea2ac4,24383,32121,993508,496754,0.027306,30610.61,30153.42,
590,1,0x627306090abaB3A6e1400e9345bC60c78a8BEf57,0x304d120dd7300e59e098ae67ce5ef545234fe9900ac5d65900fcaab5a1b1318f,24384,32121,1001990,500995,0.027539,29596.70,29148.37,
590,2,0xf17f52151EbEF6C7334FAD080c5704D77216b732,0xdf2ad39f074cdc2282a35f3e558ac2e343e960033ca5ca81d8075eca98d77f13,24384,32121,1001990,500995,0.027539,29617.86,29153.89,
591,2,0xf17f52151EbEF6C7334FAD080c5704D77216b732,0x75dcffb39dec8959c4965b34c5abc4f01facbbf1465d32a690136d0141151a75,24385,32121,1001990,500995,0.027539,29616.95,29151.81,
591,1,0x627306090abaB3A6e1400e9345bC60c78a8BEf57,0xb0b1f9ab2941f2a983cc5020fca0a5519064d3f7c39290648844d66160701fa4,24385,32121,1001990,500995,0.027539,30599.67,30152.15,
592,1,0x627306090abaB3A6e1400e9345bC60c78a8BEf57,0xe77c783f331b89079f037105d988d8eaf48e34e885ab29d24f9b389d85e85b18,24386,32121,1001990,500995,0.027539,29605.49,29151.72,
592,2,0xf17f52151EbEF6C7334FAD080c5704D77216b732,0x0078e91ae293ce403063f79c38be11a0c489006cb76252d6af3b717cacfb1ce1,24386,32121,1001990,500995,0.027539,30614.86,30152.13,
593,1,0x627306090abaB3A6e1400e9345bC60c78a8BEf57,0x4920206e7520bc3130b6c66f249115207d930d7981deb92dc21add50875697b1,24387,32121,1001990,500995,0.027539,29611.05,29153.70,
593,2,0xf17f52151EbEF6C7334FAD080c5704D77216b732,0x5e2fc992c74f88fa19704664ccb7fabc537deeb7b3ab55e758ea70f4c9bd9720,24387,32121,1001990,500995,0.027539,29615.43,29156.39,
594,1,0x627306090abaB3A6e1400e9345bC60c78a8BEf57,0x3b378e7d45302d7f3450ac43505430e19849b8bc1d821120978696bfc4f41fb3,24388,32121,1004928,502464,0.027620,30603.34,30152.25,
594,2,0xf17f52151EbEF6C7334FAD080c5704D77216b732,0x7d9b2bb225735934db435f95226d50e1f0f4a0232125258969e4a137d4671095,24388,32121,1004928,502464,0.027620,30614.36,30153.94,
595,1,0x627306090abaB3A6e1400e9345bC60c78a8BEf57,0x90118ff81e2164f29e8589d2c72ff6a2d8193c9358184bd588dc0d8a880c16be,24389,32121,1004928,502464,0.027620,29605.91,29150.95,
595,2,0xf17f52151EbEF6C7334FAD080c5704D77216b732,0x0265483e11f3dcfd2562e7c3d317bc62864bbde21ab1743dc20145a44daea1e9,24389,32121,1004928,502464,0.027620,29614.80,29154.33,
596,1,0x627306090abaB3A6e1400e9345bC60c78a8BEf57,0xe452f24a484cd4f4b8474bb556609602e609b6ce0c3b09a50a1b7f340aee3d9e,24390,32121,1017715,508857,0.027971,29610.13,29156.07,
596,2,0xf17f52151EbEF6C7334FAD080c5704D77216b732,0x1518b699971cf0c0d1fa4cdbcb645ff788a131abd583b55f0929ecb493f661cd,24390,32121,1017715,508857,0.027971,29614.87,29156.72,
597,1,0x627306090abaB3A6e1400e9345bC60c78a8BEf57,0x90c740a0c4ca33cfb4d33f6fd10ba273d5537ba950fb0611beb776de297361bb,24391,32121,1017715,508857,0.027971,30613.34,30151.74,
597,2,0xf17f52151EbEF6C7334FAD080c5704D77216b732,0x79747f42f1d2373ca79c1528ea4c25cea38b3e829e9efc13522ed56c0dd93d96,24391,32121,1017715,508857,0.027971,30616.42,30155.12,
598,1,0x627306090abaB3A6e1400e9345bC60c78a8BEf57,0xb0fc87dde872b586519438baee3bed5dd59592d894c8d8fa023e59d742ffcac0,24392,32121,1017715,508857,0.027971,29607.12,29149.13,
598,2,0xf17f52151EbEF6C7334FAD080c5704D77216b732,0xe976f061e4628516cb1c0de4fd19d321536fd1176821b1fdb040f9e6128ae3cb,24392,32121,1017715,508857,0.027971,29613.61,29152.76,
599,1,0x627306090abaB3A6e1400e9345bC60c78a8BEf57,0x851563c9d19af34d9f38a0d377d8784db3fea2a14a9455e08681354ef6f01679,24393,32121,1017715,508857,0.027971,30609.78,30155.83,
599,2,0xf17f52151EbEF6C7334FAD080c5704D77216b732,0xc0f72bbd69b407d0d8471469362c3b57d9ef6bf6153891fc9585505c0f68f244,24393,32121,1017715,508857,0.027971,30619.41,30158.36,
600,1,0x627306090abaB3A6e1400e9345bC60c78a8BEf57,0x497a1f3bb49e85315f8cbc791fd310fcba7a00d1c6d6efa1133ebda5a58b4791,24394,32121,1018004,509002,0.027979,29646.28,29166.59,
600,2,0xf17f52151EbEF6C7334FAD080c5704D77216b732,0x5b3c0d38954056202f3af0e6b5140a4c55cfab433fb5cc43c627d46fcd63f198,24394,32121,1018004,509002,0.027979,29641.13,29161.10,
601,1,0x627306090abaB3A6e1400e9345bC60c78a8BEf57,0x40ed57efcb2e278ef2a33992f262b8228dadbe06fc2cb4157b6a1cbd61f93729,24395,32121,1018004,509002,0.027979,29647.55,29156.38,
601,2,0xf17f52151EbEF6C7334FAD080c5704D77216b732,0x6751368d65e4b498a74baf3ae488de6dc6c42c95cb9d99e03528a1b273a58f00,24395,32121,1018004,509002,0.027979,29644.02,29158.33,
602,1,0x627306090abaB3A6e1400e9345bC60c78a8BEf57,0xe1efafa8541d4d37c2ac3bd06d116a5b47ccaed0c509aee484e71d3a3ed884ba,24396,32121,1018004,509002,0.027979,30655.61,30153.21,
602,2,0xf17f52151EbEF6C7334FAD080c5704D77216b732,0x251acc6f196f3d0beece540ce60a81170b2ada767853851e6396f0dffd5a75f3,24396,32121,1018004,509002,0.027979,30654.35,30158.14,
603,1,0x627306090abaB3A6e1400e9345bC60c78a8BEf57,0x0e420a32632980eebbce010d37f7c59d62f8120836e3674c020f603f4df7d405,24397,32121,1034023,517011,0.028419,29620.76,29155.44,
603,2,0xf17f52151EbEF6C7334FAD080c5704D77216b732,0xf8fc252ff66a92dce4ff6f413b5c77122fe8d44cd56212ca0b3599f6e721435d,24397,32121,1034023,517011,0.028419,29635.98,29154.24,
604,1,0x627306090abaB3A6e1400e9345bC60c78a8BEf57,0x550108ffc61ef61d8a7426fdedff457ee2afdf779bf53edea88308de8e5c2eca,24398,32121,1034023,517011,0.028419,29619.83,29151.27,
604,2,0xf17f52151EbEF6C7334FAD080c5704D77216b732,0x54fe1055069e2ce4ffcc66c2f4c3a5f05696121cba7aff9e5f3ae05cf0322916,24398,32121,1034023,517011,0.028419,29629.17,29154.87,
605,1,0x627306090abaB3A6e1400e9345bC60c78a8BEf57,0x7407c3185c8614ecf282e6d3e9d067fd4965db7d279b72afe106c374171bf060,24399,32121,1034023,517011,0.028419,30618.88,30152.68,
605,2,0xf17f52151EbEF6C7334FAD080c5704D77216b732,0x8d6038f557b79da5fd3ab71aa1cf50431ef8f9ffc2510fd156a868f9b9b59588,24399,32121,1034023,517011,0.028419,30629.17,30157.97,
606,1,0x627306090abaB3A6e1400e9345bC60c78a8BEf57,0x55acfb6c6816dd603ef0a5e0a1e86e8fbdfbdc4af7fe833a9368517e4e5fae25,24400,32121,1034023,517011,0.028419,29634.54,29156.32,
606,2,0xf17f52151EbEF6C7334FAD080c5704D77216b732,0xc2383c2b4b140038b3d1ae0ae3ee50b93cf05f332199295588298b84d75197b8,24400,32121,1034023,517011,0.028419,29637.42,29158.70,
607,2,0xf17f52151EbEF6C7334FAD080c5704D77216b732,0x3ca5d3e9853abe5faa061a789854bdfcbbaa28b81cafe425076a7b8c6914f9b6,24401,32121,1034023,517011,0.028419,29630.32,29156.14,
607,1,0x627306090abaB3A6e1400e9345bC60c78a8BEf57,0x36df3ea71268b8986be3526e1d902a24604ead1c297862d2f55d77b08563ac50,24401,32121,1034023,517011,0.028419,30608.21,30150.13,
608,1,0x627306090abaB3A6e1400e9345bC60c78a8BEf57,0x0eed763a8743df2750a4af587d740ddf290181b3329624fdfebf50599eb42f46,24402,32121,1034023,517011,0.028419,29610.53,29152.82,
608,2,0xf17f52151EbEF6C7334FAD080c5704D77216b732,0x5add51e4f2981c57a6f6b805fc78deb43dd790fd0d67087b2dbaabf94ec280f6,24402,32121,1034023,517011,0.028419,30641.76,30154.47,
609,1,0x627306090abaB3A6e1400e9345bC60c78a8BEf57,0x12eb1d78560ae69519eaf0fa5c60a6ec545dc1772ec8a1afedc632fbc57d41ee,24403,32121,1034023,517011,0.028419,29609.75,29152.13,
609,2,0xf17f52151EbEF6C7334FAD080c5704D77216b732,0xc8290f6ea6e773d2a16b37775dc3a833ddb7a8b3835ad323ba217c3da5d6d494,24403,32121,1034023,517011,0.028419,29626.73,29162.10,
610,1,0x627306090abaB3A6e1400e9345bC60c78a8BEf57,0xeff577ff6fbc50f7b8cc22e706417b627be07606b30bb409e7c4dd18cbed2223,24404,32121,1034023,517011,0.028419,30630.57,30153.77,
610,2,0xf17f52151EbEF6C7334FAD080c5704D77216b732,0x2c4d8ee8395e4522b394a00110f88a131eae77a29b8e2f8d6dd0a530d1147f99,24404,32121,1034023,517011,0.028419,30692.68,30200.13,
611,1,0x627306090abaB3A6e1400e9345bC60c78a8BEf57,0x6039d4964cc17630f72c8652e806dbdacd7899c020f3f1fef71c4c4b6fb34c72,24405,32121,1035345,517672,0.028456,29634.80,29152.16,
611,2,0xf17f52151EbEF6C7334FAD080c5704D77216b732,0xaaab5175ef6c54e3cc0757f9108d3e8418cb32e741a5fae13a5899cc42ab2789,24405,32121,1035345,517672,0.028456,29631.72,29156.97,
612,2,0xf17f52151EbEF6C7334FAD080c5704D77216b732,0xf5a51b1f25de188b79bf577c63c9d808bec0d3150e4d743eb2cdeb36e8f643f3,24406,32121,1053430,526715,0.028953,29616.86,29155.34,
612,1,0x627306090abaB3A6e1400e9345bC60c78a8BEf57,0xd6dda35b270cc9a04a4fe9ab6ed033e73054912349f1e8b9474791fa17f14777,24406,32121,1053430,526715,0.028953,30605.95,30152.49,
613,1,0x627306090abaB3A6e1400e9345bC60c78a8BEf57,0x6429d1eb04ba09cff619eeaeaef74f0ebc78692e4871ddbe879d4c11152b6fa3,24407,32121,1053430,526715,0.028953,29641.55,29154.33,
613,2,0xf17f52151EbEF6C7334FAD080c5704D77216b732,0xfb3df87d3fbdf17aae87f888e99577d42d0bcbd980d77d4a4527a4d36cbf0142,24407,32121,1053430,526715,0.028953,30622.43,30161.31,
614,1,0x627306090abaB3A6e1400e9345bC60c78a8BEf57,0xcfed9dedff1e35297237dbe5ecf316293004658f971f4d2b35214734ac9ccd78,24408,32121,1053430,526715,0.028953,29615.20,29154.63,
614,2,0xf17f52151EbEF6C7334FAD080c5704D77216b732,0x2d5512b339bea12c62bbb1951678217edf535f5c4bc0d4f1812c72e19afa4bfb,24408,32121,1053430,526715,0.028953,29643.41,29155.88,
615,2,0xf17f52151EbEF6C7334FAD080c5704D77216b732,0x7c7228ddfad1849906f9c0de9e81b5d2147e3845c450a9b3cf1972cd07a27dde,24409,32121,1053430,526715,0.028953,29627.88,29161.56,
615,1,0x627306090abaB3A6e1400e9345bC60c78a8BEf57,0xf899b4e3b4ce78bf39a884fc835ba31d036783b4aa051762dba23340e77e0969,24409,32121,1053430,526715,0.028953,30637.63,30168.93,
616,1,0x627306090abaB3A6e1400e9345bC60c78a8BEf57,0xeb72121535f99e4e6d64ce719761a4894c42b8f91f9c968f7a8e244106f81a47,24410,32121,1053430,526715,0.028953,29618.05,29150.00,
616,2,0xf17f52151EbEF6C7334FAD080c5704D77216b732,0xfc52cc7643ea126671679d1265bc01fd1bdf024e992d2b122b608eb4feaf7efa,24410,32121,1053430,526715,0.028953,30629.45,30152.43,
617,1,0x627306090abaB3A6e1400e9345bC60c78a8BEf57,0x844baa46fe7c3d8d4c14f01b65de0dd975ee68cd8e046bef6e4d5db762f10c98,24411,32121,1053430,526715,0.028953,29600.54,29151.39,
617,2,0xf17f52151EbEF6C7334FAD080c5704D77216b732,0x01545d477214b789e26841c8c3e5349b891cff04d3e09aa3d90d3bf28d7472f9,24411,32121,1053430,526715,0.028953,29624.52,29158.22,
618,2,0xf17f52151EbEF6C7334FAD080c5704D77216b732,0x596f1c06072f5590ad989e2f4faa335c07acec28e3b70ec65d7dfefbb8e237e5,24412,32121,1053430,526715,0.028953,29646.29,29158.86,
618,1,0x627306090abaB3A6e1400e9345bC60c78a8BEf57,0x4bcd325d0c4ba286b8d6c40ecd7ff68a70e5944b8ef529322eab433f8f6630df,24412,32121,1053430,526715,0.028953,30631.33,30163.74,
619,1,0x627306090abaB3A6e1400e9345bC60c78a8BEf57,0x89c532e70799e680f5f71de18f85a025a9967d7367bdc9fc0dbc1d699ea31aa9,24413,32121,1053430,526715,0.028953,29632.76,29158.42,
619,2,0xf17f52151EbEF6C7334FAD080c5704D77216b732,0xc4db658ab35314586b5b482ed262cce77832f6e79bd5578186c36d4665882827,24413,32121,1053430,526715,0.028953,30619.16,30154.15,
620,2,0xf17f52151EbEF6C7334FAD080c5704D77216b732,0x2ea2bdcf35ad10a01c89e9158847bcb9740dd3cf0606f142bb6ddf47a27c33d9,24414,32121,1053430,526715,0.028953,29618.60,29156.79,
620,1,0x627306090abaB3A6e1400e9345bC60c78a8BEf57,0x63ee7a9f3fd4d66a0043e7e96f92db4442f0c6895df7d18097b706363369df73,24414,32121,1053430,526715,0.028953,30628.05,30164.17,
621,1,0x627306090abaB3A6e1400e9345bC60c78a8BEf57,0x81b9f6b593aa9e4bb82177e4865909b5286ab97ac534e97775d1e20d5bb0cd90,24415,32121,1053430,526715,0.028953,29645.25,29156.88,
621,2,0xf17f52151EbEF6C7334FAD080c5704D77216b732,0xfe42fc46153f65d0d63e2146927b019333603bb32d4a116822b7e0fda3efdd97,24415,32121,1053430,526715,0.028953,30665.90,30162.66,
622,1,0x627306090abaB3A6e1400e9345bC60c78a8BEf57,0x24cc390e9af1136d42ade70d020647a029bdc72fca86f22b2248c9f8169413c1,24416,32121,1053430,526715,0.028953,29656.47,29156.24,
622,2,0xf17f52151EbEF6C7334FAD080c5704D77216b732,0xdca094add64b50f2d86ef4087d1d19e36df975ebffd17306188ee4e754fbd4c2,24416,32121,1053430,526715,0.028953,29637.04,29154.46,
623,2,0xf17f52151EbEF6C7334FAD080c5704D77216b732,0x5d3ca25f2895f5a1655d0c8986b133afdaae56d9c8e012efde1813796ddd7f28,24417,32121,1057981,528990,0.029078,29635.13,29156.98,
623,1,0x627306090abaB3A6e1400e9345bC60c78a8BEf57,0xd5d5fb7ad9aa669c27e26092e6c1c49499bc28ff84c9e5c3dc9353b3e7ff34a2,24417,32121,1057981,528990,0.029078,30628.74,30160.68,
624,1,0x627306090abaB3A6e1400e9345bC60c78a8BEf57,0x3f2a6b3cc467aa47bfe30c046bbbb9608787f3f187bcf59b511459f343d7301d,24418,32121,1057981,528990,0.029078,29653.32,29155.50,
624,2,0xf17f52151EbEF6C7334FAD080c5704D77216b732,0xbd62df51d68e248006db96851d3dde25ec5ea68c3e5e30dabb15fd30e6c9dc1a,24418,32121,1057981,528990,0.029078,30654.13,30174.19,
625,1,0x627306090abaB3A6e1400e9345bC60c78a8BEf57,0x125dcbf7493ac8729975b3cce0a91fbb48d821920701d25addb1eb04bb464b8a,24419,32121,1057981,528990,0.029078,29661.99,29157.07,
625,2,0xf17f52151EbEF6C7334FAD080c5704D77216b732,0x286895287dd9f8777352008dd5e48526849a3aedc56d19be1e41977b54da921f,24419,32121,1057981,528990,0.029078,29625.60,29156.35,
626,2,0xf17f52151EbEF6C7334FAD080c5704D77216b732,0x44dc292825f753c558ee800fa1a0ba2a4687658866fc9f5103ce251e857225b9,24420,32121,1063112,531556,0.029219,29710.26,29157.76,
626,1,0x627306090abaB3A6e1400e9345bC60c78a8BEf57,0x68abe77f715cd5773b1259482099a63ebd0a534b9b26d4f7b477cb5f321d2c6e,24420,32121,1063112,531556,0.029219,30657.33,30159.06,
627,1,0x627306090abaB3A6e1400e9345bC60c78a8BEf57,0x2504275ed77191e9f1223c7a608b74c5486f61694214d91f901812f2c418cdb9,24421,32121,1063112,531556,0.029219,29631.29,29157.48,
627,2,0xf17f52151EbEF6C7334FAD080c5704D77216b732,0xc6b21cea43fd31ab04a0cb296f5a4947cd6a6c72b079d84231952ddc500edfe9,24421,32121,1063112,531556,0.029219,30645.72,30155.79,
628,1,0x627306090abaB3A6e1400e9345bC60c78a8BEf57,0x65eecfd25049fa58e50fa58ed8a36b0731d9eccebda12f9f2d2037de7519e377,24422,32121,1065347,532673,0.029280,29671.06,29163.65,
628,2,0xf17f52151EbEF6C7334FAD080c5704D77216b732,0x3be8cd8c15fbaa7dc3edff77d04fa1fa6239e3f4e6ad571aa5ef722a8516a8c9,24422,32121,1065347,532673,0.029280,29641.17,29155.45,
629,2,0xf17f52151EbEF6C7334FAD080c5704D77216b732,0xc52c837853d610b5438880f1212db982a5e538a758a9908a4916c6b4f35b6b28,24423,32121,1069278,534639,0.029388,29633.80,29162.54,
629,1,0x627306090abaB3A6e1400e9345bC60c78a8BEf57,0x7a117a941f58aee9d121a52d0d9a3e551e00c5cf088aff837944ec2aae723a0e,24423,32121,1069278,534639,0.029388,30645.65,30155.00,
630,1,0x627306090abaB3A6e1400e9345bC60c78a8BEf57,0xa032e539bcedf583ef43c6a5a86878cc15cd7dee36d08926b3477f5932c654bf,24424,32121,1069278,534639,0.029388,29725.03,29209.17,
630,2,0xf17f52151EbEF6C7334FAD080c5704D77216b732,0x2475e6241c14f62541a407a2b3ea288fe9a6dea8a2d91d2349730c57e925839d,24424,32121,1069278,534639,0.029388,30643.00,30162.39,
631,1,0x627306090abaB3A6e1400e9345bC60c78a8BEf57,0x9a78a85369dd829dd64dba99e9d86659efe88c96a22692efa30eaeecf5d30f00,24425,32121,1070147,535073,0.029412,29676.38,29154.83,
631,2,0xf17f52151EbEF6C7334FAD080c5704D77216b732,0x617adb75144f66673e34347dab8e52302040a5aec987b3cef09ee05621065eb7,24425,32121,1070147,535073,0.029412,29677.37,29157.37,
632,2,0xf17f52151EbEF6C7334FAD080c5704D77216b732,0xca761aa468feea4d6e7321c794f5ec9f0c5ec1398f61fcdb57ac073bb19cdd74,24426,32121,1073457,536728,0.029503,29624.32,29153.74,
632,1,0x627306090abaB3A6e1400e9345bC60c78a8BEf57,0x2195cd04a2beec35e49807d7626b828fcd0cbb429b0a4b2f83453b3c669ac42f,24426,32121,1073457,536728,0.029503,30626.71,30155.04,
633,1,0x627306090abaB3A6e1400e9345bC60c78a8BEf57,0xc26e0a39d288e754af1a87f0141cc8c92b016249e5f7f7338b1ba40520ff30f3,24427,32121,1073457,536728,0.029503,29641.00,29175.52,
633,2,0xf17f52151EbEF6C7334FAD080c5704D77216b732,0x9df8c0dc0328a2b46982ee5a14c18b4bcfdb875c1ce72bd06e7da08cecd99f04,24427,32121,1073457,536728,0.029503,30653.76,30176.22,
634,1,0x627306090abaB3A6e1400e9345bC60c78a8BEf57,0xc2bb31b348b48d98b3ed5b7684c44cbda8b5d19247b03ff31d78607b0feafc40,24428,32121,1074576,537288,0.029534,29714.36,29164.73,
634,2,0xf17f52151EbEF6C7334FAD080c5704D77216b732,0x51f63aab119ea1316cf289bbd46c7c379c5e36831610cbc81fdd3771bf25ce9d,24428,32121,1074576,537288,0.029534,29664.69,29161.92,
635,1,0x627306090abaB3A6e1400e9345bC60c78a8BEf57,0xf148aaa6f062316c5e084415b01b26cf5f4495594d365167fe618cbf79570270,24429,32121,1078382,539191,0.029639,30636.77,30157.85,
635,2,0xf17f52151EbEF6C7334FAD080c5704D77216b732,0x0ec49f526b5f952b326e5b26dd5baeadfd943021d77a90dced0a82c5f49bf340,24429,32121,1078382,539191,0.029639,30632.59,30162.48,
636,1,0x627306090abaB3A6e1400e9345bC60c78a8BEf57,0xee8cb46399359d8920735d838762d8f9d302f9d9ea4e0e9761c0b5aa8acd7e5e,24430,32121,1078382,539191,0.029639,29654.02,29156.55,
636,2,0xf17f52151EbEF6C7334FAD080c5704D77216b732,0xe8c18a9d06bcce7298fb3c980e2399a8e1d4e1a8321d4814e250bd1ae086a400,24430,32121,1078382,539191,0.029639,29641.47,29156.83,
637,1,0x627306090abaB3A6e1400e9345bC60c78a8BEf57,0x5879d140b066167a84db631694e35614fd5443b5fcce2498cf0254f2d87f9a0e,24431,32121,1078382,539191,0.029639,29631.11,29154.86,
637,2,0xf17f52151EbEF6C7334FAD080c5704D77216b732,0x963269a5e814877e993a96b3a8dd6475c00a8504420c1cf1b80c810a0d895c67,24431,32121,1078382,539191,0.029639,29650.62,29159.07,
638,1,0x627306090abaB3A6e1400e9345bC60c78a8BEf57,0xd8652f9810089e24b68498cc7215d2bece2b1998e5e997bf0d1ac1d387ebe176,24432,32121,1087155,543577,0.029880,30646.74,30158.28,
638,2,0xf17f52151EbEF6C7334FAD080c5704D77216b732,0xd557a5f600dc88827d4544db7476fc4b0b0600953594fa59072bdef32cbea845,24432,32121,1087155,543577,0.029880,30654.15,30170.19,
639,1,0x627306090abaB3A6e1400e9345bC60c78a8BEf57,0xb82a3c9a3391eb11f307897993b3ac2e9302b089277acb7e02b214cdd502a0aa,24433,32121,1087155,543577,0.029880,29641.45,29153.91,
639,2,0xf17f52151EbEF6C7334FAD080c5704D77216b732,0xa1665eb669ad7ef0a4480fcb0ad5e0b6e1f3f637f521842263a1e5fa9443daf9,24433,32121,1087155,543577,0.029880,29694.73,29155.84,
640,1,0x627306090abaB3A6e1400e9345bC60c78a8BEf57,0x9e3ae4fd0c3d8373e001a0a3b40214ada71fa0be6aab12036936ae3a13c018f9,24434,32121,1087155,543577,0.029880,29639.60,29162.16,
640,2,0xf17f52151EbEF6C7334FAD080c5704D77216b732,0x682aac7fa5c9cf409e80c5dfab4efebe4dae3107eb04efe4580190da545b596e,24434,32121,1087155,543577,0.029880,29624.25,29156.88,
641,1,0x627306090abaB3A6e1400e9345bC60c78a8BEf57,0xefbcae6b72d5f8d58f55819387e6d048ba5d20b984ca78a34d0178130b3bbad3,24435,32121,1087155,543577,0.029880,30637.80,30160.94,
641,2,0xf17f52151EbEF6C7334FAD080c5704D77216b732,0x0b71840b2be1b57a46ce24bc125064187ee14ccaeede109da9efc0fe49bf3b17,24435,32121,1087155,543577,0.029880,30639.96,30161.15,
642,1,0x627306090abaB3A6e1400e9345bC60c78a8BEf57,0x6073760e3f3f453c54a74c5b8178c95a18e599730d397b667316b8fa68599a28,24436,32121,1087155,543577,0.029880,29683.35,29161.84,
642,2,0xf17f52151EbEF6C7334FAD080c5704D77216b732,0xf035f2f034d4f3de84debad96d5de34cd4d73278f39d14ccfc7fb18f36f755be,24436,32121,1087155,543577,0.029880,29641.70,29163.45,
643,2,0xf17f52151EbEF6C7334FAD080c5704D77216b732,0x5902221c50106d0ccaaa293d4a3ec0442b3bc65b37dfc47793318ca4596005ad,24437,32121,1095099,547549,0.030098,29635.45,29159.91,
643,1,0x627306090abaB3A6e1400e9345bC60c78a8BEf57,0x8fc3d5ddbf5306afb582a2ed62a83d19a102624db29703585b798bfe6f578979,24437,32121,1095099,547549,0.030098,30657.51,30163.14,
644,1,0x627306090abaB3A6e1400e9345bC60c78a8BEf57,0x1f023ca013b2f39f1b74d4d7c4c2e8f94b5dbd1dd1ff9d775ea00f1681998a45,24438,32121,1095099,547549,0.030098,29655.49,29165.40,
644,2,0xf17f52151EbEF6C7334FAD080c5704D77216b732,0x32d7a8ad9b579f181abd8739655ca48a7af086325f93457d3268fdc9aaf235af,24438,32121,1095099,547549,0.030098,30681.31,30161.21,
645,1,0x627306090abaB3A6e1400e9345bC60c78a8BEf57,0xddbac5b9b370ccb60f7173012efa6a27a5be8a50b4120134dead39d574e3d0a0,24439,32121,1095099,547549,0.030098,29684.49,29155.91,
645,2,0xf17f52151EbEF6C7334FAD080c5704D77216b732,0xc8ca92e63ad90a8833abf62b363da6dc08ba5634186a3ab7dddc71afa77e9b36,24439,32121,1095099,547549,0.030098,29672.98,29156.98,
646,1,0x627306090abaB3A6e1400e9345bC60c78a8BEf57,0xac9daa02cbf21584b5d4c3511fff352fceb037b24bb58cbee92507b7bd5615a0,24440,32121,1095099,547549,0.030098,29676.36,29157.61,
646,2,0xf17f52151EbEF6C7334FAD080c5704D77216b732,0x6ee65c9bc41b9f93db01757d165a1c97890e3cada7d5525cd3ee975b6e1bd644,24440,32121,1095099,547549,0.030098,29655.72,29155.23,
647,1,0x627306090abaB3A6e1400e9345bC60c78a8BEf57,0x7a9fdc997da714523509c4ba055ce502ae58d6d0ad489aadac47d5482314df63,24441,32121,1096259,548129,0.030130,30668.56,30185.37,
647,2,0xf17f52151EbEF6C7334FAD080c5704D77216b732,0x7cbe3fee5d3baa5d098d43801534481c77b993bf09110b9c78074425986fb214,24441,32121,1096259,548129,0.030130,30664.90,30157.39,
648,1,0x627306090abaB3A6e1400e9345bC60c78a8BEf57,0xf815312ec87ed07cc023f6dcd5352bcb82fbce0e26c9c5c7dc2d689790d3dbb4,24442,32121,1098659,549329,0.030196,29680.81,29153.12,
648,2,0xf17f52151EbEF6C7334FAD080c5704D77216b732,0x89dfea58451cbdcda9456865c52dd55f57d46213a7c3f276dec6430b3b099520,24442,32121,1098659,549329,0.030196,29664.55,29153.54,
649,1,0x627306090abaB3A6e1400e9345bC60c78a8BEf57,0xf203213284579caf61f8ff623a85d2216fc4ab6c7aee6c12728df6a8f2bdc87b,24443,32121,1105817,552908,0.030393,29620.69,29155.16,
649,2,0xf17f52151EbEF6C7334FAD080c5704D77216b732,0xc17f369aaff59c141289ffff715c1a0eb847ae2b8bff50252db8abb82cb3a6f5,24443,32121,1105817,552908,0.030393,29639.29,29153.07,
650,1,0x627306090abaB3A6e1400e9345bC60c78a8BEf57,0x279798332c98a79b9ae68a7e00eab328113af58c178416ee519e5b9b690f486d,24444,32121,1105817,552908,0.030393,30671.32,30166.13,
650,2,0xf17f52151EbEF6C7334FAD080c5704D77216b732,0x99e244460b29fed0fa13cff9e334edfa51698cb7003f0c0b417fa3291543271e,24444,32121,1105817,552908,0.030393,30672.70,30178.11,
651,1,0x627306090abaB3A6e1400e9345bC60c78a8BEf57,0xe7e84d6afb1f8e708b5e8be9c29d79d49dd1375732170fa0f35ccdf4f47ba1e2,24445,32121,1105817,552908,0.030393,29669.28,29164.75,
651,2,0xf17f52151EbEF6C7334FAD080c5704D77216b732,0x545a9871147b16342d196a950a1522d0255ff55f6ae7a03f203aa8ad094e8b42,24445,32121,1105817,552908,0.030393,29655.93,29165.12,
652,1,0x627306090abaB3A6e1400e9345bC60c78a8BEf57,0x9c39491339d7b756d12e0f564796168ae8002fc4407dd2fa1e90928d8c94614f,24446,32121,1105817,552908,0.030393,29676.91,29165.23,
652,2,0xf17f52151EbEF6C7334FAD080c5704D77216b732,0x3688866e802f615395f6746acba826fa2a714f0db9f77fc2de626c89ee7d9760,24446,32121,1105817,552908,0.030393,29672.95,29162.80,
653,1,0x627306090abaB3A6e1400e9345bC60c78a8BEf57,0x6229565dcef3e64083d23d2ff6051ec9fcc141f81d29d7456b94622e0bd023eb,24447,32121,1105817,552908,0.030393,30701.36,30166.00,
653,2,0xf17f52151EbEF6C7334FAD080c5704D77216b732,0x83733090ac9ddf895423817c7953cda0bef437e906e18b7cf4710c450f338763,24447,32121,1105817,552908,0.030393,30669.89,30161.30,
654,1,0x627306090abaB3A6e1400e9345bC60c78a8BEf57,0x83f826b244ca2e14047d280f31bf4c053742e6eda12468749e1ffe9323ba6dd1,24448,32121,1110535,555267,0.030522,29699.61,29161.02,
654,2,0xf17f52151EbEF6C7334FAD080c5704D77216b732,0x401490314d2aa6afe3cc2c7da633e1393b9ee386b32fdc29936a804ae503a30e,24448,32121,1110535,555267,0.030522,29672.43,29158.83,
655,1,0x627306090abaB3A6e1400e9345bC60c78a8BEf57,0x46faa664106e5c7e9161383cbf9eaf32ea1127ada838b204f50468344de0fd88,24449,32121,1110535,555267,0.030522,29659.32,29163.10,
655,2,0xf17f52151EbEF6C7334FAD080c5704D77216b732,0x7367ac7b50fbfb4a8c12d698e94d09f635278aa7472e95a5d55fff4e26c7b7f1,24449,32121,1110535,555267,0.030522,29657.67,29160.04,
656,1,0x627306090abaB3A6e1400e9345bC60c78a8BEf57,0xbb690b6a73906422e06a1a10ad2ed06c0027bc8c3fbfd148c851734bb8ac30f7,24450,32121,1114756,557378,0.030638,30657.46,30163.79,
656,2,0xf17f52151EbEF6C7334FAD080c5704D77216b732,0x0ef0b7fe59ff3b1323c40437b06f4eef93a2c66edd436be8f425b7bb1a396446,24450,32121,1114756,557378,0.030638,30645.51,30164.73,
657,1,0x627306090abaB3A6e1400e9345bC60c78a8BEf57,0xbf5a08060b7948e687e86ebd7223c5318be83b44c2f1daa1b0acb3553ab25a8b,24451,32121,1114756,557378,0.030638,29698.40,29180.98,
657,2,0xf17f52151EbEF6C7334FAD080c5704D77216b732,0xe09d45b819b0823827e95ef5484631e600d51da8c240bdfcb67089f7cc162ae5,24451,32121,1114756,557378,0.030638,29667.35,29162.95,
658,1,0x627306090abaB3A6e1400e9345bC60c78a8BEf57,0x1b749a9844188b44e84aeda4cd7c6c18f99d7d9d83eda081798063d43bc62ae3,24452,32121,1117819,558909,0.030722,29660.54,29169.43,
658,2,0xf17f52151EbEF6C7334FAD080c5704D77216b732,0x64b19c663d0bd63913dbad98455445d929b6ecdae9da1f574296437bf96d5b32,24452,32121,1117819,558909,0.030722,29654.55,29160.04,
659,1,0x627306090abaB3A6e1400e9345bC60c78a8BEf57,0x0a3ddcf3f6ef8a8df851841882fe4fa037449da05d10af2af1417d3ef8481d8d,24453,32121,1117819,558909,0.030722,30673.49,30165.06,
659,2,0xf17f52151EbEF6C7334FAD080c5704D77216b732,0xaa4c4599f41bd48545a10aaf458d63277629dfed908e0c6b4216f6c942d03c67,24453,32121,1117819,558909,0.030722,30693.22,30160.99,
660,1,0x627306090abaB3A6e1400e9345bC60c78a8BEf57,0x672ee3b588e944be5bb433814c36d6b0e474dc8d5f6afebf655b92387fd2d003,24454,32121,1136439,568219,0.031234,29695.28,29162.64,
660,2,0xf17f52151EbEF6C7334FAD080c5704D77216b732,0x2d256eede4e2ee811f67e38bd14a104cdf255a11f1dbf1c9683b8e95ed9b45a5,24454,32121,1136439,568219,0.031234,29680.37,29158.67,
661,1,0x627306090abaB3A6e1400e9345bC60c78a8BEf57,0x79248fa44f562d1b9f34dffe1eef3f5d52a78861cb6c7d783f8fd1bef3a717b1,24455,32121,1136439,568219,0.031234,29684.62,29180.41,
661,2,0xf17f52151EbEF6C7334FAD080c5704D77216b732,0xdddb4f499f49ae095eff088a61df90c2f763eb58bcf1b199bb685eb339fe6e6a,24455,32121,1136439,568219,0.031234,29646.91,29159.51,
662,2,0xf17f52151EbEF6C7334FAD080c5704D77216b732,0xe3798245b1539a9e90ad9b07d438ec76e6a5135caf6e6a3066b04a814084986d,24456,32121,1136439,568219,0.031234,30644.99,30158.75,
662,1,0x627306090abaB3A6e1400e9345bC60c78a8BEf57,0xf9d2f2384066282aff6cd5b3766a106986be34c82cb9494394296335c5d20e9b,24456,32121,1136439,568219,0.031234,30667.36,30162.46,
663,2,0xf17f52151EbEF6C7334FAD080c5704D77216b732,0x2ada76bf9251dc65ad0be15a47a43c0100ed0558d5d45b3f8ad9913b14bd5736,24457,32121,1136439,568219,0.031234,29649.65,29162.08,
663,1,0x627306090abaB3A6e1400e9345bC60c78a8BEf57,0xa356fa01700b13512b0f97d5973d64e068106cb99eeb08b2d0bd38773aac45b8,24457,32121,1136439,568219,0.031234,29678.89,29165.89,
664,2,0xf17f52151EbEF6C7334FAD080c5704D77216b732,0x10df2ada393f3ed67d34ea62cdeb7318b85f6c6e2938aba2840a48bc4c6cd812,24458,32121,1136439,568219,0.031234,29745.25,29160.64,
664,1,0x627306090abaB3A6e1400e9345bC60c78a8BEf57,0x7a33ec63173d6ba7bc2c01b66fd0cf142067a2aaa3c5d48b771c31311cf606a3,24458,32121,1136439,568219,0.031234,29724.23,29165.43,
665,2,0xf17f52151EbEF6C7334FAD080c5704D77216b732,0x162056fb5bb673e73f90859952d2b9e2c331ad521d9127efeaf6c4c8dd3b9240,24459,32121,1136439,568219,0.031234,30700.67,30159.09,
665,1,0x627306090abaB3A6e1400e9345bC60c78a8BEf57,0xe5606e02176b1bc8d1e66d0483cd18a7441d6d892a1d2bd3993cc8257f9c7d23,24459,32121,1136439,568219,0.031234,30719.93,30181.84,
666,2,0xf17f52151EbEF6C7334FAD080c5704D77216b732,0x42bba65d8026b98389faf543c1edb843ec1daa2a43c64dd846b1a4823747baae,24460,32121,1136439,568219,0.031234,29664.38,29163.45,
666,1,0x627306090abaB3A6e1400e9345bC60c78a8BEf57,0xf9387aeabf0a879f4b8f2d934b8dfbda0c7c97a45004ff13654c10efa361a71a,24460,32121,1136439,568219,0.031234,29688.67,29165.51,
667,2,0xf17f52151EbEF6C7334FAD080c5704D77216b732,0x38e02e5d2b602bbbdcec638529ffce62617d701a4e792d5896084e79a263c1a6,24461,32121,1136439,568219,0.031234,29693.82,29167.19,
667,1,0x627306090abaB3A6e1400e9345bC60c78a8BEf57,0x64c7840d30cb41c983681d5e5a417023ca8a0cc6eccefdaf20c0f63bbca3eaa2,24461,32121,1136439,568219,0.031234,29796.89,29195.71,
668,1,0x627306090abaB3A6e1400e9345bC60c78a8BEf57,0xeb0adcf8a36ba1b9a9891a4816c17650256e55708074b7c3e9dc4f72183c4b16,24462,32121,1136439,568219,0.031234,29666.22,29167.49,
668,2,0xf17f52151EbEF6C7334FAD080c5704D77216b732,0x5640f0ef7f8847670c9ed9083690e88752b9530156e91b7dad58f80283a61082,24462,32121,1136439,568219,0.031234,30659.08,30161.72,
669,2,0xf17f52151EbEF6C7334FAD080c5704D77216b732,0x1eb176f03bbce334814439dcb6be371f75ee800b27b7a92780a19005541993fe,24463,32121,1136439,568219,0.031234,29663.53,29158.26,
669,1,0x627306090abaB3A6e1400e9345bC60c78a8BEf57,0x0a139fad3ffd5872ac521f800d39019927930c6655a6bc835d8324bfb0a46589,24463,32121,1136439,568219,0.031234,30670.80,30163.29,
670,2,0xf17f52151EbEF6C7334FAD080c5704D77216b732,0xdf124d43238315d43e5019f9af4b79494c0ff38994ca9c243975f91f18275c39,24464,32121,1136439,568219,0.031234,29642.53,29161.63,
670,1,0x627306090abaB3A6e1400e9345bC60c78a8BEf57,0xc4c03de94b9d0a489b363b9a5271424b49b567e5c0b5ab26d6fd2ca3806dab67,24464,32121,1136439,568219,0.031234,29688.56,29200.21,
671,1,0x627306090abaB3A6e1400e9345bC60c78a8BEf57,0x7b03ea82d7249d7435a8da5e63934a876228393b082a5185ccaa2b6eb46f02b2,24465,32121,1136439,568219,0.031234,29657.39,29162.04,
671,2,0xf17f52151EbEF6C7334FAD080c5704D77216b732,0xc76695cf27befa18ed500c5e369e83ecfa999cd60c9fa7fbe08cbd20f62aff11,24465,32121,1136439,568219,0.031234,30647.05,30158.67,
672,2,0xf17f52151EbEF6C7334FAD080c5704D77216b732,0x5a3d59b0271a4a25acc52a008ccc96a5d46ca2dd6d6b61e0783cde7dc1188fef,24466,32121,1138964,569482,0.031304,29636.40,29158.61,
672,1,0x627306090abaB3A6e1400e9345bC60c78a8BEf57,0xe379b39d2841aad46a471b0fdb204790f1bfc4375ed85d121af0beefbe857544,24466,32121,1138964,569482,0.031304,30654.63,30163.63,
673,2,0xf17f52151EbEF6C7334FAD080c5704D77216b732,0x77d8985e5348e7cd48de28a4699c657e1662859a67d351cacec42f59d580191c,24467,32121,1138964,569482,0.031304,29635.58,29159.28,
673,1,0x627306090abaB3A6e1400e9345bC60c78a8BEf57,0x744b1ff0dc565c851665f3085446cb20ffd8a87cb8c505c97a62a2bd986b4f61,24467,32121,1138964,569482,0.031304,29655.66,29163.08,
674,1,0x627306090abaB3A6e1400e9345bC60c78a8BEf57,0x78c5490f9a735a4ef211c34a15d7079688634d85751f4b8c085355e0b21e0bec,24468,32121,1142649,571324,0.031405,29645.20,29160.30,
674,2,0xf17f52151EbEF6C7334FAD080c5704D77216b732,0x382db503576b86ea78f9ce23915a0a8da10d24e4be9bffad1ce8c865a6dbee3f,24468,32121,1142649,571324,0.031405,30633.79,30159.15,
675,2,0xf17f52151EbEF6C7334FAD080c5704D77216b732,0x9049c4b8d2a2deac79f64abe8eaf0970a838f58564051187a2df3a52fbd08852,24469,32121,1142649,571324,0.031405,29636.26,29159.94,
675,1,0x627306090abaB3A6e1400e9345bC60c78a8BEf57,0x6831552cb0177e9c8fd6ce41803f1a61c03ab6daab81330b576745c93453a7aa,24469,32121,1142649,571324,0.031405,30653.58,30163.44,
676,2,0xf17f52151EbEF6C7334FAD080c5704D77216b732,0xf5cdeef487d5d87231dc7d02911e5095ad114b63335c790d8d96fbd71c731046,24470,32121,1143476,571738,0.031428,29650.82,29159.67,
676,1,0x627306090abaB3A6e1400e9345bC60c78a8BEf57,0x5663b41ac2d1ed1a17af25c10d361137bcd33d5ad2ee5d4c0bbbc2cba5795258,24470,32121,1143476,571738,0.031428,29650.53,29161.13,
677,1,0x627306090abaB3A6e1400e9345bC60c78a8BEf57,0x0f3c3909cef4a977e62bf0a4000b5ca18dd3b40a4cdf677dabffeb9775c191f5,24471,32121,1161767,580883,0.031930,29652.76,29163.54,
677,2,0xf17f52151EbEF6C7334FAD080c5704D77216b732,0x069143d157318ce8c629396a2688aa2462b45b0f7e107eaa1e2977762ac2ba64,24471,32121,1161767,580883,0.031930,30633.64,30159.65,
678,2,0xf17f52151EbEF6C7334FAD080c5704D77216b732,0x9f3aad91e070a42b63344456ab77c7d940a87e637e2622f688dc9f6cce1a6edc,24472,32121,1161767,580883,0.031930,29647.99,29162.68,
678,1,0x627306090abaB3A6e1400e9345bC60c78a8BEf57,0xb17da6eb2f04440cb5b6951bc22beff6e72efb715c163b887e7fff3a28fce684,24472,32121,1161767,580883,0.031930,30656.16,30162.81,
679,2,0xf17f52151EbEF6C7334FAD080c5704D77216b732,0x8b78fc24ab16076b850662c9962d4295dfc1b460ee3961843da1b3adb3b94fae,24473,32121,1161767,580883,0.031930,29638.54,29161.82,
679,1,0x627306090abaB3A6e1400e9345bC60c78a8BEf57,0x7ff6c28e76a26ddb1b19bf951ca9dd30efbdeb4dcb5602aa5b5728683dee7ae5,24473,32121,1161767,580883,0.031930,29653.10,29163.26,
680,1,0x627306090abaB3A6e1400e9345bC60c78a8BEf57,0x36a2fa30593d207b3c7eb69a14f87ad8e876506161fa5af12ea471559e36441f,24474,32121,1161767,580883,0.031930,29656.56,29167.79,
680,2,0xf17f52151EbEF6C7334FAD080c5704D77216b732,0xc83b8edb10fbebb5a87cc4a933477134feb31e151e2fbb2879e6ec6056bd0a54,24474,32121,1161767,580883,0.031930,30643.99,30159.20,
681,2,0xf17f52151EbEF6C7334FAD080c5704D77216b732,0x319e1cdf074d47f58cfc21610d66beca6b81a24d5c62727f3f40ff615a31b6a0,24475,32121,1161767,580883,0.031930,29638.08,29155.08,
681,1,0x627306090abaB3A6e1400e9345bC60c78a8BEf57,0xb4cf65129a67bb3933137904a9503224f5e7227ff2d204428b96ea7181ef1f24,24475,32121,1161767,580883,0.031930,30652.09,30151.93,
682,1,0x627306090abaB3A6e1400e9345bC60c78a8BEf57,0x29f365d415ab885ac9edbba96287c22ac1034d7e3803ee189c30d68c1a847461,24476,32121,1161767,580883,0.031930,29612.91,29153.35,
682,2,0xf17f52151EbEF6C7334FAD080c5704D77216b732,0x64ace4ee8756a6f12678484cbcc4508e0b1e6200f51e92b9fadd560d180f3664,24476,32121,1161767,580883,0.031930,30606.26,30150.55,
683,2,0xf17f52151EbEF6C7334FAD080c5704D77216b732,0x895137567d45f3c6787136792e4fce1fbc7c1544d132fca5cb4262f50bd86f98,24477,32121,1161767,580883,0.031930,29608.35,29151.03,
683,1,0x627306090abaB3A6e1400e9345bC60c78a8BEf57,0x0dda3e89f9727bf8426e084a28a8af01c226768c3a593ce3660eef46d56e8c3d,24477,32121,1161767,580883,0.031930,30613.34,30152.34,
684,2,0xf17f52151EbEF6C7334FAD080c5704D77216b732,0xb6ec186da3d55cdc82149dae057f8ae4c26d7772fb11ddefb2e7cdda790f798a,24478,32121,1161767,580883,0.031930,29605.14,29152.14,
684,1,0x627306090abaB3A6e1400e9345bC60c78a8BEf57,0x3fa1e5e613e387982eced76f552622637a6513d6d82e52782fadca9ceef39400,24478,32121,1161767,580883,0.031930,29611.53,29151.67,
685,1,0x627306090abaB3A6e1400e9345bC60c78a8BEf57,0x7195de79d44e7e98d7e5b09dd9773a5a725c2fbafed943fdc760c7ee82a969f1,24479,32121,1161767,580883,0.031930,29610.35,29152.94,
685,2,0xf17f52151EbEF6C7334FAD080c5704D77216b732,0x0d141c09621ff2306e4f456ba98c92339e93e348fb937fa92e30c0e4acf6a5f5,24479,32121,1161767,580883,0.031930,30599.65,30150.03,
686,2,0xf17f52151EbEF6C7334FAD080c5704D77216b732,0xbcee173d7eb9550bc9d9209dd6b785c1a854ac76585888d548c6d5497b936998,24480,32121,1161767,580883,0.031930,29602.40,29149.83,
686,1,0x627306090abaB3A6e1400e9345bC60c78a8BEf57,0x7d33566bb44263dd4194090ce6c34024957728c78d91584bee2fd9084ea64437,24480,32121,1161767,580883,0.031930,30617.25,30151.39,
687,1,0x627306090abaB3A6e1400e9345bC60c78a8BEf57,0xf99989ac51a1cb738ab3c138e3677dfe1a505cdeb1c0abae338bdd59538a9fb3,24481,32121,1174388,587194,0.032277,29618.77,29159.01,
687,2,0xf17f52151EbEF6C7334FAD080c5704D77216b732,0x5d4388f55e65006285e89224794953fe6b4549dec2a04bc2b16014015fa7638b,24481,32121,1174388,587194,0.032277,30605.03,30156.18,
688,2,0xf17f52151EbEF6C7334FAD080c5704D77216b732,0xa29c4d75df917be08af13381efcba30f513c8b00041a9cea051c333e9246c479,24482,32121,1174388,587194,0.032277,29614.58,29155.18,
688,1,0x627306090abaB3A6e1400e9345bC60c78a8BEf57,0xcf26315813e5d9a1ef19792a231ef8df8a499e75790302edb94dad2a738fea8b,24482,32121,1174388,587194,0.032277,30610.11,30152.42,
689,2,0xf17f52151EbEF6C7334FAD080c5704D77216b732,0x4f6bd439255f9ee7092456e62ceca1842bb04b4c822e603fe6dc2f2e762d7c04,24483,32121,1174388,587194,0.032277,29609.66,29153.19,
689,1,0x627306090abaB3A6e1400e9345bC60c78a8BEf57,0x6f9eed27de55873d808b570111c7d7eabc82455ba66fb56ae1d06cfe207ff1f3,24483,32121,1174388,587194,0.032277,29611.67,29154.01,
690,1,0x627306090abaB3A6e1400e9345bC60c78a8BEf57,0xe01bef452bd2ab7371a063c4bbcef934dcf7ef1415fd281afad13e479c34e2c4,24484,32121,1174388,587194,0.032277,29618.31,29158.45,
690,2,0xf17f52151EbEF6C7334FAD080c5704D77216b732,0x6dcdcfa0e6f584cd5c5549c234f59e796fabf6469bf765d077ab7d5fdbfc2432,24484,32121,1174388,587194,0.032277,30613.48,30151.45,
691,2,0xf17f52151EbEF6C7334FAD080c5704D77216b732,0x64a9788f4ca7b51a5202adf15ca002107a801120759958181fa701439bef75a8,24485,32121,1174388,587194,0.032277,29602.28,29150.56,
691,1,0x627306090abaB3A6e1400e9345bC60c78a8BEf57,0x742aa34b45997afae3cabf10c77f74ce3befbc8f8d6ba185d56ec683af6b1bfa,24485,32121,1174388,587194,0.032277,30613.68,30154.90,
692,1,0x627306090abaB3A6e1400e9345bC60c78a8BEf57,0x74f51f59cd00379a625d0c1f51b685777e89c547566885abb5a452d3be1f3520,24486,32121,1174388,587194,0.032277,29614.49,29156.35,
692,2,0xf17f52151EbEF6C7334FAD080c5704D77216b732,0xd27e2cc42950c2fb27c03b7b63b68aab0e54ce074c39d016ca3f68942096a249,24486,32121,1174388,587194,0.032277,30608.03,30150.83,
693,1,0x627306090abaB3A6e1400e9345bC60c78a8BEf57,0xf4f729dd9c2c629aa2f34423df9cc309f48aaa1503b6e3186e5b6250a194e3a4,24487,32121,1174678,587339,0.032285,29616.61,29151.14,
693,2,0xf17f52151EbEF6C7334FAD080c5704D77216b732,0x52f5e385bac1c197cb15ae5b7bf61e87c77fc303aabb1efe7dfcf903d2cd5f06,24487,32121,1174678,587339,0.032285,29606.15,29152.44,
694,2,0xf17f52151EbEF6C7334FAD080c5704D77216b732,0xec5022d54d82d030929a972e2dc1dda2e42794fc2e47e3ece161440814774749,24488,32121,1184403,592201,0.032552,29607.08,29152.10,
694,1,0x627306090abaB3A6e1400e9345bC60c78a8BEf57,0x4994542cec10a240f60fa4c0e622e90ab156e53e1e205dc91ef6d86b2964331c,24488,32121,1184403,592201,0.032552,30623.21,30153.69,
695,1,0x627306090abaB3A6e1400e9345bC60c78a8BEf57,0x48f48618b510ef42e8803e71ab429e57d34445e788f4b00527d26c3bcca1bf96,24489,32121,1184403,592201,0.032552,29612.18,29152.86,
695,2,0xf17f52151EbEF6C7334FAD080c5704D77216b732,0x75a3c5adbb53f7b8fd18bebd05b6e59e51f55624d987d00dc953d161a3161f40,24489,32121,1184403,592201,0.032552,30611.10,30153.02,
696,2,0xf17f52151EbEF6C7334FAD080c5704D77216b732,0x78ee19701f4249e06b9b2f56bfaedf492d5c5dacb64277213ff52040dfb257b8,24490,32121,1184403,592201,0.032552,29611.45,29154.65,
696,1,0x627306090abaB3A6e1400e9345bC60c78a8BEf57,0x6903eb6771e436508917c44374a96c3ba52ede833cc45c9bfac0c228a4211e8f,24490,32121,1184403,592201,0.032552,30619.11,30153.34,
697,2,0xf17f52151EbEF6C7334FAD080c5704D77216b732,0xc2b3b1ade832166c25f42c944ae6d84fe8039bbf3ce145fb0ef2f47a26d708f0,24491,32121,1184403,592201,0.032552,29604.92,29154.12,
697,1,0x627306090abaB3A6e1400e9345bC60c78a8BEf57,0xc39209d0642fee2c7b2153042bccde76fdf23c2ab63b09f72dd8f8600c86488c,24491,32121,1184403,592201,0.032552,29614.43,29151.57,
698,1,0x627306090abaB3A6e1400e9345bC60c78a8BEf57,0x0412c63a3fb0112783419424c1e5545c15da5899dd497ae4aef20a40a7356e75,24492,32121,1184403,592201,0.032552,29617.86,29153.63,
698,2,0xf17f52151EbEF6C7334FAD080c5704D77216b732,0xcea49ff0e1a3c462079da812b2a3b3f6cc4b615778ef429e12aebe1b02c8af9e,24492,32121,1184403,592201,0.032552,30619.13,30150.57,
699,2,0xf17f52151EbEF6C7334FAD080c5704D77216b732,0xb5bba40a9fed97b566c1291191ed648567a3ea10c416aae066fc8e3f4bc923a3,24493,32121,1186970,593485,0.032623,29605.77,29150.76,
699,1,0x627306090abaB3A6e1400e9345bC60c78a8BEf57,0x031ccbffbbdacd41056ad5364db27f52d8624128d889c7a9208366d827162bd6,24493,32121,1186970,593485,0.032623,30608.19,30153.25,
700,1,0x627306090abaB3A6e1400e9345bC60c78a8BEf57,0x3c1ef500c9b99171008240a27d6ae99f86c59012a02b661b40f0ad81c65b2d7f,24494,32121,1187260,593630,0.032631,29616.40,29154.91,
700,2,0xf17f52151EbEF6C7334FAD080c5704D77216b732,0x0d59a709b341800b961b84489ba04db5bb732cf8f1d1abd9090cfed29d323878,24494,32121,1187260,593630,0.032631,30606.11,30150.81,
701,2,0xf17f52151EbEF6C7334FAD080c5704D77216b732,0x0e507b067c61b5edaa816690dab8565de195d27fa3cb06325eee6618298c187a,24495,32121,1203934,601967,0.033089,29607.79,29153.43,
701,1,0x627306090abaB3A6e1400e9345bC60c78a8BEf57,0xd05ea2309597f37c35239a3c2ade854c0a1a1d7dcf886017bd740d352589370e,24495,32121,1203934,601967,0.033089,30609.59,30153.67,
702,2,0xf17f52151EbEF6C7334FAD080c5704D77216b732,0x2f2726d51f832407450f193cde99d14bec4142d52ddc4cc0ead98bdffa4824f0,24496,32121,1203934,601967,0.033089,29615.44,29153.63,
702,1,0x627306090abaB3A6e1400e9345bC60c78a8BEf57,0xc6e7768cc290fddf0bd58e103e6950322f01dd47ae94c7b5341aeef7826ee862,24496,32121,1203934,601967,0.033089,29616.81,29153.00,
703,1,0x627306090abaB3A6e1400e9345bC60c78a8BEf57,0x29db543e9a5c5604cbeefb9351c333dd0e4b17b42b07b15e856c0213085bb1cc,24497,32121,1203934,601967,0.033089,29614.91,29153.51,
703,2,0xf17f52151EbEF6C7334FAD080c5704D77216b732,0x583abe22c9120994dfb0976ed4dbe9ae0b7588557c47017769751b837e143726,24497,32121,1203934,601967,0.033089,30615.08,30154.04,
704,2,0xf17f52151EbEF6C7334FAD080c5704D77216b732,0x4beb6e15ff00bba6f1bb01d5d3f8a367036113709782b421a4bb544556932902,24498,32121,1203934,601967,0.033089,29613.23,29154.01,
704,1,0x627306090abaB3A6e1400e9345bC60c78a8BEf57,0x9fcaaa82b65a92d3cdb6137512303ad8cecdcf0b3b6d98a84a937e59502ac3de,24498,32121,1203934,601967,0.033089,30614.02,30153.26,
705,1,0x627306090abaB3A6e1400e9345bC60c78a8BEf57,0xa32cfd2f478cee6ced6b91c86c4e64ec48d57a1fadbfaea063df5edfa6d80644,24499,32121,1203934,601967,0.033089,29609.75,29153.49,
705,2,0xf17f52151EbEF6C7334FAD080c5704D77216b732,0x1e677e6a7f337913e583239427084de66d8fddafcc85b47971f27707e299326a,24499,32121,1203934,601967,0.033089,30617.56,30156.08,
706,1,0x627306090abaB3A6e1400e9345bC60c78a8BEf57,0xa6d0a766f1ee3b0eeff3307ecf02c17952bc9668ce172ae33c79727b58c7da79,24500,32121,1203934,601967,0.033089,29614.52,29153.34,
706,2,0xf17f52151EbEF6C7334FAD080c5704D77216b732,0x101decaf60b413b954d7f638af800b94a66fbf33d15b1c25f964ff3086c48a81,24500,32121,1203934,601967,0.033089,29622.52,29155.64,
707,2,0xf17f52151EbEF6C7334FAD080c5704D77216b732,0x6216ddfc8400543eb17e89188046108b40f04088385dad19b2398fc43b65fc21,24501,32121,1203934,601967,0.033089,29615.52,29153.28,
707,1,0x627306090abaB3A6e1400e9345bC60c78a8BEf57,0xcf93978bedd2c3023a1355980841c14305393263b57e1d72f8a0df877678664a,24501,32121,1203934,601967,0.033089,30620.19,30154.82,
708,1,0x627306090abaB3A6e1400e9345bC60c78a8BEf57,0x3d4ac51fb030371943fdc8507fb879fd677b658a2c246258a1daab7b80cf4cb3,24502,32121,1203934,601967,0.033089,29615.27,29153.70,
708,2,0xf17f52151EbEF6C7334FAD080c5704D77216b732,0x2c33a7017af76797dc254af8266d9ceca53c403ec3fca5dcfd42febbf52c5715,24502,32121,1203934,601967,0.033089,30619.27,30154.37,
709,2,0xf17f52151EbEF6C7334FAD080c5704D77216b732,0xf3115d6a56f367f3a02b7fbb986dacfabe70eb95d83ee535390a20e3b012409d,24503,32121,1203934,601967,0.033089,29613.82,29153.73,
709,1,0x627306090abaB3A6e1400e9345bC60c78a8BEf57,0xf947144625a34552015a283d22f2f7ca4fa15819049db67592d3f97ee3f58d81,24503,32121,1203934,601967,0.033089,30622.43,30159.22,
710,2,0xf17f52151EbEF6C7334FAD080c5704D77216b732,0xc3cdfc849a4c3ddcf2a555e281fac28db05119fc5cb59d4cdebc275d575dc3ec,24504,32121,1204513,602256,0.033105,29621.41,29160.61,
710,1,0x627306090abaB3A6e1400e9345bC60c78a8BEf57,0x0cc6ffe262ef9bdb4cee4e3e393aa6c111a53a7620a0c0686515cee9eae7529a,24504,32121,1204513,602256,0.033105,29615.06,29153.62,
711,1,0x627306090abaB3A6e1400e9345bC60c78a8BEf57,0xd6ac102f92db00b5039f08f2e7b20c091fecc39432d290857e88f78be422c5d1,24505,32121,1207866,603933,0.033197,29614.45,29154.82,
711,2,0xf17f52151EbEF6C7334FAD080c5704D77216b732,0xa30b78e61eaa3d9e18d3d7c6187a774fc3d4cd4224aceb112a22ca2b3e8b2945,24505,32121,1207866,603933,0.033197,30612.38,30155.31,
712,2,0xf17f52151EbEF6C7334FAD080c5704D77216b732,0x5c3f2c805c620a21f4987f5b61cbe98a7ed49e81e91069242cc8640ee6af4ce0,24506,32121,1211921,605960,0.033309,29916.02,29154.60,
712,1,0x627306090abaB3A6e1400e9345bC60c78a8BEf57,0x2ff9bec17874f4e4029989c180e6e0778e0b82a63095a57a64d4e78e5f548624,24506,32121,1211921,605960,0.033309,30614.06,30153.49,
713,2,0xf17f52151EbEF6C7334FAD080c5704D77216b732,0x827df5639fb217d68f74b759ac96d1b07f586275bc61c9ca1941ffc26e80f264,24507,32121,1211921,605960,0.033309,29613.33,29156.83,
713,1,0x627306090abaB3A6e1400e9345bC60c78a8BEf57,0x0ec56e01ad8abb7c2604cee5ab76866d3b15aafdf6c47d08f6cdbe959d722307,24507,32121,1211921,605960,0.033309,29613.75,29152.21,
714,2,0xf17f52151EbEF6C7334FAD080c5704D77216b732,0x1c76249aec6980b4bcbdd3e9527da47836d89183bb186fa6e1ff2cb8ec5a1b1f,24508,32121,1211921,605960,0.033309,30621.93,30154.52,
714,1,0x627306090abaB3A6e1400e9345bC60c78a8BEf57,0x3c028d50158644d3b0ca2238f0f0b4c625bb4e8bfa9fdb54f43d71d09797c120,24508,32121,1211921,605960,0.033309,30618.83,30154.74,
715,2,0xf17f52151EbEF6C7334FAD080c5704D77216b732,0x9628fb6aff4120fb74239765f26a5e823cc9f1a0af58635afcbe432cb0be9e8e,24509,32121,1217342,608671,0.033458,29622.32,29156.47,
715,1,0x627306090abaB3A6e1400e9345bC60c78a8BEf57,0x2ff806af7c18f789713312e4ce7fd1c552d892217d4bfc55b4d108b16ed5031a,24509,32121,1217342,608671,0.033458,29615.51,29154.16,
716,2,0xf17f52151EbEF6C7334FAD080c5704D77216b732,0x245e4f724496d26701ecbe62416f63835fd209808c01dfa810820a4717e32c5f,24510,32121,1217342,608671,0.033458,29622.55,29156.13,
716,1,0x627306090abaB3A6e1400e9345bC60c78a8BEf57,0xb10e677e3b7dfafecdc621cf115cb19c30e7660f5b0a84ac1c07256c49804887,24510,32121,1217342,608671,0.033458,29615.59,29153.06,
717,2,0xf17f52151EbEF6C7334FAD080c5704D77216b732,0xda3c462b4eb84d430fa1bfaa671989911a8fc88dc0717b79bbf53a7c75e2e8ec,24511,32121,1217342,608671,0.033458,30623.07,30156.49,
717,1,0x627306090abaB3A6e1400e9345bC60c78a8BEf57,0x4a41b32e3535ae262dec80e7c4877d965a221e20a411a22082f172b55644969c,24511,32121,1217342,608671,0.033458,30611.38,30153.62,
718,2,0xf17f52151EbEF6C7334FAD080c5704D77216b732,0x9ffc75545d3ef2933703e97cc26a26f42da19c21a004815e283af22aeb4f9828,24512,32121,1217342,608671,0.033458,29621.38,29155.49,
718,1,0x627306090abaB3A6e1400e9345bC60c78a8BEf57,0xdc4c210ecf2f4eb759eb708cb7a9be026ca0e2c9ffd5d768a9ef5ac58c651533,24512,32121,1217342,608671,0.033458,29623.08,29153.70,
719,1,0x627306090abaB3A6e1400e9345bC60c78a8BEf57,0xd316f036788e04a8a6aa2fe3011027677ac3122a22364108cfc5ac2c53521f1c,24513,32121,1218665,609332,0.033494,29616.45,29153.28,
719,2,0xf17f52151EbEF6C7334FAD080c5704D77216b732,0x2c7d3bf3415059b31003897b69ac35e8c699e05fef83213291e60965b2d5146e,24513,32121,1218665,609332,0.033494,30625.19,30155.69,
720,2,0xf17f52151EbEF6C7334FAD080c5704D77216b732,0x6c6e9909dbd723d3004d7e035566532496e63fd9810908e9f275b169ae00db9b,24514,32121,1227438,613719,0.033735,29627.60,29156.13,
720,1,0x627306090abaB3A6e1400e9345bC60c78a8BEf57,0xa7aead7d4e393679c55efb98598fb89f50aeeb988bc666102f7f3078edeccc45,24514,32121,1227438,613719,0.033735,30613.67,30152.90,
721,2,0xf17f52151EbEF6C7334FAD080c5704D77216b732,0x11cc7473fbac3fbed8418666d99f6f5e48d29f5275084763e1f82267857caeba,24515,32121,1227438,613719,0.033735,29617.18,29154.70,
721,1,0x627306090abaB3A6e1400e9345bC60c78a8BEf57,0x0c2ac9b77438aef9ca7677e955329fc76134a9fccb2586795e24f6e8fc6d6807,24515,32121,1227438,613719,0.033735,29622.40,29152.40,
722,2,0xf17f52151EbEF6C7334FAD080c5704D77216b732,0xa0dbb3e85bf307341d631ed3eac4d0302217610c62a928808c01ccc78000cde5,24516,32121,1227438,613719,0.033735,30623.99,30155.73,
722,1,0x627306090abaB3A6e1400e9345bC60c78a8BEf57,0xffc14386a9ff36615ef768fd1484fa3fb21161924427bf48f1bf721358477cae,24516,32121,1227438,613719,0.033735,30618.63,30155.93,
723,2,0xf17f52151EbEF6C7334FAD080c5704D77216b732,0x9fc01670547113cf6c0be528dfd229dc5ce99650adc12227215a93c29dcdee1e,24517,32121,1227438,613719,0.033735,29627.23,29160.77,
723,1,0x627306090abaB3A6e1400e9345bC60c78a8BEf57,0xce56a7bb6f3ff4d2cb0ce2ec7bec8b932749740b5bdbfbdb15a0bf72d214eefc,24517,32121,1227438,613719,0.033735,29617.36,29153.71,
724,2,0xf17f52151EbEF6C7334FAD080c5704D77216b732,0x650c2b9e7038362c00816d9071151c3c757808b5be29d3c8b5983746802ba53f,24518,32121,1227438,613719,0.033735,29623.00,29157.15,
724,1,0x627306090abaB3A6e1400e9345bC60c78a8BEf57,0xf2ec00d9feb10cdf1bf303761bee754126f6ad57521cab417db348c17428db59,24518,32121,1227438,613719,0.033735,29623.76,29153.84,
725,2,0xf17f52151EbEF6C7334FAD080c5704D77216b732,0x8206c1afa3fc9031074cab07be45eb720ba413b95c926589f92942d9a8924d63,24519,32121,1227438,613719,0.033735,30625.50,30156.36,
725,1,0x627306090abaB3A6e1400e9345bC60c78a8BEf57,0x0a5a497a67d89266401c51083af1d26b937c4273854962f7ba3de11aacaa234d,24519,32121,1227438,613719,0.033735,30613.99,30152.39,
726,2,0xf17f52151EbEF6C7334FAD080c5704D77216b732,0x769964a7bf9d5139f0a5459259b89fb584817ac81ba359753b5a85575610d517,24520,32121,1228555,614277,0.033766,29619.02,29154.30,
726,1,0x627306090abaB3A6e1400e9345bC60c78a8BEf57,0x85a148bccb7c94da9043596b382437054ee45b9d20e26d5478c270ce0525bdc4,24520,32121,1228555,614277,0.033766,29614.38,29152.86,
727,2,0xf17f52151EbEF6C7334FAD080c5704D77216b732,0xaa8b3b62120dc763d19cfc8ebc03678a98a228118cf1050df1377b0047fb950d,24521,32121,1230169,615084,0.033810,30619.30,30154.49,
727,1,0x627306090abaB3A6e1400e9345bC60c78a8BEf57,0x1698b344a9686c02139cf6ce7734875064934ce22a78116ce8c65c0545c613b2,24521,32121,1230169,615084,0.033810,30609.68,30151.91,
728,2,0xf17f52151EbEF6C7334FAD080c5704D77216b732,0x2db5484a635221a1b4e1f3482addb44fc216643047aaa3c36eb1718fa00eea0d,24522,32121,1240513,620256,0.034095,29620.96,29154.30,
728,1,0x627306090abaB3A6e1400e9345bC60c78a8BEf57,0x25445ef63c699db7df2e02868e7e7831d3a88b439782970a616401c722bb5eef,24522,32121,1240513,620256,0.034095,29614.87,29154.03,
729,2,0xf17f52151EbEF6C7334FAD080c5704D77216b732,0xa5ae1c4398bbb79facb925c380fd1e6ecb444e24e9299185aa8e061ebdbe2d69,24523,32121,1240513,620256,0.034095,29621.07,29153.87,
729,1,0x627306090abaB3A6e1400e9345bC60c78a8BEf57,0x26282f39490bcdb176b14fbee48e37f49835bd138a941ead348122dacf49a4ce,24523,32121,1240513,620256,0.034095,29614.96,29153.76,
730,2,0xf17f52151EbEF6C7334FAD080c5704D77216b732,0x4157513d55f47e4c3af4622b019f8e5d1710f02a3a9b0f00e1daba2042290367,24524,32121,1240513,620256,0.034095,30621.42,30154.84,
730,1,0x627306090abaB3A6e1400e9345bC60c78a8BEf57,0x942258dd046cc7d4cfd8250505f074a994af0fa111c3ce97748a0a70e89e6073,24524,32121,1240513,620256,0.034095,30611.10,30153.61,
731,2,0xf17f52151EbEF6C7334FAD080c5704D77216b732,0x861216df040a7617adc4b713b4555f4e77121c95adba272a0e96c204e548e3d5,24525,32121,1240513,620256,0.034095,29621.28,29156.06,
731,1,0x627306090abaB3A6e1400e9345bC60c78a8BEf57,0x25b96b4a15affb5b30d2f760ce2932ddced9e75abf4f115cf98d19b5aba0e877,24525,32121,1240513,620256,0.034095,29617.01,29151.51,
732,1,0x627306090abaB3A6e1400e9345bC60c78a8BEf57,0x3c999edfef1a6fb2249179311da9ec887237ba31bba512d32906a27af7db7e14,24526,32121,1240513,620256,0.034095,29601.62,29151.33,
732,2,0xf17f52151EbEF6C7334FAD080c5704D77216b732,0xef3d4b750c227cc54e82e8e2dce3faf23e704f64262559118fd19f7450aa540a,24526,32121,1240513,620256,0.034095,30619.44,30154.27,
733,2,0xf17f52151EbEF6C7334FAD080c5704D77216b732,0x9af5882bcd4c25d23476231f11e3f04fa38284fee59f8e893c5b95e5157680e6,24527,32121,1241051,620525,0.034109,29616.44,29152.36,
733,1,0x627306090abaB3A6e1400e9345bC60c78a8BEf57,0xe8a1cc06184693972af069308eb6dcc9c694c3482dc6104e03897e2217da1458,24527,32121,1241051,620525,0.034109,30607.57,30151.09,
734,2,0xf17f52151EbEF6C7334FAD080c5704D77216b732,0x252deee2ff19aa8c170dedd39fc5ed73645df1db8130bc05be7f8c1f5a1b0440,24528,32121,1247796,623898,0.034295,29615.56,29154.29,
734,1,0x627306090abaB3A6e1400e9345bC60c78a8BEf57,0x0fd1da96bd2b8bc946d4e94c7f36958e89721512e0bf1cc0426c21af64709bfc,24528,32121,1247796,623898,0.034295,29620.54,29153.61,
735,2,0xf17f52151EbEF6C7334FAD080c5704D77216b732,0x20777d334ee26bf89626e0321c6edabaa38a241819fc86266706ebbaa8279917,24529,32121,1247796,623898,0.034295,30613.93,30153.97,
735,1,0x627306090abaB3A6e1400e9345bC60c78a8BEf57,0x9db0f843c955c3ed787ae5e78f3c9d6fe2dfd011f6668e39c50b85a82a3f470d,24529,32121,1247796,623898,0.034295,30605.08,30150.33,
736,2,0xf17f52151EbEF6C7334FAD080c5704D77216b732,0xa6fe741e606c1bb7ba9c1f8fefe795425b22e51a5f2a6d479871d9fd34a3d6aa,24530,32121,1247796,623898,0.034295,29615.20,29152.82,
736,1,0x627306090abaB3A6e1400e9345bC60c78a8BEf57,0xa05ce5d8bc4424ca01f30ff71ae38eb2bb84f6fa89c7df5463e8bd278687499c,24530,32121,1247796,623898,0.034295,29603.57,29149.32,
737,2,0xf17f52151EbEF6C7334FAD080c5704D77216b732,0xe0a01bd5476d62e9f5ba89ad32cb7cee7963349d45c4be32035b8d6c61c2e806,24531,32121,1247796,623898,0.034295,29617.47,29154.44,
737,1,0x627306090abaB3A6e1400e9345bC60c78a8BEf57,0xb54c044092449b854f0b46b1c93affd43c4f79b21e557aa99c3f83508746f143,24531,32121,1247796,623898,0.034295,29607.51,29154.79,
738,2,0xf17f52151EbEF6C7334FAD080c5704D77216b732,0x8d33324c5ffcb5aeb4d355914f8017100c6c3ed41bcb567cf836bb688c5cc9cd,24532,32121,1255162,627581,0.034497,30625.17,30154.41,
738,1,0x627306090abaB3A6e1400e9345bC60c78a8BEf57,0xade2996ef62595336307db4f764f6113049cea7d229b0d07c8ce14853e151161,24532,32121,1255162,627581,0.034497,30623.80,30151.48,
739,2,0xf17f52151EbEF6C7334FAD080c5704D77216b732,0x518b6a1e42f9849fb6418f30a9151930522d7b8c275aca9978b9bf3b84ffe4b5,24533,32121,1255162,627581,0.034497,29613.07,29152.69,
739,1,0x627306090abaB3A6e1400e9345bC60c78a8BEf57,0x942f388b01d0107eaffc63d36f9a80cf462807ee8772ffded174f0d5fcf0ec8f,24533,32121,1255162,627581,0.034497,29605.76,29153.43,
740,2,0xf17f52151EbEF6C7334FAD080c5704D77216b732,0xf8ba7d88b098c84d224094d84a69ec9fa850625a1420df32554cc2a2f4045305,24534,32121,1255162,627581,0.034497,30608.92,30152.56,
740,1,0x627306090abaB3A6e1400e9345bC60c78a8BEf57,0x7552419ec07383871d0fa74bcb53fd33e42792b9840575d3ad48e531b89d6319,24534,32121,1255162,627581,0.034497,30607.78,30152.10,
741,2,0xf17f52151EbEF6C7334FAD080c5704D77216b732,0x00bbad268818b346e510e0c814788edf01674913ed070f3342d7e07a0564b056,24535,32121,1255162,627581,0.034497,29610.29,29152.83,
741,1,0x627306090abaB3A6e1400e9345bC60c78a8BEf57,0x0b4c7d80398f6601a7998e51f2b0d3a981ff9f977ded59aa5f2237cf9a7911a9,24535,32121,1255162,627581,0.034497,29603.58,29150.58,
742,2,0xf17f52151EbEF6C7334FAD080c5704D77216b732,0x5e6d1df1dc7bd737e138659d266b16e901442cfe868cb0806e742a13b93e4569,24536,32121,1255162,627581,0.034497,29624.14,29158.96,
742,1,0x627306090abaB3A6e1400e9345bC60c78a8BEf57,0xb1fdb99d151986bba5d13defe04e972b67ffaafd393235aefbdf9846c0b04857,24536,32121,1255162,627581,0.034497,29611.90,29150.46,
743,1,0x627306090abaB3A6e1400e9345bC60c78a8BEf57,0x0bd37f29d0dbc24a57b4f53a2af42d47fa70643509a435d50e5900aeab344880,24537,32121,1257893,628946,0.034572,29967.05,29160.16,
743,2,0xf17f52151EbEF6C7334FAD080c5704D77216b732,0x6b6c77df961cc2ac1b1a692ef4960c616d2ad5928aede2ef5240f9c90627afd1,24537,32121,1257893,628946,0.034572,30640.92,30160.34,
744,2,0xf17f52151EbEF6C7334FAD080c5704D77216b732,0x2633fb0ac270c9ba30c562c7c99c66461c455cdd758df5b95f8fb642c6beb06f,24538,32121,1272832,636416,0.034983,29640.24,29160.02,
744,1,0x627306090abaB3A6e1400e9345bC60c78a8BEf57,0x7f4b05778819e37b909cc13390040621bb6287f2d55744d95d30a9a3d578cd2b,24538,32121,1272832,636416,0.034983,30643.55,30160.48,
745,2,0xf17f52151EbEF6C7334FAD080c5704D77216b732,0x39b03e569d7dfb555f2600004bdbd6642d59ba8c7dcb000d791aaaf83d2833e8,24539,32121,1272832,636416,0.034983,29640.19,29159.71,
745,1,0x627306090abaB3A6e1400e9345bC60c78a8BEf57,0xa9da1070d04b0ddb6a7c21bf9934e2dc0722793bf688cad19e593eb848ef5717,24539,32121,1272832,636416,0.034983,29649.79,29158.42,
746,1,0x627306090abaB3A6e1400e9345bC60c78a8BEf57,0x3ff667ba4926cbc71ccf6e10b7c3b5846a472cadeddde2fb1bea5282b01b9e61,24540,32121,1272832,636416,0.034983,29640.49,29160.15,
746,2,0xf17f52151EbEF6C7334FAD080c5704D77216b732,0x05acb6539eaf14c7306d3ccb6d49a8f6daf7471836770895726125e798b896ff,24540,32121,1272832,636416,0.034983,30637.84,30160.36,
747,2,0xf17f52151EbEF6C7334FAD080c5704D77216b732,0x2157b20ebb70bc1d69614f3f95453e3156d81411395ff6beb04e08a31bccb78d,24541,32121,1272832,636416,0.034983,29640.28,29160.21,
747,1,0x627306090abaB3A6e1400e9345bC60c78a8BEf57,0x619d21d136bf5a2fcf2c86fae99c6ee6decd311c59d2a3b84d37ffc5837f1501,24541,32121,1272832,636416,0.034983,30645.63,30159.55,
748,1,0x627306090abaB3A6e1400e9345bC60c78a8BEf57,0xbb1d8c63e2846862f71b852772c8fe0046f0b17872c9426d878d91ffdea8f9a5,24542,32121,1272832,636416,0.034983,29998.21,29160.78,
748,2,0xf17f52151EbEF6C7334FAD080c5704D77216b732,0xf60e3d4d47a4e674f2f926efc516e18bdc07bd11ad9a28d469f3ecf19dccbd2c,24542,32121,1272832,636416,0.034983,30641.49,30159.27,
749,1,0x627306090abaB3A6e1400e9345bC60c78a8BEf57,0x2647186a125b510a2531557042818ed8fc82031fd4f6ff79dd58c8554666f8b3,24543,32121,1272832,636416,0.034983,29640.33,29159.72,
749,2,0xf17f52151EbEF6C7334FAD080c5704D77216b732,0xf884b31f728d8a982e171585f6f8655748e30cbdc10933db50fc800e285c8440,24543,32121,1272832,636416,0.034983,29637.76,29159.46,
750,2,0xf17f52151EbEF6C7334FAD080c5704D77216b732,0xfeda8a96b2b64b09798e7950c4db5af167f22279e221eb473fd329f6238b8471,24544,32121,1272832,636416,0.034983,29637.68,29160.12,
750,1,0x627306090abaB3A6e1400e9345bC60c78a8BEf57,0x4ba52be2d54eb67a02b9a5ca2f8b26a7cda7960ac1a50fcef099a894c64ed9d7,24544,32121,1272832,636416,0.034983,30642.80,30161.09,
751,1,0x627306090abaB3A6e1400e9345bC60c78a8BEf57,0xd8af724a1329aa1489655f5afd38f5277b7cb807c847738d182a57aa4dbd52a5,24545,32121,1272832,636416,0.034983,29642.03,29160.70,
751,2,0xf17f52151EbEF6C7334FAD080c5704D77216b732,0x8bcfd9efdc8121d2c90b0aa3668aa6f38f55462183dd21a2649920e637b5831e,24545,32121,1272832,636416,0.034983,30639.83,30162.09,
752,1,0x627306090abaB3A6e1400e9345bC60c78a8BEf57,0x1835880f52ce88ebab37cb26b2b9512bee4c5a22fe9a489eab48832ce448d8fc,24546,32121,1277840,638920,0.035121,29638.52,29159.87,
752,2,0xf17f52151EbEF6C7334FAD080c5704D77216b732,0xebbc2c5a92ea878ee6e75c8a69b04ecb54000210f5512d47e73e6fae540b91a8,24546,32121,1277840,638920,0.035121,29639.53,29159.93,
753,2,0xf17f52151EbEF6C7334FAD080c5704D77216b732,0xb5f43eb6ebbaa51c3f39c452e0176aa698ae7d1092a7fb1351505891c8d9a91f,24547,32121,1277840,638920,0.035121,29636.80,29158.78,
753,1,0x627306090abaB3A6e1400e9345bC60c78a8BEf57,0xe67f6d394acf8ae581326d0e156a1502b4a504cdf3964cd67cc9409188605da5,24547,32121,1277840,638920,0.035121,30642.91,30161.15,
754,1,0x627306090abaB3A6e1400e9345bC60c78a8BEf57,0x46a4e563b5c81e57a797de18818b329bd647917669149b29284fd064c649ee24,24548,32121,1277840,638920,0.035121,29641.41,29160.53,
754,2,0xf17f52151EbEF6C7334FAD080c5704D77216b732,0x4c0973bfd721deaeff06245356406b469e1a924b5c71608ff9a8e99e290c999a,24548,32121,1277840,638920,0.035121,30638.55,30161.86,
755,1,0x627306090abaB3A6e1400e9345bC60c78a8BEf57,0xe9d928502f30f8e9b8bd11601211835ff6e6a6501ab40cd077e1f0139096ff68,24549,32121,1282310,641155,0.035243,29640.73,29158.23,
755,2,0xf17f52151EbEF6C7334FAD080c5704D77216b732,0xddb2f6b79aaf48b8093dde69688591ba6aa63c4bf57793eaa61c038e2e4a76dd,24549,32121,1282310,641155,0.035243,29638.58,29161.60,
756,2,0xf17f52151EbEF6C7334FAD080c5704D77216b732,0x5e2412a777652b9a00a500793d64083dc1f019bd956b97a0f87f857cce6be6e8,24550,32121,1282310,641155,0.035243,29640.28,29158.90,
756,1,0x627306090abaB3A6e1400e9345bC60c78a8BEf57,0x2495702de3cdffd971309c01e7620fd97542e94cb680d9706523016863535e61,24550,32121,1282310,641155,0.035243,30632.66,30156.97,
757,1,0x627306090abaB3A6e1400e9345bC60c78a8BEf57,0x9b404ccd52b953b1d84424493828876b3708b3f83d31f10ab4f138f52fb2e2d2,24551,32121,1284793,642396,0.035312,29634.72,29156.77,
757,2,0xf17f52151EbEF6C7334FAD080c5704D77216b732,0x4a0ff24e73ba3e853fdaa5370bfefb4ab48d119e08259525178240f14a954a99,24551,32121,1284793,642396,0.035312,30648.79,30173.47,
758,1,0x627306090abaB3A6e1400e9345bC60c78a8BEf57,0x1533277566c0aa3275adb64a52345bb0a6c78e6fa9ff03228ab9c6366ad24f5b,24552,32121,1296256,648128,0.035627,29631.75,29158.58,
758,2,0xf17f52151EbEF6C7334FAD080c5704D77216b732,0xf2f9fb7e629d092cad9b0fac465a72a6a414b6154eb6fde362e8e4660f8dc755,24552,32121,1296256,648128,0.035627,29638.67,29159.37,
759,2,0xf17f52151EbEF6C7334FAD080c5704D77216b732,0x832999bbd2c30eeb4095df9d2d94afdb989b34aeb49e4fcf0b5372e9af540b53,24553,32121,1296256,648128,0.035627,29634.16,29159.03,
759,1,0x627306090abaB3A6e1400e9345bC60c78a8BEf57,0xe5d869c4ae7d8bfce545e235334acb06871d71614b9cd7cbe52fb4677cbeae55,24553,32121,1296256,648128,0.035627,30635.14,30159.39,
760,1,0x627306090abaB3A6e1400e9345bC60c78a8BEf57,0xd6eb15e531508169fde182f252bd004fcbd3075cfb2b46898d928217f038af9a,24554,32121,1296256,648128,0.035627,29641.04,29159.57,
760,2,0xf17f52151EbEF6C7334FAD080c5704D77216b732,0xec035156e8d9078f3a81b82bce8a6b9ba1058075e4eb11bee087a285303f2ffe,24554,32121,1296256,648128,0.035627,30638.33,30160.02,
761,2,0xf17f52151EbEF6C7334FAD080c5704D77216b732,0x184086a80a9c156ceb1f46c131c68b6ca3dcaf58b9147f12311794e9d72bfda8,24555,32121,1296256,648128,0.035627,29639.55,29160.99,
761,1,0x627306090abaB3A6e1400e9345bC60c78a8BEf57,0xabf2a691709e4756ad6126e916832cfeb4cca43fa47d1eb7a4db2789f081d77f,24555,32121,1296256,648128,0.035627,30630.36,30157.54,
762,1,0x627306090abaB3A6e1400e9345bC60c78a8BEf57,0xe4686cedff608d2ba0c1acff1a09b8ad37100b55832635edbe3f153d91f69034,24556,32121,1296256,648128,0.035627,29630.48,29156.37,
762,2,0xf17f52151EbEF6C7334FAD080c5704D77216b732,0x3001a2447ba6eb50e532037f614f087dc255999e35ea03483ce32496fcb398a6,24556,32121,1296256,648128,0.035627,30640.27,30159.00,
763,1,0x627306090abaB3A6e1400e9345bC60c78a8BEf57,0x59b8559b0873dd03a92112436dd090a3ae151c877903eb43368cf62e87128dc3,24557,32121,1296256,648128,0.035627,29630.55,29158.44,
763,2,0xf17f52151EbEF6C7334FAD080c5704D77216b732,0x540728ce69fba267bb9eef0037077aea7dd9e878a9944104b7c9f0beb6d411e1,24557,32121,1296256,648128,0.035627,29636.22,29159.15,
764,2,0xf17f52151EbEF6C7334FAD080c5704D77216b732,0xa86654009ebe1266e2523622c25f361b695d0eeb2697e84c67c374111c626a49,24558,32121,1296256,648128,0.035627,29650.96,29160.19,
764,1,0x627306090abaB3A6e1400e9345bC60c78a8BEf57,0x270b29d20069d4a7191519492672435dd29d6d1d22806e31f8c86e409f319705,24558,32121,1296256,648128,0.035627,30634.83,30159.43,
765,1,0x627306090abaB3A6e1400e9345bC60c78a8BEf57,0xf3457a453ca8f38cf763757b7e37582d1721f687b66913a328d01fe684271b57,24559,32121,1302961,651480,0.035811,29632.14,29157.56,
765,2,0xf17f52151EbEF6C7334FAD080c5704D77216b732,0x2d891c8019c7fe331d019fb4a6f0d499382337e4e22849526405b02e3ef3dffa,24559,32121,1302961,651480,0.035811,30637.89,30160.82,
766,1,0x627306090abaB3A6e1400e9345bC60c78a8BEf57,0x0dbff66ef8a872a967cced2e7a42185563d0b6bce5537c2befe4cc69c771a18c,24560,32121,1302961,651480,0.035811,29639.49,29160.51,
766,2,0xf17f52151EbEF6C7334FAD080c5704D77216b732,0xf3409efe2f4c8e7c76a2db447ca2304d29ff8f83462731ddfaf70168e5998f47,24560,32121,1302961,651480,0.035811,29639.03,29160.48,
767,2,0xf17f52151EbEF6C7334FAD080c5704D77216b732,0x1dbf951f470933d3ad8bb9504331f878e47fd623a4e2d0844a54581e2851b0eb,24561,32121,1302961,651480,0.035811,29638.40,29158.28,
767,1,0x627306090abaB3A6e1400e9345bC60c78a8BEf57,0xc94876d460ffa4b87c1619aa2330cee5fea97cd56c5e542dbd026eb13797ed08,24561,32121,1302961,651480,0.035811,30636.29,30158.68,
768,1,0x627306090abaB3A6e1400e9345bC60c78a8BEf57,0x5606c10004cac1211c5acf172043caed78928adb377cb1caef75bb573af9aaec,24562,32121,1302961,651480,0.035811,29635.50,29158.82,
768,2,0xf17f52151EbEF6C7334FAD080c5704D77216b732,0x1d260e06ac166e0941995cd19485b61adef7d82f15c855fe5ebc3ef4d8a017d4,24562,32121,1302961,651480,0.035811,30639.00,30160.08,
769,1,0x627306090abaB3A6e1400e9345bC60c78a8BEf57,0x8548241aa6ff13479659f7426179f211cef633927ef6fd6a0d4819d78364071e,24563,32121,1302961,651480,0.035811,29635.76,29158.40,
769,2,0xf17f52151EbEF6C7334FAD080c5704D77216b732,0xa47df585e04933d06d09a53a46a95c3d6cfa475e2eb5cf27347ae07323a4a95b,24563,32121,1302961,651480,0.035811,29634.54,29158.77,
770,2,0xf17f52151EbEF6C7334FAD080c5704D77216b732,0xf773b1acf4051c8dd8daa5875f6ec5cd9c82d87b82caf3a85a31314976a62057,24564,32121,1315127,657563,0.036145,29637.74,29161.47,
770,1,0x627306090abaB3A6e1400e9345bC60c78a8BEf57,0x8ba9be9934cf32bf38ed0e0d8ae6d76f077a2615356a12daa00132fec36f07c2,24564,32121,1315127,657563,0.036145,30631.48,30157.82,
771,1,0x627306090abaB3A6e1400e9345bC60c78a8BEf57,0xdc328e17030f3b7e3d461dd006e8053f9537a6ac9112fae5993f1ff82dfbb59a,24565,32121,1315127,657563,0.036145,29635.53,29158.84,
771,2,0xf17f52151EbEF6C7334FAD080c5704D77216b732,0x9bb8ae5e9f5d553e09eb6b175cf3b4650b363393b03d8f41494f28047ebaaaf2,24565,32121,1315127,657563,0.036145,30638.20,30160.26,
772,2,0xf17f52151EbEF6C7334FAD080c5704D77216b732,0x911285da5702142046ab3883a85fc45dae03124be777cdeb82dc8d23c958a1b5,24566,32121,1315127,657563,0.036145,29638.61,29158.73,
772,1,0x627306090abaB3A6e1400e9345bC60c78a8BEf57,0x98b00fbb90667e238b2a1f0a094244b05b5d7a0766a77e8fb1c0e05235e744c0,24566,32121,1315127,657563,0.036145,30633.68,30158.27,
773,1,0x627306090abaB3A6e1400e9345bC60c78a8BEf57,0xcaf47841f87337894ff85411d55a25ededa549b754f60487b1b3233a50d65ae7,24567,32121,1315127,657563,0.036145,29634.66,29158.89,
773,2,0xf17f52151EbEF6C7334FAD080c5704D77216b732,0x8231b8f33c79977e11bc0e520c6562e3a59e3201c11c9d114a427eb054ed4805,24567,32121,1315127,657563,0.036145,30627.60,30152.87,
774,1,0x627306090abaB3A6e1400e9345bC60c78a8BEf57,0x0e35d37090568cf8c14dc06cfd89e8f98ec0d86b1cf84daf99c7dfff99f1a9e4,24568,32121,1315127,657563,0.036145,29633.06,29158.49,
774,2,0xf17f52151EbEF6C7334FAD080c5704D77216b732,0xeb38f4b16da91c187dd8b9b057d213cf3179429c0f73c201519b548964acbd96,24568,32121,1315127,657563,0.036145,29612.69,29153.45,
775,2,0xf17f52151EbEF6C7334FAD080c5704D77216b732,0x169545a24f0d1ea7cbaa106e37e3c6de67d057699f5f45b3832cefa3c722f32a,24569,32121,1315127,657563,0.036145,29608.98,29152.93,
775,1,0x627306090abaB3A6e1400e9345bC60c78a8BEf57,0xdb7b513c00f1248490af5a9cf7fcb0130f86c7dd9926b985f34028f4b6af58b7,24569,32121,1315127,657563,0.036145,30635.94,30158.84,
776,1,0x627306090abaB3A6e1400e9345bC60c78a8BEf57,0xab84e9fbb121d2ff119ead1b164e2a3f42c49474bfb29f83d6a1e41730ff39ca,24570,32121,1316161,658080,0.036174,29634.41,29157.43,
776,2,0xf17f52151EbEF6C7334FAD080c5704D77216b732,0xe10fed5783bf8efc4e19b5f343de34ae026e307ebeb3b76232ba8024dda4ad4d,24570,32121,1316161,658080,0.036174,30608.09,30152.37,
777,1,0x627306090abaB3A6e1400e9345bC60c78a8BEf57,0x407f9fd1d287132ae1eec36724ee97e60e264f59db5b89722cc81919322860e3,24571,32121,1318975,659487,0.036251,29635.11,29159.04,
777,2,0xf17f52151EbEF6C7334FAD080c5704D77216b732,0x73f2e82b9d8e1106cda8ffaf527e86861e2072d56875c4ab9186de7fe1b9c807,24571,32121,1318975,659487,0.036251,29610.53,29151.74,
778,2,0xf17f52151EbEF6C7334FAD080c5704D77216b732,0xfca33efb45bf9b9df7123ec76c228701133c69bed77299c4c3ebe0a81e98e39f,24572,32121,1318975,659487,0.036251,29616.28,29153.07,
778,1,0x627306090abaB3A6e1400e9345bC60c78a8BEf57,0xd9f6cb6d431475a3809fbc11230a9153a016e81bd9e138caac2ab31a5e80e301,24572,32121,1318975,659487,0.036251,30632.60,30157.86,
779,1,0x627306090abaB3A6e1400e9345bC60c78a8BEf57,0x11537603247e687454282544d7b88a481eeadcef98150b3ce477605cc75c9bd8,24573,32121,1324521,662260,0.036404,29645.85,29167.16,
779,2,0xf17f52151EbEF6C7334FAD080c5704D77216b732,0x8ecfa9d3fb72dbf06ce66a394d4a50beab3f9798bfd0b138628003413a5e856a,24573,32121,1324521,662260,0.036404,30613.17,30152.73,
780,1,0x627306090abaB3A6e1400e9345bC60c78a8BEf57,0x56f95ed823597dad606f24326bacfd0ebc3d06780caf864c2458b54700d43031,24574,32121,1324521,662260,0.036404,29664.33,29162.60,
780,2,0xf17f52151EbEF6C7334FAD080c5704D77216b732,0xf8a24093e79aa02b364356d5468fca669665df1abfaf9d7fdd5c1731ddb7ba4a,24574,32121,1324521,662260,0.036404,29614.06,29153.72,
781,1,0x627306090abaB3A6e1400e9345bC60c78a8BEf57,0x2c0590dbeb1898bc6f6592d8b2865d9edc438d4554e309b24cbc04560b470c54,24575,32121,1324521,662260,0.036404,30644.96,30163.17,
781,2,0xf17f52151EbEF6C7334FAD080c5704D77216b732,0xd2f7bf9f69e4a8e2da1a5a93dc3a83011d96cd819dfaca5f15a5d1e01ce9f20f,24575,32121,1324521,662260,0.036404,30615.65,30151.72,
782,1,0x627306090abaB3A6e1400e9345bC60c78a8BEf57,0x0e7d2d2689cff7673a8cc6b04d221f124db7378d9bb4acaebc339b3a8ef0684b,24576,32121,1342068,671034,0.036886,29637.91,29158.28,
782,2,0xf17f52151EbEF6C7334FAD080c5704D77216b732,0x2b8a951ddfd52591dae9d57709a2885aa2c63a27dd690f6c2645ac330ed2df2e,24576,32121,1342068,671034,0.036886,29611.10,29152.38,
783,2,0xf17f52151EbEF6C7334FAD080c5704D77216b732,0xa3b274d06cff8a6ad8489af7d3d2cd054fb8d52d0708359b6b0d19c8fc628641,24577,32121,1342068,671034,0.036886,29613.28,29153.94,
783,1,0x627306090abaB3A6e1400e9345bC60c78a8BEf57,0x9547acfb4bd75d36ff8e9947845b6be337272e1c48d714d8e2a6e171881ff105,24577,32121,1342068,671034,0.036886,30636.35,30159.54,
784,1,0x627306090abaB3A6e1400e9345bC60c78a8BEf57,0x152774dbf700a3962db628f5be195153402fc88fdf3bd09e930f35783b8a371e,24578,32121,1342068,671034,0.036886,29633.56,29158.86,
784,2,0xf17f52151EbEF6C7334FAD080c5704D77216b732,0x49661e219ea090e0ff457c108bf17254e5211e0b303b1f097eaa5d1cec78a92c,24578,32121,1342068,671034,0.036886,30616.68,30151.56,
785,1,0x627306090abaB3A6e1400e9345bC60c78a8BEf57,0x7b13d8d7133dc639fc483bbbfb7718ecd0d43bcccdd490ce63d7ccb60dfe0302,24579,32121,1342068,671034,0.036886,29633.82,29158.97,
785,2,0xf17f52151EbEF6C7334FAD080c5704D77216b732,0x0debaf80b13fce5e7cf657a507da543aa48a960cf4b5f0e5c8925cba3476d2be,24579,32121,1342068,671034,0.036886,29610.67,29154.59,
786,1,0x627306090abaB3A6e1400e9345bC60c78a8BEf57,0xde1cfb213510ac245f7d80a01f7fe0186f12b16f6587629c120372368810c566,24580,32121,1342068,671034,0.036886,30636.14,30159.94,
786,2,0xf17f52151EbEF6C7334FAD080c5704D77216b732,0x84e05afe261d259f9c298ab9a035d735adc23e8177967b874ea8a3ef7f410bee,24580,32121,1342068,671034,0.036886,30610.34,30151.87,
787,2,0xf17f52151EbEF6C7334FAD080c5704D77216b732,0x0f00577c89b469bb1f1404e827069e0562ecc1cfdc35d291eeb04ca1c2c6cd9b,24581,32121,1342068,671034,0.036886,29614.62,29150.64,
787,1,0x627306090abaB3A6e1400e9345bC60c78a8BEf57,0x2a192b4864af94c820fcffe170b2bc00476c32403d5fec969b03d6eaa79ba3d6,24581,32121,1342068,671034,0.036886,29647.23,29163.17,
788,2,0xf17f52151EbEF6C7334FAD080c5704D77216b732,0x131edd207e3e35618446b8e9a0d8a2e607fb9e5274c992124d86e8d9bab96273,24582,32121,1342068,671034,0.036886,29608.63,29154.67,
788,1,0x627306090abaB3A6e1400e9345bC60c78a8BEf57,0x0b92377b84b950587eac1dcd08c0b526171f7d86780cbdca209f267d61427fd4,24582,32121,1342068,671034,0.036886,29627.56,29156.86,
789,2,0xf17f52151EbEF6C7334FAD080c5704D77216b732,0x7d856daed4bb28af46634641e643e5ed4ebd7ca28154e50d07275b8051337e2b,24583,32121,1342068,671034,0.036886,30614.20,30152.68,
789,1,0x627306090abaB3A6e1400e9345bC60c78a8BEf57,0x5140fb25211799aed58ad772aaee19e165939944b0161e4c645ed7d7684f4c82,24583,32121,1342068,671034,0.036886,30636.57,30160.49,
790,2,0xf17f52151EbEF6C7334FAD080c5704D77216b732,0xdc15e3356461f2521357eee88e7c23ef527c4eeab91182b3325a16b47f9e2c49,24584,32121,1342068,671034,0.036886,29607.35,29151.55,
790,1,0x627306090abaB3A6e1400e9345bC60c78a8BEf57,0x3f0c45dc7d8e1c58f92cabd6c800c3065ba7e35b0e182239e8a890cf0604edea,24584,32121,1342068,671034,0.036886,29633.08,29157.42,
791,1,0x627306090abaB3A6e1400e9345bC60c78a8BEf57,0xc6aa2f14b780e1205b7826fe30cb4891dc3117585858e7273765fc548f85868b,24585,32121,1342068,671034,0.036886,29637.97,29159.60,
791,2,0xf17f52151EbEF6C7334FAD080c5704D77216b732,0xc17606cfea445d5ef2b70890c349a9d3cccc428d1b7c36079ff4e74dd72d27f7,24585,32121,1342068,671034,0.036886,30615.52,30152.81,
792,2,0xf17f52151EbEF6C7334FAD080c5704D77216b732,0x350f0c68afe675f329f9b6e44455a0a94d83bc764ee0605a11c88a8bf560a4ba,24586,32121,1342068,671034,0.036886,29612.25,29154.00,
792,1,0x627306090abaB3A6e1400e9345bC60c78a8BEf57,0x95505e15739b19e650aa09d33f4cfb076d468fe266a4aa82baf1028b33e5f27d,24586,32121,1342068,671034,0.036886,30632.46,30159.13,
793,2,0xf17f52151EbEF6C7334FAD080c5704D77216b732,0xd0ce3081e4b02f07709ab4cbfc1272fabd36ddc8993812e812b90bafb5c5477d,24587,32121,1359322,679661,0.037360,29613.06,29152.72,
793,1,0x627306090abaB3A6e1400e9345bC60c78a8BEf57,0x38730574645676d4648f5db6d6c7f377f37f9b5b6a1a04587d57bc618121cf62,24587,32121,1359322,679661,0.037360,29641.40,29160.85,
794,1,0x627306090abaB3A6e1400e9345bC60c78a8BEf57,0xb18845dbde87af38468cde9c6763447fd047798a05ff0ab23a5d53e16ea28e5e,24588,32121,1359322,679661,0.037360,29643.73,29170.90,
794,2,0xf17f52151EbEF6C7334FAD080c5704D77216b732,0xbc415886bf4180873a1bdec99caa7c626fd4de89741b35d4331fcad4aecc7189,24588,32121,1359322,679661,0.037360,30609.91,30154.18,
795,2,0xf17f52151EbEF6C7334FAD080c5704D77216b732,0x408aeeffc50028be079ab7b7944a84225e49497d95e22f9f382d07d36c39ea0b,24589,32121,1359322,679661,0.037360,29611.21,29152.51,
795,1,0x627306090abaB3A6e1400e9345bC60c78a8BEf57,0xe37e628901d8c89f3955c1c9ab3b33585d30c03985cf155cc133432a5fbc4d55,24589,32121,1359322,679661,0.037360,30634.86,30159.46,
796,2,0xf17f52151EbEF6C7334FAD080c5704D77216b732,0xa4ef7f128035d2ebc472f0eab571d221a2068e5289233fcd402851c756373f09,24590,32121,1359322,679661,0.037360,29610.69,29151.90,
796,1,0x627306090abaB3A6e1400e9345bC60c78a8BEf57,0xc8451c8097df0e3d2d7520c149608eaab2dec881dbaa386bcf657dd9f4d91b9e,24590,32121,1359322,679661,0.037360,29630.62,29157.73,
797,2,0xf17f52151EbEF6C7334FAD080c5704D77216b732,0xed801bf2b426321c60809b2b922e77de1843e4164021685e0c661bbb863e1557,24591,32121,1359322,679661,0.037360,30609.17,30152.69,
797,1,0x627306090abaB3A6e1400e9345bC60c78a8BEf57,0x4f0d09b70aec852d102bba0724d7c657ab60d9f964d3c92649507a5debdae420,24591,32121,1359322,679661,0.037360,30635.29,30159.04,
798,2,0xf17f52151EbEF6C7334FAD080c5704D77216b732,0xa75a590796604cc69ce3bd36d9bbbc0000594a5e3e1cf478ac36deef2d6f6677,24592,32121,1359322,679661,0.037360,29613.88,29154.61,
798,1,0x627306090abaB3A6e1400e9345bC60c78a8BEf57,0xddd174d0faa302b7309abc3344db074e4bd050faa271adcbcad6054d14bb66d7,24592,32121,1359322,679661,0.037360,29637.37,29159.42,
799,1,0x627306090abaB3A6e1400e9345bC60c78a8BEf57,0xc861b2f08c084b56b357dd05aa67d69ac370330d38f3c419efcb6dfe44cf4471,24593,32121,1359322,679661,0.037360,29634.77,29159.03,
799,2,0xf17f52151EbEF6C7334FAD080c5704D77216b732,0x757f91acaf04cd4c38345cb9188ec770b3d5148edfd2fb67be04f89bea473cf2,24593,32121,1359322,679661,0.037360,30608.01,30150.81,
800,2,0xf17f52151EbEF6C7334FAD080c5704D77216b732,0x9defe16c07f21cd4bffdf9cb6e117e87d7eac026aae813b2c34d551214bdf428,24594,32121,1359322,679661,0.037360,29615.71,29154.70,
800,1,0x627306090abaB3A6e1400e9345bC60c78a8BEf57,0x93a958cb474886ce3b40567fa36d27b6905f7a1140479c26309ded191725ff03,24594,32121,1359322,679661,0.037360,30628.62,30156.75,
801,2,0xf17f52151EbEF6C7334FAD080c5704D77216b732,0x0a087a3bf3d672f7b6203f47f595baa1b08ed44ebcd1dd9d0d1e7d875d659f7c,24595,32121,1360978,680489,0.037406,29610.82,29153.34,
801,1,0x627306090abaB3A6e1400e9345bC60c78a8BEf57,0xefe6be1c2e16215b44192496c76b2dd12a92df3dc7a57d7d0a6f2e98264ccde1,24595,32121,1360978,680489,0.037406,29647.07,29166.87,
802,1,0x627306090abaB3A6e1400e9345bC60c78a8BEf57,0x5f207b7130821309074f23df542a7c26c52b7eeadc27781ce788a71346db04d4,24596,32121,1360978,680489,0.037406,29628.75,29157.12,
802,2,0xf17f52151EbEF6C7334FAD080c5704D77216b732,0x9234a09437c8acda0df90d614858921469701f57ad671d7540c9b14285833684,24596,32121,1360978,680489,0.037406,30617.88,30156.91,
803,2,0xf17f52151EbEF6C7334FAD080c5704D77216b732,0xc219f3a9ace9542304af45c229df83d0d9471c51acd38692070d42b9c3f05c63,24597,32121,1360978,680489,0.037406,29614.60,29152.82,
803,1,0x627306090abaB3A6e1400e9345bC60c78a8BEf57,0xe0994bb59bcb3b10a4bb958e80b0f393f9788242883f302647525683d981f0fc,24597,32121,1360978,680489,0.037406,30636.08,30158.55,
804,1,0x627306090abaB3A6e1400e9345bC60c78a8BEf57,0xdb38e76b247d0a5764b9d03ba3fee3844238483dcf65349995a908cfd16c67e8,24598,32121,1364289,682144,0.037497,29644.01,29169.21,
804,2,0xf17f52151EbEF6C7334FAD080c5704D77216b732,0x419d3426266c00080dbb9d900fd875b879c3559b7c9c0f3d5410aae526dd8664,24598,32121,1364289,682144,0.037497,30618.82,30161.29,
805,1,0x627306090abaB3A6e1400e9345bC60c78a8BEf57,0xd6903c60cf6c882f496e5eba2d5cfc44a864aca6e52a4c6b74a4f9db7fae6511,24599,32121,1379063,689531,0.037903,29667.82,29166.55,
805,2,0xf17f52151EbEF6C7334FAD080c5704D77216b732,0xfe6518d4ac27c067c00c34c54cdf2aa934ddf8ddb5c945d3b477d05f7a579891,24599,32121,1379063,689531,0.037903,29654.07,29163.33,
806,2,0xf17f52151EbEF6C7334FAD080c5704D77216b732,0x3f85042ca8e7451e33c7db3dc88583b41c4830077cf954015337602ab434465e,24600,32121,1379063,689531,0.037903,29648.07,29163.71,
806,1,0x627306090abaB3A6e1400e9345bC60c78a8BEf57,0xfe64073ea0e4a7ce72be7f311718ac61f5b7da69a83bc7a7bd3d9562b39e28d1,24600,32121,1379063,689531,0.037903,30669.85,30167.46,
807,1,0x627306090abaB3A6e1400e9345bC60c78a8BEf57,0x63ac125bbd786e67b181415ffdb11066e0afdeb285d239988ee599e697887770,24601,32121,1379063,689531,0.037903,29669.15,29169.15,
807,2,0xf17f52151EbEF6C7334FAD080c5704D77216b732,0x2926a57f36d4ea2af45772c72599313641871da0ab369b357b3581a7e8375db6,24601,32121,1379063,689531,0.037903,30648.09,30161.09,
808,1,0x627306090abaB3A6e1400e9345bC60c78a8BEf57,0xf39eecd0f3bda6fa5ff1168511f1654784b99a03ecedfdc2e3876db39d25d743,24602,32121,1379063,689531,0.037903,29674.13,29170.21,
808,2,0xf17f52151EbEF6C7334FAD080c5704D77216b732,0x418f876c3b47055c73f553e29bcdb502b5ca543227e08bb954b2dd3c462704e4,24602,32121,1379063,689531,0.037903,29659.38,29167.79,
809,2,0xf17f52151EbEF6C7334FAD080c5704D77216b732,0x9d9f18ad167699fd77aa2e0581d13ad54f7b66a246b6fa2e124e90369c31c39e,24603,32121,1379063,689531,0.037903,29652.29,29164.65,
809,1,0x627306090abaB3A6e1400e9345bC60c78a8BEf57,0x9d4e40472002ee9bab1b4436cac952d6c81f712511e174cca1f3115c153f2d94,24603,32121,1379063,689531,0.037903,30668.73,30167.51,
810,1,0x627306090abaB3A6e1400e9345bC60c78a8BEf57,0x7e287e957dd634ab3a2b1c541f9461bf66099e89a20e4abb938850c37ab0f0f6,24604,32121,1379063,689531,0.037903,29667.66,29168.01,
810,2,0xf17f52151EbEF6C7334FAD080c5704D77216b732,0x20ceb92837af015f100dfc7ad334f7742cb83a271c93de03d74a40400426b245,24604,32121,1379063,689531,0.037903,30649.16,30162.24,
811,1,0x627306090abaB3A6e1400e9345bC60c78a8BEf57,0x33fa5644cbdb64613f690b22f547631a52dfc479412aebf82d2a60279fa1a3bf,24605,32121,1379063,689531,0.037903,29668.83,29166.19,
811,2,0xf17f52151EbEF6C7334FAD080c5704D77216b732,0x10ef074f7d3f299c442af5b2c85e9ad7c234f040ed0bbb0ca7a0f31ed674b983,24605,32121,1379063,689531,0.037903,29650.57,29162.57,
812,2,0xf17f52151EbEF6C7334FAD080c5704D77216b732,0x484ba88520abacf899ba82df96fcff93b44c15e3570ac4175ff3b97bf90b2c81,24606,32121,1379063,689531,0.037903,29650.90,29163.16,
812,1,0x627306090abaB3A6e1400e9345bC60c78a8BEf57,0xdbb5e9a777bb95bbbe6b2d6c6dbfa048b59615f75c55f2bf702811025c4a5311,24606,32121,1379063,689531,0.037903,30664.96,30165.75,
813,1,0x627306090abaB3A6e1400e9345bC60c78a8BEf57,0xa1ff84fee624e5c1179b25de284f5d9d1aafba9613b058b09d14aed7b378c8d9,24607,32121,1384401,692200,0.038049,29670.57,29168.33,
813,2,0xf17f52151EbEF6C7334FAD080c5704D77216b732,0xc9319b632dfcfaed95b6e4336473cf814f392ea37e75f405d0039e143f865346,24607,32121,1384401,692200,0.038049,30645.15,30160.97,
814,1,0x627306090abaB3A6e1400e9345bC60c78a8BEf57,0xd827b64dac2417e9c653509ff461aefc8c8810e53061c0d94974e239efdd37c1,24608,32121,1384401,692200,0.038049,29669.80,29168.93,
814,2,0xf17f52151EbEF6C7334FAD080c5704D77216b732,0xe18cf4be4ddc0a75060b3a996cedcb931ddca937bda22ddb7cca945370b88d4d,24608,32121,1384401,692200,0.038049,29649.84,29162.25,
815,2,0xf17f52151EbEF6C7334FAD080c5704D77216b732,0xff6a38bbe47c4bdbf3c06b91116d484d3dc97a955ed6df3a21f2d3caca84243f,24609,32121,1384401,692200,0.038049,29652.03,29161.78,
815,1,0x627306090abaB3A6e1400e9345bC60c78a8BEf57,0xc26aff066a016b2dabcc93748e3697dffa8f85a0138ce651984a16af8d29ead1,24609,32121,1384401,692200,0.038049,30671.57,30166.82,
816,1,0x627306090abaB3A6e1400e9345bC60c78a8BEf57,0xaa4817a7bbd54e184cee6238d7b50bbcc09fc40a307c96112f5de9133cfa84a5,24610,32121,1387671,693835,0.038139,29672.98,29169.12,
816,2,0xf17f52151EbEF6C7334FAD080c5704D77216b732,0x401b9e479c5caf46b247d9e47db390dc0883950b2a18b2ee84c796dc7fb7e3bd,24610,32121,1387671,693835,0.038139,30648.96,30162.19,
817,1,0x627306090abaB3A6e1400e9345bC60c78a8BEf57,0xad0c91e2f7a1df1076a9cd9e7ea133d73c39393ff5efa7a06b0ce6f48e62121c,24611,32121,1387671,693835,0.038139,29668.56,29166.78,
817,2,0xf17f52151EbEF6C7334FAD080c5704D77216b732,0x756b1ca2550e7bd724f8c66cab9dad0308faedbb01a25dce65a3a564254810af,24611,32121,1387671,693835,0.038139,29646.48,29162.09,
818,2,0xf17f52151EbEF6C7334FAD080c5704D77216b732,0x979cea239442e3b7e21835dd9aba3eea8b69813517ba1c0e39e17f0237df9100,24612,32121,1392843,696421,0.038281,29649.25,29163.41,
818,1,0x627306090abaB3A6e1400e9345bC60c78a8BEf57,0x2ab1148625d4ec93cc2ba96209158161f3b22a6238564227e7e7d707eda8c1e5,24612,32121,1392843,696421,0.038281,30669.82,30168.26,
819,1,0x627306090abaB3A6e1400e9345bC60c78a8BEf57,0x057d257c5180d1ba20d1645ba300a610b0bc8a1312dfc9e061c8c0a5ccff7b9b,24613,32121,1392843,696421,0.038281,29669.03,29169.00,
819,2,0xf17f52151EbEF6C7334FAD080c5704D77216b732,0x2f3b4aabbbbafbf9b785009b892cf3fda3457574d5c72549b831c1dbcafeb721,24613,32121,1392843,696421,0.038281,30650.79,30166.96,
820,1,0x627306090abaB3A6e1400e9345bC60c78a8BEf57,0x65ae88f75ff382406e9009156493cb7082b8ef9f6f8efffc41bec22004aa1e73,24614,32121,1392843,696421,0.038281,29667.67,29165.98,
820,2,0xf17f52151EbEF6C7334FAD080c5704D77216b732,0xb5fadfd5c59cd6a6dabe4c2a4da124d46b24ec610bf8d01922b13ff194f797e3,24614,32121,1392843,696421,0.038281,29649.81,29162.27,
821,1,0x627306090abaB3A6e1400e9345bC60c78a8BEf57,0xa6aea515c922e3984467098fb9f16870ab724f265362e163e108bbe32b7a6468,24615,32121,1394167,697083,0.038318,30669.08,30167.20,
821,2,0xf17f52151EbEF6C7334FAD080c5704D77216b732,0xcca0643ea6a9f3911d6a76b5ff36be3fed7b1b2cf195765adb76ffab7b4bb241,24615,32121,1394167,697083,0.038318,30648.82,30161.37,
822,1,0x627306090abaB3A6e1400e9345bC60c78a8BEf57,0x8aa26d22dff983ae202f122afe6d778b1d36436a49b02fe9a6b7df5db6716c7e,24616,32121,1398388,699194,0.038434,29666.30,29166.67,
822,2,0xf17f52151EbEF6C7334FAD080c5704D77216b732,0x89b84f969ace92d762c4dbe1d51d146a1a1daa23201ac7c0b99def3f85b91645,24616,32121,1398388,699194,0.038434,29647.84,29162.53,
823,1,0x627306090abaB3A6e1400e9345bC60c78a8BEf57,0x3d8a8ef7e83ef9a29eed92ef4ee6b891072c6087b425190eff27a9e1b75f28da,24617,32121,1398678,699339,0.038442,29668.06,29167.10,
823,2,0xf17f52151EbEF6C7334FAD080c5704D77216b732,0xfd1922754dcf4274205bc99a9647c4102b5106507631e5ab1901497c32a10f99,24617,32121,1398678,699339,0.038442,29654.90,29164.34,
824,1,0x627306090abaB3A6e1400e9345bC60c78a8BEf57,0x661c394ff24d8aba3e351df314b435157b5bd856143576d52946ba46d2f83a2a,24618,32121,1402321,701160,0.038542,30668.40,30167.52,
824,2,0xf17f52151EbEF6C7334FAD080c5704D77216b732,0x95108627d477654665702e1c4c6eba28bc82cf66fdb81c4013063f1fb3ac3a89,24618,32121,1402321,701160,0.038542,30647.86,30163.21,
825,1,0x627306090abaB3A6e1400e9345bC60c78a8BEf57,0x8e66a733486740ccaafcbe2c9684d995222caca2e7a7f310a8cda07fddb83b9b,24619,32121,1402321,701160,0.038542,29668.90,29166.61,
825,2,0xf17f52151EbEF6C7334FAD080c5704D77216b732,0x2c7f7283a301b6d1484d547896685a689f43e5c65c17ebeb1e9c217e4e0b9e01,24619,32121,1402321,701160,0.038542,29650.28,29161.95,
826,1,0x627306090abaB3A6e1400e9345bC60c78a8BEf57,0xa46929b8743f4851a890d4baa1d097d9575e0bb55be20a0ca0a4bc19b3987733,24620,32121,1418875,709437,0.038997,29673.76,29166.21,
826,2,0xf17f52151EbEF6C7334FAD080c5704D77216b732,0xc46d9b63420b9df2564bdbc9e23ac1e0c2802d1e14c901de0c620a763c126f90,24620,32121,1418875,709437,0.038997,29655.99,29162.32,
827,1,0x627306090abaB3A6e1400e9345bC60c78a8BEf57,0xb6a0710d027c08707984b1152b5f37845338ee1562c7a89e8540d1c3397090e4,24621,32121,1418875,709437,0.038997,30673.95,30168.54,
827,2,0xf17f52151EbEF6C7334FAD080c5704D77216b732,0x65eb5bc15af88ff22f793c92639cec2bec2861a52f6e7c0bc06b10855f45cb99,24621,32121,1418875,709437,0.038997,30649.80,30163.32,
828,1,0x627306090abaB3A6e1400e9345bC60c78a8BEf57,0xb5ef4cf1d620bdc515f6997537f29244b35832b6c5a5e298c5b24af7d58373a0,24622,32121,1418875,709437,0.038997,29670.63,29169.06,
828,2,0xf17f52151EbEF6C7334FAD080c5704D77216b732,0x099be6d8f42d1023bbbff1b5ed55ffaed9b7cabc69a4822963202ace7911780f,24622,32121,1418875,709437,0.038997,29649.63,29164.47,
829,1,0x627306090abaB3A6e1400e9345bC60c78a8BEf57,0x12ac8c3d2d4d22baa72200157c3bf14f2bb6b895602b72c566c7dbc59a9cb38c,24623,32121,1418875,709437,0.038997,29672.02,29169.14,
829,2,0xf17f52151EbEF6C7334FAD080c5704D77216b732,0xbc675578791a674b89f2ce99e4b388424dad754ab543918b3b1e9af00a1e633c,24623,32121,1418875,709437,0.038997,29660.69,29164.87,
830,1,0x627306090abaB3A6e1400e9345bC60c78a8BEf57,0x6f132e7b6ee4ed33ad267239bc237d57e81d47ff1a5811a446333833a3831aa3,24624,32121,1418875,709437,0.038997,30677.53,30170.53,
830,2,0xf17f52151EbEF6C7334FAD080c5704D77216b732,0xf9526ac28c28bc94a6cc0a3d8c094d145b754b10cec6fb6997f926a8aa6d4568,24624,32121,1418875,709437,0.038997,30658.95,30165.66,
831,1,0x627306090abaB3A6e1400e9345bC60c78a8BEf57,0x60006f5d6c6921db222d8ac6227e9ac0dff19efb57cf439a4194513a5227f98f,24625,32121,1418875,709437,0.038997,29671.84,29169.15,
831,2,0xf17f52151EbEF6C7334FAD080c5704D77216b732,0xcde2d840fb873722723770539812dc795354df97c979a6765e5d1c4568f0d8c3,24625,32121,1418875,709437,0.038997,29655.12,29163.77,
832,1,0x627306090abaB3A6e1400e9345bC60c78a8BEf57,0x7b05ad9c676ec6ade3d7a33a8a039f00c215e4a8c166cd5ef1325b84c34adc43,24626,32121,1418875,709437,0.038997,29672.29,29167.25,
832,2,0xf17f52151EbEF6C7334FAD080c5704D77216b732,0x887d5dd418bd18cf788a158dd2e68e7fd2861498b9ea86a65b0b05aebed23ee5,24626,32121,1418875,709437,0.038997,29649.18,29163.61,
833,1,0x627306090abaB3A6e1400e9345bC60c78a8BEf57,0x6af82de6c8d726d1b7a4dff054c4e697a3208e6972851924eb5cd99bdb4c0d68,24627,32121,1418875,709437,0.038997,30669.42,30166.63,
833,2,0xf17f52151EbEF6C7334FAD080c5704D77216b732,0x6c172cc3c9227f75c7d3d1d78de157ae2772bfc1f85f2af446eaa8c62b455348,24627,32121,1418875,709437,0.038997,30647.13,30161.30,
834,2,0xf17f52151EbEF6C7334FAD080c5704D77216b732,0x5bac6f4006fced8f19130761bc91b85afcce65562f05d8f3ea18625ffe56a86c,24628,32121,1418875,709437,0.038997,29645.52,29161.28,
834,1,0x627306090abaB3A6e1400e9345bC60c78a8BEf57,0xcb4d555754a3ee910f61ce9aa6fd2047925447f5961db487c2b39e570e2991c2,24628,32121,1418875,709437,0.038997,29668.98,29166.65,
835,2,0xf17f52151EbEF6C7334FAD080c5704D77216b732,0xcce2e5e98bb60cbf09aad4e9fb4948b3b16606a72d84805a57a6a79eddff256f,24629,32121,1427441,713720,0.039232,29637.44,29151.34,
835,1,0x627306090abaB3A6e1400e9345bC60c78a8BEf57,0xa731c4800e0e07c3f37fa3f28cfda853e79bfd3ffb4c5b27461b001bdf2b28e8,24629,32121,1427441,713720,0.039232,29653.60,29151.25,
836,2,0xf17f52151EbEF6C7334FAD080c5704D77216b732,0xd0654aafa5fbd6e6e299a44e3075021652425fa7dc125530d10d364376a53b57,24630,32121,1427441,713720,0.039232,30610.24,30148.88,
836,1,0x627306090abaB3A6e1400e9345bC60c78a8BEf57,0x8142006729ff78ccb3c58faaaa945b23dcfc88a4addade4f9d9b7b462a72e0f6,24630,32121,1427441,713720,0.039232,30600.37,30146.73,
837,2,0xf17f52151EbEF6C7334FAD080c5704D77216b732,0x85a906a8982b19a628eebe371f2d876685585ad22832714f313cd568ee8a8a52,24631,32121,1427441,713720,0.039232,29608.02,29148.96,
837,1,0x627306090abaB3A6e1400e9345bC60c78a8BEf57,0x6bc43390ac05aa2ed0ecf8a0e3908c039cde8290ac9c4c893f8032278a5d37a6,24631,32121,1427441,713720,0.039232,29621.67,29151.08,
838,2,0xf17f52151EbEF6C7334FAD080c5704D77216b732,0x6005940cee6347624a294bef2187e82eae4355a064d1ee22bdbd6774c7e2b187,24632,32121,1427441,713720,0.039232,30596.10,30149.75,
838,1,0x627306090abaB3A6e1400e9345bC60c78a8BEf57,0x1326849ed2cba53d77713373069a78041406d483e8aff0512d9e3ed2255fdf3e,24632,32121,1427441,713720,0.039232,30595.10,30149.89,
839,2,0xf17f52151EbEF6C7334FAD080c5704D77216b732,0xa38639d8beb2144f5555fb615779f35f3533d34547b39fc9a356a58e2bc35e95,24633,32121,1436338,718169,0.039477,29594.21,29148.19,
839,1,0x627306090abaB3A6e1400e9345bC60c78a8BEf57,0x68d96019020020b2dd565334eb1786b4144c9deccbfd286c98f31930121fb374,24633,32121,1436338,718169,0.039477,29592.71,29147.88,
840,2,0xf17f52151EbEF6C7334FAD080c5704D77216b732,0x71fa18a0d2a1f51f5e9c80a72f8207cb8e6160999d36fe13753ec23f3512df9a,24634,32121,1436338,718169,0.039477,29596.24,29148.65,
840,1,0x627306090abaB3A6e1400e9345bC60c78a8BEf57,0xf5ad076a41b9ff0e116d9e91a0e9df05d3ce3152c8527e31f1a97b64d8eed862,24634,32121,1436338,718169,0.039477,29592.33,29147.57,
841,2,0xf17f52151EbEF6C7334FAD080c5704D77216b732,0x19be1032335770a796c9188334e31b5b5559faac17c7f51723ab855177670424,24635,32121,1436338,718169,0.039477,30599.22,30149.15,
841,1,0x627306090abaB3A6e1400e9345bC60c78a8BEf57,0xe02caa61193602a74fdb813dacbccd53ae2c3d3af6c42ce59f84bf5834cc3f95,24635,32121,1436338,718169,0.039477,30593.83,30148.75,
842,2,0xf17f52151EbEF6C7334FAD080c5704D77216b732,0x1a3626308c139d14a9bc56ce53f34fb12b0d8cda63e0248510760abf97913cff,24636,32121,1436338,718169,0.039477,29600.94,29152.13,
842,1,0x627306090abaB3A6e1400e9345bC60c78a8BEf57,0xfb68998c37d0f1c89bec107b0249f42f25946fba251bf39c6e017c8b129891d7,24636,32121,1436338,718169,0.039477,29597.98,29148.81,
843,2,0xf17f52151EbEF6C7334FAD080c5704D77216b732,0x31680aab1d62674e17e42e231be93e2ddb5f51cd9210ca8e8362017525a7c4ba,24637,32121,1441636,720818,0.039622,30594.91,30148.67,
843,1,0x627306090abaB3A6e1400e9345bC60c78a8BEf57,0x37b84ad45f8c67e5207104319d36a3aa41079c1a5465ace66b617cbbce8dda7f,24637,32121,1441636,720818,0.039622,30596.38,30149.84,
844,2,0xf17f52151EbEF6C7334FAD080c5704D77216b732,0x597838bf336b89872c6131e6692718d916247f822b7d0cf4027714ebaf47e9ed,24638,32121,1441636,720818,0.039622,29598.70,29149.39,
844,1,0x627306090abaB3A6e1400e9345bC60c78a8BEf57,0xd0f100d7a8f3e3e2df0175dd8ab4ff6555f9706aefbe18020ec09023076d6318,24638,32121,1441636,720818,0.039622,29598.39,29148.14,
845,2,0xf17f52151EbEF6C7334FAD080c5704D77216b732,0xe4b7f146030df64a9ce9150f9edd206dc2814d5461449dc4cfc80ab17581a5e8,24639,32121,1441636,720818,0.039622,29597.17,29148.94,
845,1,0x627306090abaB3A6e1400e9345bC60c78a8BEf57,0x89dad3d0f7fdd87d25b1b93f033ad85a3f2ecd3c0235b2b6bd669c11d7cb74fd,24639,32121,1441636,720818,0.039622,29600.28,29149.58,
846,2,0xf17f52151EbEF6C7334FAD080c5704D77216b732,0xfc55aa834ed19f018497d9d47ae12fcfcb0a17d0405438f3459c2b683263e548,24640,32121,1441636,720818,0.039622,30595.42,30149.03,
846,1,0x627306090abaB3A6e1400e9345bC60c78a8BEf57,0x72e7d107297ecefb13e2cc73d0378d1c32aa6c639dc9b40e59569b09682215d8,24640,32121,1441636,720818,0.039622,30593.06,30148.01,
847,2,0xf17f52151EbEF6C7334FAD080c5704D77216b732,0x19548fb301e01ca28b146a20eb1e48363d73b546cfaabda04fd710459f7d0165,24641,32121,1441636,720818,0.039622,29597.93,29151.04,
847,1,0x627306090abaB3A6e1400e9345bC60c78a8BEf57,0xf43a7eaf8c61198e4adb2289a2ed0d7b3012312ca56cba12daa2a2e4f5212c5c,24641,32121,1441636,720818,0.039622,29593.66,29147.37,
848,2,0xf17f52151EbEF6C7334FAD080c5704D77216b732,0x067553ca06e7d8d5f5df839520b2f59fe6e8f261249a4425151ae197fcf38675,24642,32121,1444781,722390,0.039709,30597.28,30151.07,
848,1,0x627306090abaB3A6e1400e9345bC60c78a8BEf57,0x4d4d82ae71de3c7359d29b36062bfd5eb7f75212f3317bbdb7fb693d6e91404d,24642,32121,1444781,722390,0.039709,30597.95,30149.14,
849,2,0xf17f52151EbEF6C7334FAD080c5704D77216b732,0x1e37da555c15d37379dd7d77d26e5ffcf5ddefc7fee08bfce9390501ea6c2995,24643,32121,1449124,724562,0.039828,29595.91,29148.82,
849,1,0x627306090abaB3A6e1400e9345bC60c78a8BEf57,0xccd57b978890c8d3d3c2e60e203b939c160a519d76e87765c62c16d509b0e35f,24643,32121,1449124,724562,0.039828,29602.50,29148.80,
850,2,0xf17f52151EbEF6C7334FAD080c5704D77216b732,0xc6c75da1df0cb11bb13b0bbea1e007ae5a52078c39f1807796f3f723bc248c69,24644,32121,1449124,724562,0.039828,29596.83,29150.39,
850,1,0x627306090abaB3A6e1400e9345bC60c78a8BEf57,0x99108e65dffc9af1ffe20a1e41b9f2ccf4d374aaa3d6a30c3ecb17c73ca661eb,24644,32121,1449124,724562,0.039828,29593.31,29149.36,
851,2,0xf17f52151EbEF6C7334FAD080c5704D77216b732,0x93b17aaaa7eb8b027a89fcf97732ed692822172bf0eba71306883893c3bf78b9,24645,32121,1449124,724562,0.039828,30597.58,30149.80,
851,1,0x627306090abaB3A6e1400e9345bC60c78a8BEf57,0x660b0b3d2ce05c770f74d85822458f0e9e7474242c801ffa11433f7b0bf3720b,24645,32121,1449124,724562,0.039828,30604.97,30149.82,
852,2,0xf17f52151EbEF6C7334FAD080c5704D77216b732,0x36de5d11820e0e29903764a2087021dec774c16ebf29fbabb379be23948e2979,24646,32121,1457938,728969,0.040071,29596.37,29148.46,
852,1,0x627306090abaB3A6e1400e9345bC60c78a8BEf57,0xad94bafb926ba072eb1150b96289c27287a0ecfbe1a906209432d1c64f16249c,24646,32121,1457938,728969,0.040071,29598.68,29149.94,
853,2,0xf17f52151EbEF6C7334FAD080c5704D77216b732,0xf54c673b0f5052bf4f96c1448faead933bc362036fd398a8c7882c81ed8d76d9,24647,32121,1457938,728969,0.040071,30594.84,30150.22,
853,1,0x627306090abaB3A6e1400e9345bC60c78a8BEf57,0x64d87c23e8f6878119d7ea3727997c7181f1ec7da67a587dffca53808cb247af,24647,32121,1457938,728969,0.040071,30593.56,30148.63,
854,2,0xf17f52151EbEF6C7334FAD080c5704D77216b732,0xb7b06d5364c48756cea14c2179d41908fcdf572254c90c65de02150bcbd38505,24648,32121,1457938,728969,0.040071,29596.69,29150.16,
854,1,0x627306090abaB3A6e1400e9345bC60c78a8BEf57,0x2e9a2ddd5052ff432ef203be921afdf16f20a4763879dd023683df968cf01f98,24648,32121,1457938,728969,0.040071,29597.74,29151.45,
855,2,0xf17f52151EbEF6C7334FAD080c5704D77216b732,0x725ebaa0bc014ad9c4c311969629a2c425c2270436c63754a69ff0c1a183eda7,24649,32121,1457938,728969,0.040071,29598.70,29148.37,
855,1,0x627306090abaB3A6e1400e9345bC60c78a8BEf57,0x5b7fb2aa002ff6b501930c60441eeeec9ff94cd58ed281426053f1c37524179c,24649,32121,1457938,728969,0.040071,29609.71,29149.79,
856,2,0xf17f52151EbEF6C7334FAD080c5704D77216b732,0x6ad5d1e242d7c2e5bfacdabc95d0a58ba5279b84e64aad02f914a17506d781f7,24650,32121,1457938,728969,0.040071,30597.62,30148.17,
856,1,0x627306090abaB3A6e1400e9345bC60c78a8BEf57,0x2fc86cd81f8fe227a2e554c4edbed1894fc22326b30f55a88c5a242fbf5fc1db,24650,32121,1457938,728969,0.040071,30602.86,30149.63,
857,2,0xf17f52151EbEF6C7334FAD080c5704D77216b732,0xd93f96aa2f68bacfd791e76407839108be04605aca64586a0a9ff78dcef9627a,24651,32121,1457938,728969,0.040071,29596.18,29149.03,
857,1,0x627306090abaB3A6e1400e9345bC60c78a8BEf57,0x08950cff73c259738f98c813a4f51c968d898b862b50a44ed2773174beca5f5d,24651,32121,1457938,728969,0.040071,29606.17,29152.02,
858,2,0xf17f52151EbEF6C7334FAD080c5704D77216b732,0xade5ac7b203af60f813fbe6cbc97aa20c355adf2883842b05d64e6f56e7e6c4a,24652,32121,1462076,731038,0.040184,30591.71,30146.95,
858,1,0x627306090abaB3A6e1400e9345bC60c78a8BEf57,0x878618e77fb3a058edec779a052297743c6b39cfe651941f0745de7510ccea5d,24652,32121,1462076,731038,0.040184,30602.39,30149.58,
859,2,0xf17f52151EbEF6C7334FAD080c5704D77216b732,0x2efbeb5cd418e6a53080fa01e4d787873b0e635efb22adaa568823dc244d42f0,24653,32121,1462076,731038,0.040184,29594.82,29148.82,
859,1,0x627306090abaB3A6e1400e9345bC60c78a8BEf57,0x20cb665d6708a347d8c98803f8be45ad3ce2f0b4b35cdfa6348cfd462a032e09,24653,32121,1462076,731038,0.040184,29606.83,29152.61,
860,2,0xf17f52151EbEF6C7334FAD080c5704D77216b732,0x23193ee62da1954d6e65912eea84ff5f43ed1fef36b0767f622c70f74fc51c6f,24654,32121,1462615,731307,0.040199,29604.80,29150.19,
860,1,0x627306090abaB3A6e1400e9345bC60c78a8BEf57,0x8289da13199c11f056474e48cd73a0d6e7029d6d35a9aa7cdace890b6f23b6b9,24654,32121,1462615,731307,0.040199,29606.96,29150.30,
861,2,0xf17f52151EbEF6C7334FAD080c5704D77216b732,0x71d6796fcf92d46c565fec1b3892a14d80966e714aafcf9a2a55f24072d1d6a8,24655,32121,1480491,740245,0.040690,30593.93,30148.87,
861,1,0x627306090abaB3A6e1400e9345bC60c78a8BEf57,0x1aa00c41eb23662b4c5821093a24402f9c4e8b561a46603717a8857c6c7defb8,24655,32121,1480491,740245,0.040690,30607.01,30151.56,
862,2,0xf17f52151EbEF6C7334FAD080c5704D77216b732,0x9e0231a72858ffe00f9a558a4a8bd69b97977a0c73811b0d683e9f9836cea516,24656,32121,1480491,740245,0.040690,29598.68,29150.08,
862,1,0x627306090abaB3A6e1400e9345bC60c78a8BEf57,0x7223dcdc26466ba3964be555cf4d1675363776f59886f6318f6d6e1c9d63a330,24656,32121,1480491,740245,0.040690,29604.85,29150.93,
863,2,0xf17f52151EbEF6C7334FAD080c5704D77216b732,0x1fdae60ff01625693ddca30dc353fbe1bb083740df4f27630dd642d395ce1fd6,24657,32121,1480491,740245,0.040690,30598.01,30148.25,
863,1,0x627306090abaB3A6e1400e9345bC60c78a8BEf57,0x28177859951c5efa4ee4dfe18c5eb8452dfb9f993f0de2c79921a39a683ec4ad,24657,32121,1480491,740245,0.040690,30611.32,30151.60,
864,2,0xf17f52151EbEF6C7334FAD080c5704D77216b732,0xb9271ce68c79e98912d8648c679579bb286d13e0fd3032951656e58943791da4,24658,32121,1480491,740245,0.040690,29601.57,29147.56,
864,1,0x627306090abaB3A6e1400e9345bC60c78a8BEf57,0x98f1bccaa62e219a404860dc9f094ce02a3beadf2fe72e07cbaf7b0dcb6a0abf,24658,32121,1480491,740245,0.040690,29606.52,29152.04,
865,2,0xf17f52151EbEF6C7334FAD080c5704D77216b732,0x7e4af89e118c21da56b56be53d69dc8cf872434abac86ec7e9cc588f20d4f3d0,24659,32121,1480491,740245,0.040690,29594.87,29150.06,
865,1,0x627306090abaB3A6e1400e9345bC60c78a8BEf57,0x1561e1b08d2d8d4662adbb8a3ed0ce2b7dcab9a1818af077b12158c91df10712,24659,32121,1480491,740245,0.040690,29602.67,29151.84,
866,2,0xf17f52151EbEF6C7334FAD080c5704D77216b732,0x90d7573bed7ef22f5d71f8adb8e230ec054472649fe14509ee6fc94fee5db154,24660,32121,1480491,740245,0.040690,30598.76,30150.40,
866,1,0x627306090abaB3A6e1400e9345bC60c78a8BEf57,0x964fc6f1a6b04b02a8478daafe0f01ac9f8503bcea71581cfc63db78467e992b,24660,32121,1480491,740245,0.040690,30607.77,30150.50,
867,2,0xf17f52151EbEF6C7334FAD080c5704D77216b732,0x403557d398a911c9971d9c7b571bcded1937155ff9575bbbb37634dfa9dc18fc,24661,32121,1480491,740245,0.040690,29598.96,29151.68,
867,1,0x627306090abaB3A6e1400e9345bC60c78a8BEf57,0x4ab7506e1dd43488e0d81596a222638133526d1a550c11fdcd161ab771f9935d,24661,32121,1480491,740245,0.040690,29602.91,29151.40,
868,2,0xf17f52151EbEF6C7334FAD080c5704D77216b732,0x89a48edfc8e2328a002c60481d534263f54b459e40f771512c826a0d3a036722,24662,32121,1480491,740245,0.040690,30597.09,30148.21,
868,1,0x627306090abaB3A6e1400e9345bC60c78a8BEf57,0x2035af6429d90cd57759db6edd4af78298076489edc628dceb49d6a25d3cb6b9,24662,32121,1480491,740245,0.040690,30615.92,30150.69,
869,2,0xf17f52151EbEF6C7334FAD080c5704D77216b732,0x5ba0fda716ae730df457df07a6221b23d1162ea3d4eba4448416e1f16fe27ef0,24663,32121,1484091,742045,0.040789,29600.52,29149.04,
869,1,0x627306090abaB3A6e1400e9345bC60c78a8BEf57,0x6401270d6a9584eae45abd5df04afcac6e779e81c9c23690ee5f38f2af6cb4c3,24663,32121,1484091,742045,0.040789,29606.89,29151.99,
870,2,0xf17f52151EbEF6C7334FAD080c5704D77216b732,0x4b2705fac5dadff9807b5d8ee835d1b62f03d05c9da826c07113f213d71b0b23,24664,32121,1484091,742045,0.040789,29599.79,29149.69,
870,1,0x627306090abaB3A6e1400e9345bC60c78a8BEf57,0x87e63dde01c90701225f1add421cee0a6b307c9650c8856829186eac9bfba9fe,24664,32121,1484091,742045,0.040789,29606.67,29151.65,
871,2,0xf17f52151EbEF6C7334FAD080c5704D77216b732,0xf386d53f2832430944f648e6e6f260548bdde094f15eb241e3dddc1255738f95,24665,32121,1484091,742045,0.040789,30601.67,30149.25,
871,1,0x627306090abaB3A6e1400e9345bC60c78a8BEf57,0x15fede81c69ac54089ad3b52a2e50562e0fae9d6a967e6b8824d40ecd73b1f2d,24665,32121,1484091,742045,0.040789,30600.25,30148.42,
872,2,0xf17f52151EbEF6C7334FAD080c5704D77216b732,0xc6516ff47da0ac056d82c596db1257638519fd5481c4a744af2bfaeaa92dcbf5,24666,32121,1499899,749949,0.041224,29599.87,29150.28,
872,1,0x627306090abaB3A6e1400e9345bC60c78a8BEf57,0x6084dc7ea56218f3bd96a4630fba34be87a22ab76b31b66bc38472143fd2384e,24666,32121,1499899,749949,0.041224,29601.64,29151.96,
873,1,0x627306090abaB3A6e1400e9345bC60c78a8BEf57,0x8a21172a6000b2faca07095b5a62cd4ec47192fd5e554f5fd4c93d2fd4b65df2,24667,32121,1499899,749949,0.041224,29608.60,29150.54,
873,2,0xf17f52151EbEF6C7334FAD080c5704D77216b732,0xdd5892ac2f13e56a76b4cc7c3b1403c3b0af3faa86ffba04fdd9ced812e89a8f,24667,32121,1499899,749949,0.041224,30600.92,30149.87,
874,2,0xf17f52151EbEF6C7334FAD080c5704D77216b732,0x5da4d0d4e17729856741337f75fc9799a23e01c3d11a314bfdc6f4dee913636f,24668,32121,1499899,749949,0.041224,29596.74,29148.23,
874,1,0x627306090abaB3A6e1400e9345bC60c78a8BEf57,0xca954d1975f3c9d1af87518d22c850ac32c78bafa9ad51f8bc987b3002a542a9,24668,32121,1499899,749949,0.041224,30606.15,30152.51,
875,2,0xf17f52151EbEF6C7334FAD080c5704D77216b732,0x3fcd86ba6fc4291bea4ba7eb5633eefb5dd5c9267f9de9b01ba01e84fc398c24,24669,32121,1499899,749949,0.041224,29597.90,29148.86,
875,1,0x627306090abaB3A6e1400e9345bC60c78a8BEf57,0xfecd899642f19fbef27ec5398a5127f9843f774ba69851052252f3d638cf1209,24669,32121,1499899,749949,0.041224,29600.63,29150.16,
876,2,0xf17f52151EbEF6C7334FAD080c5704D77216b732,0xf3c41121b023ba6151585b0c9babb9c0fcbab0b16b87bbecc730c2ccfb4a0e47,24670,32121,1499899,749949,0.041224,30600.95,30150.77,
876,1,0x627306090abaB3A6e1400e9345bC60c78a8BEf57,0x53204cebc994a43d917ad781a0a763b83aede2b6c3365866080adf83793e74ac,24670,32121,1499899,749949,0.041224,30601.58,30149.46,
877,2,0xf17f52151EbEF6C7334FAD080c5704D77216b732,0x483b341e9e41f3da036b30dbcc05da9cd8d0938fada2c87874b75aed5d970fd6,24671,32121,1499899,749949,0.041224,29598.43,29149.88,
877,1,0x627306090abaB3A6e1400e9345bC60c78a8BEf57,0xfb1ef9faf260a1d2cae41946450d3a793e4772d2dad1006b110276f26fb3dd6f,24671,32121,1499899,749949,0.041224,29601.65,29154.85,
878,1,0x627306090abaB3A6e1400e9345bC60c78a8BEf57,0x8db58beef3a74499b4f159ac268e1d910bf196cbd56852f2bbc15ee5e4a9ae53,24672,32121,1499899,749949,0.041224,29601.87,29152.50,
878,2,0xf17f52151EbEF6C7334FAD080c5704D77216b732,0xa40264c83476cf8c0cdfe62d6108efa8b088a9d326f8d06c8c98f9e56dae0279,24672,32121,1499899,749949,0.041224,30600.17,30152.03,
879,2,0xf17f52151EbEF6C7334FAD080c5704D77216b732,0x2ede1065d4b3d876f2455ce9abe88934874ec224ea3e81dbbe76c085a1c29c89,24673,32121,1499899,749949,0.041224,29598.75,29150.93,
879,1,0x627306090abaB3A6e1400e9345bC60c78a8BEf57,0x4a2e8e9ff5134a2a813be55602e3203e4e6484b7bccbddb35ba95d2e97645df8,24673,32121,1499899,749949,0.041224,30598.87,30149.14,
880,2,0xf17f52151EbEF6C7334FAD080c5704D77216b732,0x8f20085e3ccffa003275a5fb40d45864866aeb58c5c8c95a4c908ee810fbfe48,24674,32121,1499899,749949,0.041224,29597.42,29150.54,
880,1,0x627306090abaB3A6e1400e9345bC60c78a8BEf57,0x8928cdf54529245dc4a3874ddd46869db3058fdfa8e5d3a351edfb6d63f63781,24674,32121,1499899,749949,0.041224,29603.16,29151.42,
881,2,0xf17f52151EbEF6C7334FAD080c5704D77216b732,0xf8f00a394fe9976e34f1143380150c4170cd75b0990b89fda7bd98cd180ee2ec,24675,32121,1499899,749949,0.041224,30606.45,30155.86,
881,1,0x627306090abaB3A6e1400e9345bC60c78a8BEf57,0x426cf3bb11c33771546230d83bec2b8d4bb4dde043db05f07a4499afcfdbf95a,24675,32121,1499899,749949,0.041224,30610.54,30154.53,
882,2,0xf17f52151EbEF6C7334FAD080c5704D77216b732,0xd9dd6e357705fe6a245c7077125ed0dbc98933b641c5c7aff4f675d673d0df99,24676,32121,1505156,752578,0.041368,29606.93,29148.20,
882,1,0x627306090abaB3A6e1400e9345bC60c78a8BEf57,0x9e4fe3d84c3548fca3412e2792bc3aed4d72880c98fbfab6cd650c1a7ca17ae0,24676,32121,1505156,752578,0.041368,29599.62,29149.82,
883,1,0x627306090abaB3A6e1400e9345bC60c78a8BEf57,0x3c4e4b763bf95a11450449ef358469de90fc295b07f5eb371be5a1b450e20a7f,24677,32121,1505156,752578,0.041368,29631.17,29180.84,
883,2,0xf17f52151EbEF6C7334FAD080c5704D77216b732,0x91732afcdc3c37feb734caeb0781b5db529640958f26fb1219318340431dff69,24677,32121,1505156,752578,0.041368,30637.30,30183.36,
884,2,0xf17f52151EbEF6C7334FAD080c5704D77216b732,0x545e1c453c14199ae75782ba55a9aca28a74ebc914a64f1228042e007c0af57e,24678,32121,1513928,756964,0.041609,29635.42,29152.12,
884,1,0x627306090abaB3A6e1400e9345bC60c78a8BEf57,0xc75f76fef119c09398c6ade6d328d59dbacf6ac8fdfc9d14e528c978b15b9853,24678,32121,1513928,756964,0.041609,30641.47,30150.44,
885,2,0xf17f52151EbEF6C7334FAD080c5704D77216b732,0xe241a729874ca41b28c0d140124f8b28f6c8077d8bf7fd636a3a5160d8c569aa,24679,32121,1513928,756964,0.041609,29601.23,29151.23,
885,1,0x627306090abaB3A6e1400e9345bC60c78a8BEf57,0x6eb111edd93a8faf8378a9d966bd00fdd8b8595f4d541fd51ceab31f74cde735,24679,32121,1513928,756964,0.041609,29602.51,29149.75,
886,2,0xf17f52151EbEF6C7334FAD080c5704D77216b732,0x708b7a0a10bdb7c163cd432f9a2aa5506be0753cf6c274505895e2afb7614504,24680,32121,1513928,756964,0.041609,30599.99,30149.89,
886,1,0x627306090abaB3A6e1400e9345bC60c78a8BEf57,0xbb1a2d7272b2751177233663ae4da3b9cec7b3b3863fa250df0cbb40e0fa33b3,24680,32121,1513928,756964,0.041609,30599.74,30150.50,
887,2,0xf17f52151EbEF6C7334FAD080c5704D77216b732,0x1a00dabd859bea3dc997093da6374dbe50f61bf57ed1fd8b9d3d1928101daf6e,24681,32121,1513928,756964,0.041609,29598.14,29148.53,
887,1,0x627306090abaB3A6e1400e9345bC60c78a8BEf57,0x467138e643550f14f18128b24225e77d7f0e82991be261bdc2ceb246afb276ef,24681,32121,1513928,756964,0.041609,29606.43,29152.51,
888,1,0x627306090abaB3A6e1400e9345bC60c78a8BEf57,0xb14c342a0ab96148c607ec267ece9945143029ba526b1b7875fcfe13ea5f9946,24682,32121,1513928,756964,0.041609,29602.52,29150.84,
888,2,0xf17f52151EbEF6C7334FAD080c5704D77216b732,0xd2fd90f11cb6e84d3b615b43519c0acc479e804250b0d5a52a272e095edd40a5,24682,32121,1513928,756964,0.041609,30600.95,30150.59,
889,2,0xf17f52151EbEF6C7334FAD080c5704D77216b732,0xbc488e20bed3eb90a540e650f498575ae04739306d3439c682e1c4ab439bb986,24683,32121,1513928,756964,0.041609,29596.26,29150.28,
889,1,0x627306090abaB3A6e1400e9345bC60c78a8BEf57,0x9fdaf2e8280d27a3219f828e52ae19571faf46a6251ccf3ce9c70024939cbd72,24683,32121,1513928,756964,0.041609,30605.39,30154.61,
890,2,0xf17f52151EbEF6C7334FAD080c5704D77216b732,0xac8f6b55e5b91241c2174858ce40e54170ad69991950df5211571d6fbb3ba17f,24684,32121,1516990,758495,0.041694,29597.67,29149.62,
890,1,0x627306090abaB3A6e1400e9345bC60c78a8BEf57,0x926d1b58057baa8486857bc6d9af073bc0e2788d4234ef0e26a8a5b47048d688,24684,32121,1516990,758495,0.041694,29602.09,29152.09,
891,2,0xf17f52151EbEF6C7334FAD080c5704D77216b732,0x471c09b64262ca92020b32a52b90b4fc6a1b29d35a4bc98941c7b8ef5805d1df,24685,32121,1516990,758495,0.041694,30600.20,30149.66,
891,1,0x627306090abaB3A6e1400e9345bC60c78a8BEf57,0xb1d45cddcae2525afc7579ae76b524410f9aeb84cfadc7d9a5a52e49f72f3a5c,24685,32121,1516990,758495,0.041694,30601.95,30152.29,
892,2,0xf17f52151EbEF6C7334FAD080c5704D77216b732,0x2d3c3ca6db4d3aefce3de1dbd5b7ca6aa020c3bb8aff5ee508b534cb5b9c9d69,24686,32121,1527002,763501,0.041969,29597.44,29150.98,
892,1,0x627306090abaB3A6e1400e9345bC60c78a8BEf57,0xa8ccc0b38f3b1420b4fccac1c7dff7bb640e470de2fe3c8055071a6b9b2b93bf,24686,32121,1527002,763501,0.041969,29602.38,29150.73,
893,1,0x627306090abaB3A6e1400e9345bC60c78a8BEf57,0xcae3098995d853a57ff52ab756b09c4e268fbe67af038cc4464e682a3997c314,24687,32121,1527002,763501,0.041969,29604.87,29151.41,
893,2,0xf17f52151EbEF6C7334FAD080c5704D77216b732,0xe6dc06aba76c43c000ca078de86fc2771963a7ea658b5a9544673bdb9c8c5bdb,24687,32121,1527002,763501,0.041969,30600.66,30151.20,
894,2,0xf17f52151EbEF6C7334FAD080c5704D77216b732,0xbe2ecf69633003a080b85b9d2edceed84f16f5232f64c98edeeeca2c9317240b,24688,32121,1527002,763501,0.041969,29598.48,29150.58,
894,1,0x627306090abaB3A6e1400e9345bC60c78a8BEf57,0xeae5c04abd0f7c42f97306c9989a39c6e3153a28da1e2daf8b1bfadb6e27dab9,24688,32121,1527002,763501,0.041969,30604.25,30150.47,
895,2,0xf17f52151EbEF6C7334FAD080c5704D77216b732,0xec94c8f3ea667874cb2a6af412e774b8d75540012ccb5e480ad9e740596a09dc,24689,32121,1527002,763501,0.041969,29600.70,29150.18,
895,1,0x627306090abaB3A6e1400e9345bC60c78a8BEf57,0x6b1b7f28938b247e41389370f2538ce91859e625dd555acf7ef1aa8996a4ec02,24689,32121,1527002,763501,0.041969,29599.43,29152.19,
896,2,0xf17f52151EbEF6C7334FAD080c5704D77216b732,0x3fbfd2b565af1e46555f3fb8b6121a7a51570175eed046ee9c94629ad861ddfb,24690,32121,1527002,763501,0.041969,30605.67,30149.53,
896,1,0x627306090abaB3A6e1400e9345bC60c78a8BEf57,0x173df0592927ad58eda497d341c41bd26d10184385c2f2a5b5b25abfefb1b75f,24690,32121,1527002,763501,0.041969,30599.98,30151.16,
897,2,0xf17f52151EbEF6C7334FAD080c5704D77216b732,0xf98da36a62c71a9b97bc9b026df429402871a09a226e3b2d25f47d117aa18ede,24691,32121,1527002,763501,0.041969,29605.50,29155.83,
897,1,0x627306090abaB3A6e1400e9345bC60c78a8BEf57,0x21fa4b1c3af24b02900e9a541ad89ac6f9abf82ca858d9e9b15a25b49a07b107,24691,32121,1527002,763501,0.041969,29610.47,29158.27,
898,1,0x627306090abaB3A6e1400e9345bC60c78a8BEf57,0xac3890a63dec73b643161f79241b301f8cca305148861a7bde0d83f0ba48e0b4,24692,32121,1529527,764763,0.042038,29624.35,29155.28,
898,2,0xf17f52151EbEF6C7334FAD080c5704D77216b732,0x0b72a19171c0e6b27ceb68abb41c85389bfebb9ccf0099746a756965a468acb7,24692,32121,1529527,764763,0.042038,30632.42,30154.18,
899,2,0xf17f52151EbEF6C7334FAD080c5704D77216b732,0xdad6dddee5e7aea8f7b4d81908342af1256822e6cf9d0363612e08a0f0d5329c,24693,32121,1529527,764763,0.042038,29627.29,29155.85,
899,1,0x627306090abaB3A6e1400e9345bC60c78a8BEf57,0x5789c6e8891e79b78fa80e417c965b5fdc5594c494bfba61eeff405063afcc26,24693,32121,1529527,764763,0.042038,30622.23,30156.35,
900,2,0xf17f52151EbEF6C7334FAD080c5704D77216b732,0x0cfbd0cf2b77cc2e33e7176d4b2226f64222456accbab1f98f7684679d1fc811,24694,32121,1532838,766419,0.042129,29623.28,29156.88,
900,1,0x627306090abaB3A6e1400e9345bC60c78a8BEf57,0xb9eefc873e54d1c074f44bc7d9947a950d29f63bf835206563b6dddaa16044bb,24694,32121,1532838,766419,0.042129,29627.59,29158.71,
901,1,0x627306090abaB3A6e1400e9345bC60c78a8BEf57,0x67e6910d48f98478727dff43dab8c74b27a58c20fa807930afc4f1d6dc31b3d1,24695,32121,1532838,766419,0.042129,29621.93,29156.88,
901,2,0xf17f52151EbEF6C7334FAD080c5704D77216b732,0xa63efee31472e36977bf6fe636b509f24a629045144eb9937bbb2cbafd7d2dc8,24695,32121,1532838,766419,0.042129,30624.10,30155.61,
902,2,0xf17f52151EbEF6C7334FAD080c5704D77216b732,0x55ec100fa8c99c910a9ce7e42c58580d10e23fffe490b12e88c639f4c4c7acb1,24696,32121,1538963,769481,0.042297,29624.34,29157.04,
902,1,0x627306090abaB3A6e1400e9345bC60c78a8BEf57,0x9bcc28a377d9f0874c0d9e9c91ddd7c5189f210f719821350d787061f4b5abc8,24696,32121,1538963,769481,0.042297,30625.76,30156.27,
903,2,0xf17f52151EbEF6C7334FAD080c5704D77216b732,0xaf2193b55c8af028126d48674697e69f747f768ffad282755d1bc0a9e45178c3,24697,32121,1538963,769481,0.042297,29622.93,29155.42,
903,1,0x627306090abaB3A6e1400e9345bC60c78a8BEf57,0xbcb65f96a3f2282d25d69fc97634232ed73c0174f16d7cb72081fa75432dd50d,24697,32121,1538963,769481,0.042297,29625.83,29156.24,
904,2,0xf17f52151EbEF6C7334FAD080c5704D77216b732,0x0f0060e85b4b7bc4c8e11b5f589b6ed872965cb439f4042dac7311536a6b0b1a,24698,32121,1538963,769481,0.042297,30625.19,30157.46,
904,1,0x627306090abaB3A6e1400e9345bC60c78a8BEf57,0x465f2c5e859fee471418e8848eccfd8eae4089a0eaa70b418e86be4b0d369c4c,24698,32121,1538963,769481,0.042297,30624.29,30156.90,
905,2,0xf17f52151EbEF6C7334FAD080c5704D77216b732,0x7f91db90ce3d1a487aae61a0eb3bb3db87f03c474a371838607a8eebfad7744d,24699,32121,1544509,772254,0.042450,29628.23,29160.42,
905,1,0x627306090abaB3A6e1400e9345bC60c78a8BEf57,0x82c1a75d4e0bf64c4724bd53aef06c64c926da9b45978dc5d4618a6ec3f6067c,24699,32121,1544509,772254,0.042450,29622.38,29155.12,
906,1,0x627306090abaB3A6e1400e9345bC60c78a8BEf57,0x7bdd0211e51589ac34c29abd1dc3ad4128e60efefda506e3cc2e0eaaccbcac90,24700,32121,1544509,772254,0.042450,29634.61,29157.06,
906,2,0xf17f52151EbEF6C7334FAD080c5704D77216b732,0x53f0d45c438d90350b195c952579944132549186075cc24c537cd48c30327184,24700,32121,1544509,772254,0.042450,30623.13,30156.94,
907,2,0xf17f52151EbEF6C7334FAD080c5704D77216b732,0x0c8c37d942fd1695e83add62d20d44ca7663b5828d93fd760d671161c639c91d,24701,32121,1544509,772254,0.042450,29621.73,29157.09,
907,1,0x627306090abaB3A6e1400e9345bC60c78a8BEf57,0x5fda1bacac3190baba976354db16e929528f104d0fe329ace5c4389183cfe817,24701,32121,1544509,772254,0.042450,30630.83,30157.78,
908,2,0xf17f52151EbEF6C7334FAD080c5704D77216b732,0xa180ec172dabf0144f65b77be2ed7eb4bede9c334bda21b3aa15a8188a0d30b4,24702,32121,1553117,776558,0.042686,29624.56,29158.18,
908,1,0x627306090abaB3A6e1400e9345bC60c78a8BEf57,0xfeddfcbb79c9bf2a397510b3ffd8178f2f2cd1a71d4becb6b2fc668302e271ec,24702,32121,1553117,776558,0.042686,29630.64,29157.70,
909,1,0x627306090abaB3A6e1400e9345bC60c78a8BEf57,0xac6fd909b45aaedd1a1ae5a0628ea673eae494e1fd9a31150cde4b3a57c4e4d0,24703,32121,1553117,776558,0.042686,29625.17,29156.33,
909,2,0xf17f52151EbEF6C7334FAD080c5704D77216b732,0x8f671c7d34c6626e1887a80de7d34ed89c929ef7c115c3eb237202afd08602bf,24703,32121,1553117,776558,0.042686,30623.14,30156.25,
910,2,0xf17f52151EbEF6C7334FAD080c5704D77216b732,0x5dde3e2d77e2722c2139318f970599f07937dcd6d32f702ee49aaa4a4b2d4cf9,24704,32121,1553117,776558,0.042686,29627.62,29156.48,
910,1,0x627306090abaB3A6e1400e9345bC60c78a8BEf57,0x03028e0afc819afefca3d8fd986d1e614f1b10fde552ab2712001464f5372a17,24704,32121,1553117,776558,0.042686,30622.75,30156.10,
911,2,0xf17f52151EbEF6C7334FAD080c5704D77216b732,0xc31ee109c49c76d4bdb94fdd59e802d0d083e23e6f75731c3d0e4266d343c564,24705,32121,1553406,776703,0.042694,29622.46,29155.32,
911,1,0x627306090abaB3A6e1400e9345bC60c78a8BEf57,0x9e4d68d3de31733fe86e5d076d9997120e5029eddc72621276c4a823cb2b09d7,24705,32121,1553406,776703,0.042694,29625.11,29155.97,
912,2,0xf17f52151EbEF6C7334FAD080c5704D77216b732,0x910d67420b802c6c06e592bddf9cee4ec50824ed79010109c5970c58c1ba8a1f,24706,32121,1568593,784296,0.043112,30621.49,30156.43,
912,1,0x627306090abaB3A6e1400e9345bC60c78a8BEf57,0x9c0771dda75698ea2e87fe6132b397b5a0d41db2b85343f350a05c5beafe0795,24706,32121,1568593,784296,0.043112,30626.71,30156.47,
913,2,0xf17f52151EbEF6C7334FAD080c5704D77216b732,0x0236fd51df094318150a871ebc5a2a6433dd0579d50222e95e7e39bea03b6372,24707,32121,1568593,784296,0.043112,29623.85,29156.69,
913,1,0x627306090abaB3A6e1400e9345bC60c78a8BEf57,0x2f569bf70045a4868df67fec7d21bcfd5d4c37b8119454da9fdf360e63569fae,24707,32121,1568593,784296,0.043112,29618.50,29155.03,
914,1,0x627306090abaB3A6e1400e9345bC60c78a8BEf57,0x92727c21f5ccc4dfa86bd58a1563522d1a125bcb0b80bcafe9f5f5125ce6db6c,24708,32121,1568593,784296,0.043112,29627.06,29155.59,
914,2,0xf17f52151EbEF6C7334FAD080c5704D77216b732,0xbd0124ac74d68eb5805728067d6fe9a15680726b4fa24bd49cb9dfa71f400c2c,24708,32121,1568593,784296,0.043112,30626.31,30155.65,
915,2,0xf17f52151EbEF6C7334FAD080c5704D77216b732,0x42a6261509f56b55f0ece00f92ca9d19be6dd7c4ea082ef37a7ac5b11dbcca85,24709,32121,1568593,784296,0.043112,29625.07,29156.60,
915,1,0x627306090abaB3A6e1400e9345bC60c78a8BEf57,0x42c4d5959031ee056087cac4b7f53d0743628f95038e7eda8514fa4c43de911c,24709,32121,1568593,784296,0.043112,30626.68,30155.57,
916,2,0xf17f52151EbEF6C7334FAD080c5704D77216b732,0x7c1dc7384e1b7bbf46b4c9a763aeb5f47b3819d425710f26288941c2b7ae4ff3,24710,32121,1568593,784296,0.043112,29621.47,29157.35,
916,1,0x627306090abaB3A6e1400e9345bC60c78a8BEf57,0x27e0c0986a8d856c45906abf1f8c808cccaa8b918b03017482a7592500913cd6,24710,32121,1568593,784296,0.043112,29624.93,29157.24,
917,1,0x627306090abaB3A6e1400e9345bC60c78a8BEf57,0x79cfa14c3d1fe5fd8ee80f28e7485c463ddf823b67e791ad92cc1312f26756b1,24711,32121,1568593,784296,0.043112,29626.74,29154.67,
917,2,0xf17f52151EbEF6C7334FAD080c5704D77216b732,0x650fd9c4e4a56ed2332b5782dcf4c85f218ee498f551dc09e82b71567ab9d3fe,24711,32121,1568593,784296,0.043112,30625.94,30155.02,
918,2,0xf17f52151EbEF6C7334FAD080c5704D77216b732,0xb3eba149fc4c9807ee22b9828c8efb06a0840040f6b8912e9f3bbf49c4c886c0,24712,32121,1568593,784296,0.043112,29625.94,29155.39,
918,1,0x627306090abaB3A6e1400e9345bC60c78a8BEf57,0x37fe6d14698b4b570013cf8be15c99c0b0f059edb710979f2968bf1492246a33,24712,32121,1568593,784296,0.043112,30625.21,30157.86,
919,2,0xf17f52151EbEF6C7334FAD080c5704D77216b732,0x61085ea6c0cc0b730e54872136ad774003694b8dc1ea5bab90d0e048a45185ba,24713,32121,1568593,784296,0.043112,29625.37,29156.37,
919,1,0x627306090abaB3A6e1400e9345bC60c78a8BEf57,0xcaf1892cde3977875f3e7083e1f702065657d388fe721a311ac9cead3a00ee5a,24713,32121,1568593,784296,0.043112,29625.94,29155.96,
920,2,0xf17f52151EbEF6C7334FAD080c5704D77216b732,0x50f1b0985bf3ca8d75a11e57e4aeb8304f7fdbb21b2d6350238800a91fa49ed0,24714,32121,1568593,784296,0.043112,30625.80,30156.00,
920,1,0x627306090abaB3A6e1400e9345bC60c78a8BEf57,0x2c106263d28f12d249ca9f2ed5c212ae57575112d213a67d38316a79f0c4c7c0,24714,32121,1568593,784296,0.043112,30623.53,30156.70,
921,2,0xf17f52151EbEF6C7334FAD080c5704D77216b732,0x1b9c895e806683fccfb12e950b4b5fe330dc1ef5f871c6d4069a2d456bb1eda2,24715,32121,1568593,784296,0.043112,29620.87,29155.34,
921,1,0x627306090abaB3A6e1400e9345bC60c78a8BEf57,0x3d3eff2e895edd1b336de29377ff2df5a5d9217a0c5127c32ba9e986a01b9719,24715,32121,1568593,784296,0.043112,29626.80,29155.98,
922,1,0x627306090abaB3A6e1400e9345bC60c78a8BEf57,0x12c53d3aabb315136b933b51682615e345ce3091378d4bed51381cd5abbc9df2,24716,32121,1568593,784296,0.043112,29623.41,29155.70,
922,2,0xf17f52151EbEF6C7334FAD080c5704D77216b732,0x23e238e43b5f0ab7c37cca4f2c710aab5148b321c664caba2b3c8f9c7af98d15,24716,32121,1568593,784296,0.043112,30649.80,30156.46,
923,2,0xf17f52151EbEF6C7334FAD080c5704D77216b732,0xe72abd00d47eabef3d025e443d28330a15d2884fa08bdcd1448b5a888c207efc,24717,32121,1572938,786469,0.043231,29623.58,29156.10,
923,1,0x627306090abaB3A6e1400e9345bC60c78a8BEf57,0x8d3af49e86fea87bdc296ebec9dc8c76ef2d4862ac6d91dae1c1d62139f16678,24717,32121,1572938,786469,0.043231,30619.13,30154.24,
924,2,0xf17f52151EbEF6C7334FAD080c5704D77216b732,0xc731b64dc533d0702b0d487efa4cab9194df1c59b9ebad3c4b5f4f76b2a62671,24718,32121,1572938,786469,0.043231,29624.01,29156.46,
924,1,0x627306090abaB3A6e1400e9345bC60c78a8BEf57,0xc89497edeead0dc4bda0390004b814fdecc0ef489c1546fe0655dc6b907805bb,24718,32121,1572938,786469,0.043231,29629.79,29157.62,
925,1,0x627306090abaB3A6e1400e9345bC60c78a8BEf57,0xee2477a70e3b35790791c9aee5cea5e176100be59a4a0f81518a2246fc3fef6a,24719,32121,1575421,787710,0.043300,29625.40,29156.71,
925,2,0xf17f52151EbEF6C7334FAD080c5704D77216b732,0xa474c13cd08e7a9eb1aab174710b41a1dcf2991f3d1d00eb21c6b031580c181e,24719,32121,1575421,787710,0.043300,30628.48,30155.52,
926,2,0xf17f52151EbEF6C7334FAD080c5704D77216b732,0x5f3f5c2c3c43c35d39ba0c3bfa7012bd651ef0b7ffb7335d50d3af2b335de78c,24720,32121,1575421,787710,0.043300,29624.89,29156.84,
926,1,0x627306090abaB3A6e1400e9345bC60c78a8BEf57,0x9cade9a8e02ead525124b896136f5228cfb3476344174ae47a89e7d8add6a1a3,24720,32121,1575421,787710,0.043300,30630.89,30158.88,
927,2,0xf17f52151EbEF6C7334FAD080c5704D77216b732,0x5903bbec514b4ec31912fec5f5681f51a8ddd09edddfbf757d6a26a2a028c048,24721,32121,1583200,791600,0.043513,29671.63,29197.17,
927,1,0x627306090abaB3A6e1400e9345bC60c78a8BEf57,0x078a45f489cb657a48ed0a1ffb4a328f76da6056db074ac4777758b3d4222ec8,24721,32121,1583200,791600,0.043513,29761.03,29289.80,
928,1,0x627306090abaB3A6e1400e9345bC60c78a8BEf57,0x200975c4db0ddcb6c6ae94beab784d4cf1204232c291458c1762978aa4c3400c,24722,32121,1583200,791600,0.043513,29787.91,29149.99,
928,2,0xf17f52151EbEF6C7334FAD080c5704D77216b732,0x9403b65961f69f626542f40e934c36367540ed6d7068de6c53f0d939fc6fb059,24722,32121,1583200,791600,0.043513,30714.67,30155.84,
929,2,0xf17f52151EbEF6C7334FAD080c5704D77216b732,0x9c6d69c613bdf1cf7b8031a69e1d6c24fb5d7f376a251f9bae58847be51839da,24723,32121,1583200,791600,0.043513,29627.24,29159.02,
929,1,0x627306090abaB3A6e1400e9345bC60c78a8BEf57,0xa7230966778d6f3a1370c8bdc086da8a65f320424a6df6365e0004224bf7a39e,24723,32121,1583200,791600,0.043513,30603.77,30150.73,
930,2,0xf17f52151EbEF6C7334FAD080c5704D77216b732,0xa1eafe289a150aa99c622e5e35ed967190e24ae065c5d36d580e052e0f5e57bb,24724,32121,1583200,791600,0.043513,29621.65,29156.91,
930,1,0x627306090abaB3A6e1400e9345bC60c78a8BEf57,0xc265e56985528286b1533c6778ae1f207f7840acb74e094aaae98737ef5262bd,24724,32121,1583200,791600,0.043513,29603.98,29153.77,
931,1,0x627306090abaB3A6e1400e9345bC60c78a8BEf57,0xe673ac7081680b98dd2314be6e6935f6e13e4360d841f63aa4c7638fbbeb5427,24725,32121,1583491,791745,0.043521,29605.64,29151.20,
931,2,0xf17f52151EbEF6C7334FAD080c5704D77216b732,0xba1d3fdd074804856ba0ee67860436edd7fcbbff1c5ef61eaa4970416b669d2f,24725,32121,1583491,791745,0.043521,30622.73,30156.65,
932,2,0xf17f52151EbEF6C7334FAD080c5704D77216b732,0x9c4e6fd5a34aa44154f13151bf18d3cab9490e23c9c831c8b6614cc840880caf,24726,32121,1585767,792883,0.043584,29624.53,29156.50,
932,1,0x627306090abaB3A6e1400e9345bC60c78a8BEf57,0x397d5fdf9f26694503610ef04a6aa149729521e55bc9274d861be37098acfcf6,24726,32121,1585767,792883,0.043584,30601.56,30150.64,
933,2,0xf17f52151EbEF6C7334FAD080c5704D77216b732,0x578c388ec1b7ef9426e10b9e875cfe9991107a6c565cd2a3d8f685544181443c,24727,32121,1593216,796608,0.043789,29641.97,29171.79,
933,1,0x627306090abaB3A6e1400e9345bC60c78a8BEf57,0xfbf99a21287f9e2b004f7c329b234da4ef381430808cf3e7b80ba541409185e8,24727,32121,1593216,796608,0.043789,29601.64,29150.34,
934,2,0xf17f52151EbEF6C7334FAD080c5704D77216b732,0xb8c8b8c1fd22373f6f3445ed8d7779e601ea49fd1aad3e47f76f6139bc00daa9,24728,32121,1593216,796608,0.043789,30621.98,30155.77,
934,1,0x627306090abaB3A6e1400e9345bC60c78a8BEf57,0x3576c6cbc529e5c37b5dee0643136008d414f449ab39a5762411bd742abeaf3b,24728,32121,1593216,796608,0.043789,30601.56,30147.98,
935,2,0xf17f52151EbEF6C7334FAD080c5704D77216b732,0x21db0d6e535bcac9c2a1e57d3f8405fcee10f75363b906afb5c63cee8f081007,24729,32121,1593216,796608,0.043789,29622.82,29154.55,
935,1,0x627306090abaB3A6e1400e9345bC60c78a8BEf57,0xa92e54f00fb7dd1dcb2d1c8353b5a1018603bf0e0438e09234fe1e9c7cf76383,24729,32121,1593216,796608,0.043789,29601.32,29149.53,
936,1,0x627306090abaB3A6e1400e9345bC60c78a8BEf57,0x582cf5e16d506e8ddcf85c92c45393cdeb9f200ca6ad3706f30e2e0c8368d6d4,24730,32121,1593216,796608,0.043789,29597.58,29148.98,
936,2,0xf17f52151EbEF6C7334FAD080c5704D77216b732,0xfc5a7de811fc3a809c3866e04db3afc5ee419dff6469a13060d4f37c56ae77da,24730,32121,1593216,796608,0.043789,30625.56,30154.57,
937,2,0xf17f52151EbEF6C7334FAD080c5704D77216b732,0xc3e22b54f0b8c0e33a57d52a8f0d0965c625cd825fded30620cdcfd6331f5055,24731,32121,1599630,799815,0.043965,29621.04,29156.06,
937,1,0x627306090abaB3A6e1400e9345bC60c78a8BEf57,0xa1c1741aa2796673b6bbc3e7556890670611b7319f7cfb017d1b96c76173f67f,24731,32121,1599630,799815,0.043965,30601.88,30151.66,
938,2,0xf17f52151EbEF6C7334FAD080c5704D77216b732,0xa5aff90b45a371fc9f71e2a4fa2bfa774f1c4702c949f7146a477e66f2e6854b,24732,32121,1599630,799815,0.043965,29625.20,29156.16,
938,1,0x627306090abaB3A6e1400e9345bC60c78a8BEf57,0x6030fa778938a5067df8f7339052ba34bbcd679397cca7aed8920c28edc7bf59,24732,32121,1599630,799815,0.043965,29594.47,29149.85,
939,2,0xf17f52151EbEF6C7334FAD080c5704D77216b732,0x5416dd2d1f17cb0e6c16aa53611aa19c6e2a72e1e5f187279df956c05b7c2a86,24733,32121,1599630,799815,0.043965,30624.11,30155.36,
939,1,0x627306090abaB3A6e1400e9345bC60c78a8BEf57,0xa93895982ff8bac96b22eb967bf4d8664ac61421a9bef8bc8a650f0f8dd219b3,24733,32121,1599630,799815,0.043965,30595.77,30148.33,
940,2,0xf17f52151EbEF6C7334FAD080c5704D77216b732,0xe8948540a56fabd36986f0dd343de20541581b9fe73f7528decf1b446f5468d0,24734,32121,1599630,799815,0.043965,29622.02,29156.45,
940,1,0x627306090abaB3A6e1400e9345bC60c78a8BEf57,0xa93c7c349c831df560c6ad120e2b73c1b49805fa9d3d29f70b8ad347189b0a2c,24734,32121,1599630,799815,0.043965,29599.17,29150.58,
941,2,0xf17f52151EbEF6C7334FAD080c5704D77216b732,0xe87c717e54e6a7da17dc9e38694c5d3d086dc2bb0b18b47bba70f53cd2533cab,24735,32121,1615479,807739,0.044400,29623.27,29157.83,
941,1,0x627306090abaB3A6e1400e9345bC60c78a8BEf57,0x76f2ad8ba9d688ede2701e63ef262d41e23e930b0a73a325999fb6976a55ce3d,24735,32121,1615479,807739,0.044400,29598.88,29148.72,
942,2,0xf17f52151EbEF6C7334FAD080c5704D77216b732,0xca0ec0a0f8355ea82aa43710c29457910ff8d451de15d2cc094dccd16ddcdb56,24736,32121,1615479,807739,0.044400,30622.43,30157.17,
942,1,0x627306090abaB3A6e1400e9345bC60c78a8BEf57,0x6398248235a6c6145de8069a31f95ac5e742d5c810ecfa100c3f90d4a8ecec83,24736,32121,1615479,807739,0.044400,30600.84,30151.10,
943,2,0xf17f52151EbEF6C7334FAD080c5704D77216b732,0x032d56f40d7abec487b5cb6894578572629ac255813da6e154741874ac0e7608,24737,32121,1615479,807739,0.044400,29624.76,29157.46,
943,1,0x627306090abaB3A6e1400e9345bC60c78a8BEf57,0x465be2851bd2bbea4034a37e0eb96e6935294aa819b849506cdc3561399bca4c,24737,32121,1615479,807739,0.044400,29596.07,29148.70,
944,1,0x627306090abaB3A6e1400e9345bC60c78a8BEf57,0xd01c3df11796ef5b6113eb5f2e9d6bacd5135a7b68f0fa6622689e7253f61f95,24738,32121,1615479,807739,0.044400,30594.54,30148.45,
944,2,0xf17f52151EbEF6C7334FAD080c5704D77216b732,0xdb83a2393495b541ae7c5adf227dc31e1a85d4d53f9e8910b1dfb69a5b6caeab,24738,32121,1615479,807739,0.044400,30622.46,30155.07,
945,1,0x627306090abaB3A6e1400e9345bC60c78a8BEf57,0x8a9d76e461bf58773d6cd79a1d47c90f8eb2abf8b16b9e6be942158a04cc5990,24739,32121,1615479,807739,0.044400,29599.99,29149.96,
945,2,0xf17f52151EbEF6C7334FAD080c5704D77216b732,0x6e820e4e0bb906acf58b47241903ef8d315a0b98b1702c16e8619e93e40a2a93,24739,32121,1615479,807739,0.044400,29626.77,29157.17,
946,1,0x627306090abaB3A6e1400e9345bC60c78a8BEf57,0x430d7dc21f0c3ed6329edaf97f0bc7b7e5262386764d618cc598d69cd2235213,24740,32121,1615479,807739,0.044400,29602.62,29151.66,
946,2,0xf17f52151EbEF6C7334FAD080c5704D77216b732,0x46ab5ad7fc5b5aa80e7b46091a5c3e46e395085d8626a58e85d9d6c086a3efbf,24740,32121,1615479,807739,0.044400,29623.70,29157.22,
947,1,0x627306090abaB3A6e1400e9345bC60c78a8BEf57,0xdf0bf0a916ccedefab5e7dc18c79c2679cb86f171b65b508cc904758b5c1dddc,24741,32121,1615479,807739,0.044400,30596.83,30148.15,
947,2,0xf17f52151EbEF6C7334FAD080c5704D77216b732,0xc99a8e1d6b7c1d2c5320e2384b7afd8dea88b2de6a2e50eed9681b6e05e073ba,24741,32121,1615479,807739,0.044400,30625.06,30156.15,
948,1,0x627306090abaB3A6e1400e9345bC60c78a8BEf57,0xd26cf85f2c33a2ab22ebcc16141c06f859f34026c5dbb061547e51543d45a3f7,24742,32121,1615479,807739,0.044400,29598.87,29150.39,
948,2,0xf17f52151EbEF6C7334FAD080c5704D77216b732,0xe97f2d87b840667109aea1a510a21938c5a29073a91c03dcfc50d9fdb35c0338,24742,32121,1615479,807739,0.044400,29625.41,29156.13,
949,2,0xf17f52151EbEF6C7334FAD080c5704D77216b732,0xa6e85cff5e23ec98ad7644acaf9019e8f23ea4e2b59da98c359ef777cb5f9fec,24743,32121,1618540,809270,0.044485,29634.55,29169.68,
949,1,0x627306090abaB3A6e1400e9345bC60c78a8BEf57,0x9aacbd88032c1c4fdc201eda0e1ffb7e9f7efe4a7f288254b73f3140031f5d55,24743,32121,1618540,809270,0.044485,30597.39,30150.54,
950,1,0x627306090abaB3A6e1400e9345bC60c78a8BEf57,0x89d6e0135ff287c31003c5c5b4c557a1233fcc7249d0a2b47275ba66e7d60da2,24744,32121,1618540,809270,0.044485,29599.53,29149.51,
950,2,0xf17f52151EbEF6C7334FAD080c5704D77216b732,0x07bb5559bcb96f73ce9f974f91d19179ac652bcbf379a0f1e1b075b63c3180a2,24744,32121,1618540,809270,0.044485,30622.52,30154.99,
951,1,0x627306090abaB3A6e1400e9345bC60c78a8BEf57,0x5ef0646c98edda216b629748c145ef1ae85d2b624fe72c9b4c0c39af8da15aac,24745,32121,1618540,809270,0.044485,29598.22,29150.97,
951,2,0xf17f52151EbEF6C7334FAD080c5704D77216b732,0x31db30e007ab48985664c06b453595ffe45336ca4aea20a3caff0ea127c87096,24745,32121,1618540,809270,0.044485,29620.70,29155.54,
952,1,0x627306090abaB3A6e1400e9345bC60c78a8BEf57,0x3416e300a42283d1f45b5ec27665b70232bda5f96ac564e1791ce08ef9484877,24746,32121,1618540,809270,0.044485,30597.23,30149.18,
952,2,0xf17f52151EbEF6C7334FAD080c5704D77216b732,0xd33e10f1677398e7b1df70ddfaffcfcaf1de46ce0ddba85017266d4f679577b5,24746,32121,1618540,809270,0.044485,30623.91,30157.24,
953,1,0x627306090abaB3A6e1400e9345bC60c78a8BEf57,0xa8198fdb7891f7edcf83efbacc9f533aeb6066dc35a94044a7a1e5d77f17961e,24747,32121,1623010,811505,0.044608,29594.97,29149.16,
953,2,0xf17f52151EbEF6C7334FAD080c5704D77216b732,0x4a1bdf992895f9a38cecce1c1688abbb3eb702db955212c8e572b95b850e74c7,24747,32121,1623010,811505,0.044608,29617.64,29153.81,
954,2,0xf17f52151EbEF6C7334FAD080c5704D77216b732,0xd2c00b4a94a2e411a6a2eefea779e511278f07cabb4f62b5f7132c37d9518173,24748,32121,1623010,811505,0.044608,29621.51,29155.03,
954,1,0x627306090abaB3A6e1400e9345bC60c78a8BEf57,0xfe527e362ba1eb699c56e134973e5347e07fb0872eb01d2ec87f1110a2c8402e,24748,32121,1623010,811505,0.044608,30603.48,30150.05,
955,1,0x627306090abaB3A6e1400e9345bC60c78a8BEf57,0xbc76962711ee5afb44b54c28a5cdf7e5ff6d015a748694ab5b24192c45074043,24749,32121,1623010,811505,0.044608,29597.79,29148.69,
955,2,0xf17f52151EbEF6C7334FAD080c5704D77216b732,0xdc798bf8569afef9e6050e3028aeed80736ee59302b73e88bb7ca067e3ec6ad8,24749,32121,1623010,811505,0.044608,30626.11,30156.21,
956,1,0x627306090abaB3A6e1400e9345bC60c78a8BEf57,0xb68f0e4231648eb6b304e36bf491a8da95471ffe7945d6faef3b529e814c16bf,24750,32121,1642170,821085,0.045134,29599.46,29149.28,
956,2,0xf17f52151EbEF6C7334FAD080c5704D77216b732,0xe2a0784173baa5f010ea00c045b488b0e4ba0ca1c794278615fc40fc79bdf268,24750,32121,1642170,821085,0.045134,29623.23,29154.98,
957,1,0x627306090abaB3A6e1400e9345bC60c78a8BEf57,0xf5b27cdb718d06d3a73b4156564a138d49e5c04c41ced9e0dfedefdcefa7ede8,24751,32121,1642170,821085,0.045134,30601.49,30151.42,
957,2,0xf17f52151EbEF6C7334FAD080c5704D77216b732,0x82500451b57ae6f32564d57de5b75c6a41fbdac10ed37be8f50a3263f78ce6a1,24751,32121,1642170,821085,0.045134,30628.43,30156.63,
958,1,0x627306090abaB3A6e1400e9345bC60c78a8BEf57,0x1b393bd084eea147ede090d9bcac44ab17886ab291b9238051e1cdd3122538bb,24752,32121,1642170,821085,0.045134,29598.11,29149.29,
958,2,0xf17f52151EbEF6C7334FAD080c5704D77216b732,0x364cb0c31d5f9b0b510423991850876d0e91239db5663bbaacc6b8a3a8cca0c4,24752,32121,1642170,821085,0.045134,29621.80,29156.30,
959,2,0xf17f52151EbEF6C7334FAD080c5704D77216b732,0x6fda0a864ac6327e41937f535d079901aa5511f4044fc01d179f48867a92203c,24753,32121,1642170,821085,0.045134,29620.85,29155.16,
959,1,0x627306090abaB3A6e1400e9345bC60c78a8BEf57,0x9edb448d34ee0a855697d740f04ac8f9362ce6ee9851a44b5428ce970ddebfbe,24753,32121,1642170,821085,0.045134,30606.42,30155.78,
960,1,0x627306090abaB3A6e1400e9345bC60c78a8BEf57,0xe1127d91bb34bcbaca138b05bf62cfd2f6e798f5b01a4d19547ca66cc0338dac,24754,32121,1642170,821085,0.045134,29626.84,29157.12,
960,2,0xf17f52151EbEF6C7334FAD080c5704D77216b732,0x80751014e1840cbf93c360b6784e24d02b595b1b14a5c767e3a1a91294c2cb3e,24754,32121,1642170,821085,0.045134,30622.65,30155.20,
961,1,0x627306090abaB3A6e1400e9345bC60c78a8BEf57,0x4016004c3258914a0272b828be4c7a34f7e1baeeddb41d1bb30983ce08442a27,24755,32121,1642170,821085,0.045134,29625.84,29156.98,
961,2,0xf17f52151EbEF6C7334FAD080c5704D77216b732,0xf5323054730e35f5615864180c6f0505219a669f52adbf07b16d0e878f427459,24755,32121,1642170,821085,0.045134,29620.18,29156.86,
962,2,0xf17f52151EbEF6C7334FAD080c5704D77216b732,0xeb65aba3850f38404f058ad048a3484bae7c83682b3efcaf0123132de44fd54a,24756,32121,1642170,821085,0.045134,29622.88,29154.00,
962,1,0x627306090abaB3A6e1400e9345bC60c78a8BEf57,0x52cc605b4baa3cbeced3728b8c4d73cac353173b9b0dc947bf3f2f6b30602555,24756,32121,1642170,821085,0.045134,30627.82,30158.03,
963,1,0x627306090abaB3A6e1400e9345bC60c78a8BEf57,0xf5ccec4616d79bd987e64158a449b3dd2c796225a9a538ebabcf7ae3c5c59278,24757,32121,1642170,821085,0.045134,29632.66,29160.53,
963,2,0xf17f52151EbEF6C7334FAD080c5704D77216b732,0xa95ebb3bf772e644f4b767a564aae031239cdaecae7e932586957423bbab1233,24757,32121,1642170,821085,0.045134,30623.42,30158.70,
964,2,0xf17f52151EbEF6C7334FAD080c5704D77216b732,0xee1265a6a03f59a2cd02544c6415c8e4142992a2b0c7d3bdecdcfe868d814def,24758,32121,1642170,821085,0.045134,29630.54,29159.10,
964,1,0x627306090abaB3A6e1400e9345bC60c78a8BEf57,0x30c151deca222b6821236274a854dff7d5bb0c0fcfd08217b23cc81e4d65d9bd,24758,32121,1642170,821085,0.045134,30627.21,30157.16,
965,1,0x627306090abaB3A6e1400e9345bC60c78a8BEf57,0xae73eb5cefc3db3bd4b715cefe57a69ee0e870bc8028de944bdfd5faa364ae7b,24759,32121,1642170,821085,0.045134,29627.50,29156.70,
965,2,0xf17f52151EbEF6C7334FAD080c5704D77216b732,0x375ffe09c00ca46f9540b5b467620e04ae6d64f00f6330b6d35cb21619759b0d,24759,32121,1642170,821085,0.045134,30630.23,30157.93,
966,1,0x627306090abaB3A6e1400e9345bC60c78a8BEf57,0x046a73516d72d03ff80a7da47083212a4a1ec94150dd4cda10f40a666264cef6,24760,32121,1642170,821085,0.045134,29628.59,29157.84,
966,2,0xf17f52151EbEF6C7334FAD080c5704D77216b732,0x6c3e51e3314b2686e720a2fefdfcada4e23513111d3ccf8b7356c69998217342,24760,32121,1642170,821085,0.045134,29629.90,29157.25,
967,2,0xf17f52151EbEF6C7334FAD080c5704D77216b732,0xfdbdc7d0e842d4e5b0480509e95a93e13b2e39518b2d076ecc70e0da32ca835f,24761,32121,1643619,821809,0.045174,29629.21,29157.55,
967,1,0x627306090abaB3A6e1400e9345bC60c78a8BEf57,0x955a2671ca0b4a1b39c4e0f275475bcbb34d6e2351732e3176a3775ddf19fca6,24761,32121,1643619,821809,0.045174,30626.75,30157.36,
968,1,0x627306090abaB3A6e1400e9345bC60c78a8BEf57,0x004b45a25c757e479d5b6fc420073d363d39acae15d1dcc83f65c86688f5deb4,24762,32121,1653798,826899,0.045454,29631.11,29158.81,
968,2,0xf17f52151EbEF6C7334FAD080c5704D77216b732,0x86611989b0f3da857ec5e8ebf057716c475790b7e84c5f18390e1a1a837fab90,24762,32121,1653798,826899,0.045454,30631.18,30157.89,
969,1,0x627306090abaB3A6e1400e9345bC60c78a8BEf57,0x5e30a514e3b30897788c030b740122c3060ba76ca6221ff53db0bd3fedd079de,24763,32121,1653798,826899,0.045454,29625.92,29157.16,
969,2,0xf17f52151EbEF6C7334FAD080c5704D77216b732,0xd013b32ff47235392c442fe801750b5a7a7e6f3d69df38ee71c80e5eb7cb28a2,24763,32121,1653798,826899,0.045454,29629.62,29159.09,
970,2,0xf17f52151EbEF6C7334FAD080c5704D77216b732,0x769141f514e4743750a25f10f0e62c6d1a7209585e8ae84e842769f17024783b,24764,32121,1653798,826899,0.045454,29632.14,29157.58,
970,1,0x627306090abaB3A6e1400e9345bC60c78a8BEf57,0x92e306150dc59a27294a3401dcc7dd88ef8156a5224cd535dedea9a1cabf644e,24764,32121,1653798,826899,0.045454,30630.92,30155.83,
971,1,0x627306090abaB3A6e1400e9345bC60c78a8BEf57,0x1f32125c5ad502ae72761b262b0a7e42e6267ea5b02f6f8d2841f6cad3946f58,24765,32121,1653798,826899,0.045454,29625.54,29155.91,
971,2,0xf17f52151EbEF6C7334FAD080c5704D77216b732,0xb5a815f8861b638d8a02ae84838c26989c13394cea627569f070e96ac69317f2,24765,32121,1653798,826899,0.045454,30636.19,30159.83,
972,1,0x627306090abaB3A6e1400e9345bC60c78a8BEf57,0xb525e7ff8708a1c241e2be5a2bff1afa0b0552517c364793db5a4e92022ad6b3,24766,32121,1653798,826899,0.045454,29625.47,29157.59,
972,2,0xf17f52151EbEF6C7334FAD080c5704D77216b732,0xfe54c73a40a7cf788bae2b96fb3da88502184abdd9d964b92d864e351bdd28dd,24766,32121,1653798,826899,0.045454,29631.95,29157.78,
973,2,0xf17f52151EbEF6C7334FAD080c5704D77216b732,0x6622a90ac8465d4648a40151e8a2d67067ea918da492b059a54c96ac41cff0d7,24767,32121,1663647,831823,0.045724,29629.79,29157.97,
973,1,0x627306090abaB3A6e1400e9345bC60c78a8BEf57,0x7b28ed64be1efeafc431d9275c816438ccff2d00f69b02185d77e65f94028a64,24767,32121,1663647,831823,0.045724,30630.94,30158.80,
974,1,0x627306090abaB3A6e1400e9345bC60c78a8BEf57,0xc579777da6872143eef6b9e483afe69f0b20b1bfd5eb68db57340d3d777d859d,24768,32121,1663647,831823,0.045724,29625.94,29157.36,
974,2,0xf17f52151EbEF6C7334FAD080c5704D77216b732,0x95a854011f443a2e3613b6f5356cd7506fcb2dbceeee32d41748f0eaa6696a48,24768,32121,1663647,831823,0.045724,30631.97,30157.00,
975,2,0xf17f52151EbEF6C7334FAD080c5704D77216b732,0xd6e9247ee27d4185ecb630d4e651066a277546796747cff2b04590513deb966c,24769,32121,1663647,831823,0.045724,29629.72,29156.03,
975,1,0x627306090abaB3A6e1400e9345bC60c78a8BEf57,0xb9952e3345beaf5f586286198fa10c0b4f6224c1fe9d744eb6279076d932d67e,24769,32121,1663647,831823,0.045724,30625.93,30156.21,
976,1,0x627306090abaB3A6e1400e9345bC60c78a8BEf57,0xf80057dcf537756075d2a66a3e5b0b239224110876fb1f90f9fdcc1b89e0765f,24770,32121,1663647,831823,0.045724,29627.94,29155.48,
976,2,0xf17f52151EbEF6C7334FAD080c5704D77216b732,0xe85893e02313343a85aada68b6ab167a79988c4181c56c7e705aab8d944451fd,24770,32121,1663647,831823,0.045724,30631.94,30157.80,
977,1,0x627306090abaB3A6e1400e9345bC60c78a8BEf57,0xb0837bda6f8637d44344107f7d7da44ed6adf81d483fbc3a499ea9363e9c3d6c,24771,32121,1663647,831823,0.045724,29626.55,29156.07,
977,2,0xf17f52151EbEF6C7334FAD080c5704D77216b732,0x93f9003bd8c660298957369393072dc53f8960fc489c1df0f4ca33816a5af8bd,24771,32121,1663647,831823,0.045724,29629.53,29155.58,
978,2,0xf17f52151EbEF6C7334FAD080c5704D77216b732,0xc78902cc2cc8ed15beba6b4b00134cf269f8a60c6d6f8cce9a58070d36b7428b,24772,32121,1681275,840637,0.046209,29634.55,29161.60,
978,1,0x627306090abaB3A6e1400e9345bC60c78a8BEf57,0xd717075939a26cd71f0e49d08c10e826087d9f2895dde6a9ecb085e9a922edea,24772,32121,1681275,840637,0.046209,30638.21,30159.65,
979,1,0x627306090abaB3A6e1400e9345bC60c78a8BEf57,0x7f5863c8595eba892504c9552ca51370e57cc2092d9e544626f67c4b07791cc3,24773,32121,1681275,840637,0.046209,29632.96,29160.87,
979,2,0xf17f52151EbEF6C7334FAD080c5704D77216b732,0xb19d27df6c077b657baf558273a1253787d6315b7ec6b17a7fbe1e6686acbc58,24773,32121,1681275,840637,0.046209,30637.47,30163.46,
980,1,0x627306090abaB3A6e1400e9345bC60c78a8BEf57,0x9162c7ff395cef9d8fd2dc9eb336f8023f17deaa0ab9d2616cf70b96b07f55f0,24774,32121,1681275,840637,0.046209,29642.78,29158.39,
980,2,0xf17f52151EbEF6C7334FAD080c5704D77216b732,0x5956b5b22a17dbb445174c431016684938b3fec55045cc0a66a027c0319081ef,24774,32121,1681275,840637,0.046209,29671.11,29159.48,
981,2,0xf17f52151EbEF6C7334FAD080c5704D77216b732,0x679a01e20357548c2a85fd298f704fdb7bc272ce8b3d8c501f59e751d386029b,24775,32121,1681275,840637,0.046209,29642.56,29158.56,
981,1,0x627306090abaB3A6e1400e9345bC60c78a8BEf57,0xa77b30341f38365ad4fdfa6f6a01195fc601c9a1629600f92fd7bef952ac4e75,24775,32121,1681275,840637,0.046209,30639.02,30159.52,
982,1,0x627306090abaB3A6e1400e9345bC60c78a8BEf57,0x7e91b8eac97aea7810c6ba707001776b4c80a5bff3a55182f0d3585887086346,24776,32121,1681275,840637,0.046209,29669.89,29157.19,
982,2,0xf17f52151EbEF6C7334FAD080c5704D77216b732,0xce76889927fc9758a286a44a6f274a5d30b27f33ecae85a52f228139f67d409e,24776,32121,1681275,840637,0.046209,30657.21,30158.57,
983,1,0x627306090abaB3A6e1400e9345bC60c78a8BEf57,0x5cd41c4e0e90543d2f7352602c44a8cb25fc7d094cac9e027579b8f301a95216,24777,32121,1681275,840637,0.046209,29633.29,29164.96,
983,2,0xf17f52151EbEF6C7334FAD080c5704D77216b732,0x5d21bd1d5c31a50df320ec8b079f9eaef9139d2a057b340ae429148bb3d9246d,24777,32121,1681275,840637,0.046209,29634.54,29157.59,
984,2,0xf17f52151EbEF6C7334FAD080c5704D77216b732,0x0bd885b88de2401f13a472a566bebf82b369168cc69603de40fbaff9a1212eaa,24778,32121,1681275,840637,0.046209,29632.97,29156.33,
984,1,0x627306090abaB3A6e1400e9345bC60c78a8BEf57,0x4b930dc8faeacc3814d53b1e5468b1ffbf1f7544f6e1592ce8ad30ea970ff54e,24778,32121,1681275,840637,0.046209,30628.02,30157.94,
985,1,0x627306090abaB3A6e1400e9345bC60c78a8BEf57,0xe699ac56d5eb4d048cc1fcf62c0951fd418953ad10863910a3da44e46e8d11d4,24779,32121,1681275,840637,0.046209,29626.33,29156.00,
985,2,0xf17f52151EbEF6C7334FAD080c5704D77216b732,0xdb7fb2b128317e785701a70ddee74aad7b38bb9d386c18d8485eadc8c70256fd,24779,32121,1681275,840637,0.046209,30634.72,30158.30,
986,2,0xf17f52151EbEF6C7334FAD080c5704D77216b732,0x68e315b121ee582d7db88ea5e4cc9ea8f3d9f77c780f3f111baf2d8b8e05e92f,24780,32121,1681275,840637,0.046209,29629.08,29157.68,
986,1,0x627306090abaB3A6e1400e9345bC60c78a8BEf57,0xf83c96d3c7e378f91513ffac14b350c52650646278fb37cc8ceb700ae0d04ff7,24780,32121,1681275,840637,0.046209,30627.58,30156.94,
987,1,0x627306090abaB3A6e1400e9345bC60c78a8BEf57,0xaf6052f92a720cb0e9444b1fbdb46cbfed00f8e246f0eded314c7a8e9ba1b1f8,24781,32121,1681275,840637,0.046209,29629.44,29156.06,
987,2,0xf17f52151EbEF6C7334FAD080c5704D77216b732,0x659cc98830a2b19f992d416abe3f2be4cd7e1e9516a1ef0414949029da153385,24781,32121,1681275,840637,0.046209,30630.90,30158.84,
988,1,0x627306090abaB3A6e1400e9345bC60c78a8BEf57,0xdfe8c6edcbe5d0a76d84d06ae84df9f384e9937aec2bd3b4baeee90b08972aae,24782,32121,1684585,842292,0.046300,29627.97,29158.56,
988,2,0xf17f52151EbEF6C7334FAD080c5704D77216b732,0x6f6a2b572c32dd2100bd462cb87a006467d63dd546d37763f56a61712356478d,24782,32121,1684585,842292,0.046300,29628.77,29157.04,
989,2,0xf17f52151EbEF6C7334FAD080c5704D77216b732,0x1be6243e05c0a5c9550b3d0d6838810f8253e2b05f8365501d50f0a3360df2b3,24783,32121,1684585,842292,0.046300,29629.38,29157.96,
989,1,0x627306090abaB3A6e1400e9345bC60c78a8BEf57,0x96346e10de00266867ec0c2581c7ae7089b3d8ab91acd2c1eda230b67249203d,24783,32121,1684585,842292,0.046300,30628.02,30156.21,
990,2,0xf17f52151EbEF6C7334FAD080c5704D77216b732,0xd8e455ab99e24e059992f7050f775784edece540dae3ec580840249af59ab06b,24784,32121,1689882,844941,0.046445,29936.22,29158.34,
990,1,0x627306090abaB3A6e1400e9345bC60c78a8BEf57,0x74215be398de10adf4b5a7ace2b4df2f4abc2fbc83233568a864042a7d24cfbd,24784,32121,1689882,844941,0.046445,29616.71,29145.93,
991,1,0x627306090abaB3A6e1400e9345bC60c78a8BEf57,0x35f7a4aa1552c2a557bf6b60eeff0d7f6812c3b677395471161fb0d59e12da1e,24785,32121,1689882,844941,0.046445,29596.48,29156.55,
991,2,0xf17f52151EbEF6C7334FAD080c5704D77216b732,0x9ba9b357d1d046fc08bd245b1e54c6607f158e1170214a600ac13e1c8d25a325,24785,32121,1689882,844941,0.046445,30631.29,30158.92,
992,2,0xf17f52151EbEF6C7334FAD080c5704D77216b732,0xabecd5cf59f8cb30001f138166b623f9db499eabd41af37f667b1fc3d65109d4,24786,32121,1689882,844941,0.046445,29630.87,29156.59,
992,1,0x627306090abaB3A6e1400e9345bC60c78a8BEf57,0x5111fd598bf054b18b44fe030f567e217c0a379dad33d5b672dfd64839442e12,24786,32121,1689882,844941,0.046445,30590.47,30146.46,
993,2,0xf17f52151EbEF6C7334FAD080c5704D77216b732,0xa9a0c2b6e29f7197b90fee125ac1277da9e04c827c85a0c439f79c0b1ce04cd3,24787,32121,1692200,846100,0.046509,29625.87,29157.74,
993,1,0x627306090abaB3A6e1400e9345bC60c78a8BEf57,0xaf1cab28c81029252c56b5d098c7678c7a2506d14f490a51956f76baa625ea07,24787,32121,1692200,846100,0.046509,29586.68,29147.75,
994,2,0xf17f52151EbEF6C7334FAD080c5704D77216b732,0xe08878870e79109701a35fd1b0d6496b0b079c1c83f0c005c5b780d6a17aa90f,24788,32121,1695469,847734,0.046599,30626.44,30158.35,
994,1,0x627306090abaB3A6e1400e9345bC60c78a8BEf57,0x8269049a928c61e2e9030b50af4aa612d23b3d194cba29ea7c1f55bdbc739b85,24788,32121,1695469,847734,0.046599,30588.40,30145.98,
995,2,0xf17f52151EbEF6C7334FAD080c5704D77216b732,0xf3ec4c9b57cadcd5d6f3dffaef074ef7c27ff34381a85647cdd7bcf5c12fcd3f,24789,32121,1695469,847734,0.046599,29629.39,29154.51,
995,1,0x627306090abaB3A6e1400e9345bC60c78a8BEf57,0xfdd7c07140dad6d7f9f57b5bb080b9d93fa22f9024816809cf3a7b4996dac519,24789,32121,1695469,847734,0.046599,29587.81,29146.90,
996,2,0xf17f52151EbEF6C7334FAD080c5704D77216b732,0x5a8afac9c29575d375b77992440b4399a79b245b37cfb1f552702f8cfe725e4f,24790,32121,1696297,848148,0.046622,30631.56,30157.95,
996,1,0x627306090abaB3A6e1400e9345bC60c78a8BEf57,0xdc63a2859f77d0888ba7643d6cc5db1015c31963efd9f7aa14c0eba566db889c,24790,32121,1696297,848148,0.046622,30589.43,30147.74,
997,1,0x627306090abaB3A6e1400e9345bC60c78a8BEf57,0xc5c80449668089f3f09f39c8352210a75c0407316227dc46b0456bb268bba98a,24791,32121,1702958,851479,0.046805,29589.37,29146.77,
997,2,0xf17f52151EbEF6C7334FAD080c5704D77216b732,0x53af1536bca54109ef541118d1dfe1f96c68fe95b5dcdedf716a70361daa189f,24791,32121,1702958,851479,0.046805,29627.83,29158.07,
998,1,0x627306090abaB3A6e1400e9345bC60c78a8BEf57,0x6516c4b9e10ff5108c4dad04be993cf5f2aab0e0fc8cf4eebbad9192e144f3f9,24792,32121,1702958,851479,0.046805,29587.46,29146.47,
998,2,0xf17f52151EbEF6C7334FAD080c5704D77216b732,0x3a40ad4a6048c2846b4ba5443c0cecbf595d465bfba994f7862d9dd61b38f8b7,24792,32121,1702958,851479,0.046805,29624.94,29155.49,
999,1,0x627306090abaB3A6e1400e9345bC60c78a8BEf57,0xfcb98a60d644ef2d5548f13a17f88e8204c4f09a4fd8a61f87d93762f8b77744,24793,32121,1702958,851479,0.046805,30585.70,30149.19,
999,2,0xf17f52151EbEF6C7334FAD080c5704D77216b732,0x62ccab75c9df0b1be345518181e7797fb3a34b1bd3e0837388d7b7b32d99a03e,24793,32121,1702958,851479,0.046805,30624.72,30157.11,
1000,1,0x627306090abaB3A6e1400e9345bC60c78a8BEf57,0x47439a1e93b068a12b99f781ba11a21b44f856ba213a429ce741f127bf9e5c99,24794,32121,1702958,851479,0.046805,29592.62,29148.16,
1000,2,0xf17f52151EbEF6C7334FAD080c5704D77216b732,0x771c3d33a255c2ed67a6d21cc6e17a118b8ab58aa9f4146fe0090379c90cfa56,24794,32121,1702958,851479,0.046805,29627.22,29156.50,
