vehicle_id,model,fuel_type,start_time,end_time,start_lat,start_lon,end_lat,end_lon,distance,distance_city,distance_highway,CO2,NOx,PMx
1,HBEFA4/PC_petrol_Euro-6ab,Gasoline,2126-11-19 13:56:28,2126-11-19 13:56:47,-22.811117826111777,-43.219544768853945,-22.811694425884274,-43.2192338313989,37.792789219561435,25.168297141118835,12.7244921784526,12218.18571172267,3.3921344436851115,1.8473117965685181
1,HBEFA4/PC_petrol_Euro-6ab,Gasoline,2126-11-19 13:56:47,2126-11-19 13:56:47,-22.811694425884274,-43.2192338313989,-22.811678112141894,-43.219144282952366,37.81171437179974,25.176212192347146,12.7244921784526,12218.18571172267,3.3921344436851115,1.8473117965685181
1,HBEFA4/PC_petrol_Euro-6ab,Gasoline,2126-11-19 13:56:47,2126-11-19 13:56:51,-22.811678112141894,-43.219144282952366,-22.7981656628416,-43.211968941498976,41.91191885527781,28.363915398232582,13.538113457145233,13393.32799145341,3.7291812531934387,1.9378211287138482
1,HBEFA4/PC_petrol_Euro-6ab,Gasoline,2126-11-19 13:56:51,2126-11-19 13:57:13,-22.7981656628416,-43.211968941498976,-22.8116967581581,-43.21924655516225,77.16919191518486,51.17217845281766,25.997112462267214,24212.337229964196,6.713149412881556,1.727454217716548
1,HBEFA4/PC_petrol_Euro-6ab,Gasoline,2126-11-19 13:57:13,2126-11-19 13:57:13,-22.8116967581581,-43.21924655516225,-22.811679863121266,-43.2191543813196,77.17721269173273,51.18111122946552,25.997112462267214,24214.229236624375,6.713733112461911,1.7276834277191937
1,HBEFA4/PC_petrol_Euro-6ab,Gasoline,2126-11-19 13:57:13,2126-11-19 13:57:13,-22.811679863121266,-43.2191543813196,-22.81165954432465,-43.21914352844112,77.18685974515163,51.189747282784415,25.997112462267214,24219.451187274392,6.715281411259249,1.7279652325815472
1,HBEFA4/PC_petrol_Euro-6ab,Gasoline,2126-11-19 13:57:13,2126-11-19 13:57:13,-22.81165954432465,-43.21914352844112,-22.811635763425728,-43.21891378799636,77.19846179178846,51.11134932852126,25.997112462267214,24226.158978514157,6.7171245514711685,1.7283146611244592
1,HBEFA4/PC_petrol_Euro-6ab,Gasoline,2126-11-19 13:57:13,2126-11-19 13:57:13,-22.811635763425728,-43.21891378799636,-22.81161131834742,-43.21878137111157,77.11214164535127,51.11492818318416,25.997112462267214,24233.79111962817,6.719183347813465,1.7287121331629996
1,HBEFA4/PC_petrol_Euro-6ab,Gasoline,2126-11-19 13:57:13,2126-11-19 13:57:13,-22.81161131834742,-43.21878137111157,-22.811586576121445,-43.218645441313656,77.12611439411352,51.12889193174632,25.997112462267214,24236.883181865635,6.719919381854598,1.729113488836712
1,HBEFA4/PC_petrol_Euro-6ab,Gasoline,2126-11-19 13:57:13,2126-11-19 13:57:13,-22.811586576121445,-43.218645441313656,-22.811561321411428,-43.2185153594193,77.14112638679387,51.14311392452666,25.997112462267214,24239.321646188778,6.711595162814142,1.7295185975269419
1,HBEFA4/PC_petrol_Euro-6ab,Gasoline,2126-11-19 13:57:13,2126-11-19 13:57:37,-22.811561321411428,-43.2185153594193,-22.798317181347836,-43.21458323723583,121.33695627637275,77.95168329331433,42.38627298315842,37116.78752283783,11.232591148985291,2.7162612411734725
1,HBEFA4/PC_petrol_Euro-6ab,Gasoline,2126-11-19 13:57:37,2126-11-19 13:57:37,-22.798317181347836,-43.21458323723583,-22.798224143897166,-43.21461118116725,121.34491194174116,77.95863795768166,42.38627298315842,37119.52761298175,11.233451121556186,2.7164896224218713
1,HBEFA4/PC_petrol_Euro-6ab,Gasoline,2126-11-19 13:57:37,2126-11-19 13:57:37,-22.798224143897166,-43.21461118116725,-22.798131137881834,-43.21461517488886,121.35427886127738,77.96811587821896,42.38627298315842,37114.21917825996,11.234854471938444,2.7167625369189915
1,HBEFA4/PC_petrol_Euro-6ab,Gasoline,2126-11-19 13:57:37,2126-11-19 13:57:37,-22.798131137881834,-43.21461517488886,-22.797912712168643,-43.21464296662146,121.37689553123711,77.99162254817869,42.38627298315842,37124.55711828395,11.237737361691396,2.7174191899518154
1,HBEFA4/PC_petrol_Euro-6ab,Gasoline,2126-11-19 13:57:37,2126-11-19 13:57:37,-22.797912712168643,-43.21464296662146,-22.797775187632363,-43.21464847866133,121.39114132745855,78.11386734441113,42.38627298315842,37129.68919139123,11.239193318962138,2.717812896481734
1,HBEFA4/PC_petrol_Euro-6ab,Gasoline,2126-11-19 13:57:37,2126-11-19 13:57:37,-22.797775187632363,-43.21464847866133,-22.797647935382457,-43.21464289968147,121.41432714641697,78.11815416335855,42.38627298315842,37134.49146296184,11.241337224369286,2.7182135277858157
1,HBEFA4/PC_petrol_Euro-6ab,Gasoline,2126-11-19 13:57:37,2126-11-19 13:57:37,-22.797647935382457,-43.21464289968147,-22.79752115241828,-43.21463728864116,121.41842119232294,78.13214721926452,42.38627298315842,37136.17431455915,11.241831716762778,2.718616623549159
1,HBEFA4/PC_petrol_Euro-6ab,Gasoline,2126-11-19 13:57:37,2126-11-19 13:58:14,-22.79752115241828,-43.21463728864116,-22.81171417664429,-43.219286762481355,186.99154615839694,122.31128153859456,64.69126561981237,57226.98846126197,15.773961482393449,4.217481576157313
1,HBEFA4/PC_petrol_Euro-6ab,Gasoline,2126-11-19 13:58:14,2126-11-19 13:58:14,-22.81171417664429,-43.219286762481355,-22.811688838936484,-43.21921335165768,186.99822346683493,122.31795784713257,64.69126561981237,57228.51366183951,15.77442646471544,4.217699327211792
1,HBEFA4/PC_petrol_Euro-6ab,Gasoline,2126-11-19 13:58:14,2126-11-19 13:58:14,-22.811688838936484,-43.21921335165768,-22.811671524136324,-43.21911343119551,187.11695453441332,122.31668891461195,64.69126561981237,57232.29344467319,15.775587561623599,4.217952616218789
1,HBEFA4/PC_petrol_Euro-6ab,Gasoline,2126-11-19 13:58:14,2126-11-19 13:58:14,-22.811671524136324,-43.21911343119551,-22.811649931565868,-43.21899117898935,187.1174123734812,122.32714675367885,64.69126561981237,57238.11419814176,15.777231989381174,4.218258117282713
1,HBEFA4/PC_petrol_Euro-6ab,Gasoline,2126-11-19 13:58:14,2126-11-19 13:58:14,-22.811649931565868,-43.21899117898935,-22.811626914229156,-43.21886551996528,187.12917123846812,122.33891561866566,64.69126561981237,57243.12539144462,15.778641994581815,4.218599113816585
1,HBEFA4/PC_petrol_Euro-6ab,Gasoline,2126-11-19 13:58:14,2126-11-19 13:58:14,-22.811626914229156,-43.21886551996528,-22.811612822365327,-43.218734173861974,187.14231351725136,122.35214788744811,64.69126561981237,57248.89491211828,15.781161179522586,4.21898178484151
1,HBEFA4/PC_petrol_Euro-6ab,Gasoline,2126-11-19 13:58:14,2126-11-19 13:58:15,-22.811612822365327,-43.218734173861974,-22.81157726716859,-43.21859465451745,187.15616984121682,122.36581422141446,64.69126561981237,57252.62611818549,15.781155541121286,4.219377151788642
1,HBEFA4/PC_petrol_Euro-6ab,Gasoline,2126-11-19 13:58:15,2126-11-19 13:58:15,-22.81157726716859,-43.21859465451745,-22.811551815437188,-43.218462385581184,187.17166172118747,122.3813961113851,64.69126561981237,57257.21896316172,15.782335429136364,4.219799354614166
1,HBEFA4/PC_petrol_Euro-6ab,Gasoline,2126-11-19 13:58:15,2126-11-19 13:58:15,-22.811551815437188,-43.218462385581184,-22.811524143131194,-43.218322273722494,187.18453238179678,122.39426676199442,64.69126561981237,57257.21896316172,15.782335429136364,4.219799354614166
1,HBEFA4/PC_petrol_Euro-6ab,Gasoline,2126-11-19 13:58:15,2126-11-19 13:58:15,-22.811524143131194,-43.218322273722494,-22.81149799345428,-43.21819181583553,187.1992431614767,122.41897754167434,64.69126561981237,57261.83594419335,15.783522551245438,4.211225128124639
1,HBEFA4/PC_petrol_Euro-6ab,Gasoline,2126-11-19 13:58:15,2126-11-19 13:58:15,-22.81149799345428,-43.21819181583553,-22.811471925898954,-43.218159248319184,187.1131463881176,122.42278176831523,64.69126561981237,57261.83594419335,15.783522551245438,4.211225128124639
1,HBEFA4/PC_petrol_Euro-6ab,Gasoline,2126-11-19 13:58:15,2126-11-19 13:58:21,-22.811471925898954,-43.218159248319184,-22.8149199941684,-43.2151812899954,197.16117243166443,129.97931228172545,67.181771149939,61261.79246136543,16.617291571757967,4.43526186674211
1,HBEFA4/PC_petrol_Euro-6ab,Gasoline,2126-11-19 13:58:21,2126-11-19 13:58:23,-22.8149199941684,-43.2151812899954,-22.79831144898131,-43.21458467198333,212.13387219848812,134.16973316916987,67.96413912941829,61711.445176136594,17.135358888643763,4.549165672912333
1,HBEFA4/PC_petrol_Euro-6ab,Gasoline,2126-11-19 13:58:23,2126-11-19 13:58:26,-22.79831144898131,-43.21458467198333,-22.798198331167127,-43.21195716381112,215.15893921481228,136.37983711652193,68.67911211829137,62873.36721497122,17.392945135564946,4.615122425467316
1,HBEFA4/PC_petrol_Euro-6ab,Gasoline,2126-11-19 13:58:26,2126-11-19 13:58:34,-22.798198331167127,-43.21195716381112,-22.811713879461833,-43.219285153416235,215.35513751181626,143.8511932396295,71.51494426118678,66196.86191526675,18.311835857552283,4.844316247156827
1,HBEFA4/PC_petrol_Euro-6ab,Gasoline,2126-11-19 13:58:34,2126-11-19 13:58:38,-22.811713879461833,-43.219285153416235,-22.79811831453284,-43.21195356766148,222.36991927261294,147.92523551378716,74.4446737688159,68286.57125844329,18.891822787867514,5.11283116446679
1,HBEFA4/PC_petrol_Euro-6ab,Gasoline,2126-11-19 13:58:38,2126-11-19 13:58:52,-22.79811831453284,-43.21195356766148,-22.81491198831626,-43.215179338993865,239.69917143117144,161.1997317491789,79.59933868219156,73215.8161536612,21.256555644522315,5.387144259325448
1,HBEFA4/PC_petrol_Euro-6ab,Gasoline,2126-11-19 13:58:52,2126-11-19 13:58:52,-22.81491198831626,-43.215179338993865,-22.814876447136973,-43.21521237773986,239.71223928734414,161.1129116152525,79.59933868219156,73215.8161536612,21.256555644522315,5.387144259325448
1,HBEFA4/PC_petrol_Euro-6ab,Gasoline,2126-11-19 13:58:52,2126-11-19 13:58:52,-22.814876447136973,-43.21521237773986,-22.814828715349422,-43.215258142868564,239.71735215776876,161.11811337567722,79.59933868219156,73211.21951997169,21.258164549134232,5.3872113663815155
1,HBEFA4/PC_petrol_Euro-6ab,Gasoline,2126-11-19 13:58:52,2126-11-19 13:58:57,-22.814828715349422,-43.215258142868564,-22.79717217271223,-43.21395478266454,247.5681238394172,165.44654721116617,82.12157662935117,75651.51197583967,21.943111821242557,5.563933758452254
1,HBEFA4/PC_petrol_Euro-6ab,Gasoline,2126-11-19 13:58:57,2126-11-19 13:59:13,-22.79717217271223,-43.21395478266454,-22.812641379524392,-43.211718167334756,255.23672281623114,171.38888645484913,84.84783636138214,78176.32648423362,21.628122411974636,5.741151827152875
1,HBEFA4/PC_petrol_Euro-6ab,Gasoline,2126-11-19 13:59:13,2126-11-19 13:59:31,-22.812641379524392,-43.211718167334756,-22.798244927135828,-43.21459668457969,319.1294178532656,211.31761257536319,117.81179527791253,93991.5333723454,25.932513374243993,6.9791781182691945
1,HBEFA4/PC_petrol_Euro-6ab,Gasoline,2126-11-19 13:59:31,2126-11-19 13:59:31,-22.798244927135828,-43.21459668457969,-22.798151513642118,-43.21461255169428,319.1439713435511,211.33217616564762,117.81179527791253,93997.47193115674,25.934116174154316,6.979611518176585
1,HBEFA4/PC_petrol_Euro-6ab,Gasoline,2126-11-19 13:59:31,2126-11-19 13:59:31,-22.798151513642118,-43.21461255169428,-22.79819784412816,-43.21461913942851,319.1544534479179,211.34265817111536,117.81179527791253,93997.47193115674,25.934116174154316,6.979611518176585
1,HBEFA4/PC_petrol_Euro-6ab,Gasoline,2126-11-19 13:59:31,2126-11-19 13:59:31,-22.79819784412816,-43.21461913942851,-22.797948531145957,-43.21463737211916,319.1681517599555,211.35625648215313,117.81179527791253,94112.19236424365,25.93549584952873,6.979826175211949
1,HBEFA4/PC_petrol_Euro-6ab,Gasoline,2126-11-19 13:59:31,2126-11-19 13:59:31,-22.797948531145957,-43.21463737211916,-22.79785854295196,-43.214648359811134,319.1771736949276,211.3652784171251,117.81179527791253,94116.6622626653,25.93688515477172,6.981189261886418
1,HBEFA4/PC_petrol_Euro-6ab,Gasoline,2126-11-19 13:59:31,2126-11-19 13:59:31,-22.79785854295196,-43.214648359811134,-22.797751144247466,-43.214647384235685,319.18711311118537,211.37531782318285,117.81179527791253,94111.62519196547,25.938149239528247,6.981379143669164
1,HBEFA4/PC_petrol_Euro-6ab,Gasoline,2126-11-19 13:59:31,2126-11-19 13:59:31,-22.797751144247466,-43.214647384235685,-22.797629211316365,-43.214642177653666,319.1991316918888,211.3873364129863,117.81179527791253,94117.62711244217,25.93994273537157,6.981731161612997
1,HBEFA4/PC_petrol_Euro-6ab,Gasoline,2126-11-19 13:59:31,2126-11-19 13:59:31,-22.797629211316365,-43.214642177653666,-22.79751523239156,-43.214636638391236,319.21253672671514,211.41174144881265,117.81179527791253,94123.4656781732,25.941467832223786,6.981121648661674
1,HBEFA4/PC_petrol_Euro-6ab,Gasoline,2126-11-19 13:59:31,2126-11-19 13:59:31,-22.79751523239156,-43.214636638391236,-22.797374141188456,-43.214631886543136,319.2262769322133,211.41448165431177,117.81179527791253,94126.37969713549,25.94226369416898,6.981515257413843
1,HBEFA4/PC_petrol_Euro-6ab,Gasoline,2126-11-19 13:59:31,2126-11-19 13:59:39,-22.797374141188456,-43.214631886543136,-22.811711867923888,-43.21927426211919,322.61761233619543,211.67482698811287,111.94277534818256,98389.76827883611,27.183937687668987,7.283163813211161
1,HBEFA4/PC_petrol_Euro-6ab,Gasoline,2126-11-19 13:59:39,2126-11-19 13:59:39,-22.811711867923888,-43.21927426211919,-22.811684213531868,-43.219178115832934,322.62622215249354,211.683446814411,111.94277534818256,98393.31612633643,27.185128196388444,7.283413453421958
1,HBEFA4/PC_petrol_Euro-6ab,Gasoline,2126-11-19 13:59:39,2126-11-19 14:11:21,-22.811684213531868,-43.219178115832934,-22.79719998211871,-43.2139495624484,381.75156311181214,251.3712896119972,131.379273511815,117482.59425536112,32.54522114326192,8.631357945616838
1,HBEFA4/PC_petrol_Euro-6ab,Gasoline,2126-11-19 14:11:21,2126-11-19 14:11:21,-22.79719998211871,-43.2139495624484,-22.79717449821633,-43.2139561141812,381.7647441681589,251.38547165734392,131.379273511815,117484.21939432512,32.5456993273162,8.631763554998333
1,HBEFA4/PC_petrol_Euro-6ab,Gasoline,2126-11-19 14:11:21,2126-11-19 14:11:21,-22.79717449821633,-43.2139561141812,-22.797111846949632,-43.21385157811779,381.7788761467975,251.3996125359825,131.379273511815,117486.13753471922,32.54622531436287,8.632168114265752
1,HBEFA4/PC_petrol_Euro-6ab,Gasoline,2126-11-19 14:11:21,2126-11-19 14:11:21,-22.797111846949632,-43.21385157811779,-22.797235663435266,-43.213942888554785,381.8455541648557,251.46628155414174,131.379273511815,117494.15269126522,32.54873958628876,8.633311551847512
1,HBEFA4/PC_petrol_Euro-6ab,Gasoline,2126-11-19 14:11:21,2126-11-19 14:11:21,-22.797235663435266,-43.213942888554785,-22.79717265287416,-43.21395467415122,381.8519633728597,251.4716898621447,131.379273511815,117494.15269126522,32.54873958628876,8.633311551847512
1,HBEFA4/PC_petrol_Euro-6ab,Gasoline,2126-11-19 14:11:21,2126-11-19 14:11:21,-22.79717265287416,-43.21395467415122,-22.79719221269522,-43.21396191686315,381.8581461381412,251.4787726273252,131.379273511815,117498.69167544114,32.55123835417927,8.633511563498735
1,HBEFA4/PC_petrol_Euro-6ab,Gasoline,2126-11-19 14:11:21,2126-11-19 14:11:21,-22.79719221269522,-43.21396191686315,-22.797118993562716,-43.21391164817876,381.86715231443455,251.48777881361956,131.379273511815,117514.32534161914,32.55195241334916,8.633775558848186
1,HBEFA4/PC_petrol_Euro-6ab,Gasoline,2126-11-19 14:11:21,2126-11-19 14:11:21,-22.797118993562716,-43.21391164817876,-22.797123181367953,-43.21379194778149,381.8776728463417,251.4983993355257,131.379273511815,117519.84154886588,32.55352874327168,8.63418512334495
1,HBEFA4/PC_petrol_Euro-6ab,Gasoline,2126-11-19 14:11:21,2126-11-19 14:11:21,-22.797123181367953,-43.21379194778149,-22.797264446949117,-43.21393762975964,381.93313887579196,251.55376536497695,131.379273511815,117523.639489658,32.557357219115125,8.634987371446353
1,HBEFA4/PC_petrol_Euro-6ab,Gasoline,2126-11-19 14:11:21,2126-11-19 14:11:21,-22.797264446949117,-43.21393762975964,-22.797217447346334,-43.21394816613852,381.93796117349117,251.5586865626761,131.379273511815,117523.639489658,32.557357219115125,8.634987371446353
1,HBEFA4/PC_petrol_Euro-6ab,Gasoline,2126-11-19 14:11:21,2126-11-19 14:11:28,-22.797217447346334,-43.21394816613852,-22.811713681419133,-43.21928417571156,391.1777221616711,258.49498447649535,132.58273768517478,121111.8127134417,33.28934126417111,8.8396875848158
1,HBEFA4/PC_petrol_Euro-6ab,Gasoline,2126-11-19 14:11:28,2126-11-19 14:11:28,-22.811713681419133,-43.21928417571156,-22.811688299862944,-43.21921141963313,391.1851847494278,258.5124471642531,132.58273768517478,121115.91471679652,33.29166829153514,8.839916791671146
1,HBEFA4/PC_petrol_Euro-6ab,Gasoline,2126-11-19 14:11:28,2126-11-19 14:11:11,-22.811688299862944,-43.21921141963313,-22.79818938156735,-43.21312883584671,442.55889261524135,292.83155184552965,149.72734176971173,136639.6114163571,37.92148661213329,9.991397162651564
1,HBEFA4/PC_petrol_Euro-6ab,Gasoline,2126-11-19 14:11:11,2126-11-19 14:11:11,-22.79818938156735,-43.21312883584671,-22.79811922997977,-43.21324916961953,442.5729191278874,292.84556825817566,149.72734176971173,136642.14272451915,37.922161839158136,9.99179914692289
1,HBEFA4/PC_petrol_Euro-6ab,Gasoline,2126-11-19 14:11:11,2126-11-19 14:11:11,-22.79811922997977,-43.21324916961953,-22.797916513337252,-43.213312874731416,442.58756153215643,292.86121976244473,149.72734176971173,136646.11896569744,37.923196451312115,9.992222217771168
1,HBEFA4/PC_petrol_Euro-6ab,Gasoline,2126-11-19 14:11:11,2126-11-19 14:11:11,-22.797916513337252,-43.213312874731416,-22.797785441471667,-43.21327911126921,442.61156861341914,292.87422784369744,149.72734176971173,136646.11896569744,37.923196451312115,9.992222217771168
1,HBEFA4/PC_petrol_Euro-6ab,Gasoline,2126-11-19 14:11:11,2126-11-19 14:11:11,-22.797785441471667,-43.21327911126921,-22.797673536121616,-43.21321853558186,442.6154669116743,292.8881261419626,149.72734176971173,136647.6427111518,37.923676274291176,9.992619452792832
1,HBEFA4/PC_petrol_Euro-6ab,Gasoline,2126-11-19 14:11:11,2126-11-19 14:11:11,-22.797673536121616,-43.21321853558186,-22.79756331449553,-43.213138891156916,442.629819665791,292.9124788961793,149.72734176971173,136651.1173211127,37.92457122185973,9.993132781688763
1,HBEFA4/PC_petrol_Euro-6ab,Gasoline,2126-11-19 14:11:11,2126-11-19 14:11:11,-22.79756331449553,-43.213138891156916,-22.797476314441522,-43.21318746221161,442.64397121726,292.9166294375483,149.72734176971173,136652.36761544148,37.9249867813652,9.99343718194634
1,HBEFA4/PC_petrol_Euro-6ab,Gasoline,2126-11-19 14:11:11,2126-11-19 14:11:11,-22.797476314441522,-43.21318746221161,-22.797424352331188,-43.213158183668944,442.65496181739854,292.92762114768684,149.72734176971173,136652.36761544148,37.9249867813652,9.99343718194634
1,HBEFA4/PC_petrol_Euro-6ab,Gasoline,2126-11-19 14:11:11,2126-11-19 14:11:22,-22.797424352331188,-43.213158183668944,-22.814917362178518,-43.21517324237212,489.96857594163573,327.24517589115835,162.72341114957744,151238.6819254884,41.68188919611434,11.144265775648274
1,HBEFA4/PC_petrol_Euro-6ab,Gasoline,2126-11-19 14:11:22,2126-11-19 14:11:22,-22.814917362178518,-43.21517324237212,-22.81488537458783,-43.21521383861755,489.9714458318814,327.24814578131413,162.72341114957744,151238.6819254884,41.68188919611434,11.144265775648274
1,HBEFA4/PC_petrol_Euro-6ab,Gasoline,2126-11-19 14:11:22,2126-11-19 14:11:22,-22.81488537458783,-43.21521383861755,-22.81484628194478,-43.21524123182146,489.97618162147113,327.25278157189275,162.72341114957744,151242.8627211112,41.68344347413137,11.144412256412587
1,HBEFA4/PC_petrol_Euro-6ab,Gasoline,2126-11-19 14:11:22,2126-11-19 14:11:22,-22.81484628194478,-43.21524123182146,-22.814797885536427,-43.215287522165134,489.98196719551393,327.2585671459265,162.72341114957744,151246.16439912168,41.68454233817175,11.144583724271357
1,HBEFA4/PC_petrol_Euro-6ab,Gasoline,2126-11-19 14:11:22,2126-11-19 14:11:22,-22.814797885536427,-43.215287522165134,-22.814736911762178,-43.21534584351268,489.98913171747817,327.2657316579117,162.72341114957744,151251.19971726186,41.68586419617132,11.144794636125177
1,HBEFA4/PC_petrol_Euro-6ab,Gasoline,2126-11-19 14:11:22,2126-11-19 14:11:22,-22.814736911762178,-43.21534584351268,-22.81466459447394,-43.215415114938154,489.9981561114939,327.27475596191647,162.72341114957744,151255.6135833918,41.6875411628115,11.145159891298918
1,HBEFA4/PC_petrol_Euro-6ab,Gasoline,2126-11-19 14:11:22,2126-11-19 14:11:22,-22.81466459447394,-43.215415114938154,-22.81458681654613,-43.21548941934115,491.118861371264,327.28546132168657,162.72341114957744,151261.31921553112,41.68916212333291,11.145372157946888
1,HBEFA4/PC_petrol_Euro-6ab,Gasoline,2126-11-19 14:11:22,2126-11-19 14:11:22,-22.81458681654613,-43.21548941934115,-22.814535951777847,-43.21553816226112,491.1213731156816,327.2969729561142,162.72341114957744,151265.1168536751,41.691233728646426,11.145713756447892
1,HBEFA4/PC_petrol_Euro-6ab,Gasoline,2126-11-19 14:11:22,2126-11-19 14:11:26,-22.814535951777847,-43.21553816226112,-22.811711251364522,-43.21927192381138,498.21369729986395,331.45189656357735,166.76181173628666,152644.33144376328,42.319552333767625,11.229276836731445
1,HBEFA4/PC_petrol_Euro-6ab,Gasoline,2126-11-19 14:11:26,2126-11-19 14:11:29,-22.811711251364522,-43.21927192381138,-22.81171258812752,-43.21927816114913,515.2541478216842,335.1152297181195,171.1489181125747,154837.1937321416,42.916814942196876,11.383283249757431
1,HBEFA4/PC_petrol_Euro-6ab,Gasoline,2126-11-19 14:11:29,2126-11-19 14:11:29,-22.81171258812752,-43.21927816114913,-22.811686216586712,-43.219189143911524,515.26237396571194,335.11345585313626,171.1489181125747,154841.48182692525,42.91818133711489,11.383524116157534
1,HBEFA4/PC_petrol_Euro-6ab,Gasoline,2126-11-19 14:11:29,2126-11-19 14:11:52,-22.811686216586712,-43.219189143911524,-22.814913545411917,-43.2151768931229,551.6484525467529,362.69881967661376,187.94963287114912,168531.6119472312,46.65917522593283,12.425148447462824
1,HBEFA4/PC_petrol_Euro-6ab,Gasoline,2126-11-19 14:11:52,2126-11-19 14:11:52,-22.814913545411917,-43.2151768931229,-22.814877712167343,-43.21521116773479,551.6522917871166,362.7126579169575,187.94963287114912,168532.3668614297,46.65965245242751,12.425163211339243
1,HBEFA4/PC_petrol_Euro-6ab,Gasoline,2126-11-19 14:11:52,2126-11-19 14:11:52,-22.814877712167343,-43.21521116773479,-22.814831174327667,-43.2152556812864,551.6575948185448,362.7179619383956,187.94963287114912,168536.11714168618,46.6619857112987,12.42532335756859
1,HBEFA4/PC_petrol_Euro-6ab,Gasoline,2126-11-19 14:11:52,2126-11-19 14:11:52,-22.814831174327667,-43.2152556812864,-22.81477256153769,-43.21531174544916,551.6644833176277,362.71485144747857,187.94963287114912,168541.43547161426,46.66242572166478,12.425527583136532
1,HBEFA4/PC_petrol_Euro-6ab,Gasoline,2126-11-19 14:11:52,2126-11-19 14:11:52,-22.81477256153769,-43.21531174544916,-22.814715281265985,-43.2153761981689,551.6731593111958,362.7235264299467,187.94963287114912,168545.6793256784,46.66414312185849,12.425782644763144
1,HBEFA4/PC_petrol_Euro-6ab,Gasoline,2126-11-19 14:11:52,2126-11-19 14:11:52,-22.814715281265985,-43.2153761981689,-22.814631781591463,-43.21544735785153,551.6831179383916,362.73348516824146,187.94963287114912,168551.23866897478,46.66538219925755,12.426171761496942
1,HBEFA4/PC_petrol_Euro-6ab,Gasoline,2126-11-19 14:11:52,2126-11-19 14:11:52,-22.814631781591463,-43.21544735785153,-22.814565386511124,-43.21551991719755,551.6941454792113,362.74451261916227,187.94963287114912,168554.5767758266,46.66661374281199,12.426391541593799
1,HBEFA4/PC_petrol_Euro-6ab,Gasoline,2126-11-19 14:11:52,2126-11-19 14:12:13,-22.814565386511124,-43.21551991719755,-22.812639195471798,-43.2117131112388,564.7895276829515,371.7969217897266,193.99261589322498,172795.11211315887,47.815133968916565,12.741156992544194
1,HBEFA4/PC_petrol_Euro-6ab,Gasoline,2126-11-19 14:12:13,2126-11-19 14:12:13,-22.812639195471798,-43.2117131112388,-22.81261617451633,-43.211766161954186,564.7939312473525,371.8113253541276,193.99261589322498,172795.11211315887,47.815133968916565,12.741156992544194
1,HBEFA4/PC_petrol_Euro-6ab,Gasoline,2126-11-19 14:12:13,2126-11-19 14:12:13,-22.81261617451633,-43.211766161954186,-22.812613821975193,-43.21184128731179,564.7999478936775,371.8173421114526,193.99261589322498,172799.14651174537,47.81656957335812,12.741337311665238
1,HBEFA4/PC_petrol_Euro-6ab,Gasoline,2126-11-19 14:12:13,2126-11-19 14:12:16,-22.812613821975193,-43.21184128731179,-22.798114673567177,-43.211951244117754,589.1618484117675,385.87768178151886,213.18416663124868,179939.41812875218,49.75739652323896,13.295135343131747
1,HBEFA4/PC_petrol_Euro-6ab,Gasoline,2126-11-19 14:12:16,2126-11-19 14:12:16,-22.798114673567177,-43.211951244117754,-22.798111711584287,-43.21199235916183,589.1736222642755,385.8894556341269,213.18416663124868,179942.63415174338,49.7583167488322,13.2953733711178
1,HBEFA4/PC_petrol_Euro-6ab,Gasoline,2126-11-19 14:12:16,2126-11-19 14:12:16,-22.798111711584287,-43.21199235916183,-22.79787897355418,-43.21213624945358,589.186931745453,385.9127641152143,213.18416663124868,179948.88841698815,49.75993931311897,13.295761738552617
1,HBEFA4/PC_petrol_Euro-6ab,Gasoline,2126-11-19 14:12:16,2126-11-19 14:12:21,-22.79787897355418,-43.21213624945358,-22.812648958898434,-43.21169159814349,596.3287752123879,393.11441592385584,213.31435928853217,181691.6944319717,51.26182924648567,13.452551233349983
1,HBEFA4/PC_petrol_Euro-6ab,Gasoline,2126-11-19 14:12:21,2126-11-19 14:12:29,-22.812648958898434,-43.21169159814349,-22.814917271124296,-43.21518289451178,614.9951671111618,397.8453127961413,217.1497542151215,184276.1896497647,51.94787761611711,13.649552381844936
1,HBEFA4/PC_petrol_Euro-6ab,Gasoline,2126-11-19 14:12:29,2126-11-19 14:12:38,-22.814917271124296,-43.21518289451178,-22.812639798238154,-43.211711711955696,619.6612146741885,414.8171261371381,214.8431886369515,188862.23918822446,52.197871244218194,13.991516251179138
1,HBEFA4/PC_petrol_Euro-6ab,Gasoline,2126-11-19 14:12:38,2126-11-19 14:12:38,-22.812639798238154,-43.211711711955696,-22.812621858221447,-43.21175536575186,619.6641837111961,414.82189517424564,214.8431886369515,188862.23918822446,52.197871244218194,13.991516251179138
1,HBEFA4/PC_petrol_Euro-6ab,Gasoline,2126-11-19 14:12:38,2126-11-19 14:12:38,-22.812621858221447,-43.21175536575186,-22.81376643397419,-43.21188966874356,619.9911784567117,415.14788981975133,214.8431886369515,188931.15955118183,52.217371773585884,13.997939811925424
1,HBEFA4/PC_petrol_Euro-6ab,Gasoline,2126-11-19 14:12:38,2126-11-19 14:12:44,-22.81376643397419,-43.21188966874356,-22.811711211114952,-43.219265237261945,632.4476347175569,414.73588551644747,217.71174921111943,192612.13189372148,53.248228447677135,14.272442778473325
1,HBEFA4/PC_petrol_Euro-6ab,Gasoline,2126-11-19 14:12:44,2126-11-19 14:12:44,-22.811711211114952,-43.219265237261945,-22.811683329239913,-43.21917329141953,632.4553169794513,414.7435677783419,217.71174921111943,192612.13189372148,53.248228447677135,14.272442778473325
1,HBEFA4/PC_petrol_Euro-6ab,Gasoline,2126-11-19 14:12:44,2126-11-19 14:12:55,-22.811683329239913,-43.21917329141953,-22.798117135619917,-43.21195412515321,646.181152895945,421.914661641139,224.27639225581592,197131.25419632418,54.46614813223787,14.589356342313956
1,HBEFA4/PC_petrol_Euro-6ab,Gasoline,2126-11-19 14:12:55,2126-11-19 14:12:55,-22.798117135619917,-43.21195412515321,-22.79799451269373,-43.211994597222395,646.193135151421,421.91664279561513,224.27639225581592,197132.34814846565,54.46675688858387,14.589698356626261
1,HBEFA4/PC_petrol_Euro-6ab,Gasoline,2126-11-19 14:12:55,2126-11-19 14:13:11,-22.79799451269373,-43.211994597222395,-22.811711373664757,-43.21926617157199,653.8264136995182,427.6367915376312,226.189613161878,199187.6561144122,55.159911316122654,14.757894686154411
1,HBEFA4/PC_petrol_Euro-6ab,Gasoline,2126-11-19 14:13:11,2126-11-19 14:13:36,-22.811711373664757,-43.21926617157199,-22.811716834315416,-43.219311152171674,721.9961193349735,475.1947641972596,245.811255137714,218548.3946171171,61.39831874568217,16.25184217181911
1,HBEFA4/PC_petrol_Euro-6ab,Gasoline,2126-11-19 14:13:36,2126-11-19 14:13:36,-22.811716834315416,-43.219311152171674,-22.811689111145614,-43.21921429117938,721.1143869853619,475.21313184764785,245.811255137714,218549.8847719747,61.398762591774496,16.252181114963134
1,HBEFA4/PC_petrol_Euro-6ab,Gasoline,2126-11-19 14:13:36,2126-11-19 14:13:36,-22.811689111145614,-43.21921429117938,-22.811668287357155,-43.21919122758686,721.1145262125519,475.21327116483795,245.811255137714,218555.59526562496,61.4114227233151,16.252376513241676
1,HBEFA4/PC_petrol_Euro-6ab,Gasoline,2126-11-19 14:13:36,2126-11-19 14:13:36,-22.811668287357155,-43.21919122758686,-22.81164536134692,-43.21896615189496,721.1263595187175,475.2251143819935,245.811255137714,218561.73359123134,61.41211171581156,16.252721448123895
1,HBEFA4/PC_petrol_Euro-6ab,Gasoline,2126-11-19 14:13:36,2126-11-19 14:13:36,-22.81164536134692,-43.21896615189496,-22.811619734828516,-43.21882634181313,721.1394512551567,475.23819511734274,245.811255137714,218567.134115318,61.41352961618863,16.25311113621284
1,HBEFA4/PC_petrol_Euro-6ab,Gasoline,2126-11-19 14:13:36,2126-11-19 14:13:36,-22.811619734828516,-43.21882634181313,-22.81159471186846,-43.218689821741114,721.1541829151463,475.2528277774323,245.811255137714,218573.91476182453,61.41522927427166,16.25352781539612
1,HBEFA4/PC_petrol_Euro-6ab,Gasoline,2126-11-19 14:13:36,2126-11-19 14:13:36,-22.81159471186846,-43.218689821741114,-22.811571297871797,-43.218556633514136,721.1683714515577,475.26711631284377,245.811255137714,218573.91476182453,61.41522927427166,16.25352781539612
1,HBEFA4/PC_petrol_Euro-6ab,Gasoline,2126-11-19 14:13:36,2126-11-19 14:13:36,-22.811571297871797,-43.218556633514136,-22.811543983457374,-43.21842291924881,721.1823111667711,475.2811559291572,245.811255137714,218573.91476182453,61.41522927427166,16.25352781539612
1,HBEFA4/PC_petrol_Euro-6ab,Gasoline,2126-11-19 14:13:36,2126-11-19 14:13:36,-22.811543983457374,-43.21842291924881,-22.81151649839145,-43.21828419675525,721.1963471236236,475.2951919859196,245.811255137714,218576.15998819738,61.4158591451182,16.253931181334992
1,HBEFA4/PC_petrol_Euro-6ab,Gasoline,2126-11-19 14:13:36,2126-11-19 14:13:36,-22.81151649839145,-43.21828419675525,-22.811489494368123,-43.21814791265123,721.1119119816174,475.3196558429134,245.811255137714,218579.7871139163,61.41681264252215,16.254351133239362
1,HBEFA4/PC_petrol_Euro-6ab,Gasoline,2126-11-19 14:13:36,2126-11-19 14:13:36,-22.811489494368123,-43.21814791265123,-22.811463581782157,-43.218117137412966,721.1252198799941,475.32396474228117,245.811255137714,218581.99341446322,61.41719117541778,16.254758796218468
1,HBEFA4/PC_petrol_Euro-6ab,Gasoline,2126-11-19 14:13:36,2126-11-19 14:13:36,-22.811463581782157,-43.218117137412966,-22.811436143235774,-43.21787815694149,721.1389513922435,475.3376952545295,245.811255137714,218581.99341446322,61.41719117541778,16.254758796218468
1,HBEFA4/PC_petrol_Euro-6ab,Gasoline,2126-11-19 14:13:36,2126-11-19 14:13:46,-22.811436143235774,-43.21787815694149,-22.79715481426437,-43.21395811171968,738.9314364393325,488.6512574365119,251.28117911282166,224186.44767319734,61.956771125399,16.647949168527173
1,HBEFA4/PC_petrol_Euro-6ab,Gasoline,2126-11-19 14:13:46,2126-11-19 14:13:46,-22.79715481426437,-43.21395811171968,-22.79713835125712,-43.2139317917919,738.9461213149165,488.6658423121858,251.28117911282166,224189.47643911756,61.95758131444489,16.648368751897657
1,HBEFA4/PC_petrol_Euro-6ab,Gasoline,2126-11-19 14:13:46,2126-11-19 14:13:46,-22.79713835125712,-43.2139317917919,-22.797121441767255,-43.21379811613958,738.9599349969197,488.6797559941891,251.28117911282166,224189.47643911756,61.95758131444489,16.648368751897657
1,HBEFA4/PC_petrol_Euro-6ab,Gasoline,2126-11-19 14:13:46,2126-11-19 14:13:51,-22.797121441767255,-43.21379811613958,-22.81171164114729,-43.219267614418515,744.9449543166164,493.3168749161928,251.63817941142372,225952.68782159645,62.495916989526645,16.77819915623199
1,HBEFA4/PC_petrol_Euro-6ab,Gasoline,2126-11-19 14:13:51,2126-11-19 14:13:57,-22.81171164114729,-43.219267614418515,-22.81491763133135,-43.21518255191812,761.5144844672116,511.2651581721714,261.2493262951293,231658.96231977235,63.728814576686926,17.14946911313114
1,HBEFA4/PC_petrol_Euro-6ab,Gasoline,2126-11-19 14:13:57,2126-11-19 14:13:57,-22.81491763133135,-43.21518255191812,-22.814879372141574,-43.21521958116138,761.5175263348838,511.2682111398545,261.2493262951293,231658.96231977235,63.728814576686926,17.14946911313114
1,HBEFA4/PC_petrol_Euro-6ab,Gasoline,2126-11-19 14:13:57,2126-11-19 14:14:12,-22.814879372141574,-43.21521958116138,-22.811711818486533,-43.219273941291686,779.3154966239395,513.7361788516117,265.5794177733387,236123.64592281342,65.23361278432487,17.575949194713613
1,HBEFA4/PC_petrol_Euro-6ab,Gasoline,2126-11-19 14:14:12,2126-11-19 14:14:12,-22.811711818486533,-43.219273941291686,-22.811684921893787,-43.21918197499116,779.3236758442443,513.7442581719156,265.5794177733387,236125.31413855168,65.23411141891616,17.576182151611166
1,HBEFA4/PC_petrol_Euro-6ab,Gasoline,2126-11-19 14:14:12,2126-11-19 14:14:12,-22.811684921893787,-43.21918197499116,-22.811665268943423,-43.21917476119214,779.3333117463816,513.7538839731419,265.5794177733387,236131.13191191113,65.23554415341959,17.576462541169658
1,HBEFA4/PC_petrol_Euro-6ab,Gasoline,2126-11-19 14:14:12,2126-11-19 14:14:31,-22.811665268943423,-43.21917476119214,-22.798311132963216,-43.21458257677878,815.7362316959934,532.3274763185797,273.4187543774138,244224.7971628157,67.51367431635611,18.164848182912934
1,HBEFA4/PC_petrol_Euro-6ab,Gasoline,2126-11-19 14:14:31,2126-11-19 14:14:31,-22.798311132963216,-43.21458257677878,-22.79822976753814,-43.21459996445159,815.7435361387111,532.3347817612872,273.4187543774138,244224.7971628157,67.51367431635611,18.164848182912934
1,HBEFA4/PC_petrol_Euro-6ab,Gasoline,2126-11-19 14:14:31,2126-11-19 14:14:31,-22.79822976753814,-43.21459996445159,-22.798149318887177,-43.21461282113336,815.7526136542187,532.343859276795,273.4187543774138,244231.1431498239,67.51529576998,18.16511451668136
1,HBEFA4/PC_petrol_Euro-6ab,Gasoline,2126-11-19 14:14:31,2126-11-19 14:14:31,-22.798149318887177,-43.21461282113336,-22.798199544819596,-43.21461893164334,815.7616281794163,532.3528737121125,273.4187543774138,244231.67571319977,67.51576196938977,18.165371712218542
1,HBEFA4/PC_petrol_Euro-6ab,Gasoline,2126-11-19 14:14:31,2126-11-19 14:14:31,-22.798199544819596,-43.21461893164334,-22.798313626617417,-43.214583984479335,816.2825818565312,532.8738274791164,273.4187543774138,244353.28419488654,67.55148428197745,18.176214583158494
1,HBEFA4/PC_petrol_Euro-6ab,Gasoline,2126-11-19 14:14:31,2126-11-19 14:14:39,-22.798313626617417,-43.214583984479335,-22.812641371592148,-43.21171139146326,814.2859553864217,535.616545584344,278.66941981217676,246697.33513942515,68.15313251591135,18.353171947114633
1,HBEFA4/PC_petrol_Euro-6ab,Gasoline,2126-11-19 14:14:39,2126-11-19 14:14:39,-22.812641371592148,-43.21171139146326,-22.812619131156264,-43.21175934889853,814.2897338621967,535.6213241611199,278.66941981217676,246697.33513942515,68.15313251591135,18.353171947114633
1,HBEFA4/PC_petrol_Euro-6ab,Gasoline,2126-11-19 14:14:39,2126-11-19 14:15:12,-22.812619131156264,-43.21175934889853,-22.81171497733611,-43.21929119776119,852.564348851714,559.971931644115,292.59341721669913,258417.15169293573,71.37657655712132,19.22675919411977
1,HBEFA4/PC_petrol_Euro-6ab,Gasoline,2126-11-19 14:15:12,2126-11-19 14:15:12,-22.81171497733611,-43.21929119776119,-22.811691196274328,-43.21921566612383,852.5718595989114,559.9774423922113,292.59341721669913,258421.63211182885,71.37774195297274,19.226951863652966
1,HBEFA4/PC_petrol_Euro-6ab,Gasoline,2126-11-19 14:15:12,2126-11-19 14:15:12,-22.811691196274328,-43.21921566612383,-22.811674112941263,-43.21912295556614,852.5787555882773,559.9853383815783,292.59341721669913,258424.86416219332,71.37918619266221,19.227182212118896
1,HBEFA4/PC_petrol_Euro-6ab,Gasoline,2126-11-19 14:15:12,2126-11-19 14:15:12,-22.811674112941263,-43.21912295556614,-22.811653814513257,-43.21911221393791,852.5884588161174,559.9951416193184,292.59341721669913,258431.49991145158,71.38175263558811,19.227466442935935
1,HBEFA4/PC_petrol_Euro-6ab,Gasoline,2126-11-19 14:15:12,2126-11-19 14:15:12,-22.811653814513257,-43.21911221393791,-22.81163158393313,-43.21889198617831,852.6111492191392,561.1166321124413,292.59341721669913,258437.133628516,71.38254976588516,19.22781522321619
1,HBEFA4/PC_petrol_Euro-6ab,Gasoline,2126-11-19 14:15:12,2126-11-19 14:15:18,-22.81163158393313,-43.21889198617831,-22.814911298244167,-43.21517999915123,871.6514818126117,574.6766682916923,296.97381252191947,264711.8441823916,73.1633817963573,19.656911926889676
1,HBEFA4/PC_petrol_Euro-6ab,Gasoline,2126-11-19 14:15:18,2126-11-19 14:15:18,-22.814911298244167,-43.21517999915123,-22.81487839111781,-43.21521151842198,871.6535914315516,574.6797789116311,296.97381252191947,264711.8441823916,73.1633817963573,19.656911926889676
1,HBEFA4/PC_petrol_Euro-6ab,Gasoline,2126-11-19 14:15:18,2126-11-19 14:15:18,-22.81487839111781,-43.21521151842198,-22.81483448753675,-43.21525251219569,871.6583143269115,574.6845118159811,296.97381252191947,264714.6613217214,73.16478793173576,19.657155944212853
1,HBEFA4/PC_petrol_Euro-6ab,Gasoline,2126-11-19 14:15:18,2126-11-19 14:15:18,-22.81483448753675,-43.21525251219569,-22.814779181583697,-43.21531541241398,871.6648128981711,574.6911113771517,296.97381252191947,264719.21593526517,73.16633231684474,19.657251261627883
1,HBEFA4/PC_petrol_Euro-6ab,Gasoline,2126-11-19 14:15:18,2126-11-19 14:15:54,-22.814779181583697,-43.21531541241398,-22.79811162577114,-43.21195597559192,934.1853177511656,617.2597523518311,316.8255553992344,283828.2577538469,78.44768672852189,21.15196645884133
1,HBEFA4/PC_petrol_Euro-6ab,Gasoline,2126-11-19 14:15:54,2126-11-19 14:15:54,-22.79811162577114,-43.21195597559192,-22.798126674212795,-43.211982998271326,934.1922167644993,617.2666613652649,316.8255553992344,283832.1499219128,78.44893953553957,21.15116983834727
1,HBEFA4/PC_petrol_Euro-6ab,Gasoline,2126-11-19 14:15:54,2126-11-19 14:15:54,-22.798126674212795,-43.211982998271326,-22.797939165129496,-43.212114584418784,934.1119689443982,617.2754135451638,316.8255553992344,283837.4317144158,78.45159421932819,21.151427311177213
1,HBEFA4/PC_petrol_Euro-6ab,Gasoline,2126-11-19 14:15:54,2126-11-19 14:15:54,-22.797939165129496,-43.212114584418784,-22.797837984343357,-43.212151127454964,934.1111991661681,617.2856437669337,316.8255553992344,283842.5178829652,78.45216797219659,21.151725161896683
1,HBEFA4/PC_petrol_Euro-6ab,Gasoline,2126-11-19 14:15:54,2126-11-19 14:15:54,-22.797837984343357,-43.212151127454964,-22.797724311916844,-43.21219211153156,934.1231124712382,617.2974471711138,316.8255553992344,283848.32638835785,78.45366314557137,21.152168581938113
1,HBEFA4/PC_petrol_Euro-6ab,Gasoline,2126-11-19 14:15:54,2126-11-19 14:15:54,-22.797724311916844,-43.21219211153156,-22.797611293471798,-43.212136362342216,934.1362762419524,617.311721842718,316.8255553992344,283854.38645227265,78.45524891141591,21.152454632696175
1,HBEFA4/PC_petrol_Euro-6ab,Gasoline,2126-11-19 14:15:54,2126-11-19 14:15:54,-22.797611293471798,-43.212136362342216,-22.797479568133745,-43.212181161958535,934.1516411215659,617.3251857213314,316.8255553992344,283859.691439586,78.45661747741143,21.1528712476589
1,HBEFA4/PC_petrol_Euro-6ab,Gasoline,2126-11-19 14:15:54,2126-11-19 14:15:54,-22.797479568133745,-43.212181161958535,-22.797361721282967,-43.21223269475246,934.1648875167473,617.3393321175129,316.8255553992344,283861.3171462165,78.4571845315488,21.153278779833917
1,HBEFA4/PC_petrol_Euro-6ab,Gasoline,2126-11-19 14:15:54,2126-11-19 14:15:54,-22.797361721282967,-43.21223269475246,-22.797238121143388,-43.212285897842486,934.1791734377282,617.3535181384938,316.8255553992344,283863.1949871888,78.45761295717667,21.153684781873752
1,HBEFA4/PC_petrol_Euro-6ab,Gasoline,2126-11-19 14:15:54,2126-11-19 14:15:55,-22.797238121143388,-43.212285897842486,-22.79715879278288,-43.213957266561886,935.1581112434669,618.3324458442324,316.8255553992344,284119.21637176244,78.52843971157193,21.176111542711155
1,HBEFA4/PC_petrol_Euro-6ab,Gasoline,2126-11-19 14:15:55,2126-11-19 14:16:31,-22.79715879278288,-43.213957266561886,-22.81491174415885,-43.215188181157396,1112.9972456827645,658.9418981447224,344.1553476381422,315239.9873851189,84.29327362486555,22.623512672811736
1,HBEFA4/PC_petrol_Euro-6ab,Gasoline,2126-11-19 14:16:31,2126-11-19 14:16:31,-22.81491174415885,-43.215188181157396,-22.81486564415311,-43.21522271191833,1113.1111276184754,658.9456799814332,344.1553476381422,315241.57617615157,84.2937777674672,22.623625344315872
1,HBEFA4/PC_petrol_Euro-6ab,Gasoline,2126-11-19 14:16:31,2126-11-19 14:16:31,-22.81486564415311,-43.21522271191833,-22.814821783911224,-43.215265619747315,1113.1163711253557,658.9511234873135,344.1553476381422,315245.4711989197,84.29516799814134,22.623787111321718
1,HBEFA4/PC_petrol_Euro-6ab,Gasoline,2126-11-19 14:16:31,2126-11-19 14:16:31,-22.814821783911224,-43.215265619747315,-22.814766755397217,-43.21531729816938,1113.1131113133782,658.9576636653361,344.1553476381422,315249.2436493186,84.29642937118757,22.623983165718228
1,HBEFA4/PC_petrol_Euro-6ab,Gasoline,2126-11-19 14:16:31,2126-11-19 14:16:31,-22.814766755397217,-43.21531729816938,-22.81469948563134,-43.21538164158878,1113.1211185737847,658.9656619357426,344.1553476381422,315253.448152362,84.29775997891785,22.624217118788287
1,HBEFA4/PC_petrol_Euro-6ab,Gasoline,2126-11-19 14:16:31,2126-11-19 14:16:31,-22.81469948563134,-43.21538164158878,-22.814624731235727,-43.21545314511264,1113.131965814642,658.9756181665999,344.1553476381422,315259.51348134316,84.29953421114197,22.624519281488635
1,HBEFA4/PC_petrol_Euro-6ab,Gasoline,2126-11-19 14:16:31,2126-11-19 14:16:31,-22.814624731235727,-43.21545314511264,-22.814559659339947,-43.21551538511476,1113.1421311486675,658.9866834116253,344.1553476381422,315263.9553845393,84.31179281145248,22.624829325582922
1,HBEFA4/PC_petrol_Euro-6ab,Gasoline,2126-11-19 14:16:31,2126-11-19 14:16:31,-22.814559659339947,-43.21551538511476,-22.81452498988133,-43.21554854631194,1113.1516627949179,658.9963151568658,344.1553476381422,315263.9553845393,84.31179281145248,22.624829325582922
1,HBEFA4/PC_petrol_Euro-6ab,Gasoline,2126-11-19 14:16:31,2126-11-19 14:16:41,-22.81452498988133,-43.21554854631194,-22.814912163365596,-43.21517821515517,1125.2332525263525,671.5988532215684,354.63439931478427,312322.1947278333,86.21794676494945,23.13331536837853
1,HBEFA4/PC_petrol_Euro-6ab,Gasoline,2126-11-19 14:16:41,2126-11-19 14:16:41,-22.814912163365596,-43.21517821515517,-22.814882496413653,-43.21521659159914,1125.2361253571587,671.6117261522744,354.63439931478427,312322.1947278333,86.21794676494945,23.13331536837853
1,HBEFA4/PC_petrol_Euro-6ab,Gasoline,2126-11-19 14:16:41,2126-11-19 14:16:41,-22.814882496413653,-43.21521659159914,-22.81484311181114,-43.21524426412713,1125.2415166481469,671.6161173432626,354.63439931478427,312325.8125618212,86.21929317133226,23.133451985114697
1,HBEFA4/PC_petrol_Euro-6ab,Gasoline,2126-11-19 14:16:41,2126-11-19 14:16:41,-22.81484311181114,-43.21524426412713,-22.814792637151653,-43.21529254224756,1125.2463464868483,671.6119471821642,354.63439931478427,312329.62288223514,86.22162133243624,23.133625391765445
1,HBEFA4/PC_petrol_Euro-6ab,Gasoline,2126-11-19 14:16:41,2126-11-19 14:16:41,-22.814792637151653,-43.21529254224756,-22.81473359523114,-43.215349115774196,1125.2538175855823,671.6194182817981,354.63439931478427,312334.21461751567,86.22211135936296,23.13384614763444
1,HBEFA4/PC_petrol_Euro-6ab,Gasoline,2126-11-19 14:16:41,2126-11-19 14:16:41,-22.81473359523114,-43.215349115774196,-22.814664266573712,-43.215415328574226,1125.2625569224863,671.6281576177121,354.63439931478427,312338.42975232576,86.22341658144147,23.13411153444856
1,HBEFA4/PC_petrol_Euro-6ab,Gasoline,2126-11-19 14:16:41,2126-11-19 14:16:41,-22.814664266573712,-43.215415328574226,-22.814584851632533,-43.21549128973113,1125.272818916868,671.6384196121838,354.63439931478427,312343.6171564789,86.22491131655327,23.134399417771667
1,HBEFA4/PC_petrol_Euro-6ab,Gasoline,2126-11-19 14:16:41,2126-11-19 14:16:44,-22.814584851632533,-43.21549128973113,-22.812633652281395,-43.21172587743679,1131.4674937979753,671.884241147291,359.5832537516843,314339.46714464145,86.71871188492574,23.277871283911436
1,HBEFA4/PC_petrol_Euro-6ab,Gasoline,2126-11-19 14:16:44,2126-11-19 14:16:57,-22.812633652281395,-43.21172587743679,-22.814919351111485,-43.21518191613816,1157.9673288629283,691.6923125424438,366.27512632148447,322496.8334388755,89.11948971649752,23.869111151926275
1,HBEFA4/PC_petrol_Euro-6ab,Gasoline,2126-11-19 14:16:57,2126-11-19 14:16:57,-22.814919351111485,-43.21518191613816,-22.814874992144697,-43.21521376944398,1157.9715117885665,691.6954754681821,366.27512632148447,322498.39716356765,89.11998657511417,23.8691173898349
1,HBEFA4/PC_petrol_Euro-6ab,Gasoline,2126-11-19 14:16:57,2126-11-19 14:16:57,-22.814874992144697,-43.21521376944398,-22.81483368166647,-43.21525328311214,1157.9755874251111,691.7115611146167,366.27512632148447,322512.74653136474,89.11157661967196,23.8692636174519
1,HBEFA4/PC_petrol_Euro-6ab,Gasoline,2126-11-19 14:16:57,2126-11-19 14:16:57,-22.81483368166647,-43.21525328311214,-22.814783127343995,-43.21531163829115,1157.9817121826116,691.7166758621172,366.27512632148447,322515.97181114113,89.11266799272459,23.869443988638746
1,HBEFA4/PC_petrol_Euro-6ab,Gasoline,2126-11-19 14:16:57,2126-11-19 14:16:57,-22.814783127343995,-43.21531163829115,-22.814719622511473,-43.21536238168573,1157.9891852172462,691.7141588867619,366.27512632148447,322511.1682115325,89.11399231347122,23.869663739461215
1,HBEFA4/PC_petrol_Euro-6ab,Gasoline,2126-11-19 14:16:57,2126-11-19 14:16:57,-22.814719622511473,-43.21536238168573,-22.814647566631555,-43.2154313121395,1157.9985851575414,691.7235588371569,366.27512632148447,322515.83169589227,89.11571715146175,23.869939854112655
1,HBEFA4/PC_petrol_Euro-6ab,Gasoline,2126-11-19 14:16:57,2126-11-19 14:17:14,-22.814647566631555,-43.2154313121395,-22.81491663865358,-43.21517393442622,1173.9469271866525,711.773118155136,372.1739191316165,327649.1143881239,91.43649652228329,24.231279941533815
1,HBEFA4/PC_petrol_Euro-6ab,Gasoline,2126-11-19 14:17:14,2126-11-19 14:17:14,-22.81491663865358,-43.21517393442622,-22.814882154292716,-43.21521691882925,1173.9514929267755,711.776583895159,372.1739191316165,327651.67742159485,91.43714111499149,24.231387136265993
1,HBEFA4/PC_petrol_Euro-6ab,Gasoline,2126-11-19 14:17:14,2126-11-19 14:17:35,-22.814882154292716,-43.21521691882925,-22.814916451447934,-43.2151741144456,1126.6315125125499,738.2114118972759,388.42111161527413,344795.7257696472,95.24269313628117,25.41433411271718
1,HBEFA4/PC_petrol_Euro-6ab,Gasoline,2126-11-19 14:17:35,2126-11-19 14:17:35,-22.814916451447934,-43.2151741144456,-22.81488438188164,-43.21521478813491,1126.6344617849141,738.2143491796312,388.42111161527413,344795.7257696472,95.24269313628117,25.41433411271718
1,HBEFA4/PC_petrol_Euro-6ab,Gasoline,2126-11-19 14:17:35,2126-11-19 14:17:35,-22.81488438188164,-43.21521478813491,-22.814843112716183,-43.215244357854116,1126.6392175615859,738.2191959553118,388.42111161527413,344799.81497171316,95.24421895214888,25.414481618642983
1,HBEFA4/PC_petrol_Euro-6ab,Gasoline,2126-11-19 14:17:35,2126-11-19 14:17:35,-22.814843112716183,-43.215244357854116,-22.814791339199556,-43.2152947411445,1126.645331116662,738.225219411388,388.42111161527413,344813.61421869473,95.24551676913698,25.414662811388165
1,HBEFA4/PC_petrol_Euro-6ab,Gasoline,2126-11-19 14:17:35,2126-11-19 14:17:35,-22.814791339199556,-43.2152947411445,-22.814731258972313,-43.215352216915115,1126.653127712282,738.2331161171179,388.42111161527413,344818.3513218229,95.24712569918156,25.414892682735452
1,HBEFA4/PC_petrol_Euro-6ab,Gasoline,2126-11-19 14:17:35,2126-11-19 14:17:35,-22.814731258972313,-43.215352216915115,-22.814659951397145,-43.21541945613355,1126.6621217535284,738.2419191482544,388.42111161527413,344812.2518319164,95.24821736187727,25.415151722753122
1,HBEFA4/PC_petrol_Euro-6ab,Gasoline,2126-11-19 14:17:35,2126-11-19 14:17:35,-22.814659951397145,-43.21541945613355,-22.81458521347956,-43.21549195223397,1126.6724276364453,738.2523161311713,388.42111161527413,344817.4645153517,95.24972144786144,25.41545371318425
1,HBEFA4/PC_petrol_Euro-6ab,Gasoline,2126-11-19 14:17:35,2126-11-19 14:17:35,-22.81458521347956,-43.21549195223397,-22.814534599137268,-43.21553935519415,1126.6834917716217,738.2633811653476,388.42111161527413,344821.8165449741,95.25168114232385,25.41577165873818
1,HBEFA4/PC_petrol_Euro-6ab,Gasoline,2126-11-19 14:17:35,2126-11-19 14:17:56,-22.814534599137268,-43.21553935519415,-22.814915557171125,-43.2151845339994,1166.7141733181458,763.1818991193114,413.5231741888344,356883.62788239417,98.5159161855154,26.316111892377186
1,HBEFA4/PC_petrol_Euro-6ab,Gasoline,2126-11-19 14:17:56,2126-11-19 14:17:56,-22.814915557171125,-43.2151845339994,-22.814872825217383,-43.21521584212542,1166.7171832181717,763.1839191293364,413.5231741888344,356883.62788239417,98.5159161855154,26.316111892377186
1,HBEFA4/PC_petrol_Euro-6ab,Gasoline,2126-11-19 14:17:56,2126-11-19 14:17:56,-22.814872825217383,-43.21521584212542,-22.814828137815898,-43.21525868137515,1166.7119281741952,763.188753985361,413.5231741888344,356887.7962195931,98.51745549115193,26.316151227535864
1,HBEFA4/PC_petrol_Euro-6ab,Gasoline,2126-11-19 14:17:56,2126-11-19 14:17:56,-22.814828137815898,-43.21525868137515,-22.814773851469118,-43.215311511629115,1166.7185575841622,763.1953833952279,413.5231741888344,356892.3941961798,98.5191186376826,26.316348194755953
1,HBEFA4/PC_petrol_Euro-6ab,Gasoline,2126-11-19 14:17:56,2126-11-19 14:17:56,-22.814773851469118,-43.215311511629115,-22.81471843255718,-43.21537318386121,1166.726578365215,763.2134141763814,413.5231741888344,356896.6697769166,98.51136193676213,26.316583161332874
1,HBEFA4/PC_petrol_Euro-6ab,Gasoline,2126-11-19 14:17:56,2126-11-19 14:17:56,-22.81471843255718,-43.21537318386121,-22.81462961414539,-43.21544847365118,1166.7362614862734,763.2131872974391,413.5231741888344,356911.98291541995,98.51193414168166,26.316866161611334
1,HBEFA4/PC_petrol_Euro-6ab,Gasoline,2126-11-19 14:17:56,2126-11-19 14:18:14,-22.81462961414539,-43.21544847365118,-22.81264128371654,-43.211711593112765,1182.9186419371144,773.3986259451714,419.5111159918331,361549.378719854,99.77288651473128,26.67333841543663
1,HBEFA4/PC_petrol_Euro-6ab,Gasoline,2126-11-19 14:18:14,2126-11-19 14:18:14,-22.81264128371654,-43.211711593112765,-22.812617741711375,-43.21176255114358,1182.9127168288544,773.4127118371213,419.5111159918331,361549.378719854,99.77288651473128,26.67333841543663
1,HBEFA4/PC_petrol_Euro-6ab,Gasoline,2126-11-19 14:18:14,2126-11-19 14:18:14,-22.812617741711375,-43.21176255114358,-22.81261395311236,-43.21183626664175,1182.9186185632732,773.4185925714412,419.5111159918331,361553.81422669126,99.77443968114599,26.67351621917267
1,HBEFA4/PC_petrol_Euro-6ab,Gasoline,2126-11-19 14:18:14,2126-11-19 14:18:16,-22.81261395311236,-43.21183626664175,-22.81491181482462,-43.215179514514266,1187.6132361151313,776.1497677314922,411.4534682846381,363122.6741255985,111.16325577453318,26.78295973556673
1,HBEFA4/PC_petrol_Euro-6ab,Gasoline,2126-11-19 14:18:16,2126-11-19 14:18:11,-22.81491181482462,-43.215179514514266,-22.81491122961656,-43.21518116471233,1198.7735391633673,783.4475762468986,415.3259629164687,366491.5214813848,111.12329146627179,27.135515638151272
1,HBEFA4/PC_petrol_Euro-6ab,Gasoline,2126-11-19 14:18:11,2126-11-19 14:18:32,-22.81491122961656,-43.21518116471233,-22.798325512842198,-43.214579249222136,1239.491978825917,817.2141653134516,432.2768135124664,379132.1772752837,114.61314388689899,27.961951788881392
1,HBEFA4/PC_petrol_Euro-6ab,Gasoline,2126-11-19 14:18:32,2126-11-19 14:18:32,-22.798325512842198,-43.214579249222136,-22.79821341929995,-43.21461566725181,1239.5148689352889,817.2281554228225,432.2768135124664,379135.9631526783,114.61417395524473,27.962351314968924
1,HBEFA4/PC_petrol_Euro-6ab,Gasoline,2126-11-19 14:18:32,2126-11-19 14:18:32,-22.79821341929995,-43.21461566725181,-22.797948131945395,-43.214637433172854,1239.5324163916335,817.255592879167,432.2768135124664,379139.41573842225,114.61518453164217,27.963138479125764
1,HBEFA4/PC_petrol_Euro-6ab,Gasoline,2126-11-19 14:18:32,2126-11-19 14:18:32,-22.797948131945395,-43.214637433172854,-22.79782165771784,-43.21465147811184,1239.547129432479,817.2713159211128,432.2768135124664,379144.47396833314,114.61637321342626,27.963565251934135
1,HBEFA4/PC_petrol_Euro-6ab,Gasoline,2126-11-19 14:18:32,2126-11-19 14:18:32,-22.79782165771784,-43.21465147811184,-22.797689521256515,-43.214644724318144,1239.561316216114,817.2845126935477,432.2768135124664,379144.47396833314,114.61637321342626,27.963565251934135
1,HBEFA4/PC_petrol_Euro-6ab,Gasoline,2126-11-19 14:18:32,2126-11-19 14:18:32,-22.797689521256515,-43.214644724318144,-22.797562222994213,-43.214639138931796,1239.575851948134,817.2991374355677,432.2768135124664,379147.54214861576,114.61719449527163,27.9639835189598
1,HBEFA4/PC_petrol_Euro-6ab,Gasoline,2126-11-19 14:18:32,2126-11-19 14:18:32,-22.797562222994213,-43.214639138931796,-22.79743518791823,-43.2146335651944,1239.5899612773732,817.3131467649168,432.2768135124664,379147.54214861576,114.61719449527163,27.9639835189598
1,HBEFA4/PC_petrol_Euro-6ab,Gasoline,2126-11-19 14:18:32,2126-11-19 14:18:32,-22.79743518791823,-43.2146335651944,-22.797318517681597,-43.21462811682852,1239.6141414369373,817.3272269244719,432.2768135124664,379149.41653928265,114.61773431812899,27.96438651523133
1,HBEFA4/PC_petrol_Euro-6ab,Gasoline,2126-11-19 14:18:32,2126-11-19 14:18:32,-22.797318517681597,-43.21462811682852,-22.797182418156183,-43.21462247414342,1239.6181812649852,817.3412677525189,432.2768135124664,379151.25786674115,114.61826632951512,27.964788318172563
1,HBEFA4/PC_petrol_Euro-6ab,Gasoline,2126-11-19 14:18:32,2126-11-19 14:18:35,-22.797182418156183,-43.21462247414342,-22.798132739412584,-43.21198181155194,1243.7523324619253,811.7661448262115,432.98618763572375,381685.2475693157,115.18525616522235,28.157851413271166
1,HBEFA4/PC_petrol_Euro-6ab,Gasoline,2126-11-19 14:18:35,2126-11-19 14:18:35,-22.798132739412584,-43.21198181155194,-22.79818575871682,-43.21313731175878,1245.7173368331257,812.5998648278162,433.1174721152197,381266.4381948261,115.25422636946179,28.111498428126918
1,HBEFA4/PC_petrol_Euro-6ab,Gasoline,2126-11-19 14:18:35,2126-11-19 14:18:47,-22.79818575871682,-43.21313731175878,-22.814914248721254,-43.2151857854395,1272.5123297541192,828.1993319549678,444.3129987991514,389713.6451959159,117.54315146991182,28.71452349558153
1,HBEFA4/PC_petrol_Euro-6ab,Gasoline,2126-11-19 14:18:47,2126-11-19 14:18:47,-22.814914248721254,-43.2151857854395,-22.814869723888186,-43.21521881854559,1272.5157668794312,828.2127681813789,444.3129987991514,389713.6451959159,117.54315146991182,28.71452349558153
1,HBEFA4/PC_petrol_Euro-6ab,Gasoline,2126-11-19 14:18:47,2126-11-19 14:18:47,-22.814869723888186,-43.21521881854559,-22.814822189384765,-43.21526427539999,1272.5118772311769,828.2178784311254,444.3129987991514,389717.64758768637,117.544511118581,28.7146793136114
1,HBEFA4/PC_petrol_Euro-6ab,Gasoline,2126-11-19 14:18:47,2126-11-19 14:18:47,-22.814822189384765,-43.21526427539999,-22.814765314144985,-43.2153186767235,1272.5179132644382,828.2149144653869,444.3129987991514,389722.61497985927,117.54615171277853,28.71488917247327
1,HBEFA4/PC_petrol_Euro-6ab,Gasoline,2126-11-19 14:18:47,2126-11-19 14:19:19,-22.814765314144985,-43.2153186767235,-22.798119971173446,-43.211952963912156,1335.862881111595,872.898559827934,462.96432127366197,419351.7191313836,113.14236517657426,31.133334674445596
1,HBEFA4/PC_petrol_Euro-6ab,Gasoline,2126-11-19 14:19:19,2126-11-19 14:19:19,-22.798119971173446,-43.211952963912156,-22.79799741162149,-43.21199355241862,1335.8751121684561,872.9116818947951,462.96432127366197,419352.7989641366,113.1429691521791,31.133681685349112
1,HBEFA4/PC_petrol_Euro-6ab,Gasoline,2126-11-19 14:19:19,2126-11-19 14:19:19,-22.79799741162149,-43.21199355241862,-22.797878318168466,-43.21213648938384,1335.8881472535984,872.9238259799373,462.96432127366197,419357.562191962,113.14423638514639,31.134161911761952
1,HBEFA4/PC_petrol_Euro-6ab,Gasoline,2126-11-19 14:19:19,2126-11-19 14:19:19,-22.797878318168466,-43.21213648938384,-22.797754218438563,-43.21218122787364,1335.9121538242569,872.9377325515959,462.96432127366197,419361.75791113215,113.14534141518147,31.13446239239637
1,HBEFA4/PC_petrol_Euro-6ab,Gasoline,2126-11-19 14:19:19,2126-11-19 14:19:19,-22.797754218438563,-43.21218122787364,-22.797631831616856,-43.21212571324682,1335.916543916932,872.952222633271,462.96432127366197,419365.54212757485,113.14633386171132,31.134881412531915
1,HBEFA4/PC_petrol_Euro-6ab,Gasoline,2126-11-19 14:19:19,2126-11-19 14:19:19,-22.797631831616856,-43.21212571324682,-22.797512387157167,-43.21216841591873,1335.9319521375912,872.9666317639313,462.96432127366197,419367.27917179745,113.14683917446977,31.135292912811884
1,HBEFA4/PC_petrol_Euro-6ab,Gasoline,2126-11-19 14:19:19,2126-11-19 14:19:19,-22.797512387157167,-43.21216841591873,-22.797395426817843,-43.21221764591319,1335.9447828152928,872.9814615316319,462.96432127366197,419367.27917179745,113.14683917446977,31.135292912811884
1,HBEFA4/PC_petrol_Euro-6ab,Gasoline,2126-11-19 14:19:19,2126-11-19 14:19:19,-22.797395426817843,-43.21221764591319,-22.797275234498436,-43.212269761586124,1335.9586917955313,872.9943695218712,462.96432127366197,419369.45545388473,113.14745327562952,31.13569131355881
1,HBEFA4/PC_petrol_Euro-6ab,Gasoline,2126-11-19 14:19:19,2126-11-19 14:19:21,-22.797275234498436,-43.212269761586124,-22.798299989685613,-43.21458477135551,1336.8991814965148,873.9348612228537,462.96432127366197,419817.1562272413,113.19294971911397,31.15817492933125
1,HBEFA4/PC_petrol_Euro-6ab,Gasoline,2126-11-19 14:19:21,2126-11-19 14:19:21,-22.798299989685613,-43.21458477135551,-22.79819281289314,-43.21461748158991,1336.9134118523573,873.9491915786962,462.96432127366197,419811.9318891797,113.1939456198969,31.158485275461965
1,HBEFA4/PC_petrol_Euro-6ab,Gasoline,2126-11-19 14:19:21,2126-11-19 14:19:21,-22.79819281289314,-43.21461748158991,-22.79812373236611,-43.214615961261595,1336.9255111561785,873.9611888825174,462.96432127366197,419811.9318891797,113.1939456198969,31.158485275461965
1,HBEFA4/PC_petrol_Euro-6ab,Gasoline,2126-11-19 14:19:21,2126-11-19 14:19:21,-22.79812373236611,-43.214615961261595,-22.798192739611794,-43.21461976618389,1336.9332111119385,873.9688887272775,462.96432127366197,419811.9318891797,113.1939456198969,31.158485275461965
1,HBEFA4/PC_petrol_Euro-6ab,Gasoline,2126-11-19 14:19:21,2126-11-19 14:19:23,-22.798192739611794,-43.21461976618389,-22.79815598481147,-43.21197243176913,1341.3843621187557,877.9331819223368,463.451281186419,411618.26135987335,113.75476318418265,31.26112114357168
1,HBEFA4/PC_petrol_Euro-6ab,Gasoline,2126-11-19 14:19:23,2126-11-19 14:19:36,-22.79815598481147,-43.21197243176913,-22.81491111896827,-43.215188884273944,1362.7111582989164,894.4687292734261,468.2424291254813,417617.6642973121,115.44593352221213,31.727984117598458
1,HBEFA4/PC_petrol_Euro-6ab,Gasoline,2126-11-19 14:19:36,2126-11-19 14:19:36,-22.81491111896827,-43.215188884273944,-22.81486432749663,-43.21522397121793,1362.7151164262974,894.472577411817,468.2424291254813,417619.46575581115,115.44653161125832,31.728199182246392
1,HBEFA4/PC_petrol_Euro-6ab,Gasoline,2126-11-19 14:19:36,2126-11-19 14:19:36,-22.81486432749663,-43.21522397121793,-22.814819219197648,-43.21526712614947,1362.7214361114648,894.4781169759844,468.2424291254813,417613.4111423436,115.44793433993989,31.72826328668952
1,HBEFA4/PC_petrol_Euro-6ab,Gasoline,2126-11-19 14:19:36,2126-11-19 14:11:11,-22.814819219197648,-43.21526712614947,-22.79825631917718,-43.2145942219892,1425.2446951673187,934.3212798799125,491.9244152874162,436737.9118851713,121.72376583123332,32.14711267122145
1,HBEFA4/PC_petrol_Euro-6ab,Gasoline,2126-11-19 14:11:11,2126-11-19 14:11:11,-22.79825631917718,-43.2145942219892,-22.79816134374417,-43.21461146666676,1425.258765717954,934.3343514215376,491.9244152874162,436741.586796584,121.72449914711314,32.14751662538461
1,HBEFA4/PC_petrol_Euro-6ab,Gasoline,2126-11-19 14:11:11,2126-11-19 14:11:11,-22.79816134374417,-43.21461146666676,-22.797936581297975,-43.2146388312292,1425.2813413866934,934.3569261992771,491.9244152874162,436744.96278754313,121.7257131777173,32.147847241635496
1,HBEFA4/PC_petrol_Euro-6ab,Gasoline,2126-11-19 14:11:11,2126-11-19 14:11:11,-22.797936581297975,-43.2146388312292,-22.797818417294696,-43.21464994114665,1425.2944856368113,934.3711713493851,491.9244152874162,436751.64521276543,121.72721149111663,32.14822893741165
1,HBEFA4/PC_petrol_Euro-6ab,Gasoline,2126-11-19 14:11:11,2126-11-19 14:11:11,-22.797818417294696,-43.21464994114665,-22.797682662168963,-43.214644423366115,1425.3187528941198,934.3843376165935,491.9244152874162,436756.116555321,121.7285885377858,32.14864279469686
1,HBEFA4/PC_petrol_Euro-6ab,Gasoline,2126-11-19 14:11:11,2126-11-19 14:11:11,-22.797682662168963,-43.214644423366115,-22.79755467998212,-43.21463881797181,1425.322691187214,934.3982758997979,491.9244152874162,436756.116555321,121.7285885377858,32.14864279469686
1,HBEFA4/PC_petrol_Euro-6ab,Gasoline,2126-11-19 14:11:11,2126-11-19 14:11:11,-22.79755467998212,-43.21463881797181,-22.797425318262486,-43.21463313161155,1425.3368763215385,934.4124611331223,491.9244152874162,436758.7284264198,121.72932936211688,32.14915118531228
1,HBEFA4/PC_petrol_Euro-6ab,Gasoline,2126-11-19 14:11:11,2126-11-19 14:11:11,-22.797425318262486,-43.21463313161155,-22.797311337174912,-43.21462769221858,1425.3512154651352,934.426811177619,491.9244152874162,436761.17812627135,121.73111551991516,32.14946172741114
1,HBEFA4/PC_petrol_Euro-6ab,Gasoline,2126-11-19 14:11:11,2126-11-19 14:11:11,-22.797311337174912,-43.21462769221858,-22.797169793483462,-43.214621921557884,1425.3649561318167,934.4415417443915,491.9244152874162,436761.17812627135,121.73111551991516,32.14946172741114
1,HBEFA4/PC_petrol_Euro-6ab,Gasoline,2126-11-19 14:11:11,2126-11-19 14:11:11,-22.797169793483462,-43.214621921557884,-22.797142919194564,-43.21461635333759,1425.3795358992416,934.4551216118243,491.9244152874162,436765.76945657237,121.7311877598896,32.14988359119815
1,HBEFA4/PC_petrol_Euro-6ab,Gasoline,2126-11-19 14:11:11,2126-11-19 14:11:11,-22.797142919194564,-43.21461635333759,-22.796954784411736,-43.21461248675112,1425.3935993555276,934.4691841681114,491.9244152874162,436765.76945657237,121.7311877598896,32.14988359119815
1,HBEFA4/PC_petrol_Euro-6ab,Gasoline,2126-11-19 14:11:11,2126-11-19 14:11:11,-22.796954784411736,-43.21461248675112,-22.79691352324784,-43.21461123761119,1425.4133668121729,934.4789515247567,491.9244152874162,436765.76945657237,121.7311877598896,32.14988359119815
1,HBEFA4/PC_petrol_Euro-6ab,Gasoline,2126-11-19 14:11:11,2126-11-19 14:11:19,-22.79691352324784,-43.21461123761119,-22.814919489736413,-43.21518177239169,1446.5916627993336,951.3176166432942,496.27314615613947,443487.84838268144,122.61119344337465,32.62549151428161
1,HBEFA4/PC_petrol_Euro-6ab,Gasoline,2126-11-19 14:11:19,2126-11-19 14:11:19,-22.814919489736413,-43.21518177239169,-22.814878116832852,-43.215211876321374,1446.5942811165722,951.3212349515327,496.27314615613947,443489.7516671843,122.61183915749158,32.625611915748315
1,HBEFA4/PC_petrol_Euro-6ab,Gasoline,2126-11-19 14:11:19,2126-11-19 14:11:19,-22.814878116832852,-43.215211876321374,-22.814839431413646,-43.215247784333814,1446.5989397121517,951.3258935561113,496.27314615613947,443492.74156635266,122.61191273122859,32.625741617435614
1,HBEFA4/PC_petrol_Euro-6ab,Gasoline,2126-11-19 14:11:19,2126-11-19 14:11:19,-22.814839431413646,-43.215247784333814,-22.814789561878184,-43.21529548365317,1446.614651257369,951.3316151113295,496.27314615613947,443495.9318635564,122.61311111621874,32.62591112946456
1,HBEFA4/PC_petrol_Euro-6ab,Gasoline,2126-11-19 14:11:19,2126-11-19 14:11:14,-22.814789561878184,-43.21529548365317,-22.81491412179183,-43.21518591684886,1457.6185545614883,957.8529436523521,499.75561191813625,447148.4699777656,123.63389183385248,32.875915488171754
1,HBEFA4/PC_petrol_Euro-6ab,Gasoline,2126-11-19 14:11:14,2126-11-19 14:11:14,-22.81491412179183,-43.21518591684886,-22.814871227734263,-43.2152183266154,1457.6121256676277,957.8565147594915,499.75561191813625,447151.1264134713,123.634381915147,32.876122412211235
1,HBEFA4/PC_petrol_Euro-6ab,Gasoline,2126-11-19 14:11:14,2126-11-19 14:11:16,-22.814871227734263,-43.2152183266154,-22.814914846993264,-43.21518521319131,1463.766775618112,961.1423165465517,513.72445917145116,449133.6349495116,124.12693223419231,33.12219973978125
1,HBEFA4/PC_petrol_Euro-6ab,Gasoline,2126-11-19 14:11:16,2126-11-19 14:11:16,-22.814914846993264,-43.21518521319131,-22.81274417271762,-43.211181348476466,1466.8469832468443,962.1572821951816,514.7897111516627,449814.21775166736,124.3373219113377,33.191943816774645
1,HBEFA4/PC_petrol_Euro-6ab,Gasoline,2126-11-19 14:11:16,2126-11-19 14:11:27,-22.81274417271762,-43.211181348476466,-22.81169996497136,-43.21926395873182,1494.3949199466772,981.1594111964556,513.2355197512217,458617.6225226797,126.81234981184712,33.7133543218353
1,HBEFA4/PC_petrol_Euro-6ab,Gasoline,2126-11-19 14:11:27,2126-11-19 14:11:27,-22.81169996497136,-43.21926395873182,-22.811683613843286,-43.21917478956216,1494.4125118311546,981.1669811818329,513.2355197512217,458611.89213179146,126.81372563528916,33.713577162632944
1,HBEFA4/PC_petrol_Euro-6ab,Gasoline,2126-11-19 14:11:27,2126-11-19 14:11:27,-22.811683613843286,-43.21917478956216,-22.811664654938654,-43.219171411281785,1494.41183378513,981.1763141349183,513.2355197512217,458617.2817749942,126.81534347442111,33.71385162738525
1,HBEFA4/PC_petrol_Euro-6ab,Gasoline,2126-11-19 14:11:27,2126-11-19 14:11:27,-22.811664654938654,-43.219171411281785,-22.81164319869217,-43.21895435219837,1494.422653631911,981.1871338816895,513.2355197512217,458622.5615277137,126.8168436322218,33.7141653366324
1,HBEFA4/PC_petrol_Euro-6ab,Gasoline,2126-11-19 14:11:27,2126-11-19 14:11:33,-22.81164319869217,-43.21895435219837,-22.814912227111647,-43.21517815418175,1518.2641141177887,985.733133533798,522.5318714839917,462644.2163391516,127.83121185775277,34.13245921359928
1,HBEFA4/PC_petrol_Euro-6ab,Gasoline,2126-11-19 14:11:33,2126-11-19 14:11:33,-22.814912227111647,-43.21517815418175,-22.814881589848473,-43.21521841522465,1518.267185921432,985.7362154374412,522.5318714839917,462644.2163391516,127.83121185775277,34.13245921359928
1,HBEFA4/PC_petrol_Euro-6ab,Gasoline,2126-11-19 14:11:33,2126-11-19 14:11:34,-22.814881589848473,-43.21521841522465,-22.797155233266864,-43.21395793233886,1511.4157558163365,986.9555333215711,523.4512224957664,463317.8117397656,128.11231587594856,34.18158291255539
1,HBEFA4/PC_petrol_Euro-6ab,Gasoline,2126-11-19 14:11:34,2126-11-19 14:11:41,-22.797155233266864,-43.21395793233886,-22.811711282761223,-43.21926567938269,1518.781663151197,994.2681331421617,524.5136311181353,465783.2668324142,128.7372359541319,34.26849191423969
1,HBEFA4/PC_petrol_Euro-6ab,Gasoline,2126-11-19 14:11:41,2126-11-19 14:11:52,-22.811711282761223,-43.21926567938269,-22.798161951921972,-43.213185456831624,1539.1311523116315,1117.9769387423212,531.1531135593113,471983.77265986864,131.46111353143684,34.718866487837
1,HBEFA4/PC_petrol_Euro-6ab,Gasoline,2126-11-19 14:11:52,2126-11-19 14:11:52,-22.798161951921972,-43.213185456831624,-22.797969414885713,-43.21328435531679,1539.1441251973712,1117.9911115381599,531.1531135593113,471983.77265986864,131.46111353143684,34.718866487837
1,HBEFA4/PC_petrol_Euro-6ab,Gasoline,2126-11-19 14:11:52,2126-11-19 14:11:52,-22.797969414885713,-43.21328435531679,-22.797848188865817,-43.21331119221131,1539.1587351157172,1118.115621546417,531.1531135593113,471987.4374814536,131.4619651979621,34.719287861421245
1,HBEFA4/PC_petrol_Euro-6ab,Gasoline,2126-11-19 14:11:52,2126-11-19 14:11:52,-22.797848188865817,-43.21331119221131,-22.797735341729364,-43.21324647219886,1539.172711128837,1118.1195875695266,531.1531135593113,471987.4374814536,131.4619651979621,34.719287861421245
1,HBEFA4/PC_petrol_Euro-6ab,Gasoline,2126-11-19 14:11:52,2126-11-19 14:11:14,-22.797735341729364,-43.21324647219886,-22.812641185458686,-43.21171851462628,1564.8751952113188,1129.3425722774514,535.5326229228573,479316.31419565254,132.53637481826116,35.2854975171765
1,HBEFA4/PC_petrol_Euro-6ab,Gasoline,2126-11-19 14:11:14,2126-11-19 14:11:14,-22.812641185458686,-43.21171851462628,-22.812621326453188,-43.21175659139134,1564.8788211537842,1129.3461982319268,535.5326229228573,479316.31419565254,132.53637481826116,35.2854975171765
1,HBEFA4/PC_petrol_Euro-6ab,Gasoline,2126-11-19 14:11:14,2126-11-19 14:11:14,-22.812621326453188,-43.21175659139134,-22.812614316938612,-43.21182541581721,1564.884272763872,1129.3516498411147,535.5326229228573,479311.6276919934,132.53792244521784,35.28566331716397
1,HBEFA4/PC_petrol_Euro-6ab,Gasoline,2126-11-19 14:11:14,2126-11-19 14:11:14,-22.812614316938612,-43.21182541581721,-22.81264136639144,-43.21189879141742,1564.8917194845376,1129.3591865616812,535.5326229228573,479315.83417515117,132.5396214577152,35.28588457642123
1,HBEFA4/PC_petrol_Euro-6ab,Gasoline,2126-11-19 14:11:14,2126-11-19 14:11:14,-22.81264136639144,-43.21189879141742,-22.81315278164118,-43.21217139861982,1564.9361819357812,1129.4135591129238,535.5326229228573,479337.12688931184,132.54558144833678,35.28717848488153
1,HBEFA4/PC_petrol_Euro-6ab,Gasoline,2126-11-19 14:11:14,2126-11-19 14:11:11,-22.81315278164118,-43.21217139861982,-22.811711153448745,-43.21927139364486,1579.3585674185746,1138.3138814159863,541.1446859925883,483672.7436195167,133.72314752158488,35.61789317598714
1,HBEFA4/PC_petrol_Euro-6ab,Gasoline,2126-11-19 14:11:11,2126-11-19 14:11:11,-22.811711153448745,-43.21927139364486,-22.811684174727778,-43.219177914134975,1579.3666371488232,1138.321951156235,541.1446859925883,483675.9563827861,133.72415538415132,35.618126762954846
1,HBEFA4/PC_petrol_Euro-6ab,Gasoline,2126-11-19 14:11:11,2126-11-19 14:11:14,-22.811684174727778,-43.219177914134975,-22.81171259822913,-43.219278216284766,1585.4759657341617,1141.6161319893943,544.8598337446675,485419.5954629115,134.16853156617813,35.74397784935817
1,HBEFA4/PC_petrol_Euro-6ab,Gasoline,2126-11-19 14:11:14,2126-11-19 14:11:19,-22.81171259822913,-43.219278216284766,-22.81491476589314,-43.21518529176294,1594.822115141124,1146.61931975651,548.2126852846136,488354.458577726,134.98174351679568,35.94997838896188
1,HBEFA4/PC_petrol_Euro-6ab,Gasoline,2126-11-19 14:11:19,2126-11-19 14:11:33,-22.81491476589314,-43.21518529176294,-22.814917467386638,-43.215182716775176,1626.114846973769,1162.5119753161195,563.5938716577597,497531.2685883249,137.4391716716155,36.66927714493829
1,HBEFA4/PC_petrol_Euro-6ab,Gasoline,2126-11-19 14:11:33,2126-11-19 14:11:33,-22.814917467386638,-43.215182716775176,-22.81487352121951,-43.21521517734445,1626.1181914539542,1162.5143187961946,563.5938716577597,497533.128494916,137.43975752199876,36.66937863293372
1,HBEFA4/PC_petrol_Euro-6ab,Gasoline,2126-11-19 14:11:33,2126-11-19 14:11:33,-22.81487352121951,-43.21521517734445,-22.814827186185666,-43.21525959169723,1626.1132152988487,1162.519343641189,563.5938716577597,497537.121141139,137.44121119446968,36.66953216156523
1,HBEFA4/PC_petrol_Euro-6ab,Gasoline,2126-11-19 14:11:33,2126-11-19 14:11:33,-22.814827186185666,-43.21525959169723,-22.814771516152296,-43.21531371156569,1626.1211884572477,1162.526216799488,563.5938716577597,497541.81212578683,137.44281933935616,36.66973715752868
1,HBEFA4/PC_petrol_Euro-6ab,Gasoline,2126-11-19 14:11:33,2126-11-19 14:11:33,-22.814771516152296,-43.21531371156569,-22.814716612339814,-43.21537482489775,1626.1284634139548,1162.5345917461952,563.5938716577597,497546.38637151126,137.44423963167198,36.66998245447477
1,HBEFA4/PC_petrol_Euro-6ab,Gasoline,2126-11-19 14:11:33,2126-11-19 14:11:38,-22.814716612339814,-43.21537482489775,-22.814911871651614,-43.21517945154152,1637.1752654477596,1171.2775214161663,566.7977441315932,511766.11645629617,138.32978919411238,36.915362384458156
1,HBEFA4/PC_petrol_Euro-6ab,Gasoline,2126-11-19 14:11:38,2126-11-19 14:12:11,-22.814911871651614,-43.21517945154152,-22.812638761888552,-43.21171411288614,1681.4186363549125,1111.1353183143911,581.2733181415226,515445.68731114923,142.4482181458798,37.9148443119737
1,HBEFA4/PC_petrol_Euro-6ab,Gasoline,2126-11-19 14:12:11,2126-11-19 14:12:11,-22.812638761888552,-43.21171411288614,-22.812614766914934,-43.211769415277155,1681.4131848281722,1111.1398667875496,581.2733181415226,515445.68731114923,142.4482181458798,37.9148443119737
1,HBEFA4/PC_petrol_Euro-6ab,Gasoline,2126-11-19 14:12:11,2126-11-19 14:12:11,-22.812614766914934,-43.211769415277155,-22.812613854933228,-43.211839275968425,1681.4194557811522,1111.1461377396297,581.2733181415226,515451.1784159819,142.44971481114634,37.91513211632469
1,HBEFA4/PC_petrol_Euro-6ab,Gasoline,2126-11-19 14:12:11,2126-11-19 14:12:11,-22.812613854933228,-43.211839275968425,-22.81264955627143,-43.21191559163979,1681.4268648867746,1111.153546846252,581.2733181415226,515453.74171491163,142.45189753712438,37.91524876639595
1,HBEFA4/PC_petrol_Euro-6ab,Gasoline,2126-11-19 14:12:11,2126-11-19 14:12:11,-22.81264955627143,-43.21191559163979,-22.812959169264,-43.21213162956582,1681.4585387931752,1111.1852217526526,581.2733181415226,515471.32226319413,142.45562768914715,37.91617288166421
1,HBEFA4/PC_petrol_Euro-6ab,Gasoline,2126-11-19 14:12:11,2126-11-19 14:12:11,-22.812959169264,-43.21213162956582,-22.813174715411197,-43.212179712958816,1681.4726349783575,1111.199316937835,581.2733181415226,515477.8351148447,142.45752872973513,37.9165851253563
1,HBEFA4/PC_petrol_Euro-6ab,Gasoline,2126-11-19 14:12:11,2126-11-19 14:12:11,-22.813174715411197,-43.212179712958816,-22.813195563433714,-43.212131157341114,1681.486386757368,1111.2131687168458,581.2733181415226,515477.8351148447,142.45752872973513,37.9165851253563
1,HBEFA4/PC_petrol_Euro-6ab,Gasoline,2126-11-19 14:12:11,2126-11-19 14:12:11,-22.813195563433714,-43.212131157341114,-22.813313817556357,-43.21218152491811,1681.511771978388,1111.2274539378654,581.2733181415226,515481.75155371596,142.45855477931116,37.9171111421661
1,HBEFA4/PC_petrol_Euro-6ab,Gasoline,2126-11-19 14:12:11,2126-11-19 14:12:14,-22.813313817556357,-43.21218152491811,-22.811711528627814,-43.21926711161611,1691.692111418114,1118.457248543895,583.234861864119,518255.54294769233,143.25533571819634,38.144121429551256
1,HBEFA4/PC_petrol_Euro-6ab,Gasoline,2126-11-19 14:12:14,2126-11-19 14:12:14,-22.811711528627814,-43.21926711161611,-22.811682921113675,-43.219171164742215,1691.7116313251565,1118.4657694619475,583.234861864119,518258.6751182891,143.25631319415744,38.14436641331712
1,HBEFA4/PC_petrol_Euro-6ab,Gasoline,2126-11-19 14:12:14,2126-11-19 14:12:16,-22.811682921113675,-43.219171164742215,-22.814911418997117,-43.21517988354971,1719.714565734273,1127.1515878139516,592.5529779313225,526919.7514119617,145.66891748855633,38.77523115688418
1,HBEFA4/PC_petrol_Euro-6ab,Gasoline,2126-11-19 14:12:16,2126-11-19 14:12:16,-22.814911418997117,-43.21517988354971,-22.814876981319313,-43.21521186679297,1719.7175835578332,1127.1546156275116,592.5529779313225,526921.1637371415,145.66933385754123,38.77532171932214
1,HBEFA4/PC_petrol_Euro-6ab,Gasoline,2126-11-19 14:12:16,2126-11-19 14:12:16,-22.814876981319313,-43.21521186679297,-22.81483624934574,-43.215251827122,1719.7125329884314,1127.159555158118,592.5529779313225,526925.5115143894,145.6719317759917,38.77547431841519
1,HBEFA4/PC_petrol_Euro-6ab,Gasoline,2126-11-19 14:12:16,2126-11-19 14:12:16,-22.81483624934574,-43.215251827122,-22.81478795925284,-43.21529711656587,1719.7185621161368,1127.1655841857141,592.5529779313225,526928.7918342211,145.6721515871438,38.77565256671959
1,HBEFA4/PC_petrol_Euro-6ab,Gasoline,2126-11-19 14:12:16,2126-11-19 14:12:25,-22.81478795925284,-43.21529711656587,-22.814914753738448,-43.215185312388855,1739.8612245151778,1139.3147253616996,611.5464991533779,533537.9693961632,147.51247126822381,39.23417326471218
1,HBEFA4/PC_petrol_Euro-6ab,Gasoline,2126-11-19 14:12:25,2126-11-19 14:12:25,-22.814914753738448,-43.215185312388855,-22.81486839611127,-43.215221178578115,1739.8646421271369,1139.318142973659,611.5464991533779,533537.9693961632,147.51247126822381,39.23417326471218
1,HBEFA4/PC_petrol_Euro-6ab,Gasoline,2126-11-19 14:12:25,2126-11-19 14:12:25,-22.81486839611127,-43.215221178578115,-22.81482431197115,-43.21526225566513,1739.8711237686615,1139.3235246152826,611.5464991533779,533542.4829317869,147.5141984412882,39.23433779138184
1,HBEFA4/PC_petrol_Euro-6ab,Gasoline,2126-11-19 14:12:25,2126-11-19 14:12:25,-22.81482431197115,-43.21526225566513,-22.81476788582339,-43.215316216816136,1739.8765517186696,1139.3311515552914,611.5464991533779,533545.9769361642,147.5152668834655,39.234531134839224
1,HBEFA4/PC_petrol_Euro-6ab,Gasoline,2126-11-19 14:12:25,2126-11-19 14:12:52,-22.81476788582339,-43.215316216816136,-22.797944343252112,-43.214637883351635,1812.4126685887172,1183.6664825756898,618.7461861131176,553122.1553862874,152.98259389151877,41.64431646858332
1,HBEFA4/PC_petrol_Euro-6ab,Gasoline,2126-11-19 14:12:52,2126-11-19 14:12:52,-22.797944343252112,-43.214637883351635,-22.79789978183247,-43.214643324423486,1812.4158714354859,1183.6696844224682,618.7461861131176,553122.1553862874,152.98259389151877,41.64431646858332
1,HBEFA4/PC_petrol_Euro-6ab,Gasoline,2126-11-19 14:12:52,2126-11-19 14:12:52,-22.79789978183247,-43.214643324423486,-22.797844411512393,-43.21465118651753,1812.4218369211999,1183.6746519181822,618.7461861131176,553126.2544891614,152.9841948168397,41.64445878686186
1,HBEFA4/PC_petrol_Euro-6ab,Gasoline,2126-11-19 14:12:52,2126-11-19 14:12:52,-22.797844411512393,-43.21465118651753,-22.797776655191885,-43.214648547441186,1812.4271192111836,1183.681823188166,618.7461861131176,553129.7767165363,152.98529217818418,41.64464153851135
1,HBEFA4/PC_petrol_Euro-6ab,Gasoline,2126-11-19 14:12:52,2126-11-19 14:12:52,-22.797776655191885,-43.214648547441186,-22.79769569332342,-43.214644995126,1812.434523313256,1183.6883372912385,618.7461861131176,553133.8334183665,152.98661117987822,41.64486213476896
1,HBEFA4/PC_petrol_Euro-6ab,Gasoline,2126-11-19 14:12:52,2126-11-19 14:12:52,-22.79769569332342,-43.214644995126,-22.797615616313553,-43.214641142434375,1812.443496856152,1183.6973118431343,618.7461861131176,553138.511739845,152.98812278447965,41.64512399881945
1,HBEFA4/PC_petrol_Euro-6ab,Gasoline,2126-11-19 14:12:52,2126-11-19 14:12:52,-22.797615616313553,-43.214641142434375,-22.797515284844576,-43.21463664169273,1812.45348181116,1183.7172957971427,618.7461861131176,553142.4625113753,152.98918824479316,41.64541263143542
1,HBEFA4/PC_petrol_Euro-6ab,Gasoline,2126-11-19 14:12:52,2126-11-19 14:12:52,-22.797515284844576,-43.21463664169273,-22.797394878168353,-43.214631796445625,1812.464611118456,1183.7184151154382,618.7461861131176,553146.9821241254,152.99146591958134,41.64573435443695
1,HBEFA4/PC_petrol_Euro-6ab,Gasoline,2126-11-19 14:12:52,2126-11-19 14:12:52,-22.797394878168353,-43.214631796445625,-22.79727191683494,-43.21462641135612,1812.4768382496968,1183.7316522366794,618.7461861131176,553151.755567157,152.9917681189872,41.64618841392973
1,HBEFA4/PC_petrol_Euro-6ab,Gasoline,2126-11-19 14:12:52,2126-11-19 14:12:52,-22.79727191683494,-43.21462641135612,-22.797147891996147,-43.21462195955718,1812.4914668763656,1183.7442818633482,618.7461861131176,553157.7141291112,152.9933131529485,41.64648457182658
1,HBEFA4/PC_petrol_Euro-6ab,Gasoline,2126-11-19 14:12:52,2126-11-19 14:12:52,-22.797147891996147,-43.21462195955718,-22.797116115127766,-43.2146151777127,1812.5142135113218,1183.7581274873144,618.7461861131176,553159.994799144,152.9939541868639,41.646878373575966
1,HBEFA4/PC_petrol_Euro-6ab,Gasoline,2126-11-19 14:12:52,2126-11-19 14:12:56,-22.797116115127766,-43.2146151777127,-22.797256116151162,-43.21299619639861,1812.3841456866162,1189.9191439615497,622.4651117261667,555849.2159877567,153.74461164636317,41.87219928631266
1,HBEFA4/PC_petrol_Euro-6ab,Gasoline,2126-11-19 14:12:56,2126-11-19 14:12:56,-22.797256116151162,-43.21299619639861,-22.79787611922132,-43.21213731819688,1812.8498159611485,1191.1215812316655,622.728234729383,555991.5343547533,153.78268524334114,41.88177267714184
1,HBEFA4/PC_petrol_Euro-6ab,Gasoline,2126-11-19 14:12:56,2126-11-19 14:13:13,-22.79787611922132,-43.21213731819688,-22.811699537616453,-43.21926164486158,1821.7511958391692,1196.259387183827,624.4918186553423,558327.7719851916,154.44717251878718,41.15814515518231
1,HBEFA4/PC_petrol_Euro-6ab,Gasoline,2126-11-19 14:13:13,2126-11-19 14:13:13,-22.811699537616453,-43.21926164486158,-22.81168298624825,-43.2191714211512,1821.7589231741853,1196.267114418843,624.4918186553423,558329.8212378229,154.4478118412396,41.15826647496958
1,HBEFA4/PC_petrol_Euro-6ab,Gasoline,2126-11-19 14:13:13,2126-11-19 14:13:28,-22.81168298624825,-43.2191714211512,-22.8116999886658,-43.219264187128735,1861.7188645445824,1225.5452217998528,635.1736437447295,569836.8589779597,157.68341153349112,41.952155773557884
1,HBEFA4/PC_petrol_Euro-6ab,Gasoline,2126-11-19 14:13:28,2126-11-19 14:13:28,-22.8116999886658,-43.219264187128735,-22.811681933662112,-43.2191656775612,1861.727397399459,1225.5537536547295,635.1736437447295,569841.1311385271,157.68438118417127,41.95241218122223
1,HBEFA4/PC_petrol_Euro-6ab,Gasoline,2126-11-19 14:13:28,2126-11-19 14:13:28,-22.811681933662112,-43.2191656775612,-22.81166162316989,-43.21914941371947,1861.737697462144,1225.5641537173144,635.1736437447295,569845.7888247645,157.68614362961386,41.95271325752654
1,HBEFA4/PC_petrol_Euro-6ab,Gasoline,2126-11-19 14:13:28,2126-11-19 14:13:28,-22.81166162316989,-43.21914941371947,-22.81163742415643,-43.21892284781919,1861.7498658277152,1225.5762221829859,635.1736437447295,569852.5186342177,157.68785487515285,41.953158746229594
1,HBEFA4/PC_petrol_Euro-6ab,Gasoline,2126-11-19 14:13:28,2126-11-19 14:13:28,-22.81163742415643,-43.21892284781919,-22.811611778752234,-43.21878293644977,1861.763112429929,1225.5894686851996,635.1736437447295,569857.451968257,157.68916373166295,41.95344219845947
1,HBEFA4/PC_petrol_Euro-6ab,Gasoline,2126-11-19 14:13:28,2126-11-19 14:13:28,-22.811611778752234,-43.21878293644977,-22.811586485841448,-43.21864494831298,1861.7777557954937,1225.6141121517643,635.1736437447295,569863.7871677677,157.6917573444165,41.95386851955865
1,HBEFA4/PC_petrol_Euro-6ab,Gasoline,2126-11-19 14:13:28,2126-11-19 14:13:32,-22.811586485841448,-43.21864494831298,-22.811712651434118,-43.219278498944194,1865.1253521951336,1228.989288191513,636.1361641136215,571167.6514118422,158.16791848877566,42.14526784951272
1,HBEFA4/PC_petrol_Euro-6ab,Gasoline,2126-11-19 14:13:32,2126-11-19 14:13:37,-22.811712651434118,-43.219278498944194,-22.81491456552149,-43.215175917384494,1877.1714933255813,1237.3411811326115,639.7314131929698,575181.4881948596,159.1612961651867,42.31399813534351
1,HBEFA4/PC_petrol_Euro-6ab,Gasoline,2126-11-19 14:13:37,2126-11-19 14:13:37,-22.81491456552149,-43.215175917384494,-22.81488172668151,-43.21521732784154,1877.1734997911158,1237.343186598136,639.7314131929698,575183.1789789314,159.1618169464513,42.3141911525821
1,HBEFA4/PC_petrol_Euro-6ab,Gasoline,2126-11-19 14:13:37,2126-11-19 14:13:38,-22.81488172668151,-43.21521732784154,-22.812639186645417,-43.21171335216682,1881.7147941292728,1239.7265545663467,641.9782395629261,576144.1134111188,159.42165222514883,42.394918461259764
1,HBEFA4/PC_petrol_Euro-6ab,Gasoline,2126-11-19 14:13:38,2126-11-19 14:13:39,-22.812639186645417,-43.21171335216682,-22.798188996436764,-43.21196152891418,1883.6278192848285,1242.1953235437419,641.4324957411877,576911.7558182734,159.6745543229846,42.45881511921344
1,HBEFA4/PC_petrol_Euro-6ab,Gasoline,2126-11-19 14:13:39,2126-11-19 14:13:44,-22.798188996436764,-43.21196152891418,-22.798194347746524,-43.21195859957757,1911.5533338792184,1255.4182999616796,645.1451339175288,581719.18862584,161.11673911325793,42.83362317822914
1,HBEFA4/PC_petrol_Euro-6ab,Gasoline,2126-11-19 14:13:44,2126-11-19 14:13:44,-22.798194347746524,-43.21195859957757,-22.797982569883338,-43.21199889941519,1911.564886627826,1255.4198527112972,645.1451339175288,581723.4217423136,161.11794978811937,42.83395677966847
1,HBEFA4/PC_petrol_Euro-6ab,Gasoline,2126-11-19 14:13:44,2126-11-19 14:13:46,-22.797982569883338,-43.21199889941519,-22.81171238646358,-43.21927716969816,1915.4981581575666,1259.7918147582182,645.7163532993584,582954.5221462863,161.35814755449587,42.94112691441363
1,HBEFA4/PC_petrol_Euro-6ab,Gasoline,2126-11-19 14:13:46,2126-11-19 14:13:56,-22.81171238646358,-43.21927716969816,-22.811714246127943,-43.219287138694826,1942.6134878432983,1277.1418245192748,665.4716633341237,593158.3569165692,164.1313742119696,43.811195197311525
1,HBEFA4/PC_petrol_Euro-6ab,Gasoline,2126-11-19 14:13:56,2126-11-19 14:13:56,-22.811714246127943,-43.219287138694826,-22.811686319881153,-43.219189552881945,1942.621814181495,1277.1511517464714,665.4716633341237,593161.1391751128,164.13223711641216,43.81133497216153
1,HBEFA4/PC_petrol_Euro-6ab,Gasoline,2126-11-19 14:13:56,2126-11-19 14:13:56,-22.811686319881153,-43.219189552881945,-22.811665681464743,-43.21917711167527,1942.632128632196,1277.1613652981723,665.4716633341237,593167.1411949812,164.1339755466475,43.81163415544582
1,HBEFA4/PC_petrol_Euro-6ab,Gasoline,2126-11-19 14:13:56,2126-11-19 14:13:56,-22.811665681464743,-43.21917711167527,-22.811643218174833,-43.21895441393312,1942.6438174843495,1277.1721441513257,665.4716633341237,593172.928726242,164.13556371165385,43.81197692549369
1,HBEFA4/PC_petrol_Euro-6ab,Gasoline,2126-11-19 14:13:56,2126-11-19 14:13:56,-22.811643218174833,-43.21895441393312,-22.81161918155589,-43.21882277779128,1942.6566397121458,1277.1849763781222,665.4716633341237,593177.6895849848,164.13684112951936,43.81234818891168
1,HBEFA4/PC_petrol_Euro-6ab,Gasoline,2126-11-19 14:13:56,2126-11-19 14:13:56,-22.81161918155589,-43.21882277779128,-22.811594164148753,-43.21868683751148,1942.6714159319295,1277.198752596916,665.4716633341237,593182.3899861414,164.13817277472411,43.812746557691815
1,HBEFA4/PC_petrol_Euro-6ab,Gasoline,2126-11-19 14:13:56,2126-11-19 14:13:56,-22.811594164148753,-43.21868683751148,-22.811569164256515,-43.21855144899295,1942.684643681785,1277.2129813467615,665.4716633341237,593185.724531614,164.13896271267766,43.813156154984755
1,HBEFA4/PC_petrol_Euro-6ab,Gasoline,2126-11-19 14:13:56,2126-11-19 14:14:11,-22.811569164256515,-43.21855144899295,-22.81264112115617,-43.21171866316438,1983.916473912472,1315.5767719621844,678.3297129412878,614746.5238463129,167.19912672519356,44.73542686241814
1,HBEFA4/PC_petrol_Euro-6ab,Gasoline,2126-11-19 14:14:11,2126-11-19 14:14:11,-22.81264112115617,-43.21171866316438,-22.812622191218457,-43.21175229342215,1983.9113779857733,1315.5816751454856,678.3297129412878,614746.5238463129,167.19912672519356,44.73542686241814
1,HBEFA4/PC_petrol_Euro-6ab,Gasoline,2126-11-19 14:14:11,2126-11-19 14:14:11,-22.812622191218457,-43.21175229342215,-22.81261467524968,-43.211814113866155,1983.9153254115134,1315.5856224612155,678.3297129412878,614749.5673191767,167.21111658711122,44.73557541379418
1,HBEFA4/PC_petrol_Euro-6ab,Gasoline,2126-11-19 14:14:11,2126-11-19 14:14:11,-22.81261467524968,-43.211814113866155,-22.81262438491887,-43.211884693415354,1983.9221881111127,1315.592385169825,678.3297129412878,614754.2574384154,167.21168181882332,44.735777191153986
1,HBEFA4/PC_petrol_Euro-6ab,Gasoline,2126-11-19 14:14:11,2126-11-19 14:14:11,-22.81262438491887,-43.211884693415354,-22.81312151179619,-43.212156685121754,1983.9635158121,1315.633812861812,678.3297129412878,614775.3488653114,167.21771915412228,44.73698493172542
1,HBEFA4/PC_petrol_Euro-6ab,Gasoline,2126-11-19 14:14:11,2126-11-19 14:14:21,-22.81312151179619,-43.212156685121754,-22.811711692275122,-43.21926789665961,2111.3111669265577,1325.2263417114339,686.1738262261239,612169.914681851,169.25451149313515,45.3451174814396
1,HBEFA4/PC_petrol_Euro-6ab,Gasoline,2126-11-19 14:14:21,2126-11-19 14:14:21,-22.811711692275122,-43.21926789665961,-22.811683484556497,-43.21917413876967,2111.3184285625757,1325.2346123364519,686.1738262261239,612171.458784164,169.25497474227467,45.34535259657534
1,HBEFA4/PC_petrol_Euro-6ab,Gasoline,2126-11-19 14:14:21,2126-11-19 14:14:21,-22.811683484556497,-43.21917413876967,-22.81166293246666,-43.21916211313317,2111.3182418981676,1325.2444156721437,686.1738262261239,612176.5712846548,169.25648172856215,45.34563879811473
1,HBEFA4/PC_petrol_Euro-6ab,Gasoline,2126-11-19 14:14:21,2126-11-19 14:14:21,-22.81166293246666,-43.21916211313317,-22.811639411221996,-43.21893362917218,2111.3299771625366,1325.2561519364127,686.1738262261239,612183.2516217672,169.25831891147149,45.345981937714174
1,HBEFA4/PC_petrol_Euro-6ab,Gasoline,2126-11-19 14:14:21,2126-11-19 14:14:23,-22.811639411221996,-43.21893362917218,-22.81171129152623,-43.219265726841166,2117.5669381821978,1331.3515629686146,686.2153751135929,613811.14799889,169.73331241644743,45.4789791946721
1,HBEFA4/PC_petrol_Euro-6ab,Gasoline,2126-11-19 14:14:23,2126-11-19 14:14:33,-22.81171129152623,-43.219265726841166,-22.8149163969664,-43.215183731635774,2149.8351157731635,1348.7923256425713,711.1427911314921,623271.671968371,172.25967344387263,46.218476837983866
1,HBEFA4/PC_petrol_Euro-6ab,Gasoline,2126-11-19 14:14:33,2126-11-19 14:14:33,-22.8149163969664,-43.215183731635774,-22.81487538319425,-43.21521339549966,2149.83836889714,1348.7955787666478,711.1427911314921,623271.671968371,172.25967344387263,46.218476837983866
1,HBEFA4/PC_petrol_Euro-6ab,Gasoline,2126-11-19 14:14:33,2126-11-19 14:14:33,-22.81487538319425,-43.21521339549966,-22.81483492775472,-43.215252191126354,2149.8429595571115,1348.8111694265183,711.1427911314921,623275.1692819982,172.26191851157423,46.21861713144982
1,HBEFA4/PC_petrol_Euro-6ab,Gasoline,2126-11-19 14:14:33,2126-11-19 14:14:33,-22.81483492775472,-43.215252191126354,-22.814783673869657,-43.215311115538774,2149.8489477373164,1348.8161576168144,711.1427911314921,623278.8611841689,172.26222578945216,46.218795593874626
1,HBEFA4/PC_petrol_Euro-6ab,Gasoline,2126-11-19 14:14:33,2126-11-19 14:14:33,-22.814783673869657,-43.215311115538774,-22.814723614817915,-43.21535857161125,2149.856534311889,1348.8137441813967,711.1427911314921,623283.4172869829,172.26369295821763,46.2191192729563
1,HBEFA4/PC_petrol_Euro-6ab,Gasoline,2126-11-19 14:14:33,2126-11-19 14:14:34,-22.814723614817915,-43.21535857161125,-22.81263531411755,-43.211722147182855,2151.8999811327615,1349.1148118955958,711.7951711371646,623568.1214873682,172.33151127465422,46.23323167341965
1,HBEFA4/PC_petrol_Euro-6ab,Gasoline,2126-11-19 14:14:34,2126-11-19 14:14:38,-22.81263531411755,-43.211722147182855,-22.81263976485756,-43.2117117888926,2165.4947438522945,1358.2531963986594,717.2415474536351,627494.6121727142,173.3861811915868,46.55562611321155
1,HBEFA4/PC_petrol_Euro-6ab,Gasoline,2126-11-19 14:14:38,2126-11-19 14:14:38,-22.81263976485756,-43.2117117888926,-22.812615761197375,-43.21176711381991,2165.4991924354695,1358.2576449818341,717.2415474536351,627494.6121727142,173.3861811915868,46.55562611321155
1,HBEFA4/PC_petrol_Euro-6ab,Gasoline,2126-11-19 14:14:38,2126-11-19 14:14:49,-22.812615761197375,-43.21176711381991,-22.814916317275118,-43.2151838164258,2199.2256892925317,1381.2622121756135,718.9634872169171,637713.7532179615,176.18811211635913,47.31786894141459
1,HBEFA4/PC_petrol_Euro-6ab,Gasoline,2126-11-19 14:14:49,2126-11-19 14:14:49,-22.814916317275118,-43.2151838164258,-22.814872191715164,-43.21521654467886,2199.2294821732135,1381.2659949562963,718.9634872169171,637715.5361984873,176.18861182963965,47.31798257637225
1,HBEFA4/PC_petrol_Euro-6ab,Gasoline,2126-11-19 14:14:49,2126-11-19 14:14:49,-22.814872191715164,-43.21521654467886,-22.814828441211956,-43.215258296473126,2199.2345468949643,1381.271159678147,718.9634872169171,637718.9358843355,176.18981714787916,47.318135339217335
1,HBEFA4/PC_petrol_Euro-6ab,Gasoline,2126-11-19 14:14:49,2126-11-19 14:14:49,-22.814828441211956,-43.215258296473126,-22.814775664386888,-43.21531877661532,2199.2411181211853,1381.2775218132683,718.9634872169171,637722.836121824,176.19113415311413,47.31832691571867
1,HBEFA4/PC_petrol_Euro-6ab,Gasoline,2126-11-19 14:14:49,2126-11-19 14:14:49,-22.814775664386888,-43.21531877661532,-22.814713678131584,-43.21536816656919,2199.2488198711576,1381.2853326532416,718.9634872169171,637726.9822378294,176.1924559657818,47.31855574647989
1,HBEFA4/PC_petrol_Euro-6ab,Gasoline,2126-11-19 14:14:49,2126-11-19 14:14:55,-22.814713678131584,-43.21536816656919,-22.81171123692288,-43.21927184561835,2115.9912876282217,1391.1612363253731,725.9311513128486,643116.8142956343,177.6719855135619,47.68889692769318
1,HBEFA4/PC_petrol_Euro-6ab,Gasoline,2126-11-19 14:14:55,2126-11-19 14:14:55,-22.81171123692288,-43.21927184561835,-22.81168462678486,-43.2191813714217,2115.9977698321195,1391.1677185291619,725.9311513128486,643111.8147787797,177.67227755176962,47.68911641518789
1,HBEFA4/PC_petrol_Euro-6ab,Gasoline,2126-11-19 14:14:55,2126-11-19 14:14:55,-22.81168462678486,-43.2191813714217,-22.81162191912876,-43.218832812359126,2116.1311138915554,1391.1111525887166,725.9311513128486,643126.6667753742,177.67681792327923,47.69115777956372
1,HBEFA4/PC_petrol_Euro-6ab,Gasoline,2126-11-19 14:14:55,2126-11-19 14:15:14,-22.81162191912876,-43.218832812359126,-22.81491371156619,-43.21517673419575,2144.2963491917567,1418.3897187999755,735.9166313917812,652194.1328673788,181.16674621556716,48.32424188789389
1,HBEFA4/PC_petrol_Euro-6ab,Gasoline,2126-11-19 14:15:14,2126-11-19 14:15:14,-22.81491371156619,-43.21517673419575,-22.814885281171295,-43.215213929113855,2144.2992661931326,1418.3926358123512,735.9166313917812,652194.1328673788,181.16674621556716,48.32424188789389
1,HBEFA4/PC_petrol_Euro-6ab,Gasoline,2126-11-19 14:15:14,2126-11-19 14:15:14,-22.814885281171295,-43.215213929113855,-22.814845159686976,-43.21524239991267,2144.3134746111275,1418.3968442212465,735.9166313917812,652197.3913217328,181.16795815442715,48.32437154141143
1,HBEFA4/PC_petrol_Euro-6ab,Gasoline,2126-11-19 14:15:14,2126-11-19 14:15:14,-22.814845159686976,-43.21524239991267,-22.814794717428425,-43.215291561929126,2144.3194281136293,1418.412797622848,735.9166313917812,652111.7299288826,181.1694713492819,48.32454972157535
1,HBEFA4/PC_petrol_Euro-6ab,Gasoline,2126-11-19 14:15:14,2126-11-19 14:15:14,-22.814794717428425,-43.215291561929126,-22.814731865419156,-43.215351671348516,2144.3168811294545,1418.411251738673,735.9166313917812,652116.1591526613,181.17187382861184,48.32476923591921
1,HBEFA4/PC_petrol_Euro-6ab,Gasoline,2126-11-19 14:15:14,2126-11-19 14:15:13,-22.814731865419156,-43.215351671348516,-22.81171134559172,-43.21927143398644,2167.134196379811,1424.9211357455117,742.2131616342994,659145.2497467652,182.13477189413713,48.82899581211358
1,HBEFA4/PC_petrol_Euro-6ab,Gasoline,2126-11-19 14:15:13,2126-11-19 14:15:13,-22.81171134559172,-43.21927143398644,-22.811683213348445,-43.21917261458393,2167.1427282336817,1424.9296675993821,742.2131616342994,659148.2499657347,182.13569487197956,48.82924457716154
1,HBEFA4/PC_petrol_Euro-6ab,Gasoline,2126-11-19 14:15:13,2126-11-19 14:15:13,-22.811683213348445,-43.21917261458393,-22.811662635142936,-43.21916139138617,2167.1531724685513,1424.941111834252,742.2131616342994,659153.8978118279,182.1373245717317,48.82954666868146
1,HBEFA4/PC_petrol_Euro-6ab,Gasoline,2126-11-19 14:15:13,2126-11-19 14:15:18,-22.811662635142936,-43.21916139138617,-22.811698146926912,-43.21925411519637,2181.9322215353983,1436.1497112195821,744.8825113258163,663262.1196645663,183.32845191818625,49.13842823396631
1,HBEFA4/PC_petrol_Euro-6ab,Gasoline,2126-11-19 14:15:18,2126-11-19 14:15:18,-22.811698146926912,-43.21925411519637,-22.8116797666913,-43.219153855232785,2181.9418113784355,1436.1582911526193,744.8825113258163,663265.9797993487,183.32967558531118,49.13867776614457
1,HBEFA4/PC_petrol_Euro-6ab,Gasoline,2126-11-19 14:15:18,2126-11-19 14:15:22,-22.8116797666913,-43.219153855232785,-22.814912625778467,-43.21517777275554,2193.4362247394783,1442.3311622523188,751.1161624871695,667121.8875764517,184.3328965816816,49.41929611656114
1,HBEFA4/PC_petrol_Euro-6ab,Gasoline,2126-11-19 14:15:22,2126-11-19 14:15:22,-22.814912625778467,-43.21517777275554,-22.814881535241983,-43.21521846745688,2193.4395869119644,1442.333424423795,751.1161624871695,667123.4351883134,184.33338481931872,49.419397434996334
1,HBEFA4/PC_petrol_Euro-6ab,Gasoline,2126-11-19 14:15:22,2126-11-19 14:15:25,-22.814881535241983,-43.21521846745688,-22.81491616785861,-43.2151743847433,2212.311353197647,1446.9723961173115,755.3279571813365,669732.5181961511,185.16796168411884,49.61521553733259
1,HBEFA4/PC_petrol_Euro-6ab,Gasoline,2126-11-19 14:15:25,2126-11-19 14:15:28,-22.81491616785861,-43.2151743847433,-22.81169382121795,-43.2192315325159,2211.119855756277,1452.4118389968985,758.6181167593786,672896.5526661129,185.95253999365488,49.819847899429476
1,HBEFA4/PC_petrol_Euro-6ab,Gasoline,2126-11-19 14:15:28,2126-11-19 14:15:28,-22.81169382121795,-43.2192315325159,-22.81167712812766,-43.219139461144675,2211.1278496373153,1452.4198328779269,758.6181167593786,672896.5526661129,185.95253999365488,49.819847899429476
1,HBEFA4/PC_petrol_Euro-6ab,Gasoline,2126-11-19 14:15:28,2126-11-19 14:15:39,-22.81167712812766,-43.219139461144675,-22.81171136133964,-43.2192715192522,2241.7824161579585,1475.2897992776877,765.4926167812716,681644.7926267133,188.41893781697136,51.48929531917166
1,HBEFA4/PC_petrol_Euro-6ab,Gasoline,2126-11-19 14:15:39,2126-11-19 14:15:39,-22.81171136133964,-43.2192715192522,-22.81168353664985,-43.21917442297519,2241.79113931715,1475.2985225267794,765.4926167812716,681649.8691656873,188.42151112491512,51.48955131132196
1,HBEFA4/PC_petrol_Euro-6ab,Gasoline,2126-11-19 14:15:39,2126-11-19 14:15:39,-22.81168353664985,-43.21917442297519,-22.811662351635718,-43.219158844218815,2241.8113121527477,1475.3186853724772,765.4926167812716,681654.8378671142,188.421946771666,51.48984696114119
1,HBEFA4/PC_petrol_Euro-6ab,Gasoline,2126-11-19 14:15:39,2126-11-19 14:15:39,-22.811662351635718,-43.219158844218815,-22.811638635114583,-43.218929454861574,2241.8133988169584,1475.321782136688,765.4926167812716,681661.699118172,188.42379918457328,51.49121166174131
1,HBEFA4/PC_petrol_Euro-6ab,Gasoline,2126-11-19 14:15:39,2126-11-19 14:15:41,-22.811638635114583,-43.218929454861574,-22.814917586765676,-43.21518259258873,2245.684716627765,1477.133161698479,768.5516559292857,683251.1621419234,188.8322838984485,51.61281976587167
1,HBEFA4/PC_petrol_Euro-6ab,Gasoline,2126-11-19 14:15:41,2126-11-19 14:16:11,-22.814917586765676,-43.21518259258873,-22.814917554182742,-43.21518262385116,2316.7721717196133,1514.995212343645,791.7769683759685,712231.3666281981,194.15273831128637,51.977396459553134
1,HBEFA4/PC_petrol_Euro-6ab,Gasoline,2126-11-19 14:16:11,2126-11-19 14:16:11,-22.814917554182742,-43.21518262385116,-22.81486917176568,-43.21521933761863,2316.776137621234,1514.9991692452657,791.7769683759685,712232.6223496377,194.15353417517135,51.97751369544469
1,HBEFA4/PC_petrol_Euro-6ab,Gasoline,2126-11-19 14:16:11,2126-11-19 14:16:11,-22.81486917176568,-43.21521933761863,-22.81481924116954,-43.21526719546831,2316.781719113126,1515.1147517271572,791.7769683759685,712236.9941199926,194.15518182171186,51.977685739281824
1,HBEFA4/PC_petrol_Euro-6ab,Gasoline,2126-11-19 14:16:11,2126-11-19 14:16:11,-22.81481924116954,-43.21526719546831,-22.814758158265464,-43.21532552122959,2316.789119672591,1515.1121412966225,791.7769683759685,712241.6853627888,194.15661977333815,51.97791446262615
1,HBEFA4/PC_petrol_Euro-6ab,Gasoline,2126-11-19 14:16:11,2126-11-19 14:16:11,-22.814758158265464,-43.21532552122959,-22.81468439186726,-43.21539617971523,2316.798151116428,1515.1211827414594,791.7769683759685,712246.7682856871,194.15815378114393,51.978169215436516
1,HBEFA4/PC_petrol_Euro-6ab,Gasoline,2126-11-19 14:16:11,2126-11-19 14:16:11,-22.81468439186726,-43.21539617971523,-22.814612274135718,-43.21547462421322,2316.8191711221976,1515.132111746129,791.7769683759685,712253.113713481,194.1599147744832,51.97848856132735
1,HBEFA4/PC_petrol_Euro-6ab,Gasoline,2126-11-19 14:16:11,2126-11-19 14:16:11,-22.814612274135718,-43.21547462421322,-22.814546184333648,-43.21552836955565,2316.821224984638,1515.1442566186695,791.7769683759685,712258.1737241416,194.161294568859,51.97884176237649
1,HBEFA4/PC_petrol_Euro-6ab,Gasoline,2126-11-19 14:16:11,2126-11-19 14:16:11,-22.814546184333648,-43.21552836955565,-22.81451847819445,-43.21555477471918,2316.8295421568923,1515.152573781924,791.7769683759685,712258.1737241416,194.161294568859,51.97884176237649
1,HBEFA4/PC_petrol_Euro-6ab,Gasoline,2126-11-19 14:16:11,2126-11-19 14:16:14,-22.81451847819445,-43.21555477471918,-22.814917862693977,-43.21518232866237,2315.3868787136353,1521.6376713271365,793.7492173865986,715137.3364819442,194.85421251614912,52.17512674115484
1,HBEFA4/PC_petrol_Euro-6ab,Gasoline,2126-11-19 14:16:14,2126-11-19 14:16:14,-22.814917862693977,-43.21518232866237,-22.81487629317758,-43.21521252519819,2315.3915119417252,1521.6412945541267,793.7492173865986,715137.3364819442,194.85421251614912,52.17512674115484
1,HBEFA4/PC_petrol_Euro-6ab,Gasoline,2126-11-19 14:16:14,2126-11-19 14:16:14,-22.81487629317758,-43.21521252519819,-22.814832137931937,-43.215254759598184,2315.3951748616437,1521.6459674751447,793.7492173865986,715141.3431843151,194.8552917593971,52.1751678631666
1,HBEFA4/PC_petrol_Euro-6ab,Gasoline,2126-11-19 14:16:14,2126-11-19 14:16:15,-22.814832137931937,-43.215254759598184,-22.811699552416375,-43.219261724941326,2319.6417164141916,1523.998884329319,795.6428221848816,716391.1534564474,195.22815177117468,52.27164614652314
1,HBEFA4/PC_petrol_Euro-6ab,Gasoline,2126-11-19 14:16:15,2126-11-19 14:16:17,-22.811699552416375,-43.219261724941326,-22.79811535792626,-43.211954631117674,2325.6376915823486,1526.6832185116134,798.9544721717352,718194.8816833944,195.67366179431955,52.41281728863621
1,HBEFA4/PC_petrol_Euro-6ab,Gasoline,2126-11-19 14:16:17,2126-11-19 14:16:11,-22.79811535792626,-43.211954631117674,-22.814914178271584,-43.21518594847517,2335.615261221523,1532.1741124971538,813.4312487244692,711278.9713319644,196.5374125826433,52.643195788671316
1,HBEFA4/PC_petrol_Euro-6ab,Gasoline,2126-11-19 14:16:11,2126-11-19 14:16:11,-22.814914178271584,-43.21518594847517,-22.814867599119927,-43.21522184189189,2335.6188621193313,1532.1776133848623,813.4312487244692,711281.5147717826,196.53789766793585,52.643313462314535
1,HBEFA4/PC_petrol_Euro-6ab,Gasoline,2126-11-19 14:16:11,2126-11-19 14:16:11,-22.814867599119927,-43.21522184189189,-22.812637986193863,-43.21171588866812,2338.1324449321316,1533.7121117311383,814.3213332118922,711931.4491795514,196.71151793711236,52.69581828765279
1,HBEFA4/PC_petrol_Euro-6ab,Gasoline,2126-11-19 14:16:11,2126-11-19 14:16:29,-22.812637986193863,-43.21171588866812,-22.811713348597896,-43.21928227919323,2388.9874127999114,1572.1481494434971,816.9393633564142,726573.8224312377,211.8153487419285,53.81863115253961
1,HBEFA4/PC_petrol_Euro-6ab,Gasoline,2126-11-19 14:16:29,2126-11-19 14:16:29,-22.811713348597896,-43.21928227919323,-22.811685655963257,-43.21918598531859,2388.99563284157,1572.1562694841658,816.9393633564142,726576.1631691636,211.81617364689982,53.81886594757131
1,HBEFA4/PC_petrol_Euro-6ab,Gasoline,2126-11-19 14:16:29,2126-11-19 14:16:29,-22.811685655963257,-43.21918598531859,-22.81166612758198,-43.219179444547115,2389.115712121179,1572.166348663675,816.9393633564142,726582.1491563959,211.8177879123346,53.819161131168114
1,HBEFA4/PC_petrol_Euro-6ab,Gasoline,2126-11-19 14:16:29,2126-11-19 14:16:29,-22.81166612758198,-43.219179444547115,-22.81164472561136,-43.21896268253573,2389.116862751247,1572.1774993948426,816.9393633564142,726586.4239173165,211.81912492799514,53.819483473642265
1,HBEFA4/PC_petrol_Euro-6ab,Gasoline,2126-11-19 14:16:29,2126-11-19 14:16:29,-22.81164472561136,-43.21896268253573,-22.81162149593718,-43.218831494128144,2389.129183259469,1572.189719913165,816.9393633564142,726591.1666842369,211.81129368978741,53.81983682874617
1,HBEFA4/PC_petrol_Euro-6ab,Gasoline,2126-11-19 14:16:29,2126-11-19 14:16:29,-22.81162149593718,-43.218831494128144,-22.81159621694144,-43.21869798271834,2389.1429183256188,1572.1135549692147,816.9393633564142,726597.752213443,211.8121173495176,53.82124111811845
1,HBEFA4/PC_petrol_Euro-6ab,Gasoline,2126-11-19 14:16:29,2126-11-19 14:16:29,-22.81159621694144,-43.21869798271834,-22.811571611512345,-43.21856381112332,2389.1567872134735,1572.1174238471692,816.9393633564142,726599.7971251791,211.81258978557196,53.82163715111172
1,HBEFA4/PC_petrol_Euro-6ab,Gasoline,2126-11-19 14:16:29,2126-11-19 14:16:29,-22.811571611512345,-43.21856381112332,-22.811544121494987,-43.218423611856136,2389.171831996372,1572.1314676399675,816.9393633564142,726612.2768525694,211.81327621399967,53.82114111593164
1,HBEFA4/PC_petrol_Euro-6ab,Gasoline,2126-11-19 14:16:29,2126-11-19 14:16:31,-22.811544121494987,-43.218423611856136,-22.811712141825694,-43.21927521368565,2393.518131255114,1576.179645343268,817.4383859118356,727915.26315686,211.18892614891476,53.917514311481475
1,HBEFA4/PC_petrol_Euro-6ab,Gasoline,2126-11-19 14:16:31,2126-11-19 14:16:32,-22.811712141825694,-43.21927521368565,-22.814911954719683,-43.215179371138684,2398.6755332326534,1578.8115965881314,819.8639366445232,729331.5711995785,211.561992116657,54.13374758778663
1,HBEFA4/PC_petrol_Euro-6ab,Gasoline,2126-11-19 14:16:32,2126-11-19 14:16:51,-22.814911954719683,-43.215179371138684,-22.79812854891535,-43.211982322371855,2449.561955374112,1614.3966723869999,835.1652829871122,744685.7351491567,215.8322229836681,55.17471156452711
1,HBEFA4/PC_petrol_Euro-6ab,Gasoline,2126-11-19 14:16:51,2126-11-19 14:16:51,-22.79812854891535,-43.211982322371855,-22.79792112157216,-43.21212115365213,2449.573361132116,1614.4181771451137,835.1652829871122,744686.9856197843,215.83261951298896,55.175135366816284
1,HBEFA4/PC_petrol_Euro-6ab,Gasoline,2126-11-19 14:16:51,2126-11-19 14:16:51,-22.79792112157216,-43.21212115365213,-22.797814116617867,-43.21216327396474,2449.585914443763,1614.4216214566615,835.1652829871122,744691.9121942785,215.83393697194823,55.17539849822278
1,HBEFA4/PC_petrol_Euro-6ab,Gasoline,2126-11-19 14:16:51,2126-11-19 14:16:51,-22.797814116617867,-43.21216327396474,-22.797685211831776,-43.21211611739811,2449.5995789189733,1614.4342959318712,835.1652829871122,744697.1168593966,215.8352978216559,55.17579481163169
1,HBEFA4/PC_petrol_Euro-6ab,Gasoline,2126-11-19 14:16:51,2126-11-19 14:16:51,-22.797685211831776,-43.21211611739811,-22.79755968412559,-43.2121513638513,2449.6134521111256,1614.4481691131235,835.1652829871122,744699.6474386238,215.8359984278515,55.176192725814815
1,HBEFA4/PC_petrol_Euro-6ab,Gasoline,2126-11-19 14:16:51,2126-11-19 14:16:51,-22.79755968412559,-43.2121513638513,-22.797439184693448,-43.21219871571479,2449.6281198881655,1614.4628269111632,835.1652829871122,744714.1894646252,215.83714319163242,55.176616665784685
1,HBEFA4/PC_petrol_Euro-6ab,Gasoline,2126-11-19 14:16:51,2126-11-19 14:16:51,-22.797439184693448,-43.21219871571479,-22.79732299513434,-43.2122491524718,2449.6423297127864,1614.477146715684,835.1652829871122,744714.1894646252,215.83714319163242,55.176616665784685
1,HBEFA4/PC_petrol_Euro-6ab,Gasoline,2126-11-19 14:16:51,2126-11-19 14:16:51,-22.79732299513434,-43.2122491524718,-22.797211613143518,-43.21231354613175,2449.656186387544,1614.4919134114418,835.1652829871122,744714.1894646252,215.83714319163242,55.176616665784685
1,HBEFA4/PC_petrol_Euro-6ab,Gasoline,2126-11-19 14:16:51,2126-11-19 14:17:12,-22.797211613143518,-43.21231354613175,-22.798191114834735,-43.21196116174559,2489.8223628131997,1643.7477572418754,846.1746155623245,756718.795598466,219.21671512199693,56.18737368592196
1,HBEFA4/PC_petrol_Euro-6ab,Gasoline,2126-11-19 14:17:12,2126-11-19 14:17:12,-22.798191114834735,-43.21196116174559,-22.798116536871124,-43.21199125848247,2489.8317725868144,1643.7561671244912,846.1746155623245,756713.419953311,219.21814595345186,56.18762113118295
1,HBEFA4/PC_petrol_Euro-6ab,Gasoline,2126-11-19 14:17:12,2126-11-19 14:17:12,-22.798116536871124,-43.21199125848247,-22.79791711775842,-43.21212611611223,2489.841521413391,1643.765914841167,846.1746155623245,756718.1444957525,219.2195141316187,56.187913394512765
1,HBEFA4/PC_petrol_Euro-6ab,Gasoline,2126-11-19 14:17:12,2126-11-19 14:17:12,-22.79791711775842,-43.21212611611223,-22.797793459351152,-43.21216718121375,2489.852131852414,1643.7775252911797,846.1746155623245,756724.5245311527,219.21129571129478,56.18824264355552
1,HBEFA4/PC_petrol_Euro-6ab,Gasoline,2126-11-19 14:17:12,2126-11-19 14:17:12,-22.797793459351152,-43.21216718121375,-22.79767441934941,-43.21211999818172,2489.8654117126156,1643.7917961412811,846.1746155623245,756731.1215418552,219.2131151155568,56.18862947918119
1,HBEFA4/PC_petrol_Euro-6ab,Gasoline,2126-11-19 14:17:12,2126-11-19 14:17:12,-22.79767441934941,-43.21211999818172,-22.79754883521236,-43.21215527523217,2489.8793121331735,1643.8146965718493,846.1746155623245,756734.9257929268,219.21412533337133,56.18913118224155
1,HBEFA4/PC_petrol_Euro-6ab,Gasoline,2126-11-19 14:17:12,2126-11-19 14:17:12,-22.79754883521236,-43.21215527523217,-22.797431771395125,-43.212212321387514,2489.8939667272753,1643.819361164951,846.1746155623245,756739.3153713537,219.21515513983638,56.18945422742281
1,HBEFA4/PC_petrol_Euro-6ab,Gasoline,2126-11-19 14:17:12,2126-11-19 14:17:17,-22.797431771395125,-43.212212321387514,-22.811699921299888,-43.219263722281875,2514.551717579665,1654.9325123319712,849.6182152476948,761322.1391176116,211.5224442919778,56.41918137155285
1,HBEFA4/PC_petrol_Euro-6ab,Gasoline,2126-11-19 14:17:17,2126-11-19 14:17:17,-22.811699921299888,-43.219263722281875,-22.811682691631916,-43.21916981735837,2514.558785585375,1654.94158133768,849.6182152476948,761326.1555797976,211.523742788621,56.41931615395117
1,HBEFA4/PC_petrol_Euro-6ab,Gasoline,2126-11-19 14:17:17,2126-11-19 14:17:17,-22.811682691631916,-43.21916981735837,-22.811663537191372,-43.21916531221429,2514.5686152316657,1654.9514199829718,849.6182152476948,761331.7355415648,211.52538481312185,56.41961377592196
1,HBEFA4/PC_petrol_Euro-6ab,Gasoline,2126-11-19 14:17:17,2126-11-19 14:17:18,-22.811663537191372,-43.21916531221429,-22.814919183334465,-43.21517159618119,2537.8334394682634,1673.8133155145227,864.1311339537416,771698.892484414,213.33795245185375,57.18411751864261
1,HBEFA4/PC_petrol_Euro-6ab,Gasoline,2126-11-19 14:17:18,2126-11-19 14:17:18,-22.814919183334465,-43.21517159618119,-22.814883946751845,-43.21521521433782,2537.836761166196,1673.8166271123557,864.1311339537416,771698.892484414,213.33795245185375,57.18411751864261
1,HBEFA4/PC_petrol_Euro-6ab,Gasoline,2126-11-19 14:17:18,2126-11-19 14:17:18,-22.814883946751845,-43.21521521433782,-22.814839582116414,-43.21524763922982,2537.8419619682873,1673.8118281145468,864.1311339537416,771713.2255615694,213.33952563766159,57.18417673352676
1,HBEFA4/PC_petrol_Euro-6ab,Gasoline,2126-11-19 14:17:18,2126-11-19 14:17:18,-22.814839582116414,-43.21524763922982,-22.81478311885913,-43.21531164641691,2537.84852881236,1673.8183948486194,864.1311339537416,771717.199475463,213.34182682198985,57.1843711778249
1,HBEFA4/PC_petrol_Euro-6ab,Gasoline,2126-11-19 14:17:18,2126-11-19 14:17:18,-22.81478311885913,-43.21531164641691,-22.814717676997718,-43.21536424155917,2537.856886463174,1673.8267525194332,864.1311339537416,771712.2455713911,213.34243559761972,57.18461721215723
1,HBEFA4/PC_petrol_Euro-6ab,Gasoline,2126-11-19 14:17:18,2126-11-19 14:17:18,-22.814717676997718,-43.21536424155917,-22.81464296848584,-43.21543571115677,2537.8665731298165,1673.8364391761758,864.1311339537416,771716.8337554821,213.34379615558514,57.18489878471646
1,HBEFA4/PC_petrol_Euro-6ab,Gasoline,2126-11-19 14:17:18,2126-11-19 14:17:25,-22.81464296848584,-43.21543571115677,-22.812635242792476,-43.21172221155316,2561.165749538218,1686.9457813686238,874.2199681695841,779231.2176394961,215.39123568789267,57.71425194247549
1,HBEFA4/PC_petrol_Euro-6ab,Gasoline,2126-11-19 14:17:25,2126-11-19 14:17:25,-22.812635242792476,-43.21172221155316,-22.81261286629552,-43.21177378588273,2561.169944311,1686.9499761314162,874.2199681695841,779232.6246192916,215.39166415459413,57.71437511813132
1,HBEFA4/PC_petrol_Euro-6ab,Gasoline,2126-11-19 14:17:25,2126-11-19 14:17:25,-22.81261286629552,-43.21177378588273,-22.812615428114684,-43.21184388716515,2561.1757925139873,1686.9558243444133,874.2199681695841,779236.7891524312,215.3921195945493,57.71455198946268
1,HBEFA4/PC_petrol_Euro-6ab,Gasoline,2126-11-19 14:17:25,2126-11-19 14:17:25,-22.812615428114684,-43.21184388716515,-22.81265582653479,-43.211911796219354,2561.1832196169354,1686.9632514373513,874.2199681695841,779241.25514114,215.39357148697156,57.71477113857167
1,HBEFA4/PC_petrol_Euro-6ab,Gasoline,2126-11-19 14:17:25,2126-11-19 14:17:25,-22.81265582653479,-43.211911796219354,-22.812948728321136,-43.21212619392817,2561.2141565587845,1686.9941883892114,874.2199681695841,779256.3141435917,215.3979227718114,57.71567136968711
1,HBEFA4/PC_petrol_Euro-6ab,Gasoline,2126-11-19 14:17:25,2126-11-19 14:17:31,-22.812948728321136,-43.21212619392817,-22.814911468228663,-43.21517983645946,2579.3496149771757,1696.7316729591473,882.6179321181283,784641.9919141114,216.83311914494644,58.128818159676865
1,HBEFA4/PC_petrol_Euro-6ab,Gasoline,2126-11-19 14:17:31,2126-11-19 14:17:31,-22.814911468228663,-43.21517983645946,-22.814881987553613,-43.21521717831569,2579.35253627152,1696.7346142524919,882.6179321181283,784641.9919141114,216.83311914494644,58.128818159676865
1,HBEFA4/PC_petrol_Euro-6ab,Gasoline,2126-11-19 14:17:31,2126-11-19 14:17:31,-22.814881987553613,-43.21521717831569,-22.81484126543842,-43.21524698562137,2579.356751967812,1696.7388199497739,882.6179321181283,784645.2412518215,216.8343171512317,58.12893797794382
1,HBEFA4/PC_petrol_Euro-6ab,Gasoline,2126-11-19 14:17:31,2126-11-19 14:17:38,-22.81484126543842,-43.21524698562137,-22.814917147511275,-43.21518311274662,2593.983114327219,1718.1625211611642,885.9214841661451,789268.4133153244,218.14732732385316,58.449739426177585
1,HBEFA4/PC_petrol_Euro-6ab,Gasoline,2126-11-19 14:17:38,2126-11-19 14:17:38,-22.814917147511275,-43.21518311274662,-22.81487458738251,-43.21521415661113,2593.9863278131935,1718.1658436371486,885.9214841661451,789269.8111338945,218.14774183844466,58.449839131187126
1,HBEFA4/PC_petrol_Euro-6ab,Gasoline,2126-11-19 14:17:38,2126-11-19 14:17:38,-22.81487458738251,-43.21521415661113,-22.812641241329187,-43.211711691699294,2595.1471865414813,1718.3635349551925,886.6835515863888,789574.1947128431,218.22175781168126,58.47354134375115
1,HBEFA4/PC_petrol_Euro-6ab,Gasoline,2126-11-19 14:17:38,2126-11-19 14:17:43,-22.812641241329187,-43.211711691699294,-22.814911186874596,-43.21518121122596,2617.9181481354944,1716.6759957976678,891.2421522378267,793585.1718259994,219.31722489296122,58.765584711988126
1,HBEFA4/PC_petrol_Euro-6ab,Gasoline,2126-11-19 14:17:43,2126-11-19 14:17:43,-22.814911186874596,-43.21518121122596,-22.814879838128763,-43.215219134246694,2617.9219627183836,1716.6789114815569,891.2421522378267,793585.1718259994,219.31722489296122,58.765584711988126
1,HBEFA4/PC_petrol_Euro-6ab,Gasoline,2126-11-19 14:17:43,2126-11-19 14:17:43,-22.814879838128763,-43.215219134246694,-22.81483794449935,-43.21524921561423,2617.925441124711,1716.6833878868742,891.2421522378267,793588.7598311728,219.318598532247,58.765722856983736
1,HBEFA4/PC_petrol_Euro-6ab,Gasoline,2126-11-19 14:17:43,2126-11-19 14:18:13,-22.81483794449935,-43.21524921561423,-22.81169985159788,-43.21926333947214,2666.2423616622133,1758.6311291362778,917.6112316259255,812114.8546545177,224.48851454694357,61.16658729121268
1,HBEFA4/PC_petrol_Euro-6ab,Gasoline,2126-11-19 14:18:13,2126-11-19 14:18:13,-22.81169985159788,-43.21926333947214,-22.811682555485757,-43.21916917114218,2666.2516656623727,1758.6394341364475,917.6112316259255,812116.9741311999,224.4891578756955,61.166824933711
1,HBEFA4/PC_petrol_Euro-6ab,Gasoline,2126-11-19 14:18:13,2126-11-19 14:18:13,-22.811682555485757,-43.21916917114218,-22.811662892133994,-43.219161792445624,2666.261532399361,1758.6493117734355,917.6112316259255,812122.1254143218,224.49167311572117,61.16711271198166
1,HBEFA4/PC_petrol_Euro-6ab,Gasoline,2126-11-19 14:18:13,2126-11-19 14:18:13,-22.811662892133994,-43.219161792445624,-22.81164123972221,-43.218943664741936,2666.2717612494845,1758.6615286235588,917.6112316259255,812127.2277812195,224.4921146715417,61.16743859311116
1,HBEFA4/PC_petrol_Euro-6ab,Gasoline,2126-11-19 14:18:13,2126-11-19 14:18:13,-22.81164123972221,-43.218943664741936,-22.81161694175484,-43.21881111383816,2666.2841236941814,1758.672892168255,917.6112316259255,812132.1828874226,224.49342313818475,61.16779641858811
1,HBEFA4/PC_petrol_Euro-6ab,Gasoline,2126-11-19 14:18:13,2126-11-19 14:18:13,-22.81161694175484,-43.21881111383816,-22.81159271991385,-43.218678914281255,2666.297997747162,1758.6867661212364,917.6112316259255,812138.477624218,224.49516416232616,61.16821138543512
1,HBEFA4/PC_petrol_Euro-6ab,Gasoline,2126-11-19 14:18:13,2126-11-19 14:18:13,-22.81159271991385,-43.218678914281255,-22.811567246499142,-43.21854131441669,2666.3118339868684,1758.7116123619426,917.6112316259255,812141.3194588171,224.49559488911285,61.16859612344181
1,HBEFA4/PC_petrol_Euro-6ab,Gasoline,2126-11-19 14:18:13,2126-11-19 14:18:13,-22.811567246499142,-43.21854131441669,-22.81154154121941,-43.218415531772116,2666.326341395465,1758.7151187695395,917.6112316259255,812144.3629891163,224.49665111649446,61.16911511849413
1,HBEFA4/PC_petrol_Euro-6ab,Gasoline,2126-11-19 14:18:13,2126-11-19 14:18:13,-22.81154154121941,-43.218415531772116,-22.81151321765573,-43.21826763948474,2666.341491638688,1758.7292611127623,917.6112316259255,812144.3629891163,224.49665111649446,61.16911511849413
1,HBEFA4/PC_petrol_Euro-6ab,Gasoline,2126-11-19 14:18:13,2126-11-19 14:18:12,-22.81151321765573,-43.21826763948474,-22.81169944513236,-43.21926114357318,2691.875754733434,1778.4157294181213,913.4611253254135,819638.6181323454,226.63719511711157,61.648849629145424
1,HBEFA4/PC_petrol_Euro-6ab,Gasoline,2126-11-19 14:18:12,2126-11-19 14:18:12,-22.81169944513236,-43.21926114357318,-22.811681599991516,-43.21916385715685,2691.884175554847,1778.4241512294338,913.4611253254135,819642.2966166156,226.6382418193317,61.64919133651655
1,HBEFA4/PC_petrol_Euro-6ab,Gasoline,2126-11-19 14:18:12,2126-11-19 14:18:12,-22.811681599991516,-43.21916385715685,-22.811661876125663,-43.21915179376317,2691.8942579884356,1778.4342326631222,913.4611253254135,819648.2261719729,226.63996181187917,61.64938948115938
1,HBEFA4/PC_petrol_Euro-6ab,Gasoline,2126-11-19 14:18:12,2126-11-19 14:18:24,-22.811661876125663,-43.21915179376317,-22.81491583461514,-43.21518426853632,2731.68331991827,1796.8264916218592,934.8568292874115,831127.647278316,229.63988419314132,61.582343673916365
1,HBEFA4/PC_petrol_Euro-6ab,Gasoline,2126-11-19 14:18:24,2126-11-19 14:18:24,-22.81491583461514,-43.21518426853632,-22.81486943913548,-43.21521918191221,2731.686912137529,1796.8311728511185,934.8568292874115,831127.647278316,229.63988419314132,61.582343673916365
1,HBEFA4/PC_petrol_Euro-6ab,Gasoline,2126-11-19 14:18:24,2126-11-19 14:18:24,-22.81486943913548,-43.21521918191221,-22.81482368211618,-43.215262847619475,2731.692289378977,1796.8354611915663,934.8568292874115,831131.9212849957,229.64141819639448,61.58251763355124
1,HBEFA4/PC_petrol_Euro-6ab,Gasoline,2126-11-19 14:18:24,2126-11-19 14:18:24,-22.81482368211618,-43.215262847619475,-22.81476714842196,-43.215317117791146,2731.699162312514,1796.8422331251135,934.8568292874115,831135.8774421482,229.6427359379374,61.58271776173597
1,HBEFA4/PC_petrol_Euro-6ab,Gasoline,2126-11-19 14:18:24,2126-11-19 14:18:24,-22.81476714842196,-43.215317117791146,-22.814713329826176,-43.215377964619686,2731.7174452113967,1796.8516159129863,934.8568292874115,831141.676475623,229.64423347746617,61.582953772118835
1,HBEFA4/PC_petrol_Euro-6ab,Gasoline,2126-11-19 14:18:24,2126-11-19 14:18:24,-22.814713329826176,-43.215377964619686,-22.81462755719645,-43.21545144111717,2731.7168767893113,1796.861147511911,934.8568292874115,831144.5974121119,229.64541859188716,61.583226833371716
1,HBEFA4/PC_petrol_Euro-6ab,Gasoline,2126-11-19 14:18:24,2126-11-19 14:18:29,-22.81462755719645,-43.21545144111717,-22.81491758184946,-43.215182597291116,2746.2279228818216,1815.1714947444333,941.157428136388,835561.5691783134,231.8386623429457,61.91121258113454
1,HBEFA4/PC_petrol_Euro-6ab,Gasoline,2126-11-19 14:18:29,2126-11-19 14:18:29,-22.81491758184946,-43.215182597291116,-22.814871257513515,-43.21521734162881,2746.2314635111434,1815.1741353747553,941.157428136388,835562.1863227596,231.8391359313131,61.91131855147621
1,HBEFA4/PC_petrol_Euro-6ab,Gasoline,2126-11-19 14:18:29,2126-11-19 14:18:29,-22.814871257513515,-43.21521734162881,-22.81482148755578,-43.215264946711574,2746.23684122349,1815.1794121871121,941.157428136388,835566.4144777779,231.84168791637566,61.91147236425451
1,HBEFA4/PC_petrol_Euro-6ab,Gasoline,2126-11-19 14:18:29,2126-11-19 14:18:41,-22.81482148755578,-43.215264946711574,-22.814917771513924,-43.215182415885965,2777.9369174397198,1827.271115346483,951.6668121932269,845191.2153848266,233.55545716137525,62.629779136746534
1,HBEFA4/PC_petrol_Euro-6ab,Gasoline,2126-11-19 14:18:41,2126-11-19 14:18:41,-22.814917771513924,-43.215182415885965,-22.814874736197565,-43.21521411425812,2777.9412354385625,1827.2734233453355,951.6668121932269,845191.2153848266,233.55545716137525,62.629779136746534
1,HBEFA4/PC_petrol_Euro-6ab,Gasoline,2126-11-19 14:18:41,2126-11-19 14:18:41,-22.814874736197565,-43.21521411425812,-22.814829123582918,-43.21525773847766,2777.9451253112466,1827.2783132171193,951.6668121932269,845195.1148332287,233.55684419599334,62.629928412717954
1,HBEFA4/PC_petrol_Euro-6ab,Gasoline,2126-11-19 14:18:41,2126-11-19 14:18:41,-22.814829123582918,-43.21525773847766,-22.814774157323495,-43.21531131377256,2777.9518916697916,1827.2851795765646,951.6668121932269,845199.8112141337,233.5584562146713,62.631131571421326
1,HBEFA4/PC_petrol_Euro-6ab,Gasoline,2126-11-19 14:18:41,2126-11-19 14:18:41,-22.814774157323495,-43.21531131377256,-22.814716827286342,-43.21537461931156,2777.96112774668,1827.2932156534532,951.6668121932269,845214.1649351215,233.55979825326463,62.631368568213235
1,HBEFA4/PC_petrol_Euro-6ab,Gasoline,2126-11-19 14:18:41,2126-11-19 14:18:41,-22.814716827286342,-43.21537461931156,-22.81463111823852,-43.215448111955585,2777.9699791974196,1827.3131671141828,951.6668121932269,845219.8164465193,233.56147929144214,62.63165991317652
1,HBEFA4/PC_petrol_Euro-6ab,Gasoline,2126-11-19 14:18:41,2126-11-19 14:18:43,-22.81463111823852,-43.215448111955585,-22.79811423184332,-43.21195513637115,2785.493311141789,1833.3498231854492,952.14348695634,847979.1141714549,234.41173431814772,62.81139399372845
1,HBEFA4/PC_petrol_Euro-6ab,Gasoline,2126-11-19 14:18:43,2126-11-19 14:18:54,-22.79811423184332,-43.21195513637115,-22.814918156512525,-43.215172482588665,2816.812186259583,1856.9213367316968,959.8817495278862,857711.3113712571,237.18544118694415,63.49311754267924
1,HBEFA4/PC_petrol_Euro-6ab,Gasoline,2126-11-19 14:18:54,2126-11-19 14:18:54,-22.814918156512525,-43.215172482588665,-22.8148861176792,-43.21521323315378,2816.815198253857,1856.9244487259717,959.8817495278862,857711.3113712571,237.18544118694415,63.49311754267924
1,HBEFA4/PC_petrol_Euro-6ab,Gasoline,2126-11-19 14:18:54,2126-11-19 14:18:54,-22.8148861176792,-43.21521323315378,-22.814841684988513,-43.21524562781881,2816.8199569115348,1856.9292173826484,959.8817495278862,857714.1855159554,237.18686893443132,63.4931636851255
1,HBEFA4/PC_petrol_Euro-6ab,Gasoline,2126-11-19 14:18:54,2126-11-19 14:18:54,-22.814841684988513,-43.21524562781881,-22.8147867729949,-43.2152981512227,2816.8165175347253,1856.935768116839,959.8817495278862,857718.7925851812,237.18843169631154,63.49335983265853
1,HBEFA4/PC_petrol_Euro-6ab,Gasoline,2126-11-19 14:18:54,2126-11-19 14:18:54,-22.8147867729949,-43.2152981512227,-22.814721174161964,-43.215361992173115,2816.824645579914,1856.9438961521279,959.8817495278862,857713.434597429,237.18989435294847,63.49359851213293
1,HBEFA4/PC_petrol_Euro-6ab,Gasoline,2126-11-19 14:18:54,2126-11-19 14:18:57,-22.814721174161964,-43.215361992173115,-22.7981888184176,-43.213131174662476,2828.9199677278627,1863.1124843273552,965.8974834115176,861151.6511532877,238.1788121884141,63.76543971119477
1,HBEFA4/PC_petrol_Euro-6ab,Gasoline,2126-11-19 14:18:57,2126-11-19 14:19:12,-22.7981888184176,-43.213131174662476,-22.81491986915963,-43.21518141947117,2841.459593735874,1871.21632541654,969.2532683293342,864639.8981366861,239.1991951161713,64.12755255471351
1,HBEFA4/PC_petrol_Euro-6ab,Gasoline,2126-11-19 14:19:12,2126-11-19 14:19:12,-22.81491986915963,-43.21518141947117,-22.814877439645598,-43.2152114284126,2841.4628249444177,1871.2195566151833,969.2532683293342,864639.8981366861,239.1991951161713,64.12755255471351
1,HBEFA4/PC_petrol_Euro-6ab,Gasoline,2126-11-19 14:19:12,2126-11-19 14:19:15,-22.814877439645598,-43.2152114284126,-22.81169462821944,-43.21923493522611,2851.119418827725,1877.3452111255183,972.6641977122172,867738.1139449831,239.95726915273255,64.24619881961942
1,HBEFA4/PC_petrol_Euro-6ab,Gasoline,2126-11-19 14:19:15,2126-11-19 14:19:15,-22.81169462821944,-43.21923493522611,-22.81167757777732,-43.21914191319376,2851.117148842449,1877.3529511412317,972.6641977122172,867738.1139449831,239.95726915273255,64.24619881961942
1,HBEFA4/PC_petrol_Euro-6ab,Gasoline,2126-11-19 14:19:15,2126-11-19 14:19:17,-22.81167757777732,-43.21914191319376,-22.81491182994344,-43.215179491478124,2857.781193977752,1882.8367851682846,974.9443189194672,869713.6211251274,241.4845839677895,64.41662211544556
1,HBEFA4/PC_petrol_Euro-6ab,Gasoline,2126-11-19 14:19:17,2126-11-19 14:19:11,-22.81491182994344,-43.215179491478124,-22.81491192791618,-43.21517939676685,2868.1467488925215,1887.918876588375,981.1278723141464,872861.618111688,241.32159955931614,64.6459813926895
1,HBEFA4/PC_petrol_Euro-6ab,Gasoline,2126-11-19 14:19:11,2126-11-19 14:19:13,-22.81491192791618,-43.21517939676685,-22.798194793172824,-43.21195843912168,2877.9818284493133,1892.7211724137297,985.2597561455839,876111.6333493252,242.1542391524549,64.86981121518985
1,HBEFA4/PC_petrol_Euro-6ab,Gasoline,2126-11-19 14:19:13,2126-11-19 14:19:13,-22.798194793172824,-43.21195843912168,-22.798113481718265,-43.211991361332166,2877.9897546264347,1892.7299985818519,985.2597561455839,876115.5111121166,242.15541918111562,64.87115918944252
1,HBEFA4/PC_petrol_Euro-6ab,Gasoline,2126-11-19 14:19:13,2126-11-19 14:19:22,-22.798113481718265,-43.211991361332166,-22.81169773622321,-43.219251891377974,2912.3818892816134,1917.7171141554189,994.6648851251945,883492.2284814918,244.2331624213682,65.43176389126555
1,HBEFA4/PC_petrol_Euro-6ab,Gasoline,2126-11-19 14:19:22,2126-11-19 14:19:22,-22.81169773622321,-43.219251891377974,-22.811681286736715,-43.21916214813439,2912.389694183261,1917.7248191581663,994.6648851251945,883494.1118212892,244.2336192898858,65.43198679317816
1,HBEFA4/PC_petrol_Euro-6ab,Gasoline,2126-11-19 14:19:22,2126-11-19 14:19:22,-22.811681286736715,-43.21916214813439,-22.81166143472324,-43.21915384183414,2912.399186857485,1917.7342117322918,994.6648851251945,883499.1618768235,244.2351251143196,65.43126121361837
1,HBEFA4/PC_petrol_Euro-6ab,Gasoline,2126-11-19 14:19:22,2126-11-19 14:19:22,-22.81166143472324,-43.21915384183414,-22.811638726121212,-43.218929951869724,2912.4114223737177,1917.7455372485233,994.6648851251945,883515.6311114189,244.23694781363562,65.43159286145969
1,HBEFA4/PC_petrol_Euro-6ab,Gasoline,2126-11-19 14:19:22,2126-11-19 14:19:27,-22.811638726121212,-43.218929951869724,-22.814917347429445,-43.21518282151465,2915.844974623383,1915.2114319787233,1111.6335426446598,888181.1616981594,245.4963816414884,65.73472817426327
1,HBEFA4/PC_petrol_Euro-6ab,Gasoline,2126-11-19 14:19:27,2126-11-19 14:19:27,-22.814917347429445,-43.21518282151465,-22.814873392125534,-43.21521529996232,2915.8487582198546,1915.215215565195,1111.6335426446598,888182.6277634775,245.4972724814942,65.73484393178778
1,HBEFA4/PC_petrol_Euro-6ab,Gasoline,2126-11-19 14:19:27,2126-11-19 14:19:27,-22.814873392125534,-43.21521529996232,-22.814826861379414,-43.215259817585655,2915.853784273947,1915.2212416292873,1111.6335426446598,888185.9767158286,245.49846986188462,65.73499551961178
1,HBEFA4/PC_petrol_Euro-6ab,Gasoline,2126-11-19 14:19:27,2126-11-19 14:19:27,-22.814826861379414,-43.215259817585655,-22.814771684138925,-43.21531354132139,2915.8616718661617,1915.2271292214118,1111.6335426446598,888191.7851599381,245.51117646721917,65.73521196512861
1,HBEFA4/PC_petrol_Euro-6ab,Gasoline,2126-11-19 14:19:27,2126-11-19 14:19:29,-22.814771684138925,-43.21531354132139,-22.798312926359355,-43.214584135983424,2922.3264461893183,1919.8962917155233,1112.4311553737952,889951.1269435856,246.1188721539818,65.87968556468446
1,HBEFA4/PC_petrol_Euro-6ab,Gasoline,2126-11-19 14:19:29,2126-11-19 14:19:34,-22.798312926359355,-43.214584135983424,-22.811712818481235,-43.21927935467163,2937.1514159448145,1929.943574863476,1117.2178311813287,894264.2871161816,247.21549561624612,66.21913259643289
1,HBEFA4/PC_petrol_Euro-6ab,Gasoline,2126-11-19 14:19:34,2126-11-19 14:19:34,-22.811712818481235,-43.21927935467163,-22.81168572438999,-43.21918635862427,2937.1594991132454,1929.9516679219169,1117.2178311813287,894266.3767789143,247.21614213779715,66.2192642689266
1,HBEFA4/PC_petrol_Euro-6ab,Gasoline,2126-11-19 14:19:34,2126-11-19 14:19:34,-22.81168572438999,-43.21918635862427,-22.811665395731977,-43.21917545181416,2937.1692329481557,1929.961411866827,1117.2178311813287,894271.6596554378,247.21771343159288,66.21954861644387
1,HBEFA4/PC_petrol_Euro-6ab,Gasoline,2126-11-19 14:19:34,2126-11-19 14:19:51,-22.811665395731977,-43.21917545181416,-22.797177571778,-43.21395375411118,2982.433494173727,1958.1521789375322,1124.281415136195,918115.7741721712,251.117385218317,67.24518618584562
1,HBEFA4/PC_petrol_Euro-6ab,Gasoline,2126-11-19 14:19:51,2126-11-19 14:19:51,-22.797177571778,-43.21395375411118,-22.79715629131588,-43.213946925379654,2982.4475832237727,1958.1661681875777,1124.281415136195,918115.7741721712,251.117385218317,67.24518618584562
1,HBEFA4/PC_petrol_Euro-6ab,Gasoline,2126-11-19 14:19:51,2126-11-19 14:19:51,-22.79715629131588,-43.213946925379654,-22.797113234594264,-43.21382252619171,2982.4614429771664,1958.1811278419712,1124.281415136195,918117.1437997928,251.11777895773117,67.24548174132867
1,HBEFA4/PC_petrol_Euro-6ab,Gasoline,2126-11-19 14:19:51,2126-11-19 14:19:51,-22.797113234594264,-43.21382252619171,-22.79723641155139,-43.21394274881292,2982.5257675291937,1958.2443523929987,1124.281415136195,918117.4123725147,251.11186414876722,67.2466196195823
1,HBEFA4/PC_petrol_Euro-6ab,Gasoline,2126-11-19 14:19:51,2126-11-19 14:19:51,-22.79723641155139,-43.21394274881292,-22.797174256334753,-43.21395437423654,2982.5311993924724,1958.2497842562773,1124.281415136195,918119.3415541495,251.11149382911253,67.2467778171467
1,HBEFA4/PC_petrol_Euro-6ab,Gasoline,2126-11-19 14:19:51,2126-11-19 14:19:51,-22.797174256334753,-43.21395437423654,-22.797194117892797,-43.21396255278473,2982.5381858994892,1958.256771763294,1124.281415136195,918123.6433549789,251.1129183951264,67.24698462174233
1,HBEFA4/PC_petrol_Euro-6ab,Gasoline,2126-11-19 14:19:51,2126-11-19 14:19:58,-22.797194117892797,-43.21396255278473,-22.798199839227742,-43.21195661971413,3116.6438631278616,1973.9895241253827,1132.654339112478,915237.1653614112,253.11541935458295,67.79768831747411
1,HBEFA4/PC_petrol_Euro-6ab,Gasoline,2126-11-19 14:19:58,2126-11-19 14:19:58,-22.798199839227742,-43.21195661971413,-22.798121561636155,-43.21198484189191,3116.6518553811375,1973.9975162786598,1132.654339112478,915241.7785395796,253.11687227657977,67.79792321851336
1,HBEFA4/PC_petrol_Euro-6ab,Gasoline,2126-11-19 14:19:58,2126-11-19 14:19:58,-22.798121561636155,-43.21198484189191,-22.7979289981732,-43.21211821391285,3116.661996161297,1974.1166569588187,1132.654339112478,915245.8441211641,253.11811296996318,67.798188482475
1,HBEFA4/PC_petrol_Euro-6ab,Gasoline,2126-11-19 14:19:58,2126-11-19 14:19:58,-22.7979289981732,-43.21211821391285,-22.797826441726123,-43.21215518895827,3116.6718146958363,1974.1174655933583,1132.654339112478,915251.5496951316,253.1197216119841,67.79851369541112
1,HBEFA4/PC_petrol_Euro-6ab,Gasoline,2126-11-19 14:19:58,2126-11-19 14:21:19,-22.797826441726123,-43.21215518895827,-22.812639738381612,-43.21171184991788,3134.1694518929736,1994.8189338171376,1139.3515171859362,923981.1137631291,255.47311845711473,68.41666464344916
1,HBEFA4/PC_petrol_Euro-6ab,Gasoline,2126-11-19 14:21:19,2126-11-19 14:21:19,-22.812639738381612,-43.21171184991788,-22.81261895632471,-43.211759749322515,3134.1735593551975,1994.8231422692614,1139.3515171859362,923981.1137631291,255.47311845711473,68.41666464344916
1,HBEFA4/PC_petrol_Euro-6ab,Gasoline,2126-11-19 14:21:19,2126-11-19 14:21:19,-22.81261895632471,-43.211759749322515,-22.81261441511164,-43.211822393631176,3134.1789918538167,1994.8284737678713,1139.3515171859362,923983.6561512619,255.47427149955644,68.41682763217167
1,HBEFA4/PC_petrol_Euro-6ab,Gasoline,2126-11-19 14:21:19,2126-11-19 14:21:19,-22.81261441511164,-43.211822393631176,-22.812634318298863,-43.211892931785764,3134.185759929248,1994.835242843312,1139.3515171859362,923987.5287412633,255.4755592756319,68.41712743471141
1,HBEFA4/PC_petrol_Euro-6ab,Gasoline,2126-11-19 14:21:19,2126-11-19 14:21:18,-22.812634318298863,-43.211892931785764,-22.814911717478812,-43.215188216146325,3162.774864419465,2119.9432715423258,1152.8315938671392,932388.4275177147,257.71458151891145,69.15847124771164
1,HBEFA4/PC_petrol_Euro-6ab,Gasoline,2126-11-19 14:21:18,2126-11-19 14:21:18,-22.814911717478812,-43.215188216146325,-22.814862725279325,-43.2152255127328,3162.778713132954,2119.947119165815,1152.8315938671392,932391.1226643522,257.7151881147318,69.1585844582516
1,HBEFA4/PC_petrol_Euro-6ab,Gasoline,2126-11-19 14:21:18,2126-11-19 14:21:18,-22.814862725279325,-43.2152255127328,-22.814812158932233,-43.21527386954343,3162.7844731618193,2119.9528792936799,1152.8315938671392,932394.6132981253,257.7167159378868,69.15875945789917
1,HBEFA4/PC_petrol_Euro-6ab,Gasoline,2126-11-19 14:21:18,2126-11-19 14:21:18,-22.814812158932233,-43.21527386954343,-22.81475481622331,-43.215328727458934,3162.791957966819,2119.96136419967,1152.8315938671392,932399.3328651291,257.71824111712673,69.1589818293791
1,HBEFA4/PC_petrol_Euro-6ab,Gasoline,2126-11-19 14:21:18,2126-11-19 14:21:18,-22.81475481622331,-43.215328727458934,-22.81468727632711,-43.215393319776185,3162.811447283666,2119.9688534165268,1152.8315938671392,932412.9641482542,257.71936582328454,69.15922718188531
1,HBEFA4/PC_petrol_Euro-6ab,Gasoline,2126-11-19 14:21:18,2126-11-19 14:21:18,-22.81468727632711,-43.215393319776185,-22.81461263869177,-43.21546471153391,3162.811443118146,2119.978849151917,1152.8315938671392,932418.1324738161,257.7118499339225,69.1595182749235
1,HBEFA4/PC_petrol_Euro-6ab,Gasoline,2126-11-19 14:21:18,2126-11-19 14:21:21,-22.81461263869177,-43.21546471153391,-22.79819378537886,-43.21195881233112,3169.347744121789,2112.782265114417,1156.565479117382,934498.2183812354,258.26531489163194,69.21889575772647
1,HBEFA4/PC_petrol_Euro-6ab,Gasoline,2126-11-19 14:21:21,2126-11-19 14:21:23,-22.79819378537886,-43.21195881233112,-22.797276752977368,-43.21393543915473,3174.932129915245,2118.3666517978628,1156.565479117382,936168.1215181814,258.7693469298314,69.33419412188971
1,HBEFA4/PC_petrol_Euro-6ab,Gasoline,2126-11-19 14:21:23,2126-11-19 14:21:46,-22.797276752977368,-43.21393543915473,-22.798159934936546,-43.213187122129574,3141.8119377151773,2166.318712486244,1174.4932352188334,956337.9688768911,264.4246356116384,71.81937511772946
1,HBEFA4/PC_petrol_Euro-6ab,Gasoline,2126-11-19 14:21:46,2126-11-19 14:21:46,-22.798159934936546,-43.213187122129574,-22.797968969729617,-43.21328466973189,3141.8159312834264,2166.322696164593,1174.4932352188334,956341.2891135713,264.4252838842723,71.81977614523894
1,HBEFA4/PC_petrol_Euro-6ab,Gasoline,2126-11-19 14:21:46,2126-11-19 14:21:46,-22.797968969729617,-43.21328466973189,-22.79784633751172,-43.2132997229312,3141.8314141357857,2166.3371688169523,1174.4932352188334,956343.7499421698,264.42619967945135,71.81119315935517
1,HBEFA4/PC_petrol_Euro-6ab,Gasoline,2126-11-19 14:21:46,2126-11-19 14:21:46,-22.79784633751172,-43.2132997229312,-22.797733732354647,-43.213245468186564,3141.8445217459926,2166.351286527159,1174.4932352188334,956343.7499421698,264.42619967945135,71.81119315935517
1,HBEFA4/PC_petrol_Euro-6ab,Gasoline,2126-11-19 14:21:46,2126-11-19 14:21:46,-22.797733732354647,-43.213245468186564,-22.797621262619955,-43.21317655216811,3141.8583395991514,2166.365114381317,1174.4932352188334,956343.7499421698,264.42619967945135,71.81119315935517
1,HBEFA4/PC_petrol_Euro-6ab,Gasoline,2126-11-19 14:21:46,2126-11-19 14:21:46,-22.797621262619955,-43.21317655216811,-22.797521273113846,-43.21311281517633,3141.8726666128533,2166.37943138412,1174.4932352188334,956347.2761794899,264.4271337886651,71.81161597253362
1,HBEFA4/PC_petrol_Euro-6ab,Gasoline,2126-11-19 14:21:46,2126-11-19 14:21:46,-22.797521273113846,-43.21311281517633,-22.797446855111484,-43.21317186551574,3141.885532825673,2166.3922976168397,1174.4932352188334,956347.2761794899,264.4271337886651,71.81161597253362
1,HBEFA4/PC_petrol_Euro-6ab,Gasoline,2126-11-19 14:21:46,2126-11-19 14:21:46,-22.797446855111484,-43.21317186551574,-22.79741845151288,-43.21314922191891,3141.8948316223154,2166.411596413472,1174.4932352188334,956347.2761794899,264.4271337886651,71.81161597253362
1,HBEFA4/PC_petrol_Euro-6ab,Gasoline,2126-11-19 14:21:46,2126-11-19 14:21:46,-22.79741845151288,-43.21314922191891,-22.797215452571173,-43.21299665486199,3141.9131725769273,2166.419837358194,1174.4932352188334,956355.1881215134,264.4297557447216,71.81111341915732
1,HBEFA4/PC_petrol_Euro-6ab,Gasoline,2126-11-19 14:21:46,2126-11-19 14:21:55,-22.797215452571173,-43.21299665486199,-22.814911817311794,-43.21517951212623,3163.5864118427144,2182.5115116271157,1181.1859112157188,963875.783711685,266.54775711723656,71.31531661849664
1,HBEFA4/PC_petrol_Euro-6ab,Gasoline,2126-11-19 14:21:55,2126-11-19 14:21:55,-22.814911817311794,-43.21517951212623,-22.814877969911878,-43.21521192121142,3163.5911161796216,2182.514194863913,1181.1859112157188,963877.625692158,266.5483761289874,71.31541515723374
1,HBEFA4/PC_petrol_Euro-6ab,Gasoline,2126-11-19 14:21:55,2126-11-19 14:21:55,-22.814877969911878,-43.21521192121142,-22.814832357632556,-43.21525454945317,3163.5948666572353,2182.5189554415263,1181.1859112157188,963881.9767351726,266.54958451298324,71.31556234761898
1,HBEFA4/PC_petrol_Euro-6ab,Gasoline,2126-11-19 14:21:55,2126-11-19 14:21:55,-22.814832357632556,-43.21525454945317,-22.81477328784876,-43.215311149775645,3163.6116181653417,2182.5157169496327,1181.1859112157188,963885.7932296264,266.5512148731989,71.31576417118823
1,HBEFA4/PC_petrol_Euro-6ab,Gasoline,2126-11-19 14:21:55,2126-11-19 14:21:11,-22.81477328784876,-43.215311149775645,-22.814919659838447,-43.21518161968751,3181.3652842983283,2192.1931185741195,1188.2722657242189,969165.5489615736,267.99734666314116,71.7129956663177
1,HBEFA4/PC_petrol_Euro-6ab,Gasoline,2126-11-19 14:21:11,2126-11-19 14:21:11,-22.814919659838447,-43.21518161968751,-22.8148817199516,-43.21521831134663,3181.3683859281113,2192.1961212137925,1188.2722657242189,969165.5489615736,267.99734666314116,71.7129956663177
1,HBEFA4/PC_petrol_Euro-6ab,Gasoline,2126-11-19 14:21:11,2126-11-19 14:21:11,-22.8148817199516,-43.21521831134663,-22.814841723155714,-43.21524559131181,3181.3726711779265,2192.1114153537176,1188.2722657242189,969168.6747254417,267.99849745522823,71.71312691382258
1,HBEFA4/PC_petrol_Euro-6ab,Gasoline,2126-11-19 14:21:11,2126-11-19 14:21:11,-22.814841723155714,-43.21524559131181,-22.81479519162778,-43.2152911987918,3181.3784418851856,2192.1161761619767,1188.2722657242189,969172.5552617115,267.9998521649891,71.71329991547975
1,HBEFA4/PC_petrol_Euro-6ab,Gasoline,2126-11-19 14:21:11,2126-11-19 14:21:24,-22.81479519162778,-43.2152911987918,-22.8117168492378,-43.21931123312193,3242.523451823987,2139.2754621691233,1113.2479886549638,988324.1573212148,273.39734195368237,73.17841713851833
1,HBEFA4/PC_petrol_Euro-6ab,Gasoline,2126-11-19 14:21:24,2126-11-19 14:21:24,-22.8117168492378,-43.21931123312193,-22.81168949571647,-43.21921693379945,3242.531558521911,2139.2835698659374,1113.2479886549638,988325.8255272945,273.3978531211314,73.17864812194533
1,HBEFA4/PC_petrol_Euro-6ab,Gasoline,2126-11-19 14:21:24,2126-11-19 14:21:24,-22.81168949571647,-43.21921693379945,-22.811669199556713,-43.2191956586881,3242.541429516885,2139.293441861921,1113.2479886549638,988331.4235113111,273.39949774424576,73.178936929539
1,HBEFA4/PC_petrol_Euro-6ab,Gasoline,2126-11-19 14:21:24,2126-11-19 14:21:24,-22.811669199556713,-43.2191956586881,-22.811646237915113,-43.2189719331941,3242.5531757522147,2139.315187197241,1113.2479886549638,988337.6973651348,273.4112222556137,73.17927681655397
1,HBEFA4/PC_petrol_Euro-6ab,Gasoline,2126-11-19 14:21:24,2126-11-19 14:21:24,-22.811646237915113,-43.2189719331941,-22.811621844336432,-43.218832394865546,3242.5661297418716,2139.3181411869165,1113.2479886549638,988343.5151199153,273.41275487437513,73.17965611367588
1,HBEFA4/PC_petrol_Euro-6ab,Gasoline,2126-11-19 14:21:24,2126-11-19 14:21:24,-22.811621844336432,-43.218832394865546,-22.81159568344371,-43.218695126723316,3242.581629391977,2139.332641736113,1113.2479886549638,988349.9381233394,273.4143777122852,73.18117837281833
1,HBEFA4/PC_petrol_Euro-6ab,Gasoline,2126-11-19 14:21:24,2126-11-19 14:21:24,-22.81159568344371,-43.218695126723316,-22.811571398464747,-43.2185626378817,3242.5949961168594,2139.347117461896,1113.2479886549638,988351.5174286272,273.41484546136173,73.18148941663893
1,HBEFA4/PC_petrol_Euro-6ab,Gasoline,2126-11-19 14:21:24,2126-11-19 14:21:24,-22.811571398464747,-43.2185626378817,-22.8115454961347,-43.218431543494984,3242.6188626386545,2139.361873983691,1113.2479886549638,988351.5174286272,273.41484546136173,73.18148941663893
1,HBEFA4/PC_petrol_Euro-6ab,Gasoline,2126-11-19 14:21:24,2126-11-19 14:21:24,-22.8115454961347,-43.218431543494984,-22.8115181316679,-43.21829193493147,3242.6227255814115,2139.374736925448,1113.2479886549638,988353.4518217324,273.415411127137,73.18188611229518
1,HBEFA4/PC_petrol_Euro-6ab,Gasoline,2126-11-19 14:21:24,2126-11-19 14:21:24,-22.8115181316679,-43.21829193493147,-22.811492119618225,-43.21816161661814,3242.637278525199,2139.389289871235,1113.2479886549638,988357.5765243117,273.41647311124457,73.18131647571191
1,HBEFA4/PC_petrol_Euro-6ab,Gasoline,2126-11-19 14:21:24,2126-11-19 14:21:24,-22.811492119618225,-43.21816161661814,-22.8114653457455,-43.21812613973739,3242.6511671119128,2139.4131784459387,1113.2479886549638,988357.5765243117,273.41647311124457,73.18131647571191
1,HBEFA4/PC_petrol_Euro-6ab,Gasoline,2126-11-19 14:21:24,2126-11-19 14:21:32,-22.8114653457455,-43.21812613973739,-22.812648634749313,-43.21169134515749,3265.3828428142547,2156.5315137781827,1118.8513291361722,995194.7129882122,275.29566644618985,73.58751526512194
1,HBEFA4/PC_petrol_Euro-6ab,Gasoline,2126-11-19 14:21:32,2126-11-19 14:21:32,-22.812648634749313,-43.21169134515749,-22.812626286141116,-43.211742855474784,3265.386864241598,2156.535535215526,1118.8513291361722,995194.7129882122,275.29566644618985,73.58751526512194
1,HBEFA4/PC_petrol_Euro-6ab,Gasoline,2126-11-19 14:21:32,2126-11-19 14:21:32,-22.812626286141116,-43.211742855474784,-22.812614961358927,-43.21181532433415,3265.3927151948963,2156.5413761588243,1118.8513291361722,995199.1281131114,275.29721993877877,73.58768169873173
1,HBEFA4/PC_petrol_Euro-6ab,Gasoline,2126-11-19 14:21:32,2126-11-19 14:21:32,-22.812614961358927,-43.21181532433415,-22.81262199688337,-43.21188156456882,3265.3996357584156,2156.548316722344,1118.8513291361722,995112.6171161191,275.29836316986956,73.58788484639378
1,HBEFA4/PC_petrol_Euro-6ab,Gasoline,2126-11-19 14:21:32,2126-11-19 14:21:36,-22.81262199688337,-43.21188156456882,-22.814916291349354,-43.21518383261534,3277.4542568214515,2161.331179131814,1116.124177689648,998777.1972131689,276.2592985617898,73.87582216819736
1,HBEFA4/PC_petrol_Euro-6ab,Gasoline,2126-11-19 14:21:36,2126-11-19 14:21:36,-22.814916291349354,-43.21518383261534,-22.814878391981814,-43.215211518447814,3277.457144678341,2161.3331669886936,1116.124177689648,998777.1972131689,276.2592985617898,73.87582216819736
1,HBEFA4/PC_petrol_Euro-6ab,Gasoline,2126-11-19 14:21:36,2126-11-19 14:21:41,-22.814878391981814,-43.215211518447814,-22.798332457271413,-43.21457774674131,3288.524121916439,2167.7161482759286,1121.8179736415117,1112187.6682577212,277.1568143727121,74.1269769451549
1,HBEFA4/PC_petrol_Euro-6ab,Gasoline,2126-11-19 14:21:41,2126-11-19 14:21:41,-22.798332457271413,-43.21457774674131,-22.79821156597174,-43.21461411885218,3288.537954541114,2167.7299819115135,1121.8179736415117,1112192.2339261219,277.1581185566394,74.12737977315827
1,HBEFA4/PC_petrol_Euro-6ab,Gasoline,2126-11-19 14:21:41,2126-11-19 14:21:44,-22.79821156597174,-43.21461411885218,-22.797273957293736,-43.21393593681642,3299.6215784687115,2174.921772554178,1124.699815914534,1115483.6664111347,278.1178389781353,74.37616392547756
1,HBEFA4/PC_petrol_Euro-6ab,Gasoline,2126-11-19 14:21:44,2126-11-19 14:21:44,-22.797273957293736,-43.21393593681642,-22.797151556138886,-43.2139588171742,3299.6357125251446,2174.9358966116116,1124.699815914534,1115485.1419139429,278.1182823488284,74.37656761776441
1,HBEFA4/PC_petrol_Euro-6ab,Gasoline,2126-11-19 14:21:44,2126-11-19 14:21:56,-22.797151556138886,-43.2139588171742,-22.81171219298612,-43.21927612213191,3334.3712517428216,2211.818561173685,1133.5516915691366,1116814.7188167826,281.2781313196732,75.15175729945128
1,HBEFA4/PC_petrol_Euro-6ab,Gasoline,2126-11-19 14:21:56,2126-11-19 14:21:57,-22.81171219298612,-43.21927612213191,-22.811686784215123,-43.21919214165721,3334.3776778926554,2211.825987323519,1133.5516915691366,1116819.5149542349,281.27959277331194,75.1519772753513
1,HBEFA4/PC_petrol_Euro-6ab,Gasoline,2126-11-19 14:21:57,2126-11-19 14:21:57,-22.811686784215123,-43.21919214165721,-22.811668751111292,-43.219193751674445,3334.386457791129,2211.834767221993,1133.5516915691366,1116813.9115412364,281.2819419145536,75.15223328956164
1,HBEFA4/PC_petrol_Euro-6ab,Gasoline,2126-11-19 14:21:57,2126-11-19 14:21:57,-22.811668751111292,-43.219193751674445,-22.81164761366393,-43.218978384216134,3334.396755343414,2211.845164774268,1133.5516915691366,1116819.1886913113,281.28244363554575,75.15253315759979
1,HBEFA4/PC_petrol_Euro-6ab,Gasoline,2126-11-19 14:21:57,2126-11-19 14:21:57,-22.81164761366393,-43.218978384216134,-22.811623373713217,-43.218846194154724,3334.4188298958514,2211.857139326714,1133.5516915691366,1116825.5326915419,281.28418841145475,75.15288549619733
1,HBEFA4/PC_petrol_Euro-6ab,Gasoline,2126-11-19 14:21:57,2126-11-19 14:21:57,-22.811623373713217,-43.218846194154724,-22.811598223523657,-43.21871898439124,3334.4226651333674,2211.871974564231,1133.5516915691366,1116832.6475248949,281.2861166826159,75.15328946141193
1,HBEFA4/PC_petrol_Euro-6ab,Gasoline,2126-11-19 14:21:57,2126-11-19 14:22:14,-22.811598223523657,-43.21871898439124,-22.81171336172397,-43.21928234474884,3383.5814139419195,2238.2392419974236,1145.3411629444963,1131977.3918759214,285.55469642839296,76.25163615439417
1,HBEFA4/PC_petrol_Euro-6ab,Gasoline,2126-11-19 14:22:14,2126-11-19 14:22:14,-22.81171336172397,-43.21928234474884,-22.81168744417119,-43.21919574122838,3383.5882759667998,2238.247113122314,1145.3411629444963,1131977.3918759214,285.55469642839296,76.25163615439417
1,HBEFA4/PC_petrol_Euro-6ab,Gasoline,2126-11-19 14:22:14,2126-11-19 14:22:14,-22.81168744417119,-43.21919574122838,-22.811669658197396,-43.21919871645363,3383.597341949498,2238.256178115112,1145.3411629444963,1131981.5321298788,285.555953165128,76.2518993912317
1,HBEFA4/PC_petrol_Euro-6ab,Gasoline,2126-11-19 14:22:14,2126-11-19 14:22:14,-22.811669658197396,-43.21919871645363,-22.811649958423968,-43.218991231973695,3383.6174967681147,2238.2663338235184,1145.3411629444963,1131985.7112715259,285.55717437745115,76.25219326198173
1,HBEFA4/PC_petrol_Euro-6ab,Gasoline,2126-11-19 14:22:14,2126-11-19 14:22:14,-22.811649958423968,-43.218991231973695,-22.811626862158525,-43.218865225341874,3383.6187453314174,2238.277582386921,1145.3411629444963,1131991.162317514,285.5584283742546,76.25251852471348
1,HBEFA4/PC_petrol_Euro-6ab,Gasoline,2126-11-19 14:22:14,2126-11-19 14:22:14,-22.811626862158525,-43.218865225341874,-22.81161161514156,-43.21872743316479,3383.6319332963158,2238.29177135182,1145.3411629444963,1131997.5112329643,285.56133973976615,76.25291419914125
1,HBEFA4/PC_petrol_Euro-6ab,Gasoline,2126-11-19 14:22:14,2126-11-19 14:22:14,-22.81161161514156,-43.21872743316479,-22.811576189476313,-43.218588775615816,3383.6463548671413,2238.315191922645,1145.3411629444963,1132113.2664284473,285.5618143568176,76.25332315715182
1,HBEFA4/PC_petrol_Euro-6ab,Gasoline,2126-11-19 14:22:14,2126-11-19 14:22:14,-22.811576189476313,-43.218588775615816,-22.81154993911817,-43.21845296614485,3383.6618671155742,2238.319714171178,1145.3411629444963,1132115.5413255974,285.56243696712285,76.2537395582625
1,HBEFA4/PC_petrol_Euro-6ab,Gasoline,2126-11-19 14:22:14,2126-11-19 14:22:24,-22.81154993911817,-43.21845296614485,-22.811696815695794,-43.21924686951683,3419.217387297861,2257.112816199683,1152.1145711981778,1139786.4786149215,287.74889219172353,76.81919859476558
1,HBEFA4/PC_petrol_Euro-6ab,Gasoline,2126-11-19 14:22:24,2126-11-19 14:22:24,-22.811696815695794,-43.21924686951683,-22.811681384255475,-43.219157224473245,3419.2256497812987,2257.121178582121,1152.1145711981778,1139788.6647422186,287.7495671435155,76.8194352191576
1,HBEFA4/PC_petrol_Euro-6ab,Gasoline,2126-11-19 14:22:24,2126-11-19 14:22:24,-22.811681384255475,-43.219157224473245,-22.811661879215857,-43.219151811113244,3419.2351321758267,2257.1314619776494,1152.1145711981778,1139792.7263372155,287.75178614396494,76.81971719934755
1,HBEFA4/PC_petrol_Euro-6ab,Gasoline,2126-11-19 14:22:24,2126-11-19 14:22:24,-22.811661879215857,-43.219151811113244,-22.811638115183136,-43.218926563795916,3419.2461695739357,2257.1415983757583,1152.1145711981778,1139798.7588686495,287.7524754412948,76.82113227848182
1,HBEFA4/PC_petrol_Euro-6ab,Gasoline,2126-11-19 14:22:24,2126-11-19 14:22:26,-22.811638115183136,-43.218926563795916,-22.814913952388112,-43.21517651384873,3413.859951774514,2261.889217458283,1152.971744316221,1141593.1134792783,288.28152621118546,76.92466312711916
1,HBEFA4/PC_petrol_Euro-6ab,Gasoline,2126-11-19 14:22:26,2126-11-19 14:22:42,-22.814913952388112,-43.21517651384873,-22.81491568526324,-43.21518441138226,3459.8539411269187,2296.2647161873885,1163.5892239395215,1155957.465719381,292.34567152431417,77.94397641891814
1,HBEFA4/PC_petrol_Euro-6ab,Gasoline,2126-11-19 14:22:42,2126-11-19 14:22:42,-22.81491568526324,-43.21518441138226,-22.81487719914842,-43.215211658534466,3459.8571542429193,2296.267831313389,1163.5892239395215,1155957.465719381,292.34567152431417,77.94397641891814
1,HBEFA4/PC_petrol_Euro-6ab,Gasoline,2126-11-19 14:22:42,2126-11-19 14:22:42,-22.81487719914842,-43.215211658534466,-22.814837924869162,-43.21524922438166,3459.861271761146,2296.2721468215257,1163.5892239395215,1155961.4687432288,292.34677431695627,77.94411542745146
1,HBEFA4/PC_petrol_Euro-6ab,Gasoline,2126-11-19 14:22:42,2126-11-19 14:22:42,-22.814837924869162,-43.21524922438166,-22.814791438913268,-43.2152946447778,3459.867184115676,2296.2778611661557,1163.5892239395215,1155964.5347789915,292.34819561377184,77.94428119723946
1,HBEFA4/PC_petrol_Euro-6ab,Gasoline,2126-11-19 14:22:42,2126-11-19 14:22:42,-22.814791438913268,-43.2152946447778,-22.814729848986515,-43.215352599156326,3459.874112954125,2296.284889114514,1163.5892239395215,1155968.2539177195,292.34941676288867,77.94448653841236
1,HBEFA4/PC_petrol_Euro-6ab,Gasoline,2126-11-19 14:22:42,2126-11-19 14:22:42,-22.814729848986515,-43.215352599156326,-22.814659955916925,-43.21541945171139,3459.8831814392163,2296.293857499696,1163.5892239395215,1155973.9184893195,292.35113961888113,77.94475154261817
1,HBEFA4/PC_petrol_Euro-6ab,Gasoline,2126-11-19 14:22:42,2126-11-19 14:22:42,-22.814659955916925,-43.21541945171139,-22.81458157542832,-43.21549442245321,3459.893426967263,2296.314213127743,1163.5892239395215,1155978.7885342652,292.35255178726766,77.94515114268775
1,HBEFA4/PC_petrol_Euro-6ab,Gasoline,2126-11-19 14:22:42,2126-11-19 14:22:42,-22.81458157542832,-43.21549442245321,-22.814531816751285,-43.21554297293446,3459.915128791917,2296.315814852387,1163.5892239395215,1155983.7418135235,292.3539262858241,77.94538737114924
1,HBEFA4/PC_petrol_Euro-6ab,Gasoline,2126-11-19 14:22:42,2126-11-19 14:22:46,-22.814531816751285,-43.21554297293446,-22.811711218194396,-43.219271743663176,3471.325248717568,2315.597125975138,1165.7282227325312,1159186.5834218673,293.2216377614663,78.19623316913974
1,HBEFA4/PC_petrol_Euro-6ab,Gasoline,2126-11-19 14:22:46,2126-11-19 14:22:46,-22.811711218194396,-43.219271743663176,-22.811381628622596,-43.21761354131169,3471.4931371114184,2315.7648143688884,1165.7282227325312,1159125.1613361495,293.2311145714133,78.19965215631386
1,HBEFA4/PC_petrol_Euro-6ab,Gasoline,2126-11-19 14:22:46,2126-11-19 14:22:54,-22.811381628622596,-43.21761354131169,-22.811699835834433,-43.219263259536655,3491.78619893624,2321.544585643147,1171.241513293193,1165599.483751362,295.18519915341893,78.65769189199366
1,HBEFA4/PC_petrol_Euro-6ab,Gasoline,2126-11-19 14:22:54,2126-11-19 14:22:54,-22.811699835834433,-43.219263259536655,-22.81168279968154,-43.21917141229997,3491.7941341318196,2321.5525217376168,1171.241513293193,1165599.483751362,295.18519915341893,78.65769189199366
1,HBEFA4/PC_petrol_Euro-6ab,Gasoline,2126-11-19 14:22:54,2126-11-19 14:22:54,-22.81168279968154,-43.21917141229997,-22.81166361565637,-43.2191656857371,3491.8137529629396,2321.5622396697468,1171.241513293193,1165615.1739292228,295.18685113832763,78.65797646218176
1,HBEFA4/PC_petrol_Euro-6ab,Gasoline,2126-11-19 14:22:54,2126-11-19 14:23:15,-22.81166361565637,-43.2191656857371,-22.797231813155956,-43.21299647151672,3526.764171717192,2344.1141391241847,1182.7611326831172,1176163.7881719898,297.9954741119214,79.45247774139458
1,HBEFA4/PC_petrol_Euro-6ab,Gasoline,2126-11-19 14:23:15,2126-11-19 14:23:15,-22.797231813155956,-43.21299647151672,-22.797113716857698,-43.212997914738184,3526.7783751759127,2344.118242392896,1182.7611326831172,1176166.3687132354,297.9961831336291,79.45288546887713
1,HBEFA4/PC_petrol_Euro-6ab,Gasoline,2126-11-19 14:23:15,2126-11-19 14:23:15,-22.797113716857698,-43.212997914738184,-22.796971132884837,-43.21311153423971,3526.7925595842935,2344.1324269112863,1182.7611326831172,1176168.2815794141,297.9967315615195,79.45329162116239
1,HBEFA4/PC_petrol_Euro-6ab,Gasoline,2126-11-19 14:23:15,2126-11-19 14:23:15,-22.796971132884837,-43.21311153423971,-22.796849111659275,-43.21311154113479,3526.8172614156947,2344.1471277226875,1182.7611326831172,1176171.8987272114,297.9976811819773,79.45371561679187
1,HBEFA4/PC_petrol_Euro-6ab,Gasoline,2126-11-19 14:23:15,2126-11-19 14:23:17,-22.796849111659275,-43.21311154113479,-22.814914117812134,-43.21518611586996,3536.161385618481,2351.8358471838157,1185.2255385346652,1179167.64335582,298.8313211999841,79.66383161123233
1,HBEFA4/PC_petrol_Euro-6ab,Gasoline,2126-11-19 14:23:17,2126-11-19 14:23:17,-22.814914117812134,-43.21518611586996,-22.814871719224818,-43.215217866168416,3536.164912538514,2351.8393641138494,1185.2255385346652,1179167.64335582,298.8313211999841,79.66383161123233
1,HBEFA4/PC_petrol_Euro-6ab,Gasoline,2126-11-19 14:23:17,2126-11-19 14:23:18,-22.814871719224818,-43.215217866168416,-22.814831614735426,-43.215256216537386,3536.169831381788,2351.8442928461227,1185.2255385346652,1179171.219599631,298.83261566113664,79.66398131317182
1,HBEFA4/PC_petrol_Euro-6ab,Gasoline,2126-11-19 14:23:18,2126-11-19 14:23:18,-22.814831614735426,-43.215256216537386,-22.814777218459886,-43.21531729114338,3536.1757661481447,2351.8512276133795,1185.2255385346652,1179174.3749112396,298.8336911919128,79.66415562843936
1,HBEFA4/PC_petrol_Euro-6ab,Gasoline,2126-11-19 14:23:18,2126-11-19 14:23:18,-22.814777218459886,-43.21531729114338,-22.813149139759153,-43.21216881937498,3537.597246926392,2351.261753552318,1186.336493374174,1179682.6851141411,298.9615873239266,79.69741151185149
1,HBEFA4/PC_petrol_Euro-6ab,Gasoline,2126-11-19 14:23:18,2126-11-19 14:23:15,-22.813149139759153,-43.21216881937498,-22.798191798819658,-43.21195987919129,3561.167143897177,2367.9815273123887,1193.185616594789,1186495.9981811985,311.85217486998714,81.21912894144225
1,HBEFA4/PC_petrol_Euro-6ab,Gasoline,2126-11-19 14:23:15,2126-11-19 14:23:15,-22.798191798819658,-43.21195987919129,-22.798111541744457,-43.21199241993447,3561.1761511398136,2367.991434445125,1193.185616594789,1186499.895164374,311.8533645417176,81.2193873614664
1,HBEFA4/PC_petrol_Euro-6ab,Gasoline,2126-11-19 14:23:15,2126-11-19 14:23:15,-22.798111541744457,-43.21199241993447,-22.797897332763113,-43.21212963133239,3561.1865914619127,2368.1119738661242,1193.185616594789,1186515.4249161321,311.8549495373947,81.21969468154772
1,HBEFA4/PC_petrol_Euro-6ab,Gasoline,2126-11-19 14:23:15,2126-11-19 14:23:22,-22.797897332763113,-43.21212963133239,-22.812638194799137,-43.21171541763486,3577.4286486762753,2382.5416384987184,1194.8871111775572,1191929.788737242,312.4899696797193,81.59137143217425
1,HBEFA4/PC_petrol_Euro-6ab,Gasoline,2126-11-19 14:23:22,2126-11-19 14:23:22,-22.812638194799137,-43.21171541763486,-22.812615627931397,-43.21176742174886,3577.4331527783295,2382.546142611773,1194.8871111775572,1191929.788737242,312.4899696797193,81.59137143217425
1,HBEFA4/PC_petrol_Euro-6ab,Gasoline,2126-11-19 14:23:22,2126-11-19 14:23:22,-22.812615627931397,-43.21176742174886,-22.812614164744414,-43.21183283774719,3577.4389517465413,2382.5519415689834,1194.8871111775572,1191933.7129111364,312.4913321153318,81.59154695573113
1,HBEFA4/PC_petrol_Euro-6ab,Gasoline,2126-11-19 14:23:22,2126-11-19 14:23:22,-22.812614164744414,-43.21183283774719,-22.812645178895133,-43.2119119565459,3577.44592324596,2382.558913168413,1194.8871111775572,1191937.173732588,312.4924671213384,81.59175119657723
1,HBEFA4/PC_petrol_Euro-6ab,Gasoline,2126-11-19 14:23:22,2126-11-19 14:23:36,-22.812645178895133,-43.2119119565459,-22.79825515755277,-43.2145944711312,3621.7162622517756,2417.6272138231298,1213.1791484276458,1115311.3645191914,316.1261715842497,81.58177288177554
1,HBEFA4/PC_petrol_Euro-6ab,Gasoline,2126-11-19 14:23:36,2126-11-19 14:23:36,-22.79825515755277,-43.2145944711312,-22.798158261932524,-43.214611722241394,3621.721145775865,2417.641997348219,1213.1791484276458,1115312.5139978693,316.1267766888335,81.58116754686116
1,HBEFA4/PC_petrol_Euro-6ab,Gasoline,2126-11-19 14:23:36,2126-11-19 14:23:36,-22.798158261932524,-43.214611722241394,-22.798111973329447,-43.214618755272516,3621.7319312716725,2417.6518828431267,1213.1791484276458,1115312.5139978693,316.1267766888335,81.58116754686116
1,HBEFA4/PC_petrol_Euro-6ab,Gasoline,2126-11-19 14:23:36,2126-11-19 14:23:47,-22.798111973329447,-43.214618755272516,-22.798198688855195,-43.21195713445422,3656.116262723335,2429.7311446664,1226.275218156935,1116425.722797317,319.213769143367,82.37491579971132
1,HBEFA4/PC_petrol_Euro-6ab,Gasoline,2126-11-19 14:23:47,2126-11-19 14:23:47,-22.798198688855195,-43.21195713445422,-22.798111689343417,-43.21198876137144,3656.114719711356,2429.739511654421,1226.275218156935,1116429.6254672413,319.2149814313852,82.37515178164145
1,HBEFA4/PC_petrol_Euro-6ab,Gasoline,2126-11-19 14:23:47,2126-11-19 14:23:47,-22.798111689343417,-43.21198876137144,-22.797912424444846,-43.21212418926466,3656.1249955143186,2429.7497774573835,1226.275218156935,1116435.4921294912,319.2166764563897,82.37545241116466
1,HBEFA4/PC_petrol_Euro-6ab,Gasoline,2126-11-19 14:23:47,2126-11-19 14:23:47,-22.797912424444846,-43.21212418926466,-22.797811799689413,-43.2121641732419,3656.1364711168197,2429.7612519598747,1226.275218156935,1116441.2644872651,319.2181181475635,82.37578467862416
1,HBEFA4/PC_petrol_Euro-6ab,Gasoline,2126-11-19 14:23:47,2126-11-19 14:23:47,-22.797811799689413,-43.2121641732419,-22.79768192186917,-43.212117654171524,3656.149387791943,2429.774169735118,1226.275218156935,1116446.124189678,319.2195599345435,82.37616113796263
1,HBEFA4/PC_petrol_Euro-6ab,Gasoline,2126-11-19 14:23:47,2126-11-19 14:23:47,-22.79768192186917,-43.212117654171524,-22.797561115761786,-43.2121512478915,3656.1635129434943,2429.7882848865593,1226.275218156935,1116451.6721221819,319.2119858971364,82.37656981716329
1,HBEFA4/PC_petrol_Euro-6ab,Gasoline,2126-11-19 14:23:47,2126-11-19 14:23:47,-22.797561115761786,-43.2121512478915,-22.79744173171513,-43.212197567962124,3656.177622331279,2429.812414273344,1226.275218156935,1116453.649326262,319.2115513161176,82.37697414111218
1,HBEFA4/PC_petrol_Euro-6ab,Gasoline,2126-11-19 14:23:47,2126-11-19 14:23:47,-22.79744173171513,-43.212197567962124,-22.797321659188494,-43.21224963174114,3656.1915637498915,2429.816345692957,1226.275218156935,1116455.1736826288,319.2119815914135,82.37737235131922
1,HBEFA4/PC_petrol_Euro-6ab,Gasoline,2126-11-19 14:23:47,2126-11-19 14:23:47,-22.797321659188494,-43.21224963174114,-22.797214731146598,-43.21231111251448,3656.1158958485264,2429.831677791592,1226.275218156935,1116458.2411197242,319.2128296913929,82.37778477155362
1,HBEFA4/PC_petrol_Euro-6ab,Gasoline,2126-11-19 14:23:47,2126-11-19 14:23:56,-22.797214731146598,-43.21231111251448,-22.81491682175114,-43.21518332528434,3681.9754265172173,2447.6513397883386,1234.3241867288687,1124421.1451259634,311.4164323747866,82.96919612223943
1,HBEFA4/PC_petrol_Euro-6ab,Gasoline,2126-11-19 14:23:56,2126-11-19 14:23:56,-22.81491682175114,-43.21518332528434,-22.814874338316816,-43.21521439484172,3681.9786561684496,2447.6545694395813,1234.3241867288687,1124421.1451259634,311.4164323747866,82.96919612223943
1,HBEFA4/PC_petrol_Euro-6ab,Gasoline,2126-11-19 14:23:56,2126-11-19 14:23:56,-22.814874338316816,-43.21521439484172,-22.814833253873262,-43.21525369219717,3681.9834642157,2447.6593774768317,1234.3241867288687,1124424.9342712692,311.4178214783716,82.9693431961311
1,HBEFA4/PC_petrol_Euro-6ab,Gasoline,2126-11-19 14:23:56,2126-11-19 14:23:56,-22.814833253873262,-43.21525369219717,-22.81477941653682,-43.21531519724615,3681.989545514151,2447.6654587752823,1234.3241867288687,1124428.5468727134,311.41915715811286,82.96952375285754
1,HBEFA4/PC_petrol_Euro-6ab,Gasoline,2126-11-19 14:23:56,2126-11-19 14:23:56,-22.81477941653682,-43.21531519724615,-22.814712139225472,-43.21536953843528,3681.997515958916,2447.6734292311375,1234.3241867288687,1124433.7549274664,311.42171376971523,82.96975947172433
1,HBEFA4/PC_petrol_Euro-6ab,Gasoline,2126-11-19 14:23:56,2126-11-19 14:23:56,-22.814712139225472,-43.21536953843528,-22.814632659172718,-43.2154455619928,3682.1174728272975,2447.6833861984293,1234.3241867288687,1124439.8791522777,311.4225149831333,82.97115174258115
1,HBEFA4/PC_petrol_Euro-6ab,Gasoline,2126-11-19 14:23:56,2126-11-19 14:23:56,-22.814632659172718,-43.2154455619928,-22.814565941185112,-43.21551937761518,3682.1192374127546,2447.695151683886,1234.3241867288687,1124446.2819251692,311.4242565783864,82.97139521118346
1,HBEFA4/PC_petrol_Euro-6ab,Gasoline,2126-11-19 14:23:56,2126-11-19 14:24:14,-22.814565941185112,-43.21551937761518,-22.814916883172826,-43.21518326557769,3714.1897528376813,2463.15175433453,1241.1379985131516,1131166.1251837434,313.31628463838746,83.45872832361712
1,HBEFA4/PC_petrol_Euro-6ab,Gasoline,2126-11-19 14:24:14,2126-11-19 14:24:14,-22.814916883172826,-43.21518326557769,-22.814871627317943,-43.21521794441254,3714.1935669288137,2463.1555684256524,1241.1379985131516,1131168.4229711111,313.31711176418426,83.45884431331131
1,HBEFA4/PC_petrol_Euro-6ab,Gasoline,2126-11-19 14:24:14,2126-11-19 14:24:14,-22.814871627317943,-43.21521794441254,-22.814826116517814,-43.21526161474175,3714.198933514588,2463.1619351114365,1241.1379985131516,1131172.318879677,313.3184861527914,83.45911655754116
1,HBEFA4/PC_petrol_Euro-6ab,Gasoline,2126-11-19 14:24:14,2126-11-19 14:24:14,-22.814826116517814,-43.21526161474175,-22.814769271749457,-43.21531489213358,3714.1155367739127,2463.1675382717614,1241.1379985131516,1131175.972751646,313.3197118269462,83.45921132222
1,HBEFA4/PC_petrol_Euro-6ab,Gasoline,2126-11-19 14:24:14,2126-11-19 14:24:19,-22.814769271749457,-43.21531489213358,-22.814911221287617,-43.215181172659424,3751.116352887782,2498.185861282116,1252.8214916157766,1144881.415531911,317.1611583826325,84.49786834171128
1,HBEFA4/PC_petrol_Euro-6ab,Gasoline,2126-11-19 14:24:19,2126-11-19 14:24:19,-22.814911221287617,-43.215181172659424,-22.814879121729974,-43.21521991619196,3751.119912822434,2498.189421216658,1252.8214916157766,1144882.4159836613,317.1618494366217,84.49797653743818
1,HBEFA4/PC_petrol_Euro-6ab,Gasoline,2126-11-19 14:24:19,2126-11-19 14:24:19,-22.814879121729974,-43.21521991619196,-22.814838949466536,-43.215248244351125,3751.114531115516,2498.19413951974,1252.8214916157766,1144885.4157291922,317.16293287917416,84.49811621863539
1,HBEFA4/PC_petrol_Euro-6ab,Gasoline,2126-11-19 14:24:19,2126-11-19 14:24:21,-22.814838949466536,-43.215248244351125,-22.81479137311568,-43.215293751298335,3751.121462445214,2498.1999718394374,1252.8214916157766,1144889.1598431811,317.16418895915716,84.49829283914575
1,HBEFA4/PC_petrol_Euro-6ab,Gasoline,2126-11-19 14:24:21,2126-11-19 14:24:21,-22.81479137311568,-43.215293751298335,-22.814732816349162,-43.21534976177458,3751.127514687164,2498.2171131813877,1252.8214916157766,1144892.5981831398,317.16534733121375,84.49849917748477
1,HBEFA4/PC_petrol_Euro-6ab,Gasoline,2126-11-19 14:24:21,2126-11-19 14:24:21,-22.814732816349162,-43.21534976177458,-22.814661942365133,-43.21541755167616,3751.1361722119187,2498.215681616142,1252.8214916157766,1144897.5132411148,317.1668632292474,84.49875326383476
1,HBEFA4/PC_petrol_Euro-6ab,Gasoline,2126-11-19 14:24:21,2126-11-19 14:24:21,-22.814661942365133,-43.21541755167616,-22.81458161961467,-43.2154943811891,3751.146662934493,2498.2261713287166,1252.8214916157766,1144913.4688128734,317.16857173155695,84.49916115719174
1,HBEFA4/PC_petrol_Euro-6ab,Gasoline,2126-11-19 14:24:21,2126-11-19 14:24:21,-22.81458161961467,-43.2154943811891,-22.814531698284123,-43.21554212975211,3751.1585522514325,2498.2381616456563,1252.8214916157766,1144918.8695194693,317.17115132661135,84.49941527771241
1,HBEFA4/PC_petrol_Euro-6ab,Gasoline,2126-11-19 14:24:21,2126-11-19 14:24:24,-22.814531698284123,-43.21554212975211,-22.79819232383516,-43.21195932926925,3763.112149875994,2516.3641917597113,1256.637958116283,1148861.4442935815,318.2974838148417,84.76914128651192
1,HBEFA4/PC_petrol_Euro-6ab,Gasoline,2126-11-19 14:24:24,2126-11-19 14:24:24,-22.79819232383516,-43.21195932926925,-22.79799763581969,-43.21199346762149,3763.111622961994,2516.373664845711,1256.637958116283,1148865.3748261859,318.2989519429615,84.76931942691444
1,HBEFA4/PC_petrol_Euro-6ab,Gasoline,2126-11-19 14:24:24,2126-11-19 14:24:24,-22.79799763581969,-43.21199346762149,-22.797889242129298,-43.212132547282165,3763.122679789116,2516.384721672723,1256.637958116283,1148871.7223271113,318.31145761652416,84.76964194444956
1,HBEFA4/PC_petrol_Euro-6ab,Gasoline,2126-11-19 14:24:24,2126-11-19 14:24:41,-22.797889242129298,-43.212132547282165,-22.81491619291984,-43.21518412146691,3811.1681268836414,2534.787148685118,1275.3811781986235,1163951.4369741487,322.47121928819346,85.85329321293263
1,HBEFA4/PC_petrol_Euro-6ab,Gasoline,2126-11-19 14:24:41,2126-11-19 14:24:41,-22.81491619291984,-43.21518412146691,-22.814869999394186,-43.21521854512338,3811.171893913177,2534.791815714554,1275.3811781986235,1163952.9938911664,322.4721415199535,85.85341884278514
1,HBEFA4/PC_petrol_Euro-6ab,Gasoline,2126-11-19 14:24:41,2126-11-19 14:24:41,-22.814869999394186,-43.21521854512338,-22.814821627414297,-43.215265769436885,3811.1772364495715,2534.796158251947,1275.3811781986235,1163956.9187618657,322.47353991391293,85.85357154567442
1,HBEFA4/PC_petrol_Euro-6ab,Gasoline,2126-11-19 14:24:41,2126-11-19 14:24:41,-22.814821627414297,-43.215265769436885,-22.81476138722438,-43.21532338922956,3811.1845444677638,2534.8134662691417,1275.3811781986235,1163962.1362922142,322.4752219221712,85.85378813584275
1,HBEFA4/PC_petrol_Euro-6ab,Gasoline,2126-11-19 14:24:41,2126-11-19 14:24:41,-22.81476138722438,-43.21532338922956,-22.814687524185695,-43.21539318269973,3811.1934611869333,2534.8123829883198,1275.3811781986235,1163966.9936471398,322.4767353867443,85.85414917355439
1,HBEFA4/PC_petrol_Euro-6ab,Gasoline,2126-11-19 14:24:41,2126-11-19 14:24:41,-22.814687524185695,-43.21539318269973,-22.814612482181554,-43.21547442531457,3811.21424633115,2534.8231681314264,1275.3811781986235,1163973.1658211573,322.4784846598584,85.85436462563416
1,HBEFA4/PC_petrol_Euro-6ab,Gasoline,2126-11-19 14:24:41,2126-11-19 14:24:41,-22.814612482181554,-43.21547442531457,-22.814545481317137,-43.21552894731458,3811.2168342145356,2534.835756115912,1275.3811781986235,1163979.88245174,322.48127187511293,85.85473216377958
1,HBEFA4/PC_petrol_Euro-6ab,Gasoline,2126-11-19 14:24:41,2126-11-19 14:24:41,-22.814545481317137,-43.21552894731458,-22.814513272691397,-43.21555975374956,3811.2252715641675,2534.844193365544,1275.3811781986235,1163979.88245174,322.48127187511293,85.85473216377958
1,HBEFA4/PC_petrol_Euro-6ab,Gasoline,2126-11-19 14:24:41,2126-11-19 14:25:11,-22.814513272691397,-43.21555975374956,-22.811713831711484,-43.21928489487139,3872.464835991775,2576.158341957652,1296.4164951341235,1183238.3418743927,327.8116375151782,87.25555924683967
1,HBEFA4/PC_petrol_Euro-6ab,Gasoline,2126-11-19 14:25:11,2126-11-19 14:25:11,-22.811713831711484,-43.21928489487139,-22.811687545168618,-43.21919629224617,3872.4723789899745,2576.1658839558514,1296.4164951341235,1183238.3418743927,327.8116375151782,87.25555924683967
1,HBEFA4/PC_petrol_Euro-6ab,Gasoline,2126-11-19 14:25:11,2126-11-19 14:25:11,-22.811687545168618,-43.21919629224617,-22.8116684881668,-43.21919232314113,3872.4816532791187,2576.1751582448856,1296.4164951341235,1183243.6681971414,327.81324113273286,87.25583195456166
1,HBEFA4/PC_petrol_Euro-6ab,Gasoline,2126-11-19 14:25:11,2126-11-19 14:25:11,-22.8116684881668,-43.21919232314113,-22.81164761294266,-43.2189783812711,3872.492534856199,2576.1861398219756,1296.4164951341235,1183249.2545117123,327.81482171792146,87.25614798889977
1,HBEFA4/PC_petrol_Euro-6ab,Gasoline,2126-11-19 14:25:11,2126-11-19 14:25:11,-22.81164761294266,-43.2189783812711,-22.811624197183976,-43.21885114165376,3872.514461317615,2576.1979652734914,1296.4164951341235,1183253.7539221417,327.81616359878293,87.2564926377172
1,HBEFA4/PC_petrol_Euro-6ab,Gasoline,2126-11-19 14:25:11,2126-11-19 14:25:11,-22.811624197183976,-43.21885114165376,-22.81159862311821,-43.21871116436545,3872.517882185844,2576.1113871517216,1296.4164951341235,1183259.9416191275,327.81767413971556,87.25688316941432
1,HBEFA4/PC_petrol_Euro-6ab,Gasoline,2126-11-19 14:25:11,2126-11-19 14:25:11,-22.81159862311821,-43.21871116436545,-22.811574288941466,-43.21857841719756,3872.5324275885378,2576.1259325544147,1296.4164951341235,1183265.3992731246,327.8191634561812,87.25731531529864
1,HBEFA4/PC_petrol_Euro-6ab,Gasoline,2126-11-19 14:25:11,2126-11-19 14:25:11,-22.811574288941466,-43.21857841719756,-22.811548375215388,-43.21844517372151,3872.546322213519,2576.139827169396,1296.4164951341235,1183265.3992731246,327.8191634561812,87.25731531529864
1,HBEFA4/PC_petrol_Euro-6ab,Gasoline,2126-11-19 14:25:11,2126-11-19 14:25:11,-22.811548375215388,-43.21844517372151,-22.81152111159136,-43.21831697417343,3872.5613111171917,2576.153814972967,1296.4164951341235,1183267.6312289844,327.81969117751237,87.25771614451143
1,HBEFA4/PC_petrol_Euro-6ab,Gasoline,2126-11-19 14:25:11,2126-11-19 14:25:11,-22.81152111159136,-43.21831697417343,-22.81149463688868,-43.21817386591444,3872.5748195183344,2576.1683144842114,1296.4164951341235,1183271.1957813767,327.8216313928119,87.2581241154418
1,HBEFA4/PC_petrol_Euro-6ab,Gasoline,2126-11-19 14:25:11,2126-11-19 14:25:16,-22.81149463688868,-43.21817386591444,-22.814896491613615,-43.215193216194776,3919.283333884435,2614.4911581528285,1314.7931758316163,1197921.4291264764,331.83481671795713,88.32213467311673
1,HBEFA4/PC_petrol_Euro-6ab,Gasoline,2126-11-19 14:25:16,2126-11-19 14:25:16,-22.814896491613615,-43.215193216194776,-22.814862966598858,-43.215225271911174,3919.287185231972,2614.494119399366,1314.7931758316163,1197923.54338559,331.835551111281,88.32225111941798
1,HBEFA4/PC_petrol_Euro-6ab,Gasoline,2126-11-19 14:25:16,2126-11-19 14:25:16,-22.814862966598858,-43.215225271911174,-22.814822569434134,-43.21526391188224,3919.292147441675,2614.4989716191686,1314.7931758316163,1197926.6878457265,331.836671488236,88.32241125788683
1,HBEFA4/PC_petrol_Euro-6ab,Gasoline,2126-11-19 14:25:16,2126-11-19 14:25:16,-22.814822569434134,-43.21526391188224,-22.814773911768528,-43.21531145395247,3919.2981271194874,2614.514951177881,1314.7931758316163,1197929.869239797,331.8377524762723,88.32257686394753
1,HBEFA4/PC_petrol_Euro-6ab,Gasoline,2126-11-19 14:25:16,2126-11-19 14:25:16,-22.814773911768528,-43.21531145395247,-22.81471722511319,-43.21536467379615,3919.315329439473,2614.512153617867,1314.7931758316163,1197933.63928422,331.8389819458531,88.32278815398111
1,HBEFA4/PC_petrol_Euro-6ab,Gasoline,2126-11-19 14:25:16,2126-11-19 14:25:16,-22.81471722511319,-43.21536467379615,-22.814647894444642,-43.21543198848692,3919.313721118766,2614.5215441871613,1314.7931758316163,1197937.6115516168,331.8412183343637,88.32313246536851
1,HBEFA4/PC_petrol_Euro-6ab,Gasoline,2126-11-19 14:25:16,2126-11-19 14:25:16,-22.814647894444642,-43.21543198848692,-22.814572328587376,-43.215513267125286,3919.323982298217,2614.5318164666116,1314.7931758316163,1197943.5936813697,331.8419481625217,88.32333293796445
1,HBEFA4/PC_petrol_Euro-6ab,Gasoline,2126-11-19 14:25:16,2126-11-19 14:25:16,-22.814572328587376,-43.215513267125286,-22.81452716415588,-43.21554646662611,3919.3351675123173,2614.541991671711,1314.7931758316163,1197947.6145891524,331.84318753181143,88.32365559751563
1,HBEFA4/PC_petrol_Euro-6ab,Gasoline,2126-11-19 14:25:16,2126-11-19 14:25:24,-22.81452716415588,-43.21554646662611,-22.814917239719888,-43.21518292454877,3942.193371983351,2621.2797365983693,1321.8136343849822,1214879.464231812,333.7837881296365,88.83118846729833
1,HBEFA4/PC_petrol_Euro-6ab,Gasoline,2126-11-19 14:25:24,2126-11-19 14:25:24,-22.814917239719888,-43.21518292454877,-22.814878261251955,-43.21521164349127,3942.196514154296,2621.282869769314,1321.8136343849822,1214879.464231812,333.7837881296365,88.83118846729833
1,HBEFA4/PC_petrol_Euro-6ab,Gasoline,2126-11-19 14:25:24,2126-11-19 14:25:24,-22.814878261251955,-43.21521164349127,-22.814842155168848,-43.21524527374155,3942.1117936812493,2621.287159296268,1321.8136343849822,1214882.553611682,333.7849231813357,88.83131971137466
1,HBEFA4/PC_petrol_Euro-6ab,Gasoline,2126-11-19 14:25:24,2126-11-19 14:25:24,-22.814842155168848,-43.21524527374155,-22.814797877666843,-43.215287529592414,3942.116152741636,2621.292518355654,1321.8136343849822,1214885.7169881358,333.7861251416111,88.83147956644542
1,HBEFA4/PC_petrol_Euro-6ab,Gasoline,2126-11-19 14:25:24,2126-11-19 14:25:29,-22.814797877666843,-43.215287529592414,-22.8149166966462,-43.215183443991125,3959.271192281794,2631.126896949386,1329.2441953324187,1211393.9125477443,335.27521413534416,89.22819751152237
1,HBEFA4/PC_petrol_Euro-6ab,Gasoline,2126-11-19 14:25:29,2126-11-19 14:25:29,-22.8149166966462,-43.215183443991125,-22.814878116141573,-43.21521188654858,3959.274214538353,2631.1311192159444,1329.2441953324187,1211395.5111233823,335.27572711739176,89.22819261833197
1,HBEFA4/PC_petrol_Euro-6ab,Gasoline,2126-11-19 14:25:29,2126-11-19 14:25:29,-22.814878116141573,-43.21521188654858,-22.81483897884591,-43.2152482162497,3959.2784612945543,2631.1342659621456,1329.2441953324187,1211398.5384293418,335.27684318451916,89.22832255315616
1,HBEFA4/PC_petrol_Euro-6ab,Gasoline,2126-11-19 14:25:29,2126-11-19 14:25:32,-22.81483897884591,-43.2152482162497,-22.79812617834454,-43.21198317714556,3968.1283118151344,2632.1977863117263,1335.8315244934186,1213176.1289335413,335.98736178874213,89.43464513195991
1,HBEFA4/PC_petrol_Euro-6ab,Gasoline,2126-11-19 14:25:32,2126-11-19 14:25:39,-22.79812617834454,-43.21198317714556,-22.814914816141317,-43.21517568732641,3991.326157751241,2646.2863889514942,1344.1397687997472,1221176.151216369,337.88416164559163,89.93716696919297
1,HBEFA4/PC_petrol_Euro-6ab,Gasoline,2126-11-19 14:25:39,2126-11-19 14:25:39,-22.814914816141317,-43.21517568732641,-22.814883343131718,-43.21521578179694,3991.3291841891544,2646.289315389318,1344.1397687997472,1221176.151216369,337.88416164559163,89.93716696919297
1,HBEFA4/PC_petrol_Euro-6ab,Gasoline,2126-11-19 14:25:39,2126-11-19 14:25:39,-22.814883343131718,-43.21521578179694,-22.81484144267387,-43.215245859593255,3991.3337413313134,2646.2939725315564,1344.1397687997472,1221181.119352142,337.88563528563674,89.93731173894587
1,HBEFA4/PC_petrol_Euro-6ab,Gasoline,2126-11-19 14:25:39,2126-11-19 14:25:39,-22.81484144267387,-43.215245859593255,-22.814787125974154,-43.21529791924781,3991.3399434118434,2646.3111746121964,1344.1397687997472,1221184.1113119598,337.88713479691126,89.93749584466434
1,HBEFA4/PC_petrol_Euro-6ab,Gasoline,2126-11-19 14:25:39,2126-11-19 14:25:39,-22.814787125974154,-43.21529791924781,-22.81472219233111,-43.21536111829579,3991.3479981338846,2646.3182293341376,1344.1397687997472,1221189.2678176763,337.8886718282971,89.9377337556231
1,HBEFA4/PC_petrol_Euro-6ab,Gasoline,2126-11-19 14:25:39,2126-11-19 14:26:11,-22.81472219233111,-43.21536111829579,-22.81169911535817,-43.21925876299548,4154.4151141881953,2688.1491751141563,1366.2559291739392,1241116.1824184174,343.41157226677915,91.37384791828854
1,HBEFA4/PC_petrol_Euro-6ab,Gasoline,2126-11-19 14:26:11,2126-11-19 14:26:11,-22.81169911535817,-43.21925876299548,-22.811681971482817,-43.21916587844436,4154.4132547814547,2688.1573256175158,1366.2559291739392,1241118.4524196292,343.41227574747876,91.37418161641611
1,HBEFA4/PC_petrol_Euro-6ab,Gasoline,2126-11-19 14:26:11,2126-11-19 14:26:11,-22.811681971482817,-43.21916587844436,-22.81166268833169,-43.219161681116816,4154.4229764369657,2688.1671472631267,1366.2559291739392,1241123.5787889394,343.41379211133355,91.37436528633276
1,HBEFA4/PC_petrol_Euro-6ab,Gasoline,2126-11-19 14:26:11,2126-11-19 14:26:11,-22.81166268833169,-43.219161681116816,-22.811641133242116,-43.218942538257126,4154.4339865638385,2688.1781573898995,1366.2559291739392,1241128.4412618333,343.41516817316596,91.3746845668963
1,HBEFA4/PC_petrol_Euro-6ab,Gasoline,2126-11-19 14:26:11,2126-11-19 14:26:11,-22.811641133242116,-43.218942538257126,-22.811615934542897,-43.21881561886864,4154.4463515936754,2688.1914224197365,1366.2559291739392,1241133.879138245,343.4166368819317,91.37514344233713
1,HBEFA4/PC_petrol_Euro-6ab,Gasoline,2126-11-19 14:26:11,2126-11-19 14:26:11,-22.811615934542897,-43.21881561886864,-22.811591925712324,-43.218669171451194,4154.4616828611527,2688.2147536861137,1366.2559291739392,1241141.8311717518,343.41863142928844,91.37546317913271
1,HBEFA4/PC_petrol_Euro-6ab,Gasoline,2126-11-19 14:26:11,2126-11-19 14:26:11,-22.811591925712324,-43.218669171451194,-22.811566571372947,-43.21853691713726,4154.474962746767,2688.219133572828,1366.2559291739392,1241143.6516642618,343.419156526861,91.37587191511214
1,HBEFA4/PC_petrol_Euro-6ab,Gasoline,2126-11-19 14:26:11,2126-11-19 14:26:11,-22.811566571372947,-43.21853691713726,-22.811539147685857,-43.21839851387863,4154.48881813486,2688.232878961921,1366.2559291739392,1241143.6516642618,343.419156526861,91.37587191511214
1,HBEFA4/PC_petrol_Euro-6ab,Gasoline,2126-11-19 14:26:11,2126-11-19 14:26:11,-22.811539147685857,-43.21839851387863,-22.811512584711544,-43.21826444518133,4154.513339518778,2688.247411344839,1366.2559291739392,1241147.7592855934,343.42122514416344,91.37629162731939
1,HBEFA4/PC_petrol_Euro-6ab,Gasoline,2126-11-19 14:26:11,2126-11-19 14:26:11,-22.811512584711544,-43.21826444518133,-22.81148493486361,-43.218124911772464,4154.517414771735,2688.261485596796,1366.2559291739392,1241147.7592855934,343.42122514416344,91.37629162731939
1,HBEFA4/PC_petrol_Euro-6ab,Gasoline,2126-11-19 14:26:11,2126-11-19 14:26:11,-22.81148493486361,-43.218124911772464,-22.811458328371224,-43.21799162465188,4154.5321658653886,2688.2761366914497,1366.2559291739392,1241151.551723213,343.4212161317712,91.37671441343716
1,HBEFA4/PC_petrol_Euro-6ab,Gasoline,2126-11-19 14:26:11,2126-11-19 14:26:11,-22.811458328371224,-43.21799162465188,-22.811431411717264,-43.21785472727291,4154.546164152779,2688.2912348788412,1366.2559291739392,1241151.551723213,343.4212161317712,91.37671441343716
1,HBEFA4/PC_petrol_Euro-6ab,Gasoline,2126-11-19 14:26:11,2126-11-19 14:26:11,-22.811431411717264,-43.21785472727291,-22.811413818384375,-43.21771552664345,4154.56143236254,2688.314513188611,1366.2559291739392,1241154.142254319,343.4219128146845,91.37712391315192
1,HBEFA4/PC_petrol_Euro-6ab,Gasoline,2126-11-19 14:26:11,2126-11-19 14:26:16,-22.811413818384375,-43.21771552664345,-22.798113682334975,-43.21319537164926,4171.4156418112612,2696.4965566547216,1374.919185155539,1244995.3561995819,344.7157189942348,91.76631895453255
1,HBEFA4/PC_petrol_Euro-6ab,Gasoline,2126-11-19 14:26:16,2126-11-19 14:26:17,-22.798113682334975,-43.21319537164926,-22.79814381515845,-43.213211855859716,4171.429845371739,2696.5117612162,1374.919185155539,1244997.5715881725,344.71633993521646,91.76671612975773
1,HBEFA4/PC_petrol_Euro-6ab,Gasoline,2126-11-19 14:26:17,2126-11-19 14:26:18,-22.79814381515845,-43.213211855859716,-22.798162136917594,-43.21197121271835,4173.693132914893,2697.8241181853193,1375.8691248195737,1245898.7577296821,344.9818822755666,91.81742851965284
1,HBEFA4/PC_petrol_Euro-6ab,Gasoline,2126-11-19 14:26:18,2126-11-19 14:26:11,-22.798162136917594,-43.21197121271835,-22.812642712224923,-43.21171499566552,4178.6739366151623,2711.367281545936,1377.316655169127,1247726.446155945,345.528271291418,91.92892972152266
1,HBEFA4/PC_petrol_Euro-6ab,Gasoline,2126-11-19 14:26:11,2126-11-19 14:26:21,-22.812642712224923,-43.21171499566552,-22.814919161224913,-43.21518118661317,4198.6581584317815,2712.977516629796,1385.6816518119844,1253547.3774374982,347.11928654298726,92.38591356651812
1,HBEFA4/PC_petrol_Euro-6ab,Gasoline,2126-11-19 14:26:21,2126-11-19 14:26:21,-22.814919161224913,-43.21518118661317,-22.814873798261955,-43.215214911396184,4198.66143973242,2712.9817879314358,1385.6816518119844,1253549.1526376417,347.11988137132546,92.38611355858343
1,HBEFA4/PC_petrol_Euro-6ab,Gasoline,2126-11-19 14:26:21,2126-11-19 14:26:24,-22.814873798261955,-43.215214911396184,-22.81491185611811,-43.21517946544195,4117.141426239798,2718.5665185792484,1388.4749176615494,1255782.4636413187,347.71564158399224,92.57316197914213
1,HBEFA4/PC_petrol_Euro-6ab,Gasoline,2126-11-19 14:26:24,2126-11-19 14:26:54,-22.81491185611811,-43.21517946544195,-22.81171188861417,-43.21926895966674,4168.258329751688,2762.147629953988,1416.1116997967111,1275143.5315418972,353.2146642177299,93.954212975199
1,HBEFA4/PC_petrol_Euro-6ab,Gasoline,2126-11-19 14:26:54,2126-11-19 14:26:54,-22.81171188861417,-43.21926895966674,-22.811683175664114,-43.219171917977116,4168.266847274167,2762.156147477467,1416.1116997967111,1275148.5485328585,353.2162215199814,93.95445317715618
1,HBEFA4/PC_petrol_Euro-6ab,Gasoline,2126-11-19 14:26:54,2126-11-19 14:26:54,-22.811683175664114,-43.219171917977116,-22.811662911179247,-43.2191618963513,4168.277115376221,2762.16631557952,1416.1116997967111,1275153.969862115,353.2177977941397,93.9547496181468
1,HBEFA4/PC_petrol_Euro-6ab,Gasoline,2126-11-19 14:26:54,2126-11-19 14:26:54,-22.811662911179247,-43.2191618963513,-22.81164137411932,-43.21893894225974,4168.288519374418,2762.1778195777174,1416.1116997967111,1275159.1457727717,353.21923595957845,93.95518375792674
1,HBEFA4/PC_petrol_Euro-6ab,Gasoline,2126-11-19 14:26:54,2126-11-19 14:26:54,-22.81164137411932,-43.21893894225974,-22.811615844179138,-43.21881511587798,4168.311387956875,2762.1916881611753,1416.1116997967111,1275164.7446989918,353.21172414136635,93.95545736748295
1,HBEFA4/PC_petrol_Euro-6ab,Gasoline,2126-11-19 14:26:54,2126-11-19 14:26:54,-22.811615844179138,-43.21881511587798,-22.81159175613621,-43.218668245311316,4168.315394457296,2762.2146946615956,1416.1116997967111,1275171.1817215347,353.21211293214824,93.95586354913982
1,HBEFA4/PC_petrol_Euro-6ab,Gasoline,2126-11-19 14:26:54,2126-11-19 14:26:54,-22.81159175613621,-43.218668245311316,-22.81156485111872,-43.218528221214715,4168.3297195734285,2762.2191197767286,1416.1116997967111,1275173.1293465878,353.21289849889666,93.95627543147665
1,HBEFA4/PC_petrol_Euro-6ab,Gasoline,2126-11-19 14:26:54,2126-11-19 14:26:54,-22.81156485111872,-43.218528221214715,-22.811538785211445,-43.2183966744732,4168.344381212415,2762.2336814157145,1416.1116997967111,1275176.178117392,353.21371328932855,93.9566973857543
1,HBEFA4/PC_petrol_Euro-6ab,Gasoline,2126-11-19 14:26:54,2126-11-19 14:26:54,-22.811538785211445,-43.2183966744732,-22.81151141928268,-43.21825851295934,4168.358191593714,2762.247491797114,1416.1116997967111,1275176.178117392,353.21371328932855,93.9566973857543
1,HBEFA4/PC_petrol_Euro-6ab,Gasoline,2126-11-19 14:26:54,2126-11-19 14:26:54,-22.81151141928268,-43.21825851295934,-22.811484148181895,-43.21812142637115,4168.372697612879,2762.26199781618,1416.1116997967111,1275181.2165439788,353.21478737831123,93.95711638131564
1,HBEFA4/PC_petrol_Euro-6ab,Gasoline,2126-11-19 14:26:54,2126-11-19 14:26:54,-22.811484148181895,-43.21812142637115,-22.811457994364187,-43.21798893899463,4168.387195752177,2762.276495955477,1416.1116997967111,1275182.1768715575,353.21534783491733,93.95753191283112
1,HBEFA4/PC_petrol_Euro-6ab,Gasoline,2126-11-19 14:26:54,2126-11-19 14:26:54,-22.811457994364187,-43.21798893899463,-22.81143194152176,-43.21785745157937,4168.411111135274,2762.2913112385746,1416.1116997967111,1275182.1768715575,353.21534783491733,93.95753191283112
1,HBEFA4/PC_petrol_Euro-6ab,Gasoline,2126-11-19 14:26:54,2126-11-19 14:27:11,-22.81143194152176,-43.21785745157937,-22.812641481361317,-43.21171783261636,4211.831273886268,2781.877189484627,1418.9541844116414,1285767.9466437215,356.1551263889552,94.68165618393166
1,HBEFA4/PC_petrol_Euro-6ab,Gasoline,2126-11-19 14:27:11,2126-11-19 14:27:11,-22.812641481361317,-43.21171783261636,-22.812621231368237,-43.211756812851876,4211.835133817732,2781.88194941619,1418.9541844116414,1285767.9466437215,356.1551263889552,94.68165618393166
1,HBEFA4/PC_petrol_Euro-6ab,Gasoline,2126-11-19 14:27:11,2126-11-19 14:27:11,-22.812621231368237,-43.211756812851876,-22.812614456657992,-43.21182181154856,4211.841687875817,2781.8865134741752,1418.9541844116414,1285772.1966166488,356.1565991126377,94.68182419812718
1,HBEFA4/PC_petrol_Euro-6ab,Gasoline,2126-11-19 14:27:11,2126-11-19 14:27:11,-22.812614456657992,-43.21182181154856,-22.812631145869544,-43.21189131633987,4211.847627342225,2781.893442941584,1418.9541844116414,1285776.1922371286,356.15792158417114,94.68212883267236
1,HBEFA4/PC_petrol_Euro-6ab,Gasoline,2126-11-19 14:27:11,2126-11-19 14:27:11,-22.812631145869544,-43.21189131633987,-22.81312558121284,-43.2121588434387,4211.889378866429,2781.9351944647883,1418.9541844116414,1285796.1239622135,356.1636758519565,94.68324411125133
1,HBEFA4/PC_petrol_Euro-6ab,Gasoline,2126-11-19 14:27:11,2126-11-19 14:27:11,-22.81312558121284,-43.2121588434387,-22.813142493724277,-43.21211851161714,4211.913199711156,2781.949115318515,1418.9541844116414,1285811.7615561718,356.1651344211448,94.68364523719612
1,HBEFA4/PC_petrol_Euro-6ab,Gasoline,2126-11-19 14:27:11,2126-11-19 14:27:11,-22.813142493724277,-43.21211851161714,-22.813257918559173,-43.212157661173366,4211.91711531419,2781.9629319124484,1418.9541844116414,1285813.9893265774,356.1657612168563,94.68414393412166
1,HBEFA4/PC_petrol_Euro-6ab,Gasoline,2126-11-19 14:27:11,2126-11-19 14:27:14,-22.813257918559173,-43.212157661173366,-22.79814898779166,-43.21197495344189,4212.331814885425,2788.174678649465,1424.1561362359596,1288932.1429414937,356.98449616625965,94.94427996218818
1,HBEFA4/PC_petrol_Euro-6ab,Gasoline,2126-11-19 14:27:14,2126-11-19 14:27:14,-22.79814898779166,-43.21197495344189,-22.797933954428565,-43.21211642696632,4212.343173361168,2788.187137125219,1424.1561362359596,1288939.1782511147,356.98637773837713,94.94464141515923
1,HBEFA4/PC_petrol_Euro-6ab,Gasoline,2126-11-19 14:27:14,2126-11-19 14:27:41,-22.797933954428565,-43.21211642696632,-22.81171116947285,-43.219264524551436,4266.577899371595,2825.157146599187,1441.521752771418,1315995.752977313,361.74589868827286,96.16971592658338
1,HBEFA4/PC_petrol_Euro-6ab,Gasoline,2126-11-19 14:27:41,2126-11-19 14:27:41,-22.81171116947285,-43.219264524551436,-22.811683276699218,-43.219173114763436,4266.585531594112,2825.1647788226934,1441.521752771418,1315995.752977313,361.74589868827286,96.16971592658338
1,HBEFA4/PC_petrol_Euro-6ab,Gasoline,2126-11-19 14:27:41,2126-11-19 14:27:41,-22.811683276699218,-43.219173114763436,-22.811664555945744,-43.21917187121757,4266.595111584761,2825.1743578133533,1441.521752771418,1316111.6465431852,361.7476493218551,96.16998726126833
1,HBEFA4/PC_petrol_Euro-6ab,Gasoline,2126-11-19 14:27:41,2126-11-19 14:27:41,-22.811664555945744,-43.21917187121757,-22.81164289184873,-43.21895267816764,4266.61581115556,2825.185147384153,1441.521752771418,1316116.111575855,361.7488985128182,96.17129651913373
1,HBEFA4/PC_petrol_Euro-6ab,Gasoline,2126-11-19 14:27:41,2126-11-19 14:27:41,-22.81164289184873,-43.21895267816764,-22.81161881396291,-43.21882131791395,4266.6181713333415,2825.197417561933,1441.521752771418,1316112.3149965356,361.7515917391478,96.17165712548426
1,HBEFA4/PC_petrol_Euro-6ab,Gasoline,2126-11-19 14:27:41,2126-11-19 14:27:41,-22.81161881396291,-43.21882131791395,-22.811594521134165,-43.218688781171995,4266.631918724939,2825.1111659535313,1441.521752771418,1316118.2662469144,361.75213151331825,96.17115666413361
1,HBEFA4/PC_petrol_Euro-6ab,Gasoline,2126-11-19 14:27:41,2126-11-19 14:27:41,-22.811594521134165,-43.218688781171995,-22.811569512567324,-43.21855229467219,4266.645791358219,2825.1251375868113,1441.521752771418,1316121.5747369195,361.7527781714963,96.1714541893194
1,HBEFA4/PC_petrol_Euro-6ab,Gasoline,2126-11-19 14:27:41,2126-11-19 14:27:41,-22.811569512567324,-43.21855229467219,-22.811542785581135,-43.218416863751394,4266.6611751776515,2825.139322416243,1441.521752771418,1316123.8128598183,361.75364148517856,96.17186531686911
1,HBEFA4/PC_petrol_Euro-6ab,Gasoline,2126-11-19 14:27:41,2126-11-19 14:27:49,-22.811542785581135,-43.218416863751394,-22.814919133111135,-43.21518121925955,4285.929422938537,2839.895966146427,1446.1334567921114,1312168.5357411978,363.49948118374474,96.61491471399794
1,HBEFA4/PC_petrol_Euro-6ab,Gasoline,2126-11-19 14:27:49,2126-11-19 14:27:49,-22.814919133111135,-43.21518121925955,-22.814875711431496,-43.21521318144418,4285.932448712141,2839.8989919199316,1446.1334567921114,1312168.5357411978,363.49948118374474,96.61491471399794
1,HBEFA4/PC_petrol_Euro-6ab,Gasoline,2126-11-19 14:27:49,2126-11-19 14:27:49,-22.814875711431496,-43.21521318144418,-22.814833728249715,-43.215253238455185,4285.9373819563285,2839.9139241642186,1446.1334567921114,1312172.8319894397,363.51116295276555,96.61515674251348
1,HBEFA4/PC_petrol_Euro-6ab,Gasoline,2126-11-19 14:27:49,2126-11-19 14:27:49,-22.814833728249715,-43.215253238455185,-22.814779313128964,-43.21531529615583,4285.943595287118,2839.9111384949977,1446.1334567921114,1312176.4875194381,363.5123165141732,96.61524199574111
1,HBEFA4/PC_petrol_Euro-6ab,Gasoline,2126-11-19 14:27:49,2126-11-19 14:27:59,-22.814779313128964,-43.21531529615583,-22.814915236767968,-43.21517527533484,4316.569313531151,2853.6423115683587,1452.9271129617926,1318412.1845152112,365.21923311133934,97.1626213393287
1,HBEFA4/PC_petrol_Euro-6ab,Gasoline,2126-11-19 14:27:59,2126-11-19 14:27:59,-22.814915236767968,-43.21517527533484,-22.814882383395682,-43.215216699691594,4316.572481433153,2853.645467471261,1452.9271129617926,1318412.1845152112,365.21923311133934,97.1626213393287
1,HBEFA4/PC_petrol_Euro-6ab,Gasoline,2126-11-19 14:27:59,2126-11-19 14:27:59,-22.814882383395682,-43.215216699691594,-22.814841394938235,-43.21524686175454,4316.577343375183,2853.6513314133913,1452.9271129617926,1318416.1569325641,365.2116917382942,97.16277153491611
1,HBEFA4/PC_petrol_Euro-6ab,Gasoline,2126-11-19 14:27:59,2126-11-19 14:27:59,-22.814841394938235,-43.21524686175454,-22.814787732141623,-43.21529723389457,4316.583558487145,2853.656545525352,1452.9271129617926,1318419.827171661,365.21197697456427,97.16295512682414
1,HBEFA4/PC_petrol_Euro-6ab,Gasoline,2126-11-19 14:27:59,2126-11-19 14:28:12,-22.814787732141623,-43.21529723389457,-22.814919868331123,-43.215181411263544,4312.458172721243,2856.1362217125917,1456.3218511176522,1321295.1256215514,365.69795174771883,97.19811351735892
1,HBEFA4/PC_petrol_Euro-6ab,Gasoline,2126-11-19 14:28:12,2126-11-19 14:28:11,-22.814919868331123,-43.215181411263544,-22.812641818891318,-43.2117193595198,4334.419497996211,2866.582131731924,1467.8274672652872,1326965.4886119647,367.48366131159225,97.71149631473591
1,HBEFA4/PC_petrol_Euro-6ab,Gasoline,2126-11-19 14:28:11,2126-11-19 14:28:11,-22.812641818891318,-43.2117193595198,-22.812617711168413,-43.21176262151727,4334.4138169581595,2866.586339692773,1467.8274672652872,1326965.4886119647,367.48366131159225,97.71149631473591
1,HBEFA4/PC_petrol_Euro-6ab,Gasoline,2126-11-19 14:28:11,2126-11-19 14:28:11,-22.812617711168413,-43.21176262151727,-22.812614111665754,-43.211831428613374,4334.419846542937,2866.59237927765,1467.8274672652872,1326969.8282269796,367.4851671223321,97.71167779552579
1,HBEFA4/PC_petrol_Euro-6ab,Gasoline,2126-11-19 14:28:11,2126-11-19 14:28:42,-22.812614111665754,-43.211831428613374,-22.798315137371113,-43.2145836792499,4415.8328165267685,2918.1332559511917,1487.6995615765783,1347477.911772125,373.1743577968355,99.2939111633998
1,HBEFA4/PC_petrol_Euro-6ab,Gasoline,2126-11-19 14:28:42,2126-11-19 14:28:42,-22.798315137371113,-43.2145836792499,-22.79822785314254,-43.21461137864436,4415.841161711981,2918.141511124413,1487.6995615765783,1347479.7215176197,373.1749246352413,99.294118671554
1,HBEFA4/PC_petrol_Euro-6ab,Gasoline,2126-11-19 14:28:42,2126-11-19 14:28:42,-22.79822785314254,-43.21461137864436,-22.798144585712712,-43.21461341121268,4415.848779891683,2918.1492193141144,1487.6995615765783,1347484.3447121646,373.17634711141847,99.29437349315464
1,HBEFA4/PC_petrol_Euro-6ab,Gasoline,2126-11-19 14:28:42,2126-11-19 14:28:42,-22.798144585712712,-43.21461341121268,-22.79819582831811,-43.214619386899154,4415.85811564877,2918.158545172192,1487.6995615765783,1347487.3181182972,373.17724137691954,99.2946415468119
1,HBEFA4/PC_petrol_Euro-6ab,Gasoline,2126-11-19 14:28:42,2126-11-19 14:28:42,-22.79819582831811,-43.214619386899154,-22.812639479538964,-43.211712446517915,4417.112898355141,2919.3133377784627,1487.6995615765783,1347774.1577813788,373.26134429187557,99.3216212372351
1,HBEFA4/PC_petrol_Euro-6ab,Gasoline,2126-11-19 14:28:42,2126-11-19 14:28:42,-22.812639479538964,-43.211712446517915,-22.81261811641124,-43.211761915711985,4417.116937114671,2919.3173764281934,1487.6995615765783,1347774.1577813788,373.26134429187557,99.3216212372351
1,HBEFA4/PC_petrol_Euro-6ab,Gasoline,2126-11-19 14:28:42,2126-11-19 14:28:42,-22.81261811641124,-43.211761915711985,-22.81261429151816,-43.21182587931678,4417.112546517717,2919.312985931129,1487.6995615765783,1347778.1317134326,373.26274571432565,99.32178921982336
1,HBEFA4/PC_petrol_Euro-6ab,Gasoline,2126-11-19 14:28:42,2126-11-19 14:28:42,-22.81261429151816,-43.21182587931678,-22.81264161982721,-43.21189817161122,4417.1194281446575,2919.3198675681787,1487.6995615765783,1347781.917181147,373.26399771134924,99.32199182992634
1,HBEFA4/PC_petrol_Euro-6ab,Gasoline,2126-11-19 14:28:42,2126-11-19 14:28:42,-22.81264161982721,-43.21189817161122,-22.813152469361555,-43.212171266378416,4417.163183558184,2919.3636229816166,1487.6995615765783,1347812.4774321422,373.2698831912333,99.32226471417164
1,HBEFA4/PC_petrol_Euro-6ab,Gasoline,2126-11-19 14:28:42,2126-11-19 14:28:42,-22.813152469361555,-43.212171266378416,-22.813176111934178,-43.21212279371154,4417.177681193977,2919.3781195173983,1487.6995615765783,1347811.1849979275,373.2717857221647,99.32268864164763
1,HBEFA4/PC_petrol_Euro-6ab,Gasoline,2126-11-19 14:28:42,2126-11-19 14:28:44,-22.813176111934178,-43.21212279371154,-22.811711111533184,-43.219264156697486,4413.828515771116,2924.636816512799,1489.1916892672177,1349541.367711633,373.74676469112735,99.46876518895791
1,HBEFA4/PC_petrol_Euro-6ab,Gasoline,2126-11-19 14:28:44,2126-11-19 14:29:15,-22.811711111533184,-43.219264156697486,-22.814918344284697,-43.2151723129839,4486.461144237666,2966.868473352696,1519.5926718849714,1371841.7721278798,379.7174818361138,111.11517124212261
1,HBEFA4/PC_petrol_Euro-6ab,Gasoline,2126-11-19 14:29:15,2126-11-19 14:29:15,-22.814918344284697,-43.2151723129839,-22.814884338424287,-43.21521482971114,4486.464271459692,2966.871599574722,1519.5926718849714,1371841.7721278798,379.7174818361138,111.11517124212261
1,HBEFA4/PC_petrol_Euro-6ab,Gasoline,2126-11-19 14:29:15,2126-11-19 14:29:15,-22.814884338424287,-43.21521482971114,-22.814838151447456,-43.215249117657976,4486.469313992717,2966.8766331177372,1519.5926718849714,1371845.1986315433,379.7191675111595,111.1152251278999
1,HBEFA4/PC_petrol_Euro-6ab,Gasoline,2126-11-19 14:29:15,2126-11-19 14:29:15,-22.814838151447456,-43.215249117657976,-22.81478113297597,-43.21531459815661,4486.47614156755,2966.8834696825793,1519.5926718849714,1371849.7911941973,379.7216375112149,111.11542881623416
1,HBEFA4/PC_petrol_Euro-6ab,Gasoline,2126-11-19 14:29:15,2126-11-19 14:29:15,-22.81478113297597,-43.21531459815661,-22.814711671691513,-43.2153719421316,4486.484743233655,2966.8921723486845,1519.5926718849714,1371854.967119145,379.7222391274559,111.11568171629932
1,HBEFA4/PC_petrol_Euro-6ab,Gasoline,2126-11-19 14:29:15,2126-11-19 14:29:15,-22.814711671691513,-43.2153719421316,-22.81462814324981,-43.21544997611252,4486.495111151711,2966.912339165731,1519.5926718849714,1371861.478276365,379.723834547416,111.11598136276582
1,HBEFA4/PC_petrol_Euro-6ab,Gasoline,2126-11-19 14:29:15,2126-11-19 14:29:15,-22.81462814324981,-43.21544997611252,-22.81456361614829,-43.21551161111281,4486.517241658381,2966.914569773411,1519.5926718849714,1371867.474736111,379.7257139332567,111.11633911265896
1,HBEFA4/PC_petrol_Euro-6ab,Gasoline,2126-11-19 14:29:15,2126-11-19 14:29:15,-22.81456361614829,-43.21551161111281,-22.814524429175134,-43.215549182718726,4486.516778615896,2966.924117721926,1519.5926718849714,1371867.474736111,379.7257139332567,111.11633911265896
1,HBEFA4/PC_petrol_Euro-6ab,Gasoline,2126-11-19 14:29:15,2126-11-19 14:29:15,-22.814524429175134,-43.215549182718726,-22.812638722288513,-43.2117141918532,4487.938522791425,2967.2161853865136,1521.7223374149122,1372341.369955361,379.84488213618174,111.13751115151234
1,HBEFA4/PC_petrol_Euro-6ab,Gasoline,2126-11-19 14:29:15,2126-11-19 14:29:16,-22.812638722288513,-43.2117141918532,-22.81261579442291,-43.21176713711978,4487.942744916181,2967.2214175111695,1521.7223374149122,1372341.369955361,379.84488213618174,111.13751115151234
1,HBEFA4/PC_petrol_Euro-6ab,Gasoline,2126-11-19 14:29:16,2126-11-19 14:29:16,-22.81261579442291,-43.21176713711978,-22.812613984367526,-43.21183531417596,4487.94873723279,2967.2263998278786,1521.7223374149122,1372344.7598315973,379.84641121861116,111.13768141263313
1,HBEFA4/PC_petrol_Euro-6ab,Gasoline,2126-11-19 14:29:16,2126-11-19 14:29:16,-22.812613984367526,-43.21183531417596,-22.812651151185336,-43.21191618453774,4487.956116714853,2967.2336693199414,1521.7223374149122,1372348.6419115466,379.8476741966368,111.13789381118542
1,HBEFA4/PC_petrol_Euro-6ab,Gasoline,2126-11-19 14:29:16,2126-11-19 14:29:16,-22.812651151185336,-43.21191618453774,-22.813161471544985,-43.21217366596126,4488.111217814363,2967.277881399451,1521.7223374149122,1372369.364614558,379.85354335991514,111.13917951611459
1,HBEFA4/PC_petrol_Euro-6ab,Gasoline,2126-11-19 14:29:16,2126-11-19 14:29:18,-22.813161471544985,-43.21217366596126,-22.81491397358223,-43.21517648357649,4494.816346755656,2971.1851133814268,1523.7213433742288,1374225.9137812331,381.34233686118216,111.29411914766716
1,HBEFA4/PC_petrol_Euro-6ab,Gasoline,2126-11-19 14:29:18,2126-11-19 14:29:26,-22.81491397358223,-43.21517648357649,-22.814911662162185,-43.215178694553545,4514.631759142512,2981.861446698581,1533.771312443921,1381194.6985161143,381.93411343165345,111.74132958163725
1,HBEFA4/PC_petrol_Euro-6ab,Gasoline,2126-11-19 14:29:26,2126-11-19 14:29:26,-22.814911662162185,-43.215178694553545,-22.81488118678929,-43.215218811751915,4514.634759559517,2981.863447115596,1533.771312443921,1381196.1778358861,381.93447155465435,111.74142112152582
1,HBEFA4/PC_petrol_Euro-6ab,Gasoline,2126-11-19 14:29:26,2126-11-19 14:29:26,-22.81488118678929,-43.215218811751915,-22.81483646533113,-43.21525162143164,4514.639418515872,2981.8681161719514,1533.771312443921,1381211.1451561118,381.9359143173912,111.74156451458554
1,HBEFA4/PC_petrol_Euro-6ab,Gasoline,2126-11-19 14:29:26,2126-11-19 14:29:26,-22.81483646533113,-43.21525162143164,-22.814785668251965,-43.21529921791129,4514.6458911456745,2981.8745777117534,1533.771312443921,1381214.6437482692,381.93747116498613,111.74175825553732
1,HBEFA4/PC_petrol_Euro-6ab,Gasoline,2126-11-19 14:29:26,2126-11-19 14:29:29,-22.814785668251965,-43.21529921791129,-22.811711211263884,-43.21926529226661,4524.639937147821,2986.954411164912,1537.6855258829198,1383324.136539611,382.8157416443798,111.96336141831438
1,HBEFA4/PC_petrol_Euro-6ab,Gasoline,2126-11-19 14:29:29,2126-11-19 14:29:31,-22.811711211263884,-43.21926529226661,-22.814913197983158,-43.215186886124416,4527.816413499914,2988.4545655213297,1539.3618479795846,1384346.6391336146,383.17354817348115,112.13591176997796
1,HBEFA4/PC_petrol_Euro-6ab,Gasoline,2126-11-19 14:29:31,2126-11-19 14:29:35,-22.814913197983158,-43.215186886124416,-22.814913838857552,-43.21518617747549,4539.8814722168545,2995.5383724658145,1544.3431997511514,1388353.7413618267,384.1599961449221,112.31168823332156
1,HBEFA4/PC_petrol_Euro-6ab,Gasoline,2126-11-19 14:29:35,2126-11-19 14:29:35,-22.814913838857552,-43.21518617747549,-22.814875113417136,-43.21521366311168,4539.8845175469835,2995.5414177959335,1544.3431997511514,1388355.2118561365,384.1614446839593,112.31178152743215
1,HBEFA4/PC_petrol_Euro-6ab,Gasoline,2126-11-19 14:29:35,2126-11-19 14:29:36,-22.814875113417136,-43.21521366311168,-22.814827617269143,-43.21525919318432,4544.211719764549,2996.695361945919,1547.5153588186314,1389716.234637713,384.5181157634213,112.41614738912133
1,HBEFA4/PC_petrol_Euro-6ab,Gasoline,2126-11-19 14:29:36,2126-11-19 14:29:48,-22.814827617269143,-43.21525919318432,-22.811711171248434,-43.21927149111973,4571.4526267261335,3116.1545447913895,1555.2981819347442,1398311.722339155,386.91329715881526,113.11842859726982
1,HBEFA4/PC_petrol_Euro-6ab,Gasoline,2126-11-19 14:29:48,2126-11-19 14:29:48,-22.811711171248434,-43.21927149111973,-22.811684271478194,-43.2191784319754,4571.461237158833,3116.1631551241894,1555.2981819347442,1398313.3975918123,386.9141195122718,113.11867612593636
1,HBEFA4/PC_petrol_Euro-6ab,Gasoline,2126-11-19 14:29:48,2126-11-19 14:29:48,-22.811684271478194,-43.2191784319754,-22.811664383378777,-43.21916992873811,4571.471872563911,3116.172791629157,1555.2981819347442,1398317.3127139315,386.9152848279295,113.11895477165214
1,HBEFA4/PC_petrol_Euro-6ab,Gasoline,2126-11-19 14:29:48,2126-11-19 14:29:48,-22.811664383378777,-43.21916992873811,-22.811641974515254,-43.2189476734619,4571.482228691316,3116.184146756562,1555.2981819347442,1398323.3415381599,386.91696141583895,113.11928611941876
1,HBEFA4/PC_petrol_Euro-6ab,Gasoline,2126-11-19 14:29:48,2126-11-19 14:29:48,-22.811641974515254,-43.2189476734619,-22.81161781949854,-43.21881589247842,4571.495124134456,3116.1969421997123,1555.2981819347442,1398329.1485115616,386.9185144161114,113.11965786231664
1,HBEFA4/PC_petrol_Euro-6ab,Gasoline,2126-11-19 14:29:48,2126-11-19 14:29:51,-22.81161781949854,-43.21881589247842,-22.7979233898561,-43.214641441818945,4581.945588531932,3122.112493981215,1558.943194551727,1411922.8937623536,387.6212115159599,113.23462511931292
1,HBEFA4/PC_petrol_Euro-6ab,Gasoline,2126-11-19 14:29:51,2126-11-19 14:29:57,-22.7979233898561,-43.214641441818945,-22.814911133654133,-43.215181156481255,4595.931143313988,3132.8673821847183,1563.16376112927,1415411.3613851792,388.86759848812654,113.56651386162128
1,HBEFA4/PC_petrol_Euro-6ab,Gasoline,2126-11-19 14:29:57,2126-11-19 14:29:57,-22.814911133654133,-43.215181156481255,-22.81487485277915,-43.2152139127476,4595.934545793841,3132.8717846645717,1563.16376112927,1415411.9212845453,388.868191695249,113.56661629543674
1,HBEFA4/PC_petrol_Euro-6ab,Gasoline,2126-11-19 14:29:57,2126-11-19 14:29:59,-22.81487485277915,-43.2152139127476,-22.81171211224952,-43.219274989413845,4611.41558911462,3135.3355993916257,1566.1699896129945,1417165.3488131819,389.31415911419936,113.69259888613419
1,HBEFA4/PC_petrol_Euro-6ab,Gasoline,2126-11-19 14:29:59,2126-11-19 14:31:12,-22.81171211224952,-43.219274989413845,-22.79818472113737,-43.2131397386118,4612.3356273721565,3144.1834895911735,1568.252137781883,1419913.5975641,391.1912134516817,113.93611355161939
1,HBEFA4/PC_petrol_Euro-6ab,Gasoline,2126-11-19 14:31:12,2126-11-19 14:31:21,-22.79818472113737,-43.2131397386118,-22.811715113621243,-43.21929124117979,4655.518657115774,3173.2191615921416,1582.2995964137322,1424141.2817411174,394.162716553969,114.9172641277155
1,HBEFA4/PC_petrol_Euro-6ab,Gasoline,2126-11-19 14:31:21,2126-11-19 14:31:21,-22.811715113621243,-43.21929124117979,-22.811688169464582,-43.21919969821848,4655.516554699115,3173.2169582852725,1582.2995964137322,1424143.551144596,394.16341398141256,114.91749181361397
1,HBEFA4/PC_petrol_Euro-6ab,Gasoline,2126-11-19 14:31:21,2126-11-19 14:31:21,-22.811688169464582,-43.21919969821848,-22.811668311894355,-43.219191311441454,4655.526136814318,3173.226541391586,1582.2995964137322,1424148.8779997595,394.164997691576,114.91777113161568
1,HBEFA4/PC_petrol_Euro-6ab,Gasoline,2126-11-19 14:31:21,2126-11-19 14:31:21,-22.811668311894355,-43.219191311441454,-22.811645377447115,-43.21896623873217,4655.5374817886595,3173.2378853749274,1582.2995964137322,1424155.117113744,394.16671194947475,114.91811214124417
1,HBEFA4/PC_petrol_Euro-6ab,Gasoline,2126-11-19 14:31:21,2126-11-19 14:31:21,-22.811645377447115,-43.21896623873217,-22.811621435541186,-43.21883116462455,4655.551571161572,3173.25197464784,1582.2995964137322,1424161.7664153618,394.16847157316116,114.91848411811456
1,HBEFA4/PC_petrol_Euro-6ab,Gasoline,2126-11-19 14:31:21,2126-11-19 14:31:21,-22.811621435541186,-43.21883116462455,-22.811595368246547,-43.21869341713336,4655.56481281169,3173.2652163979583,1582.2995964137322,1424167.2189675195,394.16986911149663,114.9188972523118
1,HBEFA4/PC_petrol_Euro-6ab,Gasoline,2126-11-19 14:31:21,2126-11-19 14:31:21,-22.811595368246547,-43.21869341713336,-22.81157183915133,-43.2185595865146,4655.579126192121,3173.2795296782892,1582.2995964137322,1424169.4155882932,394.1714848142494,114.91931764614614
1,HBEFA4/PC_petrol_Euro-6ab,Gasoline,2126-11-19 14:31:21,2126-11-19 14:31:23,-22.81157183915133,-43.2185595865146,-22.812638468724112,-43.21171477627992,4663.572116361517,3177.6448164615775,1585.9272999119312,1426546.1351172939,394.7144489637671,115.19391173117662
1,HBEFA4/PC_petrol_Euro-6ab,Gasoline,2126-11-19 14:31:23,2126-11-19 14:31:23,-22.812638468724112,-43.21171477627992,-22.812641297486648,-43.211718256419196,4664.945199157123,3178.8894652314984,1586.1557338256256,1426849.922115117,394.81147891895155,115.12178977924678
1,HBEFA4/PC_petrol_Euro-6ab,Gasoline,2126-11-19 14:31:23,2126-11-19 14:31:41,-22.812641297486648,-43.211718256419196,-22.814912128695988,-43.215178343867126,4717.117595337861,3119.5782175179827,1597.5393878198777,1439568.5962689412,398.3369217911712,116.1617473611792
1,HBEFA4/PC_petrol_Euro-6ab,Gasoline,2126-11-19 14:31:41,2126-11-19 14:31:41,-22.814912128695988,-43.215178343867126,-22.81488317116818,-43.21521594723716,4717.121635291469,3119.5812474715917,1597.5393878198777,1439568.5962689412,398.3369217911712,116.1617473611792
1,HBEFA4/PC_petrol_Euro-6ab,Gasoline,2126-11-19 14:31:41,2126-11-19 14:31:41,-22.81488317116818,-43.21521594723716,-22.8148423184116,-43.215245121948315,4717.1249169322175,3119.5855191123315,1597.5393878198777,1439571.7854124442,398.3381992241781,116.16187845131576
1,HBEFA4/PC_petrol_Euro-6ab,Gasoline,2126-11-19 14:31:41,2126-11-19 14:31:41,-22.8148423184116,-43.215245121948315,-22.81479428717934,-43.215291963897724,4717.131953775473,3119.591565955596,1597.5393878198777,1439576.1988261517,398.3396316412526,116.16216133313417
1,HBEFA4/PC_petrol_Euro-6ab,Gasoline,2126-11-19 14:31:41,2126-11-19 14:31:41,-22.81479428717934,-43.215291963897724,-22.814739323195266,-43.21534353717265,4717.138163334184,3119.5986755142167,1597.5393878198777,1439579.6655918132,398.34176231754267,116.1622683198584
1,HBEFA4/PC_petrol_Euro-6ab,Gasoline,2126-11-19 14:31:41,2126-11-19 14:31:41,-22.814739323195266,-43.21534353717265,-22.79833237132443,-43.214577765335614,4711.136694179194,3111.7967711895,1599.2399241896932,1441516.1821417174,398.5913588716119,116.12778198748166
1,HBEFA4/PC_petrol_Euro-6ab,Gasoline,2126-11-19 14:31:41,2126-11-19 14:31:51,-22.79833237132443,-43.214577765335614,-22.797168486294744,-43.213955453473355,4737.334625748285,3128.542339586371,1618.7922861619143,1447877.6714819878,411.61231126674285,116.74721331113154
1,HBEFA4/PC_petrol_Euro-6ab,Gasoline,2126-11-19 14:31:51,2126-11-19 14:31:51,-22.797168486294744,-43.213955453473355,-22.797142662517978,-43.21393667827447,4737.348554486345,3128.5562683244316,1618.7922861619143,1447877.6714819878,411.61231126674285,116.74721331113154
1,HBEFA4/PC_petrol_Euro-6ab,Gasoline,2126-11-19 14:31:51,2126-11-19 14:31:51,-22.797142662517978,-43.21393667827447,-22.797116913817612,-43.213817464156184,4737.363234546319,3128.5719483843953,1618.7922861619143,1447882.1138346346,411.61343111214915,116.74763775891445
1,HBEFA4/PC_petrol_Euro-6ab,Gasoline,2126-11-19 14:31:51,2126-11-19 14:31:51,-22.797116913817612,-43.213817464156184,-22.797256197336317,-43.213939198278866,4737.424111479397,3128.631724317483,1618.7922861619143,1447884.7833213373,411.61429929696375,116.74821897526189
1,HBEFA4/PC_petrol_Euro-6ab,Gasoline,2126-11-19 14:31:51,2126-11-19 14:31:13,-22.797256197336317,-43.213939198278866,-22.814914611741914,-43.21518543916552,4772.181266897512,3151.129262142681,1622.1521147548318,1457836.9689444343,413.2887553855764,117.5374167721425
1,HBEFA4/PC_petrol_Euro-6ab,Gasoline,2126-11-19 14:31:13,2126-11-19 14:31:13,-22.814914611741914,-43.21518543916552,-22.814868527966412,-43.21521995244782,4772.18493329294,3151.1329285381185,1622.1521147548318,1457838.518184678,413.2892382596249,117.53751618163366
1,HBEFA4/PC_petrol_Euro-6ab,Gasoline,2126-11-19 14:31:13,2126-11-19 14:31:13,-22.814868527966412,-43.21521995244782,-22.81482317111571,-43.21526333647793,4772.191274249513,3151.138269494682,1622.1521147548318,1457842.5722531818,413.2916946919129,117.5376782888155
1,HBEFA4/PC_petrol_Euro-6ab,Gasoline,2126-11-19 14:31:13,2126-11-19 14:31:13,-22.81482317111571,-43.21526333647793,-22.81477178374267,-43.21531344495469,4772.196987965153,3151.144983211222,1622.1521147548318,1457846.4922114753,413.2921133161226,117.53787672139282
1,HBEFA4/PC_petrol_Euro-6ab,Gasoline,2126-11-19 14:31:13,2126-11-19 14:31:13,-22.81477178374267,-43.21531344495469,-22.814711141391117,-43.215371449363646,4772.214742311113,3151.1527375451825,1622.1521147548318,1457851.1456772214,413.2931341194962,117.53811254817728
1,HBEFA4/PC_petrol_Euro-6ab,Gasoline,2126-11-19 14:31:13,2126-11-19 14:31:15,-22.814711141391117,-43.215371449363646,-22.814919772915888,-43.21518151152854,4797.731154427457,3169.249718114512,1628.4814364129452,1466735.2769858758,415.87261719221953,118.12213732994967
1,HBEFA4/PC_petrol_Euro-6ab,Gasoline,2126-11-19 14:31:15,2126-11-19 14:31:15,-22.814919772915888,-43.21518151152854,-22.81487462942994,-43.21521411638165,4797.733579191119,3169.253142777164,1628.4814364129452,1466737.1412479365,415.87321339352885,118.12224119155427
1,HBEFA4/PC_petrol_Euro-6ab,Gasoline,2126-11-19 14:31:15,2126-11-19 14:31:15,-22.81487462942994,-43.21521411638165,-22.81482851681186,-43.21525822321519,4797.738781113653,3169.2583447117187,1628.4814364129452,1466741.2212933234,415.8747168279868,118.12239987164399
1,HBEFA4/PC_petrol_Euro-6ab,Gasoline,2126-11-19 14:31:15,2126-11-19 14:31:15,-22.81482851681186,-43.21525822321519,-22.814769166827177,-43.21531518718536,4797.745616681512,3169.2651712685575,1628.4814364129452,1466745.611261237,415.8761787469191,118.12261253266277
1,HBEFA4/PC_petrol_Euro-6ab,Gasoline,2126-11-19 14:31:15,2126-11-19 14:31:15,-22.814769166827177,-43.21531518718536,-22.81471216519127,-43.21537917424186,4797.7544164368885,3169.2739711239435,1628.4814364129452,1466751.2644512232,415.8779171182136,118.12286193144328
1,HBEFA4/PC_petrol_Euro-6ab,Gasoline,2126-11-19 14:31:15,2126-11-19 14:31:31,-22.81471216519127,-43.21537917424186,-22.811698758174374,-43.21925742464129,4831.619974659831,3191.8156136171744,1641.814371142757,1477281.1427118158,418.76371441957593,118.87621754624718
1,HBEFA4/PC_petrol_Euro-6ab,Gasoline,2126-11-19 14:31:31,2126-11-19 14:31:31,-22.811698758174374,-43.21925742464129,-22.811683319861447,-43.219173241238116,4831.627614896118,3191.8232438532614,1641.814371142757,1477281.1427118158,418.76371441957593,118.87621754624718
1,HBEFA4/PC_petrol_Euro-6ab,Gasoline,2126-11-19 14:31:31,2126-11-19 14:31:31,-22.811683319861447,-43.219173241238116,-22.811665625227726,-43.219176713864234,4831.636425939564,3191.8321548968168,1641.814371142757,1477285.1775112194,418.764951635113,118.87647361162516
1,HBEFA4/PC_petrol_Euro-6ab,Gasoline,2126-11-19 14:31:31,2126-11-19 14:31:31,-22.811665625227726,-43.219176713864234,-22.811645188234425,-43.218964661887425,4831.646529595312,3191.842158552555,1641.814371142757,1477289.7981474763,418.76631153349885,118.87676691187917
1,HBEFA4/PC_petrol_Euro-6ab,Gasoline,2126-11-19 14:31:31,2126-11-19 14:31:31,-22.811645188234425,-43.218964661887425,-22.811621658871663,-43.218836838667565,4831.658256211472,3191.8538851587155,1641.814371142757,1477295.7164885593,418.76792617384195,118.87711843382685
1,HBEFA4/PC_petrol_Euro-6ab,Gasoline,2126-11-19 14:31:31,2126-11-19 14:31:31,-22.811621658871663,-43.218836838667565,-22.814911978363823,-43.21517839211992,4836.339127913387,3193.4926895719715,1642.8464383424164,1478513.3776885741,419.1817583365396,118.9855581957617
1,HBEFA4/PC_petrol_Euro-6ab,Gasoline,2126-11-19 14:31:31,2126-11-19 14:31:32,-22.814911978363823,-43.21517839211992,-22.814919683134192,-43.21518158741514,4839.392535759118,3194.153597216116,1645.238938543112,1479439.9578311861,419.31825211297317,119.15651148319474
1,HBEFA4/PC_petrol_Euro-6ab,Gasoline,2126-11-19 14:31:32,2126-11-19 14:31:41,-22.814919683134192,-43.21518158741514,-22.811712768119184,-43.21927913554453,4858.66875725827,3218.842421729816,1649.826335528464,1484951.1613757742,411.85718161112486,119.48337878731621
1,HBEFA4/PC_petrol_Euro-6ab,Gasoline,2126-11-19 14:31:41,2126-11-19 14:31:41,-22.811712768119184,-43.21927913554453,-22.811686325415583,-43.219189637639156,4858.676681943778,3218.8513464153146,1649.826335528464,1484951.1613757742,411.85718161112486,119.48337878731621
1,HBEFA4/PC_petrol_Euro-6ab,Gasoline,2126-11-19 14:31:41,2126-11-19 14:31:41,-22.811686325415583,-43.219189637639156,-22.811435741266476,-43.217876627931415,4858.8191424651,3218.9827169366365,1649.826335528464,1484985.9268961637,411.8666661913715,119.48641517944816
1,HBEFA4/PC_petrol_Euro-6ab,Gasoline,2126-11-19 14:31:41,2126-11-19 14:31:58,-22.811435741266476,-43.217876627931415,-22.81169971143168,-43.219262531824734,4913.766737444218,3239.758784458934,1664.1179529852744,1498411.1348866116,414.5912886351899,111.49487228235785
1,HBEFA4/PC_petrol_Euro-6ab,Gasoline,2126-11-19 14:31:58,2126-11-19 14:31:58,-22.81169971143168,-43.219262531824734,-22.811681551376886,-43.21916359193132,4913.7751912161535,3239.7672372317793,1664.1179529852744,1498413.4532181756,414.5911339583673,111.4951147346155
1,HBEFA4/PC_petrol_Euro-6ab,Gasoline,2126-11-19 14:31:58,2126-11-19 14:31:58,-22.811681551376886,-43.21916359193132,-22.811661484984527,-43.21915411614319,4913.785545747156,3239.7775927618823,1664.1179529852744,1498419.5414439413,414.59278764191135,111.49541811742679
1,HBEFA4/PC_petrol_Euro-6ab,Gasoline,2126-11-19 14:31:58,2126-11-19 14:31:58,-22.811661484984527,-43.21915411614319,-22.811638931164666,-43.21893117116119,4913.797113674243,3239.7891516889685,1664.1179529852744,1498424.1696541158,414.5941544514924,111.495749376438
1,HBEFA4/PC_petrol_Euro-6ab,Gasoline,2126-11-19 14:31:58,2126-11-19 14:31:58,-22.811638931164666,-43.21893117116119,-22.811614718665167,-43.218798975498134,4913.819881874646,3239.811928889372,1664.1179529852744,1498429.8524792714,414.59558861477995,111.49612356911619
1,HBEFA4/PC_petrol_Euro-6ab,Gasoline,2126-11-19 14:31:58,2126-11-19 14:31:58,-22.811614718665167,-43.218798975498134,-22.811589964356774,-43.218663925682934,4913.823717121135,3239.8157541348615,1664.1179529852744,1498434.5746378135,414.5968241597743,111.4965235131657
1,HBEFA4/PC_petrol_Euro-6ab,Gasoline,2126-11-19 14:31:58,2126-11-19 14:31:58,-22.811589964356774,-43.218663925682934,-22.811564137152116,-43.2185241167711,4913.837841673412,3239.829888688138,1664.1179529852744,1498437.4672893782,414.59761919844133,111.49692967861829
1,HBEFA4/PC_petrol_Euro-6ab,Gasoline,2126-11-19 14:31:58,2126-11-19 14:32:11,-22.811564137152116,-43.2185241167711,-22.79819832876937,-43.21311789764417,4934.456991545518,3259.2822576121977,1675.1747339433217,1517753.2727246892,417.15118698275165,111.19711426536598
1,HBEFA4/PC_petrol_Euro-6ab,Gasoline,2126-11-19 14:32:11,2126-11-19 14:32:11,-22.79819832876937,-43.21311789764417,-22.798133823832174,-43.21322724815535,4934.471311713794,3259.2965677614734,1675.1747339433217,1517756.358295778,417.15211581722316,111.19741591415162
1,HBEFA4/PC_petrol_Euro-6ab,Gasoline,2126-11-19 14:32:11,2126-11-19 14:32:11,-22.798133823832174,-43.21322724815535,-22.797932783161675,-43.2132999957397,4934.485543321324,3259.3118193781143,1675.1747339433217,1517758.125476868,417.1525291292398,111.19782353381612
1,HBEFA4/PC_petrol_Euro-6ab,Gasoline,2126-11-19 14:32:11,2126-11-19 14:32:11,-22.797932783161675,-43.2132999957397,-22.79781814141713,-43.213291115851124,4934.499413246135,3259.324669312815,1675.1747339433217,1517758.125476868,417.1525291292398,111.19782353381612
1,HBEFA4/PC_petrol_Euro-6ab,Gasoline,2126-11-19 14:32:11,2126-11-19 14:32:11,-22.79781814141713,-43.213291115851124,-22.797697395898314,-43.21322279951751,4934.513448458319,3259.338714514998,1675.1747339433217,1517761.6362626819,417.15322295515246,111.19822648837611
1,HBEFA4/PC_petrol_Euro-6ab,Gasoline,2126-11-19 14:32:11,2126-11-19 14:32:11,-22.797697395898314,-43.21322279951751,-22.79716823599552,-43.21299718721596,4934.581416989365,3259.4156731461447,1675.1747339433217,1517775.1615195311,417.157387145,111.19959878459267
1,HBEFA4/PC_petrol_Euro-6ab,Gasoline,2126-11-19 14:32:11,2126-11-19 14:32:26,-22.79716823599552,-43.21299718721596,-22.814918437661984,-43.215181778714464,4971.251185416442,3283.1317831147713,1688.2193123116718,1519816.6614431695,421.51227883135995,112.12485133597334
1,HBEFA4/PC_petrol_Euro-6ab,Gasoline,2126-11-19 14:32:26,2126-11-19 14:32:26,-22.814918437661984,-43.215181778714464,-22.81487811112136,-43.215211891349466,4971.253146833933,3283.133744522261,1688.2193123116718,1519816.6614431695,421.51227883135995,112.12485133597334
1,HBEFA4/PC_petrol_Euro-6ab,Gasoline,2126-11-19 14:32:26,2126-11-19 14:32:26,-22.81487811112136,-43.215211891349466,-22.81483843686797,-43.21524873465268,4971.257552137355,3283.1382497256833,1688.2193123116718,1519811.3294695453,421.513642111121,112.12498914751849
1,HBEFA4/PC_petrol_Euro-6ab,Gasoline,2126-11-19 14:32:26,2126-11-19 14:32:26,-22.81483843686797,-43.21524873465268,-22.81479168817461,-43.21529441644517,4971.263418319631,3283.1441161179593,1688.2193123116718,1519814.1175273567,421.5149191467769,112.12516388229795
1,HBEFA4/PC_petrol_Euro-6ab,Gasoline,2126-11-19 14:32:26,2126-11-19 14:32:26,-22.81479168817461,-43.21529441644517,-22.814732211729693,-43.21535134114948,4971.2714761716115,3283.1511737599314,1688.2193123116718,1519817.7381168372,421.51613863114683,112.12537138374947
1,HBEFA4/PC_petrol_Euro-6ab,Gasoline,2126-11-19 14:32:26,2126-11-19 14:32:26,-22.814732211729693,-43.21535134114948,-22.814663776152283,-43.215415797757176,4971.27913185518,3283.159829543518,1688.2193123116718,1519822.5746911669,421.51763194178414,112.12562497116146
1,HBEFA4/PC_petrol_Euro-6ab,Gasoline,2126-11-19 14:32:26,2126-11-19 14:32:29,-22.814663776152283,-43.215415797757176,-22.811699566151277,-43.21926179936184,4979.551778362168,3288.185946451181,1691.4648319118865,1522135.8521124939,421.1334139761589,112.21296134916178
1,HBEFA4/PC_petrol_Euro-6ab,Gasoline,2126-11-19 14:32:29,2126-11-19 14:32:29,-22.811699566151277,-43.21926179936184,-22.811682513915652,-43.21916884319371,4979.55928689895,3288.1944549881637,1691.4648319118865,1522138.8482917573,421.13432921974114,112.21321667834195
1,HBEFA4/PC_petrol_Euro-6ab,Gasoline,2126-11-19 14:32:29,2126-11-19 14:32:37,-22.811682513915652,-43.21916884319371,-22.81169826375945,-43.219254747675715,4999.981986593985,3311.8431223171193,1698.138864286876,1527795.131517727,422.6821581652731,112.66391713365662
1,HBEFA4/PC_petrol_Euro-6ab,Gasoline,2126-11-19 14:32:37,2126-11-19 14:32:37,-22.81169826375945,-43.219254747675715,-22.811681114313695,-43.219161617321875,4999.991515152154,3311.851641865278,1698.138864286876,1527797.7729827398,422.68297233297665,112.66416183194849
1,HBEFA4/PC_petrol_Euro-6ab,Gasoline,2126-11-19 14:32:37,2126-11-19 14:32:37,-22.811681114313695,-43.219161617321875,-22.811661934162687,-43.21915111139412,5111.1113581212295,3311.8614938343535,1698.138864286876,1527812.418371131,422.68434141821516,112.66444817271125
1,HBEFA4/PC_petrol_Euro-6ab,Gasoline,2126-11-19 14:32:37,2126-11-19 14:32:37,-22.811661934162687,-43.21915111139412,-22.811637477343517,-43.218923138524526,5111.111818251466,3311.87295396359,1698.138864286876,1527818.2131562913,422.68594553843116,112.66478191129176
1,HBEFA4/PC_petrol_Euro-6ab,Gasoline,2126-11-19 14:32:37,2126-11-19 14:32:52,-22.811637477343517,-43.218923138524526,-22.81171198336786,-43.21927488717169,5121.126531894972,3321.128912685365,1711.1976282196174,1534391.1561861368,424.59665183732676,113.12298484834983
1,HBEFA4/PC_petrol_Euro-6ab,Gasoline,2126-11-19 14:32:52,2126-11-19 14:32:52,-22.81171198336786,-43.21927488717169,-22.81168553951276,-43.2191853499352,5121.134796713375,3321.1371685137685,1711.1976282196174,1534392.822615782,424.59716179174934,113.12322134285528
1,HBEFA4/PC_petrol_Euro-6ab,Gasoline,2126-11-19 14:32:52,2126-11-19 14:32:52,-22.81168553951276,-43.2191853499352,-22.811667169753162,-43.219185131297154,5121.144168518893,3321.1465413192853,1711.1976282196174,1534396.8521572785,424.5983716917743,113.12349196941317
1,HBEFA4/PC_petrol_Euro-6ab,Gasoline,2126-11-19 14:32:52,2126-11-19 14:33:12,-22.811667169753162,-43.219185131297154,-22.814911927931155,-43.215179396753394,5142.6336974493515,3335.5869413164255,1717.1467561329265,1541961.1516469622,426.4441537151364,113.61759999525624
1,HBEFA4/PC_petrol_Euro-6ab,Gasoline,2126-11-19 14:33:12,2126-11-19 14:33:12,-22.814911927931155,-43.215179396753394,-22.814878532411497,-43.21521138317947,5142.636588225328,3335.589832192411,1717.1467561329265,1541961.1516469622,426.4441537151364,113.61759999525624
1,HBEFA4/PC_petrol_Euro-6ab,Gasoline,2126-11-19 14:33:12,2126-11-19 14:33:12,-22.814878532411497,-43.21521138317947,-22.814838925114177,-43.21524826774942,5142.641383397654,3335.5946272647275,1717.1467561329265,1541965.414915244,426.4457322974757,113.6177482924433
1,HBEFA4/PC_petrol_Euro-6ab,Gasoline,2126-11-19 14:33:12,2126-11-19 14:33:12,-22.814838925114177,-43.21524826774942,-22.8147869428277,-43.21529798877747,5142.647246165948,3335.611489933122,1717.1467561329265,1541968.6452511126,426.4468418583549,113.61792191943127
1,HBEFA4/PC_petrol_Euro-6ab,Gasoline,2126-11-19 14:33:12,2126-11-19 14:33:21,-22.8147869428277,-43.21529798877747,-22.812641117742388,-43.21171892423492,5183.788826575611,3363.137988314595,1721.7518382711157,1553928.3852111328,431.1741986313775,114.52576417673224
1,HBEFA4/PC_petrol_Euro-6ab,Gasoline,2126-11-19 14:33:21,2126-11-19 14:33:21,-22.812641117742388,-43.21171892423492,-22.812621179177233,-43.21175462599573,5183.793117611463,3363.1421693294575,1721.7518382711157,1553928.3852111328,431.1741986313775,114.52576417673224
1,HBEFA4/PC_petrol_Euro-6ab,Gasoline,2126-11-19 14:33:21,2126-11-19 14:33:21,-22.812621179177233,-43.21175462599573,-22.812614521882923,-43.21181881116383,5183.798189899622,3363.147351628617,1721.7518382711157,1553931.4159576746,431.1752576864189,114.52591891692556
1,HBEFA4/PC_petrol_Euro-6ab,Gasoline,2126-11-19 14:33:21,2126-11-19 14:33:21,-22.812614521882923,-43.21181881116383,-22.812633614772347,-43.211892356121686,5183.815171654335,3363.15433338333,1721.7518382711157,1553936.1352516832,431.17682962113884,114.52612669921615
1,HBEFA4/PC_petrol_Euro-6ab,Gasoline,2126-11-19 14:33:21,2126-11-19 14:33:21,-22.812633614772347,-43.211892356121686,-22.81314423557751,-43.21216676841652,5183.848691536664,3363.197852265659,1721.7518382711157,1553959.1337199446,431.1832781932119,114.52739713544265
1,HBEFA4/PC_petrol_Euro-6ab,Gasoline,2126-11-19 14:33:21,2126-11-19 14:33:21,-22.81314423557751,-43.21216676841652,-22.813167413319562,-43.212119194114345,5183.863171161445,3363.1123317914394,1721.7518382711157,1553964.1611314652,431.18454311163,114.5278165483784
1,HBEFA4/PC_petrol_Euro-6ab,Gasoline,2126-11-19 14:33:21,2126-11-19 14:33:27,-22.813167413319562,-43.212119194114345,-22.81171117421185,-43.21926996461811,5199.464481478422,3374.9664214171886,1724.4981611613336,1558511.1212463817,431.36969294141347,114.87187446558218
1,HBEFA4/PC_petrol_Euro-6ab,Gasoline,2126-11-19 14:33:27,2126-11-19 14:33:27,-22.81171117421185,-43.21926996461811,-22.811684215599264,-43.21917817256149,5199.472732163958,3374.9746711126243,1724.4981611613336,1558512.8937946428,431.37123666643694,114.87111978221686
1,HBEFA4/PC_petrol_Euro-6ab,Gasoline,2126-11-19 14:33:27,2126-11-19 14:33:27,-22.811684215599264,-43.21917817256149,-22.811663911711744,-43.219167355475824,5199.482351181767,3374.984289119433,1724.4981611613336,1558517.5469197751,431.37161971373915,114.87138959118433
1,HBEFA4/PC_petrol_Euro-6ab,Gasoline,2126-11-19 14:33:27,2126-11-19 14:33:31,-22.811663911711744,-43.219167355475824,-22.81263844116624,-43.21171484112713,5118.733261465346,3381.3661426625484,1728.3672188127983,1561112.6486744513,432.1566111438139,115.1884248248969
1,HBEFA4/PC_petrol_Euro-6ab,Gasoline,2126-11-19 14:33:31,2126-11-19 14:33:41,-22.81263844116624,-43.21171484112713,-22.8126397512673,-43.211711822521916,5131.817111274855,3393.384277785841,1737.4328234891147,1568196.4917564297,434.1125981361859,115.5844997137929
1,HBEFA4/PC_petrol_Euro-6ab,Gasoline,2126-11-19 14:33:41,2126-11-19 14:33:41,-22.8126397512673,-43.211711822521916,-22.81261648623825,-43.21176544248413,5131.821646248233,3393.388822759219,1737.4328234891147,1568196.4917564297,434.1125981361859,115.5844997137929
1,HBEFA4/PC_petrol_Euro-6ab,Gasoline,2126-11-19 14:33:41,2126-11-19 14:33:41,-22.81261648623825,-43.21176544248413,-22.81261415495153,-43.2118331382811,5131.827726423194,3393.3949129341793,1737.4328234891147,1568111.527121613,434.1139889491538,115.58468141518824
1,HBEFA4/PC_petrol_Euro-6ab,Gasoline,2126-11-19 14:33:41,2126-11-19 14:33:41,-22.81261415495153,-43.2118331382811,-22.812647686753215,-43.21191413856788,5131.834954131785,3393.4121316417712,1737.4328234891147,1568114.1683126546,434.11517339666914,115.58489316555615
1,HBEFA4/PC_petrol_Euro-6ab,Gasoline,2126-11-19 14:33:41,2126-11-19 14:33:46,-22.812647686753215,-43.21191413856788,-22.81491531172727,-43.21518477919221,5143.311271817141,3412.511119817271,1741.8112519997711,1572134.116111835,435.1257284871176,115.86242121821587
1,HBEFA4/PC_petrol_Euro-6ab,Gasoline,2126-11-19 14:33:46,2126-11-19 14:34:11,-22.81491531172727,-43.21518477919221,-22.814916784795943,-43.21518335967551,5173.113557881142,3424.3796851441963,1748.723872835946,1581817.6136352115,437.9141876964776,116.53165321183154
1,HBEFA4/PC_petrol_Euro-6ab,Gasoline,2126-11-19 14:34:11,2126-11-19 14:34:11,-22.814916784795943,-43.21518335967551,-22.814876832717723,-43.215212118941364,5173.116741491298,3424.382868654352,1748.723872835946,1581817.6136352115,437.9141876964776,116.53165321183154
1,HBEFA4/PC_petrol_Euro-6ab,Gasoline,2126-11-19 14:34:11,2126-11-19 14:34:11,-22.814876832717723,-43.215212118941364,-22.8148388495915,-43.21524833988276,5173.11117498539,3424.387312149444,1748.723872835946,1581811.8583693212,437.9153792784239,116.53178875694833
1,HBEFA4/PC_petrol_Euro-6ab,Gasoline,2126-11-19 14:34:11,2126-11-19 14:34:11,-22.8148388495915,-43.21524833988276,-22.814789531818287,-43.215295513361996,5173.1167972286175,3424.392924392672,1748.723872835946,1581814.243299742,437.91655597444166,116.53195635113956
1,HBEFA4/PC_petrol_Euro-6ab,Gasoline,2126-11-19 14:34:11,2126-11-19 14:34:11,-22.814789531818287,-43.215295513361996,-22.814729694511112,-43.21535274682158,5173.124197368137,3424.4112245321917,1748.723872835946,1581818.8518775478,437.91816344213263,116.53217241735878
1,HBEFA4/PC_petrol_Euro-6ab,Gasoline,2126-11-19 14:34:11,2126-11-19 14:34:11,-22.814729694511112,-43.21535274682158,-22.814657382129852,-43.21542191362899,5173.132954315813,3424.419181469867,1748.723872835946,1581823.6851788374,437.9195424981817,116.5324315318826
1,HBEFA4/PC_petrol_Euro-6ab,Gasoline,2126-11-19 14:34:11,2126-11-19 14:34:12,-22.814657382129852,-43.21542191362899,-22.797914966911862,-43.21464147128516,5212.861517434747,3441.7163675456964,1761.145139889151,1591154.5113657114,441.43365127244874,117.21243652482186
1,HBEFA4/PC_petrol_Euro-6ab,Gasoline,2126-11-19 14:34:12,2126-11-19 14:34:12,-22.797914966911862,-43.21464147128516,-22.797831515691614,-43.21465195452198,5212.869114515453,3441.723864616412,1761.145139889151,1591156.3119694829,441.43421833598616,117.212651951974
1,HBEFA4/PC_petrol_Euro-6ab,Gasoline,2126-11-19 14:34:12,2126-11-19 14:34:12,-22.797831515691614,-43.21465195452198,-22.797733351283824,-43.21464664737725,5212.878312741737,3441.7331628526863,1761.145139889151,1591161.7928172382,441.4358559951185,117.21292365611822
1,HBEFA4/PC_petrol_Euro-6ab,Gasoline,2126-11-19 14:34:12,2126-11-19 14:34:12,-22.797733351283824,-43.21464664737725,-22.797625541147553,-43.21464191715872,5212.889183179367,3441.744143191317,1761.145139889151,1591167.3187421163,441.4374219642134,117.21324153985568
1,HBEFA4/PC_petrol_Euro-6ab,Gasoline,2126-11-19 14:34:12,2126-11-19 14:34:12,-22.797625541147553,-43.21464191715872,-22.797518624944275,-43.21463678724415,5212.911132417653,3441.7559925186124,1761.145139889151,1591171.8889413383,441.4386815921953,117.21358599754169
1,HBEFA4/PC_petrol_Euro-6ab,Gasoline,2126-11-19 14:34:12,2126-11-19 14:34:17,-22.797518624944275,-43.21463678724415,-22.81171111843618,-43.219269662631945,5214.959864273153,3451.2989616151787,1764.6619136681736,1594668.8138284136,441.41113266158294,117.48184712769546
1,HBEFA4/PC_petrol_Euro-6ab,Gasoline,2126-11-19 14:34:17,2126-11-19 14:34:17,-22.81171111843618,-43.219269662631945,-22.811684776423534,-43.219181186815175,5214.967973679482,3451.3171711114185,1764.6619136681736,1594671.9126442547,441.4111126113319,117.48218164112147
1,HBEFA4/PC_petrol_Euro-6ab,Gasoline,2126-11-19 14:34:17,2126-11-19 14:34:19,-22.811684776423534,-43.219181186815175,-22.797265487177835,-43.212996191744364,5218.625244144724,3453.322339171196,1765.3129149745282,1595867.5169829777,441.74714118572647,117.56312859813634
1,HBEFA4/PC_petrol_Euro-6ab,Gasoline,2126-11-19 14:34:19,2126-11-19 14:34:24,-22.797265487177835,-43.212996191744364,-22.81171116191418,-43.21926511965251,5229.45318144529,3461.8734898473786,1768.5795915979114,1599261.9368181318,442.7119121454158,117.81216918298396
1,HBEFA4/PC_petrol_Euro-6ab,Gasoline,2126-11-19 14:34:24,2126-11-19 14:34:24,-22.81171116191418,-43.21926511965251,-22.811682445121488,-43.21916846737721,5229.461699761967,3461.8821191631557,1768.5795915979114,1599262.6943218652,442.71243883536664,117.81231467918312
1,HBEFA4/PC_petrol_Euro-6ab,Gasoline,2126-11-19 14:34:24,2126-11-19 14:34:24,-22.811682445121488,-43.21916846737721,-22.811661318469664,-43.219153153135924,5229.471815474862,3461.89221487695,1768.5795915979114,1599267.751455712,442.7139137714978,117.81261892114349
1,HBEFA4/PC_petrol_Euro-6ab,Gasoline,2126-11-19 14:34:24,2126-11-19 14:34:41,-22.811661318469664,-43.219153153135924,-22.79824481329573,-43.214596719188216,5267.379653391565,3488.751511739519,1778.6291526521454,1611141.8521788732,446.14761791317953,118.65236461791473
1,HBEFA4/PC_petrol_Euro-6ab,Gasoline,2126-11-19 14:34:41,2126-11-19 14:34:41,-22.79824481329573,-43.214596719188216,-22.798116832351946,-43.21461681834141,5267.394114191427,3488.7649615383816,1778.6291526521454,1611143.2528941215,446.14828121521973,118.65277968759766
1,HBEFA4/PC_petrol_Euro-6ab,Gasoline,2126-11-19 14:34:41,2126-11-19 14:34:41,-22.798116832351946,-43.21461681834141,-22.798291541271794,-43.21458659945137,5267.926676887996,3489.297524235951,1778.6291526521454,1611261.1196335316,446.18189421919165,118.66372441187319
1,HBEFA4/PC_petrol_Euro-6ab,Gasoline,2126-11-19 14:34:41,2126-11-19 14:34:41,-22.798291541271794,-43.21458659945137,-22.798214561413737,-43.214615417982516,5267.934756238519,3489.315613586464,1778.6291526521454,1611262.1851252474,446.18253311638554,118.66395563459689
1,HBEFA4/PC_petrol_Euro-6ab,Gasoline,2126-11-19 14:34:41,2126-11-19 14:34:41,-22.798214561413737,-43.214615417982516,-22.798133225536525,-43.21461479583318,5267.944581761951,3489.315428118916,1778.6291526521454,1611267.6269562613,446.1841643831384,118.66424313566147
1,HBEFA4/PC_petrol_Euro-6ab,Gasoline,2126-11-19 14:34:41,2126-11-19 14:34:41,-22.798133225536525,-43.21461479583318,-22.797951818286623,-43.21463719273158,5267.961868116995,3489.33271535495,1778.6291526521454,1611272.1946573614,446.1855371312949,118.66451454611673
1,HBEFA4/PC_petrol_Euro-6ab,Gasoline,2126-11-19 14:34:41,2126-11-19 14:34:58,-22.797951818286623,-43.21463719273158,-22.814911352468334,-43.21517899168114,5315.311266275235,3521.7171482829447,1793.593117992291,1625171.8847154127,449.93282194121725,119.7336968796541
1,HBEFA4/PC_petrol_Euro-6ab,Gasoline,2126-11-19 14:34:58,2126-11-19 14:34:58,-22.814911352468334,-43.21517899168114,-22.814881133441684,-43.215217895277155,5315.313455385277,3521.7113373929863,1793.593117992291,1625171.8847154127,449.93282194121725,119.7336968796541
1,HBEFA4/PC_petrol_Euro-6ab,Gasoline,2126-11-19 14:34:58,2126-11-19 14:34:58,-22.814881133441684,-43.215217895277155,-22.814844161813716,-43.21524335534662,5315.317928392763,3521.7148114114714,1793.593117992291,1625174.1843591466,449.934132886692,119.7338336468542
1,HBEFA4/PC_petrol_Euro-6ab,Gasoline,2126-11-19 14:34:58,2126-11-19 14:34:58,-22.814844161813716,-43.21524335534662,-22.814795468311378,-43.21528983414459,5315.313415867316,3521.7212978751147,1793.593117992291,1625177.2761811665,449.93511468452314,119.73399676889723
1,HBEFA4/PC_petrol_Euro-6ab,Gasoline,2126-11-19 14:34:58,2126-11-19 14:34:58,-22.814795468311378,-43.21528983414459,-22.81473564332168,-43.21534715677674,5315.321618513567,3521.7274915112763,1793.593117992291,1625181.912129764,449.936625647815,119.73421997333178
1,HBEFA4/PC_petrol_Euro-6ab,Gasoline,2126-11-19 14:34:58,2126-11-19 14:34:58,-22.81473564332168,-43.21534715677674,-22.81466461552117,-43.215415114371595,5315.329463765111,3521.7363457727197,1793.593117992291,1625186.9517697856,449.9381719151111,119.7344695216322
1,HBEFA4/PC_petrol_Euro-6ab,Gasoline,2126-11-19 14:34:58,2126-11-19 14:34:58,-22.81466461552117,-43.215415114371595,-22.81458576796494,-43.21549141231552,5315.339978735645,3521.7468617433534,1793.593117992291,1625192.5359419368,449.93977285834217,119.73477626464179
1,HBEFA4/PC_petrol_Euro-6ab,Gasoline,2126-11-19 14:34:58,2126-11-19 14:35:13,-22.81458576796494,-43.21549141231552,-22.814912182386463,-43.21518776189558,5327.494821416526,3528.896188167589,1798.5986332489372,1629157.921991991,451.13754393739274,121.11241326569292
1,HBEFA4/PC_petrol_Euro-6ab,Gasoline,2126-11-19 14:35:13,2126-11-19 14:35:13,-22.814912182386463,-43.21518776189558,-22.814866492797732,-43.21522189919192,5327.498282736949,3528.8996494881116,1798.5986332489372,1629157.921991991,451.13754393739274,121.11241326569292
1,HBEFA4/PC_petrol_Euro-6ab,Gasoline,2126-11-19 14:35:13,2126-11-19 14:35:13,-22.814866492797732,-43.21522189919192,-22.814822114141777,-43.21526434737199,5327.513565494119,3528.914932245172,1798.5986332489372,1629162.1916132458,451.1391851429698,121.1125644497197
1,HBEFA4/PC_petrol_Euro-6ab,Gasoline,2126-11-19 14:35:13,2126-11-19 14:35:15,-22.814822114141777,-43.21526434737199,-22.798336719224416,-43.214576824633264,5331.81481654159,3531.791451188141,1811.123366353449,1631495.6633532913,451.41616581698267,121.11112114248945
1,HBEFA4/PC_petrol_Euro-6ab,Gasoline,2126-11-19 14:35:15,2126-11-19 14:35:19,-22.798336719224416,-43.214576824633264,-22.812638492891274,-43.211714721581625,5344.487873589592,3539.2738559466393,1815.2141176429532,1634573.2531631343,452.5361825116282,121.39685787175753
1,HBEFA4/PC_petrol_Euro-6ab,Gasoline,2126-11-19 14:35:19,2126-11-19 14:35:21,-22.812638492891274,-43.211714721581625,-22.81171124366533,-43.21926546771139,5368.192896518361,3554.819445899925,1813.3834516184359,1642161.1341614858,454.6445839512394,121.9259617119549
1,HBEFA4/PC_petrol_Euro-6ab,Gasoline,2126-11-19 14:35:21,2126-11-19 14:35:21,-22.81171124366533,-43.21926546771139,-22.811683881511782,-43.21917629897617,5368.211752853899,3554.817312245464,1813.3834516184359,1642164.1171526798,454.64548868796527,121.92618868683329
1,HBEFA4/PC_petrol_Euro-6ab,Gasoline,2126-11-19 14:35:21,2126-11-19 14:35:21,-22.811683881511782,-43.21917629897617,-22.811664273981217,-43.219169331894966,5368.211185816899,3554.826635198463,1813.3834516184359,1642168.813169648,454.64693216917386,121.92646189827138
1,HBEFA4/PC_petrol_Euro-6ab,Gasoline,2126-11-19 14:35:21,2126-11-19 14:35:21,-22.811664273981217,-43.219169331894966,-22.81164285423982,-43.21895247298648,5368.221281157726,3554.8378315492897,1813.3834516184359,1642175.1292437161,454.64869512689273,121.92678814114499
1,HBEFA4/PC_petrol_Euro-6ab,Gasoline,2126-11-19 14:35:21,2126-11-19 14:35:21,-22.81164285423982,-43.21895247298648,-22.81161913491796,-43.21882316886125,5368.233511817759,3554.8511611993236,1813.3834516184359,1642179.6841112389,454.64994167735773,121.92714163312612
1,HBEFA4/PC_petrol_Euro-6ab,Gasoline,2126-11-19 14:35:21,2126-11-19 14:35:32,-22.81161913491796,-43.21882316886125,-22.814918131451416,-43.21517261221112,5411.466614216986,3572.358463113976,1828.1181511131112,1651891.9278391679,457.28361226212214,121.66138233119253
1,HBEFA4/PC_petrol_Euro-6ab,Gasoline,2126-11-19 14:35:32,2126-11-19 14:35:32,-22.814918131451416,-43.21517261221112,-22.814884157393214,-43.215215112857795,5411.471126765184,3572.3619756621747,1828.1181511131112,1651891.9278391679,457.28361226212214,121.66138233119253
1,HBEFA4/PC_petrol_Euro-6ab,Gasoline,2126-11-19 14:35:32,2126-11-19 14:35:32,-22.814884157393214,-43.215215112857795,-22.814842312776756,-43.21524513691318,5411.475141788638,3572.366989685628,1828.1181511131112,1651895.6539811311,457.28495161541274,121.66153475271193
1,HBEFA4/PC_petrol_Euro-6ab,Gasoline,2126-11-19 14:35:32,2126-11-19 14:35:32,-22.814842312776756,-43.21524513691318,-22.814791368274945,-43.21529375583285,5411.481336189594,3572.3731849865844,1828.1181511131112,1651899.1419272235,457.2861338682477,121.66171812634736
1,HBEFA4/PC_petrol_Euro-6ab,Gasoline,2126-11-19 14:35:32,2126-11-19 14:35:32,-22.814791368274945,-43.21529375583285,-22.814731963441445,-43.2153515331814,5411.488875388616,3572.381724285616,1828.1181511131112,1651913.2177231655,457.2874448174768,121.66193923428418
1,HBEFA4/PC_petrol_Euro-6ab,Gasoline,2126-11-19 14:35:32,2126-11-19 14:35:36,-22.814731963441445,-43.2153515331814,-22.811711551121334,-43.21926712698179,5411.134681922162,3581.2833385911636,1829.851343331898,1655379.8812364136,458.2866999188672,121.89226185113462
1,HBEFA4/PC_petrol_Euro-6ab,Gasoline,2126-11-19 14:35:36,2126-11-19 14:35:36,-22.811711551121334,-43.21926712698179,-22.81168263711133,-43.21916951531636,5411.143129141155,3581.2917858111573,1829.851343331898,1655383.3125191117,458.28776181442917,121.89251645828164
1,HBEFA4/PC_petrol_Euro-6ab,Gasoline,2126-11-19 14:35:36,2126-11-19 14:35:41,-22.81168263711133,-43.21916951531636,-22.79725143769138,-43.213939945546416,5419.151351137359,3586.6719891464335,1832.4813611919262,1657967.4852715696,459.12199897157484,122.17532682315538
1,HBEFA4/PC_petrol_Euro-6ab,Gasoline,2126-11-19 14:35:41,2126-11-19 14:35:43,-22.79725143769138,-43.213939945546416,-22.81263842122997,-43.21171488815139,5426.991956266726,3591.2517476338487,1835.7412186328777,1661212.5532492723,459.61897134624434,122.25545751392451
1,HBEFA4/PC_petrol_Euro-6ab,Gasoline,2126-11-19 14:35:43,2126-11-19 14:35:46,-22.81263842122997,-43.21171488815139,-22.81491614996991,-43.215183966888754,5435.416131188574,3597.791317419252,1837.6158137693226,1662884.1599658919,461.36234116652344,122.44341594521493
1,HBEFA4/PC_petrol_Euro-6ab,Gasoline,2126-11-19 14:35:46,2126-11-19 14:35:46,-22.81491614996991,-43.215183966888754,-22.81487322476111,-43.2152154599512,5435.419675456924,3597.7938616876113,1837.6158137693226,1662885.8511245855,461.36289211218497,122.44352262973617
1,HBEFA4/PC_petrol_Euro-6ab,Gasoline,2126-11-19 14:35:46,2126-11-19 14:35:48,-22.81487322476111,-43.2152154599512,-22.79814126351111,-43.211977738318334,5441.35189162175,3611.6815811598817,1838.669311461869,1664411.1474142557,461.8168959388867,122.55379476885732
1,HBEFA4/PC_petrol_Euro-6ab,Gasoline,2126-11-19 14:35:48,2126-11-19 14:35:54,-22.79814126351111,-43.211977738318334,-22.814917356137915,-43.215173248245536,5455.169322553885,3619.4313755838157,1845.6379469711696,1669581.477988167,462.2259493651126,122.89141198521829
1,HBEFA4/PC_petrol_Euro-6ab,Gasoline,2126-11-19 14:35:54,2126-11-19 14:35:54,-22.814917356137915,-43.215173248245536,-22.814885568755147,-43.215213652886134,5455.172256739385,3619.4343197693163,1845.6379469711696,1669581.477988167,462.2259493651126,122.89141198521829
1,HBEFA4/PC_petrol_Euro-6ab,Gasoline,2126-11-19 14:35:54,2126-11-19 14:35:54,-22.814885568755147,-43.215213652886134,-22.81484171462199,-43.21524656554139,5455.1769618794975,3619.439114919428,1845.6379469711696,1669585.5168291894,462.22744838988723,122.89155723774123
1,HBEFA4/PC_petrol_Euro-6ab,Gasoline,2126-11-19 14:35:54,2126-11-19 14:35:58,-22.81484171462199,-43.21524656554139,-22.811698749618153,-43.21925737831439,5467.34178818955,3617.6699214271266,1849.6718667624236,1673214.6196584112,463.214213411386,123.16413415122119
1,HBEFA4/PC_petrol_Euro-6ab,Gasoline,2126-11-19 14:35:58,2126-11-19 14:36:13,-22.811698749618153,-43.21925737831439,-22.812637571712927,-43.211716843775124,5479.548713119738,3628.3995431751437,1851.1491698445946,1675961.976552848,463.9811714513791,123.43198939933351
1,HBEFA4/PC_petrol_Euro-6ab,Gasoline,2126-11-19 14:36:13,2126-11-19 14:36:13,-22.812637571712927,-43.211716843775124,-22.812614824442333,-43.21176927266251,5479.5528156275195,3628.413645782915,1851.1491698445946,1675961.976552848,463.9811714513791,123.43198939933351
1,HBEFA4/PC_petrol_Euro-6ab,Gasoline,2126-11-19 14:36:13,2126-11-19 14:36:15,-22.812614824442333,-43.21176927266251,-22.811712688159138,-43.21927871321322,5486.146218653351,3633.811512561443,1852.2356961919178,1677731.2947428438,464.47786931783136,123.5712437932516
1,HBEFA4/PC_petrol_Euro-6ab,Gasoline,2126-11-19 14:36:15,2126-11-19 14:36:15,-22.811712688159138,-43.21927871321322,-22.797241847648934,-43.21299635726961,5514.323929516812,3649.593153122113,1864.7317764846894,1685845.2124621547,466.65195211862764,124.21951751318851
1,HBEFA4/PC_petrol_Euro-6ab,Gasoline,2126-11-19 14:36:15,2126-11-19 14:36:15,-22.797241847648934,-43.21299635726961,-22.79711433272155,-43.21299779493726,5514.338232817196,3649.6174563324164,1864.7317764846894,1685847.6627167942,466.6526311778841,124.21992811152143
1,HBEFA4/PC_petrol_Euro-6ab,Gasoline,2126-11-19 14:36:15,2126-11-19 14:36:15,-22.79711433272155,-43.21299779493726,-22.796989222261917,-43.21311114282264,5514.352352948471,3649.621576463782,1864.7317764846894,1685849.178854468,466.65316113742617,124.22133148651483
1,HBEFA4/PC_petrol_Euro-6ab,Gasoline,2126-11-19 14:36:15,2126-11-19 14:36:15,-22.796989222261917,-43.21311114282264,-22.796875478199134,-43.21311936912681,5514.366211536657,3649.635434151968,1864.7317764846894,1685851.2511133611,466.6534311145136,124.22172682471612
1,HBEFA4/PC_petrol_Euro-6ab,Gasoline,2126-11-19 14:36:15,2126-11-19 14:36:24,-22.796875478199134,-43.21311936912681,-22.79813618989752,-43.211979613583766,5537.111235196125,3663.7548311112417,1873.3554149948843,1692871.1411752154,468.59961317816816,124.73528211661556
1,HBEFA4/PC_petrol_Euro-6ab,Gasoline,2126-11-19 14:36:24,2126-11-19 14:36:24,-22.79813618989752,-43.211979613583766,-22.79793116219489,-43.21211779419697,5537.1214194626145,3663.76611446772,1873.3554149948843,1692871.1411752154,468.59961317816816,124.73528211661556
1,HBEFA4/PC_petrol_Euro-6ab,Gasoline,2126-11-19 14:36:24,2126-11-19 14:36:24,-22.79793116219489,-43.21211779419697,-22.797815445536298,-43.212159153455274,5537.1337887596665,3663.7783837647826,1873.3554149948843,1692876.128921125,468.6119655559324,124.73564133872418
1,HBEFA4/PC_petrol_Euro-6ab,Gasoline,2126-11-19 14:36:24,2126-11-19 14:36:28,-22.797815445536298,-43.212159153455274,-22.81171141279415,-43.21926632929,5545.513148841489,3671.3911545799595,1875.1128942615294,1695428.1852461513,469.33616669828655,124.92451847131516
1,HBEFA4/PC_petrol_Euro-6ab,Gasoline,2126-11-19 14:36:28,2126-11-19 14:36:28,-22.81171141279415,-43.21926632929,-22.811682542151895,-43.219168997291165,5545.5117126527115,3671.398818391171,1875.1128942615294,1695432.1465673756,469.33741844167656,124.92476124859955
1,HBEFA4/PC_petrol_Euro-6ab,Gasoline,2126-11-19 14:36:28,2126-11-19 14:36:28,-22.811682542151895,-43.219168997291165,-22.81163921353891,-43.2189325561383,5545.533278233464,3671.4213839719357,1875.1128942615294,1695442.189381154,469.3412569445634,124.9253868316614
1,HBEFA4/PC_petrol_Euro-6ab,Gasoline,2126-11-19 14:36:28,2126-11-19 14:36:34,-22.81163921353891,-43.2189325561383,-22.81263712167912,-43.21171788331537,5558.931731627623,3681.5551218543147,1877.3756197733187,1699612.2717693541,471.53614217341595,125.22283165966177
1,HBEFA4/PC_petrol_Euro-6ab,Gasoline,2126-11-19 14:36:34,2126-11-19 14:36:34,-22.81263712167912,-43.21171788331537,-22.812615948392195,-43.21176668213511,5558.935233514999,3681.55962373169,1877.3756197733187,1699612.2717693541,471.53614217341595,125.22283165966177
1,HBEFA4/PC_petrol_Euro-6ab,Gasoline,2126-11-19 14:36:34,2126-11-19 14:37:11,-22.812615948392195,-43.21176668213511,-22.814917716692412,-43.21518246831336,5626.1598991231545,3724.7413179871646,1911.3185811361914,1719911.6271491388,476.1925632855723,126.73585118718576
1,HBEFA4/PC_petrol_Euro-6ab,Gasoline,2126-11-19 14:37:11,2126-11-19 14:37:11,-22.814917716692412,-43.21518246831336,-22.814872172126116,-43.21521646689517,5626.163453551286,3724.7448724151955,1911.3185811361914,1719912.7238994173,476.1932978458483,126.73595857854495
1,HBEFA4/PC_petrol_Euro-6ab,Gasoline,2126-11-19 14:37:11,2126-11-19 14:37:11,-22.814872172126116,-43.21521646689517,-22.814825761713338,-43.21526185942774,5626.168714857291,3724.7511337212,1911.3185811361914,1719916.8157515163,476.1947714572478,126.73611866115128
1,HBEFA4/PC_petrol_Euro-6ab,Gasoline,2126-11-19 14:37:11,2126-11-19 14:37:11,-22.814825761713338,-43.21526185942774,-22.814767174116113,-43.215316993224145,5626.175584639146,3724.757113513156,1911.3185811361914,1719921.1816414214,476.19622541838154,126.73632247591241
1,HBEFA4/PC_petrol_Euro-6ab,Gasoline,2126-11-19 14:37:11,2126-11-19 14:37:11,-22.814767174116113,-43.215316993224145,-22.814695721222125,-43.21538524224288,5626.184271398186,3724.7656912621956,1911.3185811361914,1719926.4874513464,476.19786147515125,126.73657797517431
1,HBEFA4/PC_petrol_Euro-6ab,Gasoline,2126-11-19 14:37:11,2126-11-19 14:37:11,-22.814695721222125,-43.21538524224288,-22.81461676567987,-43.21546176318155,5626.194833119657,3724.776251873567,1911.3185811361914,1719932.5895229126,476.19961556132473,126.73688713691735
1,HBEFA4/PC_petrol_Euro-6ab,Gasoline,2126-11-19 14:37:11,2126-11-19 14:37:11,-22.81461676567987,-43.21546176318155,-22.814556835612374,-43.21551818599953,5626.1165199561235,3724.7879388211327,1911.3185811361914,1719937.2351249146,476.1118949169181,126.73722513421454
1,HBEFA4/PC_petrol_Euro-6ab,Gasoline,2126-11-19 14:37:11,2126-11-19 14:37:11,-22.814556835612374,-43.21551818599953,-22.814524663425674,-43.21554885856337,5626.115391761419,3724.7968196243194,1911.3185811361914,1719937.2351249146,476.1118949169181,126.73722513421454
1,HBEFA4/PC_petrol_Euro-6ab,Gasoline,2126-11-19 14:37:11,2126-11-19 14:37:12,-22.814524663425674,-43.21554885856337,-22.81171143538821,-43.21927192118179,5631.4591459291675,3727.891213229818,1912.5688426992611,1721273.2896875127,476.48158864464817,126.83353817492425
1,HBEFA4/PC_petrol_Euro-6ab,Gasoline,2126-11-19 14:37:12,2126-11-19 14:37:12,-22.81171143538821,-43.21927192118179,-22.811684157691916,-43.21917726561733,5631.467697332481,3727.898854633221,1912.5688426992611,1721277.4253711916,476.4828635889613,126.83378995414614
1,HBEFA4/PC_petrol_Euro-6ab,Gasoline,2126-11-19 14:37:12,2126-11-19 14:37:12,-22.811684157691916,-43.21917726561733,-22.81166413597489,-43.21916857898277,5631.477614636637,3727.9187619373768,1912.5688426992611,1721281.911737579,476.4841839516645,126.83417748546784
1,HBEFA4/PC_petrol_Euro-6ab,Gasoline,2126-11-19 14:37:12,2126-11-19 14:37:13,-22.81166413597489,-43.21916857898277,-22.814915188811265,-43.21517541685691,5656.318281918151,3745.7771659561147,1911.5312159621362,1729166.868431625,478.63233467628373,127.41115891184267
1,HBEFA4/PC_petrol_Euro-6ab,Gasoline,2126-11-19 14:37:13,2126-11-19 14:37:13,-22.814915188811265,-43.21517541685691,-22.814881366957314,-43.215217671917826,5656.311512333453,3745.7812963714166,1911.5312159621362,1729168.6826431687,478.6329473921148,127.41115769598947
1,HBEFA4/PC_petrol_Euro-6ab,Gasoline,2126-11-19 14:37:13,2126-11-19 14:37:13,-22.814881366957314,-43.215217671917826,-22.81483996698173,-43.21524727119676,5656.3165138277,3745.7852878656645,1911.5312159621362,1729172.7832213337,478.6344467733122,127.41131167797877
1,HBEFA4/PC_petrol_Euro-6ab,Gasoline,2126-11-19 14:37:13,2126-11-19 14:37:13,-22.81483996698173,-43.21524727119676,-22.8147864449567,-43.21529846499154,5656.322631832967,3745.7914158719314,1911.5312159621362,1729176.184129561,478.63561213911284,127.41149189916728
1,HBEFA4/PC_petrol_Euro-6ab,Gasoline,2126-11-19 14:37:13,2126-11-19 14:37:15,-22.8147864449567,-43.21529846499154,-22.81491862586545,-43.21518159868624,5664.429478976153,3748.9767113958443,1915.4527685812193,1731336.7619215262,479.2192969349285,127.6117469754712
1,HBEFA4/PC_petrol_Euro-6ab,Gasoline,2126-11-19 14:37:15,2126-11-19 14:37:17,-22.81491862586545,-43.21518159868624,-22.814916662291742,-43.21518347685119,5669.189668259167,3751.551416916816,1918.6392513423514,1732835.7638215183,479.59921819191814,127.718136198545
1,HBEFA4/PC_petrol_Euro-6ab,Gasoline,2126-11-19 14:37:17,2126-11-19 14:37:21,-22.814916662291742,-43.21518347685119,-22.81171331627219,-43.21928214992424,5677.941555792119,3757.1431296514263,1921.7985261415834,1735156.1348261588,481.2163338957939,127.91249186325269
1,HBEFA4/PC_petrol_Euro-6ab,Gasoline,2126-11-19 14:37:21,2126-11-19 14:37:21,-22.81171331627219,-43.21928214992424,-22.811687582461134,-43.2191964957124,5677.948766832136,3757.1512416915533,1921.7985261415834,1735161.7525975145,481.217884722413,127.91271579861681
1,HBEFA4/PC_petrol_Euro-6ab,Gasoline,2126-11-19 14:37:21,2126-11-19 14:37:32,-22.811687582461134,-43.2191964957124,-22.811711968926126,-43.21926939456316,5717.625399496417,3777.4992484631243,1931.126151133283,1743988.1736218224,482.69554141296396,128.56524846997442
1,HBEFA4/PC_petrol_Euro-6ab,Gasoline,2126-11-19 14:37:32,2126-11-19 14:37:32,-22.811711968926126,-43.21926939456316,-22.81168541721262,-43.21918462814553,5717.633111743886,3777.5168617116127,1931.126151133283,1743993.1291941623,482.6971413231146,128.56547385427353
1,HBEFA4/PC_petrol_Euro-6ab,Gasoline,2126-11-19 14:37:32,2126-11-19 14:37:32,-22.81168541721262,-43.21918462814553,-22.811666559397172,-43.21918181139164,5717.641884162442,3777.515733129159,1931.126151133283,1743997.3616671365,482.6984351196977,128.56573215387411
1,HBEFA4/PC_petrol_Euro-6ab,Gasoline,2126-11-19 14:37:32,2126-11-19 14:37:32,-22.811666559397172,-43.21918181139164,-22.811644538182512,-43.218961659448555,5717.652646184119,3777.5264951518257,1931.126151133283,1744113.5745686488,482.71119733884914,128.56614694168158
1,HBEFA4/PC_petrol_Euro-6ab,Gasoline,2126-11-19 14:37:32,2126-11-19 14:37:32,-22.811644538182512,-43.218961659448555,-22.81162117517221,-43.21882874415431,5717.665221336982,3777.5391693136993,1931.126151133283,1744111.3116892325,482.7119893128195,128.56641412195133
1,HBEFA4/PC_petrol_Euro-6ab,Gasoline,2126-11-19 14:37:32,2126-11-19 14:37:32,-22.81162117517221,-43.21882874415431,-22.811595735896536,-43.21869541288511,5717.679131481411,3777.5529814471184,1931.126151133283,1744116.216714679,482.71351745192763,128.56681828964176
1,HBEFA4/PC_petrol_Euro-6ab,Gasoline,2126-11-19 14:37:32,2126-11-19 14:37:37,-22.811595735896536,-43.21869541288511,-22.811712812291417,-43.21927937531148,5718.441612791798,3785.9228714195253,1932.5177423812727,1747227.3195868977,483.6195619116516,128.81183611198143
1,HBEFA4/PC_petrol_Euro-6ab,Gasoline,2126-11-19 14:37:37,2126-11-19 14:38:13,-22.811712812291417,-43.21927937531148,-22.811714831196374,-43.21929131649949,5781.143471636152,3825.7894611556245,1955.2541195814275,1766993.8424615797,489.1868139455779,131.2223174741455
1,HBEFA4/PC_petrol_Euro-6ab,Gasoline,2126-11-19 14:38:13,2126-11-19 14:38:13,-22.811714831196374,-43.21929131649949,-22.81168843941419,-43.21921117198247,5781.151782436948,3825.797772856521,1955.2541195814275,1766996.3394464812,489.1875767723573,131.22254618519288
1,HBEFA4/PC_petrol_Euro-6ab,Gasoline,2126-11-19 14:38:13,2126-11-19 14:38:13,-22.81168843941419,-43.21921117198247,-22.811669973574124,-43.21911142714867,5781.161112662255,3825.8171131818273,1955.2541195814275,1767111.1739537388,489.1887311724414,131.22281623461668
1,HBEFA4/PC_petrol_Euro-6ab,Gasoline,2126-11-19 14:38:13,2126-11-19 14:38:13,-22.811669973574124,-43.21911142714867,-22.811649255532765,-43.21898739623836,5781.171656687318,3825.817647116881,1955.2541195814275,1767114.7321995518,489.19114244783824,131.22312177746164
1,HBEFA4/PC_petrol_Euro-6ab,Gasoline,2126-11-19 14:38:13,2126-11-19 14:38:13,-22.811649255532765,-43.21898739623836,-22.81162653177642,-43.218863423443276,5781.183486681924,3825.8294771114967,1955.2541195814275,1767119.8261337923,489.19144481519843,131.22346475994716
1,HBEFA4/PC_petrol_Euro-6ab,Gasoline,2126-11-19 14:38:13,2126-11-19 14:38:13,-22.81162653177642,-43.218863423443276,-22.811611287177756,-43.21872569847911,5781.196461885767,3825.8424523153395,1955.2541195814275,1767114.8798718925,489.19279115359313,131.22384153947442
1,HBEFA4/PC_petrol_Euro-6ab,Gasoline,2126-11-19 14:38:13,2126-11-19 14:38:13,-22.811611287177756,-43.21872569847911,-22.81157628411578,-43.21858929187447,5781.111876422162,3825.856866841634,1955.2541195814275,1767121.2618271161,489.19441533957115,131.22426123358426
1,HBEFA4/PC_petrol_Euro-6ab,Gasoline,2126-11-19 14:38:13,2126-11-19 14:38:13,-22.81157628411578,-43.21858929187447,-22.811549893817723,-43.218452737875116,5781.125152982629,3825.8711434122116,1955.2541195814275,1767122.8212179116,489.19486854911797,131.22466857272593
1,HBEFA4/PC_petrol_Euro-6ab,Gasoline,2126-11-19 14:38:13,2126-11-19 14:38:13,-22.811549893817723,-43.218452737875116,-22.811523616876258,-43.21832117212139,5781.139475323571,3825.8854657431434,1955.2541195814275,1767124.9415495313,489.1954657581488,131.22517911758152
1,HBEFA4/PC_petrol_Euro-6ab,Gasoline,2126-11-19 14:38:13,2126-11-19 14:38:13,-22.811523616876258,-43.21832117212139,-22.811497529662294,-43.218188465168746,5781.153414323581,3825.899394743153,1955.2541195814275,1767124.9415495313,489.1954657581488,131.22517911758152
1,HBEFA4/PC_petrol_Euro-6ab,Gasoline,2126-11-19 14:38:13,2126-11-19 14:38:13,-22.811497529662294,-43.218188465168746,-22.811471441469924,-43.21815679845536,5781.167222141666,3825.913212561238,1955.2541195814275,1767126.5558718576,489.1959437739337,131.22547397354174
1,HBEFA4/PC_petrol_Euro-6ab,Gasoline,2126-11-19 14:38:13,2126-11-19 14:38:19,-22.811471441469924,-43.21815679845536,-22.811712811841812,-43.219279367458116,5817.164763716151,3855.598636669199,1961.566127136953,1777723.1455911582,492.16518127459983,131.11975827415614
1,HBEFA4/PC_petrol_Euro-6ab,Gasoline,2126-11-19 14:38:19,2126-11-19 14:38:19,-22.811712811841812,-43.219279367458116,-22.811686145781198,-43.21918811213799,5817.17261766416,3855.6164916272163,1961.566127136953,1777725.632644473,492.1659919225857,131.11998451412613
1,HBEFA4/PC_petrol_Euro-6ab,Gasoline,2126-11-19 14:38:19,2126-11-19 14:38:19,-22.811686145781198,-43.21918811213799,-22.811667161255564,-43.219185178481884,5817.182169432578,3855.616142395625,1961.566127136953,1777731.9794126974,492.1675831879181,131.12126393121633
1,HBEFA4/PC_petrol_Euro-6ab,Gasoline,2126-11-19 14:38:19,2126-11-19 14:38:19,-22.811667161255564,-43.219185178481884,-22.81164489541693,-43.21896361888717,5817.192953193729,3855.6268261567763,1961.566127136953,1777735.644121421,492.1689146244662,131.1215764367581
1,HBEFA4/PC_petrol_Euro-6ab,Gasoline,2126-11-19 14:38:19,2126-11-19 14:38:19,-22.81164489541693,-43.21896361888717,-22.811619344151185,-43.21882421986767,5817.21566631541,3855.6395392684567,1961.566127136953,1777742.7566711343,492.17179462161974,131.12194812523768
1,HBEFA4/PC_petrol_Euro-6ab,Gasoline,2126-11-19 14:38:19,2126-11-19 14:38:19,-22.811619344151185,-43.21882421986767,-22.81159497887759,-43.21869128289173,5817.221256146729,3855.654129119776,1961.566127136953,1777751.5538881759,492.1727374457935,131.1213751524324
1,HBEFA4/PC_petrol_Euro-6ab,Gasoline,2126-11-19 14:38:19,2126-11-19 14:38:24,-22.81159497887759,-43.21869128289173,-22.814912918913338,-43.21518715741475,5831.183822181424,3862.8594642726112,1968.2243578188141,1781768.6561711726,493.22142312317525,131.33318775411764
1,HBEFA4/PC_petrol_Euro-6ab,Gasoline,2126-11-19 14:38:24,2126-11-19 14:38:29,-22.814912918913338,-43.21518715741475,-22.811711527285778,-43.2192724177533,5841.141723431229,3869.9776579783443,1971.1641654518853,1784964.5418542315,494.1219197595745,131.55342922147358
1,HBEFA4/PC_petrol_Euro-6ab,Gasoline,2126-11-19 14:38:29,2126-11-19 14:38:29,-22.811711527285778,-43.2192724177533,-22.811684834518484,-43.21918151369913,5841.149645241816,3869.985579788921,1971.1641654518853,1784964.5418542315,494.1219197595745,131.55342922147358
1,HBEFA4/PC_petrol_Euro-6ab,Gasoline,2126-11-19 14:38:29,2126-11-19 14:38:32,-22.811684834518484,-43.21918151369913,-22.814915494641884,-43.215184593713184,5848.21913994838,3875.816587748619,1972.4124521997615,1787135.8774231146,494.73952516516184,131.71131894111242
1,HBEFA4/PC_petrol_Euro-6ab,Gasoline,2126-11-19 14:38:32,2126-11-19 14:38:44,-22.814915494641884,-43.215184593713184,-22.812643445536393,-43.211713315495535,5879.416621582985,3894.661191946236,1984.7454316367495,1796149.2116697498,497.19158924725264,132.41961571217135
1,HBEFA4/PC_petrol_Euro-6ab,Gasoline,2126-11-19 14:38:44,2126-11-19 14:38:44,-22.812643445536393,-43.211713315495535,-22.812619855864727,-43.21175767612379,5879.411141469829,3894.6657198331793,1984.7454316367495,1796149.2116697498,497.19158924725264,132.41961571217135
1,HBEFA4/PC_petrol_Euro-6ab,Gasoline,2126-11-19 14:38:44,2126-11-19 14:38:44,-22.812619855864727,-43.21175767612379,-22.812614183217493,-43.21182921231369,5879.417315753958,3894.6718751172193,1984.7454316367495,1796153.4393867254,497.1931481645114,132.41979125556942
1,HBEFA4/PC_petrol_Euro-6ab,Gasoline,2126-11-19 14:38:44,2126-11-19 14:38:44,-22.812614183217493,-43.21182921231369,-22.81264776438892,-43.211914113121986,5879.425119639769,3894.6795791131196,1984.7454316367495,1796157.917811291,497.1944821169112,132.41111693485447
1,HBEFA4/PC_petrol_Euro-6ab,Gasoline,2126-11-19 14:38:44,2126-11-19 14:38:44,-22.81264776438892,-43.211914113121986,-22.81294689686354,-43.21212541586845,5879.456841913182,3894.711411276433,1984.7454316367495,1796172.3352567977,497.19864456127783,132.4119412334158
1,HBEFA4/PC_petrol_Euro-6ab,Gasoline,2126-11-19 14:38:44,2126-11-19 14:38:57,-22.81294689686354,-43.21212541586845,-22.81491927485498,-43.21518197792552,5911.452183273127,3915.1615756711934,1996.391617612934,1815916.561751838,499.8737771882116,133.13259849131612
1,HBEFA4/PC_petrol_Euro-6ab,Gasoline,2126-11-19 14:38:57,2126-11-19 14:38:57,-22.81491927485498,-43.21518197792552,-22.814879129569435,-43.215219917635975,5911.455192912665,3915.1635853197316,1996.391617612934,1815916.561751838,499.8737771882116,133.13259849131612
1,HBEFA4/PC_petrol_Euro-6ab,Gasoline,2126-11-19 14:38:57,2126-11-19 14:38:57,-22.814879129569435,-43.215219917635975,-22.814838688517474,-43.215248493949426,5911.459669816767,3915.1681622138335,1996.391617612934,1815911.1166251983,499.87519548152924,133.13273619143386
1,HBEFA4/PC_petrol_Euro-6ab,Gasoline,2126-11-19 14:38:57,2126-11-19 14:38:57,-22.814838688517474,-43.215248493949426,-22.81479183811154,-43.2152942631399,5911.465641171433,3915.1741334674992,1996.391617612934,1815914.1594245857,499.87645973713586,133.13291472682112
1,HBEFA4/PC_petrol_Euro-6ab,Gasoline,2126-11-19 14:38:57,2126-11-19 14:38:57,-22.81479183811154,-43.2152942631399,-22.814731897411615,-43.21535163973914,5911.472723879337,3915.1811162764126,1996.391617612934,1815917.617149259,499.87761934142356,133.1331221929324
1,HBEFA4/PC_petrol_Euro-6ab,Gasoline,2126-11-19 14:38:57,2126-11-19 14:38:57,-22.814731897411615,-43.21535163973914,-22.814587851161537,-43.21548841983125,5911.491618413234,3915.1111118112997,1996.391617612934,1815927.5317485726,499.8815913125752,133.13367352153574
1,HBEFA4/PC_petrol_Euro-6ab,Gasoline,2126-11-19 14:38:57,2126-11-19 14:39:14,-22.814587851161537,-43.21548841983125,-22.814917489268825,-43.21518268584479,5928.444144942264,3924.2399555228944,2114.2141894193694,1811514.3481513182,511.41623793871543,133.5161727834517
1,HBEFA4/PC_petrol_Euro-6ab,Gasoline,2126-11-19 14:39:14,2126-11-19 14:39:14,-22.814917489268825,-43.21518268584479,-22.81487477653547,-43.2152139756748,5928.447147214375,3924.2431577951163,2114.2141894193694,1811514.3481513182,511.41623793871543,133.5161727834517
1,HBEFA4/PC_petrol_Euro-6ab,Gasoline,2126-11-19 14:39:14,2126-11-19 14:39:14,-22.81487477653547,-43.2152139756748,-22.81483118823588,-43.215256624484996,5928.451989338941,3924.247899919572,2114.2141894193694,1811518.3783261814,511.4177217469623,133.5162216117552
1,HBEFA4/PC_petrol_Euro-6ab,Gasoline,2126-11-19 14:39:14,2126-11-19 14:39:19,-22.81483118823588,-43.215256624484996,-22.811711186151186,-43.21926515574871,5963.2995638751945,3947.393158331139,2115.9164155441554,1821581.7448536684,514.1753781372911,134.3162614955769
1,HBEFA4/PC_petrol_Euro-6ab,Gasoline,2126-11-19 14:39:19,2126-11-19 14:39:19,-22.811711186151186,-43.21926515574871,-22.81168284114361,-43.21917162314869,5963.317715512697,3947.4112999686415,2115.9164155441554,1821583.6813974986,514.1762949969823,134.31649551611197
1,HBEFA4/PC_petrol_Euro-6ab,Gasoline,2126-11-19 14:39:19,2126-11-19 14:39:19,-22.81168284114361,-43.21917162314869,-22.811663457966394,-43.21916487998858,5963.317599858646,3947.4111943145914,2115.9164155441554,1821589.2641498318,514.1779337125374,134.3167849419115
1,HBEFA4/PC_petrol_Euro-6ab,Gasoline,2126-11-19 14:39:19,2126-11-19 14:39:19,-22.811663457966394,-43.21916487998858,-22.8116411822715,-43.21894281574485,5963.328667111587,3947.422261557531,2115.9164155441554,1821593.8633324648,514.17923525854854,134.3171153397894
1,HBEFA4/PC_petrol_Euro-6ab,Gasoline,2126-11-19 14:39:19,2126-11-19 14:39:19,-22.8116411822715,-43.21894281574485,-22.81161693318416,-43.218811156534195,5963.341443597665,3947.43513815361,2115.9164155441554,1821611.411431714,514.18196568711415,134.31747787375975
1,HBEFA4/PC_petrol_Euro-6ab,Gasoline,2126-11-19 14:39:19,2126-11-19 14:39:25,-22.81161693318416,-43.218811156534195,-22.811699658516915,-43.219262299466516,5976.163891715774,3958.279347774926,2117.8845439418485,1825279.3945885638,515.2471777922167,134.59311792591912
1,HBEFA4/PC_petrol_Euro-6ab,Gasoline,2126-11-19 14:39:25,2126-11-19 14:39:33,-22.811699658516915,-43.219262299466516,-22.79831485736263,-43.21458155461822,5993.17151293275,3971.851222441194,2121.3212914915565,1831865.4792293515,516.84291967189773,134.96923729374348
1,HBEFA4/PC_petrol_Euro-6ab,Gasoline,2126-11-19 14:39:33,2126-11-19 14:39:33,-22.79831485736263,-43.21458155461822,-22.79823724212477,-43.21459834728952,5993.177852513195,3971.8575621115384,2121.3212914915565,1831865.4792293515,516.84291967189773,134.96923729374348
1,HBEFA4/PC_petrol_Euro-6ab,Gasoline,2126-11-19 14:39:33,2126-11-19 14:39:33,-22.79823724212477,-43.21459834728952,-22.798151519982653,-43.21461254991588,5993.186619388147,3971.8663288964914,2121.3212914915565,1831871.1234876634,516.84431512772,134.96949328111971
1,HBEFA4/PC_petrol_Euro-6ab,Gasoline,2126-11-19 14:39:33,2126-11-19 14:39:33,-22.798151519982653,-43.21461254991588,-22.798197696655997,-43.2146191575329,5993.196232741672,3971.8759422491153,2121.3212914915565,1831873.546682121,516.8453659131784,134.96977158165152
1,HBEFA4/PC_petrol_Euro-6ab,Gasoline,2126-11-19 14:39:33,2126-11-19 14:39:59,-22.798197696655997,-43.2146191575329,-22.814917374353384,-43.21518279576181,6155.665551847355,4111.429585144213,2145.2359658131423,1851235.9148515172,512.1552319733568,136.3999995812826
1,HBEFA4/PC_petrol_Euro-6ab,Gasoline,2126-11-19 14:39:59,2126-11-19 14:39:59,-22.814917374353384,-43.21518279576181,-22.81487321233192,-43.21521548141573,6155.669264224117,4111.4332984219746,2145.2359658131423,1851237.6694915562,512.1558192814759,136.4111119969877
1,HBEFA4/PC_petrol_Euro-6ab,Gasoline,2126-11-19 14:39:59,2126-11-19 14:39:59,-22.81487321233192,-43.21521548141573,-22.814831895579536,-43.21525499141765,6155.674322351991,4111.438356548848,2145.2359658131423,1851241.1752417942,512.157166963695,136.41126391991937
1,HBEFA4/PC_petrol_Euro-6ab,Gasoline,2126-11-19 14:39:59,2126-11-19 14:39:59,-22.814831895579536,-43.21525499141765,-22.814781795319815,-43.21531386887411,6155.681436557771,4111.4444717546286,2145.2359658131423,1851244.4431861326,512.1581743337423,136.4114443879292
1,HBEFA4/PC_petrol_Euro-6ab,Gasoline,2126-11-19 14:39:59,2126-11-19 14:39:59,-22.814781795319815,-43.21531386887411,-22.814716226732353,-43.21536562873725,6155.688111391659,4111.452134588517,2145.2359658131423,1851248.719761671,512.1595512416165,136.41166675852393
1,HBEFA4/PC_petrol_Euro-6ab,Gasoline,2126-11-19 14:39:59,2126-11-19 14:39:59,-22.814716226732353,-43.21536562873725,-22.81464177171859,-43.21543684582828,6155.697557796684,4111.461591993542,2145.2359658131423,1851254.6962112978,512.161329819154,136.41194769192328
1,HBEFA4/PC_petrol_Euro-6ab,Gasoline,2126-11-19 14:39:59,2126-11-19 14:39:59,-22.81464177171859,-43.21543684582828,-22.814573673644786,-43.21551198148254,6155.718578729145,4111.472612926113,2145.2359658131423,1851259.9835529895,512.1628218247882,136.41126818278842
1,HBEFA4/PC_petrol_Euro-6ab,Gasoline,2126-11-19 14:39:59,2126-11-19 14:39:59,-22.814573673644786,-43.21551198148254,-22.814529292115676,-43.21554443133744,6155.718658417613,4111.4826926144717,2145.2359658131423,1851259.9835529895,512.1628218247882,136.41126818278842
1,HBEFA4/PC_petrol_Euro-6ab,Gasoline,2126-11-19 14:39:59,2126-11-19 14:41:15,-22.814529292115676,-43.21554443133744,-22.814911172671554,-43.215181214811215,6171.619757199567,4123.1194866724336,2148.5112714271337,1854677.3172162154,513.3938914118482,136.75173385234294
1,HBEFA4/PC_petrol_Euro-6ab,Gasoline,2126-11-19 14:41:15,2126-11-19 14:41:15,-22.814911172671554,-43.215181214811215,-22.81487744131765,-43.215211427769335,6171.622934821194,4123.1226643931614,2148.5112714271337,1854679.1131957574,513.3945112173565,136.7518312192346
1,HBEFA4/PC_petrol_Euro-6ab,Gasoline,2126-11-19 14:41:15,2126-11-19 14:41:15,-22.81487744131765,-43.215211427769335,-22.81483416633358,-43.215252915177324,6171.627765148592,4123.127494621458,2148.5112714271337,1854683.114533168,513.3959339181126,136.7519793211875
1,HBEFA4/PC_petrol_Euro-6ab,Gasoline,2126-11-19 14:41:15,2126-11-19 14:41:15,-22.81483416633358,-43.215252915177324,-22.81478138158943,-43.21531331916324,6171.6341852438345,4123.1339148167112,2148.5112714271337,1854687.2272343315,513.3973654475521,136.75217163477157
1,HBEFA4/PC_petrol_Euro-6ab,Gasoline,2126-11-19 14:41:15,2126-11-19 14:41:15,-22.81478138158943,-43.21531331916324,-22.814716796256174,-43.215365183988116,6171.641983761376,4123.141713333243,2148.5112714271337,1854691.4217141885,513.3987139115763,136.75239922837832
1,HBEFA4/PC_petrol_Euro-6ab,Gasoline,2126-11-19 14:41:15,2126-11-19 14:41:16,-22.814716796256174,-43.215365183988116,-22.812642649976136,-43.2117151391396,6173.1954872616485,4123.458194437199,2149.6372928244496,1855114.782966266,513.5119128361595,136.78527713672958
1,HBEFA4/PC_petrol_Euro-6ab,Gasoline,2126-11-19 14:41:16,2126-11-19 14:41:11,-22.812642649976136,-43.2117151391396,-22.798196667698427,-43.21195776315278,6182.931248292717,4129.9711572849897,2152.9611911177274,1858199.5363113373,514.328151691349,137.1117871647476
1,HBEFA4/PC_petrol_Euro-6ab,Gasoline,2126-11-19 14:41:11,2126-11-19 14:41:12,-22.798196667698427,-43.21195776315278,-22.7982981588797,-43.21458518911129,6184.931793615665,4131.9716125979376,2152.9611911177274,1858735.4144561518,514.5222777894638,137.15551795464116
1,HBEFA4/PC_petrol_Euro-6ab,Gasoline,2126-11-19 14:41:12,2126-11-19 14:41:23,-22.7982981588797,-43.21458518911129,-22.798162155326956,-43.21197121618113,6111.451413653572,4151.1851686513315,2161.2662451132417,1866367.4718631248,516.6238721322866,137.64978794918974
1,HBEFA4/PC_petrol_Euro-6ab,Gasoline,2126-11-19 14:41:23,2126-11-19 14:41:23,-22.798162155326956,-43.21197121618113,-22.797942332844553,-43.21211341625891,6111.464125772746,4151.1977817695143,2161.2662451132417,1866372.467879815,516.6252173671364,137.65115316352492
1,HBEFA4/PC_petrol_Euro-6ab,Gasoline,2126-11-19 14:41:23,2126-11-19 14:41:23,-22.797942332844553,-43.21211341625891,-22.797824414427822,-43.21215591986769,6111.478117579222,4151.2117725759814,2161.2662451132417,1866378.518143517,516.6267696243566,137.65156111971766
1,HBEFA4/PC_petrol_Euro-6ab,Gasoline,2126-11-19 14:41:23,2126-11-19 14:41:23,-22.797824414427822,-43.21215591986769,-22.797699738753394,-43.21211186961435,6111.4917871437175,4151.2255421414763,2161.2662451132417,1866379.81581585,516.6271677381588,137.6519529347968
1,HBEFA4/PC_petrol_Euro-6ab,Gasoline,2126-11-19 14:41:23,2126-11-19 14:41:27,-22.797699738753394,-43.21211186961435,-22.8117145161592,-43.21928854661255,6121.661138986314,4158.518422273384,2163.1526167129315,1869386.415124849,517.4858551476171,137.87568513612122
1,HBEFA4/PC_petrol_Euro-6ab,Gasoline,2126-11-19 14:41:27,2126-11-19 14:41:27,-22.8117145161592,-43.21928854661255,-22.811689411639965,-43.21921646971187,6121.667886682544,4158.5152699696137,2163.1526167129315,1869391.2875136288,517.4874916171483,137.87588961418117
1,HBEFA4/PC_petrol_Euro-6ab,Gasoline,2126-11-19 14:41:27,2126-11-19 14:41:31,-22.811689411639965,-43.21921646971187,-22.79791641798875,-43.214641293113236,6128.294848743681,4164.289948382975,2164.114911361716,1871428.13674317,518.169334982212,138.12181252673163
1,HBEFA4/PC_petrol_Euro-6ab,Gasoline,2126-11-19 14:41:31,2126-11-19 14:41:38,-22.79791641798875,-43.214641293113236,-22.79831456781858,-43.214581617265514,6146.143757987146,4179.1693181838183,2166.874439913338,1876588.4111294392,519.5172611529196,138.41136121965455
1,HBEFA4/PC_petrol_Euro-6ab,Gasoline,2126-11-19 14:41:38,2126-11-19 14:41:38,-22.79831456781858,-43.214581617265514,-22.798236346159613,-43.21459854113829,6146.151195219195,4179.176655315758,2166.874439913338,1876589.8464861613,519.5176973823438,138.41157129242862
1,HBEFA4/PC_petrol_Euro-6ab,Gasoline,2126-11-19 14:41:38,2126-11-19 14:41:38,-22.798236346159613,-43.21459854113829,-22.798141681296187,-43.21461375788484,6146.159931589996,4179.1854916866583,2166.874439913338,1876594.553847311,519.5191391715388,138.41182853223118
1,HBEFA4/PC_petrol_Euro-6ab,Gasoline,2126-11-19 14:41:38,2126-11-19 14:41:52,-22.798141681296187,-43.21461375788484,-22.811698854522544,-43.21925794631991,6178.422144964285,4195.115996766587,2183.3161481976986,1887255.4365921322,522.3972671984933,139.1716445111258
1,HBEFA4/PC_petrol_Euro-6ab,Gasoline,2126-11-19 14:41:52,2126-11-19 14:41:52,-22.811698854522544,-43.21925794631991,-22.81168145649426,-43.219157618585915,6178.431581281388,4195.1245321836897,2183.3161481976986,1887258.2117623822,522.398122577497,139.17189117914417
1,HBEFA4/PC_petrol_Euro-6ab,Gasoline,2126-11-19 14:41:52,2126-11-19 14:41:52,-22.81168145649426,-43.219157618585915,-22.81165923836962,-43.219141859251334,6178.441181926944,4195.1351327292453,2183.3161481976986,1887264.511442747,522.399923162777,139.1711978149486
1,HBEFA4/PC_petrol_Euro-6ab,Gasoline,2126-11-19 14:41:52,2126-11-19 14:41:52,-22.81165923836962,-43.219141859251334,-22.811635558797313,-43.21891267161639,6178.453196491462,4195.1471482927636,2183.3161481976986,1887271.5377221575,522.4115594126199,139.17155159633172
1,HBEFA4/PC_petrol_Euro-6ab,Gasoline,2126-11-19 14:41:52,2126-11-19 14:41:52,-22.811635558797313,-43.21891267161639,-22.811611142573156,-43.218778921137725,6178.466717487174,4195.161669289375,2183.3161481976986,1887276.4991176957,522.413119879617,139.17194363893455
1,HBEFA4/PC_petrol_Euro-6ab,Gasoline,2126-11-19 14:41:52,2126-11-19 14:41:52,-22.811611142573156,-43.218778921137725,-22.811585591328588,-43.218641162766676,6178.4817161491535,4195.174667951455,2183.3161481976986,1887279.8729339745,522.4141134122147,139.17234655581328
1,HBEFA4/PC_petrol_Euro-6ab,Gasoline,2126-11-19 14:41:52,2126-11-19 14:41:12,-22.811585591328588,-43.218641162766676,-22.812639312216,-43.211712832161455,6226.4423311466315,4126.441323112388,2111.112117134244,1912254.6865427573,526.5713379692795,141.2412514678157
1,HBEFA4/PC_petrol_Euro-6ab,Gasoline,2126-11-19 14:41:12,2126-11-19 14:41:12,-22.812639312216,-43.211712832161455,-22.812617931183177,-43.21176211234366,6226.446421735116,4126.444413711872,2111.112117134244,1912254.6865427573,526.5713379692795,141.2412514678157
1,HBEFA4/PC_petrol_Euro-6ab,Gasoline,2126-11-19 14:41:12,2126-11-19 14:41:12,-22.812617931183177,-43.21176211234366,-22.812614258198817,-43.21182691451796,6226.452118815485,4126.451111771242,2111.112117134244,1912258.5416195664,526.5726956726171,141.24141852214236
1,HBEFA4/PC_petrol_Euro-6ab,Gasoline,2126-11-19 14:41:12,2126-11-19 14:41:12,-22.812614258198817,-43.21182691451796,-22.81264129911563,-43.21189873547291,6226.458973511812,4126.456966466559,2111.112117134244,1912262.52799133,526.5741124628198,141.24162391571816
1,HBEFA4/PC_petrol_Euro-6ab,Gasoline,2126-11-19 14:41:12,2126-11-19 14:41:12,-22.81264129911563,-43.21189873547291,-22.813135652121945,-43.21216312188311,6226.511193541613,4126.499186516369,2111.112117134244,1912281.2776217114,526.5794517493981,141.24184674996897
1,HBEFA4/PC_petrol_Euro-6ab,Gasoline,2126-11-19 14:41:12,2126-11-19 14:41:12,-22.813135652121945,-43.21216312188311,-22.813153687193493,-43.2121132669543,6226.515118418823,4126.513111374579,2111.112117134244,1912288.845717717,526.5813711266311,141.24225691225143
1,HBEFA4/PC_petrol_Euro-6ab,Gasoline,2126-11-19 14:41:12,2126-11-19 14:41:12,-22.813153687193493,-43.2121132669543,-22.813276629471954,-43.21216565144131,6226.5291676252855,4126.527161591142,2111.112117134244,1912291.87737154,526.5819481375695,141.24265924638416
1,HBEFA4/PC_petrol_Euro-6ab,Gasoline,2126-11-19 14:41:12,2126-11-19 14:41:12,-22.813276629471954,-43.21216565144131,-22.813393117125434,-43.2122153888966,6226.543816718916,4126.541799684672,2111.112117134244,1912294.711918157,526.5829491112392,141.24318172892816
1,HBEFA4/PC_petrol_Euro-6ab,Gasoline,2126-11-19 14:41:12,2126-11-19 14:41:12,-22.813393117125434,-43.2122153888966,-22.813511884575773,-43.2122661118769,6226.557681215912,4126.555674171668,2111.112117134244,1912294.711918157,526.5829491112392,141.24318172892816
1,HBEFA4/PC_petrol_Euro-6ab,Gasoline,2126-11-19 14:41:12,2126-11-19 14:41:12,-22.813511884575773,-43.2122661118769,-22.813641532699594,-43.21227816246111,6226.571827233834,4126.56982119959,2111.112117134244,1912297.4918899778,526.583717175196,141.24348817167152
1,HBEFA4/PC_petrol_Euro-6ab,Gasoline,2126-11-19 14:41:12,2126-11-19 14:41:12,-22.813641532699594,-43.21227816246111,-22.813756779673112,-43.21221615647927,6226.586393526424,4126.584386492181,2111.112117134244,1912311.7877791378,526.584581972727,141.2439176127117
1,HBEFA4/PC_petrol_Euro-6ab,Gasoline,2126-11-19 14:41:12,2126-11-19 14:41:18,-22.813756779673112,-43.21221615647927,-22.81171177836984,-43.21927377722645,6242.913233683179,4135.739398433813,2117.173835249366,1916715.7489253122,527.7397713991138,141.61896911811448
1,HBEFA4/PC_petrol_Euro-6ab,Gasoline,2126-11-19 14:41:18,2126-11-19 14:41:18,-22.81171177836984,-43.21927377722645,-22.811684724823775,-43.21918191529241,6242.921332915188,4135.747497665822,2117.173835249366,1916715.7489253122,527.7397713991138,141.61896911811448
1,HBEFA4/PC_petrol_Euro-6ab,Gasoline,2126-11-19 14:41:18,2126-11-19 14:41:22,-22.811684724823775,-43.21918191529241,-22.811699845973816,-43.21926331443537,6252.5953697357645,4143.511442753118,2119.193926982757,1919273.461149156,528.4474813483636,141.83124816715477
1,HBEFA4/PC_petrol_Euro-6ab,Gasoline,2126-11-19 14:41:22,2126-11-19 14:41:22,-22.811699845973816,-43.21926331443537,-22.811682261812717,-43.21916746785145,6252.613878282983,4143.519951311227,2119.193926982757,1919276.114946212,528.4482671189593,141.8314924841229
1,HBEFA4/PC_petrol_Euro-6ab,Gasoline,2126-11-19 14:41:22,2126-11-19 14:41:26,-22.811682261812717,-43.21916746785145,-22.79725692521626,-43.21299618727686,6262.916322116667,4151.624178694992,2111.2821434116754,1912629.7118946558,529.3958929831615,141.164554263112
1,HBEFA4/PC_petrol_Euro-6ab,Gasoline,2126-11-19 14:41:26,2126-11-19 14:41:26,-22.79725692521626,-43.21299618727686,-22.797131627945933,-43.21299761121732,6262.921393231373,4151.638249819698,2111.2821434116754,1912631.8796634648,529.3962645126893,141.16495592996777
1,HBEFA4/PC_petrol_Euro-6ab,Gasoline,2126-11-19 14:41:26,2126-11-19 14:41:41,-22.797131627945933,-43.21299761121732,-22.81491816411814,-43.21517257115987,6299.495142163876,4179.249544415658,2121.2454977482175,1923994.421411718,532.6155834914169,141.8812967587615
1,HBEFA4/PC_petrol_Euro-6ab,Gasoline,2126-11-19 14:41:41,2126-11-19 14:41:41,-22.81491816411814,-43.21517257115987,-22.81488468467465,-43.215214498511534,6299.498191944351,4179.252694196133,2121.2454977482175,1923994.421411718,532.6155834914169,141.8812967587615
1,HBEFA4/PC_petrol_Euro-6ab,Gasoline,2126-11-19 14:41:41,2126-11-19 14:41:41,-22.81488468467465,-43.215214498511534,-22.814838956241625,-43.21524823787174,6299.513132741598,4179.257634992381,2121.2454977482175,1923998.5521444128,532.6171992314138,141.88144849817182
1,HBEFA4/PC_petrol_Euro-6ab,Gasoline,2126-11-19 14:41:41,2126-11-19 14:41:41,-22.814838956241625,-43.21524823787174,-22.814784835321834,-43.21531111461971,6299.519911442127,4179.26441369381,2121.2454977482175,1924113.265811124,532.6186822618738,141.88165151146711
1,HBEFA4/PC_petrol_Euro-6ab,Gasoline,2126-11-19 14:41:41,2126-11-19 14:41:41,-22.814784835321834,-43.21531111461971,-22.814721411741715,-43.21536167979972,6299.5179123928965,4179.27241464468,2121.2454977482175,1924117.2548372932,532.6199426284999,141.88188442614152
1,HBEFA4/PC_petrol_Euro-6ab,Gasoline,2126-11-19 14:41:41,2126-11-19 14:41:41,-22.814721411741715,-43.21536167979972,-22.814651541518857,-43.21542845656544,6299.527311942955,4179.281814194738,2121.2454977482175,1924111.8687131418,532.6213257739871,141.8821577961856
1,HBEFA4/PC_petrol_Euro-6ab,Gasoline,2126-11-19 14:41:41,2126-11-19 14:41:51,-22.814651541518857,-43.21542845656544,-22.798273197949595,-43.21459156795335,6322.951445888431,4194.426679653558,2128.5237662348736,1931318.884725266,534.6391357357783,142.41825888831428
1,HBEFA4/PC_petrol_Euro-6ab,Gasoline,2126-11-19 14:41:51,2126-11-19 14:41:51,-22.798273197949595,-43.21459156795335,-22.798175861216122,-43.21461956178778,6322.9644281586535,4194.44166182378,2128.5237662348736,1931323.3514946157,534.6413145178872,142.41866311256525
1,HBEFA4/PC_petrol_Euro-6ab,Gasoline,2126-11-19 14:41:51,2126-11-19 14:41:51,-22.798175861216122,-43.21461956178778,-22.798114939155976,-43.214617141759324,6322.975389733828,4194.451623498955,2128.5237662348736,1931323.3514946157,534.6413145178872,142.41866311256525
1,HBEFA4/PC_petrol_Euro-6ab,Gasoline,2126-11-19 14:41:51,2126-11-19 14:41:51,-22.798114939155976,-43.214617141759324,-22.7979568485986,-43.21463635641233,6322.991126118913,4194.46635988413,2128.5237662348736,1931327.1612449717,534.6415111154312,142.41889471739665
1,HBEFA4/PC_petrol_Euro-6ab,Gasoline,2126-11-19 14:41:51,2126-11-19 14:41:55,-22.7979568485986,-43.21463635641233,-22.811712238513394,-43.21927626858134,6333.596755115388,4213.399961413378,2131.1967935921115,1934418.5866856396,535.5199118161419,142.6532651816232
1,HBEFA4/PC_petrol_Euro-6ab,Gasoline,2126-11-19 14:41:55,2126-11-19 14:41:55,-22.811712238513394,-43.21927626858134,-22.811686188111113,-43.21918888848665,6333.614692191124,4213.417898499113,2131.1967935921115,1934418.5866856396,535.5199118161419,142.6532651816232
1,HBEFA4/PC_petrol_Euro-6ab,Gasoline,2126-11-19 14:41:55,2126-11-19 14:42:11,-22.811686188111113,-43.21918888848665,-22.79714552844143,-43.212997443222146,6348.454678377435,4211.757135531345,2136.697542846191,1939116.4419179433,536.7728931741753,142.9958171826525
1,HBEFA4/PC_petrol_Euro-6ab,Gasoline,2126-11-19 14:42:11,2126-11-19 14:42:11,-22.79714552844143,-43.212997443222146,-22.797118339515637,-43.21299887721561,6348.468948547766,4211.771415711676,2136.697542846191,1939111.111748869,536.7738388298782,142.9962183875453
1,HBEFA4/PC_petrol_Euro-6ab,Gasoline,2126-11-19 14:42:11,2126-11-19 14:42:14,-22.797118339515637,-43.21299887721561,-22.81171191188795,-43.21927444611473,6381.137831233741,4234.991193377957,2145.1467378557845,1949195.1519114,539.6391566255561,143.69961314781314
1,HBEFA4/PC_petrol_Euro-6ab,Gasoline,2126-11-19 14:42:14,2126-11-19 14:42:14,-22.81171191188795,-43.21927444611473,-22.81168587546947,-43.219187182868426,6381.145842899651,4234.9991151438675,2145.1467378557845,1949195.1519114,539.6391566255561,143.69961314781314
1,HBEFA4/PC_petrol_Euro-6ab,Gasoline,2126-11-19 14:42:14,2126-11-19 14:42:14,-22.81168587546947,-43.219187182868426,-22.81166798584346,-43.21918958262462,6381.154976681964,4235.11823882518,2145.1467378557845,1949199.159884542,539.6412715616717,143.69986811696113
1,HBEFA4/PC_petrol_Euro-6ab,Gasoline,2126-11-19 14:42:14,2126-11-19 14:42:14,-22.81166798584346,-43.21918958262462,-22.81164813132494,-43.21898171192259,6381.165191682671,4235.118453826888,2145.1467378557845,1949113.2312689798,539.641487191774,143.71116362515116
1,HBEFA4/PC_petrol_Euro-6ab,Gasoline,2126-11-19 14:42:14,2126-11-19 14:42:14,-22.81164813132494,-43.21898171192259,-22.811625762456555,-43.21885922631544,6381.176586272711,4235.129848416927,2145.1467378557845,1949117.934384736,539.6428135375652,143.71149351482262
1,HBEFA4/PC_petrol_Euro-6ab,Gasoline,2126-11-19 14:42:14,2126-11-19 14:42:14,-22.811625762456555,-43.21885922631544,-22.811611626319416,-43.21872754871277,6381.189311164426,4235.1425633186425,2145.1467378557845,1949113.391144472,539.6442618618863,143.71186245221215
1,HBEFA4/PC_petrol_Euro-6ab,Gasoline,2126-11-19 14:42:14,2126-11-19 14:42:19,-22.811611626319416,-43.21872754871277,-22.81491194325635,-43.21517842559134,6393.459294296158,4243.394114821771,2151.165289474288,1952915.4611751195,541.673541371715,144.11579746651848
1,HBEFA4/PC_petrol_Euro-6ab,Gasoline,2126-11-19 14:42:19,2126-11-19 14:42:19,-22.81491194325635,-43.21517842559134,-22.81487578565756,-43.21521311144674,6393.462697937116,4243.397418462719,2151.165289474288,1952915.4611751195,541.673541371715,144.11579746651848
1,HBEFA4/PC_petrol_Euro-6ab,Gasoline,2126-11-19 14:42:19,2126-11-19 14:42:23,-22.81487578565756,-43.21521311144674,-22.798231772698315,-43.21459953161922,6411.457571725116,4251.518947351218,2151.9386243738195,1955149.552541569,541.3271395919748,144.18311522463826
1,HBEFA4/PC_petrol_Euro-6ab,Gasoline,2126-11-19 14:42:23,2126-11-19 14:42:23,-22.798231772698315,-43.21459953161922,-22.79814479244441,-43.21461337582213,6411.471817164842,4251.533192791134,2151.9386243738195,1955149.552541569,541.3271395919748,144.18311522463826
1,HBEFA4/PC_petrol_Euro-6ab,Gasoline,2126-11-19 14:42:23,2126-11-19 14:42:35,-22.79814479244441,-43.21461337582213,-22.81491971285181,-43.21518155898114,6431.911717994812,4271.347157313241,2161.5636516815617,1964395.8671397236,543.8923568459785,144.86711317182226
1,HBEFA4/PC_petrol_Euro-6ab,Gasoline,2126-11-19 14:42:35,2126-11-19 14:42:35,-22.81491971285181,-43.21518155898114,-22.814875488997116,-43.21521329421338,6431.9139881815615,4271.351337399111,2161.5636516815617,1964397.7947992415,543.8931211355134,144.86711368648125
1,HBEFA4/PC_petrol_Euro-6ab,Gasoline,2126-11-19 14:42:35,2126-11-19 14:42:35,-22.814875488997116,-43.21521329421338,-22.814831227141355,-43.215255631771964,6431.919153881714,4271.355413199153,2161.5636516815617,1964411.9515239531,543.8945365311318,144.86725881155477
1,HBEFA4/PC_petrol_Euro-6ab,Gasoline,2126-11-19 14:42:35,2126-11-19 14:42:35,-22.814831227141355,-43.215255631771964,-22.81477636541425,-43.21531811618216,6431.925615499814,4271.361954818253,2161.5636516815617,1964416.1237144236,543.8959191442915,144.86745326791125
1,HBEFA4/PC_petrol_Euro-6ab,Gasoline,2126-11-19 14:42:35,2126-11-19 14:42:39,-22.81477636541425,-43.21531811618216,-22.814911647716417,-43.21517966478838,6441.912892896798,4277.436623526164,2163.466269371635,1967156.1294831934,544.6486599221655,145.17196563755416
1,HBEFA4/PC_petrol_Euro-6ab,Gasoline,2126-11-19 14:42:39,2126-11-19 14:43:16,-22.814911647716417,-43.21517966478838,-22.79817138645793,-43.21196687793324,6512.352151591416,4319.48152136887,2182.871531221547,1986621.741234888,551.1143827315879,146.4421249755139
1,HBEFA4/PC_petrol_Euro-6ab,Gasoline,2126-11-19 14:43:16,2126-11-19 14:43:16,-22.79817138645793,-43.21196687793324,-22.79796818755218,-43.212114184743976,6512.362717843158,4319.4921776215115,2182.871531221547,1986625.1234271677,551.1156134882914,146.44243314598955
1,HBEFA4/PC_petrol_Euro-6ab,Gasoline,2126-11-19 14:43:16,2126-11-19 14:43:16,-22.79796818755218,-43.212114184743976,-22.797851498588733,-43.212146515645975,6512.374758496111,4319.514228274464,2182.871531221547,1986631.4647261413,551.1171973189328,146.44278313911498
1,HBEFA4/PC_petrol_Euro-6ab,Gasoline,2126-11-19 14:43:16,2126-11-19 14:43:16,-22.797851498588733,-43.212146515645975,-22.797726299884765,-43.21219129343917,6512.388511167436,4319.517971945889,2182.871531221547,1986637.3411748277,551.1188618596275,146.44318394869418
1,HBEFA4/PC_petrol_Euro-6ab,Gasoline,2126-11-19 14:43:16,2126-11-19 14:43:16,-22.797726299884765,-43.21219129343917,-22.797613115634427,-43.212135715393296,6512.413113986294,4319.532473764747,2182.871531221547,1986641.6691315918,551.1199837553218,146.4436131514724
1,HBEFA4/PC_petrol_Euro-6ab,Gasoline,2126-11-19 14:43:16,2126-11-19 14:43:16,-22.797613115634427,-43.212135715393296,-22.797481948896197,-43.21218156325516,6512.417388344126,4319.54685812248,2182.871531221547,1986643.2935331418,551.1214622193657,146.44411478541553
1,HBEFA4/PC_petrol_Euro-6ab,Gasoline,2126-11-19 14:43:16,2126-11-19 14:43:16,-22.797481948896197,-43.21218156325516,-22.79735888218392,-43.21223349181139,6512.431682715573,4319.561152484127,2182.871531221547,1986644.9991556236,551.1219614425243,146.44442387424638
1,HBEFA4/PC_petrol_Euro-6ab,Gasoline,2126-11-19 14:43:16,2126-11-19 14:43:16,-22.79735888218392,-43.21223349181139,-22.79723641171829,-43.21228659521498,6512.446252848334,4319.575722626788,2182.871531221547,1986647.8511454256,551.1217295917611,146.4448428556683
1,HBEFA4/PC_petrol_Euro-6ab,Gasoline,2126-11-19 14:43:16,2126-11-19 14:43:13,-22.79723641171829,-43.21228659521498,-22.79818783761251,-43.213132446258294,6526.696753566914,4335.144585255151,2191.5521683117636,1993728.3246211276,552.1492744767549,146.99244172979428
1,HBEFA4/PC_petrol_Euro-6ab,Gasoline,2126-11-19 14:43:13,2126-11-19 14:43:13,-22.79818783761251,-43.213132446258294,-22.79812143183369,-43.21324633881496,6526.711167229244,4335.158898917482,2191.5521683117636,1993729.6226894867,552.1496749769333,146.99284977313147
1,HBEFA4/PC_petrol_Euro-6ab,Gasoline,2126-11-19 14:43:13,2126-11-19 14:43:13,-22.79812143183369,-43.21324633881496,-22.797916869518747,-43.21331283461666,6526.724926217644,4335.172757895882,2191.5521683117636,1993729.6226894867,552.1496749769333,146.99284977313147
1,HBEFA4/PC_petrol_Euro-6ab,Gasoline,2126-11-19 14:43:13,2126-11-19 14:43:14,-22.797916869518747,-43.21331283461666,-22.79778339241951,-43.213277671726116,6526.739277851952,4335.187119541188,2191.5521683117636,1993733.113281133,552.1515976961614,146.99326324362835
1,HBEFA4/PC_petrol_Euro-6ab,Gasoline,2126-11-19 14:43:14,2126-11-19 14:43:14,-22.79778339241951,-43.213277671726116,-22.79766991461114,-43.213216391141684,6526.753482214525,4335.211313912763,2191.5521683117636,1993734.6319826192,552.1511534715891,146.9936693945938
1,HBEFA4/PC_petrol_Euro-6ab,Gasoline,2126-11-19 14:43:14,2126-11-19 14:43:14,-22.79766991461114,-43.213216391141684,-22.797562683972433,-43.21313848683132,6526.768127258881,4335.215858947119,2191.5521683117636,1993737.678283878,552.151869636833,146.99418792621392
1,HBEFA4/PC_petrol_Euro-6ab,Gasoline,2126-11-19 14:43:14,2126-11-19 14:43:21,-22.797562683972433,-43.21313848683132,-22.811711448839255,-43.21926657859777,6543.143291624758,4347.451315886599,2195.69298473816,1998892.6711216466,553.5141161728965,147.35848184259234
1,HBEFA4/PC_petrol_Euro-6ab,Gasoline,2126-11-19 14:43:21,2126-11-19 14:43:21,-22.811711448839255,-43.21926657859777,-22.811682558385716,-43.21916918586328,6543.151536552137,4347.458551813978,2195.69298473816,1998895.9332128786,553.515133652948,147.3587195113963
1,HBEFA4/PC_petrol_Euro-6ab,Gasoline,2126-11-19 14:43:21,2126-11-19 14:43:32,-22.811682558385716,-43.21916918586328,-22.81171274715128,-43.21927912261577,6581.68919999819,4373.72581673858,2216.9633832596114,2111543.8942641113,556.7313149336334,148.18916392677528
1,HBEFA4/PC_petrol_Euro-6ab,Gasoline,2126-11-19 14:43:32,2126-11-19 14:43:32,-22.81171274715128,-43.21927912261577,-22.81168589813757,-43.2191873159932,6581.69724376731,4373.733861517699,2216.9633832596114,2111545.9172865816,556.7319274139534,148.18929414651729
1,HBEFA4/PC_petrol_Euro-6ab,Gasoline,2126-11-19 14:43:32,2126-11-19 14:43:32,-22.81168589813757,-43.2191873159932,-22.811666696755343,-43.219182549773576,6581.716843794497,4373.743461534887,2216.9633832596114,2111551.9637545117,556.7324311151115,148.18957421144993
1,HBEFA4/PC_petrol_Euro-6ab,Gasoline,2126-11-19 14:43:32,2126-11-19 14:43:32,-22.811666696755343,-43.219182549773576,-22.811645437578623,-43.21896656678883,6581.717817752496,4373.754424492885,2216.9633832596114,2111555.9941925285,556.7338544146698,148.18989249564333
1,HBEFA4/PC_petrol_Euro-6ab,Gasoline,2126-11-19 14:43:32,2126-11-19 14:43:32,-22.811645437578623,-43.21896656678883,-22.811621162452132,-43.21883413138615,6581.729946726359,4373.766563466749,2216.9633832596114,2111561.891615114,556.7351922265575,148.1912439565675
1,HBEFA4/PC_petrol_Euro-6ab,Gasoline,2126-11-19 14:43:32,2126-11-19 14:43:32,-22.811621162452132,-43.21883413138615,-22.81159573961616,-43.218695433122685,6581.743817747942,4373.781424488331,2216.9633832596114,2111567.9126473914,556.7369841464579,148.19164851813547
1,HBEFA4/PC_petrol_Euro-6ab,Gasoline,2126-11-19 14:43:32,2126-11-19 14:43:34,-22.81159573961616,-43.218695433122685,-22.79818246757494,-43.21196288279951,6585.287114114194,4377.418847656186,2217.8782664581194,2111995.2781775218,557.1518711942931,148.29161982686618
1,HBEFA4/PC_petrol_Euro-6ab,Gasoline,2126-11-19 14:43:34,2126-11-19 14:43:42,-22.79818246757494,-43.21196288279951,-22.812639795662174,-43.21171171789294,6617.493661366812,4391.164342412184,2217.3293189646192,2118983.7582488577,559.174144672162,148.81625941528842
1,HBEFA4/PC_petrol_Euro-6ab,Gasoline,2126-11-19 14:43:42,2126-11-19 14:43:42,-22.812639795662174,-43.21171171789294,-22.812621175456694,-43.2117571698987,6617.49771438391,4391.168395419291,2217.3293189646192,2118983.7582488577,559.174144672162,148.81625941528842
1,HBEFA4/PC_petrol_Euro-6ab,Gasoline,2126-11-19 14:43:42,2126-11-19 14:43:42,-22.812621175456694,-43.2117571698987,-22.812614437432276,-43.211821411516514,6617.5128683624615,4391.173549397842,2217.3293189646192,2118986.9223248838,559.1752615734823,148.81641382488975
1,HBEFA4/PC_petrol_Euro-6ab,Gasoline,2126-11-19 14:43:42,2126-11-19 14:43:42,-22.812614437432276,-43.211821411516514,-22.812633558745324,-43.211892319517195,6617.519827971512,4391.181519115893,2217.3293189646192,2118991.6556641315,559.1768365969182,148.8166211215259
1,HBEFA4/PC_petrol_Euro-6ab,Gasoline,2126-11-19 14:43:42,2126-11-19 14:43:42,-22.812633558745324,-43.211892319517195,-22.813133161911166,-43.21216216353376,6617.552231781693,4391.222911817174,2217.3293189646192,2119112.991877748,559.1829126213446,148.817856732674
1,HBEFA4/PC_petrol_Euro-6ab,Gasoline,2126-11-19 14:43:42,2126-11-19 14:43:51,-22.813133161911166,-43.21216216353376,-22.814911715275185,-43.21517961115871,6635.119167435157,4416.347895693161,2228.7611717418963,2127953.5976759444,561.5381544596978,149.43861324818567
1,HBEFA4/PC_petrol_Euro-6ab,Gasoline,2126-11-19 14:43:51,2126-11-19 14:43:51,-22.814911715275185,-43.21517961115871,-22.814877851842335,-43.21521113519177,6635.112259712237,4416.351187961341,2228.7611717418963,2127953.5976759444,561.5381544596978,149.43861324818567
1,HBEFA4/PC_petrol_Euro-6ab,Gasoline,2126-11-19 14:43:51,2126-11-19 14:43:51,-22.814877851842335,-43.21521113519177,-22.814836369547914,-43.21525171214838,6635.1171242813825,4416.355952539487,2228.7611717418963,2127957.5362218672,561.539599399214,149.43875238113226
1,HBEFA4/PC_petrol_Euro-6ab,Gasoline,2126-11-19 14:43:51,2126-11-19 14:43:51,-22.814836369547914,-43.21525171214838,-22.814786827817665,-43.21529819878468,6635.123264323131,4416.362192581235,2228.7611717418963,2127961.1649583285,561.5418374887318,149.43893456183295
1,HBEFA4/PC_petrol_Euro-6ab,Gasoline,2126-11-19 14:43:51,2126-11-19 14:43:51,-22.814786827817665,-43.21529819878468,-22.81472446436949,-43.21535774944192,6635.131597464555,4416.36942572266,2228.7611717418963,2127964.9112817161,561.5421518725934,149.4391493484524
1,HBEFA4/PC_petrol_Euro-6ab,Gasoline,2126-11-19 14:43:51,2126-11-19 14:43:54,-22.81472446436949,-43.21535774944192,-22.811699193683585,-43.21925978266738,6642.761447417332,4411.372346741267,2231.388111666166,2131435.4393342151,562.2281428498851,149.6114856348173
1,HBEFA4/PC_petrol_Euro-6ab,Gasoline,2126-11-19 14:43:54,2126-11-19 14:44:12,-22.811699193683585,-43.21925978266738,-22.81169555171113,-43.219239973582626,6667.83619769862,4426.3721422354565,2241.4639554631635,2137455.8182359813,564.1411755118286,151.17421311415542
1,HBEFA4/PC_petrol_Euro-6ab,Gasoline,2126-11-19 14:44:12,2126-11-19 14:44:12,-22.81169555171113,-43.219239973582626,-22.811679213947247,-43.21915178517445,6667.844181519417,4426.381126156245,2241.4639554631635,2137457.7156782537,564.1416581621996,151.17443126692956
1,HBEFA4/PC_petrol_Euro-6ab,Gasoline,2126-11-19 14:44:12,2126-11-19 14:44:12,-22.811679213947247,-43.21915178517445,-22.811661174776922,-43.21914696798128,6667.8534161333955,4426.389461671232,2241.4639554631635,2137462.245532619,564.1431219562583,151.1747129531219
1,HBEFA4/PC_petrol_Euro-6ab,Gasoline,2126-11-19 14:44:12,2126-11-19 14:44:16,-22.811661174776922,-43.21914696798128,-22.81263761686175,-43.21171673969323,6677.962717417371,4433.355182945146,2244.6175244623253,2141263.939521398,564.8928479576527,151.41163175938866
1,HBEFA4/PC_petrol_Euro-6ab,Gasoline,2126-11-19 14:44:16,2126-11-19 14:44:18,-22.81263761686175,-43.21171673969323,-22.812641778724477,-43.21171945218587,6685.1476847738195,4437.653139486153,2247.4946452877575,2142517.7833112699,565.4958368714745,151.5624192288231
1,HBEFA4/PC_petrol_Euro-6ab,Gasoline,2126-11-19 14:44:18,2126-11-19 14:44:18,-22.812641778724477,-43.21171945218587,-22.8126212397111,-43.211754486497684,6685.1515574552915,4437.656912167533,2247.4946452877575,2142517.7833112699,565.4958368714745,151.5624192288231
1,HBEFA4/PC_petrol_Euro-6ab,Gasoline,2126-11-19 14:44:18,2126-11-19 14:44:28,-22.8126212397111,-43.211754486497684,-22.79815528336826,-43.213194188115914,6739.884912895568,4476.254173249848,2263.6317296457217,2159913.1677779678,571.3762629153497,151.7895927919161
1,HBEFA4/PC_petrol_Euro-6ab,Gasoline,2126-11-19 14:44:28,2126-11-19 14:44:28,-22.79815528336826,-43.213194188115914,-22.797964945417817,-43.213287512215755,6739.8991194981565,4476.268379852336,2263.6317296457217,2159913.1677779678,571.3762629153497,151.7895927919161
1,HBEFA4/PC_petrol_Euro-6ab,Gasoline,2126-11-19 14:44:28,2126-11-19 14:44:28,-22.797964945417817,-43.213287512215755,-22.797841894296788,-43.21329859668928,6739.913216777778,4476.282487132157,2263.6317296457217,2159914.7342489427,571.3767524156891,151.78999627969526
1,HBEFA4/PC_petrol_Euro-6ab,Gasoline,2126-11-19 14:44:28,2126-11-19 14:44:28,-22.797841894296788,-43.21329859668928,-22.797731224314242,-43.21324327958195,6739.927317222669,4476.296577576948,2263.6317296457217,2159916.6462313917,571.3773112423527,151.79139964781296
1,HBEFA4/PC_petrol_Euro-6ab,Gasoline,2126-11-19 14:44:28,2126-11-19 14:44:28,-22.797731224314242,-43.21324327958195,-22.797617461739194,-43.21317418229418,6739.941168411575,4476.311338765854,2263.6317296457217,2159916.6462313917,571.3773112423527,151.79139964781296
1,HBEFA4/PC_petrol_Euro-6ab,Gasoline,2126-11-19 14:44:28,2126-11-19 14:44:28,-22.797617461739194,-43.21317418229418,-22.797512321351697,-43.21311776121145,6739.955438131284,4476.324718385563,2263.6317296457217,2159911.4824194898,571.3783186596878,151.79181418531126
1,HBEFA4/PC_petrol_Euro-6ab,Gasoline,2126-11-19 14:44:28,2126-11-19 14:44:28,-22.797512321351697,-43.21311776121145,-22.797441348115183,-43.21316719832192,6739.968931368919,4476.338211723199,2263.6317296457217,2159911.4824194898,571.3783186596878,151.79181418531126
1,HBEFA4/PC_petrol_Euro-6ab,Gasoline,2126-11-19 14:44:28,2126-11-19 14:44:28,-22.797441348115183,-43.21316719832192,-22.797414388113117,-43.2131469324212,6739.977924716554,4476.347195161834,2263.6317296457217,2159911.4824194898,571.3783186596878,151.79181418531126
1,HBEFA4/PC_petrol_Euro-6ab,Gasoline,2126-11-19 14:44:28,2126-11-19 14:44:28,-22.797414388113117,-43.2131469324212,-22.79721698686212,-43.21299675131886,6739.996163551972,4476.365433915251,2263.6317296457217,2159919.1341455769,571.3811579545211,151.7912216815486
1,HBEFA4/PC_petrol_Euro-6ab,Gasoline,2126-11-19 14:44:28,2126-11-19 14:44:28,-22.79721698686212,-43.21299675131886,-22.797111231573173,-43.21299782991113,6741.115283162224,4476.374553416514,2263.6317296457217,2159923.842683893,571.382614183211,151.79148798929685
1,HBEFA4/PC_petrol_Euro-6ab,Gasoline,2126-11-19 14:44:28,2126-11-19 14:44:28,-22.797111231573173,-43.21299782991113,-22.79711463487417,-43.21299913171692,6741.1158863483275,4476.385156712617,2263.6317296457217,2159929.1471127717,571.3841145942114,151.79179646332435
1,HBEFA4/PC_petrol_Euro-6ab,Gasoline,2126-11-19 14:44:28,2126-11-19 14:44:31,-22.79711463487417,-43.21299913171692,-22.814911471846913,-43.2151798329986,6748.284318114984,4481.646114264885,2267.638313741111,2162521.327111743,571.18417944652,151.9798211211589
1,HBEFA4/PC_petrol_Euro-6ab,Gasoline,2126-11-19 14:44:31,2126-11-19 14:44:51,-22.814911471846913,-43.2151798329986,-22.81171351412835,-43.21928312119987,6811.817219263324,4519.871654858953,2291.946564414372,2182421.4951616384,576.5821274566552,153.43111141843178
1,HBEFA4/PC_petrol_Euro-6ab,Gasoline,2126-11-19 14:44:51,2126-11-19 14:44:51,-22.81171351412835,-43.21928312119987,-22.8116868556212,-43.21919253127643,6811.825544678334,4519.878981273963,2291.946564414372,2182422.671514891,576.5826985262918,153.4313397631796
1,HBEFA4/PC_petrol_Euro-6ab,Gasoline,2126-11-19 14:44:51,2126-11-19 14:44:51,-22.8116868556212,-43.21919253127643,-22.811667983883745,-43.2191895719331,6811.835127112479,4519.888462618118,2291.946564414372,2182426.8356747713,576.5839436667114,153.43161475684783
1,HBEFA4/PC_petrol_Euro-6ab,Gasoline,2126-11-19 14:44:51,2126-11-19 14:44:51,-22.811667983883745,-43.2191895719331,-22.81164677554119,-43.21897386624688,6811.845812811587,4519.899238397215,2291.946564414372,2182431.6438268411,576.5853153428618,153.43192731697117
1,HBEFA4/PC_petrol_Euro-6ab,Gasoline,2126-11-19 14:44:51,2126-11-19 14:44:51,-22.81164677554119,-43.21897386624688,-22.811622569979186,-43.218841819333116,6811.85791275265,4519.911348348279,2291.946564414372,2182436.9471524213,576.5867614423353,153.43127866167573
1,HBEFA4/PC_petrol_Euro-6ab,Gasoline,2126-11-19 14:44:51,2126-11-19 14:44:51,-22.811622569979186,-43.218841819333116,-22.811597293321673,-43.218713919577,6811.871734155946,4519.925169651575,2291.946564414372,2182443.9112215338,576.5885427189198,153.43168198673184
1,HBEFA4/PC_petrol_Euro-6ab,Gasoline,2126-11-19 14:44:51,2126-11-19 14:44:51,-22.811597293321673,-43.218713919577,-22.811573178597864,-43.218571813974394,6811.88616688724,4519.939612482868,2291.946564414372,2182447.7696484467,576.5895541812729,153.43219842128612
1,HBEFA4/PC_petrol_Euro-6ab,Gasoline,2126-11-19 14:44:51,2126-11-19 14:44:51,-22.811573178597864,-43.218571813974394,-22.811546788737115,-43.218437167158966,6811.899993298156,4519.953428893685,2291.946564414372,2182447.7696484467,576.5895541812729,153.43219842128612
1,HBEFA4/PC_petrol_Euro-6ab,Gasoline,2126-11-19 14:44:51,2126-11-19 14:44:51,-22.811546788737115,-43.218437167158966,-22.8115215332329,-43.21831455988299,6811.914131651816,4519.967566246435,2291.946564414372,2182451.6675881143,576.5913413547566,153.4325146864623
1,HBEFA4/PC_petrol_Euro-6ab,Gasoline,2126-11-19 14:44:51,2126-11-19 14:44:51,-22.8115215332329,-43.21831455988299,-22.811493518194544,-43.21816816911645,6811.928142991367,4519.981478586996,2291.946564414372,2182451.9518511193,576.5917376299596,153.43291181829798
1,HBEFA4/PC_petrol_Euro-6ab,Gasoline,2126-11-19 14:44:51,2126-11-19 14:44:51,-22.811493518194544,-43.21816816911645,-22.811466959912185,-43.21813418617436,6811.9423631886185,4519.995798684237,2291.946564414372,2182455.169211182,576.5915978817412,153.4333139611357
1,HBEFA4/PC_petrol_Euro-6ab,Gasoline,2126-11-19 14:44:51,2126-11-19 14:44:51,-22.811466959912185,-43.21813418617436,-22.81144187121967,-43.217912522576376,6811.956431397617,4521.1198659932355,2291.946564414372,2182456.3755268385,576.5919762971646,153.4337155578972
1,HBEFA4/PC_petrol_Euro-6ab,Gasoline,2126-11-19 14:44:51,2126-11-19 14:44:53,-22.81144187121967,-43.217912522576376,-22.811711262127146,-43.21926556711929,6817.4168347327195,4525.157351612282,2292.3594841214285,2183982.1199889613,577.1389736472399,153.54931616182842
1,HBEFA4/PC_petrol_Euro-6ab,Gasoline,2126-11-19 14:44:53,2126-11-19 14:45:15,-22.811711262127146,-43.21926556711929,-22.8117119464323,-43.21927468718626,6875.724638684338,4565.5592537685225,2311.1653849158165,2111923.1468411654,582.1566541443984,154.84983258292618
1,HBEFA4/PC_petrol_Euro-6ab,Gasoline,2126-11-19 14:45:15,2126-11-19 14:45:15,-22.8117119464323,-43.21927468718626,-22.811685923626425,-43.21918744559831,6875.732377649874,4565.566992734159,2311.1653849158165,2111923.1468411654,582.1566541443984,154.84983258292618
1,HBEFA4/PC_petrol_Euro-6ab,Gasoline,2126-11-19 14:45:15,2126-11-19 14:45:15,-22.811685923626425,-43.21918744559831,-22.811667771764168,-43.21918841922195,6875.741519183165,4565.57612426735,2311.1653849158165,2111927.6194126913,582.158138419817,154.8511987185289
1,HBEFA4/PC_petrol_Euro-6ab,Gasoline,2126-11-19 14:45:15,2126-11-19 14:45:15,-22.811667771764168,-43.21918841922195,-22.811647143121916,-43.21897587164123,6875.751874492981,4565.586489577166,2311.1653849158165,2111932.1764661715,582.1593582366193,154.85139922181388
1,HBEFA4/PC_petrol_Euro-6ab,Gasoline,2126-11-19 14:45:15,2126-11-19 14:45:15,-22.811647143121916,-43.21897587164123,-22.811623419619997,-43.21884639114894,6875.763652864693,4565.598267948877,2311.1653849158165,2111937.5788415857,582.1618444446167,154.85174128657524
1,HBEFA4/PC_petrol_Euro-6ab,Gasoline,2126-11-19 14:45:15,2126-11-19 14:45:15,-22.811623419619997,-43.21884639114894,-22.811597675311546,-43.218715993517635,6875.777214631282,4565.611819714466,2311.1653849158165,2111944.611321891,582.1626573841532,154.85113692596617
1,HBEFA4/PC_petrol_Euro-6ab,Gasoline,2126-11-19 14:45:15,2126-11-19 14:45:15,-22.811597675311546,-43.218715993517635,-22.81157348293949,-43.21857411989122,6875.791898779358,4565.626513863542,2311.1653849158165,2111951.1739938743,582.1641662474119,154.8515635931823
1,HBEFA4/PC_petrol_Euro-6ab,Gasoline,2126-11-19 14:45:15,2126-11-19 14:45:15,-22.81157348293949,-43.21857411989122,-22.811546431778955,-43.21843526554638,6875.815712422787,4565.6413275169715,2311.1653849158165,2111951.1739938743,582.1641662474119,154.8515635931823
1,HBEFA4/PC_petrol_Euro-6ab,Gasoline,2126-11-19 14:45:15,2126-11-19 14:45:15,-22.811546431778955,-43.21843526554638,-22.81151895411571,-43.21829659135945,6875.821269797189,4565.654884881374,2311.1653849158165,2111954.465252532,582.1651777894618,154.85198434573257
1,HBEFA4/PC_petrol_Euro-6ab,Gasoline,2126-11-19 14:45:15,2126-11-19 14:45:15,-22.81151895411571,-43.21829659135945,-22.811492974983477,-43.218165478611974,6875.834829736642,4565.669444821826,2311.1653849158165,2111956.472611218,582.1657466711112,154.8524117665931
1,HBEFA4/PC_petrol_Euro-6ab,Gasoline,2126-11-19 14:45:15,2126-11-19 14:45:16,-22.811492974983477,-43.218165478611974,-22.811713114416542,-43.21928111113794,6879.227176128611,4569.145538496852,2311.18163753175,2112991.4288161117,582.372844733744,154.9248677111283
1,HBEFA4/PC_petrol_Euro-6ab,Gasoline,2126-11-19 14:45:16,2126-11-19 14:45:38,-22.811713114416542,-43.21928111113794,-22.797136231156253,-43.212997548145214,6933.721931946867,4615.146188974566,2318.5748429723118,2119861.843141612,587.2415441371228,156.1178756676799
1,HBEFA4/PC_petrol_Euro-6ab,Gasoline,2126-11-19 14:45:38,2126-11-19 14:45:38,-22.797136231156253,-43.212997548145214,-22.79711183991491,-43.21299895148451,6933.735558176482,4615.161715114183,2318.5748429723118,2119863.927651666,587.2421318881784,156.11829516887585
1,HBEFA4/PC_petrol_Euro-6ab,Gasoline,2126-11-19 14:45:38,2126-11-19 14:45:38,-22.79711183991491,-43.21299895148451,-22.796889976766536,-43.213118181335914,6933.749332311957,4615.174489328656,2318.5748429723118,2119863.927651666,587.2421318881784,156.11829516887585
1,HBEFA4/PC_petrol_Euro-6ab,Gasoline,2126-11-19 14:45:38,2126-11-19 14:45:48,-22.796889976766536,-43.213118181335914,-22.81171127719213,-43.219271163642215,6962.651412135364,4631.442846886822,2331.2175652485423,2129115.7685511196,589.7336914724416,156.7711184231922
1,HBEFA4/PC_petrol_Euro-6ab,Gasoline,2126-11-19 14:45:48,2126-11-19 14:45:48,-22.81171127719213,-43.219271163642215,-22.811685155161184,-43.21918271696748,6962.658257114987,4631.451691756445,2331.2175652485423,2129118.174835655,589.7344434143215,156.77133396538744
1,HBEFA4/PC_petrol_Euro-6ab,Gasoline,2126-11-19 14:45:48,2126-11-19 14:45:48,-22.811685155161184,-43.21918271696748,-22.811665426861815,-43.21917562164381,6962.66751513596,4631.459939887419,2331.2175652485423,2129122.811885163,589.7358378972113,156.7716134399126
1,HBEFA4/PC_petrol_Euro-6ab,Gasoline,2126-11-19 14:45:48,2126-11-19 14:45:48,-22.811665426861815,-43.21917562164381,-22.811642648244434,-43.21895134914728,6962.678712862116,4631.471147613475,2331.2175652485423,2129129.361221812,589.7376658954172,156.7719314827168
1,HBEFA4/PC_petrol_Euro-6ab,Gasoline,2126-11-19 14:45:48,2126-11-19 14:45:48,-22.811642648244434,-43.21895134914728,-22.81161733669716,-43.21881325849457,6962.691719431547,4631.484154182116,2331.2175652485423,2129136.2376937196,589.739469637393,156.77231117876215
1,HBEFA4/PC_petrol_Euro-6ab,Gasoline,2126-11-19 14:45:48,2126-11-19 14:45:48,-22.81161733669716,-43.21881325849457,-22.811591566759418,-43.2186726677443,6962.7161722364715,4631.49861698793,2331.2175652485423,2129142.654947144,589.7411917217552,156.77273214461357
1,HBEFA4/PC_petrol_Euro-6ab,Gasoline,2126-11-19 14:45:48,2126-11-19 14:45:48,-22.811591566759418,-43.2186726677443,-22.811567449489662,-43.21854133887216,6962.721886713326,4631.513321464785,2331.2175652485423,2129145.481788116,589.741852312121,156.7731552676194
1,HBEFA4/PC_petrol_Euro-6ab,Gasoline,2126-11-19 14:45:48,2126-11-19 14:45:48,-22.811567449489662,-43.21854133887216,-22.811541366141463,-43.21841969955917,6962.734632833138,4631.527167584597,2331.2175652485423,2129145.481788116,589.741852312121,156.7731552676194
1,HBEFA4/PC_petrol_Euro-6ab,Gasoline,2126-11-19 14:45:48,2126-11-19 14:45:48,-22.811541366141463,-43.21841969955917,-22.8115141173919,-43.21827162513848,6962.748454149231,4631.54188881169,2331.2175652485423,2129147.6439644685,589.7424636532136,156.77355117931318
1,HBEFA4/PC_petrol_Euro-6ab,Gasoline,2126-11-19 14:45:48,2126-11-19 14:45:48,-22.8115141173919,-43.21827162513848,-22.811487581344463,-43.21813825811354,6962.76295191359,4631.555385665149,2331.2175652485423,2129151.712252893,589.7435236137962,156.77396971512934
1,HBEFA4/PC_petrol_Euro-6ab,Gasoline,2126-11-19 14:45:48,2126-11-19 14:45:59,-22.811487581344463,-43.21813825811354,-22.81264171371164,-43.21171962498117,6991.491128958442,4651.659916512336,2339.8312224461163,2137749.911165691,592.1696119821414,157.41361148174772
1,HBEFA4/PC_petrol_Euro-6ab,Gasoline,2126-11-19 14:45:59,2126-11-19 14:45:59,-22.81264171371164,-43.21171962498117,-22.81262155824322,-43.2117561571514,6991.494227161541,4651.664114614435,2339.8312224461163,2137749.911165691,592.1696119821414,157.41361148174772
1,HBEFA4/PC_petrol_Euro-6ab,Gasoline,2126-11-19 14:45:59,2126-11-19 14:45:59,-22.81262155824322,-43.2117561571514,-22.812614515123185,-43.21181932435434,6991.499492183676,4651.66926973757,2339.8312224461163,2137753.1931467364,592.1717684599857,157.41376922729418
1,HBEFA4/PC_petrol_Euro-6ab,Gasoline,2126-11-19 14:45:59,2126-11-19 14:45:59,-22.812614515123185,-43.21181932435434,-22.81263376813142,-43.21189248333924,6991.516364516514,4651.676142161398,2339.8312224461163,2137757.556521355,592.1722217197756,157.41397311769756
1,HBEFA4/PC_petrol_Euro-6ab,Gasoline,2126-11-19 14:45:59,2126-11-19 14:45:59,-22.81263376813142,-43.21189248333924,-22.81314313149131,-43.212166256872165,6991.551395179452,4651.721172633346,2339.8312224461163,2137779.9236234177,592.1785414863635,157.41525715551313
1,HBEFA4/PC_petrol_Euro-6ab,Gasoline,2126-11-19 14:45:59,2126-11-19 14:45:59,-22.81314313149131,-43.212166256872165,-22.81316389894317,-43.21211761523593,6991.564166743796,4651.73394429769,2339.8312224461163,2137783.381643639,592.1794685343698,157.41565354116113
1,HBEFA4/PC_petrol_Euro-6ab,Gasoline,2126-11-19 14:45:59,2126-11-19 14:45:59,-22.81316389894317,-43.21211761523593,-22.812641114618654,-43.211711115795744,6992.864223468854,4652.917177386991,2339.957146181864,2138171.228485167,592.2611484286324,157.44421113192667
1,HBEFA4/PC_petrol_Euro-6ab,Gasoline,2126-11-19 14:45:59,2126-11-19 14:46:12,-22.812641114618654,-43.211711115795744,-22.814911891118194,-43.21517943292166,7111.356497656272,4657.1317123835175,2343.3247852727554,2141393.1192471915,592.8675853522246,157.6161531911176
1,HBEFA4/PC_petrol_Euro-6ab,Gasoline,2126-11-19 14:46:12,2126-11-19 14:46:15,-22.814911891118194,-43.21517943292166,-22.81169996391513,-43.21926395311836,7111.922587951323,4662.9687435854785,2347.9538443658453,2143556.752617198,593.7255487992478,157.85271279772383
1,HBEFA4/PC_petrol_Euro-6ab,Gasoline,2126-11-19 14:46:15,2126-11-19 14:46:15,-22.81169996391513,-43.21926395311836,-22.811683311172925,-43.21917318738581,7111.931731428558,4662.976887162713,2347.9538443658453,2143558.8571176253,593.7261994315218,157.8529459179497
1,HBEFA4/PC_petrol_Euro-6ab,Gasoline,2126-11-19 14:46:15,2126-11-19 14:46:29,-22.811683311172925,-43.21917318738581,-22.81171413116259,-43.21928596882692,7181.265611117262,4716.139878281964,2374.2257318362986,2164137.368689449,599.3643474146498,159.4249372611376
1,HBEFA4/PC_petrol_Euro-6ab,Gasoline,2126-11-19 14:46:29,2126-11-19 14:46:29,-22.81171413116259,-43.21928596882692,-22.81168691442453,-43.219192796538254,7181.273676555311,4716.147944719114,2374.2257318362986,2164139.5296759233,599.365117216578,159.42516836143415
1,HBEFA4/PC_petrol_Euro-6ab,Gasoline,2126-11-19 14:46:29,2126-11-19 14:46:29,-22.81168691442453,-43.219192796538254,-22.811667725724434,-43.21918816349856,7181.283429145176,4716.157697318779,2374.2257318362986,2164144.9177112656,599.3666181942962,159.42545344566926
1,HBEFA4/PC_petrol_Euro-6ab,Gasoline,2126-11-19 14:46:29,2126-11-19 14:46:29,-22.811667725724434,-43.21918816349856,-22.811645177171365,-43.21896461152574,7181.294381211671,4716.168648374373,2374.2257318362986,2164149.5477131717,599.3679229174941,159.42577161456578
1,HBEFA4/PC_petrol_Euro-6ab,Gasoline,2126-11-19 14:46:29,2126-11-19 14:46:29,-22.811645177171365,-43.21896461152574,-22.81161967394259,-43.21882611963215,7181.3173125187375,4716.181581682439,2374.2257318362986,2164156.8983586514,599.3698511961212,159.42614896547474
1,HBEFA4/PC_petrol_Euro-6ab,Gasoline,2126-11-19 14:46:29,2126-11-19 14:46:29,-22.81161967394259,-43.21882611963215,-22.8115944482114,-43.218688387734614,7181.321817681145,4716.1961858438475,2374.2257318362986,2164163.7239668136,599.3715661592822,159.42657197374493
1,HBEFA4/PC_petrol_Euro-6ab,Gasoline,2126-11-19 14:46:29,2126-11-19 14:46:31,-22.8115944482114,-43.218688387734614,-22.811569349418,-43.2185514591549,7181.336221431976,4716.111489594678,2374.2257318362986,2164165.4114698146,599.372157244795,159.42698426421526
1,HBEFA4/PC_petrol_Euro-6ab,Gasoline,2126-11-19 14:46:31,2126-11-19 14:46:31,-22.811569349418,-43.2185514591549,-22.81154231974582,-43.21841446229129,7181.351552624187,4716.124821787789,2374.2257318362986,2164167.162285737,599.3725685424255,159.42739452846297
1,HBEFA4/PC_petrol_Euro-6ab,Gasoline,2126-11-19 14:46:31,2126-11-19 14:46:31,-22.81154231974582,-43.21841446229129,-22.81151545642126,-43.21827893812556,7181.364933995335,4716.139212159138,2374.2257318362986,2164169.311242826,599.3731697735694,159.42781684968446
1,HBEFA4/PC_petrol_Euro-6ab,Gasoline,2126-11-19 14:46:31,2126-11-19 14:46:31,-22.81151545642126,-43.21827893812556,-22.811488183582525,-43.21814179271573,7181.379163111175,4716.153431263778,2374.2257318362986,2164171.814119178,599.3736221692598,159.42821371281428
1,HBEFA4/PC_petrol_Euro-6ab,Gasoline,2126-11-19 14:46:31,2126-11-19 14:46:31,-22.811488183582525,-43.21814179271573,-22.811461483512864,-43.21811151111389,7181.393667425189,4716.167935588892,2374.2257318362986,2164173.654291318,599.3743896337919,159.42863172986535
1,HBEFA4/PC_petrol_Euro-6ab,Gasoline,2126-11-19 14:46:31,2126-11-19 14:46:41,-22.811461483512864,-43.21811151111389,-22.811712326673512,-43.21927674596985,7119.887911862775,4722.822196766449,2387.165714196327,2173345.434191246,611.8531397838192,161.19931423953375
1,HBEFA4/PC_petrol_Euro-6ab,Gasoline,2126-11-19 14:46:41,2126-11-19 14:46:41,-22.811712326673512,-43.21927674596985,-22.81168533116683,-43.21918421277157,7119.896112112218,4722.831298115881,2387.165714196327,2173349.4183511445,611.8542918398761,161.19955159687152
1,HBEFA4/PC_petrol_Euro-6ab,Gasoline,2126-11-19 14:46:41,2126-11-19 14:46:41,-22.81168533116683,-43.21918421277157,-22.811665242341577,-43.21917461496119,7119.915697536133,4722.839983439716,2387.165714196327,2173354.551979913,611.8558142333552,161.19983331578413
1,HBEFA4/PC_petrol_Euro-6ab,Gasoline,2126-11-19 14:46:41,2126-11-19 14:46:41,-22.811665242341577,-43.21917461496119,-22.811643111117852,-43.21895326824623,7119.917168223181,4722.851454126755,2387.165714196327,2173361.783961139,611.8575378181316,161.1111681535219
1,HBEFA4/PC_petrol_Euro-6ab,Gasoline,2126-11-19 14:46:41,2126-11-19 14:46:41,-22.811643111117852,-43.21895326824623,-22.81161871769113,-43.21882173812481,7119.9298685743615,4722.864154478135,2387.165714196327,2173365.988763114,611.8589328668952,161.1115362599287
1,HBEFA4/PC_petrol_Euro-6ab,Gasoline,2126-11-19 14:46:41,2126-11-19 14:46:41,-22.81161871769113,-43.21882173812481,-22.811593731393928,-43.218684471664434,7119.943739415287,4722.87812531896,2387.165714196327,2173371.3817811713,611.8613299746159,161.1119385696754
1,HBEFA4/PC_petrol_Euro-6ab,Gasoline,2126-11-19 14:46:41,2126-11-19 14:46:41,-22.811593731393928,-43.218684471664434,-22.811568622331953,-43.21854749247891,7119.958111293873,4722.892287197547,2387.165714196327,2173374.538321517,611.861176827119,161.11134891378154
1,HBEFA4/PC_petrol_Euro-6ab,Gasoline,2126-11-19 14:46:41,2126-11-19 14:46:44,-22.811568622331953,-43.21854749247891,-22.814918254892357,-43.21518195352327,7119.864868113666,4731.1773995998155,2388.6874685138614,2176531.1183712873,612.7673417641818,161.3211561321227
1,HBEFA4/PC_petrol_Euro-6ab,Gasoline,2126-11-19 14:46:44,2126-11-19 14:46:45,-22.814918254892357,-43.21518195352327,-22.814918144751716,-43.21518215887413,7123.188798438568,4731.9868769966315,2391.211921441937,2177515.1314759955,613.1121179232275,161.3975364966111
1,HBEFA4/PC_petrol_Euro-6ab,Gasoline,2126-11-19 14:46:45,2126-11-19 14:46:51,-22.814918144751716,-43.21518215887413,-22.79721394771895,-43.213946951298345,7141.874221429584,4743.715171417837,2397.159151121748,2183179.5148728765,614.5618194551391,161.79116324393412
1,HBEFA4/PC_petrol_Euro-6ab,Gasoline,2126-11-19 14:46:51,2126-11-19 14:46:51,-22.79721394771895,-43.213946951298345,-22.797187887953445,-43.213961473339855,7141.88798434913,4743.728934327383,2397.159151121748,2183179.5148728765,614.5618194551391,161.79116324393412
1,HBEFA4/PC_petrol_Euro-6ab,Gasoline,2126-11-19 14:46:51,2126-11-19 14:46:51,-22.797187887953445,-43.213961473339855,-22.797111111445352,-43.21386166129488,7141.912133713812,4743.743183682155,2397.159151121748,2183182.6379542365,614.5616498168882,161.7915712187173
1,HBEFA4/PC_petrol_Euro-6ab,Gasoline,2126-11-19 14:46:51,2126-11-19 14:46:51,-22.797111111445352,-43.21386166129488,-22.798225382761913,-43.21461191312962,7141.21252741154,4744.153477378793,2397.159151121748,2183179.9134964773,614.5896425799989,161.7978241487615
1,HBEFA4/PC_petrol_Euro-6ab,Gasoline,2126-11-19 14:46:51,2126-11-19 14:46:53,-22.798225382761913,-43.21461191312962,-22.81491672736117,-43.21518341461311,7145.771765112146,4746.272271361772,2399.4994946513753,2184511.122833512,614.9371815751793,161.91218157141215
1,HBEFA4/PC_petrol_Euro-6ab,Gasoline,2126-11-19 14:46:53,2126-11-19 14:46:59,-22.81491672736117,-43.21518341461311,-22.798317391798133,-43.21458316985114,7162.549533394132,4758.261947939563,2414.28758545457,2189841.159241247,616.435151946663,161.27614397137725
1,HBEFA4/PC_petrol_Euro-6ab,Gasoline,2126-11-19 14:46:59,2126-11-19 14:46:59,-22.798317391798133,-43.21458316985114,-22.79822278113336,-43.214611476111315,7162.557145761897,4758.269561316328,2414.28758545457,2189843.287922714,616.4357497558295,161.27626264816413
1,HBEFA4/PC_petrol_Euro-6ab,Gasoline,2126-11-19 14:46:59,2126-11-19 14:46:59,-22.79822278113336,-43.214611476111315,-22.798142614459642,-43.21461364442994,7162.566712788917,4758.279117334348,2414.28758545457,2189849.168755682,616.4374981863419,161.27654334823417
1,HBEFA4/PC_petrol_Euro-6ab,Gasoline,2126-11-19 14:46:59,2126-11-19 14:47:14,-22.798142614459642,-43.21461364442994,-22.798188351458144,-43.2131312462337,7213.787759931138,4784.573993141496,2419.2137667895427,2212286.211413313,619.8417118144125,162.21313643377636
1,HBEFA4/PC_petrol_Euro-6ab,Gasoline,2126-11-19 14:47:14,2126-11-19 14:47:14,-22.798188351458144,-43.2131312462337,-22.798118584459783,-43.21324962556718,7213.811531551463,4784.587764761922,2419.2137667895427,2212286.211413313,619.8417118144125,162.21313643377636
1,HBEFA4/PC_petrol_Euro-6ab,Gasoline,2126-11-19 14:47:14,2126-11-19 14:47:14,-22.798118584459783,-43.21324962556718,-22.79791598257775,-43.21331293178154,7213.815995986148,4784.6122291966165,2419.2137667895427,2212291.315251133,619.8427723729711,162.21355418231247
1,HBEFA4/PC_petrol_Euro-6ab,Gasoline,2126-11-19 14:47:14,2126-11-19 14:47:14,-22.79791598257775,-43.21331293178154,-22.797782148676453,-43.213276793936936,7213.829976581916,4784.616219792373,2419.2137667895427,2212291.315251133,619.8427723729711,162.21355418231247
1,HBEFA4/PC_petrol_Euro-6ab,Gasoline,2126-11-19 14:47:14,2126-11-19 14:47:14,-22.797782148676453,-43.213276793936936,-22.79767228346454,-43.21321779345545,7213.844256194965,4784.631489415424,2419.2137667895427,2212293.197174367,619.8435528119777,162.21396462139513
1,HBEFA4/PC_petrol_Euro-6ab,Gasoline,2126-11-19 14:47:14,2126-11-19 14:47:14,-22.79767228346454,-43.21321779345545,-22.797558175251412,-43.21313549211263,7213.85832794333,4784.644561153788,2419.2137667895427,2212294.537577398,619.8439636464155,162.21436655631117
1,HBEFA4/PC_petrol_Euro-6ab,Gasoline,2126-11-19 14:47:14,2126-11-19 14:47:14,-22.797558175251412,-43.21313549211263,-22.797474579388144,-43.21318649112699,7213.872996313472,4784.659229523931,2419.2137667895427,2212298.397954613,619.8449714616184,162.21478994358268
1,HBEFA4/PC_petrol_Euro-6ab,Gasoline,2126-11-19 14:47:14,2126-11-19 14:47:26,-22.797474579388144,-43.21318649112699,-22.798117612344334,-43.21195382182535,7235.278171733287,4815.886218192516,2429.391853541783,2212226.4891499767,612.6393889229917,162.9196345885474
1,HBEFA4/PC_petrol_Euro-6ab,Gasoline,2126-11-19 14:47:26,2126-11-19 14:47:26,-22.798117612344334,-43.21195382182535,-22.79813456392297,-43.211981153751145,7235.284918872574,4815.893165331792,2429.391853541783,2212231.865522152,612.6418484711119,162.91983782434747
1,HBEFA4/PC_petrol_Euro-6ab,Gasoline,2126-11-19 14:47:26,2126-11-19 14:47:26,-22.79813456392297,-43.211981153751145,-22.797947237643257,-43.21211163791991,7235.2934476522,4815.911594111418,2429.391853541783,2212235.8515553115,612.6423951463559,162.9211882617653
1,HBEFA4/PC_petrol_Euro-6ab,Gasoline,2126-11-19 14:47:26,2126-11-19 14:47:26,-22.797947237643257,-43.21211163791991,-22.797845623129668,-43.212148273414186,7235.313644841271,4815.91179129949,2429.391853541783,2212241.3479136954,612.6439917367693,162.92138594662563
1,HBEFA4/PC_petrol_Euro-6ab,Gasoline,2126-11-19 14:47:26,2126-11-19 14:47:26,-22.797845623129668,-43.212148273414186,-22.79773127161157,-43.212189861514164,7235.315511481184,4815.923656939312,2429.391853541783,2212247.4325195195,612.6456527779719,162.92173171319846
1,HBEFA4/PC_petrol_Euro-6ab,Gasoline,2126-11-19 14:47:26,2126-11-19 14:47:31,-22.79773127161157,-43.212189861514164,-22.81491914171467,-43.21518111527468,7251.171121873359,4815.995819371816,2434.1742115115545,2216957.1768962284,613.9711291112651,163.26181241667423
1,HBEFA4/PC_petrol_Euro-6ab,Gasoline,2126-11-19 14:47:31,2126-11-19 14:47:31,-22.81491914171467,-43.21518111527468,-22.814877155925283,-43.21521169978188,7251.173172619927,4815.998961118373,2434.1742115115545,2216957.1768962284,613.9711291112651,163.26181241667423
1,HBEFA4/PC_petrol_Euro-6ab,Gasoline,2126-11-19 14:47:31,2126-11-19 14:47:31,-22.814877155925283,-43.21521169978188,-22.814833166931872,-43.215253871117915,7251.177917142625,4816.113695641171,2434.1742115115545,2216961.854843665,613.9714192217921,163.26195761614714
1,HBEFA4/PC_petrol_Euro-6ab,Gasoline,2126-11-19 14:47:31,2126-11-19 14:47:45,-22.814833166931872,-43.215253871117915,-22.798128711493614,-43.2119822677226,7291.829692153548,4843.121384281195,2448.718317872355,2231231.6435164566,617.6583938214117,164.1888292861399
1,HBEFA4/PC_petrol_Euro-6ab,Gasoline,2126-11-19 14:47:45,2126-11-19 14:47:45,-22.798128711493614,-43.2119822677226,-22.797912133718838,-43.21212433113479,7291.842162331479,4843.133854459124,2448.718317872355,2231237.266137798,617.6611625395532,164.18919321317673
1,HBEFA4/PC_petrol_Euro-6ab,Gasoline,2126-11-19 14:47:45,2126-11-19 14:47:45,-22.797912133718838,-43.21212433113479,-22.79779113629588,-43.21216827828652,7291.855785641861,4843.1474777695175,2448.718317872355,2231242.5325125814,617.6615379141151,164.18958811114846
1,HBEFA4/PC_petrol_Euro-6ab,Gasoline,2126-11-19 14:47:45,2126-11-19 14:47:45,-22.79779113629588,-43.21216827828652,-22.797664816358797,-43.21211346127443,7291.871119738748,4843.1617118663935,2448.718317872355,2231246.3485511263,617.6625434284487,164.18999862785273
1,HBEFA4/PC_petrol_Euro-6ab,Gasoline,2126-11-19 14:47:45,2126-11-19 14:47:45,-22.797664816358797,-43.21211346127443,-22.79754321173212,-43.21215731267676,7291.884653484194,4843.17634561174,2448.718317872355,2231249.5918236785,617.6634147319277,164.1914211759193
1,HBEFA4/PC_petrol_Euro-6ab,Gasoline,2126-11-19 14:47:45,2126-11-19 14:47:45,-22.79754321173212,-43.21215731267676,-22.797426597987382,-43.21221412999118,7291.898853386385,4843.19154551413,2448.718317872355,2231249.5918236785,617.6634147319277,164.1914211759193
1,HBEFA4/PC_petrol_Euro-6ab,Gasoline,2126-11-19 14:47:45,2126-11-19 14:47:45,-22.797426597987382,-43.21221412999118,-22.797311116351596,-43.21225463674159,7291.912641141767,4843.214332268412,2448.718317872355,2231249.5918236785,617.6634147319277,164.1914211759193
1,HBEFA4/PC_petrol_Euro-6ab,Gasoline,2126-11-19 14:47:45,2126-11-19 14:47:46,-22.797311116351596,-43.21225463674159,-22.797193959184796,-43.21231954677413,7291.9265436242895,4843.218235751935,2448.718317872355,2231251.8842784595,617.6641471118491,164.191818514584
1,HBEFA4/PC_petrol_Euro-6ab,Gasoline,2126-11-19 14:47:46,2126-11-19 14:47:59,-22.797193959184796,-43.21231954677413,-22.814919245225456,-43.21518111626626,7335.189917348515,4871.788671531393,2464.3112358181236,2243118.4511754277,621.1994356588814,165.17638929361612
1,HBEFA4/PC_petrol_Euro-6ab,Gasoline,2126-11-19 14:47:59,2126-11-19 14:47:59,-22.814919245225456,-43.21518111626626,-22.814876595494214,-43.215212235835745,7335.19319729829,4871.791861481167,2464.3112358181236,2243118.4511754277,621.1994356588814,165.17638929361612
1,HBEFA4/PC_petrol_Euro-6ab,Gasoline,2126-11-19 14:47:59,2126-11-19 14:47:59,-22.814876595494214,-43.215212235835745,-22.81483299122938,-43.21525394437313,7335.197931197367,4871.796694279245,2464.3112358181236,2243122.3391379877,621.2118627881258,165.17653743161924
1,HBEFA4/PC_petrol_Euro-6ab,Gasoline,2126-11-19 14:47:59,2126-11-19 14:47:59,-22.81483299122938,-43.21525394437313,-22.81478234181156,-43.21531239161194,7335.114384528117,4871.813148719995,2464.3112358181236,2243126.61373776,621.2123141647364,165.17672983234114
1,HBEFA4/PC_petrol_Euro-6ab,Gasoline,2126-11-19 14:47:59,2126-11-19 14:47:59,-22.81478234181156,-43.21531239161194,-22.814719711165474,-43.21536231641115,7335.111881628835,4871.811645811713,2464.3112358181236,2243131.121212117,621.213441644547,165.17694849839236
1,HBEFA4/PC_petrol_Euro-6ab,Gasoline,2126-11-19 14:47:59,2126-11-19 14:47:59,-22.814719711165474,-43.21536231641115,-22.814649917871167,-43.21542916264837,7335.121153661111,4871.819917842979,2464.3112358181236,2243135.537722818,621.215171776823,165.17722134171182
1,HBEFA4/PC_petrol_Euro-6ab,Gasoline,2126-11-19 14:47:59,2126-11-19 14:47:59,-22.814649917871167,-43.21542916264837,-22.814577412297983,-43.21549841413847,7335.131484271766,4871.831248453643,2464.3112358181236,2243139.684694148,621.2162759225712,165.17751916221946
1,HBEFA4/PC_petrol_Euro-6ab,Gasoline,2126-11-19 14:47:59,2126-11-19 14:47:59,-22.814577412297983,-43.21549841413847,-22.814533554971442,-43.215541353838664,7335.142216495141,4871.841981676919,2464.3112358181236,2243142.3772486993,621.2171617692826,165.17782631211976
1,HBEFA4/PC_petrol_Euro-6ab,Gasoline,2126-11-19 14:47:59,2126-11-19 14:48:11,-22.814533554971442,-43.215541353838664,-22.814915671133116,-43.215184425854284,7341.7812868948185,4874.149176735992,2466.6322111588175,2245166.1188268435,621.731322589839,165.31576951116922
1,HBEFA4/PC_petrol_Euro-6ab,Gasoline,2126-11-19 14:48:11,2126-11-19 14:48:11,-22.814915671133116,-43.215184425854284,-22.81169716122165,-43.21924821913499,7371.446344993977,4894.357896415598,2477.18844858838,2254211.8918172293,624.2383431688127,165.98855223626998
1,HBEFA4/PC_petrol_Euro-6ab,Gasoline,2126-11-19 14:48:11,2126-11-19 14:48:11,-22.81169716122165,-43.21924821913499,-22.81168185547681,-43.21915979531243,7371.454179583666,4894.365631995287,2477.18844858838,2254211.8918172293,624.2383431688127,165.98855223626998
1,HBEFA4/PC_petrol_Euro-6ab,Gasoline,2126-11-19 14:48:11,2126-11-19 14:48:11,-22.81168185547681,-43.21915979531243,-22.81166142342739,-43.21915378121763,7371.463333117184,4894.374884518716,2477.18844858838,2254215.763943969,624.2398118148181,165.98882238971268
1,HBEFA4/PC_petrol_Euro-6ab,Gasoline,2126-11-19 14:48:11,2126-11-19 14:48:11,-22.81166142342739,-43.21915378121763,-22.81163914791786,-43.218931717124554,7371.4744288231495,4894.385981234671,2477.18844858838,2254221.9923484568,624.241556155157,165.98914666465183
1,HBEFA4/PC_petrol_Euro-6ab,Gasoline,2126-11-19 14:48:11,2126-11-19 14:48:11,-22.81163914791786,-43.218931717124554,-22.81161487149321,-43.218799813815126,7371.487215218562,4894.398756621184,2477.18844858838,2254228.4523118114,624.2432666556241,165.98951916445336
1,HBEFA4/PC_petrol_Euro-6ab,Gasoline,2126-11-19 14:48:11,2126-11-19 14:48:11,-22.81161487149321,-43.218799813815126,-22.811589791125484,-43.21866298115769,7371.511111426723,4894.412561838345,2477.18844858838,2254233.4189842583,624.2445599439715,165.98991878199238
1,HBEFA4/PC_petrol_Euro-6ab,Gasoline,2126-11-19 14:48:11,2126-11-19 14:48:19,-22.811589791125484,-43.21866298115769,-22.811713382553678,-43.219282462943975,7412.782419178419,4911.423923328333,2491.3584957511866,2263719.6184659815,626.7825414164349,166.716582951343
1,HBEFA4/PC_petrol_Euro-6ab,Gasoline,2126-11-19 14:48:19,2126-11-19 14:48:19,-22.811713382553678,-43.219282462943975,-22.811688545528615,-43.219211749911685,7412.789843592212,4911.431347842126,2491.3584957511866,2263714.831856648,626.7842424267916,166.71681389622946
1,HBEFA4/PC_petrol_Euro-6ab,Gasoline,2126-11-19 14:48:19,2126-11-19 14:48:19,-22.811688545528615,-43.219211749911685,-22.811671677141146,-43.2191142654863,7412.798292171425,4911.43979632134,2491.3584957511866,2263718.4922291873,626.7853783911992,166.7171491883385
1,HBEFA4/PC_petrol_Euro-6ab,Gasoline,2126-11-19 14:48:19,2126-11-19 14:48:19,-22.811671677141146,-43.2191142654863,-22.811651127261995,-43.218991616531596,7412.818494949921,4911.4499991998355,2491.3584957511866,2263724.186382199,626.7871298841234,166.7173473277669
1,HBEFA4/PC_petrol_Euro-6ab,Gasoline,2126-11-19 14:48:19,2126-11-19 14:48:27,-22.811651127261995,-43.218991616531596,-22.814918612921814,-43.21518161116687,7424.596524117892,4926.731642625714,2497.8648813821796,2271954.415615994,628.8111541731141,167.21951611153794
1,HBEFA4/PC_petrol_Euro-6ab,Gasoline,2126-11-19 14:48:27,2126-11-19 14:48:27,-22.814918612921814,-43.21518161116687,-22.814876611447543,-43.21521222157635,7424.599751891599,4926.734869519421,2497.8648813821796,2271956.1223844764,628.8116752377961,167.21961418112178
1,HBEFA4/PC_petrol_Euro-6ab,Gasoline,2126-11-19 14:48:27,2126-11-19 14:48:27,-22.814876611447543,-43.21521222157635,-22.814836184279373,-43.2152519849183,7424.614487735949,4926.739616353771,2497.8648813821796,2271959.6969188386,628.8131231485397,167.21975911359543
1,HBEFA4/PC_petrol_Euro-6ab,Gasoline,2126-11-19 14:48:27,2126-11-19 14:48:27,-22.814836184279373,-43.2152519849183,-22.814788493716255,-43.21529651536166,7424.611486548346,4926.745615166167,2497.8648813821796,2271963.2738412493,628.8142513639332,167.2199372545117
1,HBEFA4/PC_petrol_Euro-6ab,Gasoline,2126-11-19 14:48:27,2126-11-19 14:48:27,-22.814788493716255,-43.21529651536166,-22.814732119142734,-43.2153514372174,7424.617531881529,4926.75264949835,2497.8648813821796,2271966.697726134,628.8153693375336,167.21114335452577
1,HBEFA4/PC_petrol_Euro-6ab,Gasoline,2126-11-19 14:48:27,2126-11-19 14:48:32,-22.814732119142734,-43.2153514372174,-22.814919646521314,-43.215181622426354,7439.817957775859,4937.816922786699,2512.1111349891615,2275855.413314879,631.1943657656411,167.55622761593462
1,HBEFA4/PC_petrol_Euro-6ab,Gasoline,2126-11-19 14:48:32,2126-11-19 14:48:32,-22.814919646521314,-43.215181622426354,-22.81488121518138,-43.21521781719194,7439.821827898777,4937.819792919617,2512.1111349891615,2275855.413314879,631.1943657656411,167.55622761593462
1,HBEFA4/PC_petrol_Euro-6ab,Gasoline,2126-11-19 14:48:32,2126-11-19 14:48:35,-22.81488121518138,-43.21521781719194,-22.797161644515895,-43.21299726152167,7447.431561533243,4944.23332116771,2513.1972393655346,2278217.196814591,631.8622177577145,167.72191848432547
1,HBEFA4/PC_petrol_Euro-6ab,Gasoline,2126-11-19 14:48:35,2126-11-19 14:48:35,-22.797161644515895,-43.21299726152167,-22.797136219876414,-43.21299867561519,7447.4448839647175,4944.247644599183,2513.1972393655346,2278221.6735655713,631.8631641336442,167.72133126872453
1,HBEFA4/PC_petrol_Euro-6ab,Gasoline,2126-11-19 14:48:35,2126-11-19 14:48:41,-22.797136219876414,-43.21299867561519,-22.814917981541512,-43.21518221498526,7458.791137239126,4949.177758377199,2519.7132788618283,2281889.314583535,631.8331111395118,167.99111126116578
1,HBEFA4/PC_petrol_Euro-6ab,Gasoline,2126-11-19 14:48:41,2126-11-19 14:48:41,-22.814917981541512,-43.21518221498526,-22.8148815682288,-43.21521843591392,7458.793954348383,4949.181675486555,2519.7132788618283,2281889.314583535,631.8331111395118,167.99111126116578
1,HBEFA4/PC_petrol_Euro-6ab,Gasoline,2126-11-19 14:48:41,2126-11-19 14:48:41,-22.8148815682288,-43.21521843591392,-22.812639439791436,-43.21171253812219,7465.116278318346,4951.788556654116,2513.2277216543417,2283679.6395511763,632.2947214625717,168.13546193613574
1,HBEFA4/PC_petrol_Euro-6ab,Gasoline,2126-11-19 14:48:41,2126-11-19 14:48:54,-22.812639439791436,-43.21171253812219,-22.797154175752386,-43.212997345728165,7499.165431144152,4975.111378835925,2524.1541512181284,2293626.3781111893,635.1218965594569,168.916981219163
1,HBEFA4/PC_petrol_Euro-6ab,Gasoline,2126-11-19 14:48:54,2126-11-19 14:48:54,-22.797154175752386,-43.212997345728165,-22.797126618737856,-43.21299878386228,7499.179291113419,4975.125239795281,2524.1541512181284,2293627.5751585343,635.1222726146226,168.91737668591538
1,HBEFA4/PC_petrol_Euro-6ab,Gasoline,2126-11-19 14:48:54,2126-11-19 14:48:54,-22.797126618737856,-43.21299878386228,-22.796911428112123,-43.21311642146951,7499.193415795163,4975.139364586936,2524.1541512181284,2293631.3311561684,635.1231246125966,168.91778236274264
1,HBEFA4/PC_petrol_Euro-6ab,Gasoline,2126-11-19 14:48:54,2126-11-19 14:49:14,-22.796911428112123,-43.21311642146951,-22.814914411461516,-43.215185629778846,7513.237867821517,4983.881465837617,2529.356411983892,2298419.1814644275,636.3529896662874,169.2265589322937
1,HBEFA4/PC_petrol_Euro-6ab,Gasoline,2126-11-19 14:49:14,2126-11-19 14:49:14,-22.814914411461516,-43.215185629778846,-22.814871258426846,-43.215217341755215,7513.241412791113,4983.885111816222,2529.356411983892,2298419.1814644275,636.3529896662874,169.2265589322937
1,HBEFA4/PC_petrol_Euro-6ab,Gasoline,2126-11-19 14:49:14,2126-11-19 14:49:14,-22.814871258426846,-43.215217341755215,-22.81482789171317,-43.215258822169695,7513.246321187629,4983.889918113739,2529.356411983892,2298412.5811446414,636.3542548173527,169.22671782495123
1,HBEFA4/PC_petrol_Euro-6ab,Gasoline,2126-11-19 14:49:14,2126-11-19 14:49:14,-22.81482789171317,-43.215258822169695,-22.814771114182635,-43.21531312888866,7513.2527393559585,4983.896337372167,2529.356411983892,2298416.6637135725,636.3556398121215,169.22689876195964
1,HBEFA4/PC_petrol_Euro-6ab,Gasoline,2126-11-19 14:49:14,2126-11-19 14:49:14,-22.814771114182635,-43.21531312888866,-22.81471347384979,-43.21537782686111,7513.261143388198,4983.914741414217,2529.356411983892,2298422.21652179,636.3573713276481,169.22714716865118
1,HBEFA4/PC_petrol_Euro-6ab,Gasoline,2126-11-19 14:49:14,2126-11-19 14:49:14,-22.81471347384979,-43.21537782686111,-22.814623995165567,-43.21545384819548,7513.271155471343,4983.914753486451,2529.356411983892,2298427.516953834,636.3589213831288,169.2274391921732
1,HBEFA4/PC_petrol_Euro-6ab,Gasoline,2126-11-19 14:49:14,2126-11-19 14:49:18,-22.814623995165567,-43.21545384819548,-22.814913917377387,-43.215186111936144,7521.1196861619355,4986.514369988573,2534.6153161733636,2311624.766221834,636.9234545239659,169.4195391147865
1,HBEFA4/PC_petrol_Euro-6ab,Gasoline,2126-11-19 14:49:18,2126-11-19 14:49:18,-22.814913917377387,-43.215186111936144,-22.814869682922554,-43.215218847729235,7521.113327414284,4986.518111331921,2534.6153161733636,2311624.766221834,636.9234545239659,169.4195391147865
1,HBEFA4/PC_petrol_Euro-6ab,Gasoline,2126-11-19 14:49:18,2126-11-19 14:49:11,-22.814869682922554,-43.215218847729235,-22.798134869128218,-43.21198114374992,7531.93937611147,4992.776351521699,2539.163125588772,2313598.6142576283,637.71697911153,169.65511535287999
1,HBEFA4/PC_petrol_Euro-6ab,Gasoline,2126-11-19 14:49:11,2126-11-19 14:49:14,-22.798134869128218,-43.21198114374992,-22.798192594211592,-43.21195923178898,7541.171618416454,4997.1694436214275,2543.1111647851274,2316161.923126319,638.3922995991342,169.84135378597168
1,HBEFA4/PC_petrol_Euro-6ab,Gasoline,2126-11-19 14:49:14,2126-11-19 14:49:27,-22.798192594211592,-43.21195923178898,-22.81491239623119,-43.21517799231927,7568.916381691545,5114.541537318225,2554.374843382321,2315213.1954338173,641.8981659718165,171.48328236121854
1,HBEFA4/PC_petrol_Euro-6ab,Gasoline,2126-11-19 14:49:27,2126-11-19 14:49:27,-22.81491239623119,-43.21517799231927,-22.814879312264727,-43.21521964681217,7568.919451887821,5114.544617515511,2554.374843382321,2315214.792433568,641.8985792559444,171.48337619251137
1,HBEFA4/PC_petrol_Euro-6ab,Gasoline,2126-11-19 14:49:27,2126-11-19 14:49:27,-22.814879312264727,-43.21521964681217,-22.81483865161719,-43.215248529254185,7568.924349442352,5114.5495161611315,2554.374843382321,2315218.965816251,641.9111158392571,171.4835268529197
1,HBEFA4/PC_petrol_Euro-6ab,Gasoline,2126-11-19 14:49:27,2126-11-19 14:49:27,-22.81483865161719,-43.215248529254185,-22.814788849193892,-43.21529616543214,7568.931366533695,5114.5555231513745,2554.374843382321,2315222.3162793745,641.9112584418764,171.48371494655413
1,HBEFA4/PC_petrol_Euro-6ab,Gasoline,2126-11-19 14:49:27,2126-11-19 14:49:42,-22.814788849193892,-43.21529616543214,-22.811695722651614,-43.21924191618428,7616.1212111776835,5138.284644966547,2567.735555111138,2326814.4336922965,644.1142817131718,171.31129325311213
1,HBEFA4/PC_petrol_Euro-6ab,Gasoline,2126-11-19 14:49:42,2126-11-19 14:49:42,-22.811695722651614,-43.21924191618428,-22.81167932277467,-43.21915143336129,7616.128343911682,5138.292788811545,2567.735555111138,2326816.281832135,644.1148492939441,171.31152576914614
1,HBEFA4/PC_petrol_Euro-6ab,Gasoline,2126-11-19 14:49:42,2126-11-19 14:49:42,-22.81167932277467,-43.21915143336129,-22.811659813894284,-43.21914494456661,7616.1377182826,5138.312153171463,2567.735555111138,2326821.5531179575,644.1161315612292,171.31179771612637
1,HBEFA4/PC_petrol_Euro-6ab,Gasoline,2126-11-19 14:49:42,2126-11-19 14:49:42,-22.811659813894284,-43.21914494456661,-22.811637376697158,-43.21892258943316,7616.148853575925,5138.313298464788,2567.735555111138,2326826.6514841694,644.1178383576138,171.31212313126318
1,HBEFA4/PC_petrol_Euro-6ab,Gasoline,2126-11-19 14:49:42,2126-11-19 14:49:42,-22.811637376697158,-43.21892258943316,-22.81161325446881,-43.21879198739799,7616.16165947121,5138.326114361173,2567.735555111138,2326833.167911311,644.1195363819117,171.3124963142519
1,HBEFA4/PC_petrol_Euro-6ab,Gasoline,2126-11-19 14:49:42,2126-11-19 14:49:42,-22.81161325446881,-43.21879198739799,-22.811588147339653,-43.21865411277513,7616.175433168318,5138.339878157181,2567.735555111138,2326837.8372995495,644.1217849581322,171.31289481771117
1,HBEFA4/PC_petrol_Euro-6ab,Gasoline,2126-11-19 14:49:42,2126-11-19 14:49:42,-22.811588147339653,-43.21865411277513,-22.811563384782798,-43.21852182485848,7616.189769175793,5138.354214164656,2567.735555111138,2326841.526625543,644.121757941328,171.3133181331682
1,HBEFA4/PC_petrol_Euro-6ab,Gasoline,2126-11-19 14:49:42,2126-11-19 14:49:43,-22.811563384782798,-43.21852182485848,-22.81171265353116,-43.21927851571711,7619.736978884161,5142.111423773123,2567.735555111138,2327692.2658848655,644.3636627944276,171.38777414621848
1,HBEFA4/PC_petrol_Euro-6ab,Gasoline,2126-11-19 14:49:43,2126-11-19 14:49:49,-22.81171265353116,-43.21927851571711,-22.798131944912434,-43.21198119799966,7624.758823397148,5151.271113149235,2573.488711347914,2332529.322112783,645.715711496658,171.7329957791714
1,HBEFA4/PC_petrol_Euro-6ab,Gasoline,2126-11-19 14:49:49,2126-11-19 14:49:49,-22.798131944912434,-43.21198119799966,-22.797921153365858,-43.21212141272361,7624.771743478117,5151.282133131214,2573.488711347914,2332534.9211822418,645.7172425696448,171.73334222699788
1,HBEFA4/PC_petrol_Euro-6ab,Gasoline,2126-11-19 14:49:49,2126-11-19 14:49:51,-22.797921153365858,-43.21212141272361,-22.797217795975293,-43.21394623151422,7627.753861892123,5154.265151544219,2573.488711347914,2333544.3797625876,646.1345843321573,171.81119763219957
1,HBEFA4/PC_petrol_Euro-6ab,Gasoline,2126-11-19 14:49:51,2126-11-19 14:49:57,-22.797217795975293,-43.21394623151422,-22.814919714288445,-43.21518156717193,7643.587556674238,5166.476771627725,2577.1117861465145,2338197.972433321,647.3591931219977,172.15931319117
1,HBEFA4/PC_petrol_Euro-6ab,Gasoline,2126-11-19 14:49:57,2126-11-19 14:49:57,-22.814919714288445,-43.21518156717193,-22.814879168899968,-43.215219871116226,7643.591569347917,5166.479783311394,2577.1117861465145,2338197.972433321,647.3591931219977,172.15931319117
1,HBEFA4/PC_petrol_Euro-6ab,Gasoline,2126-11-19 14:49:57,2126-11-19 14:51:13,-22.814879168899968,-43.215219871116226,-22.811714446531448,-43.219288223763114,7683.174638672827,5192.869567387224,2591.3151712856143,2351653.1159391354,651.868319222849,173.15492111615336
1,HBEFA4/PC_petrol_Euro-6ab,Gasoline,2126-11-19 14:51:13,2126-11-19 14:51:13,-22.811714446531448,-43.219288223763114,-22.8116881914443,-43.219199272563114,7683.182471482142,5192.877399196438,2591.3151712856143,2351654.5916473377,651.8687721715275,173.15514396169295
1,HBEFA4/PC_petrol_Euro-6ab,Gasoline,2126-11-19 14:51:13,2126-11-19 14:51:13,-22.8116881914443,-43.219199272563114,-22.811668567845165,-43.21919275783921,7683.191781353717,5192.886711168113,2591.3151712856143,2351659.3964496194,651.8712164127113,173.15541555847756
1,HBEFA4/PC_petrol_Euro-6ab,Gasoline,2126-11-19 14:51:13,2126-11-19 14:51:13,-22.811668567845165,-43.21919275783921,-22.811646871586785,-43.2189743847885,7683.212929359266,5192.897858173662,2591.3151712856143,2351665.6326563437,651.8719615658778,173.1557413185916
1,HBEFA4/PC_petrol_Euro-6ab,Gasoline,2126-11-19 14:51:13,2126-11-19 14:51:13,-22.811646871586785,-43.2189743847885,-22.811623148756986,-43.21884442136798,7683.215318481194,5192.91124719549,2591.3151712856143,2351671.7754887827,651.8733522611719,173.15611137661228
1,HBEFA4/PC_petrol_Euro-6ab,Gasoline,2126-11-19 14:51:13,2126-11-19 14:51:13,-22.811623148756986,-43.21884442136798,-22.81159728847324,-43.21871388312588,7683.228921675726,5192.923849391122,2591.3151712856143,2351676.2188658186,651.8747694567415,173.15649493471867
1,HBEFA4/PC_petrol_Euro-6ab,Gasoline,2126-11-19 14:51:13,2126-11-19 14:51:13,-22.81159728847324,-43.21871388312588,-22.811573171361677,-43.21857231459888,7683.24362965555,5192.938558369946,2591.3151712856143,2351681.665413424,651.8761527196457,173.1569218811798
1,HBEFA4/PC_petrol_Euro-6ab,Gasoline,2126-11-19 14:51:13,2126-11-19 14:51:19,-22.811573171361677,-43.21857231459888,-22.81169387118351,-43.21923179965768,7696.519716452715,5113.411613218874,2593.1181932438413,2354975.775297492,652.1184872372852,173.35244539811337
1,HBEFA4/PC_petrol_Euro-6ab,Gasoline,2126-11-19 14:51:19,2126-11-19 14:51:19,-22.81169387118351,-43.21923179965768,-22.81167689983897,-43.21913821457248,7696.5281616771315,5113.419968433191,2593.1181932438413,2354978.311242817,652.1192681314775,173.35268538128446
1,HBEFA4/PC_petrol_Euro-6ab,Gasoline,2126-11-19 14:51:19,2126-11-19 14:51:29,-22.81167689983897,-43.21913821457248,-22.814918586712465,-43.215181636136196,7727.913246183696,5121.971149177761,2616.943196915936,2364679.1598659157,654.711128621926,174.18392759817958
1,HBEFA4/PC_petrol_Euro-6ab,Gasoline,2126-11-19 14:51:29,2126-11-19 14:51:29,-22.814918586712465,-43.215181636136196,-22.814872789612513,-43.21521587617212,7727.9165847711365,5121.973387865111,2616.943196915936,2364679.1598659157,654.711128621926,174.18392759817958
1,HBEFA4/PC_petrol_Euro-6ab,Gasoline,2126-11-19 14:51:29,2126-11-19 14:51:29,-22.814872789612513,-43.21521587617212,-22.81482357116999,-43.21526295477228,7727.92188344219,5121.978686536254,2616.943196915936,2364683.542411737,654.7116513883478,174.18418984221114
1,HBEFA4/PC_petrol_Euro-6ab,Gasoline,2126-11-19 14:51:29,2126-11-19 14:51:29,-22.81482357116999,-43.21526295477228,-22.8147633414618,-43.215321563511244,7727.929168895352,5121.985971989417,2616.943196915936,2364688.711613231,654.7133456119288,174.184316911766
1,HBEFA4/PC_petrol_Euro-6ab,Gasoline,2126-11-19 14:51:29,2126-11-19 14:51:29,-22.8147633414618,-43.215321563511244,-22.81469114511272,-43.215391671541975,7727.938183911859,5121.9948869959235,2616.943196915936,2364693.71118656,654.7148721829865,174.18456798592877
1,HBEFA4/PC_petrol_Euro-6ab,Gasoline,2126-11-19 14:51:29,2126-11-19 14:51:42,-22.81469114511272,-43.215391671541975,-22.798241261964985,-43.214597693912815,7761.966493714214,5145.724556417269,2616.241937296936,2375176.7112421813,657.6329516248466,174.83441776584121
1,HBEFA4/PC_petrol_Euro-6ab,Gasoline,2126-11-19 14:51:42,2126-11-19 14:51:42,-22.798241261964985,-43.214597693912815,-22.798113597117655,-43.21461721551576,7761.981778276561,5145.738841979626,2616.241937296936,2375178.726182629,657.6335266868215,174.8348271514267
1,HBEFA4/PC_petrol_Euro-6ab,Gasoline,2126-11-19 14:51:42,2126-11-19 14:51:49,-22.798113597117655,-43.21461721551576,-22.811699735971545,-43.219262718837816,7778.179675482628,5155.618917254486,2622.5617582281427,2381277.1765186986,659.1683531131881,175.1997788742487
1,HBEFA4/PC_petrol_Euro-6ab,Gasoline,2126-11-19 14:51:49,2126-11-19 14:51:49,-22.811699735971545,-43.219262718837816,-22.811683126633955,-43.21917164148332,7778.187881636938,5155.627122418796,2622.5617582281427,2381279.1126176654,659.1689491617114,175.2111133163738
1,HBEFA4/PC_petrol_Euro-6ab,Gasoline,2126-11-19 14:51:49,2126-11-19 14:51:51,-22.811683126633955,-43.21917164148332,-22.81166411935472,-43.219168488318496,7778.197413372176,5155.636655143934,2622.5617582281427,2381283.6561891483,659.1713142117182,175.21129151777777
1,HBEFA4/PC_petrol_Euro-6ab,Gasoline,2126-11-19 14:51:51,2126-11-19 14:51:51,-22.81166411935472,-43.219168488318496,-22.811642519395566,-43.218951646192655,7778.218219448612,5155.64745122147,2622.5617582281427,2381288.398689852,659.1716567713316,175.21161351368983
1,HBEFA4/PC_petrol_Euro-6ab,Gasoline,2126-11-19 14:51:51,2126-11-19 14:51:51,-22.811642519395566,-43.218951646192655,-22.81161795465473,-43.21881662983992,7778.221543112834,5155.6597847746925,2622.5617582281427,2381294.311111924,659.1732493878921,175.21196231596897
1,HBEFA4/PC_petrol_Euro-6ab,Gasoline,2126-11-19 14:51:51,2126-11-19 14:51:11,-22.81161795465473,-43.21881662983992,-22.81489979419119,-43.21519114621314,7799.1229143714445,5171.517735284157,2628.6151791873885,2387237.7814563665,661.1333361672674,175.68211411696372
1,HBEFA4/PC_petrol_Euro-6ab,Gasoline,2126-11-19 14:51:11,2126-11-19 14:51:11,-22.81489979419119,-43.21519114621314,-22.814861498236185,-43.21522763291516,7799.126776236446,5171.521597149158,2628.6151791873885,2387239.2814693155,661.1338113435523,175.68222861611255
1,HBEFA4/PC_petrol_Euro-6ab,Gasoline,2126-11-19 14:51:11,2126-11-19 14:51:11,-22.814861498236185,-43.21522763291516,-22.814819589951272,-43.21527632677738,7799.132592816151,5171.527413718664,2628.6151791873885,2387243.912778914,661.1354341666967,175.6824149931392
1,HBEFA4/PC_petrol_Euro-6ab,Gasoline,2126-11-19 14:51:11,2126-11-19 14:51:11,-22.814819589951272,-43.21527632677738,-22.814748197319153,-43.21533514887711,7799.141128225374,5171.534949137987,2628.6151791873885,2387248.665142884,661.1369731495945,175.68262779319342
1,HBEFA4/PC_petrol_Euro-6ab,Gasoline,2126-11-19 14:51:11,2126-11-19 14:51:16,-22.814748197319153,-43.21533514887711,-22.798182146365387,-43.21196313466144,7816.649215914525,5183.396835847536,2633.252381166989,2392127.668429919,662.3917353355827,176.16114218696845
1,HBEFA4/PC_petrol_Euro-6ab,Gasoline,2126-11-19 14:51:16,2126-11-19 14:51:16,-22.798182146365387,-43.21196313466144,-22.797984614811976,-43.21199816215194,7816.658913173317,5183.4165331163295,2633.252381166989,2392132.9625485777,662.393312123126,176.16142553624816
1,HBEFA4/PC_petrol_Euro-6ab,Gasoline,2126-11-19 14:51:16,2126-11-19 14:51:16,-22.797984614811976,-43.21199816215194,-22.797875121788567,-43.21213767419963,7816.671291267366,5183.417911211378,2633.252381166989,2392138.8987354883,662.3949515247623,176.1617571987199
1,HBEFA4/PC_petrol_Euro-6ab,Gasoline,2126-11-19 14:51:16,2126-11-19 14:51:13,-22.797875121788567,-43.21213767419963,-22.811711696828358,-43.219267921313234,7835.261841228412,5197.199137814762,2638.1627134136515,2397871.5885643165,663.9951982818913,176.4776637578622
1,HBEFA4/PC_petrol_Euro-6ab,Gasoline,2126-11-19 14:51:13,2126-11-19 14:51:13,-22.811711696828358,-43.219267921313234,-22.811683121171943,-43.21917161167879,7835.269935981733,5197.217232567183,2638.1627134136515,2397871.5885643165,663.9951982818913,176.4776637578622
1,HBEFA4/PC_petrol_Euro-6ab,Gasoline,2126-11-19 14:51:13,2126-11-19 14:51:19,-22.811683121171943,-43.21917161167879,-22.797248488316165,-43.21299628239916,7851.118114125741,5211.169384711974,2639.938619313768,2412419.3161129557,665.3157113348316,176.81322887974486
1,HBEFA4/PC_petrol_Euro-6ab,Gasoline,2126-11-19 14:51:19,2126-11-19 14:51:19,-22.797248488316165,-43.21299628239916,-22.79711863973758,-43.212997746377974,7851.122657474741,5211.184138161974,2639.938619313768,2412421.2995971297,665.316272997449,176.81364914278738
1,HBEFA4/PC_petrol_Euro-6ab,Gasoline,2126-11-19 14:51:19,2126-11-19 14:51:19,-22.79711863973758,-43.212997746377974,-22.79699173295174,-43.21299983696154,7851.137136118695,5211.198416714928,2639.938619313768,2412422.4471911765,665.3166374953727,176.81415978562334
1,HBEFA4/PC_petrol_Euro-6ab,Gasoline,2126-11-19 14:51:19,2126-11-19 14:51:46,-22.79699173295174,-43.21299983696154,-22.8149121394613,-43.21517833356997,7918.377211435153,5249.334191427365,2659.143121117789,2421391.5471919614,671.327971825188,178.13141635458285
1,HBEFA4/PC_petrol_Euro-6ab,Gasoline,2126-11-19 14:51:46,2126-11-19 14:51:46,-22.8149121394613,-43.21517833356997,-22.8148813829534,-43.215218613121384,7918.381823696571,5249.3378136887825,2659.143121117789,2421392.854493334,671.3287981188123,178.13152714741327
1,HBEFA4/PC_petrol_Euro-6ab,Gasoline,2126-11-19 14:51:46,2126-11-19 14:51:46,-22.8148813829534,-43.215218613121384,-22.81483751236615,-43.21524962851552,7918.385519479262,5249.3424894714735,2659.143121117789,2421395.89568189,671.3298918376481,178.13166862115842
1,HBEFA4/PC_petrol_Euro-6ab,Gasoline,2126-11-19 14:51:46,2126-11-19 14:51:46,-22.81483751236615,-43.21524962851552,-22.81478742177213,-43.21529753166677,7918.391856643758,5249.34883663597,2659.143121117789,2421411.217231111,671.3313631441437,178.13185824714155
1,HBEFA4/PC_petrol_Euro-6ab,Gasoline,2126-11-19 14:51:46,2126-11-19 14:51:46,-22.81478742177213,-43.21529753166677,-22.814727438216855,-43.21535491495687,7918.399269547579,5249.356249539791,2659.143121117789,2421413.7391545714,671.3325119699165,178.13217467436918
1,HBEFA4/PC_petrol_Euro-6ab,Gasoline,2126-11-19 14:51:46,2126-11-19 14:51:46,-22.814727438216855,-43.21535491495687,-22.814659828111168,-43.21541957415213,7918.418148279319,5249.365128271521,2659.143121117789,2421418.3927429877,671.3339247235242,178.13233399131718
1,HBEFA4/PC_petrol_Euro-6ab,Gasoline,2126-11-19 14:51:46,2126-11-19 14:51:46,-22.814659828111168,-43.21541957415213,-22.81458551716376,-43.215491661761126,7918.418155899196,5249.375135891418,2659.143121117789,2421412.6218575626,671.3351663559949,178.1326238136454
1,HBEFA4/PC_petrol_Euro-6ab,Gasoline,2126-11-19 14:51:46,2126-11-19 14:51:46,-22.81458551716376,-43.215491661761126,-22.814537243517117,-43.21553682576144,7918.429156818753,5249.386136811965,2659.143121117789,2421416.771547115,671.3363473295886,178.13294147179717
1,HBEFA4/PC_petrol_Euro-6ab,Gasoline,2126-11-19 14:51:46,2126-11-19 14:51:57,-22.814537243517117,-43.21553682576144,-22.814912732131344,-43.21517767112429,7931.514754247467,5265.4887153781455,2665.116138869423,2427181.4865777898,672.2192966894629,178.62536313215296
1,HBEFA4/PC_petrol_Euro-6ab,Gasoline,2126-11-19 14:51:57,2126-11-19 14:51:57,-22.814912732131344,-43.21517767112429,-22.81488142253885,-43.21521761875392,7931.517741182631,5265.49171231321,2665.116138869423,2427181.4865777898,672.2192966894629,178.62536313215296
1,HBEFA4/PC_petrol_Euro-6ab,Gasoline,2126-11-19 14:51:57,2126-11-19 14:51:57,-22.81488142253885,-43.21521761875392,-22.814837796856976,-43.21524934682446,7931.5123756112795,5265.496336731857,2665.116138869423,2427184.332176568,672.2117225318817,178.62551591139684
1,HBEFA4/PC_petrol_Euro-6ab,Gasoline,2126-11-19 14:51:57,2126-11-19 14:51:57,-22.814837796856976,-43.21524934682446,-22.814785999219916,-43.21529889133919,7931.518833153362,5265.51279418394,2665.116138869423,2427188.943855917,672.2122941932794,178.62569931737152
1,HBEFA4/PC_petrol_Euro-6ab,Gasoline,2126-11-19 14:51:57,2126-11-19 14:51:57,-22.814785999219916,-43.21529889133919,-22.814721611749734,-43.21536147892713,7931.526511112968,5265.511461243546,2665.116138869423,2427192.7929418876,672.2135261888577,178.6259234667785
1,HBEFA4/PC_petrol_Euro-6ab,Gasoline,2126-11-19 14:51:57,2126-11-19 14:51:57,-22.814721611749734,-43.21536147892713,-22.81464641464195,-43.215432413481255,7931.536131857479,5265.519991988157,2665.116138869423,2427198.4897234463,672.2152221954424,178.62621315166922
1,HBEFA4/PC_petrol_Euro-6ab,Gasoline,2126-11-19 14:51:57,2126-11-19 14:51:57,-22.81464641464195,-43.215432413481255,-22.814571663246714,-43.215514859917816,7931.547162817415,5265.531123947993,2665.116138869423,2427114.1466511113,672.2168193222167,178.6265272718538
1,HBEFA4/PC_petrol_Euro-6ab,Gasoline,2126-11-19 14:51:57,2126-11-19 14:52:11,-22.814571663246714,-43.215514859917816,-22.811712174182414,-43.219275378878345,7941.943453117619,5269.568312151753,2672.3751419558663,2431542.5168519965,673.1875159769436,178.89376592142398
1,HBEFA4/PC_petrol_Euro-6ab,Gasoline,2126-11-19 14:52:11,2126-11-19 14:52:11,-22.811712174182414,-43.219275378878345,-22.811686713151362,-43.21919169791665,7941.951185235256,5269.576144279391,2672.3751419558663,2431542.5168519965,673.1875159769436,178.89376592142398
1,HBEFA4/PC_petrol_Euro-6ab,Gasoline,2126-11-19 14:52:11,2126-11-19 14:52:13,-22.811686713151362,-43.21919169791665,-22.79792241123622,-43.214641561433244,7973.852949749226,5291.937445217671,2681.9155145415564,2441841.1982815817,675.9831893737216,179.61561889711184
1,HBEFA4/PC_petrol_Euro-6ab,Gasoline,2126-11-19 14:52:13,2126-11-19 14:52:13,-22.79792241123622,-43.214641561433244,-22.797843646655465,-43.21465117867751,7973.861254926114,5291.944751384549,2681.9155145415564,2441842.7934491746,675.9836795919155,179.61581749421927
1,HBEFA4/PC_petrol_Euro-6ab,Gasoline,2126-11-19 14:52:13,2126-11-19 14:52:13,-22.797843646655465,-43.21465117867751,-22.797752334493516,-43.21464748133577,7973.8691333311315,5291.953528789477,2681.9155145415564,2441847.433971127,675.9851139772219,179.61617411392286
1,HBEFA4/PC_petrol_Euro-6ab,Gasoline,2126-11-19 14:52:13,2126-11-19 14:52:13,-22.797752334493516,-43.21464748133577,-22.797648417189675,-43.214642921816135,7973.879158931346,5291.963654388791,2681.9155145415564,2441852.1835321266,675.9864897678174,179.61636818955674
1,HBEFA4/PC_petrol_Euro-6ab,Gasoline,2126-11-19 14:52:13,2126-11-19 14:52:13,-22.797648417189675,-43.214642921816135,-22.797528677965313,-43.2146376671978,7973.891676811727,5291.975172259172,2681.9155145415564,2441857.4515121523,675.9879524129717,179.61671261772692
1,HBEFA4/PC_petrol_Euro-6ab,Gasoline,2126-11-19 14:52:13,2126-11-19 14:52:19,-22.797528677965313,-43.2146376671978,-22.811698614839174,-43.21925664856515,7988.61158175628,5312.167276111157,2686.544315746225,2445442.9475749824,677.2621896782188,179.94536834573163
1,HBEFA4/PC_petrol_Euro-6ab,Gasoline,2126-11-19 14:52:19,2126-11-19 14:52:19,-22.811698614839174,-43.21925664856515,-22.811681985681645,-43.21916151567119,7988.621116144371,5312.175811398146,2686.544315746225,2445445.1287118297,677.2628282377715,179.94561212277274
1,HBEFA4/PC_petrol_Euro-6ab,Gasoline,2126-11-19 14:52:19,2126-11-19 14:52:19,-22.811681985681645,-43.21916151567119,-22.81166178218291,-43.21915128178786,7988.631168759813,5312.18586311358,2686.544315746225,2445451.1889492316,677.2643351186663,179.94591527131235
1,HBEFA4/PC_petrol_Euro-6ab,Gasoline,2126-11-19 14:52:19,2126-11-19 14:52:21,-22.81166178218291,-43.21915128178786,-22.811711913386546,-43.21926919384878,7996.1381671315435,5315.167542151932,2691.971524979613,2447813.2948238217,677.8921938416711,181.11711473267575
1,HBEFA4/PC_petrol_Euro-6ab,Gasoline,2126-11-19 14:52:21,2126-11-19 14:52:28,-22.811711913386546,-43.21926919384878,-22.81263786354344,-43.21171617112779,8113.112391779163,5318.112564624911,2695.119826154153,2452939.115215838,679.3616778292948,181.49493787566147
1,HBEFA4/PC_petrol_Euro-6ab,Gasoline,2126-11-19 14:52:28,2126-11-19 14:52:28,-22.81263786354344,-43.21171617112779,-22.812614542423647,-43.21176992267122,8113.116869353154,5318.117143199112,2695.119826154153,2452941.933718454,679.3622732871479,181.49516999118263
1,HBEFA4/PC_petrol_Euro-6ab,Gasoline,2126-11-19 14:52:28,2126-11-19 14:52:28,-22.812614542423647,-43.21176992267122,-22.812614978635127,-43.21184289219653,8113.122964448661,5318.11313829451,2695.119826154153,2452945.114326782,679.3637127849876,181.49525248126194
1,HBEFA4/PC_petrol_Euro-6ab,Gasoline,2126-11-19 14:52:28,2126-11-19 14:52:36,-22.812614978635127,-43.21184289219653,-22.814914389387133,-43.215185651892115,8135.711914138124,5331.51444936676,2714.1864647713646,2459853.9322422748,681.2318632373916,181.11435381629142
1,HBEFA4/PC_petrol_Euro-6ab,Gasoline,2126-11-19 14:52:36,2126-11-19 14:52:36,-22.814914389387133,-43.215185651892115,-22.814866217952355,-43.21522217154725,8135.714726157336,5331.518261285973,2714.1864647713646,2459856.2662618575,681.2326953463793,181.1144698631417
1,HBEFA4/PC_petrol_Euro-6ab,Gasoline,2126-11-19 14:52:36,2126-11-19 14:52:36,-22.814866217952355,-43.21522217154725,-22.814821511843132,-43.21526588953643,8135.711377656484,5331.52391288512,2714.1864647713646,2459861.668427684,681.2342561518698,181.11464121282418
1,HBEFA4/PC_petrol_Euro-6ab,Gasoline,2126-11-19 14:52:36,2126-11-19 14:52:36,-22.814821511843132,-43.21526588953643,-22.81476514521224,-43.21531893386215,8135.717143152724,5331.53167828136,2714.1864647713646,2459864.156481477,681.235411454796,181.11483988991234
1,HBEFA4/PC_petrol_Euro-6ab,Gasoline,2126-11-19 14:52:36,2126-11-19 14:52:53,-22.81476514521224,-43.21531893386215,-22.811711121585123,-43.219264816718774,8181.175114963218,5361.65841781189,2718.416617161319,2473488.2379775844,685.1314859511786,181.9989421498592
1,HBEFA4/PC_petrol_Euro-6ab,Gasoline,2126-11-19 14:52:53,2126-11-19 14:52:53,-22.811711121585123,-43.219264816718774,-22.811682888945573,-43.219171889297354,8181.183152154162,5361.666444892745,2718.416617161319,2473491.1185684448,685.1321314153754,181.99917141749122
1,HBEFA4/PC_petrol_Euro-6ab,Gasoline,2126-11-19 14:52:53,2126-11-19 14:52:53,-22.811682888945573,-43.219171889297354,-22.81166311661261,-43.219162472151386,8181.192881992392,5361.676274831174,2718.416617161319,2473495.6573686174,685.1336924216623,181.99945917992525
1,HBEFA4/PC_petrol_Euro-6ab,Gasoline,2126-11-19 14:52:53,2126-11-19 14:52:53,-22.81166311661261,-43.219162472151386,-22.811641852944128,-43.21894155461432,8181.11422912117,5361.687621958752,2718.416617161319,2473511.181845854,685.1352321187113,181.99978922941736
1,HBEFA4/PC_petrol_Euro-6ab,Gasoline,2126-11-19 14:52:53,2126-11-19 14:52:53,-22.811641852944128,-43.21894155461432,-22.811615881418383,-43.218815313531116,8181.116884542887,5361.711277381569,2718.416617161319,2473516.58526118,685.1366798724273,182.11115638141364
1,HBEFA4/PC_petrol_Euro-6ab,Gasoline,2126-11-19 14:52:53,2126-11-19 14:52:53,-22.811615881418383,-43.218815313531116,-22.81159149379717,-43.218672269691775,8181.1311437711715,5361.714536618753,2718.416617161319,2473513.4171244613,685.1384163749812,182.11157221832616
1,HBEFA4/PC_petrol_Euro-6ab,Gasoline,2126-11-19 14:52:53,2126-11-19 14:52:59,-22.81159149379717,-43.218672269691775,-22.814914926749625,-43.215185136913176,8194.519135985146,5369.596269116416,2724.912766868731,2477546.7218159297,686.1189241738141,182.32762142287964
1,HBEFA4/PC_petrol_Euro-6ab,Gasoline,2126-11-19 14:52:59,2126-11-19 14:52:59,-22.814914926749625,-43.215185136913176,-22.814871273991518,-43.21521828237122,8194.51231651716,5369.59953964843,2724.912766868731,2477546.7218159297,686.1189241738141,182.32762142287964
1,HBEFA4/PC_petrol_Euro-6ab,Gasoline,2126-11-19 14:52:59,2126-11-19 14:52:59,-22.814871273991518,-43.21521828237122,-22.812641621321917,-43.21171981487448,8195.983918654312,5369.949593494218,2726.1343251611952,2478136.2566154394,686.2368185573239,182.36132615966712
1,HBEFA4/PC_petrol_Euro-6ab,Gasoline,2126-11-19 14:52:59,2126-11-19 14:53:13,-22.812641621321917,-43.21171981487448,-22.81491369655113,-43.21517674855867,8112.953431114773,5374.119151733484,2728.9442793712916,2481235.4774161114,686.8321873672514,182.52172176121728
1,HBEFA4/PC_petrol_Euro-6ab,Gasoline,2126-11-19 14:53:13,2126-11-19 14:53:16,-22.81491369655113,-43.21517674855867,-22.79811888784119,-43.21195335735852,8111.49129937885,5377.563869661916,2732.9264297169457,2482714.445736245,687.52125676569,182.6922282857143
1,HBEFA4/PC_petrol_Euro-6ab,Gasoline,2126-11-19 14:53:16,2126-11-19 14:53:16,-22.79811888784119,-43.21195335735852,-22.81491274445831,-43.21517765923786,8137.162152345192,5391.539741181894,2745.522411264199,2491954.5655837213,689.7473574311279,183.31131659448814
1,HBEFA4/PC_petrol_Euro-6ab,Gasoline,2126-11-19 14:53:16,2126-11-19 14:53:16,-22.81491274445831,-43.21517765923786,-22.81488461891413,-43.2152145719768,8137.165129343163,5391.542718178966,2745.522411264199,2491954.5655837213,689.7473574311279,183.31131659448814
1,HBEFA4/PC_petrol_Euro-6ab,Gasoline,2126-11-19 14:53:16,2126-11-19 14:53:16,-22.81488461891413,-43.2152145719768,-22.814843813315414,-43.21524359216971,8137.169293954412,5391.546882691214,2745.522411264199,2491957.6752162235,689.748518717649,183.31143459791513
1,HBEFA4/PC_petrol_Euro-6ab,Gasoline,2126-11-19 14:53:16,2126-11-19 14:53:16,-22.814843813315414,-43.21524359216971,-22.814791213887418,-43.2152939131697,8137.1753325111715,5391.552921235872,2745.522411264199,2491962.245116154,689.7511994438434,183.31161669862792
1,HBEFA4/PC_petrol_Euro-6ab,Gasoline,2126-11-19 14:53:16,2126-11-19 14:53:19,-22.814791213887418,-43.2152939131697,-22.8117117399134,-43.21927356911736,8145.421394567486,5396.112557535328,2749.418837132159,2493559.782126754,691.4463228635648,183.49184899222578
1,HBEFA4/PC_petrol_Euro-6ab,Gasoline,2126-11-19 14:53:19,2126-11-19 14:53:42,-22.8117117399134,-43.21927356911736,-22.79822123479293,-43.214612126931985,8211.348123659137,5441.199163416577,2771.2489612525598,2512992.643129316,695.8126631162876,184.9781785899789
1,HBEFA4/PC_petrol_Euro-6ab,Gasoline,2126-11-19 14:53:42,2126-11-19 14:53:42,-22.79822123479293,-43.214612126931985,-22.798196237754976,-43.21461933663469,8211.362671415518,5441.113711152949,2771.2489612525598,2512994.9646117435,695.8133157455673,184.97849915514843
1,HBEFA4/PC_petrol_Euro-6ab,Gasoline,2126-11-19 14:53:42,2126-11-19 14:53:42,-22.798196237754976,-43.21461933663469,-22.798299993391623,-43.21458477155368,8211.891618972124,5441.642658719565,2771.2489612525598,2513114.43141436,695.8376157147675,184.99111472179147
1,HBEFA4/PC_petrol_Euro-6ab,Gasoline,2126-11-19 14:53:42,2126-11-19 14:53:42,-22.798299993391623,-43.21458477155368,-22.798213733766865,-43.21461343347617,8211.899581432912,5441.6516211813535,2771.2489612525598,2513116.191621822,695.8381569667615,184.9912319727149
1,HBEFA4/PC_petrol_Euro-6ab,Gasoline,2126-11-19 14:53:42,2126-11-19 14:53:42,-22.798213733766865,-43.21461343347617,-22.798119537883374,-43.21461771384612,8211.919324715853,5441.661364463294,2771.2489612525598,2513121.7826888177,695.8398181331574,184.99151722312112
1,HBEFA4/PC_petrol_Euro-6ab,Gasoline,2126-11-19 14:53:42,2126-11-19 14:53:42,-22.798119537883374,-43.21461771384612,-22.79786191942295,-43.21464794752494,8211.93441985649,5441.685449613932,2771.2489612525598,2513135.4474137175,695.843445813235,184.9912511351828
1,HBEFA4/PC_petrol_Euro-6ab,Gasoline,2126-11-19 14:53:42,2126-11-19 14:53:42,-22.79786191942295,-43.21464794752494,-22.797735854182628,-43.21464675723489,8211.948556783764,5441.699596531215,2771.2489612525598,2513139.5112361697,695.8445129279543,184.9916584693221
1,HBEFA4/PC_petrol_Euro-6ab,Gasoline,2126-11-19 14:53:42,2126-11-19 14:53:42,-22.797735854182628,-43.21464675723489,-22.79761493839193,-43.21464111312835,8211.962545565963,5441.713585313414,2771.2489612525598,2513141.9963611986,695.8449588768892,184.99215817327922
1,HBEFA4/PC_petrol_Euro-6ab,Gasoline,2126-11-19 14:53:42,2126-11-19 14:53:42,-22.79761493839193,-43.21464111312835,-22.797477149832446,-43.214635416231786,8211.977155839585,5441.728195587126,2771.2489612525598,2513144.5939511176,695.8459165119382,184.9924764999159
1,HBEFA4/PC_petrol_Euro-6ab,Gasoline,2126-11-19 14:53:42,2126-11-19 14:53:42,-22.797477149832446,-43.214635416231786,-22.797352628571155,-43.21462994269192,8211.991219511665,5441.7422592591165,2771.2489612525598,2513144.5939511176,695.8459165119382,184.9924764999159
1,HBEFA4/PC_petrol_Euro-6ab,Gasoline,2126-11-19 14:53:42,2126-11-19 14:53:51,-22.797352628571155,-43.21462994269192,-22.798121213212338,-43.21194922175655,8235.18166976313,5458.211828929112,2776.971841834129,2519998.4473251337,697.7675197195192,185.5141134711236
1,HBEFA4/PC_petrol_Euro-6ab,Gasoline,2126-11-19 14:53:51,2126-11-19 14:53:51,-22.798121213212338,-43.21194922175655,-22.79812985779472,-43.21198185147515,8235.19163562166,5458.219794786632,2776.971841834129,2521113.3861965194,697.7691145162669,185.5142658221817
1,HBEFA4/PC_petrol_Euro-6ab,Gasoline,2126-11-19 14:53:51,2126-11-19 14:53:51,-22.79812985779472,-43.21198185147515,-22.797928981932156,-43.21211821972229,8235.211187191964,5458.2313463579365,2776.971841834129,2521118.8115956774,697.7715695871877,185.51457327741937
1,HBEFA4/PC_petrol_Euro-6ab,Gasoline,2126-11-19 14:53:51,2126-11-19 14:53:52,-22.797928981932156,-43.21211821972229,-22.81171414129951,-43.21928612425388,8243.117217223176,5464.629412382896,2778.4878148412817,2521912.35713885,698.2911814559132,185.6859116992223
1,HBEFA4/PC_petrol_Euro-6ab,Gasoline,2126-11-19 14:53:52,2126-11-19 14:53:52,-22.81171414129951,-43.21928612425388,-22.811689892191592,-43.219219196353646,8243.124181752374,5464.636275912193,2778.4878148412817,2521916.994871518,698.2917317147117,185.6861151614527
1,HBEFA4/PC_petrol_Euro-6ab,Gasoline,2126-11-19 14:53:52,2126-11-19 14:53:57,-22.811689892191592,-43.219219196353646,-22.811711155792967,-43.219269864896144,8256.377147689284,5476.412532321482,2779.9645153688134,2525751.818125844,699.3931959459732,185.97111393414855
1,HBEFA4/PC_petrol_Euro-6ab,Gasoline,2126-11-19 14:53:57,2126-11-19 14:53:57,-22.811711155792967,-43.219269864896144,-22.81168296617972,-43.21917131166339,8256.385462513597,5476.421947134794,2779.9645153688134,2525754.9414381514,699.3941667749413,185.97124697616158
1,HBEFA4/PC_petrol_Euro-6ab,Gasoline,2126-11-19 14:53:57,2126-11-19 14:54:17,-22.81168296617972,-43.21917131166339,-22.814917821138336,-43.21518236841148,8311.733113786286,5518.295659952789,2792.4374438334985,2539846.617966685,713.3544877931337,186.96287997445592
1,HBEFA4/PC_petrol_Euro-6ab,Gasoline,2126-11-19 14:54:17,2126-11-19 14:54:17,-22.814917821138336,-43.21518236841148,-22.814871967182752,-43.21521666282829,8311.736568191916,5518.299124257419,2792.4374438334985,2539848.25176545,713.3551187213516,186.96298435651556
1,HBEFA4/PC_petrol_Euro-6ab,Gasoline,2126-11-19 14:54:17,2126-11-19 14:54:17,-22.814871967182752,-43.21521666282829,-22.814828198695225,-43.21525862313439,8311.741875177773,5518.314431344276,2792.4374438334985,2539852.5593366437,713.3565731114113,186.96314631136719
1,HBEFA4/PC_petrol_Euro-6ab,Gasoline,2126-11-19 14:54:17,2126-11-19 14:54:17,-22.814828198695225,-43.21525862313439,-22.814777291263576,-43.215317221463194,8311.748368571414,5518.311924736917,2792.4374438334985,2539856.1153136445,713.3577652611122,186.9633378152578
1,HBEFA4/PC_petrol_Euro-6ab,Gasoline,2126-11-19 14:54:17,2126-11-19 14:54:17,-22.814777291263576,-43.215317221463194,-22.814714313773594,-43.21536746814626,8311.755889217876,5518.318445374379,2792.4374438334985,2539859.5981918874,713.3588829472673,186.96355715675379
1,HBEFA4/PC_petrol_Euro-6ab,Gasoline,2126-11-19 14:54:17,2126-11-19 14:54:17,-22.814714313773594,-43.21536746814626,-22.81463961133612,-43.215438911263656,8311.765212431575,5518.327768598178,2792.4374438334985,2539865.1916317113,713.3615324189762,186.96383147552624
1,HBEFA4/PC_petrol_Euro-6ab,Gasoline,2126-11-19 14:54:17,2126-11-19 14:54:17,-22.81463961133612,-43.215438911263656,-22.814571149175813,-43.21551449177799,8311.776268357714,5518.338824524217,2792.4374438334985,2539871.141271758,713.3622135882149,186.9641531134888
1,HBEFA4/PC_petrol_Euro-6ab,Gasoline,2126-11-19 14:54:17,2126-11-19 14:54:17,-22.814571149175813,-43.21551449177799,-22.814529547822113,-43.21554418665972,8311.786416879244,5518.348973145746,2792.4374438334985,2539871.141271758,713.3622135882149,186.9641531134888
1,HBEFA4/PC_petrol_Euro-6ab,Gasoline,2126-11-19 14:54:17,2126-11-19 14:54:37,-22.814529547822113,-43.21554418665972,-22.79816522399226,-43.21317887385662,8351.31614213158,5542.639136599828,2817.6771155317527,2555522.654745885,717.7212867948746,188.17968129579617
1,HBEFA4/PC_petrol_Euro-6ab,Gasoline,2126-11-19 14:54:37,2126-11-19 14:54:37,-22.79816522399226,-43.21317887385662,-22.79798195146971,-43.21327551139693,8351.331159969153,5542.6531544383,2817.6771155317527,2555524.7991171333,717.7218922992272,188.181181877356
1,HBEFA4/PC_petrol_Euro-6ab,Gasoline,2126-11-19 14:54:37,2126-11-19 14:54:37,-22.79798195146971,-43.21327551139693,-22.79785811542383,-43.213312715795146,8351.34393549917,5542.666829968317,2817.6771155317527,2555526.1285513734,717.7222761915315,188.18147488119636
1,HBEFA4/PC_petrol_Euro-6ab,Gasoline,2126-11-19 14:54:37,2126-11-19 14:54:37,-22.79785811542383,-43.213312715795146,-22.7977388122227,-43.21324863193617,8351.358432982146,5542.681327451294,2817.6771155317527,2555531.2391133914,717.723371119755,188.1818937473539
1,HBEFA4/PC_petrol_Euro-6ab,Gasoline,2126-11-19 14:54:37,2126-11-19 14:54:37,-22.7977388122227,-43.21324863193617,-22.79762853687629,-43.2131812791981,8351.372941969713,5542.69583543895,2817.6771155317527,2555532.266631933,717.7239441179897,188.1813196564243
1,HBEFA4/PC_petrol_Euro-6ab,Gasoline,2126-11-19 14:54:37,2126-11-19 14:54:37,-22.79762853687629,-43.2131812791981,-22.797527997182218,-43.213116594616314,8351.38697618857,5542.719871557817,2817.6771155317527,2555532.266631933,717.7239441179897,188.1813196564243
1,HBEFA4/PC_petrol_Euro-6ab,Gasoline,2126-11-19 14:54:37,2126-11-19 14:54:37,-22.797527997182218,-43.213116594616314,-22.79745773141161,-43.21317699514493,8351.399942614918,5542.722837184157,2817.6771155317527,2555532.266631933,717.7239441179897,188.1813196564243
1,HBEFA4/PC_petrol_Euro-6ab,Gasoline,2126-11-19 14:54:37,2126-11-19 14:54:37,-22.79745773141161,-43.21317699514493,-22.797416175444193,-43.21315351918312,8351.418722586137,5542.731617155384,2817.6771155317527,2555532.266631933,717.7239441179897,188.1813196564243
1,HBEFA4/PC_petrol_Euro-6ab,Gasoline,2126-11-19 14:54:37,2126-11-19 14:54:37,-22.797416175444193,-43.21315351918312,-22.797191511415813,-43.21299692489995,8351.429421743152,5542.7523162123,2817.6771155317527,2555541.946881919,717.7271428348673,188.18176731752422
1,HBEFA4/PC_petrol_Euro-6ab,Gasoline,2126-11-19 14:54:37,2126-11-19 14:54:39,-22.797191511415813,-43.21299692489995,-22.79832567273482,-43.214579214628,8352.361684538928,5544.1337321255,2818.3279524134286,2556427.1913769617,717.9954912782144,188.12618734648632
1,HBEFA4/PC_petrol_Euro-6ab,Gasoline,2126-11-19 14:54:39,2126-11-19 14:54:41,-22.79832567273482,-43.214579214628,-22.79818631135418,-43.21196149698132,8356.416144618119,5547.423381983931,2818.992762624179,2557842.3253882314,718.4199211943424,188.2186514356334
1,HBEFA4/PC_petrol_Euro-6ab,Gasoline,2126-11-19 14:54:41,2126-11-19 14:54:48,-22.79818631135418,-43.21196149698132,-22.8117115482774,-43.21927253141163,8379.411731267577,5561.534388578177,2818.866342689511,2564578.166443215,711.2233122892652,188.7421418991984
1,HBEFA4/PC_petrol_Euro-6ab,Gasoline,2126-11-19 14:54:48,2126-11-19 14:54:48,-22.8117115482774,-43.21927253141163,-22.811685451446168,-43.21918486416869,8379.418263341538,5561.541921652138,2818.866342689511,2564582.858272528,711.2248647316361,188.74236371621395
1,HBEFA4/PC_petrol_Euro-6ab,Gasoline,2126-11-19 14:54:48,2126-11-19 14:54:48,-22.811685451446168,-43.21918486416869,-22.811665989848735,-43.2191786931188,8379.417439371121,5561.551196681521,2818.866342689511,2564587.969185116,711.2264188561324,188.74263223422577
1,HBEFA4/PC_petrol_Euro-6ab,Gasoline,2126-11-19 14:54:48,2126-11-19 14:54:51,-22.811665989848735,-43.2191786931188,-22.79714998112793,-43.212997393121314,8384.636993231195,5564.9441419836445,2819.6928522474514,2566119.545261166,711.6592836134859,188.86326463815467
1,HBEFA4/PC_petrol_Euro-6ab,Gasoline,2126-11-19 14:54:51,2126-11-19 14:54:53,-22.79714998112793,-43.212997393121314,-22.811712397319287,-43.219277128421334,8394.516494431525,5572.77625394668,2821.731241484846,2569154.968411812,711.5185337911465,189.1838522411964
1,HBEFA4/PC_petrol_Euro-6ab,Gasoline,2126-11-19 14:54:53,2126-11-19 14:54:55,-22.811712397319287,-43.219277128421334,-22.79817917172936,-43.21315296117589,8399.688566849276,5576.689891185192,2822.9986766641855,2571593.921216718,711.9417597297729,189.1984565413811
1,HBEFA4/PC_petrol_Euro-6ab,Gasoline,2126-11-19 14:54:55,2126-11-19 14:54:59,-22.79817917172936,-43.21315296117589,-22.811696547888184,-43.21924541843538,8411.19955461882,5583.86533639235,2826.234218226471,2573912.122186823,712.8847431926117,189.43451546478218
1,HBEFA4/PC_petrol_Euro-6ab,Gasoline,2126-11-19 14:54:59,2126-11-19 14:54:59,-22.811696547888184,-43.21924541843538,-22.81168157114744,-43.219158238642786,8411.117112698714,5583.872884472244,2826.234218226471,2573913.3445213754,712.8851418993642,189.43472112228918
1,HBEFA4/PC_petrol_Euro-6ab,Gasoline,2126-11-19 14:54:59,2126-11-19 14:55:15,-22.81168157114744,-43.219158238642786,-22.79721974328567,-43.2139458662861,8428.161965441166,5593.173568131985,2835.187397419181,2579129.3166118245,714.2791297151719,189.84411142536822
1,HBEFA4/PC_petrol_Euro-6ab,Gasoline,2126-11-19 14:55:15,2126-11-19 14:55:15,-22.79721974328567,-43.2139458662861,-22.79718969755676,-43.213961177353796,8428.175332892428,5593.187935483247,2835.187397419181,2579131.667254192,714.2794427659796,189.84442214523992
1,HBEFA4/PC_petrol_Euro-6ab,Gasoline,2126-11-19 14:55:15,2126-11-19 14:55:15,-22.79718969755676,-43.213961177353796,-22.7971198885159,-43.213863239972655,8428.189923916792,5593.1125264976115,2835.187397419181,2579133.3597259535,714.281174144917,189.84484151889513
1,HBEFA4/PC_petrol_Euro-6ab,Gasoline,2126-11-19 14:55:15,2126-11-19 14:55:13,-22.7971198885159,-43.213863239972655,-22.81491296797893,-43.21517744543958,8449.554332956219,5619.781688416592,2839.773644549628,2586215.715894115,716.3235712915451,191.31857983718626
1,HBEFA4/PC_petrol_Euro-6ab,Gasoline,2126-11-19 14:55:13,2126-11-19 14:55:13,-22.81491296797893,-43.21517744543958,-22.814882896943763,-43.21521621848136,8449.557516257622,5619.783871717997,2839.773644549628,2586217.344637669,716.3241974258215,191.31867669117247
1,HBEFA4/PC_petrol_Euro-6ab,Gasoline,2126-11-19 14:55:13,2126-11-19 14:55:13,-22.814882896943763,-43.21521621848136,-22.81484111313538,-43.21524723661141,8449.561967359376,5619.788322819748,2839.773644549628,2586211.6176329143,716.3252996784142,191.31881279325438
1,HBEFA4/PC_petrol_Euro-6ab,Gasoline,2126-11-19 14:55:13,2126-11-19 14:55:13,-22.81484111313538,-43.21524723661141,-22.814783831147162,-43.215311966159215,8449.568316495766,5619.79467194614,2839.773644549628,2586215.3211978713,716.3269131213197,191.31911354488418
1,HBEFA4/PC_petrol_Euro-6ab,Gasoline,2126-11-19 14:55:13,2126-11-19 14:55:36,-22.814783831147162,-43.215311966159215,-22.814914419527844,-43.21518562216242,8516.313675332181,5648.718361172658,2867.595315259424,2616647.787843852,721.8564342911137,191.83185923141186
1,HBEFA4/PC_petrol_Euro-6ab,Gasoline,2126-11-19 14:55:36,2126-11-19 14:55:36,-22.814914419527844,-43.21518562216242,-22.814867954249872,-43.21522151121917,8516.31721159566,5648.721886336237,2867.595315259424,2616647.787843852,721.8564342911137,191.83185923141186
1,HBEFA4/PC_petrol_Euro-6ab,Gasoline,2126-11-19 14:55:36,2126-11-19 14:55:36,-22.814867954249872,-43.21522151121917,-22.814821911837955,-43.21526454183149,8516.322599171164,5648.727283911642,2867.595315259424,2616652.165397824,721.8581174441396,191.83112377274741
1,HBEFA4/PC_petrol_Euro-6ab,Gasoline,2126-11-19 14:55:36,2126-11-19 14:55:36,-22.814821911837955,-43.21526454183149,-22.814763135674,-43.21532176133637,8516.329414493744,5648.7341992343225,2867.595315259424,2616656.1869168393,721.8593454291492,191.83122521757168
1,HBEFA4/PC_petrol_Euro-6ab,Gasoline,2126-11-19 14:55:36,2126-11-19 14:55:36,-22.814763135674,-43.21532176133637,-22.814697171423335,-43.21538385512668,8516.338114362154,5648.742799112731,2867.595315259424,2616661.634281588,721.8611241998462,191.83148139323467
1,HBEFA4/PC_petrol_Euro-6ab,Gasoline,2126-11-19 14:55:36,2126-11-19 14:55:36,-22.814697171423335,-43.21538385512668,-22.814619116499415,-43.215458611177395,8516.347878351231,5648.752563191817,2867.595315259424,2616665.663113798,721.8622176112192,191.83176396961875
1,HBEFA4/PC_petrol_Euro-6ab,Gasoline,2126-11-19 14:55:36,2126-11-19 14:55:36,-22.814619116499415,-43.215458611177395,-22.814557483184118,-43.21551746669536,8516.359446791868,5648.764131531445,2867.595315259424,2616671.9814329617,721.8639582949114,191.83211173554124
1,HBEFA4/PC_petrol_Euro-6ab,Gasoline,2126-11-19 14:55:36,2126-11-19 14:55:36,-22.814557483184118,-43.21551746669536,-22.814519226987956,-43.215554158491515,8516.368554921613,5648.7732396621915,2867.595315259424,2616671.9814329617,721.8639582949114,191.83211173554124
1,HBEFA4/PC_petrol_Euro-6ab,Gasoline,2126-11-19 14:55:36,2126-11-19 14:55:39,-22.814519226987956,-43.215554158491515,-22.81263851287764,-43.21171469756131,8525.13439535619,5652.424513753287,2872.6198916128122,2619289.5845429236,722.5472853248914,192.1336366916534
1,HBEFA4/PC_petrol_Euro-6ab,Gasoline,2126-11-19 14:55:39,2126-11-19 14:55:39,-22.81263851287764,-43.21171469756131,-22.812615882382717,-43.211766834276256,8525.13882225949,5652.428931656688,2872.6198916128122,2619289.5845429236,722.5472853248914,192.1336366916534
1,HBEFA4/PC_petrol_Euro-6ab,Gasoline,2126-11-19 14:55:39,2126-11-19 14:55:39,-22.812615882382717,-43.211766834276256,-22.812614166387413,-43.211832787331424,8525.144734243269,5652.434842641467,2872.6198916128122,2619293.4981415886,722.5486427729977,192.13381355981173
1,HBEFA4/PC_petrol_Euro-6ab,Gasoline,2126-11-19 14:55:39,2126-11-19 14:55:39,-22.812614166387413,-43.211832787331424,-22.812646136599217,-43.2119126686112,8525.151768163884,5652.441876461183,2872.6198916128122,2619297.1539622193,722.5498175571959,192.13411971431616
1,HBEFA4/PC_petrol_Euro-6ab,Gasoline,2126-11-19 14:55:39,2126-11-19 14:55:39,-22.812646136599217,-43.2119126686112,-22.812964519197786,-43.212132898136146,8525.184291116937,5652.474398514136,2872.6198916128122,2619316.1431444487,722.5551655216345,192.13497251594928
1,HBEFA4/PC_petrol_Euro-6ab,Gasoline,2126-11-19 14:55:39,2126-11-19 14:55:39,-22.812964519197786,-43.212132898136146,-22.813183677967727,-43.21218352478719,8525.198841566967,5652.4889489641655,2872.6198916128122,2619323.5188927692,722.5571341324253,192.1353978184371
1,HBEFA4/PC_petrol_Euro-6ab,Gasoline,2126-11-19 14:55:39,2126-11-19 14:55:56,-22.813183677967727,-43.21218352478719,-22.811698893267714,-43.219258156192154,8571.34938239712,5688.781921761131,2882.567461635991,2622884.3616831764,726.4134866596169,193.16736235787963
1,HBEFA4/PC_petrol_Euro-6ab,Gasoline,2126-11-19 14:55:56,2126-11-19 14:55:56,-22.811698893267714,-43.219258156192154,-22.811681951376135,-43.21916576874786,8571.35764831835,5688.79118668236,2882.567461635991,2622888.9973875214,726.4149397754446,193.16761478547918
1,HBEFA4/PC_petrol_Euro-6ab,Gasoline,2126-11-19 14:55:56,2126-11-19 14:55:56,-22.811681951376135,-43.21916576874786,-22.811663143273532,-43.21916316312673,8571.367317917111,5688.79985628112,2882.567461635991,2622893.743391972,726.4163474634182,193.16788622261163
1,HBEFA4/PC_petrol_Euro-6ab,Gasoline,2126-11-19 14:55:56,2126-11-19 14:55:56,-22.811663143273532,-43.21916316312673,-22.811641768593234,-43.218946551176654,8571.378156791625,5688.811595154636,2882.567461635991,2622898.1121931625,726.4175711133878,193.16819669921166
1,HBEFA4/PC_petrol_Euro-6ab,Gasoline,2126-11-19 14:55:56,2126-11-19 14:55:56,-22.811641768593234,-43.218946551176654,-22.811616973446168,-43.21881127673419,8571.391261718933,5688.822811172944,2882.567461635991,2622913.691176679,726.4191195911821,193.16855141289623
1,HBEFA4/PC_petrol_Euro-6ab,Gasoline,2126-11-19 14:55:56,2126-11-19 14:55:56,-22.811616973446168,-43.21881127673419,-22.81159193883275,-43.2186746976265,8571.41441965147,5688.836958114479,2882.567461635991,2622911.5216369692,726.4111836526487,193.16896583455892
1,HBEFA4/PC_petrol_Euro-6ab,Gasoline,2126-11-19 14:55:56,2126-11-19 14:55:56,-22.81159193883275,-43.2186746976265,-22.811566583591127,-43.218536968811736,8571.418714261697,5688.851252625717,2882.567461635991,2622913.912813731,726.4117464815134,193.16937597251192
1,HBEFA4/PC_petrol_Euro-6ab,Gasoline,2126-11-19 14:55:56,2126-11-19 14:55:56,-22.811566583591127,-43.218536968811736,-22.81153891761153,-43.21839729226217,8571.433131659755,5688.865671123763,2882.567461635991,2622916.275721318,726.4124111481724,193.16978969979542
1,HBEFA4/PC_petrol_Euro-6ab,Gasoline,2126-11-19 14:55:56,2126-11-19 14:56:11,-22.81153891761153,-43.21839729226217,-22.814916881119534,-43.215183268593814,8582.912454313466,5698.861776728132,2884.141677585435,2626315.5595197543,727.3845136192934,193.32149491155717
1,HBEFA4/PC_petrol_Euro-6ab,Gasoline,2126-11-19 14:56:11,2126-11-19 14:56:11,-22.814916881119534,-43.215183268593814,-22.814878452696496,-43.21521145941658,8582.915567394599,5698.864889819165,2884.141677585435,2626315.5595197543,727.3845136192934,193.32149491155717
1,HBEFA4/PC_petrol_Euro-6ab,Gasoline,2126-11-19 14:56:11,2126-11-19 14:56:11,-22.814878452696496,-43.21521145941658,-22.814841131563535,-43.21524615812744,8582.919775194637,5698.869197619213,2884.141677585435,2626318.5517848915,727.3856119118796,193.32162365969642
1,HBEFA4/PC_petrol_Euro-6ab,Gasoline,2126-11-19 14:56:11,2126-11-19 14:56:16,-22.814841131563535,-43.21524615812744,-22.81171113181276,-43.21926972964292,8625.75131864525,5733.1169129271915,2892.6344157181613,2639114.478688274,731.118136692266,194.26111911321745
1,HBEFA4/PC_petrol_Euro-6ab,Gasoline,2126-11-19 14:56:16,2126-11-19 14:56:16,-22.81171113181276,-43.21926972964292,-22.811683351188676,-43.21917341515411,8625.759936663114,5733.125531945144,2892.6344157181613,2639118.162218325,731.1192411217573,194.26135899451446
1,HBEFA4/PC_petrol_Euro-6ab,Gasoline,2126-11-19 14:56:16,2126-11-19 14:56:16,-22.811683351188676,-43.21917341515411,-22.811663355612144,-43.2191643215771,8625.771118678317,5733.135612961256,2892.6344157181613,2639113.139389286,731.1116943741873,194.2616524121372
1,HBEFA4/PC_petrol_Euro-6ab,Gasoline,2126-11-19 14:56:16,2126-11-19 14:56:16,-22.811663355612144,-43.2191643215771,-22.81164164411264,-43.21894141475779,8625.781435545212,5733.1471298271515,2892.6344157181613,2639118.133656217,731.1121151511311,194.26198364522827
1,HBEFA4/PC_petrol_Euro-6ab,Gasoline,2126-11-19 14:56:16,2126-11-19 14:56:16,-22.81164164411264,-43.21894141475779,-22.811616329441356,-43.21881776328148,8625.794413841799,5733.159998123739,2892.6344157181613,2639124.311233181,731.1137443646413,194.26136118336133
1,HBEFA4/PC_petrol_Euro-6ab,Gasoline,2126-11-19 14:56:16,2126-11-19 14:56:16,-22.811616329441356,-43.21881776328148,-22.811592132812553,-43.218675211342516,8625.8182873746,5733.17388165654,2892.6344157181613,2639128.953939118,731.1149589551975,194.26176259744352
1,HBEFA4/PC_petrol_Euro-6ab,Gasoline,2126-11-19 14:56:16,2126-11-19 14:56:16,-22.811592132812553,-43.218675211342516,-22.811566911651125,-43.218538574111914,8625.822161599851,5733.187754881792,2892.6344157181613,2639131.8692871843,731.1155198262295,194.26215955669817
1,HBEFA4/PC_petrol_Euro-6ab,Gasoline,2126-11-19 14:56:16,2126-11-19 14:56:23,-22.811566911651125,-43.218538574111914,-22.814911175899664,-43.215181116173166,8644.931882655388,5745.346345169211,2899.5845374861874,2645139.1666381186,732.6655439333123,194.68582721611638
1,HBEFA4/PC_petrol_Euro-6ab,Gasoline,2126-11-19 14:56:23,2126-11-19 14:56:23,-22.814911175899664,-43.215181116173166,-22.81487463815915,-43.21521411812787,8644.934749539685,5745.351212153499,2899.5845374861874,2645141.794155336,732.6665126717947,194.68594571799434
1,HBEFA4/PC_petrol_Euro-6ab,Gasoline,2126-11-19 14:56:23,2126-11-19 14:56:23,-22.81487463815915,-43.21521411812787,-22.814831624488898,-43.21525525171635,8644.94111983544,5745.355472349254,2899.5845374861874,2645145.415655657,732.6677926624123,194.6861143551959
1,HBEFA4/PC_petrol_Euro-6ab,Gasoline,2126-11-19 14:56:23,2126-11-19 14:56:29,-22.814831624488898,-43.21525525171635,-22.811712552518136,-43.21927796878593,8661.867447211885,5757.611969546834,2913.2554776551523,2651321.7923747175,734.1411684769752,195.1415791134169
1,HBEFA4/PC_petrol_Euro-6ab,Gasoline,2126-11-19 14:56:29,2126-11-19 14:56:29,-22.811712552518136,-43.21927796878593,-22.811685595188115,-43.21918565319217,8661.875324192818,5757.619846437768,2913.2554776551523,2651322.582227169,734.1417212381981,195.14181414768874
1,HBEFA4/PC_petrol_Euro-6ab,Gasoline,2126-11-19 14:56:29,2126-11-19 14:56:43,-22.811685595188115,-43.21918565319217,-22.814917484647853,-43.21518269126477,8696.863939743319,5781.319396533562,2915.544543219747,2661691.88521299,737.3357637974712,195.85432638323582
1,HBEFA4/PC_petrol_Euro-6ab,Gasoline,2126-11-19 14:56:43,2126-11-19 14:56:43,-22.814917484647853,-43.21518269126477,-22.814874312896224,-43.21521442871213,8696.867347897563,5781.322814687817,2915.544543219747,2661693.6188111163,737.336332141955,195.85442955983117
1,HBEFA4/PC_petrol_Euro-6ab,Gasoline,2126-11-19 14:56:43,2126-11-19 14:56:43,-22.814874312896224,-43.21521442871213,-22.81483219758113,-43.2152547981938,8696.872259446111,5781.327716236254,2915.544543219747,2661697.314155415,737.3376795956266,195.8545792152121
1,HBEFA4/PC_petrol_Euro-6ab,Gasoline,2126-11-19 14:56:43,2126-11-19 14:56:43,-22.81483219758113,-43.2152547981938,-22.81478193168963,-43.21531373843627,8696.878516656949,5781.333963447212,2915.544543219747,2661711.164516989,737.3389557159636,195.85476461538231
1,HBEFA4/PC_petrol_Euro-6ab,Gasoline,2126-11-19 14:56:43,2126-11-19 14:56:43,-22.81478193168963,-43.21531373843627,-22.814722111113542,-43.215361196174955,8696.886181215462,5781.3415369957165,2915.544543219747,2661715.117192896,737.3412567441549,195.8549866874418
1,HBEFA4/PC_petrol_Euro-6ab,Gasoline,2126-11-19 14:56:43,2126-11-19 14:56:43,-22.814722111113542,-43.215361196174955,-22.814651681166732,-43.21542832414466,8696.894811611182,5781.351258411336,2915.544543219747,2661719.174876788,737.3414763448696,195.8552411218439
1,HBEFA4/PC_petrol_Euro-6ab,Gasoline,2126-11-19 14:56:43,2126-11-19 14:56:43,-22.814651681166732,-43.21542832414466,-22.814574423141396,-43.21551126368821,8696.915359971199,5781.361816761453,2915.544543219747,2661715.1874942616,737.3431955733485,195.8555489175312
1,HBEFA4/PC_petrol_Euro-6ab,Gasoline,2126-11-19 14:56:43,2126-11-19 14:56:43,-22.814574423141396,-43.21551126368821,-22.81452856743882,-43.21554512439214,8696.916647481827,5781.372114272181,2915.544543219747,2661718.654954393,737.3442189511989,195.8558736456116
1,HBEFA4/PC_petrol_Euro-6ab,Gasoline,2126-11-19 14:56:43,2126-11-19 14:56:56,-22.81452856743882,-43.21554512439214,-22.811699614448135,-43.2192621618594,8735.579316235924,5816.748961931547,2928.8313553153784,2673826.2185143434,741.677237267241,196.72353757741164
1,HBEFA4/PC_petrol_Euro-6ab,Gasoline,2126-11-19 14:56:56,2126-11-19 14:56:56,-22.811699614448135,-43.2192621618594,-22.811682661685715,-43.21916964398197,8735.587569521176,5816.757214215799,2928.8313553153784,2673827.9211415737,741.6777619319834,196.72377282944414
1,HBEFA4/PC_petrol_Euro-6ab,Gasoline,2126-11-19 14:56:56,2126-11-19 14:56:56,-22.811682661685715,-43.21916964398197,-22.811663682793626,-43.21916611657288,8735.597242328598,5816.766887123222,2928.8313553153784,2673832.7125318267,741.6791798297759,196.72415442994463
1,HBEFA4/PC_petrol_Euro-6ab,Gasoline,2126-11-19 14:56:56,2126-11-19 14:56:56,-22.811663682793626,-43.21916611657288,-22.811642615245763,-43.21895111456155,8735.618178724359,5816.777723418981,2928.8313553153784,2673837.2191881977,741.6814681469712,196.72436814115476
1,HBEFA4/PC_petrol_Euro-6ab,Gasoline,2126-11-19 14:56:56,2126-11-19 14:56:56,-22.811642615245763,-43.21895111456155,-22.81161894558474,-43.21882213598348,8735.62111398188,5816.789758676513,2928.8313553153784,2673842.1483371746,741.6818186473848,196.7247166917753
1,HBEFA4/PC_petrol_Euro-6ab,Gasoline,2126-11-19 14:56:56,2126-11-19 14:56:56,-22.81161894558474,-43.21882213598348,-22.811594148884655,-43.218686219222286,8735.633623568347,5816.813268262969,2928.8313553153784,2673848.3137541,741.683417476166,196.72511971261866
1,HBEFA4/PC_petrol_Euro-6ab,Gasoline,2126-11-19 14:56:56,2126-11-19 14:57:11,-22.811594148884655,-43.218686219222286,-22.798191552162514,-43.21195961748455,8749.977799542114,5815.951978772696,2934.125821769419,2677959.5656941164,741.8151945211859,197.1533242611639
1,HBEFA4/PC_petrol_Euro-6ab,Gasoline,2126-11-19 14:57:11,2126-11-19 14:57:11,-22.798191552162514,-43.21195961748455,-22.798111261861678,-43.21198855531917,8749.985693169859,5815.95987231144,2934.125821769419,2677963.146515149,741.8162282211274,197.15355397559768
1,HBEFA4/PC_petrol_Euro-6ab,Gasoline,2126-11-19 14:57:11,2126-11-19 14:57:15,-22.798111261861678,-43.21198855531917,-22.814899682129816,-43.215191153494914,8761.351715776283,5823.659873934928,2937.691841841356,2681396.1383877223,742.7618324968317,197.31761427219196
1,HBEFA4/PC_petrol_Euro-6ab,Gasoline,2126-11-19 14:57:15,2126-11-19 14:57:15,-22.814899682129816,-43.215191153494914,-22.814871962635172,-43.215216667178164,8761.35369283769,5823.662851996336,2937.691841841356,2681396.1383877223,742.7618324968317,197.31761427219196
1,HBEFA4/PC_petrol_Euro-6ab,Gasoline,2126-11-19 14:57:15,2126-11-19 14:57:18,-22.814871962635172,-43.215216667178164,-22.811711377893615,-43.21926619446871,8811.929231877616,5852.511624183625,2949.417617793982,2692625.96881635,745.8474298855243,198.22181359756396
1,HBEFA4/PC_petrol_Euro-6ab,Gasoline,2126-11-19 14:57:18,2126-11-19 14:57:18,-22.811711377893615,-43.21926619446871,-22.811684797811943,-43.21918131349378,8811.937166766295,5852.519458972314,2949.417617793982,2692631.3577889917,745.8488297446813,198.22213365497663
1,HBEFA4/PC_petrol_Euro-6ab,Gasoline,2126-11-19 14:57:18,2126-11-19 14:57:18,-22.811684797811943,-43.21918131349378,-22.81166679874482,-43.21918311619539,8811.945952124867,5852.528344231886,2949.417617793982,2692634.1635596827,745.8499924181925,198.2222912664112
1,HBEFA4/PC_petrol_Euro-6ab,Gasoline,2126-11-19 14:57:18,2126-11-19 14:57:18,-22.81166679874482,-43.21918311619539,-22.811646611813795,-43.21897291294514,8811.956229515485,5852.538621721515,2949.417617793982,2692639.158581118,745.8514122148159,198.22258998886633
1,HBEFA4/PC_petrol_Euro-6ab,Gasoline,2126-11-19 14:57:18,2126-11-19 14:57:18,-22.811646611813795,-43.21897291294514,-22.811624284737147,-43.21885116442144,8811.967762525894,5852.551154731913,2949.417617793982,2692643.9891811125,745.8527838587964,198.22292422161463
1,HBEFA4/PC_petrol_Euro-6ab,Gasoline,2126-11-19 14:57:18,2126-11-19 14:57:31,-22.811624284737147,-43.21885116442144,-22.798178957918122,-43.21196414815474,8837.119181183682,5877.415954283986,2959.613126899696,2712917.979181263,748.7321159916966,199.1112345128178
1,HBEFA4/PC_petrol_Euro-6ab,Gasoline,2126-11-19 14:57:31,2126-11-19 14:57:31,-22.798178957918122,-43.21196414815474,-22.797979998285168,-43.21199982656545,8837.129193714132,5877.416166814337,2959.613126899696,2712912.6956699127,748.7333929712478,199.11152825586465
1,HBEFA4/PC_petrol_Euro-6ab,Gasoline,2126-11-19 14:57:31,2126-11-19 14:57:31,-22.797979998285168,-43.21199982656545,-22.797871712331217,-43.21213886737197,8837.141749342435,5877.427622442741,2959.613126899696,2712918.1127419555,748.7348911357265,199.11186399963118
1,HBEFA4/PC_petrol_Euro-6ab,Gasoline,2126-11-19 14:57:31,2126-11-19 14:57:31,-22.797871712331217,-43.21213886737197,-22.797747642349194,-43.21218359877265,8837.153394114354,5877.44126711466,2959.613126899696,2712922.9111717717,748.7361869139179,199.11122983192472
1,HBEFA4/PC_petrol_Euro-6ab,Gasoline,2126-11-19 14:57:31,2126-11-19 14:57:31,-22.797747642349194,-43.21218359877265,-22.79762483117715,-43.21212787623621,8837.167881812497,5877.454754912812,2959.613126899696,2712931.5579525195,748.7381995785189,199.1116535649175
1,HBEFA4/PC_petrol_Euro-6ab,Gasoline,2126-11-19 14:57:31,2126-11-19 14:57:31,-22.79762483117715,-43.21212787623621,-22.797515911391612,-43.212171754243215,8837.182222595858,5877.469195696162,2959.613126899696,2712932.1932412425,748.7385568498481,199.11216377259437
1,HBEFA4/PC_petrol_Euro-6ab,Gasoline,2126-11-19 14:57:31,2126-11-19 14:57:35,-22.797515911391612,-43.212171754243215,-22.812641584474753,-43.2117175949558,8848.111767245984,5882.13754718139,2965.9642211645944,2716274.1183521274,749.6213799155445,199.25951527139612
1,HBEFA4/PC_petrol_Euro-6ab,Gasoline,2126-11-19 14:57:35,2126-11-19 14:58:12,-22.812641584474753,-43.2117175949558,-22.81171365994665,-43.219283964865,8911.937112715214,5927.1535185952615,2984.883494119954,2726314.9393438394,755.2521765671919,211.71121732811833
1,HBEFA4/PC_petrol_Euro-6ab,Gasoline,2126-11-19 14:58:12,2126-11-19 14:58:12,-22.81171365994665,-43.219283964865,-22.811687144751512,-43.219194117684816,8911.94493635257,5927.161442242617,2984.883494119954,2726316.4151345176,755.2525228468498,211.71144317427665
1,HBEFA4/PC_petrol_Euro-6ab,Gasoline,2126-11-19 14:58:12,2126-11-19 14:58:12,-22.811687144751512,-43.219194117684816,-22.811667426861217,-43.21918653299673,8911.95434191736,5927.1718478174175,2984.883494119954,2726321.2221818473,755.2539656431683,211.71171732325525
1,HBEFA4/PC_petrol_Euro-6ab,Gasoline,2126-11-19 14:58:12,2126-11-19 14:58:12,-22.811667426861217,-43.21918653299673,-22.811645951984815,-43.2189693732118,8911.965611861719,5927.182116751757,2984.883494119954,2726327.541951113,755.2557253961563,211.71214636113285
1,HBEFA4/PC_petrol_Euro-6ab,Gasoline,2126-11-19 14:58:12,2126-11-19 14:58:12,-22.811645951984815,-43.2189693732118,-22.811621743772485,-43.21883731185512,8911.977863111324,5927.194368891371,2984.883494119954,2726332.119171522,755.256951111531,211.71241162419148
1,HBEFA4/PC_petrol_Euro-6ab,Gasoline,2126-11-19 14:58:12,2126-11-19 14:58:12,-22.811621743772485,-43.21883731185512,-22.811597116554332,-43.218712945214585,8911.991685815445,5927.118191715492,2984.883494119954,2726338.5417216187,755.2586245136118,211.7128133132824
1,HBEFA4/PC_petrol_Euro-6ab,Gasoline,2126-11-19 14:58:12,2126-11-19 14:58:12,-22.811597116554332,-43.218712945214585,-22.811571831751185,-43.21856511171689,8912.11574781918,5927.122253719227,2984.883494119954,2726341.2151722824,755.2593575813113,211.71321711355475
1,HBEFA4/PC_petrol_Euro-6ab,Gasoline,2126-11-19 14:58:12,2126-11-19 14:58:12,-22.811571831751185,-43.21856511171689,-22.81154444815688,-43.21842525451441,8912.12118523481,5927.136691124856,2984.883494119954,2726344.3525928627,755.2611968411528,211.71362248817665
1,HBEFA4/PC_petrol_Euro-6ab,Gasoline,2126-11-19 14:58:12,2126-11-19 14:58:12,-22.81154444815688,-43.21842525451441,-22.811517797657132,-43.21829175392115,8912.134851885353,5927.151356775411,2984.883494119954,2726347.169146394,755.2619329151268,211.71414419989172
1,HBEFA4/PC_petrol_Euro-6ab,Gasoline,2126-11-19 14:58:12,2126-11-19 14:58:12,-22.811517797657132,-43.21829175392115,-22.81149111871583,-43.21815611141417,8912.148972521715,5927.165478411753,2984.883494119954,2726347.169146394,755.2619329151268,211.71414419989172
1,HBEFA4/PC_petrol_Euro-6ab,Gasoline,2126-11-19 14:58:12,2126-11-19 14:58:12,-22.81149111871583,-43.21815611141417,-22.811464962135955,-43.21812411374646,8912.163119171213,5927.17961516126,2984.883494119954,2726349.1799147644,755.2615153318937,211.71444898564725
1,HBEFA4/PC_petrol_Euro-6ab,Gasoline,2126-11-19 14:58:12,2126-11-19 14:58:12,-22.811464962135955,-43.21812411374646,-22.81143779831495,-43.217887114337125,8912.176968972784,5927.193474862831,2984.883494119954,2726349.1799147644,755.2615153318937,211.71444898564725
1,HBEFA4/PC_petrol_Euro-6ab,Gasoline,2126-11-19 14:58:12,2126-11-19 14:58:12,-22.81143779831495,-43.217887114337125,-22.811411181894193,-43.217747136848994,8912.191362436233,5927.21786832628,2984.883494119954,2726352.692946777,755.2624589221672,211.71486388914817
1,HBEFA4/PC_petrol_Euro-6ab,Gasoline,2126-11-19 14:58:12,2126-11-19 14:58:16,-22.811411181894193,-43.217747136848994,-22.81491795299615,-43.21517267725282,8943.867468981741,5947.228999761758,2996.638469218983,2736149.7693961867,757.9359398915743,211.41828761363497
1,HBEFA4/PC_petrol_Euro-6ab,Gasoline,2126-11-19 14:58:16,2126-11-19 14:58:16,-22.81491795299615,-43.21517267725282,-22.814884173387715,-43.21521518321929,8943.871838376716,5947.232369157724,2996.638469218983,2736151.4131142324,757.9364675235111,211.4183894351294
1,HBEFA4/PC_petrol_Euro-6ab,Gasoline,2126-11-19 14:58:16,2126-11-19 14:58:16,-22.814884173387715,-43.21521518321929,-22.8148415761935,-43.21524573188146,8943.875853221945,5947.237384112963,2996.638469218983,2736155.3413571913,757.9378999213681,211.41854252947614
1,HBEFA4/PC_petrol_Euro-6ab,Gasoline,2126-11-19 14:58:16,2126-11-19 14:58:16,-22.8148415761935,-43.21524573188146,-22.8147864622426,-43.21529844845756,8943.882143636947,5947.243674417965,2996.638469218983,2736159.1116639135,757.9391411933276,211.41872884652163
1,HBEFA4/PC_petrol_Euro-6ab,Gasoline,2126-11-19 14:58:16,2126-11-19 14:58:17,-22.8147864622426,-43.21529844845756,-22.81171121984145,-43.21927169897826,8948.495193122112,5948.691111124912,2999.8151828971998,2737585.575919137,758.3355329751919,211.51124527665155
1,HBEFA4/PC_petrol_Euro-6ab,Gasoline,2126-11-19 14:58:17,2126-11-19 14:58:21,-22.81171121984145,-43.21927169897826,-22.79792272954199,-43.21464152244525,8953.438629146133,5952.744777339194,3111.6938517169398,2738891.462284349,758.7169831211577,211.62198369987268
1,HBEFA4/PC_petrol_Euro-6ab,Gasoline,2126-11-19 14:58:21,2126-11-19 14:58:23,-22.79792272954199,-43.21464152244525,-22.812641821646297,-43.21171714831195,8961.393311913565,5958.711187225474,3111.6921146781915,2741711.925733172,759.2125951827566,211.7761367814439
1,HBEFA4/PC_petrol_Euro-6ab,Gasoline,2126-11-19 14:58:23,2126-11-19 14:58:41,-22.812641821646297,-43.21171714831195,-22.812647486157184,-43.211693992486114,9111.881519541973,5989.112461129597,3121.8681485113773,2756144.212343476,763.3863631879194,212.9251262261331
1,HBEFA4/PC_petrol_Euro-6ab,Gasoline,2126-11-19 14:58:41,2126-11-19 14:58:41,-22.812647486157184,-43.211693992486114,-22.812626568689224,-43.21174221411268,9111.884574431736,5989.116525919359,3121.8681485113773,2756144.212343476,763.3863631879194,212.9251262261331
1,HBEFA4/PC_petrol_Euro-6ab,Gasoline,2126-11-19 14:58:41,2126-11-19 14:58:41,-22.812626568689224,-43.21174221411268,-22.812615135373148,-43.21181315313518,9111.891141321492,5989.121992811115,3121.8681485113773,2756147.89281717,763.3876623143461,212.92529153814222
1,HBEFA4/PC_petrol_Euro-6ab,Gasoline,2126-11-19 14:58:41,2126-11-19 14:58:41,-22.812615135373148,-43.21181315313518,-22.812621391111718,-43.21187711994641,9111.896812351151,5989.128763839774,3121.8681485113773,2756151.718586218,763.3889311568444,212.92549124314258
1,HBEFA4/PC_petrol_Euro-6ab,Gasoline,2126-11-19 14:58:41,2126-11-19 14:58:41,-22.812621391111718,-43.21187711994641,-22.813118685119372,-43.21215166544615,9111.93799787672,5989.169949365342,3121.8681485113773,2756171.876322313,763.3947515519419,212.9266896918781
1,HBEFA4/PC_petrol_Euro-6ab,Gasoline,2126-11-19 14:58:41,2126-11-19 14:58:41,-22.813118685119372,-43.21215166544615,-22.81313218418664,-43.21211418931112,9111.95219863813,5989.184151126753,3121.8681485113773,2756178.9116617164,763.396531175227,212.9271141422153
1,HBEFA4/PC_petrol_Euro-6ab,Gasoline,2126-11-19 14:58:41,2126-11-19 14:58:41,-22.81313218418664,-43.21211418931112,-22.813251247462114,-43.21215438573544,9111.966886319252,5989.198837797875,3121.8681485113773,2756182.434955511,763.3974578457955,212.92752761199113
1,HBEFA4/PC_petrol_Euro-6ab,Gasoline,2126-11-19 14:58:41,2126-11-19 14:58:41,-22.813251247462114,-43.21215438573544,-22.813368496653984,-43.2122148763229,9111.981954437813,5989.112915926436,3121.8681485113773,2756182.434955511,763.3974578457955,212.92752761199113
1,HBEFA4/PC_petrol_Euro-6ab,Gasoline,2126-11-19 14:58:41,2126-11-19 14:58:43,-22.813368496653984,-43.2122148763229,-22.81491386171173,-43.21518615562592,9119.21987227892,5995.553346954958,3123.656525323962,2758528.1129411177,764.1791444218915,213.11951291787123
1,HBEFA4/PC_petrol_Euro-6ab,Gasoline,2126-11-19 14:58:43,2126-11-19 14:58:43,-22.81491386171173,-43.21518615562592,-22.814873473491348,-43.21521522214115,9119.21298416427,5995.55645884131,3123.656525323962,2758529.756122315,764.1795836549718,213.11959796481472
1,HBEFA4/PC_petrol_Euro-6ab,Gasoline,2126-11-19 14:58:43,2126-11-19 14:58:55,-22.814873473491348,-43.21521522214115,-22.811712587691124,-43.219278159227114,9153.444572571912,6121.151488181556,3133.293184389358,2769458.6351818123,767.1528511828131,213.86545225674627
1,HBEFA4/PC_petrol_Euro-6ab,Gasoline,2126-11-19 14:58:55,2126-11-19 14:58:55,-22.811712587691124,-43.219278159227114,-22.811684961621126,-43.219182191731536,9153.452984154645,6121.159899765288,3133.293184389358,2769461.6471161133,767.1534692215357,213.86569262448535
1,HBEFA4/PC_petrol_Euro-6ab,Gasoline,2126-11-19 14:58:55,2126-11-19 14:58:55,-22.811684961621126,-43.219182191731536,-22.81166493173126,-43.219172914911536,9153.463129161162,6121.169944671815,3133.293184389358,2769466.11476565,767.1551367163491,213.86598579973577
1,HBEFA4/PC_petrol_Euro-6ab,Gasoline,2126-11-19 14:58:55,2126-11-19 14:58:56,-22.81166493173126,-43.219172914911536,-22.811641971317257,-43.21894765611371,9153.47446615199,6121.1813817626335,3133.293184389358,2769471.257511356,767.1564963832365,213.86631787975154
1,HBEFA4/PC_petrol_Euro-6ab,Gasoline,2126-11-19 14:58:56,2126-11-19 14:58:56,-22.811641971317257,-43.21894765611371,-22.81161712713771,-43.218812114671844,9153.487575958967,6121.19449156961,3133.293184389358,2769477.825182758,767.1582168691849,213.86671113224316
1,HBEFA4/PC_petrol_Euro-6ab,Gasoline,2126-11-19 14:58:56,2126-11-19 14:58:56,-22.81161712713771,-43.218812114671844,-22.79792156775837,-43.21464178641491,9155.88625853914,6122.345135674789,3133.541122864251,2771214.7743197623,767.3719543658515,213.92143578577974
1,HBEFA4/PC_petrol_Euro-6ab,Gasoline,2126-11-19 14:58:56,2126-11-19 14:58:59,-22.79792156775837,-43.21464178641491,-22.798118617314476,-43.211953454892596,9161.711411796829,6126.479613226315,3134.231798571524,2771997.132393253,767.9221633923734,214.1297331486169
1,HBEFA4/PC_petrol_Euro-6ab,Gasoline,2126-11-19 14:58:59,2126-11-19 14:59:16,-22.798118617314476,-43.211953454892596,-22.811711283788964,-43.21927119936173,9181.543116686111,6142.552554918758,3138.991551777254,2777858.8118561587,769.5841113611135,214.496552912219
1,HBEFA4/PC_petrol_Euro-6ab,Gasoline,2126-11-19 14:59:16,2126-11-19 14:59:16,-22.811711283788964,-43.21927119936173,-22.81168618443172,-43.21918886847357,9181.5516232643,6142.561171487147,3138.991551777254,2777862.893995127,769.5854181239562,214.49677354152412
1,HBEFA4/PC_petrol_Euro-6ab,Gasoline,2126-11-19 14:59:16,2126-11-19 14:59:16,-22.81168618443172,-43.21918886847357,-22.811668478565388,-43.219192271757814,9181.559231261464,6142.568678484211,3138.991551777254,2777866.7218292866,769.5865991159143,214.4971234933189
1,HBEFA4/PC_petrol_Euro-6ab,Gasoline,2126-11-19 14:59:16,2126-11-19 14:59:17,-22.811668478565388,-43.219192271757814,-22.811711789149493,-43.219273835591944,9185.54696637141,6146.134687453147,3139.5122789172633,2778822.4383851443,769.8521548259857,214.58118238735114
1,HBEFA4/PC_petrol_Euro-6ab,Gasoline,2126-11-19 14:59:17,2126-11-19 14:59:18,-22.811711789149493,-43.219273835591944,-22.79831657249296,-43.214583347114166,9114.869216979229,6166.728434134731,3148.1417729444977,2787829.675674724,772.4116548741943,215.23682131171312
1,HBEFA4/PC_petrol_Euro-6ab,Gasoline,2126-11-19 14:59:18,2126-11-19 14:59:18,-22.79831657249296,-43.214583347114166,-22.798227592884267,-43.21461143495318,9114.876898312613,6166.736125358116,3148.1417729444977,2787832.114771518,772.4124216464458,215.23714168719137
1,HBEFA4/PC_petrol_Euro-6ab,Gasoline,2126-11-19 14:59:18,2126-11-19 14:59:18,-22.798227592884267,-43.21461143495318,-22.798131157248848,-43.21461518478776,9114.885819285995,6166.745146341497,3148.1417729444977,2787836.2959481163,772.4136975949638,215.23731112191942
1,HBEFA4/PC_petrol_Euro-6ab,Gasoline,2126-11-19 14:59:18,2126-11-19 14:59:31,-22.798131157248848,-43.21461518478776,-22.81171218124549,-43.21927541712178,9151.22782452256,6191.245499322386,3159.9823252111747,2798591.5162946645,775.3871659379251,216.14423191839717
1,HBEFA4/PC_petrol_Euro-6ab,Gasoline,2126-11-19 14:59:31,2126-11-19 14:59:31,-22.81171218124549,-43.21927541712178,-22.81168493925669,-43.21918217517368,9151.23574123144,6191.2534161312675,3159.9823252111747,2798593.7932165114,775.3878787343132,216.14445815358118
1,HBEFA4/PC_petrol_Euro-6ab,Gasoline,2126-11-19 14:59:31,2126-11-19 14:59:31,-22.81168493925669,-43.21918217517368,-22.81166466721546,-43.219171477214475,9151.24551125922,6191.263186159146,3159.9823252111747,2798599.55355119,775.3895771713822,216.1447444953928
1,HBEFA4/PC_petrol_Euro-6ab,Gasoline,2126-11-19 14:59:31,2126-11-19 14:59:31,-22.81166466721546,-43.219171477214475,-22.811641684142,-43.2189461893412,9151.25718662462,6191.274761424446,3159.9823252111747,2798615.875879322,775.3913187628699,216.14518246611913
1,HBEFA4/PC_petrol_Euro-6ab,Gasoline,2126-11-19 14:59:31,2126-11-19 14:59:31,-22.811641684142,-43.2189461893412,-22.811617451152318,-43.21881388237393,9151.271219929618,6191.287884729434,3159.9823252111747,2798612.199525634,775.3929524562466,216.14546444351124
1,HBEFA4/PC_petrol_Euro-6ab,Gasoline,2126-11-19 14:59:31,2126-11-19 14:59:31,-22.811617451152318,-43.21881388237393,-22.811593374657687,-43.2186825319112,9151.284146938861,6191.311721738687,3159.9823252111747,2798616.1392485355,775.3941212418652,216.1458636545182
1,HBEFA4/PC_petrol_Euro-6ab,Gasoline,2126-11-19 14:59:31,2126-11-19 14:59:51,-22.811593374657687,-43.2186825319112,-22.811712644963966,-43.21927846932662,9212.483292958765,6133.391971238313,3179.1923227214617,2817483.197541184,781.6615329559391,217.41623451168894
1,HBEFA4/PC_petrol_Euro-6ab,Gasoline,2126-11-19 14:59:51,2126-11-19 14:59:51,-22.811712644963966,-43.21927846932662,-22.811686324976173,-43.21918963524134,9212.49157168966,6133.399248969199,3179.1923227214617,2817484.49981517,781.6619589756567,217.41646975186112
1,HBEFA4/PC_petrol_Euro-6ab,Gasoline,2126-11-19 14:59:51,2126-11-19 14:59:51,-22.811686324976173,-43.21918963524134,-22.81166742523122,-43.21918652419855,9212.511871111197,6133.418547289737,3179.1923227214617,2817488.3299481645,781.662112328561,217.416738911628
1,HBEFA4/PC_petrol_Euro-6ab,Gasoline,2126-11-19 14:59:51,2126-11-19 14:59:51,-22.81166742523122,-43.21918652419855,-22.811646563967174,-43.21897271197717,9212.511661791646,6133.419339171186,3179.1923227214617,2817493.6164111145,781.6636157916516,217.41715283391596
1,HBEFA4/PC_petrol_Euro-6ab,Gasoline,2126-11-19 14:59:51,2126-11-19 14:59:51,-22.811646563967174,-43.21897271197717,-22.81162246271277,-43.2188412241726,9212.523573559116,6133.431251838656,3179.1923227214617,2817498.3181112296,781.6649187414686,217.41739743314828
1,HBEFA4/PC_petrol_Euro-6ab,Gasoline,2126-11-19 14:59:51,2126-11-19 14:59:51,-22.81162246271277,-43.2188412241726,-22.811597714769313,-43.218716154272186,9212.53733531897,6133.4451125885115,3179.1923227214617,2817515.652861774,781.6667871577137,217.41779963241378
1,HBEFA4/PC_petrol_Euro-6ab,Gasoline,2126-11-19 14:59:51,2126-11-19 14:59:51,-22.811597714769313,-43.218716154272186,-22.811573582977943,-43.218574555658736,9212.551471952192,6133.459149231631,3179.1923227214617,2817518.742382141,781.6676195315246,217.41821617131557
1,HBEFA4/PC_petrol_Euro-6ab,Gasoline,2126-11-19 14:59:51,2126-11-19 14:59:51,-22.811573582977943,-43.218574555658736,-22.81154693857167,-43.218437823251914,9212.56524531139,6133.472922579929,3179.1923227214617,2817518.742382141,781.6676195315246,217.41821617131557
1,HBEFA4/PC_petrol_Euro-6ab,Gasoline,2126-11-19 14:59:51,2126-11-19 14:59:51,-22.81154693857167,-43.218437823251914,-22.8115212149349,-43.218312913121185,9212.579591254524,6133.487268534162,3179.1923227214617,2817512.46491943,781.6686112575185,217.41861983991697
1,HBEFA4/PC_petrol_Euro-6ab,Gasoline,2126-11-19 14:59:51,2126-11-19 14:59:51,-22.8115212149349,-43.218312913121185,-22.81149419637711,-43.21817113816159,9212.593756949123,6133.511434228662,3179.1923227214617,2817513.891697731,781.6691318182865,217.4191246919492
1,HBEFA4/PC_petrol_Euro-6ab,Gasoline,2126-11-19 14:59:51,2126-11-19 14:59:51,-22.81149419637711,-43.21817113816159,-22.81146739512161,-43.21813638247913,9212.61759136836,6133.5152686479,3179.1923227214617,2817513.891697731,781.6691318182865,217.4191246919492
1,HBEFA4/PC_petrol_Euro-6ab,Gasoline,2126-11-19 14:59:51,2126-11-19 14:59:51,-22.81146739512161,-43.21813638247913,-22.811439945134414,-43.21789784885263,9212.621739788632,6133.529417168172,3179.1923227214617,2817516.811359312,781.6698215218195,217.41943129979663
1,HBEFA4/PC_petrol_Euro-6ab,Gasoline,2126-11-19 14:59:51,2126-11-19 14:59:56,-22.811439945134414,-43.21789784885263,-22.798191522549857,-43.21195961816196,9225.492395633219,6142.159451129658,3183.4329456135616,2821995.1598896584,781.948155599928,217.71472539126538
1,HBEFA4/PC_petrol_Euro-6ab,Gasoline,2126-11-19 14:59:56,2126-11-19 14:59:56,-22.798191522549857,-43.21195961816196,-22.797981764219677,-43.21199955141948,9225.513956527215,6142.171111923654,3183.4329456135616,2821999.5565547342,781.949283339633,217.71515944265136
1,HBEFA4/PC_petrol_Euro-6ab,Gasoline,2126-11-19 14:59:56,2126-11-19 14:59:56,-22.797981764219677,-43.21199955141948,-22.797855483812916,-43.21214471831366,9225.516889912967,6142.183944299416,3183.4329456135616,2822115.226172317,781.9517864516813,217.7154351355365
1,HBEFA4/PC_petrol_Euro-6ab,Gasoline,2126-11-19 14:59:56,2126-11-19 15:11:14,-22.797855483812916,-43.21214471831366,-22.797282875481716,-43.21393434928316,9288.36552248918,6175.527828541415,3112.837693948767,2841619.927437418,786.9471836878546,219.15827214821916
1,HBEFA4/PC_petrol_Euro-6ab,Gasoline,2126-11-19 15:11:14,2126-11-19 15:11:14,-22.797282875481716,-43.21393434928316,-22.797159949871354,-43.2139571511384,9288.381131445347,6175.5424374965815,3112.837693948767,2841621.664115512,786.9475881572146,219.15869152216212
1,HBEFA4/PC_petrol_Euro-6ab,Gasoline,2126-11-19 15:11:14,2126-11-19 15:11:14,-22.797159949871354,-43.2139571511384,-22.797141311461183,-43.21393346713515,9288.393944129873,6175.5562511811175,3112.837693948767,2841621.664115512,786.9475881572146,219.15869152216212
1,HBEFA4/PC_petrol_Euro-6ab,Gasoline,2126-11-19 15:11:14,2126-11-19 15:11:14,-22.797141311461183,-43.21393346713515,-22.797118713489663,-43.213812624922314,9288.418184775137,6175.57139182637,3112.837693948767,2841624.6141424123,786.9483868425831,219.15919696816958
1,HBEFA4/PC_petrol_Euro-6ab,Gasoline,2126-11-19 15:11:14,2126-11-19 15:11:24,-22.797118713489663,-43.213812624922314,-22.79816558831211,-43.21317831259565,9312.187168319938,6195.185836729186,3117.1112315917524,2848572.767271181,789.2482655465145,219.68918948921475
1,HBEFA4/PC_petrol_Euro-6ab,Gasoline,2126-11-19 15:11:24,2126-11-19 15:11:24,-22.79816558831211,-43.21317831259565,-22.797977825611794,-43.213278414613176,9312.211929617877,6195.199698127125,3117.1112315917524,2848572.767271181,789.2482655465145,219.68918948921475
1,HBEFA4/PC_petrol_Euro-6ab,Gasoline,2126-11-19 15:11:24,2126-11-19 15:11:24,-22.797977825611794,-43.213278414613176,-22.79785324126198,-43.21331147285443,9312.215321684449,6195.114191193698,3117.1112315917524,2848576.371235172,789.2492169949892,219.68951433783127
1,HBEFA4/PC_petrol_Euro-6ab,Gasoline,2126-11-19 15:11:24,2126-11-19 15:11:24,-22.79785324126198,-43.21331147285443,-22.797738581731732,-43.21324849338224,9312.229826346645,6195.128594755894,3117.1112315917524,2848578.712111276,789.2498655876177,219.68992161721585
1,HBEFA4/PC_petrol_Euro-6ab,Gasoline,2126-11-19 15:11:24,2126-11-19 15:11:24,-22.797738581731732,-43.21324849338224,-22.797629115794424,-43.213181591316915,9312.243819177637,6195.142577586886,3117.1112315917524,2848578.712111276,789.2498655876177,219.68992161721585
1,HBEFA4/PC_petrol_Euro-6ab,Gasoline,2126-11-19 15:11:24,2126-11-19 15:11:24,-22.797629115794424,-43.213181591316915,-22.797522716688845,-43.213113613151476,9312.257754166365,6195.156522575613,3117.1112315917524,2848581.5511687165,789.2513975593687,219.69131957573847
1,HBEFA4/PC_petrol_Euro-6ab,Gasoline,2126-11-19 15:11:24,2126-11-19 15:11:24,-22.797522716688845,-43.213113613151476,-22.797447721447966,-43.213171353751815,9312.271443681658,6195.171212189917,3117.1112315917524,2848581.7411185713,789.2517714596859,219.69171997486546
1,HBEFA4/PC_petrol_Euro-6ab,Gasoline,2126-11-19 15:11:24,2126-11-19 15:11:24,-22.797447721447966,-43.213171353751815,-22.7974187495317,-43.21314939143566,9312.281813367128,6195.179581776377,3117.1112315917524,2848581.7411185713,789.2517714596859,219.69171997486546
1,HBEFA4/PC_petrol_Euro-6ab,Gasoline,2126-11-19 15:11:24,2126-11-19 15:11:24,-22.7974187495317,-43.21314939143566,-22.79722832968374,-43.21299651967853,9312.298691429113,6195.197459838351,3117.1112315917524,2848588.51323727,789.253131166276,219.6911927119478
1,HBEFA4/PC_petrol_Euro-6ab,Gasoline,2126-11-19 15:11:24,2126-11-19 15:11:24,-22.79722832968374,-43.21299651967853,-22.797146173411913,-43.21299743595144,9312.316729712592,6195.21549811184,3117.1112315917524,2848592.147817171,789.2541471117393,219.69132631951194
1,HBEFA4/PC_petrol_Euro-6ab,Gasoline,2126-11-19 15:11:24,2126-11-19 15:11:39,-22.797146173411913,-43.21299743595144,-22.798224111994918,-43.21461121992161,9359.965956715832,6224.176214249697,3135.8897524661356,2863453.7227141242,793.3511116621441,211.76919112811756
1,HBEFA4/PC_petrol_Euro-6ab,Gasoline,2126-11-19 15:11:39,2126-11-19 15:11:39,-22.798224111994918,-43.21461121992161,-22.7981998181744,-43.214618898312624,9359.981143871875,6224.19139141474,3135.8897524661356,2863455.955872285,793.3517362536614,211.7695967469289
1,HBEFA4/PC_petrol_Euro-6ab,Gasoline,2126-11-19 15:11:39,2126-11-19 15:11:39,-22.7981998181744,-43.214618898312624,-22.797843818153716,-43.21465115773713,9361.117929339787,6224.118176873652,3135.8897524661356,2863457.962651719,793.3523191873451,211.76999471815116
1,HBEFA4/PC_petrol_Euro-6ab,Gasoline,2126-11-19 15:11:39,2126-11-19 15:11:39,-22.797843818153716,-43.21465115773713,-22.797712848893166,-43.21464574785134,9361.122554215731,6224.132811749596,3135.8897524661356,2863462.212831379,793.3534169533158,211.77141738491216
1,HBEFA4/PC_petrol_Euro-6ab,Gasoline,2126-11-19 15:11:39,2126-11-19 15:11:39,-22.797712848893166,-43.21464574785134,-22.797582169126622,-43.21464111419127,9361.137175385764,6224.14732291963,3135.8897524661356,2863463.8813154774,793.3538976144852,211.77183316162818
1,HBEFA4/PC_petrol_Euro-6ab,Gasoline,2126-11-19 15:11:39,2126-11-19 15:11:39,-22.797582169126622,-43.21464111419127,-22.79745194737419,-43.21463431143869,9361.151559521255,6224.161817155119,3135.8897524661356,2863465.7611484295,793.3544365692693,211.77124814153812
1,HBEFA4/PC_petrol_Euro-6ab,Gasoline,2126-11-19 15:11:39,2126-11-19 15:11:39,-22.79745194737419,-43.21463431143869,-22.7973193983518,-43.214628484671346,9361.16599286961,6224.176241413475,3135.8897524661356,2863467.594155725,793.354964891193,211.77166154577375
1,HBEFA4/PC_petrol_Euro-6ab,Gasoline,2126-11-19 15:11:39,2126-11-19 15:11:39,-22.7973193983518,-43.214628484671346,-22.797193713795284,-43.21462297119337,9361.181684175955,6224.191931719821,3135.8897524661356,2863471.4162129534,793.3557232943643,211.7721841599571
1,HBEFA4/PC_petrol_Euro-6ab,Gasoline,2126-11-19 15:11:39,2126-11-19 15:11:39,-22.797193713795284,-43.21462297119337,-22.79716297118164,-43.21461723358813,9361.194614646881,6224.214862181747,3135.8897524661356,2863471.4162129534,793.3557232943643,211.7721841599571
1,HBEFA4/PC_petrol_Euro-6ab,Gasoline,2126-11-19 15:11:39,2126-11-19 15:11:44,-22.79716297118164,-43.21461723358813,-22.811698699821833,-43.21925711869661,9374.126453391132,6234.772612216598,3139.2538511744356,2867762.114836746,794.5898271413359,211.17561111185957
1,HBEFA4/PC_petrol_Euro-6ab,Gasoline,2126-11-19 15:11:44,2126-11-19 15:11:44,-22.811698699821833,-43.21925711869661,-22.811681314166164,-43.21916224267812,9374.134977971998,6234.781126796563,3139.2538511744356,2867764.8794189645,794.5916824988945,211.17585626887195
1,HBEFA4/PC_petrol_Euro-6ab,Gasoline,2126-11-19 15:11:44,2126-11-19 15:11:46,-22.811681314166164,-43.21916224267812,-22.812641495481313,-43.21171111491765,9382.317491452368,6239.1898294983675,3143.1176619541115,2871228.677614849,795.2368156163913,211.26768631755223
1,HBEFA4/PC_petrol_Euro-6ab,Gasoline,2126-11-19 15:11:46,2126-11-19 15:11:46,-22.812641495481313,-43.21171111491765,-22.812621737864657,-43.21175564315212,9382.311461481836,6239.193799526836,3143.1176619541115,2871228.677614849,795.2368156163913,211.26768631755223
1,HBEFA4/PC_petrol_Euro-6ab,Gasoline,2126-11-19 15:11:46,2126-11-19 15:11:51,-22.812621737864657,-43.21175564315212,-22.814911663681896,-43.215178693114285,9395.78371713131,6246.961938661955,3148.821778471355,2874383.4825344784,796.3688913647961,211.57382612214912
1,HBEFA4/PC_petrol_Euro-6ab,Gasoline,2126-11-19 15:11:51,2126-11-19 15:11:51,-22.814911663681896,-43.215178693114285,-22.814882582131613,-43.215216519611155,9395.786699317849,6246.964921847494,3148.821778471355,2874383.4825344784,796.3688913647961,211.57382612214912
1,HBEFA4/PC_petrol_Euro-6ab,Gasoline,2126-11-19 15:11:51,2126-11-19 15:11:51,-22.814882582131613,-43.215216519611155,-22.811711218854345,-43.21926533336449,9398.141128529275,6247.687715127111,3151.4523234122754,2875161.1119387217,796.5713374954164,211.6281254421919
1,HBEFA4/PC_petrol_Euro-6ab,Gasoline,2126-11-19 15:11:51,2126-11-19 15:11:13,-22.811711218854345,-43.21926533336449,-22.81263847775874,-43.21171475545648,9432.192466623795,6271.86187717182,3161.2315894529754,2885566.382986912,799.4784479281459,212.38474537612592
1,HBEFA4/PC_petrol_Euro-6ab,Gasoline,2126-11-19 15:11:13,2126-11-19 15:11:13,-22.81263847775874,-43.21171475545648,-22.812616857457277,-43.211764586882575,9432.196828823253,6271.866239371277,3161.2315894529754,2885566.382986912,799.4784479281459,212.38474537612592
1,HBEFA4/PC_petrol_Euro-6ab,Gasoline,2126-11-19 15:11:13,2126-11-19 15:11:13,-22.812616857457277,-43.211764586882575,-22.81261419192293,-43.21182896585588,9432.112479411372,6271.871889948397,3161.2315894529754,2885569.9282755367,799.4796838424882,212.38491419474263
1,HBEFA4/PC_petrol_Euro-6ab,Gasoline,2126-11-19 15:11:13,2126-11-19 15:11:13,-22.81261419192293,-43.21182896585588,-22.812638771149837,-43.21189663611158,9432.119375338913,6271.878785885928,3161.2315894529754,2885573.6715177672,799.4819211534933,212.38511718941114
1,HBEFA4/PC_petrol_Euro-6ab,Gasoline,2126-11-19 15:11:13,2126-11-19 15:11:13,-22.812638771149837,-43.21189663611158,-22.81315175933215,-43.21216996473583,9432.15281957152,6271.922231118545,3161.2315894529754,2885596.561732124,799.4873612598676,212.3863854181241
1,HBEFA4/PC_petrol_Euro-6ab,Gasoline,2126-11-19 15:11:13,2126-11-19 15:11:19,-22.81315175933215,-43.21216996473583,-22.811698898584862,-43.21925818488143,9451.63189834559,6283.214453589581,3167.4164447561197,2891319.169819494,811.1592612332897,212.79936649469616
1,HBEFA4/PC_petrol_Euro-6ab,Gasoline,2126-11-19 15:11:19,2126-11-19 15:11:19,-22.811698898584862,-43.21925818488143,-22.81168154541312,-43.21916355939385,9451.639315313186,6283.222871547177,3167.4164447561197,2891321.2299338127,811.1598934526942,212.7996171233784
1,HBEFA4/PC_petrol_Euro-6ab,Gasoline,2126-11-19 15:11:19,2126-11-19 15:11:19,-22.81168154541312,-43.21916355939385,-22.81166216984837,-43.219157316869184,9451.649219151542,6283.2327743945325,3167.4164447561197,2891326.2271611382,811.1613619383146,212.79989561832212
1,HBEFA4/PC_petrol_Euro-6ab,Gasoline,2126-11-19 15:11:19,2126-11-19 15:11:19,-22.81166216984837,-43.219157316869184,-22.81164118143612,-43.21893734118167,9451.661339715147,6283.243894959139,3167.4164447561197,2891331.9468141313,811.1626941691338,212.81121774454573
1,HBEFA4/PC_petrol_Euro-6ab,Gasoline,2126-11-19 15:11:19,2126-11-19 15:11:12,-22.81164118143612,-43.21893734118167,-22.81489996263688,-43.21518988519333,9461.572942572144,6288.398361426372,3173.174582145772,2894811.186295761,811.996259215654,213.1581663172971
1,HBEFA4/PC_petrol_Euro-6ab,Gasoline,2126-11-19 15:11:12,2126-11-19 15:11:22,-22.81489996263688,-43.21518988519333,-22.812637511316986,-43.21171711612678,9491.372157761915,6314.116247548535,3186.2558112123813,2913496.84179312,814.3452954888585,213.71319214345236
1,HBEFA4/PC_petrol_Euro-6ab,Gasoline,2126-11-19 15:11:22,2126-11-19 15:11:22,-22.812637511316986,-43.21171711612678,-22.81261437622437,-43.2117713157344,9491.376414123927,6314.121613811547,3186.2558112123813,2913496.84179312,814.3452954888585,213.71319214345236
1,HBEFA4/PC_petrol_Euro-6ab,Gasoline,2126-11-19 15:11:22,2126-11-19 15:11:22,-22.81261437622437,-43.2117713157344,-22.812615861316596,-43.21184484381927,9491.382457884145,6314.126647671666,3186.2558112123813,2913511.113353197,814.3467759127346,213.71337344695358
1,HBEFA4/PC_petrol_Euro-6ab,Gasoline,2126-11-19 15:11:22,2126-11-19 15:11:22,-22.812615861316596,-43.21184484381927,-22.81266247532843,-43.21191631613433,9491.391388919866,6314.134578697486,3186.2558112123813,2913516.314471885,814.3484311126494,213.71361815291115
1,HBEFA4/PC_petrol_Euro-6ab,Gasoline,2126-11-19 15:11:22,2126-11-19 15:11:22,-22.81266247532843,-43.21191631613433,-22.812968988773447,-43.21213481119946,9491.423515871262,6314.167715658883,3186.2558112123813,2913521.7156258176,814.3528163888585,213.71457181727193
1,HBEFA4/PC_petrol_Euro-6ab,Gasoline,2126-11-19 15:11:22,2126-11-19 15:11:22,-22.812968988773447,-43.21213481119946,-22.813186552184192,-43.212184745813575,9491.436713751542,6314.181893538162,3186.2558112123813,2913526.428765679,814.35415981118,213.71495218241393
1,HBEFA4/PC_petrol_Euro-6ab,Gasoline,2126-11-19 15:11:22,2126-11-19 15:11:25,-22.813186552184192,-43.212184745813575,-22.812639971412187,-43.21171131514421,9511.184719675316,6311.968572667286,3189.1161371181217,2915971.131864519,815.1139551946119,213.9217525229614
1,HBEFA4/PC_petrol_Euro-6ab,Gasoline,2126-11-19 15:11:25,2126-11-19 15:11:25,-22.812639971412187,-43.21171131514421,-22.81313961854198,-43.21211729113699,9511.156358666917,6311.141221658887,3189.1161371181217,2916114.818324114,815.1138515512266,213.92272312172858
1,HBEFA4/PC_petrol_Euro-6ab,Gasoline,2126-11-19 15:11:25,2126-11-19 15:11:41,-22.81313961854198,-43.21211729113699,-22.798111746358763,-43.213112241642835,9544.437411292589,6346.98944113159,3197.447969161999,2919811.9766818744,818.958625725117,214.89967228199783
1,HBEFA4/PC_petrol_Euro-6ab,Gasoline,2126-11-19 15:11:41,2126-11-19 15:11:41,-22.798111746358763,-43.213112241642835,-22.798135172756254,-43.213225169941994,9544.451592117478,6347.11362294648,3197.447969161999,2919811.9766818744,818.958625725117,214.89967228199783
1,HBEFA4/PC_petrol_Euro-6ab,Gasoline,2126-11-19 15:11:41,2126-11-19 15:11:41,-22.798135172756254,-43.213225169941994,-22.797935136732156,-43.21329974884592,9544.466212842837,6347.118243681839,3197.447969161999,2919814.3393689143,818.959515551,214.9111935215393
1,HBEFA4/PC_petrol_Euro-6ab,Gasoline,2126-11-19 15:11:41,2126-11-19 15:11:41,-22.797935136732156,-43.21329974884592,-22.79781485946928,-43.213289219311684,9544.481182373295,6347.132113212297,3197.447969161999,2919814.3393689143,818.959515551,214.9111935215393
1,HBEFA4/PC_petrol_Euro-6ab,Gasoline,2126-11-19 15:11:41,2126-11-19 15:11:41,-22.79781485946928,-43.213289219311684,-22.797697175871114,-43.213222662243185,9544.49474144572,6347.146771284722,3197.447969161999,2919818.793126311,818.9616631631928,214.91151748419165
1,HBEFA4/PC_petrol_Euro-6ab,Gasoline,2126-11-19 15:11:41,2126-11-19 15:11:41,-22.797697175871114,-43.213222662243185,-22.797582714559314,-43.21315151312116,9544.518516559656,6347.161547398657,3197.447969161999,2919818.793126311,818.9616631631928,214.91151748419165
1,HBEFA4/PC_petrol_Euro-6ab,Gasoline,2126-11-19 15:11:41,2126-11-19 15:11:41,-22.797582714559314,-43.21315151312116,-22.797494199311866,-43.213197547187,9544.5231516113,6347.175181451312,3197.447969161999,2919823.455814228,818.961861756197,214.91194114914473
1,HBEFA4/PC_petrol_Euro-6ab,Gasoline,2126-11-19 15:11:41,2126-11-19 15:11:41,-22.797494199311866,-43.213197547187,-22.797432181521178,-43.213162539126966,9544.534415785136,6347.186446624137,3197.447969161999,2919823.455814228,818.961861756197,214.91194114914473
1,HBEFA4/PC_petrol_Euro-6ab,Gasoline,2126-11-19 15:11:41,2126-11-19 15:11:41,-22.797432181521178,-43.213162539126966,-22.797164235918768,-43.2129972323148,9544.561625174711,6347.113656113713,3197.447969161999,2919832.311339982,818.9644896596745,214.9115157441163
1,HBEFA4/PC_petrol_Euro-6ab,Gasoline,2126-11-19 15:11:41,2126-11-19 15:11:55,-22.797164235918768,-43.2129972323148,-22.811711145168433,-43.219269816828985,9587.691315353173,6373.811487475346,3213.8798178777274,2932241.124778181,812.3323119826411,215.88611198512745
1,HBEFA4/PC_petrol_Euro-6ab,Gasoline,2126-11-19 15:11:55,2126-11-19 15:11:55,-22.811711145168433,-43.219269816828985,-22.811684144377556,-43.219177738553365,9587.699258581113,6373.819441713286,3213.8798178777274,2932243.7199596517,812.3331129726121,215.88622998191716
1,HBEFA4/PC_petrol_Euro-6ab,Gasoline,2126-11-19 15:11:55,2126-11-19 15:11:55,-22.811684144377556,-43.219177738553365,-22.811664913197147,-43.219172818719934,9587.718895136333,6373.829177258615,3213.8798178777274,2932249.163411523,812.3346979182362,215.88651175158336
1,HBEFA4/PC_petrol_Euro-6ab,Gasoline,2126-11-19 15:11:55,2126-11-19 15:11:55,-22.811664913197147,-43.219172818719934,-22.811642515385913,-43.21895156976192,9587.7198762198,6373.8411583421735,3213.8798178777274,2932254.1523166885,812.3361111164566,215.88683145141136
1,HBEFA4/PC_petrol_Euro-6ab,Gasoline,2126-11-19 15:11:55,2126-11-19 15:11:55,-22.811642515385913,-43.21895156976192,-22.811617725625333,-43.21881538134138,9587.732671111515,6373.852853122788,3213.8798178777274,2932261.8833333817,812.3379137551972,215.8872139998217
1,HBEFA4/PC_petrol_Euro-6ab,Gasoline,2126-11-19 15:11:55,2126-11-19 15:11:55,-22.811617725625333,-43.21881538134138,-22.811591949713926,-43.21867475698986,9587.746821158342,6373.867112281615,3213.8798178777274,2932266.91298748,812.3394545589488,215.88761541122538
1,HBEFA4/PC_petrol_Euro-6ab,Gasoline,2126-11-19 15:11:55,2126-11-19 15:11:55,-22.811591949713926,-43.21867475698986,-22.811566123231145,-43.21853414174143,9587.761538147213,6373.881721169477,3213.8798178777274,2932271.6965811587,812.3414421869214,215.88814114759694
1,HBEFA4/PC_petrol_Euro-6ab,Gasoline,2126-11-19 15:11:55,2126-11-19 15:11:55,-22.811566123231145,-43.21853414174143,-22.81153922569497,-43.21839889757816,9587.776258585121,6373.8964417172945,3213.8798178777274,2932272.7174222423,812.3411132399212,215.88846236115696
1,HBEFA4/PC_petrol_Euro-6ab,Gasoline,2126-11-19 15:11:55,2126-11-19 15:11:59,-22.81153922569497,-43.21839889757816,-22.81491163126682,-43.215189246513124,9597.821192223951,6381.574391734486,3216.245811489466,2935431.1434748973,813.2255656855797,216.12245124112898
1,HBEFA4/PC_petrol_Euro-6ab,Gasoline,2126-11-19 15:11:59,2126-11-19 15:11:59,-22.81491163126682,-43.215189246513124,-22.814862755551914,-43.21522547377796,9597.824112478966,6381.578211989512,3216.245811489466,2935432.7115923796,813.2261996788382,216.12256417288293
1,HBEFA4/PC_petrol_Euro-6ab,Gasoline,2126-11-19 15:11:59,2126-11-19 15:12:11,-22.814862755551914,-43.21522547377796,-22.814919946184983,-43.21518133589171,9614.674214223189,6383.454918888579,3221.219295334612,2937719.141471379,813.8183793276118,216.28151687995697
1,HBEFA4/PC_petrol_Euro-6ab,Gasoline,2126-11-19 15:12:11,2126-11-19 15:12:11,-22.814919946184983,-43.21518133589171,-22.812642411751718,-43.21171569151719,9616.151747988813,6383.814417843461,3222.3463411453523,2938174.663321984,813.9227436236428,216.31453773168124
1,HBEFA4/PC_petrol_Euro-6ab,Gasoline,2126-11-19 15:12:11,2126-11-19 15:12:16,-22.812642411751718,-43.21171569151719,-22.79831145867552,-43.214584453528184,9654.32611616279,6412.2114111417585,3242.1146161211326,2952516.568929911,817.8128951395482,217.4319715469819
1,HBEFA4/PC_petrol_Euro-6ab,Gasoline,2126-11-19 15:12:16,2126-11-19 15:12:16,-22.79831145867552,-43.214584453528184,-22.798219253111795,-43.21461223932715,9654.333515922954,6412.218899911923,3242.1146161211326,2952518.5131953873,817.8135119193527,217.43218541523414
1,HBEFA4/PC_petrol_Euro-6ab,Gasoline,2126-11-19 15:12:16,2126-11-19 15:12:16,-22.798219253111795,-43.21461223932715,-22.798124178687977,-43.21461591874541,9654.342791288711,6412.22818526768,3242.1146161211326,2952513.957661198,817.815138275942,217.43245767388124
1,HBEFA4/PC_petrol_Euro-6ab,Gasoline,2126-11-19 15:12:16,2126-11-19 15:12:16,-22.798124178687977,-43.21461591874541,-22.797912139336326,-43.21464313656584,9654.365283231742,6412.25167721971,3242.1146161211326,2952523.7818151246,817.8178986173494,217.43311989361452
1,HBEFA4/PC_petrol_Euro-6ab,Gasoline,2126-11-19 15:12:16,2126-11-19 15:12:16,-22.797912139336326,-43.21464313656584,-22.797772513684524,-43.214648365287135,9654.378164168576,6412.263558147544,3242.1146161211326,2952528.488939419,817.819161769765,217.43348237442822
1,HBEFA4/PC_petrol_Euro-6ab,Gasoline,2126-11-19 15:12:16,2126-11-19 15:12:16,-22.797772513684524,-43.214648365287135,-22.79764111336139,-43.21464255165218,9654.39257344135,6412.277967419317,3242.1146161211326,2952535.141575825,817.821839679671,217.43391232188152
1,HBEFA4/PC_petrol_Euro-6ab,Gasoline,2126-11-19 15:12:16,2126-11-19 15:12:16,-22.79764111336139,-43.21464255165218,-22.797512494566135,-43.21463695712919,9654.417259349573,6412.292653328542,3242.1146161211326,2952538.111159169,817.8216117137728,217.43432475987825
1,HBEFA4/PC_petrol_Euro-6ab,Gasoline,2126-11-19 15:12:16,2126-11-19 15:12:16,-22.797512494566135,-43.21463695712919,-22.797384615371275,-43.21463134615592,9654.421392113544,6412.316785992512,3242.1146161211326,2952538.111159169,817.8216117137728,217.43432475987825
1,HBEFA4/PC_petrol_Euro-6ab,Gasoline,2126-11-19 15:12:16,2126-11-19 15:12:17,-22.797384615371275,-43.21463134615592,-22.797271747457716,-43.21393651821166,9656.133526233192,6413.515817569781,3242.6177186633117,2953191.664357262,817.977154181762,217.4733955681545
1,HBEFA4/PC_petrol_Euro-6ab,Gasoline,2126-11-19 15:12:17,2126-11-19 15:12:24,-22.797271747457716,-43.21393651821166,-22.79815712899743,-43.21197211824976,9675.289222881514,6432.119567162212,3243.2696557183126,2957997.83751317,819.4141937548246,217.8854985715871
1,HBEFA4/PC_petrol_Euro-6ab,Gasoline,2126-11-19 15:12:24,2126-11-19 15:12:24,-22.79815712899743,-43.21197211824976,-22.79793128685639,-43.21211738871783,9675.312232711935,6432.132576982623,3243.2696557183126,2958112.1461114813,819.4152513519445,217.88587412157237
1,HBEFA4/PC_petrol_Euro-6ab,Gasoline,2126-11-19 15:12:24,2126-11-19 15:12:27,-22.79793128685639,-43.21211738871783,-22.812635761141735,-43.211721119145474,9686.73119963361,6438.47977231954,3248.2514273241716,2961415.8898716776,821.3297752224811,218.1413811873211
1,HBEFA4/PC_petrol_Euro-6ab,Gasoline,2126-11-19 15:12:27,2126-11-19 15:12:27,-22.812635761141735,-43.211721119145474,-22.812612819112868,-43.211773894861795,9686.734739186725,6438.484311762655,3248.2514273241716,2961417.458684719,821.331266516172,218.14151413445214
1,HBEFA4/PC_petrol_Euro-6ab,Gasoline,2126-11-19 15:12:27,2126-11-19 15:12:31,-22.812612819112868,-43.211773894861795,-22.798168655412517,-43.21196786257138,9692.584562131753,6443.278116317386,3249.316545823368,2963342.316119437,821.914419859484,218.27312121421212
1,HBEFA4/PC_petrol_Euro-6ab,Gasoline,2126-11-19 15:12:31,2126-11-19 15:12:41,-22.798168655412517,-43.21196786257138,-22.811711432574122,-43.219266491531185,9715.193454492544,6461.119294387194,3254.984161115451,2969927.7684852355,822.7514768831119,218.7716726285273
1,HBEFA4/PC_petrol_Euro-6ab,Gasoline,2126-11-19 15:12:41,2126-11-19 15:12:41,-22.811711432574122,-43.219266491531185,-22.811683164346863,-43.219171846233495,9715.11176576994,6461.11761566449,3254.984161115451,2969931.6791194158,822.7523817263443,218.7719122866773
1,HBEFA4/PC_petrol_Euro-6ab,Gasoline,2126-11-19 15:12:41,2126-11-19 15:12:41,-22.811683164346863,-43.219171846233495,-22.81166339716117,-43.219164548255164,9715.111671836163,6461.127511731613,3254.984161115451,2969935.915862222,822.7539185281412,218.77121132629165
1,HBEFA4/PC_petrol_Euro-6ab,Gasoline,2126-11-19 15:12:41,2126-11-19 15:12:41,-22.81166339716117,-43.219164548255164,-22.811641621373915,-43.21894128579315,9715.1229118193,6461.138741713849,3254.984161115451,2969941.927855498,822.7553254597264,218.77152711915412
1,HBEFA4/PC_petrol_Euro-6ab,Gasoline,2126-11-19 15:12:41,2126-11-19 15:12:45,-22.811641621373915,-43.21894128579315,-22.81169926514121,-43.21926116956297,9724.348711268962,6468.11642332571,3256.3322779432524,2972778.6389176394,823.5793811297374,218.9718737976435
1,HBEFA4/PC_petrol_Euro-6ab,Gasoline,2126-11-19 15:12:45,2126-11-19 15:13:19,-22.81169926514121,-43.21926116956297,-22.811711221615315,-43.219271762672666,9782.113936415365,6514.611491399176,3277.4134461161897,2989791.951254926,828.2415151173119,221.26171121462336
1,HBEFA4/PC_petrol_Euro-6ab,Gasoline,2126-11-19 15:13:19,2126-11-19 15:13:19,-22.811711221615315,-43.219271762672666,-22.811683694553836,-43.21917528445144,9782.112278511995,6514.618832495816,3277.4134461161897,2989795.176312944,828.2414758246827,221.26195221516114
1,HBEFA4/PC_petrol_Euro-6ab,Gasoline,2126-11-19 15:13:19,2126-11-19 15:13:19,-22.811683694553836,-43.21917528445144,-22.811664126249283,-43.219167981355435,9782.12227198656,6514.61882597137,3277.4134461161897,2989811.467364753,828.2431531853227,221.2612441149662
1,HBEFA4/PC_petrol_Euro-6ab,Gasoline,2126-11-19 15:13:19,2126-11-19 15:13:19,-22.811664126249283,-43.219167981355435,-22.81164111823876,-43.218942456414614,9782.133512619951,6514.631156593763,3277.4134461161897,2989815.2672268315,828.2444124251257,221.26156941111794
1,HBEFA4/PC_petrol_Euro-6ab,Gasoline,2126-11-19 15:13:19,2126-11-19 15:13:19,-22.81164111823876,-43.218942456414614,-22.811616852314568,-43.21881161583198,9782.146641158134,6514.643194141945,3277.4134461161897,2989812.511815613,828.2462883782217,221.2619534521448
1,HBEFA4/PC_petrol_Euro-6ab,Gasoline,2126-11-19 15:13:19,2126-11-19 15:13:19,-22.811616852314568,-43.21881161583198,-22.81159145533545,-43.21867215986113,9782.161438821248,6514.65699281416,3277.4134461161897,2989816.3791516574,828.247318478388,221.26235128656933
1,HBEFA4/PC_petrol_Euro-6ab,Gasoline,2126-11-19 15:13:19,2126-11-19 15:13:19,-22.81159145533545,-43.21867215986113,-22.811566143436625,-43.21853424271521,9782.17494133356,6514.671494317371,3277.4134461161897,2989821.53197432,828.2483984549773,221.26277118611487
1,HBEFA4/PC_petrol_Euro-6ab,Gasoline,2126-11-19 15:13:19,2126-11-19 15:13:19,-22.811566143436625,-43.21853424271521,-22.811538788194535,-43.21839668917919,9782.189367878298,6514.685921862118,3277.4134461161897,2989822.2947439346,828.2489198133159,221.26318331189153
1,HBEFA4/PC_petrol_Euro-6ab,Gasoline,2126-11-19 15:13:19,2126-11-19 15:13:19,-22.811538788194535,-43.21839668917919,-22.811511283699787,-43.21825787916577,9782.113811157832,6514.711364141643,3277.4134461161897,2989824.3294624975,828.2494859571751,221.26359727882155
1,HBEFA4/PC_petrol_Euro-6ab,Gasoline,2126-11-19 15:13:19,2126-11-19 15:13:21,-22.811511283699787,-43.21825787916577,-22.811715126876972,-43.219291365996,9818.597264812718,6523.31494397622,3285.292321836489,2997731.422264315,831.4428457111262,221.85116582619192
1,HBEFA4/PC_petrol_Euro-6ab,Gasoline,2126-11-19 15:13:21,2126-11-19 15:13:21,-22.811715126876972,-43.219291365996,-22.811688815173578,-43.21921322146876,9818.614971514318,6523.31265167783,3285.292321836489,2997733.1425882643,831.443375818381,221.85128587117782
1,HBEFA4/PC_petrol_Euro-6ab,Gasoline,2126-11-19 15:13:21,2126-11-19 15:13:21,-22.811688815173578,-43.21921322146876,-22.811671651161143,-43.2191141232126,9818.614198157595,6523.321877321117,3285.292321836489,2997738.118888376,831.4448433267123,221.85155526797213
1,HBEFA4/PC_petrol_Euro-6ab,Gasoline,2126-11-19 15:13:21,2126-11-19 15:13:21,-22.811671651161143,-43.2191141232126,-22.81164986333234,-43.218991712186165,9818.624569839625,6523.332249113137,3285.292321836489,2997742.3639434173,831.4461157351444,221.8518555591627
1,HBEFA4/PC_petrol_Euro-6ab,Gasoline,2126-11-19 15:13:21,2126-11-19 15:13:21,-22.81164986333234,-43.218991712186165,-22.811626658314416,-43.21886411373375,9818.636439626129,6523.3441187896415,3285.292321836489,2997748.1134817194,831.4476528426177,221.8522116672913
1,HBEFA4/PC_petrol_Euro-6ab,Gasoline,2126-11-19 15:13:21,2126-11-19 15:13:21,-22.811626658314416,-43.21886411373375,-22.811611161421174,-43.21872511239993,9818.649689636668,6523.35736881118,3285.292321836489,2997753.8113346657,831.4491742164743,221.8525856145228
1,HBEFA4/PC_petrol_Euro-6ab,Gasoline,2126-11-19 15:13:21,2126-11-19 15:13:24,-22.811611161421174,-43.21872511239993,-22.798175295715463,-43.21316179347541,9813.86421163118,6527.419985517766,3286.4542251234157,2999415.7391418963,831.9262186479397,221.967915751294
1,HBEFA4/PC_petrol_Euro-6ab,Gasoline,2126-11-19 15:13:24,2126-11-19 15:13:33,-22.798175295715463,-43.21316179347541,-22.814915329646715,-43.21518475153166,9835.779932127385,6538.2986298636815,3297.481312263714,3116675.5756273647,832.9171174914288,221.46861688541685
1,HBEFA4/PC_petrol_Euro-6ab,Gasoline,2126-11-19 15:13:33,2126-11-19 15:13:33,-22.814915329646715,-43.21518475153166,-22.814875989222424,-43.215212815736395,9835.78312687862,6538.311824614916,3297.481312263714,3116675.5756273647,832.9171174914288,221.46861688541685
1,HBEFA4/PC_petrol_Euro-6ab,Gasoline,2126-11-19 15:13:33,2126-11-19 15:13:33,-22.814875989222424,-43.215212815736395,-22.814834116121613,-43.215252867551634,9835.78746983545,6538.316167571745,3297.481312263714,3116678.663266442,832.918138754427,221.46874952466834
1,HBEFA4/PC_petrol_Euro-6ab,Gasoline,2126-11-19 15:13:33,2126-11-19 15:13:42,-22.814834116121613,-43.215252867551634,-22.8117114918727,-43.21926681159861,9853.178815366879,6549.9211641338675,3313.2587512331124,3111557.6243961215,834.2355135545625,221.86181339688139
1,HBEFA4/PC_petrol_Euro-6ab,Gasoline,2126-11-19 15:13:42,2126-11-19 15:13:42,-22.8117114918727,-43.21926681159861,-22.81168411996923,-43.21917761538891,9853.187112156757,6549.9282519237455,3313.2587512331124,3111559.328195694,834.2361257174488,221.8611367712187
1,HBEFA4/PC_petrol_Euro-6ab,Gasoline,2126-11-19 15:13:42,2126-11-19 15:13:51,-22.81168411996923,-43.21917761538891,-22.81491652879681,-43.21518361453955,9873.453121215278,6565.247735938814,3318.215384276475,3117591.3799786415,835.9128891128316,222.31581133441588
1,HBEFA4/PC_petrol_Euro-6ab,Gasoline,2126-11-19 15:13:51,2126-11-19 15:13:51,-22.81491652879681,-43.21518361453955,-22.81487127572179,-43.21521732421254,9873.456719381887,6565.251325114414,3318.215384276475,3117592.4437854216,835.9136178264796,222.31592153177392
1,HBEFA4/PC_petrol_Euro-6ab,Gasoline,2126-11-19 15:13:51,2126-11-19 15:13:51,-22.81487127572179,-43.21521732421254,-22.81482544477739,-43.21526116161145,9873.461927525641,6565.256543249167,3318.215384276475,3117596.417939132,835.9151348881262,222.31617918417935
1,HBEFA4/PC_petrol_Euro-6ab,Gasoline,2126-11-19 15:13:51,2126-11-19 15:13:51,-22.81482544477739,-43.21526116161145,-22.81476629595515,-43.21531773752613,9873.468711411139,6565.263327123665,3318.215384276475,3117611.675971792,835.9164619611615,222.31628132941236
1,HBEFA4/PC_petrol_Euro-6ab,Gasoline,2126-11-19 15:13:51,2126-11-19 15:14:19,-22.81476629595515,-43.21531773752613,-22.81171131316988,-43.21926584348629,9934.692369587574,6619.771339389111,3324.922131198474,3136751.9916825383,841.2668385166315,223.67195351638858
1,HBEFA4/PC_petrol_Euro-6ab,Gasoline,2126-11-19 15:14:19,2126-11-19 15:14:19,-22.81171131316988,-43.21926584348629,-22.81168368715818,-43.21917524355742,9934.711693511112,6619.778663311528,3324.922131198474,3136754.511614525,841.2679314264593,223.67119491538875
1,HBEFA4/PC_petrol_Euro-6ab,Gasoline,2126-11-19 15:14:19,2126-11-19 15:14:19,-22.81168368715818,-43.21917524355742,-22.811664665363747,-43.21917146715672,9934.71117626642,6619.788146167947,3324.922131198474,3136758.6689819947,841.269177794612,223.67146992985695
1,HBEFA4/PC_petrol_Euro-6ab,Gasoline,2126-11-19 15:14:19,2126-11-19 15:14:19,-22.811664665363747,-43.21917146715672,-22.811643275243367,-43.218954769835636,9934.721137675354,6619.799117476881,3324.922131198474,3136763.7141415717,841.2716182799638,223.67178534169274
1,HBEFA4/PC_petrol_Euro-6ab,Gasoline,2126-11-19 15:14:19,2126-11-19 15:14:19,-22.811643275243367,-43.218954769835636,-22.811619812181555,-43.21882676381246,9934.733251413296,6619.811221214822,3324.922131198474,3136769.1872985716,841.2721696169375,223.67213979118648
1,HBEFA4/PC_petrol_Euro-6ab,Gasoline,2126-11-19 15:14:19,2126-11-19 15:14:19,-22.811619812181555,-43.21882676381246,-22.81159543511669,-43.21869377141452,9934.746648744142,6619.824618545668,3324.922131198474,3136774.373293365,841.2734581574529,223.6725281674988
1,HBEFA4/PC_petrol_Euro-6ab,Gasoline,2126-11-19 15:14:19,2126-11-19 15:14:19,-22.81159543511669,-43.21869377141452,-22.811571828124847,-43.2185595263488,9934.761567964282,6619.838537765819,3324.922131198474,3136777.8641817474,841.2743915846786,223.67292893275322
1,HBEFA4/PC_petrol_Euro-6ab,Gasoline,2126-11-19 15:14:19,2126-11-19 15:14:19,-22.811571828124847,-43.2185595263488,-22.811544614583166,-43.2184261439734,9934.774618294616,6619.8525881961415,3324.922131198474,3136781.214195712,841.2751465516511,223.67333179129978
1,HBEFA4/PC_petrol_Euro-6ab,Gasoline,2126-11-19 15:14:19,2126-11-19 15:14:19,-22.811544614583166,-43.2184261439734,-22.811518235892262,-43.218292965614234,9934.788627996426,6619.866597797953,3324.922131198474,3136782.149424497,841.2755772751914,223.67373265415512
1,HBEFA4/PC_petrol_Euro-6ab,Gasoline,2126-11-19 15:14:19,2126-11-19 15:14:19,-22.811518235892262,-43.218292965614234,-22.811491948669313,-43.21815525221375,9934.812611317812,6619.88157111934,3324.922131198474,3136783.891797215,841.2761198911537,223.67413242446273
1,HBEFA4/PC_petrol_Euro-6ab,Gasoline,2126-11-19 15:14:19,2126-11-19 15:14:34,-22.811491948669313,-43.21815525221375,-22.814911865619,-43.21517945635422,9963.214824167153,6632.254531738853,3331.9612934283117,3145337.1853136736,843.6969341837915,224.31269138777752
1,HBEFA4/PC_petrol_Euro-6ab,Gasoline,2126-11-19 15:14:34,2126-11-19 15:14:34,-22.814911865619,-43.21517945635422,-22.814879818587554,-43.21521916251294,9963.218157446137,6632.257864117837,3331.9612934283117,3145338.697828184,843.6974165112432,224.31279181973747
1,HBEFA4/PC_petrol_Euro-6ab,Gasoline,2126-11-19 15:14:34,2126-11-19 15:14:34,-22.814879818587554,-43.21521916251294,-22.8148412453482,-43.21524614833567,9963.222754494554,6632.262461166255,3331.9612934283117,3145341.9934924645,843.698618868499,224.3129318431166
1,HBEFA4/PC_petrol_Euro-6ab,Gasoline,2126-11-19 15:14:34,2126-11-19 15:14:34,-22.8148412453482,-43.21524614833567,-22.814792175699816,-43.21529298353113,9963.228462617292,6632.268169178992,3331.9612934283117,3145345.273962131,843.6997413641766,224.3131114341818
1,HBEFA4/PC_petrol_Euro-6ab,Gasoline,2126-11-19 15:14:34,2126-11-19 15:14:34,-22.814792175699816,-43.21529298353113,-22.814731198947592,-43.21535226431864,9963.235725871653,6632.275432443353,3331.9612934283117,3145349.6521496,843.7111734599661,224.3133149211712
1,HBEFA4/PC_petrol_Euro-6ab,Gasoline,2126-11-19 15:14:34,2126-11-19 15:14:35,-22.814731198947592,-43.21535226431864,-22.798163166252433,-43.21196984161692,9966.82928179118,6634.317796517736,3332.5114852733454,3146414.861891367,843.9872688524882,224.38245429319998
1,HBEFA4/PC_petrol_Euro-6ab,Gasoline,2126-11-19 15:14:35,2126-11-19 15:14:41,-22.798163166252433,-43.21196984161692,-22.812641247751554,-43.21171837115314,9981.13925352122,6646.164292372775,3334.1749611484475,3149668.363111233,844.9191437673732,224.67154392621154
1,HBEFA4/PC_petrol_Euro-6ab,Gasoline,2126-11-19 15:14:41,2126-11-19 15:14:41,-22.812641247751554,-43.21171837115314,-22.81261781243824,-43.211762385811395,9981.143614871547,6646.1686437221,3334.1749611484475,3149668.363111233,844.9191437673732,224.67154392621154
1,HBEFA4/PC_petrol_Euro-6ab,Gasoline,2126-11-19 15:14:41,2126-11-19 15:14:55,-22.81261781243824,-43.211762385811395,-22.81171137543889,-43.219271595591346,11118.433463215134,6665.139878317746,3343.29358488739,3158292.639893397,847.3249652979127,225.29957566369256
1,HBEFA4/PC_petrol_Euro-6ab,Gasoline,2126-11-19 15:14:55,2126-11-19 15:14:55,-22.81171137543889,-43.219271595591346,-22.811684113586154,-43.21917751611731,11118.442111311963,6665.148516424574,3343.29358488739,3158297.222713273,847.3263798155243,225.29982818897855
1,HBEFA4/PC_petrol_Euro-6ab,Gasoline,2126-11-19 15:14:55,2126-11-19 15:14:55,-22.811684113586154,-43.21917751611731,-22.811664279191143,-43.2191693597726,11118.451948427959,6665.15836354157,3343.29358488739,3158311.589916959,847.3276683528315,225.31111379192692
1,HBEFA4/PC_petrol_Euro-6ab,Gasoline,2126-11-19 15:14:55,2126-11-19 15:14:55,-22.811664279191143,-43.2191693597726,-22.81164269162577,-43.218951585821756,11118.463268237529,6665.16968335114,3343.29358488739,3158316.9947849386,847.3291773963512,225.31144284867873
1,HBEFA4/PC_petrol_Euro-6ab,Gasoline,2126-11-19 15:14:55,2126-11-19 15:14:56,-22.81164269162577,-43.218951585821756,-22.814912157851817,-43.21518788111436,11111.926736469715,6666.5536883152945,3345.373148154422,3159412.7917145525,847.616811167665,225.37941635148274
1,HBEFA4/PC_petrol_Euro-6ab,Gasoline,2126-11-19 15:14:56,2126-11-19 15:15:12,-22.814912157851817,-43.21518788111436,-22.811711167451526,-43.21927146945627,11143.543391874996,6685.928184556924,3357.615216318174,3169314.1324137965,851.337361134999,226.19754862845463
1,HBEFA4/PC_petrol_Euro-6ab,Gasoline,2126-11-19 15:15:12,2126-11-19 15:15:12,-22.811711167451526,-43.21927146945627,-22.81168365798722,-43.21917518495517,11143.55215921898,6685.936852891917,3357.615216318174,3169319.3279737844,851.338962884797,226.19781337121634
1,HBEFA4/PC_petrol_Euro-6ab,Gasoline,2126-11-19 15:15:12,2126-11-19 15:15:12,-22.81168365798722,-43.21917518495517,-22.811663443185483,-43.21916479881319,11143.562142865822,6685.946836547749,3357.615216318174,3169323.9668112134,851.341323721146,226.19819335124795
1,HBEFA4/PC_petrol_Euro-6ab,Gasoline,2126-11-19 15:15:12,2126-11-19 15:15:12,-22.811663443185483,-43.21916479881319,-22.81163997843449,-43.21893678359655,11143.573585596156,6685.958379278182,3357.615216318174,3169329.6611694745,851.3418989681647,226.19842925135625
1,HBEFA4/PC_petrol_Euro-6ab,Gasoline,2126-11-19 15:15:12,2126-11-19 15:15:12,-22.81163997843449,-43.21893678359655,-22.811615131519137,-43.21881122781928,11143.586983883553,6685.971777565481,3357.615216318174,3169336.8627464697,851.3437622531987,226.1988217369185
1,HBEFA4/PC_petrol_Euro-6ab,Gasoline,2126-11-19 15:15:12,2126-11-19 15:15:19,-22.811615131519137,-43.21881122781928,-22.8117121821485,-43.21927596345151,11157.181398471966,6695.4512221392935,3361.631176432674,3173178.177745432,851.4177814648189,226.39437161558968
1,HBEFA4/PC_petrol_Euro-6ab,Gasoline,2126-11-19 15:15:19,2126-11-19 15:15:19,-22.8117121821485,-43.21927596345151,-22.81168545355263,-43.21918488111715,11157.18963413315,6695.459457611376,3361.631176432674,3173182.9592197686,851.419281828124,226.39461255283572
1,HBEFA4/PC_petrol_Euro-6ab,Gasoline,2126-11-19 15:15:19,2126-11-19 15:15:19,-22.81168545355263,-43.21918488111715,-22.811666173824585,-43.21917969683175,11157.199167593999,6695.468991161326,3361.631176432674,3173187.439328185,851.4116181798341,226.3948896431565
1,HBEFA4/PC_petrol_Euro-6ab,Gasoline,2126-11-19 15:15:19,2126-11-19 15:15:32,-22.811666173824585,-43.21917969683175,-22.81263899714895,-43.21171355857282,11182.998293874998,6716.483837853353,3366.514456121645,3181475.1115791478,853.5174159671356,226.96749516597592
1,HBEFA4/PC_petrol_Euro-6ab,Gasoline,2126-11-19 15:15:32,2126-11-19 15:15:32,-22.81263899714895,-43.21171355857282,-22.812615849841688,-43.21176691928151,11183.112573113156,6716.4881171815115,3366.514456121645,3181475.1115791478,853.5174159671356,226.96749516597592
1,HBEFA4/PC_petrol_Euro-6ab,Gasoline,2126-11-19 15:15:32,2126-11-19 15:15:32,-22.812615849841688,-43.21176691928151,-22.812614195713226,-43.21184115898188,11183.118622746245,6716.494166724612,3366.514456121645,3181479.418192319,853.5189456161374,226.96767711313573
1,HBEFA4/PC_petrol_Euro-6ab,Gasoline,2126-11-19 15:15:32,2126-11-19 15:15:32,-22.812614195713226,-43.21184115898188,-22.81265441913749,-43.21191962778894,11183.116517927912,6716.512161916267,3366.514456121645,3181484.5187142866,853.5215731212935,226.96791151781636
1,HBEFA4/PC_petrol_Euro-6ab,Gasoline,2126-11-19 15:15:32,2126-11-19 15:15:48,-22.81265441913749,-43.21191962778894,-22.811711795156573,-43.21926845371281,11116.21281117133,6739.929161222521,3376.2736419488117,3191598.422461465,856.3785796842145,227.71916242345693
1,HBEFA4/PC_petrol_Euro-6ab,Gasoline,2126-11-19 15:15:48,2126-11-19 15:15:48,-22.811711795156573,-43.21926845371281,-22.811684194829524,-43.219177468234294,11116.21153124156,6739.9368892927515,3376.2736419488117,3191598.422461465,856.3785796842145,227.71916242345693
1,HBEFA4/PC_petrol_Euro-6ab,Gasoline,2126-11-19 15:15:48,2126-11-19 15:15:48,-22.811684194829524,-43.219177468234294,-22.81166392931691,-43.219167451469316,11116.221153427782,6739.946412478972,3376.2736419488117,3191613.966915463,856.3812311716493,227.71934147715227
1,HBEFA4/PC_petrol_Euro-6ab,Gasoline,2126-11-19 15:15:48,2126-11-19 15:15:48,-22.81166392931691,-43.219167451469316,-22.811641456471176,-43.218939391596665,11116.231567963547,6739.957927114736,3376.2736419488117,3191611.7314448835,856.3821944579467,227.7196785356783
1,HBEFA4/PC_petrol_Euro-6ab,Gasoline,2126-11-19 15:15:48,2126-11-19 15:15:48,-22.811641456471176,-43.218939391596665,-22.811616157511915,-43.218816279686684,11116.244971925653,6739.971329976844,3376.2736419488117,3191618.1289133964,856.3839812181715,227.72117131186136
1,HBEFA4/PC_petrol_Euro-6ab,Gasoline,2126-11-19 15:15:48,2126-11-19 15:15:48,-22.811616157511915,-43.218816279686684,-22.81159127438725,-43.21867117267977,11116.258912648187,6739.9852616993785,3376.2736419488117,3191621.542355935,856.3849198699787,227.7214714781283
1,HBEFA4/PC_petrol_Euro-6ab,Gasoline,2126-11-19 15:15:48,2126-11-19 15:15:54,-22.81159127438725,-43.21867117267977,-22.81491488155617,-43.215185181131876,11128.511121179256,6751.147479714111,3378.352541475245,3194687.813912142,857.5513111473131,227.9913157475411
1,HBEFA4/PC_petrol_Euro-6ab,Gasoline,2126-11-19 15:15:54,2126-11-19 15:15:54,-22.81491488155617,-43.215185181131876,-22.814875263676255,-43.2152135197233,11128.513233214332,6751.151691729187,3378.352541475245,3194687.813912142,857.5513111473131,227.9913157475411
1,HBEFA4/PC_petrol_Euro-6ab,Gasoline,2126-11-19 15:15:54,2126-11-19 15:16:17,-22.814875263676255,-43.2152135197233,-22.798113854131547,-43.211955172188995,11152.655158712959,6769.618874688929,3383.1462841141313,3112353.8193426623,859.7651549721626,228.52349413792198
1,HBEFA4/PC_petrol_Euro-6ab,Gasoline,2126-11-19 15:16:17,2126-11-19 15:16:17,-22.798113854131547,-43.211955172188995,-22.797995331761774,-43.21199429867542,11152.666556553117,6769.621272539187,3383.1462841141313,3112359.2127821716,859.7665597639432,228.52382531161373
1,HBEFA4/PC_petrol_Euro-6ab,Gasoline,2126-11-19 15:16:17,2126-11-19 15:16:17,-22.797995331761774,-43.21199429867542,-22.797877897215744,-43.21213663751385,11152.679228951341,6769.632944936311,3383.1462841141313,3112364.5319741283,859.7679848277154,228.52419279511595
1,HBEFA4/PC_petrol_Euro-6ab,Gasoline,2126-11-19 15:16:17,2126-11-19 15:16:17,-22.797877897215744,-43.21213663751385,-22.79775287392587,-43.21218171261522,11152.692941797926,6769.646657783897,3383.1462841141313,3112369.4959156457,859.7692831797144,228.52458983181352
1,HBEFA4/PC_petrol_Euro-6ab,Gasoline,2126-11-19 15:16:17,2126-11-19 15:16:21,-22.79775287392587,-43.21218171261522,-22.79818141395174,-43.213147477193845,11186.5247448244,6788.152258413486,3398.472486411915,3111755.6915611565,862.26286657227,229.3187117291268
1,HBEFA4/PC_petrol_Euro-6ab,Gasoline,2126-11-19 15:16:21,2126-11-19 15:16:21,-22.79818141395174,-43.213147477193845,-22.798117611253168,-43.21325738399871,11186.538696661711,6788.166211249796,3398.472486411915,3111755.6915611565,862.26286657227,229.3187117291268
1,HBEFA4/PC_petrol_Euro-6ab,Gasoline,2126-11-19 15:16:21,2126-11-19 15:16:21,-22.798117611253168,-43.21325738399871,-22.797887867993225,-43.213314916266414,11186.552781184317,6788.181293673393,3398.472486411915,3111758.1463122155,862.2635223979191,229.31911457158113
1,HBEFA4/PC_petrol_Euro-6ab,Gasoline,2126-11-19 15:16:21,2126-11-19 15:16:21,-22.797887867993225,-43.213314916266414,-22.797764895114114,-43.21326558835891,11186.567323131514,6788.194836621589,3398.472486411915,3111761.4591965694,862.2644254976475,229.31952358613766
1,HBEFA4/PC_petrol_Euro-6ab,Gasoline,2126-11-19 15:16:21,2126-11-19 15:16:52,-22.797764895114114,-43.21326558835891,-22.811711841125176,-43.219268696639455,11249.711511146223,6829.21916918293,3421.491331863294,3131532.4531322347,867.7571891549159,231.72952121279445
1,HBEFA4/PC_petrol_Euro-6ab,Gasoline,2126-11-19 15:16:52,2126-11-19 15:16:52,-22.811711841125176,-43.219268696639455,-22.811684499587447,-43.21917967647118,11249.718524817977,6829.2171939446835,3421.491331863294,3131532.4531322347,867.7571891549159,231.72952121279445
1,HBEFA4/PC_petrol_Euro-6ab,Gasoline,2126-11-19 15:16:52,2126-11-19 15:16:52,-22.811684499587447,-43.21917967647118,-22.811664774516164,-43.219172162611884,11249.71784231,6829.226511446717,3421.491331863294,3131536.8654177933,867.7585158115435,231.72979113978457
1,HBEFA4/PC_petrol_Euro-6ab,Gasoline,2126-11-19 15:16:52,2126-11-19 15:16:52,-22.811664774516164,-43.219172162611884,-22.81164316111412,-43.218953611175244,11249.729115354616,6829.237774491323,3421.491331863294,3131543.411831721,867.7613369942145,231.73112171587962
1,HBEFA4/PC_petrol_Euro-6ab,Gasoline,2126-11-19 15:16:52,2126-11-19 15:16:52,-22.81164316111412,-43.218953611175244,-22.811618114181115,-43.2188174455993,11249.74151373729,6829.251172873996,3421.491331863294,3131548.2759261522,867.7616564639483,231.73147956116713
1,HBEFA4/PC_petrol_Euro-6ab,Gasoline,2126-11-19 15:16:52,2126-11-19 15:16:52,-22.811618114181115,-43.2188174455993,-22.81159294573312,-43.21868119186941,11249.755754114133,6829.2644231418385,3421.491331863294,3131555.843313123,867.7635624291938,231.7318962615946
1,HBEFA4/PC_petrol_Euro-6ab,Gasoline,2126-11-19 15:16:52,2126-11-19 15:16:52,-22.81159294573312,-43.21868119186941,-22.811568529959183,-43.21854698853756,11249.771119326924,6829.278788463632,3421.491331863294,3131558.1772481734,867.7642116536168,231.7313184134767
1,HBEFA4/PC_petrol_Euro-6ab,Gasoline,2126-11-19 15:16:52,2126-11-19 15:16:52,-22.811568529959183,-43.21854698853756,-22.8115417181253,-43.218411476475376,11249.784161524462,6829.292729661169,3421.491331863294,3131558.1772481734,867.7642116536168,231.7313184134767
1,HBEFA4/PC_petrol_Euro-6ab,Gasoline,2126-11-19 15:16:52,2126-11-19 15:16:52,-22.8115417181253,-43.218411476475376,-22.811515126334513,-43.2182772722377,11249.798287482652,6829.31695661936,3421.491331863294,3131561.1118198552,867.7649814472692,231.73171721553484
1,HBEFA4/PC_petrol_Euro-6ab,Gasoline,2126-11-19 15:16:52,2126-11-19 15:17:17,-22.811515126334513,-43.2182772722377,-22.81169852961923,-43.21925618719561,11312.188117392648,6868.596934264131,3443.491183128518,3151789.1676439914,873.1381781782936,232.13881849554874
1,HBEFA4/PC_petrol_Euro-6ab,Gasoline,2126-11-19 15:17:17,2126-11-19 15:17:17,-22.81169852961923,-43.21925618719561,-22.811682574299945,-43.219169172686536,11312.195924453814,6868.614741325287,3443.491183128518,3151791.8145828797,873.1386837298613,232.1391311522155
1,HBEFA4/PC_petrol_Euro-6ab,Gasoline,2126-11-19 15:17:17,2126-11-19 15:17:17,-22.811682574299945,-43.219169172686536,-22.811663694144758,-43.2191661679554,11312.115131653115,6868.613848524589,3443.491183128518,3151795.188183255,873.1411191765562,232.13929616914973
1,HBEFA4/PC_petrol_Euro-6ab,Gasoline,2126-11-19 15:17:17,2126-11-19 15:17:17,-22.811663694144758,-43.2191661679554,-22.811641877661233,-43.218947145118176,11312.115812298125,6868.624629169519,3443.491183128518,3151811.8971271936,873.1416312299418,232.13961161239815
1,HBEFA4/PC_petrol_Euro-6ab,Gasoline,2126-11-19 15:17:17,2126-11-19 15:17:17,-22.811641877661233,-43.218947145118176,-22.811616768719222,-43.21881115976624,11312.128269429695,6868.637186311178,3443.491183128518,3151817.223433313,873.1433235112114,232.13997363966925
1,HBEFA4/PC_petrol_Euro-6ab,Gasoline,2126-11-19 15:17:17,2126-11-19 15:17:17,-22.811616768719222,-43.21881115976624,-22.811591426414324,-43.21867191212357,11312.142616552152,6868.651423423535,3443.491183128518,3151814.9152812946,873.145254681991,232.1413931543723
1,HBEFA4/PC_petrol_Euro-6ab,Gasoline,2126-11-19 15:17:17,2126-11-19 15:17:17,-22.811591426414324,-43.21867191212357,-22.81156622581177,-43.218535163181955,11312.157176852287,6868.665893723769,3443.491183128518,3151817.3155771114,873.1459177687419,232.14181841473645
1,HBEFA4/PC_petrol_Euro-6ab,Gasoline,2126-11-19 15:17:17,2126-11-19 15:17:17,-22.81156622581177,-43.218535163181955,-22.811539282919672,-43.2183991863819,11312.171391245452,6868.681218116935,3443.491183128518,3151818.8225239366,873.1463683141118,232.14121778629658
1,HBEFA4/PC_petrol_Euro-6ab,Gasoline,2126-11-19 15:17:17,2126-11-19 15:17:17,-22.811539282919672,-43.2183991863819,-22.811511648811,-43.218259721814464,11312.185667857544,6868.694484729127,3443.491183128518,3151821.6851313814,873.1469142431193,232.14162658741122
1,HBEFA4/PC_petrol_Euro-6ab,Gasoline,2126-11-19 15:17:17,2126-11-19 15:17:17,-22.811511648811,-43.218259721814464,-22.811484295343114,-43.21812167424573,11312.211311678296,6868.719127549779,3443.491183128518,3151823.826151199,873.1477411981616,232.14214815246318
1,HBEFA4/PC_petrol_Euro-6ab,Gasoline,2126-11-19 15:17:17,2126-11-19 15:17:17,-22.811484295343114,-43.21812167424573,-22.811457117231555,-43.217984461841995,11312.21481473164,6868.723621612124,3443.491183128518,3151825.363718255,873.1481986329979,232.14246291416687
1,HBEFA4/PC_petrol_Euro-6ab,Gasoline,2126-11-19 15:17:17,2126-11-19 15:17:17,-22.811457117231555,-43.217984461841995,-22.81142993191379,-43.217847319551126,11312.229211112984,6868.738127974466,3443.491183128518,3151827.183263235,873.1486997521962,232.1428753456715
1,HBEFA4/PC_petrol_Euro-6ab,Gasoline,2126-11-19 15:17:17,2126-11-19 15:17:26,-22.81142993191379,-43.217847319551126,-22.81171344521855,-43.21928281223766,11332.192716523514,6882.598536751483,3449.4941797731226,3156797.279668651,874.7312697652523,232.59736193787265
1,HBEFA4/PC_petrol_Euro-6ab,Gasoline,2126-11-19 15:17:26,2126-11-19 15:17:26,-22.81171344521855,-43.21928281223766,-22.811687969679576,-43.21919861825118,11332.199718168314,6882.615528295291,3449.4941797731226,3156811.638482516,874.7323687317124,232.59756543242128
1,HBEFA4/PC_petrol_Euro-6ab,Gasoline,2126-11-19 15:17:26,2126-11-19 15:17:26,-22.811687969679576,-43.21919861825118,-22.811671775975153,-43.2191148146938,11332.118521879163,6882.61434111614,3449.4941797731226,3156815.9964413177,874.734111827194,232.5978245143113
1,HBEFA4/PC_petrol_Euro-6ab,Gasoline,2126-11-19 15:17:26,2126-11-19 15:17:26,-22.811671775975153,-43.2191148146938,-22.81165111316743,-43.21899753186233,11332.118338512915,6882.6241587398945,3449.4941797731226,3156819.9168978415,874.7351687693387,232.5981183377888
1,HBEFA4/PC_petrol_Euro-6ab,Gasoline,2126-11-19 15:17:26,2126-11-19 15:17:31,-22.81165111316743,-43.21899753186233,-22.814915136663413,-43.21518513177117,11341.383117562139,6889.866843379114,3451.516174183125,3159869.917127443,875.6152259617452,232.81459674611212
1,HBEFA4/PC_petrol_Euro-6ab,Gasoline,2126-11-19 15:17:31,2126-11-19 15:17:31,-22.814915136663413,-43.21518513177117,-22.8148694894183,-43.21521913282613,11341.38685124522,6889.871676162196,3451.516174183125,3159872.1776151585,875.6159855185817,232.81471278131987
1,HBEFA4/PC_petrol_Euro-6ab,Gasoline,2126-11-19 15:17:31,2126-11-19 15:17:47,-22.8148694894183,-43.21521913282613,-22.811711962417788,-43.21926935927117,11383.833655372979,6914.59687711952,3469.236778353459,3172444.3911133243,879.1327358997993,233.79151917643167
1,HBEFA4/PC_petrol_Euro-6ab,Gasoline,2126-11-19 15:17:47,2126-11-19 15:17:47,-22.811711962417788,-43.21926935927117,-22.81168375493852,-43.219175613891965,11383.842235435966,6914.615457182518,3469.236778353459,3172446.2287254614,879.1332982141119,233.79175385737937
1,HBEFA4/PC_petrol_Euro-6ab,Gasoline,2126-11-19 15:17:47,2126-11-19 15:17:47,-22.81168375493852,-43.219175613891965,-22.81166341171121,-43.219164567617474,11383.852147516189,6914.61526915263,3469.236778353459,3172451.6376642117,879.1346114612652,233.7911385669753
1,HBEFA4/PC_petrol_Euro-6ab,Gasoline,2126-11-19 15:17:47,2126-11-19 15:17:47,-22.81166341171121,-43.219164567617474,-22.81164114461143,-43.21893714463473,11383.8636697921,6914.626891438641,3469.236778353459,3172456.991435948,879.1363473991917,233.79137791957461
1,HBEFA4/PC_petrol_Euro-6ab,Gasoline,2126-11-19 15:17:47,2126-11-19 15:17:47,-22.81164114461143,-43.21893714463473,-22.811614942263866,-43.21881119536858,11383.877116196343,6914.641227742884,3469.236778353459,3172463.7644147667,879.1381176871739,233.79176692956165
1,HBEFA4/PC_petrol_Euro-6ab,Gasoline,2126-11-19 15:17:47,2126-11-19 15:17:47,-22.811614942263866,-43.21881119536858,-22.81159181195682,-43.218668495291155,11383.891339443393,6914.654561189935,3469.236778353459,3172468.7733413153,879.1393966831375,233.79218217382274
1,HBEFA4/PC_petrol_Euro-6ab,Gasoline,2126-11-19 15:17:47,2126-11-19 15:17:47,-22.81159181195682,-43.218668495291155,-22.811565797231576,-43.21853311114722,11383.915123417172,6914.668345153714,3469.236778353459,3172468.7733413153,879.1393966831375,233.79218217382274
1,HBEFA4/PC_petrol_Euro-6ab,Gasoline,2126-11-19 15:17:47,2126-11-19 15:18:16,-22.811565797231576,-43.21853311114722,-22.811713826411577,-43.21928486612128,11431.596721714297,6945.7692666143995,3484.827455119899,3186688.146812797,882.9651149723617,234.84357859199116
1,HBEFA4/PC_petrol_Euro-6ab,Gasoline,2126-11-19 15:18:16,2126-11-19 15:18:16,-22.811713826411577,-43.21928486612128,-22.811686659414192,-43.21919145978178,11431.61481199669,6945.777356886793,3484.827455119899,3186691.5144227447,882.9657796669559,234.8438111572873
1,HBEFA4/PC_petrol_Euro-6ab,Gasoline,2126-11-19 15:18:16,2126-11-19 15:18:16,-22.811686659414192,-43.21919145978178,-22.811667417191243,-43.21918642513817,11431.614589149497,6945.7871339396,3484.827455119899,3186695.9119512567,882.9673718291352,234.84419684168876
1,HBEFA4/PC_petrol_Euro-6ab,Gasoline,2126-11-19 15:18:16,2126-11-19 15:18:16,-22.811667417191243,-43.21918642513817,-22.811645259917584,-43.218965597531495,11431.625582147577,6945.7981271376795,3484.827455119899,3186711.5854384475,882.9686995523175,234.84441531117236
1,HBEFA4/PC_petrol_Euro-6ab,Gasoline,2126-11-19 15:18:16,2126-11-19 15:18:16,-22.811645259917584,-43.218965597531495,-22.81161962719471,-43.2188257541476,11431.638228167636,6945.8117731577385,3484.827455119899,3186716.921157164,882.9713851422123,234.84478375417699
1,HBEFA4/PC_petrol_Euro-6ab,Gasoline,2126-11-19 15:18:16,2126-11-19 15:18:16,-22.81161962719471,-43.2188257541476,-22.8115953989382,-43.21869357457472,11431.652864427286,6945.825419317387,3484.827455119899,3186715.191118114,882.9724139718993,234.84521259258818
1,HBEFA4/PC_petrol_Euro-6ab,Gasoline,2126-11-19 15:18:16,2126-11-19 15:18:16,-22.8115953989382,-43.21869357457472,-22.811569951483695,-43.21855473831267,11431.666698564233,6945.839243454336,3484.827455119899,3186715.191118114,882.9724139718993,234.84521259258818
1,HBEFA4/PC_petrol_Euro-6ab,Gasoline,2126-11-19 15:18:16,2126-11-19 15:18:11,-22.811569951483695,-43.21855473831267,-22.814914882179515,-43.215185179631216,11441.673891943592,6952.397736312115,3488.2761556414785,3189427.596153141,883.7129192862896,235.165544772113
1,HBEFA4/PC_petrol_Euro-6ab,Gasoline,2126-11-19 15:18:11,2126-11-19 15:18:27,-22.814914882179515,-43.215185179631216,-22.812641686613514,-43.211719664387444,11484.156472514168,6978.9318352841135,3515.125637219955,3212221.2297913146,887.1774767431491,236.15649981412418
1,HBEFA4/PC_petrol_Euro-6ab,Gasoline,2126-11-19 15:18:27,2126-11-19 15:18:27,-22.812641686613514,-43.211719664387444,-22.81261963984241,-43.21175817392138,11484.161851526197,6978.935214316242,3515.125637219955,3212221.2297913146,887.1774767431491,236.15649981412418
1,HBEFA4/PC_petrol_Euro-6ab,Gasoline,2126-11-19 15:18:27,2126-11-19 15:18:27,-22.81261963984241,-43.21175817392138,-22.812614482195544,-43.21182112791632,11484.166352219664,6978.941714989719,3515.125637219955,3212224.4881586577,887.1786117671273,236.15666378158227
1,HBEFA4/PC_petrol_Euro-6ab,Gasoline,2126-11-19 15:18:27,2126-11-19 15:18:27,-22.812614482195544,-43.21182112791632,-22.812633632431325,-43.21189237168131,11484.173156816186,6978.947419586131,3515.125637219955,3212228.117912169,887.1798189578259,236.15686119635556
1,HBEFA4/PC_petrol_Euro-6ab,Gasoline,2126-11-19 15:18:27,2126-11-19 15:18:27,-22.812633632431325,-43.21189237168131,-22.81313632574241,-43.212163418158365,11484.115864645622,6978.991227425668,3515.125637219955,3212249.611534896,887.1859612916472,236.15811895493346
1,HBEFA4/PC_petrol_Euro-6ab,Gasoline,2126-11-19 15:18:27,2126-11-19 15:18:27,-22.81313632574241,-43.212163418158365,-22.81315953661792,-43.21211575197473,11484.129988584185,6979.11435136423,3515.125637219955,3212255.2911236597,887.1874174459711,236.15851919122336
1,HBEFA4/PC_petrol_Euro-6ab,Gasoline,2126-11-19 15:18:27,2126-11-19 15:18:27,-22.81315953661792,-43.21211575197473,-22.81327748997325,-43.21216611786139,11484.144653853612,6979.119116633649,3515.125637219955,3212258.97826739,887.1883835528517,236.15894213164612
1,HBEFA4/PC_petrol_Euro-6ab,Gasoline,2126-11-19 15:18:27,2126-11-19 15:18:27,-22.81327748997325,-43.21216611786139,-22.813393911578134,-43.21221572768912,11484.158699217865,6979.1331619879115,3515.125637219955,3212258.97826739,887.1883835528517,236.15894213164612
1,HBEFA4/PC_petrol_Euro-6ab,Gasoline,2126-11-19 15:18:27,2126-11-19 15:18:27,-22.813393911578134,-43.21221572768912,-22.81351583158446,-43.2122677861939,11484.172565718799,6979.146928488845,3515.125637219955,3212261.396981382,887.188813561574,236.15933811795293
1,HBEFA4/PC_petrol_Euro-6ab,Gasoline,2126-11-19 15:18:27,2126-11-19 15:18:32,-22.81351583158446,-43.2122677861939,-22.79718239236759,-43.213952852461745,11496.382227171466,6986.972919862513,3519.4193172189636,3215672.5158177795,888.1319894182814,236.33615391877582
1,HBEFA4/PC_petrol_Euro-6ab,Gasoline,2126-11-19 15:18:32,2126-11-19 15:18:42,-22.79718239236759,-43.213952852461745,-22.814918679334876,-43.21518154754255,11523.62136448879,7112.819291725134,3521.8121727636565,3213511.291279873,891.2294775111838,236.95232892212518
1,HBEFA4/PC_petrol_Euro-6ab,Gasoline,2126-11-19 15:18:42,2126-11-19 15:18:42,-22.814918679334876,-43.21518154754255,-22.814875862552244,-43.215212936896764,11523.62483115834,7112.8127582946845,3521.8121727636565,3213512.87961187,891.2299841381674,236.95243317358168
1,HBEFA4/PC_petrol_Euro-6ab,Gasoline,2126-11-19 15:18:42,2126-11-19 15:18:42,-22.814875862552244,-43.215212936896764,-22.81483617389951,-43.21525199483665,11523.629688584271,7112.817615821616,3521.8121727636565,3213516.41111612,891.2312651526936,236.95258184411915
1,HBEFA4/PC_petrol_Euro-6ab,Gasoline,2126-11-19 15:18:42,2126-11-19 15:18:42,-22.81483617389951,-43.21525199483665,-22.814787933371167,-43.215297141321816,11523.635578181945,7112.82351531829,3521.8121727636565,3213519.5988362683,891.2323541916343,236.9527551457584
1,HBEFA4/PC_petrol_Euro-6ab,Gasoline,2126-11-19 15:18:42,2126-11-19 15:18:42,-22.814787933371167,-43.215297141321816,-22.81473191561924,-43.21535157883194,11523.64271381822,7112.831631154563,3521.8121727636565,3213513.375711496,891.2335899221171,236.95296426778717
1,HBEFA4/PC_petrol_Euro-6ab,Gasoline,2126-11-19 15:18:42,2126-11-19 15:18:46,-22.81473191561924,-43.21535157883194,-22.814914619799692,-43.21518544116675,11532.864627752222,7118.611175217175,3524.264452535148,3216288.277611511,891.9867921134454,237.15414729114558
1,HBEFA4/PC_petrol_Euro-6ab,Gasoline,2126-11-19 15:18:46,2126-11-19 15:18:46,-22.814914619799692,-43.21518544116675,-22.81486961519313,-43.21521891261826,11532.868483429216,7118.614131894169,3524.264452535148,3216291.447916141,891.9875518687511,237.15416393425413
1,HBEFA4/PC_petrol_Euro-6ab,Gasoline,2126-11-19 15:18:46,2126-11-19 15:19:14,-22.81486961519313,-43.21521891261826,-22.811699159734485,-43.219259598852974,11597.215923847461,7155.611646624912,3541.6152772225596,3237119.5545945726,896.8883173188128,238.59977138982368
1,HBEFA4/PC_petrol_Euro-6ab,Gasoline,2126-11-19 15:19:14,2126-11-19 15:19:14,-22.811699159734485,-43.219259598852974,-22.811681825636115,-43.21916518821492,11597.223827271684,7155.618551148124,3541.6152772225596,3237121.4215984767,896.8888836191576,238.5999962551433
1,HBEFA4/PC_petrol_Euro-6ab,Gasoline,2126-11-19 15:19:14,2126-11-19 15:19:14,-22.811681825636115,-43.21916518821492,-22.811662512341786,-43.21915972196322,11597.23371914132,7155.618441918762,3541.6152772225596,3237127.524111415,896.8916734611633,238.61128668314625
1,HBEFA4/PC_petrol_Euro-6ab,Gasoline,2126-11-19 15:19:14,2126-11-19 15:19:14,-22.811662512341786,-43.21915972196322,-22.81164149832159,-43.218939619912954,11597.24474715167,7155.629469828112,3541.6152772225596,3237132.124146516,896.8919494526634,238.61161578118965
1,HBEFA4/PC_petrol_Euro-6ab,Gasoline,2126-11-19 15:19:14,2126-11-19 15:19:14,-22.81164149832159,-43.218939619912954,-22.811616221139176,-43.21881717243111,11597.257317129162,7155.642139816613,3541.6152772225596,3237138.1314635346,896.8935551313819,238.61197151131468
1,HBEFA4/PC_petrol_Euro-6ab,Gasoline,2126-11-19 15:19:14,2126-11-19 15:19:14,-22.811616221139176,-43.21881717243111,-22.811591463896117,-43.21866665196743,11597.271179211588,7155.65591198913,3541.6152772225596,3237143.7791418963,896.8951391232834,238.61137411374347
1,HBEFA4/PC_petrol_Euro-6ab,Gasoline,2126-11-19 15:19:14,2126-11-19 15:19:14,-22.811591463896117,-43.21866665196743,-22.811564461587413,-43.218526259341134,11597.285886436948,7155.6716192143895,3541.6152772225596,3237148.4214522567,896.8962297529682,238.61179981371217
1,HBEFA4/PC_petrol_Euro-6ab,Gasoline,2126-11-19 15:19:14,2126-11-19 15:19:14,-22.811564461587413,-43.218526259341134,-22.81153751521813,-43.21839126517758,11597.311586176199,7155.685318853541,3541.6152772225596,3237151.4177223833,896.8967931119662,238.61222134518557
1,HBEFA4/PC_petrol_Euro-6ab,Gasoline,2126-11-19 15:19:14,2126-11-19 15:19:14,-22.81153751521813,-43.21839126517758,-22.81151983673355,-43.21825157659614,11597.314864532662,7155.699587311114,3541.6152772225596,3237151.4177223833,896.8967931119662,238.61222134518557
1,HBEFA4/PC_petrol_Euro-6ab,Gasoline,2126-11-19 15:19:14,2126-11-19 15:19:14,-22.81151983673355,-43.21825157659614,-22.811483114542138,-43.21811515984286,11597.32953186329,7155.71425364173,3541.6152772225596,3237153.619761197,896.8976463839952,238.61264371145713
1,HBEFA4/PC_petrol_Euro-6ab,Gasoline,2126-11-19 15:19:14,2126-11-19 15:19:14,-22.811483114542138,-43.21811515984286,-22.811456771183182,-43.217982765883955,11597.343748698342,7155.728471475783,3541.6152772225596,3237153.619761197,896.8976463839952,238.61264371145713
1,HBEFA4/PC_petrol_Euro-6ab,Gasoline,2126-11-19 15:19:14,2126-11-19 15:19:16,-22.811456771183182,-43.217982765883955,-22.79811695431863,-43.2119541544616,11611.889961333267,7158.275798155196,3542.6141631781724,3238279.6887352634,897.2194516624251,238.67949914276545
