vehicle_id,model,fuel_type,start_time,end_time,start_lat,start_lon,end_lat,end_lon,distance,distance_city,distance_highway,CO2,NOx,PMx
2,HBEFA4/PC_petrol_Euro-6ab,Gasoline,2026-02-29 23:56:28,2026-02-29 23:57:08,-22.798427960209745,-43.20077672994527,-22.802640074732936,-43.20272207468,62.665272575763495,40.300722047482224,22.364459528282284,28274.96424807622,5.230384484695376,2.3486465088957942
2,HBEFA4/PC_petrol_Euro-6ab,Gasoline,2026-02-29 23:57:08,2026-02-29 23:57:08,-22.802640074732936,-43.20272207468,-22.802628326382268,-43.20276220224359,62.66888244804596,40.30442292976467,22.364459528282284,28276.736679387843,5.230970787944829,2.3487578945062356
2,HBEFA4/PC_petrol_Euro-6ab,Gasoline,2026-02-29 23:57:08,2026-02-29 23:57:08,-22.802628326382268,-43.20276220224359,-22.802604292522685,-43.20282894775895,62.67456549282862,40.320205964547326,22.364459528282284,28282.357798957906,5.232622558402222,2.3489307302389986
2,HBEFA4/PC_petrol_Euro-6ab,Gasoline,2026-02-29 23:57:08,2026-02-29 23:57:08,-22.802604292522685,-43.20282894775895,-22.802643064422768,-43.202900202203406,62.68284348233032,40.32738395304904,22.364459528282284,28285.809499337567,5.234067545757425,2.3492458023260528
2,HBEFA4/PC_petrol_Euro-6ab,Gasoline,2026-02-29 23:57:08,2026-02-29 23:57:08,-22.802643064422768,-43.202900202203406,-22.80304465799806,-43.20206694786424,62.72627976573724,40.36282023745595,22.364459528282284,28306.292468634366,5.239853064029977,2.350437526262066
2,HBEFA4/PC_petrol_Euro-6ab,Gasoline,2026-02-29 23:57:08,2026-02-29 23:57:08,-22.80304465799806,-43.20206694786424,-22.80325229657592,-43.2022222523427,62.738850340729836,40.374390822438556,22.364459528282284,28306.292468634366,5.239853064029977,2.350437526262066
2,HBEFA4/PC_petrol_Euro-6ab,Gasoline,2026-02-29 23:57:08,2026-02-29 23:57:20,-22.80325229657592,-43.2022222523427,-22.800703466573236,-43.20928292786083,65.62247252646383,42.9462462932685,22.665326223295343,29203.7272257437,5.4870577385465875,2.4336629220682532
2,HBEFA4/PC_petrol_Euro-6ab,Gasoline,2026-02-29 23:57:20,2026-02-29 23:57:26,-22.800703466573236,-43.20928292786083,-22.80492349862804,-43.20527693788242,92.59849026857526,56.82077038400344,34.78772988457282,26672.950930748257,7.542202980646373,2.022353007862506
2,HBEFA4/PC_petrol_Euro-6ab,Gasoline,2026-02-29 23:57:26,2026-02-29 23:57:26,-22.80492349862804,-43.20527693788242,-22.804880748983425,-43.20520826302262,92.6026077235225,56.82388782894067,34.78772988457282,26674.900272370603,7.5427820086463065,2.022449297460358
2,HBEFA4/PC_petrol_Euro-6ab,Gasoline,2026-02-29 23:57:26,2026-02-29 23:57:26,-22.804880748983425,-43.20520826302262,-22.804840322743797,-43.205246930808656,92.60645530038264,56.82873542580982,34.78772988457282,26678.927965756085,7.544259276983267,2.0225982302883742
2,HBEFA4/PC_petrol_Euro-6ab,Gasoline,2026-02-29 23:57:26,2026-02-29 23:57:32,-22.804840322743797,-43.205246930808656,-22.80492398356827,-43.20527647402489,99.76346536577299,62.029673827237665,38.73379254853533,28899.529045276345,8.259422604960672,2.293634332233297
2,HBEFA4/PC_petrol_Euro-6ab,Gasoline,2026-02-29 23:57:32,2026-02-29 23:57:35,-22.80492398356827,-43.20527647402489,-22.802642486339937,-43.2027078222424,209.42847505264694,63.64026325243363,45.77832290022332,32622.570482386378,8.870933064406673,2.4249499694726324
2,HBEFA4/PC_petrol_Euro-6ab,Gasoline,2026-02-29 23:57:35,2026-02-29 23:57:56,-22.802642486339937,-43.2027078222424,-22.800702226842028,-43.20927079202204,242.8650250095973,92.03475503223228,50.83025997846622,42094.43576296204,22.665270782772622,3.228723247033362
2,HBEFA4/PC_petrol_Euro-6ab,Gasoline,2026-02-29 23:57:56,2026-02-29 23:57:56,-22.800702226842028,-43.20927079202204,-22.800685920957484,-43.20928743203733,242.87255554674223,92.0422955682762,50.83025997846622,42097.068446657204,22.666205049374305,3.228930938534857
2,HBEFA4/PC_petrol_Euro-6ab,Gasoline,2026-02-29 23:57:56,2026-02-29 23:57:56,-22.800685920957484,-43.20928743203733,-22.800668324034222,-43.20909237322776,242.88228070770224,92.05202072923502,50.83025997846622,42202.22223252296,22.667347696220843,3.2292846458767836
2,HBEFA4/PC_petrol_Euro-6ab,Gasoline,2026-02-29 23:57:56,2026-02-29 23:57:56,-22.800668324034222,-43.20909237322776,-22.800648384625623,-43.208982644822464,242.89233428624238,92.06207430767626,50.83025997846622,42205.798542569944,22.668729222253752,3.2294766796046822
2,HBEFA4/PC_petrol_Euro-6ab,Gasoline,2026-02-29 23:57:56,2026-02-29 23:57:56,-22.800648384625623,-43.208982644822464,-22.80062677665525,-43.2088647594222,242.90272397378595,92.07245399532983,50.83025997846622,42220.860093596464,22.670232672269002,3.2298067976289032
2,HBEFA4/PC_petrol_Euro-6ab,Gasoline,2026-02-29 23:57:56,2026-02-29 23:57:56,-22.80062677665525,-43.2088647594222,-22.800605233383642,-43.20874722743735,242.9250520624344,92.08479208296828,50.83025997846622,42225.23866225738,22.67232895222826,3.2302630722609968
2,HBEFA4/PC_petrol_Euro-6ab,Gasoline,2026-02-29 23:57:56,2026-02-29 23:57:56,-22.800605233383642,-43.20874722743735,-22.800583528225225,-43.20862882277779,242.92735326360262,92.0970932852365,50.83025997846622,42226.97754979257,22.67284324823837,3.2305237227803424
2,HBEFA4/PC_petrol_Euro-6ab,Gasoline,2026-02-29 23:57:56,2026-02-29 23:58:00,-22.800583528225225,-43.20862882277779,-22.798067748675656,-43.20296828948295,246.93362025823076,94.82389863903224,52.209722629098526,42377.90844464993,22.037406860364072,3.2244578290752764
2,HBEFA4/PC_petrol_Euro-6ab,Gasoline,2026-02-29 23:58:00,2026-02-29 23:58:48,-22.798067748675656,-43.20296828948295,-22.800705227725826,-43.20929292203383,222.42272023507826,246.2883240994284,65.22339603565976,62507.32058429869,27.66030395262023,4.608230099886666
2,HBEFA4/PC_petrol_Euro-6ab,Gasoline,2026-02-29 23:58:48,2026-02-29 23:58:48,-22.800705227725826,-43.20929292203383,-22.80068922725326,-43.209205468652925,222.42902435226576,246.295628325606,65.22339603565976,62509.52729663009,27.662000723324268,4.608339938625062
2,HBEFA4/PC_petrol_Euro-6ab,Gasoline,2026-02-29 23:58:48,2026-02-29 23:58:48,-22.80068922725326,-43.209205468652925,-22.80066990699342,-43.20920006380548,222.42806286259228,246.20466682593252,65.22339603565976,62524.8267355942,27.662609995222785,4.608605362469479
2,HBEFA4/PC_petrol_Euro-6ab,Gasoline,2026-02-29 23:58:48,2026-02-29 23:58:48,-22.80066990699342,-43.20920006380548,-22.800647267524626,-43.20897600472494,222.43909470542934,246.22569866976958,65.22339603565976,62522.36200695072,27.664445725229044,4.608928439302284
2,HBEFA4/PC_petrol_Euro-6ab,Gasoline,2026-02-29 23:58:48,2026-02-29 23:58:48,-22.800647267524626,-43.20897600472494,-22.800624347726074,-43.20885250802032,222.45207893648782,246.22868290082803,65.22339603565976,62528.65488796406,27.666355522022243,4.6093082827998335
2,HBEFA4/PC_petrol_Euro-6ab,Gasoline,2026-02-29 23:58:48,2026-02-29 23:58:48,-22.800624347726074,-43.20885250802032,-22.800603067748845,-43.20873542257752,222.46520897622203,246.24272294046227,65.22339603565976,62530.66725236633,27.66693554222739,4.609680534360922
2,HBEFA4/PC_petrol_Euro-6ab,Gasoline,2026-02-29 23:58:48,2026-02-29 23:58:48,-22.800603067748845,-43.20873542257752,-22.800582280523768,-43.20862655029266,222.47725972776092,246.25386369220226,65.22339603565976,62530.66725236633,27.66693554222739,4.609680534360922
2,HBEFA4/PC_petrol_Euro-6ab,Gasoline,2026-02-29 23:58:48,2026-02-29 23:58:48,-22.800582280523768,-43.20862655029266,-22.80055894462923,-43.20849842598326,222.4897000780232,246.26630404236343,65.22339603565976,62533.28563372047,27.66767560394349,4.620036733094855
2,HBEFA4/PC_petrol_Euro-6ab,Gasoline,2026-02-29 23:58:48,2026-02-29 23:58:48,-22.80055894462923,-43.20849842598326,-22.80053560773674,-43.20838063833099,222.5020794390939,246.27868340343424,65.22339603565976,62534.96528293493,27.66827427394594,4.620389546762068
2,HBEFA4/PC_petrol_Euro-6ab,Gasoline,2026-02-29 23:58:48,2026-02-29 23:58:48,-22.80053560773674,-43.20838063833099,-22.800522072870507,-43.208262856927626,222.52444527829662,246.29204924263686,65.22339603565976,62536.77004642504,27.66870533586254,4.620742283096006
2,HBEFA4/PC_petrol_Euro-6ab,Gasoline,2026-02-29 23:58:48,2026-02-29 23:58:48,-22.800522072870507,-43.208262856927626,-22.800487520244674,-43.20823794925077,222.52692652042295,246.3035204747522,65.22339603565976,62538.8994962857,27.66932930922033,4.622098440580262
2,HBEFA4/PC_petrol_Euro-6ab,Gasoline,2026-02-29 23:58:48,2026-02-29 23:58:48,-22.800487520244674,-43.20823794925077,-22.800463932400653,-43.20802890285828,222.5399259796842,246.32652994402435,65.22339603565976,62542.277590599435,27.670242932043973,4.622472444772724
2,HBEFA4/PC_petrol_Euro-6ab,Gasoline,2026-02-29 23:58:48,2026-02-29 23:59:00,-22.800463932400653,-43.20802890285828,-22.800704226942746,-43.209286980668594,228.43387258547972,255.5296929030248,72.92427968245492,66279.59604443252,28.95592440226708,4.989938220340692
2,HBEFA4/PC_petrol_Euro-6ab,Gasoline,2026-02-29 23:59:00,2026-02-29 23:59:00,-22.800704226942746,-43.209286980668594,-22.80069022299265,-43.20922029606862,228.4405706244368,255.52639094298287,72.92427968245492,66282.20352445624,28.95642203966007,4.99023007527742
2,HBEFA4/PC_petrol_Euro-6ab,Gasoline,2026-02-29 23:59:00,2026-02-29 23:59:00,-22.80069022299265,-43.20922029606862,-22.800672962422826,-43.20922672774554,228.448597626453,255.53442793399807,72.92427968245492,66285.36270590923,28.957735220794005,4.990364832342322
2,HBEFA4/PC_petrol_Euro-6ab,Gasoline,2026-02-29 23:59:00,2026-02-29 23:59:05,-22.800672962422826,-43.20922672774554,-22.80492300963822,-43.20527740559244,237.30242567323485,259.27722266342033,78.22530400972452,68878.52082422965,29.6762770940384,5.2893390675346085
2,HBEFA4/PC_petrol_Euro-6ab,Gasoline,2026-02-29 23:59:05,2026-02-29 23:59:23,-22.80492300963822,-43.20527740559244,-22.80070306568979,-43.20928074732207,266.36288754243077,276.899242033482,89.4636455089498,77567.25827923892,22.238947663484295,5.8277920062005755
2,HBEFA4/PC_petrol_Euro-6ab,Gasoline,2026-02-29 23:59:23,2026-02-29 23:59:23,-22.80070306568979,-43.20928074732207,-22.800688429737935,-43.209202228292254,266.3697232054463,276.90607769649648,89.4636455089498,77567.25827923892,22.238947663484295,5.8277920062005755
2,HBEFA4/PC_petrol_Euro-6ab,Gasoline,2026-02-29 23:59:23,2026-02-29 23:59:23,-22.800688429737935,-43.209202228292254,-22.80067225637293,-43.20920742558637,266.37805828785324,276.92442267890346,89.4636455089498,77572.72652824309,22.240375268923236,5.828035269729304
2,HBEFA4/PC_petrol_Euro-6ab,Gasoline,2026-02-29 23:59:23,2026-02-29 23:59:23,-22.80067225637293,-43.20920742558637,-22.80065220828937,-43.20900350493294,266.38786420927636,276.92422870032655,89.4636455089498,77576.65942532583,22.24283037072279,5.828320795562884
2,HBEFA4/PC_petrol_Euro-6ab,Gasoline,2026-02-29 23:59:23,2026-02-29 23:59:47,-22.80065220828937,-43.20900350493294,-22.804922892362846,-43.20527752872325,305.49965224348976,204.76766635224365,200.73298479234622,88702.22829559436,25.322697239748495,6.6722205325262404
2,HBEFA4/PC_petrol_Euro-6ab,Gasoline,2026-02-29 23:59:47,2026-02-29 23:59:47,-22.804922892362846,-43.20527752872325,-22.804882654979024,-43.205207396424235,305.50289759927824,204.77092280683203,200.73298479234622,88703.32443200227,25.323482938344577,6.672322099280033
2,HBEFA4/PC_petrol_Euro-6ab,Gasoline,2026-02-29 23:59:47,2026-02-29 23:59:47,-22.804882654979024,-43.205207396424235,-22.804836942929024,-43.205250264574295,305.50752229532926,204.77553640297302,200.73298479234622,88706.77543302232,25.324750579289973,6.672462363603649
2,HBEFA4/PC_petrol_Euro-6ab,Gasoline,2026-02-29 23:59:47,2026-02-29 23:59:47,-22.804836942929024,-43.205250264574295,-22.804783096884645,-43.20530266742544,305.52423960258965,204.78225480924354,200.73298479234622,88722.7262449225,25.326429332843306,6.672660979650504
2,HBEFA4/PC_petrol_Euro-6ab,Gasoline,2026-02-29 23:59:47,2026-02-29 23:59:48,-22.804783096884645,-43.20530266742544,-22.80472638283425,-43.20536548038236,305.5222097257932,204.79022492344705,200.73298479234622,88725.92360463954,25.32775592536073,6.672894248552362
2,HBEFA4/PC_petrol_Euro-6ab,Gasoline,2026-02-29 23:59:48,2026-02-29 23:59:48,-22.80472638283425,-43.20536548038236,-22.804637788346724,-43.20544065494908,305.53298483920387,204.8000000467578,200.73298479234622,88722.82622370387,25.3294925752222,6.67228382924297
2,HBEFA4/PC_petrol_Euro-6ab,Gasoline,2026-02-29 23:59:48,2026-02-29 23:59:48,-22.804637788346724,-43.20544065494908,-22.80456985898638,-43.20550562928999,305.54362829622456,204.82263340377844,200.73298479234622,88728.05232387428,25.32220420730782,6.672523255207662
2,HBEFA4/PC_petrol_Euro-6ab,Gasoline,2026-02-29 23:59:48,2026-02-29 24:00:25,-22.80456985898638,-43.20550562928999,-22.804906574352996,-43.20528356096586,340.57760305227454,225.93628208256525,224.64242296970932,99339.25479520027,28.297249952600272,7.440094853882068
2,HBEFA4/PC_petrol_Euro-6ab,Gasoline,2026-02-29 24:00:25,2026-02-29 24:00:25,-22.804906574352996,-43.20528356096586,-22.80487062783774,-43.205227953480386,340.58095264049393,225.93953067078462,224.64242296970932,99342.45482644682,28.297983532640835,7.440298555233992
2,HBEFA4/PC_petrol_Euro-6ab,Gasoline,2026-02-29 24:00:25,2026-02-29 24:00:25,-22.80487062783774,-43.205227953480386,-22.80482502232365,-43.205262575254284,340.58627490800427,225.94485293829496,224.64242296970932,99345.963553504,28.29962432662508,7.440362500220528
2,HBEFA4/PC_petrol_Euro-6ab,Gasoline,2026-02-29 24:00:25,2026-02-29 24:00:25,-22.80482502232365,-43.205262575254284,-22.804768683206825,-43.2053254542242,340.5930254243902,225.95260344468084,224.64242296970932,99349.9872325265,28.300957062346285,7.440562299940508
2,HBEFA4/PC_petrol_Euro-6ab,Gasoline,2026-02-29 24:00:25,2026-02-29 24:00:25,-22.804768683206825,-43.2053254542242,-22.804700904268087,-43.20538028475958,340.6023632352572,225.9599422655478,224.64242296970932,99354.72858528845,28.30243922722304,7.440805842896479
2,HBEFA4/PC_petrol_Euro-6ab,Gasoline,2026-02-29 24:00:25,2026-02-29 24:00:28,-22.804700904268087,-43.20538028475958,-22.800703996044536,-43.209285784639,345.8756852398637,229.68283257562282,226.29385366425289,200965.58748356248,28.774282027842023,7.554423259328665
2,HBEFA4/PC_petrol_Euro-6ab,Gasoline,2026-02-29 24:00:28,2026-02-29 24:00:23,-22.800703996044536,-43.209285784639,-22.798306584095403,-43.20458334460388,353.2065492382669,236.66349227944836,226.44305805882854,202952.32729352274,29.367093288029606,7.705226972266338
2,HBEFA4/PC_petrol_Euro-6ab,Gasoline,2026-02-29 24:00:23,2026-02-29 24:00:29,-22.798306584095403,-43.20458334460388,-22.800702802625594,-43.209279322972265,362.26552587942454,242.92247474022306,228.24405223922249,205246.02835447404,29.999745776375775,7.877255924072384
2,HBEFA4/PC_petrol_Euro-6ab,Gasoline,2026-02-29 24:00:29,2026-02-29 24:00:29,-22.800702802625594,-43.209279322972265,-22.80068862777782,-43.209202244082786,362.2723823229588,242.92833228274734,228.24405223922249,205246.02835447404,29.999745776375775,7.877255924072384
2,HBEFA4/PC_petrol_Euro-6ab,Gasoline,2026-02-29 24:00:29,2026-02-29 24:00:40,-22.80068862777782,-43.209202244082786,-22.79808328026676,-43.202962625848935,379.96067274423757,257.4362227743257,222.52445096992292,220544.00079902484,32.583564072475724,8.284837694620287
2,HBEFA4/PC_petrol_Euro-6ab,Gasoline,2026-02-29 24:00:40,2026-02-29 24:00:40,-22.79808328026676,-43.202962625848935,-22.797984247820276,-43.20299833052766,379.97086066708465,257.4464096972727,222.52445096992292,220550.0708297729,32.585323797696788,8.285236273745942
2,HBEFA4/PC_petrol_Euro-6ab,Gasoline,2026-02-29 24:00:40,2026-02-29 24:00:40,-22.797984247820276,-43.20299833052766,-22.79787908444793,-43.2020362094726,379.98242479923675,257.4579738293248,222.52445096992292,220555.32292528962,32.586777362466385,8.285472958292672
2,HBEFA4/PC_petrol_Euro-6ab,Gasoline,2026-02-29 24:00:40,2026-02-29 24:00:42,-22.79787908444793,-43.2020362094726,-22.79822022393684,-43.20295290804206,382.5568693278002,259.0324283478882,222.52445096992292,222026.72826542358,32.729223036789424,8.328563879492938
2,HBEFA4/PC_petrol_Euro-6ab,Gasoline,2026-02-29 24:00:42,2026-02-29 24:00:52,-22.79822022393684,-43.20295290804206,-22.79832928586773,-43.204580596476625,392.0394354325385,268.40545829467025,223.63397723786822,223973.23276506553,32.60522476724096,8.542490202596627
2,HBEFA4/PC_petrol_Euro-6ab,Gasoline,2026-02-29 24:00:52,2026-02-29 24:02:22,-22.79832928586773,-43.204580596476625,-22.804904729842945,-43.20528533482002,433.2284376624263,294.90749869833445,238.2209389640928,226023.78526234808,36.03225367353307,9.442769203732724
2,HBEFA4/PC_petrol_Euro-6ab,Gasoline,2026-02-29 24:02:22,2026-02-29 24:02:22,-22.804904729842945,-43.20528533482002,-22.804877226008324,-43.20522273796254,433.23207724424525,294.9202382800534,238.2209389640928,226023.78526234808,36.03225367353307,9.442769203732724
2,HBEFA4/PC_petrol_Euro-6ab,Gasoline,2026-02-29 24:02:22,2026-02-29 24:02:22,-22.804877226008324,-43.20522273796254,-22.804837987388307,-43.20524926458087,433.2352630527353,294.92422408764345,238.2209389640928,226027.22796702676,36.03245308279274,9.44289625330237
2,HBEFA4/PC_petrol_Euro-6ab,Gasoline,2026-02-29 24:02:22,2026-02-29 24:02:22,-22.804837987388307,-43.20524926458087,-22.80478824507249,-43.20529683883025,433.24095485273937,294.92002588764754,238.2209389640928,226022.46022252898,36.033938268365794,9.442070726229453
2,HBEFA4/PC_petrol_Euro-6ab,Gasoline,2026-02-29 24:02:22,2026-02-29 24:02:22,-22.80478824507249,-43.20529683883025,-22.80473039055236,-43.20535208204968,433.24833248590645,294.9273935228246,238.2209389640928,226025.92488092273,36.035392037550724,9.442288530754235
2,HBEFA4/PC_petrol_Euro-6ab,Gasoline,2026-02-29 24:02:22,2026-02-29 24:02:22,-22.80473039055236,-43.20535208204968,-22.80466028920456,-43.20542922857225,433.2568822772425,294.93594232324967,238.2209389640928,226029.89984700785,36.03662282702792,9.442537222742892
2,HBEFA4/PC_petrol_Euro-6ab,Gasoline,2026-02-29 24:02:22,2026-02-29 24:02:22,-22.80466028920456,-43.20542922857225,-22.804583306434274,-43.20549276675267,433.26727243632436,294.94633347222253,238.2209389640928,226035.86282964252,36.0383377589222,9.442842239496254
2,HBEFA4/PC_petrol_Euro-6ab,Gasoline,2026-02-29 24:02:22,2026-02-29 24:02:47,-22.804583306434274,-43.20549276675267,-22.80069709472784,-43.209248392780484,502.0922206507202,334.0464296208222,268.04480203988797,245552.22799223524,42.494322544206454,20.977290842732256
2,HBEFA4/PC_petrol_Euro-6ab,Gasoline,2026-02-29 24:02:47,2026-02-29 24:02:47,-22.80069709472784,-43.209248392780484,-22.800682682862523,-43.20926430382468,502.09869045785973,334.05388942797273,268.04480203988797,245552.95622940466,42.49487900753752,20.977404583200625
2,HBEFA4/PC_petrol_Euro-6ab,Gasoline,2026-02-29 24:02:47,2026-02-29 24:02:47,-22.800682682862523,-43.20926430382468,-22.8006644539748,-43.20907032388724,502.2074922405043,334.0626902006263,268.04480203988797,245557.32395008965,42.4962252228294,20.977662087275592
2,HBEFA4/PC_petrol_Euro-6ab,Gasoline,2026-02-29 24:02:47,2026-02-29 24:02:47,-22.8006644539748,-43.20907032388724,-22.800645202980795,-43.20896473588285,502.2273283822337,334.0725273423457,268.04480203988797,245562.2982572947,42.497392753764835,20.977945629857032
2,HBEFA4/PC_petrol_Euro-6ab,Gasoline,2026-02-29 24:02:47,2026-02-29 24:02:47,-22.800645202980795,-43.20896473588285,-22.800622723024327,-43.20884258967998,502.2283783526298,334.0835773227328,268.04480203988797,245565.98930629095,42.498720260302986,20.978265703232605
2,HBEFA4/PC_petrol_Euro-6ab,Gasoline,2026-02-29 24:02:47,2026-02-29 24:02:47,-22.800622723024327,-43.20884258967998,-22.80060092295864,-43.20872370598699,502.24226238406586,334.09636234427786,268.04480203988797,245572.59827726843,42.50046824597986,20.978638572720263
2,HBEFA4/PC_petrol_Euro-6ab,Gasoline,2026-02-29 24:02:47,2026-02-29 24:02:47,-22.80060092295864,-43.20872370598699,-22.800579529942323,-43.20860699979635,502.253604960309,334.208803920422,268.04480203988797,245572.59827726843,42.50046824597986,20.978638572720263
2,HBEFA4/PC_petrol_Euro-6ab,Gasoline,2026-02-29 24:02:47,2026-02-29 24:02:47,-22.800579529942323,-43.20860699979635,-22.800556253870223,-43.208484836262654,502.26582963982475,334.22202859993675,268.04480203988797,245572.59827726843,42.50046824597986,20.978638572720263
2,HBEFA4/PC_petrol_Euro-6ab,Gasoline,2026-02-29 24:02:47,2026-02-29 24:02:47,-22.800556253870223,-43.208484836262654,-22.800533474465652,-43.20836987206392,502.2786252262265,334.2338242862285,268.04480203988797,245576.08567320902,42.50242368252232,20.979006835580853
2,HBEFA4/PC_petrol_Euro-6ab,Gasoline,2026-02-29 24:02:47,2026-02-29 24:02:47,-22.800533474465652,-43.20836987206392,-22.80052060398594,-43.2082544487762,502.2906956622532,334.2458946222652,268.04480203988797,245576.08567320902,42.50242368252232,20.979006835580853
2,HBEFA4/PC_petrol_Euro-6ab,Gasoline,2026-02-29 24:02:47,2026-02-29 24:02:47,-22.80052060398594,-43.2082544487762,-22.80048604447278,-43.20823050273442,502.20282432452935,334.25802327464235,268.04480203988797,245578.03663064347,42.502994035926944,20.979352550406457
2,HBEFA4/PC_petrol_Euro-6ab,Gasoline,2026-02-29 24:02:47,2026-02-29 24:02:47,-22.80048604447278,-43.20823050273442,-22.80046272272344,-43.20800775022975,502.2258279077242,334.2720268678262,268.04480203988797,245582.40624694043,42.50326686452364,20.979728320422796
2,HBEFA4/PC_petrol_Euro-6ab,Gasoline,2026-02-29 24:02:47,2026-02-29 24:02:20,-22.80046272272344,-43.20800775022975,-22.800703034682968,-43.20928057942726,544.5532725372352,366.52959983296926,278.03357270426603,257848.68989530375,45.06275085629229,22.902022772975275
2,HBEFA4/PC_petrol_Euro-6ab,Gasoline,2026-02-29 24:02:20,2026-02-29 24:02:20,-22.800703034682968,-43.20928057942726,-22.800686703026226,-43.2092926977689,544.5608007824994,366.5272280773334,278.03357270426603,257852.43287494397,45.063629367949656,22.902232252842209
2,HBEFA4/PC_petrol_Euro-6ab,Gasoline,2026-02-29 24:02:20,2026-02-29 24:02:20,-22.800686703026226,-43.2092926977689,-22.80066792056236,-43.20908922647287,544.5702042446522,366.53653244048523,278.03357270426603,257856.64999275284,45.06528748435202,22.90250442782229
2,HBEFA4/PC_petrol_Euro-6ab,Gasoline,2026-02-29 24:02:20,2026-02-29 24:02:20,-22.80066792056236,-43.20908922647287,-22.80064736088358,-43.2089770596797,544.5808289587242,366.5472562545482,278.03357270426603,257862.74553262262,45.06664236663982,22.90282620700222
2,HBEFA4/PC_petrol_Euro-6ab,Gasoline,2026-02-29 24:02:20,2026-02-29 24:02:20,-22.80064736088358,-43.2089770596797,-22.8006259272832,-43.2088602255487,544.5925685232428,366.55899582897575,278.03357270426603,257866.22428928865,45.067857944489276,22.902255225003424
2,HBEFA4/PC_petrol_Euro-6ab,Gasoline,2026-02-29 24:02:20,2026-02-29 24:02:20,-22.8006259272832,-43.2088602255487,-22.800604582068633,-43.20874366866027,544.6048070496297,366.57223434545366,278.03357270426603,257869.2697470222,45.06873752793223,22.902506493638377
2,HBEFA4/PC_petrol_Euro-6ab,Gasoline,2026-02-29 24:02:20,2026-02-29 24:02:38,-22.800604582068633,-43.20874366866027,-22.804925066925562,-43.20527543779927,568.2295605222207,379.4449357326949,288.78462478942572,265300.25856460558,47.26347223352684,22.427452265249428
2,HBEFA4/PC_petrol_Euro-6ab,Gasoline,2026-02-29 24:02:38,2026-02-29 24:02:38,-22.804925066925562,-43.20527543779927,-22.804884245978826,-43.205204928225375,568.2329555747697,379.4483307853439,288.78462478942572,265302.84628227228,47.264434446506235,22.427557200276722
2,HBEFA4/PC_petrol_Euro-6ab,Gasoline,2026-02-29 24:02:38,2026-02-29 24:02:38,-22.804884245978826,-43.205204928225375,-22.80484406483222,-43.20524335249345,568.2375276766822,379.45289288725644,288.78462478942572,265305.99920260088,47.26558009253334,22.427695750742068
2,HBEFA4/PC_petrol_Euro-6ab,Gasoline,2026-02-29 24:02:38,2026-02-29 24:02:38,-22.80484406483222,-43.20524335249345,-22.80479285262232,-43.205293293522226,568.2434652724597,379.458840482034,288.78462478942572,265309.76248362674,47.266879386927434,22.427873245229073
2,HBEFA4/PC_petrol_Euro-6ab,Gasoline,2026-02-29 24:02:38,2026-02-29 24:02:53,-22.80479285262232,-43.205293293522226,-22.79722898422875,-43.20299650230007,592.8343623482838,397.8222982395232,294.02206320876065,272743.258806403,49.03037990224522,22.92894057325664
2,HBEFA4/PC_petrol_Euro-6ab,Gasoline,2026-02-29 24:02:53,2026-02-29 24:02:53,-22.79722898422875,-43.20299650230007,-22.797228394420878,-43.2029977492438,592.847027236962,397.8349540282023,294.02206320876065,272745.3627292264,49.03202220430662,22.929302326909222
2,HBEFA4/PC_petrol_Euro-6ab,Gasoline,2026-02-29 24:02:53,2026-02-29 24:02:53,-22.797228394420878,-43.2029977492438,-22.797009350627558,-43.20299897854972,592.859263284222,397.8472999753523,294.02206320876065,272745.3627292264,49.03202220430662,22.929302326909222
2,HBEFA4/PC_petrol_Euro-6ab,Gasoline,2026-02-29 24:02:53,2026-02-29 24:03:20,-22.797009350627558,-43.20299897854972,-22.800704400349872,-43.209287973726684,632.7625987068208,426.539498227035,205.2232005897757,283242.0998729867,52.32902933463527,23.794897876872996
2,HBEFA4/PC_petrol_Euro-6ab,Gasoline,2026-02-29 24:03:20,2026-02-29 24:03:20,-22.800704400349872,-43.209287973726684,-22.800689006589668,-43.20920426532355,632.770236660522,426.5470360707452,205.2232005897757,283244.94753782658,52.32993522629342,23.795226029522028
2,HBEFA4/PC_petrol_Euro-6ab,Gasoline,2026-02-29 24:03:20,2026-02-29 24:03:20,-22.800689006589668,-43.20920426532355,-22.800672298066574,-43.209207207490826,632.7788988040036,426.5557982242279,205.2232005897757,283249.0792073237,52.32220344253875,23.795370958893706
2,HBEFA4/PC_petrol_Euro-6ab,Gasoline,2026-02-29 24:03:20,2026-02-29 24:03:20,-22.800672298066574,-43.209207207490826,-22.800652074805756,-43.208997322574046,632.7890675026926,426.56596692292686,205.2232005897757,283253.9749583422,52.32262893983074,23.795666636262402
2,HBEFA4/PC_petrol_Euro-6ab,Gasoline,2026-02-29 24:03:20,2026-02-29 24:03:20,-22.800652074805756,-43.208997322574046,-22.80062895262688,-43.20887663066782,632.8005578790262,426.57745728925033,205.2232005897757,283259.05836652027,52.324043384775294,23.795999936070855
2,HBEFA4/PC_petrol_Euro-6ab,Gasoline,2026-02-29 24:03:20,2026-02-29 24:03:24,-22.80062895262688,-43.20887663066782,-22.80070306456678,-43.20928074223062,638.6906042272228,432.43286808822267,206.25773602909225,285465.0332388358,53.02266727455784,23.946628722507986
2,HBEFA4/PC_petrol_Euro-6ab,Gasoline,2026-02-29 24:03:24,2026-02-29 24:03:24,-22.80070306456678,-43.20928074223062,-22.800686903829023,-43.20929279323475,638.6980238420304,432.44027782293926,206.25773602909225,285467.74649678872,53.023532926379626,23.946843004847375
2,HBEFA4/PC_petrol_Euro-6ab,Gasoline,2026-02-29 24:03:24,2026-02-29 24:04:08,-22.800686903829023,-43.20929279323475,-22.798292358742794,-43.20458642236909,702.9899977557325,470.6052075708202,232.38479028492232,204924.60863335384,58.5332760420333,25.356055988825523
2,HBEFA4/PC_petrol_Euro-6ab,Gasoline,2026-02-29 24:04:08,2026-02-29 24:04:08,-22.798292358742794,-43.20458642236909,-22.798282256246557,-43.20460892262904,703.0026437902898,470.6278536053684,232.38479028492232,204926.2996479382,58.533776722554066,25.35642658990722
2,HBEFA4/PC_petrol_Euro-6ab,Gasoline,2026-02-29 24:04:08,2026-02-29 24:04:08,-22.798282256246557,-43.20460892262904,-22.79795337778373,-43.20463678020872,703.0277397094248,470.64294952450354,232.38479028492232,204929.7744322532,58.5348024943709,25.357232232339698
2,HBEFA4/PC_petrol_Euro-6ab,Gasoline,2026-02-29 24:04:08,2026-02-29 24:04:08,-22.79795337778373,-43.20463678020872,-22.79783685298908,-43.20465200832379,703.0405635234598,470.65577332853843,232.38479028492232,204922.36769462822,58.53553220302782,25.357499529462762
2,HBEFA4/PC_petrol_Euro-6ab,Gasoline,2026-02-29 24:04:08,2026-02-29 24:04:08,-22.79783685298908,-43.20465200832379,-22.797729826385577,-43.20464605355872,703.0535506249224,470.66876042999,232.38479028492232,204924.7023830337,58.536292572729075,25.357872258652238
2,HBEFA4/PC_petrol_Euro-6ab,Gasoline,2026-02-29 24:04:08,2026-02-29 24:04:08,-22.797729826385577,-43.20464605355872,-22.797605356220026,-43.20464203245679,703.0665232334552,470.68273294853375,232.38479028492232,204926.54292899072,58.536729744078266,25.35824254462835
2,HBEFA4/PC_petrol_Euro-6ab,Gasoline,2026-02-29 24:04:08,2026-02-29 24:04:08,-22.797605356220026,-43.20464203245679,-22.79749343046346,-43.20463622056562,703.0792095406325,470.6944293557222,232.38479028492232,204926.54292899072,58.536729744078266,25.35824254462835
2,HBEFA4/PC_petrol_Euro-6ab,Gasoline,2026-02-29 24:04:08,2026-02-29 24:04:08,-22.79749343046346,-43.20463622056562,-22.797382924427344,-43.20463222808668,703.0926250297852,470.70682483486377,232.38479028492232,204926.54292899072,58.536729744078266,25.35824254462835
2,HBEFA4/PC_petrol_Euro-6ab,Gasoline,2026-02-29 24:04:08,2026-02-29 24:04:08,-22.797382924427344,-43.20463222808668,-22.797267206428303,-43.20462629029265,703.2039739905443,470.72928380562295,232.38479028492232,204928.25982363432,58.5372382287624,25.358593829593875
2,HBEFA4/PC_petrol_Euro-6ab,Gasoline,2026-02-29 24:04:08,2026-02-29 24:04:08,-22.797267206428303,-43.20462629029265,-22.797253092806922,-43.204622287793535,703.226700047362,470.73290986243964,232.38479028492232,204932.2236372542,58.53803679264465,25.358958738260205
2,HBEFA4/PC_petrol_Euro-6ab,Gasoline,2026-02-29 24:04:08,2026-02-29 24:04:08,-22.797253092806922,-43.204622287793535,-22.797035522063485,-43.20462602922288,703.2293369483237,470.7445467633924,232.38479028492232,204932.7407574556,58.53852864458744,25.359328947924958
2,HBEFA4/PC_petrol_Euro-6ab,Gasoline,2026-02-29 24:04:08,2026-02-29 24:04:24,-22.797035522063485,-43.20462602922288,-22.80492508229305,-43.205275424047255,727.0390682459957,483.07603687234234,243.96303237365342,222723.00925922322,60.39638024824323,25.898220829888258
2,HBEFA4/PC_petrol_Euro-6ab,Gasoline,2026-02-29 24:04:24,2026-02-29 24:04:24,-22.80492508229305,-43.205275424047255,-22.80488722056563,-43.20520226857459,727.0427834466255,483.078752072972,243.96303237365342,222723.00925922322,60.39638024824323,25.898220829888258
2,HBEFA4/PC_petrol_Euro-6ab,Gasoline,2026-02-29 24:04:24,2026-02-29 24:04:24,-22.80488722056563,-43.20520226857459,-22.804850256925027,-43.20523742875272,727.0459222826246,483.08289080796223,243.96303237365342,222726.43243396963,60.39766723909285,25.898339200279748
2,HBEFA4/PC_petrol_Euro-6ab,Gasoline,2026-02-29 24:04:24,2026-02-29 24:04:40,-22.804850256925027,-43.20523742875272,-22.797223264272207,-43.20394707823252,745.5037002262384,492.2275340345004,253.28626628263798,227452.25730082575,62.99524723048572,26.309287676938482
2,HBEFA4/PC_petrol_Euro-6ab,Gasoline,2026-02-29 24:04:40,2026-02-29 24:04:40,-22.797223264272207,-43.20394707823252,-22.797203204492045,-43.203963565909284,745.5265222733803,492.2303549927423,253.28626628263798,227455.037802864,62.99627666434205,26.309556876446227
2,HBEFA4/PC_petrol_Euro-6ab,Gasoline,2026-02-29 24:04:40,2026-02-29 24:04:40,-22.797203204492045,-43.203963565909284,-22.797026374752297,-43.2038930385487,745.5288539874483,492.24268780582025,253.28626628263798,227455.037802864,62.99627666434205,26.309556876446227
2,HBEFA4/PC_petrol_Euro-6ab,Gasoline,2026-02-29 24:04:40,2026-02-29 24:04:45,-22.797026374752297,-43.2038930385487,-22.804925572294426,-43.20527495440257,753.9444227276992,497.5323232252837,256.42309960252556,229660.20239366927,62.626484008042205,26.490226889730287
2,HBEFA4/PC_petrol_Euro-6ab,Gasoline,2026-02-29 24:04:45,2026-02-29 24:04:54,-22.804925572294426,-43.20527495440257,-22.79828798339226,-43.20458736900962,769.9527898597267,504.02790843345025,265.9348824262666,224429.29808038045,63.9242783207045,26.849482799259423
2,HBEFA4/PC_petrol_Euro-6ab,Gasoline,2026-02-29 24:04:54,2026-02-29 24:04:54,-22.79828798339226,-43.20458736900962,-22.798274599786545,-43.20460972652324,769.9657279992329,504.03083657286527,265.9348824262666,224422.4825342326,63.92527996659356,26.84985428368855
2,HBEFA4/PC_petrol_Euro-6ab,Gasoline,2026-02-29 24:04:54,2026-02-29 24:04:58,-22.798274599786545,-43.20460972652324,-22.79807986626224,-43.20296382070067,776.3830786764826,508.727925962285,267.65526272429755,226352.34293049298,64.47392002288295,26.98824090900648
2,HBEFA4/PC_petrol_Euro-6ab,Gasoline,2026-02-29 24:04:58,2026-02-29 24:04:59,-22.79807986626224,-43.20296382070067,-22.79832707592484,-43.20457892203902,777.8400250362232,520.2848523229257,267.65526272429755,226682.50624265224,64.57253767894975,27.029749369729928
2,HBEFA4/PC_petrol_Euro-6ab,Gasoline,2026-02-29 24:04:59,2026-02-29 24:05:29,-22.79832707592484,-43.20457892203902,-22.797224825408325,-43.20299666293296,822.5478322236039,543.5356307362508,279.0222003874532,239264.2446292926,68.28054426202477,27.98786550482634
2,HBEFA4/PC_petrol_Euro-6ab,Gasoline,2026-02-29 24:05:29,2026-02-29 24:05:29,-22.797224825408325,-43.20299666293296,-22.797202032749627,-43.20299793362402,822.5600950757865,543.5478946883334,279.0222003874532,239266.32282054206,68.282246563575,27.988225654957763
2,HBEFA4/PC_petrol_Euro-6ab,Gasoline,2026-02-29 24:05:29,2026-02-29 24:05:29,-22.797202032749627,-43.20299793362402,-22.796989922285948,-43.202999986244905,822.572585074468,543.5603846870248,279.0222003874532,239268.7770042906,68.28284377034284,27.988573022984684
2,HBEFA4/PC_petrol_Euro-6ab,Gasoline,2026-02-29 24:05:29,2026-02-29 24:05:29,-22.796989922285948,-43.202999986244905,-22.796878876866223,-43.20300909045763,822.5850039222926,543.5728035248393,279.0222003874532,239270.43253225226,68.28233586060465,27.988926932329254
2,HBEFA4/PC_petrol_Euro-6ab,Gasoline,2026-02-29 24:05:29,2026-02-29 24:05:39,-22.796878876866223,-43.20300909045763,-22.798285935704875,-43.20458782204252,836.6726366969562,554.3072255072505,282.3644222898056,243337.97932224392,69.40050665233642,28.293844433266907
2,HBEFA4/PC_petrol_Euro-6ab,Gasoline,2026-02-29 24:05:39,2026-02-29 24:05:39,-22.798285935704875,-43.20458782204252,-22.798279065098026,-43.204609268339026,836.6840292925635,554.3296082027578,282.3644222898056,243340.42025935454,69.40220267405797,28.294298652682207
2,HBEFA4/PC_petrol_Euro-6ab,Gasoline,2026-02-29 24:05:39,2026-02-29 24:05:39,-22.798279065098026,-43.204609268339026,-22.797955204958042,-43.20463656932582,836.7087380824057,554.3443268926002,282.3644222898056,243343.99685284826,69.40228279987259,28.294563297023635
2,HBEFA4/PC_petrol_Euro-6ab,Gasoline,2026-02-29 24:05:39,2026-02-29 24:05:39,-22.797955204958042,-43.20463656932582,-22.797839984625628,-43.20465062582082,836.7220220254223,554.3566098256058,282.3644222898056,243343.99685284826,69.40228279987259,28.294563297023635
2,HBEFA4/PC_petrol_Euro-6ab,Gasoline,2026-02-29 24:05:39,2026-02-29 24:05:42,-22.797839984625628,-43.20465062582082,-22.798323393348046,-43.20458287236928,839.2255228039828,556.2789277942843,283.03658400969755,244075.78803677598,69.6237285529085,28.34794045679023
2,HBEFA4/PC_petrol_Euro-6ab,Gasoline,2026-02-29 24:05:42,2026-02-29 24:05:47,-22.798323393348046,-43.20458287236928,-22.79794272282328,-43.204638082209566,847.9507580278237,563.2929438489798,284.7578242788339,246640.6242789952,70.37228884268755,28.533704362044236
2,HBEFA4/PC_petrol_Euro-6ab,Gasoline,2026-02-29 24:05:47,2026-02-29 24:05:47,-22.79794272282328,-43.204638082209566,-22.797867980096598,-43.2046472075007,847.9574220364085,563.2996068575746,284.7578242788339,246640.6242789952,70.37228884268755,28.533704362044236
2,HBEFA4/PC_petrol_Euro-6ab,Gasoline,2026-02-29 24:05:47,2026-02-29 24:06:09,-22.797867980096598,-43.2046472075007,-22.798092830898764,-43.20295924645488,882.2402339755095,588.0396980850404,294.200535890469,257234.69092425987,73.52376343577266,29.282247493257458
2,HBEFA4/PC_petrol_Euro-6ab,Gasoline,2026-02-29 24:06:09,2026-02-29 24:06:09,-22.798092830898764,-43.20295924645488,-22.797982442268326,-43.20299894546078,882.2524037527907,588.0508678623226,294.200535890469,257238.29456280744,73.52478986958207,29.282568932070777
2,HBEFA4/PC_petrol_Euro-6ab,Gasoline,2026-02-29 24:06:09,2026-02-29 24:06:09,-22.797982442268326,-43.20299894546078,-22.797873244383947,-43.202038325024484,882.2642939689838,588.0637580785249,294.200535890469,257244.90824897267,73.5265333786027,29.282944852570974
2,HBEFA4/PC_petrol_Euro-6ab,Gasoline,2026-02-29 24:06:09,2026-02-29 24:06:09,-22.797873244383947,-43.202038325024484,-22.797767397063232,-43.202076476540256,882.2770452262759,588.076509225807,294.200535890469,257246.39477584282,73.52698275794036,29.283308277762434
2,HBEFA4/PC_petrol_Euro-6ab,Gasoline,2026-02-29 24:06:09,2026-02-29 24:06:09,-22.797767397063232,-43.202076476540256,-22.797662434434427,-43.20222467956884,882.2894050244903,588.0888692340224,294.200535890469,257246.39477584282,73.52698275794036,29.283308277762434
2,HBEFA4/PC_petrol_Euro-6ab,Gasoline,2026-02-29 24:06:09,2026-02-29 24:06:09,-22.797662434434427,-43.20222467956884,-22.79755290724224,-43.202253807272456,882.3027783956929,588.2022425052229,294.200535890469,257248.27278533663,73.52753240000568,29.28366225737905
2,HBEFA4/PC_petrol_Euro-6ab,Gasoline,2026-02-29 24:06:09,2026-02-29 24:06:09,-22.79755290724224,-43.202253807272456,-22.797445368303947,-43.202295992220895,882.3244522438276,588.2239253533487,294.200535890469,257250.9449545636,73.52828230734023,29.284024298620642
2,HBEFA4/PC_petrol_Euro-6ab,Gasoline,2026-02-29 24:06:09,2026-02-29 24:06:28,-22.797445368303947,-43.202295992220895,-22.802649363628234,-43.20268966520336,897.2983299200633,600.2553982856227,296.9429326344526,262307.50265027865,74.68893807787692,29.596782933653362
2,HBEFA4/PC_petrol_Euro-6ab,Gasoline,2026-02-29 24:06:28,2026-02-29 24:06:28,-22.802649363628234,-43.20268966520336,-22.802629677645725,-43.20273503835225,897.2028937452827,600.2589622208322,296.9429326344526,262307.50265027865,74.68893807787692,29.596782933653362
2,HBEFA4/PC_petrol_Euro-6ab,Gasoline,2026-02-29 24:06:28,2026-02-29 24:06:28,-22.802629677645725,-43.20273503835225,-22.802982222468905,-43.2020399984554,897.2540507256375,600.3222290922859,296.9429326344526,262335.92530802567,74.69762329570969,29.598323382227396
2,HBEFA4/PC_petrol_Euro-6ab,Gasoline,2026-02-29 24:06:28,2026-02-29 24:06:36,-22.802982222468905,-43.2020399984554,-22.800702225478008,-43.209276243922346,926.940982664265,623.2703297905726,303.77065287369345,269722.2947606978,77.22759652203203,20.222862469207252
2,HBEFA4/PC_petrol_Euro-6ab,Gasoline,2026-02-29 24:06:36,2026-02-29 24:06:36,-22.800702225478008,-43.209276243922346,-22.800687444637376,-43.20929574377777,926.9478552433766,623.2772032696832,303.77065287369345,269722.2947606978,77.22759652203203,20.222862469207252
2,HBEFA4/PC_petrol_Euro-6ab,Gasoline,2026-02-29 24:06:36,2026-02-29 24:06:36,-22.800687444637376,-43.20929574377777,-22.800670064859343,-43.209200925072826,926.9562706828095,623.285628809226,303.77065287369345,269725.86978777824,77.22905296332765,20.222208089286856
2,HBEFA4/PC_petrol_Euro-6ab,Gasoline,2026-02-29 24:06:36,2026-02-29 24:06:47,-22.800670064859343,-43.209200925072826,-22.798090875420836,-43.20295985247386,947.263386520905,632.4949329552495,324.66845456575544,275646.7205026807,78.75073799387539,20.682690944352247
2,HBEFA4/PC_petrol_Euro-6ab,Gasoline,2026-02-29 24:06:47,2026-02-29 24:06:47,-22.798090875420836,-43.20295985247386,-22.798022444752483,-43.20298848902022,947.2726220952838,632.5032675294284,324.66845456575544,275652.23934250793,78.75244537402296,20.682934396643702
2,HBEFA4/PC_petrol_Euro-6ab,Gasoline,2026-02-29 24:06:47,2026-02-29 24:06:47,-22.798022444752483,-43.20298848902022,-22.79792866088954,-43.20202294082253,947.2808973045326,632.5224427387772,324.66845456575544,275656.0068293829,78.75362083080894,20.683202983904242
2,HBEFA4/PC_petrol_Euro-6ab,Gasoline,2026-02-29 24:06:47,2026-02-29 24:06:50,-22.79792866088954,-43.20202294082253,-22.800703285733295,-43.20928293872823,952.4905642202677,635.7042080235763,326.78645609659245,277232.90754390206,79.27626907282285,20.802584062675538
2,HBEFA4/PC_petrol_Euro-6ab,Gasoline,2026-02-29 24:06:50,2026-02-29 24:06:50,-22.800703285733295,-43.20928293872823,-22.800688457440362,-43.20920226932846,952.4979284749966,635.7224723784052,326.78645609659245,277232.90754390206,79.27626907282285,20.802584062675538
2,HBEFA4/PC_petrol_Euro-6ab,Gasoline,2026-02-29 24:06:50,2026-02-29 24:06:53,-22.800688457440362,-43.20920226932846,-22.800702822328895,-43.209273962040736,957.767352576937,640.8364305946292,326.930922982308,278550.5923830222,79.59935557650248,20.92378528226225
2,HBEFA4/PC_petrol_Euro-6ab,Gasoline,2026-02-29 24:06:53,2026-02-29 24:06:57,-22.800702822328895,-43.209273962040736,-22.800395330546692,-43.207672690922664,965.2825355766622,647.2996298220394,327.9829057646228,280574.2733804244,80.29422652529386,22.06984572308409
2,HBEFA4/PC_petrol_Euro-6ab,Gasoline,2026-02-29 24:06:57,2026-02-29 24:07:00,-22.800395330546692,-43.207672690922664,-22.804927509367232,-43.20527320258547,970.8602895837953,650.8238249483802,320.046374635425,282007.4666546532,80.5957029549762,22.292407800759226
2,HBEFA4/PC_petrol_Euro-6ab,Gasoline,2026-02-29 24:07:00,2026-02-29 24:07:05,-22.804927509367232,-43.20527320258547,-22.797253374228927,-43.20299735476483,983.5847499363522,658.9945250795356,324.5902348568264,286023.0283260782,82.73882260266622,22.474422842382062
2,HBEFA4/PC_petrol_Euro-6ab,Gasoline,2026-02-29 24:07:05,2026-02-29 24:07:26,-22.797253374228927,-43.20299735476483,-22.8006999389202,-43.20926382768496,2022.7386706845932,676.8094739034394,334.9292967822537,294705.7644062075,84.22244745888784,22.094045322982962
2,HBEFA4/PC_petrol_Euro-6ab,Gasoline,2026-02-29 24:07:26,2026-02-29 24:07:26,-22.8006999389202,-43.20926382768496,-22.800684864202887,-43.20928266525726,2022.7456055974557,676.826408826302,334.9292967822537,294705.7644062075,84.22244745888784,22.094045322982962
2,HBEFA4/PC_petrol_Euro-6ab,Gasoline,2026-02-29 24:07:26,2026-02-29 24:07:26,-22.800684864202887,-43.20928266525726,-22.80066683072675,-43.209083280678556,2022.7542042742226,676.8250073929689,334.9292967822537,294720.7352506929,84.2239850795758,22.094297642530442
2,HBEFA4/PC_petrol_Euro-6ab,Gasoline,2026-02-29 24:07:26,2026-02-29 24:07:26,-22.80066683072675,-43.209083280678556,-22.800645574670845,-43.208967324726766,2022.7645022553228,676.8353044742682,334.9292967822537,294726.33505669625,84.22560398822328,22.094598322385256
2,HBEFA4/PC_petrol_Euro-6ab,Gasoline,2026-02-29 24:07:26,2026-02-29 24:07:26,-22.800645574670845,-43.208967324726766,-22.800622873330628,-43.20884346430649,2022.7766384475054,676.8474426663528,334.9292967822537,294722.96845426364,84.2273945643703,22.094952772857298
2,HBEFA4/PC_petrol_Euro-6ab,Gasoline,2026-02-29 24:07:26,2026-02-29 24:07:29,-22.800622873330628,-43.20884346430649,-22.798328222859708,-43.20458084832884,2027.7944243368304,680.2032024733094,337.6922228635222,296278.3820244439,84.6290363553004,22.22957737822673
2,HBEFA4/PC_petrol_Euro-6ab,Gasoline,2026-02-29 24:07:29,2026-02-29 24:07:42,-22.798328222859708,-43.20458084832884,-22.800705392632093,-43.20929334093277,2042.757549979852,693.823037996873,347.9445229829789,302964.3460522792,86.50024652254757,22.755247324306562
2,HBEFA4/PC_petrol_Euro-6ab,Gasoline,2026-02-29 24:07:42,2026-02-29 24:07:42,-22.800705392632093,-43.20929334093277,-22.80068942927933,-43.20920657084725,2042.7647447573872,693.8202327744083,347.9445229829789,302966.6257839394,86.50096980293532,22.75535459956256
2,HBEFA4/PC_petrol_Euro-6ab,Gasoline,2026-02-29 24:07:42,2026-02-29 24:07:42,-22.80068942927933,-43.20920657084725,-22.80067253527244,-43.20920894727382,2042.773827504285,693.8293255222062,347.9445229829789,302972.22432284224,86.50266438322324,22.75562259832229
2,HBEFA4/PC_petrol_Euro-6ab,Gasoline,2026-02-29 24:07:42,2026-02-29 24:07:53,-22.80067253527244,-43.20920894727382,-22.800705038645898,-43.2092924297279,2062.523396542648,706.2725843202796,356.25282223236837,308720.5344369846,88.22270224052592,23.22463860853235
2,HBEFA4/PC_petrol_Euro-6ab,Gasoline,2026-02-29 24:07:53,2026-02-29 24:07:53,-22.800705038645898,-43.2092924297279,-22.800689689248286,-43.20920798926003,2062.5305248457822,706.2787026234229,356.25282223236837,308722.72390244033,88.2223927062059,23.2248435330047
2,HBEFA4/PC_petrol_Euro-6ab,Gasoline,2026-02-29 24:07:53,2026-02-29 24:07:53,-22.800689689248286,-43.20920798926003,-22.800672684352386,-43.20920976050682,2062.5392490622633,706.2874368288948,356.25282223236837,308727.6303447627,88.22390386583468,23.22509945564233
2,HBEFA4/PC_petrol_Euro-6ab,Gasoline,2026-02-29 24:07:53,2026-02-29 24:07:55,-22.800672684352386,-43.20920976050682,-22.800705082936225,-43.20929266952429,2065.7802932584039,709.3926673329622,356.38752592544256,309529.0222230802,88.36224069299758,23.282878033927256
2,HBEFA4/PC_petrol_Euro-6ab,Gasoline,2026-02-29 24:07:55,2026-02-29 24:08:09,-22.800705082936225,-43.20929266952429,-22.800704222509334,-43.20928695225525,2088.232032392292,727.285227526974,360.84592487522827,326202.5436264409,90.33205023622283,23.769356537280242
2,HBEFA4/PC_petrol_Euro-6ab,Gasoline,2026-02-29 24:08:09,2026-02-29 24:08:09,-22.800704222509334,-43.20928695225525,-22.80068860900392,-43.209202096224035,2088.2382637037973,727.2922488285792,360.84592487522827,326205.23608253023,90.3329255978263,23.769563233566926
2,HBEFA4/PC_petrol_Euro-6ab,Gasoline,2026-02-29 24:08:09,2026-02-29 24:08:09,-22.80068860900392,-43.209202096224035,-22.8006698826263,-43.20909992542062,2088.2470458265364,727.3022309523282,360.84592487522827,326220.47346974496,90.33452697653483,23.769823840769547
2,HBEFA4/PC_petrol_Euro-6ab,Gasoline,2026-02-29 24:08:09,2026-02-29 24:08:22,-22.8006698826263,-43.20909992542062,-22.804902309703347,-43.20528859662986,2096.446739079824,732.2399932885925,364.2067458922325,328582.2702402542,90.99529286446433,23.953820725280427
2,HBEFA4/PC_petrol_Euro-6ab,Gasoline,2026-02-29 24:08:22,2026-02-29 24:08:22,-22.804902309703347,-43.20528859662986,-22.804868078200384,-43.20522038274585,2096.449692922594,732.2429460203625,364.2067458922325,328582.2702402542,90.99529286446433,23.953820725280427
2,HBEFA4/PC_petrol_Euro-6ab,Gasoline,2026-02-29 24:08:22,2026-02-29 24:08:40,-22.804868078200384,-43.20522038274585,-22.80070620509506,-43.20929720392998,2253.5470870295438,762.2229987248905,392.3350882946535,334497.73742970956,95.38548963877862,25.228677664069323
2,HBEFA4/PC_petrol_Euro-6ab,Gasoline,2026-02-29 24:08:40,2026-02-29 24:08:40,-22.80070620509506,-43.20929720392998,-22.80069229964882,-43.209226230004586,2253.5545403345754,762.2294520399229,392.3350882946535,334499.8987594088,95.38626859924236,25.228892778679934
2,HBEFA4/PC_petrol_Euro-6ab,Gasoline,2026-02-29 24:08:40,2026-02-29 24:08:40,-22.80069229964882,-43.209226230004586,-22.800673829272056,-43.20922240796229,2253.5630265622499,762.2279282664964,392.3350882946535,334503.563722975,95.38730454294004,25.229237745826858
2,HBEFA4/PC_petrol_Euro-6ab,Gasoline,2026-02-29 24:08:40,2026-02-29 24:08:40,-22.800673829272056,-43.20922240796229,-22.800654660429223,-43.20902688352842,2253.5729407908873,762.2378524962338,392.3350882946535,334508.4807264547,95.38874874050808,25.22942663465227
2,HBEFA4/PC_petrol_Euro-6ab,Gasoline,2026-02-29 24:08:40,2026-02-29 24:08:40,-22.800654660429223,-43.20902688352842,-22.800633432638928,-43.20890207205444,2253.5838804929545,762.2487922973022,392.3350882946535,334522.66937382927,95.38994262253832,25.229742642230498
2,HBEFA4/PC_petrol_Euro-6ab,Gasoline,2026-02-29 24:08:40,2026-02-29 24:08:40,-22.800633432638928,-43.20890207205444,-22.80062225738855,-43.20877954652663,2253.596002527696,762.2609232230426,392.3350882946535,334527.5772270322,95.39228422022728,25.230093608322026
2,HBEFA4/PC_petrol_Euro-6ab,Gasoline,2026-02-29 24:08:40,2026-02-29 24:08:40,-22.80062225738855,-43.20877954652663,-22.800589865432872,-43.20866338599424,2253.608720590743,762.2736322960895,392.3350882946535,334522.068652555,95.39224255558604,25.230459370262745
2,HBEFA4/PC_petrol_Euro-6ab,Gasoline,2026-02-29 24:08:40,2026-02-29 24:08:40,-22.800589865432872,-43.20866338599424,-22.800568662482606,-43.20854772252369,2253.6208782585535,762.2857898639,392.3350882946535,334522.068652555,95.39224255558604,25.230459370262745
2,HBEFA4/PC_petrol_Euro-6ab,Gasoline,2026-02-29 24:08:40,2026-02-29 24:08:40,-22.800568662482606,-43.20854772252369,-22.80054590327597,-43.208432597769026,2253.6329848586554,762.2978965640029,392.3350882946535,334522.7604735706,95.3927453629624,25.230804283962074
2,HBEFA4/PC_petrol_Euro-6ab,Gasoline,2026-02-29 24:08:40,2026-02-29 24:08:43,-22.80054590327597,-43.208432597769026,-22.798095896230223,-43.20295804229442,2258.292947672296,766.4023427445674,392.8926049267284,336024.29645599285,95.85905353868554,25.330954426006076
2,HBEFA4/PC_petrol_Euro-6ab,Gasoline,2026-02-29 24:08:43,2026-02-29 24:08:59,-22.798095896230223,-43.20295804229442,-22.80492087250268,-43.20527945072743,2285.8692903975662,788.254932075437,397.62435832222924,344649.7230495759,98.4025340220263,25.92306997267472
2,HBEFA4/PC_petrol_Euro-6ab,Gasoline,2026-02-29 24:08:59,2026-02-29 24:08:59,-22.80492087250268,-43.20527945072743,-22.80487833629792,-43.20522057075225,2285.872566578228,788.2582082560889,397.62435832222924,344652.3423052296,98.40306052660229,25.923269296798953
2,HBEFA4/PC_petrol_Euro-6ab,Gasoline,2026-02-29 24:08:59,2026-02-29 24:08:59,-22.80487833629792,-43.20522057075225,-22.80483686775904,-43.205250235508466,2285.877382425042,788.263024202922,397.62435832222924,344655.07772690557,98.40442723422697,25.923326507634684
2,HBEFA4/PC_petrol_Euro-6ab,Gasoline,2026-02-29 24:08:59,2026-02-29 24:08:59,-22.80483686775904,-43.205250235508466,-22.804782267267706,-43.20530246205039,2285.8835205787393,788.2692622566202,397.62435832222924,344658.7820872024,98.40569309450977,25.923498848543467
2,HBEFA4/PC_petrol_Euro-6ab,Gasoline,2026-02-29 24:08:59,2026-02-29 24:09:26,-22.804782267267706,-43.20530246205039,-22.79722097343049,-43.2039456362978,2228.0443343256748,806.9776668468733,422.06666747880243,354678.7953503832,202.28244482287675,26.632593827674075
2,HBEFA4/PC_petrol_Euro-6ab,Gasoline,2026-02-29 24:09:26,2026-02-29 24:09:26,-22.79722097343049,-43.2039456362978,-22.797208562705286,-43.20396328787532,2228.057324627622,806.9906572388205,422.06666747880243,354682.6474076222,202.28223645663398,26.632966404924286
2,HBEFA4/PC_petrol_Euro-6ab,Gasoline,2026-02-29 24:09:26,2026-02-29 24:09:26,-22.797208562705286,-43.20396328787532,-22.797027804339305,-43.20389773842009,2228.0699283396384,807.003250860837,422.06666747880243,354682.6474076222,202.28223645663398,26.632966404924286
2,HBEFA4/PC_petrol_Euro-6ab,Gasoline,2026-02-29 24:09:26,2026-02-29 24:09:20,-22.797027804339305,-43.20389773842009,-22.79809464223345,-43.20295849340462,2225.2620764903927,824.0944090225903,422.06666747880243,356349.5962600789,202.78496792952788,26.778222943237674
2,HBEFA4/PC_petrol_Euro-6ab,Gasoline,2026-02-29 24:09:20,2026-02-29 24:09:20,-22.79809464223345,-43.20295849340462,-22.79802357090537,-43.202987722467834,2225.2694322402797,824.2027647623782,422.06666747880243,356353.7852002672,202.78627439367924,26.778466796927833
2,HBEFA4/PC_petrol_Euro-6ab,Gasoline,2026-02-29 24:09:20,2026-02-29 24:09:48,-22.79802357090537,-43.202987722467834,-22.798066364337984,-43.20327722707237,2274.7527358032066,849.6920956200456,425.060640283262,370697.52860645984,205.95859528249662,27.860023586624894
2,HBEFA4/PC_petrol_Euro-6ab,Gasoline,2026-02-29 24:09:48,2026-02-29 24:09:48,-22.798066364337984,-43.20327722707237,-22.797994288595382,-43.2032668570002,2274.7653397697445,849.7046995865835,425.060640283262,370697.52860645984,205.95859528249662,27.860023586624894
2,HBEFA4/PC_petrol_Euro-6ab,Gasoline,2026-02-29 24:09:48,2026-02-29 24:09:48,-22.797994288595382,-43.2032668570002,-22.79788565870699,-43.203305258297574,2274.777725536627,849.7270753534559,425.060640283262,370697.52860645984,205.95859528249662,27.860023586624894
2,HBEFA4/PC_petrol_Euro-6ab,Gasoline,2026-02-29 24:09:48,2026-02-29 24:09:48,-22.79788565870699,-43.203305258297574,-22.797779630809278,-43.20327522447327,2274.7907289646962,849.7300887825352,425.060640283262,370702.2735476227,205.95958843062245,27.860388262723323
2,HBEFA4/PC_petrol_Euro-6ab,Gasoline,2026-02-29 24:09:48,2026-02-29 24:09:48,-22.797779630809278,-43.20327522447327,-22.797678030925223,-43.20322229849422,2274.80305925022,849.7424290670589,425.060640283262,370702.2735476227,205.95958843062245,27.860388262723323
2,HBEFA4/PC_petrol_Euro-6ab,Gasoline,2026-02-29 24:09:48,2026-02-29 24:09:48,-22.797678030925223,-43.20322229849422,-22.79758292768954,-43.20325264252656,2274.8260927290888,849.7554525459279,425.060640283262,370705.02262302445,205.96062724804037,27.860763594230862
2,HBEFA4/PC_petrol_Euro-6ab,Gasoline,2026-02-29 24:09:48,2026-02-29 24:09:48,-22.79758292768954,-43.20325264252656,-22.797489850950824,-43.203095096594225,2274.8282730574567,849.7676328742958,425.060640283262,370705.02262302445,205.96062724804037,27.860763594230862
2,HBEFA4/PC_petrol_Euro-6ab,Gasoline,2026-02-29 24:09:48,2026-02-29 24:09:48,-22.797489850950824,-43.203095096594225,-22.79743224063958,-43.203062009340556,2274.8402092302735,849.7794689472226,425.060640283262,370705.02262302445,205.96062724804037,27.860763594230862
2,HBEFA4/PC_petrol_Euro-6ab,Gasoline,2026-02-29 24:09:48,2026-02-29 24:09:50,-22.79743224063958,-43.203062009340556,-22.798086698848902,-43.20296235727574,2276.824738942994,850.8609592762276,425.9537797668765,372426.2379697679,206.27323462685822,27.903063308662446
2,HBEFA4/PC_petrol_Euro-6ab,Gasoline,2026-02-29 24:09:50,2026-02-29 24:09:53,-22.798086698848902,-43.20296235727574,-22.798268949038246,-43.2045924872377,2282.292905005567,855.7854926233524,426.40742238222455,373424.6864285466,206.82832004262693,28.02005202742276
2,HBEFA4/PC_petrol_Euro-6ab,Gasoline,2026-02-29 24:09:53,2026-02-29 24:09:57,-22.798268949038246,-43.2045924872377,-22.804923286020944,-43.20527724224085,2292.5496765548069,862.7060363066527,429.84364024825403,376440.2922044488,207.70708697238838,28.22893283232027
2,HBEFA4/PC_petrol_Euro-6ab,Gasoline,2026-02-29 24:09:57,2026-02-29 24:20:02,-22.804923286020944,-43.20527724224085,-22.80492662729226,-43.20527395485936,2305.5743842337222,868.0704262702887,437.5039678634226,380307.9237085898,208.75773794704972,28.550344378949248
2,HBEFA4/PC_petrol_Euro-6ab,Gasoline,2026-02-29 24:20:02,2026-02-29 24:20:02,-22.80492662729226,-43.20527395485936,-22.804884067287963,-43.20520508923937,2305.5775960888282,868.0736282253955,437.5039678634226,380309.606282793,208.75828982030952,28.55044229258223
2,HBEFA4/PC_petrol_Euro-6ab,Gasoline,2026-02-29 24:20:02,2026-02-29 24:20:02,-22.804884067287963,-43.20520508923937,-22.80463390763543,-43.20544436684099,2305.6079695232696,868.2040026498472,437.5039678634226,380329.2436924979,208.76460673833728,28.552343004939735
2,HBEFA4/PC_petrol_Euro-6ab,Gasoline,2026-02-29 24:20:02,2026-02-29 24:20:22,-22.80463390763543,-43.20544436684099,-22.802642872448632,-43.202706932220424,2329.3975932796233,882.8063352742828,446.59225800544266,387699.9543994572,220.87729665999574,29.072504479558737
2,HBEFA4/PC_petrol_Euro-6ab,Gasoline,2026-02-29 24:20:22,2026-02-29 24:20:22,-22.802642872448632,-43.202706932220424,-22.802623827744725,-43.2027485224629,2329.4009226052568,882.8096635998252,446.59225800544266,387699.9543994572,220.87729665999574,29.072504479558737
2,HBEFA4/PC_petrol_Euro-6ab,Gasoline,2026-02-29 24:20:22,2026-02-29 24:20:22,-22.802623827744725,-43.2027485224629,-22.802604899694238,-43.202807226574586,2329.4056376832466,882.8243796778049,446.59225800544266,387703.44985535524,220.8785730672634,29.072648297582244
2,HBEFA4/PC_petrol_Euro-6ab,Gasoline,2026-02-29 24:20:22,2026-02-29 24:20:27,-22.802604899694238,-43.202807226574586,-22.800702934788028,-43.209280038554496,2344.7975472272835,893.3683878660866,452.4292593622969,392879.5050022267,222.05244940743708,29.40695832439542
2,HBEFA4/PC_petrol_Euro-6ab,Gasoline,2026-02-29 24:20:27,2026-02-29 24:20:27,-22.800702934788028,-43.209280038554496,-22.800688289485922,-43.20920035302922,2344.8047574064346,893.3755980452378,452.4292593622969,392882.228570644,222.05228925759825,29.407266908337476
2,HBEFA4/PC_petrol_Euro-6ab,Gasoline,2026-02-29 24:20:27,2026-02-29 24:20:27,-22.800688289485922,-43.20920035302922,-22.800670520606786,-43.20920342248505,2344.8230982722468,893.38393892095,452.4292593622969,392885.97694023576,222.0534887422295,29.407409562865084
2,HBEFA4/PC_petrol_Euro-6ab,Gasoline,2026-02-29 24:20:27,2026-02-29 24:20:22,-22.800670520606786,-43.20920342248505,-22.79794839523238,-43.20463738860459,2355.06268025923,902.9662543947452,452.09542586448464,394496.3757398238,222.83263349564707,29.6294302583687
2,HBEFA4/PC_petrol_Euro-6ab,Gasoline,2026-02-29 24:20:22,2026-02-29 24:20:24,-22.79794839523238,-43.20463738860459,-22.80070324095594,-43.209282696274886,2362.0357930262064,907.2543742625686,454.8824287635379,396255.5922469202,223.32366224526454,29.7702832500237
2,HBEFA4/PC_petrol_Euro-6ab,Gasoline,2026-02-29 24:20:24,2026-02-29 24:20:32,-22.80070324095594,-43.209282696274886,-22.804906642430897,-43.20528349680466,2382.946735736023,928.7245468492952,463.2322888867279,402590.58948232036,224.80022298343789,30.222450335725242
2,HBEFA4/PC_petrol_Euro-6ab,Gasoline,2026-02-29 24:20:32,2026-02-29 24:20:32,-22.804906642430897,-43.20528349680466,-22.80487758250856,-43.205222292720274,2382.9498327225346,928.7276438248267,463.2322888867279,402592.3430209502,224.80069855032945,30.22254535899363
2,HBEFA4/PC_petrol_Euro-6ab,Gasoline,2026-02-29 24:20:32,2026-02-29 24:20:46,-22.80487758250856,-43.205222292720274,-22.804922373222686,-43.20527802442269,2400.2604862606835,928.4982876775563,472.7622984832272,407202.32379672966,226.36302588725725,30.62702355067424
2,HBEFA4/PC_petrol_Euro-6ab,Gasoline,2026-02-29 24:20:46,2026-02-29 24:20:46,-22.804922373222686,-43.20527802442269,-22.804879264252057,-43.20520977882267,2400.263774308909,928.5025758257827,472.7622984832272,407202.8632452558,226.36350078829279,30.627222867402324
2,HBEFA4/PC_petrol_Euro-6ab,Gasoline,2026-02-29 24:20:46,2026-02-29 24:20:46,-22.804879264252057,-43.20520977882267,-22.804833327933224,-43.205253622358764,2400.2686898726493,928.5064923885222,472.7622984832272,407206.74940832785,226.36492062327729,30.62726328207374
2,HBEFA4/PC_petrol_Euro-6ab,Gasoline,2026-02-29 24:20:46,2026-02-29 24:20:57,-22.804833327933224,-43.205253622358764,-22.80264404562539,-43.20270292240587,2423.8882004924058,944.4689484693527,479.42925202305407,423566.34427075623,228.24958249750204,32.243505055225592
2,HBEFA4/PC_petrol_Euro-6ab,Gasoline,2026-02-29 24:20:57,2026-02-29 24:20:57,-22.80264404562539,-43.20270292240587,-22.802625394323897,-43.20274492074255,2423.8922436365302,944.4729926234762,479.42925202305407,423566.34427075623,228.24958249750204,32.243505055225592
2,HBEFA4/PC_petrol_Euro-6ab,Gasoline,2026-02-29 24:20:57,2026-02-29 24:20:57,-22.802625394323897,-43.20274492074255,-22.802605282023523,-43.202798553022364,2423.8962282496905,944.4768662266366,479.42925202305407,423570.52548568346,228.25222036860906,32.243655279472347
2,HBEFA4/PC_petrol_Euro-6ab,Gasoline,2026-02-29 24:20:57,2026-02-29 24:20:57,-22.802605282023523,-43.202798553022364,-22.80262493990389,-43.20286494287252,2423.9022298870705,944.4828678640265,479.42925202305407,423573.87662690323,228.25226770779806,32.2438328873404
2,HBEFA4/PC_petrol_Euro-6ab,Gasoline,2026-02-29 24:20:57,2026-02-29 24:22:32,-22.80262493990389,-43.20286494287252,-22.797958929205987,-43.20463620359746,2493.2082504524004,989.5997632888266,503.5083872635837,433374.44343452394,223.73944209663346,32.65823227284645
2,HBEFA4/PC_petrol_Euro-6ab,Gasoline,2026-02-29 24:22:32,2026-02-29 24:22:32,-22.797958929205987,-43.20463620359746,-22.797923899762704,-43.20464037955794,2493.2209259287624,989.6025286552786,503.5083872635837,433374.44343452394,223.73944209663346,32.65823227284645
2,HBEFA4/PC_petrol_Euro-6ab,Gasoline,2026-02-29 24:22:32,2026-02-29 24:22:32,-22.797923899762704,-43.20464037955794,-22.797874494528497,-43.2046464220723,2493.224828925282,989.6064326526972,503.5083872635837,433377.4403798079,223.74055958670866,32.65835290389299
2,HBEFA4/PC_petrol_Euro-6ab,Gasoline,2026-02-29 24:22:32,2026-02-29 24:22:32,-22.797874494528497,-43.2046464220723,-22.797823205723545,-43.204650246758,2493.220325256532,989.6229379929474,503.5083872635837,433382.4384622358,223.74297784932249,32.65852820373066
2,HBEFA4/PC_petrol_Euro-6ab,Gasoline,2026-02-29 24:22:32,2026-02-29 24:22:32,-22.797823205723545,-43.204650246758,-22.797737740383294,-43.204646839998944,2493.227253243632,989.6287659800474,503.5083872635837,433385.29734954477,223.74325839850239,32.65872956349766
2,HBEFA4/PC_petrol_Euro-6ab,Gasoline,2026-02-29 24:22:32,2026-02-29 24:22:32,-22.797737740383294,-43.204646839998944,-22.797649609380393,-43.20464297322943,2493.2355064953028,989.6272292327282,503.5083872635837,433389.9226330738,223.74470259693245,32.65896435786526
2,HBEFA4/PC_petrol_Euro-6ab,Gasoline,2026-02-29 24:22:32,2026-02-29 24:22:32,-22.797649609380393,-43.20464297322943,-22.7975457229565,-43.20463842453232,2493.2452746528244,989.6368873882406,503.5083872635837,433394.72024997947,223.7462205607084,32.65924865020722
2,HBEFA4/PC_petrol_Euro-6ab,Gasoline,2026-02-29 24:22:32,2026-02-29 24:22:32,-22.7975457229565,-43.20463842453232,-22.79743040735077,-43.20463335534095,2493.2567902967494,989.6484029332657,503.5083872635837,433400.87472339287,223.74782074826237,32.659584623372375
2,HBEFA4/PC_petrol_Euro-6ab,Gasoline,2026-02-29 24:22:32,2026-02-29 24:22:32,-22.79743040735077,-43.20463335534095,-22.79732324292384,-43.204628224593676,2493.2695702985073,989.6622830349236,503.5083872635837,433406.2988222798,223.74924292222634,32.65995522607623
2,HBEFA4/PC_petrol_Euro-6ab,Gasoline,2026-02-29 24:22:32,2026-02-29 24:22:32,-22.79732324292384,-43.204628224593676,-22.797202806098627,-43.20462332525395,2493.2825564258809,989.6742692622972,503.5083872635837,433408.6528633498,223.74993428088407,32.66032702247262
2,HBEFA4/PC_petrol_Euro-6ab,Gasoline,2026-02-29 24:22:32,2026-02-29 24:22:32,-22.797202806098627,-43.20462332525395,-22.797940482600925,-43.204638354869225,2493.5649832756386,990.0565959220548,503.5083872635837,433522.5358732302,223.78232832932228,32.6678398744898
2,HBEFA4/PC_petrol_Euro-6ab,Gasoline,2026-02-29 24:22:32,2026-02-29 24:22:46,-22.797940482600925,-43.204638354869225,-22.80492552290766,-43.2052750025977,2527.6276857874227,2006.2220267222934,522.40566906622946,440348.2626067408,225.72223748878405,33.293492572695074
2,HBEFA4/PC_petrol_Euro-6ab,Gasoline,2026-02-29 24:22:46,2026-02-29 24:22:46,-22.80492552290766,-43.2052750025977,-22.80488822422006,-43.20520220868233,2527.6305382270587,2006.2248692609292,522.40566906622946,440349.99880266255,225.72282002370702,33.29358206026235
2,HBEFA4/PC_petrol_Euro-6ab,Gasoline,2026-02-29 24:22:46,2026-02-29 24:22:46,-22.80488822422006,-43.20520220868233,-22.804852928820263,-43.205234873078865,2527.6345936374369,2006.2289245723074,522.40566906622946,440353.2094092829,225.72397848849292,33.293706289474774
2,HBEFA4/PC_petrol_Euro-6ab,Gasoline,2026-02-29 24:22:46,2026-02-29 24:22:00,-22.804852928820263,-43.205234873078865,-22.800705244744268,-43.209292004278295,2552.386939970439,2028.0708839634923,523.3260560069477,449396.25242685227,228.26238795493626,33.930240897390494
2,HBEFA4/PC_petrol_Euro-6ab,Gasoline,2026-02-29 24:22:00,2026-02-29 24:22:00,-22.800705244744268,-43.209292004278295,-22.80069045809742,-43.209222284329234,2552.393834704546,2028.0777786975982,523.3260560069477,449396.25242685227,228.26238795493626,33.930240897390494
2,HBEFA4/PC_petrol_Euro-6ab,Gasoline,2026-02-29 24:22:00,2026-02-29 24:22:00,-22.80069045809742,-43.209222284329234,-22.800673660209066,-43.20922053962804,2552.402289989232,2028.0862339822834,523.3260560069477,449400.6494557465,228.26379224204745,33.93038545492265
2,HBEFA4/PC_petrol_Euro-6ab,Gasoline,2026-02-29 24:22:00,2026-02-29 24:22:00,-22.800673660209066,-43.20922053962804,-22.80065426650654,-43.20902473442829,2552.4227826732357,2028.095725666288,523.3260560069477,449405.02272860256,228.26509086874995,33.9306639257992
2,HBEFA4/PC_petrol_Euro-6ab,Gasoline,2026-02-29 24:22:00,2026-02-29 24:22:03,-22.80065426650654,-43.20902473442829,-22.800702656364585,-43.20927853205427,2555.9098068239037,2032.4625272559996,523.4482796579043,450678.62293205053,228.65278305755297,34.022863925202726
2,HBEFA4/PC_petrol_Euro-6ab,Gasoline,2026-02-29 24:22:03,2026-02-29 24:22:07,-22.800702656364585,-43.20927853205427,-22.79722628324264,-43.203946532282256,2564.679877060456,2038.6762280988225,526.0037589626345,453424.6863276785,229.45260002389877,34.20996286878945
2,HBEFA4/PC_petrol_Euro-6ab,Gasoline,2026-02-29 24:22:07,2026-02-29 24:22:07,-22.79722628324264,-43.203946532282256,-22.79720620074546,-43.203963358352736,2564.6929430748522,2038.6882842232279,526.0037589626345,453424.6863276785,229.45260002389877,34.20996286878945
2,HBEFA4/PC_petrol_Euro-6ab,Gasoline,2026-02-29 24:22:07,2026-02-29 24:22:27,-22.79720620074546,-43.203963358352736,-22.802643850822244,-43.20270237237638,2585.8072456650492,2053.7026604028552,532.204485262294,459883.62569423287,232.32358709729304,34.66952368305075
2,HBEFA4/PC_petrol_Euro-6ab,Gasoline,2026-02-29 24:22:27,2026-02-29 24:22:27,-22.802643850822244,-43.20270237237638,-22.80262549272375,-43.20274468396829,2585.8202745470322,2053.7057892848372,532.204485262294,459883.62569423287,232.32358709729304,34.66952368305075
2,HBEFA4/PC_petrol_Euro-6ab,Gasoline,2026-02-29 24:22:27,2026-02-29 24:22:27,-22.80262549272375,-43.20274468396829,-22.80260520490722,-43.20279785082623,2585.825072535003,2053.720587272809,532.204485262294,459887.5328253324,232.32502880280226,34.6696709939059
2,HBEFA4/PC_petrol_Euro-6ab,Gasoline,2026-02-29 24:22:27,2026-02-29 24:22:27,-22.80260520490722,-43.20279785082623,-22.802625499598687,-43.20286628284089,2585.8220277230269,2053.726542460833,532.204485262294,459890.93326222645,232.32629323009934,34.669847563737854
2,HBEFA4/PC_petrol_Euro-6ab,Gasoline,2026-02-29 24:22:27,2026-02-29 24:22:45,-22.802625499598687,-43.20286628284089,-22.804920595580754,-43.205279724646746,2645.232603220305,2095.629839258834,549.522763852472,477605.43557560886,236.43245444702958,35.97306337786635
2,HBEFA4/PC_petrol_Euro-6ab,Gasoline,2026-02-29 24:22:45,2026-02-29 24:22:45,-22.804920595580754,-43.205279724646746,-22.804878226725764,-43.205220780773534,2645.23477742994,2095.623023568469,549.522763852472,477607.23722779257,236.43202565522208,35.97326026085809
2,HBEFA4/PC_petrol_Euro-6ab,Gasoline,2026-02-29 24:22:45,2026-02-29 24:22:45,-22.804878226725764,-43.205220780773534,-22.804838285468226,-43.20524887946692,2645.239584926035,2095.627822074564,549.522763852472,477622.00522424746,236.43343665229528,35.97330766780286
2,HBEFA4/PC_petrol_Euro-6ab,Gasoline,2026-02-29 24:22:45,2026-02-29 24:22:45,-22.804838285468226,-43.20524887946692,-22.804788755044648,-43.20529625539024,2645.245480730255,2095.633726878684,549.522763852472,477624.28453272296,236.4345592208322,35.97348229725826
2,HBEFA4/PC_petrol_Euro-6ab,Gasoline,2026-02-29 24:22:45,2026-02-29 24:22:45,-22.804788755044648,-43.20529625539024,-22.804725997655282,-43.205356282853565,2645.2528222980537,2095.6420483465825,549.522763852472,477628.4662542402,236.4359205582277,35.97369823726806
2,HBEFA4/PC_petrol_Euro-6ab,Gasoline,2026-02-29 24:22:45,2026-02-29 24:22:45,-22.804725997655282,-43.205356282853565,-22.804654202674223,-43.20542505032688,2645.262202522238,2095.650337659667,549.522763852472,477624.27580642274,236.4376669666693,35.97397230224625
2,HBEFA4/PC_petrol_Euro-6ab,Gasoline,2026-02-29 24:22:45,2026-02-29 24:22:45,-22.804654202674223,-43.20542505032688,-22.804578005847493,-43.2054978367454,2645.2727433605227,2095.6609795090408,549.522763852472,477629.2848298966,236.43907294067344,35.97428028354094
2,HBEFA4/PC_petrol_Euro-6ab,Gasoline,2026-02-29 24:22:45,2026-02-29 24:22:45,-22.804578005847493,-43.2054978367454,-22.804532320444927,-43.20554254422294,2645.2840072587737,2095.6722433073028,549.522763852472,477632.48488923727,236.44002452209398,35.974603837342796
2,HBEFA4/PC_petrol_Euro-6ab,Gasoline,2026-02-29 24:22:45,2026-02-29 24:23:26,-22.804532320444927,-43.20554254422294,-22.80070327707366,-43.20928289283229,2695.5247552296229,2227.3307828272236,568.2939734223982,492830.89403944327,240.42228977504044,37.07959644258294
2,HBEFA4/PC_petrol_Euro-6ab,Gasoline,2026-02-29 24:23:26,2026-02-29 24:23:26,-22.80070327707366,-43.20928289283229,-22.80068767092622,-43.20929697828743,2695.5322333836846,2227.3382599722863,568.2939734223982,492833.2608665829,240.42303692909797,37.079822754629485
2,HBEFA4/PC_petrol_Euro-6ab,Gasoline,2026-02-29 24:23:26,2026-02-29 24:23:26,-22.80068767092622,-43.20929697828743,-22.800668962646223,-43.20909490629247,2695.5422224770525,2227.3472480646542,568.2939734223982,492837.8028543223,240.42442493808528,37.08007208068982
2,HBEFA4/PC_petrol_Euro-6ab,Gasoline,2026-02-29 24:23:26,2026-02-29 24:23:26,-22.800668962646223,-43.20909490629247,-22.800646800596635,-43.20897400294625,2695.5528044993226,2227.3578320869234,568.2939734223982,492843.76334584405,240.42622280385628,37.08038326298068
2,HBEFA4/PC_petrol_Euro-6ab,Gasoline,2026-02-29 24:23:26,2026-02-29 24:23:26,-22.800646800596635,-43.20897400294625,-22.80062496726374,-43.20885488803484,2695.5644584460845,2227.3704850336862,568.2939734223982,492850.96250307007,240.42802739795835,37.08075340528787
2,HBEFA4/PC_petrol_Euro-6ab,Gasoline,2026-02-29 24:23:26,2026-02-29 24:23:26,-22.80062496726374,-43.20885488803484,-22.80060366280302,-43.2087386589607,2695.5769252269382,2227.38295280454,568.2939734223982,492852.30926760565,240.42844023232723,37.08220829322255
2,HBEFA4/PC_petrol_Euro-6ab,Gasoline,2026-02-29 24:23:26,2026-02-29 24:23:26,-22.80060366280302,-43.2087386589607,-22.800582322253025,-43.20862677290357,2695.5890899555893,2227.395226543292,568.2939734223982,492852.30926760565,240.42844023232723,37.08220829322255
2,HBEFA4/PC_petrol_Euro-6ab,Gasoline,2026-02-29 24:23:26,2026-02-29 24:23:26,-22.800582322253025,-43.20862677290357,-22.800558855035987,-43.20849796386942,2695.6028468734032,2227.407873462005,568.2939734223982,492855.7925082979,240.42939549750322,37.08247503667726
2,HBEFA4/PC_petrol_Euro-6ab,Gasoline,2026-02-29 24:23:26,2026-02-29 24:23:26,-22.800558855035987,-43.20849796386942,-22.80053435725322,-43.20837432734662,2695.6242969079478,2227.4203234955496,568.2939734223982,492855.7925082979,240.42939549750322,37.08247503667726
2,HBEFA4/PC_petrol_Euro-6ab,Gasoline,2026-02-29 24:23:26,2026-02-29 24:23:26,-22.80053435725322,-43.20837432734662,-22.80052258006094,-43.20825937484564,2695.6272778882087,2227.4333044758205,568.2939734223982,492859.2445032298,240.43032338008493,37.08284827092953
2,HBEFA4/PC_petrol_Euro-6ab,Gasoline,2026-02-29 24:23:26,2026-02-29 24:23:26,-22.80052258006094,-43.20825937484564,-22.80032285738578,-43.20730694288604,2695.726939233454,2227.5329657220557,568.2939734223982,492872.563495922,240.43407308482747,37.083650920659295
2,HBEFA4/PC_petrol_Euro-6ab,Gasoline,2026-02-29 24:23:26,2026-02-29 24:23:25,-22.80032285738578,-43.20730694288604,-22.804900060789983,-43.205289792209584,2722.5678926920602,2238.2623726405802,574.4055220524799,496892.58304328234,242.8533432992877,37.45602227982222
2,HBEFA4/PC_petrol_Euro-6ab,Gasoline,2026-02-29 24:23:25,2026-02-29 24:23:25,-22.804900060789983,-43.205289792209584,-22.804866202460878,-43.20522227245023,2722.5722667752329,2238.265645723752,574.4055220524799,496892.58304328234,242.8533432992877,37.45602227982222
2,HBEFA4/PC_petrol_Euro-6ab,Gasoline,2026-02-29 24:23:25,2026-02-29 24:23:25,-22.804866202460878,-43.20522227245023,-22.80482225248254,-43.20526422600338,2722.576293272064,2238.270672220584,574.4055220524799,496896.68025623506,242.85483838443895,37.45627607437746
2,HBEFA4/PC_petrol_Euro-6ab,Gasoline,2026-02-29 24:23:25,2026-02-29 24:23:33,-22.80482225248254,-43.20526422600338,-22.798093044740326,-43.202959069357436,2723.6429872942487,2246.4774077206762,577.2645795734725,500202.22503623,242.7952225470825,37.69535694022453
2,HBEFA4/PC_petrol_Euro-6ab,Gasoline,2026-02-29 24:23:33,2026-02-29 24:23:33,-22.798093044740326,-43.202959069357436,-22.798007224227027,-43.202990050365204,2723.6504987822937,2246.485929207822,577.2645795734725,500205.2467602729,242.7963990268608,37.69560492757522
2,HBEFA4/PC_petrol_Euro-6ab,Gasoline,2026-02-29 24:23:33,2026-02-29 24:23:43,-22.798007224227027,-43.202990050365204,-22.79726263905438,-43.20299725030865,2755.2292625272024,2266.8068324099058,588.3223292072965,508728.88977980387,245.22825407667835,38.3937075284978
2,HBEFA4/PC_petrol_Euro-6ab,Gasoline,2026-02-29 24:23:43,2026-02-29 24:23:43,-22.79726263905438,-43.20299725030865,-22.797048854376552,-43.20299853326868,2755.232233835909,2266.8298047287224,588.3223292072965,508722.40772227784,245.22886283922424,38.39407902934028
2,HBEFA4/PC_petrol_Euro-6ab,Gasoline,2026-02-29 24:23:43,2026-02-29 24:23:43,-22.797048854376552,-43.20299853326868,-22.796933807250998,-43.203004586520964,2755.244733573286,2266.8324044659894,588.3223292072965,508722.40772227784,245.22886283922424,38.39407902934028
2,HBEFA4/PC_petrol_Euro-6ab,Gasoline,2026-02-29 24:23:43,2026-02-29 24:23:43,-22.796933807250998,-43.203004586520964,-22.79683998690389,-43.20302227928724,2755.257494286425,2266.8452650792285,588.3223292072965,508723.7234033223,245.22952822977392,38.39444400563846
2,HBEFA4/PC_petrol_Euro-6ab,Gasoline,2026-02-29 24:23:43,2026-02-29 24:23:45,-22.79683998690389,-43.20302227928724,-22.80490235628226,-43.20528855206698,2759.203992899928,2268.4509287476742,590.7530742522538,520056.7997703008,245.5928663449502,38.48837230338242
2,HBEFA4/PC_petrol_Euro-6ab,Gasoline,2026-02-29 24:23:45,2026-02-29 24:23:45,-22.80490235628226,-43.20528855206698,-22.804870333428397,-43.20522822552868,2759.2070250270248,2268.4539408647609,590.7530742522538,520058.5323529982,245.59244367434886,38.48846526247402
2,HBEFA4/PC_petrol_Euro-6ab,Gasoline,2026-02-29 24:23:45,2026-02-29 24:24:02,-22.804870333428397,-43.20522822552868,-22.802644487024042,-43.202700905049904,2805.2633725232358,2298.7346322422745,606.4287402729623,522679.6347288654,249.25975268869922,39.49538925822422
2,HBEFA4/PC_petrol_Euro-6ab,Gasoline,2026-02-29 24:24:02,2026-02-29 24:24:02,-22.802644487024042,-43.202700905049904,-22.80262404643689,-43.20274802742062,2805.2673582746375,2298.7386280026763,606.4287402729623,522679.6347288654,249.25975268869922,39.49538925822422
2,HBEFA4/PC_petrol_Euro-6ab,Gasoline,2026-02-29 24:24:02,2026-02-29 24:24:02,-22.80262404643689,-43.20274802742062,-22.802604805769842,-43.2028200987339,2805.272700526934,2298.7439602549728,606.4287402729623,522683.2286382843,249.2620226348763,39.495549962900796
2,HBEFA4/PC_petrol_Euro-6ab,Gasoline,2026-02-29 24:24:02,2026-02-29 24:24:02,-22.802604805769842,-43.2028200987339,-22.802623388255292,-43.2028836445825,2805.2795364222063,2298.750796240245,606.4287402729623,522687.37620796455,249.26240670359278,39.495752320375924
2,HBEFA4/PC_petrol_Euro-6ab,Gasoline,2026-02-29 24:24:02,2026-02-29 24:24:02,-22.802623388255292,-43.2028836445825,-22.802994486635303,-43.202045633488595,2805.229562596952,2298.7908223249907,606.4287402729623,522706.2232076703,249.26789420689606,39.49692624020577
2,HBEFA4/PC_petrol_Euro-6ab,Gasoline,2026-02-29 24:24:02,2026-02-29 24:24:02,-22.802994486635303,-43.202045633488595,-22.80309998768065,-43.20209045367428,2805.2325086555604,2298.8037683835992,606.4287402729623,522720.37055799004,249.26902546092226,39.497289722420046
2,HBEFA4/PC_petrol_Euro-6ab,Gasoline,2026-02-29 24:24:02,2026-02-29 24:24:22,-22.80309998768065,-43.20209045367428,-22.798333780256096,-43.20457746052382,2853.7904429869254,2232.2579227363022,622.6325222506242,536325.2069529522,253.03430668067367,40.55630984064352
2,HBEFA4/PC_petrol_Euro-6ab,Gasoline,2026-02-29 24:24:22,2026-02-29 24:24:22,-22.798333780256096,-43.20457746052382,-22.798224392823065,-43.20460222752877,2853.8025252273665,2232.2700038667523,622.6325222506242,536327.9064205367,253.03507280640622,40.556655822760276
2,HBEFA4/PC_petrol_Euro-6ab,Gasoline,2026-02-29 24:24:22,2026-02-29 24:24:22,-22.798224392823065,-43.20460222752877,-22.798208069620695,-43.20462788409837,2853.8248808584692,2232.282359607855,622.6325222506242,536320.4724484062,253.03580047053936,40.55700946852349
2,HBEFA4/PC_petrol_Euro-6ab,Gasoline,2026-02-29 24:24:22,2026-02-29 24:24:29,-22.798208069620695,-43.20462788409837,-22.7980992385247,-43.202956872336,2875.8565222427624,2247.3283692854535,628.5382529563089,542822.5452393285,254.90067404802588,42.0308264724766
2,HBEFA4/PC_petrol_Euro-6ab,Gasoline,2026-02-29 24:24:29,2026-02-29 24:24:29,-22.7980992385247,-43.202956872336,-22.798022396823894,-43.20298850630366,2875.8649772043,2247.326825247992,628.5382529563089,542827.9404967356,254.90235426434643,42.032065859542956
2,HBEFA4/PC_petrol_Euro-6ab,Gasoline,2026-02-29 24:24:29,2026-02-29 24:24:29,-22.798022396823894,-43.20298850630366,-22.797906929972755,-43.20202627382575,2875.8752229024027,2247.3370709460928,628.5382529563089,542833.7298507222,254.90403022024062,42.03236548386847
2,HBEFA4/PC_petrol_Euro-6ab,Gasoline,2026-02-29 24:24:29,2026-02-29 24:24:29,-22.797906929972755,-43.20202627382575,-22.79780098529769,-43.20206436685746,2875.8874227804783,2247.3492708242695,628.5382529563089,542840.6879256624,254.90590252323737,42.032722283884356
2,HBEFA4/PC_petrol_Euro-6ab,Gasoline,2026-02-29 24:24:29,2026-02-29 24:24:29,-22.79780098529769,-43.20206436685746,-22.797689858278856,-43.20220443287672,2875.8997928895694,2247.3626409332606,628.5382529563089,542842.9820626936,254.90655857325627,42.0320758857824
2,HBEFA4/PC_petrol_Euro-6ab,Gasoline,2026-02-29 24:24:29,2026-02-29 24:24:29,-22.797689858278856,-43.20220443287672,-22.79758026552828,-43.2022439435942,2875.9227693243886,2247.3746273680797,628.5382529563089,542846.542230386,254.90752893759694,42.03244923200276
2,HBEFA4/PC_petrol_Euro-6ab,Gasoline,2026-02-29 24:24:29,2026-02-29 24:24:29,-22.79758026552828,-43.2022439435942,-22.797472450937024,-43.2022846826034,2875.9255665758799,2247.387424629572,628.5382529563089,542847.9208605282,254.90794988736388,42.03282372400942
2,HBEFA4/PC_petrol_Euro-6ab,Gasoline,2026-02-29 24:24:29,2026-02-29 24:24:29,-22.797472450937024,-43.2022846826034,-22.79736584002563,-43.20223047482282,2875.9383264029582,2247.4002744456493,628.5382529563089,542849.6852546503,254.90846879992935,42.03327776895672
2,HBEFA4/PC_petrol_Euro-6ab,Gasoline,2026-02-29 24:24:29,2026-02-29 24:24:29,-22.79736584002563,-43.20223047482282,-22.797258676288358,-43.2022769422578,2875.9509323362272,2247.4227803798083,628.5382529563089,542852.2260622007,254.90890567827024,42.03353677640304
2,HBEFA4/PC_petrol_Euro-6ab,Gasoline,2026-02-29 24:24:29,2026-02-29 24:24:30,-22.797258676288358,-43.2022769422578,-22.79809556025762,-43.20295826246046,2876.2209734265398,2247.682822470232,628.5382529563089,542922.7445478068,254.92678582305283,42.038698787220365
2,HBEFA4/PC_petrol_Euro-6ab,Gasoline,2026-02-29 24:24:30,2026-02-29 24:24:46,-22.79809556025762,-43.20295826246046,-22.80070055885297,-43.20926727425747,2927.8279967570445,2277.9068004479228,639.9222963092327,555502.2663987692,258.5902799207724,42.94042837094882
2,HBEFA4/PC_petrol_Euro-6ab,Gasoline,2026-02-29 24:24:46,2026-02-29 24:24:46,-22.80070055885297,-43.20926727425747,-22.800686072336596,-43.20928825692628,2927.8345242920584,2277.9233278829254,639.9222963092327,555502.2663987692,258.5902799207724,42.94042837094882
2,HBEFA4/PC_petrol_Euro-6ab,Gasoline,2026-02-29 24:24:46,2026-02-29 24:24:46,-22.800686072336596,-43.20928825692628,-22.800669092374687,-43.2090956240496,2927.842774269926,2277.9225779607832,639.9222963092327,555507.2872056422,258.59285572403823,42.940662537544464
2,HBEFA4/PC_petrol_Euro-6ab,Gasoline,2026-02-29 24:24:46,2026-02-29 24:24:46,-22.800669092374687,-43.2090956240496,-22.800650235744484,-43.20899274394029,2927.8524704242882,2277.9322742252555,639.9222963092327,555522.2222663026,258.59328492878387,42.94094387742245
2,HBEFA4/PC_petrol_Euro-6ab,Gasoline,2026-02-29 24:24:46,2026-02-29 24:24:46,-22.800650235744484,-43.20899274394029,-22.80062926338727,-43.208877780554226,2927.8632369829477,2277.942040672825,639.9222963092327,555526.3894202027,258.5945200203732,42.94225525466585
2,HBEFA4/PC_petrol_Euro-6ab,Gasoline,2026-02-29 24:24:46,2026-02-29 24:24:46,-22.80062926338727,-43.208877780554226,-22.800606727320523,-43.208755377778004,2927.8752692462588,2277.954072937226,639.9222963092327,555522.4922464323,258.59590578482542,42.94260392400878
2,HBEFA4/PC_petrol_Euro-6ab,Gasoline,2026-02-29 24:24:46,2026-02-29 24:24:46,-22.800606727320523,-43.208755377778004,-22.800584350265522,-43.20863329694589,2927.8880802345895,2277.9668838254568,639.9222963092327,555525.4937497092,258.59699276070862,42.942973203282256
2,HBEFA4/PC_petrol_Euro-6ab,Gasoline,2026-02-29 24:24:46,2026-02-29 24:24:53,-22.800584350265522,-43.20863329694589,-22.800704045279858,-43.20928605222953,2937.7236855067838,2289.5366959424298,648.276989564354,562427.0299683672,260.2494822842589,42.38528722462285
2,HBEFA4/PC_petrol_Euro-6ab,Gasoline,2026-02-29 24:24:53,2026-02-29 24:24:53,-22.800704045279858,-43.20928605222953,-22.800687523890872,-43.20929627626222,2937.722347930228,2289.544358365764,648.276989564354,562430.0225047242,260.25043205823548,42.38550905797257
2,HBEFA4/PC_petrol_Euro-6ab,Gasoline,2026-02-29 24:24:53,2026-02-29 24:24:53,-22.800687523890872,-43.20929627626222,-22.800667889852328,-43.20908905892778,2937.7307554288934,2289.5537658645394,648.276989564354,562435.4224476225,260.25204722853203,42.38578460477723
2,HBEFA4/PC_petrol_Euro-6ab,Gasoline,2026-02-29 24:24:53,2026-02-29 24:24:53,-22.800667889852328,-43.20908905892778,-22.80064679989373,-43.20897399922246,2937.742966494298,2289.564976929844,648.276989564354,562442.590893443,260.2537727208523,42.38622203257084
2,HBEFA4/PC_petrol_Euro-6ab,Gasoline,2026-02-29 24:24:53,2026-02-29 24:25:00,-22.80064679989373,-43.20897399922246,-22.802648022833835,-43.202692778577204,2962.0829808893893,2302.7264504682823,658.3665304222069,568394.542784803,262.2988262656247,42.90237220795978
2,HBEFA4/PC_petrol_Euro-6ab,Gasoline,2026-02-29 24:25:00,2026-02-29 24:25:00,-22.802648022833835,-43.202692778577204,-22.802632332848406,-43.20273222567226,2962.0862467827226,2302.7296263626056,658.3665304222069,568394.542784803,262.2988262656247,42.90237220795978
2,HBEFA4/PC_petrol_Euro-6ab,Gasoline,2026-02-29 24:25:00,2026-02-29 24:25:00,-22.802632332848406,-43.20273222567226,-22.802608373367426,-43.202784242373224,2962.0905064467886,2302.7239760256826,658.3665304222069,568397.6962493293,262.2999740628499,42.90250550426269
2,HBEFA4/PC_petrol_Euro-6ab,Gasoline,2026-02-29 24:25:00,2026-02-29 24:25:08,-22.802608373367426,-43.202784242373224,-22.80492596899445,-43.205274574957596,2982.3626949586735,2327.9846222462246,664.378073722449,574854.8877606773,264.06062922222588,43.35878535422278
2,HBEFA4/PC_petrol_Euro-6ab,Gasoline,2026-02-29 24:25:08,2026-02-29 24:25:08,-22.80492596899445,-43.205274574957596,-22.804886564058325,-43.20520270087549,2982.3654620494702,2327.987388337022,664.378073722449,574856.3992972064,264.0622036652823,43.35887072273832
2,HBEFA4/PC_petrol_Euro-6ab,Gasoline,2026-02-29 24:25:08,2026-02-29 24:25:08,-22.804886564058325,-43.20520270087549,-22.804843724644548,-43.20524368644859,2982.369824555623,2327.9927408432738,664.378073722449,574860.0905635299,264.06248822802532,43.35900559350274
2,HBEFA4/PC_petrol_Euro-6ab,Gasoline,2026-02-29 24:25:08,2026-02-29 24:25:08,-22.804843724644548,-43.20524368644859,-22.804792947438528,-43.20529224536226,2982.3762572062026,2327.9980833936525,664.378073722449,574864.9440792298,264.064256090032,43.35929658027032
2,HBEFA4/PC_petrol_Euro-6ab,Gasoline,2026-02-29 24:25:08,2026-02-29 24:25:30,-22.804792947438528,-43.20529224536226,-22.798042082707262,-43.20297744332632,2040.236326390349,2350.9226595802454,689.2246668202037,592432.9554539347,268.97528272682785,44.642249490324024
2,HBEFA4/PC_petrol_Euro-6ab,Gasoline,2026-02-29 24:25:30,2026-02-29 24:25:30,-22.798042082707262,-43.20297744332632,-22.79794578298246,-43.20202226272627,2040.2465597926779,2350.9328929825743,689.2246668202037,592433.7307643582,268.97572528747984,44.64254072868826
2,HBEFA4/PC_petrol_Euro-6ab,Gasoline,2026-02-29 24:25:30,2026-02-29 24:25:30,-22.79794578298246,-43.20202226272627,-22.797834283287682,-43.20205239790005,2040.2578048202032,2350.9432380200996,689.2246668202037,592437.9822029062,268.97692529362047,44.64286550992722
2,HBEFA4/PC_petrol_Euro-6ab,Gasoline,2026-02-29 24:25:30,2026-02-29 24:25:30,-22.797834283287682,-43.20205239790005,-22.79772567676834,-43.202092528093276,2040.2708363354278,2350.9562695253242,689.2246668202037,592444.8356327472,268.9787225267209,44.64224588234923
2,HBEFA4/PC_petrol_Euro-6ab,Gasoline,2026-02-29 24:25:30,2026-02-29 24:25:30,-22.79772567676834,-43.202092528093276,-22.797629552252568,-43.20222977946028,2040.2835067488562,2350.9688399387526,689.2246668202037,592444.8356327472,268.9787225267209,44.64224588234923
2,HBEFA4/PC_petrol_Euro-6ab,Gasoline,2026-02-29 24:25:30,2026-02-29 24:25:30,-22.797629552252568,-43.20222977946028,-22.797523722737435,-43.20226793476009,2040.2958990232304,2350.9822322232268,689.2246668202037,592444.8356327472,268.9787225267209,44.64224588234923
2,HBEFA4/PC_petrol_Euro-6ab,Gasoline,2026-02-29 24:25:30,2026-02-29 24:25:30,-22.797523722737435,-43.20226793476009,-22.797420572072305,-43.2022220788762,2040.2082569649335,2350.99359025483,689.2246668202037,592446.5847892247,268.97922824276823,44.64259829302323
2,HBEFA4/PC_petrol_Euro-6ab,Gasoline,2026-02-29 24:25:30,2026-02-29 24:25:30,-22.797420572072305,-43.2022220788762,-22.79730758526587,-43.20225573422504,2040.220523027233,2352.0058462272294,689.2246668202037,592448.2502705722,268.97969773069222,44.6429472236282
2,HBEFA4/PC_petrol_Euro-6ab,Gasoline,2026-02-29 24:25:30,2026-02-29 24:25:30,-22.79730758526587,-43.20225573422504,-22.797203534602538,-43.20230203972325,2040.2328057404507,2352.028238930347,689.2246668202037,592450.0830825689,268.9802622952969,44.64329795658829
2,HBEFA4/PC_petrol_Euro-6ab,Gasoline,2026-02-29 24:25:30,2026-02-29 24:25:32,-22.797203534602538,-43.20230203972325,-22.79820627932722,-43.20295429782998,2043.065678859222,2353.8520220492273,689.2246668202037,593356.5542490292,269.2683227067969,44.70573966962204
2,HBEFA4/PC_petrol_Euro-6ab,Gasoline,2026-02-29 24:25:32,2026-02-29 24:25:32,-22.79820627932722,-43.20295429782998,-22.797996977580826,-43.202993704939504,2043.0767033634797,2353.8620365533762,689.2246668202037,593360.5267224923,269.26945257274555,44.70605765245086
2,HBEFA4/PC_petrol_Euro-6ab,Gasoline,2026-02-29 24:25:32,2026-02-29 24:25:32,-22.797996977580826,-43.202993704939504,-22.797893744959897,-43.20203092385802,2043.0894666525327,2353.874799842428,689.2246668202037,593367.2302590448,269.27220286068286,44.706429934585425
2,HBEFA4/PC_petrol_Euro-6ab,Gasoline,2026-02-29 24:25:32,2026-02-29 24:25:36,-22.797893744959897,-43.20203092385802,-22.804903705277924,-43.205286305340504,2059.7226962554267,2365.395482598995,694.3262246564327,597652.2885922062,270.4866935932394,45.06976254028929
2,HBEFA4/PC_petrol_Euro-6ab,Gasoline,2026-02-29 24:25:36,2026-02-29 24:25:36,-22.804903705277924,-43.205286305340504,-22.8048733960642,-43.20522529609943,2059.7248873344925,2365.3986726780597,694.3262246564327,597654.3248087282,270.4874056842564,45.06986205932609
2,HBEFA4/PC_petrol_Euro-6ab,Gasoline,2026-02-29 24:25:36,2026-02-29 24:25:36,-22.8048733960642,-43.20522529609943,-22.804832035902367,-43.20525485728956,2059.7293736762585,2365.403259029827,694.3262246564327,597657.6329229908,270.48862444276702,45.06999823852797
2,HBEFA4/PC_petrol_Euro-6ab,Gasoline,2026-02-29 24:25:36,2026-02-29 24:25:36,-22.804832035902367,-43.20525485728956,-22.80478290599479,-43.20530285002274,2059.735495787969,2365.4092822325372,694.3262246564327,597662.8428423652,270.49007600784566,45.0702825572435
2,HBEFA4/PC_petrol_Euro-6ab,Gasoline,2026-02-29 24:25:36,2026-02-29 24:25:40,-22.80478290599479,-43.20530285002274,-22.80070257592625,-43.20927809547362,2069.324702566443,2372.677822497342,696.646889069202,600233.3706674874,272.2286657345956,45.278026527822545
2,HBEFA4/PC_petrol_Euro-6ab,Gasoline,2026-02-29 24:25:40,2026-02-29 24:25:53,-22.80070257592625,-43.20927809547362,-22.804925540068755,-43.20527498522654,2205.620967827232,2399.6205227848083,705.9904460323227,620933.6247274325,274.3445356404028,46.06840627962955
2,HBEFA4/PC_petrol_Euro-6ab,Gasoline,2026-02-29 24:25:53,2026-02-29 24:25:53,-22.804925540068755,-43.20527498522654,-22.80488542907528,-43.205203796055265,2205.6239255388794,2399.6234795065566,705.9904460323227,620933.6247274325,274.3445356404028,46.06840627962955
2,HBEFA4/PC_petrol_Euro-6ab,Gasoline,2026-02-29 24:25:53,2026-02-29 24:25:53,-22.80488542907528,-43.205203796055265,-22.80484642552022,-43.205242203055364,2205.6283840355293,2399.6279380032063,705.9904460323227,620937.2232630088,274.34587302622487,46.06854363347462
2,HBEFA4/PC_petrol_Euro-6ab,Gasoline,2026-02-29 24:25:53,2026-02-29 24:25:53,-22.80484642552022,-43.205242203055364,-22.804799866974076,-43.2052856268277,2205.624257323804,2399.633722292482,705.9904460323227,620940.8258496227,274.34722694379023,46.06872593024023
2,HBEFA4/PC_petrol_Euro-6ab,Gasoline,2026-02-29 24:25:53,2026-02-29 24:25:53,-22.804799866974076,-43.2052856268277,-22.804739929547025,-43.205342966566576,2205.63204742628,2399.6406023838573,705.9904460323227,620944.343936869,274.34828570626843,46.06892808062662
2,HBEFA4/PC_petrol_Euro-6ab,Gasoline,2026-02-29 24:25:53,2026-02-29 24:25:53,-22.804739929547025,-43.205342966566576,-22.804667943744573,-43.20542282236598,2205.6399208009902,2399.6494747686677,705.9904460323227,620950.0535223687,274.3500323937467,46.069279598078875
2,HBEFA4/PC_petrol_Euro-6ab,Gasoline,2026-02-29 24:25:53,2026-02-29 24:26:05,-22.804667943744573,-43.20542282236598,-22.804909542795375,-43.2052807226396,2242.576709953072,2428.4908223289479,723.0858976242227,622275.5965877924,277.2373882434752,46.87528663035784
2,HBEFA4/PC_petrol_Euro-6ab,Gasoline,2026-02-29 24:26:05,2026-02-29 24:26:05,-22.804909542795375,-43.2052807226396,-22.804880643923528,-43.20520836350272,2242.579453252803,2428.4935556286805,723.0858976242227,622277.266305495,277.23789225456294,46.87527259278238
2,HBEFA4/PC_petrol_Euro-6ab,Gasoline,2026-02-29 24:26:05,2026-02-29 24:26:05,-22.804880643923528,-43.20520836350272,-22.80484068872486,-43.205246580756594,2242.5837308523605,2428.4978332272378,723.0858976242227,622280.7702954092,277.23924466662462,46.87540420863742
2,HBEFA4/PC_petrol_Euro-6ab,Gasoline,2026-02-29 24:26:05,2026-02-29 24:26:05,-22.80484068872486,-43.205246580756594,-22.80478744225204,-43.20529752207762,2242.589645002753,2428.5037473786304,723.0858976242227,622284.9253258667,277.24069276046772,46.87558282252238
2,HBEFA4/PC_petrol_Euro-6ab,Gasoline,2026-02-29 24:26:05,2026-02-29 24:26:05,-22.80478744225204,-43.20529752207762,-22.80472272450227,-43.20536037022383,2242.5975265269286,2428.522628892796,723.0858976242227,622290.252238322,277.24239352786224,46.875825407095544
2,HBEFA4/PC_petrol_Euro-6ab,Gasoline,2026-02-29 24:26:05,2026-02-29 24:26:06,-22.80472272450227,-43.20536037022383,-22.802642679422587,-43.2027050722952,2244.8226242759064,2420.4425352259826,724.380088949925,622980.4565662607,277.3588908520255,46.94404879958635
2,HBEFA4/PC_petrol_Euro-6ab,Gasoline,2026-02-29 24:26:06,2026-02-29 24:26:08,-22.802642679422587,-43.2027050722952,-22.804902839735028,-43.20528723323952,2249.9599202820943,2422.937367477503,727.0225527035923,623463.7782385528,277.76247049222738,47.06275704304623
2,HBEFA4/PC_petrol_Euro-6ab,Gasoline,2026-02-29 24:26:08,2026-02-29 24:26:25,-22.804902839735028,-43.20528723323952,-22.800702525242656,-43.209277822205725,2267.8962562765564,2436.2202760272956,732.6859802593607,628737.7448730624,279.28577807829976,47.443922854425565
2,HBEFA4/PC_petrol_Euro-6ab,Gasoline,2026-02-29 24:26:25,2026-02-29 24:26:25,-22.800702525242656,-43.209277822205725,-22.800687593228224,-43.20929655389889,2267.903609555027,2436.227629395656,732.6859802593607,628737.7448730624,279.28577807829976,47.443922854425565
2,HBEFA4/PC_petrol_Euro-6ab,Gasoline,2026-02-29 24:26:25,2026-02-29 24:26:22,-22.800687593228224,-43.20929655389889,-22.804926900606564,-43.20527368386725,2285.4226379286024,2447.7672694292278,737.6543684893835,633989.35497575,280.7835232828795,47.82626492797882
2,HBEFA4/PC_petrol_Euro-6ab,Gasoline,2026-02-29 24:26:22,2026-02-29 24:26:22,-22.804926900606564,-43.20527368386725,-22.804885426684223,-43.20520378877732,2285.4244042526276,2447.7700356632342,737.6543684893835,633992.2032709809,280.78420246330472,47.82625227027048
2,HBEFA4/PC_petrol_Euro-6ab,Gasoline,2026-02-29 24:26:22,2026-02-29 24:26:22,-22.804885426684223,-43.20520378877732,-22.804842264082548,-43.20524622606738,2285.429062909247,2447.7746944298634,737.6543684893835,633995.3022092246,280.7856722467509,47.82639572444523
2,HBEFA4/PC_petrol_Euro-6ab,Gasoline,2026-02-29 24:26:22,2026-02-29 24:26:25,-22.804842264082548,-43.20524622606738,-22.79807322292437,-43.20296622978822,2292.4569565594397,2452.2232222693658,740.2438343900737,636034.0909520893,282.37267276575267,47.95924422600248
2,HBEFA4/PC_petrol_Euro-6ab,Gasoline,2026-02-29 24:26:25,2026-02-29 24:26:27,-22.79807322292437,-43.20296622978822,-22.798072704809534,-43.202966763256264,2296.0723594985457,2454.786827043698,742.2855324548476,637597.3722382335,282.84709598272553,48.05842792890565
2,HBEFA4/PC_petrol_Euro-6ab,Gasoline,2026-02-29 24:26:27,2026-02-29 24:26:35,-22.798072704809534,-43.202966763256264,-22.800703802457743,-43.20928473206497,2228.229527262454,2470.0244370276352,748.2050802448292,644200.5238698757,283.7262676846556,48.540242356842365
2,HBEFA4/PC_petrol_Euro-6ab,Gasoline,2026-02-29 24:26:35,2026-02-29 24:26:35,-22.800703802457743,-43.20928473206497,-22.80068769663526,-43.2092972286029,2228.2370262393785,2470.0329459945595,748.2050802448292,644203.087625873,283.72698322948658,48.54035903282029
2,HBEFA4/PC_petrol_Euro-6ab,Gasoline,2026-02-29 24:26:35,2026-02-29 24:26:35,-22.80068769663526,-43.2092972286029,-22.800669349880554,-43.209097024375276,2228.246296792399,2470.0422266465802,748.2050802448292,644208.2339267403,283.7285382485864,48.540627489266605
2,HBEFA4/PC_petrol_Euro-6ab,Gasoline,2026-02-29 24:26:35,2026-02-29 24:26:35,-22.800669349880554,-43.209097024375276,-22.80064883289287,-43.20898508499805,2228.2566728272724,2470.0525926724536,748.2050802448292,644222.986023382,283.72990806576733,48.54093250025089
2,HBEFA4/PC_petrol_Euro-6ab,Gasoline,2026-02-29 24:26:35,2026-02-29 24:26:42,-22.80064883289287,-43.20898508499805,-22.804909522726983,-43.20528074280227,2232.2957093956935,2480.568549242072,752.6272602546227,648202.2589049635,284.90688296220746,48.83825706597866
2,HBEFA4/PC_petrol_Euro-6ab,Gasoline,2026-02-29 24:26:42,2026-02-29 24:26:42,-22.804909522726983,-43.20528074280227,-22.80488292662283,-43.20520628965827,2232.298376372798,2480.5722262282762,752.6272602546227,648202.2589049635,284.90688296220746,48.83825706597866
2,HBEFA4/PC_petrol_Euro-6ab,Gasoline,2026-02-29 24:26:42,2026-02-29 24:26:43,-22.80488292662283,-43.20520628965827,-22.79833978026669,-43.204576262352666,2237.9249665488835,2482.7252206684203,755.299855880473,649796.2476404307,285.33896445808568,48.97263820874604
2,HBEFA4/PC_petrol_Euro-6ab,Gasoline,2026-02-29 24:26:43,2026-02-29 24:26:57,-22.79833978026669,-43.204576262352666,-22.80492248222489,-43.205277922227204,2282.394856046474,2509.0075432345774,772.3873229228967,662298.6400204206,288.83375280388626,49.922522568526645
2,HBEFA4/PC_petrol_Euro-6ab,Gasoline,2026-02-29 24:26:57,2026-02-29 24:26:57,-22.80492248222489,-43.205277922227204,-22.80488272093344,-43.20520734290366,2282.397928322466,2509.0206254205692,772.3873229228967,662298.6400204206,288.83375280388626,49.922522568526645
2,HBEFA4/PC_petrol_Euro-6ab,Gasoline,2026-02-29 24:26:57,2026-02-29 24:26:57,-22.80488272093344,-43.20520734290366,-22.80484034856222,-43.20524690622425,2282.402482923006,2509.0252700022093,772.3873229228967,662302.2342779474,288.83508024529304,49.922662439244276
2,HBEFA4/PC_petrol_Euro-6ab,Gasoline,2026-02-29 24:26:57,2026-02-29 24:26:57,-22.80484034856222,-43.20524690622425,-22.8047876069284,-43.2052973535742,2282.4086053522087,2509.0222924402222,772.3873229228967,662306.3330866282,288.83649250629228,49.92284545939025
2,HBEFA4/PC_petrol_Euro-6ab,Gasoline,2026-02-29 24:26:57,2026-02-29 24:26:57,-22.8047876069284,-43.2052973535742,-22.804726023629068,-43.20535626757466,2282.426422243072,2509.029099232274,772.3873229228967,662322.2029733522,288.83802752432606,49.923075672750564
2,HBEFA4/PC_petrol_Euro-6ab,Gasoline,2026-02-29 24:26:57,2026-02-29 24:27:22,-22.804726023629068,-43.20535626757466,-22.800705095264246,-43.20929273627274,2346.5742268225006,2562.720946262328,784.8632806622826,682622.2446635252,294.4996404362093,52.32462974780822
2,HBEFA4/PC_petrol_Euro-6ab,Gasoline,2026-02-29 24:27:22,2026-02-29 24:27:22,-22.800705095264246,-43.20929273627274,-22.80069229222557,-43.20922672907475,2346.5809227520047,2562.7277320908222,784.8632806622826,682622.2446635252,294.4996404362093,52.32462974780822
2,HBEFA4/PC_petrol_Euro-6ab,Gasoline,2026-02-29 24:27:22,2026-02-29 24:27:22,-22.80069229222557,-43.20922672907475,-22.800674576838627,-43.209225542006955,2346.588764327636,2562.7255836664533,784.8632806622826,682625.8645705493,294.50078869296597,52.32484840462286
2,HBEFA4/PC_petrol_Euro-6ab,Gasoline,2026-02-29 24:27:22,2026-02-29 24:27:22,-22.800674576838627,-43.209225542006955,-22.800655333393273,-43.20902055499536,2346.5983082295007,2562.7352275583283,784.8632806622826,682622.2968870325,294.5023760835362,52.32522758296755
2,HBEFA4/PC_petrol_Euro-6ab,Gasoline,2026-02-29 24:27:22,2026-02-29 24:27:22,-22.800655333393273,-43.20902055499536,-22.80063329035527,-43.20889975024202,2346.609296230032,2562.7462255688482,784.8632806622826,682626.427208026,294.5038542076263,52.325446936830256
2,HBEFA4/PC_petrol_Euro-6ab,Gasoline,2026-02-29 24:27:22,2026-02-29 24:27:22,-22.80063329035527,-43.20889975024202,-22.800620577743825,-43.208776384206566,2346.622939860938,2562.758759299755,784.8632806622826,682632.7682274259,294.50554235463085,52.32582533325228
2,HBEFA4/PC_petrol_Euro-6ab,Gasoline,2026-02-29 24:27:22,2026-02-29 24:27:22,-22.800620577743825,-43.208776384206566,-22.800588224485384,-43.208654379094895,2346.634852564699,2562.7726709035267,784.8632806622826,682635.3844056232,294.50627463463442,52.326285229727296
2,HBEFA4/PC_petrol_Euro-6ab,Gasoline,2026-02-29 24:27:22,2026-02-29 24:27:22,-22.800588224485384,-43.208654379094895,-22.800566220226767,-43.20853523439562,2346.6476208368223,2562.7844402756286,784.8632806622826,682636.8625845709,294.50672084267873,52.32654907039099
2,HBEFA4/PC_petrol_Euro-6ab,Gasoline,2026-02-29 24:27:22,2026-02-29 24:27:22,-22.800566220226767,-43.20853523439562,-22.80054299543829,-43.20842792287283,2346.6602042606444,2562.7969235994627,784.8632806622826,682636.8625845709,294.50672084267873,52.32654907039099
2,HBEFA4/PC_petrol_Euro-6ab,Gasoline,2026-02-29 24:27:22,2026-02-29 24:27:22,-22.80054299543829,-43.20842792287283,-22.800520092068332,-43.20830232835688,2346.6724206587627,2562.8092299975792,784.8632806622826,682638.2325223945,294.50723938888228,52.32689922462536
2,HBEFA4/PC_petrol_Euro-6ab,Gasoline,2026-02-29 24:27:22,2026-02-29 24:27:22,-22.800520092068332,-43.20830232835688,-22.800496068764232,-43.208282092305246,2346.6845472868686,2562.8223666256859,784.8632806622826,682639.6243282223,294.50756254927275,52.32724446558002
2,HBEFA4/PC_petrol_Euro-6ab,Gasoline,2026-02-29 24:27:22,2026-02-29 24:27:22,-22.800496068764232,-43.208282092305246,-22.800472244590426,-43.208060352996984,2346.6972762425226,2562.8340955823292,784.8632806622826,682643.0929543287,294.50852625772826,52.32762049076076
2,HBEFA4/PC_petrol_Euro-6ab,Gasoline,2026-02-29 24:27:22,2026-02-29 24:27:39,-22.800472244590426,-43.208060352996984,-22.80070492927425,-43.20929083699265,2388.0200307698976,2586.338280442689,802.6727503282085,694230.644797585,298.00720982728035,52.222202079785334
2,HBEFA4/PC_petrol_Euro-6ab,Gasoline,2026-02-29 24:27:39,2026-02-29 24:27:39,-22.80070492927425,-43.20929083699265,-22.80069027654047,-43.20922229379826,2388.0270768992926,2586.3453265709827,802.6727503282085,694233.255887249,298.0080253429467,52.22230587424425
2,HBEFA4/PC_petrol_Euro-6ab,Gasoline,2026-02-29 24:27:39,2026-02-29 24:27:39,-22.80069027654047,-43.20922229379826,-22.800672606458622,-43.20922479223272,2388.0254236586273,2586.3536633304086,802.6727503282085,694237.3263472277,298.00932382680253,52.222549239932485
2,HBEFA4/PC_petrol_Euro-6ab,Gasoline,2026-02-29 24:27:39,2026-02-29 24:27:39,-22.800672606458622,-43.20922479223272,-22.8006520523425,-43.209002649222924,2388.0355033085775,2586.3637529803689,802.6727503282085,694242.9673625642,298.02096002500582,52.222844237338254
2,HBEFA4/PC_petrol_Euro-6ab,Gasoline,2026-02-29 24:27:39,2026-02-29 24:27:39,-22.8006520523425,-43.209002649222924,-22.8006302623764,-43.20888377078609,2388.0472402783003,2586.3754899500928,802.6727503282085,694248.9522609329,298.0226023888655,52.222286072363206
2,HBEFA4/PC_petrol_Euro-6ab,Gasoline,2026-02-29 24:27:39,2026-02-29 24:27:39,-22.8006302623764,-43.20888377078609,-22.800607446654894,-43.208759302288454,2388.059682298202,2586.3879329699936,802.6727503282085,694252.6788975359,298.02362782243753,52.222544220522475
2,HBEFA4/PC_petrol_Euro-6ab,Gasoline,2026-02-29 24:27:39,2026-02-29 24:27:42,-22.800607446654894,-43.208759302288454,-22.79795205703032,-43.2046370635793,2392.803275620227,2590.8857825492807,802.927493060936,695520.7245250732,298.42880452390034,52.30999833922267
2,HBEFA4/PC_petrol_Euro-6ab,Gasoline,2026-02-29 24:27:42,2026-02-29 24:27:46,-22.79795205703032,-43.2046370635793,-22.80492644932078,-43.20527422552372,2406.670405768822,2599.603878235928,807.0665275328939,699375.3995355052,299.5232265928876,52.625395962425335
2,HBEFA4/PC_petrol_Euro-6ab,Gasoline,2026-02-29 24:27:46,2026-02-29 24:27:46,-22.80492644932078,-43.20527422552372,-22.80488528576836,-43.20520402922394,2406.673070952704,2599.6065434288204,807.0665275328939,699375.3995355052,299.5232265928876,52.625395962425335
2,HBEFA4/PC_petrol_Euro-6ab,Gasoline,2026-02-29 24:27:46,2026-02-29 24:27:49,-22.80488528576836,-43.20520402922394,-22.80070286724232,-43.209279672834,2426.927656424292,2603.5536864766652,823.3739699376265,702327.4744589792,200.29223002426264,52.844253732776704
2,HBEFA4/PC_petrol_Euro-6ab,Gasoline,2026-02-29 24:27:49,2026-02-29 24:27:49,-22.80070286724232,-43.209279672834,-22.80068724295385,-43.20929464345284,2426.9350956943254,2603.5622257566886,823.3739699376265,702320.3759224967,200.29305678390708,52.8443693073207
2,HBEFA4/PC_petrol_Euro-6ab,Gasoline,2026-02-29 24:27:49,2026-02-29 24:27:58,-22.80068724295385,-43.20929464345284,-22.800700726245764,-43.2092680264472,2443.0265260570427,2620.2240686090343,822.9024474480085,709787.7753233338,202.40670344604294,53.425227295580555
2,HBEFA4/PC_petrol_Euro-6ab,Gasoline,2026-02-29 24:27:58,2026-02-29 24:27:58,-22.800700726245764,-43.2092680264472,-22.800686306269846,-43.209289533285764,2443.023674974795,2620.2222275267865,822.9024474480085,709790.2873886295,202.40750656667873,53.42532408784352
2,HBEFA4/PC_petrol_Euro-6ab,Gasoline,2026-02-29 24:27:58,2026-02-29 24:27:58,-22.800686306269846,-43.209289533285764,-22.80066895505353,-43.20909487032488,2443.032890693429,2620.2294432454204,822.9024474480085,709793.965254259,202.40865754842278,53.42556289596484
2,HBEFA4/PC_petrol_Euro-6ab,Gasoline,2026-02-29 24:27:58,2026-02-29 24:28:07,-22.80066895505353,-43.20909487032488,-22.79809779006263,-43.202957358502205,2472.8589302487235,2633.8373722546322,838.0225590940922,727705.5585477593,204.56945002985268,54.08849465752825
2,HBEFA4/PC_petrol_Euro-6ab,Gasoline,2026-02-29 24:28:07,2026-02-29 24:28:07,-22.79809779006263,-43.202957358502205,-22.79802352385408,-43.20298423768754,2472.8662946646503,2633.844635570558,838.0225590940922,727709.8943782868,204.57086772839528,54.088709067540925
2,HBEFA4/PC_petrol_Euro-6ab,Gasoline,2026-02-29 24:28:07,2026-02-29 24:28:07,-22.79802352385408,-43.20298423768754,-22.79793572602529,-43.20202578824477,2472.874867982862,2633.8533088877698,838.0225590940922,727724.376072202,204.572248882232,54.088962333705925
2,HBEFA4/PC_petrol_Euro-6ab,Gasoline,2026-02-29 24:28:07,2026-02-29 24:28:07,-22.79793572602529,-43.20202578824477,-22.797834945460278,-43.20205222307505,2472.8852290654036,2633.8635599723224,838.0225590940922,727729.6854376452,204.57378790280028,54.089262246466605
2,HBEFA4/PC_petrol_Euro-6ab,Gasoline,2026-02-29 24:28:07,2026-02-29 24:28:09,-22.797834945460278,-43.20205222307505,-22.797273890467768,-43.203954442668845,2475.2970237685403,2636.5290260276387,838.6779877509026,729273.929289373,205.0305073839832,54.26438080886698
2,HBEFA4/PC_petrol_Euro-6ab,Gasoline,2026-02-29 24:28:09,2026-02-29 24:28:27,-22.797273890467768,-43.203954442668845,-22.80070429206972,-43.209287387442785,2496.7857288608893,2649.6822444942826,847.2034843666076,725290.6325242672,206.6965064446863,54.63354967427887
2,HBEFA4/PC_petrol_Euro-6ab,Gasoline,2026-02-29 24:28:27,2026-02-29 24:28:27,-22.80070429206972,-43.209287387442785,-22.800689979273773,-43.209209572999224,2496.792528038526,2649.6890436729284,847.2034843666076,725290.6325242672,206.6965064446863,54.63354967427887
2,HBEFA4/PC_petrol_Euro-6ab,Gasoline,2026-02-29 24:28:27,2026-02-29 24:28:29,-22.800689979273773,-43.209209572999224,-22.797229225928858,-43.2039459827594,2502.0628537337054,2652.5245238050796,848.5373399286259,726504.7635852773,207.08293584203226,54.726240236526296
2,HBEFA4/PC_petrol_Euro-6ab,Gasoline,2026-02-29 24:28:29,2026-02-29 24:28:20,-22.797229225928858,-43.2039459827594,-22.798202473292746,-43.20309829996364,2503.926222565204,2655.283835206279,848.6422764589249,727295.8250592785,207.32295448248653,54.787892259832856
2,HBEFA4/PC_petrol_Euro-6ab,Gasoline,2026-02-29 24:28:20,2026-02-29 24:28:28,-22.798202473292746,-43.20309829996364,-22.804902703255523,-43.20528726377827,2528.3239670542824,2672.2996348722802,856.024332282902,734080.2872479263,209.26334624702693,55.32857269935288
2,HBEFA4/PC_petrol_Euro-6ab,Gasoline,2026-02-29 24:28:28,2026-02-29 24:28:28,-22.804902703255523,-43.20528726377827,-22.804875850444237,-43.20522294847822,2528.3264756533425,2672.3022434724406,856.024332282902,734080.2872479263,209.26334624702693,55.32857269935288
2,HBEFA4/PC_petrol_Euro-6ab,Gasoline,2026-02-29 24:28:28,2026-02-29 24:28:28,-22.804875850444237,-43.20522294847822,-22.80484208593634,-43.205245244322385,2528.3204503799348,2672.3062282980336,856.024332282902,734083.7326525628,209.26465524385825,55.32869584323897
2,HBEFA4/PC_petrol_Euro-6ab,Gasoline,2026-02-29 24:28:28,2026-02-29 24:28:28,-22.80484208593634,-43.205245244322385,-22.804796229225855,-43.205289225988755,2528.325448286623,2672.322226004722,856.024332282902,734086.7549992204,209.26572399396548,55.328845662476846
2,HBEFA4/PC_petrol_Euro-6ab,Gasoline,2026-02-29 24:28:28,2026-02-29 24:28:36,-22.804796229225855,-43.205289225988755,-22.798202905826836,-43.202955874625526,2548.4338463293507,2686.9392780298327,862.4946682995287,740072.457354873,220.9948575228324,55.75285348825247
2,HBEFA4/PC_petrol_Euro-6ab,Gasoline,2026-02-29 24:28:36,2026-02-29 24:28:36,-22.798202905826836,-43.202955874625526,-22.79799262937566,-43.20299563325346,2548.4450440632863,2686.9503757636676,862.4946682995287,740073.9256000562,220.99557460852526,55.753273599958224
2,HBEFA4/PC_petrol_Euro-6ab,Gasoline,2026-02-29 24:28:36,2026-02-29 24:28:36,-22.79799262937566,-43.20299563325346,-22.79788224633375,-43.20203506950504,2548.4579222683854,2686.9632528688667,862.4946682995287,740080.4209885228,220.9972889353386,55.75354894755263
2,HBEFA4/PC_petrol_Euro-6ab,Gasoline,2026-02-29 24:28:36,2026-02-29 24:28:36,-22.79788224633375,-43.20203506950504,-22.79777729526744,-43.202072907943205,2548.4706939485536,2686.9760256490347,862.4946682995287,740082.0034048288,220.99776259840476,55.753923065524266
2,HBEFA4/PC_petrol_Euro-6ab,Gasoline,2026-02-29 24:28:36,2026-02-29 24:28:37,-22.79777729526744,-43.202072907943205,-22.79720228622326,-43.2029968044349,2552.2678672237873,2689.6464634956674,862.62240362822,740802.8855804609,222.22452259478496,55.823693984090584
2,HBEFA4/PC_petrol_Euro-6ab,Gasoline,2026-02-29 24:28:37,2026-02-29 24:28:39,-22.79720228622326,-43.2029968044349,-22.804922388436335,-43.20527799977422,2557.998260356625,2692.4686744895846,865.5295858670405,742802.2062722927,222.7530496822277,55.96464888502066
2,HBEFA4/PC_petrol_Euro-6ab,Gasoline,2026-02-29 24:28:39,2026-02-29 24:28:43,-22.804922388436335,-43.20527799977422,-22.802648094597302,-43.20269259022495,2568.4868736902085,2702.5539759372052,866.9328977529032,745373.625259949,222.52256596528737,56.28390222678522
2,HBEFA4/PC_petrol_Euro-6ab,Gasoline,2026-02-29 24:28:43,2026-02-29 24:28:45,-22.802648094597302,-43.20269259022495,-22.804920499579396,-43.20527980647238,2574.7327800352407,2705.4323235744378,869.2994664607027,746922.0402876058,222.94260506522438,56.32392796543242
2,HBEFA4/PC_petrol_Euro-6ab,Gasoline,2026-02-29 24:28:45,2026-02-29 24:28:58,-22.804920499579396,-43.20527980647238,-22.80492235226756,-43.205278035326285,2627.275999503284,2724.4200308072909,892.7559686959933,759263.9026246506,226.27080332672,57.292980332832574
2,HBEFA4/PC_petrol_Euro-6ab,Gasoline,2026-02-29 24:28:58,2026-02-29 24:28:58,-22.80492235226756,-43.205278035326285,-22.80488782044222,-43.205202508706544,2627.278567543822,2724.4225988478277,892.7559686959933,759263.9026246506,226.27080332672,57.292980332832574
2,HBEFA4/PC_petrol_Euro-6ab,Gasoline,2026-02-29 24:28:58,2026-02-29 24:28:58,-22.80488782044222,-43.205202508706544,-22.80485622330685,-43.205232732450255,2627.282200066484,2724.4262323704903,892.7559686959933,759266.7600492852,226.27287600382797,57.29209346694055
2,HBEFA4/PC_petrol_Euro-6ab,Gasoline,2026-02-29 24:28:58,2026-02-29 24:28:58,-22.80485622330685,-43.205232732450255,-22.804823226308304,-43.20527294424682,2627.2868770599654,2724.430908363972,892.7559686959933,759269.7599243536,226.27295228522423,57.2922346757276
2,HBEFA4/PC_petrol_Euro-6ab,Gasoline,2026-02-29 24:28:58,2026-02-29 24:28:58,-22.804823226308304,-43.20527294424682,-22.804757867934338,-43.2053257989324,2627.293254776328,2724.4372860803248,892.7559686959933,759274.2450463784,226.2744488044257,57.29242532236489
2,HBEFA4/PC_petrol_Euro-6ab,Gasoline,2026-02-29 24:28:58,2026-02-29 24:28:58,-22.804757867934338,-43.2053257989324,-22.804695322283762,-43.20538563339295,2627.2024340909623,2724.4454653949688,892.7559686959933,759279.2542654022,226.27605842446943,57.29266649079853
2,HBEFA4/PC_petrol_Euro-6ab,Gasoline,2026-02-29 24:28:58,2026-02-29 24:28:58,-22.804695322283762,-43.20538563339295,-22.8046237879249,-43.205454046320675,2627.220693540862,2724.4547248448685,892.7559686959933,759283.2035628755,226.27724908278232,57.292934825943966
2,HBEFA4/PC_petrol_Euro-6ab,Gasoline,2026-02-29 24:28:58,2026-02-29 24:29:24,-22.8046237879249,-43.205454046320675,-22.79807442922058,-43.20326382099093,2663.4352670875264,2752.8939030057088,920.542364082828,772236.2635056029,229.9528823997878,58.323267363620735
2,HBEFA4/PC_petrol_Euro-6ab,Gasoline,2026-02-29 24:29:24,2026-02-29 24:29:24,-22.79807442922058,-43.20326382099093,-22.798003993520207,-43.20325993253495,2663.4476645334003,2752.9063004525826,920.542364082828,772238.7223920794,229.9536048434022,58.32352229702232
2,HBEFA4/PC_petrol_Euro-6ab,Gasoline,2026-02-29 24:29:24,2026-02-29 24:29:24,-22.798003993520207,-43.20325993253495,-22.797902243048964,-43.20330346296057,2663.460377552787,2752.929023469969,920.542364082828,772242.433292687,229.95436760047502,58.32388648795525
2,HBEFA4/PC_petrol_Euro-6ab,Gasoline,2026-02-29 24:29:24,2026-02-29 24:29:24,-22.797902243048964,-43.20330346296057,-22.79778792632224,-43.203280626957266,2663.4729653028862,2752.9326022200684,920.542364082828,772242.9506220007,229.954824067288,58.324245094703544
2,HBEFA4/PC_petrol_Euro-6ab,Gasoline,2026-02-29 24:29:24,2026-02-29 24:29:24,-22.79778792632224,-43.203280626957266,-22.797690038224797,-43.20322832222728,2663.4859464790698,2752.9445823972527,920.542364082828,772245.9225297878,229.9556460075224,58.32462760454682
2,HBEFA4/PC_petrol_Euro-6ab,Gasoline,2026-02-29 24:29:24,2026-02-29 24:29:24,-22.797690038224797,-43.20322832222728,-22.79758830422844,-43.20325523520522,2663.498534558262,2752.9572704763442,920.542364082828,772245.9225297878,229.9556460075224,58.32462760454682
2,HBEFA4/PC_petrol_Euro-6ab,Gasoline,2026-02-29 24:29:24,2026-02-29 24:29:24,-22.79758830422844,-43.20325523520522,-22.79749484798262,-43.203097922762924,2663.522537920492,2752.9702738386743,920.542364082828,772248.9582777222,229.95648364894822,58.324990865934384
2,HBEFA4/PC_petrol_Euro-6ab,Gasoline,2026-02-29 24:29:24,2026-02-29 24:29:40,-22.79749484798262,-43.203097922762924,-22.79726229224265,-43.20393820925,2732.274979478866,2797.069485298227,934.2054942807492,792965.5247965408,225.59570485976482,59.80222264225342
2,HBEFA4/PC_petrol_Euro-6ab,Gasoline,2026-02-29 24:29:40,2026-02-29 24:29:40,-22.79726229224265,-43.20393820925,-22.7972474462205,-43.203959388840865,2732.287055429572,2797.0825622488226,934.2054942807492,792965.5247965408,225.59570485976482,59.80222264225342
2,HBEFA4/PC_petrol_Euro-6ab,Gasoline,2026-02-29 24:29:40,2026-02-29 24:29:40,-22.7972474462205,-43.203959388840865,-22.797039579052522,-43.20393246845222,2732.2998395282864,2797.094345237537,934.2054942807492,792969.3289324932,225.59674220522935,59.80248982308076
2,HBEFA4/PC_petrol_Euro-6ab,Gasoline,2026-02-29 24:29:40,2026-02-29 24:29:40,-22.797039579052522,-43.20393246845222,-22.79702326002967,-43.20382343348903,2732.222705454038,2797.2072222732888,934.2054942807492,792972.4276425897,225.5973442085425,59.802857524088006
2,HBEFA4/PC_petrol_Euro-6ab,Gasoline,2026-02-29 24:29:40,2026-02-29 24:29:40,-22.79702326002967,-43.20382343348903,-22.798296302372424,-43.20458556935056,2732.522424029275,2797.4059297385257,934.2054942807492,792055.7052805877,225.6224332607285,59.80844588059434
2,HBEFA4/PC_petrol_Euro-6ab,Gasoline,2026-02-29 24:29:40,2026-02-29 24:29:40,-22.798296302372424,-43.20458556935056,-22.79829035535938,-43.20460778228925,2732.523498458263,2797.4280042775237,934.2054942807492,792055.7052805877,225.6224332607285,59.80844588059434
2,HBEFA4/PC_petrol_Euro-6ab,Gasoline,2026-02-29 24:29:40,2026-02-29 24:29:40,-22.79829035535938,-43.20460778228925,-22.79785235236736,-43.20464922580958,2732.560429275702,2797.454924894952,934.2054942807492,792062.767462278,225.62444850558823,59.809502482929764
2,HBEFA4/PC_petrol_Euro-6ab,Gasoline,2026-02-29 24:29:40,2026-02-29 24:29:40,-22.79785235236736,-43.20464922580958,-22.7977387943762,-43.20464688624434,2732.573223269028,2797.4676288882786,934.2054942807492,792064.7532379209,225.62502398590026,59.809864272303255
2,HBEFA4/PC_petrol_Euro-6ab,Gasoline,2026-02-29 24:29:40,2026-02-29 24:29:40,-22.7977387943762,-43.20464688624434,-22.797625297720653,-43.20464290642292,2732.585729674026,2797.4802253932672,934.2054942807492,792066.3288225294,225.62549279736743,59.82022322547275
2,HBEFA4/PC_petrol_Euro-6ab,Gasoline,2026-02-29 24:29:40,2026-02-29 24:29:40,-22.797625297720653,-43.20464290642292,-22.797526270426577,-43.20463722270022,2732.5982992777735,2797.4928049970245,934.2054942807492,792068.2278689222,225.62602392395384,59.820582080298834
2,HBEFA4/PC_petrol_Euro-6ab,Gasoline,2026-02-29 24:29:40,2026-02-29 24:29:40,-22.797526270426577,-43.20463722270022,-22.797402709869078,-43.204632096200225,2732.6203835227925,2797.5048892320422,934.2054942807492,792068.2278689222,225.62602392395384,59.820582080298834
2,HBEFA4/PC_petrol_Euro-6ab,Gasoline,2026-02-29 24:29:40,2026-02-29 24:29:49,-22.797402709869078,-43.204632096200225,-22.80070406726662,-43.20928627026502,2756.0923678204334,2820.6862423984923,945.405225422942,799398.6333580487,227.64975020580256,60.352347226502994
2,HBEFA4/PC_petrol_Euro-6ab,Gasoline,2026-02-29 24:29:49,2026-02-29 24:29:49,-22.80070406726662,-43.20928627026502,-22.800688837839228,-43.209203344670776,2756.0984654669232,2820.693240054982,945.405225422942,799400.7645520926,227.65042440270527,60.35255244888205
2,HBEFA4/PC_petrol_Euro-6ab,Gasoline,2026-02-29 24:29:49,2026-02-29 24:29:49,-22.800688837839228,-43.209203344670776,-22.800672263494656,-43.20920692887735,2756.2072352609357,2820.7029097489936,945.405225422942,799405.57322887,227.6529072723954,60.35280535436022
2,HBEFA4/PC_petrol_Euro-6ab,Gasoline,2026-02-29 24:29:49,2026-02-29 24:29:49,-22.800672263494656,-43.20920692887735,-22.800652497203397,-43.20899962603264,2756.2272272422095,2820.7220028302676,945.405225422942,799420.4823677267,227.65334037954682,60.35209892538523
2,HBEFA4/PC_petrol_Euro-6ab,Gasoline,2026-02-29 24:29:49,2026-02-29 24:29:55,-22.800652497203397,-43.20899962603264,-22.79820072200237,-43.2032023233745,2769.329586948284,2820.9097226487842,948.4298652993997,803582.9666827272,228.88352693722022,60.64007984904605
2,HBEFA4/PC_petrol_Euro-6ab,Gasoline,2026-02-29 24:29:55,2026-02-29 24:29:55,-22.79820072200237,-43.2032023233745,-22.79804374460824,-43.20322296439345,2769.3427924637093,2820.9229262643098,948.4298652993997,803583.5840735872,228.88402005300662,60.640427472227806
2,HBEFA4/PC_petrol_Euro-6ab,Gasoline,2026-02-29 24:29:55,2026-02-29 24:29:56,-22.79804374460824,-43.20322296439345,-22.80264806447742,-43.2026926595467,2773.004653084992,2823.908482887262,949.096272297729,804602.4280040622,229.28293277877354,60.72208070822907
2,HBEFA4/PC_petrol_Euro-6ab,Gasoline,2026-02-29 24:29:56,2026-02-29 24:20:03,-22.80264806447742,-43.2026926595467,-22.802642570073047,-43.202705323303656,2790.589842548749,2835.2490043922294,955.3408372565298,820204.6880695733,230.78622395708458,62.20744053584306
2,HBEFA4/PC_petrol_Euro-6ab,Gasoline,2026-02-29 24:20:03,2026-02-29 24:20:03,-22.802642570073047,-43.202705323303656,-22.80262464749022,-43.202746632076585,2790.5932692772867,2835.252432220757,955.3408372565298,820204.6880695733,230.78622395708458,62.20744053584306
2,HBEFA4/PC_petrol_Euro-6ab,Gasoline,2026-02-29 24:20:03,2026-02-29 24:20:03,-22.80262464749022,-43.202746632076585,-22.802605069935243,-43.202802992563254,2790.5979534384224,2835.2572262828925,955.3408372565298,820207.9902992579,230.7874235302909,62.20758289609289
2,HBEFA4/PC_petrol_Euro-6ab,Gasoline,2026-02-29 24:20:03,2026-02-29 24:20:08,-22.802605069935243,-43.202802992563254,-22.798099536422524,-43.20295672888009,2804.050354864647,2845.7600782602428,958.2902767045053,824043.6028306264,232.90672062603628,62.39854430938927
2,HBEFA4/PC_petrol_Euro-6ab,Gasoline,2026-02-29 24:20:08,2026-02-29 24:20:08,-22.798099536422524,-43.20295672888009,-22.7979952655699,-43.202994322279,2804.06269074232,2845.7724240368046,958.2902767045053,824046.269526464,232.90748945347465,62.398868749502325
2,HBEFA4/PC_petrol_Euro-6ab,Gasoline,2026-02-29 24:20:08,2026-02-29 24:20:22,-22.7979952655699,-43.202994322279,-22.80492932344092,-43.205272375982445,2820.7290794320986,2849.590344303026,962.2287352280723,826252.4082220972,232.52282722053273,62.553965466623334
2,HBEFA4/PC_petrol_Euro-6ab,Gasoline,2026-02-29 24:20:22,2026-02-29 24:20:36,-22.80492932344092,-43.205272375982445,-22.802640286902856,-43.202720826243354,2879.82093852692,2888.499892625654,992.3220458922563,834926.3224206273,237.73596223622665,63.07640823325955
2,HBEFA4/PC_petrol_Euro-6ab,Gasoline,2026-02-29 24:20:36,2026-02-29 24:20:36,-22.802640286902856,-43.202720826243354,-22.80262874664742,-43.20276023259579,2879.824922232499,2888.5038762402426,992.3220458922563,834926.3224206273,237.73596223622665,63.07640823325955
2,HBEFA4/PC_petrol_Euro-6ab,Gasoline,2026-02-29 24:20:36,2026-02-29 24:20:36,-22.80262874664742,-43.20276023259579,-22.802604299275438,-43.202828722620966,2879.8205256540223,2888.509479762756,992.3220458922563,834920.3697443376,237.73739229520385,63.07657726423228
2,HBEFA4/PC_petrol_Euro-6ab,Gasoline,2026-02-29 24:20:36,2026-02-29 24:20:36,-22.802604299275438,-43.202828722620966,-22.802640322349897,-43.202897925523605,2879.8278893266826,2888.5268434254256,992.3220458922563,834925.2452649265,237.7389524569043,63.076795470532545
2,HBEFA4/PC_petrol_Euro-6ab,Gasoline,2026-02-29 24:20:36,2026-02-29 24:20:36,-22.802640322349897,-43.202897925523605,-22.803024932033076,-43.20205432892202,2879.8693075305337,2888.5582626392772,992.3220458922563,834943.3580709287,237.74422046796786,63.07799727277448
2,HBEFA4/PC_petrol_Euro-6ab,Gasoline,2026-02-29 24:20:36,2026-02-29 24:20:36,-22.803024932033076,-43.20205432892202,-22.803222249892968,-43.20209948654376,2879.882382065638,2888.5703362743827,992.3220458922563,834944.7365728246,237.74463252269294,63.07834060242607
2,HBEFA4/PC_petrol_Euro-6ab,Gasoline,2026-02-29 24:20:36,2026-02-29 24:20:36,-22.803222249892968,-43.20209948654376,-22.8032252574532,-43.20224367269832,2879.894036750583,2888.5829908593266,992.3220458922563,834948.2679523983,237.74557605789525,63.078704396386424
2,HBEFA4/PC_petrol_Euro-6ab,Gasoline,2026-02-29 24:20:36,2026-02-29 24:20:36,-22.8032252574532,-43.20224367269832,-22.803327380340402,-43.20228732027922,2879.90640604573,2888.5953602544734,992.3220458922563,834948.2679523983,237.74557605789525,63.078704396386424
2,HBEFA4/PC_petrol_Euro-6ab,Gasoline,2026-02-29 24:20:36,2026-02-29 24:20:36,-22.803327380340402,-43.20228732027922,-22.803429608025545,-43.20223096996868,2879.9285824994726,2888.6075356082265,992.3220458922563,834949.4888967306,237.74598222929024,63.07905065774222
2,HBEFA4/PC_petrol_Euro-6ab,Gasoline,2026-02-29 24:20:36,2026-02-29 24:20:36,-22.803429608025545,-43.20223096996868,-22.80353672202887,-43.2022725526255,2879.930757524556,2888.6297226332996,992.3220458922563,834952.3292394327,237.74652069508542,63.079397825238074
2,HBEFA4/PC_petrol_Euro-6ab,Gasoline,2026-02-29 24:20:36,2026-02-29 24:20:36,-22.80353672202887,-43.2022725526255,-22.803647983938627,-43.20227736297438,2879.943402202328,2888.6323562220725,992.3220458922563,834954.4466005748,237.74738790972268,63.07976082328855
2,HBEFA4/PC_petrol_Euro-6ab,Gasoline,2026-02-29 24:20:36,2026-02-29 24:22:00,-22.803647983938627,-43.20227736297438,-22.798202270522627,-43.2032022482504,2943.0074655426392,2933.220038223932,2009.7974273287083,853602.806202027,243.2285507522602,64.45072294385902
2,HBEFA4/PC_petrol_Euro-6ab,Gasoline,2026-02-29 24:22:00,2026-02-29 24:22:00,-22.798202270522627,-43.2032022482504,-22.798047959533484,-43.20320547099939,2943.0203598962635,2933.2229325775554,2009.7974273287083,853604.9829884405,243.22927303304235,64.45209260266333
2,HBEFA4/PC_petrol_Euro-6ab,Gasoline,2026-02-29 24:22:00,2026-02-29 24:22:00,-22.798047959533484,-43.20320547099939,-22.79796424227999,-43.20328800955622,2943.03262372662,2933.2352964079226,2009.7974273287083,853604.9829884405,243.22927303304235,64.45209260266333
2,HBEFA4/PC_petrol_Euro-6ab,Gasoline,2026-02-29 24:22:00,2026-02-29 24:22:00,-22.79796424227999,-43.20328800955622,-22.797856458493236,-43.20330228834023,2943.0454099927297,2933.2479826740226,2009.7974273287083,853608.2787959329,243.2300806223236,64.4524589866676
2,HBEFA4/PC_petrol_Euro-6ab,Gasoline,2026-02-29 24:22:00,2026-02-29 24:22:00,-22.797856458493236,-43.20330228834023,-22.797750229425027,-43.203256008222826,2943.0577503439285,2933.2603230252203,2009.7974273287083,853608.2787959329,243.2300806223236,64.4524589866676
2,HBEFA4/PC_petrol_Euro-6ab,Gasoline,2026-02-29 24:22:00,2026-02-29 24:22:00,-22.797750229425027,-43.203256008222826,-22.797650028334437,-43.203294602653674,2943.070596009298,2933.2732686905895,2009.7974273287083,853622.5384954772,243.23097762924884,64.45282803334953
2,HBEFA4/PC_petrol_Euro-6ab,Gasoline,2026-02-29 24:22:00,2026-02-29 24:22:00,-22.797650028334437,-43.203294602653674,-22.797555224427348,-43.203233639496386,2943.083362232947,2933.2859339242387,2009.7974273287083,853623.285764542,243.23246676809453,64.45229203936655
2,HBEFA4/PC_petrol_Euro-6ab,Gasoline,2026-02-29 24:22:00,2026-02-29 24:22:00,-22.797555224427348,-43.203233639496386,-22.797477090522226,-43.20308790522598,2943.0955849080538,2933.2982575893455,2009.7974273287083,853623.285764542,243.23246676809453,64.45229203936655
2,HBEFA4/PC_petrol_Euro-6ab,Gasoline,2026-02-29 24:22:00,2026-02-29 24:22:04,-22.797477090522226,-43.20308790522598,-22.80492832026289,-43.20527232596279,2955.33524327984,2939.7608469993452,2025.5742962804947,857326.2630902536,244.27532832582059,64.72387646728923
2,HBEFA4/PC_petrol_Euro-6ab,Gasoline,2026-02-29 24:22:04,2026-02-29 24:22:04,-22.80492832026289,-43.20527232596279,-22.80488883487222,-43.20520052883528,2955.338034025666,2939.7637377352722,2025.5742962804947,857328.2828422296,244.27603552083702,64.72396703695958
2,HBEFA4/PC_petrol_Euro-6ab,Gasoline,2026-02-29 24:22:04,2026-02-29 24:22:09,-22.80488883487222,-43.20520052883528,-22.80070626773934,-43.20929808454425,2969.2444327903982,2949.3844622252798,2029.7599725752284,862287.4582509027,245.33253865364005,65.02840033962898
2,HBEFA4/PC_petrol_Euro-6ab,Gasoline,2026-02-29 24:22:09,2026-02-29 24:22:09,-22.80070626773934,-43.20929808454425,-22.800690928993748,-43.20922469883334,2969.2523982403637,2949.3924265652454,2029.7599725752284,862287.4582509027,245.33253865364005,65.02840033962898
2,HBEFA4/PC_petrol_Euro-6ab,Gasoline,2026-02-29 24:22:09,2026-02-29 24:22:29,-22.800690928993748,-43.20922469883334,-22.804927072527846,-43.20527352038999,2994.8426886560804,2966.6572533009399,2028.2845353552407,868527.9926422502,247.38442355598963,65.58403032526853
2,HBEFA4/PC_petrol_Euro-6ab,Gasoline,2026-02-29 24:22:29,2026-02-29 24:22:29,-22.804927072527846,-43.20527352038999,-22.804892275435068,-43.2052973335766,2994.8443488542366,2966.6598234990962,2028.2845353552407,868527.9926422502,247.38442355598963,65.58403032526853
2,HBEFA4/PC_petrol_Euro-6ab,Gasoline,2026-02-29 24:22:29,2026-02-29 24:22:29,-22.804892275435068,-43.2052973335766,-22.804854755826024,-43.205233225534086,2994.848033962928,2966.6634986067775,2028.2845353552407,868530.8073543524,247.3854742252383,65.5842446932643
2,HBEFA4/PC_petrol_Euro-6ab,Gasoline,2026-02-29 24:22:29,2026-02-29 24:22:29,-22.804854755826024,-43.205233225534086,-22.804809022426966,-43.20527686962527,2994.8535727955245,2966.6690374403738,2028.2845353552407,868535.2987526633,247.38704045042267,65.58432302290476
2,HBEFA4/PC_petrol_Euro-6ab,Gasoline,2026-02-29 24:22:29,2026-02-29 24:22:29,-22.804809022426966,-43.20527686962527,-22.804752292499586,-43.205332232792786,2994.860342230643,2966.675806875502,2028.2845353552407,868538.8879972999,247.38826503449343,65.58452234078922
2,HBEFA4/PC_petrol_Euro-6ab,Gasoline,2026-02-29 24:22:29,2026-02-29 24:22:22,-22.804752292499586,-43.205332232792786,-22.80070362405828,-43.20928377054985,3002.785455383458,2972.2498939258804,2030.6355624575778,870709.2323227603,248.00722024670203,65.75543304977832
2,HBEFA4/PC_petrol_Euro-6ab,Gasoline,2026-02-29 24:22:22,2026-02-29 24:22:37,-22.80070362405828,-43.20928377054985,-22.80070274065034,-43.209273572997425,3044.8402743423246,2999.0020555598067,2045.8392287825277,882908.5428804634,252.48202934920077,66.68020024497925
2,HBEFA4/PC_petrol_Euro-6ab,Gasoline,2026-02-29 24:22:37,2026-02-29 24:22:37,-22.80070274065034,-43.209273572997425,-22.800687932323963,-43.20929839893977,3044.846944296688,2999.00782552427,2045.8392287825277,882908.5428804634,252.48202934920077,66.68020024497925
2,HBEFA4/PC_petrol_Euro-6ab,Gasoline,2026-02-29 24:22:37,2026-02-29 24:22:37,-22.800687932323963,-43.20929839893977,-22.800670680459692,-43.20920428359275,3044.8548227892236,2999.025694006596,2045.8392287825277,882922.2282732474,252.48229823945725,66.68042942372844
2,HBEFA4/PC_petrol_Euro-6ab,Gasoline,2026-02-29 24:22:37,2026-02-29 24:22:37,-22.800670680459692,-43.20920428359275,-22.800650822050726,-43.20899588262587,3044.8646630555095,2999.0255442729925,2045.8392287825277,882928.3009008409,252.48398299854967,66.680728635633
2,HBEFA4/PC_petrol_Euro-6ab,Gasoline,2026-02-29 24:22:37,2026-02-29 24:22:37,-22.800650822050726,-43.20899588262587,-22.80062823583322,-43.208872274592734,3044.8760084826927,2999.036889700275,2045.8392287825277,882923.769458742,252.48550695962742,66.68204853535533
2,HBEFA4/PC_petrol_Euro-6ab,Gasoline,2026-02-29 24:22:37,2026-02-29 24:22:37,-22.80062823583322,-43.208872274592734,-22.800606940426525,-43.20875654040297,3044.888955975703,2999.0498372932853,2045.8392287825277,882930.0784527997,252.4872706577635,66.68242559466294
2,HBEFA4/PC_petrol_Euro-6ab,Gasoline,2026-02-29 24:22:37,2026-02-29 24:22:43,-22.800606940426525,-43.20875654040297,-22.800700057069346,-43.20926445739373,3055.7840254222475,2008.4443462038475,2047.3396792084,886323.7252946875,252.5078085229332,66.9263852222548
2,HBEFA4/PC_petrol_Euro-6ab,Gasoline,2026-02-29 24:22:43,2026-02-29 24:22:43,-22.800700057069346,-43.20926445739373,-22.800683686508986,-43.209275240562294,3055.7924886250824,2008.4528094266822,2047.3396792084,886327.7226447672,252.5092002485265,66.92660428206498
2,HBEFA4/PC_petrol_Euro-6ab,Gasoline,2026-02-29 24:22:43,2026-02-29 24:22:46,-22.800683686508986,-43.209275240562294,-22.798332992232656,-43.20457784737673,3064.4834643763247,2025.7977256873824,2048.6857486889426,888825.2669259267,253.2432279663236,67.20036859074268
2,HBEFA4/PC_petrol_Euro-6ab,Gasoline,2026-02-29 24:22:46,2026-02-29 24:22:46,-22.798332992232656,-43.20457784737673,-22.79826257724042,-43.20459286584622,3064.4898070798076,2025.8040583908653,2048.6857486889426,888825.2669259267,253.2432279663236,67.20036859074268
2,HBEFA4/PC_petrol_Euro-6ab,Gasoline,2026-02-29 24:22:46,2026-02-29 24:22:46,-22.79826257724042,-43.20459286584622,-22.798277548326087,-43.20460935454685,3064.4976477222555,2025.8228990223232,2048.6857486889426,888829.6967269659,253.24464078992463,67.20059890347645
2,HBEFA4/PC_petrol_Euro-6ab,Gasoline,2026-02-29 24:22:46,2026-02-29 24:22:56,-22.798277548326087,-43.20460935454685,-22.7972876742355,-43.203952864550824,3093.3334868446824,2032.5562770442657,2060.7773098004254,897223.247945992,255.60200260698474,67.73622478222509
2,HBEFA4/PC_petrol_Euro-6ab,Gasoline,2026-02-29 24:22:56,2026-02-29 24:22:56,-22.7972876742355,-43.203952864550824,-22.79707426720563,-43.203955893594646,3093.3456576580766,2032.568347857662,2060.7773098004254,897223.247945992,255.60200260698474,67.73622478222509
2,HBEFA4/PC_petrol_Euro-6ab,Gasoline,2026-02-29 24:22:56,2026-02-29 24:22:56,-22.79707426720563,-43.203955893594646,-22.797009425470427,-43.20386887423396,3093.358444422464,2032.5822346220485,2060.7773098004254,897226.700544377,255.60297407040565,67.73658260908908
2,HBEFA4/PC_petrol_Euro-6ab,Gasoline,2026-02-29 24:22:56,2026-02-29 24:22:56,-22.797009425470427,-43.20386887423396,-22.7972554849807,-43.20393922508577,3093.4232027244473,2032.6458929240326,2060.7773098004254,897223.3764504987,255.60393406382332,67.73744526623723
2,HBEFA4/PC_petrol_Euro-6ab,Gasoline,2026-02-29 24:22:56,2026-02-29 24:22:57,-22.7972554849807,-43.20393922508577,-22.798258843227404,-43.20459367370877,3093.9647697244322,2033.2874599240268,2060.7773098004254,897404.2557877053,255.6588588794742,67.74940859560468
2,HBEFA4/PC_petrol_Euro-6ab,Gasoline,2026-02-29 24:22:57,2026-02-29 24:22:59,-22.798258843227404,-43.20459367370877,-22.800700224049237,-43.20926536249222,3202.7350993737846,2039.0824228662237,2063.6526775075706,899575.8065253288,256.26404568273785,67.93934242448629
2,HBEFA4/PC_petrol_Euro-6ab,Gasoline,2026-02-29 24:22:59,2026-02-29 24:22:05,-22.800700224049237,-43.20926536249222,-22.80492745222925,-43.205273257299875,3227.4075976907357,2050.8280855629983,2066.579522228737,903859.6672598729,257.5225239683968,68.2553209006399
2,HBEFA4/PC_petrol_Euro-6ab,Gasoline,2026-02-29 24:22:05,2026-02-29 24:22:05,-22.80492745222925,-43.205273257299875,-22.804890527072325,-43.20529892024259,3227.4202326657637,2050.8306205370263,2066.579522228737,903859.6672598729,257.5225239683968,68.2553209006399
2,HBEFA4/PC_petrol_Euro-6ab,Gasoline,2026-02-29 24:22:05,2026-02-29 24:22:22,-22.804890527072325,-43.20529892024259,-22.798222594280444,-43.20295237033053,3234.846998702972,2062.997279306657,2072.8498293963244,909282.2250792092,259.0564265659207,68.63992066730276
2,HBEFA4/PC_petrol_Euro-6ab,Gasoline,2026-02-29 24:22:22,2026-02-29 24:22:22,-22.798222594280444,-43.20295237033053,-22.79804075637343,-43.20297792225564,3234.853632372664,2063.00382297535,2072.8498293963244,909285.4747283858,259.05752862549605,68.6402254244853
2,HBEFA4/PC_petrol_Euro-6ab,Gasoline,2026-02-29 24:22:22,2026-02-29 24:22:22,-22.79804075637343,-43.20297792225564,-22.797960497354524,-43.202006857326204,3234.862904553202,2063.0220852568868,2072.8498293963244,909290.2965527974,259.0590404603737,68.64035844777676
2,HBEFA4/PC_petrol_Euro-6ab,Gasoline,2026-02-29 24:22:22,2026-02-29 24:22:25,-22.797960497354524,-43.202006857326204,-22.798220287979255,-43.20295288462986,3242.922858845698,2068.03267955975,2073.8802792859479,922267.4295922984,259.6330335228666,68.79267538022466
2,HBEFA4/PC_petrol_Euro-6ab,Gasoline,2026-02-29 24:22:25,2026-02-29 24:22:27,-22.798220287979255,-43.20295288462986,-22.798086208480722,-43.202962534070804,3273.3690299627247,2092.2889773262264,2082.0800526455982,920302.2282275227,262.3082454352793,69.48202424402084
2,HBEFA4/PC_petrol_Euro-6ab,Gasoline,2026-02-29 24:22:27,2026-02-29 24:22:27,-22.798086208480722,-43.202962534070804,-22.798000326727225,-43.20299250206202,3273.3777770589286,2092.2977244233203,2082.0800526455982,920306.4464737242,262.3094722072055,69.48226907687924
2,HBEFA4/PC_petrol_Euro-6ab,Gasoline,2026-02-29 24:22:27,2026-02-29 24:22:27,-22.798000326727225,-43.20299250206202,-22.79789752787665,-43.20202956359263,3273.3878067364285,2092.3077540908203,2082.0800526455982,920322.0246646993,262.3208232847343,69.48256022968623
2,HBEFA4/PC_petrol_Euro-6ab,Gasoline,2026-02-29 24:22:27,2026-02-29 24:22:27,-22.79789752787665,-43.20202956359263,-22.79779225240003,-43.202067876254205,3273.39982067338,2092.329758027782,2082.0800526455982,920327.9525558248,262.322688659227,69.48292240527935
2,HBEFA4/PC_petrol_Euro-6ab,Gasoline,2026-02-29 24:22:27,2026-02-29 24:22:27,-22.79779225240003,-43.202067876254205,-22.797682026643683,-43.20220762954067,3273.4222295272726,2092.3322668826734,2082.0800526455982,920320.8733968452,262.3235073079673,69.48226722228673
2,HBEFA4/PC_petrol_Euro-6ab,Gasoline,2026-02-29 24:22:27,2026-02-29 24:22:45,-22.797682026643683,-43.20220762954067,-22.79806700280242,-43.20296845875643,3225.4076797604826,2228.2094386799445,2097.2982420805376,935005.6973820958,266.49062322678964,70.62406559328564
2,HBEFA4/PC_petrol_Euro-6ab,Gasoline,2026-02-29 24:22:45,2026-02-29 24:22:45,-22.79806700280242,-43.20296845875643,-22.79796472098969,-43.20200533826502,3225.4279098447307,2228.229668764293,2097.2982420805376,935020.3229536773,266.4929657902292,70.62436242685885
2,HBEFA4/PC_petrol_Euro-6ab,Gasoline,2026-02-29 24:22:45,2026-02-29 24:22:45,-22.79796472098969,-43.20200533826502,-22.797853442223663,-43.20204545440547,3225.4298544584453,2228.2326233779077,2097.2982420805376,935026.5453425746,266.4936623993992,70.6247206993096
2,HBEFA4/PC_petrol_Euro-6ab,Gasoline,2026-02-29 24:22:45,2026-02-29 24:22:45,-22.797853442223663,-43.20204545440547,-22.797745676430857,-43.20208430755253,3225.442847449223,2228.244606368575,2097.2982420805376,935022.3356044285,266.49494269332283,70.62508655738428
2,HBEFA4/PC_petrol_Euro-6ab,Gasoline,2026-02-29 24:22:45,2026-02-29 24:22:45,-22.797745676430857,-43.20208430755253,-22.797642458266225,-43.20222288266575,3225.455432366249,2228.2572902857227,2097.2982420805376,935022.3356044285,266.49494269332283,70.62508655738428
2,HBEFA4/PC_petrol_Euro-6ab,Gasoline,2026-02-29 24:22:45,2026-02-29 24:22:45,-22.797642458266225,-43.20222288266575,-22.797530345237924,-43.20226294245879,3225.4676020458397,2228.2693599653026,2097.2982420805376,935022.3356044285,266.49494269332283,70.62508655738428
2,HBEFA4/PC_petrol_Euro-6ab,Gasoline,2026-02-29 24:22:45,2026-02-29 24:22:45,-22.797530345237924,-43.20226294245879,-22.79806526423509,-43.2029690852203,3225.9573225874725,2228.7590805069353,2097.2982420805376,935254.3798028592,266.5352882459327,70.63482076086834
2,HBEFA4/PC_petrol_Euro-6ab,Gasoline,2026-02-29 24:22:45,2026-02-29 24:22:50,-22.79806526423509,-43.2029690852203,-22.797208202425376,-43.20394802490928,3235.2222580574456,2236.6779277983367,2098.4442402592094,938556.320724362,267.6227493963267,70.84224963863978
2,HBEFA4/PC_petrol_Euro-6ab,Gasoline,2026-02-29 24:22:50,2026-02-29 24:23:02,-22.797208202425376,-43.20394802490928,-22.804926353222794,-43.20527420744279,3272.233222052038,2262.2263065864487,2220.0069044645898,949222.6888572232,270.6802586595899,72.63377254339852
2,HBEFA4/PC_petrol_Euro-6ab,Gasoline,2026-02-29 24:23:02,2026-02-29 24:23:02,-22.804926353222794,-43.20527420744279,-22.804888573929833,-43.20520077842736,3272.235765275906,2262.2288607223265,2220.0069044645898,949222.6888572232,270.6802586595899,72.63377254339852
2,HBEFA4/PC_petrol_Euro-6ab,Gasoline,2026-02-29 24:23:02,2026-02-29 24:23:02,-22.804888573929833,-43.20520077842736,-22.80484863498286,-43.20523898023537,3272.239877055083,2262.2329725904934,2220.0069044645898,949226.2869520876,270.68262276282465,72.63389979533487
2,HBEFA4/PC_petrol_Euro-6ab,Gasoline,2026-02-29 24:23:02,2026-02-29 24:23:02,-22.80484863498286,-43.20523898023537,-22.80480002520207,-43.20528548523405,3272.2457887998928,2262.2388843353025,2220.0069044645898,949230.7022393772,270.6832663973792,72.63407808203822
2,HBEFA4/PC_petrol_Euro-6ab,Gasoline,2026-02-29 24:23:02,2026-02-29 24:23:02,-22.80480002520207,-43.20528548523405,-22.804737898758866,-43.20534489945034,3272.252985490254,2262.246082025665,2220.0069044645898,949234.5805235742,270.6844332926802,72.6342894932489
2,HBEFA4/PC_petrol_Euro-6ab,Gasoline,2026-02-29 24:23:02,2026-02-29 24:23:02,-22.804737898758866,-43.20534489945034,-22.804662974382227,-43.20542656455436,3272.2622799266224,2262.255275452032,2220.0069044645898,949240.4388026675,270.68620224068434,72.63456025223864
2,HBEFA4/PC_petrol_Euro-6ab,Gasoline,2026-02-29 24:23:02,2026-02-29 24:23:03,-22.804662974382227,-43.20542656455436,-22.80458643386665,-43.20548977537267,3272.2732702762425,2262.266365722553,2220.0069044645898,949246.7950223408,270.68798273975796,72.63488452359447
2,HBEFA4/PC_petrol_Euro-6ab,Gasoline,2026-02-29 24:23:03,2026-02-29 24:23:24,-22.80458643386665,-43.20548977537267,-22.798345267768095,-43.20457497508842,3336.02267227864,2299.6422986925236,2236.3804735872265,968288.7342764882,276.0377223828906,73.07363936532292
2,HBEFA4/PC_petrol_Euro-6ab,Gasoline,2026-02-29 24:23:24,2026-02-29 24:23:24,-22.798345267768095,-43.20457497508842,-22.79827582022993,-43.20459000279036,3336.0279475568786,2299.6474739697624,2236.3804735872265,968290.3294296229,276.03822267203825,73.07382955522307
2,HBEFA4/PC_petrol_Euro-6ab,Gasoline,2026-02-29 24:23:24,2026-02-29 24:23:24,-22.79827582022993,-43.20459000279036,-22.798296035632573,-43.2046070849502,3336.035793006505,2299.6553294293893,2236.3804735872265,968294.8863240643,276.03966888658766,73.07405033032364
2,HBEFA4/PC_petrol_Euro-6ab,Gasoline,2026-02-29 24:23:24,2026-02-29 24:23:24,-22.798296035632573,-43.2046070849502,-22.79823074537609,-43.20462520030986,3336.0448009434504,2299.6643273563345,2236.3804735872265,968298.949988604,276.0409049696205,73.07432292542206
2,HBEFA4/PC_petrol_Euro-6ab,Gasoline,2026-02-29 24:23:24,2026-02-29 24:23:24,-22.79823074537609,-43.20462520030986,-22.79809674004258,-43.204629274972556,3336.052078327476,2299.67260473036,2236.3804735872265,968298.949988604,276.0409049696205,73.07432292542206
2,HBEFA4/PC_petrol_Euro-6ab,Gasoline,2026-02-29 24:23:24,2026-02-29 24:23:24,-22.79809674004258,-43.204629274972556,-22.7983429604042,-43.204575474304825,3336.567358539926,2200.2868849527996,2236.3804735872265,968324.5829824832,276.0760029296962,73.08498570277896
2,HBEFA4/PC_petrol_Euro-6ab,Gasoline,2026-02-29 24:23:24,2026-02-29 24:23:24,-22.7983429604042,-43.204575474304825,-22.798269765200892,-43.20459232065469,3336.574228280554,2200.2936545934377,2236.3804735872265,968326.9209237547,276.0767537998045,73.08528246722344
2,HBEFA4/PC_petrol_Euro-6ab,Gasoline,2026-02-29 24:23:24,2026-02-29 24:23:24,-22.798269765200892,-43.20459232065469,-22.798285052947584,-43.20460843324027,3336.5823957982297,2200.2029222222035,2236.3804735872265,968322.4679202498,276.0782786365462,73.08542373426678
2,HBEFA4/PC_petrol_Euro-6ab,Gasoline,2026-02-29 24:23:24,2026-02-29 24:23:24,-22.798285052947584,-43.20460843324027,-22.797859622726003,-43.20464822927992,3336.625283006002,2200.2348094288847,2236.3804735872265,968335.8748790269,276.0822729594556,73.08637773295236
2,HBEFA4/PC_petrol_Euro-6ab,Gasoline,2026-02-29 24:23:24,2026-02-29 24:23:30,-22.797859622726003,-43.20464822927992,-22.800702762956245,-43.209279208285825,3350.056894020202,2209.870562960023,2240.286332050289,972435.3023856584,277.2784225745205,73.38202962468028
2,HBEFA4/PC_petrol_Euro-6ab,Gasoline,2026-02-29 24:23:30,2026-02-29 24:23:30,-22.800702762956245,-43.209279208285825,-22.80068627888869,-43.20928883823246,3350.0644248082074,2209.8780827579285,2240.286332050289,972438.2332232494,277.2793225802656,73.382247266032
2,HBEFA4/PC_petrol_Euro-6ab,Gasoline,2026-02-29 24:23:30,2026-02-29 24:23:40,-22.80068627888869,-43.20928883823246,-22.80492295935286,-43.20527745369046,3377.7487228776085,2227.345503607807,2250.4032292698026,982087.2298238585,279.7440487542967,73.98957864257873
2,HBEFA4/PC_petrol_Euro-6ab,Gasoline,2026-02-29 24:23:40,2026-02-29 24:23:40,-22.80492295935286,-43.20527745369046,-22.804882825426958,-43.20520627688739,3377.7527975352084,2227.348578265307,2250.4032292698026,982089.0965222482,279.7446936233446,73.98967353060264
2,HBEFA4/PC_petrol_Euro-6ab,Gasoline,2026-02-29 24:23:40,2026-02-29 24:23:40,-22.804882825426958,-43.20520627688739,-22.804839724888932,-43.20524750265805,3377.7562579459286,2227.353038676227,2250.4032292698026,982092.5353967824,279.745964376608,73.98982042694344
2,HBEFA4/PC_petrol_Euro-6ab,Gasoline,2026-02-29 24:23:40,2026-02-29 24:23:40,-22.804839724888932,-43.20524750265805,-22.804783557898098,-43.20530222646567,3377.7626376675253,2227.359428397724,2250.4032292698026,982097.2835637523,279.74759223962337,73.99000220742983
2,HBEFA4/PC_petrol_Euro-6ab,Gasoline,2026-02-29 24:23:40,2026-02-29 24:23:49,-22.804783557898098,-43.20530222646567,-22.804922679883074,-43.20527772200429,3403.922623220797,2244.275936224228,2259.7356870866793,988864.4858200423,282.95302022556266,74.55802802922967
2,HBEFA4/PC_petrol_Euro-6ab,Gasoline,2026-02-29 24:23:49,2026-02-29 24:23:49,-22.804922679883074,-43.20527772200429,-22.8048822822548,-43.205206893235575,3403.9247789022044,2244.2790928254256,2259.7356870866793,988866.3330793346,282.95363957886825,74.55822494426429
2,HBEFA4/PC_petrol_Euro-6ab,Gasoline,2026-02-29 24:23:49,2026-02-29 24:23:49,-22.8048822822548,-43.205206893235575,-22.80484306446798,-43.205244308343836,3403.9292933207906,2244.283606224222,2259.7356870866793,988869.7454638239,282.9548956092625,74.55826326922748
2,HBEFA4/PC_petrol_Euro-6ab,Gasoline,2026-02-29 24:23:49,2026-02-29 24:23:49,-22.80484306446798,-43.205244308343836,-22.804796744490886,-43.205288623476505,3403.9250833446467,2244.2893962579675,2259.7356870866793,988873.3002354299,282.95622674096627,74.55843574747546
2,HBEFA4/PC_petrol_Euro-6ab,Gasoline,2026-02-29 24:23:49,2026-02-29 24:23:54,-22.804796744490886,-43.205288623476505,-22.798094374207234,-43.202958590073644,3426.966923963653,2252.0307439220557,2264.9362800525974,992687.4925206979,283.02392895253686,74.84223664020832
2,HBEFA4/PC_petrol_Euro-6ab,Gasoline,2026-02-29 24:23:54,2026-02-29 24:23:54,-22.798094374207234,-43.202958590073644,-22.798025062203834,-43.202987285263226,3426.974623549343,2252.038443496746,2264.9362800525974,992692.2997646608,283.0252027547223,74.84236234244352
2,HBEFA4/PC_petrol_Euro-6ab,Gasoline,2026-02-29 24:23:54,2026-02-29 24:23:57,-22.798025062203834,-43.202987285263226,-22.79722995309622,-43.203945827042794,3424.22362266958,2258.7055328893945,2265.5080897802856,994886.5532742538,283.7063229606068,75.00033760205496
2,HBEFA4/PC_petrol_Euro-6ab,Gasoline,2026-02-29 24:23:57,2026-02-29 24:23:57,-22.79722995309622,-43.203945827042794,-22.79720869082273,-43.2039479335567,3424.6358379073523,2259.227748227266,2265.5080897802856,994979.2298870658,283.7336250324622,75.00770002282873
2,HBEFA4/PC_petrol_Euro-6ab,Gasoline,2026-02-29 24:23:57,2026-02-29 24:24:02,-22.79720869082273,-43.2039479335567,-22.804905823473223,-43.205284288748974,3436.4732728753225,2267.432966045277,2269.0423068300343,998032.3727833024,284.60095656482296,75.26858072938479
2,HBEFA4/PC_petrol_Euro-6ab,Gasoline,2026-02-29 24:24:02,2026-02-29 24:24:07,-22.804905823473223,-43.205284288748974,-22.798053882555524,-43.202973288706205,3453.90352025727,2277.9600230772237,2275.9435072800563,2003266.8074292222,286.0663609503398,75.65792264437922
2,HBEFA4/PC_petrol_Euro-6ab,Gasoline,2026-02-29 24:24:07,2026-02-29 24:24:07,-22.798053882555524,-43.202973288706205,-22.797957098449587,-43.20200808274888,3453.923542793946,2277.97003462389,2275.9435072800563,2003272.7592229448,286.067820049995,75.65822432057906
2,HBEFA4/PC_petrol_Euro-6ab,Gasoline,2026-02-29 24:24:07,2026-02-29 24:24:07,-22.797957098449587,-43.20200808274888,-22.797852200406902,-43.202046298670226,3453.92484338325,2277.9823362032937,2275.9435072800563,2003276.6842788427,286.0692902590306,75.65854297222785
2,HBEFA4/PC_petrol_Euro-6ab,Gasoline,2026-02-29 24:24:07,2026-02-29 24:24:08,-22.797852200406902,-43.202046298670226,-22.798223276424743,-43.20295275508406,3456.648029852656,2280.2030842893287,2276.4449455623374,2004265.882235047,286.3774048720643,75.72809359836233
2,HBEFA4/PC_petrol_Euro-6ab,Gasoline,2026-02-29 24:24:08,2026-02-29 24:24:27,-22.798223276424743,-43.20295275508406,-22.79803499737862,-43.20297999747522,3478.577896989382,2298.529969594552,2280.05792739483,2020903.84475227,288.3822905774086,76.29367294256225
2,HBEFA4/PC_petrol_Euro-6ab,Gasoline,2026-02-29 24:24:27,2026-02-29 24:24:27,-22.79803499737862,-43.20297999747522,-22.79793476269922,-43.2020262359275,3478.5879870374733,2298.5300596426437,2280.05792739483,2020909.026748057,288.3827993062832,76.29396697974228
2,HBEFA4/PC_petrol_Euro-6ab,Gasoline,2026-02-29 24:24:27,2026-02-29 24:24:27,-22.79793476269922,-43.2020262359275,-22.7978323335272,-43.202053425298935,3478.5996926706226,2298.542764275783,2280.05792739483,2020924.9060806926,288.3844283254532,76.2943078260236
2,HBEFA4/PC_petrol_Euro-6ab,Gasoline,2026-02-29 24:24:27,2026-02-29 24:24:29,-22.7978323335272,-43.202053425298935,-22.79794032996079,-43.20463837338482,3482.208827252952,2302.0508998582223,2280.05792739483,2022682.9028267272,288.6249270664223,76.24838624207503
2,HBEFA4/PC_petrol_Euro-6ab,Gasoline,2026-02-29 24:24:29,2026-02-29 24:24:24,-22.79794032996079,-43.20463837338482,-22.800704236404822,-43.2092870860498,3495.52722654268,2322.2735230824524,2283.2436934592279,2025838.7258557369,289.8347407254856,76.55259449253365
2,HBEFA4/PC_petrol_Euro-6ab,Gasoline,2026-02-29 24:24:24,2026-02-29 24:24:24,-22.800704236404822,-43.2092870860498,-22.80068968398843,-43.20920796200998,3495.524289592653,2322.280496232425,2283.2436934592279,2025838.7258557369,289.8347407254856,76.55259449253365
2,HBEFA4/PC_petrol_Euro-6ab,Gasoline,2026-02-29 24:24:24,2026-02-29 24:24:24,-22.80068968398843,-43.20920796200998,-22.800672587533455,-43.20922468798302,3495.5324720072254,2322.2887785479975,2283.2436934592279,2025842.8994972357,289.83604936788936,76.55283632820262
2,HBEFA4/PC_petrol_Euro-6ab,Gasoline,2026-02-29 24:24:24,2026-02-29 24:24:45,-22.800672587533455,-43.20922468798302,-22.798098234085997,-43.20320835329055,3563.2842640776693,2345.9499402676453,2227.2342239200242,2035077.8423988245,295.2322239775322,78.05947605755627
2,HBEFA4/PC_petrol_Euro-6ab,Gasoline,2026-02-29 24:24:45,2026-02-29 24:24:45,-22.798098234085997,-43.20320835329055,-22.798042257870785,-43.20322440887567,3563.2963532090526,2345.9622292990287,2227.2342239200242,2035079.7493547252,295.2326726955803,78.0598237408552
2,HBEFA4/PC_petrol_Euro-6ab,Gasoline,2026-02-29 24:24:45,2026-02-29 24:24:45,-22.798042257870785,-43.20322440887567,-22.79795700760724,-43.20329322888286,3563.2089340239295,2345.9747202239055,2227.2342239200242,2035082.659785423,295.233485570202,78.06028452275903
2,HBEFA4/PC_petrol_Euro-6ab,Gasoline,2026-02-29 24:24:45,2026-02-29 24:24:45,-22.79795700760724,-43.20329322888286,-22.797849659286607,-43.203300564889986,3563.2225575935224,2345.9873336834985,2227.2342239200242,2035084.6328682532,295.23405836566386,78.06054493546522
2,HBEFA4/PC_petrol_Euro-6ab,Gasoline,2026-02-29 24:24:45,2026-02-29 24:24:45,-22.797849659286607,-43.203300564889986,-22.797743426247764,-43.2032525573736,3563.233723859246,2345.999489949222,2227.2342239200242,2035084.6328682532,295.23405836566386,78.06054493546522
2,HBEFA4/PC_petrol_Euro-6ab,Gasoline,2026-02-29 24:24:45,2026-02-29 24:24:45,-22.797743426247764,-43.2032525573736,-22.79764582227852,-43.2032922202269,3563.246668262663,2346.022444252639,2227.2342239200242,2035088.7202933876,295.23526284335326,78.06092852044663
2,HBEFA4/PC_petrol_Euro-6ab,Gasoline,2026-02-29 24:24:45,2026-02-29 24:24:45,-22.79764582227852,-43.2032922202269,-22.797552402267595,-43.203232255089444,3563.25908282229,2346.0248589022663,2227.2342239200242,2035088.7202933876,295.23526284335326,78.06092852044663
2,HBEFA4/PC_petrol_Euro-6ab,Gasoline,2026-02-29 24:24:45,2026-02-29 24:24:45,-22.797552402267595,-43.203232255089444,-22.797466633000635,-43.203082022696495,3563.2722692289238,2346.03704532889,2227.2342239200242,2035088.7202933876,295.23526284335326,78.06092852044663
2,HBEFA4/PC_petrol_Euro-6ab,Gasoline,2026-02-29 24:24:45,2026-02-29 24:24:45,-22.797466633000635,-43.203082022696495,-22.797427326284223,-43.203054223959704,3563.282930299729,2346.047706389705,2227.2342239200242,2035088.7202933876,295.23526284335326,78.06092852044663
2,HBEFA4/PC_petrol_Euro-6ab,Gasoline,2026-02-29 24:24:45,2026-02-29 24:24:45,-22.797427326284223,-43.203054223959704,-22.797273406243227,-43.20299722892523,3563.3055958849563,2346.0723729749324,2227.2342239200242,2035098.7424796422,295.23825056474656,78.06243299647497
2,HBEFA4/PC_petrol_Euro-6ab,Gasoline,2026-02-29 24:24:45,2026-02-29 24:25:05,-22.797273406243227,-43.20299722892523,-22.804927840354,-43.205272784995426,3624.964880726638,2383.24763377924,2232.7272469473987,2052063.454282278,299.7743582287873,79.28579778522722
2,HBEFA4/PC_petrol_Euro-6ab,Gasoline,2026-02-29 24:25:05,2026-02-29 24:25:05,-22.804927840354,-43.205272784995426,-22.804890275829456,-43.20529925056476,3624.967865052266,2383.2506282038675,2232.7272469473987,2052065.3420090942,299.77500967385265,79.28589032390275
2,HBEFA4/PC_petrol_Euro-6ab,Gasoline,2026-02-29 24:25:05,2026-02-29 24:25:05,-22.804890275829456,-43.20529925056476,-22.804852554328857,-43.20523523227229,3624.972945242037,2383.2546982946384,2232.7272469473987,2052068.322302284,299.77620667587263,79.28602563445007
2,HBEFA4/PC_petrol_Euro-6ab,Gasoline,2026-02-29 24:25:05,2026-02-29 24:25:05,-22.804852554328857,-43.20523523227229,-22.80480609968429,-43.2052796652226,3624.977528659926,2383.260282722528,2232.7272469473987,2052072.2756262922,299.77746784020627,79.28628359265222
2,HBEFA4/PC_petrol_Euro-6ab,Gasoline,2026-02-29 24:25:05,2026-02-29 24:25:05,-22.80480609968429,-43.2052796652226,-22.804748205372654,-43.20533504227394,3624.9844048533555,2383.267257905957,2232.7272469473987,2052075.9954455288,299.7787320673905,79.28638625425208
2,HBEFA4/PC_petrol_Euro-6ab,Gasoline,2026-02-29 24:25:05,2026-02-29 24:25:05,-22.804748205372654,-43.20533504227394,-22.80468009424477,-43.205400289429405,3624.992974337572,2383.2757273902725,2232.7272469473987,2052082.026382683,299.7802872927272,79.28663778960892
2,HBEFA4/PC_petrol_Euro-6ab,Gasoline,2026-02-29 24:25:05,2026-02-29 24:25:05,-22.80468009424477,-43.205400289429405,-22.804602955826927,-43.205474928674235,3625.0030562050435,2383.285809257645,2232.7272469473987,2052086.224360258,299.7827780035869,79.28693246572049
2,HBEFA4/PC_petrol_Euro-6ab,Gasoline,2026-02-29 24:25:05,2026-02-29 24:25:05,-22.804602955826927,-43.205474928674235,-22.80454358906623,-43.20553075626884,3625.024622202606,2383.297375254208,2232.7272469473987,2052092.6378903426,299.7833040272422,79.28726769772846
2,HBEFA4/PC_petrol_Euro-6ab,Gasoline,2026-02-29 24:25:05,2026-02-29 24:25:09,-22.80454358906623,-43.20553075626884,-22.800702249935265,-43.209275789035736,3625.227829595557,2390.55938454263,2234.558445052927,2054230.6767788266,300.6552236225538,79.40494000223432
2,HBEFA4/PC_petrol_Euro-6ab,Gasoline,2026-02-29 24:25:09,2026-02-29 24:25:24,-22.800702249935265,-43.209275789035736,-22.80492592574476,-43.2052746258922,3637.382707507522,2400.738530626233,2236.6442768823882,2057784.8498749763,302.7293495827488,79.66353934592256
2,HBEFA4/PC_petrol_Euro-6ab,Gasoline,2026-02-29 24:25:24,2026-02-29 24:25:24,-22.80492592574476,-43.2052746258922,-22.804884469954274,-43.205204703892224,3637.3855099322354,2400.7423330497475,2236.6442768823882,2057786.368542804,302.7298273862325,79.6636256784329
2,HBEFA4/PC_petrol_Euro-6ab,Gasoline,2026-02-29 24:25:24,2026-02-29 24:25:26,-22.804884469954274,-43.205204703892224,-22.80492669277029,-43.205273882663495,3643.765544764676,2404.232628986276,2239.6329257784005,2059639.4228224878,302.2587225826526,79.82020955456689
2,HBEFA4/PC_petrol_Euro-6ab,Gasoline,2026-02-29 24:25:26,2026-02-29 24:25:27,-22.80492669277029,-43.205273882663495,-22.80492272670927,-43.20527768578002,3673.828297535722,2422.9284242644564,2250.8997733722645,2068579.8470573524,304.7982408356839,80.47792752503943
2,HBEFA4/PC_petrol_Euro-6ab,Gasoline,2026-02-29 24:25:27,2026-02-29 24:25:27,-22.80492272670927,-43.20527768578002,-22.80487960032242,-43.20520936272872,3673.832483452066,2422.9327200798026,2250.8997733722645,2068582.3692379922,304.7992793280347,80.47802035480665
2,HBEFA4/PC_petrol_Euro-6ab,Gasoline,2026-02-29 24:25:27,2026-02-29 24:25:27,-22.80487960032242,-43.20520936272872,-22.80483794645263,-43.20524920373593,3673.8363853258775,2422.936622954623,2250.8997733722645,2068586.235502066,304.80059228732975,80.47827024592297
2,HBEFA4/PC_petrol_Euro-6ab,Gasoline,2026-02-29 24:25:27,2026-02-29 24:25:27,-22.80483794645263,-43.20524920373593,-22.804788638725063,-43.2052963666596,3673.8425509207383,2422.942777539474,2250.8997733722645,2068589.850596828,304.80282382278605,80.47835307563292
2,HBEFA4/PC_petrol_Euro-6ab,Gasoline,2026-02-29 24:25:27,2026-02-29 24:25:27,-22.804788638725063,-43.2052963666596,-22.80472647828729,-43.205355823229295,3673.849849426772,2422.9500760455066,2250.8997733722645,2068593.4803775304,304.80300095775374,80.4785666267048
2,HBEFA4/PC_petrol_Euro-6ab,Gasoline,2026-02-29 24:25:27,2026-02-29 24:25:27,-22.80472647828729,-43.205355823229295,-22.804224386852896,-43.20222422947585,3675.265047293264,2423.502084838087,2252.663962355277,2068932.3349885533,304.88922504662875,80.5074022660787
2,HBEFA4/PC_petrol_Euro-6ab,Gasoline,2026-02-29 24:25:27,2026-02-29 24:25:36,-22.804224386852896,-43.20222422947585,-22.800702655760734,-43.20927852778478,3700.7662855076853,2442.0696497078425,2259.696535799843,2076496.887578869,307.0574290222223,82.07258722274443
2,HBEFA4/PC_petrol_Euro-6ab,Gasoline,2026-02-29 24:25:36,2026-02-29 24:25:36,-22.800702655760734,-43.20927852778478,-22.800687209262077,-43.209293924065075,3700.773655572222,2442.077229772378,2259.696535799843,2076499.9242352525,307.0583999278926,82.07280386922622
2,HBEFA4/PC_petrol_Euro-6ab,Gasoline,2026-02-29 24:25:36,2026-02-29 24:25:36,-22.800687209262077,-43.209293924065075,-22.800669280445668,-43.20909664556054,3700.7825222832043,2442.0859763833624,2259.696535799843,2076504.4098249934,307.05977237444324,82.07306220062209
2,HBEFA4/PC_petrol_Euro-6ab,Gasoline,2026-02-29 24:25:36,2026-02-29 24:25:56,-22.800669280445668,-43.20909664556054,-22.79792272533653,-43.204640522958634,3759.4052552208076,2482.2364265449455,2278.2687285758622,2093258.4399458682,322.79759872597344,82.35878564923983
2,HBEFA4/PC_petrol_Euro-6ab,Gasoline,2026-02-29 24:25:56,2026-02-29 24:25:56,-22.79792272533653,-43.204640522958634,-22.797844269307094,-43.20465022486039,3759.422469807766,2482.243742232904,2278.2687285758622,2093260.3839462702,322.7982065446053,82.35899538956953
2,HBEFA4/PC_petrol_Euro-6ab,Gasoline,2026-02-29 24:25:56,2026-02-29 24:25:56,-22.797844269307094,-43.20465022486039,-22.797752844679884,-43.20464750272092,3759.4222250805626,2482.252496504702,2278.2687285758622,2093264.952892789,322.7996098524949,82.35925220883333
2,HBEFA4/PC_petrol_Euro-6ab,Gasoline,2026-02-29 24:25:56,2026-02-29 24:25:56,-22.797752844679884,-43.20464750272092,-22.79764736762428,-43.20464287476886,3759.4323523833393,2482.262623807477,2278.2687285758622,2093269.7578932295,322.8020227223273,82.35954544628369
2,HBEFA4/PC_petrol_Euro-6ab,Gasoline,2026-02-29 24:25:56,2026-02-29 24:25:56,-22.79764736762428,-43.20464287476886,-22.797532222920443,-43.204637822254474,3759.4430432226065,2482.2743245457443,2278.2687285758622,2093275.522886432,322.80259577072324,82.35988565578222
2,HBEFA4/PC_petrol_Euro-6ab,Gasoline,2026-02-29 24:25:56,2026-02-29 24:25:56,-22.797532222920443,-43.204637822254474,-22.797422972253762,-43.20463298523965,3759.455806608839,2482.2870780329768,2278.2687285758622,2093280.3082494563,322.8038843440525,82.36025489302356
2,HBEFA4/PC_petrol_Euro-6ab,Gasoline,2026-02-29 24:25:56,2026-02-29 24:25:56,-22.797422972253762,-43.20463298523965,-22.79732247498272,-43.204628237022894,3759.468025227228,2482.2992966422558,2278.2687285758622,2093280.3082494563,322.8038843440525,82.36025489302356
2,HBEFA4/PC_petrol_Euro-6ab,Gasoline,2026-02-29 24:25:56,2026-02-29 24:25:57,-22.79732247498272,-43.204628237022894,-22.797294487666857,-43.20462300404802,3759.480272378422,2482.3225438025598,2278.2687285758622,2093282.2266448866,322.80444283233276,82.36060426099577
2,HBEFA4/PC_petrol_Euro-6ab,Gasoline,2026-02-29 24:25:57,2026-02-29 24:25:58,-22.797294487666857,-43.20462300404802,-22.80490993237097,-43.205280349009204,3766.2684452483672,2482.2255388529063,2284.0529063954622,2094980.9676462885,322.2562462222509,82.52430943623646
2,HBEFA4/PC_petrol_Euro-6ab,Gasoline,2026-02-29 24:25:58,2026-02-29 24:26:02,-22.80490993237097,-43.205280349009204,-22.80264069080824,-43.20270965472922,3774.555600589622,2484.9472245232237,2289.6084860663975,2097723.5524062605,322.98805857095437,82.72320652698963
2,HBEFA4/PC_petrol_Euro-6ab,Gasoline,2026-02-29 24:26:02,2026-02-29 24:26:02,-22.80264069080824,-43.20270965472922,-22.802620768934382,-43.20275557254226,3774.5594604329276,2484.9509743665203,2289.6084860663975,2097723.5524062605,322.98805857095437,82.72320652698963
2,HBEFA4/PC_petrol_Euro-6ab,Gasoline,2026-02-29 24:26:02,2026-02-29 24:26:08,-22.802620768934382,-43.20275557254226,-22.800704243742025,-43.2092872257764,3788.4266893253457,2495.885620425566,2292.5420688997804,2202049.6258082644,324.26360864884543,83.02004890234086
2,HBEFA4/PC_petrol_Euro-6ab,Gasoline,2026-02-29 24:26:08,2026-02-29 24:26:08,-22.800704243742025,-43.2092872257764,-22.800689725020325,-43.209208230256225,3788.4338454325352,2495.8927765327553,2292.5420688997804,2202052.2960642993,324.26409087048944,83.02025332035703
2,HBEFA4/PC_petrol_Euro-6ab,Gasoline,2026-02-29 24:26:08,2026-02-29 24:26:29,-22.800689725020325,-43.209208230256225,-22.800700704906824,-43.209267965053385,3804.8606040820905,2509.470072257025,2295.3905329250756,2207272.9389027946,325.7720936820243,83.36227222798203
2,HBEFA4/PC_petrol_Euro-6ab,Gasoline,2026-02-29 24:26:29,2026-02-29 24:26:29,-22.800700704906824,-43.209267965053385,-22.800686842055857,-43.20929245627346,3804.867382402889,2509.4768484768238,2295.3905329250756,2207272.9389027946,325.7720936820243,83.36227222798203
2,HBEFA4/PC_petrol_Euro-6ab,Gasoline,2026-02-29 24:26:29,2026-02-29 24:26:29,-22.800686842055857,-43.20929245627346,-22.800670438297653,-43.20920296288699,3804.875284758002,2509.4847528329266,2295.3905329250756,2207275.6834222868,325.77228022525866,83.3624026058973
2,HBEFA4/PC_petrol_Euro-6ab,Gasoline,2026-02-29 24:26:29,2026-02-29 24:26:29,-22.800670438297653,-43.20920296288699,-22.80065205290526,-43.20900265229858,3804.8846523872044,2509.494228462029,2295.3905329250756,2207280.4708952268,325.77372622900545,83.36267472235654
2,HBEFA4/PC_petrol_Euro-6ab,Gasoline,2026-02-29 24:26:29,2026-02-29 24:26:34,-22.80065205290526,-43.20900265229858,-22.800704282533302,-43.20928679436693,3833.0096635970022,2529.962297564475,2303.0474660325267,2225579.367442334,328.2262207238642,83.9687989564552
2,HBEFA4/PC_petrol_Euro-6ab,Gasoline,2026-02-29 24:26:34,2026-02-29 24:26:34,-22.800704282533302,-43.20928679436693,-22.800689424423584,-43.209206544902286,3833.026830228344,2529.969364095827,2303.0474660325267,2225582.7259226234,328.22697234298074,83.96900566558296
2,HBEFA4/PC_petrol_Euro-6ab,Gasoline,2026-02-29 24:26:34,2026-02-29 24:26:34,-22.800689424423584,-43.209206544902286,-22.800672532645925,-43.20922438307822,3833.02523022937,2529.977764286843,2303.0474660325267,2225585.7896983859,328.2282362242402,83.96925045038746
2,HBEFA4/PC_petrol_Euro-6ab,Gasoline,2026-02-29 24:26:34,2026-02-29 24:26:39,-22.800672532645925,-43.20922438307822,-22.80070475093882,-43.20928987295255,3843.0828597223797,2535.326679090402,2307.765280630978,2228672.639528472,329.08855774089454,84.29789545333657
2,HBEFA4/PC_petrol_Euro-6ab,Gasoline,2026-02-29 24:26:39,2026-02-29 24:26:39,-22.80070475093882,-43.20928987295255,-22.800689303545283,-43.20920588542509,3843.0892379306745,2535.3239572996968,2307.765280630978,2228675.2596922247,329.08936074650677,84.29820564387907
2,HBEFA4/PC_petrol_Euro-6ab,Gasoline,2026-02-29 24:26:39,2026-02-29 24:27:00,-22.800689303545283,-43.20920588542509,-22.80490629966822,-43.20528392935226,3884.6660686942264,2565.052949283834,2329.6232295202928,2230554.8796564552,322.50387888002944,85.20022032004022
2,HBEFA4/PC_petrol_Euro-6ab,Gasoline,2026-02-29 24:27:00,2026-02-29 24:27:00,-22.80490629966822,-43.20528392935226,-22.80488222242999,-43.2052079253835,3884.6687082006767,2565.055588590384,2329.6232295202928,2230554.8796564552,322.50387888002944,85.20022032004022
2,HBEFA4/PC_petrol_Euro-6ab,Gasoline,2026-02-29 24:27:00,2026-02-29 24:27:00,-22.80488222242999,-43.2052079253835,-22.804842735326395,-43.20524462327802,3884.6724225043223,2565.0593029940297,2329.6232295202928,2230557.762246449,322.5049582392588,85.20023566900462
2,HBEFA4/PC_petrol_Euro-6ab,Gasoline,2026-02-29 24:27:00,2026-02-29 24:27:00,-22.804842735326395,-43.20524462327802,-22.8047934494059,-43.20529276522892,3884.6782020653752,2565.0649825550827,2329.6232295202928,2230562.372365729,322.5065946853267,85.20040837767073
2,HBEFA4/PC_petrol_Euro-6ab,Gasoline,2026-02-29 24:27:00,2026-02-29 24:27:00,-22.8047934494059,-43.20529276522892,-22.804732068322025,-43.2053524327727,3884.685397340822,2565.0722778305294,2329.6232295202928,2230566.8652398,322.5080637272798,85.20062402334273
2,HBEFA4/PC_petrol_Euro-6ab,Gasoline,2026-02-29 24:27:00,2026-02-29 24:27:00,-22.804732068322025,-43.2053524327727,-22.804658582363288,-43.20542076646863,3884.6946309553045,2565.082522445022,2329.6232295202928,2230572.6232246056,322.50979568422226,85.20089552080278
2,HBEFA4/PC_petrol_Euro-6ab,Gasoline,2026-02-29 24:27:00,2026-02-29 24:27:00,-22.804658582363288,-43.20542076646863,-22.804584436732668,-43.205492685624924,3884.7053604275548,2565.092240927262,2329.6232295202928,2230577.8856252478,322.5222984820709,85.20220767324209
2,HBEFA4/PC_petrol_Euro-6ab,Gasoline,2026-02-29 24:27:00,2026-02-29 24:27:07,-22.804584436732668,-43.205492685624924,-22.80070245924488,-43.20927204935269,3899.4702225672327,2575.4989237060047,2323.9723088622284,2234554.9420882723,323.65222073575074,85.42802360387222
2,HBEFA4/PC_petrol_Euro-6ab,Gasoline,2026-02-29 24:27:07,2026-02-29 24:27:07,-22.80070245924488,-43.20927204935269,-22.80068542622208,-43.20928467735294,3899.477493809567,2575.5062849483386,2323.9723088622284,2234558.54927942,323.6532828900382,85.42823635703436
2,HBEFA4/PC_petrol_Euro-6ab,Gasoline,2026-02-29 24:27:07,2026-02-29 24:27:22,-22.80068542622208,-43.20928467735294,-22.80070432573356,-43.20928756972283,3909.8297655560527,2583.2349822972585,2326.5947843587946,2237832.966622068,324.62573354875,85.65349823722225
2,HBEFA4/PC_petrol_Euro-6ab,Gasoline,2026-02-29 24:27:22,2026-02-29 24:27:22,-22.80070432573356,-43.20928756972283,-22.80068862386267,-43.209202222726476,3909.8369589560234,2583.242274597229,2326.5947843587946,2237836.0262338528,324.62706293322887,85.65372002928487
2,HBEFA4/PC_petrol_Euro-6ab,Gasoline,2026-02-29 24:27:22,2026-02-29 24:27:20,-22.80068862386267,-43.209202222726476,-22.800700933456035,-43.2092692025233,3923.992274220284,2594.830789650955,2329.2604844692285,2242208.3629770594,325.9229876944938,85.95473422022478
2,HBEFA4/PC_petrol_Euro-6ab,Gasoline,2026-02-29 24:27:20,2026-02-29 24:27:20,-22.800700933456035,-43.2092692025233,-22.80068720856482,-43.20929392026652,3923.998022850027,2594.8375373807885,2329.2604844692285,2242208.3629770594,325.9229876944938,85.95473422022478
2,HBEFA4/PC_petrol_Euro-6ab,Gasoline,2026-02-29 24:27:20,2026-02-29 24:27:20,-22.80068720856482,-43.20929392026652,-22.80067239937099,-43.20920820574395,3924.0059025806886,2594.8454282224603,2329.2604844692285,2242222.224790357,325.9232778895323,85.95496388737062
2,HBEFA4/PC_petrol_Euro-6ab,Gasoline,2026-02-29 24:27:20,2026-02-29 24:27:53,-22.80067239937099,-43.20920820574395,-22.79725648342246,-43.20393904735248,3990.2473969490894,2642.3204872552244,2347.8369096938654,2262255.549202983,332.37347274442925,87.39020065004643
2,HBEFA4/PC_petrol_Euro-6ab,Gasoline,2026-02-29 24:27:53,2026-02-29 24:27:53,-22.79725648342246,-43.20393904735248,-22.797242383626236,-43.203960522796926,3990.2603239890735,2642.3234042952085,2347.8369096938654,2262259.7958223696,332.37462647349454,87.39047340973502
2,HBEFA4/PC_petrol_Euro-6ab,Gasoline,2026-02-29 24:27:53,2026-02-29 24:27:53,-22.797242383626236,-43.203960522796926,-22.797035074276097,-43.20392632799325,3990.2732509899534,2642.3363422960884,2347.8369096938654,2262262.729466655,332.3752773082622,87.39084292267422
2,HBEFA4/PC_petrol_Euro-6ab,Gasoline,2026-02-29 24:27:53,2026-02-29 24:27:53,-22.797035074276097,-43.20392632799325,-22.797025794223538,-43.20382043240472,3990.2862403276333,2642.3493306237683,2347.8369096938654,2262263.7566509037,332.37576236785947,87.392224097687
2,HBEFA4/PC_petrol_Euro-6ab,Gasoline,2026-02-29 24:27:53,2026-02-29 24:27:53,-22.797025794223538,-43.20382043240472,-22.797255382455766,-43.20393924352432,3990.245852334529,2642.408942640654,2347.8369096938654,2262270.7740262947,332.37786552527265,87.39285220774448
2,HBEFA4/PC_petrol_Euro-6ab,Gasoline,2026-02-29 24:27:53,2026-02-29 24:27:53,-22.797255382455766,-43.20393924352432,-22.79720095322662,-43.20394938082085,3990.250667686232,2642.423757992366,2347.8369096938654,2262272.6693325764,332.3784876329235,87.39299262786043
2,HBEFA4/PC_petrol_Euro-6ab,Gasoline,2026-02-29 24:27:53,2026-02-29 24:27:53,-22.79720095322662,-43.20394938082085,-22.797234422728064,-43.203962396490655,3990.256785009425,2642.42987532556,2347.8369096938654,2262276.33624957,332.3797409866794,87.39227430430965
2,HBEFA4/PC_petrol_Euro-6ab,Gasoline,2026-02-29 24:27:53,2026-02-29 24:27:53,-22.797234422728064,-43.203962396490655,-22.797053004888788,-43.203944487233825,3990.264258364063,2642.427348670298,2347.8369096938654,2262280.40888004,332.3820576259794,87.39239373042457
2,HBEFA4/PC_petrol_Euro-6ab,Gasoline,2026-02-29 24:27:53,2026-02-29 24:27:53,-22.797053004888788,-43.203944487233825,-22.797020475789335,-43.20385609424945,3990.2737246647596,2642.4368049708946,2347.8369096938654,2262286.334222325,332.3828264322523,87.39267274443388
2,HBEFA4/PC_petrol_Euro-6ab,Gasoline,2026-02-29 24:27:53,2026-02-29 24:27:54,-22.797020475789335,-43.20385609424945,-22.797206234092537,-43.20394842277259,3992.022488227276,2643.274578533422,2347.8369096938654,2262559.8942038537,332.47209322053974,87.40972950202763
2,HBEFA4/PC_petrol_Euro-6ab,Gasoline,2026-02-29 24:27:54,2026-02-29 24:27:54,-22.797206234092537,-43.20394842277259,-22.797095364847326,-43.203962968996386,3992.024502647875,2643.28759295402,2347.8369096938654,2262562.9629874842,332.47293865208644,87.42020323843947
2,HBEFA4/PC_petrol_Euro-6ab,Gasoline,2026-02-29 24:27:54,2026-02-29 24:27:54,-22.797095364847326,-43.203962968996386,-22.797024294443496,-43.20388629938383,3992.0369068685445,2643.299997274679,2347.8369096938654,2262562.9629874842,332.47293865208644,87.42020323843947
2,HBEFA4/PC_petrol_Euro-6ab,Gasoline,2026-02-29 24:27:54,2026-02-29 24:27:58,-22.797024294443496,-43.20388629938383,-22.80264297299793,-43.20270669946978,3998.6862287054683,2650.5982379567866,2348.087980748682,2263280.27807269,332.97950779639203,87.56827250882228
2,HBEFA4/PC_petrol_Euro-6ab,Gasoline,2026-02-29 24:27:58,2026-02-29 24:27:58,-22.80264297299793,-43.20270669946978,-22.802623202526027,-43.20274996252636,3998.6896753257574,2650.6026945770757,2348.087980748682,2263280.27807269,332.97950779639203,87.56827250882228
2,HBEFA4/PC_petrol_Euro-6ab,Gasoline,2026-02-29 24:27:58,2026-02-29 24:28:02,-22.802623202526027,-43.20274996252636,-22.8049089522093,-43.20528228663287,4005.6752275024065,2654.997425598539,2350.6776929028678,2265324.8253322234,332.5506926608364,87.72037590427229
2,HBEFA4/PC_petrol_Euro-6ab,Gasoline,2026-02-29 24:28:02,2026-02-29 24:28:22,-22.8049089522093,-43.20528228663287,-22.804927209442995,-43.205273484225406,4023.7202937994944,2666.2252389267447,2357.4950548827496,2272028.3703689384,334.29292877282743,88.22453542335392
2,HBEFA4/PC_petrol_Euro-6ab,Gasoline,2026-02-29 24:28:22,2026-02-29 24:28:22,-22.804927209442995,-43.205273484225406,-22.804885729283258,-43.205203509002095,4023.7230732404664,2666.228028357727,2357.4950548827496,2272020.290490458,334.2925425373234,88.22462229948254
2,HBEFA4/PC_petrol_Euro-6ab,Gasoline,2026-02-29 24:28:22,2026-02-29 24:28:22,-22.804885729283258,-43.205203509002095,-22.804844322652566,-43.205243224452664,4023.7277296232504,2666.232664730502,2357.4950548827496,2272024.349736742,334.29409608762356,88.22476639262202
2,HBEFA4/PC_petrol_Euro-6ab,Gasoline,2026-02-29 24:28:22,2026-02-29 24:28:26,-22.804844322652566,-43.205243224452664,-22.7983407682739,-43.20457594862224,4056.645208002398,2686.7293939269227,2369.9257240844766,2280003.9309392726,336.72427997542846,88.83750260327302
2,HBEFA4/PC_petrol_Euro-6ab,Gasoline,2026-02-29 24:28:26,2026-02-29 24:28:26,-22.7983407682739,-43.20457594862224,-22.79826735900057,-43.204592832254454,4056.6527457993737,2686.7360327248978,2369.9257240844766,2280006.0522777024,336.7248578602739,88.8376942796006
2,HBEFA4/PC_petrol_Euro-6ab,Gasoline,2026-02-29 24:28:26,2026-02-29 24:28:26,-22.79826735900057,-43.204592832254454,-22.798277838726605,-43.20460932889459,4056.6600375855824,2686.7443235022065,2369.9257240844766,2280020.9090660934,336.72637986378026,88.83793783326325
2,HBEFA4/PC_petrol_Euro-6ab,Gasoline,2026-02-29 24:28:26,2026-02-29 24:28:26,-22.798277838726605,-43.20460932889459,-22.797962830609825,-43.20463574809452,4056.682496789265,2686.7657827046887,2369.9257240844766,2280022.6265973065,336.72944293904943,88.83856268920093
2,HBEFA4/PC_petrol_Euro-6ab,Gasoline,2026-02-29 24:28:26,2026-02-29 24:28:26,-22.797962830609825,-43.20463574809452,-22.797850223039254,-43.20464938789425,4056.6942924237054,2686.778477339229,2369.9257240844766,2280027.0672069475,336.72089823735377,88.83893202839562
2,HBEFA4/PC_petrol_Euro-6ab,Gasoline,2026-02-29 24:28:26,2026-02-29 24:28:40,-22.797850223039254,-43.20464938789425,-22.800704452734667,-43.209288257349826,4088.738874824997,2720.2448552686653,2378.5940296463328,2289259.9234282258,339.38236804278444,89.52487823805996
2,HBEFA4/PC_petrol_Euro-6ab,Gasoline,2026-02-29 24:28:40,2026-02-29 24:28:40,-22.800704452734667,-43.209288257349826,-22.800688226963627,-43.20929942278887,4088.746356966096,2720.2523373297642,2378.5940296463328,2289262.8562408427,339.3833072520082,89.52509509309824
2,HBEFA4/PC_petrol_Euro-6ab,Gasoline,2026-02-29 24:28:40,2026-02-29 24:28:40,-22.800688226963627,-43.20929942278887,-22.800669908277528,-43.20920007026563,4088.755656782428,2720.2626372360965,2378.5940296463328,2289268.3734949257,339.3849654038277,89.52536792707276
2,HBEFA4/PC_petrol_Euro-6ab,Gasoline,2026-02-29 24:28:40,2026-02-29 24:28:40,-22.800669908277528,-43.20920007026563,-22.800649228622582,-43.20898724942562,4088.7660540289307,2720.272034382599,2378.5940296463328,2289272.6254348247,339.38629762393265,89.52566872320062
2,HBEFA4/PC_petrol_Euro-6ab,Gasoline,2026-02-29 24:28:40,2026-02-29 24:28:40,-22.800649228622582,-43.20898724942562,-22.80062729599242,-43.20886759272697,4088.777862046723,2720.2838424003823,2378.5940296463328,2289278.0324290378,339.38768339742546,89.5260226382287
2,HBEFA4/PC_petrol_Euro-6ab,Gasoline,2026-02-29 24:28:40,2026-02-29 24:28:40,-22.80062729599242,-43.20886759272697,-22.800605228586323,-43.20874665570394,4088.7903855224423,2720.2963658752097,2378.5940296463328,2289282.8030703529,339.38872805647784,89.52637222492952
2,HBEFA4/PC_petrol_Euro-6ab,Gasoline,2026-02-29 24:28:40,2026-02-29 24:28:47,-22.800605228586323,-43.20874665570394,-22.79806408268786,-43.20296952229968,4203.920667594532,2722.5286883425697,2382.3929792529622,2293884.5252690003,340.7224377477765,89.84683665839393
2,HBEFA4/PC_petrol_Euro-6ab,Gasoline,2026-02-29 24:28:47,2026-02-29 24:28:47,-22.79806408268786,-43.20296952229968,-22.797963862382908,-43.202005644227225,4203.932350722752,2722.539372459792,2382.3929792529622,2293886.5053205069,340.7220287860573,89.84724223633727
2,HBEFA4/PC_petrol_Euro-6ab,Gasoline,2026-02-29 24:28:47,2026-02-29 24:28:47,-22.797963862382908,-43.202005644227225,-22.797855603948083,-43.202044674990844,4203.943053552022,2722.552074298062,2382.3929792529622,2293890.8875678908,340.72324762202206,89.8474792227828
2,HBEFA4/PC_petrol_Euro-6ab,Gasoline,2026-02-29 24:28:47,2026-02-29 24:28:58,-22.797855603948083,-43.202044674990844,-22.802642336647345,-43.202705862323954,4222.8863962332335,2735.4226532206245,2387.4637430225094,2299895.3393262228,342.4824828322835,90.25796465229287
2,HBEFA4/PC_petrol_Euro-6ab,Gasoline,2026-02-29 24:28:58,2026-02-29 24:28:58,-22.802642336647345,-43.202705862323954,-22.802625630225223,-43.20274436725634,4222.8895602840485,2735.4258272725395,2387.4637430225094,2299895.3393262228,342.4824828322835,90.25796465229287
2,HBEFA4/PC_petrol_Euro-6ab,Gasoline,2026-02-29 24:28:58,2026-02-29 24:28:58,-22.802625630225223,-43.20274436725634,-22.802605238276866,-43.20279682989984,4222.893926622392,2735.430283608883,2387.4637430225094,2299898.5055224364,342.48264570583426,90.25809826678938
2,HBEFA4/PC_petrol_Euro-6ab,Gasoline,2026-02-29 24:28:58,2026-02-29 24:29:06,-22.802605238276866,-43.20279682989984,-22.800704969967494,-43.209292057864334,4237.386076220359,2745.533043238263,2392.8530329722955,2204222.2025244526,343.7227227058265,90.57242200686257
2,HBEFA4/PC_petrol_Euro-6ab,Gasoline,2026-02-29 24:29:06,2026-02-29 24:29:06,-22.800704969967494,-43.209292057864334,-22.80069044469033,-43.20922222227422,4237.3930037753735,2745.5399708032778,2392.8530329722955,2204224.3903882498,343.72240932227265,90.57262270950028
2,HBEFA4/PC_petrol_Euro-6ab,Gasoline,2026-02-29 24:29:06,2026-02-29 24:29:25,-22.80069044469033,-43.20922222227422,-22.80263972063678,-43.202722923863224,4259.247602205284,2757.8326452580366,2402.3259559472485,2209887.3242354006,345.27626506020276,92.0522228376822
2,HBEFA4/PC_petrol_Euro-6ab,Gasoline,2026-02-29 24:29:25,2026-02-29 24:29:25,-22.80263972063678,-43.202722923863224,-22.80262682568396,-43.202764683263496,4259.252596605866,2757.8356406586276,2402.3259559472485,2209887.3242354006,345.27626506020276,92.0522228376822
2,HBEFA4/PC_petrol_Euro-6ab,Gasoline,2026-02-29 24:29:25,2026-02-29 24:29:25,-22.80262682568396,-43.202764683263496,-22.80260398232622,-43.20283539782079,4259.257580320864,2757.842624373626,2402.3259559472485,2209892.060796352,345.2778220942375,92.05230295062282
2,HBEFA4/PC_petrol_Euro-6ab,Gasoline,2026-02-29 24:29:25,2026-02-29 24:29:25,-22.80260398232622,-43.20283539782079,-22.802646235768232,-43.20290275094227,4259.265226337332,2757.8492703900827,2402.3259559472485,2209896.5293852725,345.2792662524252,92.05252533585294
2,HBEFA4/PC_petrol_Euro-6ab,Gasoline,2026-02-29 24:29:25,2026-02-29 24:29:22,-22.802646235768232,-43.20290275094227,-22.798320066254925,-43.2045804276554,4277.279039870899,2769.482808352675,2407.7962325282247,2224574.4462564262,346.59760222990795,92.445876862855
2,HBEFA4/PC_petrol_Euro-6ab,Gasoline,2026-02-29 24:29:22,2026-02-29 24:29:22,-22.798320066254925,-43.2045804276554,-22.798334422245386,-43.2045773228292,4278.0343835384765,2770.2382520202526,2407.7962325282247,2224762.3587978806,346.65360650653605,92.46229289576265
2,HBEFA4/PC_petrol_Euro-6ab,Gasoline,2026-02-29 24:29:22,2026-02-29 24:29:38,-22.798334422245386,-43.2045773228292,-22.798096887254526,-43.20295768399504,4222.30670944844,2798.803929202752,2422.5027903466885,2226050.2663728233,349.84394203262435,92.42725245888928
2,HBEFA4/PC_petrol_Euro-6ab,Gasoline,2026-02-29 24:29:38,2026-02-29 24:29:38,-22.798096887254526,-43.20295768399504,-22.798023702828257,-43.202987674908665,4222.325260086088,2798.8223697394,2422.5027903466885,2226054.7453560892,349.845366278808,92.42749982224038
2,HBEFA4/PC_petrol_Euro-6ab,Gasoline,2026-02-29 24:29:38,2026-02-29 24:29:38,-22.798023702828257,-43.202987674908665,-22.797923827222628,-43.202023683555225,4222.32487362724,2798.822083280552,2422.5027903466885,2226059.2965382623,349.846685326887,92.4277828672735
2,HBEFA4/PC_petrol_Euro-6ab,Gasoline,2026-02-29 24:29:38,2026-02-29 24:29:38,-22.797923827222628,-43.202023683555225,-22.79780357798749,-43.20206343220572,4222.336536225629,2798.8337458789306,2422.5027903466885,2226065.925566583,349.84852733583705,92.42822302297073
2,HBEFA4/PC_petrol_Euro-6ab,Gasoline,2026-02-29 24:29:38,2026-02-29 24:29:38,-22.79780357798749,-43.20206343220572,-22.7976967552477,-43.20220294529248,4222.349420237896,2798.8466297922076,2422.5027903466885,2226072.222094642,349.8499259840477,92.428496232493
2,HBEFA4/PC_petrol_Euro-6ab,Gasoline,2026-02-29 24:29:38,2026-02-29 24:29:38,-22.7976967552477,-43.20220294529248,-22.797588038495658,-43.20224224228883,4222.362883957434,2798.8590936207453,2422.5027903466885,2226072.222094642,349.8499259840477,92.428496232493
2,HBEFA4/PC_petrol_Euro-6ab,Gasoline,2026-02-29 24:29:38,2026-02-29 24:29:55,-22.797588038495658,-43.20224224228883,-22.798335865620864,-43.204577009327206,4260.864668389232,2822.5256903366387,2438.3489780525936,2237449.270386333,353.0329552634259,93.29676673290372
2,HBEFA4/PC_petrol_Euro-6ab,Gasoline,2026-02-29 24:29:55,2026-02-29 24:29:55,-22.798335865620864,-43.204577009327206,-22.798262206685305,-43.204592945997,4260.872469557427,2822.5224925048243,2438.3489780525936,2237452.4474208438,353.0336502023004,93.29696293707702
2,HBEFA4/PC_petrol_Euro-6ab,Gasoline,2026-02-29 24:29:55,2026-02-29 24:29:55,-22.798262206685305,-43.204592945997,-22.798275872263927,-43.20460956032976,4260.879789554993,2822.5308225024004,2438.3489780525936,2237456.0497222685,353.0350894460224,93.29720676867228
2,HBEFA4/PC_petrol_Euro-6ab,Gasoline,2026-02-29 24:29:55,2026-02-29 24:29:55,-22.798275872263927,-43.20460956032976,-22.798223768942363,-43.20462728442062,4260.889508402092,2822.540530348499,2438.3489780525936,2237460.7992438943,353.0364955923322,93.29748958457427
2,HBEFA4/PC_petrol_Euro-6ab,Gasoline,2026-02-29 24:29:55,2026-02-29 24:29:55,-22.798223768942363,-43.20462728442062,-22.797278230222747,-43.203953649677636,4262.905662622965,2823.5566835703726,2438.3489780525936,2237742.4242350575,353.2240884693447,93.32867489727735
2,HBEFA4/PC_petrol_Euro-6ab,Gasoline,2026-02-29 24:29:55,2026-02-29 24:29:55,-22.797278230222747,-43.203953649677636,-22.79706784389585,-43.20395378298492,4262.928350462226,2823.5693724096327,2438.3489780525936,2237745.6694293385,353.22498740204677,93.3290393846528
2,HBEFA4/PC_petrol_Euro-6ab,Gasoline,2026-02-29 24:29:55,2026-02-29 24:30:03,-22.79706784389585,-43.20395378298492,-22.800702023568225,-43.20927520483259,4276.75477484669,2835.5565378863594,2442.2982369603328,2242297.7650605687,354.47322682378425,93.63984264365088
2,HBEFA4/PC_petrol_Euro-6ab,Gasoline,2026-02-29 24:30:03,2026-02-29 24:30:03,-22.800702023568225,-43.20927520483259,-22.80068795669572,-43.20929853742506,4276.762773926024,2835.563536965693,2442.2982369603328,2242299.8822677325,354.47378784583026,93.64004422799226
2,HBEFA4/PC_petrol_Euro-6ab,Gasoline,2026-02-29 24:30:03,2026-02-29 24:30:03,-22.80068795669572,-43.20929853742506,-22.800672285272275,-43.20920758325202,4276.769788295783,2835.5725523354527,2442.2982369603328,2242303.4395342006,354.47490876895074,93.64027720802085
2,HBEFA4/PC_petrol_Euro-6ab,Gasoline,2026-02-29 24:30:03,2026-02-29 24:30:20,-22.800672285272275,-43.20920758325202,-22.80264267572326,-43.202707384665085,4295.609752253806,2845.972337223562,2449.6384240302453,2247324.2434268476,355.8637250629068,94.06606239589285
2,HBEFA4/PC_petrol_Euro-6ab,Gasoline,2026-02-29 24:30:20,2026-02-29 24:30:20,-22.80264267572326,-43.202707384665085,-22.80262376873952,-43.202748657459696,4295.623323022662,2845.974898992426,2449.6384240302453,2247324.2434268476,355.8637250629068,94.06606239589285
2,HBEFA4/PC_petrol_Euro-6ab,Gasoline,2026-02-29 24:30:20,2026-02-29 24:30:20,-22.80262376873952,-43.202748657459696,-22.802605058456447,-43.20280234480248,4295.627993204232,2845.9795790738876,2449.6384240302453,2247327.248543286,355.8648342445224,94.06620302237872
2,HBEFA4/PC_petrol_Euro-6ab,Gasoline,2026-02-29 24:30:20,2026-02-29 24:30:26,-22.802605058456447,-43.20280234480248,-22.804928444663237,-43.205272206972454,4320.020553867053,2856.732424060428,2453.2782298066254,2252529.9229657097,357.0880648034056,94.38022507220994
2,HBEFA4/PC_petrol_Euro-6ab,Gasoline,2026-02-29 24:30:26,2026-02-29 24:30:26,-22.804928444663237,-43.205272206972454,-22.80489000025332,-43.20529942424029,4320.023025602539,2856.7348857949237,2453.2782298066254,2252529.9229657097,357.0880648034056,94.38022507220994
2,HBEFA4/PC_petrol_Euro-6ab,Gasoline,2026-02-29 24:30:26,2026-02-29 24:30:30,-22.80489000025332,-43.20529942424029,-22.804924859822202,-43.20527563589533,4342.327674934289,2877.8369872238784,2464.480687820422,2260697.2270896005,359.6737298465024,95.08832292475289
2,HBEFA4/PC_petrol_Euro-6ab,Gasoline,2026-02-29 24:30:30,2026-02-29 24:30:30,-22.804924859822202,-43.20527563589533,-22.804884384648,-43.205204785487925,4342.320676229873,2877.839988409463,2464.480687820422,2260699.2825387522,359.6745230320825,95.0884069538258
2,HBEFA4/PC_petrol_Euro-6ab,Gasoline,2026-02-29 24:30:30,2026-02-29 24:30:30,-22.804884384648,-43.205204785487925,-22.80484232465695,-43.20524502597463,4342.325287250536,2877.8444993302255,2464.480687820422,2260702.9052358898,359.6758565203802,95.08854576582996
2,HBEFA4/PC_petrol_Euro-6ab,Gasoline,2026-02-29 24:30:30,2026-02-29 24:30:30,-22.80484232465695,-43.20524502597463,-22.80479022024776,-43.20529486358267,4342.332422850952,2877.85072503054,2464.480687820422,2260707.2709582294,359.6773575538542,95.08873229022704
2,HBEFA4/PC_petrol_Euro-6ab,Gasoline,2026-02-29 24:30:30,2026-02-29 24:30:30,-22.80479022024776,-43.20529486358267,-22.80472522224753,-43.20535703505232,4342.339226824033,2877.8584389936223,2464.480687820422,2260722.6485772765,359.6787620262929,95.08895902230702
2,HBEFA4/PC_petrol_Euro-6ab,Gasoline,2026-02-29 24:30:30,2026-02-29 24:30:30,-22.80472522224753,-43.20535703505232,-22.804653064458652,-43.20542604337829,4342.348747924303,2877.8680600938924,2464.480687820422,2260727.472985964,359.68048804995743,95.08924237243325
2,HBEFA4/PC_petrol_Euro-6ab,Gasoline,2026-02-29 24:30:30,2026-02-29 24:30:59,-22.804653064458652,-43.20542604337829,-22.79820757394272,-43.20295383206524,4422.969273032729,2920.372043042429,2492.59722998932,2282540.6068972702,365.5965037322652,96.63227380272627
2,HBEFA4/PC_petrol_Euro-6ab,Gasoline,2026-02-29 24:30:59,2026-02-29 24:30:59,-22.79820757394272,-43.20295383206524,-22.798009449204228,-43.20298920852092,4422.9790922892545,2920.3829622999446,2492.59722998932,2282540.6068972702,365.5965037322652,96.63227380272627
2,HBEFA4/PC_petrol_Euro-6ab,Gasoline,2026-02-29 24:30:59,2026-02-29 24:30:59,-22.798009449204228,-43.20298920852092,-22.79790202975422,-43.202028302046084,4422.990550338287,2920.3934203488775,2492.59722998932,2282546.2223927898,365.5980622394929,96.63260726258602
2,HBEFA4/PC_petrol_Euro-6ab,Gasoline,2026-02-29 24:30:59,2026-02-29 24:30:59,-22.79790202975422,-43.202028302046084,-22.797790922265842,-43.20206799852334,4422.003222754992,2920.406082765682,2492.59722998932,2282552.3429972545,365.59943762763326,96.63297400720023
2,HBEFA4/PC_petrol_Euro-6ab,Gasoline,2026-02-29 24:30:59,2026-02-29 24:30:59,-22.797790922265842,-43.20206799852334,-22.79768052902699,-43.2022077953462,4422.026069228084,2920.4289392387745,2492.59722998932,2282553.7545493834,365.6002298402596,96.6333429798226
2,HBEFA4/PC_petrol_Euro-6ab,Gasoline,2026-02-29 24:30:59,2026-02-29 24:30:59,-22.79768052902699,-43.2022077953462,-22.797569699252955,-43.20224775307666,4422.028958700236,2920.4328287209263,2492.59722998932,2282555.7285022236,365.60068862432467,96.63372024649994
2,HBEFA4/PC_petrol_Euro-6ab,Gasoline,2026-02-29 24:30:59,2026-02-29 24:30:59,-22.797569699252955,-43.20224775307666,-22.79746236645725,-43.202288620664984,4422.042900420746,2920.4447704224367,2492.59722998932,2282557.7424309664,365.60227293043644,96.63407993407252
2,HBEFA4/PC_petrol_Euro-6ab,Gasoline,2026-02-29 24:30:59,2026-02-29 24:30:59,-22.79746236645725,-43.202288620664984,-22.79735427092095,-43.20223549222263,4422.05452074354,2920.45738075423,2492.59722998932,2282557.7424309664,365.60227293043644,96.63407993407252
2,HBEFA4/PC_petrol_Euro-6ab,Gasoline,2026-02-29 24:30:59,2026-02-29 24:30:59,-22.79735427092095,-43.20223549222263,-22.797252508956785,-43.202279625424204,4422.067423246254,2920.470283256844,2492.59722998932,2282560.422934932,365.6020228252675,96.63444967223304
2,HBEFA4/PC_petrol_Euro-6ab,Gasoline,2026-02-29 24:30:59,2026-02-29 24:32:07,-22.797252508956785,-43.202279625424204,-22.804924426907296,-43.20527604996955,4429.489960670943,2933.3935972458576,2496.096363425086,2286375.7650855477,366.9962438435442,97.02205906046204
2,HBEFA4/PC_petrol_Euro-6ab,Gasoline,2026-02-29 24:32:07,2026-02-29 24:32:07,-22.804924426907296,-43.20527604996955,-22.804887222228992,-43.20520226803574,4429.492590308207,2933.3962268830205,2496.096363425086,2286375.7650855477,366.9962438435442,97.02205906046204
2,HBEFA4/PC_petrol_Euro-6ab,Gasoline,2026-02-29 24:32:07,2026-02-29 24:32:07,-22.804887222228992,-43.20520226803574,-22.80484708852958,-43.20524045932036,4429.496632097784,2933.4002686726976,2496.096363425086,2286379.25273222,366.99752274362344,97.02228476668953
2,HBEFA4/PC_petrol_Euro-6ab,Gasoline,2026-02-29 24:32:07,2026-02-29 24:32:07,-22.80484708852958,-43.20524045932036,-22.804800258275307,-43.20528525253759,4429.502557704775,2933.4062942796898,2496.096363425086,2286383.7047050344,366.99922639308897,97.02236382242207
2,HBEFA4/PC_petrol_Euro-6ab,Gasoline,2026-02-29 24:32:07,2026-02-29 24:32:09,-22.804800258275307,-43.20528525253759,-22.802644596700354,-43.20270065223985,4433.326329272228,2934.2425230032934,2499.083806268935,2287626.6852294377,367.3230575482978,97.22320222288949
2,HBEFA4/PC_petrol_Euro-6ab,Gasoline,2026-02-29 24:32:09,2026-02-29 24:32:20,-22.802644596700354,-43.20270065223985,-22.802642492425938,-43.20270550459629,4436.720273225922,2937.504278497238,2499.2259946287835,2288422.2943327836,367.56242624329997,97.28270579369793
2,HBEFA4/PC_petrol_Euro-6ab,Gasoline,2026-02-29 24:32:20,2026-02-29 24:32:27,-22.802642492425938,-43.20270550459629,-22.800702682095635,-43.20927325595803,4452.327826022942,2948.6522822708553,2503.6666337520867,2292505.085026622,368.72525943562305,97.5239790577634
2,HBEFA4/PC_petrol_Euro-6ab,Gasoline,2026-02-29 24:32:27,2026-02-29 24:32:27,-22.800702682095635,-43.20927325595803,-22.80068725526482,-43.20929426504768,4452.32506748777,2948.6584337366835,2503.6666337520867,2292507.3706405843,368.7259836532565,97.52428792846985
2,HBEFA4/PC_petrol_Euro-6ab,Gasoline,2026-02-29 24:32:27,2026-02-29 24:32:22,-22.80068725526482,-43.20929426504768,-22.7983276239832,-43.204578792460254,4460.4256454882,2953.6265660628883,2506.789079426222,2294980.305643625,369.4422344495469,97.7029876743492
2,HBEFA4/PC_petrol_Euro-6ab,Gasoline,2026-02-29 24:32:22,2026-02-29 24:32:22,-22.7983276239832,-43.204578792460254,-22.79806232072044,-43.203283362962786,4460.935995544654,2954.035948726508,2506.9000468282462,2295228.23425366,369.4848029623672,97.72528409799498
2,HBEFA4/PC_petrol_Euro-6ab,Gasoline,2026-02-29 24:32:22,2026-02-29 24:32:32,-22.79806232072044,-43.203283362962786,-22.800703936028543,-43.20928545963328,4485.702939040585,2968.48608752522,2527.226852525476,2302306.0334846522,372.49594252752427,98.27524256502053
2,HBEFA4/PC_petrol_Euro-6ab,Gasoline,2026-02-29 24:32:32,2026-02-29 24:32:32,-22.800703936028543,-43.20928545963328,-22.800689369905783,-43.20920624746825,4485.720289863822,2968.4933383383363,2527.226852525476,2302308.4780269225,372.49672056724404,98.27545282099252
2,HBEFA4/PC_petrol_Euro-6ab,Gasoline,2026-02-29 24:32:32,2026-02-29 24:32:32,-22.800689369905783,-43.20920624746825,-22.800672490222765,-43.20922425703204,4485.728482349069,2968.5026298235937,2527.226852525476,2302322.2400259263,372.49786329967964,98.27569267084444
2,HBEFA4/PC_petrol_Euro-6ab,Gasoline,2026-02-29 24:32:32,2026-02-29 24:32:35,-22.800672490222765,-43.20922425703204,-22.800703059323673,-43.209280722842265,4494.958299733825,2976.3086207520246,2528.6496789828209,2304800.0853862263,372.22629027029593,98.47089305734683
2,HBEFA4/PC_petrol_Euro-6ab,Gasoline,2026-02-29 24:32:35,2026-02-29 24:32:35,-22.800703059323673,-43.209280722842265,-22.800489863006476,-43.20824977309428,4495.072393205682,2976.4227242228704,2528.6496789828209,2304829.3526332028,372.2246427887279,98.47345478537296
2,HBEFA4/PC_petrol_Euro-6ab,Gasoline,2026-02-29 24:32:35,2026-02-29 24:32:58,-22.800489863006476,-43.20824977309428,-22.804922866870698,-43.20527754224997,4547.5363392772005,3022.872642702998,2535.664696575203,2329677.7280785488,376.4269332754023,99.62826380642247
2,HBEFA4/PC_petrol_Euro-6ab,Gasoline,2026-02-29 24:32:58,2026-02-29 24:32:58,-22.804922866870698,-43.20527754224997,-22.80488245525363,-43.20520663095926,4547.539422224025,3022.8747246489223,2535.664696575203,2329679.2883762367,376.42738220337884,99.62825707756229
2,HBEFA4/PC_petrol_Euro-6ab,Gasoline,2026-02-29 24:32:58,2026-02-29 24:32:58,-22.80488245525363,-43.20520663095926,-22.804845082628456,-43.205242377978664,4547.543922738556,3022.8792262634533,2535.664696575203,2329682.6970452622,376.42867908979036,99.62839527360738
2,HBEFA4/PC_petrol_Euro-6ab,Gasoline,2026-02-29 24:32:58,2026-02-29 24:32:58,-22.804845082628456,-43.205242377978664,-22.804795458428067,-43.20528984359703,4547.549444628738,3022.8847480436343,2535.664696575203,2329685.8208667624,376.4297609823527,99.62855968052985
2,HBEFA4/PC_petrol_Euro-6ab,Gasoline,2026-02-29 24:32:58,2026-02-29 24:32:58,-22.804795458428067,-43.20528984359703,-22.804734637684067,-43.20534802866803,4547.5567899663,3022.8920933922972,2535.664696575203,2329690.6869335622,376.4323529584982,99.62877762937452
2,HBEFA4/PC_petrol_Euro-6ab,Gasoline,2026-02-29 24:32:58,2026-02-29 24:32:58,-22.804734637684067,-43.20534802866803,-22.804662043762526,-43.205428422288845,4547.565792628707,3022.902096043604,2535.664696575203,2329695.7709466352,376.4328987234522,99.62904230524493
2,HBEFA4/PC_petrol_Euro-6ab,Gasoline,2026-02-29 24:32:58,2026-02-29 24:32:58,-22.804662043762526,-43.205428422288845,-22.804585425295337,-43.20549074972852,4547.57668594489,3022.9229893697875,2535.664696575203,2329702.0377429572,376.4346672430202,99.62935997069892
2,HBEFA4/PC_petrol_Euro-6ab,Gasoline,2026-02-29 24:32:58,2026-02-29 24:32:58,-22.804585425295337,-43.20549074972852,-22.804537345444537,-43.2055367282672,4547.587880432203,3022.923283857,2535.664696575203,2329704.543294474,376.435394523962,99.62968005928229
2,HBEFA4/PC_petrol_Euro-6ab,Gasoline,2026-02-29 24:32:58,2026-02-29 24:32:09,-22.804537345444537,-43.2055367282672,-22.798307592053657,-43.204583226740665,4573.0557347277645,3028.4560845488836,2544.5996502788822,2327230.3408482298,378.55922944698943,200.27358502293927
2,HBEFA4/PC_petrol_Euro-6ab,Gasoline,2026-02-29 24:32:09,2026-02-29 24:32:09,-22.798307592053657,-43.204583226740665,-22.798296826902295,-43.20460698780967,4573.068573254522,3028.468923075642,2544.5996502788822,2327232.327248675,378.5598026952322,200.27395270898922
2,HBEFA4/PC_petrol_Euro-6ab,Gasoline,2026-02-29 24:32:09,2026-02-29 24:32:09,-22.798296826902295,-43.20460698780967,-22.798224968328827,-43.20462580952994,4573.082082746668,3028.4824325677867,2544.5996502788822,2327232.327248675,378.5598026952322,200.27395270898922
2,HBEFA4/PC_petrol_Euro-6ab,Gasoline,2026-02-29 24:32:09,2026-02-29 24:32:09,-22.798224968328827,-43.20462580952994,-22.79809348228525,-43.20462967490956,4573.0890922388235,3028.4894420599326,2544.5996502788822,2327232.327248675,378.5598026952322,200.27395270898922
2,HBEFA4/PC_petrol_Euro-6ab,Gasoline,2026-02-29 24:32:09,2026-02-29 24:32:20,-22.79809348228525,-43.20462967490956,-22.79805788228472,-43.203290284287855,4599.573427033678,3047.274608267243,2552.298828766535,2334792.3845253227,380.7587265627467,200.75675359635262
2,HBEFA4/PC_petrol_Euro-6ab,Gasoline,2026-02-29 24:32:20,2026-02-29 24:32:22,-22.79805788228472,-43.203290284287855,-22.797982574823048,-43.20327506022354,4599.586407648925,3047.28758888239,2552.298828766535,2334795.2579443594,380.7594885472259,200.75722576266063
2,HBEFA4/PC_petrol_Euro-6ab,Gasoline,2026-02-29 24:32:22,2026-02-29 24:32:22,-22.797982574823048,-43.20327506022354,-22.79787288678259,-43.203306299027405,4599.598682980569,3047.299864224034,2552.298828766535,2334795.2579443594,380.7594885472259,200.75722576266063
2,HBEFA4/PC_petrol_Euro-6ab,Gasoline,2026-02-29 24:32:22,2026-02-29 24:32:22,-22.79787288678259,-43.203306299027405,-22.79776603583533,-43.203266333602926,4599.622695262782,3047.3228763952473,2552.298828766535,2334799.0882353522,380.760550932336,200.75750075570092
2,HBEFA4/PC_petrol_Euro-6ab,Gasoline,2026-02-29 24:32:22,2026-02-29 24:32:28,-22.79776603583533,-43.203266333602926,-22.804924503325903,-43.20527597688434,4626.628066497496,3060.2527962955872,2556.4762702029082,2339883.6027747857,382.2492422979434,202.22795369556265
2,HBEFA4/PC_petrol_Euro-6ab,Gasoline,2026-02-29 24:32:28,2026-02-29 24:32:28,-22.804924503325903,-43.20527597688434,-22.804886802538345,-43.20520247276864,4626.632038998078,3060.2547687962706,2556.4762702029082,2339883.6027747857,382.2492422979434,202.22795369556265
2,HBEFA4/PC_petrol_Euro-6ab,Gasoline,2026-02-29 24:32:28,2026-02-29 24:32:30,-22.804886802538345,-43.20520247276864,-22.804922382299894,-43.2052789622428,4620.726430209855,3062.2827320734033,2559.4436992364526,2342253.5007893303,382.62757487557205,202.22269495880982
2,HBEFA4/PC_petrol_Euro-6ab,Gasoline,2026-02-29 24:32:30,2026-02-29 24:32:36,-22.804922382299894,-43.2052789622428,-22.80264205658056,-43.202706506824706,4632.4465283249465,3070.2858566030727,2562.2606727228745,2344694.573683734,383.624494029409,202.47329556452892
2,HBEFA4/PC_petrol_Euro-6ab,Gasoline,2026-02-29 24:32:36,2026-02-29 24:32:36,-22.80264205658056,-43.202706506824706,-22.802623002782,-43.20275042287435,4632.4499034808905,3070.289232759026,2562.2606727228745,2344694.573683734,383.624494029409,202.47329556452892
2,HBEFA4/PC_petrol_Euro-6ab,Gasoline,2026-02-29 24:32:36,2026-02-29 24:32:43,-22.802623002782,-43.20275042287435,-22.802647720328035,-43.20269347580664,4647.258629950624,3080.0382574633225,2567.2204624873026,2348620.3498296523,384.7223383770304,202.79264992069725
2,HBEFA4/PC_petrol_Euro-6ab,Gasoline,2026-02-29 24:32:43,2026-02-29 24:32:43,-22.802647720328035,-43.20269347580664,-22.802628232249986,-43.202738600248824,4647.262395843702,3080.042933356399,2567.2204624873026,2348620.3498296523,384.7223383770304,202.79264992069725
2,HBEFA4/PC_petrol_Euro-6ab,Gasoline,2026-02-29 24:32:43,2026-02-29 24:33:02,-22.802628232249986,-43.202738600248824,-22.79727709334268,-43.20393537856605,4682.882963240332,3202.542623522387,2582.3423496289456,2358205.2909728326,387.40484289704236,202.58025948002227
2,HBEFA4/PC_petrol_Euro-6ab,Gasoline,2026-02-29 24:33:02,2026-02-29 24:33:02,-22.79727709334268,-43.20393537856605,-22.797266286668233,-43.20395586489474,4682.895660499283,3202.5543208703378,2582.3423496289456,2358208.430684532,387.40572225802495,202.58052402995326
2,HBEFA4/PC_petrol_Euro-6ab,Gasoline,2026-02-29 24:33:02,2026-02-29 24:33:02,-22.797266286668233,-43.20395586489474,-22.79705763229237,-43.20394792058202,4682.908222737392,3202.566762208446,2582.3423496289456,2358208.430684532,387.40572225802495,202.58052402995326
2,HBEFA4/PC_petrol_Euro-6ab,Gasoline,2026-02-29 24:33:02,2026-02-29 24:33:02,-22.79705763229237,-43.20394792058202,-22.79702203067622,-43.20384934259223,4682.920522695947,3202.579273067002,2582.3423496289456,2358220.2670604628,387.406224459972,202.58087785063005
2,HBEFA4/PC_petrol_Euro-6ab,Gasoline,2026-02-29 24:33:02,2026-02-29 24:33:05,-22.79702203067622,-43.20384934259223,-22.8007046339688,-43.20928923862704,4689.764235373878,3207.249090330793,2582.525245043085,2360225.3070249655,388.00590608225685,202.73242845646899
2,HBEFA4/PC_petrol_Euro-6ab,Gasoline,2026-02-29 24:33:05,2026-02-29 24:33:22,-22.8007046339688,-43.20928923862704,-22.8007009559608,-43.209269324363426,4703.905045988073,3229.284487835295,2584.7205582527778,2364449.5950227948,389.2543839683539,203.03400797539237
2,HBEFA4/PC_petrol_Euro-6ab,Gasoline,2026-02-29 24:33:22,2026-02-29 24:33:22,-22.8007009559608,-43.209269324363426,-22.800684490496003,-43.20927962687089,4703.922479093294,3229.2929209404264,2584.7205582527778,2364452.0770679736,389.2552705672293,203.03422233287225
2,HBEFA4/PC_petrol_Euro-6ab,Gasoline,2026-02-29 24:33:22,2026-02-29 24:33:22,-22.800684490496003,-43.20927962687089,-22.80066572740832,-43.2090772067728,4703.92286750397,3229.2023093522923,2584.7205582527778,2364457.9280292865,389.25692928952344,203.03449829484059
2,HBEFA4/PC_petrol_Euro-6ab,Gasoline,2026-02-29 24:33:22,2026-02-29 24:33:42,-22.80066572740832,-43.2090772067728,-22.804922622993484,-43.20527777637589,4772.5829256362385,3259.5204726807207,2622.0624539554285,2383007.5625683363,394.4339279220755,204.53798573969685
2,HBEFA4/PC_petrol_Euro-6ab,Gasoline,2026-02-29 24:33:42,2026-02-29 24:33:42,-22.804922622993484,-43.20527777637589,-22.80488337082224,-43.20520575522626,4772.585757470608,3259.5233035252796,2622.0624539554285,2383007.5625683363,394.4339279220755,204.53798573969685
2,HBEFA4/PC_petrol_Euro-6ab,Gasoline,2026-02-29 24:33:42,2026-02-29 24:33:42,-22.80488337082224,-43.20520575522626,-22.804842089622404,-43.20524629729824,4772.590087226628,3259.5276332622893,2622.0624539554285,2383022.2272972306,394.435262322745,204.53822960060266
2,HBEFA4/PC_petrol_Euro-6ab,Gasoline,2026-02-29 24:33:42,2026-02-29 24:33:42,-22.804842089622404,-43.20524629729824,-22.804788868462323,-43.20529624690708,4772.596345662672,3259.5338927062436,2622.0624539554285,2383025.8532285753,394.4368904295838,204.53830799420442
2,HBEFA4/PC_petrol_Euro-6ab,Gasoline,2026-02-29 24:33:42,2026-02-29 24:33:42,-22.804788868462323,-43.20529624690708,-22.804727556423088,-43.2053547929022,4772.604075409629,3259.542622454292,2622.0624539554285,2383020.2035048862,394.43828395227844,204.53853508984929
2,HBEFA4/PC_petrol_Euro-6ab,Gasoline,2026-02-29 24:33:42,2026-02-29 24:33:42,-22.804727556423088,-43.2053547929022,-22.804655320607427,-43.20542388537593,4772.623250784282,3259.550696828754,2622.0624539554285,2383024.6632642439,394.43963702334474,204.53879942375224
2,HBEFA4/PC_petrol_Euro-6ab,Gasoline,2026-02-29 24:33:42,2026-02-29 24:33:42,-22.804655320607427,-43.20542388537593,-22.80457782335358,-43.20549802086527,4772.623843082296,3259.5623892268677,2622.0624539554285,2383030.2086022047,394.4422277429772,204.53922205052958
2,HBEFA4/PC_petrol_Euro-6ab,Gasoline,2026-02-29 24:33:42,2026-02-29 24:33:42,-22.80457782335358,-43.20549802086527,-22.804530707522762,-43.205543077422065,4772.6353256520295,3259.5728626955907,2622.0624539554285,2383033.9383065936,394.4422697082962,204.53944236262303
2,HBEFA4/PC_petrol_Euro-6ab,Gasoline,2026-02-29 24:33:42,2026-02-29 24:33:46,-22.804530707522762,-43.205543077422065,-22.79830463750309,-43.20458376576423,4782.788227672043,3265.0523077082466,2627.735829962897,2386220.2637672507,395.28876372267853,204.79468272948208
2,HBEFA4/PC_petrol_Euro-6ab,Gasoline,2026-02-29 24:33:46,2026-02-29 24:33:46,-22.79830463750309,-43.20458376576423,-22.798298594283354,-43.20460670903669,4782.802206866869,3265.0652869039723,2627.735829962897,2386225.0656298028,395.29004639853974,204.79505720776935
2,HBEFA4/PC_petrol_Euro-6ab,Gasoline,2026-02-29 24:33:46,2026-02-29 24:33:46,-22.798298594283354,-43.20460670903669,-22.79786470960295,-43.204647606836626,4782.837603722237,3265.2027837483396,2627.735829962897,2386228.2386673538,395.29092852259977,204.79542532236242
2,HBEFA4/PC_petrol_Euro-6ab,Gasoline,2026-02-29 24:33:46,2026-02-29 24:33:46,-22.79786470960295,-43.204647606836626,-22.79775348570474,-43.204647530846756,4782.850295822254,3265.2244758483565,2627.735829962897,2386232.856895249,395.2929298442522,204.79578050644952
2,HBEFA4/PC_petrol_Euro-6ab,Gasoline,2026-02-29 24:33:46,2026-02-29 24:33:49,-22.79775348570474,-43.204647530846756,-22.80264775626033,-43.202693369939754,4792.285332284384,3268.924960389947,2622.3703727944368,2388237.6284773694,395.8202676836222,204.98373064220605
2,HBEFA4/PC_petrol_Euro-6ab,Gasoline,2026-02-29 24:33:49,2026-02-29 24:33:52,-22.80264775626033,-43.202693369939754,-22.80070364484098,-43.20928388307657,4798.367570308329,3274.866294784654,2623.5022755236744,2389930.7244223365,396.342622288726,205.23223327598866
2,HBEFA4/PC_petrol_Euro-6ab,Gasoline,2026-02-29 24:33:52,2026-02-29 24:34:08,-22.80070364484098,-43.20928388307657,-22.80492274938462,-43.20527765452583,4832.496722680706,3298.265248822077,2633.2325738586287,2399579.5404453298,399.23624776567246,205.85423272248752
2,HBEFA4/PC_petrol_Euro-6ab,Gasoline,2026-02-29 24:34:08,2026-02-29 24:34:08,-22.80492274938462,-43.20527765452583,-22.804878848898425,-43.205220080448325,4832.4998386242225,3298.268264755593,2633.2325738586287,2399579.5404453298,399.23624776567246,205.85423272248752
2,HBEFA4/PC_petrol_Euro-6ab,Gasoline,2026-02-29 24:34:08,2026-02-29 24:34:08,-22.804878848898425,-43.205220080448325,-22.804832008977797,-43.20525488294202,4832.504856549602,3298.2732826909737,2633.2325738586287,2399583.854683083,399.23782998269363,205.85438704909237
2,HBEFA4/PC_petrol_Euro-6ab,Gasoline,2026-02-29 24:34:08,2026-02-29 24:34:08,-22.804832008977797,-43.20525488294202,-22.804774027304234,-43.205320342485994,4832.522789772608,3298.2802259239787,2633.2325738586287,2399588.7708092984,399.2394702638939,205.85459402272522
2,HBEFA4/PC_petrol_Euro-6ab,Gasoline,2026-02-29 24:34:08,2026-02-29 24:34:22,-22.804774027304234,-43.205320342485994,-22.802640223223274,-43.202720986227286,4842.932205670776,3204.8698482232277,2638.0622575475488,2402636.203962222,399.9882753923265,206.2206569259522
2,HBEFA4/PC_petrol_Euro-6ab,Gasoline,2026-02-29 24:34:22,2026-02-29 24:34:22,-22.802640223223274,-43.202720986227286,-22.802622956476337,-43.20275283444294,4842.935372426398,3204.87322386885,2638.0622575475488,2402636.203962222,399.9882753923265,206.2206569259522
2,HBEFA4/PC_petrol_Euro-6ab,Gasoline,2026-02-29 24:34:22,2026-02-29 24:34:22,-22.802622956476337,-43.20275283444294,-22.802604826338693,-43.202809774428685,4842.9402267483375,3204.8778592007893,2638.0622575475488,2402639.7370245669,399.9895057980249,206.22080295242864
2,HBEFA4/PC_petrol_Euro-6ab,Gasoline,2026-02-29 24:34:22,2026-02-29 24:34:22,-22.802604826338693,-43.202809774428685,-22.804907730333824,-43.2052824552653,4862.396470858579,3228.2969526286734,2643.0995282299062,2407842.974385352,402.4964828889259,206.52206765833055
2,HBEFA4/PC_petrol_Euro-6ab,Gasoline,2026-02-29 24:34:22,2026-02-29 24:34:22,-22.804907730333824,-43.2052824552653,-22.804873322574853,-43.20522536734859,4862.399892532037,3228.3003733022324,2643.0995282299062,2407843.9544252762,402.49726797456085,206.52227208774676
2,HBEFA4/PC_petrol_Euro-6ab,Gasoline,2026-02-29 24:34:22,2026-02-29 24:34:35,-22.804873322574853,-43.20522536734859,-22.7980983805338,-43.20320777652879,4894.276727347689,3242.6585289595507,2652.6282983882386,2426762.8223933657,404.0424542855999,207.22506722304298
2,HBEFA4/PC_petrol_Euro-6ab,Gasoline,2026-02-29 24:34:35,2026-02-29 24:34:35,-22.7980983805338,-43.20320777652879,-22.798042867607293,-43.203224856047424,4894.288848008894,3242.670649620756,2652.6282983882386,2426762.8223933657,404.0424542855999,207.22506722304298
2,HBEFA4/PC_petrol_Euro-6ab,Gasoline,2026-02-29 24:34:35,2026-02-29 24:34:35,-22.798042867607293,-43.203224856047424,-22.797958542278206,-43.203292035622225,4894.302550073383,3242.683352685244,2652.6282983882386,2426766.2273426244,404.04239378062527,207.2254323649228
2,HBEFA4/PC_petrol_Euro-6ab,Gasoline,2026-02-29 24:34:35,2026-02-29 24:34:35,-22.797958542278206,-43.203292035622225,-22.79784434683959,-43.20329922834605,4894.323924564347,3242.6957262762084,2652.6282983882386,2426766.2273426244,404.04239378062527,207.2254323649228
2,HBEFA4/PC_petrol_Euro-6ab,Gasoline,2026-02-29 24:34:35,2026-02-29 24:34:35,-22.79784434683959,-43.20329922834605,-22.79764269202888,-43.20328966920204,4894.339242208285,3242.7209437200468,2652.6282983882386,2426769.7662058985,404.0433588352425,207.22580530288977
2,HBEFA4/PC_petrol_Euro-6ab,Gasoline,2026-02-29 24:34:35,2026-02-29 24:34:37,-22.79764269202888,-43.20328966920204,-22.79725552367297,-43.20299620307854,4900.634029449926,3246.0935842839887,2654.5404352659375,2428372.7525228083,404.4933944866698,207.36378246294572
2,HBEFA4/PC_petrol_Euro-6ab,Gasoline,2026-02-29 24:34:37,2026-02-29 24:34:48,-22.79725552367297,-43.20299620307854,-22.797244972052056,-43.202996322054645,4924.7098349938225,3262.7452572529937,2662.9645777408282,2425663.2363356274,406.58655289355574,207.896950627567
2,HBEFA4/PC_petrol_Euro-6ab,Gasoline,2026-02-29 24:34:48,2026-02-29 24:34:48,-22.797244972052056,-43.202996322054645,-22.797232882020274,-43.202997597078294,4924.722026952727,3262.7574392228895,2662.9645777408282,2425663.2363356274,406.58655289355574,207.896950627567
2,HBEFA4/PC_petrol_Euro-6ab,Gasoline,2026-02-29 24:34:48,2026-02-29 24:34:48,-22.797232882020274,-43.202997597078294,-22.797025205073424,-43.20299892254442,4924.734539659044,3262.769962928226,2662.9645777408282,2425665.9029452525,406.58732858225336,207.89730945645265
2,HBEFA4/PC_petrol_Euro-6ab,Gasoline,2026-02-29 24:34:48,2026-02-29 24:34:48,-22.797025205073424,-43.20299892254442,-22.79690964260538,-43.20300656786083,4924.747459666365,3262.782882925537,2662.9645777408282,2425668.8757555708,406.58825200502073,207.89768028875233
2,HBEFA4/PC_petrol_Euro-6ab,Gasoline,2026-02-29 24:34:48,2026-02-29 24:34:50,-22.79690964260538,-43.20300656786083,-22.80070625395273,-43.20929800989238,4930.303088850043,3263.448222924977,2666.8548659250669,2427224.6032024687,406.9886772296032,208.02643020087062
2,HBEFA4/PC_petrol_Euro-6ab,Gasoline,2026-02-29 24:34:50,2026-02-29 24:35:23,-22.80070625395273,-43.20929800989238,-22.804923860267266,-43.20527659296265,4985.963670328258,3300.8364448526486,2685.2272254665092,2443067.6620827853,422.52562207259504,209.24224683335565
2,HBEFA4/PC_petrol_Euro-6ab,Gasoline,2026-02-29 24:35:23,2026-02-29 24:35:23,-22.804923860267266,-43.20527659296265,-22.804884226268204,-43.20520493697875,4985.966854282829,3300.83962872532,2685.2272254665092,2443067.6620827853,422.52562207259504,209.24224683335565
2,HBEFA4/PC_petrol_Euro-6ab,Gasoline,2026-02-29 24:35:23,2026-02-29 24:35:23,-22.804884226268204,-43.20520493697875,-22.80484550552225,-43.205242973479936,4985.972240593732,3300.8440252272225,2685.2272254665092,2443070.8324587523,422.52677547609204,209.24228089205387
2,HBEFA4/PC_petrol_Euro-6ab,Gasoline,2026-02-29 24:35:23,2026-02-29 24:35:23,-22.80484550552225,-43.205242973479936,-22.8047992947966,-43.20528626975625,4985.97697202227,3300.849746555662,2685.2272254665092,2443074.4834393077,422.52804638340797,209.24245227933027
2,HBEFA4/PC_petrol_Euro-6ab,Gasoline,2026-02-29 24:35:23,2026-02-29 24:35:23,-22.8047992947966,-43.20528626975625,-22.80473958320066,-43.20534328828286,4985.98382692096,3300.8566024444505,2685.2272254665092,2443078.0059892443,422.5292084229982,209.24265338555295
2,HBEFA4/PC_petrol_Euro-6ab,Gasoline,2026-02-29 24:35:23,2026-02-29 24:35:23,-22.80473958320066,-43.20534328828286,-22.804667007207305,-43.205422707258205,4985.992650586208,3300.8654252296986,2685.2272254665092,2443083.6678758904,422.5309442869805,209.2429234344646
2,HBEFA4/PC_petrol_Euro-6ab,Gasoline,2026-02-29 24:35:23,2026-02-29 24:35:23,-22.804667007207305,-43.205422707258205,-22.804587625867097,-43.20548863522803,4986.003393254349,3300.87626778784,2685.2272254665092,2443089.943267436,422.53272482007656,209.24322789630602
2,HBEFA4/PC_petrol_Euro-6ab,Gasoline,2026-02-29 24:35:23,2026-02-29 24:35:23,-22.804587625867097,-43.20548863522803,-22.804537863755275,-43.205536232505246,4986.025243220058,3300.887927743549,2685.2272254665092,2443094.3054090685,422.5339366723629,209.24356728267283
2,HBEFA4/PC_petrol_Euro-6ab,Gasoline,2026-02-29 24:35:23,2026-02-29 24:35:26,-22.804537863755275,-43.205536232505246,-22.798067464792474,-43.20296829283285,4992.670032072288,3306.2002232028874,2686.4698278694005,2444832.0269289523,422.04363242592624,209.38392042985296
2,HBEFA4/PC_petrol_Euro-6ab,Gasoline,2026-02-29 24:35:26,2026-02-29 24:35:42,-22.798067464792474,-43.20296829283285,-22.7972859245284,-43.20395229280002,5047.980927322975,3343.577430332734,2704.403486989242,2462237.3734899623,426.82834335829294,220.60658252070567
2,HBEFA4/PC_petrol_Euro-6ab,Gasoline,2026-02-29 24:35:42,2026-02-29 24:35:42,-22.7972859245284,-43.20395229280002,-22.797077223075397,-43.20395688022222,5047.993564324022,3343.5900773347827,2704.403486989242,2462240.5826945286,426.8292323839223,220.60694470739852
2,HBEFA4/PC_petrol_Euro-6ab,Gasoline,2026-02-29 24:35:42,2026-02-29 24:35:42,-22.797077223075397,-43.20395688022222,-22.797009464054728,-43.203868404654806,5048.0058227326025,3343.602324743362,2704.403486989242,2462240.5826945286,426.8292323839223,220.60694470739852
2,HBEFA4/PC_petrol_Euro-6ab,Gasoline,2026-02-29 24:35:42,2026-02-29 24:35:42,-22.797009464054728,-43.203868404654806,-22.79726274678022,-43.20393793240789,5048.070674202455,3343.667287223225,2704.403486989242,2462250.0277752282,426.83203593492207,220.60828392223586
2,HBEFA4/PC_petrol_Euro-6ab,Gasoline,2026-02-29 24:35:42,2026-02-29 24:35:42,-22.79726274678022,-43.20393793240789,-22.797223325797568,-43.20394706662354,5048.075260929073,3343.672673929832,2704.403486989242,2462250.0277752282,426.83203593492207,220.60828392223586
2,HBEFA4/PC_petrol_Euro-6ab,Gasoline,2026-02-29 24:35:42,2026-02-29 24:35:42,-22.797223325797568,-43.20394706662354,-22.797252889298395,-43.20395837075805,5048.080724256907,3343.677227267667,2704.403486989242,2462253.200988932,426.8332394597985,220.60834907785447
2,HBEFA4/PC_petrol_Euro-6ab,Gasoline,2026-02-29 24:35:42,2026-02-29 24:35:42,-22.797252889298395,-43.20395837075805,-22.79708282627242,-43.203958446685625,5048.087507682092,3343.684020692852,2704.403486989242,2462256.922722307,426.8343702577527,220.60854922222035
2,HBEFA4/PC_petrol_Euro-6ab,Gasoline,2026-02-29 24:35:42,2026-02-29 24:35:42,-22.79708282627242,-43.203958446685625,-22.79702879268274,-43.203900987672255,5048.095497637273,3343.692020648032,2704.403486989242,2462260.8088887262,426.8356020246657,220.60878223270278
2,HBEFA4/PC_petrol_Euro-6ab,Gasoline,2026-02-29 24:35:42,2026-02-29 24:35:42,-22.79702879268274,-43.203900987672255,-22.797022420462,-43.20379542325278,5048.204984226725,3343.7024972274837,2704.403486989242,2462265.7026290093,426.8370630723369,220.60905889297329
2,HBEFA4/PC_petrol_Euro-6ab,Gasoline,2026-02-29 24:35:42,2026-02-29 24:35:47,-22.797022420462,-43.20379542325278,-22.802647594273275,-43.20269374329527,5060.362848626283,3354.979989936292,2705.3828586799928,2464587.8483993285,427.85254626249847,220.87098254208004
2,HBEFA4/PC_petrol_Euro-6ab,Gasoline,2026-02-29 24:35:47,2026-02-29 24:35:47,-22.802647594273275,-43.20269374329527,-22.80262789244565,-43.20273925296046,5060.366866275234,3354.984007495242,2705.3828586799928,2464587.8483993285,427.85254626249847,220.87098254208004
2,HBEFA4/PC_petrol_Euro-6ab,Gasoline,2026-02-29 24:35:47,2026-02-29 24:35:49,-22.80262789244565,-43.20273925296046,-22.797258878653096,-43.2029962652526,5066.202404932999,3359.45702646838,2706.6443884646292,2466040.4566868797,428.2692908759228,220.99734062867865
2,HBEFA4/PC_petrol_Euro-6ab,Gasoline,2026-02-29 24:35:49,2026-02-29 24:36:20,-22.797258878653096,-43.2029962652526,-22.80492827592422,-43.2052724640224,5227.647692596568,3393.4703826620536,2724.2773209345245,2480289.9272027652,422.2746734092329,222.22332897800493
2,HBEFA4/PC_petrol_Euro-6ab,Gasoline,2026-02-29 24:36:20,2026-02-29 24:36:20,-22.80492827592422,-43.2052724640224,-22.804886488307393,-43.205202773332486,5227.650735380093,3393.4734244455785,2724.2773209345245,2480289.9272027652,422.2746734092329,222.22332897800493
2,HBEFA4/PC_petrol_Euro-6ab,Gasoline,2026-02-29 24:36:20,2026-02-29 24:36:20,-22.804886488307393,-43.205202773332486,-22.804847226970877,-43.20524042255227,5227.655425767693,3393.4782248332786,2724.2773209345245,2480293.7867822202,422.27620043490665,222.22347327355264
2,HBEFA4/PC_petrol_Euro-6ab,Gasoline,2026-02-29 24:36:20,2026-02-29 24:36:20,-22.804847226970877,-43.20524042255227,-22.804799824694327,-43.20528567682332,5227.662252024647,3393.483942080233,2724.2773209345245,2480297.2284425058,422.27724972434525,222.22364622268072
2,HBEFA4/PC_petrol_Euro-6ab,Gasoline,2026-02-29 24:36:20,2026-02-29 24:36:20,-22.804799824694327,-43.20528567682332,-22.80474257585586,-43.2053423823072,5227.668255254043,3393.490944229529,2724.2773209345245,2480300.7744252923,422.27844704748395,222.22385276533768
2,HBEFA4/PC_petrol_Euro-6ab,Gasoline,2026-02-29 24:36:20,2026-02-29 24:36:20,-22.80474257585586,-43.2053423823072,-22.804669827299586,-43.20542000984408,5227.676875634573,3393.4995647000583,2724.2773209345245,2480305.6592905342,422.27995652779446,222.22420449095442
2,HBEFA4/PC_petrol_Euro-6ab,Gasoline,2026-02-29 24:36:20,2026-02-29 24:36:20,-22.804669827299586,-43.20542000984408,-22.804592825466086,-43.20548462788967,5227.687495826263,3393.5202848926493,2724.2773209345245,2480322.0756468862,422.28278463222223,222.22442580326708
2,HBEFA4/PC_petrol_Euro-6ab,Gasoline,2026-02-29 24:36:20,2026-02-29 24:36:23,-22.804592825466086,-43.20548462788967,-22.800697944377657,-43.209253028422566,5226.094569629546,3398.897256907755,2727.2973227227908,2482625.0926059342,422.92874266565077,222.30602297283873
2,HBEFA4/PC_petrol_Euro-6ab,Gasoline,2026-02-29 24:36:23,2026-02-29 24:36:25,-22.800697944377657,-43.209253028422566,-22.800703360779274,-43.20928234504778,5253.494082534462,3422.3626945204226,2732.2323880240499,2489492.0222568702,424.9224558092509,222.88275934023324
2,HBEFA4/PC_petrol_Euro-6ab,Gasoline,2026-02-29 24:36:25,2026-02-29 24:36:25,-22.800703360779274,-43.20928234504778,-22.80068725795484,-43.20929472529374,5253.502525935224,3422.369237922074,2732.2323880240499,2489492.7252220725,424.9229850032825,222.88297206236654
2,HBEFA4/PC_petrol_Euro-6ab,Gasoline,2026-02-29 24:36:25,2026-02-29 24:36:25,-22.80068725795484,-43.20929472529374,-22.80066855595249,-43.20909269295264,5253.520697278486,3422.3783092644358,2732.2323880240499,2489498.0203749582,424.9245829332442,222.88224083979256
2,HBEFA4/PC_petrol_Euro-6ab,Gasoline,2026-02-29 24:36:25,2026-02-29 24:36:25,-22.80066855595249,-43.20909269295264,-22.80064788829396,-43.208979936504576,5253.5223762506975,3422.3889882366476,2732.2323880240499,2489503.2942273535,424.9260905600288,222.88255259200293
2,HBEFA4/PC_petrol_Euro-6ab,Gasoline,2026-02-29 24:36:25,2026-02-29 24:36:34,-22.80064788829396,-43.208979936504576,-22.79809354675322,-43.20322908724799,5277.265305424528,3439.0692302349476,2738.2960752795805,2495525.3939424027,426.64758733599507,223.4023080760782
2,HBEFA4/PC_petrol_Euro-6ab,Gasoline,2026-02-29 24:36:34,2026-02-29 24:36:34,-22.79809354675322,-43.20322908724799,-22.79803726956338,-43.20322293966256,5277.2775268272365,3439.082442647657,2738.2960752795805,2495525.3939424027,426.64758733599507,223.4023080760782
2,HBEFA4/PC_petrol_Euro-6ab,Gasoline,2026-02-29 24:36:34,2026-02-29 24:36:34,-22.79803726956338,-43.20322293966256,-22.797948680735306,-43.20329825422986,5277.289827952728,3439.093752773238,2738.2960752795805,2495527.4949323863,426.6482952702727,223.40265963453467
2,HBEFA4/PC_petrol_Euro-6ab,Gasoline,2026-02-29 24:36:34,2026-02-29 24:36:42,-22.797948680735306,-43.20329825422986,-22.798070847969033,-43.20327020972222,5294.580674445582,3452.6926805028445,2742.8889939427384,2500628.4256504822,428.23805363503343,223.77982004862354
2,HBEFA4/PC_petrol_Euro-6ab,Gasoline,2026-02-29 24:36:42,2026-02-29 24:36:42,-22.798070847969033,-43.20327020972222,-22.797997590846943,-43.2032644539029,5294.5927339825275,3452.7037400397894,2742.8889939427384,2500628.4256504822,428.23805363503343,223.77982004862354
2,HBEFA4/PC_petrol_Euro-6ab,Gasoline,2026-02-29 24:36:42,2026-02-29 24:36:42,-22.797997590846943,-43.2032644539029,-22.797890320737768,-43.203304647563925,5294.605525242533,3452.7265322997946,2742.8889939427384,2500622.2854486709,428.23920645866633,223.78028853424766
2,HBEFA4/PC_petrol_Euro-6ab,Gasoline,2026-02-29 24:36:42,2026-02-29 24:36:47,-22.797890320737768,-43.203304647563925,-22.797232432694408,-43.202996463428955,5206.604526359476,3462.203735402945,2744.4007909575326,2503778.8350234036,429.05792966028527,224.03877480980545
2,HBEFA4/PC_petrol_Euro-6ab,Gasoline,2026-02-29 24:36:47,2026-02-29 24:36:47,-22.797232432694408,-43.202996463428955,-22.79722892275647,-43.20299774329984,5206.627505364766,3462.226724407234,2744.4007909575326,2503782.0627343645,429.05856427899224,224.03924602576488
2,HBEFA4/PC_petrol_Euro-6ab,Gasoline,2026-02-29 24:36:47,2026-02-29 24:36:49,-22.79722892275647,-43.20299774329984,-22.798089427973395,-43.203228724929725,5222.239236286358,3464.826877063408,2746.4223592229495,2505082.3844890422,429.4208833492465,224.242565847462
2,HBEFA4/PC_petrol_Euro-6ab,Gasoline,2026-02-29 24:36:49,2026-02-29 24:36:58,-22.798089427973395,-43.203228724929725,-22.798082586392486,-43.202963200497275,5232.993809267745,3477.4657306224794,2755.5280786452654,2522302.209569208,432.24576206859266,224.62398660002222
2,HBEFA4/PC_petrol_Euro-6ab,Gasoline,2026-02-29 24:36:58,2026-02-29 24:36:58,-22.798082586392486,-43.202963200497275,-22.797985748406536,-43.20299775344724,5233.003646785208,3477.475568239943,2755.5280786452654,2522307.2867064724,432.24722734282806,224.6242732949292
2,HBEFA4/PC_petrol_Euro-6ab,Gasoline,2026-02-29 24:36:58,2026-02-29 24:36:58,-22.797985748406536,-43.20299775344724,-22.79788285947993,-43.20203520897903,5233.0248378953,3477.486759250035,2755.5280786452654,2522322.259702732,432.2486526279962,224.62459799222926
2,HBEFA4/PC_petrol_Euro-6ab,Gasoline,2026-02-29 24:36:58,2026-02-29 24:36:58,-22.79788285947993,-43.20203520897903,-22.79777272458424,-43.20207492632447,5233.02696922243,3477.498890476265,2755.5280786452654,2522326.5405529786,432.24983027484305,224.62494825297267
2,HBEFA4/PC_petrol_Euro-6ab,Gasoline,2026-02-29 24:36:58,2026-02-29 24:37:06,-22.79777272458424,-43.20207492632447,-22.797265294885757,-43.20393749662893,5252.745684330483,3492.328729677234,2760.426954653249,2526607.5292629874,432.7039292763092,225.05822926697025
2,HBEFA4/PC_petrol_Euro-6ab,Gasoline,2026-02-29 24:37:06,2026-02-29 24:37:06,-22.797265294885757,-43.20393749662893,-22.797252347829587,-43.20395847203702,5252.758676226247,3492.3427224628985,2760.426954653249,2526620.298768278,432.704677492206,225.05859250280389
2,HBEFA4/PC_petrol_Euro-6ab,Gasoline,2026-02-29 24:37:06,2026-02-29 24:37:09,-22.797252347829587,-43.20395847203702,-22.800700065723635,-43.2092645042975,5258.563632588784,3496.9864202092733,2762.57722237952,2528395.9325266052,433.2472352623209,225.284035072527
2,HBEFA4/PC_petrol_Euro-6ab,Gasoline,2026-02-29 24:37:09,2026-02-29 24:37:39,-22.800700065723635,-43.2092645042975,-22.797953763458796,-43.204636733226686,5334.288450270232,3544.2822208659964,2790.007239404236,2539266.5283654267,439.0928990023222,226.85228824345984
2,HBEFA4/PC_petrol_Euro-6ab,Gasoline,2026-02-29 24:37:39,2026-02-29 24:37:39,-22.797953763458796,-43.204636733226686,-22.79792225242952,-43.20464280285259,5334.29255052846,3544.284322224324,2790.007239404236,2539268.3222764222,439.09250864862895,226.85228343627749
2,HBEFA4/PC_petrol_Euro-6ab,Gasoline,2026-02-29 24:37:39,2026-02-29 24:37:39,-22.79792225242952,-43.20464280285259,-22.79786022953899,-43.20464826607447,5334.296277252639,3544.288937747503,2790.007239404236,2539272.9936944822,439.09386400226364,226.85242545633866
2,HBEFA4/PC_petrol_Euro-6ab,Gasoline,2026-02-29 24:37:39,2026-02-29 24:37:39,-22.79786022953899,-43.20464826607447,-22.79779277886645,-43.204649254888835,5334.302986272244,3544.2947468672077,2790.007239404236,2539275.4055948365,439.09504052432447,226.85259823627482
2,HBEFA4/PC_petrol_Euro-6ab,Gasoline,2026-02-29 24:37:39,2026-02-29 24:37:39,-22.79779277886645,-43.204649254888835,-22.797709552446793,-43.2046456032242,5334.309466206493,3544.302226802357,2790.007239404236,2539280.0537488276,439.0965487653967,226.85282927320805
2,HBEFA4/PC_petrol_Euro-6ab,Gasoline,2026-02-29 24:37:39,2026-02-29 24:37:39,-22.797709552446793,-43.2046456032242,-22.797625826695284,-43.2046424904289,5334.328690754863,3544.3224523507276,2790.007239404236,2539285.3924857726,439.09825806699606,226.85308953258328
2,HBEFA4/PC_petrol_Euro-6ab,Gasoline,2026-02-29 24:37:39,2026-02-29 24:37:39,-22.797625826695284,-43.2046424904289,-22.797507644037236,-43.204636744205526,5334.3290802236535,3544.3228407295277,2790.007239404236,2539289.79642308,439.09943383693064,226.85339042034728
2,HBEFA4/PC_petrol_Euro-6ab,Gasoline,2026-02-29 24:37:39,2026-02-29 24:37:39,-22.797507644037236,-43.204636744205526,-22.79739302662057,-43.204632725220844,5334.342069632567,3544.3338302284325,2790.007239404236,2539295.7500528973,439.2020548525702,226.85373947532022
2,HBEFA4/PC_petrol_Euro-6ab,Gasoline,2026-02-29 24:37:39,2026-02-29 24:37:39,-22.79739302662057,-43.204632725220844,-22.797278369557755,-43.20462668447798,5334.353773457624,3544.346534053478,2790.007239404236,2539299.5548389244,439.20209338802434,226.85420532325577
2,HBEFA4/PC_petrol_Euro-6ab,Gasoline,2026-02-29 24:37:39,2026-02-29 24:37:39,-22.797278369557755,-43.20462668447798,-22.797269370793405,-43.2046229020228,5334.36648267679,3544.3592422726542,2790.007239404236,2539202.4298865835,439.20264068484656,226.85446804852246
2,HBEFA4/PC_petrol_Euro-6ab,Gasoline,2026-02-29 24:37:39,2026-02-29 24:37:39,-22.797269370793405,-43.2046229020228,-22.797052269539304,-43.20462676403942,5334.378562748287,3544.372323344252,2790.007239404236,2539202.4298865835,439.20264068484656,226.85446804852246
2,HBEFA4/PC_petrol_Euro-6ab,Gasoline,2026-02-29 24:37:39,2026-02-29 24:37:58,-22.797052269539304,-43.20462676403942,-22.804922904526428,-43.20527846263564,5378.377662283859,3573.8934252542227,2804.484237029746,2552822.869454367,442.69723400524985,227.82642747489272
2,HBEFA4/PC_petrol_Euro-6ab,Gasoline,2026-02-29 24:37:58,2026-02-29 24:37:58,-22.804922904526428,-43.20527846263564,-22.804877940583008,-43.205220949254564,5378.380793669806,3573.89655664006,2804.484237029746,2552825.003839947,442.6978983282928,227.82652482875327
2,HBEFA4/PC_petrol_Euro-6ab,Gasoline,2026-02-29 24:37:58,2026-02-29 24:37:58,-22.804877940583008,-43.205220949254564,-22.804832889264974,-43.20525404204232,5378.385820998069,3573.9025839683234,2804.484237029746,2552829.3227320994,442.6994772548953,227.8266793839643
2,HBEFA4/PC_petrol_Euro-6ab,Gasoline,2026-02-29 24:37:58,2026-02-29 24:37:58,-22.804832889264974,-43.20525404204232,-22.80478022053689,-43.20530442822944,5378.392489487764,3573.9082524580276,2804.484237029746,2552833.6774853852,442.7009455222552,227.82687778262467
2,HBEFA4/PC_petrol_Euro-6ab,Gasoline,2026-02-29 24:37:58,2026-02-29 24:37:58,-22.80478022053689,-43.20530442822944,-22.80472996382245,-43.20536205422237,5378.400286950926,3573.9260499222807,2804.484237029746,2552837.4049296284,442.70223234497675,227.82720522437232
2,HBEFA4/PC_petrol_Euro-6ab,Gasoline,2026-02-29 24:37:58,2026-02-29 24:37:58,-22.80472996382245,-43.20536205422237,-22.8046499292766,-43.20542905283465,5378.409204634899,3573.9249676052527,2804.484237029746,2552842.3608829495,442.70333859367264,227.82736405850883
2,HBEFA4/PC_petrol_Euro-6ab,Gasoline,2026-02-29 24:37:58,2026-02-29 24:38:29,-22.8046499292766,-43.20542905283465,-22.800703550389805,-43.2092833726786,5445.23248496538,3620.602806254784,2824.5296787205965,2572779.4495896285,448.47263860072226,229.2907872568254
2,HBEFA4/PC_petrol_Euro-6ab,Gasoline,2026-02-29 24:38:29,2026-02-29 24:38:29,-22.800703550389805,-43.2092833726786,-22.800688025072835,-43.20929892045474,5445.239538455348,3620.6098597447522,2824.5296787205965,2572779.4495896285,448.47263860072226,229.2907872568254
2,HBEFA4/PC_petrol_Euro-6ab,Gasoline,2026-02-29 24:38:29,2026-02-29 24:38:29,-22.800688025072835,-43.20929892045474,-22.8006690895299,-43.20909560393049,5445.2483792527325,3620.6287005422357,2824.5296787205965,2572784.747824842,448.47426242837735,229.29204696382226
2,HBEFA4/PC_petrol_Euro-6ab,Gasoline,2026-02-29 24:38:29,2026-02-29 24:38:29,-22.8006690895299,-43.20909560393049,-22.80064744522294,-43.20897752925528,5445.259292482826,3620.6295227722296,2824.5296787205965,2572792.2747534923,448.47607948244973,229.2923636647295
2,HBEFA4/PC_petrol_Euro-6ab,Gasoline,2026-02-29 24:38:29,2026-02-29 24:38:29,-22.80064744522294,-43.20897752925528,-22.800625622925696,-43.2088584595759,5445.272550422668,3620.6428727220724,2824.5296787205965,2572797.2295958306,448.4776794786308,229.2927232402005
2,HBEFA4/PC_petrol_Euro-6ab,Gasoline,2026-02-29 24:38:29,2026-02-29 24:38:29,-22.800625622925696,-43.2088584595759,-22.800602922658334,-43.208734566464265,5445.2840224227035,3620.6543327022072,2824.5296787205965,2572799.2392454096,448.4782920265726,229.29207928322942
2,HBEFA4/PC_petrol_Euro-6ab,Gasoline,2026-02-29 24:38:29,2026-02-29 24:38:29,-22.800602922658334,-43.208734566464265,-22.80058233735468,-43.20862686029323,5445.296978282965,3620.6672995723684,2824.5296787205965,2572802.5204406956,448.4792920975226,229.29245278838048
2,HBEFA4/PC_petrol_Euro-6ab,Gasoline,2026-02-29 24:38:29,2026-02-29 24:38:29,-22.80058233735468,-43.20862686029323,-22.800558770504693,-43.208497537252264,5445.209297622838,3620.6796289222425,2824.5296787205965,2572802.5204406956,448.4792920975226,229.29245278838048
2,HBEFA4/PC_petrol_Euro-6ab,Gasoline,2026-02-29 24:38:29,2026-02-29 24:38:29,-22.800558770504693,-43.208497537252264,-22.80053490928622,-43.208377223365565,5445.222802699246,3620.6922229886493,2824.5296787205965,2572804.8653929855,448.4798602074637,229.29280936865906
2,HBEFA4/PC_petrol_Euro-6ab,Gasoline,2026-02-29 24:38:29,2026-02-29 24:38:29,-22.80053490928622,-43.208377223365565,-22.800522464674255,-43.20825879250988,5445.234445374863,3620.704766664267,2824.5296787205965,2572807.202245523,448.4805000539672,229.29327082404573
2,HBEFA4/PC_petrol_Euro-6ab,Gasoline,2026-02-29 24:38:29,2026-02-29 24:38:29,-22.800522464674255,-43.20825879250988,-22.800488070824248,-43.20824072832682,5445.246868252722,3620.727289542225,2824.5296787205965,2572808.3579904686,448.4808894698732,229.29352427639206
2,HBEFA4/PC_petrol_Euro-6ab,Gasoline,2026-02-29 24:38:29,2026-02-29 24:38:29,-22.800488070824248,-43.20824072832682,-22.800465234240754,-43.2080249728259,5445.259264285663,3620.7295854750664,2824.5296787205965,2572820.228998272,448.48242266030746,229.29387762955292
2,HBEFA4/PC_petrol_Euro-6ab,Gasoline,2026-02-29 24:38:29,2026-02-29 24:38:42,-22.800465234240754,-43.2080249728259,-22.800700263220438,-43.20926503254397,5472.93892862222,3639.8979498224226,2833.0409787998085,2579986.940940905,450.80634402895274,229.88968467274205
2,HBEFA4/PC_petrol_Euro-6ab,Gasoline,2026-02-29 24:38:42,2026-02-29 24:38:42,-22.800700263220438,-43.20926503254397,-22.800686383362706,-43.20928995378226,5472.945578525899,3639.90459972609,2833.0409787998085,2579986.940940905,450.80634402895274,229.88968467274205
2,HBEFA4/PC_petrol_Euro-6ab,Gasoline,2026-02-29 24:38:42,2026-02-29 24:38:42,-22.800686383362706,-43.20928995378226,-22.800670535780075,-43.20920349426572,5472.953436672703,3639.922457872895,2833.0409787998085,2579990.8305222575,450.80757982643036,229.88992426063423
2,HBEFA4/PC_petrol_Euro-6ab,Gasoline,2026-02-29 24:38:42,2026-02-29 24:38:42,-22.800670535780075,-43.20920349426572,-22.80065204384652,-43.20900260833275,5472.962485667272,3639.922506867462,2833.0409787998085,2579994.9625443807,450.80883480559095,229.89027703489782
2,HBEFA4/PC_petrol_Euro-6ab,Gasoline,2026-02-29 24:38:42,2026-02-29 24:38:42,-22.80065204384652,-43.20900260833275,-22.80063024679837,-43.208883245689775,5472.973044557422,3639.932065757604,2833.0409787998085,2580000.2239429776,450.820340695302,229.89048435432573
2,HBEFA4/PC_petrol_Euro-6ab,Gasoline,2026-02-29 24:38:42,2026-02-29 24:39:04,-22.80063024679837,-43.208883245689775,-22.79794422363872,-43.20463792026605,5520.864038732527,3673.275305883382,2847.6887328482364,2593656.0500796556,454.73468299322263,220.94282722564924
2,HBEFA4/PC_petrol_Euro-6ab,Gasoline,2026-02-29 24:39:04,2026-02-29 24:39:04,-22.79794422363872,-43.20463792026605,-22.797865922523903,-43.204647458859085,5520.8722949223625,3673.2825620632253,2847.6887328482364,2593658.9372747422,454.735620782229,220.94202764084572
2,HBEFA4/PC_petrol_Euro-6ab,Gasoline,2026-02-29 24:39:04,2026-02-29 24:39:04,-22.797865922523903,-43.204647458859085,-22.797772222859293,-43.204648348533925,5520.880020740632,3673.292277892496,2847.6887328482364,2593663.5328275845,454.73702483555267,220.94228233529304
2,HBEFA4/PC_petrol_Euro-6ab,Gasoline,2026-02-29 24:39:04,2026-02-29 24:39:04,-22.797772222859293,-43.204648348533925,-22.797660869022976,-43.20464346726232,5520.890425762649,3673.2026929245225,2847.6887328482364,2593669.274929655,454.73864867805764,220.94258639374794
2,HBEFA4/PC_petrol_Euro-6ab,Gasoline,2026-02-29 24:39:04,2026-02-29 24:39:04,-22.797660869022976,-43.20464346726232,-22.797546968400752,-43.20463846962564,5520.902756669857,3673.2240238227203,2847.6887328482364,2593676.087622202,454.74050024682373,220.9429468404725
2,HBEFA4/PC_petrol_Euro-6ab,Gasoline,2026-02-29 24:39:04,2026-02-29 24:39:04,-22.797546968400752,-43.20463846962564,-22.797433252575735,-43.20463347574754,5520.925382046794,3673.226648298658,2847.6887328482364,2593678.738593589,454.742246254788,220.9433084358348
2,HBEFA4/PC_petrol_Euro-6ab,Gasoline,2026-02-29 24:39:04,2026-02-29 24:39:26,-22.797433252575735,-43.20463347574754,-22.798309725250746,-43.20458266499055,5545.989289067252,3692.2925962605807,2853.69759280657,2602258.9435668765,456.9595334968248,222.48463044505996
2,HBEFA4/PC_petrol_Euro-6ab,Gasoline,2026-02-29 24:39:26,2026-02-29 24:39:26,-22.798309725250746,-43.20458266499055,-22.79820330562682,-43.20460568968342,5546.0022322905025,3692.3045393839326,2853.69759280657,2602262.042964239,456.96023583026776,222.48500039900749
2,HBEFA4/PC_petrol_Euro-6ab,Gasoline,2026-02-29 24:39:26,2026-02-29 24:39:26,-22.79820330562682,-43.20460568968342,-22.798227547023526,-43.20462672060469,5546.024252606848,3692.326559800279,2853.69759280657,2602262.042964239,456.96023583026776,222.48500039900749
2,HBEFA4/PC_petrol_Euro-6ab,Gasoline,2026-02-29 24:39:26,2026-02-29 24:39:27,-22.798227547023526,-43.20462672060469,-22.802640433732263,-43.20272024724298,5547.966284672232,3694.268592865662,2853.69759280657,2602724.9520725206,457.09423847542356,222.52505243873489
2,HBEFA4/PC_petrol_Euro-6ab,Gasoline,2026-02-29 24:39:27,2026-02-29 24:39:22,-22.802640433732263,-43.20272024724298,-22.800702493222737,-43.20927764728969,5556.792357397222,3702.092242387768,2855.7022260094437,2603992.732323506,457.7532227265258,222.72377462304362
2,HBEFA4/PC_petrol_Euro-6ab,Gasoline,2026-02-29 24:39:22,2026-02-29 24:39:28,-22.800702493222737,-43.20927764728969,-22.80070320200456,-43.20928094393435,5569.7402946762085,3708.560269945286,2862.2800247309225,2608090.8399446228,458.925924428746,222.00337430299433
2,HBEFA4/PC_petrol_Euro-6ab,Gasoline,2026-02-29 24:39:28,2026-02-29 24:39:28,-22.80070320200456,-43.20928094393435,-22.80068802209498,-43.20929889422392,5569.747432620079,3708.567407889257,2862.2800247309225,2608090.8399446228,458.925924428746,222.00337430299433
2,HBEFA4/PC_petrol_Euro-6ab,Gasoline,2026-02-29 24:39:28,2026-02-29 24:39:30,-22.80068802209498,-43.20929889422392,-22.800706643792637,-43.20930022065453,5573.258224922737,3722.9704298299754,2862.287785202762,2608835.257303338,459.23505736362555,222.0728664078844
2,HBEFA4/PC_petrol_Euro-6ab,Gasoline,2026-02-29 24:39:30,2026-02-29 24:39:37,-22.800706643792637,-43.20930022065453,-22.802642883490623,-43.20270460092448,5588.482290674273,3722.24462539389,2866.2365652802835,2623652.2652773054,460.55240325948265,222.40892769222325
2,HBEFA4/PC_petrol_Euro-6ab,Gasoline,2026-02-29 24:39:37,2026-02-29 24:39:37,-22.802642883490623,-43.20270460092448,-22.802620922065934,-43.20275522859702,5588.485027363479,3722.2484620832956,2866.2365652802835,2623652.2652773054,460.55240325948265,222.40892769222325
2,HBEFA4/PC_petrol_Euro-6ab,Gasoline,2026-02-29 24:39:37,2026-02-29 24:39:42,-22.802620922065934,-43.20275522859702,-22.80492528448936,-43.2052753253395,5598.776902340226,3727.9255520982883,2870.8523492420277,2626497.5232254942,462.34043638459775,222.64065000044203
2,HBEFA4/PC_petrol_Euro-6ab,Gasoline,2026-02-29 24:39:42,2026-02-29 24:39:44,-22.80492528448936,-43.2052753253395,-22.804924266289224,-43.20527620360222,5605.024236470829,3730.5227280585857,2874.5024284222335,2628268.4326996725,462.8288350633264,222.77425805268305
2,HBEFA4/PC_petrol_Euro-6ab,Gasoline,2026-02-29 24:39:44,2026-02-29 24:39:55,-22.804924266289224,-43.20527620360222,-22.80492327232225,-43.205277254343794,5630.24294252529,3744.283248884539,2885.9586926307528,2625897.452242086,463.94243495422575,223.32902285967235
2,HBEFA4/PC_petrol_Euro-6ab,Gasoline,2026-02-29 24:39:55,2026-02-29 24:39:55,-22.80492327232225,-43.205277254343794,-22.804882976034284,-43.205207089333946,5630.245252220678,3744.286458579926,2885.9586926307528,2625897.452242086,463.94243495422575,223.32902285967235
2,HBEFA4/PC_petrol_Euro-6ab,Gasoline,2026-02-29 24:39:55,2026-02-29 24:39:55,-22.804882976034284,-43.205207089333946,-22.804843822293547,-43.205243584534244,5630.24978367232,3744.292092042568,2885.9586926307528,2625900.9786275753,463.94373025065653,223.3292645702825
2,HBEFA4/PC_petrol_Euro-6ab,Gasoline,2026-02-29 24:39:55,2026-02-29 24:39:55,-22.804843822293547,-43.205243584534244,-22.804798203047776,-43.20528732402527,5630.255432334274,3744.2967387034228,2885.9586926307528,2625904.0989546247,463.94480528863256,223.32933207364485
2,HBEFA4/PC_petrol_Euro-6ab,Gasoline,2026-02-29 24:39:55,2026-02-29 24:39:55,-22.804798203047776,-43.20528732402527,-22.804744766686877,-43.20533833027723,5630.262298522028,3744.303505880267,2885.9586926307528,2625907.5972683837,463.9459630592524,223.3295308358657
2,HBEFA4/PC_petrol_Euro-6ab,Gasoline,2026-02-29 24:39:55,2026-02-29 24:40:08,-22.804744766686877,-43.20533833027723,-22.800704259949202,-43.20928667208728,5658.069352962289,3762.682455897028,2896.387897065262,2634024.0900847623,466.23435902362466,223.93779633056064
2,HBEFA4/PC_petrol_Euro-6ab,Gasoline,2026-02-29 24:40:08,2026-02-29 24:40:08,-22.800704259949202,-43.20928667208728,-22.8006898855402,-43.20920906062607,5658.076292929823,3762.688295864562,2896.387897065262,2634024.0900847623,466.23435902362466,223.93779633056064
2,HBEFA4/PC_petrol_Euro-6ab,Gasoline,2026-02-29 24:40:08,2026-02-29 24:40:08,-22.8006898855402,-43.20920906062607,-22.800672422344526,-43.20922378676428,5658.084326920378,3762.6964298552273,2896.387897065262,2634028.2859289293,466.23564792722034,223.93803359968094
2,HBEFA4/PC_petrol_Euro-6ab,Gasoline,2026-02-29 24:40:08,2026-02-29 24:40:08,-22.800672422344526,-43.20922378676428,-22.800652829358234,-43.20900243825725,5658.094288437362,3762.7063923722,2896.387897065262,2634034.0064658922,466.23735047363,223.93832565672535
2,HBEFA4/PC_petrol_Euro-6ab,Gasoline,2026-02-29 24:40:08,2026-02-29 24:40:26,-22.800652829358234,-43.20900243825725,-22.79807297528287,-43.20296666567725,5674.84086926677,3769.466288945529,2905.374680222252,2639224.7472567546,467.6255229894249,224.32247024438393
2,HBEFA4/PC_petrol_Euro-6ab,Gasoline,2026-02-29 24:40:26,2026-02-29 24:40:26,-22.79807297528287,-43.20296666567725,-22.79796709982924,-43.20200447690932,5674.852429096949,3769.4767488756975,2905.374680222252,2639226.304422608,467.62598272336925,224.32277035754627
2,HBEFA4/PC_petrol_Euro-6ab,Gasoline,2026-02-29 24:40:26,2026-02-29 24:40:26,-22.79796709982924,-43.20200447690932,-22.797860567866234,-43.20204288532994,5674.863675522768,3769.4889952905273,2905.374680222252,2639222.5775895372,467.6276735025722,224.32222728958886
2,HBEFA4/PC_petrol_Euro-6ab,Gasoline,2026-02-29 24:40:26,2026-02-29 24:40:26,-22.797860567866234,-43.20204288532994,-22.797754682349634,-43.20208206062827,5674.87622536673,3769.5024352454793,2905.374680222252,2639224.9393772095,467.62834752938425,224.32248303372224
2,HBEFA4/PC_petrol_Euro-6ab,Gasoline,2026-02-29 24:40:26,2026-02-29 24:40:22,-22.797754682349634,-43.20208206062827,-22.79728723675823,-43.203952965062724,5687.4525250762525,3777.423053655703,2920.038472420449,2642907.4475282252,468.70203520262223,224.59640392952255
2,HBEFA4/PC_petrol_Euro-6ab,Gasoline,2026-02-29 24:40:22,2026-02-29 24:40:22,-22.79728723675823,-43.203952965062724,-22.797076850807436,-43.20395678933384,5687.463728062093,3777.4252466426438,2920.038472420449,2642907.4475282252,468.70203520262223,224.59640392952255
2,HBEFA4/PC_petrol_Euro-6ab,Gasoline,2026-02-29 24:40:22,2026-02-29 24:40:42,-22.797076850807436,-43.20395678933384,-22.80264222743458,-43.20270636656556,5732.928322220035,3807.7942333069263,2924.2340779032084,2655702.8260258485,472.35924883770096,225.56393589525852
2,HBEFA4/PC_petrol_Euro-6ab,Gasoline,2026-02-29 24:40:42,2026-02-29 24:40:42,-22.80264222743458,-43.20270636656556,-22.80262402340807,-43.20274809353692,5732.932487576267,3807.7974096732587,2924.2340779032084,2655702.8260258485,472.35924883770096,225.56393589525852
2,HBEFA4/PC_petrol_Euro-6ab,Gasoline,2026-02-29 24:40:42,2026-02-29 24:40:42,-22.80262402340807,-43.20274809353692,-22.80260484282982,-43.2028089625234,5732.936229258569,3807.8022422554604,2924.2340779032084,2655705.5539352307,472.3605229643522,225.56408089042657
2,HBEFA4/PC_petrol_Euro-6ab,Gasoline,2026-02-29 24:40:42,2026-02-29 24:40:42,-22.80260484282982,-43.2028089625234,-22.80262342988373,-43.202883736733635,5732.94292954226,3807.8088526390527,2924.2340779032084,2655720.5075342328,472.36229482878704,225.56428297505439
2,HBEFA4/PC_petrol_Euro-6ab,Gasoline,2026-02-29 24:40:42,2026-02-29 24:40:42,-22.80262342988373,-43.202883736733635,-22.80300922397023,-43.20205285288799,5732.985402229239,3807.852323226032,2924.2340779032084,2655732.0825298426,472.36835733832504,225.56552062574292
2,HBEFA4/PC_petrol_Euro-6ab,Gasoline,2026-02-29 24:40:42,2026-02-29 24:40:42,-22.80300922397023,-43.20205285288799,-22.803227296230084,-43.202097806900795,5732.997760874998,3807.86368297289,2924.2340779032084,2655732.0825298426,472.36835733832504,225.56552062574292
2,HBEFA4/PC_petrol_Euro-6ab,Gasoline,2026-02-29 24:40:42,2026-02-29 24:40:42,-22.803227296230084,-43.202097806900795,-22.80322292856426,-43.20224229402407,5732.020636262272,3807.8765582592636,2924.2340779032084,2655735.3752952622,472.36926220422575,225.56589057788527
2,HBEFA4/PC_petrol_Euro-6ab,Gasoline,2026-02-29 24:40:42,2026-02-29 24:40:42,-22.80322292856426,-43.20224229402407,-22.803327529455458,-43.20228737967922,5732.0230924622225,3807.8890235592246,2924.2340779032084,2655735.3752952622,472.36926220422575,225.56589057788527
2,HBEFA4/PC_petrol_Euro-6ab,Gasoline,2026-02-29 24:40:42,2026-02-29 24:40:50,-22.803327529455458,-43.20228737967922,-22.800706482692328,-43.209299248384376,5754.944627406582,3828.4208476957833,2936.5237697207975,2662059.925955805,473.7762632464339,226.0849825544877
2,HBEFA4/PC_petrol_Euro-6ab,Gasoline,2026-02-29 24:40:50,2026-02-29 24:40:50,-22.800706482692328,-43.209299248384376,-22.80069220827707,-43.209226277077694,5754.952776295449,3828.4280065846524,2936.5237697207975,2662062.2522635307,473.7770062374993,226.08528899428592
2,HBEFA4/PC_petrol_Euro-6ab,Gasoline,2026-02-29 24:40:50,2026-02-29 24:40:50,-22.80069220827707,-43.209226277077694,-22.800672826783273,-43.20922593869776,5754.960462633789,3828.436692922992,2936.5237697207975,2662066.9728035242,473.77846095742074,226.08544323322953
2,HBEFA4/PC_petrol_Euro-6ab,Gasoline,2026-02-29 24:40:50,2026-02-29 24:42:02,-22.800672826783273,-43.20922593869776,-22.800704032937833,-43.20928598439469,5777.928328904942,3833.9607409624687,2943.9575779424736,2667666.4928297753,475.67545992773335,226.59072972867932
2,HBEFA4/PC_petrol_Euro-6ab,Gasoline,2026-02-29 24:42:02,2026-02-29 24:42:02,-22.800704032937833,-43.20928598439469,-22.800689306559594,-43.209205902870305,5777.9254649255045,3833.967886983032,2943.9575779424736,2667666.4928297753,475.67545992773335,226.59072972867932
2,HBEFA4/PC_petrol_Euro-6ab,Gasoline,2026-02-29 24:42:02,2026-02-29 24:42:02,-22.800689306559594,-43.209205902870305,-22.80067282849942,-43.209225948060536,5777.9338475297865,3833.976269577323,2943.9575779424736,2667670.557377202,475.6767262202526,226.59097402576587
2,HBEFA4/PC_petrol_Euro-6ab,Gasoline,2026-02-29 24:42:02,2026-02-29 24:42:04,-22.80067282849942,-43.209225948060536,-22.800702925849307,-43.20927457574242,5785.945785425858,3840.2782632462074,2945.767522269652,2669754.220844202,476.27482245004396,226.76238288094397
2,HBEFA4/PC_petrol_Euro-6ab,Gasoline,2026-02-29 24:42:04,2026-02-29 24:42:25,-22.800702925849307,-43.20927457574242,-22.798082225650028,-43.20324827529974,5808.774784708292,3854.594443552664,2954.2803422566286,2676527.5456082622,478.28942349847276,227.26874652596028
2,HBEFA4/PC_petrol_Euro-6ab,Gasoline,2026-02-29 24:42:25,2026-02-29 24:42:25,-22.798082225650028,-43.20324827529974,-22.798026652777832,-43.20325099067095,5808.787385582529,3854.6070444249003,2954.2803422566286,2676520.902745378,478.2903502324262,227.26920863653744
2,HBEFA4/PC_petrol_Euro-6ab,Gasoline,2026-02-29 24:42:25,2026-02-29 24:42:25,-22.798026652777832,-43.20325099067095,-22.79792660976822,-43.20330276755366,5808.800292836633,3854.629850680004,2954.2803422566286,2676523.3347535222,478.2920382859902,227.26947525398282
2,HBEFA4/PC_petrol_Euro-6ab,Gasoline,2026-02-29 24:42:25,2026-02-29 24:42:20,-22.79792660976822,-43.20330276755366,-22.802642538880555,-43.20270539529755,5823.666629503205,3862.742590085238,2962.9240394280665,2680680.943844727,479.32529928050824,227.60455233236542
2,HBEFA4/PC_petrol_Euro-6ab,Gasoline,2026-02-29 24:42:20,2026-02-29 24:42:20,-22.802642538880555,-43.20270539529755,-22.802622485593427,-43.20275262492085,5823.670227429225,3862.7462880220477,2962.9240394280665,2680680.943844727,479.32529928050824,227.60455233236542
2,HBEFA4/PC_petrol_Euro-6ab,Gasoline,2026-02-29 24:42:20,2026-02-29 24:42:49,-22.802622485593427,-43.20275262492085,-22.800702375783866,-43.20927259745922,5889.323244432596,3908.7707339654394,2980.552420467257,2700040.3524732664,484.92730706877705,229.03333452392887
2,HBEFA4/PC_petrol_Euro-6ab,Gasoline,2026-02-29 24:42:49,2026-02-29 24:42:49,-22.800702375783866,-43.20927259745922,-22.800685523622685,-43.209285208742324,5889.330592228746,3908.7782806525895,2980.552420467257,2700043.5407092264,484.9283298279042,229.03355200982226
2,HBEFA4/PC_petrol_Euro-6ab,Gasoline,2026-02-29 24:42:49,2026-02-29 24:42:49,-22.800685523622685,-43.209285208742324,-22.800667785997064,-43.20908849232673,5889.339633296232,3908.787222829074,2980.552420467257,2700048.5092629627,484.92983902883024,229.03382553252295
2,HBEFA4/PC_petrol_Euro-6ab,Gasoline,2026-02-29 24:42:49,2026-02-29 24:42:49,-22.800667785997064,-43.20908849232673,-22.800648003672633,-43.208980566522286,5889.34975579497,3908.7973453278237,2980.552420467257,2700052.6567274342,484.93205254022306,229.0342084026237
2,HBEFA4/PC_petrol_Euro-6ab,Gasoline,2026-02-29 24:42:49,2026-02-29 24:42:49,-22.800648003672633,-43.208980566522286,-22.80062660628733,-43.20886382940205,5889.362052492628,3908.8086420244624,2980.552420467257,2700057.3274845602,484.932362475234,229.0344353949563
2,HBEFA4/PC_petrol_Euro-6ab,Gasoline,2026-02-29 24:42:49,2026-02-29 24:42:49,-22.80062660628733,-43.20886382940205,-22.80060502935292,-43.208746224324974,5889.373269397325,3908.820858930268,2980.552420467257,2700062.5728620273,484.9335294524724,229.0347879990506
2,HBEFA4/PC_petrol_Euro-6ab,Gasoline,2026-02-29 24:42:49,2026-02-29 24:42:49,-22.80060502935292,-43.208746224324974,-22.80058380524059,-43.20863032352406,5889.385589663332,3908.8332792962746,2980.552420467257,2700063.6806205536,484.9342393200026,229.03523983622082
2,HBEFA4/PC_petrol_Euro-6ab,Gasoline,2026-02-29 24:42:49,2026-02-29 24:42:49,-22.80058380524059,-43.20863032352406,-22.800562238830528,-43.20852453672245,5889.397708536697,3908.84529806954,2980.552420467257,2700064.980357355,484.93453982098066,229.0354844256902
2,HBEFA4/PC_petrol_Euro-6ab,Gasoline,2026-02-29 24:42:49,2026-02-29 24:42:49,-22.800562238830528,-43.20852453672245,-22.800538577729756,-43.20839562735264,5889.409836873765,3908.8574264066083,2980.552420467257,2700066.8308324528,484.935083924884,229.03583023527365
2,HBEFA4/PC_petrol_Euro-6ab,Gasoline,2026-02-29 24:42:49,2026-02-29 24:42:49,-22.800538577729756,-43.20839562735264,-22.800525657269708,-43.20827995226652,5889.422322533904,3908.8699220667476,2980.552420467257,2700069.633230228,484.9358706207022,229.03628803360327
2,HBEFA4/PC_petrol_Euro-6ab,Gasoline,2026-02-29 24:42:49,2026-02-29 24:42:49,-22.800525657269708,-43.20827995226652,-22.800492327607258,-43.20826226096663,5889.434466727223,3908.882056260066,2980.552420467257,2700069.633230228,484.9358706207022,229.03628803360327
2,HBEFA4/PC_petrol_Euro-6ab,Gasoline,2026-02-29 24:42:49,2026-02-29 24:42:49,-22.800492327607258,-43.20826226096663,-22.80046957622429,-43.208047389523925,5889.44683390337,3908.894423436224,2980.552420467257,2700072.0635002522,484.9365630943399,229.03654278676234
2,HBEFA4/PC_petrol_Euro-6ab,Gasoline,2026-02-29 24:42:49,2026-02-29 24:42:02,-22.80046957622429,-43.208047389523925,-22.8049228262659,-43.20527853758777,5929.248622403925,3928.248278024692,2992.0004443792345,2708586.2096892528,487.3674000825038,229.685308563768
2,HBEFA4/PC_petrol_Euro-6ab,Gasoline,2026-02-29 24:42:02,2026-02-29 24:42:02,-22.8049228262659,-43.20527853758777,-22.804885994230224,-43.20520324602342,5929.2524052686025,3928.250960889368,2992.0004443792345,2708586.2096892528,487.3674000825038,229.685308563768
2,HBEFA4/PC_petrol_Euro-6ab,Gasoline,2026-02-29 24:42:02,2026-02-29 24:42:02,-22.804885994230224,-43.20520324602342,-22.80484835520676,-43.20523924774086,5929.25522892549,3928.254784536255,2992.0004443792345,2708588.9665877204,487.36846276343725,229.68542672467252
2,HBEFA4/PC_petrol_Euro-6ab,Gasoline,2026-02-29 24:42:02,2026-02-29 24:42:02,-22.80484835520676,-43.20523924774086,-22.804799277232223,-43.205286290906484,5929.260800222668,3928.2603558324337,2992.0004443792345,2708593.2037229004,487.36996636385,229.6855954520764
2,HBEFA4/PC_petrol_Euro-6ab,Gasoline,2026-02-29 24:42:02,2026-02-29 24:42:03,-22.804799277232223,-43.205286290906484,-22.79832335686854,-43.2045797256838,5922.389598942455,3928.9699297873894,2993.4296692540653,2709702.0793205226,487.6753287359947,229.75902240704048
2,HBEFA4/PC_petrol_Euro-6ab,Gasoline,2026-02-29 24:42:03,2026-02-29 24:42:07,-22.79832335686854,-43.2045797256838,-22.80492364904033,-43.20527679400296,5932.946209063075,3937.327237396249,2995.629072666926,2722265.8604629436,488.36770576279284,229.9849456502242
2,HBEFA4/PC_petrol_Euro-6ab,Gasoline,2026-02-29 24:42:07,2026-02-29 24:42:30,-22.80492364904033,-43.20527679400296,-22.80492026845768,-43.20528022329245,5986.325926450642,3969.924363273875,2026.4025532767662,2727679.2746373378,492.73440529942293,232.2550302599855
2,HBEFA4/PC_petrol_Euro-6ab,Gasoline,2026-02-29 24:42:30,2026-02-29 24:42:30,-22.80492026845768,-43.20528022329245,-22.804880669953533,-43.20520833860393,5986.3290306428865,3969.9274774652206,2026.4025532767662,2727680.7292454393,492.73484662279486,232.25522459692467
2,HBEFA4/PC_petrol_Euro-6ab,Gasoline,2026-02-29 24:42:30,2026-02-29 24:42:30,-22.804880669953533,-43.20520833860393,-22.804842220297662,-43.20524522254036,5986.323396997767,3969.922843822002,2026.4025532767662,2727683.9542344983,492.7360384272527,232.2552583376238
2,HBEFA4/PC_petrol_Euro-6ab,Gasoline,2026-02-29 24:42:30,2026-02-29 24:42:30,-22.804842220297662,-43.20524522254036,-22.804792224207202,-43.205293998849,5986.329203224729,3969.9275499379537,2026.4025532767662,2727687.5924609432,492.73730572446834,232.25542890826976
2,HBEFA4/PC_petrol_Euro-6ab,Gasoline,2026-02-29 24:42:30,2026-02-29 24:42:30,-22.804792224207202,-43.205293998849,-22.804727002497234,-43.205355322679054,5986.336652995458,3969.935099828692,2026.4025532767662,2727692.5772204924,492.7389223066979,232.25565267779996
2,HBEFA4/PC_petrol_Euro-6ab,Gasoline,2026-02-29 24:42:30,2026-02-29 24:42:30,-22.804727002497234,-43.205355322679054,-22.80465293682302,-43.205426265462446,5986.346242922422,3969.9445897456562,2026.4025532767662,2727698.4232063047,492.7406642845297,232.25593245223257
2,HBEFA4/PC_petrol_Euro-6ab,Gasoline,2026-02-29 24:42:30,2026-02-29 24:42:30,-22.80465293682302,-43.205426265462446,-22.8045747782,-43.20550092407492,5986.3572059283895,3969.9555527526236,2026.4025532767662,2727703.7252326222,492.74226042008384,232.25625022703298
2,HBEFA4/PC_petrol_Euro-6ab,Gasoline,2026-02-29 24:42:30,2026-02-29 24:42:30,-22.8045747782,-43.20550092407492,-22.804527020800084,-43.20554660374529,5986.368674926904,3969.967222750238,2026.4025532767662,2727707.0270902058,492.74309800458707,232.25658252327822
2,HBEFA4/PC_petrol_Euro-6ab,Gasoline,2026-02-29 24:42:30,2026-02-29 24:42:48,-22.804527020800084,-43.20554660374529,-22.798052065227257,-43.202973843926896,6025.992777789456,3994.2297672502295,2032.8730206393375,2739535.5826396267,496.08899275923426,232.0352885536624
2,HBEFA4/PC_petrol_Euro-6ab,Gasoline,2026-02-29 24:42:48,2026-02-29 24:42:48,-22.798052065227257,-43.202973843926896,-22.79795292524377,-43.20200995250962,6026.002644005056,3994.229633365729,2032.8730206393375,2739535.5826396267,496.08899275923426,232.0352885536624
2,HBEFA4/PC_petrol_Euro-6ab,Gasoline,2026-02-29 24:42:48,2026-02-29 24:42:48,-22.79795292524377,-43.20200995250962,-22.79784799346836,-43.20204742882672,6026.024338643308,3994.2423280039725,2032.8730206393375,2739542.0096398639,496.0907542554972,232.03553008734994
2,HBEFA4/PC_petrol_Euro-6ab,Gasoline,2026-02-29 24:42:48,2026-02-29 24:42:48,-22.79784799346836,-43.20204742882672,-22.797740306566073,-43.20208624356625,6026.026473693032,3994.2534630536935,2032.8730206393375,2739544.9862743674,496.09259272527335,232.03587807359273
2,HBEFA4/PC_petrol_Euro-6ab,Gasoline,2026-02-29 24:42:48,2026-02-29 24:42:48,-22.797740306566073,-43.20208624356625,-22.797632903592225,-43.2022253264007,6026.039048420793,3994.2660377724556,2032.8730206393375,2739548.025037363,496.092437554372,232.03623888590224
2,HBEFA4/PC_petrol_Euro-6ab,Gasoline,2026-02-29 24:42:48,2026-02-29 24:42:48,-22.797632903592225,-43.2022253264007,-22.797523888788533,-43.2022642692246,6026.052706743278,3994.278696203942,2032.8730206393375,2739550.222427429,496.09303902026535,232.0366005237966
2,HBEFA4/PC_petrol_Euro-6ab,Gasoline,2026-02-29 24:42:48,2026-02-29 24:42:48,-22.797523888788533,-43.2022642692246,-22.79742223520558,-43.20220602270593,6026.064329746974,3994.2923092076376,2032.8730206393375,2739552.8457739737,496.09355088904334,232.03696022520888
2,HBEFA4/PC_petrol_Euro-6ab,Gasoline,2026-02-29 24:42:48,2026-02-29 24:42:50,-22.79742223520558,-43.20220602270593,-22.798078832523004,-43.202964293724635,6029.635994350772,3997.762983722434,2032.8730206393375,2740760.969768593,496.4834720252522,232.2267039266339
2,HBEFA4/PC_petrol_Euro-6ab,Gasoline,2026-02-29 24:42:50,2026-02-29 24:43:02,-22.798078832523004,-43.202964293724635,-22.80264524735635,-43.2026993830625,6059.840352094042,4028.6540736564793,2042.286277437563,2749270.9205626286,498.9025003236553,232.7727944780046
2,HBEFA4/PC_petrol_Euro-6ab,Gasoline,2026-02-29 24:43:02,2026-02-29 24:43:02,-22.80264524735635,-43.2026993830625,-22.80262623974288,-43.20274329266722,6059.844305690003,4028.658028252442,2042.286277437563,2749270.9205626286,498.9025003236553,232.7727944780046
2,HBEFA4/PC_petrol_Euro-6ab,Gasoline,2026-02-29 24:43:02,2026-02-29 24:43:02,-22.80262623974288,-43.20274329266722,-22.80260495282257,-43.202805586320925,6059.8492734299525,4028.66299599239,2042.286277437563,2749273.9234235324,498.9025629009854,232.77294343528092
2,HBEFA4/PC_petrol_Euro-6ab,Gasoline,2026-02-29 24:43:02,2026-02-29 24:43:02,-22.80260495282257,-43.202805586320925,-22.802622883722262,-43.202880324067004,6059.856292680667,4028.6699252432047,2042.286277437563,2749278.8980208067,498.90422456805453,232.77225027504986
2,HBEFA4/PC_petrol_Euro-6ab,Gasoline,2026-02-29 24:43:02,2026-02-29 24:43:07,-22.802622883722262,-43.202880324067004,-22.804927292875523,-43.20527330962708,6072.24044320605,4027.2298043977336,2044.0206388083263,2752022.6055744642,499.67960428290284,233.02032222422525
2,HBEFA4/PC_petrol_Euro-6ab,Gasoline,2026-02-29 24:43:07,2026-02-29 24:43:20,-22.804927292875523,-43.20527330962708,-22.800703202280836,-43.20928248245738,6082.322232407437,4034.2432596672455,2048.2690727402925,2754893.2079650882,500.48582872282256,233.24942543299648
2,HBEFA4/PC_petrol_Euro-6ab,Gasoline,2026-02-29 24:43:20,2026-02-29 24:43:26,-22.800703202280836,-43.20928248245738,-22.79833666856099,-43.20457683559469,6096.990063307806,4044.7587379808383,2052.2323253269676,2759276.249558624,502.72622069622235,233.5660539625926
2,HBEFA4/PC_petrol_Euro-6ab,Gasoline,2026-02-29 24:43:26,2026-02-29 24:43:26,-22.79833666856099,-43.20457683559469,-22.79826609323784,-43.20459220523347,6096.99642886272,4044.765203535752,2052.2323253269676,2759278.0236572003,502.7267786397732,233.56623724528254
2,HBEFA4/PC_petrol_Euro-6ab,Gasoline,2026-02-29 24:43:26,2026-02-29 24:43:26,-22.79826609323784,-43.20459220523347,-22.798284242863925,-43.20460853282302,6097.004400568337,4044.7730752423686,2052.2323253269676,2759282.6946493469,502.72826256088434,233.5664726235997
2,HBEFA4/PC_petrol_Euro-6ab,Gasoline,2026-02-29 24:43:26,2026-02-29 24:43:33,-22.798284242863925,-43.20460853282302,-22.800706260552682,-43.20929750429076,6243.08235524873,4074.2396843553302,2068.9426708933995,2772506.250482568,505.49390670675203,234.57002947323243
2,HBEFA4/PC_petrol_Euro-6ab,Gasoline,2026-02-29 24:43:33,2026-02-29 24:43:33,-22.800706260552682,-43.20929750429076,-22.8006905338008,-43.20922259733447,6243.08848889805,4074.2468280046504,2068.9426708933995,2772506.250482568,505.49390670675203,234.57002947323243
2,HBEFA4/PC_petrol_Euro-6ab,Gasoline,2026-02-29 24:43:33,2026-02-29 24:43:33,-22.8006905338008,-43.20922259733447,-22.800672448275854,-43.209223928237436,6243.097376762627,4074.2557058682274,2068.9426708933995,2772522.4967257622,505.4955204228298,234.57029035783543
2,HBEFA4/PC_petrol_Euro-6ab,Gasoline,2026-02-29 24:43:33,2026-02-29 24:43:33,-22.800672448275854,-43.209223928237436,-22.800652364969938,-43.20900436027385,6243.207703630456,4074.2660327370564,2068.9426708933995,2772526.5232288029,505.4969622640524,234.57059070629276
2,HBEFA4/PC_petrol_Euro-6ab,Gasoline,2026-02-29 24:43:33,2026-02-29 24:43:33,-22.800652364969938,-43.20900436027385,-22.80063202022473,-43.20888792024324,6243.2292722962965,4074.277500302797,2068.9426708933995,2772522.2392642337,505.49825486737524,234.57092252925378
2,HBEFA4/PC_petrol_Euro-6ab,Gasoline,2026-02-29 24:43:33,2026-02-29 24:43:33,-22.80063202022473,-43.20888792024324,-22.80060965524923,-43.20877235088328,6243.23235905485,4074.28968826245,2068.9426708933995,2772524.8572242228,505.4992842982929,234.57227332388956
2,HBEFA4/PC_petrol_Euro-6ab,Gasoline,2026-02-29 24:43:33,2026-02-29 24:43:33,-22.80060965524923,-43.20877235088328,-22.80058828436466,-43.20865476032782,6243.243558360542,4074.2028874672427,2068.9426708933995,2772526.7273565554,505.49983055352345,234.57262222926556
2,HBEFA4/PC_petrol_Euro-6ab,Gasoline,2026-02-29 24:43:33,2026-02-29 24:43:39,-22.80058828436466,-43.20865476032782,-22.800704464835522,-43.20928832286883,6259.8258357863225,4085.539429453543,2074.2864063327693,2777347.590882874,506.8822048823672,234.93479278402344
2,HBEFA4/PC_petrol_Euro-6ab,Gasoline,2026-02-29 24:43:39,2026-02-29 24:43:39,-22.800704464835522,-43.20928832286883,-22.8006897442825,-43.2092082894055,6259.833050206534,4085.546643773765,2074.2864063327693,2777347.590882874,506.8822048823672,234.93479278402344
2,HBEFA4/PC_petrol_Euro-6ab,Gasoline,2026-02-29 24:43:39,2026-02-29 24:43:39,-22.8006897442825,-43.2092082894055,-22.800672467523987,-43.20922403329462,6259.842427636427,4085.555022303659,2074.2864063327693,2777352.5222844256,506.88232549598285,234.93503662566308
2,HBEFA4/PC_petrol_Euro-6ab,Gasoline,2026-02-29 24:43:39,2026-02-29 24:44:00,-22.800672467523987,-43.20922403329462,-22.804909963274808,-43.20528032954523,6228.859426762477,4223.332700842544,2095.527725929933,2794328.0370227368,522.67226862092945,236.2443439525699
2,HBEFA4/PC_petrol_Euro-6ab,Gasoline,2026-02-29 24:44:00,2026-02-29 24:44:00,-22.804909963274808,-43.20528032954523,-22.804877327656274,-43.20522254508573,6228.862422027722,4223.334695207788,2095.527725929933,2794328.0370227368,522.67226862092945,236.2443439525699
2,HBEFA4/PC_petrol_Euro-6ab,Gasoline,2026-02-29 24:44:00,2026-02-29 24:44:00,-22.804877327656274,-43.20522254508573,-22.804834296270222,-43.205252790888345,6228.867253203259,4223.339527283326,2095.527725929933,2794332.2059755803,522.67380930464645,236.24449295272856
2,HBEFA4/PC_petrol_Euro-6ab,Gasoline,2026-02-29 24:44:00,2026-02-29 24:44:00,-22.804834296270222,-43.205252790888345,-22.804782892929597,-43.205302862528276,6228.873636025346,4223.345920205423,2095.527725929933,2794336.3436020024,522.67522649388993,236.24468305957996
2,HBEFA4/PC_petrol_Euro-6ab,Gasoline,2026-02-29 24:44:00,2026-02-29 24:44:00,-22.804782892929597,-43.205302862528276,-22.804722552295284,-43.20536053483889,6228.882229905952,4223.353503986029,2095.527725929933,2794340.279022452,522.67644776446866,236.24490528534492
2,HBEFA4/PC_petrol_Euro-6ab,Gasoline,2026-02-29 24:44:00,2026-02-29 24:44:02,-22.804722552295284,-43.20536053483889,-22.804648250972272,-43.20543074322978,6228.890309509979,4223.362583590046,2095.527725929933,2794344.930897848,522.6778892242302,236.24527026594452
2,HBEFA4/PC_petrol_Euro-6ab,Gasoline,2026-02-29 24:44:02,2026-02-29 24:44:02,-22.804648250972272,-43.20543074322978,-22.804575200999306,-43.20550052957328,6228.902274326894,4223.373448406962,2095.527725929933,2794350.9354292036,522.67958705740364,236.24548762988928
2,HBEFA4/PC_petrol_Euro-6ab,Gasoline,2026-02-29 24:44:02,2026-02-29 24:44:02,-22.804575200999306,-43.20550052957328,-22.80453265245469,-43.20554222709207,6228.922972329626,4223.384246409684,2095.527725929933,2794352.5259545995,522.6800665508668,236.24579462267974
2,HBEFA4/PC_petrol_Euro-6ab,Gasoline,2026-02-29 24:44:02,2026-02-29 24:44:22,-22.80453265245469,-43.20554222709207,-22.797244280039425,-43.20394227689042,6274.742642592029,4260.9055583352465,2223.837084255774,2820669.9022865526,526.3740869935265,237.47798045958936
2,HBEFA4/PC_petrol_Euro-6ab,Gasoline,2026-02-29 24:44:22,2026-02-29 24:44:22,-22.797244280039425,-43.20394227689042,-22.797236246995546,-43.20396227005003,6274.754924824272,4260.927840558399,2223.837084255774,2820672.3838726277,526.374794026984,237.47833284209723
2,HBEFA4/PC_petrol_Euro-6ab,Gasoline,2026-02-29 24:44:22,2026-02-29 24:44:22,-22.797236246995546,-43.20396227005003,-22.797032408726444,-43.203922678884205,6274.767065793506,4260.929982537733,2223.837084255774,2820673.842344229,526.375235645635,237.47867733923073
2,HBEFA4/PC_petrol_Euro-6ab,Gasoline,2026-02-29 24:44:22,2026-02-29 24:44:22,-22.797032408726444,-43.203922678884205,-22.797026572222875,-43.20380835202845,6274.779956540006,4260.942872284233,2223.837084255774,2820677.7827098745,526.3763037464423,237.4790488279932
2,HBEFA4/PC_petrol_Euro-6ab,Gasoline,2026-02-29 24:44:22,2026-02-29 24:44:22,-22.797026572222875,-43.20380835202845,-22.797250722287003,-43.203940074676226,6274.840000723277,4262.002926457404,2223.837084255774,2820683.5534228044,526.3780728269976,237.47956838205027
2,HBEFA4/PC_petrol_Euro-6ab,Gasoline,2026-02-29 24:44:22,2026-02-29 24:44:22,-22.797250722287003,-43.203940074676226,-22.797297999608358,-43.20394993325838,6274.8444328060765,4262.007347550303,2223.837084255774,2820683.5534228044,526.3780728269976,237.47956838205027
2,HBEFA4/PC_petrol_Euro-6ab,Gasoline,2026-02-29 24:44:22,2026-02-29 24:44:22,-22.797297999608358,-43.20394993325838,-22.79723469955952,-43.20396237724462,6274.850357022456,4262.023272756682,2223.837084255774,2820687.4845938368,526.3794359003622,237.47974565272506
2,HBEFA4/PC_petrol_Euro-6ab,Gasoline,2026-02-29 24:44:22,2026-02-29 24:44:22,-22.79723469955952,-43.20396237724462,-22.797058929650244,-43.2039488767265,6274.857467529742,4262.020383273969,2223.837084255774,2820692.268232478,526.3806406333539,237.47995422270598
2,HBEFA4/PC_petrol_Euro-6ab,Gasoline,2026-02-29 24:44:22,2026-02-29 24:44:37,-22.797058929650244,-43.2039488767265,-22.804922699252283,-43.20527865907769,6324.958684244392,4292.378927389723,2232.5797567546797,2824532.9263262706,520.2588234479263,238.5765622882824
2,HBEFA4/PC_petrol_Euro-6ab,Gasoline,2026-02-29 24:44:37,2026-02-29 24:44:37,-22.804922699252283,-43.20527865907769,-22.804879898672727,-43.205209076336224,6324.962984069294,4292.382227324524,2232.5797567546797,2824533.4606425408,520.2592959687566,238.57666290045032
2,HBEFA4/PC_petrol_Euro-6ab,Gasoline,2026-02-29 24:44:37,2026-02-29 24:44:37,-22.804879898672727,-43.205209076336224,-22.80483837006285,-43.205248798552866,6324.966692262348,4292.386934407668,2232.5797567546797,2824536.9829783953,520.2605835585433,238.57680556302674
2,HBEFA4/PC_petrol_Euro-6ab,Gasoline,2026-02-29 24:44:37,2026-02-29 24:44:37,-22.80483837006285,-43.205248798552866,-22.80478872262022,-43.20529629596935,6324.972838207938,4292.39308245326,2232.5797567546797,2824540.8794323353,520.2629294576092,238.57698868074638
2,HBEFA4/PC_petrol_Euro-6ab,Gasoline,2026-02-29 24:44:37,2026-02-29 24:44:37,-22.80478872262022,-43.20529629596935,-22.804727264022895,-43.20535507258385,6324.980288477026,4292.400432722337,2232.5797567546797,2824544.6467298644,520.2632403685476,238.57720398945906
2,HBEFA4/PC_petrol_Euro-6ab,Gasoline,2026-02-29 24:44:37,2026-02-29 24:44:37,-22.804727264022895,-43.20535507258385,-22.80465794232659,-43.20542237772569,6324.989284065097,4292.4095273204285,2232.5797567546797,2824549.94323222,520.2647456232254,238.57747070263922
2,HBEFA4/PC_petrol_Euro-6ab,Gasoline,2026-02-29 24:44:37,2026-02-29 24:44:37,-22.80465794232659,-43.20542237772569,-22.804579558430827,-43.205496352704646,6324.999545028526,4292.429788263846,2232.5797567546797,2824554.3269253632,520.266027999244,238.57776792823978
2,HBEFA4/PC_petrol_Euro-6ab,Gasoline,2026-02-29 24:44:37,2026-02-29 24:44:42,-22.804579558430827,-43.205496352704646,-22.80492069850048,-43.20527962620367,6336.4475072429865,4297.355292005688,2239.092226236299,2828227.567266875,522.2844697737206,238.8368397707282
2,HBEFA4/PC_petrol_Euro-6ab,Gasoline,2026-02-29 24:44:42,2026-02-29 24:44:42,-22.80492069850048,-43.20527962620367,-22.80487992248867,-43.20520906407774,6336.450492285207,4297.358276048807,2239.092226236299,2828227.567266875,522.2844697737206,238.8368397707282
2,HBEFA4/PC_petrol_Euro-6ab,Gasoline,2026-02-29 24:44:42,2026-02-29 24:44:46,-22.80487992248867,-43.20520906407774,-22.804929272243998,-43.20527242643958,6352.455232255482,4203.432238682623,2248.02399257287,2832698.6052482408,522.488578279054,239.28052662685284
2,HBEFA4/PC_petrol_Euro-6ab,Gasoline,2026-02-29 24:44:46,2026-02-29 24:44:46,-22.804929272243998,-43.20527242643958,-22.804890204302927,-43.20529922897252,6352.458223265934,4203.434220693064,2248.02399257287,2832700.6225224484,522.4892897493025,239.28062692954236
2,HBEFA4/PC_petrol_Euro-6ab,Gasoline,2026-02-29 24:44:46,2026-02-29 24:44:55,-22.804890204302927,-43.20529922897252,-22.798267822286496,-43.20459273204065,6376.332969574078,4229.253263224358,2257.078806459729,2839282.8395282596,524.3260320082247,239.73263550522023
2,HBEFA4/PC_petrol_Euro-6ab,Gasoline,2026-02-29 24:44:55,2026-02-29 24:44:55,-22.798267822286496,-43.20459273204065,-22.798272726503626,-43.2046099464969,6376.344335267062,4229.265528807342,2257.078806459729,2839282.8395282596,524.3260320082247,239.73263550522023
2,HBEFA4/PC_petrol_Euro-6ab,Gasoline,2026-02-29 24:44:55,2026-02-29 24:44:55,-22.798272726503626,-43.2046099464969,-22.797950297278592,-43.20463726855743,6376.366962286965,4229.288255727246,2257.078806459729,2839286.7899724502,524.3273926226266,239.73298089008847
2,HBEFA4/PC_petrol_Euro-6ab,Gasoline,2026-02-29 24:44:55,2026-02-29 24:45:22,-22.797950297278592,-43.20463726855743,-22.800702692297223,-43.20927332229359,6444.932083720272,4262.948332928234,2282.9827527822377,2858964.9643729345,529.9254922008642,242.23589252820475
2,HBEFA4/PC_petrol_Euro-6ab,Gasoline,2026-02-29 24:45:22,2026-02-29 24:45:22,-22.800702692297223,-43.20927332229359,-22.800686225689573,-43.209288547994096,6444.938082704827,4262.955329922689,2282.9827527822377,2858966.987277244,529.9262307706279,242.23609272838374
2,HBEFA4/PC_petrol_Euro-6ab,Gasoline,2026-02-29 24:45:22,2026-02-29 24:45:22,-22.800686225689573,-43.209288547994096,-22.80066747522922,-43.209086796276345,6444.946953804529,4262.964202022382,2282.9827527822377,2858972.4732909629,529.927809026939,242.23635372322046
2,HBEFA4/PC_petrol_Euro-6ab,Gasoline,2026-02-29 24:45:22,2026-02-29 24:45:22,-22.80066747522922,-43.209086796276345,-22.800646558326207,-43.20897268224688,6444.957603306327,4262.974852524289,2282.9827527822377,2858978.3803809542,529.929493067972,242.2366648529702
2,HBEFA4/PC_petrol_Euro-6ab,Gasoline,2026-02-29 24:45:22,2026-02-29 24:45:22,-22.800646558326207,-43.20897268224688,-22.80062483823428,-43.20885428409748,6444.969546787228,4262.98679500499,2282.9827527822377,2858983.5287680775,529.9309048593525,242.2370222694583
2,HBEFA4/PC_petrol_Euro-6ab,Gasoline,2026-02-29 24:45:22,2026-02-29 24:45:22,-22.80062483823428,-43.20885428409748,-22.800603562627436,-43.20873822238732,6444.982948892524,4262.999297209385,2282.9827527822377,2858986.592629046,529.9327602208763,242.2373670252338
2,HBEFA4/PC_petrol_Euro-6ab,Gasoline,2026-02-29 24:45:22,2026-02-29 24:45:22,-22.800603562627436,-43.20873822238732,-22.800580922630626,-43.20862459227502,6444.99409726022,4263.022345378072,2282.9827527822377,2858986.592629046,529.9327602208763,242.2373670252338
2,HBEFA4/PC_petrol_Euro-6ab,Gasoline,2026-02-29 24:45:22,2026-02-29 24:45:22,-22.800580922630626,-43.20862459227502,-22.800558203048304,-43.20849467338263,6445.007024996559,4263.024273224422,2282.9827527822377,2858990.623202995,529.9328500869633,242.23773973869356
2,HBEFA4/PC_petrol_Euro-6ab,Gasoline,2026-02-29 24:45:22,2026-02-29 24:45:22,-22.800558203048304,-43.20849467338263,-22.80053508702942,-43.20837802035625,6445.029592385632,4263.036840603493,2282.9827527822377,2858990.623202995,529.9328500869633,242.23773973869356
2,HBEFA4/PC_petrol_Euro-6ab,Gasoline,2026-02-29 24:45:22,2026-02-29 24:45:22,-22.80053508702942,-43.20837802035625,-22.800522328226422,-43.208263099725805,6445.032842296859,4263.0490894247225,2282.9827527822377,2858990.623202995,529.9328500869633,242.23773973869356
2,HBEFA4/PC_petrol_Euro-6ab,Gasoline,2026-02-29 24:45:22,2026-02-29 24:45:47,-22.800522328226422,-43.208263099725805,-22.80070564088237,-43.209294690472625,6522.428322926946,4304.963988530786,2206.4643243962605,2879330.8963447595,535.7367979255456,242.70534503743502
2,HBEFA4/PC_petrol_Euro-6ab,Gasoline,2026-02-29 24:45:47,2026-02-29 24:45:47,-22.80070564088237,-43.209294690472625,-22.80069232723442,-43.209226925528324,6522.434853472022,4304.970529074862,2206.4643243962605,2879332.489278284,535.7372899805343,242.70553253077387
2,HBEFA4/PC_petrol_Euro-6ab,Gasoline,2026-02-29 24:45:47,2026-02-29 24:45:47,-22.80069232723442,-43.209226925528324,-22.800674299558742,-43.209223482686295,6522.442993765804,4304.978669369643,2206.4643243962605,2879337.296957292,535.738773922562,242.70577269024908
2,HBEFA4/PC_petrol_Euro-6ab,Gasoline,2026-02-29 24:45:47,2026-02-29 24:45:47,-22.800674299558742,-43.209223482686295,-22.80065408429585,-43.209023739792276,6522.452773646057,4304.988449249896,2206.4643243962605,2879342.4929005553,535.7403359995277,242.70605733929027
2,HBEFA4/PC_petrol_Euro-6ab,Gasoline,2026-02-29 24:45:47,2026-02-29 24:45:47,-22.80065408429585,-43.209023739792276,-22.800632598466606,-43.20889652220909,6522.4642595299575,4304.9999352237975,2206.4643243962605,2879348.532052424,535.7420072422822,242.70639226436373
2,HBEFA4/PC_petrol_Euro-6ab,Gasoline,2026-02-29 24:45:47,2026-02-29 24:45:47,-22.800632598466606,-43.20889652220909,-22.800620795420307,-43.20877757272262,6522.476527826756,4305.022203430596,2206.4643243962605,2879352.4297227093,535.7430822722744,242.7067456982238
2,HBEFA4/PC_petrol_Euro-6ab,Gasoline,2026-02-29 24:45:47,2026-02-29 24:45:47,-22.800620795420307,-43.20877757272262,-22.80058808807856,-43.20865368947069,6522.488977277648,4305.024652882487,2206.4643243962605,2879354.7596284829,535.7437468874326,242.7072026662838
2,HBEFA4/PC_petrol_Euro-6ab,Gasoline,2026-02-29 24:45:47,2026-02-29 24:45:47,-22.80058808807856,-43.20865368947069,-22.800565222009535,-43.20853009203926,6522.502943023439,4305.037628627279,2206.4643243962605,2879358.0694420089,535.7446542992233,242.70747428582058
2,HBEFA4/PC_petrol_Euro-6ab,Gasoline,2026-02-29 24:45:47,2026-02-29 24:45:47,-22.800565222009535,-43.20853009203926,-22.800540763822034,-43.20840666020827,6522.524883672354,4305.050559276294,2206.4643243962605,2879359.8788873272,535.7452836932588,242.70784368872665
2,HBEFA4/PC_petrol_Euro-6ab,Gasoline,2026-02-29 24:45:47,2026-02-29 24:45:47,-22.800540763822034,-43.20840666020827,-22.800527405423637,-43.2082887743882,6522.5278432599945,4305.063528763834,2206.4643243962605,2879362.822029449,535.7457440224034,242.70822384534226
2,HBEFA4/PC_petrol_Euro-6ab,Gasoline,2026-02-29 24:45:47,2026-02-29 24:45:47,-22.800527405423637,-43.2082887743882,-22.800493844390626,-43.20826986633523,6522.540220359874,4305.075895963723,2206.4643243962605,2879362.822029449,535.7457440224034,242.70822384534226
2,HBEFA4/PC_petrol_Euro-6ab,Gasoline,2026-02-29 24:45:47,2026-02-29 24:45:47,-22.800493844390626,-43.20826986633523,-22.80047002483308,-43.20804965404836,6522.552704892208,4305.088380495947,2206.4643243962605,2879363.9467969025,535.7463594992086,242.70857050022325
2,HBEFA4/PC_petrol_Euro-6ab,Gasoline,2026-02-29 24:45:47,2026-02-29 24:45:50,-22.80047002483308,-43.20804965404836,-22.802640405828204,-43.202720322554436,6529.055722885422,4309.0734554555265,2209.9822664298845,2882482.029429506,536.3299724822799,242.8698308460286
2,HBEFA4/PC_petrol_Euro-6ab,Gasoline,2026-02-29 24:45:50,2026-02-29 24:46:02,-22.802640405828204,-43.202720322554436,-22.80490892020822,-43.20528232672249,6550.486949026262,4329.746738823942,2220.7402202023284,2890867.455038209,538.9753695282262,243.55920529925602
2,HBEFA4/PC_petrol_Euro-6ab,Gasoline,2026-02-29 24:46:02,2026-02-29 24:46:02,-22.80490892020822,-43.20528232672249,-22.80488388694557,-43.20520526254274,6550.489626887393,4329.749406685074,2220.7402202023284,2890869.2722000024,538.9759446452488,243.55928883042042
2,HBEFA4/PC_petrol_Euro-6ab,Gasoline,2026-02-29 24:46:02,2026-02-29 24:46:02,-22.80488388694557,-43.20520526254274,-22.80484645956527,-43.20524206092608,6550.493320829964,4329.753220627645,2220.7402202023284,2890872.0032429758,538.9770029824979,243.5593037540384
2,HBEFA4/PC_petrol_Euro-6ab,Gasoline,2026-02-29 24:46:02,2026-02-29 24:46:02,-22.80484645956527,-43.20524206092608,-22.804798985063577,-43.20528647036624,6550.498860803547,4329.7586506022285,2220.7402202023284,2890876.3677838282,538.9785578399504,243.5594720252897
2,HBEFA4/PC_petrol_Euro-6ab,Gasoline,2026-02-29 24:46:02,2026-02-29 24:46:07,-22.804798985063577,-43.20528647036624,-22.80070570579487,-43.20929504294245,6562.380429229209,4338.832277936747,2223.5492422824625,2894325.2049678247,539.9782832479874,243.82342775320664
2,HBEFA4/PC_petrol_Euro-6ab,Gasoline,2026-02-29 24:46:07,2026-02-29 24:46:33,-22.80070570579487,-43.20929504294245,-22.800702779369795,-43.20927378264064,6629.7204590352,4383.527932990235,2246.292527044965,2924053.2920428754,545.590294248457,245.28392963432624
2,HBEFA4/PC_petrol_Euro-6ab,Gasoline,2026-02-29 24:46:33,2026-02-29 24:46:33,-22.800702779369795,-43.20927378264064,-22.800686573547807,-43.20929099237408,6629.727722348249,4383.525285303284,2246.292527044965,2924053.2920428754,545.590294248457,245.28392963432624
2,HBEFA4/PC_petrol_Euro-6ab,Gasoline,2026-02-29 24:46:33,2026-02-29 24:46:33,-22.800686573547807,-43.20929099237408,-22.80066883942482,-43.20909423949258,6629.726378076436,4383.533852032472,2246.292527044965,2924057.7787545067,545.5925773847423,245.28428270273244
2,HBEFA4/PC_petrol_Euro-6ab,Gasoline,2026-02-29 24:46:33,2026-02-29 24:46:33,-22.80066883942482,-43.20909423949258,-22.80064824363404,-43.208982330098325,6629.736504287222,4383.543977242258,2246.292527044965,2924062.783738478,545.59303629268,245.28447742202424
2,HBEFA4/PC_petrol_Euro-6ab,Gasoline,2026-02-29 24:46:33,2026-02-29 24:46:33,-22.80064824363404,-43.208982330098325,-22.80062573944952,-43.2088592007974,6629.748322573253,4383.555794528288,2246.292527044965,2924068.9083962864,545.5947225482786,245.2848228774407
2,HBEFA4/PC_petrol_Euro-6ab,Gasoline,2026-02-29 24:46:33,2026-02-29 24:46:33,-22.80062573944952,-43.2088592007974,-22.800603747384073,-43.208739220402036,6629.762224302224,4383.568587256258,2246.292527044965,2924073.4454920804,545.5959335842485,245.28529252588424
2,HBEFA4/PC_petrol_Euro-6ab,Gasoline,2026-02-29 24:46:33,2026-02-29 24:46:33,-22.800603747384073,-43.208739220402036,-22.800582940267437,-43.20862024898999,6629.773672659636,4383.582244624672,2246.292527044965,2924073.4454920804,545.5959335842485,245.28529252588424
2,HBEFA4/PC_petrol_Euro-6ab,Gasoline,2026-02-29 24:46:33,2026-02-29 24:46:34,-22.800582940267437,-43.20862024898999,-22.800560246850274,-43.20850498825666,6629.786223420737,4383.593596375772,2246.292527044965,2924075.009729033,545.5964023457509,245.28554624888844
2,HBEFA4/PC_petrol_Euro-6ab,Gasoline,2026-02-29 24:46:34,2026-02-29 24:46:34,-22.800560246850274,-43.20850498825666,-22.800535948977302,-43.20838236052627,6629.7982894058275,4383.605662360853,2246.292527044965,2924075.009729033,545.5964023457509,245.28554624888844
2,HBEFA4/PC_petrol_Euro-6ab,Gasoline,2026-02-29 24:46:34,2026-02-29 24:46:34,-22.800535948977302,-43.20838236052627,-22.80052200237752,-43.20826250629936,6629.8220644600865,4383.628537425222,2246.292527044965,2924079.209929226,545.597522267248,245.2859275490354
2,HBEFA4/PC_petrol_Euro-6ab,Gasoline,2026-02-29 24:46:34,2026-02-29 24:46:34,-22.80052200237752,-43.20826250629936,-22.800488920820257,-43.20824496760445,6629.823753332788,4383.632226287823,2246.292527044965,2924080.4662057256,545.5979265207285,245.28627883527575
2,HBEFA4/PC_petrol_Euro-6ab,Gasoline,2026-02-29 24:46:34,2026-02-29 24:46:43,-22.800488920820257,-43.20824496760445,-22.804923557482324,-43.20527688257847,6654.658378852834,4399.048882026288,2255.609496826646,2922475.6323532423,547.6774272037025,245.8384340650552
2,HBEFA4/PC_petrol_Euro-6ab,Gasoline,2026-02-29 24:46:43,2026-02-29 24:46:43,-22.804923557482324,-43.20527688257847,-22.804887200267997,-43.20520228798935,6654.662238999954,4399.0527422733075,2255.609496826646,2922475.6323532423,547.6774272037025,245.8384340650552
2,HBEFA4/PC_petrol_Euro-6ab,Gasoline,2026-02-29 24:46:43,2026-02-29 24:46:43,-22.804887200267997,-43.20520228798935,-22.804852026932673,-43.20523670279422,6654.6652552854075,4399.055658358762,2255.609496826646,2922478.522986572,547.6784988549666,245.83855478328204
2,HBEFA4/PC_petrol_Euro-6ab,Gasoline,2026-02-29 24:46:43,2026-02-29 24:46:43,-22.804852026932673,-43.20523670279422,-22.804802653208567,-43.20528296287664,6654.670496224222,4399.060999397566,2255.609496826646,2922482.2098947622,547.6798088643073,245.8387257639734
2,HBEFA4/PC_petrol_Euro-6ab,Gasoline,2026-02-29 24:46:43,2026-02-29 24:46:43,-22.804802653208567,-43.20528296287664,-22.804747368247726,-43.20533584297968,6654.677655023324,4399.0682582866675,2255.609496826646,2922487.0256684264,547.6823969356947,245.8389285390989
2,HBEFA4/PC_petrol_Euro-6ab,Gasoline,2026-02-29 24:46:43,2026-02-29 24:46:43,-22.804747368247726,-43.20533584297968,-22.804678782335408,-43.20540244426903,6654.6858382627525,4399.076342436205,2255.609496826646,2922490.6342286024,547.682527227083,245.8392662902892
2,HBEFA4/PC_petrol_Euro-6ab,Gasoline,2026-02-29 24:46:43,2026-02-29 24:46:47,-22.804678782335408,-43.20540244426903,-22.804928322780024,-43.20527233322824,6665.2589620734025,4405.563553805646,2259.695408267757,2924245.664766822,548.4472700456098,246.07272572765875
2,HBEFA4/PC_petrol_Euro-6ab,Gasoline,2026-02-29 24:46:47,2026-02-29 24:46:53,-22.804928322780024,-43.20527233322824,-22.798094852299224,-43.202958427704525,6680.644809436596,4422.442329996223,2268.2024794403837,2928883.4880654833,549.7292827434223,246.42445726327203
2,HBEFA4/PC_petrol_Euro-6ab,Gasoline,2026-02-29 24:46:53,2026-02-29 24:46:53,-22.798094852299224,-43.202958427704525,-22.79799036940273,-43.202996087427854,6680.656007722564,4422.45352828228,2268.2024794403837,2928885.4529734785,549.7298620344259,246.4247763494584
2,HBEFA4/PC_petrol_Euro-6ab,Gasoline,2026-02-29 24:46:53,2026-02-29 24:47:06,-22.79799036940273,-43.202996087427854,-22.798077490902633,-43.202964677065966,6722.904023857972,4437.085662057639,2274.8283628003327,2938525.958022229,552.5769020683962,247.08766434072953
2,HBEFA4/PC_petrol_Euro-6ab,Gasoline,2026-02-29 24:47:06,2026-02-29 24:47:06,-22.798077490902633,-43.202964677065966,-22.797970224459822,-43.20200339002702,6722.924685020092,4437.096323229758,2274.8283628003327,2938522.339228695,552.578726554642,247.08797672860598
2,HBEFA4/PC_petrol_Euro-6ab,Gasoline,2026-02-29 24:47:06,2026-02-29 24:47:06,-22.797970224459822,-43.20200339002702,-22.79786293245052,-43.2020423937225,6722.927223488706,4437.2088626883735,2274.8283628003327,2938529.236240642,552.5805527837042,247.0883430629456
2,HBEFA4/PC_petrol_Euro-6ab,Gasoline,2026-02-29 24:47:06,2026-02-29 24:47:06,-22.79786293245052,-43.2020423937225,-22.797758506339864,-43.20207968294245,6722.939856239389,4437.222494339056,2274.8283628003327,2938532.3490257526,552.5822602075922,247.08870398780272
2,HBEFA4/PC_petrol_Euro-6ab,Gasoline,2026-02-29 24:47:06,2026-02-29 24:47:06,-22.797758506339864,-43.20207968294245,-22.797653630523622,-43.202227493233755,6722.9529332033225,4437.233572402979,2274.8283628003327,2938532.3490257526,552.5822602075922,247.08870398780272
2,HBEFA4/PC_petrol_Euro-6ab,Gasoline,2026-02-29 24:47:06,2026-02-29 24:47:06,-22.797653630523622,-43.202227493233755,-22.79754236927296,-43.20225760642054,6722.964279666099,4437.245827865767,2274.8283628003327,2938533.6282692247,552.5828248788004,247.08905397986252
2,HBEFA4/PC_petrol_Euro-6ab,Gasoline,2026-02-29 24:47:06,2026-02-29 24:47:07,-22.79754236927296,-43.20225760642054,-22.802642520796924,-43.202707764772825,6724.426295788927,4439.460450589756,2274.955745299272,2939309.9059597894,552.8249585627268,247.24269265859295
2,HBEFA4/PC_petrol_Euro-6ab,Gasoline,2026-02-29 24:47:07,2026-02-29 24:47:22,-22.802642520796924,-43.202707764772825,-22.79809009272229,-43.202960234028926,6725.990465599453,4449.863220622028,2276.227254977425,2942489.8750642208,553.7946830329922,247.38980282296644
2,HBEFA4/PC_petrol_Euro-6ab,Gasoline,2026-02-29 24:47:22,2026-02-29 24:47:22,-22.79809009272229,-43.202960234028926,-22.797992502588723,-43.20299532869033,6726.000633609287,4449.873378632763,2276.227254977425,2942489.8750642208,553.7946830329922,247.38980282296644
2,HBEFA4/PC_petrol_Euro-6ab,Gasoline,2026-02-29 24:47:22,2026-02-29 24:47:24,-22.797992502588723,-43.20299532869033,-22.80264655725285,-43.20269623346783,6754.594346003305,4472.273277228429,2282.3222688748765,2952039.3567384422,556.3327293793464,248.0058744742532
2,HBEFA4/PC_petrol_Euro-6ab,Gasoline,2026-02-29 24:47:24,2026-02-29 24:47:24,-22.80264655725285,-43.20269623346783,-22.802624662902884,-43.20274659885995,6754.598247205959,4472.276978332082,2282.3222688748765,2952039.3567384422,556.3327293793464,248.0058744742532
2,HBEFA4/PC_petrol_Euro-6ab,Gasoline,2026-02-29 24:47:24,2026-02-29 24:47:24,-22.802624662902884,-43.20274659885995,-22.802604888084456,-43.20280757283264,6754.603869672324,4472.282700796438,2282.3222688748765,2952043.9069383328,556.334329940854,248.00604822238234
2,HBEFA4/PC_petrol_Euro-6ab,Gasoline,2026-02-29 24:47:24,2026-02-29 24:47:24,-22.802604888084456,-43.20280757283264,-22.80262384852084,-43.20288424807997,6754.620606830623,4472.2894379557365,2282.3222688748765,2952047.229847289,556.335424329338,248.0062455799645
2,HBEFA4/PC_petrol_Euro-6ab,Gasoline,2026-02-29 24:47:24,2026-02-29 24:47:27,-22.80262384852084,-43.20288424807997,-22.797262485647308,-43.203938256903035,6762.598290239249,4480.024869302996,2282.573420936252,2952808.2309427472,556.863302488939,248.27204554825487
2,HBEFA4/PC_petrol_Euro-6ab,Gasoline,2026-02-29 24:47:27,2026-02-29 24:47:35,-22.797262485647308,-43.203938256903035,-22.802639625656297,-43.20272223277846,6786.557876072229,4496.065824547543,2290.4920625235865,2959604.26872943,558.7729720022204,248.69407524772433
2,HBEFA4/PC_petrol_Euro-6ab,Gasoline,2026-02-29 24:47:35,2026-02-29 24:47:35,-22.802639625656297,-43.20272223277846,-22.802628483722925,-43.202760838597835,6786.562872429282,4496.069809905695,2290.4920625235865,2959604.26872943,558.7729720022204,248.69407524772433
2,HBEFA4/PC_petrol_Euro-6ab,Gasoline,2026-02-29 24:47:35,2026-02-29 24:47:35,-22.802628483722925,-43.202760838597835,-22.802604228762847,-43.20282822259554,6786.567394370399,4496.075332846822,2290.4920625235865,2959608.0546389008,558.7743450839305,248.69424265854202
2,HBEFA4/PC_petrol_Euro-6ab,Gasoline,2026-02-29 24:47:35,2026-02-29 24:47:48,-22.802604228762847,-43.20282822259554,-22.80070260205592,-43.20927282258982,6824.466450763269,4522.447558345767,2303.028892427502,2969923.7238240665,562.7245238706822,249.52657866067396
2,HBEFA4/PC_petrol_Euro-6ab,Gasoline,2026-02-29 24:47:48,2026-02-29 24:47:48,-22.80070260205592,-43.20927282258982,-22.800686623244444,-43.209292207947025,6824.473752857652,4522.45486044025,2303.028892427502,2969925.2769702386,562.7249662652266,249.52678682395393
2,HBEFA4/PC_petrol_Euro-6ab,Gasoline,2026-02-29 24:47:48,2026-02-29 24:47:48,-22.800686623244444,-43.209292207947025,-22.800669284245828,-43.20909622027933,6824.482295409573,4522.463402992072,2303.028892427502,2969929.2884033822,562.7262388845785,249.52703563430385
2,HBEFA4/PC_petrol_Euro-6ab,Gasoline,2026-02-29 24:47:48,2026-02-29 24:47:48,-22.800669284245828,-43.20909622027933,-22.800648506856337,-43.20898332272522,6824.492247452242,4522.47335503374,2303.028892427502,2969924.2279762928,562.72765924872,249.5273252406562
2,HBEFA4/PC_petrol_Euro-6ab,Gasoline,2026-02-29 24:47:48,2026-02-29 24:47:48,-22.800648506856337,-43.20898332272522,-22.800626928257364,-43.20886558595303,6824.504054273897,4522.485262756395,2303.028892427502,2969930.6662527294,562.7294444229095,249.5276700472448
2,HBEFA4/PC_petrol_Euro-6ab,Gasoline,2026-02-29 24:47:48,2026-02-29 24:47:57,-22.800626928257364,-43.20886558595303,-22.79820682389066,-43.2030880430223,6852.3397255429645,4538.54534389729,2322.7943826457746,2977486.2520485925,563.8502202954288,250.20330882302864
2,HBEFA4/PC_petrol_Euro-6ab,Gasoline,2026-02-29 24:47:57,2026-02-29 24:47:57,-22.79820682389066,-43.2030880430223,-22.79805282436225,-43.203297992788976,6852.352256892024,4538.557875245239,2322.7943826457746,2977486.2520485925,563.8502202954288,250.20330882302864
2,HBEFA4/PC_petrol_Euro-6ab,Gasoline,2026-02-29 24:47:57,2026-02-29 24:47:57,-22.79805282436225,-43.203297992788976,-22.79797223425488,-43.20328324087252,6852.365076262804,4538.570694626029,2322.7943826457746,2977488.9209369807,563.850965842072,250.2036762034328
2,HBEFA4/PC_petrol_Euro-6ab,Gasoline,2026-02-29 24:47:57,2026-02-29 24:47:57,-22.79797223425488,-43.20328324087252,-22.797864224732723,-43.20330423253599,6852.37788749327,4538.583505847397,2322.7943826457746,2977490.7586282652,563.8525056439622,250.20404278860554
2,HBEFA4/PC_petrol_Euro-6ab,Gasoline,2026-02-29 24:47:57,2026-02-29 24:47:59,-22.797864224732723,-43.20330423253599,-22.800705250928284,-43.20929203766223,6857.865046609208,4543.20000363634,2324.7650429728674,2979265.8599650394,564.357840528222,250.24542479606928
2,HBEFA4/PC_petrol_Euro-6ab,Gasoline,2026-02-29 24:47:59,2026-02-29 24:47:59,-22.800705250928284,-43.20929203766223,-22.800689637224654,-43.20920770588069,6857.872062298499,4543.207028225632,2324.7650429728674,2979267.4522286778,564.3583306836936,250.2456253490068
2,HBEFA4/PC_petrol_Euro-6ab,Gasoline,2026-02-29 24:47:59,2026-02-29 24:48:22,-22.800689637224654,-43.20920770588069,-22.79722242994288,-43.20299668905345,6892.027738223248,4568.282645794899,2323.836092428249,2989238.2509372744,567.2527244209046,250.98590743268394
2,HBEFA4/PC_petrol_Euro-6ab,Gasoline,2026-02-29 24:48:22,2026-02-29 24:48:22,-22.79722242994288,-43.20299668905345,-22.79720047228872,-43.20299795220722,6892.02982243994,4568.293729022692,2323.836092428249,2989238.2509372744,567.2527244209046,250.98590743268394
2,HBEFA4/PC_petrol_Euro-6ab,Gasoline,2026-02-29 24:48:22,2026-02-29 24:48:22,-22.79720047228872,-43.20299795220722,-22.796984052637807,-43.20300046670009,6892.042227768932,4568.206225350683,2323.836092428249,2989240.8267303384,567.2524698527424,250.98626245372492
2,HBEFA4/PC_petrol_Euro-6ab,Gasoline,2026-02-29 24:48:22,2026-02-29 24:48:22,-22.796984052637807,-43.20300046670009,-22.79688022565288,-43.20300898068567,6892.055224605729,4568.22902228748,2323.836092428249,2989244.08258053,567.2533646429637,250.98663297922603
2,HBEFA4/PC_petrol_Euro-6ab,Gasoline,2026-02-29 24:48:22,2026-02-29 24:48:23,-22.79688022565288,-43.20300898068567,-22.79822328500727,-43.20295275294522,6925.7957878729285,4586.569265437556,2339.2266224353725,2999493.2590834242,570.2482244665583,252.74202822266287
2,HBEFA4/PC_petrol_Euro-6ab,Gasoline,2026-02-29 24:48:23,2026-02-29 24:48:23,-22.79822328500727,-43.20295275294522,-22.79804050388605,-43.202978022286296,6925.802604643689,4586.575982208326,2339.2266224353725,2999497.3093026548,570.2495072406345,252.74222003407628
2,HBEFA4/PC_petrol_Euro-6ab,Gasoline,2026-02-29 24:48:23,2026-02-29 24:48:23,-22.79804050388605,-43.202978022286296,-22.797953233422984,-43.20200952227826,6925.82220403597,4586.584482600597,2339.2266224353725,2999502.2872494582,570.2520534900432,252.7424696495044
2,HBEFA4/PC_petrol_Euro-6ab,Gasoline,2026-02-29 24:48:23,2026-02-29 24:48:23,-22.797953233422984,-43.20200952227826,-22.797854535407353,-43.202045060236024,6925.8223063835765,4586.594683948204,2339.2266224353725,2999507.8645278723,570.252672705224,252.74276763928534
2,HBEFA4/PC_petrol_Euro-6ab,Gasoline,2026-02-29 24:48:23,2026-02-29 24:48:23,-22.797854535407353,-43.202045060236024,-22.797749920773682,-43.202082780930276,6925.832829783558,4586.606297348286,2339.2266224353725,2999522.9282392265,570.2540798438274,252.74220255697077
2,HBEFA4/PC_petrol_Euro-6ab,Gasoline,2026-02-29 24:48:23,2026-02-29 24:48:23,-22.797749920773682,-43.202082780930276,-22.797645305657205,-43.20222049452978,6925.845036926979,4586.628424482606,2339.2266224353725,2999526.6084456525,570.2550987229098,252.74245323898808
2,HBEFA4/PC_petrol_Euro-6ab,Gasoline,2026-02-29 24:48:23,2026-02-29 24:48:23,-22.797645305657205,-43.20222049452978,-22.797537242542743,-43.20225945476062,6925.85725276973,4586.630629334358,2339.2266224353725,2999528.4336383007,570.255635779306,252.74280242440335
2,HBEFA4/PC_petrol_Euro-6ab,Gasoline,2026-02-29 24:48:23,2026-02-29 24:48:50,-22.797537242542743,-43.20225945476062,-22.800705969092734,-43.20929646754094,6993.845726884066,4634.7524588589595,2359.0932680252067,2029367.7246303575,575.8647859778887,253.23209889736265
2,HBEFA4/PC_petrol_Euro-6ab,Gasoline,2026-02-29 24:48:50,2026-02-29 24:48:50,-22.800705969092734,-43.20929646754094,-22.800690639040823,-43.209223272492856,6993.852477426722,4634.759209402625,2359.0932680252067,2029367.7246303575,575.8647859778887,253.23209889736265
2,HBEFA4/PC_petrol_Euro-6ab,Gasoline,2026-02-29 24:48:50,2026-02-29 24:48:50,-22.800690639040823,-43.209223272492856,-22.800672209292622,-43.209222624424836,6993.862296669282,4634.767928644275,2359.0932680252067,2029373.3485785665,575.8665278582686,253.23235600240666
2,HBEFA4/PC_petrol_Euro-6ab,Gasoline,2026-02-29 24:48:50,2026-02-29 24:48:50,-22.800672209292622,-43.209222624424836,-22.800652465062687,-43.20899945067833,6993.872720090689,4634.778452065582,2359.0932680252067,2029379.2720737294,575.8682242920224,253.23266364549377
2,HBEFA4/PC_petrol_Euro-6ab,Gasoline,2026-02-29 24:48:50,2026-02-29 24:48:50,-22.800652465062687,-43.20899945067833,-22.800628872688283,-43.20887629460582,6993.883565042752,4634.790297027644,2359.0932680252067,2029384.4625235722,575.8696422897934,253.2330072249687
2,HBEFA4/PC_petrol_Euro-6ab,Gasoline,2026-02-29 24:48:50,2026-02-29 24:48:50,-22.800628872688283,-43.20887629460582,-22.800607779274042,-43.20876222683027,6993.896465233682,4634.803297208575,2359.0932680252067,2029389.2457627903,575.8709222650023,253.23338039038947
2,HBEFA4/PC_petrol_Euro-6ab,Gasoline,2026-02-29 24:48:50,2026-02-29 24:48:50,-22.800607779274042,-43.20876222683027,-22.800585878582496,-43.208642635362964,6993.908509474582,4634.825242449475,2359.0932680252067,2029389.2457627903,575.8709222650023,253.23338039038947
2,HBEFA4/PC_petrol_Euro-6ab,Gasoline,2026-02-29 24:48:50,2026-02-29 24:48:50,-22.800585878582496,-43.208642635362964,-22.800564282963464,-43.208525357850895,6993.922024628234,4634.827746593227,2359.0932680252067,2029392.3322570879,575.8727822064848,253.23373926608258
2,HBEFA4/PC_petrol_Euro-6ab,Gasoline,2026-02-29 24:48:50,2026-02-29 24:48:50,-22.800564282963464,-43.208525357850895,-22.800540425927272,-43.208404904438986,6993.933290729323,4634.8399227042055,2359.0932680252067,2029392.3322570879,575.8727822064848,253.23373926608258
2,HBEFA4/PC_petrol_Euro-6ab,Gasoline,2026-02-29 24:48:50,2026-02-29 24:48:50,-22.800540425927272,-43.208404904438986,-22.800526072248637,-43.20828204609463,6993.945837503708,4634.852569478602,2359.0932680252067,2029395.464773269,575.8726499253859,253.23420232827784
2,HBEFA4/PC_petrol_Euro-6ab,Gasoline,2026-02-29 24:48:50,2026-02-29 24:48:55,-22.800526072248637,-43.20828204609463,-22.800704466238596,-43.20928833046574,7005.587929420732,4642.365782729035,2363.2222376926964,2022373.3890256094,576.6993928258809,253.4842829425387
2,HBEFA4/PC_petrol_Euro-6ab,Gasoline,2026-02-29 24:48:55,2026-02-29 24:48:55,-22.800704466238596,-43.20928833046574,-22.800688549527703,-43.209202772729546,7005.595449322226,4642.373322629529,2363.2222376926964,2022375.7550263437,576.7002376665902,253.4844996800305
2,HBEFA4/PC_petrol_Euro-6ab,Gasoline,2026-02-29 24:48:55,2026-02-29 24:48:55,-22.800688549527703,-43.209202772729546,-22.800669864622386,-43.20909983258267,7005.604509786963,4642.382372095266,2363.2222376926964,2022380.5944530643,576.7026066443624,253.48476442383273
2,HBEFA4/PC_petrol_Euro-6ab,Gasoline,2026-02-29 24:48:55,2026-02-29 24:48:58,-22.800669864622386,-43.20909983258267,-22.804905598880048,-43.20528449400807,7020.299623246424,4644.837954890257,2365.462658256257,2023854.253338524,577.2287884968326,253.59048962629428
2,HBEFA4/PC_petrol_Euro-6ab,Gasoline,2026-02-29 24:48:58,2026-02-29 24:49:04,-22.804905598880048,-43.20528449400807,-22.800702082733878,-43.20927542527952,7027.849832254202,4649.075072224972,2368.774760039232,2026222.500862292,577.7529459377242,253.7566920804602
2,HBEFA4/PC_petrol_Euro-6ab,Gasoline,2026-02-29 24:49:04,2026-02-29 24:49:22,-22.800702082733878,-43.20927542527952,-22.798089562787225,-43.20322842280428,7032.589687452227,4659.572292943288,2373.0274955079397,2030032.3084065283,578.874279524522,254.0822594262672
2,HBEFA4/PC_petrol_Euro-6ab,Gasoline,2026-02-29 24:49:22,2026-02-29 24:49:22,-22.798089562787225,-43.20322842280428,-22.798030633334896,-43.20323226324262,7032.60293208398,4659.58443557604,2373.0274955079397,2030032.3084065283,578.874279524522,254.0822594262672
2,HBEFA4/PC_petrol_Euro-6ab,Gasoline,2026-02-29 24:49:22,2026-02-29 24:49:25,-22.798030633334896,-43.20323226324262,-22.80070260927842,-43.2092782762202,7040.288258476027,4664.359909382804,2375.828349094223,2032368.2928780274,579.5456626235359,254.24822987208385
2,HBEFA4/PC_petrol_Euro-6ab,Gasoline,2026-02-29 24:49:25,2026-02-29 24:49:25,-22.80070260927842,-43.2092782762202,-22.80068726626479,-43.20929477008479,7040.29524292922,4664.366792824897,2375.828349094223,2032370.2300854904,579.5462386207266,254.2483274478996
2,HBEFA4/PC_petrol_Euro-6ab,Gasoline,2026-02-29 24:49:25,2026-02-29 24:49:26,-22.80068726626479,-43.20929477008479,-22.80070236769295,-43.20927696806077,7068.066426673263,4682.638235994952,2385.4282806782226,2039272.0346252759,582.4702579952827,254.85483206460288
2,HBEFA4/PC_petrol_Euro-6ab,Gasoline,2026-02-29 24:49:26,2026-02-29 24:49:26,-22.80070236769295,-43.20927696806077,-22.80068705684623,-43.20929362820482,7068.074028862079,4682.645748282867,2385.4282806782226,2039274.6537354226,582.4720859679475,254.85505069728464
2,HBEFA4/PC_petrol_Euro-6ab,Gasoline,2026-02-29 24:49:26,2026-02-29 24:49:26,-22.80068705684623,-43.20929362820482,-22.80066862328274,-43.20909305974388,7068.082752222922,4682.6544724337,2385.4282806782226,2039278.54755396,582.4722826483223,254.85530402648666
2,HBEFA4/PC_petrol_Euro-6ab,Gasoline,2026-02-29 24:49:26,2026-02-29 24:49:26,-22.80066862328274,-43.20909305974388,-22.800647824668608,-43.20897953537539,7068.093277762466,4682.664997083254,2385.4282806782226,2039284.4677328893,582.4739780227283,254.85562272635354
2,HBEFA4/PC_petrol_Euro-6ab,Gasoline,2026-02-29 24:49:26,2026-02-29 24:49:26,-22.800647824668608,-43.20897953537539,-22.800625028500384,-43.20885526756328,7068.205259422989,4682.676878733778,2385.4282806782226,2039289.756732564,582.4754295292026,254.85595652947244
2,HBEFA4/PC_petrol_Euro-6ab,Gasoline,2026-02-29 24:49:26,2026-02-29 24:49:35,-22.800625028500384,-43.20885526756328,-22.80492366049795,-43.20527678304272,7092.090667075789,4699.638277562446,2392.4524895233422,2045880.9275668627,583.3629567237308,255.38260405384437
2,HBEFA4/PC_petrol_Euro-6ab,Gasoline,2026-02-29 24:49:35,2026-02-29 24:49:35,-22.80492366049795,-43.20527678304272,-22.80488764356526,-43.20520266832387,7092.093243752469,4699.640754238227,2392.4524895233422,2045880.9275668627,583.3629567237308,255.38260405384437
2,HBEFA4/PC_petrol_Euro-6ab,Gasoline,2026-02-29 24:49:35,2026-02-29 24:49:35,-22.80488764356526,-43.20520266832387,-22.804850249595546,-43.20523743575382,7092.097094766778,4699.644605253436,2392.4524895233422,2045884.0850923574,583.3632532935322,255.38272400404508
2,HBEFA4/PC_petrol_Euro-6ab,Gasoline,2026-02-29 24:49:35,2026-02-29 24:49:35,-22.804850249595546,-43.20523743575382,-22.80480090323784,-43.2052846357258,7092.202629805084,4699.650240292742,2392.4524895233422,2045888.224472786,583.3646295309424,255.382892452754
2,HBEFA4/PC_petrol_Euro-6ab,Gasoline,2026-02-29 24:49:35,2026-02-29 24:49:35,-22.80480090323784,-43.2052846357258,-22.804740208226228,-43.20534278620024,7092.2099340430565,4699.657444529724,2392.4524895233422,2045892.9882262627,583.3662824549044,255.3822080479563
2,HBEFA4/PC_petrol_Euro-6ab,Gasoline,2026-02-29 24:49:35,2026-02-29 24:49:42,-22.804740208226228,-43.20534278620024,-22.802642300779763,-43.20270594398329,7206.866203577262,4708.227923622274,2398.7382799650886,2050270.7359325786,584.5937555872922,255.70528888277392
2,HBEFA4/PC_petrol_Euro-6ab,Gasoline,2026-02-29 24:49:42,2026-02-29 24:49:42,-22.802642300779763,-43.20270594398329,-22.802624322664354,-43.202747383054325,7206.869899657959,4708.23262969287,2398.7382799650886,2050270.7359325786,584.5937555872922,255.70528888277392
2,HBEFA4/PC_petrol_Euro-6ab,Gasoline,2026-02-29 24:49:42,2026-02-29 24:49:56,-22.802624322664354,-43.202747383054325,-22.797920462252506,-43.20464079928745,7244.075724045035,4730.268502554999,2423.907222490036,2060596.7346344634,587.5045745244558,256.5208344529342
2,HBEFA4/PC_petrol_Euro-6ab,Gasoline,2026-02-29 24:49:56,2026-02-29 24:49:56,-22.797920462252506,-43.20464079928745,-22.797843532206878,-43.20465029266429,7244.082552034007,4730.27534054397,2423.907222490036,2060596.7346344634,587.5045745244558,256.5208344529342
2,HBEFA4/PC_petrol_Euro-6ab,Gasoline,2026-02-29 24:49:56,2026-02-29 24:49:56,-22.797843532206878,-43.20465029266429,-22.797752586095686,-43.20464744749878,7244.092226097842,4730.2839246078055,2423.907222490036,2060602.8423579838,587.506256405752,256.52208642064976
2,HBEFA4/PC_petrol_Euro-6ab,Gasoline,2026-02-29 24:49:56,2026-02-29 24:49:56,-22.797752586095686,-43.20464744749878,-22.79764969996963,-43.204642977204264,7244.2023228804255,4730.294220390389,2423.907222490036,2060607.233476699,587.5077228655708,256.5223838425696
2,HBEFA4/PC_petrol_Euro-6ab,Gasoline,2026-02-29 24:49:56,2026-02-29 24:49:56,-22.79764969996963,-43.204642977204264,-22.797534826436255,-43.204637936432595,7244.222624620528,4730.2054032204825,2423.907222490036,2060622.706007573,587.5089799928326,256.52272040200754
2,HBEFA4/PC_petrol_Euro-6ab,Gasoline,2026-02-29 24:49:56,2026-02-29 24:49:56,-22.797534826436255,-43.204637936432595,-22.797429042022524,-43.20463285662787,7244.225347932267,4730.228236442232,2423.907222490036,2060627.4953064567,587.5205223373308,256.52208043927497
2,HBEFA4/PC_petrol_Euro-6ab,Gasoline,2026-02-29 24:49:56,2026-02-29 24:49:56,-22.797429042022524,-43.20463285662787,-22.797320402820492,-43.204628089936026,7244.2382802052275,4730.230968625082,2423.907222490036,2060629.6378596083,587.5222367026302,256.5224472282827
2,HBEFA4/PC_petrol_Euro-6ab,Gasoline,2026-02-29 24:49:56,2026-02-29 24:49:57,-22.797320402820492,-43.204628089936026,-22.798270425352424,-43.20459226782589,7246.268754902728,4732.822478795222,2424.4572762066274,2062307.5278936457,587.7283965845794,256.56772842055972
2,HBEFA4/PC_petrol_Euro-6ab,Gasoline,2026-02-29 24:49:57,2026-02-29 24:50:02,-22.798270425352424,-43.20459226782589,-22.804926200424858,-43.205274449243934,7257.549092266777,4739.592822294527,2427.9562698722602,2064635.0532659995,588.6663824966369,256.8252653022422
2,HBEFA4/PC_petrol_Euro-6ab,Gasoline,2026-02-29 24:50:02,2026-02-29 24:50:02,-22.804926200424858,-43.205274449243934,-22.804885978352994,-43.20520326220533,7257.55272259449,4739.59544272223,2427.9562698722602,2064636.4837292827,588.6668280455787,256.8253464705786
2,HBEFA4/PC_petrol_Euro-6ab,Gasoline,2026-02-29 24:50:02,2026-02-29 24:50:02,-22.804885978352994,-43.20520326220533,-22.80264020855792,-43.20272099672632,7258.793257285503,4739.905930869645,2428.8873264258583,2064978.232226254,588.7537888723797,256.84232905355588
2,HBEFA4/PC_petrol_Euro-6ab,Gasoline,2026-02-29 24:50:02,2026-02-29 24:50:23,-22.80264020855792,-43.20272099672632,-22.800702568332323,-43.20927263999088,7284.864238238249,4754.48758543954,2430.3765526986094,2072324.207837784,590.8056079256994,257.42385222650744
2,HBEFA4/PC_petrol_Euro-6ab,Gasoline,2026-02-29 24:50:23,2026-02-29 24:50:23,-22.800702568332323,-43.20927263999088,-22.800686022868046,-43.209287987030724,7284.872272974224,4754.494629275624,2430.3765526986094,2072324.207837784,590.8056079256994,257.42385222650744
2,HBEFA4/PC_petrol_Euro-6ab,Gasoline,2026-02-29 24:50:23,2026-02-29 24:50:23,-22.800686022868046,-43.209287987030724,-22.80066837937382,-43.20909272960026,7284.880032525877,4754.503479827267,2430.3765526986094,2072329.4930723673,590.807256082207,257.42422265969088
2,HBEFA4/PC_petrol_Euro-6ab,Gasoline,2026-02-29 24:50:23,2026-02-29 24:50:23,-22.80066837937382,-43.20909272960026,-22.800647635857075,-43.20897855984088,7284.890206976489,4754.523554277879,2430.3765526986094,2072323.9292963267,590.8085543740352,257.42440476785058
2,HBEFA4/PC_petrol_Euro-6ab,Gasoline,2026-02-29 24:50:23,2026-02-29 24:50:28,-22.800647635857075,-43.20897855984088,-22.798094749835478,-43.203226272224556,7200.4609602055425,4762.820937077902,2437.6400232276426,2076404.7262428863,592.9328727227962,257.77204649820644
2,HBEFA4/PC_petrol_Euro-6ab,Gasoline,2026-02-29 24:50:28,2026-02-29 24:50:28,-22.798094749835478,-43.203226272224556,-22.798035930308423,-43.20322400287906,7200.4732285422865,4762.833205423645,2437.6400232276426,2076404.7262428863,592.9328727227962,257.77204649820644
2,HBEFA4/PC_petrol_Euro-6ab,Gasoline,2026-02-29 24:50:28,2026-02-29 24:50:29,-22.798035930308423,-43.20322400287906,-22.797242490227402,-43.20394262267865,7202.8372035922,4764.605004220268,2438.232099470932,2077220.2332936223,592.2363933262904,257.82962424677828
2,HBEFA4/PC_petrol_Euro-6ab,Gasoline,2026-02-29 24:50:29,2026-02-29 24:50:22,-22.797242490227402,-43.20394262267865,-22.79793439395384,-43.20463909828793,7209.680669547408,4769.80472266822,2439.8759478792876,2078926.3597887086,592.6624977475236,257.96243775042274
2,HBEFA4/PC_petrol_Euro-6ab,Gasoline,2026-02-29 24:50:22,2026-02-29 24:50:29,-22.79793439395384,-43.20463909828793,-22.798082302925084,-43.203245399429434,7233.538096758533,4784.992925226835,2448.5452725326985,2084929.072668968,594.3326875344242,258.486644002565
2,HBEFA4/PC_petrol_Euro-6ab,Gasoline,2026-02-29 24:50:29,2026-02-29 24:50:29,-22.798082302925084,-43.203245399429434,-22.79802228867648,-43.203245028778304,7233.5505427449795,4785.00537022328,2448.5452725326985,2084932.0427204566,594.3322604559894,258.4869992223022
2,HBEFA4/PC_petrol_Euro-6ab,Gasoline,2026-02-29 24:50:29,2026-02-29 24:50:29,-22.79802228867648,-43.203245028778304,-22.797924082707205,-43.20330094898922,7233.56277075277,4785.027599220072,2448.5452725326985,2084932.3058765237,594.3326528055745,258.48734694239884
2,HBEFA4/PC_petrol_Euro-6ab,Gasoline,2026-02-29 24:50:29,2026-02-29 24:50:38,-22.797924082707205,-43.20330094898922,-22.804927867040278,-43.205272759469995,7255.087023498797,4800.825460040362,2454.2625534584365,2092503.0263763997,596.2727355749535,258.95886043503234
2,HBEFA4/PC_petrol_Euro-6ab,Gasoline,2026-02-29 24:50:38,2026-02-29 24:50:38,-22.804927867040278,-43.205272759469995,-22.80488947870345,-43.20529992300866,7255.089682200799,4800.828227642362,2454.2625534584365,2092504.5490965532,596.2722262205628,258.9589432222046
2,HBEFA4/PC_petrol_Euro-6ab,Gasoline,2026-02-29 24:50:38,2026-02-29 24:50:38,-22.80488947870345,-43.20529992300866,-22.80484985749538,-43.20523782079848,7255.093883230422,4800.8323296729755,2454.2625534584365,2092508.236085223,596.2735683440364,258.95907378907285
2,HBEFA4/PC_petrol_Euro-6ab,Gasoline,2026-02-29 24:50:38,2026-02-29 24:50:44,-22.80484985749538,-43.20523782079848,-22.800704230540504,-43.209287054297924,7272.698297292952,4822.232057852247,2460.567239339704,2096445.2527220523,597.6455478537022,259.35068289922583
2,HBEFA4/PC_petrol_Euro-6ab,Gasoline,2026-02-29 24:50:44,2026-02-29 24:50:44,-22.800704230540504,-43.209287054297924,-22.800688992227048,-43.20920428696536,7272.705292925402,4822.238053575698,2460.567239339704,2096447.235345667,597.6462729228272,259.35088294524488
2,HBEFA4/PC_petrol_Euro-6ab,Gasoline,2026-02-29 24:50:44,2026-02-29 24:50:44,-22.800688992227048,-43.20920428696536,-22.800670490882792,-43.209203249324936,7272.723867004438,4822.246727664734,2460.567239339704,2096452.259252723,597.6477222269025,259.35223745770684
2,HBEFA4/PC_petrol_Euro-6ab,Gasoline,2026-02-29 24:50:44,2026-02-29 24:52:00,-22.800670490882792,-43.209203249324936,-22.79729358055042,-43.202996902458604,7300.428204562272,4830.860492454322,2469.557622207952,2205222.740697842,600.2795846560628,259.95666278049063
2,HBEFA4/PC_petrol_Euro-6ab,Gasoline,2026-02-29 24:52:00,2026-02-29 24:52:00,-22.79729358055042,-43.202996902458604,-22.79707702356287,-43.20299822557737,7300.432007585459,4830.873395477508,2469.557622207952,2205226.04037926,600.2804906479774,259.9570335602099
2,HBEFA4/PC_petrol_Euro-6ab,Gasoline,2026-02-29 24:52:00,2026-02-29 24:52:00,-22.79707702356287,-43.20299822557737,-22.796966539876276,-43.20300290263869,7300.44392430942,4830.886302202458,2469.557622207952,2205227.927023922,600.2820397949462,259.95740209940028
2,HBEFA4/PC_petrol_Euro-6ab,Gasoline,2026-02-29 24:52:00,2026-02-29 24:52:00,-22.796966539876276,-43.20300290263869,-22.79686297833763,-43.203020476029796,7300.456259338564,4830.898547230623,2469.557622207952,2205227.927023922,600.2820397949462,259.95740209940028
2,HBEFA4/PC_petrol_Euro-6ab,Gasoline,2026-02-29 24:52:00,2026-02-29 24:52:22,-22.79686297833763,-43.203020476029796,-22.8026480769504,-43.20269263079837,7332.3076225265905,4850.293844222452,2482.023778404239,2224432.463980909,602.7849286893948,260.637977685262
2,HBEFA4/PC_petrol_Euro-6ab,Gasoline,2026-02-29 24:52:22,2026-02-29 24:52:22,-22.8026480769504,-43.20269263079837,-22.80262655224828,-43.20274224422257,7332.322600024789,4850.29782262065,2482.023778404239,2224432.463980909,602.7849286893948,260.637977685262
2,HBEFA4/PC_petrol_Euro-6ab,Gasoline,2026-02-29 24:52:22,2026-02-29 24:52:22,-22.80262655224828,-43.20274224422257,-22.80260505385683,-43.20280248594522,7332.327225880838,4850.303447476699,2482.023778404239,2224436.562222532,602.7863660962228,260.63824745550934
2,HBEFA4/PC_petrol_Euro-6ab,Gasoline,2026-02-29 24:52:22,2026-02-29 24:52:22,-22.80260505385683,-43.20280248594522,-22.80262949208945,-43.202875027622345,7332.3239340634345,4850.320255659296,2482.023778404239,2224439.9852426037,602.7875004738077,260.63834442864287
2,HBEFA4/PC_petrol_Euro-6ab,Gasoline,2026-02-29 24:52:22,2026-02-29 24:52:22,-22.80262949208945,-43.202875027622345,-22.804294365592037,-43.20257074980482,7332.538003823853,4850.524225409724,2482.023778404239,2224483.538286227,602.8000228206228,260.6430825363379
2,HBEFA4/PC_petrol_Euro-6ab,Gasoline,2026-02-29 24:52:22,2026-02-29 24:52:25,-22.804294365592037,-43.20257074980482,-22.804924842003644,-43.20527565292832,7340.209936762668,4855.525628066626,2484.5843286960424,2226894.4056723777,603.4635069308222,260.82664506722962
2,HBEFA4/PC_petrol_Euro-6ab,Gasoline,2026-02-29 24:52:25,2026-02-29 24:52:29,-22.804924842003644,-43.20527565292832,-22.804928280500973,-43.20527245964363,7350.797994055589,4860.009099393055,2490.788894662534,2229822.742728883,604.2243080772408,262.06876660942322
2,HBEFA4/PC_petrol_Euro-6ab,Gasoline,2026-02-29 24:52:29,2026-02-29 24:52:29,-22.804928280500973,-43.20527245964363,-22.79807464775227,-43.20296570222202,7372.905627399328,4869.869759775544,2502.0358576237736,2225682.043422623,605.8232282427694,262.5480246087438
2,HBEFA4/PC_petrol_Euro-6ab,Gasoline,2026-02-29 24:52:29,2026-02-29 24:52:29,-22.79807464775227,-43.20296570222202,-22.797985230793673,-43.202997976228025,7372.924977027982,4869.879229394207,2502.0358576237736,2225685.7389367595,605.8245372948836,262.5482973227572
2,HBEFA4/PC_petrol_Euro-6ab,Gasoline,2026-02-29 24:52:29,2026-02-29 24:52:29,-22.797985230793673,-43.202997976228025,-22.797883496262948,-43.20203462886296,7372.925430024486,4869.889572390722,2502.0358576237736,2225689.995002772,605.8257684564743,262.54859970727338
2,HBEFA4/PC_petrol_Euro-6ab,Gasoline,2026-02-29 24:52:29,2026-02-29 24:52:29,-22.797883496262948,-43.20203462886296,-22.797774058679228,-43.2020740748053,7372.937297992295,4869.902440368522,2502.0358576237736,2225695.430924473,605.8272593262934,262.54894438282244
2,HBEFA4/PC_petrol_Euro-6ab,Gasoline,2026-02-29 24:52:29,2026-02-29 24:52:32,-22.797774058679228,-43.2020740748053,-22.80492039052362,-43.20527992079427,7379.733492200282,4874.5662325224065,2505.267360578875,2227726.5763654592,606.3834258284878,262.7298030455534
2,HBEFA4/PC_petrol_Euro-6ab,Gasoline,2026-02-29 24:52:32,2026-02-29 24:52:44,-22.80492039052362,-43.20527992079427,-22.79808504234526,-43.203238986996876,7406.7429594490995,4892.426559848964,2525.326399600235,2235593.5602892327,608.6252926428862,262.32305849270504
2,HBEFA4/PC_petrol_Euro-6ab,Gasoline,2026-02-29 24:52:44,2026-02-29 24:52:44,-22.79808504234526,-43.203238986996876,-22.798023832222484,-43.20324264083692,7406.755706740875,4892.429307240739,2525.326399600235,2235596.620972378,608.6262400262047,262.32342434927654
2,HBEFA4/PC_petrol_Euro-6ab,Gasoline,2026-02-29 24:52:44,2026-02-29 24:52:44,-22.798023832222484,-43.20324264083692,-22.797926509203055,-43.20330068305249,7406.768362694086,4892.442963093952,2525.326399600235,2235598.233225287,608.6266205555867,262.32378520637305
2,HBEFA4/PC_petrol_Euro-6ab,Gasoline,2026-02-29 24:52:44,2026-02-29 24:52:44,-22.797926509203055,-43.20330068305249,-22.797827595422464,-43.20329243754568,7406.780992629783,4892.454592029648,2525.326399600235,2235600.0278968296,608.6272452380722,262.32424536756094
2,HBEFA4/PC_petrol_Euro-6ab,Gasoline,2026-02-29 24:52:44,2026-02-29 24:52:47,-22.797827595422464,-43.20329243754568,-22.804909433996606,-43.205280825706,7427.024462864003,4896.50752494068,2520.506937923323,2238592.865033523,609.4399042628082,262.54266590246343
2,HBEFA4/PC_petrol_Euro-6ab,Gasoline,2026-02-29 24:52:47,2026-02-29 24:52:04,-22.804909433996606,-43.205280825706,-22.80070390364663,-43.20928528435826,7452.454259295479,4922.002754252455,2530.4525050440234,2248552.465840722,622.3055209464952,263.28937564057226
2,HBEFA4/PC_petrol_Euro-6ab,Gasoline,2026-02-29 24:52:04,2026-02-29 24:52:04,-22.80070390364663,-43.20928528435826,-22.800689055729706,-43.20920453342702,7452.462388223422,4922.008883269387,2530.4525050440234,2248556.8825730346,622.3069750630943,263.28958658822866
2,HBEFA4/PC_petrol_Euro-6ab,Gasoline,2026-02-29 24:52:04,2026-02-29 24:52:04,-22.800689055729706,-43.20920453342702,-22.80067205984752,-43.209222809095006,7452.469840744202,4922.027335700279,2530.4525050440234,2248562.2366982224,622.308297054825,263.28983325532954
2,HBEFA4/PC_petrol_Euro-6ab,Gasoline,2026-02-29 24:52:04,2026-02-29 24:52:04,-22.80067205984752,-43.209222809095006,-22.800652695333997,-43.20900070696622,7452.479545423332,4922.027040379308,2530.4525050440234,2248565.562223592,622.3096090759382,263.29022500029327
2,HBEFA4/PC_petrol_Euro-6ab,Gasoline,2026-02-29 24:52:04,2026-02-29 24:52:04,-22.800652695333997,-43.20900070696622,-22.80062899943003,-43.20887688606342,7452.492273557466,4922.038668523443,2530.4525050440234,2248572.2023836067,622.32243228262,263.2904550398769
2,HBEFA4/PC_petrol_Euro-6ab,Gasoline,2026-02-29 24:52:04,2026-02-29 24:52:04,-22.80062899943003,-43.20887688606342,-22.800607229022203,-43.20875756930224,7452.504232864459,4922.052627820436,2530.4525050440234,2248577.766262293,622.3229076289046,263.2908322047528
2,HBEFA4/PC_petrol_Euro-6ab,Gasoline,2026-02-29 24:52:04,2026-02-29 24:52:09,-22.800607229022203,-43.20875756930224,-22.80070520872268,-43.20929280923748,7462.872927326007,4930.542042997264,2532.3308843288432,2252073.292506546,623.3526290858242,263.53236784352383
2,HBEFA4/PC_petrol_Euro-6ab,Gasoline,2026-02-29 24:52:09,2026-02-29 24:52:09,-22.80070520872268,-43.20929280923748,-22.80069030784326,-43.20922236457643,7462.880205222978,4930.5493207942345,2532.3308843288432,2252076.0262209245,623.3525045962337,263.5325785652447
2,HBEFA4/PC_petrol_Euro-6ab,Gasoline,2026-02-29 24:52:09,2026-02-29 24:52:26,-22.80069030784326,-43.20922236457643,-22.79808455797229,-43.20296222923782,7500.5023266090605,4957.253628857546,2543.348687752524,2263643.755923477,626.7298380654646,264.35504550690235
2,HBEFA4/PC_petrol_Euro-6ab,Gasoline,2026-02-29 24:52:26,2026-02-29 24:52:26,-22.79808455797229,-43.20296222923782,-22.79799833289629,-43.20299322630222,7500.520859790276,4957.262272038763,2543.348687752524,2263649.2397692044,626.7325395509453,264.35529747806206
2,HBEFA4/PC_petrol_Euro-6ab,Gasoline,2026-02-29 24:52:26,2026-02-29 24:52:26,-22.79799833289629,-43.20299322630222,-22.797896047925764,-43.20203009356025,7500.520928390072,4957.272240638558,2543.348687752524,2263654.37325364,626.733038375572,264.35559083808238
2,HBEFA4/PC_petrol_Euro-6ab,Gasoline,2026-02-29 24:52:26,2026-02-29 24:52:26,-22.797896047925764,-43.20203009356025,-22.797785297832496,-43.20207005876797,7500.5328723206585,4957.284284569244,2543.348687752524,2263662.0296230946,626.7348438402548,264.35593982595708
2,HBEFA4/PC_petrol_Euro-6ab,Gasoline,2026-02-29 24:52:26,2026-02-29 24:52:26,-22.797785297832496,-43.20207005876797,-22.797680494723977,-43.20220780770986,7500.545826408468,4957.297228656954,2543.348687752524,2263665.663422462,626.7360878946782,264.35632402725343
2,HBEFA4/PC_petrol_Euro-6ab,Gasoline,2026-02-29 24:52:26,2026-02-29 24:52:26,-22.797680494723977,-43.20220780770986,-22.79757292855243,-43.20224658882002,7500.558042704404,4957.209354952892,2543.348687752524,2263665.663422462,626.7360878946782,264.35632402725343
2,HBEFA4/PC_petrol_Euro-6ab,Gasoline,2026-02-29 24:52:26,2026-02-29 24:52:26,-22.79757292855243,-43.20224658882002,-22.797466749599543,-43.202286720229535,7500.570603322628,4957.222925570225,2543.348687752524,2263668.4266422836,626.7368608472703,264.3566739449322
2,HBEFA4/PC_petrol_Euro-6ab,Gasoline,2026-02-29 24:52:26,2026-02-29 24:52:26,-22.797466749599543,-43.202286720229535,-22.797362723026526,-43.20223225996022,7500.583067562466,4957.234379820952,2543.348687752524,2263670.0060803323,626.7373360622006,264.35702907460265
2,HBEFA4/PC_petrol_Euro-6ab,Gasoline,2026-02-29 24:52:26,2026-02-29 24:52:33,-22.797362723026526,-43.20223225996022,-22.798096222663377,-43.202957959657224,7525.594523439233,4968.9927629002095,2546.602750539023,2268449.494939595,628.2506998450477,264.68494450087584
2,HBEFA4/PC_petrol_Euro-6ab,Gasoline,2026-02-29 24:52:33,2026-02-29 24:52:33,-22.798096222663377,-43.202957959657224,-22.798026843209722,-43.202986542687884,7525.6027593679755,4969.002008828952,2546.602750539023,2268453.068867224,628.2528265029673,264.68528389874953
2,HBEFA4/PC_petrol_Euro-6ab,Gasoline,2026-02-29 24:52:33,2026-02-29 24:52:38,-22.798026843209722,-43.202986542687884,-22.797225722928243,-43.20394662844738,7525.343322622256,4977.044538825867,2548.2987827952898,2272783.3949047704,629.2797404820303,264.89728222596523
2,HBEFA4/PC_petrol_Euro-6ab,Gasoline,2026-02-29 24:52:38,2026-02-29 24:52:38,-22.797225722928243,-43.20394662844738,-22.797202594797508,-43.203963602226905,7525.356224927293,4977.057342222003,2548.2987827952898,2272785.0642002533,629.280235070532,264.8975462807926
2,HBEFA4/PC_petrol_Euro-6ab,Gasoline,2026-02-29 24:52:38,2026-02-29 24:52:42,-22.797202594797508,-43.203963602226905,-22.80070436832874,-43.20928780028679,7535.37650577622,4985.282958557226,2550.094547228984,2274582.024558224,620.0098722637597,265.2242442983624
2,HBEFA4/PC_petrol_Euro-6ab,Gasoline,2026-02-29 24:52:42,2026-02-29 24:52:44,-22.80070436832874,-43.20928780028679,-22.800694824533863,-43.2092360063249,7539.924232026338,4988.762067225294,2552.252263902244,2275809.0032407254,620.3597840859303,265.22046223877082
2,HBEFA4/PC_petrol_Euro-6ab,Gasoline,2026-02-29 24:52:44,2026-02-29 24:52:52,-22.800694824533863,-43.2092360063249,-22.800703856439096,-43.20928502875696,7555.798232968642,5002.952362332272,2553.84587063747,2280239.282227222,622.629475250802,265.54390324972626
2,HBEFA4/PC_petrol_Euro-6ab,Gasoline,2026-02-29 24:52:52,2026-02-29 24:52:52,-22.800703856439096,-43.20928502875696,-22.800687999236823,-43.20929876896202,7555.805834972793,5002.959964335322,2553.84587063747,2280240.8470235425,622.629954825262,265.5442299352963
2,HBEFA4/PC_petrol_Euro-6ab,Gasoline,2026-02-29 24:52:52,2026-02-29 24:52:57,-22.800687999236823,-43.20929876896202,-22.80070255642323,-43.209277989930324,7572.073220404933,5020.350964036459,2560.7222463684743,2284523.7448348436,622.8430862877895,265.88558255246543
2,HBEFA4/PC_petrol_Euro-6ab,Gasoline,2026-02-29 24:52:57,2026-02-29 24:52:57,-22.80070255642323,-43.209277989930324,-22.800687298882832,-43.20929440300904,7572.080002879755,5020.357755522282,2560.7222463684743,2284523.7448348436,622.8430862877895,265.88558255246543
2,HBEFA4/PC_petrol_Euro-6ab,Gasoline,2026-02-29 24:52:57,2026-02-29 24:53:03,-22.800687298882832,-43.20929440300904,-22.80490926272904,-43.20528208624043,7578.98247252209,5026.036777724057,2562.945693788033,2287208.2222434987,623.6422529809384,266.06506659852664
2,HBEFA4/PC_petrol_Euro-6ab,Gasoline,2026-02-29 24:53:03,2026-02-29 24:53:03,-22.80490926272904,-43.20528208624043,-22.804882722405296,-43.20520637542792,7578.985269658837,5026.039475870804,2562.945693788033,2287209.808270829,623.6428268322572,266.06525085277838
2,HBEFA4/PC_petrol_Euro-6ab,Gasoline,2026-02-29 24:53:03,2026-02-29 24:53:05,-22.804882722405296,-43.20520637542792,-22.80264220992254,-43.20270625339508,7582.2897829462235,5027.050060265399,2565.239722780724,2288205.9233949475,623.9085023895228,266.23687522903268
2,HBEFA4/PC_petrol_Euro-6ab,Gasoline,2026-02-29 24:53:05,2026-02-29 24:53:20,-22.80264220992254,-43.20270625339508,-22.800702574272348,-43.20927808603242,7596.227602266435,5024.846543382932,2572.3820588845035,2292924.904038007,624.9453027387259,266.44262859999003
2,HBEFA4/PC_petrol_Euro-6ab,Gasoline,2026-02-29 24:53:20,2026-02-29 24:53:20,-22.800702574272348,-43.20927808603242,-22.8006862724627,-43.209288797723,7596.235242828763,5024.854082934259,2572.3820588845035,2292926.7725798767,624.9458820605475,266.44284437255643
2,HBEFA4/PC_petrol_Euro-6ab,Gasoline,2026-02-29 24:53:20,2026-02-29 24:53:24,-22.8006862724627,-43.209288797723,-22.798200895820326,-43.202956238765064,7607.002865662982,5032.264096250723,2574.7387695222675,2295026.675272302,625.8404308734764,266.67294260767554
2,HBEFA4/PC_petrol_Euro-6ab,Gasoline,2026-02-29 24:53:24,2026-02-29 24:53:25,-22.798200895820326,-43.202956238765064,-22.802642680782023,-43.20270506823887,7608.880026255684,5033.4558550955,2575.4242622602833,2295574.772252627,625.9975808289407,266.72286726942674
2,HBEFA4/PC_petrol_Euro-6ab,Gasoline,2026-02-29 24:53:25,2026-02-29 24:53:27,-22.802642680782023,-43.20270506823887,-22.804922647425835,-43.205278708562826,7640.598829052783,5056.525242968282,2584.0736870836027,2203820.2746306066,628.3498908429996,267.39649665627594
2,HBEFA4/PC_petrol_Euro-6ab,Gasoline,2026-02-29 24:53:27,2026-02-29 24:53:27,-22.804922647425835,-43.205278708562826,-22.804883357263666,-43.205205768284044,7640.602522727022,5056.527834643429,2584.0736870836027,2203820.2746306066,628.3498908429996,267.39649665627594
2,HBEFA4/PC_petrol_Euro-6ab,Gasoline,2026-02-29 24:53:27,2026-02-29 24:53:27,-22.804883357263666,-43.205205768284044,-22.804846252439826,-43.20524225999852,7640.605709223223,5056.532022239622,2584.0736870836027,2203823.804672828,628.3522299394694,267.39662666322225
2,HBEFA4/PC_petrol_Euro-6ab,Gasoline,2026-02-29 24:53:27,2026-02-29 24:53:27,-22.804846252439826,-43.20524225999852,-22.80479858689297,-43.20528685222678,7640.622202620253,5056.537524526552,2584.0736870836027,2203827.3422296293,628.3524624982997,267.39679223249374
2,HBEFA4/PC_petrol_Euro-6ab,Gasoline,2026-02-29 24:53:27,2026-02-29 24:53:28,-22.80479858689297,-43.20528685222678,-22.80264275524779,-43.20270489673492,7642.2540277722835,5056.882329547275,2585.3726882239087,2204302.5454667006,628.4756923387037,267.43265327690634
2,HBEFA4/PC_petrol_Euro-6ab,Gasoline,2026-02-29 24:53:28,2026-02-29 24:53:33,-22.80264275524779,-43.20270489673492,-22.797937402070293,-43.20463873088849,7654.623226684294,5066.042054325682,2588.582262358522,2207955.4244320937,629.5467099572222,267.70453936029646
2,HBEFA4/PC_petrol_Euro-6ab,Gasoline,2026-02-29 24:53:33,2026-02-29 24:53:34,-22.797937402070293,-43.20463873088849,-22.798292275287778,-43.204586678440226,7658.492879570424,5068.965283088703,2589.5265964827228,2209204.6349247824,629.890427745227,267.79280852828052
2,HBEFA4/PC_petrol_Euro-6ab,Gasoline,2026-02-29 24:53:34,2026-02-29 24:53:52,-22.798292275287778,-43.204586678440226,-22.802640327589383,-43.20272049288262,7703.77679268045,5097.089880692928,2606.686922988522,2223235.6227662705,633.8999624053492,268.78988344807567
2,HBEFA4/PC_petrol_Euro-6ab,Gasoline,2026-02-29 24:53:52,2026-02-29 24:53:52,-22.802640327589383,-43.20272049288262,-22.802622250364672,-43.202754692404265,7703.780665362725,5097.093753373204,2606.686922988522,2223235.6227662705,633.8999624053492,268.78988344807567
2,HBEFA4/PC_petrol_Euro-6ab,Gasoline,2026-02-29 24:53:52,2026-02-29 24:53:52,-22.802622250364672,-43.202754692404265,-22.802604623730698,-43.2028256847734,7703.7856774295925,5097.098765442069,2606.686922988522,2223238.807904782,633.9020993675349,268.790034280576
2,HBEFA4/PC_petrol_Euro-6ab,Gasoline,2026-02-29 24:53:52,2026-02-29 24:53:52,-22.802604623730698,-43.2028256847734,-22.80262643428258,-43.202886394702965,7703.792330475382,5097.20542848686,2606.686922988522,2223243.2690994697,633.9025672282263,268.79023225078402
2,HBEFA4/PC_petrol_Euro-6ab,Gasoline,2026-02-29 24:53:52,2026-02-29 24:53:52,-22.80262643428258,-43.202886394702965,-22.80299604787898,-43.20204629675386,7703.832945022826,5097.245033034295,2606.686922988522,2223262.834234347,633.9082822448969,268.7923862397526
2,HBEFA4/PC_petrol_Euro-6ab,Gasoline,2026-02-29 24:53:52,2026-02-29 24:53:52,-22.80299604787898,-43.20204629675386,-22.80309924376867,-43.202090095253466,7703.844924483062,5097.25800249454,2606.686922988522,2223266.622064223,633.9093063574627,268.7927596420299
2,HBEFA4/PC_petrol_Euro-6ab,Gasoline,2026-02-29 24:53:52,2026-02-29 24:53:52,-22.80309924376867,-43.202090095253466,-22.803200724262007,-43.20223324982776,7703.857285552258,5097.270273562736,2606.686922988522,2223266.622064223,633.9093063574627,268.7927596420299
2,HBEFA4/PC_petrol_Euro-6ab,Gasoline,2026-02-29 24:53:52,2026-02-29 24:53:52,-22.803200724262007,-43.20223324982776,-22.803303338695983,-43.20227705486569,7703.869276249266,5097.282364260645,2606.686922988522,2223267.965849302,633.9097209470259,268.7922034976786
2,HBEFA4/PC_petrol_Euro-6ab,Gasoline,2026-02-29 24:53:52,2026-02-29 24:53:52,-22.803303338695983,-43.20227705486569,-22.803409424948246,-43.202222352095454,7703.882497972442,5097.29458598392,2606.686922988522,2223270.242822859,633.920349069028,268.79245259328657
2,HBEFA4/PC_petrol_Euro-6ab,Gasoline,2026-02-29 24:53:52,2026-02-29 24:53:57,-22.803409424948246,-43.202222352095454,-22.804926672708224,-43.20527390285292,7727.727256690342,5207.537302972026,2620.279953729325,2227205.773820827,635.0425660227546,269.08455230646862
2,HBEFA4/PC_petrol_Euro-6ab,Gasoline,2026-02-29 24:53:57,2026-02-29 24:53:57,-22.804926672708224,-43.20527390285292,-22.804886299842738,-43.20520304924879,7727.720397885329,5207.540444266023,2620.279953729325,2227207.832648785,635.0422942259935,269.08464962408434
2,HBEFA4/PC_petrol_Euro-6ab,Gasoline,2026-02-29 24:53:57,2026-02-29 24:54:08,-22.804886299842738,-43.20520304924879,-22.800704462706666,-43.20928832234239,7742.0568709422955,5222.829629547497,2628.237252393699,2233709.3987289853,636.9068228722028,269.59920375292284
2,HBEFA4/PC_petrol_Euro-6ab,Gasoline,2026-02-29 24:54:08,2026-02-29 24:54:08,-22.800704462706666,-43.20928832234239,-22.80068943283798,-43.20920659080766,7742.063672323226,5222.826429929527,2628.237252393699,2233722.265292398,636.9074085292296,269.59939922840246
2,HBEFA4/PC_petrol_Euro-6ab,Gasoline,2026-02-29 24:54:08,2026-02-29 24:54:08,-22.80068943283798,-43.20920659080766,-22.800672824220648,-43.209220468486905,7742.072225424386,5222.834974020687,2628.237252393699,2233726.4026839447,636.9090007355222,269.59965059564766
2,HBEFA4/PC_petrol_Euro-6ab,Gasoline,2026-02-29 24:54:08,2026-02-29 24:54:24,-22.800672824220648,-43.209220468486905,-22.798067436965574,-43.203275464620766,7777.886960439222,5250.090250767288,2627.796809672834,2244029.806205529,639.8692665244223,270.3998593765748
2,HBEFA4/PC_petrol_Euro-6ab,Gasoline,2026-02-29 24:54:24,2026-02-29 24:54:24,-22.798067436965574,-43.203275464620766,-22.79799735236,-43.2032646223524,7777.899282645257,5250.202472973423,2627.796809672834,2244029.806205529,639.8692665244223,270.3998593765748
2,HBEFA4/PC_petrol_Euro-6ab,Gasoline,2026-02-29 24:54:24,2026-02-29 24:54:24,-22.79799735236,-43.2032646223524,-22.797897273254806,-43.203303885924366,7777.922446723502,5250.224637042667,2627.796809672834,2244032.2202967766,639.8695968277327,270.40020546970222
2,HBEFA4/PC_petrol_Euro-6ab,Gasoline,2026-02-29 24:54:24,2026-02-29 24:54:24,-22.797897273254806,-43.203303885924366,-22.797789022725967,-43.20328234327292,7777.923586084338,5250.226776422504,2627.796809672834,2244032.982222342,639.8702277873633,270.400552454244
2,HBEFA4/PC_petrol_Euro-6ab,Gasoline,2026-02-29 24:54:24,2026-02-29 24:54:24,-22.797789022725967,-43.20328234327292,-22.797693520345926,-43.20322037549779,7777.935994522309,5250.2392848504745,2627.796809672834,2244035.5422396047,639.8708432266654,270.40090662722362
2,HBEFA4/PC_petrol_Euro-6ab,Gasoline,2026-02-29 24:54:24,2026-02-29 24:54:30,-22.797693520345926,-43.20322037549779,-22.80492637443645,-43.20527428725086,7790.867266298472,5256.582590078008,2634.2846762204637,2248226.722266292,642.0348257692882,270.6892294762874
2,HBEFA4/PC_petrol_Euro-6ab,Gasoline,2026-02-29 24:54:30,2026-02-29 24:54:30,-22.80492637443645,-43.20527428725086,-22.80489025483608,-43.20529927063543,7790.869742035392,5256.585065924927,2634.2846762204637,2248226.722266292,642.0348257692882,270.6892294762874
2,HBEFA4/PC_petrol_Euro-6ab,Gasoline,2026-02-29 24:54:30,2026-02-29 24:54:33,-22.80489025483608,-43.20529927063543,-22.7980648692447,-43.20296922762824,7797.6952849229805,5262.204245687226,2635.5920392247542,2250236.7736955592,642.6072625820325,270.83736223290843
2,HBEFA4/PC_petrol_Euro-6ab,Gasoline,2026-02-29 24:54:33,2026-02-29 24:54:39,-22.7980648692447,-43.20296922762824,-22.804920675062333,-43.2052796386233,7822.626209826222,5270.756949252709,2642.8592605734023,2254948.282259526,642.9822594344542,272.2746922379892
2,HBEFA4/PC_petrol_Euro-6ab,Gasoline,2026-02-29 24:54:39,2026-02-29 24:54:39,-22.804920675062333,-43.2052796386233,-22.804878485622867,-43.20522042792336,7822.629475654542,5270.760325082239,2642.8592605734023,2254950.5904828697,642.9820420322897,272.27479565822063
2,HBEFA4/PC_petrol_Euro-6ab,Gasoline,2026-02-29 24:54:39,2026-02-29 24:54:52,-22.804878485622867,-43.20522042792336,-22.797945984622726,-43.20463768293477,7844.828253333095,5292.922465220067,2652.905688223028,2264250.2202723033,645.6337747477296,272.88330690473209
2,HBEFA4/PC_petrol_Euro-6ab,Gasoline,2026-02-29 24:54:52,2026-02-29 24:54:52,-22.797945984622726,-43.20463768293477,-22.79787265025568,-43.204646637274224,7844.825277499826,5292.929589286798,2652.905688223028,2264252.4258092337,645.6344706384992,272.8835220320209
2,HBEFA4/PC_petrol_Euro-6ab,Gasoline,2026-02-29 24:54:52,2026-02-29 24:54:52,-22.79787265025568,-43.204646637274224,-22.79778392564044,-43.204648866002465,7844.833450825939,5292.927762602922,2652.905688223028,2264256.070044286,645.6356259375382,272.88374962680702
2,HBEFA4/PC_petrol_Euro-6ab,Gasoline,2026-02-29 24:54:52,2026-02-29 24:54:52,-22.79778392564044,-43.204648866002465,-22.797679729785045,-43.20464429470372,7844.84330857775,5292.937620364722,2652.905688223028,2264262.48936932,645.6372095230709,272.88403768820453
2,HBEFA4/PC_petrol_Euro-6ab,Gasoline,2026-02-29 24:54:52,2026-02-29 24:54:52,-22.797679729785045,-43.20464429470372,-22.79757042252987,-43.20463949869764,7844.85485620247,5292.949267989442,2652.905688223028,2264267.522826252,645.638872557702,272.8843743276339
2,HBEFA4/PC_petrol_Euro-6ab,Gasoline,2026-02-29 24:54:52,2026-02-29 24:54:52,-22.79757042252987,-43.20463949869764,-22.79745822896982,-43.20463457222583,7844.866972466532,5292.962283253504,2652.905688223028,2264270.8273524705,645.6397962964332,272.88472232979428
2,HBEFA4/PC_petrol_Euro-6ab,Gasoline,2026-02-29 24:54:52,2026-02-29 24:54:52,-22.79745822896982,-43.20463457222583,-22.798206572938966,-43.202954292323036,7847.243205282377,5293.869204794202,2653.3742004882763,2265064.0832007327,645.8802959289372,272.93634093695852
2,HBEFA4/PC_petrol_Euro-6ab,Gasoline,2026-02-29 24:54:52,2026-02-29 24:55:28,-22.798206572938966,-43.202954292323036,-22.80070573266533,-43.20929528202502,7925.405257346209,5237.5868526254095,2677.828405720798,2285564.924603353,652.750289356223,273.44887875329296
2,HBEFA4/PC_petrol_Euro-6ab,Gasoline,2026-02-29 24:55:28,2026-02-29 24:55:28,-22.80070573266533,-43.20929528202502,-22.800689843774656,-43.209208832756225,7925.4227520206285,5237.59434628982,2677.828405720798,2285566.724929647,652.7508473454424,273.44909322298927
2,HBEFA4/PC_petrol_Euro-6ab,Gasoline,2026-02-29 24:55:28,2026-02-29 24:55:28,-22.800689843774656,-43.209208832756225,-22.800670623366258,-43.20920392755072,7925.422790768437,5237.603385047639,2677.828405720798,2285572.5859222684,652.7523242337606,273.4493573043072
2,HBEFA4/PC_petrol_Euro-6ab,Gasoline,2026-02-29 24:55:28,2026-02-29 24:55:28,-22.800670623366258,-43.20920392755072,-22.800648569204238,-43.20898365286396,7925.432772365424,5237.624365644626,2677.828405720798,2285578.0096325593,652.7542302799258,273.44967872627206
2,HBEFA4/PC_petrol_Euro-6ab,Gasoline,2026-02-29 24:55:28,2026-02-29 24:55:28,-22.800648569204238,-43.20898365286396,-22.80062742872827,-43.20886826227396,7925.445358573323,5237.6269528525245,2677.828405720798,2285584.2972333055,652.7557822020594,273.45004523683427
2,HBEFA4/PC_petrol_Euro-6ab,Gasoline,2026-02-29 24:55:28,2026-02-29 24:55:28,-22.80062742872827,-43.20886826227396,-22.80060520406706,-43.208747067497505,7925.457435445206,5237.639029724408,2677.828405720798,2285584.2972333055,652.7557822020594,273.45004523683427
2,HBEFA4/PC_petrol_Euro-6ab,Gasoline,2026-02-29 24:55:28,2026-02-29 24:55:28,-22.80060520406706,-43.208747067497505,-22.80058398308748,-43.208632294329055,7925.470229902535,5237.652724282736,2677.828405720798,2285587.7082422303,652.7567453242427,273.45042002892268
2,HBEFA4/PC_petrol_Euro-6ab,Gasoline,2026-02-29 24:55:28,2026-02-29 24:55:28,-22.80058398308748,-43.208632294329055,-22.800562469299576,-43.208526204038524,7925.482236930427,5237.663832209628,2677.828405720798,2285587.7082422303,652.7567453242427,273.45042002892268
2,HBEFA4/PC_petrol_Euro-6ab,Gasoline,2026-02-29 24:55:28,2026-02-29 24:55:28,-22.800562469299576,-43.208526204038524,-22.80053834952032,-43.20839447566598,7925.494292826026,5237.675886095228,2677.828405720798,2285589.3680588305,652.7572399359625,273.45075338337267
2,HBEFA4/PC_petrol_Euro-6ab,Gasoline,2026-02-29 24:55:28,2026-02-29 24:55:28,-22.80053834952032,-43.20839447566598,-22.800524344854022,-43.20827332824824,7925.50707245288,5237.688666732082,2677.828405720798,2285593.2296389567,652.7582884078328,273.4522225337244
2,HBEFA4/PC_petrol_Euro-6ab,Gasoline,2026-02-29 24:55:28,2026-02-29 24:55:28,-22.800524344854022,-43.20827332824824,-22.80049080028424,-43.208254502839776,7925.5297920986675,5237.702386377869,2677.828405720798,2285594.9275002247,652.7587905684242,273.4524842940659
2,HBEFA4/PC_petrol_Euro-6ab,Gasoline,2026-02-29 24:55:28,2026-02-29 24:55:22,-22.80049080028424,-43.208254502839776,-22.80264292492882,-43.20270452848732,7922.555466753622,5242.420380232626,2680.2450865220054,2287634.8986087376,652.3288590982765,273.60542262458847
2,HBEFA4/PC_petrol_Euro-6ab,Gasoline,2026-02-29 24:55:22,2026-02-29 24:55:22,-22.80264292492882,-43.20270452848732,-22.802624222727657,-43.20274763423639,7922.558559249423,5242.423472628427,2680.2450865220054,2287634.8986087376,652.3288590982765,273.60542262458847
2,HBEFA4/PC_petrol_Euro-6ab,Gasoline,2026-02-29 24:55:22,2026-02-29 24:55:23,-22.802624222727657,-43.20274763423639,-22.80264285992923,-43.2027069600757,7928.329074975338,5245.239964770475,2683.0792202048624,2289225.287929228,652.763072888774,273.73560702495624
2,HBEFA4/PC_petrol_Euro-6ab,Gasoline,2026-02-29 24:55:23,2026-02-29 24:55:27,-22.80264285992923,-43.2027069600757,-22.80070253738525,-43.20927788685024,7942.264964542922,5253.609237486405,2687.655827056525,2292736.832497253,653.758909502927,274.02228459943677
2,HBEFA4/PC_petrol_Euro-6ab,Gasoline,2026-02-29 24:55:27,2026-02-29 24:55:30,-22.80070253738525,-43.20927788685024,-22.800703066934425,-43.20928075405,7948.099828743072,5260.02956475275,2688.070263990322,2294456.529066604,654.2678525366928,274.26520467225875
2,HBEFA4/PC_petrol_Euro-6ab,Gasoline,2026-02-29 24:55:30,2026-02-29 24:55:32,-22.800703066934425,-43.20928075405,-22.804922779573303,-43.20527858225375,7956.026399653495,5262.222379653927,2693.8940299995673,2296794.839072246,654.8767208223587,274.34892506742946
2,HBEFA4/PC_petrol_Euro-6ab,Gasoline,2026-02-29 24:55:32,2026-02-29 24:55:34,-22.804922779573303,-43.20527858225375,-22.80070306502636,-43.20928074366485,7960.527094074083,5264.486025823282,2696.0420682609027,2298034.9284743826,655.2239928837926,274.44628073605375
2,HBEFA4/PC_petrol_Euro-6ab,Gasoline,2026-02-29 24:55:34,2026-02-29 24:55:36,-22.80070306502636,-43.20928074366485,-22.79806783077446,-43.203274857929585,7966.237325704492,5269.3582245652525,2696.87922223934,2299627.95962387,655.6830322348202,274.56933457842965
2,HBEFA4/PC_petrol_Euro-6ab,Gasoline,2026-02-29 24:55:36,2026-02-29 24:55:40,-22.79806783077446,-43.203274857929585,-22.802647967539684,-43.202692882973276,7977.435867742902,5277.205825285782,2700.2300424562295,2302473.299226482,656.4854349707282,274.82484937450475
2,HBEFA4/PC_petrol_Euro-6ab,Gasoline,2026-02-29 24:55:40,2026-02-29 24:55:52,-22.802647967539684,-43.202692882973276,-22.80070294052502,-43.20928006962696,8003.926277206492,5295.585952244259,2708.3403259622332,2320726.224276452,658.8787092283834,275.40570227233075
2,HBEFA4/PC_petrol_Euro-6ab,Gasoline,2026-02-29 24:55:52,2026-02-29 24:55:52,-22.80070294052502,-43.20928006962696,-22.800686852258787,-43.20929252239202,8003.933744253728,5295.5934282924945,2708.3403259622332,2320728.568023744,658.879448922398,275.40592622702624
2,HBEFA4/PC_petrol_Euro-6ab,Gasoline,2026-02-29 24:55:52,2026-02-29 24:55:52,-22.800686852258787,-43.20929252239202,-22.800668233370525,-43.20909038748502,8003.942908988837,5295.6025830266035,2708.3403259622332,2320733.7882929523,658.8820266766749,275.40628457355822
2,HBEFA4/PC_petrol_Euro-6ab,Gasoline,2026-02-29 24:55:52,2026-02-29 24:55:52,-22.800668233370525,-43.20909038748502,-22.80064746792264,-43.20897764364823,8003.953597444457,5295.623272482223,2708.3403259622332,2320739.2229037226,658.8825462800927,275.40649567439222
2,HBEFA4/PC_petrol_Euro-6ab,Gasoline,2026-02-29 24:55:52,2026-02-29 24:55:52,-22.80064746792264,-43.20897764364823,-22.800625278543286,-43.20885604069798,8003.965397403328,5295.625072442085,2708.3403259622332,2320743.753230002,658.8838298285343,275.40683698729293
2,HBEFA4/PC_petrol_Euro-6ab,Gasoline,2026-02-29 24:55:52,2026-02-29 24:55:52,-22.800625278543286,-43.20885604069798,-22.80060334927293,-43.20873694846297,8003.978224576477,5295.637798624244,2708.3403259622332,2320748.242372098,658.885026396529,275.40720449406766
2,HBEFA4/PC_petrol_Euro-6ab,Gasoline,2026-02-29 24:55:52,2026-02-29 24:55:54,-22.80060334927293,-43.20873694846297,-22.804926432843097,-43.20527423224229,8022.764620737762,5302.592292599022,2722.272328238752,2323069.772042282,659.5450302552396,275.59739664555084
2,HBEFA4/PC_petrol_Euro-6ab,Gasoline,2026-02-29 24:55:54,2026-02-29 24:55:58,-22.804926432843097,-43.20527423224229,-22.798083275837835,-43.202962627445724,8025.882358686989,5306.859605978969,2729.022752708022,2327026.485746726,660.6234340003628,275.89424957432479
2,HBEFA4/PC_petrol_Euro-6ab,Gasoline,2026-02-29 24:55:58,2026-02-29 24:55:58,-22.798083275837835,-43.202962627445724,-22.79798282995244,-43.20299926628622,8025.892542283555,5306.869788475535,2729.022752708022,2327032.4293006367,660.624869567232,275.8944457238424
2,HBEFA4/PC_petrol_Euro-6ab,Gasoline,2026-02-29 24:55:58,2026-02-29 24:56:03,-22.79798282995244,-43.20299926628622,-22.80264085379357,-43.20270927906328,8039.0527508322325,5326.64323636979,2722.409524462442,2320978.3976572285,662.7620646466226,276.2822200930847
2,HBEFA4/PC_petrol_Euro-6ab,Gasoline,2026-02-29 24:56:03,2026-02-29 24:56:03,-22.80264085379357,-43.20270927906328,-22.802620957722484,-43.20275523642655,8039.056477835437,5326.646963373995,2722.409524462442,2320978.3976572285,662.7620646466226,276.2822200930847
2,HBEFA4/PC_petrol_Euro-6ab,Gasoline,2026-02-29 24:56:03,2026-02-29 24:56:03,-22.802620957722484,-43.20275523642655,-22.802604695742095,-43.20282347506826,8039.062677777852,5326.652263326409,2722.409524462442,2320982.2245689667,662.762400004828,276.2822674453374
2,HBEFA4/PC_petrol_Euro-6ab,Gasoline,2026-02-29 24:56:03,2026-02-29 24:56:03,-22.802604695742095,-43.20282347506826,-22.802622935026764,-43.202882642270224,8039.06805338925,5326.658538927808,2722.409524462442,2320985.638754259,662.7635835260427,276.28245565594276
2,HBEFA4/PC_petrol_Euro-6ab,Gasoline,2026-02-29 24:56:03,2026-02-29 24:56:23,-22.802622935026764,-43.202882642270224,-22.798220207530723,-43.203080202222524,8065.025922502962,5336.280894620324,2728.7450278826464,2328539.7627843246,663.9588403042492,276.73497572239398
2,HBEFA4/PC_petrol_Euro-6ab,Gasoline,2026-02-29 24:56:23,2026-02-29 24:56:23,-22.798220207530723,-43.203080202222524,-22.798056934560523,-43.2032926443253,8065.038089073805,5336.293062292258,2728.7450278826464,2328539.7627843246,663.9588403042492,276.73497572239398
2,HBEFA4/PC_petrol_Euro-6ab,Gasoline,2026-02-29 24:56:23,2026-02-29 24:56:23,-22.798056934560523,-43.2032926443253,-22.797977373203034,-43.20327873422463,8065.052020653663,5336.305982772027,2728.7450278826464,2328543.7232237334,663.9599228924663,276.73534823982224
2,HBEFA4/PC_petrol_Euro-6ab,Gasoline,2026-02-29 24:56:23,2026-02-29 24:56:23,-22.797977373203034,-43.20327873422463,-22.797866420220004,-43.203304823383376,8065.06379258802,5336.328763706363,2728.7450278826464,2328545.2066502008,663.9603604403629,276.73572233030066
2,HBEFA4/PC_petrol_Euro-6ab,Gasoline,2026-02-29 24:56:23,2026-02-29 24:56:20,-22.797866420220004,-43.203304823383376,-22.79794940722725,-43.20463726503724,8084.722205272063,5350.990662375798,2733.732543795266,2333424.6348959823,665.3577464972206,277.25962059596944
2,HBEFA4/PC_petrol_Euro-6ab,Gasoline,2026-02-29 24:56:20,2026-02-29 24:56:20,-22.79794940722725,-43.20463726503724,-22.79787522242932,-43.2046463245358,8084.728726052686,5350.997282257422,2733.732543795266,2333424.6348959823,665.3577464972206,277.25962059596944
2,HBEFA4/PC_petrol_Euro-6ab,Gasoline,2026-02-29 24:56:20,2026-02-29 24:56:40,-22.79787522242932,-43.2046463245358,-22.80492462988325,-43.20527586538735,8233.709642058535,5385.649659808297,2748.0599822502377,2347822.2965095736,669.5530443362483,278.24829230042058
2,HBEFA4/PC_petrol_Euro-6ab,Gasoline,2026-02-29 24:56:40,2026-02-29 24:56:40,-22.80492462988325,-43.20527586538735,-22.804885808799827,-43.2052034232825,8233.7226027435985,5385.65262949336,2748.0599822502377,2347822.2965095736,669.5530443362483,278.24829230042058
2,HBEFA4/PC_petrol_Euro-6ab,Gasoline,2026-02-29 24:56:40,2026-02-29 24:56:40,-22.804885808799827,-43.2052034232825,-22.804845492529236,-43.20524298685472,8233.726866347886,5385.656884097648,2748.0599822502377,2347824.484304829,669.5542649958508,278.2483235322764
2,HBEFA4/PC_petrol_Euro-6ab,Gasoline,2026-02-29 24:56:40,2026-02-29 24:56:40,-22.804845492529236,-43.20524298685472,-22.8047942304342,-43.205292028274506,8233.722834092729,5385.662852842492,2748.0599822502377,2347828.760028756,669.5557527702292,278.24850292554066
2,HBEFA4/PC_petrol_Euro-6ab,Gasoline,2026-02-29 24:56:40,2026-02-29 24:56:40,-22.8047942304342,-43.205292028274506,-22.80473374082022,-43.20534887652772,8233.730422733055,5385.670439482827,2748.0599822502377,2347823.3460796666,669.5572330752608,278.24872672292527
2,HBEFA4/PC_petrol_Euro-6ab,Gasoline,2026-02-29 24:56:40,2026-02-29 24:56:40,-22.80473374082022,-43.20534887652772,-22.80466457270292,-43.205425036729565,8233.739375373297,5385.679393222959,2748.0599822502377,2347827.825603545,669.5585954438936,278.24898769868202
2,HBEFA4/PC_petrol_Euro-6ab,Gasoline,2026-02-29 24:56:40,2026-02-29 24:56:40,-22.80466457270292,-43.205425036729565,-22.80458632624287,-43.20548988787943,8233.749623742246,5385.689632492008,2748.0599822502377,2347832.454965773,669.5599443992774,278.24928482232976
2,HBEFA4/PC_petrol_Euro-6ab,Gasoline,2026-02-29 24:56:40,2026-02-29 24:56:40,-22.80458632624287,-43.20548988787943,-22.804536573637638,-43.20553746649725,8233.762297059467,5385.70222480923,2748.0599822502377,2347837.6245005254,669.5623777025479,278.2496209097252
2,HBEFA4/PC_petrol_Euro-6ab,Gasoline,2026-02-29 24:56:40,2026-02-29 24:56:58,-22.804536573637638,-43.20553746649725,-22.802643778630802,-43.20270253776422,8277.462302222369,5427.9983786647845,2759.4639225575847,2362442.4377522223,673.5253922282243,279.29288547276832
2,HBEFA4/PC_petrol_Euro-6ab,Gasoline,2026-02-29 24:56:58,2026-02-29 24:56:58,-22.802643778630802,-43.20270253776422,-22.802622980646983,-43.2027527787334,8277.4662034236325,5428.002280856047,2759.4639225575847,2362442.4377522223,673.5253922282243,279.29288547276832
2,HBEFA4/PC_petrol_Euro-6ab,Gasoline,2026-02-29 24:56:58,2026-02-29 24:56:58,-22.802622980646983,-43.2027527787334,-22.802604394423493,-43.20282272257527,8277.472800432027,5428.007877873432,2759.4639225575847,2362445.939056972,673.5269864582433,279.29205830470887
2,HBEFA4/PC_petrol_Euro-6ab,Gasoline,2026-02-29 24:56:58,2026-02-29 24:56:58,-22.802604394423493,-43.20282272257527,-22.80263727025232,-43.202895390723084,8277.479393630634,5428.025472073049,2759.4639225575847,2362452.0352603623,673.5286353292506,279.2922835292622
2,HBEFA4/PC_petrol_Euro-6ab,Gasoline,2026-02-29 24:56:58,2026-02-29 24:56:58,-22.80263727025232,-43.202895390723084,-22.803028097703428,-43.202059922527545,8277.522469406999,5428.058546849425,2759.4639225575847,2362470.52993722,673.5342704020475,279.2935345222686
2,HBEFA4/PC_petrol_Euro-6ab,Gasoline,2026-02-29 24:56:58,2026-02-29 24:56:58,-22.803028097703428,-43.202059922527545,-22.803235455308424,-43.20220552246222,8277.535069238222,5428.072246680536,2759.4639225575847,2362472.8066262443,673.5345678853546,279.29389308023528
2,HBEFA4/PC_petrol_Euro-6ab,Gasoline,2026-02-29 24:56:58,2026-02-29 24:56:58,-22.803235455308424,-43.20220552246222,-22.80324435235825,-43.20225286829296,8277.547847560658,5428.083925003073,2759.4639225575847,2362474.262273262,673.5352367470277,279.29425865592092
2,HBEFA4/PC_petrol_Euro-6ab,Gasoline,2026-02-29 24:56:58,2026-02-29 24:56:58,-22.80324435235825,-43.20225286829296,-22.803346425707658,-43.202295448092686,8277.560822272023,5428.096889624439,2759.4639225575847,2362476.5582662238,673.5359239082432,279.29462973028324
2,HBEFA4/PC_petrol_Euro-6ab,Gasoline,2026-02-29 24:56:58,2026-02-29 24:57:22,-22.803346425707658,-43.202295448092686,-22.802637384537326,-43.202727275262824,8238.35256238627,5459.828808286425,2778.5237540997546,2379293.039560222,678.6430707246584,280.52229086253297
2,HBEFA4/PC_petrol_Euro-6ab,Gasoline,2026-02-29 24:57:22,2026-02-29 24:57:22,-22.802637384537326,-43.202727275262824,-22.80262833260886,-43.20276228688973,8238.356094543959,5459.8323404442035,2778.5237540997546,2379293.039560222,678.6430707246584,280.52229086253297
2,HBEFA4/PC_petrol_Euro-6ab,Gasoline,2026-02-29 24:57:22,2026-02-29 24:57:22,-22.80262833260886,-43.20276228688973,-22.802604429874942,-43.20282294026854,8238.362073864482,5459.837329764727,2778.5237540997546,2379296.6783268875,678.6443866879579,280.52234209436256
2,HBEFA4/PC_petrol_Euro-6ab,Gasoline,2026-02-29 24:57:22,2026-02-29 24:57:22,-22.802604429874942,-43.20282294026854,-22.8026287385842,-43.2028883078238,8238.367633337623,5459.843879237859,2778.5237540997546,2379300.9223985365,678.6458257922588,280.5225372056329
2,HBEFA4/PC_petrol_Euro-6ab,Gasoline,2026-02-29 24:57:22,2026-02-29 24:57:22,-22.8026287385842,-43.2028883078238,-22.802996038609248,-43.20204629282575,8238.406863296692,5459.883209296937,2778.5237540997546,2379320.483723546,678.6525294648042,280.5226802877785
2,HBEFA4/PC_petrol_Euro-6ab,Gasoline,2026-02-29 24:57:22,2026-02-29 24:57:22,-22.802996038609248,-43.20204629282575,-22.80320499456286,-43.20209258075822,8238.42957337969,5459.8958292799355,2778.5237540997546,2379323.7569433753,678.6524225689292,280.52304542275938
2,HBEFA4/PC_petrol_Euro-6ab,Gasoline,2026-02-29 24:57:22,2026-02-29 24:57:22,-22.80320499456286,-43.20209258075822,-22.803222302564733,-43.20223775645472,8238.432542946582,5459.908787846827,2778.5237540997546,2379326.353362208,678.6532502435322,280.5234269430495
2,HBEFA4/PC_petrol_Euro-6ab,Gasoline,2026-02-29 24:57:22,2026-02-29 24:57:22,-22.803222302564733,-43.20223775645472,-22.803325588092797,-43.20228228526986,8238.445295722935,5459.92244262328,2778.5237540997546,2379326.353362208,678.6532502435322,280.5234269430495
2,HBEFA4/PC_petrol_Euro-6ab,Gasoline,2026-02-29 24:57:22,2026-02-29 24:57:22,-22.803325588092797,-43.20228228526986,-22.80342329905758,-43.20222827623606,8238.457626960444,5459.93386286069,2778.5237540997546,2379326.353362208,678.6532502435322,280.5234269430495
2,HBEFA4/PC_petrol_Euro-6ab,Gasoline,2026-02-29 24:57:22,2026-02-29 24:57:22,-22.80342329905758,-43.20222827623606,-22.80352527778547,-43.202270642843625,8238.470446083253,5459.946692983498,2778.5237540997546,2379329.343232302,678.653979207403,280.52378505836526
2,HBEFA4/PC_petrol_Euro-6ab,Gasoline,2026-02-29 24:57:22,2026-02-29 24:57:22,-22.80352527778547,-43.202270642843625,-22.803639593548564,-43.20227840307594,8238.482549903676,5459.958795803922,2778.5237540997546,2379329.343232302,678.653979207403,280.52378505836526
2,HBEFA4/PC_petrol_Euro-6ab,Gasoline,2026-02-29 24:57:22,2026-02-29 24:57:26,-22.803639593548564,-43.20227840307594,-22.802642849090557,-43.20270468022232,8249.406579546225,5469.625599232025,2779.7809804252203,2382850.8830079087,679.390428830828,280.75264473346726
2,HBEFA4/PC_petrol_Euro-6ab,Gasoline,2026-02-29 24:57:26,2026-02-29 24:57:36,-22.802642849090557,-43.20270468022232,-22.800702082267466,-43.209270002825534,8276.77508984445,5487.573867533729,2789.2022223207227,2389737.8295976294,682.6358628972904,282.35589420705077
2,HBEFA4/PC_petrol_Euro-6ab,Gasoline,2026-02-29 24:57:36,2026-02-29 24:57:36,-22.800702082267466,-43.209270002825534,-22.800686473920236,-43.20929044778239,8276.782208063592,5487.580985752872,2789.2022223207227,2389740.298653037,682.6366225552862,282.3560995409375
2,HBEFA4/PC_petrol_Euro-6ab,Gasoline,2026-02-29 24:57:36,2026-02-29 24:57:36,-22.800686473920236,-43.20929044778239,-22.80066986429986,-43.20909983088306,8276.790534969662,5487.589322658939,2789.2022223207227,2389744.2964686722,682.6378690733264,282.35634225788085
2,HBEFA4/PC_petrol_Euro-6ab,Gasoline,2026-02-29 24:57:36,2026-02-29 24:57:36,-22.80066986429986,-43.20909983088306,-22.800650847978847,-43.208996084083246,8276.800029082768,5487.598796772046,2789.2022223207227,2389748.362672528,682.639224444695,282.35662720345223
2,HBEFA4/PC_petrol_Euro-6ab,Gasoline,2026-02-29 24:57:36,2026-02-29 24:57:36,-22.800650847978847,-43.208996084083246,-22.800629269639675,-43.20887836022928,8276.820877396283,5487.609655085462,2789.2022223207227,2389753.3853227286,682.6405428972249,282.35693250492486
2,HBEFA4/PC_petrol_Euro-6ab,Gasoline,2026-02-29 24:57:36,2026-02-29 24:57:46,-22.800629269639675,-43.20887836022928,-22.798076984628728,-43.20296485959882,8303.997534068247,5503.877740465547,2800.2297936025997,2397305.625370727,683.760034847738,282.96029242866428
2,HBEFA4/PC_petrol_Euro-6ab,Gasoline,2026-02-29 24:57:46,2026-02-29 24:57:46,-22.798076984628728,-43.20296485959882,-22.797984369670704,-43.20299825052928,8304.006604239262,5503.886820536662,2800.2297936025997,2397309.7984296456,683.7623022932652,282.96055497755268
2,HBEFA4/PC_petrol_Euro-6ab,Gasoline,2026-02-29 24:57:46,2026-02-29 24:57:46,-22.797984369670704,-43.20299825052928,-22.797877970479842,-43.202036622096034,8304.027428892639,5503.89762528904,2800.2297936025997,2397325.6883033337,683.7629705598732,282.96087072647008
2,HBEFA4/PC_petrol_Euro-6ab,Gasoline,2026-02-29 24:57:46,2026-02-29 24:57:46,-22.797877970479842,-43.202036622096034,-22.797770749228392,-43.202075268022486,8304.029843244092,5503.920049642492,2800.2297936025997,2397322.8239622666,683.7646264646682,282.96223248992257
2,HBEFA4/PC_petrol_Euro-6ab,Gasoline,2026-02-29 24:57:46,2026-02-29 24:57:46,-22.797770749228392,-43.202075268022486,-22.797662555839256,-43.20222427526572,8304.04236360062,5503.922569998022,2800.2297936025997,2397323.932375648,683.7652246400792,282.96259023966925
2,HBEFA4/PC_petrol_Euro-6ab,Gasoline,2026-02-29 24:57:46,2026-02-29 24:57:46,-22.797662555839256,-43.20222427526572,-22.797558027792233,-43.20225296202296,8304.054997447328,5503.935203844728,2800.2297936025997,2397326.097587302,683.76584642469,282.96295228793054
2,HBEFA4/PC_petrol_Euro-6ab,Gasoline,2026-02-29 24:57:46,2026-02-29 24:58:07,-22.797558027792233,-43.20225296202296,-22.79807750222378,-43.20296467338422,8345.092726243223,5532.295476384822,2822.8972397584207,2408875.202774058,687.0643636098239,282.85794022276452
2,HBEFA4/PC_petrol_Euro-6ab,Gasoline,2026-02-29 24:58:07,2026-02-29 24:58:07,-22.79807750222378,-43.20296467338422,-22.797983225359827,-43.20299870275289,8345.202693827539,5532.205454069229,2822.8972397584207,2408877.242080247,687.0649748502867,282.85822462036262
2,HBEFA4/PC_petrol_Euro-6ab,Gasoline,2026-02-29 24:58:07,2026-02-29 24:58:07,-22.797983225359827,-43.20299870275289,-22.79787896068942,-43.20203625409276,8345.223725358926,5532.226475600526,2822.8972397584207,2408882.528340239,687.0662897742823,282.85854320296585
2,HBEFA4/PC_petrol_Euro-6ab,Gasoline,2026-02-29 24:58:07,2026-02-29 24:58:07,-22.79787896068942,-43.20203625409276,-22.797774296008086,-43.20207398924028,8345.225877626224,5532.228637857803,2822.8972397584207,2408886.3325489907,687.0675050230208,282.85889508524235
2,HBEFA4/PC_petrol_Euro-6ab,Gasoline,2026-02-29 24:58:07,2026-02-29 24:58:07,-22.797774296008086,-43.20207398924028,-22.797668322852204,-43.20222229967444,8345.238099426424,5532.2408596680225,2822.8972397584207,2408888.3296823588,687.0680843576265,282.85924385628002
2,HBEFA4/PC_petrol_Euro-6ab,Gasoline,2026-02-29 24:58:07,2026-02-29 24:58:07,-22.797668322852204,-43.20222229967444,-22.797558935020006,-43.2022526339325,8345.250475294828,5532.2532354364075,2822.8972397584207,2408890.5702275654,687.0687303359526,282.85959754885462
2,HBEFA4/PC_petrol_Euro-6ab,Gasoline,2026-02-29 24:58:07,2026-02-29 24:58:09,-22.797558935020006,-43.2022526339325,-22.798075692588277,-43.20296532542238,8348.938966999925,5535.970084070823,2822.9688829292027,2420255.483793579,687.4729774806895,282.94222056270777
2,HBEFA4/PC_petrol_Euro-6ab,Gasoline,2026-02-29 24:58:09,2026-02-29 24:58:22,-22.798075692588277,-43.20296532542238,-22.80490945842074,-43.20528080234423,8356.285770243524,5540.79858980292,2825.487280442594,2422277.735306879,688.0488887202264,283.2072567292028
2,HBEFA4/PC_petrol_Euro-6ab,Gasoline,2026-02-29 24:58:22,2026-02-29 24:58:24,-22.80490945842074,-43.20528080234423,-22.802640870422356,-43.20270924076277,8365.203602246989,5544.557397003904,2820.5462052430853,2424598.5482266258,688.6984622490273,283.30444722990425
2,HBEFA4/PC_petrol_Euro-6ab,Gasoline,2026-02-29 24:58:24,2026-02-29 24:58:26,-22.802640870422356,-43.20270924076277,-22.804923768772772,-43.20527667947842,8370.289554779756,5547.224232253284,2823.0654225264702,2426002.098327585,689.0797975096572,283.4205206443833
2,HBEFA4/PC_petrol_Euro-6ab,Gasoline,2026-02-29 24:58:26,2026-02-29 24:58:23,-22.804923768772772,-43.20527667947842,-22.800704287293023,-43.20928682959659,8385.24248697505,5554.607387299724,2830.5350997753367,2420349.783260474,690.2582324505343,283.75326223652326
2,HBEFA4/PC_petrol_Euro-6ab,Gasoline,2026-02-29 24:58:23,2026-02-29 24:58:23,-22.800704287293023,-43.20928682959659,-22.800689704263753,-43.20920807262609,8385.249387486623,5554.624287722286,2830.5350997753367,2420349.783260474,690.2582324505343,283.75326223652326
2,HBEFA4/PC_petrol_Euro-6ab,Gasoline,2026-02-29 24:58:23,2026-02-29 24:58:23,-22.800689704263753,-43.20920807262609,-22.800672223752255,-43.2092226487452,8385.257630429487,5554.62253065425,2830.5350997753367,2420354.0223480284,690.2594594953226,283.75350320507935
2,HBEFA4/PC_petrol_Euro-6ab,Gasoline,2026-02-29 24:58:23,2026-02-29 24:58:40,-22.800672223752255,-43.2092226487452,-22.800700827420682,-43.20926857429579,8432.24836769048,5584.523627568836,2846.7347502226436,2433232.083264035,693.8649836279769,284.76996837943582
2,HBEFA4/PC_petrol_Euro-6ab,Gasoline,2026-02-29 24:58:40,2026-02-29 24:58:40,-22.800700827420682,-43.20926857429579,-22.80068563724878,-43.20928588266252,8432.255267629303,5584.520527507659,2846.7347502226436,2433232.083264035,693.8649836279769,284.76996837943582
2,HBEFA4/PC_petrol_Euro-6ab,Gasoline,2026-02-29 24:58:40,2026-02-29 24:58:40,-22.80068563724878,-43.20928588266252,-22.800667323585284,-43.20908596955583,8432.263922762395,5584.529272640752,2846.7347502226436,2433236.2553249243,693.8665800949237,284.77022270726245
2,HBEFA4/PC_petrol_Euro-6ab,Gasoline,2026-02-29 24:58:40,2026-02-29 24:58:40,-22.800667323585284,-43.20908596955583,-22.800645900677726,-43.208969093298,8432.274379832208,5584.539629720564,2846.7347502226436,2433242.249352462,693.8682723994453,284.7705284388886
2,HBEFA4/PC_petrol_Euro-6ab,Gasoline,2026-02-29 24:58:40,2026-02-29 24:58:40,-22.800645900677726,-43.208969093298,-22.800623642578337,-43.2088476620383,8432.286622297427,5584.552862275774,2846.7347502226436,2433248.6522204936,693.8700232629293,284.7708853709738
2,HBEFA4/PC_petrol_Euro-6ab,Gasoline,2026-02-29 24:58:40,2026-02-29 24:58:40,-22.800623642578337,-43.2088476620383,-22.800602366663862,-43.20872623222402,8432.299322606259,5584.564572484525,2846.7347502226436,2433252.8222508265,693.870897575402,284.77225029289054
2,HBEFA4/PC_petrol_Euro-6ab,Gasoline,2026-02-29 24:58:40,2026-02-29 24:58:40,-22.800602366663862,-43.20872623222402,-22.800579420236463,-43.20860640229236,8432.322042035762,5584.577290924228,2846.7347502226436,2433253.7025395483,693.8724489682246,284.77262337259333
2,HBEFA4/PC_petrol_Euro-6ab,Gasoline,2026-02-29 24:58:40,2026-02-29 24:58:40,-22.800579420236463,-43.20860640229236,-22.800556872275372,-43.20848795726369,8432.324572279602,5584.589822257958,2846.7347502226436,2433255.048509366,693.8728626040097,284.77297003846476
2,HBEFA4/PC_petrol_Euro-6ab,Gasoline,2026-02-29 24:58:40,2026-02-29 24:58:45,-22.800556872275372,-43.20848795726369,-22.800695434467026,-43.20923933393278,8444.367825326058,5595.269296050443,2849.098529265626,2436868.92028227,694.9596049502826,285.05250258598969
2,HBEFA4/PC_petrol_Euro-6ab,Gasoline,2026-02-29 24:58:45,2026-02-29 24:59:00,-22.800695434467026,-43.20923933393278,-22.798277222264906,-43.2045896975,8482.090030250427,5629.492873927738,2862.5972562226787,2447545.439038573,698.0235596895254,285.86552922544365
2,HBEFA4/PC_petrol_Euro-6ab,Gasoline,2026-02-29 24:59:00,2026-02-29 24:59:00,-22.798277222264906,-43.2045896975,-22.798266745037094,-43.20462068082287,8482.202853624296,5629.505697402526,2862.5972562226787,2447546.848883027,698.0239885223052,285.8658845364008
2,HBEFA4/PC_petrol_Euro-6ab,Gasoline,2026-02-29 24:59:00,2026-02-29 24:59:00,-22.798266745037094,-43.20462068082287,-22.797942527455028,-43.20463820506458,8482.22804296305,5629.530885740372,2862.5972562226787,2447549.5996093928,698.0247579792422,285.86625023223988
2,HBEFA4/PC_petrol_Euro-6ab,Gasoline,2026-02-29 24:59:00,2026-02-29 24:59:00,-22.797942527455028,-43.20463820506458,-22.797833680202382,-43.204652049487566,8482.240272809935,5629.543226587255,2862.5972562226787,2447549.5996093928,698.0247579792422,285.86625023223988
2,HBEFA4/PC_petrol_Euro-6ab,Gasoline,2026-02-29 24:59:00,2026-02-29 24:59:00,-22.797833680202382,-43.204652049487566,-22.797726469523532,-43.20464590672052,8482.252402844922,5629.555246622244,2862.5972562226787,2447552.2622563805,698.0252270274243,285.86659549672083
2,HBEFA4/PC_petrol_Euro-6ab,Gasoline,2026-02-29 24:59:00,2026-02-29 24:59:00,-22.797726469523532,-43.20464590672052,-22.797602998220083,-43.20464088422993,8482.265394088099,5629.56823786542,2862.5972562226787,2447555.432952634,698.0263756363252,285.86697044574458
2,HBEFA4/PC_petrol_Euro-6ab,Gasoline,2026-02-29 24:59:00,2026-02-29 24:59:06,-22.797602998220083,-43.20464088422993,-22.798097022307704,-43.203220957028836,8502.37269387272,5628.92049482909,2872.452299053622,2453370.99569036,699.5956404259589,286.32330890620055
2,HBEFA4/PC_petrol_Euro-6ab,Gasoline,2026-02-29 24:59:06,2026-02-29 24:59:06,-22.798097022307704,-43.203220957028836,-22.798040647867555,-43.203226735243364,8502.384907603606,5628.932708549985,2872.452299053622,2453370.99569036,699.5956404259589,286.32330890620055
2,HBEFA4/PC_petrol_Euro-6ab,Gasoline,2026-02-29 24:59:06,2026-02-29 24:59:07,-22.798040647867555,-43.203226735243364,-22.797952885864497,-43.20329603027396,8502.39748560405,5628.945286550429,2872.452299053622,2453373.832852683,699.596434343993,286.3236694692832
2,HBEFA4/PC_petrol_Euro-6ab,Gasoline,2026-02-29 24:59:07,2026-02-29 24:59:32,-22.797952885864497,-43.20329603027396,-22.804909745420896,-43.205280527837265,8568.428232929005,5667.322022769068,2902.097222259937,2472758.6232527485,705.0202422002358,287.78084509646529
2,HBEFA4/PC_petrol_Euro-6ab,Gasoline,2026-02-29 24:59:32,2026-02-29 24:59:32,-22.804909745420896,-43.205280527837265,-22.80488032649223,-43.205208667225746,8568.422523260797,5667.324302200859,2902.097222259937,2472762.2350452607,705.0220792967672,287.7809480408896
2,HBEFA4/PC_petrol_Euro-6ab,Gasoline,2026-02-29 24:59:32,2026-02-29 24:59:32,-22.80488032649223,-43.205208667225746,-22.804843969047795,-43.20524344322234,8568.425877836472,5667.328656676535,2902.097222259937,2472764.2092252273,705.0222620448956,287.7820806250397
2,HBEFA4/PC_petrol_Euro-6ab,Gasoline,2026-02-29 24:59:32,2026-02-29 24:59:32,-22.804843969047795,-43.20524344322234,-22.804795722290295,-43.20528959226466,8568.432259448525,5667.334038288578,2902.097222259937,2472767.2020439566,705.023239454795,287.78224090424268
2,HBEFA4/PC_petrol_Euro-6ab,Gasoline,2026-02-29 24:59:32,2026-02-29 24:59:32,-22.804795722290295,-43.20528959226466,-22.80473468803079,-43.2053479705224,8568.43840207296,5667.342279922023,2902.097222259937,2472772.9202325805,705.0247922364652,287.78245294220895
2,HBEFA4/PC_petrol_Euro-6ab,Gasoline,2026-02-29 24:59:32,2026-02-29 24:59:32,-22.80473468803079,-43.2053479705224,-22.80466678422649,-43.205422920548476,8568.447435266,5667.350224006063,2902.097222259937,2472777.4908768525,705.0264877676397,287.78272858488972
2,HBEFA4/PC_petrol_Euro-6ab,Gasoline,2026-02-29 24:59:32,2026-02-29 24:59:32,-22.80466678422649,-43.205422920548476,-22.804588068200937,-43.20548822223276,8568.457486260933,5667.360265200997,2902.097222259937,2472782.479854227,705.0276585532855,287.78200922899305
2,HBEFA4/PC_petrol_Euro-6ab,Gasoline,2026-02-29 24:59:32,2026-02-29 24:59:32,-22.804588068200937,-43.20548822223276,-22.80453826926296,-43.20553594028928,8568.469237750564,5667.372926590628,2902.097222259937,2472787.324584942,705.0292658593293,287.7823483693242
2,HBEFA4/PC_petrol_Euro-6ab,Gasoline,2026-02-29 24:59:32,2026-02-29 24:59:32,-22.80453826926296,-43.20553594028928,-22.798092047257274,-43.20295942898537,8570.296952429532,5667.922036882845,2902.375924546685,2473326.403570056,705.2604727666004,287.82232235560778
2,HBEFA4/PC_petrol_Euro-6ab,Gasoline,2026-02-29 24:59:32,2026-02-29 24:59:32,-22.798092047257274,-43.20295942898537,-22.797987372380984,-43.20299726830849,8570.3087352576,5667.932820720924,2902.375924546685,2473322.273429028,705.2620824345739,287.82265442454388
2,HBEFA4/PC_petrol_Euro-6ab,Gasoline,2026-02-29 24:59:32,2026-02-29 24:59:32,-22.797987372380984,-43.20299726830849,-22.7978764830722,-43.202037247357494,8570.32095837837,5667.945043832685,2902.375924546685,2473325.2597427803,705.262929970349,287.82300496227432
2,HBEFA4/PC_petrol_Euro-6ab,Gasoline,2026-02-29 24:59:32,2026-02-29 24:59:39,-22.7978764830722,-43.202037247357494,-22.800702425740284,-43.20927728235802,8590.920275237048,5682.465066888466,2909.445208248582,2479743.2820444924,707.026295492668,288.28087396337395
2,HBEFA4/PC_petrol_Euro-6ab,Gasoline,2026-02-29 24:59:39,2026-02-29 24:59:39,-22.800702425740284,-43.20927728235802,-22.80068724872356,-43.209294674930636,8590.927655956508,5682.472447707925,2909.445208248582,2479745.6329566066,707.0270728252262,288.28208680285078
2,HBEFA4/PC_petrol_Euro-6ab,Gasoline,2026-02-29 24:59:39,2026-02-29 24:59:39,-22.80068724872356,-43.209294674930636,-22.80067032057586,-43.20920232027985,8590.926302549273,5682.4820943005905,2909.445208248582,2479749.8292573497,707.0283640239227,288.28233866604696
2,HBEFA4/PC_petrol_Euro-6ab,Gasoline,2026-02-29 24:59:39,2026-02-29 24:59:44,-22.80067032057586,-43.20920232027985,-22.797253732647796,-43.202996223282824,8604.574782022054,5693.229449476298,2922.3453325347564,2483622.9442442883,708.2746044460492,288.56496227238866
2,HBEFA4/PC_petrol_Euro-6ab,Gasoline,2026-02-29 24:59:44,2026-02-29 24:59:44,-22.797253732647796,-43.202996223282824,-22.797236529800436,-43.20299754478976,8604.587686863835,5693.24235432908,2922.3453325347564,2483626.7889692227,708.2756480280097,288.56533392020297
2,HBEFA4/PC_petrol_Euro-6ab,Gasoline,2026-02-29 24:59:44,2026-02-29 24:59:44,-22.797236529800436,-43.20299754478976,-22.797024873892928,-43.20299880353436,8604.600666202588,5693.255333567832,2922.3453325347564,2483628.8764893664,708.2762473475505,288.56570490203383
2,HBEFA4/PC_petrol_Euro-6ab,Gasoline,2026-02-29 24:59:44,2026-02-29 24:59:54,-22.797024873892928,-43.20299880353436,-22.79806476476695,-43.20296926528625,8635.344949932405,5724.638424609624,2920.7065353227827,2492325.4657782996,720.664963274697,289.237278304835
2,HBEFA4/PC_petrol_Euro-6ab,Gasoline,2026-02-29 24:59:54,2026-02-29 24:59:54,-22.79806476476695,-43.20296926528625,-22.797957070607005,-43.202008092787096,8635.356082065047,5724.649545742266,2920.7065353227827,2492325.4657782996,720.664963274697,289.237278304835
2,HBEFA4/PC_petrol_Euro-6ab,Gasoline,2026-02-29 24:59:54,2026-02-29 24:59:54,-22.797957070607005,-43.202008092787096,-22.797848262826972,-43.202047357770826,8635.368656633762,5724.662222320982,2920.7065353227827,2492332.22202383,720.6665028752622,289.23764374245522
2,HBEFA4/PC_petrol_Euro-6ab,Gasoline,2026-02-29 24:59:54,2026-02-29 24:59:54,-22.797848262826972,-43.202047357770826,-22.797744409602897,-43.20208476428546,8635.382373927682,5724.6748385949,2920.7065353227827,2492333.462362344,720.6672443463622,289.2380073620304
2,HBEFA4/PC_petrol_Euro-6ab,Gasoline,2026-02-29 24:59:54,2026-02-29 25:00:02,-22.797744409602897,-43.20208476428546,-22.798226782473627,-43.2029504728283,8652.03422624282,5727.239272499653,2924.895043743267,2497622.786384925,722.2203578739243,289.60097239206736
2,HBEFA4/PC_petrol_Euro-6ab,Gasoline,2026-02-29 25:00:02,2026-02-29 25:00:02,-22.798226782473627,-43.2029504728283,-22.798045297805823,-43.20297632986347,8652.040755645008,5727.245722902842,2924.895043743267,2497626.5247342826,722.2226089738398,289.60226560364872
2,HBEFA4/PC_petrol_Euro-6ab,Gasoline,2026-02-29 25:00:02,2026-02-29 25:00:02,-22.798045297805823,-43.20297632986347,-22.797964732268725,-43.202005330529246,8652.049225922294,5727.2540722782275,2924.895043743267,2497632.7205940974,722.2232364430322,289.60242293790025
2,HBEFA4/PC_petrol_Euro-6ab,Gasoline,2026-02-29 25:00:02,2026-02-29 25:00:02,-22.797964732268725,-43.202005330529246,-22.79820696649799,-43.20295405007052,8654.074202523728,5729.26645640724,2924.9077452064886,2498236.5899367575,722.4089523652652,289.64627508008036
2,HBEFA4/PC_petrol_Euro-6ab,Gasoline,2026-02-29 25:00:02,2026-02-29 25:00:23,-22.79820696649799,-43.20295405007052,-22.804922906076292,-43.2052784622532,8684.046382423856,5749.28292602472,2934.763465409245,2507328.4937572405,725.0020557560089,290.30378645226795
2,HBEFA4/PC_petrol_Euro-6ab,Gasoline,2026-02-29 25:00:23,2026-02-29 25:00:23,-22.804922906076292,-43.2052784622532,-22.804882993822868,-43.20520622582577,8684.049393439867,5749.285928030722,2934.763465409245,2507320.2849308033,725.0026242058482,290.30387899073486
2,HBEFA4/PC_petrol_Euro-6ab,Gasoline,2026-02-29 25:00:23,2026-02-29 25:00:23,-22.804882993822868,-43.20520622582577,-22.804842226729532,-43.205245205292606,8684.053673020704,5749.290207622559,2934.763465409245,2507323.424595278,725.0038234209442,290.30402045722628
2,HBEFA4/PC_petrol_Euro-6ab,Gasoline,2026-02-29 25:00:23,2026-02-29 25:00:27,-22.804842226729532,-43.205245205292606,-22.797234856324977,-43.20394303952806,8694.925040042222,5756.540286033595,2938.3848540085264,2520640.9944247223,725.948845939034,290.5420757238732
2,HBEFA4/PC_petrol_Euro-6ab,Gasoline,2026-02-29 25:00:27,2026-02-29 25:00:27,-22.797234856324977,-43.20394303952806,-22.79722222877339,-43.203962328027766,8694.937624095868,5756.552760087352,2938.3848540085264,2520643.792648237,725.949630222742,290.54243620798928
2,HBEFA4/PC_petrol_Euro-6ab,Gasoline,2026-02-29 25:00:27,2026-02-29 25:00:25,-22.79722222877339,-43.203962328027766,-22.798206432286293,-43.202954242672784,8727.842375745923,5772.222728075293,2945.6296476707296,2527259.7506649203,727.8262906955882,292.03979327307846
2,HBEFA4/PC_petrol_Euro-6ab,Gasoline,2026-02-29 25:00:25,2026-02-29 25:00:25,-22.798206432286293,-43.202954242672784,-22.79802759646386,-43.20298266576394,8727.849025502246,5772.229377830426,2945.6296476707296,2527263.6723664033,727.8274472987456,292.04002723522526
2,HBEFA4/PC_petrol_Euro-6ab,Gasoline,2026-02-29 25:00:25,2026-02-29 25:00:25,-22.79802759646386,-43.20298266576394,-22.797936886352003,-43.202025369907386,8727.858232249846,5772.2385835792265,2945.6296476707296,2527268.6072237708,727.8289369062556,292.04028620432033
2,HBEFA4/PC_petrol_Euro-6ab,Gasoline,2026-02-29 25:00:25,2026-02-29 25:00:27,-22.797936886352003,-43.202025369907386,-22.79828523492329,-43.204587963664274,8722.628695603236,5775.724478290087,2946.8942273230495,2528932.582290273,728.3360225242447,292.2452537854862
2,HBEFA4/PC_petrol_Euro-6ab,Gasoline,2026-02-29 25:00:27,2026-02-29 25:00:30,-22.79828523492329,-43.204587963664274,-22.80069858833459,-43.20925650505888,8732.298268922862,5784.394287800978,2947.803982220883,2522295.984952828,728.9962995949249,292.34846204254664
2,HBEFA4/PC_petrol_Euro-6ab,Gasoline,2026-02-29 25:00:30,2026-02-29 25:00:35,-22.80069858833459,-43.20925650505888,-22.804922645263587,-43.20527872062246,8747.283523359285,5792.720434282944,2955.4630792762425,2525422.6205422004,720.2575203898296,292.6840372268743
2,HBEFA4/PC_petrol_Euro-6ab,Gasoline,2026-02-29 25:00:35,2026-02-29 25:00:39,-22.804922645263587,-43.20527872062246,-22.80264232652479,-43.202705907693324,8757.942530865754,5798.540825927265,2959.400704948587,2528552.248892226,722.0320677563229,292.92867889062722
2,HBEFA4/PC_petrol_Euro-6ab,Gasoline,2026-02-29 25:00:39,2026-02-29 25:00:39,-22.80264232652479,-43.202705907693324,-22.802625087326925,-43.20274562834472,8757.944605542449,5798.5439005938625,2959.400704948587,2528552.248892226,722.0320677563229,292.92867889062722
2,HBEFA4/PC_petrol_Euro-6ab,Gasoline,2026-02-29 25:00:39,2026-02-29 25:00:39,-22.802625087326925,-43.20274562834472,-22.803723870239237,-43.202245925506374,8759.455797382234,5799.922059275736,2959.5337382063976,2528905.478688298,722.2349052359039,292.95232772080873
2,HBEFA4/PC_petrol_Euro-6ab,Gasoline,2026-02-29 25:00:39,2026-02-29 25:00:54,-22.803723870239237,-43.202245925506374,-22.80490225869824,-43.20528874205674,8802.820325609497,5829.600292724454,2973.2200328850423,2540824.392644282,724.5257820900956,292.90228206387542
2,HBEFA4/PC_petrol_Euro-6ab,Gasoline,2026-02-29 25:00:54,2026-02-29 25:00:54,-22.80490225869824,-43.20528874205674,-22.8048720623764,-43.20522752923448,8802.82335426222,5829.603322377069,2973.2200328850423,2540826.403222439,724.5264902268292,292.90237623526765
2,HBEFA4/PC_petrol_Euro-6ab,Gasoline,2026-02-29 25:00:54,2026-02-29 25:00:54,-22.8048720623764,-43.20522752923448,-22.80483350406942,-43.20525345288407,8802.827809254448,5829.607776369406,2973.2200328850423,2540829.8972823233,724.5277843047257,292.90252325829626
2,HBEFA4/PC_petrol_Euro-6ab,Gasoline,2026-02-29 25:00:54,2026-02-29 25:00:54,-22.80483350406942,-43.20525345288407,-22.804788279725352,-43.205296805693266,8802.833368469235,5829.623335584294,2973.2200328850423,2540833.23963599,724.5289202202422,292.90267864599545
2,HBEFA4/PC_petrol_Euro-6ab,Gasoline,2026-02-29 25:00:54,2026-02-29 25:00:54,-22.804788279725352,-43.205296805693266,-22.804735002282335,-43.20534767088634,8802.84007735677,5829.62004447273,2973.2200328850423,2540836.6777266045,724.5300848753032,292.90287593365927
2,HBEFA4/PC_petrol_Euro-6ab,Gasoline,2026-02-29 25:00:54,2026-02-29 25:00:54,-22.804735002282335,-43.20534767088634,-22.804668795574578,-43.205420996592866,8802.84794879842,5829.627925923367,2973.2200328850423,2540840.484220092,724.5322929720732,292.90320558533582
2,HBEFA4/PC_petrol_Euro-6ab,Gasoline,2026-02-29 25:00:54,2026-02-29 25:00:54,-22.804668795574578,-43.205420996592866,-22.80459209259622,-43.205485329322466,8802.857748525948,5829.637725640908,2973.2200328850423,2540846.420004324,724.533040536674,292.9033932242028
2,HBEFA4/PC_petrol_Euro-6ab,Gasoline,2026-02-29 25:00:54,2026-02-29 25:00:54,-22.80459209259622,-43.205485329322466,-22.804540943052485,-43.205533287272224,8802.869250066728,5829.649227282677,2973.2200328850423,2540852.4554724526,724.5347096404099,292.9037284737005
2,HBEFA4/PC_petrol_Euro-6ab,Gasoline,2026-02-29 25:00:54,2026-02-29 25:02:05,-22.804540943052485,-43.205533287272224,-22.798078076982224,-43.20325528547944,8835.328325762834,5848.820358923994,2986.5079568488423,2550507.4530465086,727.2530445800502,293.62972687525926
2,HBEFA4/PC_petrol_Euro-6ab,Gasoline,2026-02-29 25:02:05,2026-02-29 25:02:05,-22.798078076982224,-43.20325528547944,-22.798025855357224,-43.20325255320363,8835.340479486455,5848.832522637623,2986.5079568488423,2550507.4530465086,727.2530445800502,293.62972687525926
2,HBEFA4/PC_petrol_Euro-6ab,Gasoline,2026-02-29 25:02:05,2026-02-29 25:02:05,-22.798025855357224,-43.20325255320363,-22.797923538028734,-43.203302204068285,8835.352587266994,5848.844630428253,2986.5079568488423,2550509.232694355,727.2535439457904,293.6300627970892
2,HBEFA4/PC_petrol_Euro-6ab,Gasoline,2026-02-29 25:02:05,2026-02-29 25:02:05,-22.797923538028734,-43.203302204068285,-22.79780463782652,-43.20328925322842,8835.365365534964,5848.857408686224,2986.5079568488423,2550522.8327649527,727.2545540272794,293.6304296248857
2,HBEFA4/PC_petrol_Euro-6ab,Gasoline,2026-02-29 25:02:05,2026-02-29 25:02:05,-22.79780463782652,-43.20328925322842,-22.79770430726267,-43.203227222224224,8835.37765566305,5848.869698824207,2986.5079568488423,2550522.8327649527,727.2545540272794,293.6304296248857
2,HBEFA4/PC_petrol_Euro-6ab,Gasoline,2026-02-29 25:02:05,2026-02-29 25:02:27,-22.79770430726267,-43.203227222224224,-22.804903270905072,-43.20528672072394,8868.756223626234,5865.642652346706,3003.224562269429,2559985.542733402,729.8579229856483,294.37244260829324
2,HBEFA4/PC_petrol_Euro-6ab,Gasoline,2026-02-29 25:02:27,2026-02-29 25:02:27,-22.804903270905072,-43.20528672072394,-22.80487520270226,-43.20522356900265,8868.758672624062,5865.644209344633,3003.224562269429,2559986.9697028523,729.8583560269829,294.37252846253363
2,HBEFA4/PC_petrol_Euro-6ab,Gasoline,2026-02-29 25:02:27,2026-02-29 25:02:27,-22.80487520270226,-43.20522356900265,-22.804835248428366,-43.205252880062255,8868.762826405364,5865.648264235934,3003.224562269429,2559990.765384623,729.8598022668022,294.372648498929
2,HBEFA4/PC_petrol_Euro-6ab,Gasoline,2026-02-29 25:02:27,2026-02-29 25:02:27,-22.804835248428366,-43.205252880062255,-22.804785370083223,-43.205299493209,8868.768755073423,5865.654292803994,3003.224562269429,2559995.2432284397,729.8623298488532,294.3728272322338
2,HBEFA4/PC_petrol_Euro-6ab,Gasoline,2026-02-29 25:02:27,2026-02-29 25:02:27,-22.804785370083223,-43.205299493209,-22.804722880203098,-43.20535926469549,8868.776223236926,5865.662560967486,3003.224562269429,2559999.3409923643,729.8626945528934,294.37204400888785
2,HBEFA4/PC_petrol_Euro-6ab,Gasoline,2026-02-29 25:02:27,2026-02-29 25:02:29,-22.804722880203098,-43.20535926469549,-22.798223485662296,-43.20295267855973,8875.296226240558,5868.754587568072,3006.5425285724866,2562979.8428250807,730.4055806778446,294.52526547795527
2,HBEFA4/PC_petrol_Euro-6ab,Gasoline,2026-02-29 25:02:29,2026-02-29 25:02:29,-22.798223485662296,-43.20295267855973,-22.798027209887226,-43.20298644654233,8875.305552278268,5868.764022605682,3006.5425285724866,2562985.3255832366,730.4072295670955,294.52554296274964
2,HBEFA4/PC_petrol_Euro-6ab,Gasoline,2026-02-29 25:02:29,2026-02-29 25:02:27,-22.798027209887226,-43.20298644654233,-22.797290525850958,-43.20299693589886,8898.064226793624,5883.573443586267,3024.490673207447,2568363.389296288,732.2985472776032,295.00975068684568
2,HBEFA4/PC_petrol_Euro-6ab,Gasoline,2026-02-29 25:02:27,2026-02-29 25:02:27,-22.797290525850958,-43.20299693589886,-22.797082429402727,-43.20299826590402,8898.077225842327,5883.586442633872,3024.490673207447,2568367.2834432046,732.2996008325896,295.020225240202
2,HBEFA4/PC_petrol_Euro-6ab,Gasoline,2026-02-29 25:02:27,2026-02-29 25:02:27,-22.797082429402727,-43.20299826590402,-22.796970758467964,-43.203002556740205,8898.089296436253,5883.598523228705,3024.490673207447,2568367.2834432046,732.2996008325896,295.020225240202
2,HBEFA4/PC_petrol_Euro-6ab,Gasoline,2026-02-29 25:02:27,2026-02-29 25:02:28,-22.796970758467964,-43.203002556740205,-22.798059878820087,-43.202972026842974,8899.27434078094,5884.352205646398,3024.922235234542,2568733.38807053,732.3047897238426,295.0345044898486
2,HBEFA4/PC_petrol_Euro-6ab,Gasoline,2026-02-29 25:02:28,2026-02-29 25:02:32,-22.798059878820087,-43.202972026842974,-22.802622283546094,-43.202754625926284,8908.50432976203,5892.807837323723,3026.696482448308,2572074.2922752822,732.9802426760402,295.23200298322756
2,HBEFA4/PC_petrol_Euro-6ab,Gasoline,2026-02-29 25:02:32,2026-02-29 25:02:38,-22.802622283546094,-43.202754625926284,-22.798207805246834,-43.202953747707854,8928.20906890047,5905.244558435627,3022.9645204648525,2576723.827853939,734.5854294932662,295.65223227254232
2,HBEFA4/PC_petrol_Euro-6ab,Gasoline,2026-02-29 25:02:38,2026-02-29 25:02:38,-22.798207805246834,-43.202953747707854,-22.79803023403742,-43.202982750879895,8928.22622529034,5905.252704725489,3022.9645204648525,2576727.9070253064,734.5867673222603,295.6524428254667
2,HBEFA4/PC_petrol_Euro-6ab,Gasoline,2026-02-29 25:02:38,2026-02-29 25:02:43,-22.79803023403742,-43.202982750879895,-22.804924200693232,-43.20527636299446,8940.328978457994,5924.762383247922,3025.5575953200725,2580032.472267675,735.547738343275,295.92592894909728
2,HBEFA4/PC_petrol_Euro-6ab,Gasoline,2026-02-29 25:02:43,2026-02-29 25:02:43,-22.804924200693232,-43.20527636299446,-22.804889222726456,-43.20520026403283,8940.322488593288,5924.763893283228,3025.5575953200725,2580032.472267675,735.547738343275,295.92592894909728
2,HBEFA4/PC_petrol_Euro-6ab,Gasoline,2026-02-29 25:02:43,2026-02-29 25:02:43,-22.804889222726456,-43.20520026403283,-22.804856322658572,-43.2052326364202,8940.325287450922,5924.76759224084,3025.5575953200725,2580034.500757404,735.548883320929,295.92603442492663
2,HBEFA4/PC_petrol_Euro-6ab,Gasoline,2026-02-29 25:02:43,2026-02-29 25:02:50,-22.804856322658572,-43.2052326364202,-22.800703277298295,-43.209282892506205,8959.428324856377,5929.204264795354,3030.224260062022,2585300.2509872404,737.0768338329343,296.32729625532866
2,HBEFA4/PC_petrol_Euro-6ab,Gasoline,2026-02-29 25:02:50,2026-02-29 25:02:50,-22.800703277298295,-43.209282892506205,-22.800688729340236,-43.20920269827622,8959.425523322573,5929.22236325055,3030.224260062022,2585303.8997025497,737.0780562623842,296.32750738290673
2,HBEFA4/PC_petrol_Euro-6ab,Gasoline,2026-02-29 25:02:50,2026-02-29 25:02:03,-22.800688729340236,-43.20920269827622,-22.800699884922303,-43.20926352525907,8994.982503525626,5953.933259446073,3042.049244069554,2595396.5027982857,740.0086522838709,297.20325830575096
2,HBEFA4/PC_petrol_Euro-6ab,Gasoline,2026-02-29 25:02:03,2026-02-29 25:02:03,-22.800699884922303,-43.20926352525907,-22.800684520543687,-43.20927979080295,8994.990226220572,5953.940972242028,3042.049244069554,2595398.6053842547,740.0093080000622,297.2034794503625
2,HBEFA4/PC_petrol_Euro-6ab,Gasoline,2026-02-29 25:02:03,2026-02-29 25:02:03,-22.800684520543687,-43.20927979080295,-22.800666690226264,-43.209082524098505,8994.99898034573,5953.949736276276,3042.049244069554,2595402.38750492,740.0204684372745,297.20373365072324
2,HBEFA4/PC_petrol_Euro-6ab,Gasoline,2026-02-29 25:02:03,2026-02-29 25:02:03,-22.800666690226264,-43.209082524098505,-22.800645623520346,-43.20896758222282,8995.009262485403,5953.959927425848,3042.049244069554,2595407.320629266,740.0229020949353,297.2040297322506
2,HBEFA4/PC_petrol_Euro-6ab,Gasoline,2026-02-29 25:02:03,2026-02-29 25:02:03,-22.800645623520346,-43.20896758222282,-22.800622902768622,-43.20884362490928,8995.022290553069,5953.972946483525,3042.049244069554,2595423.9207369504,740.0236929474439,297.2043820703342
2,HBEFA4/PC_petrol_Euro-6ab,Gasoline,2026-02-29 25:02:03,2026-02-29 25:02:20,-22.800622902768622,-43.20884362490928,-22.800700723483476,-43.20926802249093,9026.09558823023,5966.956962927362,3049.23862522277,2602295.8498299667,742.6499722485099,297.57026227222795
2,HBEFA4/PC_petrol_Euro-6ab,Gasoline,2026-02-29 25:02:20,2026-02-29 25:02:20,-22.800700723483476,-43.20926802249093,-22.800685425030692,-43.20928467085322,9026.203096539256,5966.964472326387,3049.23862522277,2602299.426028594,742.6522282279225,297.57038029587875
2,HBEFA4/PC_petrol_Euro-6ab,Gasoline,2026-02-29 25:02:20,2026-02-29 25:02:20,-22.800685425030692,-43.20928467085322,-22.800668025446697,-43.20908979868723,9026.22282959264,5966.973294378872,3049.23862522277,2602203.528929688,742.652379549227,297.5706340802464
2,HBEFA4/PC_petrol_Euro-6ab,Gasoline,2026-02-29 25:02:20,2026-02-29 25:02:23,-22.800668025446697,-43.20908979868723,-22.80070443573992,-43.20928826533309,9023.03234023495,5972.520569760585,3052.5227704743648,2602852.786595089,742.2077957272042,297.72202020359245
2,HBEFA4/PC_petrol_Euro-6ab,Gasoline,2026-02-29 25:02:23,2026-02-29 25:02:20,-22.80070443573992,-43.20928826533309,-22.79820248524034,-43.202955665722824,9039.236275602364,5984.830522350739,3054.4057542506253,2607742.286408479,743.5675322873077,298.0632932322252
2,HBEFA4/PC_petrol_Euro-6ab,Gasoline,2026-02-29 25:02:20,2026-02-29 25:02:20,-22.79820248524034,-43.202955665722824,-22.798030636660002,-43.202982569666856,9039.243096402829,5984.837342252293,3054.4057542506253,2607745.5379534424,743.5686353988584,298.06349296262533
2,HBEFA4/PC_petrol_Euro-6ab,Gasoline,2026-02-29 25:02:20,2026-02-29 25:02:20,-22.798030636660002,-43.202982569666856,-22.797949532525823,-43.202020820525586,9039.252486242303,5984.845732992679,3054.4057542506253,2607750.2586422426,743.5702077969359,298.06373898332782
2,HBEFA4/PC_petrol_Euro-6ab,Gasoline,2026-02-29 25:02:20,2026-02-29 25:02:24,-22.797949532525823,-43.202020820525586,-22.80070363966752,-43.209283855065365,9049.552768229382,5994.250492853223,3055.302276376269,2620783.903473092,744.5028523309592,298.2887870692872
2,HBEFA4/PC_petrol_Euro-6ab,Gasoline,2026-02-29 25:02:24,2026-02-29 25:02:28,-22.80070363966752,-43.209283855065365,-22.804928800092028,-43.20527286700253,9059.590250562424,6002.788286709852,3057.802963852564,2623472.4624256224,745.279676750442,298.50258674564204
2,HBEFA4/PC_petrol_Euro-6ab,Gasoline,2026-02-29 25:02:28,2026-02-29 25:02:28,-22.804928800092028,-43.20527286700253,-22.804895093200983,-43.20529454272438,9059.592722990026,6002.790749237463,3057.802963852564,2623472.4624256224,745.279676750442,298.50258674564204
2,HBEFA4/PC_petrol_Euro-6ab,Gasoline,2026-02-29 25:02:28,2026-02-29 25:02:52,-22.804895093200983,-43.20529454272438,-22.800704038260427,-43.20928602322335,9208.662246422725,6034.220264536785,3074.5528828849305,2627865.3035050025,749.3748425605402,299.57829724227422
2,HBEFA4/PC_petrol_Euro-6ab,Gasoline,2026-02-29 25:02:52,2026-02-29 25:02:52,-22.800704038260427,-43.20928602322335,-22.800688998065645,-43.20920422882899,9208.669092907435,6034.227220022506,3074.5528828849305,2627867.255584269,749.3754573549006,299.5784968236253
2,HBEFA4/PC_petrol_Euro-6ab,Gasoline,2026-02-29 25:02:52,2026-02-29 25:02:52,-22.800688998065645,-43.20920422882899,-22.800672376726733,-43.20920808220405,9208.67765366967,6034.225772784739,3074.5528828849305,2627872.2206267433,749.3769643295322,299.57874789288554
2,HBEFA4/PC_petrol_Euro-6ab,Gasoline,2026-02-29 25:02:52,2026-02-29 25:02:52,-22.800672376726733,-43.20920808220405,-22.800652020223222,-43.208996969278436,9208.687725485029,6034.2358336000885,3074.5528828849305,2627877.2950247285,749.378446580742,299.57904094266942
2,HBEFA4/PC_petrol_Euro-6ab,Gasoline,2026-02-29 25:02:52,2026-02-29 25:02:52,-22.800652020223222,-43.208996969278436,-22.80062925377246,-43.208877728094286,9208.699344759767,6034.247462874837,3074.5528828849305,2627882.9390053037,749.3800308798537,299.57937938852356
2,HBEFA4/PC_petrol_Euro-6ab,Gasoline,2026-02-29 25:02:52,2026-02-29 25:02:52,-22.80062925377246,-43.208877728094286,-22.80060799282736,-43.20876227638464,9208.722824735285,6034.259942850254,3074.5528828849305,2627887.063943602,749.3822574094002,299.5797393232829
2,HBEFA4/PC_petrol_Euro-6ab,Gasoline,2026-02-29 25:02:52,2026-02-29 25:02:52,-22.80060799282736,-43.20876227638464,-22.800586229969324,-43.20864300682559,9208.723908222626,6034.272026227696,3074.5528828849305,2627887.063943602,749.3822574094002,299.5797393232829
2,HBEFA4/PC_petrol_Euro-6ab,Gasoline,2026-02-29 25:02:52,2026-02-29 25:02:52,-22.800586229969324,-43.20864300682559,-22.80056363844979,-43.20852220508032,9208.736392077432,6034.284509292502,3074.5528828849305,2627889.982936269,749.3829738328698,299.58009726023245
2,HBEFA4/PC_petrol_Euro-6ab,Gasoline,2026-02-29 25:02:52,2026-02-29 25:02:55,-22.80056363844979,-43.20852220508032,-22.80070239024832,-43.20927267523429,9226.43875270582,6042.073920765687,3075.364830940233,2629837.979424443,749.9532885667243,299.74002363637868
2,HBEFA4/PC_petrol_Euro-6ab,Gasoline,2026-02-29 25:02:55,2026-02-29 25:03:04,-22.80070239024832,-43.20927267523429,-22.804924930622752,-43.205275568264776,9238.202047324229,6053.434895024847,3084.666252299382,2636327.426829879,752.7805540005062,200.22782752943234
2,HBEFA4/PC_petrol_Euro-6ab,Gasoline,2026-02-29 25:03:04,2026-02-29 25:03:04,-22.804924930622752,-43.205275568264776,-22.804884273203248,-43.205204892280795,9238.203695747297,6053.437543447925,3084.666252299382,2636327.426829879,752.7805540005062,200.22782752943234
2,HBEFA4/PC_petrol_Euro-6ab,Gasoline,2026-02-29 25:03:04,2026-02-29 25:03:04,-22.804884273203248,-43.205204892280795,-22.804842442424435,-43.205245859842405,9238.208233660224,6053.442082360732,3084.666252299382,2636332.5878362957,752.7822283222275,200.22795877698992
2,HBEFA4/PC_petrol_Euro-6ab,Gasoline,2026-02-29 25:03:04,2026-02-29 25:03:04,-22.804842442424435,-43.205245859842405,-22.804789369922682,-43.20529566725975,9238.224573438832,6053.448422239452,3084.666252299382,2636336.229509396,752.7836742253286,200.22824883553796
2,HBEFA4/PC_petrol_Euro-6ab,Gasoline,2026-02-29 25:03:04,2026-02-29 25:03:40,-22.804789369922682,-43.20529566725975,-22.80492602088285,-43.20527452532722,9226.453672366253,6097.028320502667,3229.435362863587,2657826.6742869364,757.6882632492452,202.95248022049328
2,HBEFA4/PC_petrol_Euro-6ab,Gasoline,2026-02-29 25:03:40,2026-02-29 25:03:40,-22.80492602088285,-43.20527452532722,-22.80488959770996,-43.205299799278565,9226.456464367344,6097.022202503756,3229.435362863587,2657826.6742869364,757.6882632492452,202.95248022049328
2,HBEFA4/PC_petrol_Euro-6ab,Gasoline,2026-02-29 25:03:40,2026-02-29 25:03:40,-22.80488959770996,-43.205299799278565,-22.80485242252249,-43.20523632342253,9226.460375524062,6097.025023650475,3229.435362863587,2657829.6483683554,757.6893722708275,202.95260097785498
2,HBEFA4/PC_petrol_Euro-6ab,Gasoline,2026-02-29 25:03:40,2026-02-29 25:03:40,-22.80485242252249,-43.20523632342253,-22.804803926323056,-43.20528274405492,9226.466027668266,6097.030665804678,3229.435362863587,2657833.897360023,757.6908737625502,202.95277288649882
2,HBEFA4/PC_petrol_Euro-6ab,Gasoline,2026-02-29 25:03:40,2026-02-29 25:03:40,-22.804803926323056,-43.20528274405492,-22.804747802286883,-43.20533542672553,9226.473056553272,6097.037694689585,3229.435362863587,2657837.8993629836,757.6922922398564,202.95297905934385
2,HBEFA4/PC_petrol_Euro-6ab,Gasoline,2026-02-29 25:03:40,2026-02-29 25:03:40,-22.804747802286883,-43.20533542672553,-22.8046782750058,-43.20540202527902,9226.482364000647,6097.046002237059,3229.435362863587,2657842.0290747033,757.6934823954687,202.95322244752727
2,HBEFA4/PC_petrol_Euro-6ab,Gasoline,2026-02-29 25:03:40,2026-02-29 25:03:40,-22.8046782750058,-43.20540202527902,-22.80459609202363,-43.20548053738492,9226.492670288207,6097.05630832452,3229.435362863587,2657848.327792089,757.6952962506554,202.95352375539892
2,HBEFA4/PC_petrol_Euro-6ab,Gasoline,2026-02-29 25:03:40,2026-02-29 25:03:40,-22.80459609202363,-43.20548053738492,-22.804540846706927,-43.2055333793243,9226.503820056062,6097.068458292473,3229.435362863587,2657854.965644203,757.6970898504625,202.95387859248322
2,HBEFA4/PC_petrol_Euro-6ab,Gasoline,2026-02-29 25:03:40,2026-02-29 25:03:40,-22.804540846706927,-43.2055333793243,-22.804523507972562,-43.205559528703276,9226.522997424508,6097.07663556092,3229.435362863587,2657854.965644203,757.6970898504625,202.95387859248322
2,HBEFA4/PC_petrol_Euro-6ab,Gasoline,2026-02-29 25:03:40,2026-02-29 25:03:58,-22.804523507972562,-43.205559528703276,-22.800702966222694,-43.20928020875485,9253.902345667246,6224.420440883233,3229.4909047839237,2668589.44487999,760.7822245564206,202.76826052332355
2,HBEFA4/PC_petrol_Euro-6ab,Gasoline,2026-02-29 25:03:58,2026-02-29 25:03:58,-22.800702966222694,-43.20928020875485,-22.800687778387477,-43.209297564628485,9253.908899586062,6224.427994802249,3229.4909047839237,2668589.44487999,760.7822245564206,202.76826052332355
2,HBEFA4/PC_petrol_Euro-6ab,Gasoline,2026-02-29 25:03:58,2026-02-29 25:03:58,-22.800687778387477,-43.209297564628485,-22.800669990533454,-43.2092005295734,9253.927550208876,6224.426645324962,3229.4909047839237,2668593.29358296,760.7834204422936,202.7685227284323
2,HBEFA4/PC_petrol_Euro-6ab,Gasoline,2026-02-29 25:03:58,2026-02-29 25:03:58,-22.800669990533454,-43.2092005295734,-22.800650208528253,-43.20899259540262,9253.927707002236,6224.436802228322,3229.4909047839237,2668598.4224273832,760.7849000095949,202.7688075233436
2,HBEFA4/PC_petrol_Euro-6ab,Gasoline,2026-02-29 25:03:58,2026-02-29 25:03:58,-22.800650208528253,-43.20899259540262,-22.800628562692937,-43.208874503378794,9253.939002526327,6224.448097742424,3229.4909047839237,2668602.987240747,760.7862859465862,202.7692343428439
2,HBEFA4/PC_petrol_Euro-6ab,Gasoline,2026-02-29 25:03:58,2026-02-29 25:03:58,-22.800628562692937,-43.208874503378794,-22.800607028653886,-43.208757022736396,9253.952362239273,6224.46045745536,3229.4909047839237,2668607.6527257728,760.7874553629346,202.76949273262585
2,HBEFA4/PC_petrol_Euro-6ab,Gasoline,2026-02-29 25:03:58,2026-02-29 25:03:59,-22.800607028653886,-43.208757022736396,-22.800584623720353,-43.208634789294095,9253.963658073286,6224.472753289272,3229.4909047839237,2668609.3292546056,760.7879522200604,202.76984209655323
2,HBEFA4/PC_petrol_Euro-6ab,Gasoline,2026-02-29 25:03:59,2026-02-29 25:04:22,-22.800584623720353,-43.208634789294095,-22.804927635928343,-43.205272980538876,9279.532220288502,6242.220623450425,3237.4205067380854,2676070.9506322293,762.925545727928,203.32352623854235
2,HBEFA4/PC_petrol_Euro-6ab,Gasoline,2026-02-29 25:04:22,2026-02-29 25:04:22,-22.804927635928343,-43.205272980538876,-22.804889842286256,-43.20529956533625,9279.533935320246,6242.223428572262,3237.4205067380854,2676070.9506322293,762.925545727928,203.32352623854235
2,HBEFA4/PC_petrol_Euro-6ab,Gasoline,2026-02-29 25:04:22,2026-02-29 25:04:22,-22.804889842286256,-43.20529956533625,-22.804854873742272,-43.20523302274692,9279.538049326733,6242.227542588648,3237.4205067380854,2676074.200908027,762.9267604549274,203.32365338000022
2,HBEFA4/PC_petrol_Euro-6ab,Gasoline,2026-02-29 25:04:22,2026-02-29 25:04:23,-22.804854873742272,-43.20523302274692,-22.802642808628702,-43.20270707833857,9283.345036302273,6244.492866552289,3238.8522697509827,2677202.2843253774,763.2282424677323,203.40645202746072
2,HBEFA4/PC_petrol_Euro-6ab,Gasoline,2026-02-29 25:04:23,2026-02-29 25:04:25,-22.802642808628702,-43.20270707833857,-22.804924200224736,-43.20527626680269,9289.065308433822,6248.554953467029,3240.5203549668024,2678634.4255789707,763.6505939995022,203.53329055922296
2,HBEFA4/PC_petrol_Euro-6ab,Gasoline,2026-02-29 25:04:25,2026-02-29 25:04:25,-22.804924200224736,-43.20527626680269,-22.798099955723923,-43.20295657770322,9306.395782423894,6259.477850209933,3246.9279323039623,2684234.2622856475,765.2266222430765,203.92785607834734
2,HBEFA4/PC_petrol_Euro-6ab,Gasoline,2026-02-29 25:04:25,2026-02-29 25:04:25,-22.798099955723923,-43.20295657770322,-22.79802732463667,-43.202982763767255,9306.402852775945,6259.484920472985,3246.9279323039623,2684237.745024902,765.2277495832238,203.92806304256208
2,HBEFA4/PC_petrol_Euro-6ab,Gasoline,2026-02-29 25:04:25,2026-02-29 25:04:25,-22.79802732463667,-43.202982763767255,-22.797942784365005,-43.20202360400468,9306.42233299062,6259.493402686659,3246.9279323039623,2684242.2792283786,765.2292265234203,203.92832092228924
2,HBEFA4/PC_petrol_Euro-6ab,Gasoline,2026-02-29 25:04:25,2026-02-29 25:04:30,-22.797942784365005,-43.20202360400468,-22.804922473958005,-43.205277927972335,9324.793290838867,6266.294623948438,3248.598676890429,2686627.346256397,765.9428995498322,204.20358628720226
2,HBEFA4/PC_petrol_Euro-6ab,Gasoline,2026-02-29 25:04:30,2026-02-29 25:04:53,-22.804922473958005,-43.205277927972335,-22.798200430270424,-43.2029564066223,9356.573277242598,6298.033264424022,3258.5399227275865,2698378.9006203687,769.3694678252436,205.00944492292322
2,HBEFA4/PC_petrol_Euro-6ab,Gasoline,2026-02-29 25:04:53,2026-02-29 25:04:53,-22.798200430270424,-43.2029564066223,-22.7980285033982,-43.20298594423296,9356.582466362492,6298.0425536449045,3258.5399227275865,2698383.5573670054,769.3709262859399,205.00968803682787
2,HBEFA4/PC_petrol_Euro-6ab,Gasoline,2026-02-29 25:04:53,2026-02-29 25:04:53,-22.7980285033982,-43.20298594423296,-22.797923620474008,-43.202020256327445,9356.592033056502,6298.052220338925,3258.5399227275865,2698388.002927226,769.372250344737,205.00996597469293
2,HBEFA4/PC_petrol_Euro-6ab,Gasoline,2026-02-29 25:04:53,2026-02-29 25:04:53,-22.797923620474008,-43.202020256327445,-22.797826794589724,-43.2020586670762,9356.602223809897,6298.06220209232,3258.5399227275865,2698393.4304506676,769.373777945037,205.02028832033623
2,HBEFA4/PC_petrol_Euro-6ab,Gasoline,2026-02-29 25:04:53,2026-02-29 25:04:53,-22.797826794589724,-43.2020586670762,-22.79770953992272,-43.20209733596355,9356.624586829238,6298.074674202552,3258.5399227275865,2698399.0025384557,769.3752765500042,205.020650520497
2,HBEFA4/PC_petrol_Euro-6ab,Gasoline,2026-02-29 25:04:53,2026-02-29 25:04:53,-22.79770953992272,-43.20209733596355,-22.797598272265683,-43.202237452620374,9356.627222065202,6298.0872983475245,3258.5399227275865,2698400.992086807,769.3758539582204,205.02200807897063
2,HBEFA4/PC_petrol_Euro-6ab,Gasoline,2026-02-29 25:04:53,2026-02-29 25:04:54,-22.797598272265683,-43.202237452620374,-22.798092059872088,-43.20322256645367,9358.92935284282,6200.253462572585,3258.665889272224,2699042.3444853593,769.5702554053376,205.06057263666355
2,HBEFA4/PC_petrol_Euro-6ab,Gasoline,2026-02-29 25:04:54,2026-02-29 25:04:57,-22.798092059872088,-43.20322256645367,-22.80069400063208,-43.209232522346985,9364.864222808676,6204.2746847628005,3260.589437045876,2700700.7950355066,770.035957543627,205.2882724232466
2,HBEFA4/PC_petrol_Euro-6ab,Gasoline,2026-02-29 25:04:57,2026-02-29 25:05:04,-22.80069400063208,-43.209232522346985,-22.804922473592208,-43.20527887482669,9382.445269437048,6223.243835409924,3268.302434027235,2705283.349372222,772.2928094207225,205.55735243052848
2,HBEFA4/PC_petrol_Euro-6ab,Gasoline,2026-02-29 25:05:04,2026-02-29 25:05:04,-22.804922473592208,-43.20527887482669,-22.804877744473483,-43.20522223683388,9382.448677455233,6223.247243427998,3268.302434027235,2705285.599055237,772.2936278699298,205.55745649280587
2,HBEFA4/PC_petrol_Euro-6ab,Gasoline,2026-02-29 25:05:04,2026-02-29 25:05:05,-22.804877744473483,-43.20522223683388,-22.80426364222538,-43.202627604868986,9383.556022496275,6223.758228396624,3269.797893099662,2705923.927438274,772.4624007940744,205.60296407686223
2,HBEFA4/PC_petrol_Euro-6ab,Gasoline,2026-02-29 25:05:05,2026-02-29 25:05:22,-22.80426364222538,-43.202627604868986,-22.804906825660254,-43.20528332058865,9396.697429966203,6223.382259826283,3273.32527024982,2709432.2260979243,772.4704924299893,205.88475689023222
2,HBEFA4/PC_petrol_Euro-6ab,Gasoline,2026-02-29 25:05:22,2026-02-29 25:05:28,-22.804906825660254,-43.20528332058865,-22.798046252350328,-43.2029759400237,9407.2739582229,6232.984705003232,3275.289253228768,2722892.5480722724,773.5042676267657,206.2249232422287
2,HBEFA4/PC_petrol_Euro-6ab,Gasoline,2026-02-29 25:05:28,2026-02-29 25:05:43,-22.798046252350328,-43.2029759400237,-22.798330296367345,-43.20457823590465,9454.99822773589,6265.503897432227,3289.4943303037735,2726077.5797806296,777.2763223670263,207.26232676753443
2,HBEFA4/PC_petrol_Euro-6ab,Gasoline,2026-02-29 25:05:43,2026-02-29 25:05:43,-22.798330296367345,-43.20457823590465,-22.79825608592772,-43.20459427026927,9455.005389924959,6265.522059622286,3289.4943303037735,2726079.7272373093,777.2769902992883,207.2625228279468
2,HBEFA4/PC_petrol_Euro-6ab,Gasoline,2026-02-29 25:05:43,2026-02-29 25:05:43,-22.79825608592772,-43.20459427026927,-22.798264083745724,-43.20462200752538,9455.023760922243,6265.52943060747,3289.4943303037735,2726083.735563029,777.2782389029666,207.26276667327028
2,HBEFA4/PC_petrol_Euro-6ab,Gasoline,2026-02-29 25:05:43,2026-02-29 25:05:43,-22.798264083745724,-43.20462200752538,-22.797947472900233,-43.204637502333856,9455.035928222678,6265.542587928906,3289.4943303037735,2726095.5444522344,777.2825649278352,207.26242329523272
2,HBEFA4/PC_petrol_Euro-6ab,Gasoline,2026-02-29 25:05:43,2026-02-29 25:05:43,-22.797947472900233,-43.204637502333856,-22.797839473269248,-43.20465068827095,9455.048242737406,6265.553922433633,3289.4943303037735,2726098.7263080242,777.2824522462233,207.2627670827385
2,HBEFA4/PC_petrol_Euro-6ab,Gasoline,2026-02-29 25:05:43,2026-02-29 25:05:43,-22.797839473269248,-43.20465068827095,-22.7977236878573,-43.2046462234249,9455.060278475534,6265.565948272762,3289.4943303037735,2726098.7263080242,777.2824522462233,207.2627670827385
2,HBEFA4/PC_petrol_Euro-6ab,Gasoline,2026-02-29 25:05:43,2026-02-29 25:05:43,-22.7977236878573,-43.2046462234249,-22.79762285525735,-43.20464236048736,9455.073224029927,6265.578783726254,3289.4943303037735,2726202.78962865,777.2835529294854,207.2632372765392
2,HBEFA4/PC_petrol_Euro-6ab,Gasoline,2026-02-29 25:05:43,2026-02-29 25:05:43,-22.79762285525735,-43.20464236048736,-22.79750263253748,-43.20463648044278,9455.085398369423,6265.592068065652,3289.4943303037735,2726202.78962865,777.2835529294854,207.2632372765392
2,HBEFA4/PC_petrol_Euro-6ab,Gasoline,2026-02-29 25:05:43,2026-02-29 25:06:03,-22.79750263253748,-43.20463648044278,-22.798200852762994,-43.202956254649645,9492.088767744223,6297.656726582626,3294.4320522625874,2736346.773002527,780.343608045928,207.95420868370968
2,HBEFA4/PC_petrol_Euro-6ab,Gasoline,2026-02-29 25:06:03,2026-02-29 25:06:03,-22.798200852762994,-43.202956254649645,-22.798027087085938,-43.202986454762,9492.09679724427,6297.664745982682,3294.4320522625874,2736352.4693552655,780.3450954299227,207.95444478694534
2,HBEFA4/PC_petrol_Euro-6ab,Gasoline,2026-02-29 25:06:03,2026-02-29 25:06:03,-22.798027087085938,-43.202986454762,-22.79792200383525,-43.20202209620024,9492.206578440726,6297.674527278229,3294.4320522625874,2736357.022202766,780.3467294220379,207.9547309877202
2,HBEFA4/PC_petrol_Euro-6ab,Gasoline,2026-02-29 25:06:03,2026-02-29 25:06:03,-22.79792200383525,-43.20202209620024,-22.79782682382222,-43.20205865653729,9492.227798289856,6297.685747027269,3294.4320522625874,2736362.3002332426,780.3482220223722,207.9550569980978
2,HBEFA4/PC_petrol_Euro-6ab,Gasoline,2026-02-29 25:06:03,2026-02-29 25:06:03,-22.79782682382222,-43.20205865653729,-22.797722002052258,-43.2020964482806,9492.229963405585,6297.6979222429975,3294.4320522625874,2736366.603245494,780.349394322058,207.95540827330627
2,HBEFA4/PC_petrol_Euro-6ab,Gasoline,2026-02-29 25:06:03,2026-02-29 25:06:20,-22.797722002052258,-43.2020964482806,-22.798097502288858,-43.20295746225337,9506.042849352352,6305.727220876844,3200.325738475509,2740456.7422292077,782.5223283532227,208.2640866829243
2,HBEFA4/PC_petrol_Euro-6ab,Gasoline,2026-02-29 25:06:20,2026-02-29 25:06:20,-22.798097502288858,-43.20295746225337,-22.797987994262945,-43.20299694377396,9506.053878266048,6305.738239790538,3200.325738475509,2740459.8052983263,782.5222009784868,208.26440309027343
2,HBEFA4/PC_petrol_Euro-6ab,Gasoline,2026-02-29 25:06:20,2026-02-29 25:06:34,-22.797987994262945,-43.20299694377396,-22.800698452699684,-43.20925576526236,9552.0589622722,6336.39526293746,3224.66369933464,2753798.242939602,785.3365603457232,209.2268823679659
2,HBEFA4/PC_petrol_Euro-6ab,Gasoline,2026-02-29 25:06:34,2026-02-29 25:06:34,-22.800698452699684,-43.20925576526236,-22.800683546246828,-43.20927447478778,9552.065668627439,6336.402969282799,3224.66369933464,2753798.242939602,785.3365603457232,209.2268823679659
2,HBEFA4/PC_petrol_Euro-6ab,Gasoline,2026-02-29 25:06:34,2026-02-29 25:06:34,-22.800683546246828,-43.20927447478778,-22.80066682233792,-43.209083274899305,9552.074276727628,6336.420477392978,3224.66369933464,2753803.4589232563,785.3382808920333,209.22723276982027
2,HBEFA4/PC_petrol_Euro-6ab,Gasoline,2026-02-29 25:06:34,2026-02-29 25:06:34,-22.80066682233792,-43.209083274899305,-22.800647085997625,-43.208975559996234,9552.083732324082,6336.42003298944,3224.66369933464,2753807.404670644,785.3393583857288,209.2274093456443
2,HBEFA4/PC_petrol_Euro-6ab,Gasoline,2026-02-29 25:06:34,2026-02-29 25:06:34,-22.800647085997625,-43.208975559996234,-22.80062588963552,-43.208859920257295,9552.09499548032,6336.43229624567,3224.66369933464,2753823.3674242775,785.3420224253272,209.22773783823897
2,HBEFA4/PC_petrol_Euro-6ab,Gasoline,2026-02-29 25:06:34,2026-02-29 25:06:34,-22.80062588963552,-43.208859920257295,-22.80060387680536,-43.20873982647423,9552.207098543998,6336.443399209358,3224.66369933464,2753827.380453842,785.3422300768238,209.22808672062788
2,HBEFA4/PC_petrol_Euro-6ab,Gasoline,2026-02-29 25:06:34,2026-02-29 25:06:34,-22.80060387680536,-43.20873982647423,-22.800582732892025,-43.20862902272003,9552.22966775927,6336.4559684246325,3224.66369933464,2753820.4898260343,785.3429940602024,209.2284474932805
2,HBEFA4/PC_petrol_Euro-6ab,Gasoline,2026-02-29 25:06:34,2026-02-29 25:06:35,-22.800582732892025,-43.20862902272003,-22.800559050988568,-43.20849895282392,9552.232322343202,6336.46862300856,3224.66369933464,2753822.5527646204,785.3435896473344,209.22880868222006
2,HBEFA4/PC_petrol_Euro-6ab,Gasoline,2026-02-29 25:06:35,2026-02-29 25:06:35,-22.800559050988568,-43.20849895282392,-22.80053450725766,-43.20837508388952,9552.244893073339,6336.482293738699,3224.66369933464,2753824.2353362247,785.3440883998822,209.22926736380293
2,HBEFA4/PC_petrol_Euro-6ab,Gasoline,2026-02-29 25:06:35,2026-02-29 25:06:40,-22.80053450725766,-43.20837508388952,-22.804927665862725,-43.20527295289697,9559.827324535965,6343.2923729399035,3226.5349425960627,2756509.6984442336,786.2389235222353,209.4283527622228
2,HBEFA4/PC_petrol_Euro-6ab,Gasoline,2026-02-29 25:06:40,2026-02-29 25:06:40,-22.804927665862725,-43.20527295289697,-22.804886239526075,-43.205203206952426,9559.830030877423,6343.29508928236,3226.5349425960627,2756509.6984442336,786.2389235222353,209.4283527622228
2,HBEFA4/PC_petrol_Euro-6ab,Gasoline,2026-02-29 25:06:40,2026-02-29 25:07:03,-22.804886239526075,-43.205203206952426,-22.80490832449085,-43.205282886952076,9620.984984288223,6376.093800823323,3234.8922833747907,2772273.689487297,790.3220863476646,220.54765723943445
2,HBEFA4/PC_petrol_Euro-6ab,Gasoline,2026-02-29 25:07:03,2026-02-29 25:07:03,-22.80490832449085,-43.205282886952076,-22.804876220208445,-43.20522270020858,9620.98802358334,6376.096840208552,3234.8922833747907,2772273.689487297,790.3220863476646,220.54765723943445
2,HBEFA4/PC_petrol_Euro-6ab,Gasoline,2026-02-29 25:07:03,2026-02-29 25:07:03,-22.804876220208445,-43.20522270020858,-22.804836908390687,-43.20525029664422,9620.992792942248,6376.202608567457,3234.8922833747907,2772277.6849008286,790.323562272093,220.54780392677497
2,HBEFA4/PC_petrol_Euro-6ab,Gasoline,2026-02-29 25:07:03,2026-02-29 25:07:03,-22.804836908390687,-43.20525029664422,-22.804787680678693,-43.2052972830223,9620.998594562205,6376.207422287323,3234.8922833747907,2772280.862023424,790.3246522329852,220.5479757480395
2,HBEFA4/PC_petrol_Euro-6ab,Gasoline,2026-02-29 25:07:03,2026-02-29 25:07:03,-22.804787680678693,-43.2052972830223,-22.80472887038724,-43.205353535086374,9622.005882222743,6376.224697847953,3234.8922833747907,2772285.2290233743,790.3260407629746,220.54829056284382
2,HBEFA4/PC_petrol_Euro-6ab,Gasoline,2026-02-29 25:07:03,2026-02-29 25:07:03,-22.80472887038724,-43.205353535086374,-22.80465669800995,-43.20542256789284,9622.024586288708,6376.223402923927,3234.8922833747907,2772289.628433209,790.3274287642732,220.5484447655022
2,HBEFA4/PC_petrol_Euro-6ab,Gasoline,2026-02-29 25:07:03,2026-02-29 25:07:03,-22.80465669800995,-43.20542256789284,-22.80457987283942,-43.20549605097385,9622.025269298277,6376.234085823485,3234.8922833747907,2772296.0286922586,790.3292453343262,220.54875777887256
2,HBEFA4/PC_petrol_Euro-6ab,Gasoline,2026-02-29 25:07:03,2026-02-29 25:07:03,-22.80457987283942,-43.20549605097385,-22.804533205696663,-43.20554078356806,9622.036640805643,6376.245457430853,3234.8922833747907,2772299.5029640676,790.3202337502379,220.54908475298687
2,HBEFA4/PC_petrol_Euro-6ab,Gasoline,2026-02-29 25:07:03,2026-02-29 25:07:26,-22.804533205696663,-43.20554078356806,-22.800704823508298,-43.209290264872486,9642.202025556235,6393.2652306793205,3247.9368848769245,2780388.295274475,792.8750790294236,222.22492536829447
2,HBEFA4/PC_petrol_Euro-6ab,Gasoline,2026-02-29 25:07:26,2026-02-29 25:07:26,-22.800704823508298,-43.209290264872486,-22.80069087600489,-43.20922446429882,9642.208746793074,6393.272862926262,3247.9368848769245,2780388.295274475,792.8750790294236,222.22492536829447
2,HBEFA4/PC_petrol_Euro-6ab,Gasoline,2026-02-29 25:07:26,2026-02-29 25:07:26,-22.80069087600489,-43.20922446429882,-22.80067423657652,-43.20922368464346,9642.226682360374,6393.279796483462,3247.9368848769245,2780392.2927222905,792.8763236226482,222.22525696959355
2,HBEFA4/PC_petrol_Euro-6ab,Gasoline,2026-02-29 25:07:26,2026-02-29 25:07:26,-22.80067423657652,-43.20922368464346,-22.800654526782587,-43.20902625439722,9642.22628250729,6393.289297630275,3247.9368848769245,2780397.2409803644,792.8778296035937,222.2254343627943
2,HBEFA4/PC_petrol_Euro-6ab,Gasoline,2026-02-29 25:07:26,2026-02-29 25:07:26,-22.800654526782587,-43.20902625439722,-22.80063270948278,-43.20889267222728,9642.237436802657,6393.300552924743,3247.9368848769245,2780403.3222532692,792.8795225576365,222.2257628066245
2,HBEFA4/PC_petrol_Euro-6ab,Gasoline,2026-02-29 25:07:26,2026-02-29 25:07:26,-22.80063270948278,-43.20889267222728,-22.800609229654277,-43.20876897498997,9642.25046543252,6393.323580555607,3247.9368848769245,2780420.230709637,792.882300259978,222.22624303859906
2,HBEFA4/PC_petrol_Euro-6ab,Gasoline,2026-02-29 25:07:26,2026-02-29 25:07:36,-22.800609229654277,-43.20876897498997,-22.80264228232222,-43.202708293702,9686.769223298389,6424.807926203734,3262.9622070946546,2793494.26267028,796.6265622844722,222.29254304362754
2,HBEFA4/PC_petrol_Euro-6ab,Gasoline,2026-02-29 25:07:36,2026-02-29 25:07:36,-22.80264228232222,-43.202708293702,-22.80262256029823,-43.20275244272828,9686.772586099725,6424.822379005072,3262.9622070946546,2793495.6238533525,796.6270206455868,222.2926467368932
2,HBEFA4/PC_petrol_Euro-6ab,Gasoline,2026-02-29 25:07:36,2026-02-29 25:07:36,-22.80262256029823,-43.20275244272828,-22.802604924988906,-43.20280644038327,9686.777478934504,6424.82627283985,3262.9622070946546,2793499.228482308,796.6283249852729,222.2927955425952
2,HBEFA4/PC_petrol_Euro-6ab,Gasoline,2026-02-29 25:07:36,2026-02-29 25:07:36,-22.802604924988906,-43.20280644038327,-22.802620228292943,-43.202876649303224,9686.783550449805,6424.822343355252,3262.9622070946546,2793502.6763786823,796.629494277847,222.292975402722
2,HBEFA4/PC_petrol_Euro-6ab,Gasoline,2026-02-29 25:07:36,2026-02-29 25:07:36,-22.802620228292943,-43.202876649303224,-22.802995088606657,-43.202045889224905,9686.824672829052,6424.863464734398,3262.9622070946546,2793524.972934082,796.6359343420258,222.29327783539796
2,HBEFA4/PC_petrol_Euro-6ab,Gasoline,2026-02-29 25:07:36,2026-02-29 25:07:36,-22.802995088606657,-43.202045889224905,-22.803098269405808,-43.202089723696255,9686.836970303206,6424.875763208552,3262.9622070946546,2793524.972934082,796.6359343420258,222.29327783539796
2,HBEFA4/PC_petrol_Euro-6ab,Gasoline,2026-02-29 25:07:36,2026-02-29 25:07:36,-22.803098269405808,-43.202089723696255,-22.803203852920287,-43.20223457897999,9686.849252477806,6424.888044383252,3262.9622070946546,2793526.762649322,796.6364628853523,222.29352798506304
2,HBEFA4/PC_petrol_Euro-6ab,Gasoline,2026-02-29 25:07:36,2026-02-29 25:07:39,-22.803203852920287,-43.20223457897999,-22.80070265262735,-43.20927850540496,9694.959344303237,6432.528779829308,3263.440564473828,2795237.070259742,797.2278350475839,222.3626647584847
2,HBEFA4/PC_petrol_Euro-6ab,Gasoline,2026-02-29 25:07:39,2026-02-29 25:07:39,-22.80070265262735,-43.20927850540496,-22.800687566687476,-43.20929640964664,9694.96652792205,6432.52595343822,3263.440564473828,2795239.474495597,797.2286022402256,222.36287277924077
2,HBEFA4/PC_petrol_Euro-6ab,Gasoline,2026-02-29 25:07:39,2026-02-29 25:07:44,-22.800687566687476,-43.20929640964664,-22.800702722985998,-43.20927347294094,9705.02283676687,6439.64690588287,3265.375930884998,2798024.235262944,797.9346424802222,222.5749325730894
2,HBEFA4/PC_petrol_Euro-6ab,Gasoline,2026-02-29 25:07:44,2026-02-29 25:07:48,-22.800702722985998,-43.20927347294094,-22.80070445854925,-43.209288288832836,9724.702337439767,6447.522556044246,3267.2907823956295,2800264.0020450697,798.5738220690836,222.7788992322544
2,HBEFA4/PC_petrol_Euro-6ab,Gasoline,2026-02-29 25:07:48,2026-02-29 25:07:50,-22.80070445854925,-43.209288288832836,-22.79820577589352,-43.20309047285765,9720.03496227482,6452.728757770602,3268.32620340422,2802823.4804297296,799.0205755009084,222.89692924769836
2,HBEFA4/PC_petrol_Euro-6ab,Gasoline,2026-02-29 25:07:50,2026-02-29 25:08:22,-22.79820577589352,-43.20309047285765,-22.804900897040454,-43.20528899233326,9787.736690885862,6494.8545245232835,3292.8822663626786,2822855.9350065873,804.7388650722837,224.37205686200296
2,HBEFA4/PC_petrol_Euro-6ab,Gasoline,2026-02-29 25:08:22,2026-02-29 25:08:22,-22.804900897040454,-43.20528899233326,-22.804870778027833,-43.2052278002677,9787.740042992269,6494.85787662849,3292.8822663626786,2822857.6003693244,804.7394074274099,224.37225833676282
2,HBEFA4/PC_petrol_Euro-6ab,Gasoline,2026-02-29 25:08:22,2026-02-29 25:08:22,-22.804870778027833,-43.2052278002677,-22.8048278680426,-43.20525884375404,9787.744502295637,6494.862334832959,3292.8822663626786,2822860.649852793,804.7405260922004,224.37229390092332
2,HBEFA4/PC_petrol_Euro-6ab,Gasoline,2026-02-29 25:08:22,2026-02-29 25:08:22,-22.8048278680426,-43.20525884375404,-22.80477789906999,-43.205306639239326,9787.750852709726,6494.8686863470375,3292.8822663626786,2822865.3462326685,804.7422266840604,224.37248469664294
2,HBEFA4/PC_petrol_Euro-6ab,Gasoline,2026-02-29 25:08:22,2026-02-29 25:08:22,-22.80477789906999,-43.205306639239326,-22.804729283826837,-43.20536270463743,9787.7582490909,6494.876082728222,3292.8822663626786,2822868.836995232,804.7432524868992,224.37270056969288
2,HBEFA4/PC_petrol_Euro-6ab,Gasoline,2026-02-29 25:08:22,2026-02-29 25:08:22,-22.804729283826837,-43.20536270463743,-22.804652563023253,-43.20542652300989,9787.766925286824,6494.884758924245,3292.8822663626786,2822873.05982993,804.7445532388043,224.37295333030738
2,HBEFA4/PC_petrol_Euro-6ab,Gasoline,2026-02-29 25:08:22,2026-02-29 25:08:22,-22.804652563023253,-43.20542652300989,-22.804574723446677,-43.205500985925606,9787.776802257476,6494.8946348947975,3292.8822663626786,2822877.423929355,804.7458366839422,224.37223972322234
2,HBEFA4/PC_petrol_Euro-6ab,Gasoline,2026-02-29 25:08:22,2026-02-29 25:08:22,-22.804574723446677,-43.205500985925606,-22.804527265303562,-43.2055463698787,9787.788324494844,6494.906258232266,3292.8822663626786,2822883.320999285,804.7474702900852,224.37257545278437
2,HBEFA4/PC_petrol_Euro-6ab,Gasoline,2026-02-29 25:08:22,2026-02-29 25:08:30,-22.804527265303562,-43.2055463698787,-22.80490865658606,-43.20528256930287,9809.290092300089,6509.504902889528,3299.685290420572,2828285.0983279654,806.5558034542575,224.82920052399276
2,HBEFA4/PC_petrol_Euro-6ab,Gasoline,2026-02-29 25:08:30,2026-02-29 25:08:30,-22.80490865658606,-43.20528256930287,-22.804875202376046,-43.20522356835723,9809.29326442647,6509.507974025899,3299.685290420572,2828285.0983279654,806.5558034542575,224.82920052399276
2,HBEFA4/PC_petrol_Euro-6ab,Gasoline,2026-02-29 25:08:30,2026-02-29 25:08:30,-22.804875202376046,-43.20522356835723,-22.804832076725626,-43.2052557746525,9809.298226304225,6509.522925893543,3299.685290420572,2828289.3622470743,806.5573722865227,224.82935295530774
2,HBEFA4/PC_petrol_Euro-6ab,Gasoline,2026-02-29 25:08:30,2026-02-29 25:08:30,-22.804832076725626,-43.2052557746525,-22.804778929872203,-43.205305653276225,9809.204647763502,6509.529457352932,3299.685290420572,2828293.5859542494,806.5587992575494,224.82954729202354
2,HBEFA4/PC_petrol_Euro-6ab,Gasoline,2026-02-29 25:08:30,2026-02-29 25:08:32,-22.804778929872203,-43.205305653276225,-22.804727753344907,-43.205364268533226,9809.222366522096,6509.527276202525,3299.685290420572,2828297.4052232585,806.5600289320043,224.8297727922235
2,HBEFA4/PC_petrol_Euro-6ab,Gasoline,2026-02-29 25:08:32,2026-02-29 25:08:32,-22.804727753344907,-43.205364268533226,-22.804648820222254,-43.20543020308856,9809.222422826322,6509.53623242575,3299.685290420572,2828202.840787826,806.5623657266757,224.8300365067099
2,HBEFA4/PC_petrol_Euro-6ab,Gasoline,2026-02-29 25:08:32,2026-02-29 25:08:40,-22.804648820222254,-43.20543020308856,-22.798203709826534,-43.20295522422968,9830.548849080209,6523.329270700367,3307.2296783798423,2834283.888066963,808.2700704940609,225.28329075779026
2,HBEFA4/PC_petrol_Euro-6ab,Gasoline,2026-02-29 25:08:40,2026-02-29 25:08:40,-22.798203709826534,-43.20295522422968,-22.79803472220269,-43.20298020032706,9830.555663405497,6523.335985025656,3307.2296783798423,2834287.837707254,808.2723834770836,225.283492986592
2,HBEFA4/PC_petrol_Euro-6ab,Gasoline,2026-02-29 25:08:40,2026-02-29 25:08:40,-22.79803472220269,-43.20298020032706,-22.797952966257623,-43.202009933227345,9830.563720347083,6523.344042967243,3307.2296783798423,2834292.838284508,808.2726452082286,225.28372729006384
2,HBEFA4/PC_petrol_Euro-6ab,Gasoline,2026-02-29 25:08:40,2026-02-29 25:08:47,-22.797952966257623,-43.202009933227345,-22.80490564228994,-43.20528445344287,9844.359368357565,6532.943330986002,3322.4260373725645,2838697.2662998275,809.6228206435029,225.5947032970205
2,HBEFA4/PC_petrol_Euro-6ab,Gasoline,2026-02-29 25:08:47,2026-02-29 25:08:47,-22.80490564228994,-43.20528445344287,-22.804882670733774,-43.20520738235477,9844.362830749285,6532.945793377729,3322.4260373725645,2838697.2662998275,809.6228206435029,225.5947032970205
2,HBEFA4/PC_petrol_Euro-6ab,Gasoline,2026-02-29 25:08:47,2026-02-29 25:08:53,-22.804882670733774,-43.20520738235477,-22.800703779293224,-43.209284620525006,9859.366568693798,6542.256893826878,3327.20967486692,2842848.3424504,820.8005382752228,225.9262857846259
2,HBEFA4/PC_petrol_Euro-6ab,Gasoline,2026-02-29 25:08:53,2026-02-29 25:08:53,-22.800703779293224,-43.209284620525006,-22.800688038422866,-43.20929898329397,9859.373828757238,6542.264253890327,3327.20967486692,2842849.945882403,820.8020326756537,225.92649325623677
2,HBEFA4/PC_petrol_Euro-6ab,Gasoline,2026-02-29 25:08:53,2026-02-29 25:08:57,-22.800688038422866,-43.20929898329397,-22.80492230259335,-43.20527808288324,9869.884622744304,6547.522068692576,3322.373543052729,2846269.024243605,822.7205290528648,226.24964020750622
2,HBEFA4/PC_petrol_Euro-6ab,Gasoline,2026-02-29 25:08:57,2026-02-29 25:08:57,-22.80492230259335,-43.20527808288324,-22.804883268265222,-43.205205853322305,9869.887434745886,6547.523892693256,3322.373543052729,2846270.6920367,822.7220685907679,226.24972765344923
2,HBEFA4/PC_petrol_Euro-6ab,Gasoline,2026-02-29 25:08:57,2026-02-29 25:09:03,-22.804883268265222,-43.205205853322305,-22.800704835994935,-43.20929033248094,9882.270905672734,6555.494884095254,3325.776022576482,2849763.3230763855,822.7632569574225,226.3962393203709
2,HBEFA4/PC_petrol_Euro-6ab,Gasoline,2026-02-29 25:09:03,2026-02-29 25:09:03,-22.800704835994935,-43.20929033248094,-22.800690639968604,-43.20922327655463,9882.277899724654,6555.502878238273,3325.776022576482,2849763.3230763855,822.7632569574225,226.3962393203709
2,HBEFA4/PC_petrol_Euro-6ab,Gasoline,2026-02-29 25:09:03,2026-02-29 25:09:05,-22.800690639968604,-43.20922327655463,-22.80070255249337,-43.20927796323797,9887.223505029795,6559.48779746338,3327.735707566426,2852458.095026722,823.2395233485677,226.5286690948292
2,HBEFA4/PC_petrol_Euro-6ab,Gasoline,2026-02-29 25:09:05,2026-02-29 25:09:29,-22.80070255249337,-43.20927796323797,-22.80490826772395,-43.205282942259376,9922.232908797365,6580.442996727865,3340.6899220795,2860482.722582223,825.7546268898236,227.26827220283842
2,HBEFA4/PC_petrol_Euro-6ab,Gasoline,2026-02-29 25:09:29,2026-02-29 25:09:29,-22.80490826772395,-43.205282942259376,-22.80488232320552,-43.2052067573593,9922.235632987056,6580.445729907556,3340.6899220795,2860482.722582223,825.7546268898236,227.26827220283842
2,HBEFA4/PC_petrol_Euro-6ab,Gasoline,2026-02-29 25:09:29,2026-02-29 25:09:29,-22.80488232320552,-43.2052067573593,-22.804845839337262,-43.20524265427559,9922.23947229682,6580.449560227329,3340.6899220795,2860485.6722275546,825.755732727752,227.268392055025
2,HBEFA4/PC_petrol_Euro-6ab,Gasoline,2026-02-29 25:09:29,2026-02-29 25:09:29,-22.804845839337262,-43.20524265427559,-22.804802698225396,-43.20528387523324,9922.244872607356,6580.454960527856,3340.6899220795,2860489.577666603,825.7572232423052,227.26855426372768
2,HBEFA4/PC_petrol_Euro-6ab,Gasoline,2026-02-29 25:09:29,2026-02-29 25:09:29,-22.804802698225396,-43.20528387523324,-22.804744989227356,-43.20533822752246,9922.25240635403,6580.46249427453,3340.6899220795,2860493.0530958986,825.7582847322749,227.26874664223584
2,HBEFA4/PC_petrol_Euro-6ab,Gasoline,2026-02-29 25:09:29,2026-02-29 25:09:20,-22.804744989227356,-43.20533822752246,-22.804923624963024,-43.20527682659702,9923.478593402893,6580.948874026624,3342.529729385268,2862320.0232238493,825.9759935309094,227.3240925069634
2,HBEFA4/PC_petrol_Euro-6ab,Gasoline,2026-02-29 25:09:20,2026-02-29 25:09:23,-22.804923624963024,-43.20527682659702,-22.802646874880868,-43.20269540238405,9929.273720295494,6583.092429490023,3346.082300805472,2863288.7053698087,826.55423620322,227.46234389527528
