0,HBEFA4/PC_petrol_Euro-6ab,Gasoline,2026-01-14 11:11:44,2026-01-14 11:11:48,-22.800007826010777,-43.209544768853945,-22.80491387932708,-43.20517657373187,32.18820635479006,22.276897063423842,9.91130929136622,9891.2367764378,2.757394579708972,0.7140046339156892
0,HBEFA4/PC_petrol_Euro-6ab,Gasoline,2026-01-14 11:11:48,2026-01-14 11:11:50,-22.80491387932708,-43.20517657373187,-22.80070070726055,-43.209267977797445,44.08755661787027,29.248354954911353,14.839201662958919,13517.786110901136,3.7322933872605883,0.9841603817413259
0,HBEFA4/PC_petrol_Euro-6ab,Gasoline,2026-01-14 11:11:50,2026-01-14 11:11:52,-22.80070070726055,-43.209267977797445,-22.800699792047546,-43.209263022456405,58.22490813273656,39.21280434092306,19.012103791813498,17839.76243796525,4.931867331855322,1.2956818551578047
0,HBEFA4/PC_petrol_Euro-6ab,Gasoline,2026-01-14 11:11:52,2026-01-14 11:11:52,-22.800699792047546,-43.209263022456405,-22.800682426274594,-43.20916836510531,58.23312885129075,39.22102505947725,19.012103791813498,17842.61736673623,4.932756006953976,1.2959188735359006
0,HBEFA4/PC_petrol_Euro-6ab,Gasoline,2026-01-14 11:11:52,2026-01-14 11:11:52,-22.800682426274594,-43.20916836510531,-22.800662987447176,-43.20906231298885,58.24303617919182,39.230932387378324,19.012103791813498,17848.05805943979,4.9343527788870105,1.296208367315747
0,HBEFA4/PC_petrol_Euro-6ab,Gasoline,2026-01-14 11:11:52,2026-01-14 11:12:03,-22.800662987447176,-43.20906231298885,-22.800701379119793,-43.209271615521324,118.60983911025471,79.77881255627632,38.831026553978404,37256.41704249607,10.396926339983592,2.647693500492918
0,HBEFA4/PC_petrol_Euro-6ab,Gasoline,2026-01-14 11:12:03,2026-01-14 11:12:03,-22.800701379119793,-43.209271615521324,-22.800684755405,-43.20918107213433,118.61829922837404,79.78727267439564,38.831026553978404,37260.41833162138,10.398168548978932,2.6479397954392097
0,HBEFA4/PC_petrol_Euro-6ab,Gasoline,2026-01-14 11:12:03,2026-01-14 11:12:03,-22.800684755405,-43.20918107213433,-22.800665403391616,-43.209075493598036,118.62777624083041,79.79674968685201,38.831026553978404,37264.281131826116,10.399324613057054,2.648214000920784
0,HBEFA4/PC_petrol_Euro-6ab,Gasoline,2026-01-14 11:12:03,2026-01-14 11:12:03,-22.800665403391616,-43.209075493598036,-22.800643178822085,-43.20895424379458,118.63882626407296,79.80779971009457,38.831026553978404,37269.84201894431,10.400890026946012,2.6485357298273278
0,HBEFA4/PC_petrol_Euro-6ab,Gasoline,2026-01-14 11:12:03,2026-01-14 11:12:03,-22.800643178822085,-43.20895424379458,-22.800618535465464,-43.208819798525944,118.65151647240579,79.82048991842738,38.831026553978404,37276.15879139454,10.402568688463987,2.6489054192647776
0,HBEFA4/PC_petrol_Euro-6ab,Gasoline,2026-01-14 11:12:03,2026-01-14 11:12:03,-22.800618535465464,-43.208819798525944,-22.80059438029862,-43.208688017284224,118.6655877459368,79.8345611919584,38.831026553978404,37282.241048137956,10.404125386192794,2.6493146396235185
0,HBEFA4/PC_petrol_Euro-6ab,Gasoline,2026-01-14 11:12:03,2026-01-14 11:12:03,-22.80059438029862,-43.208688017284224,-22.80056942581657,-43.208551875952836,118.6793802035581,79.8483536495797,38.831026553978404,37282.241048137956,10.404125386192794,2.6493146396235185
0,HBEFA4/PC_petrol_Euro-6ab,Gasoline,2026-01-14 11:12:03,2026-01-14 11:12:03,-22.80056942581657,-43.208551875952836,-22.800542044546983,-43.208413123873804,118.6936290018316,79.86260244785319,38.831026553978404,37285.593668854366,10.405019295383422,2.6497248846007935
0,HBEFA4/PC_petrol_Euro-6ab,Gasoline,2026-01-14 11:12:03,2026-01-14 11:12:03,-22.800542044546983,-43.208413123873804,-22.80051513679411,-43.20827732502543,118.70819452040706,79.87716796642866,38.831026553978404,37288.570157805196,10.405818338879362,2.6501439164079414
0,HBEFA4/PC_petrol_Euro-6ab,Gasoline,2026-01-14 11:12:03,2026-01-14 11:12:03,-22.80051513679411,-43.20827732502543,-22.80048921578214,-43.20814650668516,118.72245246511062,79.89142591113222,38.831026553978404,37288.570157805196,10.405818338879362,2.6501439164079414
0,HBEFA4/PC_petrol_Euro-6ab,Gasoline,2026-01-14 11:12:03,2026-01-14 11:12:03,-22.80048921578214,-43.20814650668516,-22.800462646245624,-43.208012415972505,118.73618749684249,79.9051609428641,38.831026553978404,37288.570157805196,10.405818338879362,2.6501439164079414
0,HBEFA4/PC_petrol_Euro-6ab,Gasoline,2026-01-14 11:12:03,2026-01-14 11:12:05,-22.800462646245624,-43.208012415972505,-22.798101781725247,-43.203099817952655,129.78021479375707,88.90903718233317,40.8711776114239,40390.22088247503,11.278816288790969,2.889055821066067
0,HBEFA4/PC_petrol_Euro-6ab,Gasoline,2026-01-14 11:12:05,2026-01-14 11:12:10,-22.798101781725247,-43.203099817952655,-22.800698967650565,-43.20925855883155,155.69429175362708,111.37684327396452,44.31744847966257,48138.50458908709,13.512984513563026,3.45910380168059
0,HBEFA4/PC_petrol_Euro-6ab,Gasoline,2026-01-14 11:12:10,2026-01-14 11:12:10,-22.800698967650565,-43.20925855883155,-22.800681576855762,-43.20916373093532,155.7022661559525,111.38481767628993,44.31744847966257,48141.15131093694,13.51381268229318,3.4593335067474396
0,HBEFA4/PC_petrol_Euro-6ab,Gasoline,2026-01-14 11:12:10,2026-01-14 11:12:10,-22.800681576855762,-43.20916373093532,-22.80066220295568,-43.20905803305911,155.71219119898754,111.39474271932497,44.31744847966257,48147.18375404096,13.515579616003336,3.459624708118039
0,HBEFA4/PC_petrol_Euro-6ab,Gasoline,2026-01-14 11:12:10,2026-01-14 11:12:10,-22.80066220295568,-43.20905803305911,-22.800640117297558,-43.20893754118474,155.7232537131441,111.4058052334815,44.31744847966257,48151.69616616216,13.516857607724956,3.459944808996548
0,HBEFA4/PC_petrol_Euro-6ab,Gasoline,2026-01-14 11:12:10,2026-01-14 11:12:13,-22.800640117297558,-43.20893754118474,-22.797184897621214,-43.2039523838743,180.1463758273637,121.57353934993664,58.57283647742706,54783.84318836266,15.217500101752194,4.039209973416988
0,HBEFA4/PC_petrol_Euro-6ab,Gasoline,2026-01-14 11:12:13,2026-01-14 11:12:13,-22.797184897621214,-43.2039523838743,-22.797060332213707,-43.203949925049194,180.16059975507738,121.58776327765032,58.57283647742706,54785.55289169529,15.217999575958416,4.039616981571032
0,HBEFA4/PC_petrol_Euro-6ab,Gasoline,2026-01-14 11:12:13,2026-01-14 11:12:13,-22.797060332213707,-43.203949925049194,-22.7970124680652,-43.20383185295292,180.17473958748297,121.60190311005591,58.57283647742706,54787.26689144068,15.218500410443891,4.040021506542699
0,HBEFA4/PC_petrol_Euro-6ab,Gasoline,2026-01-14 11:12:13,2026-01-14 11:12:15,-22.7970124680652,-43.20383185295292,-22.8007002809687,-43.209265669677286,193.51787973451417,129.75805520493552,63.759824529578665,58866.82596912897,16.35656163661387,4.343151689136518
0,HBEFA4/PC_petrol_Euro-6ab,Gasoline,2026-01-14 11:12:15,2026-01-14 11:12:15,-22.8007002809687,-43.209265669677286,-22.800683609115513,-43.20917481832585,193.5261117091291,129.76628717955046,63.759824529578665,58869.3277781387,16.357337606313557,4.343388192975909
0,HBEFA4/PC_petrol_Euro-6ab,Gasoline,2026-01-14 11:12:15,2026-01-14 11:12:17,-22.800683609115513,-43.20917481832585,-22.80264043498976,-43.201710244341356,202.11120632468453,135.2316785159147,66.87952780876982,61297.92645375953,17.003040099520437,4.537884610201951
0,HBEFA4/PC_petrol_Euro-6ab,Gasoline,2026-01-14 11:12:17,2026-01-14 11:12:17,-22.80264043498976,-43.201710244341356,-22.802619011092517,-43.2017596230913,202.11487729275171,135.23534948398188,66.87952780876982,61297.92645375953,17.003040099520437,4.537884610201951
0,HBEFA4/PC_petrol_Euro-6ab,Gasoline,2026-01-14 11:12:17,2026-01-14 11:12:22,-22.802619011092517,-43.2017596230913,-22.80491462631693,-43.20517585923343,231.27884873663487,151.73936763056986,79.539481106065,70119.6620250237,19.401254165134716,5.197281458101165
0,HBEFA4/PC_petrol_Euro-6ab,Gasoline,2026-01-14 11:12:22,2026-01-14 11:12:22,-22.80491462631693,-43.20517585923343,-22.8048833697132,-43.20520575627602,231.28193079198823,151.74244968592322,79.539481106065,70121.1859867165,19.40173300512442,5.197375234355015
0,HBEFA4/PC_petrol_Euro-6ab,Gasoline,2026-01-14 11:12:22,2026-01-14 11:12:22,-22.8048833697132,-43.20520575627602,-22.80484492900339,-43.205242524911796,231.2865573811238,151.7470762750588,79.539481106065,70124.88417288988,19.403098908105406,5.197517335638007
0,HBEFA4/PC_petrol_Euro-6ab,Gasoline,2026-01-14 11:12:22,2026-01-14 11:12:22,-22.80484492900339,-43.205242524911796,-22.804798145492704,-43.20528727341666,231.29224735723446,151.75276625116945,79.539481106065,70128.08692769805,19.40420297348446,5.197686214648098
0,HBEFA4/PC_petrol_Euro-6ab,Gasoline,2026-01-14 11:12:22,2026-01-14 11:12:22,-22.804798145492704,-43.20528727341666,-22.80473898010126,-43.20534386514642,231.29917222888383,151.75969112281882,79.539481106065,70131.81732202534,19.405433525906172,5.197889863006209
0,HBEFA4/PC_petrol_Euro-6ab,Gasoline,2026-01-14 11:12:22,2026-01-14 11:12:33,-22.80473898010126,-43.20534386514642,-22.800702795832958,-43.20927928619402,293.7503404522917,193.07714255689655,100.67319789539515,89207.7080647194,24.691967434177954,6.604927699035747
0,HBEFA4/PC_petrol_Euro-6ab,Gasoline,2026-01-14 11:12:33,2026-01-14 11:12:33,-22.800702795832958,-43.20927928619402,-22.80068574751049,-43.209186484762704,293.75875617232543,193.0855582769303,100.67319789539515,89209.47504799395,24.692508384212985,6.605167617086736
0,HBEFA4/PC_petrol_Euro-6ab,Gasoline,2026-01-14 11:12:33,2026-01-14 11:12:33,-22.80068574751049,-43.209186484762704,-22.800666202670083,-43.2090798542035,293.7684697463432,193.09527185094805,100.67319789539515,89214.00253038174,24.693849857169162,6.605449823181265
0,HBEFA4/PC_petrol_Euro-6ab,Gasoline,2026-01-14 11:12:33,2026-01-14 11:12:33,-22.800666202670083,-43.2090798542035,-22.800643620200997,-43.20895665180478,293.7796298758627,193.10643198046756,100.67319789539515,89219.29259377765,24.69533568106182,6.605774149939089
0,HBEFA4/PC_petrol_Euro-6ab,Gasoline,2026-01-14 11:12:33,2026-01-14 11:12:33,-22.800643620200997,-43.20895665180478,-22.800618623165185,-43.20882027698287,293.7925244459631,193.119326550568,100.67319789539515,89225.94647335866,24.69708913728781,6.606150262319525
0,HBEFA4/PC_petrol_Euro-6ab,Gasoline,2026-01-14 11:12:33,2026-01-14 11:12:33,-22.800618623165185,-43.20882027698287,-22.800593771644593,-43.20868469671158,293.8067976698026,193.13359977440746,100.67319789539515,89232.09284958664,24.698652935656714,6.6065654718434645
0,HBEFA4/PC_petrol_Euro-6ab,Gasoline,2026-01-14 11:12:33,2026-01-14 11:12:33,-22.800593771644593,-43.20868469671158,-22.800569631398677,-43.20855299752101,293.82098774063337,193.1477898452382,100.67319789539515,89233.8127506829,24.69915499461459,6.606971492944306
0,HBEFA4/PC_petrol_Euro-6ab,Gasoline,2026-01-14 11:12:33,2026-01-14 11:12:33,-22.800569631398677,-43.20855299752101,-22.800542508801126,-43.20841546689096,293.8347716164519,193.16157372105675,100.67319789539515,89233.8127506829,24.69915499461459,6.606971492944306
0,HBEFA4/PC_petrol_Euro-6ab,Gasoline,2026-01-14 11:12:33,2026-01-14 11:12:33,-22.800542508801126,-43.20841546689096,-22.800515984707573,-43.20828160429077,293.8492085197854,193.17601062439027,100.67319789539515,89237.79888930584,24.700196747070297,6.607388238542988
0,HBEFA4/PC_petrol_Euro-6ab,Gasoline,2026-01-14 11:12:33,2026-01-14 11:12:33,-22.800515984707573,-43.20828160429077,-22.800489204571953,-43.208146450109695,293.8632631715967,193.19006527620152,100.67319789539515,89237.79888930584,24.700196747070297,6.607388238542988
0,HBEFA4/PC_petrol_Euro-6ab,Gasoline,2026-01-14 11:12:33,2026-01-14 11:12:33,-22.800489204571953,-43.208146450109695,-22.800462956979715,-43.20801398417681,293.8774534368827,193.20425554148753,100.67319789539515,89240.1768467346,24.700857156644453,6.6077952705601435
0,HBEFA4/PC_petrol_Euro-6ab,Gasoline,2026-01-14 11:12:33,2026-01-14 11:12:33,-22.800462956979715,-43.20801398417681,-22.800436437907603,-43.20788014875138,293.8913614606966,193.21816356530147,100.67319789539515,89240.1768467346,24.700857156644453,6.6077952705601435
0,HBEFA4/PC_petrol_Euro-6ab,Gasoline,2026-01-14 11:12:33,2026-01-14 11:12:35,-22.800436437907603,-43.20788014875138,-22.804910440770396,-43.20517986272339,306.25155863618494,201.68089185049595,104.570666785689,92905.79450239519,25.704359556599247,6.877269331416825
0,HBEFA4/PC_petrol_Euro-6ab,Gasoline,2026-01-14 11:12:35,2026-01-14 11:12:35,-22.804910440770396,-43.20517986272339,-22.80487911924481,-43.20520982186124,306.2547303348558,201.68406354916684,104.570666785689,92907.24107355389,25.704801845710282,6.8773652073589355
0,HBEFA4/PC_petrol_Euro-6ab,Gasoline,2026-01-14 11:12:35,2026-01-14 11:12:43,-22.80487911924481,-43.20520982186124,-22.80264926093461,-43.20168990189643,345.67157956906425,225.09089013274973,120.5806894363145,105266.01271209256,29.107383878881198,7.77714149971112
0,HBEFA4/PC_petrol_Euro-6ab,Gasoline,2026-01-14 11:12:43,2026-01-14 11:12:43,-22.80264926093461,-43.20168990189643,-22.802628331832683,-43.20173814024178,345.67588058479737,225.09519114848285,120.5806894363145,105266.01271209256,29.107383878881198,7.77714149971112
0,HBEFA4/PC_petrol_Euro-6ab,Gasoline,2026-01-14 11:12:43,2026-01-14 11:12:43,-22.802628331832683,-43.20173814024178,-22.802605102634576,-43.20180098915185,345.681350516494,225.10066108017944,120.5806894363145,105269.3376142689,29.10854612069193,7.777304840969303
0,HBEFA4/PC_petrol_Euro-6ab,Gasoline,2026-01-14 11:12:43,2026-01-14 11:12:43,-22.802605102634576,-43.20180098915185,-22.802622108163682,-43.20188081090474,345.6883702422274,225.10768080591288,120.5806894363145,105273.6407929065,29.109968618068155,7.777512544226489
0,HBEFA4/PC_petrol_Euro-6ab,Gasoline,2026-01-14 11:12:43,2026-01-14 11:12:43,-22.802622108163682,-43.20188081090474,-22.803018993429525,-43.20205604474495,345.7307805927859,225.1500911564714,120.5806894363145,105294.21108740945,29.115844911132424,7.778746935067873
0,HBEFA4/PC_petrol_Euro-6ab,Gasoline,2026-01-14 11:12:43,2026-01-14 11:12:43,-22.803018993429525,-43.20205604474495,-22.803138968895095,-43.20210701414605,345.7451955955957,225.1645061592812,120.5806894363145,105301.14616743362,29.11759123956962,7.7791674756363225
0,HBEFA4/PC_petrol_Euro-6ab,Gasoline,2026-01-14 11:12:43,2026-01-14 11:12:43,-22.803138968895095,-43.20210701414605,-22.803254836741274,-43.20215634528554,345.75947576878,225.17878633246553,120.5806894363145,105302.71526289338,29.11805676749262,7.779575936627293
0,HBEFA4/PC_petrol_Euro-6ab,Gasoline,2026-01-14 11:12:43,2026-01-14 11:12:43,-22.803254836741274,-43.20215634528554,-22.80070075933422,-43.20926825974582,350.10862052051596,228.81108349954266,121.29753702097327,106433.18963272004,29.44163923268772,7.872795032796819
0,HBEFA4/PC_petrol_Euro-6ab,Gasoline,2026-01-14 11:12:43,2026-01-14 11:12:52,-22.80070075933422,-43.20926825974582,-22.804903495460046,-43.205186505936354,399.5977565079649,262.6708450893171,136.92691141864785,121448.0302862881,33.5723684741126,8.983774236893797
0,HBEFA4/PC_petrol_Euro-6ab,Gasoline,2026-01-14 11:12:52,2026-01-14 11:12:52,-22.804903495460046,-43.205186505936354,-22.804866155043857,-43.20522222215436,399.6013283767851,262.6744169581372,136.92691141864785,121449.5336864498,33.572835703363324,8.983880993881696
0,HBEFA4/PC_petrol_Euro-6ab,Gasoline,2026-01-14 11:12:52,2026-01-14 11:12:52,-22.804866155043857,-43.20522222215436,-22.804816770247918,-43.20526945881307,399.6068554887128,262.679944070065,136.92691141864785,121454.07767989355,33.574461336036016,8.984049452300374
0,HBEFA4/PC_petrol_Euro-6ab,Gasoline,2026-01-14 11:12:52,2026-01-14 11:12:52,-22.804816770247918,-43.20526945881307,-22.80475586276986,-43.20532771687186,399.6141654022776,262.6872539836298,136.92691141864785,121458.87760289556,33.576032670632245,8.984266266939835
0,HBEFA4/PC_petrol_Euro-6ab,Gasoline,2026-01-14 11:12:52,2026-01-14 11:12:52,-22.80475586276986,-43.20532771687186,-22.804684163603497,-43.205396297092754,399.62318089430573,262.6962694756579,136.92691141864785,121464.06542500909,33.57761019223114,8.984530535032315
0,HBEFA4/PC_petrol_Euro-6ab,Gasoline,2026-01-14 11:12:52,2026-01-14 11:12:52,-22.804684163603497,-43.205396297092754,-22.80460134363266,-43.20547551422671,399.63379376145906,262.7068823428112,136.92691141864785,121469.53837366907,33.57917515211968,8.984839802100407
0,HBEFA4/PC_petrol_Euro-6ab,Gasoline,2026-01-14 11:12:52,2026-01-14 11:12:52,-22.80460134363266,-43.20547551422671,-22.80454363931795,-43.205530708203284,399.6460527169518,262.7191412983039,136.92691141864785,121475.7098394326,33.580838885889,8.985196915024842
0,HBEFA4/PC_petrol_Euro-6ab,Gasoline,2026-01-14 11:12:52,2026-01-14 11:12:52,-22.80454363931795,-43.205530708203284,-22.8045123796918,-43.205560607898526,399.65459406613206,262.7276826474842,136.92691141864785,121475.7098394326,33.580838885889,8.985196915024842
0,HBEFA4/PC_petrol_Euro-6ab,Gasoline,2026-01-14 11:12:52,2026-01-14 11:12:58,-22.8045123796918,-43.205560607898526,-22.804907261428355,-43.20518290377499,428.2884745863852,287.05430626209056,141.23416832429461,130813.39172642285,36.29302779397084,9.611747259525242
0,HBEFA4/PC_petrol_Euro-6ab,Gasoline,2026-01-14 11:12:58,2026-01-14 11:12:58,-22.804907261428355,-43.20518290377499,-22.80487463637045,-43.20521410974303,428.2914909397405,287.05732261544586,141.23416832429461,130813.39172642285,36.29302779397084,9.611747259525242
0,HBEFA4/PC_petrol_Euro-6ab,Gasoline,2026-01-14 11:12:58,2026-01-14 11:12:58,-22.80487463637045,-43.20521410974303,-22.80482976584592,-43.205257028501755,428.2963200866172,287.06215176232257,141.23416832429461,130817.52367094194,36.2945537980628,9.61189606501755
0,HBEFA4/PC_petrol_Euro-6ab,Gasoline,2026-01-14 11:12:58,2026-01-14 11:12:58,-22.80482976584592,-43.205257028501755,-22.80477434603961,-43.2053100376154,428.3029618003955,287.0687934761009,141.23416832429461,130822.17288672301,36.29612411188591,9.612094499377271
0,HBEFA4/PC_petrol_Euro-6ab,Gasoline,2026-01-14 11:12:58,2026-01-14 11:12:58,-22.80477434603961,-43.2053100376154,-22.80470809808422,-43.20537340378427,428.3111650110854,287.0769966867908,141.23416832429461,130826.82499777753,36.297586313133664,9.61233524852319
0,HBEFA4/PC_petrol_Euro-6ab,Gasoline,2026-01-14 11:12:58,2026-01-14 11:13:02,-22.80470809808422,-43.20537340378427,-22.80490042507292,-43.205189442771754,447.9505993080631,298.75016675968953,149.20043254837358,137120.3776922363,38.02386852969581,10.05926008999754
0,HBEFA4/PC_petrol_Euro-6ab,Gasoline,2026-01-14 11:13:02,2026-01-14 11:13:02,-22.80490042507292,-43.205189442771754,-22.804863878054785,-43.20522440010019,447.9543728541861,298.75394030581253,149.20043254837358,137121.91865681036,38.02435164388691,10.05937237172529
0,HBEFA4/PC_petrol_Euro-6ab,Gasoline,2026-01-14 11:13:02,2026-01-14 11:13:02,-22.804863878054785,-43.20522440010019,-22.804816877685596,-43.20526935604877,447.9597825275868,298.7593499792132,149.20043254837358,137125.94221536492,38.025787040783484,10.059536180113739
0,HBEFA4/PC_petrol_Euro-6ab,Gasoline,2026-01-14 11:13:02,2026-01-14 11:13:02,-22.804816877685596,-43.20526935604877,-22.804757856064416,-43.20532581028498,447.96673949940845,298.7663069510349,149.20043254837358,137130.22432786252,38.02720642568074,10.059742133119606
0,HBEFA4/PC_petrol_Euro-6ab,Gasoline,2026-01-14 11:13:02,2026-01-14 11:13:05,-22.804757856064416,-43.20532581028498,-22.804907213194493,-43.205182949910835,463.0058158952106,308.51612837740504,154.48968751780555,141561.54317516062,39.24595566093639,10.396646359910415
0,HBEFA4/PC_petrol_Euro-6ab,Gasoline,2026-01-14 11:13:05,2026-01-14 11:13:05,-22.804907213194493,-43.205182949910835,-22.804870879565954,-43.20521770313665,463.00943807929747,308.51975056149195,154.48968751780555,141563.69616601637,39.246713547567204,10.39675674614397
0,HBEFA4/PC_petrol_Euro-6ab,Gasoline,2026-01-14 11:13:05,2026-01-14 11:13:05,-22.804870879565954,-43.20521770313665,-22.804823269622883,-43.20526324215043,463.0148161671159,308.5251286493103,154.48968751780555,141567.89318946964,39.24821852542376,10.396920234011994
0,HBEFA4/PC_petrol_Euro-6ab,Gasoline,2026-01-14 11:13:05,2026-01-14 11:13:06,-22.804823269622883,-43.20526324215043,-22.804903717009015,-43.205186294024024,471.0539499035243,311.20265544900633,159.85129445451796,144215.59817130226,39.93673603081565,10.5824156700105
0,HBEFA4/PC_petrol_Euro-6ab,Gasoline,2026-01-14 11:13:06,2026-01-14 11:13:09,-22.804903717009015,-43.205186294024024,-22.802638759929348,-43.201714105096855,489.0255203252276,321.80635934420053,167.21916098102707,149643.6895339604,41.41786489773648,10.990850622964302
0,HBEFA4/PC_petrol_Euro-6ab,Gasoline,2026-01-14 11:13:09,2026-01-14 11:13:09,-22.802638759929348,-43.201714105096855,-22.80261665996992,-43.20176504205991,489.0295550786834,321.81039409765634,167.21916098102707,149643.6895339604,41.41786489773648,10.990850622964302
0,HBEFA4/PC_petrol_Euro-6ab,Gasoline,2026-01-14 11:13:09,2026-01-14 11:13:09,-22.80261665996992,-43.20176504205991,-22.80260399643213,-43.201834933964,489.03533101791123,321.8161700368842,167.21916098102707,149647.97285103347,41.41937053881291,10.991024920960959
0,HBEFA4/PC_petrol_Euro-6ab,Gasoline,2026-01-14 11:13:09,2026-01-14 11:13:10,-22.80260399643213,-43.201834933964,-22.800700006151967,-43.20926418170603,493.3876522655754,325.2077226732402,168.17992959233524,150656.1574180861,41.68898774491021,11.088276815892927
0,HBEFA4/PC_petrol_Euro-6ab,Gasoline,2026-01-14 11:13:10,2026-01-14 11:13:22,-22.800700006151967,-43.20926418170603,-22.798048457247702,-43.20197514472025,557.8668165130323,369.1216208942624,188.7451956187699,170065.82569053172,47.10065832490118,12.521390051624078
0,HBEFA4/PC_petrol_Euro-6ab,Gasoline,2026-01-14 11:13:22,2026-01-14 11:13:22,-22.798048457247702,-43.20197514472025,-22.797934202580535,-43.20201633749899,557.8782853135344,369.1330896947645,188.7451956187699,170070.7459070475,47.10202993661846,12.521722439340891
0,HBEFA4/PC_petrol_Euro-6ab,Gasoline,2026-01-14 11:13:22,2026-01-14 11:13:22,-22.797934202580535,-43.20201633749899,-22.79781171004807,-43.20206050022451,557.891626959757,369.146431340987,188.7451956187699,170077.97325018398,47.10390249555808,12.522112335166353
0,HBEFA4/PC_petrol_Euro-6ab,Gasoline,2026-01-14 11:13:22,2026-01-14 11:13:22,-22.79781171004807,-43.20206050022451,-22.79768573362748,-43.20210591891307,557.9059305486388,369.1607349298689,188.7451956187699,170082.86750278476,47.10516493797406,12.522526532808342
0,HBEFA4/PC_petrol_Euro-6ab,Gasoline,2026-01-14 11:13:22,2026-01-14 11:13:22,-22.79768573362748,-43.20210591891307,-22.797565053816275,-43.20214942790547,557.9206409526745,369.1754453339045,188.7451956187699,170086.14559889905,47.106033233842616,12.522950301868713
0,HBEFA4/PC_petrol_Euro-6ab,Gasoline,2026-01-14 11:13:22,2026-01-14 11:13:22,-22.797565053816275,-43.20214942790547,-22.79744421005074,-43.20219649334327,557.9347328636445,369.1895372448746,188.7451956187699,170086.14559889905,47.106033233842616,12.522950301868713
0,HBEFA4/PC_petrol_Euro-6ab,Gasoline,2026-01-14 11:13:22,2026-01-14 11:13:22,-22.79744421005074,-43.20219649334327,-22.797324600394735,-43.20224835642611,557.9489679296707,369.2037723109008,188.7451956187699,170088.55102801122,47.106699817452224,12.523358699591599
0,HBEFA4/PC_petrol_Euro-6ab,Gasoline,2026-01-14 11:13:22,2026-01-14 11:13:23,-22.797324600394735,-43.20224835642611,-22.797205701916276,-43.20230034056633,557.9632447804014,369.2180491616314,188.7451956187699,170090.65426272794,47.107293497004775,12.523767873442441
0,HBEFA4/PC_petrol_Euro-6ab,Gasoline,2026-01-14 11:13:23,2026-01-14 11:13:23,-22.797205701916276,-43.20230034056633,-22.797275883347826,-43.20393559395812,558.5339066230715,369.7887110043016,188.7451956187699,170237.92181358003,47.14998529883158,12.536425199260307
0,HBEFA4/PC_petrol_Euro-6ab,Gasoline,2026-01-14 11:13:23,2026-01-14 11:13:23,-22.797275883347826,-43.20393559395812,-22.797240294217772,-43.20394202240534,561.707935254576,372.4731178401718,189.23481741440418,171406.84357850804,47.50489579210215,12.608172032856134
0,HBEFA4/PC_petrol_Euro-6ab,Gasoline,2026-01-14 11:13:23,2026-01-14 11:13:24,-22.797240294217772,-43.20394202240534,-22.80070166877056,-43.20927318381051,567.1127839045059,376.2769501357455,190.83583376876038,172835.96493258738,47.89233750567671,12.7236266523112
0,HBEFA4/PC_petrol_Euro-6ab,Gasoline,2026-01-14 11:13:24,2026-01-14 11:13:27,-22.80070166877056,-43.20927318381051,-22.798083888782596,-43.20196237040395,581.3565231241048,382.1558746419646,199.20064848214022,177242.6025810653,49.05916087800663,13.058299766517768
0,HBEFA4/PC_petrol_Euro-6ab,Gasoline,2026-01-14 11:13:27,2026-01-14 11:13:27,-22.798083888782596,-43.20196237040395,-22.797986025847187,-43.20199765342015,581.3661279328879,382.1654794507478,199.20064848214022,177248.5837253783,49.0609354645064,13.058581997851421
0,HBEFA4/PC_petrol_Euro-6ab,Gasoline,2026-01-14 11:13:27,2026-01-14 11:13:27,-22.797986025847187,-43.20199765342015,-22.797876573190067,-43.20203711486658,581.3775554987577,382.1769070166175,199.20064848214022,177254.89237370796,49.06268221328103,13.058915769100476
0,HBEFA4/PC_petrol_Euro-6ab,Gasoline,2026-01-14 11:13:27,2026-01-14 11:13:28,-22.797876573190067,-43.20203711486658,-22.802641705400475,-43.201707316240665,587.8898127037688,387.35256377153326,200.53724893223557,179563.76349855325,49.74820784557498,13.204100633348181
0,HBEFA4/PC_petrol_Euro-6ab,Gasoline,2026-01-14 11:13:28,2026-01-14 11:13:33,-22.802641705400475,-43.201707316240665,-22.79809377731379,-43.20195880523877,609.9443384500138,403.41440179211685,206.5299366578969,186855.01902103456,51.82834132161897,13.701305168023643
0,HBEFA4/PC_petrol_Euro-6ab,Gasoline,2026-01-14 11:13:33,2026-01-14 11:13:33,-22.79809377731379,-43.20195880523877,-22.797976255873397,-43.20200117583466,609.9562132378154,403.4262765799185,206.5299366578969,186861.76073511445,51.83017607296057,13.701652366032892
0,HBEFA4/PC_petrol_Euro-6ab,Gasoline,2026-01-14 11:13:33,2026-01-14 11:13:33,-22.797976255873397,-43.20200117583466,-22.79785704935699,-43.20204415387192,609.9699363495907,403.43999969169386,206.5299366578969,186869.08381702797,51.832051166169514,13.702053414414234
0,HBEFA4/PC_petrol_Euro-6ab,Gasoline,2026-01-14 11:13:33,2026-01-14 11:13:33,-22.79785704935699,-43.20204415387192,-22.797737251371004,-43.20208734506537,609.9838562275075,403.45391956961066,206.5299366578969,186871.6143390379,51.83275124220876,13.702452706247824
0,HBEFA4/PC_petrol_Euro-6ab,Gasoline,2026-01-14 11:13:33,2026-01-14 11:13:33,-22.797737251371004,-43.20208734506537,-22.797618304269786,-43.2021302293982,609.9978451698576,403.46790851196073,206.5299366578969,186873.77380500865,51.83336062736297,13.702853458418826
0,HBEFA4/PC_petrol_Euro-6ab,Gasoline,2026-01-14 11:13:33,2026-01-14 11:13:45,-22.797618304269786,-43.2021302293982,-22.804909139406732,-43.20518110748224,674.0108026246893,439.39380349385067,234.61699913083862,206300.49509845348,57.10961315928283,15.159819380661665
0,HBEFA4/PC_petrol_Euro-6ab,Gasoline,2026-01-14 11:13:45,2026-01-14 11:13:45,-22.804909139406732,-43.20518110748224,-22.80487861332949,-43.205210305770656,674.0142429621753,439.39724383133665,234.61699913083862,206302.6617835614,57.11038272187799,15.15992499966654
0,HBEFA4/PC_petrol_Euro-6ab,Gasoline,2026-01-14 11:13:45,2026-01-14 11:13:45,-22.80487861332949,-43.205210305770656,-22.804838140788373,-43.205249017853404,674.0187614189355,439.4017622880969,234.61699913083862,206305.68251453468,57.11147609394346,15.160062067374893
0,HBEFA4/PC_petrol_Euro-6ab,Gasoline,2026-01-14 11:13:45,2026-01-14 11:13:45,-22.804838140788373,-43.205249017853404,-22.804784228100413,-43.20530058541658,674.0247521455457,439.40775301470705,234.61699913083862,206309.59465547817,57.11282769574032,15.160241037890938
0,HBEFA4/PC_petrol_Euro-6ab,Gasoline,2026-01-14 11:13:45,2026-01-14 11:13:45,-22.804784228100413,-43.20530058541658,-22.804719513010873,-43.205362485413445,674.0327322738585,439.4157331430199,234.61699913083862,206314.99646262807,57.11454630944356,15.160477481419539
0,HBEFA4/PC_petrol_Euro-6ab,Gasoline,2026-01-14 11:13:45,2026-01-14 11:13:45,-22.804719513010873,-43.205362485413445,-22.804642639829066,-43.205436014516316,674.0423113642543,439.4253122334156,234.61699913083862,206320.1387360429,57.1160755100257,15.1607572348035
0,HBEFA4/PC_petrol_Euro-6ab,Gasoline,2026-01-14 11:13:45,2026-01-14 11:13:45,-22.804642639829066,-43.205436014516316,-22.80457399629727,-43.20550167186655,674.0536900830434,439.4366909522048,234.61699913083862,206326.37129799044,57.1178047021245,15.161089487588216
0,HBEFA4/PC_petrol_Euro-6ab,Gasoline,2026-01-14 11:13:45,2026-01-14 11:13:45,-22.80457399629727,-43.20550167186655,-22.804531466459295,-43.20554235149155,674.0638506493533,439.44685151851473,234.61699913083862,206326.37129799044,57.1178047021245,15.161089487588216
0,HBEFA4/PC_petrol_Euro-6ab,Gasoline,2026-01-14 11:13:45,2026-01-14 11:13:50,-22.804531466459295,-43.20554235149155,-22.80263813692342,-43.20171554102921,700.8704192053843,457.5727268624113,243.29769234297302,214636.94756910022,59.40205518820664,15.771870980082829
0,HBEFA4/PC_petrol_Euro-6ab,Gasoline,2026-01-14 11:13:50,2026-01-14 11:13:50,-22.80263813692342,-43.20171554102921,-22.80261855443285,-43.2017606756202,700.8741679045903,457.57647556161726,243.29769234297302,214636.94756910022,59.40205518820664,15.771870980082829
0,HBEFA4/PC_petrol_Euro-6ab,Gasoline,2026-01-14 11:13:50,2026-01-14 11:13:50,-22.80261855443285,-43.2017606756202,-22.80260440652116,-43.20182235004099,700.8792858903672,457.5815935473942,243.29769234297302,214640.50227268616,59.40332832920525,15.772025632493229
0,HBEFA4/PC_petrol_Euro-6ab,Gasoline,2026-01-14 11:13:50,2026-01-14 11:13:50,-22.80260440652116,-43.20182235004099,-22.802634878472222,-43.201893405143174,700.88594544967,457.5882531066969,243.29769234297302,214644.69633662156,59.40473681714147,15.772223332395848
0,HBEFA4/PC_petrol_Euro-6ab,Gasoline,2026-01-14 11:13:50,2026-01-14 11:13:50,-22.802634878472222,-43.201893405143174,-22.80305425394975,-43.202071024528486,700.9304260291143,457.63273368614125,243.29769234297302,214669.02112524238,59.41154702584355,15.773524088075517
0,HBEFA4/PC_petrol_Euro-6ab,Gasoline,2026-01-14 11:13:50,2026-01-14 11:13:50,-22.80305425394975,-43.202071024528486,-22.80317709562507,-43.202123211614364,700.944772506325,457.6470801633519,243.29769234297302,214672.8725699109,59.41255859503305,15.773937967054263
0,HBEFA4/PC_petrol_Euro-6ab,Gasoline,2026-01-14 11:13:50,2026-01-14 11:13:50,-22.80317709562507,-43.202123211614364,-22.80329625987882,-43.20217403231998,700.9593938328145,457.6617014898415,243.29769234297302,214675.72760267896,59.4133280555827,15.774358470661872
0,HBEFA4/PC_petrol_Euro-6ab,Gasoline,2026-01-14 11:13:50,2026-01-14 11:13:50,-22.80329625987882,-43.20217403231998,-22.803419515831234,-43.20222666075396,700.9735848369806,457.67589249400766,243.29769234297302,214675.72760267896,59.4133280555827,15.774358470661872
0,HBEFA4/PC_petrol_Euro-6ab,Gasoline,2026-01-14 11:13:50,2026-01-14 11:14:00,-22.803419515831234,-43.20222666075396,-22.8049107547471,-43.20517956240358,758.7500773789251,497.7521385064261,260.997938872499,231715.11379534448,64.11230168505007,17.0811700040682
0,HBEFA4/PC_petrol_Euro-6ab,Gasoline,2026-01-14 11:14:00,2026-01-14 11:14:00,-22.8049107547471,-43.20517956240358,-22.80488056305977,-43.20520844084813,758.7532338601719,497.75529498767287,260.997938872499,231715.11379534448,64.11230168505007,17.0811700040682
0,HBEFA4/PC_petrol_Euro-6ab,Gasoline,2026-01-14 11:14:00,2026-01-14 11:14:00,-22.80488056305977,-43.20520844084813,-22.804840816394723,-43.20524645863054,758.7577028207374,497.7597639482385,260.997938872499,231718.45244786688,64.11353012928693,17.08130679084554
0,HBEFA4/PC_petrol_Euro-6ab,Gasoline,2026-01-14 11:14:00,2026-01-14 11:14:00,-22.804840816394723,-43.20524645863054,-22.804794221638712,-43.2052910265874,758.7635861035997,497.7656472311007,260.997938872499,231722.2468465254,64.11484511322892,17.08148255189831
0,HBEFA4/PC_petrol_Euro-6ab,Gasoline,2026-01-14 11:14:00,2026-01-14 11:14:00,-22.804794221638712,-43.2052910265874,-22.8047372323172,-43.20534553690174,758.7704830356909,497.77254416319187,260.997938872499,231725.58736998262,64.1159419665086,17.081684424223564
0,HBEFA4/PC_petrol_Euro-6ab,Gasoline,2026-01-14 11:14:00,2026-01-14 11:14:00,-22.8047372323172,-43.20534553690174,-22.80467111994366,-43.20540877333625,758.7789185631282,497.78097969062924,260.997938872499,231730.26129672883,64.11739685240569,17.081931590174204
0,HBEFA4/PC_petrol_Euro-6ab,Gasoline,2026-01-14 11:14:00,2026-01-14 11:14:00,-22.80467111994366,-43.20540877333625,-22.80459612838226,-43.20548050259842,758.7887044755466,497.79076560304765,260.997938872499,231734.92338153883,64.11877409661403,17.082216094070795
0,HBEFA4/PC_petrol_Euro-6ab,Gasoline,2026-01-14 11:14:00,2026-01-14 11:14:00,-22.80459612838226,-43.20548050259842,-22.8045384817004,-43.20553564144322,758.799804674538,497.801865802039,260.997938872499,231739.8740555854,64.12017023488366,17.08253808843516
0,HBEFA4/PC_petrol_Euro-6ab,Gasoline,2026-01-14 11:14:00,2026-01-14 11:14:02,-22.8045384817004,-43.20553564144322,-22.798088053969373,-43.2019608687069,770.047533515907,503.6376972787381,266.4098362371689,234890.7658188586,64.94660713674587,17.34224177509416
0,HBEFA4/PC_petrol_Euro-6ab,Gasoline,2026-01-14 11:14:02,2026-01-14 11:14:02,-22.798088053969373,-43.2019608687069,-22.797991262539412,-43.20199576541067,770.0572515592872,503.64741532211826,266.4098362371689,234895.4518557797,64.94799477872111,17.342524436450812
0,HBEFA4/PC_petrol_Euro-6ab,Gasoline,2026-01-14 11:14:02,2026-01-14 11:14:06,-22.797991262539412,-43.20199576541067,-22.798064090679908,-43.203180619806396,788.8263124007187,516.4235456123761,272.40276678834255,240924.996321192,66.62841248314005,17.77711162023933
0,HBEFA4/PC_petrol_Euro-6ab,Gasoline,2026-01-14 11:14:06,2026-01-14 11:14:06,-22.798064090679908,-43.203180619806396,-22.797973989434013,-43.20328112418658,788.8403888118372,516.4376220234947,272.40276678834255,240924.996321192,66.62841248314005,17.77711162023933
0,HBEFA4/PC_petrol_Euro-6ab,Gasoline,2026-01-14 11:14:06,2026-01-14 11:14:06,-22.797973989434013,-43.20328112418658,-22.797850324809385,-43.20330073360833,788.8549995222974,516.4522327339548,272.40276678834255,240928.65226597112,66.62937203184717,17.777533000368983
0,HBEFA4/PC_petrol_Euro-6ab,Gasoline,2026-01-14 11:14:06,2026-01-14 11:14:09,-22.797850324809385,-43.20330073360833,-22.79826320170685,-43.20459273071654,810.7733988295654,529.3579058961428,281.4154929334226,247812.79578935512,68.49333769733681,18.28326156094279
0,HBEFA4/PC_petrol_Euro-6ab,Gasoline,2026-01-14 11:14:09,2026-01-14 11:14:09,-22.79826320170685,-43.20459273071654,-22.798168799729073,-43.20461042856754,810.7871471647518,529.3716542313292,281.4154929334226,247812.79578935512,68.49333769733681,18.28326156094279
0,HBEFA4/PC_petrol_Euro-6ab,Gasoline,2026-01-14 11:14:09,2026-01-14 11:14:09,-22.798168799729073,-43.20461042856754,-22.798106665633203,-43.20461805645751,810.7977667083359,529.3822737749133,281.4154929334226,247812.79578935512,68.49333769733681,18.28326156094279
0,HBEFA4/PC_petrol_Euro-6ab,Gasoline,2026-01-14 11:14:09,2026-01-14 11:14:10,-22.798106665633203,-43.20461805645751,-22.80490566905729,-43.2051844268833,814.4476518686671,529.7894122707515,284.6582395979156,248776.79159177857,68.72137732430149,18.374206297255675
0,HBEFA4/PC_petrol_Euro-6ab,Gasoline,2026-01-14 11:14:10,2026-01-14 11:14:11,-22.80490566905729,-43.2051844268833,-22.80069830150889,-43.20925495206666,818.2093860806178,532.6295006786963,285.5798854019215,250031.89739004814,69.08177722118228,18.45595862017279
0,HBEFA4/PC_petrol_Euro-6ab,Gasoline,2026-01-14 11:14:11,2026-01-14 11:14:12,-22.80069830150889,-43.20925495206666,-22.804908195834216,-43.20518201001259,823.2246362846051,534.8668905495699,288.3577457350352,251721.5429481381,69.52667735320941,18.570820252286328
0,HBEFA4/PC_petrol_Euro-6ab,Gasoline,2026-01-14 11:14:12,2026-01-14 11:14:20,-22.804908195834216,-43.20518201001259,-22.802640562261665,-43.201709950999245,862.2005491128081,561.2679771348793,300.93257197792883,264220.9987081884,73.02708111171988,19.435628324319563
0,HBEFA4/PC_petrol_Euro-6ab,Gasoline,2026-01-14 11:14:20,2026-01-14 11:14:20,-22.802640562261665,-43.201709950999245,-22.802618551702217,-43.2017606819139,862.2044640295849,561.2718920516561,300.93257197792883,264220.9987081884,73.02708111171988,19.435628324319563
0,HBEFA4/PC_petrol_Euro-6ab,Gasoline,2026-01-14 11:14:20,2026-01-14 11:14:20,-22.802618551702217,-43.2017606819139,-22.80260432375193,-43.20182488988617,862.2102166040422,561.2776446261134,300.93257197792883,264225.4268625815,73.02864311309236,19.435802418748274
0,HBEFA4/PC_petrol_Euro-6ab,Gasoline,2026-01-14 11:14:20,2026-01-14 11:14:20,-22.80260432375193,-43.20182488988617,-22.802636392983274,-43.201894662488925,862.2171364634845,561.2845644855557,300.93257197792883,264229.0386530958,73.02983286874594,19.436005621964505
0,HBEFA4/PC_petrol_Euro-6ab,Gasoline,2026-01-14 11:14:20,2026-01-14 11:14:20,-22.802636392983274,-43.201894662488925,-22.803022932513738,-43.202057718192044,862.2579479911936,561.3253760132649,300.93257197792883,264248.34965402784,73.03542227316171,19.437192466953068
0,HBEFA4/PC_petrol_Euro-6ab,Gasoline,2026-01-14 11:14:20,2026-01-14 11:14:20,-22.803022932513738,-43.202057718192044,-22.803141325431902,-43.202108015278874,862.2719744481587,561.33940247023,300.93257197792883,264255.3571557902,73.03720478055389,19.43760180992381
0,HBEFA4/PC_petrol_Euro-6ab,Gasoline,2026-01-14 11:14:20,2026-01-14 11:14:20,-22.803141325431902,-43.202108015278874,-22.80325785547807,-43.202157634238766,862.2860662574446,561.353494279516,300.93257197792883,264257.5148422895,73.03781294101715,19.438005596061164
0,HBEFA4/PC_petrol_Euro-6ab,Gasoline,2026-01-14 11:14:20,2026-01-14 11:14:20,-22.80325785547807,-43.202157634238766,-22.803380852733174,-43.20221015218376,862.2999406069166,561.3673686289878,300.93257197792883,264258.8201658104,73.03821534443105,19.43840163749211
0,HBEFA4/PC_petrol_Euro-6ab,Gasoline,2026-01-14 11:14:20,2026-01-14 11:14:22,-22.803380852733174,-43.20221015218376,-22.804909483857543,-43.20518077801385,874.8120383643103,564.911644127346,309.90039423696436,268176.7715452024,74.04012442629771,19.736107681118863
0,HBEFA4/PC_petrol_Euro-6ab,Gasoline,2026-01-14 11:14:22,2026-01-14 11:14:22,-22.804909483857543,-43.20518077801385,-22.804875815052252,-43.20521298233064,874.8152819767199,564.9148877397557,309.90039423696436,268178.17530680634,74.04054676039155,19.736205317029622
0,HBEFA4/PC_petrol_Euro-6ab,Gasoline,2026-01-14 11:14:22,2026-01-14 11:14:24,-22.804875815052252,-43.20521298233064,-22.80490269162785,-43.20518727480452,886.1820149611028,573.2543475748427,312.9276673862603,271701.0975629647,75.0285659093357,19.987887925528145
0,HBEFA4/PC_petrol_Euro-6ab,Gasoline,2026-01-14 11:14:24,2026-01-14 11:14:24,-22.80490269162785,-43.20518727480452,-22.804869172603535,-43.205219335850714,886.1856273597087,573.2579599734486,312.9276673862603,271701.0975629647,75.0285659093357,19.987887925528145
0,HBEFA4/PC_petrol_Euro-6ab,Gasoline,2026-01-14 11:14:24,2026-01-14 11:14:28,-22.804869172603535,-43.205219335850714,-22.804905618495784,-43.20518447524555,905.5384854055904,587.5733027720717,317.9651826335189,277805.9513292913,76.73352951129301,20.413039652552357
0,HBEFA4/PC_petrol_Euro-6ab,Gasoline,2026-01-14 11:14:28,2026-01-14 11:14:28,-22.804905618495784,-43.20518447524555,-22.804871500990444,-43.205217108742474,905.5422241259527,587.5770414924339,317.9651826335189,277808.1355257083,76.73429783464995,20.413153238935188
0,HBEFA4/PC_petrol_Euro-6ab,Gasoline,2026-01-14 11:14:28,2026-01-14 11:14:29,-22.804871500990444,-43.205217108742474,-22.800700242328045,-43.209265460460784,914.7421511843581,591.7519742789302,322.99017690542803,280466.28200592904,77.4300109353176,20.627404991248746
0,HBEFA4/PC_petrol_Euro-6ab,Gasoline,2026-01-14 11:14:29,2026-01-14 11:14:36,-22.800700242328045,-43.209265460460784,-22.79789989593664,-43.20464331049105,953.2633621335148,617.8707484588737,335.39261367464104,291976.7429715096,80.63167520342421,21.48481489331708
0,HBEFA4/PC_petrol_Euro-6ab,Gasoline,2026-01-14 11:14:36,2026-01-14 11:14:36,-22.79789989593664,-43.20464331049105,-22.797809829487516,-43.20465000300858,953.2716342038339,617.8790205291929,335.39261367464104,291979.5646802133,80.63255193864278,21.48505325745631
0,HBEFA4/PC_petrol_Euro-6ab,Gasoline,2026-01-14 11:14:36,2026-01-14 11:14:36,-22.797809829487516,-43.20465000300858,-22.79770249177875,-43.20464529341762,953.2816563710729,617.8890426964319,335.39261367464104,291985.1858919831,80.63419376943612,21.485346315745254
0,HBEFA4/PC_petrol_Euro-6ab,Gasoline,2026-01-14 11:14:36,2026-01-14 11:14:36,-22.79770249177875,-43.20464529341762,-22.797578126193446,-43.20463983670642,953.2935533370963,617.9009396624554,335.39261367464104,291991.81191286066,80.63599668583988,21.48569393592513
0,HBEFA4/PC_petrol_Euro-6ab,Gasoline,2026-01-14 11:14:36,2026-01-14 11:14:36,-22.797578126193446,-43.20463983670642,-22.797452085172285,-43.20463430648477,953.3073376179832,617.9147239433422,335.39261367464104,291999.27594092174,80.63790287911858,21.486096973582605
0,HBEFA4/PC_petrol_Euro-6ab,Gasoline,2026-01-14 11:14:36,2026-01-14 11:14:36,-22.797452085172285,-43.20463430648477,-22.797319768006812,-43.20462850089046,953.3213075986264,617.9286939239854,335.39261367464104,292001.7794231825,80.63859584543343,21.48649769931548
0,HBEFA4/PC_petrol_Euro-6ab,Gasoline,2026-01-14 11:14:36,2026-01-14 11:14:36,-22.797319768006812,-43.20462850089046,-22.79719298929667,-43.20462293830503,953.3359732067112,617.9433595320701,335.39261367464104,292005.9465245881,80.63967532761461,21.486921459532496
0,HBEFA4/PC_petrol_Euro-6ab,Gasoline,2026-01-14 11:14:36,2026-01-14 11:14:40,-22.79719298929667,-43.20462293830503,-22.800702606391884,-43.20927826048131,973.430562671191,628.7577829340341,344.6727797371569,298401.49748795136,82.40313751881807,21.942425513085656
0,HBEFA4/PC_petrol_Euro-6ab,Gasoline,2026-01-14 11:14:40,2026-01-14 11:14:40,-22.800702606391884,-43.20927826048131,-22.8006877081738,-43.20919718155369,973.4373335559975,628.7645538188407,344.6727797371569,298404.7954829232,82.40422517498314,21.942623847272213
0,HBEFA4/PC_petrol_Euro-6ab,Gasoline,2026-01-14 11:14:40,2026-01-14 11:14:40,-22.8006877081738,-43.20919718155369,-22.800670902023914,-43.20910549237588,973.4458202028568,628.7730404657,344.6727797371569,298409.83501993195,82.4057915983594,21.942873254894938
0,HBEFA4/PC_petrol_Euro-6ab,Gasoline,2026-01-14 11:14:40,2026-01-14 11:14:45,-22.800670902023914,-43.20910549237588,-22.79808674090376,-43.20196134211348,1000.83183023239,647.2697170266548,353.5621132057353,306143.5581326912,84.54658008374778,22.56281325125645
0,HBEFA4/PC_petrol_Euro-6ab,Gasoline,2026-01-14 11:14:45,2026-01-14 11:14:45,-22.79808674090376,-43.20196134211348,-22.79799506290486,-43.20199439524679,1000.8406148874678,647.2785016817326,353.5621132057353,306148.4859907442,84.54809263445492,22.563070586937965
0,HBEFA4/PC_petrol_Euro-6ab,Gasoline,2026-01-14 11:14:45,2026-01-14 11:14:45,-22.79799506290486,-43.20199439524679,-22.797894024795124,-43.20203082296786,1000.8513202313741,647.2892070256389,353.5621132057353,306154.7507014683,84.54987276263876,22.563383984048667
0,HBEFA4/PC_petrol_Euro-6ab,Gasoline,2026-01-14 11:14:45,2026-01-14 11:14:45,-22.797894024795124,-43.20203082296786,-22.797783589419137,-43.20207063865484,1000.8631185645921,647.3010053588569,353.5621132057353,306159.3432905338,84.5511438636954,22.56372516512678
0,HBEFA4/PC_petrol_Euro-6ab,Gasoline,2026-01-14 11:14:45,2026-01-14 11:14:50,-22.797783589419137,-43.20207063865484,-22.80490601424654,-43.20518409670862,1026.2866742782917,662.1797696716386,364.1069046066532,313695.7158888391,86.59965805860664,23.1405106408897
0,HBEFA4/PC_petrol_Euro-6ab,Gasoline,2026-01-14 11:14:50,2026-01-14 11:14:50,-22.80490601424654,-43.20518409670862,-22.804871229065867,-43.20521736883905,1026.290205547098,662.1833009404447,364.1069046066532,313697.52603212313,86.60026389191435,23.14061740153423
0,HBEFA4/PC_petrol_Euro-6ab,Gasoline,2026-01-14 11:14:50,2026-01-14 11:14:50,-22.804871229065867,-43.20521736883905,-22.804825536092086,-43.20526107426879,1026.295354434325,662.1884498276719,364.1069046066532,313701.4559038587,86.60168283908762,23.140774017285224
0,HBEFA4/PC_petrol_Euro-6ab,Gasoline,2026-01-14 11:14:50,2026-01-14 11:14:50,-22.804825536092086,-43.20526107426879,-22.804772177288523,-43.20531211202723,1026.302117886478,662.1952132798248,364.1069046066532,313705.8022520798,86.60313770119416,23.140974919093306
0,HBEFA4/PC_petrol_Euro-6ab,Gasoline,2026-01-14 11:14:50,2026-01-14 11:14:54,-22.804772177288523,-43.20531211202723,-22.804907465618882,-43.20518270846603,1049.009153949326,679.0108953423204,369.99825860700554,320683.05400455213,88.58179413696948,23.644986576882115
0,HBEFA4/PC_petrol_Euro-6ab,Gasoline,2026-01-14 11:14:54,2026-01-14 11:14:54,-22.804907465618882,-43.20518270846603,-22.804869208803552,-43.20521930122531,1049.0129407155723,679.0146821085668,369.99825860700554,320685.24913336337,88.58256584943187,23.645101476398107
0,HBEFA4/PC_petrol_Euro-6ab,Gasoline,2026-01-14 11:14:54,2026-01-14 11:14:54,-22.804869208803552,-43.20521930122531,-22.80482178966813,-43.20526465772962,1049.0186034726335,679.0203448656281,369.99825860700554,320689.7109936067,88.58414822269162,23.64527328557349
0,HBEFA4/PC_petrol_Euro-6ab,Gasoline,2026-01-14 11:14:54,2026-01-14 11:14:54,-22.80482178966813,-43.20526465772962,-22.80476756329037,-43.205316525319134,1049.0256224302716,679.0273638232662,369.99825860700554,320693.6746182383,88.58545398742054,23.64548009020815
0,HBEFA4/PC_petrol_Euro-6ab,Gasoline,2026-01-14 11:14:54,2026-01-14 11:15:00,-22.80476756329037,-43.205316525319134,-22.798061818902394,-43.20318411964405,1080.829238246529,695.1206343260386,385.70860392049053,330426.2296401277,91.18663081686404,24.376730509533196
0,HBEFA4/PC_petrol_Euro-6ab,Gasoline,2026-01-14 11:15:00,2026-01-14 11:15:00,-22.798061818902394,-43.20318411964405,-22.797975520537094,-43.203280042729354,1080.8430874908101,695.1344835703196,385.70860392049053,330426.2296401277,91.18663081686404,24.376730509533196
0,HBEFA4/PC_petrol_Euro-6ab,Gasoline,2026-01-14 11:15:00,2026-01-14 11:15:00,-22.797975520537094,-43.203280042729354,-22.797848989447726,-43.20330039512833,1080.8570568333275,695.148452912837,385.70860392049053,330428.5386066139,91.18727661309994,24.377130915087733
0,HBEFA4/PC_petrol_Euro-6ab,Gasoline,2026-01-14 11:15:00,2026-01-14 11:15:00,-22.797848989447726,-43.20330039512833,-22.797735720931463,-43.20324670866501,1080.8717400515102,695.1631361310198,385.70860392049053,330432.7663443988,91.18837002698974,24.377555284914628
0,HBEFA4/PC_petrol_Euro-6ab,Gasoline,2026-01-14 11:15:00,2026-01-14 11:15:00,-22.797735720931463,-43.20324670866501,-22.797624889035035,-43.203178908671504,1080.885605184738,695.1770012642476,385.70860392049053,330432.7663443988,91.18837002698974,24.377555284914628
0,HBEFA4/PC_petrol_Euro-6ab,Gasoline,2026-01-14 11:15:00,2026-01-14 11:15:00,-22.797624889035035,-43.203178908671504,-22.797631271360842,-43.202125554340675,1081.4157897351924,695.4436614540741,385.9721282811184,330606.86671927496,91.23622781608526,24.388764837229647
0,HBEFA4/PC_petrol_Euro-6ab,Gasoline,2026-01-14 11:15:00,2026-01-14 11:15:08,-22.797631271360842,-43.202125554340675,-22.804909751885997,-43.20518052164371,1117.0709114403305,720.1896574128875,396.88125402744305,342086.21982580575,94.4913625753344,25.192307548246745
0,HBEFA4/PC_petrol_Euro-6ab,Gasoline,2026-01-14 11:15:08,2026-01-14 11:15:08,-22.804909751885997,-43.20518052164371,-22.804875303004966,-43.205213472105285,1117.0740623032736,720.1928082758307,396.88125402744305,342087.89113801083,94.49190991000972,25.19240369720478
0,HBEFA4/PC_petrol_Euro-6ab,Gasoline,2026-01-14 11:15:08,2026-01-14 11:15:08,-22.804875303004966,-43.205213472105285,-22.804828924669806,-43.205257833088226,1117.0791614117095,720.1979073842664,396.88125402744305,342092.29699067294,94.49352102366616,25.19256045199893
0,HBEFA4/PC_petrol_Euro-6ab,Gasoline,2026-01-14 11:15:08,2026-01-14 11:15:08,-22.804828924669806,-43.205257833088226,-22.804774543698578,-43.20530984855446,1117.086026310899,720.2047722834558,396.88125402744305,342096.93267281627,94.49506942194365,25.192764845453755
0,HBEFA4/PC_petrol_Euro-6ab,Gasoline,2026-01-14 11:15:08,2026-01-14 11:15:08,-22.804774543698578,-43.20530984855446,-22.804708754756806,-43.20537277567739,1117.0940757537471,720.212821726304,396.88125402744305,342100.820394966,94.49629523950908,25.19299957538277
0,HBEFA4/PC_petrol_Euro-6ab,Gasoline,2026-01-14 11:15:08,2026-01-14 11:15:08,-22.804708754756806,-43.20537277567739,-22.804630043259113,-43.205448063108236,1117.1038137944613,720.2225597670183,396.88125402744305,342106.20894453727,94.49788716892058,25.19328425668998
0,HBEFA4/PC_petrol_Euro-6ab,Gasoline,2026-01-14 11:15:08,2026-01-14 11:15:11,-22.804630043259113,-43.205448063108236,-22.798324095625613,-43.20457955584792,1129.6656847603547,731.0136782230933,398.65200653726146,346343.16271653987,95.757261948595,25.471795583811733
0,HBEFA4/PC_petrol_Euro-6ab,Gasoline,2026-01-14 11:15:11,2026-01-14 11:15:11,-22.798324095625613,-43.20457955584792,-22.79821610091883,-43.20460292132531,1129.6801290141245,731.0281224768632,398.65200653726146,346350.7171611232,95.75915463548459,25.47221790869335
0,HBEFA4/PC_petrol_Euro-6ab,Gasoline,2026-01-14 11:15:11,2026-01-14 11:15:12,-22.79821610091883,-43.20460292132531,-22.804905361563346,-43.2051847210023,1134.243244651699,732.7722095940136,401.4710350576854,347691.06857062376,96.1045256966862,25.57669356150342
0,HBEFA4/PC_petrol_Euro-6ab,Gasoline,2026-01-14 11:15:12,2026-01-14 11:15:13,-22.804905361563346,-43.2051847210023,-22.800695905600538,-43.20924190430055,1143.8801616952603,737.9796189716391,405.9005427236213,350718.6665908523,96.92233459520136,25.79231620009805
0,HBEFA4/PC_petrol_Euro-6ab,Gasoline,2026-01-14 11:15:13,2026-01-14 11:15:20,-22.800695905600538,-43.20924190430055,-22.800700265634816,-43.2092655866533,1174.6232975846144,761.4494796815133,413.1738179031013,360231.39929098036,99.61580552390673,26.474789302178394
0,HBEFA4/PC_petrol_Euro-6ab,Gasoline,2026-01-14 11:15:20,2026-01-14 11:15:20,-22.800700265634816,-43.2092655866533,-22.800682007548986,-43.20916608066604,1174.6319704010912,761.4581524979901,413.1738179031013,360234.60014569375,99.61678955782004,26.475039659912404
0,HBEFA4/PC_petrol_Euro-6ab,Gasoline,2026-01-14 11:15:20,2026-01-14 11:15:20,-22.800682007548986,-43.20916608066604,-22.800660964912456,-43.20905127870034,1174.6423852723728,761.4685673692716,413.1738179031013,360240.3408956428,99.61844125297067,26.47534390955295
0,HBEFA4/PC_petrol_Euro-6ab,Gasoline,2026-01-14 11:15:20,2026-01-14 11:15:20,-22.800660964912456,-43.20905127870034,-22.8006372382963,-43.2089218343675,1174.6544006356405,761.4805827325393,413.1738179031013,360246.30466349574,99.62006358307353,26.475693718257165
0,HBEFA4/PC_petrol_Euro-6ab,Gasoline,2026-01-14 11:15:20,2026-01-14 11:15:20,-22.8006372382963,-43.2089218343675,-22.80061240956705,-43.20878637793514,1174.6679484983995,761.4941305952982,413.1738179031013,360252.6414730777,99.6217053738734,26.476088137131352
0,HBEFA4/PC_petrol_Euro-6ab,Gasoline,2026-01-14 11:15:20,2026-01-14 11:15:22,-22.80061240956705,-43.20878637793514,-22.80491164657613,-43.20517870936601,1184.330242728532,769.0510860003119,415.27915672822024,363271.11949193117,100.47333757776858,26.694431381185826
0,HBEFA4/PC_petrol_Euro-6ab,Gasoline,2026-01-14 11:15:22,2026-01-14 11:15:22,-22.80491164657613,-43.20517870936601,-22.804676066799846,-43.20540404167522,1184.3583840561914,769.0792273279712,415.27915672822024,363287.5456252122,100.47883372540481,26.69526919285946
0,HBEFA4/PC_petrol_Euro-6ab,Gasoline,2026-01-14 11:15:22,2026-01-14 11:15:29,-22.804676066799846,-43.20540404167522,-22.800701488239323,-43.20927220633964,1220.1430125683378,792.4081700066349,427.734842561703,374637.83944727987,103.61665673736327,27.48842741948601
0,HBEFA4/PC_petrol_Euro-6ab,Gasoline,2026-01-14 11:15:29,2026-01-14 11:15:29,-22.800701488239323,-43.20927220633964,-22.800684378949377,-43.20917901830624,1220.150897374622,792.4160548129191,427.734842561703,374641.63588981726,103.6178609286278,27.48865741343657
0,HBEFA4/PC_petrol_Euro-6ab,Gasoline,2026-01-14 11:15:29,2026-01-14 11:15:29,-22.800684378949377,-43.20917901830624,-22.80066393139095,-43.20906746283917,1220.1606511978662,792.4258086361631,427.734842561703,374647.42474551033,103.61956877604567,27.488943365410275
0,HBEFA4/PC_petrol_Euro-6ab,Gasoline,2026-01-14 11:15:29,2026-01-14 11:15:29,-22.80066393139095,-43.20906746283917,-22.800640738564507,-43.20894093059971,1220.1723267766968,792.4374842149939,427.734842561703,374654.08015170693,103.62139304628104,27.48928477286283
0,HBEFA4/PC_petrol_Euro-6ab,Gasoline,2026-01-14 11:15:29,2026-01-14 11:15:29,-22.800640738564507,-43.20894093059971,-22.80061595015484,-43.20880569404148,1220.1855698541074,792.4507272924045,427.734842561703,374660.4031287595,103.62304580970566,27.489670364623937
0,HBEFA4/PC_petrol_Euro-6ab,Gasoline,2026-01-14 11:15:29,2026-01-14 11:15:29,-22.80061595015484,-43.20880569404148,-22.80059171884706,-43.20867349747322,1220.1997239459781,792.4648813842751,427.734842561703,374665.1040771007,103.62426627132638,27.49007988469323
0,HBEFA4/PC_petrol_Euro-6ab,Gasoline,2026-01-14 11:15:29,2026-01-14 11:15:29,-22.80059171884706,-43.20867349747322,-22.804908455825956,-43.2051817613296,1224.7669771404903,794.3983006369174,430.3686765035731,375945.0443523027,103.95065556221522,27.59446544550503
0,HBEFA4/PC_petrol_Euro-6ab,Gasoline,2026-01-14 11:15:29,2026-01-14 11:15:32,-22.804908455825956,-43.2051817613296,-22.80070117994196,-43.20927053709008,1241.436638102942,800.086301692673,441.350336410269,380937.6077425005,105.23228582101125,27.98112212764708
0,HBEFA4/PC_petrol_Euro-6ab,Gasoline,2026-01-14 11:15:32,2026-01-14 11:15:32,-22.80070117994196,-43.20927053709008,-22.800685065056477,-43.20918276149932,1241.4445321312626,800.0941957209936,441.350336410269,380939.4561183302,105.2328564821911,27.9813476893563
0,HBEFA4/PC_petrol_Euro-6ab,Gasoline,2026-01-14 11:15:32,2026-01-14 11:15:38,-22.800685065056477,-43.20918276149932,-22.80491825697885,-43.20517238649225,1273.2207359599558,816.2909730184481,456.92976294150793,390967.3909930584,107.90387159116187,28.708048464198544
0,HBEFA4/PC_petrol_Euro-6ab,Gasoline,2026-01-14 11:15:38,2026-01-14 11:15:38,-22.80491825697885,-43.20517238649225,-22.804886907968992,-43.2052023719239,1273.2239033829444,816.2941404414365,456.92976294150793,390967.3909930584,107.90387159116187,28.708048464198544
0,HBEFA4/PC_petrol_Euro-6ab,Gasoline,2026-01-14 11:15:38,2026-01-14 11:15:38,-22.804886907968992,-43.2052023719239,-22.80484211853601,-43.20524521312973,1273.228543650108,816.2987807086,456.92976294150793,390970.9909182484,107.90519611562154,28.708190612307433
0,HBEFA4/PC_petrol_Euro-6ab,Gasoline,2026-01-14 11:15:38,2026-01-14 11:15:38,-22.80484211853601,-43.20524521312973,-22.804788661544197,-43.2052963448235,1273.2351733613077,816.3054104197998,456.92976294150793,390975.936328,107.9068719881025,28.708389516255693
0,HBEFA4/PC_petrol_Euro-6ab,Gasoline,2026-01-14 11:15:38,2026-01-14 11:15:38,-22.804788661544197,-43.2052963448235,-22.804725839398085,-43.20535643422653,1273.2430860379363,816.3133230964286,456.92976294150793,390979.97942897107,107.90815492045316,28.708620866938162
0,HBEFA4/PC_petrol_Euro-6ab,Gasoline,2026-01-14 11:15:38,2026-01-14 11:15:39,-22.804725839398085,-43.20535643422653,-22.80069821312571,-43.20925447352385,1281.0069201436431,821.8948860453044,459.1120340983389,393598.7219374281,108.65028583596991,28.883205302652406
0,HBEFA4/PC_petrol_Euro-6ab,Gasoline,2026-01-14 11:15:39,2026-01-14 11:15:45,-22.80069821312571,-43.20925447352385,-22.79792134944521,-43.204640690958776,1305.9535505911185,838.0458121684716,467.9077384226472,401301.9722898587,110.77398509476915,29.444477208355533
0,HBEFA4/PC_petrol_Euro-6ab,Gasoline,2026-01-14 11:15:45,2026-01-14 11:15:45,-22.79792134944521,-43.204640690958776,-22.79784590262682,-43.204649903217565,1305.9608631547796,838.0531247321326,467.9077384226472,401301.9722898587,110.77398509476915,29.444477208355533
0,HBEFA4/PC_petrol_Euro-6ab,Gasoline,2026-01-14 11:15:45,2026-01-14 11:15:45,-22.79784590262682,-43.204649903217565,-22.7977558893106,-43.2046476363083,1305.96927189796,838.0615334753129,467.9077384226472,401305.7677008503,110.77516492122496,29.444721612166887
0,HBEFA4/PC_petrol_Euro-6ab,Gasoline,2026-01-14 11:15:45,2026-01-14 11:15:45,-22.7977558893106,-43.2046476363083,-22.797656107827525,-43.20464325825775,1305.9792549266385,838.0715165039913,467.9077384226472,401310.98349126574,110.7766922382763,29.445012752914533
0,HBEFA4/PC_petrol_Euro-6ab,Gasoline,2026-01-14 11:15:45,2026-01-14 11:15:45,-22.797656107827525,-43.20464325825775,-22.79753898834622,-43.204638119479846,1305.9903143848862,838.0825759622392,467.9077384226472,401315.3476164876,110.77792979063204,29.44533248708991
0,HBEFA4/PC_petrol_Euro-6ab,Gasoline,2026-01-14 11:15:45,2026-01-14 11:15:50,-22.79753898834622,-43.204638119479846,-22.802643161758404,-43.2017039595601,1329.4348391451279,850.119303088647,479.3155360564809,407887.8082577592,112.51180704803234,29.985732277350877
0,HBEFA4/PC_petrol_Euro-6ab,Gasoline,2026-01-14 11:15:50,2026-01-14 11:15:50,-22.802643161758404,-43.2017039595601,-22.80262064787136,-43.201755850572575,1329.43893463729,850.1233985808092,479.3155360564809,407887.8082577592,112.51180704803234,29.985732277350877
0,HBEFA4/PC_petrol_Euro-6ab,Gasoline,2026-01-14 11:15:50,2026-01-14 11:15:59,-22.80262064787136,-43.201755850572575,-22.800700852039597,-43.20926876169103,1369.7502835886055,878.5266506518586,491.22363293674687,419970.39399175224,115.86311330678687,30.885452039374847
0,HBEFA4/PC_petrol_Euro-6ab,Gasoline,2026-01-14 11:15:59,2026-01-14 11:15:59,-22.800700852039597,-43.20926876169103,-22.800684154025863,-43.2091777911916,1369.7586080008782,878.5349750641315,491.22363293674687,419972.73887074355,115.86383773454584,30.885690747597895
0,HBEFA4/PC_petrol_Euro-6ab,Gasoline,2026-01-14 11:15:59,2026-01-14 11:15:59,-22.800684154025863,-43.2091777911916,-22.800664066425647,-43.20906819954463,1369.768129629685,878.5444966929383,491.22363293674687,419976.9991039443,115.86510955964151,30.88596704028866
0,HBEFA4/PC_petrol_Euro-6ab,Gasoline,2026-01-14 11:15:59,2026-01-14 11:15:59,-22.800664066425647,-43.20906819954463,-22.8006405187831,-43.20893973154923,1369.7795996718808,878.5559667351339,491.22363293674687,419983.6370999745,115.86694215257525,30.886302614677692
0,HBEFA4/PC_petrol_Euro-6ab,Gasoline,2026-01-14 11:15:59,2026-01-14 11:15:59,-22.8006405187831,-43.20893973154923,-22.800615457162895,-43.20880300446331,1369.79304534878,878.5694124120332,491.22363293674687,419991.20384330547,115.86889283908819,30.886696049982024
0,HBEFA4/PC_petrol_Euro-6ab,Gasoline,2026-01-14 11:15:59,2026-01-14 11:15:59,-22.800615457162895,-43.20880300446331,-22.800590413420895,-43.20866637559511,1369.807355441941,878.5837225051941,491.22363293674687,419995.80416821217,115.87008465031779,30.887109992889503
0,HBEFA4/PC_petrol_Euro-6ab,Gasoline,2026-01-14 11:15:59,2026-01-14 11:15:59,-22.800590413420895,-43.20866637559511,-22.800564440485502,-43.20852615284272,1369.8216552615736,878.5980223248268,491.22363293674687,419997.75167502393,115.87064083522739,30.887519610395838
0,HBEFA4/PC_petrol_Euro-6ab,Gasoline,2026-01-14 11:15:59,2026-01-14 11:16:14,-22.800564440485502,-43.20852615284272,-22.80264193944066,-43.2017067768141,1438.3567127698914,926.3614835949247,511.99522917496677,439869.42489010503,121.3497103336245,32.41680398723036
0,HBEFA4/PC_petrol_Euro-6ab,Gasoline,2026-01-14 11:16:14,2026-01-14 11:16:14,-22.80264193944066,-43.2017067768141,-22.802622240439646,-43.201752179951946,1438.3603440965535,926.3651149215868,511.99522917496677,439869.42489010503,121.3497103336245,32.41680398723036
0,HBEFA4/PC_petrol_Euro-6ab,Gasoline,2026-01-14 11:16:14,2026-01-14 11:16:14,-22.802622240439646,-43.201752179951946,-22.80260466983511,-43.20181427001747,1438.3654925336302,926.3702633586636,511.99522917496677,439873.20550458645,121.35107049646469,32.41696013653461
0,HBEFA4/PC_petrol_Euro-6ab,Gasoline,2026-01-14 11:16:14,2026-01-14 11:16:14,-22.80260466983511,-43.20181427001747,-22.80262988742451,-43.20188926157999,1438.372285085039,926.3770559100723,511.99522917496677,439877.6105906573,121.35254384898987,32.417161976944556
0,HBEFA4/PC_petrol_Euro-6ab,Gasoline,2026-01-14 11:16:14,2026-01-14 11:16:14,-22.80262988742451,-43.20188926157999,-22.803015753360533,-43.2020546682616,1438.4135094865396,926.4182803115729,511.99522917496677,439896.33952302625,121.3580055501813,32.41835960180822
0,HBEFA4/PC_petrol_Euro-6ab,Gasoline,2026-01-14 11:16:14,2026-01-14 11:16:14,-22.803015753360533,-43.2020546682616,-22.803135152872244,-43.202105392976584,1438.4273599439352,926.4321307689685,511.99522917496677,439903.62887235446,121.359865553183,32.418764280255736
0,HBEFA4/PC_petrol_Euro-6ab,Gasoline,2026-01-14 11:16:14,2026-01-14 11:16:14,-22.803135152872244,-43.202105392976584,-22.80325298528867,-43.20215555474436,1438.4415715637188,926.4463423887521,511.99522917496677,439906.6884852513,121.36068966637144,32.419172983005176
0,HBEFA4/PC_petrol_Euro-6ab,Gasoline,2026-01-14 11:16:14,2026-01-14 11:16:14,-22.80325298528867,-43.20215555474436,-22.803371578350813,-43.20220619216123,1438.455600533675,926.4603713587082,511.99522917496677,439908.1025020767,121.3611183303346,32.41957376591704
0,HBEFA4/PC_petrol_Euro-6ab,Gasoline,2026-01-14 11:16:14,2026-01-14 11:16:14,-22.803371578350813,-43.20220619216123,-22.803493366524563,-43.20225819393166,1438.469725789041,926.4744966140744,511.99522917496677,439910.35585646355,121.36174930766319,32.41997868682354
0,HBEFA4/PC_petrol_Euro-6ab,Gasoline,2026-01-14 11:16:14,2026-01-14 11:16:14,-22.803493366524563,-43.20225819393166,-22.803623030029215,-43.20228045832027,1438.484231605842,926.4890024308753,511.99522917496677,439913.5197708849,121.36259380795066,32.42039623267287
0,HBEFA4/PC_petrol_Euro-6ab,Gasoline,2026-01-14 11:16:14,2026-01-14 11:16:23,-22.803623030029215,-43.20228045832027,-22.804917747446083,-43.20517287386219,1477.3353630813049,952.966346699706,524.3690163815987,452109.2011292714,124.76569436923567,33.29350904110973
0,HBEFA4/PC_petrol_Euro-6ab,Gasoline,2026-01-14 11:16:23,2026-01-14 11:16:23,-22.804917747446083,-43.20517287386219,-22.804882129609055,-43.20520694243923,1477.338988803787,952.9699724221883,524.3690163815987,452111.1647485753,124.7663673917179,33.29361885542928
0,HBEFA4/PC_petrol_Euro-6ab,Gasoline,2026-01-14 11:16:23,2026-01-14 11:16:23,-22.804882129609055,-43.20520694243923,-22.804836332911535,-43.205250747091156,1477.344260940847,952.9752445592485,524.3690163815987,452115.16870226763,124.76780582322893,33.293778958877496
0,HBEFA4/PC_petrol_Euro-6ab,Gasoline,2026-01-14 11:16:23,2026-01-14 11:16:23,-22.804836332911535,-43.205250747091156,-22.804783285571606,-43.20530148694619,1477.351039746636,952.9820233650371,524.3690163815987,452119.33397994307,124.76919631661595,33.29397979648121
0,HBEFA4/PC_petrol_Euro-6ab,Gasoline,2026-01-14 11:16:23,2026-01-14 11:16:23,-22.804783285571606,-43.20530148694619,-22.804723020607696,-43.20535913039854,1477.3588917865063,952.9898754049076,524.3690163815987,452122.96825049445,124.77034923197921,33.294208500699426
0,HBEFA4/PC_petrol_Euro-6ab,Gasoline,2026-01-14 11:16:23,2026-01-14 11:16:23,-22.804723020607696,-43.20535913039854,-22.804652278407225,-43.20542679523495,1477.3678121719392,952.9987957903405,524.3690163815987,452126.8184122367,124.77152402412415,33.2944671852497
0,HBEFA4/PC_petrol_Euro-6ab,Gasoline,2026-01-14 11:16:23,2026-01-14 11:16:29,-22.804652278407225,-43.20542679523495,-22.79827877345382,-43.20458936165041,1507.1612987001267,970.2026435545189,536.9586551456078,461518.3155909657,127.3490167996025,33.975888817383144
0,HBEFA4/PC_petrol_Euro-6ab,Gasoline,2026-01-14 11:16:29,2026-01-14 11:16:29,-22.79827877345382,-43.20458936165041,-22.798174735066496,-43.20460969991558,1507.1759682893198,970.217313143712,536.9586551456078,461525.38684187096,127.35078358512932,33.97631699778335
0,HBEFA4/PC_petrol_Euro-6ab,Gasoline,2026-01-14 11:16:29,2026-01-14 11:16:29,-22.798174735066496,-43.20460969991558,-22.798108459600282,-43.20461783622134,1507.1876851445575,970.2290299989495,536.9586551456078,461525.38684187096,127.35078358512932,33.97631699778335
0,HBEFA4/PC_petrol_Euro-6ab,Gasoline,2026-01-14 11:16:29,2026-01-14 11:16:29,-22.798108459600282,-43.20461783622134,-22.79793950505596,-43.20463847410802,1507.20394464409,970.2452894984822,536.9586551456078,461530.07815088186,127.35221823195737,33.97657622029787
0,HBEFA4/PC_petrol_Euro-6ab,Gasoline,2026-01-14 11:16:29,2026-01-14 11:16:29,-22.79793950505596,-43.20463847410802,-22.79783886190361,-43.20465076290806,1507.2138996649476,970.2552445193396,536.9586551456078,461534.1918808954,127.35342873302821,33.976864323131764
0,HBEFA4/PC_petrol_Euro-6ab,Gasoline,2026-01-14 11:16:29,2026-01-14 11:16:37,-22.79783886190361,-43.20465076290806,-22.798292713105013,-43.20458634569988,1545.4335056437958,998.4360645290716,546.9974411147241,472523.9429257742,130.39539482746085,34.83736962846362
0,HBEFA4/PC_petrol_Euro-6ab,Gasoline,2026-01-14 11:16:37,2026-01-14 11:16:37,-22.798292713105013,-43.20458634569988,-22.798208876521883,-43.204604484377036,1545.441293763937,998.4438526492128,546.9974411147241,472525.29562181234,130.39580419599224,34.837591044419256
0,HBEFA4/PC_petrol_Euro-6ab,Gasoline,2026-01-14 11:16:37,2026-01-14 11:16:37,-22.798208876521883,-43.204604484377036,-22.79810774150399,-43.20461792437835,1545.4507633570338,998.4533222423096,546.9974411147241,472530.58025363873,130.39738208818116,34.83786806376046
0,HBEFA4/PC_petrol_Euro-6ab,Gasoline,2026-01-14 11:16:37,2026-01-14 11:16:39,-22.79810774150399,-43.20461792437835,-22.804911437069663,-43.205178909759674,1553.2094114430395,1002.1357653317793,551.0736461112601,474825.9816677075,130.99996341599766,35.01016834959552
0,HBEFA4/PC_petrol_Euro-6ab,Gasoline,2026-01-14 11:16:39,2026-01-14 11:16:39,-22.804911437069663,-43.205178909759674,-22.80487758543326,-43.205211288956285,1553.212872863101,1002.1392267518409,551.0736461112601,474825.9816677075,130.99996341599766,35.01016834959552
0,HBEFA4/PC_petrol_Euro-6ab,Gasoline,2026-01-14 11:16:39,2026-01-14 11:16:39,-22.80487758543326,-43.205211288956285,-22.804833332623215,-43.20525361687268,1553.2178835677141,1002.144237456454,551.0736461112601,474829.77708260244,131.00133959840815,35.01032089697852
0,HBEFA4/PC_petrol_Euro-6ab,Gasoline,2026-01-14 11:16:39,2026-01-14 11:16:39,-22.804833332623215,-43.20525361687268,-22.804781654592766,-43.205303046978834,1553.2244338478317,1002.1507877365716,551.0736461112601,474833.93942227284,131.0027442175724,35.010515570812274
0,HBEFA4/PC_petrol_Euro-6ab,Gasoline,2026-01-14 11:16:39,2026-01-14 11:16:48,-22.804781654592766,-43.205303046978834,-22.797901315243138,-43.20464313718987,1593.346772024254,1023.4604206064271,569.886351417827,487527.60857847054,134.43089727534473,35.92409777365709
0,HBEFA4/PC_petrol_Euro-6ab,Gasoline,2026-01-14 11:16:48,2026-01-14 11:16:48,-22.797901315243138,-43.20464313718987,-22.79781682120729,-43.20465030978003,1593.3542960184782,1023.4679446006513,569.886351417827,487527.60857847054,134.43089727534473,35.92409777365709
0,HBEFA4/PC_petrol_Euro-6ab,Gasoline,2026-01-14 11:16:48,2026-01-14 11:16:48,-22.79781682120729,-43.20465030978003,-22.797714434703078,-43.20464581742995,1593.3637014313906,1023.4773500135636,569.886351417827,487533.2983866264,134.43259970901846,35.92437388170116
0,HBEFA4/PC_petrol_Euro-6ab,Gasoline,2026-01-14 11:16:48,2026-01-14 11:16:48,-22.797714434703078,-43.20464581742995,-22.797598237437384,-43.20464071911483,1593.3750496218533,1023.4886982040264,569.886351417827,487539.87260885024,134.4344229347857,35.92470590563544
0,HBEFA4/PC_petrol_Euro-6ab,Gasoline,2026-01-14 11:16:48,2026-01-14 11:16:48,-22.797598237437384,-43.20464071911483,-22.797473055120008,-43.20463522656971,1593.3879285525238,1023.5015771346967,569.886351417827,487545.95968047215,134.4360339583453,35.925080625834745
0,HBEFA4/PC_petrol_Euro-6ab,Gasoline,2026-01-14 11:16:48,2026-01-14 11:16:48,-22.797473055120008,-43.20463522656971,-22.797340724964414,-43.20462942040516,1593.401803357233,1023.5154519394059,569.886351417827,487550.838651411,134.43730606368075,35.92548225161507
0,HBEFA4/PC_petrol_Euro-6ab,Gasoline,2026-01-14 11:16:48,2026-01-14 11:16:48,-22.797340724964414,-43.20462942040516,-22.797216165813445,-43.20462395520558,1593.4164704051277,1023.5301189873006,569.886351417827,487555.3059703004,134.43845657797326,35.92590649919303
0,HBEFA4/PC_petrol_Euro-6ab,Gasoline,2026-01-14 11:16:48,2026-01-14 11:16:48,-22.797216165813445,-43.20462395520558,-22.797087089211477,-43.20461829179844,1593.4302761397578,1023.5439247219309,569.886351417827,487555.3059703004,134.43845657797326,35.92590649919303
0,HBEFA4/PC_petrol_Euro-6ab,Gasoline,2026-01-14 11:16:48,2026-01-14 11:16:53,-22.797087089211477,-43.20461829179844,-22.800701537087523,-43.20927247082401,1613.37831467777,1038.1153021650462,575.2630125127239,493608.69061456376,136.13856939005092,36.37101181903952
0,HBEFA4/PC_petrol_Euro-6ab,Gasoline,2026-01-14 11:16:53,2026-01-14 11:16:53,-22.800701537087523,-43.20927247082401,-22.80068426216638,-43.209178381173516,1613.3864196853058,1038.123407172582,575.2630125127239,493608.69061456376,136.13856939005092,36.37101181903952
0,HBEFA4/PC_petrol_Euro-6ab,Gasoline,2026-01-14 11:16:53,2026-01-14 11:16:53,-22.80068426216638,-43.209178381173516,-22.800664471772954,-43.209070410988076,1613.3962678812259,1038.133255368502,575.2630125127239,493614.2363114224,136.1402002732455,36.3712998854245
0,HBEFA4/PC_petrol_Euro-6ab,Gasoline,2026-01-14 11:16:53,2026-01-14 11:17:01,-22.800664471772954,-43.209070410988076,-22.804906326748405,-43.20518379779953,1648.1934535850648,1063.2464935836254,584.9469600014393,503963.3714971604,139.02649851631625,37.14768102904982
0,HBEFA4/PC_petrol_Euro-6ab,Gasoline,2026-01-14 11:17:01,2026-01-14 11:17:01,-22.804906326748405,-43.20518379779953,-22.804872637067255,-43.20521602208196,1648.1964792907268,1063.2495192892875,584.9469600014393,503963.3714971604,139.02649851631625,37.14768102904982
0,HBEFA4/PC_petrol_Euro-6ab,Gasoline,2026-01-14 11:17:01,2026-01-14 11:17:01,-22.804872637067255,-43.20521602208196,-22.804829574150702,-43.20525721185858,1648.201466022624,1063.2545060211846,584.9469600014393,503967.76308527595,139.02811445837574,37.14783478491882
0,HBEFA4/PC_petrol_Euro-6ab,Gasoline,2026-01-14 11:17:01,2026-01-14 11:17:01,-22.804829574150702,-43.20525721185858,-22.80477803608067,-43.2053065080885,1648.2078401750798,1063.2608801736405,584.9469600014393,503971.62794073723,139.0294241560522,37.14802391398497
0,HBEFA4/PC_petrol_Euro-6ab,Gasoline,2026-01-14 11:17:01,2026-01-14 11:17:01,-22.80477803608067,-43.2053065080885,-22.80471815945124,-43.20536378009259,1648.2154688132903,1063.268508811851,584.9469600014393,503975.55127160455,139.03068272753808,37.148247205612705
0,HBEFA4/PC_petrol_Euro-6ab,Gasoline,2026-01-14 11:17:01,2026-01-14 11:17:03,-22.80471815945124,-43.20536378009259,-22.804912986933196,-43.20517742730977,1659.888378835232,1072.4730275958689,587.4153512393632,507525.56954681507,140.0250973291675,37.40688733032109
0,HBEFA4/PC_petrol_Euro-6ab,Gasoline,2026-01-14 11:17:03,2026-01-14 11:17:03,-22.804912986933196,-43.20517742730977,-22.80488060163784,-43.205208403948085,1659.891663452949,1072.4763122135857,587.4153512393632,507527.2198134795,140.02563344359325,37.406986956249284
0,HBEFA4/PC_petrol_Euro-6ab,Gasoline,2026-01-14 11:17:03,2026-01-14 11:17:08,-22.80488060163784,-43.205208403948085,-22.7980865401091,-43.2031354823297,1678.8130239761263,1085.8804470905518,592.9325768855745,513728.01299653907,141.79189550127347,37.8342944663478
0,HBEFA4/PC_petrol_Euro-6ab,Gasoline,2026-01-14 11:17:08,2026-01-14 11:17:08,-22.7980865401091,-43.2031354823297,-22.79801374626166,-43.20325304291287,1678.8268504954233,1085.8942736098486,592.9325768855745,513728.01299653907,141.79189550127347,37.8342944663478
0,HBEFA4/PC_petrol_Euro-6ab,Gasoline,2026-01-14 11:17:08,2026-01-14 11:17:08,-22.79801374626166,-43.20325304291287,-22.79789603998582,-43.20330402101022,1678.8414764725278,1085.908899586953,592.9325768855745,513732.4926850192,141.793050014525,37.83471752140733
0,HBEFA4/PC_petrol_Euro-6ab,Gasoline,2026-01-14 11:17:08,2026-01-14 11:17:08,-22.79789603998582,-43.20330402101022,-22.7977709681308,-43.203269555607875,1678.8559233571116,1085.9233464715371,592.9325768855745,513733.9350919945,141.7934848740924,37.83513073883134
0,HBEFA4/PC_petrol_Euro-6ab,Gasoline,2026-01-14 11:17:08,2026-01-14 11:17:22,-22.7977709681308,-43.203269555607875,-22.800700583230903,-43.20926730624968,1739.665540146236,1126.715497666494,612.9500424797421,532369.0303745663,146.94649271963488,39.202641196189504
0,HBEFA4/PC_petrol_Euro-6ab,Gasoline,2026-01-14 11:17:22,2026-01-14 11:17:22,-22.800700583230903,-43.20926730624968,-22.800684618889267,-43.209180327345734,1739.6734603735777,1126.7234178938356,612.9500424797421,532370.3915032815,146.94690507884033,39.20286631712959
0,HBEFA4/PC_petrol_Euro-6ab,Gasoline,2026-01-14 11:17:22,2026-01-14 11:17:22,-22.800684618889267,-43.209180327345734,-22.80066679928516,-43.20908310914334,1739.682564191677,1126.732521711935,612.9500424797421,532374.5215772783,146.94815695124174,39.203130708407194
0,HBEFA4/PC_petrol_Euro-6ab,Gasoline,2026-01-14 11:17:22,2026-01-14 11:17:22,-22.80066679928516,-43.20908310914334,-22.80064629624039,-43.208971251351855,1739.6927392085154,1126.7426967287731,612.9500424797421,532378.6608628007,146.94936600729991,39.20342503819363
0,HBEFA4/PC_petrol_Euro-6ab,Gasoline,2026-01-14 11:17:22,2026-01-14 11:17:22,-22.80064629624039,-43.208971251351855,-22.8006231460279,-43.20884495204218,1739.704446432632,1126.7544039528898,612.9500424797421,532384.3424319647,146.9509297080521,39.203765583129254
0,HBEFA4/PC_petrol_Euro-6ab,Gasoline,2026-01-14 11:17:22,2026-01-14 11:17:22,-22.8006231460279,-43.20884495204218,-22.800597930667806,-43.208707386684736,1739.717665135188,1126.7676226554458,612.9500424797421,532390.4984961598,146.95254201320503,39.20415020042213
0,HBEFA4/PC_petrol_Euro-6ab,Gasoline,2026-01-14 11:17:22,2026-01-14 11:17:22,-22.800597930667806,-43.208707386684736,-22.800573782584724,-43.208575644628986,1739.7320629675787,1126.7820204878365,612.9500424797421,532396.0807716914,146.95396596502712,39.20456820101387
0,HBEFA4/PC_petrol_Euro-6ab,Gasoline,2026-01-14 11:17:22,2026-01-14 11:17:22,-22.800573782584724,-43.208575644628986,-22.8005471548232,-43.20843891463902,1739.7458513287688,1126.7958088490266,612.9500424797421,532396.0807716914,146.95396596502712,39.20456820101387
0,HBEFA4/PC_petrol_Euro-6ab,Gasoline,2026-01-14 11:17:22,2026-01-14 11:17:22,-22.8005471548232,-43.20843891463902,-22.800520371976873,-43.20830374605237,1739.760196668307,1126.8101541885646,612.9500424797421,532399.7556871197,146.95493530954772,39.20498177951225
0,HBEFA4/PC_petrol_Euro-6ab,Gasoline,2026-01-14 11:17:22,2026-01-14 11:17:22,-22.800520371976873,-43.20830374605237,-22.800493946254132,-43.20817038041997,1739.7743884386268,1126.8243459588848,612.9500424797421,532401.2638611668,146.9553864155608,39.20538752755705
0,HBEFA4/PC_petrol_Euro-6ab,Gasoline,2026-01-14 11:17:22,2026-01-14 11:17:28,-22.800493946254132,-43.20817038041997,-22.804911341016282,-43.20517900163507,1765.8390732674789,1143.6674231538452,622.1716501136339,540683.2232682174,149.23631556146685,39.795097690134654
0,HBEFA4/PC_petrol_Euro-6ab,Gasoline,2026-01-14 11:17:28,2026-01-14 11:17:28,-22.804911341016282,-43.20517900163507,-22.80488390634087,-43.20520524299009,1765.841977080887,1143.6703269672535,622.1716501136339,540683.2232682174,149.23631556146685,39.795097690134654
0,HBEFA4/PC_petrol_Euro-6ab,Gasoline,2026-01-14 11:17:28,2026-01-14 11:17:28,-22.80488390634087,-43.20520524299009,-22.804848480091117,-43.2052391282887,1765.8460379497888,1143.6743878361551,622.1716501136339,540686.2733974322,149.23744763512755,39.79522275932891
0,HBEFA4/PC_petrol_Euro-6ab,Gasoline,2026-01-14 11:17:28,2026-01-14 11:17:28,-22.804848480091117,-43.2052391282887,-22.8048004032341,-43.20528511388433,1765.8512817269852,1143.6796316133514,622.1716501136339,540689.5762322892,149.2386140407182,39.79537999499563
0,HBEFA4/PC_petrol_Euro-6ab,Gasoline,2026-01-14 11:17:28,2026-01-14 11:17:28,-22.8048004032341,-43.20528511388433,-22.80474165839819,-43.20534130335546,1765.858398039245,1143.6867479256111,622.1716501136339,540694.4757138885,149.24023396360587,39.795591839604135
0,HBEFA4/PC_petrol_Euro-6ab,Gasoline,2026-01-14 11:17:28,2026-01-14 11:17:29,-22.80474165839819,-43.20534130335546,-22.800700263357236,-43.20926557432151,1772.9181228108102,1145.9704637968375,626.9476590139728,542670.3084980783,149.73751426178842,39.954325158374225
0,HBEFA4/PC_petrol_Euro-6ab,Gasoline,2026-01-14 11:17:29,2026-01-14 11:17:39,-22.800700263357236,-43.20926557432151,-22.79807128377257,-43.203169538325064,1815.4571451919076,1172.5487338078062,642.9084113841014,556165.1337986143,153.45139922508048,40.90709770719036
0,HBEFA4/PC_petrol_Euro-6ab,Gasoline,2026-01-14 11:17:39,2026-01-14 11:17:39,-22.79807128377257,-43.203169538325064,-22.79799092722817,-43.2032691605879,1815.4713798296427,1172.5629684455414,642.9084113841014,556166.5601364957,153.45183057653108,40.90750460097674
0,HBEFA4/PC_petrol_Euro-6ab,Gasoline,2026-01-14 11:17:39,2026-01-14 11:17:39,-22.79799092722817,-43.2032691605879,-22.79786662145583,-43.20330486439151,1815.485137279795,1172.5767258956935,642.9084113841014,556166.5601364957,153.45183057653108,40.90750460097674
0,HBEFA4/PC_petrol_Euro-6ab,Gasoline,2026-01-14 11:17:39,2026-01-14 11:17:39,-22.79786662145583,-43.20330486439151,-22.797746199869106,-43.203253375829235,1815.4998541662037,1172.5914427821021,642.9084113841014,556171.5602408245,153.45310570959316,40.90793110566857
0,HBEFA4/PC_petrol_Euro-6ab,Gasoline,2026-01-14 11:17:39,2026-01-14 11:17:39,-22.797746199869106,-43.203253375829235,-22.797638261768085,-43.2031875984917,1815.5143777382423,1172.6059663541407,642.9084113841014,556172.962317671,153.4535308434489,40.90834654194851
0,HBEFA4/PC_petrol_Euro-6ab,Gasoline,2026-01-14 11:17:39,2026-01-14 11:17:39,-22.797638261768085,-43.2031875984917,-22.79753144291836,-43.203118536515085,1815.5281087247492,1172.6196973406477,642.9084113841014,556172.962317671,153.4535308434489,40.90834654194851
0,HBEFA4/PC_petrol_Euro-6ab,Gasoline,2026-01-14 11:17:39,2026-01-14 11:17:39,-22.79753144291836,-43.203118536515085,-22.797453684968552,-43.20307471459977,1815.5419020580944,1172.6334906739928,642.9084113841014,556175.0846460601,153.45413268678564,40.90874146999541
0,HBEFA4/PC_petrol_Euro-6ab,Gasoline,2026-01-14 11:17:39,2026-01-14 11:17:41,-22.797453684968552,-43.20307471459977,-22.80263807436736,-43.201715685211255,1827.5930861992822,1179.2718185006936,648.3212676985886,559801.6404586866,154.43122267993496,41.17796560884953
0,HBEFA4/PC_petrol_Euro-6ab,Gasoline,2026-01-14 11:17:41,2026-01-14 11:17:41,-22.80263807436736,-43.201715685211255,-22.80261604883236,-43.20176645063599,1827.5970242539936,1179.275756555405,648.3212676985886,559801.6404586866,154.43122267993496,41.17796560884953
0,HBEFA4/PC_petrol_Euro-6ab,Gasoline,2026-01-14 11:17:41,2026-01-14 11:17:43,-22.80261604883236,-43.20176645063599,-22.798226054304738,-43.204600767836325,1833.9492266798654,1184.6002490460896,649.3489776337759,561881.2651029346,155.061773062972,41.31662415607362
0,HBEFA4/PC_petrol_Euro-6ab,Gasoline,2026-01-14 11:17:43,2026-01-14 11:17:47,-22.798226054304738,-43.204600767836325,-22.800704027924567,-43.20928595725079,1850.5828841883722,1195.443443758695,655.1394404296773,566830.2355350264,156.42513368505254,41.6898897308042
0,HBEFA4/PC_petrol_Euro-6ab,Gasoline,2026-01-14 11:17:47,2026-01-14 11:17:47,-22.800704027924567,-43.20928595725079,-22.800689838483088,-43.20920880388699,1850.5899177678787,1195.4504773382014,655.1394404296773,566834.4605775424,156.4265284216329,41.690097606789635
0,HBEFA4/PC_petrol_Euro-6ab,Gasoline,2026-01-14 11:17:47,2026-01-14 11:18:00,-22.800689838483088,-43.20920880388699,-22.798032316861665,-43.20198096389533,1912.1299821024506,1230.656917854083,681.4730642483677,584925.1723644184,161.29833218775534,43.100557351915946
0,HBEFA4/PC_petrol_Euro-6ab,Gasoline,2026-01-14 11:18:00,2026-01-14 11:18:00,-22.798032316861665,-43.20198096389533,-22.797911767544804,-43.20202442609964,1912.142100044763,1230.6690357963955,681.4730642483677,584928.6934712457,161.29931209711464,43.10090579924146
0,HBEFA4/PC_petrol_Euro-6ab,Gasoline,2026-01-14 11:18:00,2026-01-14 11:18:00,-22.797911767544804,-43.20202442609964,-22.79778663512681,-43.20206954057525,1912.1561767239775,1230.68311247561,681.4730642483677,584936.5021706313,161.30128568811685,43.101317833547164
0,HBEFA4/PC_petrol_Euro-6ab,Gasoline,2026-01-14 11:18:00,2026-01-14 11:18:00,-22.79778663512681,-43.20206954057525,-22.79766700252952,-43.20211267208832,1912.1707885747783,1230.6977243264105,681.4730642483677,584940.1610295876,161.3022459056404,43.10173925170525
0,HBEFA4/PC_petrol_Euro-6ab,Gasoline,2026-01-14 11:18:00,2026-01-14 11:18:00,-22.79766700252952,-43.20211267208832,-22.797548557320805,-43.20215537542098,1912.1847582032597,1230.711693954892,681.4730642483677,584940.1610295876,161.3022459056404,43.10173925170525
0,HBEFA4/PC_petrol_Euro-6ab,Gasoline,2026-01-14 11:18:00,2026-01-14 11:18:00,-22.797548557320805,-43.20215537542098,-22.797424763238745,-43.202204925542915,1912.1985891769898,1230.7255249286222,681.4730642483677,584941.6963720212,161.3027043871497,43.10213437088819
0,HBEFA4/PC_petrol_Euro-6ab,Gasoline,2026-01-14 11:18:00,2026-01-14 11:18:00,-22.797424763238745,-43.202204925542915,-22.797304985082988,-43.20225686167011,1912.2132191407723,1230.7401548924045,681.4730642483677,584946.1755841462,161.30385868335225,43.102557542751875
0,HBEFA4/PC_petrol_Euro-6ab,Gasoline,2026-01-14 11:18:00,2026-01-14 11:18:00,-22.797304985082988,-43.20225686167011,-22.797189390578627,-43.20231312852421,1912.2275161034984,1230.7544518551308,681.4730642483677,584946.1755841462,161.30385868335225,43.102557542751875
0,HBEFA4/PC_petrol_Euro-6ab,Gasoline,2026-01-14 11:18:00,2026-01-14 11:18:02,-22.797189390578627,-43.20231312852421,-22.804916228711424,-43.20517432653737,1921.2825871781083,1237.3469783852463,683.9356087928619,587596.3906917459,162.05633732281794,43.31390219611517
0,HBEFA4/PC_petrol_Euro-6ab,Gasoline,2026-01-14 11:18:02,2026-01-14 11:18:02,-22.804916228711424,-43.20517432653737,-22.80488728755684,-43.20520200884699,1921.2855036062713,1237.3498948134093,683.9356087928619,587597.8950290693,162.05680767551084,43.31399149884987
0,HBEFA4/PC_petrol_Euro-6ab,Gasoline,2026-01-14 11:18:02,2026-01-14 11:18:04,-22.80488728755684,-43.20520200884699,-22.798098460599764,-43.20310758916967,1930.7266525519515,1244.4547320600352,686.2719204919164,590489.8004193541,162.87816106513142,43.523670982035256
0,HBEFA4/PC_petrol_Euro-6ab,Gasoline,2026-01-14 11:18:04,2026-01-14 11:18:04,-22.798098460599764,-43.20310758916967,-22.798035460381552,-43.2032247268348,1930.7412068273159,1244.4692863353996,686.2719204919164,590492.1682169009,162.87881563027418,43.524088772665124
0,HBEFA4/PC_petrol_Euro-6ab,Gasoline,2026-01-14 11:18:04,2026-01-14 11:18:08,-22.798035460381552,-43.2032247268348,-22.80070368795305,-43.209284116503305,1947.091926688477,1258.436050107582,688.6558765808952,595282.6470538586,164.2696011488963,43.880682955439276
0,HBEFA4/PC_petrol_Euro-6ab,Gasoline,2026-01-14 11:18:08,2026-01-14 11:18:08,-22.80070368795305,-43.209284116503305,-22.800687943976364,-43.20919846802207,1947.0998204789241,1258.443943898029,688.6558765808952,595284.5620850346,164.2701934742606,43.88090867084506
0,HBEFA4/PC_petrol_Euro-6ab,Gasoline,2026-01-14 11:18:08,2026-01-14 11:18:08,-22.800687943976364,-43.20919846802207,-22.800668902333864,-43.209094582703244,1947.1087855590188,1258.4529089781238,688.6558765808952,595288.4280305558,164.27137120894045,43.88116863071251
0,HBEFA4/PC_petrol_Euro-6ab,Gasoline,2026-01-14 11:18:08,2026-01-14 11:18:23,-22.800668902333864,-43.209094582703244,-22.804902837560398,-43.205187135219546,2013.3624339402174,1296.7771351507454,716.5852987894721,615761.128021394,169.8577477223954,45.38789273851647
0,HBEFA4/PC_petrol_Euro-6ab,Gasoline,2026-01-14 11:18:23,2026-01-14 11:18:23,-22.804902837560398,-43.205187135219546,-22.804872311747605,-43.20521633325107,2013.365935758876,1296.780636969404,716.5852987894721,615761.128021394,169.8577477223954,45.38789273851647
0,HBEFA4/PC_petrol_Euro-6ab,Gasoline,2026-01-14 11:18:23,2026-01-14 11:18:23,-22.804872311747605,-43.20521633325107,-22.804829698560376,-43.205257092860506,2013.3704541763004,1296.7851553868284,716.5852987894721,615764.0626938324,169.8588054159673,45.38802952739874
0,HBEFA4/PC_petrol_Euro-6ab,Gasoline,2026-01-14 11:18:23,2026-01-14 11:18:23,-22.804829698560376,-43.205257092860506,-22.80477943078202,-43.20530517405558,2013.376761760032,1296.79146297056,716.5852987894721,615768.5739970707,169.86035281184465,45.38821864194936
0,HBEFA4/PC_petrol_Euro-6ab,Gasoline,2026-01-14 11:18:23,2026-01-14 11:18:23,-22.80477943078202,-43.20530517405558,-22.804718607328944,-43.205363351697784,2013.3842023703692,1296.798903580897,716.5852987894721,615772.233580068,169.86153311695742,45.388436145332875
0,HBEFA4/PC_petrol_Euro-6ab,Gasoline,2026-01-14 11:18:23,2026-01-14 11:18:23,-22.804718607328944,-43.205363351697784,-22.80464666622288,-43.20543216327865,2013.3932054227967,1296.8079066333244,716.5852987894721,615777.1218642776,169.8630203066323,45.38869941105947
0,HBEFA4/PC_petrol_Euro-6ab,Gasoline,2026-01-14 11:18:23,2026-01-14 11:18:23,-22.80464666622288,-43.20543216327865,-22.804575058830025,-43.205500655557614,2013.4038540990289,1296.8185553095568,716.5852987894721,615782.7197952698,169.86461814832393,45.38900992608367
0,HBEFA4/PC_petrol_Euro-6ab,Gasoline,2026-01-14 11:18:23,2026-01-14 11:18:23,-22.804575058830025,-43.205500655557614,-22.80452957029782,-43.20554416516178,2013.4144533741073,1296.8291545846353,716.5852987894721,615784.3428133972,169.86510719821487,45.389311292964734
0,HBEFA4/PC_petrol_Euro-6ab,Gasoline,2026-01-14 11:18:23,2026-01-14 11:18:28,-22.80452957029782,-43.20554416516178,-22.798057441708607,-43.20197190550638,2034.359979287359,1311.4357911946208,722.9241880927382,622104.6328330415,171.62962463750415,45.85053131758806
0,HBEFA4/PC_petrol_Euro-6ab,Gasoline,2026-01-14 11:18:28,2026-01-14 11:18:28,-22.798057441708607,-43.20197190550638,-22.79794360732731,-43.20201294676394,2034.3713561878888,1311.4471680951506,722.9241880927382,622110.0251916923,171.6311274766154,45.850861967463494
0,HBEFA4/PC_petrol_Euro-6ab,Gasoline,2026-01-14 11:18:28,2026-01-14 11:18:28,-22.79794360732731,-43.20201294676394,-22.797818204710346,-43.202058158680124,2034.3846487570127,1311.4604606642745,722.9241880927382,622117.3524888705,171.63302765425846,45.85125061340141
0,HBEFA4/PC_petrol_Euro-6ab,Gasoline,2026-01-14 11:18:28,2026-01-14 11:18:28,-22.797818204710346,-43.202058158680124,-22.79769227776395,-43.202103559536695,2034.3992921598365,1311.4751040670983,722.9241880927382,622123.5452564397,171.63458754751218,45.851676724370215
0,HBEFA4/PC_petrol_Euro-6ab,Gasoline,2026-01-14 11:18:28,2026-01-14 11:18:28,-22.79769227776395,-43.202103559536695,-22.797570575445906,-43.202147437180585,2034.413996786839,1311.489808694101,722.9241880927382,622125.7470429107,171.63520148097894,45.85209873125927
0,HBEFA4/PC_petrol_Euro-6ab,Gasoline,2026-01-14 11:18:28,2026-01-14 11:18:28,-22.797570575445906,-43.202147437180585,-22.797451318246377,-43.20219341120628,2034.4282080971377,1311.5040200043995,722.9241880927382,622125.7470429107,171.63520148097894,45.85209873125927
0,HBEFA4/PC_petrol_Euro-6ab,Gasoline,2026-01-14 11:18:28,2026-01-14 11:18:28,-22.797451318246377,-43.20219341120628,-22.79725804480287,-43.2039387694101,2036.419858396463,1313.0067414845864,723.4131169118767,622720.5358788949,171.80027957189765,45.89492571291364
0,HBEFA4/PC_petrol_Euro-6ab,Gasoline,2026-01-14 11:18:28,2026-01-14 11:18:34,-22.79725804480287,-43.2039387694101,-22.8049186058398,-43.20517205280548,2062.2824468075855,1332.5225343628442,729.7599124447412,630453.1589466056,173.94306733342472,46.471126481098125
0,HBEFA4/PC_petrol_Euro-6ab,Gasoline,2026-01-14 11:18:34,2026-01-14 11:18:34,-22.8049186058398,-43.20517205280548,-22.804883708958588,-43.205205431786815,2062.285721744714,1332.5258092999727,729.7599124447412,630453.1589466056,173.94306733342472,46.471126481098125
0,HBEFA4/PC_petrol_Euro-6ab,Gasoline,2026-01-14 11:18:34,2026-01-14 11:18:34,-22.804883708958588,-43.205205431786815,-22.80483901992754,-43.20524817695504,2062.290887166243,1332.5309747215017,729.7599124447412,630457.4984914423,173.94464623294513,46.47128478014188
0,HBEFA4/PC_petrol_Euro-6ab,Gasoline,2026-01-14 11:18:34,2026-01-14 11:18:34,-22.80483901992754,-43.20524817695504,-22.804781249736017,-43.20530343422464,2062.2975020158524,1332.5375895711113,729.7599124447412,630461.5249528972,173.94599847407108,46.471480827979505
0,HBEFA4/PC_petrol_Euro-6ab,Gasoline,2026-01-14 11:18:34,2026-01-14 11:18:35,-22.804781249736017,-43.20530343422464,-22.802642286541257,-43.20170597680074,2067.409216238733,1333.274382949899,734.134833288834,632118.4289805135,174.35751731487733,46.59255807016636
0,HBEFA4/PC_petrol_Euro-6ab,Gasoline,2026-01-14 11:18:35,2026-01-14 11:18:39,-22.802642286541257,-43.20170597680074,-22.797167183628307,-43.20395569712599,2084.582482575563,1346.1673700433294,738.4151125322338,637316.7052904358,175.82002334757385,46.9742697774145
0,HBEFA4/PC_petrol_Euro-6ab,Gasoline,2026-01-14 11:18:39,2026-01-14 11:18:39,-22.797167183628307,-43.20395569712599,-22.79704199220361,-43.20393576310143,2084.5967009142482,1346.1815883820143,738.4151125322338,637318.6353682273,175.8205758208322,46.97467695604222
0,HBEFA4/PC_petrol_Euro-6ab,Gasoline,2026-01-14 11:18:39,2026-01-14 11:18:39,-22.79704199220361,-43.20393576310143,-22.797018115522803,-43.20380422390027,2084.611354308434,1346.1962417762002,738.4151125322338,637321.9916486494,175.8214635687675,46.97509915325299
0,HBEFA4/PC_petrol_Euro-6ab,Gasoline,2026-01-14 11:18:39,2026-01-14 11:18:48,-22.797018115522803,-43.20380422390027,-22.800705595243794,-43.209294443371675,2120.7467100348135,1372.6287609875098,748.117949047304,649023.9054302995,179.16381019148164,47.784833387698704
0,HBEFA4/PC_petrol_Euro-6ab,Gasoline,2026-01-14 11:18:48,2026-01-14 11:18:48,-22.800705595243794,-43.209294443371675,-22.800690042667934,-43.20920991785898,2120.7545193411843,1372.6365702938804,748.117949047304,649025.2746865185,179.16422501162467,47.78505543437244
0,HBEFA4/PC_petrol_Euro-6ab,Gasoline,2026-01-14 11:18:48,2026-01-14 11:18:48,-22.800690042667934,-43.20920991785898,-22.800672630150697,-43.20911492048924,2120.763367200545,1372.645418153241,748.117949047304,649029.0483684095,179.16537938788596,47.78531193691504
0,HBEFA4/PC_petrol_Euro-6ab,Gasoline,2026-01-14 11:18:48,2026-01-14 11:18:48,-22.800672630150697,-43.20911492048924,-22.800652164298338,-43.209003265477286,2120.773309780433,1372.6553607331289,748.117949047304,649033.1858870668,179.16659726876884,47.785599739755135
0,HBEFA4/PC_petrol_Euro-6ab,Gasoline,2026-01-14 11:18:48,2026-01-14 11:18:48,-22.800652164298338,-43.209003265477286,-22.80062822881306,-43.2088726818569,2120.7849957801386,1372.6670467328347,748.117949047304,649039.3944906634,179.1683021303207,47.78594063440168
0,HBEFA4/PC_petrol_Euro-6ab,Gasoline,2026-01-14 11:18:48,2026-01-14 11:18:48,-22.80062822881306,-43.2088726818569,-22.800603636786107,-43.208738517022674,2120.7986628847325,1372.6807138374288,748.117949047304,649047.078749944,179.17026884984145,47.78634063557848
0,HBEFA4/PC_petrol_Euro-6ab,Gasoline,2026-01-14 11:18:48,2026-01-14 11:18:56,-22.800603636786107,-43.208738517022674,-22.804912431746047,-43.20517795834823,2154.052539824506,1395.086588261288,758.9659515632179,658946.3373507409,181.9061796777875,48.542098182551584
0,HBEFA4/PC_petrol_Euro-6ab,Gasoline,2026-01-14 11:18:56,2026-01-14 11:18:56,-22.804912431746047,-43.20517795834823,-22.804879378486756,-43.20520957389557,2154.0558856315192,1395.0899340683015,758.9659515632179,658947.8527633464,181.90665327669834,48.54219894890965
0,HBEFA4/PC_petrol_Euro-6ab,Gasoline,2026-01-14 11:18:56,2026-01-14 11:18:56,-22.804879378486756,-43.20520957389557,-22.8048385226044,-43.20524865264561,2154.0607781607405,1395.0948265975228,758.9659515632179,658951.61640573,181.90802560920363,48.54234827343228
0,HBEFA4/PC_petrol_Euro-6ab,Gasoline,2026-01-14 11:18:56,2026-01-14 11:18:56,-22.8048385226044,-43.20524865264561,-22.804790130776325,-43.20529493950153,2154.0668256293648,1395.1008740661468,758.9659515632179,658955.0312750248,181.90919036091216,48.54252736577303
0,HBEFA4/PC_petrol_Euro-6ab,Gasoline,2026-01-14 11:18:56,2026-01-14 11:18:56,-22.804790130776325,-43.20529493950153,-22.804733135478056,-43.205349455527845,2154.073988562992,1395.108036999774,758.9659515632179,658958.6020552821,181.91035402196948,48.54273707257198
0,HBEFA4/PC_petrol_Euro-6ab,Gasoline,2026-01-14 11:18:56,2026-01-14 11:18:56,-22.804733135478056,-43.205349455527845,-22.80466701165721,-43.20541270290614,2154.0824249748734,1395.1164734116558,758.9659515632179,658962.7532081819,181.91164448284525,48.54298305906975
0,HBEFA4/PC_petrol_Euro-6ab,Gasoline,2026-01-14 11:18:56,2026-01-14 11:18:56,-22.80466701165721,-43.20541270290614,-22.804592070638453,-43.20548438381809,2154.0922125814436,1395.1262610182257,758.9659515632179,658967.4175384163,181.91302229728487,48.54326761488347
0,HBEFA4/PC_petrol_Euro-6ab,Gasoline,2026-01-14 11:18:56,2026-01-14 11:18:56,-22.804592070638453,-43.20548438381809,-22.802639200133502,-43.201713090494316,2155.1171845276817,1395.3899625908623,759.7272219368194,659283.1894142242,181.99084642674308,48.56759872753563
0,HBEFA4/PC_petrol_Euro-6ab,Gasoline,2026-01-14 11:18:56,2026-01-14 11:19:05,-22.802639200133502,-43.201713090494316,-22.79805291593266,-43.20319783531076,2200.063198695449,1420.601085347341,779.462113348108,672653.3010763956,185.59987586097787,49.592475170535856
0,HBEFA4/PC_petrol_Euro-6ab,Gasoline,2026-01-14 11:19:05,2026-01-14 11:19:05,-22.79805291593266,-43.20319783531076,-22.79795749473506,-43.20329277481207,2200.0779166490775,1420.6158033009694,779.462113348108,672656.1314092132,185.6006382220075,49.59289850181341
0,HBEFA4/PC_petrol_Euro-6ab,Gasoline,2026-01-14 11:19:05,2026-01-14 11:19:05,-22.79795749473506,-43.20329277481207,-22.797835647608135,-43.20329701331383,2200.0925531073235,1420.6304397592155,779.462113348108,672657.8846375401,185.60114640137186,49.59331781795046
0,HBEFA4/PC_petrol_Euro-6ab,Gasoline,2026-01-14 11:19:05,2026-01-14 11:19:05,-22.797835647608135,-43.20329701331383,-22.79772080351063,-43.20323740239697,2200.1063678706996,1420.6442545225916,779.462113348108,672657.8846375401,185.60114640137186,49.59331781795046
0,HBEFA4/PC_petrol_Euro-6ab,Gasoline,2026-01-14 11:19:05,2026-01-14 11:19:05,-22.79772080351063,-43.20323740239697,-22.79761293467926,-43.20317114053759,2200.1206236895755,1420.6585103414675,779.462113348108,672661.192273369,185.60202938634217,49.593728201378006
0,HBEFA4/PC_petrol_Euro-6ab,Gasoline,2026-01-14 11:19:05,2026-01-14 11:19:05,-22.79761293467926,-43.20317114053759,-22.797515101232698,-43.20310932685476,2200.13437335099,1420.672260002882,779.462113348108,672661.192273369,185.60202938634217,49.593728201378006
0,HBEFA4/PC_petrol_Euro-6ab,Gasoline,2026-01-14 11:19:05,2026-01-14 11:19:05,-22.797515101232698,-43.20310932685476,-22.797449555743736,-43.203072387501045,2200.1469340129806,1420.6848206648726,779.462113348108,672661.192273369,185.60202938634217,49.593728201378006
0,HBEFA4/PC_petrol_Euro-6ab,Gasoline,2026-01-14 11:19:05,2026-01-14 11:19:19,-22.797449555743736,-43.203072387501045,-22.804915158698176,-43.205175350008865,2261.156764442855,1456.444851307806,804.7119131350491,691433.202978311,190.73192205261805,50.969584902456596
0,HBEFA4/PC_petrol_Euro-6ab,Gasoline,2026-01-14 11:19:19,2026-01-14 11:19:19,-22.804915158698176,-43.205175350008865,-22.804887305902557,-43.20520199129927,2261.159841989172,1456.447928854123,804.7119131350491,691433.202978311,190.73192205261805,50.969584902456596
0,HBEFA4/PC_petrol_Euro-6ab,Gasoline,2026-01-14 11:19:19,2026-01-14 11:19:19,-22.804887305902557,-43.20520199129927,-22.804849060259123,-43.20523857335673,2261.1639647481484,1456.4520516130992,804.7119131350491,691436.1133215589,190.73299050043366,50.96971113484201
0,HBEFA4/PC_petrol_Euro-6ab,Gasoline,2026-01-14 11:19:19,2026-01-14 11:19:19,-22.804849060259123,-43.20523857335673,-22.80480129178636,-43.20528426398301,2261.1696258507777,1456.4577127157283,804.7119131350491,691440.04957756,190.73437389606642,50.96988137179471
0,HBEFA4/PC_petrol_Euro-6ab,Gasoline,2026-01-14 11:19:19,2026-01-14 11:19:19,-22.80480129178636,-43.20528426398301,-22.80474611157684,-43.205337043889884,2261.176696516191,1456.4647833811418,804.7119131350491,691444.1194654518,190.7357130850181,50.97008985183288
0,HBEFA4/PC_petrol_Euro-6ab,Gasoline,2026-01-14 11:19:19,2026-01-14 11:19:19,-22.80474611157684,-43.205337043889884,-22.804678758271255,-43.205401467286364,2261.184864260326,1456.4729511252765,804.7119131350491,691447.8650650926,190.73688781873523,50.970327498098285
0,HBEFA4/PC_petrol_Euro-6ab,Gasoline,2026-01-14 11:19:19,2026-01-14 11:19:19,-22.804678758271255,-43.205401467286364,-22.804604618686255,-43.205472381647276,2261.1948338552884,1456.4829207202395,804.7119131350491,691453.5832249728,190.73856093261531,50.970619292254135
0,HBEFA4/PC_petrol_Euro-6ab,Gasoline,2026-01-14 11:19:19,2026-01-14 11:19:19,-22.804604618686255,-43.205472381647276,-22.80454603111894,-43.205528420455295,2261.205807945922,1456.493894810873,804.7119131350491,691457.7535973937,190.73974854367214,50.970936238848545
0,HBEFA4/PC_petrol_Euro-6ab,Gasoline,2026-01-14 11:19:19,2026-01-14 11:19:19,-22.80454603111894,-43.205528420455295,-22.80451511243773,-43.20555799403984,2261.2144800336528,1456.5025668986036,804.7119131350491,691457.7535973937,190.73974854367214,50.970936238848545
0,HBEFA4/PC_petrol_Euro-6ab,Gasoline,2026-01-14 11:19:19,2026-01-14 11:19:22,-22.80451511243773,-43.20555799403984,-22.798039244076982,-43.20197846639153,2269.3123001821787,1462.4639014434329,806.8483987387458,694311.0453118992,191.55205031050102,51.15326400324954
0,HBEFA4/PC_petrol_Euro-6ab,Gasoline,2026-01-14 11:19:22,2026-01-14 11:19:22,-22.798039244076982,-43.20197846639153,-22.797931763403383,-43.20201721690624,2269.323121145961,1462.474722407215,806.8483987387458,694317.4466878332,191.55386071879587,51.153580899475706
0,HBEFA4/PC_petrol_Euro-6ab,Gasoline,2026-01-14 11:19:22,2026-01-14 11:19:24,-22.797931763403383,-43.20201721690624,-22.80491070643879,-43.20517960861064,2278.650591100741,1468.5714795345332,810.0791115662081,697594.9989067103,192.50306704190476,51.37114375505475
0,HBEFA4/PC_petrol_Euro-6ab,Gasoline,2026-01-14 11:19:24,2026-01-14 11:19:24,-22.80491070643879,-43.20517960861064,-22.80488347106769,-43.205205659330154,2278.6536010107657,1468.574489444558,810.0791115662081,697594.9989067103,192.50306704190476,51.37114375505475
0,HBEFA4/PC_petrol_Euro-6ab,Gasoline,2026-01-14 11:19:24,2026-01-14 11:19:29,-22.80488347106769,-43.205205659330154,-22.800697838890887,-43.20925244726287,2298.983972852013,1481.2421592279923,817.7418136240204,704013.1097038323,194.27944259971366,51.82043727192167
0,HBEFA4/PC_petrol_Euro-6ab,Gasoline,2026-01-14 11:19:29,2026-01-14 11:19:29,-22.800697838890887,-43.20925244726287,-22.80067940517004,-43.20915188288403,2298.992695986772,1481.2508823627516,817.7418136240204,704018.2358677493,194.28102028853402,51.82069336196318
0,HBEFA4/PC_petrol_Euro-6ab,Gasoline,2026-01-14 11:19:29,2026-01-14 11:19:29,-22.80067940517004,-43.20915188288403,-22.80065854606443,-43.2090380822618,2299.0032212354445,1481.261407611424,817.7418136240204,704024.1552374839,194.2827154501233,51.82100104903514
0,HBEFA4/PC_petrol_Euro-6ab,Gasoline,2026-01-14 11:19:29,2026-01-14 11:19:29,-22.80065854606443,-43.2090380822618,-22.80063578865167,-43.208913925620145,2299.0151317969626,1481.2733181729423,817.7418136240204,704029.5285495921,194.28418785782603,51.82134682628287
0,HBEFA4/PC_petrol_Euro-6ab,Gasoline,2026-01-14 11:19:29,2026-01-14 11:19:38,-22.80063578865167,-43.208913925620145,-22.802640300149093,-43.20171055512825,2340.7658529449354,1502.7541539400045,838.0116990049307,716198.5906120562,197.5046596454141,52.778842489228424
0,HBEFA4/PC_petrol_Euro-6ab,Gasoline,2026-01-14 11:19:38,2026-01-14 11:19:38,-22.802640300149093,-43.20171055512825,-22.802620989322524,-43.20175506358109,2340.7694925341025,1502.7577935291717,838.0116990049307,716198.5906120562,197.5046596454141,52.778842489228424
0,HBEFA4/PC_petrol_Euro-6ab,Gasoline,2026-01-14 11:19:38,2026-01-14 11:19:38,-22.802620989322524,-43.20175506358109,-22.80260468897399,-43.20181368272322,2340.7745395194925,1502.762840514562,838.0116990049307,716202.1861019287,197.50595370259748,52.77899538213671
0,HBEFA4/PC_petrol_Euro-6ab,Gasoline,2026-01-14 11:19:38,2026-01-14 11:19:38,-22.80260468897399,-43.20181368272322,-22.80262279646513,-43.20188233456494,2340.780944730188,1502.7692457252572,838.0116990049307,716206.0097011934,197.50724668301334,52.77918523468406
0,HBEFA4/PC_petrol_Euro-6ab,Gasoline,2026-01-14 11:19:38,2026-01-14 11:19:38,-22.80262279646513,-43.20188233456494,-22.802998642753767,-43.202047399138074,2340.820439786433,1502.8087407815021,838.0116990049307,716226.6549598945,197.51323602562152,52.780338061017666
0,HBEFA4/PC_petrol_Euro-6ab,Gasoline,2026-01-14 11:19:38,2026-01-14 11:19:38,-22.802998642753767,-43.202047399138074,-22.803117354654262,-43.20209783172127,2340.8340433407434,1502.8223443358129,838.0116990049307,716231.8987129385,197.51460655929645,52.78073235775018
0,HBEFA4/PC_petrol_Euro-6ab,Gasoline,2026-01-14 11:19:38,2026-01-14 11:19:41,-22.803117354654262,-43.20209783172127,-22.800699625387743,-43.20926212009152,2353.362658193053,1512.0802774936042,841.2823806994489,720019.7670615137,198.6003013824681,53.05903879790329
0,HBEFA4/PC_petrol_Euro-6ab,Gasoline,2026-01-14 11:19:41,2026-01-14 11:19:54,-22.800699625387743,-43.20926212009152,-22.802639374309965,-43.20171268904448,2409.5230411485845,1551.7700303034928,857.7530108450915,736963.452344873,203.3248958734592,54.3083257229686
0,HBEFA4/PC_petrol_Euro-6ab,Gasoline,2026-01-14 11:19:54,2026-01-14 11:19:54,-22.802639374309965,-43.20171268904448,-22.802619632946865,-43.20175818981452,2409.5270045070515,1551.7739936619598,857.7530108450915,736963.452344873,203.3248958734592,54.3083257229686
0,HBEFA4/PC_petrol_Euro-6ab,Gasoline,2026-01-14 11:19:54,2026-01-14 11:19:54,-22.802619632946865,-43.20175818981452,-22.802604583609288,-43.20181691593501,2409.5321640152024,1551.779153170111,857.7530108450915,736966.7588043367,203.32606854045622,54.30848072326811
0,HBEFA4/PC_petrol_Euro-6ab,Gasoline,2026-01-14 11:19:54,2026-01-14 11:19:54,-22.802604583609288,-43.20181691593501,-22.802629603582606,-43.20188902593472,2409.5385469995995,1551.7855361545078,857.7530108450915,736970.3537850906,203.3272807078819,54.30866935340712
0,HBEFA4/PC_petrol_Euro-6ab,Gasoline,2026-01-14 11:19:54,2026-01-14 11:19:54,-22.802629603582606,-43.20188902593472,-22.803016564896375,-43.20205501302758,2409.5793667318903,1551.826355886799,857.7530108450915,736990.8938261841,203.33324561132846,54.30985920454815
0,HBEFA4/PC_petrol_Euro-6ab,Gasoline,2026-01-14 11:19:54,2026-01-14 11:19:54,-22.803016564896375,-43.20205501302758,-22.80313930630922,-43.20210715749045,2409.5934465375644,1551.8404356924732,857.7530108450915,736997.9052292161,203.3350264167652,54.31027010290806
0,HBEFA4/PC_petrol_Euro-6ab,Gasoline,2026-01-14 11:19:54,2026-01-14 11:19:54,-22.80313930630922,-43.20210715749045,-22.803258715962073,-43.202158001651945,2409.6080559297625,1551.8550450846708,857.7530108450915,737001.5463502444,203.3359824754121,54.3106914220398
0,HBEFA4/PC_petrol_Euro-6ab,Gasoline,2026-01-14 11:19:54,2026-01-14 11:19:54,-22.803258715962073,-43.202158001651945,-22.80338213223918,-43.202210698513724,2409.6222730964996,1551.8692622514081,857.7530108450915,737001.5463502444,203.3359824754121,54.3106914220398
0,HBEFA4/PC_petrol_Euro-6ab,Gasoline,2026-01-14 11:19:54,2026-01-14 11:19:54,-22.80338213223918,-43.202210698513724,-22.803504350218773,-43.202262883813056,2409.6369728302866,1551.8839619851954,857.7530108450915,737005.058322545,203.3369062473486,54.311115220969704
0,HBEFA4/PC_petrol_Euro-6ab,Gasoline,2026-01-14 11:19:54,2026-01-14 11:19:54,-22.803504350218773,-43.202262883813056,-22.80363146012122,-43.202279412292725,2409.6515298400823,1551.898518994991,857.7530108450915,737006.6177041228,203.3373687089033,54.31153188640627
0,HBEFA4/PC_petrol_Euro-6ab,Gasoline,2026-01-14 11:19:54,2026-01-14 11:19:54,-22.80363146012122,-43.202279412292725,-22.803744829933642,-43.20222958224678,2409.6658706806365,1551.9128598355453,857.7530108450915,737007.9428328623,203.3377756742058,54.31194177756225
0,HBEFA4/PC_petrol_Euro-6ab,Gasoline,2026-01-14 11:19:54,2026-01-14 11:20:09,-22.803744829933642,-43.20222958224678,-22.80490572858361,-43.205184369946174,2474.8191406940573,1594.1978465415568,880.6212941525004,756255.8513892019,208.61358954697153,55.77694940102322
0,HBEFA4/PC_petrol_Euro-6ab,Gasoline,2026-01-14 11:20:09,2026-01-14 11:20:09,-22.80490572858361,-43.205184369946174,-22.80487255115567,-43.20521610425662,2474.8223078307674,1594.201013678267,880.6212941525004,756255.8513892019,208.61358954697153,55.77694940102322
0,HBEFA4/PC_petrol_Euro-6ab,Gasoline,2026-01-14 11:20:09,2026-01-14 11:20:09,-22.80487255115567,-43.20521610425662,-22.804828314418483,-43.205258416794706,2474.8272187391553,1594.2059245866549,880.6212941525004,756259.9053905759,208.6150770988984,55.77710011489648
0,HBEFA4/PC_petrol_Euro-6ab,Gasoline,2026-01-14 11:20:09,2026-01-14 11:20:09,-22.804828314418483,-43.205258416794706,-22.8047714402646,-43.20531281699107,2474.8337666399534,1594.2124724874532,880.6212941525004,756264.2310564056,208.61653989552107,55.777295164223794
0,HBEFA4/PC_petrol_Euro-6ab,Gasoline,2026-01-14 11:20:09,2026-01-14 11:20:09,-22.8047714402646,-43.20531281699107,-22.80470667592913,-43.20537476407463,2474.842185122287,1594.2208909697865,880.6212941525004,756269.5540970655,208.6182001258947,55.77754335926017
0,HBEFA4/PC_petrol_Euro-6ab,Gasoline,2026-01-14 11:20:09,2026-01-14 11:20:09,-22.80470667592913,-43.20537476407463,-22.80462898316972,-43.2054490770813,2474.851771501207,1594.230477348707,880.6212941525004,756273.7669483513,208.61945508135835,55.77782135759807
0,HBEFA4/PC_petrol_Euro-6ab,Gasoline,2026-01-14 11:20:09,2026-01-14 11:20:09,-22.80462898316972,-43.2054490770813,-22.804559095556836,-43.20551592437118,2474.863271532315,1594.241977379815,880.6212941525004,756280.3305144232,208.62126581367167,55.77815764128759
0,HBEFA4/PC_petrol_Euro-6ab,Gasoline,2026-01-14 11:20:09,2026-01-14 11:20:09,-22.804559095556836,-43.20551592437118,-22.80451960937684,-43.2055536927383,2474.8736162456157,1594.2523220931155,880.6212941525004,756280.3305144232,208.62126581367167,55.77815764128759
0,HBEFA4/PC_petrol_Euro-6ab,Gasoline,2026-01-14 11:20:09,2026-01-14 11:20:20,-22.80451960937684,-43.2055536927383,-22.79802894611906,-43.20198217916603,2520.237711500718,1625.488270894096,894.7494406066218,770345.4415621028,212.5503291982679,56.796690942881405
0,HBEFA4/PC_petrol_Euro-6ab,Gasoline,2026-01-14 11:20:20,2026-01-14 11:20:20,-22.79802894611906,-43.20198217916603,-22.797916479661573,-43.202022727220026,2520.249683650118,1625.5002430434965,894.7494406066218,770350.3949895488,212.55168858497905,56.797037732392205
0,HBEFA4/PC_petrol_Euro-6ab,Gasoline,2026-01-14 11:20:20,2026-01-14 11:20:20,-22.797916479661573,-43.202022727220026,-22.79779579166469,-43.20206623933646,2520.26281648477,1625.5133758781485,894.7494406066218,770355.5375960396,212.5530512928161,56.79741821500505
0,HBEFA4/PC_petrol_Euro-6ab,Gasoline,2026-01-14 11:20:20,2026-01-14 11:20:20,-22.79779579166469,-43.20206623933646,-22.797669734842515,-43.20211168699999,2520.276909355728,1625.5274687491062,894.7494406066218,770360.36918848,212.55430510252845,56.797826142456756
0,HBEFA4/PC_petrol_Euro-6ab,Gasoline,2026-01-14 11:20:20,2026-01-14 11:20:20,-22.797669734842515,-43.20211168699999,-22.797549464944495,-43.20215504819359,2520.291629148046,1625.5421885414241,894.7494406066218,770364.3344062619,212.5553356088054,56.79825120434896
0,HBEFA4/PC_petrol_Euro-6ab,Gasoline,2026-01-14 11:20:20,2026-01-14 11:20:20,-22.797549464944495,-43.20215504819359,-22.79743007897206,-43.2022026206243,2520.3056731927322,1625.5562325861104,894.7494406066218,770364.3344062619,212.5553356088054,56.79825120434896
0,HBEFA4/PC_petrol_Euro-6ab,Gasoline,2026-01-14 11:20:20,2026-01-14 11:20:20,-22.79743007897206,-43.2022026206243,-22.79731161586149,-43.20225398654973,2520.3197746439573,1625.5703340373354,894.7494406066218,770366.469203336,212.5559381697677,56.798655240121256
0,HBEFA4/PC_petrol_Euro-6ab,Gasoline,2026-01-14 11:20:20,2026-01-14 11:20:20,-22.79731161586149,-43.20225398654973,-22.797192962663154,-43.20231032803894,2520.3339146403764,1625.5844740337545,894.7494406066218,770368.5508822715,212.55652763731752,56.79906033338089
0,HBEFA4/PC_petrol_Euro-6ab,Gasoline,2026-01-14 11:20:20,2026-01-14 11:20:21,-22.797192962663154,-43.20231032803894,-22.79804817435293,-43.20197524671375,2522.3794271629026,1627.431613357206,894.9478138056963,771099.1256890807,212.78409636814104,56.84363687998056
0,HBEFA4/PC_petrol_Euro-6ab,Gasoline,2026-01-14 11:20:21,2026-01-14 11:20:21,-22.79804817435293,-43.20197524671375,-22.797945486834696,-43.20201226913675,2522.389798347451,1627.4419845417544,894.9478138056963,771103.7391358461,212.78543188136123,56.84393767032688
0,HBEFA4/PC_petrol_Euro-6ab,Gasoline,2026-01-14 11:20:21,2026-01-14 11:20:21,-22.797945486834696,-43.20201226913675,-22.797829980649716,-43.2020539130569,2522.4017892847437,1627.4539754790476,894.9478138056963,771109.7439789588,212.78706625349187,56.844286856537536
0,HBEFA4/PC_petrol_Euro-6ab,Gasoline,2026-01-14 11:20:21,2026-01-14 11:20:21,-22.797829980649716,-43.2020539130569,-22.797711353014172,-43.202096682280256,2522.4152770703336,1627.4674632646374,894.9478138056963,771115.9561640187,212.78868007873348,56.844679338172845
0,HBEFA4/PC_petrol_Euro-6ab,Gasoline,2026-01-14 11:20:21,2026-01-14 11:20:24,-22.797711353014172,-43.202096682280256,-22.79832369897312,-43.20457964166679,2534.7251872897714,1635.674237733505,899.0509495562662,775008.2070601915,213.8950623857759,57.12416119106284
0,HBEFA4/PC_petrol_Euro-6ab,Gasoline,2026-01-14 11:20:24,2026-01-14 11:20:24,-22.79832369897312,-43.20457964166679,-22.798196905784444,-43.204606978125696,2534.738423817155,1635.6874742608888,899.0509495562662,775013.4533664746,213.89644710695478,57.12454484375838
0,HBEFA4/PC_petrol_Euro-6ab,Gasoline,2026-01-14 11:20:24,2026-01-14 11:20:31,-22.798196905784444,-43.204606978125696,-22.800693058792188,-43.20922637294406,2566.7610149569086,1657.6165634963018,909.1444514606071,784803.9498042291,216.61335893750052,57.84408206797234
0,HBEFA4/PC_petrol_Euro-6ab,Gasoline,2026-01-14 11:20:31,2026-01-14 11:20:31,-22.800693058792188,-43.20922637294406,-22.800674928831512,-43.20912746137005,2566.7694449846745,1657.6249935240673,909.1444514606071,784806.4245712777,216.61412242872578,57.84432401673271
0,HBEFA4/PC_petrol_Euro-6ab,Gasoline,2026-01-14 11:20:31,2026-01-14 11:20:31,-22.800674928831512,-43.20912746137005,-22.80065371101125,-43.20901170382234,2566.7797972311055,1657.6353457704986,909.1444514606071,784812.5561605082,216.6158886029062,57.84462729421513
0,HBEFA4/PC_petrol_Euro-6ab,Gasoline,2026-01-14 11:20:31,2026-01-14 11:20:31,-22.80065371101125,-43.20901170382234,-22.800630193827768,-43.20888340226521,2566.7919126086463,1657.6474611480392,909.1444514606071,784818.9799626613,216.61762578226137,57.84498075814327
0,HBEFA4/PC_petrol_Euro-6ab,Gasoline,2026-01-14 11:20:31,2026-01-14 11:20:31,-22.800630193827768,-43.20888340226521,-22.800605173611387,-43.20874690134318,2566.805340868203,1657.660889407596,909.1444514606071,784824.6447717871,216.61910689707264,57.845370639572934
0,HBEFA4/PC_petrol_Euro-6ab,Gasoline,2026-01-14 11:20:31,2026-01-14 11:20:45,-22.800605173611387,-43.20874690134318,-22.800693497758076,-43.20922876781343,2629.660999187566,1692.9079194294268,936.7530797581395,804209.0696333452,221.8673415334341,59.280573077717634
0,HBEFA4/PC_petrol_Euro-6ab,Gasoline,2026-01-14 11:20:45,2026-01-14 11:20:45,-22.800693497758076,-43.20922876781343,-22.80067785564065,-43.20914342913004,2629.66871433378,1692.9156345756405,936.7530797581395,804210.9069937386,221.86791004772883,59.28079364300674
0,HBEFA4/PC_petrol_Euro-6ab,Gasoline,2026-01-14 11:20:45,2026-01-14 11:20:45,-22.80067785564065,-43.20914342913004,-22.800659378148715,-43.209042621838975,2629.677646019117,1692.9245662609778,936.7530797581395,804215.0638423415,221.86917805392596,59.281053320312246
0,HBEFA4/PC_petrol_Euro-6ab,Gasoline,2026-01-14 11:20:45,2026-01-14 11:20:45,-22.800659378148715,-43.209042621838975,-22.800638717410386,-43.20892990389208,2629.6881966771507,1692.935116919011,936.7530797581395,804220.5664222967,221.87075479330608,59.28136090100852
0,HBEFA4/PC_petrol_Euro-6ab,Gasoline,2026-01-14 11:20:45,2026-01-14 11:20:45,-22.800638717410386,-43.20892990389208,-22.80061499499541,-43.20880048305197,2629.6999939280827,1692.9469141699433,936.7530797581395,804225.5503715822,221.8721294462686,59.2817027528344
0,HBEFA4/PC_petrol_Euro-6ab,Gasoline,2026-01-14 11:20:45,2026-01-14 11:20:45,-22.80061499499541,-43.20880048305197,-22.80059081347151,-43.208668558109544,2629.71353933719,1692.9604595790504,936.7530797581395,804232.5074919596,221.87392415788574,59.28209808870468
0,HBEFA4/PC_petrol_Euro-6ab,Gasoline,2026-01-14 11:20:45,2026-01-14 11:20:46,-22.80059081347151,-43.208668558109544,-22.80056517964217,-43.20852988326386,2629.7273468356157,1692.974267077476,936.7530797581395,804235.2167033533,221.87466907261887,59.282494352858535
0,HBEFA4/PC_petrol_Euro-6ab,Gasoline,2026-01-14 11:20:46,2026-01-14 11:20:46,-22.80056517964217,-43.20852988326386,-22.800537848813462,-43.20839194867956,2629.7418655929655,1692.9887858348259,936.7530797581395,804239.3992117529,221.8757557013156,59.28291380487409
0,HBEFA4/PC_petrol_Euro-6ab,Gasoline,2026-01-14 11:20:46,2026-01-14 11:20:46,-22.800537848813462,-43.20839194867956,-22.800510149935885,-43.20825215726994,2629.75634776965,1693.00326801151,936.7530797581395,804241.2802035603,221.8762949739576,59.28332872852319
0,HBEFA4/PC_petrol_Euro-6ab,Gasoline,2026-01-14 11:20:46,2026-01-14 11:20:46,-22.800510149935885,-43.20825215726994,-22.80048410243753,-43.208120700691566,2629.7710249069473,1693.0179451488077,936.7530797581395,804243.8947803609,221.87700680386686,59.283750530010906
0,HBEFA4/PC_petrol_Euro-6ab,Gasoline,2026-01-14 11:20:46,2026-01-14 11:21:00,-22.80048410243753,-43.208120700691566,-22.798319552416437,-43.204580538806724,2695.224466933105,1731.2573988803372,963.9670680527676,823755.5271966538,227.13687972588693,60.764005386753794
0,HBEFA4/PC_petrol_Euro-6ab,Gasoline,2026-01-14 11:21:00,2026-01-14 11:21:00,-22.798319552416437,-43.204580538806724,-22.798207945224934,-43.20460468587,2695.2384421831566,1731.271374130389,963.9670680527676,823762.07677457,227.13855374808995,60.76441253423646
0,HBEFA4/PC_petrol_Euro-6ab,Gasoline,2026-01-14 11:21:00,2026-01-14 11:21:00,-22.798207945224934,-43.20460468587,-22.798129982291343,-43.20461519398991,2695.251048549723,1731.2839804969553,963.9670680527676,823762.07677457,227.13855374808995,60.76441253423646
0,HBEFA4/PC_petrol_Euro-6ab,Gasoline,2026-01-14 11:21:00,2026-01-14 11:21:00,-22.798129982291343,-43.20461519398991,-22.79809225797534,-43.20461982521178,2695.25975337249,1731.2926853197228,963.9670680527676,823762.07677457,227.13855374808995,60.76441253423646
0,HBEFA4/PC_petrol_Euro-6ab,Gasoline,2026-01-14 11:21:00,2026-01-14 11:21:00,-22.79809225797534,-43.20461982521178,-22.79790113284323,-43.20464315946139,2695.276393239949,1731.3093251871815,963.9670680527676,823769.991623258,227.14123637140054,60.76478285270825
0,HBEFA4/PC_petrol_Euro-6ab,Gasoline,2026-01-14 11:21:00,2026-01-14 11:21:00,-22.79790113284323,-43.20464315946139,-22.797806408645304,-43.204649852914365,2695.2852563473284,1731.318188294561,963.9670680527676,823775.2769630878,227.14285372299142,60.76504314393339
0,HBEFA4/PC_petrol_Euro-6ab,Gasoline,2026-01-14 11:21:00,2026-01-14 11:21:00,-22.797806408645304,-43.204649852914365,-22.797693319295675,-43.20464489096226,2695.295795526146,1731.3287274733784,963.9670680527676,823780.9084351346,227.14446726374516,60.76535065576095
0,HBEFA4/PC_petrol_Euro-6ab,Gasoline,2026-01-14 11:21:00,2026-01-14 11:21:00,-22.797693319295675,-43.20464489096226,-22.79756437781622,-43.20463923347755,2695.308329985516,1731.3412619327487,963.9670680527676,823788.1207342215,227.14638353794143,60.765717412958416
0,HBEFA4/PC_petrol_Euro-6ab,Gasoline,2026-01-14 11:21:00,2026-01-14 11:21:00,-22.79756437781622,-43.20463923347755,-22.797437666633773,-43.20463367385184,2695.3226214437573,1731.3555533909898,963.9670680527676,823795.4193002223,227.14822286300821,60.76613490356762
0,HBEFA4/PC_petrol_Euro-6ab,Gasoline,2026-01-14 11:21:00,2026-01-14 11:21:00,-22.797437666633773,-43.20463367385184,-22.79730914771443,-43.20462803491087,2695.3366657029005,1731.3695976501328,963.9670680527676,823796.6416514239,227.14860514638326,60.76653584341792
0,HBEFA4/PC_petrol_Euro-6ab,Gasoline,2026-01-14 11:21:00,2026-01-14 11:21:00,-22.79730914771443,-43.20462803491087,-22.79717769530329,-43.20462226726073,2695.350910325611,1731.3838422728434,963.9670680527676,823799.2208076834,227.1493133620637,60.766944788031786
0,HBEFA4/PC_petrol_Euro-6ab,Gasoline,2026-01-14 11:21:00,2026-01-14 11:21:05,-22.79717769530329,-43.20462226726073,-22.79803575763326,-43.201979723376674,2713.5753859687998,1744.0587003654766,969.5166856033231,829704.7053001728,228.81353412119438,61.180522231737356
0,HBEFA4/PC_petrol_Euro-6ab,Gasoline,2026-01-14 11:21:05,2026-01-14 11:21:05,-22.79803575763326,-43.201979723376674,-22.797913126057892,-43.202023936309125,2713.5884382618706,1744.0717526585477,969.5166856033231,829708.1211796674,228.81446636341002,61.180897543874906
0,HBEFA4/PC_petrol_Euro-6ab,Gasoline,2026-01-14 11:21:05,2026-01-14 11:21:05,-22.797913126057892,-43.202023936309125,-22.797790492843912,-43.202068149739006,2713.602758088795,1744.0860724854717,969.5166856033231,829713.946987536,228.81595146131832,61.18131362903233
0,HBEFA4/PC_petrol_Euro-6ab,Gasoline,2026-01-14 11:21:05,2026-01-14 11:21:06,-22.797790492843912,-43.202068149739006,-22.797250330890137,-43.203940145128826,2715.6395767585823,1746.0566075836432,969.582969174939,830636.6029009126,229.1188361547413,61.22937764645915
0,HBEFA4/PC_petrol_Euro-6ab,Gasoline,2026-01-14 11:21:06,2026-01-14 11:21:07,-22.797250330890137,-43.203940145128826,-22.804904286251357,-43.20518574954181,2725.1972978425224,1750.4262863443598,974.7710114981628,833445.7531554302,229.85057497841473,61.44660899081171
0,HBEFA4/PC_petrol_Euro-6ab,Gasoline,2026-01-14 11:21:07,2026-01-14 11:21:10,-22.804904286251357,-43.20518574954181,-22.802639922591347,-43.20171142534057,2735.830277119789,1757.5790136825883,978.251263437201,836811.7362653253,230.7830461856085,61.68717816272729
0,HBEFA4/PC_petrol_Euro-6ab,Gasoline,2026-01-14 11:21:10,2026-01-14 11:21:10,-22.802639922591347,-43.20171142534057,-22.802619412546264,-43.20175869780336,2735.834551210757,1757.5832877735563,978.251263437201,836811.7362653253,230.7830461856085,61.68717816272729
0,HBEFA4/PC_petrol_Euro-6ab,Gasoline,2026-01-14 11:21:10,2026-01-14 11:21:12,-22.802619412546264,-43.20175869780336,-22.800701530393166,-43.20927243457801,2743.54462022347,1764.167568797812,979.3770514256574,838644.0568715008,231.2947397880499,61.84971415910148
0,HBEFA4/PC_petrol_Euro-6ab,Gasoline,2026-01-14 11:21:12,2026-01-14 11:21:13,-22.800701530393166,-43.20927243457801,-22.80070125455879,-43.20927094109646,2749.576283446762,1767.788176945891,981.7881065008708,840400.6343867964,231.7672657611589,61.98655960560094
0,HBEFA4/PC_petrol_Euro-6ab,Gasoline,2026-01-14 11:21:13,2026-01-14 11:21:13,-22.80070125455879,-43.20927094109646,-22.80068492528426,-43.20918199894425,2749.584029835044,1767.7959233341733,981.7881065008708,840405.6325986052,231.76887081061437,61.98678873208268
0,HBEFA4/PC_petrol_Euro-6ab,Gasoline,2026-01-14 11:21:13,2026-01-14 11:21:16,-22.80068492528426,-43.20918199894425,-22.80491068051996,-43.2051796334021,2759.6542252392555,1775.526028294084,984.1281969451716,843458.165530097,232.63507258565986,62.21125367920453
0,HBEFA4/PC_petrol_Euro-6ab,Gasoline,2026-01-14 11:21:16,2026-01-14 11:21:18,-22.80491068051996,-43.2051796334021,-22.80264107345216,-43.20170877278403,2769.177409277986,1780.8541442384364,988.3232650395499,846205.5180289734,233.37455177397538,62.42994176567742
0,HBEFA4/PC_petrol_Euro-6ab,Gasoline,2026-01-14 11:21:18,2026-01-14 11:21:18,-22.80264107345216,-43.20170877278403,-22.80262058614349,-43.20175599284565,2769.181660427166,1780.8583953876162,988.3232650395499,846205.5180289734,233.37455177397538,62.42994176567742
0,HBEFA4/PC_petrol_Euro-6ab,Gasoline,2026-01-14 11:21:18,2026-01-14 11:21:25,-22.80262058614349,-43.20175599284565,-22.80491068196208,-43.20517963202271,2808.3954245572627,1800.5429847132082,1007.8524398440544,857567.5879809859,236.3569432322608,63.33425233096073
0,HBEFA4/PC_petrol_Euro-6ab,Gasoline,2026-01-14 11:21:25,2026-01-14 11:21:25,-22.80491068196208,-43.20517963202271,-22.804879245244905,-43.20520970134179,2808.3986046337172,1800.546164789663,1007.8524398440544,857567.5879809859,236.3569432322608,63.33425233096073
0,HBEFA4/PC_petrol_Euro-6ab,Gasoline,2026-01-14 11:21:25,2026-01-14 11:21:25,-22.804879245244905,-43.20520970134179,-22.804836863004187,-43.20525024005649,2808.4032578830424,1800.5508180389882,1007.8524398440544,857571.1912681414,236.35826818841156,63.3343948322962
0,HBEFA4/PC_petrol_Euro-6ab,Gasoline,2026-01-14 11:21:25,2026-01-14 11:21:25,-22.804836863004187,-43.20525024005649,-22.80478298152122,-43.20530177777065,2808.4095312824775,1800.5570914384232,1007.8524398440544,857575.4149672878,236.3597141294113,63.33458224080831
0,HBEFA4/PC_petrol_Euro-6ab,Gasoline,2026-01-14 11:21:25,2026-01-14 11:21:25,-22.80478298152122,-43.20530177777065,-22.804720725794486,-43.20536132538645,2808.4175067917768,1800.5650669477225,1007.8524398440544,857580.2693643463,236.36125610757318,63.334817251090755
0,HBEFA4/PC_petrol_Euro-6ab,Gasoline,2026-01-14 11:21:25,2026-01-14 11:21:41,-22.804720725794486,-43.20536132538645,-22.79804495165914,-43.20197640860798,2875.06562427246,1843.5160906270373,1031.5495336454228,877805.7507590133,241.93514514355675,64.83222071009816
0,HBEFA4/PC_petrol_Euro-6ab,Gasoline,2026-01-14 11:21:41,2026-01-14 11:21:41,-22.79804495165914,-43.20197640860798,-22.797940428432938,-43.20201409286489,2875.0767946650153,1843.5272610195925,1031.5495336454228,877805.7507590133,241.93514514355675,64.83222071009816
0,HBEFA4/PC_petrol_Euro-6ab,Gasoline,2026-01-14 11:21:41,2026-01-14 11:21:41,-22.797940428432938,-43.20201409286489,-22.797825432947487,-43.202055552657,2875.0889999599326,1843.5394663145098,1031.5495336454228,877810.2980024653,241.93638962803962,64.83257346224835
0,HBEFA4/PC_petrol_Euro-6ab,Gasoline,2026-01-14 11:21:41,2026-01-14 11:21:41,-22.797825432947487,-43.202055552657,-22.797701700064085,-43.20210016248721,2875.1024281104887,1843.5528944650657,1031.5495336454228,877815.7055044868,241.93780708202277,64.83296292752073
0,HBEFA4/PC_petrol_Euro-6ab,Gasoline,2026-01-14 11:21:41,2026-01-14 11:21:41,-22.797701700064085,-43.20210016248721,-22.797576019703786,-43.20214547435051,2875.1168765345133,1843.5673428890902,1031.5495336454228,877820.8177736894,241.93911713674112,64.83338170455367
0,HBEFA4/PC_petrol_Euro-6ab,Gasoline,2026-01-14 11:21:41,2026-01-14 11:21:41,-22.797576019703786,-43.20214547435051,-22.797456358012166,-43.20219122594705,2875.1315523652147,1843.5820187197917,1031.5495336454228,877823.5329621615,241.93985279046905,64.83380361628352
0,HBEFA4/PC_petrol_Euro-6ab,Gasoline,2026-01-14 11:21:41,2026-01-14 11:21:41,-22.797456358012166,-43.20219122594705,-22.797340329929696,-43.20224153606172,2875.1456179241595,1843.5960842787365,1031.5495336454228,877823.5329621615,241.93985279046905,64.83380361628352
0,HBEFA4/PC_petrol_Euro-6ab,Gasoline,2026-01-14 11:21:41,2026-01-14 11:21:41,-22.797340329929696,-43.20224153606172,-22.79722229183823,-43.202292717618164,2875.159467271351,1843.6099336259279,1031.5495336454228,877824.8411447175,241.94025589629132,64.83419892324444
0,HBEFA4/PC_petrol_Euro-6ab,Gasoline,2026-01-14 11:21:41,2026-01-14 11:21:41,-22.79722229183823,-43.202292717618164,-22.800698774863665,-43.209257515004,2877.540056754764,1845.243216202794,1032.2968405519703,878486.4099310761,242.1279286596692,64.89010388756587
0,HBEFA4/PC_petrol_Euro-6ab,Gasoline,2026-01-14 11:21:41,2026-01-14 11:21:41,-22.800698774863665,-43.209257515004,-22.800680554119243,-43.209158151197876,2877.5487454360127,1845.2519048840425,1032.2968405519703,878489.7071839352,242.1289420536284,64.89035490368929
0,HBEFA4/PC_petrol_Euro-6ab,Gasoline,2026-01-14 11:21:41,2026-01-14 11:21:41,-22.800680554119243,-43.209158151197876,-22.800658988335137,-43.20904049514467,2877.55914518336,1845.26230463139,1032.2968405519703,878495.371301821,242.13057302648593,64.8906585788508
0,HBEFA4/PC_petrol_Euro-6ab,Gasoline,2026-01-14 11:21:41,2026-01-14 11:21:43,-22.800658988335137,-43.20904049514467,-22.7980852314114,-43.20196188633882,2883.970149189215,1848.9546703097283,1035.0154788794869,880547.0041006805,242.70154079599496,65.03873930393635
0,HBEFA4/PC_petrol_Euro-6ab,Gasoline,2026-01-14 11:21:43,2026-01-14 11:21:50,-22.7980852314114,-43.20196188633882,-22.80490941365178,-43.2051808451659,2915.58486016317,1871.2077565135985,1044.3771036495714,890053.2450929445,245.33626588956486,65.75200132563623
0,HBEFA4/PC_petrol_Euro-6ab,Gasoline,2026-01-14 11:21:50,2026-01-14 11:21:50,-22.80490941365178,-43.2051808451659,-22.80488003319742,-43.20520894766297,2915.58777236845,1871.2106687188784,1044.3771036495714,890053.2450929445,245.33626588956486,65.75200132563623
0,HBEFA4/PC_petrol_Euro-6ab,Gasoline,2026-01-14 11:21:50,2026-01-14 11:21:50,-22.80488003319742,-43.20520894766297,-22.804838029140363,-43.20524912464494,2915.5921212506323,1871.215017601061,1044.3771036495714,890056.7308015984,245.33756419424685,65.75213542709707
0,HBEFA4/PC_petrol_Euro-6ab,Gasoline,2026-01-14 11:21:50,2026-01-14 11:21:50,-22.804838029140363,-43.20524912464494,-22.804786228315113,-43.20529867220942,2915.5983386715416,1871.2212350219704,1044.3771036495714,890061.3456591213,245.33915643024727,65.75232241967502
0,HBEFA4/PC_petrol_Euro-6ab,Gasoline,2026-01-14 11:21:50,2026-01-14 11:21:50,-22.804786228315113,-43.20529867220942,-22.804724940526953,-43.20535729399647,2915.606006203073,1871.2289025535017,1044.3771036495714,890065.6402155675,245.34053535277306,65.75254768332222
0,HBEFA4/PC_petrol_Euro-6ab,Gasoline,2026-01-14 11:21:50,2026-01-14 11:21:50,-22.804724940526953,-43.20535729399647,-22.804651050715858,-43.20542796951948,2915.6150779865147,1871.2379743369434,1044.3771036495714,890070.2207240924,245.34192520424992,65.75281217229953
0,HBEFA4/PC_petrol_Euro-6ab,Gasoline,2026-01-14 11:21:50,2026-01-14 11:21:53,-22.804651050715858,-43.20542796951948,-22.80491843858699,-43.2051722127834,2928.6168222363794,1877.7018449887328,1050.9149772476467,893858.4671345237,246.35520283576108,66.05616669657472
0,HBEFA4/PC_petrol_Euro-6ab,Gasoline,2026-01-14 11:21:53,2026-01-14 11:21:53,-22.80491843858699,-43.2051722127834,-22.804889661638082,-43.205199738031126,2928.619726501257,1877.7047492536103,1050.9149772476467,893858.4671345237,246.35520283576108,66.05616669657472
0,HBEFA4/PC_petrol_Euro-6ab,Gasoline,2026-01-14 11:21:53,2026-01-14 11:21:54,-22.804889661638082,-43.205199738031126,-22.80263918368064,-43.20171312841561,2934.3712077728837,1880.1655271433924,1054.205680629491,895533.8964976562,246.78461518585007,66.1895279010922
0,HBEFA4/PC_petrol_Euro-6ab,Gasoline,2026-01-14 11:21:54,2026-01-14 11:21:58,-22.80263918368064,-43.20171312841561,-22.80490732245453,-43.20518284540324,2951.4567269963636,1893.648647714035,1057.8080792823287,900600.086662752,248.24327669656293,66.57280233826464
0,HBEFA4/PC_petrol_Euro-6ab,Gasoline,2026-01-14 11:21:58,2026-01-14 11:21:58,-22.80490732245453,-43.20518284540324,-22.804870797722455,-43.205217781420174,2951.4601519065914,1893.6520726242627,1057.8080792823287,900600.086662752,248.24327669656293,66.57280233826464
0,HBEFA4/PC_petrol_Euro-6ab,Gasoline,2026-01-14 11:21:58,2026-01-14 11:22:08,-22.804870797722455,-43.205217781420174,-22.800703816373172,-43.209284811823316,2991.1024068588517,1920.2235958022222,1070.8788110566295,912401.3142172719,251.46953369040244,67.46648228578981
0,HBEFA4/PC_petrol_Euro-6ab,Gasoline,2026-01-14 11:22:08,2026-01-14 11:22:08,-22.800703816373172,-43.209284811823316,-22.800687011487817,-43.209193380643455,2991.1100376845247,1920.2312266278955,1070.8788110566295,912401.3142172719,251.46953369040244,67.46648228578981
0,HBEFA4/PC_petrol_Euro-6ab,Gasoline,2026-01-14 11:22:08,2026-01-14 11:22:08,-22.800687011487817,-43.209193380643455,-22.800668269437402,-43.2090911298224,2991.119608012177,1920.2407969555475,1070.8788110566295,912407.188867399,251.47127935823178,67.46676334024575
0,HBEFA4/PC_petrol_Euro-6ab,Gasoline,2026-01-14 11:22:08,2026-01-14 11:22:08,-22.800668269437402,-43.2090911298224,-22.800647254524158,-43.20897647941914,2991.130309750803,1920.2514986941733,1070.8788110566295,912411.5949330502,251.47254253443447,67.46707303357375
0,HBEFA4/PC_petrol_Euro-6ab,Gasoline,2026-01-14 11:22:08,2026-01-14 11:22:08,-22.800647254524158,-43.20897647941914,-22.800624323367632,-43.20885137517418,2991.1423092541045,1920.2634981974747,1070.8788110566295,912416.7699136512,251.4739588942192,67.46742099645869
0,HBEFA4/PC_petrol_Euro-6ab,Gasoline,2026-01-14 11:22:08,2026-01-14 11:22:12,-22.800624323367632,-43.20885137517418,-22.802640993871698,-43.20170895620472,3008.2163399886413,1930.4606594737975,1077.7556805148438,917816.0268593703,252.97072151938727,67.85543024427605
0,HBEFA4/PC_petrol_Euro-6ab,Gasoline,2026-01-14 11:22:12,2026-01-14 11:22:12,-22.802640993871698,-43.20170895620472,-22.802621929159415,-43.20175289740418,3008.219911225899,1930.4642307110553,1077.7556805148438,917816.0268593703,252.97072151938727,67.85543024427605
0,HBEFA4/PC_petrol_Euro-6ab,Gasoline,2026-01-14 11:22:12,2026-01-14 11:22:12,-22.802621929159415,-43.20175289740418,-22.80260467793953,-43.201814021325866,3008.2248938881817,1930.4692133733377,1077.7556805148438,917819.614153189,252.97201670600217,67.85558140647774
0,HBEFA4/PC_petrol_Euro-6ab,Gasoline,2026-01-14 11:22:12,2026-01-14 11:22:28,-22.80260467793953,-43.201814021325866,-22.804911335260332,-43.205179007140664,3077.916134957519,1972.950166725596,1104.9659682319227,939202.5966680598,258.80902860872027,69.42293742203778
0,HBEFA4/PC_petrol_Euro-6ab,Gasoline,2026-01-14 11:22:28,2026-01-14 11:22:28,-22.804911335260332,-43.205179007140664,-22.80487487519212,-43.20521388130944,3077.919797932741,1972.953829700818,1104.9659682319227,939205.0041434563,258.80989882769785,69.42304978136683
0,HBEFA4/PC_petrol_Euro-6ab,Gasoline,2026-01-14 11:22:28,2026-01-14 11:22:28,-22.80487487519212,-43.20521388130944,-22.804830690000095,-43.2052561445466,3077.925194736252,1972.9592265043289,1104.9659682319227,939209.1727442519,258.81139127919016,69.42321368017211
0,HBEFA4/PC_petrol_Euro-6ab,Gasoline,2026-01-14 11:22:28,2026-01-14 11:22:28,-22.804830690000095,-43.2052561445466,-22.804774090404234,-43.2053102821308,3077.931735007463,1972.9657667755403,1104.9659682319227,939212.6663398611,258.8125588958098,69.42340628410257
0,HBEFA4/PC_petrol_Euro-6ab,Gasoline,2026-01-14 11:22:28,2026-01-14 11:22:28,-22.804774090404234,-43.2053102821308,-22.804705253671937,-43.20537612446259,3077.9401128500035,1972.9741446180808,1104.9659682319227,939217.9107902012,258.8141972933736,69.42365318752923
0,HBEFA4/PC_petrol_Euro-6ab,Gasoline,2026-01-14 11:22:28,2026-01-14 11:22:28,-22.804705253671937,-43.20537612446259,-22.80462815360443,-43.205449870558574,3077.950302022755,1972.984333790832,1104.9659682319227,939223.7290036941,258.8158850512607,69.42395129456803
0,HBEFA4/PC_petrol_Euro-6ab,Gasoline,2026-01-14 11:22:28,2026-01-14 11:22:28,-22.80462815360443,-43.205449870558574,-22.8045636450229,-43.205511572823745,3077.9617143239116,1972.9957460919886,1104.9659682319227,939228.5448716276,258.8172310184527,69.42428188528399
0,HBEFA4/PC_petrol_Euro-6ab,Gasoline,2026-01-14 11:22:28,2026-01-14 11:22:28,-22.8045636450229,-43.205511572823745,-22.804522730711867,-43.20555070719548,3077.9712628370485,1973.005294605126,1104.9659682319227,939228.5448716276,258.8172310184527,69.42428188528399
0,HBEFA4/PC_petrol_Euro-6ab,Gasoline,2026-01-14 11:22:28,2026-01-14 11:22:31,-22.804522730711867,-43.20555070719548,-22.804913317101178,-43.205177111502934,3089.7707217578873,1981.2941850188945,1108.476536738993,942802.8930087656,259.81031723434285,69.68716071963111
0,HBEFA4/PC_petrol_Euro-6ab,Gasoline,2026-01-14 11:22:31,2026-01-14 11:22:31,-22.804913317101178,-43.205177111502934,-22.804886541884763,-43.20520272208457,3089.7736645814743,1981.2971278424816,1108.476536738993,942802.8930087656,259.81031723434285,69.68716071963111
0,HBEFA4/PC_petrol_Euro-6ab,Gasoline,2026-01-14 11:22:31,2026-01-14 11:22:31,-22.804886541884763,-43.20520272208457,-22.80484852459885,-43.20523908571696,3089.777627837599,1981.3010910986063,1108.476536738993,942805.7449786507,259.8113691338654,69.68728254386586
0,HBEFA4/PC_petrol_Euro-6ab,Gasoline,2026-01-14 11:22:31,2026-01-14 11:22:31,-22.80484852459885,-43.20523908571696,-22.804799469648206,-43.20528600686037,3089.7832551388283,1981.3067183998355,1108.476536738993,942809.8678351357,259.8128258172973,69.68745242462587
0,HBEFA4/PC_petrol_Euro-6ab,Gasoline,2026-01-14 11:22:31,2026-01-14 11:22:32,-22.804799469648206,-43.20528600686037,-22.802641957324205,-43.2017067355953,3094.3137916148007,1984.396526067653,1109.9172655471477,943862.779260555,260.08781087596986,69.7851335999763
0,HBEFA4/PC_petrol_Euro-6ab,Gasoline,2026-01-14 11:22:32,2026-01-14 11:22:42,-22.802641957324205,-43.2017067355953,-22.804905815462014,-43.20518428684669,3129.7600342136984,2008.1017761961523,1121.6582580175464,955581.5741065836,263.39868235792466,70.5851196253585
0,HBEFA4/PC_petrol_Euro-6ab,Gasoline,2026-01-14 11:22:42,2026-01-14 11:22:42,-22.804905815462014,-43.20518428684669,-22.80487387570706,-43.20521483731964,3129.7630249709705,2008.1047669534244,1121.6582580175464,955581.5741065836,263.39868235792466,70.5851196253585
0,HBEFA4/PC_petrol_Euro-6ab,Gasoline,2026-01-14 11:22:42,2026-01-14 11:22:42,-22.80487387570706,-43.20521483731964,-22.80482895565218,-43.20525780345353,3129.7677526795674,2008.109494662021,1121.6582580175464,955585.5703931567,263.40016208377324,70.5852653362495
0,HBEFA4/PC_petrol_Euro-6ab,Gasoline,2026-01-14 11:22:42,2026-01-14 11:22:42,-22.80482895565218,-43.20525780345353,-22.8047727114214,-43.20531160112879,3129.77440172477,2008.116143707224,1121.6582580175464,955590.4064769327,263.40179773619906,70.58546446574688
0,HBEFA4/PC_petrol_Euro-6ab,Gasoline,2026-01-14 11:22:42,2026-01-14 11:22:42,-22.8047727114214,-43.20531160112879,-22.80470703486143,-43.20537442075612,3129.782726966269,2008.1244689487226,1121.6582580175464,955595.3179178336,263.4033345145314,70.58570915924415
0,HBEFA4/PC_petrol_Euro-6ab,Gasoline,2026-01-14 11:22:42,2026-01-14 11:22:42,-22.80470703486143,-43.20537442075612,-22.80462932948945,-43.20544874582728,3129.7924483721777,2008.1341903546315,1121.6582580175464,955600.0622122498,263.4047390263101,70.58599203575358
0,HBEFA4/PC_petrol_Euro-6ab,Gasoline,2026-01-14 11:22:42,2026-01-14 11:22:42,-22.80462932948945,-43.20544874582728,-22.80264283189343,-43.201704719848045,3132.3656004271047,2009.6668090085316,1122.6987914185731,956251.6276212493,263.57601639063836,70.64166871421467
0,HBEFA4/PC_petrol_Euro-6ab,Gasoline,2026-01-14 11:22:42,2026-01-14 11:22:47,-22.80264283189343,-43.201704719848045,-22.798108426568184,-43.20308426944964,3153.7656160937513,2025.4324813305705,1128.333134763181,962436.0805762006,265.2873890841732,71.1178926696109
0,HBEFA4/PC_petrol_Euro-6ab,Gasoline,2026-01-14 11:22:47,2026-01-14 11:22:47,-22.798108426568184,-43.20308426944964,-22.798047303950632,-43.20320648097173,3153.7803302436205,2025.4471954804396,1128.333134763181,962438.6027029091,265.2880786523336,71.11831543273455
0,HBEFA4/PC_petrol_Euro-6ab,Gasoline,2026-01-14 11:22:47,2026-01-14 11:22:47,-22.798047303950632,-43.20320648097173,-22.797951561579755,-43.20329696554971,3153.794640319255,2025.4615055560741,1128.333134763181,962438.6027029091,265.2880786523336,71.11831543273455
0,HBEFA4/PC_petrol_Euro-6ab,Gasoline,2026-01-14 11:22:47,2026-01-14 11:22:47,-22.797951561579755,-43.20329696554971,-22.797826533582587,-43.2032947031422,3153.808978544264,2025.475843781083,1128.333134763181,962440.6698824223,265.28866326081317,71.11872636900759
0,HBEFA4/PC_petrol_Euro-6ab,Gasoline,2026-01-14 11:22:47,2026-01-14 11:22:47,-22.797826533582587,-43.2032947031422,-22.797710313280522,-43.203230858043604,3153.823044717281,2025.4899099541,1128.333134763181,962440.6698824223,265.28866326081317,71.11872636900759
0,HBEFA4/PC_petrol_Euro-6ab,Gasoline,2026-01-14 11:22:47,2026-01-14 11:23:02,-22.797710313280522,-43.203230858043604,-22.798058579049425,-43.20318911087154,3207.0169368157585,2058.2755773030044,1148.7413595127546,978912.3671066329,269.8116939011251,72.3285846706259
0,HBEFA4/PC_petrol_Euro-6ab,Gasoline,2026-01-14 11:23:02,2026-01-14 11:23:02,-22.798058579049425,-43.20318911087154,-22.79796812835098,-43.20328526401906,3207.0315831044013,2058.2902235916467,1148.7413595127546,978915.6817106049,269.81257189815443,72.32900659575849
0,HBEFA4/PC_petrol_Euro-6ab,Gasoline,2026-01-14 11:23:02,2026-01-14 11:23:02,-22.79796812835098,-43.20328526401906,-22.797843230317692,-43.20329893533635,3207.045905418302,2058.3045459055475,1148.7413595127546,978915.6817106049,269.81257189815443,72.32900659575849
0,HBEFA4/PC_petrol_Euro-6ab,Gasoline,2026-01-14 11:23:02,2026-01-14 11:23:02,-22.797843230317692,-43.20329893533635,-22.797725757328408,-43.20324049284759,3207.060265232224,2058.3189057194695,1148.7413595127546,978917.7791695447,269.81316360189805,72.32941821725846
0,HBEFA4/PC_petrol_Euro-6ab,Gasoline,2026-01-14 11:23:02,2026-01-14 11:23:02,-22.797725757328408,-43.20324049284759,-22.79761503072587,-43.20317250258251,3207.074749907933,2058.333390395179,1148.7413595127546,978920.1555025103,269.8138208445725,72.32983395759705
0,HBEFA4/PC_petrol_Euro-6ab,Gasoline,2026-01-14 11:23:02,2026-01-14 11:23:02,-22.79761503072587,-43.20317250258251,-22.797513918374232,-43.203108660233,3207.088862345775,2058.347502833021,1148.7413595127546,978920.1555025103,269.8138208445725,72.32983395759705
0,HBEFA4/PC_petrol_Euro-6ab,Gasoline,2026-01-14 11:23:02,2026-01-14 11:23:02,-22.797513918374232,-43.203108660233,-22.79744605750385,-43.20307041600532,3207.1018418154194,2058.360482302665,1148.7413595127546,978920.1555025103,269.8138208445725,72.32983395759705
0,HBEFA4/PC_petrol_Euro-6ab,Gasoline,2026-01-14 11:23:02,2026-01-14 11:23:04,-22.79744605750385,-43.20307041600532,-22.79722149003076,-43.20394553957203,3211.1056686902557,2062.0074380173587,1149.098230672897,980163.9902965131,270.19000316625846,72.41830576965883
0,HBEFA4/PC_petrol_Euro-6ab,Gasoline,2026-01-14 11:23:04,2026-01-14 11:23:08,-22.79722149003076,-43.20394553957203,-22.798057111416096,-43.203191371866524,3230.8030879458415,2075.308689700532,1155.4943982453096,985684.9221648086,271.68705374866533,72.85926787317186
0,HBEFA4/PC_petrol_Euro-6ab,Gasoline,2026-01-14 11:23:08,2026-01-14 11:23:08,-22.798057111416096,-43.203191371866524,-22.797964657415015,-43.203287715629465,3230.8177765035407,2075.323378258231,1155.4943982453096,985689.3035256556,271.688183373173,72.85969262793976
0,HBEFA4/PC_petrol_Euro-6ab,Gasoline,2026-01-14 11:23:08,2026-01-14 11:23:08,-22.797964657415015,-43.203287715629465,-22.797842594960237,-43.20329877428952,3230.832274904328,2075.3378766590185,1155.4943982453096,985690.714246717,271.68861060049244,72.86010732878935
0,HBEFA4/PC_petrol_Euro-6ab,Gasoline,2026-01-14 11:23:08,2026-01-14 11:23:12,-22.797842594960237,-43.20329877428952,-22.798074706378546,-43.20196568098478,3244.5824407081263,2084.932047942461,1159.6503927656656,989524.9925971108,272.75230489046595,73.15760181858776
0,HBEFA4/PC_petrol_Euro-6ab,Gasoline,2026-01-14 11:23:12,2026-01-14 11:23:12,-22.798074706378546,-43.20196568098478,-22.797971520060702,-43.20200288325923,3244.592680172546,2084.94228740688,1159.6503927656656,989529.6182121071,272.75364988063296,73.15789893541894
0,HBEFA4/PC_petrol_Euro-6ab,Gasoline,2026-01-14 11:23:12,2026-01-14 11:23:23,-22.797971520060702,-43.20200288325923,-22.7972457703193,-43.202996313043265,3289.3260920722455,2112.551371077619,1176.774720994627,1003143.9316713584,276.49100772189723,74.17020752315982
0,HBEFA4/PC_petrol_Euro-6ab,Gasoline,2026-01-14 11:23:23,2026-01-14 11:23:23,-22.7972457703193,-43.202996313043265,-22.797115569123196,-43.2029977809975,3289.340688447704,2112.5659674530775,1176.774720994627,1003147.0149523371,276.49183166894426,74.17062762737712
0,HBEFA4/PC_petrol_Euro-6ab,Gasoline,2026-01-14 11:23:23,2026-01-14 11:23:23,-22.797115569123196,-43.2029977809975,-22.79698305262413,-43.20300054869506,3289.355106038117,2112.5803850434904,1176.774720994627,1003148.4570100444,276.49226649500486,74.1710399740964
0,HBEFA4/PC_petrol_Euro-6ab,Gasoline,2026-01-14 11:23:23,2026-01-14 11:23:23,-22.79698305262413,-43.20300054869506,-22.796863292805163,-43.20301036825181,3289.369785654354,2112.595064659727,1176.774720994627,1003151.280230732,276.49302766554524,74.17146215804796
0,HBEFA4/PC_petrol_Euro-6ab,Gasoline,2026-01-14 11:23:23,2026-01-14 11:23:24,-22.796863292805163,-43.20301036825181,-22.798303591145647,-43.20458399215177,3290.1796808399304,2113.1419480148807,1177.03773282505,1003501.9084460385,276.60008481671224,74.19003215520124
0,HBEFA4/PC_petrol_Euro-6ab,Gasoline,2026-01-14 11:23:24,2026-01-14 11:23:24,-22.798303591145647,-43.20458399215177,-22.79817991825282,-43.204609063601424,3290.193685056452,2113.1559522314024,1177.03773282505,1003505.7109064517,276.60109206888,74.19043589794384
0,HBEFA4/PC_petrol_Euro-6ab,Gasoline,2026-01-14 11:23:24,2026-01-14 11:23:24,-22.79817991825282,-43.204609063601424,-22.798109887204895,-43.20461766096161,3290.207627416716,2113.1698945916664,1177.03773282505,1003507.4788344065,276.6016067612143,74.19083466830944
0,HBEFA4/PC_petrol_Euro-6ab,Gasoline,2026-01-14 11:23:24,2026-01-14 11:23:24,-22.798109887204895,-43.20461766096161,-22.79792661472597,-43.20464004805337,3290.2250535293156,2113.187320704266,1177.03773282505,1003513.1012636637,276.60327474615747,74.19111657472108
0,HBEFA4/PC_petrol_Euro-6ab,Gasoline,2026-01-14 11:23:24,2026-01-14 11:23:36,-22.79792661472597,-43.20464004805337,-22.80070015714705,-43.20926499925574,3340.3686193049502,2148.814559489102,1191.5540598158484,1018020.5277383378,280.6675874357994,75.31980085504972
0,HBEFA4/PC_petrol_Euro-6ab,Gasoline,2026-01-14 11:23:36,2026-01-14 11:23:36,-22.80070015714705,-43.20926499925574,-22.800682753618688,-43.20917015099507,3340.3765718965683,2148.82251208072,1191.5540598158484,1018020.5277383378,280.6675874357994,75.31980085504972
0,HBEFA4/PC_petrol_Euro-6ab,Gasoline,2026-01-14 11:23:36,2026-01-14 11:23:36,-22.800682753618688,-43.20917015099507,-22.80066325852804,-43.20906379191781,3340.3864992648982,2148.83243944905,1191.5540598158484,1018026.6146265966,280.6693699609332,75.32009223265216
0,HBEFA4/PC_petrol_Euro-6ab,Gasoline,2026-01-14 11:23:36,2026-01-14 11:23:36,-22.80066325852804,-43.20906379191781,-22.80064045150845,-43.20893936452229,3340.397630981235,2148.843571165387,1191.5540598158484,1018031.3073753213,280.6706943578203,75.32041463402477
0,HBEFA4/PC_petrol_Euro-6ab,Gasoline,2026-01-14 11:23:36,2026-01-14 11:23:36,-22.80064045150845,-43.20893936452229,-22.80061490243338,-43.208799978068534,3340.4106537622397,2148.856593946391,1191.5540598158484,1018038.4478797468,280.6725633177117,75.32079522907124
0,HBEFA4/PC_petrol_Euro-6ab,Gasoline,2026-01-14 11:23:36,2026-01-14 11:23:36,-22.80061490243338,-43.208799978068534,-22.800590088682757,-43.20866460395522,3340.4252421895135,2148.8711823736653,1191.5540598158484,1018045.2844627823,280.6742782108625,75.32122068740108
0,HBEFA4/PC_petrol_Euro-6ab,Gasoline,2026-01-14 11:23:36,2026-01-14 11:23:36,-22.800590088682757,-43.20866460395522,-22.800565688704857,-43.20853245243287,3340.4394106843806,2148.8853508685324,1191.5540598158484,1018045.2844627823,280.6742782108625,75.32122068740108
0,HBEFA4/PC_petrol_Euro-6ab,Gasoline,2026-01-14 11:23:36,2026-01-14 11:23:40,-22.800565688704857,-43.20853245243287,-22.804906284409107,-43.20518383829721,3354.763252582301,2160.7916058523247,1193.9716467299766,1022565.3435980985,281.9813830057292,75.63637634161392
0,HBEFA4/PC_petrol_Euro-6ab,Gasoline,2026-01-14 11:23:40,2026-01-14 11:23:40,-22.804906284409107,-43.20518383829721,-22.804871986084844,-43.20521664474838,3354.7668055575523,2160.795158827576,1193.9716467299766,1022567.3600290944,281.9820814224923,75.63648441018191
0,HBEFA4/PC_petrol_Euro-6ab,Gasoline,2026-01-14 11:23:40,2026-01-14 11:23:40,-22.804871986084844,-43.20521664474838,-22.80263888972976,-43.20171380592697,3356.8306673353354,2161.215973947438,1195.6146933878974,1023218.2659370279,282.14977947646827,75.68329345465011
0,HBEFA4/PC_petrol_Euro-6ab,Gasoline,2026-01-14 11:23:40,2026-01-14 11:23:51,-22.80263888972976,-43.20171380592697,-22.80069245081884,-43.20922305601986,3399.6157242563568,2191.7825860541393,1207.8331382022177,1035864.6350464805,285.6615412513473,76.63969090776263
0,HBEFA4/PC_petrol_Euro-6ab,Gasoline,2026-01-14 11:23:51,2026-01-14 11:23:51,-22.80069245081884,-43.20922305601986,-22.800675673856222,-43.20913152599216,3399.623922139159,2191.7907839369414,1207.8331382022177,1035866.9388014028,285.66225474440176,76.63992599998606
0,HBEFA4/PC_petrol_Euro-6ab,Gasoline,2026-01-14 11:23:51,2026-01-14 11:23:51,-22.800675673856222,-43.20913152599216,-22.800655709059463,-43.209022604504675,3399.6335018209197,2191.8003636187022,1207.8331382022177,1035871.6121228888,285.6636457025918,76.64020478169108
0,HBEFA4/PC_petrol_Euro-6ab,Gasoline,2026-01-14 11:23:51,2026-01-14 11:23:51,-22.800655709059463,-43.209022604504675,-22.800633381448954,-43.208900792780284,3399.644901724757,2191.8117635225394,1207.8331382022177,1035877.9037962978,285.66538954877547,76.64053774119762
0,HBEFA4/PC_petrol_Euro-6ab,Gasoline,2026-01-14 11:23:51,2026-01-14 11:23:51,-22.800633381448954,-43.208900792780284,-22.800609060473942,-43.208768106563795,3399.6576507467985,2191.824512544581,1207.8331382022177,1035883.4489687397,285.6668691491632,76.64090782043796
0,HBEFA4/PC_petrol_Euro-6ab,Gasoline,2026-01-14 11:23:51,2026-01-14 11:23:51,-22.800609060473942,-43.208768106563795,-22.80058451892055,-43.20863421760399,3399.6715379171824,2191.838399714965,1207.8331382022177,1035888.7506956361,285.66824369933016,76.64131046578021
0,HBEFA4/PC_petrol_Euro-6ab,Gasoline,2026-01-14 11:23:51,2026-01-14 11:24:03,-22.80058451892055,-43.20863421760399,-22.80070354430662,-43.20928333874172,3442.8870363900032,2222.6882429666657,1220.1987934233375,1049854.1550754164,289.60535448721475,77.60782606842344
0,HBEFA4/PC_petrol_Euro-6ab,Gasoline,2026-01-14 11:24:03,2026-01-14 11:24:03,-22.80070354430662,-43.20928333874172,-22.800686788072568,-43.209192161756846,3442.8949019038782,2222.696108480541,1220.1987934233375,1049854.1550754164,289.60535448721475,77.60782606842344
0,HBEFA4/PC_petrol_Euro-6ab,Gasoline,2026-01-14 11:24:03,2026-01-14 11:24:03,-22.800686788072568,-43.209192161756846,-22.80066701755149,-43.209084299934275,3442.9044455827157,2222.7056521593786,1220.1987934233375,1049859.4568361028,289.60693286924175,77.60810517630877
0,HBEFA4/PC_petrol_Euro-6ab,Gasoline,2026-01-14 11:24:03,2026-01-14 11:24:03,-22.80066701755149,-43.209084299934275,-22.80064379870625,-43.20895762566759,3442.9157345781045,2222.7169411547675,1220.1987934233375,1049865.5217520082,289.60862207448247,77.60843458773114
0,HBEFA4/PC_petrol_Euro-6ab,Gasoline,2026-01-14 11:24:03,2026-01-14 11:24:03,-22.80064379870625,-43.20895762566759,-22.80061850731287,-43.2088196449359,3442.9289925196294,2222.7301990962924,1220.1987934233375,1049872.9842609914,289.61055791528474,77.60882245791927
0,HBEFA4/PC_petrol_Euro-6ab,Gasoline,2026-01-14 11:24:03,2026-01-14 11:24:03,-22.80061850731287,-43.2088196449359,-22.80059312216244,-43.20868115339747,3442.943433820744,2222.744640397407,1220.1987934233375,1049878.5932680066,289.61198668887977,77.60924177251499
0,HBEFA4/PC_petrol_Euro-6ab,Gasoline,2026-01-14 11:24:03,2026-01-14 11:24:03,-22.80059312216244,-43.20868115339747,-22.800567345915066,-43.20854081614533,3442.957928590034,2222.7591351666965,1220.1987934233375,1049880.751552142,289.61259191901377,77.60965748530295
0,HBEFA4/PC_petrol_Euro-6ab,Gasoline,2026-01-14 11:24:03,2026-01-14 11:24:06,-22.800567345915066,-43.20854081614533,-22.804904578829955,-43.20518546968941,3456.3478675710826,2232.691126367117,1223.6567412039658,1053733.4095895565,290.68377920271735,77.91069145753993
0,HBEFA4/PC_petrol_Euro-6ab,Gasoline,2026-01-14 11:24:06,2026-01-14 11:24:06,-22.804904578829955,-43.20518546968941,-22.80263355312777,-43.20172610596821,3457.413228513159,2232.992556491035,1224.420672022124,1054047.1869312027,290.75947644111625,77.93539875432681
0,HBEFA4/PC_petrol_Euro-6ab,Gasoline,2026-01-14 11:24:06,2026-01-14 11:24:08,-22.80263355312777,-43.20172610596821,-22.800700094704187,-43.20926466116431,3464.6900864140566,2238.7679778792,1225.9221085348574,1056097.503082668,291.3442263975401,78.09958305110389
0,HBEFA4/PC_petrol_Euro-6ab,Gasoline,2026-01-14 11:24:08,2026-01-14 11:24:09,-22.800700094704187,-43.20926466116431,-22.804910483516288,-43.2051798218368,3471.4011641654874,2244.5367877901945,1226.8643763752932,1057814.774720532,291.82384586927753,78.24434075263011
0,HBEFA4/PC_petrol_Euro-6ab,Gasoline,2026-01-14 11:24:09,2026-01-14 11:24:18,-22.804910483516288,-43.2051798218368,-22.800700648664357,-43.20926766053343,3505.7302351526955,2266.0052186268595,1239.725016525836,1068388.0850068838,294.73642455373954,79.01310488060267
0,HBEFA4/PC_petrol_Euro-6ab,Gasoline,2026-01-14 11:24:18,2026-01-14 11:24:18,-22.800700648664357,-43.20926766053343,-22.800683895148115,-43.20917637883301,3505.7381332827194,2266.013116756884,1239.725016525836,1068388.0850068838,294.73642455373954,79.01310488060267
0,HBEFA4/PC_petrol_Euro-6ab,Gasoline,2026-01-14 11:24:18,2026-01-14 11:24:18,-22.800683895148115,-43.20917637883301,-22.800665025488247,-43.20907343187943,3505.747687449173,2266.0226709233375,1239.725016525836,1068393.3424933595,294.7379892237818,79.01338418567677
0,HBEFA4/PC_petrol_Euro-6ab,Gasoline,2026-01-14 11:24:18,2026-01-14 11:24:18,-22.800665025488247,-43.20907343187943,-22.80064416097297,-43.20895960206937,3505.7584620467533,2266.033445520917,1239.725016525836,1068397.97754301,294.7393129564128,79.01369637841485
0,HBEFA4/PC_petrol_Euro-6ab,Gasoline,2026-01-14 11:24:18,2026-01-14 11:24:18,-22.80064416097297,-43.20895960206937,-22.800620007814462,-43.20882783111276,3505.770375666039,2266.0453591402033,1239.725016525836,1068402.7185903993,294.7406188458711,79.01404111840039
0,HBEFA4/PC_petrol_Euro-6ab,Gasoline,2026-01-14 11:24:18,2026-01-14 11:24:18,-22.800620007814462,-43.20882783111276,-22.80059435732745,-43.20868789196267,3505.7841670411767,2266.059150515341,1239.725016525836,1068410.1577896634,294.7425185864791,79.01444432220298
0,HBEFA4/PC_petrol_Euro-6ab,Gasoline,2026-01-14 11:24:18,2026-01-14 11:24:19,-22.80059435732745,-43.20868789196267,-22.804914735985285,-43.20517575433525,3510.8835623921623,2270.3192961968825,1240.5642661952797,1070020.8111544026,295.20577352564027,79.12810541396873
0,HBEFA4/PC_petrol_Euro-6ab,Gasoline,2026-01-14 11:24:19,2026-01-14 11:24:24,-22.804914735985285,-43.20517575433525,-22.802639682037757,-43.20171197977943,3529.9905719407166,2281.721314669758,1248.2692572709584,1075695.9699308418,296.7636650411229,79.55478102172022
0,HBEFA4/PC_petrol_Euro-6ab,Gasoline,2026-01-14 11:24:24,2026-01-14 11:24:24,-22.802639682037757,-43.20171197977943,-22.802620990511507,-43.20175506084069,3529.994394080537,2281.7251368095785,1248.2692572709584,1075695.9699308418,296.7636650411229,79.55478102172022
0,HBEFA4/PC_petrol_Euro-6ab,Gasoline,2026-01-14 11:24:24,2026-01-14 11:24:24,-22.802620990511507,-43.20175506084069,-22.80260477202778,-43.20181113414062,3529.9992792085022,2281.730021937544,1248.2692572709584,1075699.0313844862,296.76475536672046,79.55492796009091
0,HBEFA4/PC_petrol_Euro-6ab,Gasoline,2026-01-14 11:24:24,2026-01-14 11:24:24,-22.80260477202778,-43.20181113414062,-22.802622821785608,-43.20188239061569,3530.005422818212,2281.736165547254,1248.2692572709584,1075702.633309218,296.76598344786487,79.55511016210421
0,HBEFA4/PC_petrol_Euro-6ab,Gasoline,2026-01-14 11:24:24,2026-01-14 11:24:28,-22.802622821785608,-43.20188239061569,-22.798102092203123,-43.2030990914546,3545.7796852285387,2293.20527054413,1252.5744146844086,1080290.958231667,298.0507989787124,79.89318350457164
0,HBEFA4/PC_petrol_Euro-6ab,Gasoline,2026-01-14 11:24:28,2026-01-14 11:24:29,-22.798102092203123,-43.2030990914546,-22.79829811477665,-43.20458517700655,3550.836880243355,2297.621829312667,1253.215050930688,1081876.201091117,298.52728940016556,80.00491855566487
0,HBEFA4/PC_petrol_Euro-6ab,Gasoline,2026-01-14 11:24:29,2026-01-14 11:24:29,-22.79829811477665,-43.20458517700655,-22.79822012596976,-43.204602050475685,3550.844353628662,2297.6293026979743,1253.215050930688,1081878.4407403271,298.5279941891765,80.0051334195854
0,HBEFA4/PC_petrol_Euro-6ab,Gasoline,2026-01-14 11:24:29,2026-01-14 11:24:39,-22.79822012596976,-43.204602050475685,-22.798076951972234,-43.20315791792387,3593.8486942823447,2325.227513527977,1268.621180754368,1093712.1986257802,301.7307536392619,80.97776631179805
0,HBEFA4/PC_petrol_Euro-6ab,Gasoline,2026-01-14 11:24:39,2026-01-14 11:24:39,-22.798076951972234,-43.20315791792387,-22.797998262885844,-43.203263979223436,3593.862537118027,2325.241356363659,1268.621180754368,1093713.5360260059,301.73116386558354,80.97816147198613
0,HBEFA4/PC_petrol_Euro-6ab,Gasoline,2026-01-14 11:24:39,2026-01-14 11:24:39,-22.797998262885844,-43.203263979223436,-22.797883054728906,-43.20330544356792,3593.8766761775823,2325.2554954232146,1268.621180754368,1093716.3900828103,301.73193953731266,80.97856772122294
0,HBEFA4/PC_petrol_Euro-6ab,Gasoline,2026-01-14 11:24:39,2026-01-14 11:24:39,-22.797883054728906,-43.20330544356792,-22.797759791345925,-43.203262254412195,3593.890518830158,2325.26933807579,1268.621180754368,1093716.3900828103,301.73193953731266,80.97856772122294
0,HBEFA4/PC_petrol_Euro-6ab,Gasoline,2026-01-14 11:24:39,2026-01-14 11:24:39,-22.797759791345925,-43.203262254412195,-22.797646199735013,-43.203192340354846,3593.9051279746077,2325.28394722024,1268.621180754368,1093720.7637302862,301.73306934014437,80.97899012246974
0,HBEFA4/PC_petrol_Euro-6ab,Gasoline,2026-01-14 11:24:39,2026-01-14 11:24:39,-22.797646199735013,-43.203192340354846,-22.79753619236275,-43.2031212721739,3593.919613728261,2325.2984329738933,1268.621180754368,1093722.3787102315,301.7335452358672,80.97940475354767
0,HBEFA4/PC_petrol_Euro-6ab,Gasoline,2026-01-14 11:24:39,2026-01-14 11:24:41,-22.79753619236275,-43.2031212721739,-22.800699633830764,-43.209262165805505,3605.2553425480355,2334.6847590456127,1270.5705835024232,1096837.789026718,302.6244692343224,81.22630732025637
0,HBEFA4/PC_petrol_Euro-6ab,Gasoline,2026-01-14 11:24:41,2026-01-14 11:24:42,-22.800699633830764,-43.209262165805505,-22.802640366256707,-43.20171040276043,3609.0915733673305,2336.0607782651145,1273.0307951022166,1097924.6997718283,302.8934730397538,81.31785427968744
0,HBEFA4/PC_petrol_Euro-6ab,Gasoline,2026-01-14 11:24:42,2026-01-14 11:24:43,-22.802640366256707,-43.20171040276043,-22.804901254789318,-43.20518864914531,3613.068619706953,2337.522261484154,1275.5463582227992,1098921.2654455653,303.13964896798956,81.40959040867372
0,HBEFA4/PC_petrol_Euro-6ab,Gasoline,2026-01-14 11:24:43,2026-01-14 11:24:50,-22.804901254789318,-43.20518864914531,-22.804912649824246,-43.20517774975566,3644.6913755827736,2356.739406880667,1287.951968702107,1108894.8617794013,305.909582402708,82.11166024871102
0,HBEFA4/PC_petrol_Euro-6ab,Gasoline,2026-01-14 11:24:50,2026-01-14 11:24:50,-22.804912649824246,-43.20517774975566,-22.804882177103305,-43.20520689701084,3644.6946133513875,2356.742644649281,1287.951968702107,1108896.585716967,305.91015314636877,82.1117588981502
0,HBEFA4/PC_petrol_Euro-6ab,Gasoline,2026-01-14 11:24:50,2026-01-14 11:24:50,-22.804882177103305,-43.20520689701084,-22.804838620097378,-43.20524855939339,3644.699123910479,2356.7471552083725,1287.951968702107,1108899.8772070794,305.9113592827125,82.11189663108694
0,HBEFA4/PC_petrol_Euro-6ab,Gasoline,2026-01-14 11:24:50,2026-01-14 11:24:50,-22.804838620097378,-43.20524855939339,-22.804782643319314,-43.20530210126107,3644.705571198215,2356.753602496108,1287.951968702107,1108904.6755063531,305.9129984172845,82.11209026257637
0,HBEFA4/PC_petrol_Euro-6ab,Gasoline,2026-01-14 11:24:50,2026-01-14 11:24:52,-22.804782643319314,-43.20530210126107,-22.80263825039121,-43.2017152795035,3654.909676955845,2361.8343943698014,1293.0752825860438,1111948.81409596,306.72376669123156,82.33862843606983
0,HBEFA4/PC_petrol_Euro-6ab,Gasoline,2026-01-14 11:24:52,2026-01-14 11:24:52,-22.80263825039121,-43.2017152795035,-22.802615642852228,-43.20176738635637,3654.9138782489376,2361.8385956628936,1293.0752825860438,1111948.81409596,306.72376669123156,82.33862843606983
0,HBEFA4/PC_petrol_Euro-6ab,Gasoline,2026-01-14 11:24:52,2026-01-14 11:25:01,-22.802615642852228,-43.20176738635637,-22.79727951890964,-43.20393494678908,3701.4622695252447,2394.7349734291283,1306.7272960961166,1125837.5063828437,310.54711978292255,83.37385886818579
0,HBEFA4/PC_petrol_Euro-6ab,Gasoline,2026-01-14 11:25:01,2026-01-14 11:25:01,-22.79727951890964,-43.20393494678908,-22.797155456651428,-43.20395789055669,3701.4760682265583,2394.748772130442,1306.7272960961166,1125837.5063828437,310.54711978292255,83.37385886818579
0,HBEFA4/PC_petrol_Euro-6ab,Gasoline,2026-01-14 11:25:01,2026-01-14 11:25:01,-22.797155456651428,-43.20395789055669,-22.797036269025597,-43.203927949308245,3701.490009096489,2394.7627130003725,1306.7272960961166,1125839.8777967105,310.5477809985806,83.37425853128393
0,HBEFA4/PC_petrol_Euro-6ab,Gasoline,2026-01-14 11:25:01,2026-01-14 11:25:01,-22.797036269025597,-43.203927949308245,-22.797021452357427,-43.20379530112236,3701.504366839935,2394.777070743819,1306.7272960961166,1125843.1289514888,310.5486487161006,83.37467183489854
0,HBEFA4/PC_petrol_Euro-6ab,Gasoline,2026-01-14 11:25:01,2026-01-14 11:25:02,-22.797021452357427,-43.20379530112236,-22.798310785435557,-43.20458243561133,3701.8044920027405,2395.077195906624,1306.7272960961166,1125928.8088556973,310.5746805820823,83.38116819926039
0,HBEFA4/PC_petrol_Euro-6ab,Gasoline,2026-01-14 11:25:02,2026-01-14 11:25:02,-22.798310785435557,-43.20458243561133,-22.79822226795583,-43.20460158704108,3701.812932439728,2395.0856363436114,1306.7272960961166,1125933.6396850313,310.5761844933722,83.38141586109812
0,HBEFA4/PC_petrol_Euro-6ab,Gasoline,2026-01-14 11:25:02,2026-01-14 11:25:02,-22.79822226795583,-43.20460158704108,-22.79812366281127,-43.204615969800486,3701.8229307542074,2395.095634658091,1306.7272960961166,1125938.8237180854,310.57770178995173,83.3817073631579
0,HBEFA4/PC_petrol_Euro-6ab,Gasoline,2026-01-14 11:25:02,2026-01-14 11:25:15,-22.79812366281127,-43.204615969800486,-22.800700199122993,-43.20926522653079,3758.530900817431,2440.0464042034896,1318.484496613942,1143396.1887001896,315.53881449189197,84.62583975257716
0,HBEFA4/PC_petrol_Euro-6ab,Gasoline,2026-01-14 11:25:15,2026-01-14 11:25:15,-22.800700199122993,-43.20926522653079,-22.800682024405244,-43.20916617262864,3758.5395381026456,2440.055041488704,1318.484496613942,1143401.112833378,315.5403351119963,84.62609302878258
0,HBEFA4/PC_petrol_Euro-6ab,Gasoline,2026-01-14 11:25:15,2026-01-14 11:25:15,-22.800682024405244,-43.20916617262864,-22.800660687521365,-43.209049765345554,3758.5499056471167,2440.065409033175,1318.484496613942,1143406.8097958337,315.54197730988363,84.62639586923947
0,HBEFA4/PC_petrol_Euro-6ab,Gasoline,2026-01-14 11:25:15,2026-01-14 11:25:15,-22.800660687521365,-43.209049765345554,-22.80063606125236,-43.20891541283271,3758.5620890255805,2440.0775924116388,1318.484496613942,1143413.3982391898,315.54375349697307,84.62675155541278
0,HBEFA4/PC_petrol_Euro-6ab,Gasoline,2026-01-14 11:25:15,2026-01-14 11:25:15,-22.80063606125236,-43.20891541283271,-22.800611155663997,-43.208779537118126,3758.5761505869314,2440.0916539729897,1318.484496613942,1143420.9596449377,315.54566816063624,84.62716277090185
0,HBEFA4/PC_petrol_Euro-6ab,Gasoline,2026-01-14 11:25:15,2026-01-14 11:25:15,-22.800611155663997,-43.208779537118126,-22.800586955565873,-43.20864751094305,3758.590371575159,2440.1058749612175,1318.484496613942,1143423.4126130638,315.5463463085022,84.62757082506994
0,HBEFA4/PC_petrol_Euro-6ab,Gasoline,2026-01-14 11:25:15,2026-01-14 11:25:15,-22.800586955565873,-43.20864751094305,-22.800561133031856,-43.208509460588935,3758.604189669681,2440.11969305574,1318.484496613942,1143423.4126130638,315.5463463085022,84.62757082506994
0,HBEFA4/PC_petrol_Euro-6ab,Gasoline,2026-01-14 11:25:15,2026-01-14 11:25:15,-22.800561133031856,-43.208509460588935,-22.8005336334507,-43.20837067443509,3758.618649831831,2440.1341532178894,1318.484496613942,1143427.3701172727,315.54738071004016,84.62798821303178
0,HBEFA4/PC_petrol_Euro-6ab,Gasoline,2026-01-14 11:25:15,2026-01-14 11:25:16,-22.8005336334507,-43.20837067443509,-22.80069957908257,-43.209261869376235,3764.5132486422754,2442.6776522538416,1321.8355963884344,1145274.7572422756,316.03638340485026,84.76271908455253
0,HBEFA4/PC_petrol_Euro-6ab,Gasoline,2026-01-14 11:25:16,2026-01-14 11:25:31,-22.80069957908257,-43.209261869376235,-22.80069575435665,-43.20924107915778,3829.2314822944077,2489.6485469705503,1339.5829353238576,1166055.248096333,321.88363965803126,86.21187717413707
0,HBEFA4/PC_petrol_Euro-6ab,Gasoline,2026-01-14 11:25:31,2026-01-14 11:25:31,-22.80069575435665,-43.20924107915778,-22.800678240755815,-43.209145530199265,3829.239715808413,2489.656780484556,1339.5829353238576,1166057.792011106,321.8844289976105,86.21211381926986
0,HBEFA4/PC_petrol_Euro-6ab,Gasoline,2026-01-14 11:25:31,2026-01-14 11:25:31,-22.800678240755815,-43.209145530199265,-22.8006582751505,-43.20903660424495,3829.2497161175183,2489.6667807936615,1339.5829353238576,1166063.4428827108,321.8860807442895,86.21240632992371
0,HBEFA4/PC_petrol_Euro-6ab,Gasoline,2026-01-14 11:25:31,2026-01-14 11:25:31,-22.8006582751505,-43.20903660424495,-22.80063501865343,-43.20890972478356,3829.2611164883624,2489.678181164505,1339.5829353238576,1166068.693785377,321.8875443425464,86.21273738379607
0,HBEFA4/PC_petrol_Euro-6ab,Gasoline,2026-01-14 11:25:31,2026-01-14 11:25:31,-22.80063501865343,-43.20890972478356,-22.800609987401753,-43.20877316352626,3829.274395907893,2489.6914605840357,1339.5829353238576,1166075.9116827445,321.889418052172,86.21312547442238
0,HBEFA4/PC_petrol_Euro-6ab,Gasoline,2026-01-14 11:25:31,2026-01-14 11:25:31,-22.800609987401753,-43.20877316352626,-22.80058529261203,-43.2086384385472,3829.28868864648,2489.7057533226225,1339.5829353238576,1166080.9585786327,321.8907174251152,86.21353958544236
0,HBEFA4/PC_petrol_Euro-6ab,Gasoline,2026-01-14 11:25:31,2026-01-14 11:25:31,-22.80058529261203,-43.2086384385472,-22.80056038123874,-43.20850566639605,3829.3027892029722,2489.719853879115,1339.5829353238576,1166082.3470055887,321.8911398189943,86.21394244813456
0,HBEFA4/PC_petrol_Euro-6ab,Gasoline,2026-01-14 11:25:31,2026-01-14 11:25:31,-22.80056038123874,-43.20850566639605,-22.800532994457484,-43.208367449542465,3829.316698195743,2489.7337628718856,1339.5829353238576,1166083.7299058575,321.8915610696416,86.21433963439694
0,HBEFA4/PC_petrol_Euro-6ab,Gasoline,2026-01-14 11:25:31,2026-01-14 11:25:31,-22.800532994457484,-43.208367449542465,-22.800505644128062,-43.20822941730587,3829.3312100099306,2489.7482746860733,1339.5829353238576,1166087.5776742932,321.8925682087259,86.21475838089118
0,HBEFA4/PC_petrol_Euro-6ab,Gasoline,2026-01-14 11:25:31,2026-01-14 11:25:31,-22.800505644128062,-43.20822941730587,-22.800479348431278,-43.208096708224815,3829.3457024472923,2489.762767123435,1339.5829353238576,1166089.5122091197,321.8931201767327,86.21517368928892
0,HBEFA4/PC_petrol_Euro-6ab,Gasoline,2026-01-14 11:25:31,2026-01-14 11:25:31,-22.800479348431278,-43.208096708224815,-22.800452013590192,-43.20795875542863,3829.359635996159,2489.7767006723016,1339.5829353238576,1166089.5122091197,321.8931201767327,86.21517368928892
0,HBEFA4/PC_petrol_Euro-6ab,Gasoline,2026-01-14 11:25:31,2026-01-14 11:25:33,-22.800452013590192,-43.20795875542863,-22.79790302322128,-43.20464292864108,3845.661483779934,2497.063463268056,1348.5980205118785,1170354.091786286,322.9862330579437,86.59974204521006
0,HBEFA4/PC_petrol_Euro-6ab,Gasoline,2026-01-14 11:25:33,2026-01-14 11:25:33,-22.79790302322128,-43.20464292864108,-22.79782283788688,-43.20465057377023,3845.6689256595537,2497.0709051476756,1348.5980205118785,1170354.091786286,322.9862330579437,86.59974204521006
0,HBEFA4/PC_petrol_Euro-6ab,Gasoline,2026-01-14 11:25:33,2026-01-14 11:25:33,-22.79782283788688,-43.20465057377023,-22.79773325553417,-43.20464664321998,3845.6778545616544,2497.0798340497763,1348.5980205118785,1170358.8031224317,322.9876706096352,86.6000028736807
0,HBEFA4/PC_petrol_Euro-6ab,Gasoline,2026-01-14 11:25:33,2026-01-14 11:25:37,-22.79773325553417,-43.20464664321998,-22.80263978347211,-43.20171174598893,3864.9933103089743,2507.5502015647344,1357.4431087442401,1176132.1651190268,324.54447411967476,87.04321330108709
0,HBEFA4/PC_petrol_Euro-6ab,Gasoline,2026-01-14 11:25:37,2026-01-14 11:25:37,-22.80263978347211,-43.20171174598893,-22.80261911465563,-43.20175938439458,3864.997487570066,2507.554378825826,1357.4431087442401,1176132.1651190268,324.54447411967476,87.04321330108709
0,HBEFA4/PC_petrol_Euro-6ab,Gasoline,2026-01-14 11:25:37,2026-01-14 11:25:39,-22.80261911465563,-43.20175938439458,-22.802639540414592,-43.20171230619896,3872.5688979741667,2513.3781975125003,1359.1907004616664,1178103.8312440095,325.09197123060704,87.2103747154046
0,HBEFA4/PC_petrol_Euro-6ab,Gasoline,2026-01-14 11:25:39,2026-01-14 11:25:42,-22.802639540414592,-43.20171230619896,-22.80069959864193,-43.209261975278636,3886.193034864224,2524.169079176006,1362.0239556882184,1182397.2339721343,326.34471745093515,87.50923232556647
0,HBEFA4/PC_petrol_Euro-6ab,Gasoline,2026-01-14 11:25:42,2026-01-14 11:25:42,-22.80069959864193,-43.209261975278636,-22.800682807854898,-43.20917044689131,3886.2011084818737,2524.1771527936558,1362.0239556882184,1182398.8674972905,326.34521761936657,87.50946237615126
0,HBEFA4/PC_petrol_Euro-6ab,Gasoline,2026-01-14 11:25:42,2026-01-14 11:25:43,-22.800682807854898,-43.20917044689131,-22.8006994648008,-43.20926125060765,3889.352780382597,2527.1125417594626,1362.2402386231345,1183456.2253279113,326.66160007746817,87.57766051043026
0,HBEFA4/PC_petrol_Euro-6ab,Gasoline,2026-01-14 11:25:43,2026-01-14 11:25:46,-22.8006994648008,-43.20926125060765,-22.800702403594254,-43.209277162450775,3902.8660509692504,2535.927885987434,1366.9381649818167,1187257.2334491587,327.6877831713138,87.8836446966028
0,HBEFA4/PC_petrol_Euro-6ab,Gasoline,2026-01-14 11:25:46,2026-01-14 11:25:46,-22.800702403594254,-43.209277162450775,-22.80068440982872,-43.20917918677458,3902.8745885104086,2535.936423528592,1366.9381649818167,1187260.0039350577,327.68863703168677,87.88389031578886
0,HBEFA4/PC_petrol_Euro-6ab,Gasoline,2026-01-14 11:25:46,2026-01-14 11:25:46,-22.80068440982872,-43.20917918677458,-22.798301472545887,-43.204584450527214,3905.912888413981,2538.09210186632,1367.8207865476616,1188175.8339595476,327.9515539995863,87.95079215887996
0,HBEFA4/PC_petrol_Euro-6ab,Gasoline,2026-01-14 11:25:46,2026-01-14 11:25:49,-22.798301472545887,-43.204584450527214,-22.797905509027974,-43.204642625117295,3920.001722709345,2546.066392665778,1373.935330043567,1192202.4834786842,329.0332096574068,88.26808893747616
0,HBEFA4/PC_petrol_Euro-6ab,Gasoline,2026-01-14 11:25:49,2026-01-14 11:25:49,-22.797905509027974,-43.204642625117295,-22.797814933537587,-43.20465022695589,3920.0099086099563,2546.074578566389,1373.935330043567,1192205.0583614314,329.034009892401,88.26832433345119
0,HBEFA4/PC_petrol_Euro-6ab,Gasoline,2026-01-14 11:25:49,2026-01-14 11:25:49,-22.797814933537587,-43.20465022695589,-22.79770882109479,-43.20464557112513,3920.019990654278,2546.084660610711,1373.935330043567,1192211.0283982535,329.0357481223669,88.26861976634656
0,HBEFA4/PC_petrol_Euro-6ab,Gasoline,2026-01-14 11:25:49,2026-01-14 11:25:56,-22.79770882109479,-43.20464557112513,-22.800700359333653,-43.20926609397747,3951.9149071961106,2566.685727693204,1385.2291795029066,1201986.5719001184,331.74141351085933,88.99336359617133
0,HBEFA4/PC_petrol_Euro-6ab,Gasoline,2026-01-14 11:25:56,2026-01-14 11:25:56,-22.800700359333653,-43.20926609397747,-22.80068265352541,-43.209169604916596,3951.923167288106,2566.6939877851996,1385.2291795029066,1201988.3710186991,331.74196562038986,88.99359924027972
0,HBEFA4/PC_petrol_Euro-6ab,Gasoline,2026-01-14 11:25:56,2026-01-14 11:25:56,-22.80068265352541,-43.209169604916596,-22.800663008522157,-43.20906242796711,3951.9332664182216,2566.704086915315,1385.2291795029066,1201994.2190505457,331.7436677177248,88.99389490091575
0,HBEFA4/PC_petrol_Euro-6ab,Gasoline,2026-01-14 11:25:56,2026-01-14 11:25:56,-22.800663008522157,-43.20906242796711,-22.80064036632021,-43.208938899765116,3951.944483734448,2566.7153042315417,1385.2291795029066,1201998.7243992854,331.744937660166,88.99421937873753
0,HBEFA4/PC_petrol_Euro-6ab,Gasoline,2026-01-14 11:25:56,2026-01-14 11:25:56,-22.80064036632021,-43.208938899765116,-22.800615781044662,-43.208804771440086,3951.9574124043793,2566.728232901473,1385.2291795029066,1202005.3281374178,331.74667664841445,88.99459638620412
0,HBEFA4/PC_petrol_Euro-6ab,Gasoline,2026-01-14 11:25:56,2026-01-14 11:26:03,-22.800615781044662,-43.208804771440086,-22.800700227327265,-43.20926537924038,3980.933974401488,2584.859087222244,1396.0748871792441,1211084.2075683211,334.2438287203189,89.63912334653597
0,HBEFA4/PC_petrol_Euro-6ab,Gasoline,2026-01-14 11:26:03,2026-01-14 11:26:03,-22.800700227327265,-43.20926537924038,-22.800682502047238,-43.20916877849775,3980.9423021151797,2584.867414935936,1396.0748871792441,1211086.9967972864,334.24469371583893,89.63936317868567
0,HBEFA4/PC_petrol_Euro-6ab,Gasoline,2026-01-14 11:26:03,2026-01-14 11:26:03,-22.800682502047238,-43.20916877849775,-22.80066158410479,-43.20905465681089,3980.95241291257,2584.877525733326,1396.0748871792441,1211092.7231612476,334.2463601836206,89.6396589176044
0,HBEFA4/PC_petrol_Euro-6ab,Gasoline,2026-01-14 11:26:03,2026-01-14 11:26:03,-22.80066158410479,-43.20905465681089,-22.800638049119225,-43.20892625793099,3980.964357076619,2584.889469897375,1396.0748871792441,1211099.261587106,334.2481372433707,89.64000772038055
0,HBEFA4/PC_petrol_Euro-6ab,Gasoline,2026-01-14 11:26:03,2026-01-14 11:26:03,-22.800638049119225,-43.20892625793099,-22.800702080732723,-43.209275414344425,3984.7717052294765,2588.2841194105295,1396.4875858189475,1212035.8634642458,334.51155501758075,89.72372457538337
0,HBEFA4/PC_petrol_Euro-6ab,Gasoline,2026-01-14 11:26:03,2026-01-14 11:26:05,-22.800702080732723,-43.209275414344425,-22.802639220675644,-43.20171304314784,3994.162194091868,2592.326106720648,1401.8360873712202,1214960.6691164402,335.2752045896586,89.93993822305322
0,HBEFA4/PC_petrol_Euro-6ab,Gasoline,2026-01-14 11:26:05,2026-01-14 11:26:11,-22.802639220675644,-43.20171304314784,-22.80490571949519,-43.20518437863928,4020.220079655393,2609.3828609508155,1410.8372187045777,1223023.9885313553,337.48920572951573,90.51058134679256
0,HBEFA4/PC_petrol_Euro-6ab,Gasoline,2026-01-14 11:26:11,2026-01-14 11:26:11,-22.80490571949519,-43.20518437863928,-22.804868786030024,-43.20521970560929,4020.223769175739,2609.3865504711616,1410.8372187045777,1223026.2422597988,337.490006481945,90.51069387087583
0,HBEFA4/PC_petrol_Euro-6ab,Gasoline,2026-01-14 11:26:11,2026-01-14 11:26:11,-22.804868786030024,-43.20521970560929,-22.804824486304465,-43.205262078392444,4020.2292360510473,2609.39201734647,1410.8372187045777,1223030.4962697292,337.4915261057383,90.51085987945476
0,HBEFA4/PC_petrol_Euro-6ab,Gasoline,2026-01-14 11:26:11,2026-01-14 11:26:11,-22.804824486304465,-43.205262078392444,-22.804773157682696,-43.205311174279565,4020.2357932751866,2609.3985745706086,1410.8372187045777,1223033.9037936016,337.4926623049427,90.5110527105779
0,HBEFA4/PC_petrol_Euro-6ab,Gasoline,2026-01-14 11:26:11,2026-01-14 11:26:11,-22.804773157682696,-43.205311174279565,-22.804709659006406,-43.205371910763255,4020.243390910718,2609.4061722061406,1410.8372187045777,1223037.425879227,337.49378963616766,90.51127416692255
0,HBEFA4/PC_petrol_Euro-6ab,Gasoline,2026-01-14 11:26:11,2026-01-14 11:26:15,-22.804709659006406,-43.205371910763255,-22.8049073401188,-43.20518282850731,4036.4921192318097,2621.1965009641312,1415.295618267679,1227816.3340334368,338.8279015641762,90.86311291817132
0,HBEFA4/PC_petrol_Euro-6ab,Gasoline,2026-01-14 11:26:15,2026-01-14 11:26:15,-22.8049073401188,-43.20518282850731,-22.804873014389052,-43.20521566117264,4036.495439291709,2621.19982102403,1415.295618267679,1227817.7577793284,338.8283331057547,90.86321266618025
0,HBEFA4/PC_petrol_Euro-6ab,Gasoline,2026-01-14 11:26:15,2026-01-14 11:26:18,-22.804873014389052,-43.20521566117264,-22.797900457474952,-43.204643241925694,4052.0074098657547,2633.733701647568,1418.2737082181868,1232456.1945473508,340.1322560186757,91.20423395371964
0,HBEFA4/PC_petrol_Euro-6ab,Gasoline,2026-01-14 11:26:18,2026-01-14 11:26:18,-22.797900457474952,-43.204643241925694,-22.797812320711625,-43.20465011231451,4052.0154116185977,2633.741703400411,1418.2737082181868,1232458.2038203639,340.13287775144704,91.20446289603154
0,HBEFA4/PC_petrol_Euro-6ab,Gasoline,2026-01-14 11:26:18,2026-01-14 11:26:21,-22.797812320711625,-43.20465011231451,-22.80491005834635,-43.20518022851331,4063.3495294574805,2641.623712584922,1421.7258168725589,1236425.9443022301,341.27651825872863,91.46488117229565
0,HBEFA4/PC_petrol_Euro-6ab,Gasoline,2026-01-14 11:26:21,2026-01-14 11:26:21,-22.80491005834635,-43.20518022851331,-22.804879432211518,-43.20520952250771,4063.352406940791,2641.6265900682324,1421.7258168725589,1236425.9443022301,341.27651825872863,91.46488117229565
0,HBEFA4/PC_petrol_Euro-6ab,Gasoline,2026-01-14 11:26:21,2026-01-14 11:26:35,-22.804879432211518,-43.20520952250771,-22.80264364645844,-43.201702842401176,4130.427238754645,2683.324744052678,1447.1024947019673,1256534.8503231741,346.77528929972584,92.9778458406398
0,HBEFA4/PC_petrol_Euro-6ab,Gasoline,2026-01-14 11:26:35,2026-01-14 11:26:35,-22.80264364645844,-43.201702842401176,-22.802624979769593,-43.20174586622451,4130.4309279579675,2683.3284332560006,1447.1024947019673,1256534.8503231741,346.77528929972584,92.9778458406398
0,HBEFA4/PC_petrol_Euro-6ab,Gasoline,2026-01-14 11:26:35,2026-01-14 11:26:35,-22.802624979769593,-43.20174586622451,-22.802605177805766,-43.20179868244845,4130.435806595239,2683.333311893272,1447.1024947019673,1256538.093650068,346.77645319232175,92.97799317395408
0,HBEFA4/PC_petrol_Euro-6ab,Gasoline,2026-01-14 11:26:35,2026-01-14 11:26:35,-22.802605177805766,-43.20179868244845,-22.80261532318678,-43.20186579132636,4130.441713187514,2683.339218485547,1447.1024947019673,1256541.2791061741,346.7775401583484,92.97816782622166
0,HBEFA4/PC_petrol_Euro-6ab,Gasoline,2026-01-14 11:26:35,2026-01-14 11:26:35,-22.80261532318678,-43.20186579132636,-22.802971082762415,-43.20203569079131,4130.479708067953,2683.377213365986,1447.1024947019673,1256561.062259037,346.78340122746994,92.9792773479483
0,HBEFA4/PC_petrol_Euro-6ab,Gasoline,2026-01-14 11:26:35,2026-01-14 11:26:35,-22.802971082762415,-43.20203569079131,-22.80308767110558,-43.20208522119957,4130.493072991228,2683.3905782892607,1447.1024947019673,1256567.2303392037,346.7850097609941,92.97966620634746
0,HBEFA4/PC_petrol_Euro-6ab,Gasoline,2026-01-14 11:26:35,2026-01-14 11:26:35,-22.80308767110558,-43.20208522119957,-22.803204546153097,-43.2021348734922,4130.506950008943,2683.4044553069757,1447.1024947019673,1256570.6848249,346.7859351533893,92.98006567645642
0,HBEFA4/PC_petrol_Euro-6ab,Gasoline,2026-01-14 11:26:35,2026-01-14 11:26:35,-22.803204546153097,-43.2021348734922,-22.80332643547985,-43.20218691683818,4130.520861153253,2683.4183664512852,1447.1024947019673,1256572.7341539718,346.7865183742413,92.98046396275804
0,HBEFA4/PC_petrol_Euro-6ab,Gasoline,2026-01-14 11:26:35,2026-01-14 11:26:35,-22.80332643547985,-43.20218691683818,-22.80344490181435,-43.202237500197725,4130.535378959789,2683.432884257822,1447.1024947019673,1256576.5949417707,346.7875284832441,92.98088290550321
0,HBEFA4/PC_petrol_Euro-6ab,Gasoline,2026-01-14 11:26:35,2026-01-14 11:26:35,-22.80344490181435,-43.202237500197725,-22.803563555037037,-43.20227699435211,4130.549489121908,2683.446994419941,1447.1024947019673,1256576.5949417707,346.7875284832441,92.98088290550321
0,HBEFA4/PC_petrol_Euro-6ab,Gasoline,2026-01-14 11:26:35,2026-01-14 11:26:35,-22.803563555037037,-43.20227699435211,-22.803688645166385,-43.20226478552757,4130.563319739763,2683.4608250377955,1447.1024947019673,1256576.5949417707,346.7875284832441,92.98088290550321
0,HBEFA4/PC_petrol_Euro-6ab,Gasoline,2026-01-14 11:26:35,2026-01-14 11:26:35,-22.803688645166385,-43.20226478552757,-22.803785674798444,-43.2021836922211,4130.577508194723,2683.4750134927563,1447.1024947019673,1256579.6410719294,346.7883497060655,92.98129090476765
0,HBEFA4/PC_petrol_Euro-6ab,Gasoline,2026-01-14 11:26:35,2026-01-14 11:26:37,-22.803785674798444,-43.2021836922211,-22.804911950140944,-43.20517841900521,4140.624816178669,2690.916797183648,1449.7080189950207,1259718.2688824546,347.6741821280324,93.19895517533128
0,HBEFA4/PC_petrol_Euro-6ab,Gasoline,2026-01-14 11:26:37,2026-01-14 11:26:37,-22.804911950140944,-43.20517841900521,-22.804884082842705,-43.20520507416557,4140.627726918128,2690.9197079231076,1449.7080189950207,1259718.2688824546,347.6741821280324,93.19895517533128
0,HBEFA4/PC_petrol_Euro-6ab,Gasoline,2026-01-14 11:26:37,2026-01-14 11:26:40,-22.804884082842705,-43.20520507416557,-22.80070094368871,-43.20926925791723,4153.010164357674,2701.1494305157426,1451.8607338419313,1263550.881443592,348.7498756072909,93.46787326876255
0,HBEFA4/PC_petrol_Euro-6ab,Gasoline,2026-01-14 11:26:40,2026-01-14 11:26:40,-22.80070094368871,-43.20926925791723,-22.80068419879391,-43.20917803543253,4153.018626049717,2701.1578922077856,1451.8607338419313,1263555.5017025084,348.7513120668633,93.4681210294682
0,HBEFA4/PC_petrol_Euro-6ab,Gasoline,2026-01-14 11:26:40,2026-01-14 11:26:41,-22.80068419879391,-43.20917803543253,-22.800702746590336,-43.20927901957399,4156.442289446305,2703.6702595466554,1452.77202989965,1264502.3724750485,349.01513010225705,93.54293980551091
0,HBEFA4/PC_petrol_Euro-6ab,Gasoline,2026-01-14 11:26:41,2026-01-14 11:26:55,-22.800702746590336,-43.20927901957399,-22.80263729948843,-43.20171747118734,4222.439593376336,2749.7172748233206,1472.7223185530163,1283756.3613881133,354.38020368418614,95.0137911391374
0,HBEFA4/PC_petrol_Euro-6ab,Gasoline,2026-01-14 11:26:55,2026-01-14 11:26:55,-22.80263729948843,-43.20171747118734,-22.802613564586995,-43.2017721764308,4222.444066772314,2749.7217482192978,1472.7223185530163,1283756.3613881133,354.38020368418614,95.0137911391374
0,HBEFA4/PC_petrol_Euro-6ab,Gasoline,2026-01-14 11:26:55,2026-01-14 11:26:55,-22.802613564586995,-43.2017721764308,-22.802605517758494,-43.20184408552738,4222.450270011626,2749.7279514586103,1472.7223185530163,1283760.745537273,354.3817131164729,95.01397711389461
0,HBEFA4/PC_petrol_Euro-6ab,Gasoline,2026-01-14 11:26:55,2026-01-14 11:26:55,-22.802605517758494,-43.20184408552738,-22.802655371947186,-43.20191041881099,4222.457902280337,2749.735583727321,1472.7223185530163,1283764.9919728658,354.38307825017,95.01420129853487
0,HBEFA4/PC_petrol_Euro-6ab,Gasoline,2026-01-14 11:26:55,2026-01-14 11:26:55,-22.802655371947186,-43.20191041881099,-22.802951044766136,-43.20202717802637,4222.4890706035085,2749.7667520504924,1472.7223185530163,1283780.4156632028,354.3874987877462,95.0151086288482
0,HBEFA4/PC_petrol_Euro-6ab,Gasoline,2026-01-14 11:26:55,2026-01-14 11:26:55,-22.802951044766136,-43.20202717802637,-22.80307450135594,-43.20207962627007,4222.502167953362,2749.7798494003455,1472.7223185530163,1283785.3497523132,354.3888105644737,95.01548774300572
0,HBEFA4/PC_petrol_Euro-6ab,Gasoline,2026-01-14 11:26:55,2026-01-14 11:26:55,-22.80307450135594,-43.20207962627007,-22.80319697623303,-43.20213165754329,4222.516862469236,2749.7945439162204,1472.7223185530163,1283792.3267269144,354.3905538924957,95.0159165130817
0,HBEFA4/PC_petrol_Euro-6ab,Gasoline,2026-01-14 11:26:55,2026-01-14 11:26:55,-22.80319697623303,-43.20213165754329,-22.8033124265793,-43.2021809352521,4222.531440137529,2749.809121584513,1472.7223185530163,1283793.9670406228,354.3910355139374,95.01633391335825
0,HBEFA4/PC_petrol_Euro-6ab,Gasoline,2026-01-14 11:26:55,2026-01-14 11:26:55,-22.8033124265793,-43.2021809352521,-22.803429832224168,-43.202231065702485,4222.545190402663,2749.822871849647,1472.7223185530163,1283793.9670406228,354.3910355139374,95.01633391335825
0,HBEFA4/PC_petrol_Euro-6ab,Gasoline,2026-01-14 11:26:55,2026-01-14 11:26:55,-22.803429832224168,-43.202231065702485,-22.803548149174265,-43.20227444465203,4222.559174229114,2749.8368556760984,1472.7223185530163,1283796.6140888124,354.39176313306996,95.01673526932086
0,HBEFA4/PC_petrol_Euro-6ab,Gasoline,2026-01-14 11:26:55,2026-01-14 11:27:06,-22.803548149174265,-43.20227444465203,-22.80069950539493,-43.20926147040095,4268.636375005072,2778.935369776078,1489.7010052289943,1297361.8464679243,358.12137321336144,96.06598563067692
0,HBEFA4/PC_petrol_Euro-6ab,Gasoline,2026-01-14 11:27:06,2026-01-14 11:27:06,-22.80069950539493,-43.20926147040095,-22.800682052909284,-43.209166328138004,4268.644781338334,2778.94377610934,1489.7010052289943,1297363.7151801551,358.1219462632108,96.06622552102515
0,HBEFA4/PC_petrol_Euro-6ab,Gasoline,2026-01-14 11:27:06,2026-01-14 11:27:06,-22.800682052909284,-43.209166328138004,-22.80066124740377,-43.20905281988038,4268.654739371169,2778.9537341421756,1489.7010052289943,1297368.8728054955,358.1234581974765,96.06651584598119
0,HBEFA4/PC_petrol_Euro-6ab,Gasoline,2026-01-14 11:27:06,2026-01-14 11:27:06,-22.80066124740377,-43.20905281988038,-22.80063841848614,-43.208928273066675,4268.666619332783,2778.965614103789,1489.7010052289943,1297375.6128157584,358.12529218019205,96.06686318747644
0,HBEFA4/PC_petrol_Euro-6ab,Gasoline,2026-01-14 11:27:06,2026-01-14 11:27:06,-22.80063841848614,-43.208928273066675,-22.8006131555858,-43.208790447929864,4268.679654612745,2778.9786493837514,1489.7010052289943,1297380.7119773098,358.12664762397895,96.06724077786858
0,HBEFA4/PC_petrol_Euro-6ab,Gasoline,2026-01-14 11:27:06,2026-01-14 11:27:06,-22.8006131555858,-43.208790447929864,-22.800588453009734,-43.208655680386734,4268.694079630351,2778.993074401357,1489.7010052289943,1297386.9462969135,358.1282262289729,96.0676605561727
0,HBEFA4/PC_petrol_Euro-6ab,Gasoline,2026-01-14 11:27:06,2026-01-14 11:27:06,-22.800588453009734,-43.208655680386734,-22.800563167385622,-43.208519727685385,4268.708184640912,2779.0071794119185,1489.7010052289943,1297386.9462969135,358.1282262289729,96.0676605561727
0,HBEFA4/PC_petrol_Euro-6ab,Gasoline,2026-01-14 11:27:06,2026-01-14 11:27:14,-22.800563167385622,-43.208519727685385,-22.800693289095555,-43.20922762941177,4303.361400719173,2804.290356723585,1499.0710439955878,1307793.6430517256,361.02746693875423,96.83517174828918
0,HBEFA4/PC_petrol_Euro-6ab,Gasoline,2026-01-14 11:27:14,2026-01-14 11:27:14,-22.800693289095555,-43.20922762941177,-22.800675659642103,-43.20913144844436,4303.36984348042,2804.2987994848327,1499.0710439955878,1307796.5442466217,361.0283642125069,96.83541503296765
0,HBEFA4/PC_petrol_Euro-6ab,Gasoline,2026-01-14 11:27:14,2026-01-14 11:27:14,-22.800675659642103,-43.20913144844436,-22.800655535516277,-43.209021657710956,4303.379909937036,2804.3088659414484,1499.0710439955878,1307801.8973879493,361.0299262813823,96.83570877954494
0,HBEFA4/PC_petrol_Euro-6ab,Gasoline,2026-01-14 11:27:14,2026-01-14 11:27:14,-22.800655535516277,-43.209021657710956,-22.800632123767574,-43.20889393132157,4303.3914008176125,2804.3203568220247,1499.0710439955878,1307807.237177217,361.03140944886553,96.83604256330268
0,HBEFA4/PC_petrol_Euro-6ab,Gasoline,2026-01-14 11:27:14,2026-01-14 11:27:14,-22.800632123767574,-43.20889393132157,-22.800608061061908,-43.208762654156224,4303.404768878707,2804.333724883119,1499.0710439955878,1307814.488340096,361.0332864367662,96.8364332577167
0,HBEFA4/PC_petrol_Euro-6ab,Gasoline,2026-01-14 11:27:14,2026-01-14 11:27:16,-22.800608061061908,-43.208762654156224,-22.800699070959915,-43.209259118190886,4312.7509399624505,2812.3190294962756,1500.4319104661754,1310413.9922899099,361.7809058424402,97.0380441420622
0,HBEFA4/PC_petrol_Euro-6ab,Gasoline,2026-01-14 11:27:16,2026-01-14 11:27:16,-22.800699070959915,-43.209259118190886,-22.8026405139386,-43.20171006237645,4314.0933399971045,2813.661429530929,1500.4319104661754,1310680.9769508422,361.85509593700954,97.0658486954474
0,HBEFA4/PC_petrol_Euro-6ab,Gasoline,2026-01-14 11:27:16,2026-01-14 11:27:30,-22.8026405139386,-43.20171006237645,-22.8029519082245,-43.202027544850324,4374.81836340105,2850.4976499232525,1524.3207134777977,1330045.7163211138,367.1901766066611,98.45357597996448
0,HBEFA4/PC_petrol_Euro-6ab,Gasoline,2026-01-14 11:27:30,2026-01-14 11:27:30,-22.8029519082245,-43.202027544850324,-22.80299593006744,-43.20204624670383,4374.821830727117,2850.5011172493196,1524.3207134777977,1330045.7163211138,367.1901766066611,98.45357597996448
0,HBEFA4/PC_petrol_Euro-6ab,Gasoline,2026-01-14 11:27:30,2026-01-14 11:27:30,-22.80299593006744,-43.20204624670383,-22.803052315635323,-43.20207020107105,4374.827070460769,2850.506356982972,1524.3207134777977,1330049.9005575185,367.19168811147233,98.45373576972736
0,HBEFA4/PC_petrol_Euro-6ab,Gasoline,2026-01-14 11:27:30,2026-01-14 11:27:30,-22.803052315635323,-43.20207020107105,-22.80312146740793,-43.2020995789511,4374.833781796567,2850.513068318769,1524.3207134777977,1330053.988678313,367.1930559292163,98.45393458325967
0,HBEFA4/PC_petrol_Euro-6ab,Gasoline,2026-01-14 11:27:30,2026-01-14 11:27:30,-22.80312146740793,-43.2020995789511,-22.803202452654855,-43.20213398410584,4374.842012640187,2850.5212991623894,1524.3207134777977,1330058.5672523482,367.19449301037685,98.45417591659012
0,HBEFA4/PC_petrol_Euro-6ab,Gasoline,2026-01-14 11:27:30,2026-01-14 11:27:30,-22.803202452654855,-43.20213398410584,-22.80329630988042,-43.20217405366989,4374.851651972929,2850.5309384951315,1524.3207134777977,1330063.315129201,367.1959028210944,98.45445651507556
0,HBEFA4/PC_petrol_Euro-6ab,Gasoline,2026-01-14 11:27:30,2026-01-14 11:27:30,-22.80329630988042,-43.20217405366989,-22.80339892549056,-43.20221786898233,4374.862830792137,2850.54211731434,1524.3207134777977,1330068.837609601,367.1974509425978,98.45478180540118
0,HBEFA4/PC_petrol_Euro-6ab,Gasoline,2026-01-14 11:27:30,2026-01-14 11:27:30,-22.80339892549056,-43.20221786898233,-22.803512396606187,-43.20226631950665,4374.875053022643,2850.5543395448462,1524.3207134777977,1330073.4115436955,367.1987017652306,98.45513509007628
0,HBEFA4/PC_petrol_Euro-6ab,Gasoline,2026-01-14 11:27:30,2026-01-14 11:27:30,-22.803512396606187,-43.20226631950665,-22.803636835651055,-43.20227874528304,4374.8885682203645,2850.5678547425673,1524.3207134777977,1330079.0476230152,367.2001722634594,98.45552744551604
0,HBEFA4/PC_petrol_Euro-6ab,Gasoline,2026-01-14 11:27:30,2026-01-14 11:27:30,-22.803636835651055,-43.20227874528304,-22.802640549346048,-43.20170998076775,4377.098443069635,2852.6469995504676,1524.4514435191675,1330689.3499466516,367.385464174641,98.50508630746624
0,HBEFA4/PC_petrol_Euro-6ab,Gasoline,2026-01-14 11:27:30,2026-01-14 11:27:32,-22.802640549346048,-43.20170998076775,-22.80490836034589,-43.2051818526566,4388.133256106585,2861.037811778847,1527.0954443277378,1334017.3554321364,368.3042719750848,98.75203065374356
0,HBEFA4/PC_petrol_Euro-6ab,Gasoline,2026-01-14 11:27:32,2026-01-14 11:27:36,-22.80490836034589,-43.2051818526566,-22.798057149301258,-43.2031913135017,4404.801799138743,2869.935936497086,1534.8658626416575,1338947.451773438,369.6169398541462,99.1376488514756
0,HBEFA4/PC_petrol_Euro-6ab,Gasoline,2026-01-14 11:27:36,2026-01-14 11:27:36,-22.798057149301258,-43.2031913135017,-22.797964816899,-43.20328760298187,4404.815939187698,2869.9500765460407,1534.8658626416575,1338950.5058847454,369.61776373796897,99.13805543644523
0,HBEFA4/PC_petrol_Euro-6ab,Gasoline,2026-01-14 11:27:36,2026-01-14 11:27:36,-22.797964816899,-43.20328760298187,-22.797838029238612,-43.203297616996096,4404.830423791438,2869.9645611497813,1534.8658626416575,1338953.5560250466,369.6185814731345,99.1384721847032
0,HBEFA4/PC_petrol_Euro-6ab,Gasoline,2026-01-14 11:27:36,2026-01-14 11:27:40,-22.797838029238612,-43.203297616996096,-22.804904532771094,-43.20518551374487,4423.918263258486,2880.2754312266106,1543.6428320318755,1345019.9607784112,371.2765195279526,99.56693893413723
0,HBEFA4/PC_petrol_Euro-6ab,Gasoline,2026-01-14 11:27:40,2026-01-14 11:27:40,-22.804904532771094,-43.20518551374487,-22.80486835341938,-43.2052201194025,4423.921954834072,2880.2791228021965,1543.6428320318755,1345021.581826091,371.2770386808202,99.56704930274579
0,HBEFA4/PC_petrol_Euro-6ab,Gasoline,2026-01-14 11:27:40,2026-01-14 11:27:40,-22.80486835341938,-43.2052201194025,-22.804821382219536,-43.20526504745487,4423.927310085808,2880.2844780539326,1543.6428320318755,1345025.6331515734,371.278489044922,99.5672117506689
0,HBEFA4/PC_petrol_Euro-6ab,Gasoline,2026-01-14 11:27:40,2026-01-14 11:27:40,-22.804821382219536,-43.20526504745487,-22.804765954539455,-43.20531806409023,4423.934262740206,2880.2914307083306,1543.6428320318755,1345030.001446935,371.2799384893524,99.5674178111151
0,HBEFA4/PC_petrol_Euro-6ab,Gasoline,2026-01-14 11:27:40,2026-01-14 11:27:41,-22.804765954539455,-43.20531806409023,-22.8049078224549,-43.20518236715119,4429.2837348105795,2882.4046570671744,1546.8790777434053,1346658.6267098498,371.7007317830253,99.69095382054081
0,HBEFA4/PC_petrol_Euro-6ab,Gasoline,2026-01-14 11:27:41,2026-01-14 11:27:48,-22.8049078224549,-43.20518236715119,-22.800699283923674,-43.20926027126437,4460.947122215481,2902.29747299072,1558.6496492247607,1356328.666427793,374.3497392893569,100.41144373793551
0,HBEFA4/PC_petrol_Euro-6ab,Gasoline,2026-01-14 11:27:48,2026-01-14 11:27:48,-22.800699283923674,-43.20926027126437,-22.80068262329963,-43.2091694400139,4460.955106878001,2902.305457653241,1558.6496492247607,1356330.0318218174,374.35015313824647,100.41167066787409
0,HBEFA4/PC_petrol_Euro-6ab,Gasoline,2026-01-14 11:27:48,2026-01-14 11:27:48,-22.80068262329963,-43.2091694400139,-22.80066300820358,-43.20906242622903,4460.964613677129,2902.3149644523687,1558.6496492247607,1356334.9863554633,374.35163106168727,100.41194801828988
0,HBEFA4/PC_petrol_Euro-6ab,Gasoline,2026-01-14 11:27:48,2026-01-14 11:27:48,-22.80066300820358,-43.20906242622903,-22.800641541781324,-43.20894531267,4460.9758139162805,2902.3261646915203,1558.6496492247607,1356340.8918197968,374.35328213758504,100.41227462973822
0,HBEFA4/PC_petrol_Euro-6ab,Gasoline,2026-01-14 11:27:48,2026-01-14 11:27:48,-22.800641541781324,-43.20894531267,-22.80061692697475,-43.208811023203474,4460.988071218739,2902.338421993978,1558.6496492247607,1356345.510753653,374.35454339425087,100.41262899932684
0,HBEFA4/PC_petrol_Euro-6ab,Gasoline,2026-01-14 11:27:48,2026-01-14 11:27:48,-22.80061692697475,-43.208811023203474,-22.800592077074523,-43.20867545181799,4461.002126186141,2902.3524769613805,1558.6496492247607,1356352.8291642666,374.3563996617227,100.41303964924963
0,HBEFA4/PC_petrol_Euro-6ab,Gasoline,2026-01-14 11:27:48,2026-01-14 11:27:49,-22.800592077074523,-43.20867545181799,-22.79807517246106,-43.20196551294559,4464.550657360246,2905.0445262421013,1559.5061311181455,1357402.5812074034,374.65321986669613,100.49026896743953
0,HBEFA4/PC_petrol_Euro-6ab,Gasoline,2026-01-14 11:27:49,2026-01-14 11:27:50,-22.79807517246106,-43.20196551294559,-22.80490980280206,-43.20518047294232,4471.095181354584,2908.4808175580524,1562.614363796532,1359248.492013207,375.1382691310104,100.6460614732771
0,HBEFA4/PC_petrol_Euro-6ab,Gasoline,2026-01-14 11:27:50,2026-01-14 11:27:58,-22.80490980280206,-43.20518047294232,-22.804911852343167,-43.20517851254912,4509.062575271652,2930.4600635118804,1578.6025117597717,1371131.0850117225,378.39639892407536,101.49954258563606
0,HBEFA4/PC_petrol_Euro-6ab,Gasoline,2026-01-14 11:27:58,2026-01-14 11:27:58,-22.804911852343167,-43.20517851254912,-22.804882125007182,-43.205206946840946,4509.065811394041,2930.463299634269,1578.6025117597717,1371132.5060694062,378.3968292754718,101.49964008496755
0,HBEFA4/PC_petrol_Euro-6ab,Gasoline,2026-01-14 11:27:58,2026-01-14 11:27:58,-22.804882125007182,-43.205206946840946,-22.804839537977692,-43.205247681439026,4509.070211621558,2930.467699861787,1578.6025117597717,1371135.6258204845,378.39797063771573,101.49977434352098
0,HBEFA4/PC_petrol_Euro-6ab,Gasoline,2026-01-14 11:27:58,2026-01-14 11:27:58,-22.804839537977692,-43.205247681439026,-22.80478834663999,-43.20529664602969,4509.076515333851,2930.4740035740792,1578.6025117597717,1371140.32430049,378.39958598613276,101.4999638689771
0,HBEFA4/PC_petrol_Euro-6ab,Gasoline,2026-01-14 11:27:58,2026-01-14 11:27:58,-22.80478834663999,-43.20529664602969,-22.804728069401783,-43.20535430122867,4509.084092649442,2930.4815808896706,1578.6025117597717,1371144.2709643412,378.4008549831702,101.50018581680926
0,HBEFA4/PC_petrol_Euro-6ab,Gasoline,2026-01-14 11:27:58,2026-01-14 11:27:59,-22.804728069401783,-43.20535430122867,-22.800701242372266,-43.20927087511359,4510.592781773087,2931.1351911588836,1579.457590614204,1371631.4992501417,378.52800584760587,101.53430406409235
0,HBEFA4/PC_petrol_Euro-6ab,Gasoline,2026-01-14 11:27:59,2026-01-14 11:28:05,-22.800701242372266,-43.20927087511359,-22.804909665330076,-43.20518060443474,4534.402786268559,2950.121242375469,1584.2815438930902,1379391.927890574,380.730156221015,102.06724405990413
0,HBEFA4/PC_petrol_Euro-6ab,Gasoline,2026-01-14 11:28:05,2026-01-14 11:28:05,-22.804909665330076,-43.20518060443474,-22.804878165898998,-43.20521073373919,4534.406385114807,2950.124841221717,1584.2815438930902,1379393.649873555,380.73072142114194,102.06735230831163
0,HBEFA4/PC_petrol_Euro-6ab,Gasoline,2026-01-14 11:28:05,2026-01-14 11:28:05,-22.804878165898998,-43.20521073373919,-22.804835529318208,-43.20525151572973,4534.411047646983,2950.1295037538935,1584.2815438930902,1379396.6745852418,380.73180864313326,102.06749321200542
0,HBEFA4/PC_petrol_Euro-6ab,Gasoline,2026-01-14 11:28:05,2026-01-14 11:28:05,-22.804835529318208,-43.20525151572973,-22.804779623306942,-43.20530498990536,4534.417358693667,2950.1358148005766,1584.2815438930902,1379400.9550670376,380.7332723892973,102.06768178519674
0,HBEFA4/PC_petrol_Euro-6ab,Gasoline,2026-01-14 11:28:05,2026-01-14 11:28:11,-22.804779623306942,-43.20530498990536,-22.80264017928776,-43.201710833694975,4562.041232497213,2966.1551499792927,1595.8860825179208,1387996.211390384,383.0548254291783,102.68233935553783
0,HBEFA4/PC_petrol_Euro-6ab,Gasoline,2026-01-14 11:28:11,2026-01-14 11:28:11,-22.80264017928776,-43.201710833694975,-22.802621671803667,-43.201753490568905,4562.044984121416,2966.1589016034955,1595.8860825179208,1387996.211390384,383.0548254291783,102.68233935553783
0,HBEFA4/PC_petrol_Euro-6ab,Gasoline,2026-01-14 11:28:11,2026-01-14 11:28:11,-22.802621671803667,-43.201753490568905,-22.802604733932576,-43.20181230312719,4562.049821149101,2966.163738631181,1595.8860825179208,1387999.2969594134,383.05592804086336,102.6824850893669
0,HBEFA4/PC_petrol_Euro-6ab,Gasoline,2026-01-14 11:28:11,2026-01-14 11:28:11,-22.802604733932576,-43.20181230312719,-22.802625892984462,-43.201885945399845,4562.056262951969,2966.1701804340487,1595.8860825179208,1388003.540057323,383.0573689454141,102.68267706666047
0,HBEFA4/PC_petrol_Euro-6ab,Gasoline,2026-01-14 11:28:11,2026-01-14 11:28:11,-22.802625892984462,-43.201885945399845,-22.803011602224025,-43.20205290472818,4562.0970525532775,2966.210970035357,1595.8860825179208,1388024.2764092844,383.0633746269559,102.68386647556267
0,HBEFA4/PC_petrol_Euro-6ab,Gasoline,2026-01-14 11:28:11,2026-01-14 11:28:13,-22.803011602224025,-43.20205290472818,-22.800701516401254,-43.20927235881998,4571.503109028911,2972.295045092235,1599.2080639366766,1390713.1592904532,383.7925846101682,102.89357781068053
0,HBEFA4/PC_petrol_Euro-6ab,Gasoline,2026-01-14 11:28:13,2026-01-14 11:28:24,-22.800701516401254,-43.20927235881998,-22.804897522166435,-43.2051922194112,4625.261818228178,3009.0480047625774,1616.2138134656007,1406949.5983279943,388.2738382391417,104.09797640821925
0,HBEFA4/PC_petrol_Euro-6ab,Gasoline,2026-01-14 11:28:24,2026-01-14 11:28:24,-22.804897522166435,-43.2051922194112,-22.804860914709842,-43.205227234546996,4625.26551254075,3009.05169907515,1616.2138134656007,1406951.236676957,388.27436506668147,104.09808691036017
0,HBEFA4/PC_petrol_Euro-6ab,Gasoline,2026-01-14 11:28:24,2026-01-14 11:28:24,-22.804860914709842,-43.205227234546996,-22.804813722792563,-43.20527237370873,4625.270931160118,3009.057117694518,1616.2138134656007,1406955.3966694272,388.2758524257032,104.09825136156512
0,HBEFA4/PC_petrol_Euro-6ab,Gasoline,2026-01-14 11:28:24,2026-01-14 11:28:24,-22.804813722792563,-43.20527237370873,-22.804753672116423,-43.20532981223247,4625.277916484649,3009.064103019048,1616.2138134656007,1406959.7202359843,388.2772842282678,104.09845818805151
0,HBEFA4/PC_petrol_Euro-6ab,Gasoline,2026-01-14 11:28:24,2026-01-14 11:28:24,-22.804753672116423,-43.20532981223247,-22.804685055512415,-43.20539544398291,4625.286805153163,3009.072991687563,1616.2138134656007,1406965.271838891,388.27898139565315,104.09871977343963
0,HBEFA4/PC_petrol_Euro-6ab,Gasoline,2026-01-14 11:28:24,2026-01-14 11:28:24,-22.804685055512415,-43.20539544398291,-22.804606046914966,-43.205471015550515,4625.296961741259,3009.083148275659,1616.2138134656007,1406969.851076689,388.2803169775758,104.09901447308835
0,HBEFA4/PC_petrol_Euro-6ab,Gasoline,2026-01-14 11:28:24,2026-01-14 11:28:24,-22.804606046914966,-43.205471015550515,-22.804550221974317,-43.20552441191879,4625.308656540089,3009.094843074489,1616.2138134656007,1406975.5436268097,388.2818842256746,104.09935468506887
0,HBEFA4/PC_petrol_Euro-6ab,Gasoline,2026-01-14 11:28:24,2026-01-14 11:28:24,-22.804550221974317,-43.20552441191879,-22.80452144050661,-43.20555194127098,4625.3169197060515,3009.103106240451,1616.2138134656007,1406975.5436268097,388.2818842256746,104.09935468506887
0,HBEFA4/PC_petrol_Euro-6ab,Gasoline,2026-01-14 11:28:24,2026-01-14 11:28:29,-22.80452144050661,-43.20555194127098,-22.80070081458913,-43.209268558918716,4644.046881555442,3022.6927118473786,1621.3541697080645,1413071.5359953246,390.00223923388023,104.51294763062694
0,HBEFA4/PC_petrol_Euro-6ab,Gasoline,2026-01-14 11:28:29,2026-01-14 11:28:29,-22.80070081458913,-43.209268558918716,-22.800684833229475,-43.209181496721186,4644.054759228992,3022.700589520928,1621.3541697080645,1413073.3098564288,390.0027857873479,104.51317255816511
0,HBEFA4/PC_petrol_Euro-6ab,Gasoline,2026-01-14 11:28:29,2026-01-14 11:28:29,-22.800684833229475,-43.209181496721186,-22.800666061134937,-43.209079082033355,4644.063871802455,3022.7097020943907,1621.3541697080645,1413077.5488766525,390.0040702030713,104.51343743040167
0,HBEFA4/PC_petrol_Euro-6ab,Gasoline,2026-01-14 11:28:29,2026-01-14 11:28:32,-22.800666061134937,-43.209079082033355,-22.804903916060773,-43.20518610363036,4660.490282313793,3034.7500949194314,1625.7401873943618,1417628.4579972387,391.2646993161658,104.8744418391871
0,HBEFA4/PC_petrol_Euro-6ab,Gasoline,2026-01-14 11:28:32,2026-01-14 11:28:32,-22.804903916060773,-43.20518610363036,-22.804866563695054,-43.20522183127845,4660.493956119222,3034.753768724861,1625.7401873943618,1417629.9529581673,391.26516241912213,104.87455129195516
0,HBEFA4/PC_petrol_Euro-6ab,Gasoline,2026-01-14 11:28:32,2026-01-14 11:28:34,-22.804866563695054,-43.20522183127845,-22.80069964189816,-43.20926220948571,4668.492705695212,3040.2289092746746,1628.2637964205376,1420088.8219599312,391.95243698240506,105.05416428808532
0,HBEFA4/PC_petrol_Euro-6ab,Gasoline,2026-01-14 11:28:34,2026-01-14 11:28:43,-22.80069964189816,-43.20926220948571,-22.802648304452564,-43.20169210644081,4710.389353878073,3071.641126038589,1638.7482278394846,1433663.464728758,395.7871770148123,105.985013346037
0,HBEFA4/PC_petrol_Euro-6ab,Gasoline,2026-01-14 11:28:43,2026-01-14 11:28:43,-22.802648304452564,-43.20169210644081,-22.80262650264913,-43.201742356224806,4710.393900566123,3071.645672726639,1638.7482278394846,1433663.464728758,395.7871770148123,105.985013346037
0,HBEFA4/PC_petrol_Euro-6ab,Gasoline,2026-01-14 11:28:43,2026-01-14 11:28:43,-22.80262650264913,-43.201742356224806,-22.80260498727442,-43.20180452909162,4710.3995985827,3071.6513707432155,1638.7482278394846,1433666.8061507957,395.7883330647876,105.98518284279464
0,HBEFA4/PC_petrol_Euro-6ab,Gasoline,2026-01-14 11:28:43,2026-01-14 11:28:43,-22.80260498727442,-43.20180452909162,-22.80262221873702,-43.20188105567566,4710.406504032947,3071.658276193463,1638.7482278394846,1433670.4846370234,395.78954666877564,105.98538582896934
0,HBEFA4/PC_petrol_Euro-6ab,Gasoline,2026-01-14 11:28:43,2026-01-14 11:28:43,-22.80262221873702,-43.20188105567566,-22.80299882235066,-43.20204747543647,4710.447029578677,3071.6988017391923,1638.7482278394846,1433688.4158895917,395.79479920958795,105.98656210143605
0,HBEFA4/PC_petrol_Euro-6ab,Gasoline,2026-01-14 11:28:43,2026-01-14 11:28:43,-22.80299882235066,-43.20204747543647,-22.803118492025874,-43.202098314913236,4710.46056471696,3071.712336877476,1638.7482278394846,1433695.2009584438,395.7965520582338,105.9869568665468
0,HBEFA4/PC_petrol_Euro-6ab,Gasoline,2026-01-14 11:28:43,2026-01-14 11:28:43,-22.803118492025874,-43.202098314913236,-22.803234103050524,-43.20214749232654,4710.4748084929615,3071.726580653477,1638.7482278394846,1433699.3143292456,395.7976287754509,105.98736812158238
0,HBEFA4/PC_petrol_Euro-6ab,Gasoline,2026-01-14 11:28:43,2026-01-14 11:28:50,-22.803234103050524,-43.20214749232654,-22.800702044966393,-43.20927522069069,4734.043390736285,3089.9511620845615,1644.0922286517236,1440917.5982079767,397.8407737040289,106.51087911509681
0,HBEFA4/PC_petrol_Euro-6ab,Gasoline,2026-01-14 11:28:50,2026-01-14 11:28:50,-22.800702044966393,-43.20927522069069,-22.800685066167226,-43.20918276755922,4734.051221796508,3089.9589931447845,1644.0922286517236,1440917.5982079767,397.8407737040289,106.51087911509681
0,HBEFA4/PC_petrol_Euro-6ab,Gasoline,2026-01-14 11:28:50,2026-01-14 11:28:50,-22.800685066167226,-43.20918276755922,-22.80066484973285,-43.20907247301488,4734.060898794483,3089.96867014276,1644.0922286517236,1440923.3089668376,397.8424638588289,106.5111627760716
0,HBEFA4/PC_petrol_Euro-6ab,Gasoline,2026-01-14 11:28:50,2026-01-14 11:28:50,-22.80066484973285,-43.20907247301488,-22.800642264569916,-43.208949255952625,4734.072442402908,3089.9802137511842,1644.0922286517236,1440929.7724236178,397.84424508698135,106.51150010672929
0,HBEFA4/PC_petrol_Euro-6ab,Gasoline,2026-01-14 11:28:50,2026-01-14 11:28:50,-22.800642264569916,-43.208949255952625,-22.800618010708757,-43.20881693564973,4734.085338508016,3089.993109856293,1644.0922286517236,1440935.3745744592,397.84573280220843,106.51187451421053
0,HBEFA4/PC_petrol_Euro-6ab,Gasoline,2026-01-14 11:28:50,2026-01-14 11:29:01,-22.800618010708757,-43.20881693564973,-22.804902526397235,-43.20518743284815,4778.122470517548,3119.4545519076887,1658.6679186098593,1454679.2159008973,401.69507091391773,107.50612474076816
0,HBEFA4/PC_petrol_Euro-6ab,Gasoline,2026-01-14 11:29:01,2026-01-14 11:29:01,-22.804902526397235,-43.20518743284815,-22.804866177121482,-43.20522220103706,4778.126241816613,3119.458323206755,1658.6679186098593,1454680.8747105775,401.6956061110542,107.50623737081482
0,HBEFA4/PC_petrol_Euro-6ab,Gasoline,2026-01-14 11:29:01,2026-01-14 11:29:01,-22.804866177121482,-43.20522220103706,-22.804819376690187,-43.20526696574695,4778.131622220355,3119.463703610496,1658.6679186098593,1454684.849823034,401.69702501196923,107.50640025827586
0,HBEFA4/PC_petrol_Euro-6ab,Gasoline,2026-01-14 11:29:01,2026-01-14 11:29:01,-22.804819376690187,-43.20526696574695,-22.80476544282742,-43.20531855354305,4778.138549597578,3119.4706309877192,1658.6679186098593,1454689.1235189536,401.6984434469102,107.50660539009314
0,HBEFA4/PC_petrol_Euro-6ab,Gasoline,2026-01-14 11:29:01,2026-01-14 11:29:01,-22.80476544282742,-43.20531855354305,-22.80470092270789,-43.20538026702628,4778.146532859164,3119.4786142493053,1658.6679186098593,1454692.7518066717,401.6995886330122,107.50683768403235
0,HBEFA4/PC_petrol_Euro-6ab,Gasoline,2026-01-14 11:29:01,2026-01-14 11:29:01,-22.80470092270789,-43.20538026702628,-22.80462452296269,-43.205453343258796,4778.156083089005,3119.4881644791462,1658.6679186098593,1454697.8160441103,401.7010964985165,107.5071164718831
0,HBEFA4/PC_petrol_Euro-6ab,Gasoline,2026-01-14 11:29:01,2026-01-14 11:29:03,-22.80462452296269,-43.205453343258796,-22.804906758230235,-43.205183385085704,4782.725173535765,3120.8431157887517,1661.8820577470137,1456333.5064632646,402.13658458086024,107.61347822245571
0,HBEFA4/PC_petrol_Euro-6ab,Gasoline,2026-01-14 11:29:03,2026-01-14 11:29:05,-22.804906758230235,-43.205183385085704,-22.800699638900863,-43.209262193257125,4791.887483618787,3128.181370896758,1663.7061127220288,1459245.2712333654,402.96734373399505,107.813066181195
0,HBEFA4/PC_petrol_Euro-6ab,Gasoline,2026-01-14 11:29:05,2026-01-14 11:29:05,-22.800699638900863,-43.209262193257125,-22.8006814927371,-43.20916327200957,4791.896065661163,3128.1899529391344,1663.7061127220288,1459249.1904722934,402.968554607547,107.81331565341071
0,HBEFA4/PC_petrol_Euro-6ab,Gasoline,2026-01-14 11:29:05,2026-01-14 11:29:10,-22.8006814927371,-43.20916327200957,-22.800699352269234,-43.209260641315375,4812.552070056946,3142.6347675257152,1669.917302531231,1465431.4418674004,404.682621931433,108.27543002452403
0,HBEFA4/PC_petrol_Euro-6ab,Gasoline,2026-01-14 11:29:10,2026-01-14 11:29:10,-22.800699352269234,-43.209260641315375,-22.800682037981286,-43.209166246695375,4812.559958136639,3142.642655605408,1669.917302531231,1465433.9240826212,404.6833987051749,108.27565694596649
0,HBEFA4/PC_petrol_Euro-6ab,Gasoline,2026-01-14 11:29:10,2026-01-14 11:29:10,-22.800682037981286,-43.209166246695375,-22.80066219695237,-43.20905800030696,4812.569837894979,3142.652535363748,1669.917302531231,1465440.0300519334,404.68519012197,108.27594704336867
0,HBEFA4/PC_petrol_Euro-6ab,Gasoline,2026-01-14 11:29:10,2026-01-14 11:29:28,-22.80066219695237,-43.20905800030696,-22.802634516734546,-43.20172388500405,4874.642402853453,3188.2189462235433,1686.4234566299094,1485524.5732109828,410.40513470620755,109.66247707591477
0,HBEFA4/PC_petrol_Euro-6ab,Gasoline,2026-01-14 11:29:28,2026-01-14 11:29:28,-22.802634516734546,-43.20172388500405,-22.802613353163913,-43.20177266372775,4874.646664059575,3188.2232074296667,1686.4234566299094,1485526.1662267554,410.4056376568472,109.66260261245088
0,HBEFA4/PC_petrol_Euro-6ab,Gasoline,2026-01-14 11:29:28,2026-01-14 11:29:28,-22.802613353163913,-43.20177266372775,-22.802603972973355,-43.2018356538151,4874.652195267984,3188.2287386380744,1686.4234566299094,1485529.6582509314,410.40686045119014,109.6627680845193
0,HBEFA4/PC_petrol_Euro-6ab,Gasoline,2026-01-14 11:29:28,2026-01-14 11:29:28,-22.802603972973355,-43.2018356538151,-22.80264344497934,-43.201900517050305,4874.6588626462,3188.2354060162907,1686.4234566299094,1485533.1649641134,410.4080262747636,109.66296416421753
0,HBEFA4/PC_petrol_Euro-6ab,Gasoline,2026-01-14 11:29:28,2026-01-14 11:29:28,-22.80264344497934,-43.201900517050305,-22.803046249858856,-43.202067624137,4874.7007661915895,3188.2773095616803,1686.4234566299094,1485554.774115979,410.4142021949573,109.66418664108996
0,HBEFA4/PC_petrol_Euro-6ab,Gasoline,2026-01-14 11:29:28,2026-01-14 11:29:28,-22.803046249858856,-43.202067624137,-22.80316989789491,-43.20212015378506,4874.7153698127195,3188.2919131828103,1686.4234566299094,1485562.0135712523,410.41601197224026,109.66461314312059
0,HBEFA4/PC_petrol_Euro-6ab,Gasoline,2026-01-14 11:29:28,2026-01-14 11:29:28,-22.80316989789491,-43.20212015378506,-22.803289351259107,-43.20217108244625,4874.73008711683,3188.3066304869208,1686.4234566299094,1485564.379928553,410.4166646968803,109.6650357697939
0,HBEFA4/PC_petrol_Euro-6ab,Gasoline,2026-01-14 11:29:28,2026-01-14 11:29:28,-22.803289351259107,-43.20217108244625,-22.80340651582108,-43.20222110994114,4874.744311972041,3188.3208553421314,1686.4234566299094,1485564.379928553,410.4166646968803,109.6650357697939
0,HBEFA4/PC_petrol_Euro-6ab,Gasoline,2026-01-14 11:29:28,2026-01-14 11:29:28,-22.80340651582108,-43.20222110994114,-22.8035243044307,-43.20227049830177,4874.758267083568,3188.3348104536594,1686.4234566299094,1485564.379928553,410.4166646968803,109.6650357697939
0,HBEFA4/PC_petrol_Euro-6ab,Gasoline,2026-01-14 11:29:28,2026-01-14 11:29:28,-22.8035243044307,-43.20227049830177,-22.803648055238373,-43.20227735312733,4874.772272052149,3188.348815422239,1686.4234566299094,1485566.4837729188,410.41726048496474,109.6654369088854
0,HBEFA4/PC_petrol_Euro-6ab,Gasoline,2026-01-14 11:29:28,2026-01-14 11:29:28,-22.803648055238373,-43.20227735312733,-22.803757822332358,-43.20221498503077,4874.78611063014,3188.3626540002306,1686.4234566299094,1485567.937986825,410.41769917934255,109.66583212580584
0,HBEFA4/PC_petrol_Euro-6ab,Gasoline,2026-01-14 11:29:28,2026-01-14 11:29:42,-22.803757822332358,-43.20221498503077,-22.80491502130318,-43.20517548142768,4938.6219034368405,3227.6619790316126,1710.959924405228,1504520.5188325383,415.57501805517245,111.1199957253834
0,HBEFA4/PC_petrol_Euro-6ab,Gasoline,2026-01-14 11:29:42,2026-01-14 11:29:42,-22.80491502130318,-43.20517548142768,-22.804880776135267,-43.2052082370408,4938.625402325805,3227.6654779205774,1710.959924405228,1504520.5188325383,415.57501805517245,111.1199957253834
0,HBEFA4/PC_petrol_Euro-6ab,Gasoline,2026-01-14 11:29:42,2026-01-14 11:29:42,-22.804880776135267,-43.2052082370408,-22.804835802950382,-43.205251254000025,4938.630471280897,3227.670546875669,1710.959924405228,1504524.3587599322,415.57640755254454,111.12014995089612
0,HBEFA4/PC_petrol_Euro-6ab,Gasoline,2026-01-14 11:29:42,2026-01-14 11:29:42,-22.804835802950382,-43.205251254000025,-22.804781060223252,-43.20530361549375,4938.637128190687,3227.677203785459,1710.959924405228,1504528.630933343,415.5778437547276,111.12034778768307
0,HBEFA4/PC_petrol_Euro-6ab,Gasoline,2026-01-14 11:29:42,2026-01-14 11:29:42,-22.804781060223252,-43.20530361549375,-22.804713451320342,-43.205368283417315,4938.64523118082,3227.685306775592,1710.959924405228,1504533.0328221675,415.579231946296,111.12058520429652
0,HBEFA4/PC_petrol_Euro-6ab,Gasoline,2026-01-14 11:29:42,2026-01-14 11:29:42,-22.804713451320342,-43.205368283417315,-22.804637125353302,-43.20544128910086,4938.655238611498,3227.69531420627,1710.959924405228,1504538.9935208606,415.5809725159942,111.12087854517321
0,HBEFA4/PC_petrol_Euro-6ab,Gasoline,2026-01-14 11:29:42,2026-01-14 11:29:42,-22.804637125353302,-43.20544128910086,-22.80456839979514,-43.20550702490125,4938.66653633147,3227.7066119262413,1710.959924405228,1504543.94274898,415.58235940425715,111.12120613068717
0,HBEFA4/PC_petrol_Euro-6ab,Gasoline,2026-01-14 11:29:42,2026-01-14 11:29:42,-22.80456839979514,-43.20550702490125,-22.804528683970748,-43.20554501292976,4938.676709038881,3227.716784633654,1710.959924405228,1504543.94274898,415.58235940425715,111.12120613068717
0,HBEFA4/PC_petrol_Euro-6ab,Gasoline,2026-01-14 11:29:42,2026-01-14 11:29:44,-22.804528683970748,-43.20554501292976,-22.79811134394539,-43.20195246184888,4943.831859454609,3231.25586433431,1712.5759951202997,1505963.9766630938,415.97605762272275,111.23436811036004
0,HBEFA4/PC_petrol_Euro-6ab,Gasoline,2026-01-14 11:29:44,2026-01-14 11:29:44,-22.79811134394539,-43.20195246184888,-22.797997739253457,-43.20199343033001,4943.843161634153,3231.267166513853,1712.5759951202997,1505969.6055672371,415.9776281377078,111.23469708416481
0,HBEFA4/PC_petrol_Euro-6ab,Gasoline,2026-01-14 11:29:44,2026-01-14 11:29:44,-22.797997739253457,-43.20199343033001,-22.79788021425442,-43.202035802138866,4943.856427710621,3231.280432590321,1712.5759951202997,1505977.057477495,415.9795608610674,111.23508517080832
0,HBEFA4/PC_petrol_Euro-6ab,Gasoline,2026-01-14 11:29:44,2026-01-14 11:29:47,-22.79788021425442,-43.202035802138866,-22.802645411734527,-43.20169877371147,4955.7247865611125,3239.639591494164,1716.0851950669492,1509758.4202406313,417.0627217970855,111.5060274378366
0,HBEFA4/PC_petrol_Euro-6ab,Gasoline,2026-01-14 11:29:47,2026-01-14 11:30:01,-22.802645411734527,-43.20169877371147,-22.800694428645883,-43.20923384646544,5008.110199241027,3278.0115722731607,1730.0986269678658,1525591.7151151518,421.49679607197623,112.6722919429191
0,HBEFA4/PC_petrol_Euro-6ab,Gasoline,2026-01-14 11:30:01,2026-01-14 11:30:01,-22.800694428645883,-43.20923384646544,-22.800679096268397,-43.209150197611805,5008.1178427934365,3278.0192158255713,1730.0986269678658,1525593.4751219118,421.49733963170866,112.67251033171453
0,HBEFA4/PC_petrol_Euro-6ab,Gasoline,2026-01-14 11:30:01,2026-01-14 11:30:01,-22.800679096268397,-43.209150197611805,-22.80066091980816,-43.209051032626085,5008.126597618283,3278.027970650417,1730.0986269678658,1525597.3763719995,421.4985372209837,112.67276454160134
0,HBEFA4/PC_petrol_Euro-6ab,Gasoline,2026-01-14 11:30:01,2026-01-14 11:30:01,-22.80066091980816,-43.209051032626085,-22.800640553177544,-43.208939919193305,5008.136976389671,3278.0383494218054,1730.0986269678658,1525602.8331051704,421.50011081745413,112.67306721889847
0,HBEFA4/PC_petrol_Euro-6ab,Gasoline,2026-01-14 11:30:01,2026-01-14 11:30:01,-22.800640553177544,-43.208939919193305,-22.80061837838871,-43.20881894157394,5008.148605709109,3278.049978741243,1730.0986269678658,1525607.7787960975,421.5014823936008,112.67340421783864
0,HBEFA4/PC_petrol_Euro-6ab,Gasoline,2026-01-14 11:30:01,2026-01-14 11:30:01,-22.80061837838871,-43.20881894157394,-22.80059278510487,-43.20867931454678,5008.1612674355565,3278.062640467691,1730.0986269678658,1525612.4373422903,421.50273969620207,112.67377028997336
0,HBEFA4/PC_petrol_Euro-6ab,Gasoline,2026-01-14 11:30:01,2026-01-14 11:30:01,-22.80059278510487,-43.20867931454678,-22.800567716929876,-43.208542688606414,5008.175881047163,3278.0772540792977,1730.0986269678658,1525620.478667045,421.5047391478207,112.674198276056
0,HBEFA4/PC_petrol_Euro-6ab,Gasoline,2026-01-14 11:30:01,2026-01-14 11:30:01,-22.800567716929876,-43.208542688606414,-22.80054041957506,-43.2084049228993,5008.190181120518,3278.091554152652,1730.0986269678658,1525620.478667045,421.5047391478207,112.674198276056
0,HBEFA4/PC_petrol_Euro-6ab,Gasoline,2026-01-14 11:30:01,2026-01-14 11:30:06,-22.80054041957506,-43.2084049228993,-22.800697386993402,-43.20924998635166,5028.506711694658,3293.6273930065518,1734.8793186881073,1532071.2697869693,423.33909807935385,113.12286575430093
0,HBEFA4/PC_petrol_Euro-6ab,Gasoline,2026-01-14 11:30:06,2026-01-14 11:30:06,-22.800697386993402,-43.20924998635166,-22.800680224968673,-43.209156355453366,5028.515413567006,3293.6360948788993,1734.8793186881073,1532076.8400003335,423.34081463093327,113.12312226183789
0,HBEFA4/PC_petrol_Euro-6ab,Gasoline,2026-01-14 11:30:06,2026-01-14 11:30:06,-22.800680224968673,-43.209156355453366,-22.80066130837141,-43.20905315249988,5028.525213128512,3293.6458944404058,1734.8793186881073,1532080.9505826414,423.34203055370676,113.12340600364287
0,HBEFA4/PC_petrol_Euro-6ab,Gasoline,2026-01-14 11:30:06,2026-01-14 11:30:09,-22.80066130837141,-43.20905315249988,-22.804908671007233,-43.20518155550797,5040.008023685045,3300.1291491815136,1739.8788745035322,1535293.3022353286,424.1788543371112,113.38666032808239
0,HBEFA4/PC_petrol_Euro-6ab,Gasoline,2026-01-14 11:30:09,2026-01-14 11:30:09,-22.804908671007233,-43.20518155550797,-22.804871596997085,-43.20521701691187,5040.0118222939855,3300.1329477904537,1739.8788745035322,1535295.082440995,424.17944279007355,113.38677410766614
0,HBEFA4/PC_petrol_Euro-6ab,Gasoline,2026-01-14 11:30:09,2026-01-14 11:30:13,-22.804871596997085,-43.20521701691187,-22.798337602761578,-43.20457663347304,5059.072187647281,3311.969748113996,1747.1024395332856,1540595.9128759776,425.59515403653404,113.81229229110708
0,HBEFA4/PC_petrol_Euro-6ab,Gasoline,2026-01-14 11:30:13,2026-01-14 11:30:13,-22.798337602761578,-43.20457663347304,-22.798219015292464,-43.20460229077896,5059.086513342089,3311.9840738088037,1747.1024395332856,1540601.4010751697,425.59655805418714,113.81270803666179
0,HBEFA4/PC_petrol_Euro-6ab,Gasoline,2026-01-14 11:30:13,2026-01-14 11:30:13,-22.798219015292464,-43.20460229077896,-22.798093491681428,-43.20461967375604,5059.0999081520395,3311.997468618754,1747.1024395332856,1540601.4010751697,425.59655805418714,113.81270803666179
0,HBEFA4/PC_petrol_Euro-6ab,Gasoline,2026-01-14 11:30:13,2026-01-14 11:30:14,-22.798093491681428,-43.20461967375604,-22.802650076489407,-43.20168802216765,5063.782598458457,3313.60475021416,1750.1778482442971,1541955.7780681557,425.9331648294131,113.92290346196833
0,HBEFA4/PC_petrol_Euro-6ab,Gasoline,2026-01-14 11:30:14,2026-01-14 11:30:17,-22.802650076489407,-43.20168802216765,-22.798079625141327,-43.2031516628894,5079.070019834942,3325.9927542531627,1753.0772655817798,1546479.9653576307,427.21456875333723,114.25921582753023
0,HBEFA4/PC_petrol_Euro-6ab,Gasoline,2026-01-14 11:30:17,2026-01-14 11:30:17,-22.798079625141327,-43.2031516628894,-22.79800561507262,-43.20325878618331,5079.084539908338,3326.0072743265587,1753.0772655817798,1546483.5033106897,427.21550201220504,114.25963435430094
0,HBEFA4/PC_petrol_Euro-6ab,Gasoline,2026-01-14 11:30:17,2026-01-14 11:30:21,-22.79800561507262,-43.20325878618331,-22.798307604834186,-43.20458312375913,5093.74029791533,3336.9249146596812,1756.815383255649,1551064.262811546,428.5046684129254,114.5808418142662
0,HBEFA4/PC_petrol_Euro-6ab,Gasoline,2026-01-14 11:30:21,2026-01-14 11:30:21,-22.798307604834186,-43.20458312375913,-22.79822628139187,-43.20460071870433,5093.747911697983,3336.932528442334,1756.815383255649,1551066.401431779,428.5053374079472,114.58106030859325
0,HBEFA4/PC_petrol_Euro-6ab,Gasoline,2026-01-14 11:30:21,2026-01-14 11:30:38,-22.79822628139187,-43.20460071870433,-22.800703189781512,-43.20928141919528,5152.333576463343,3382.5398658185645,1769.7937106447785,1570671.7544467587,434.1579260320703,115.8877227299721
0,HBEFA4/PC_petrol_Euro-6ab,Gasoline,2026-01-14 11:30:38,2026-01-14 11:30:38,-22.800703189781512,-43.20928141919528,-22.800685949980117,-43.20918758937614,5152.341732864257,3382.5480222194788,1769.7937106447785,1570673.2473258267,434.15838092297366,115.88795475973247
0,HBEFA4/PC_petrol_Euro-6ab,Gasoline,2026-01-14 11:30:38,2026-01-14 11:30:38,-22.800685949980117,-43.20918758937614,-22.800665917813387,-43.20907830011718,5152.35155413524,3382.5578434904614,1769.7937106447785,1570678.6113889904,434.15996065368745,115.88824170250936
0,HBEFA4/PC_petrol_Euro-6ab,Gasoline,2026-01-14 11:30:38,2026-01-14 11:30:38,-22.800665917813387,-43.20907830011718,-22.800643056418025,-43.20895357600055,5152.362992528653,3382.5692818838743,1769.7937106447785,1570684.4133533803,434.16157056667436,115.88857484768299
0,HBEFA4/PC_petrol_Euro-6ab,Gasoline,2026-01-14 11:30:38,2026-01-14 11:30:38,-22.800643056418025,-43.20895357600055,-22.80061801570063,-43.20881696288351,5152.376046364401,3382.582335719623,1769.7937106447785,1570690.799542322,434.16324839542324,115.88895509216105
0,HBEFA4/PC_petrol_Euro-6ab,Gasoline,2026-01-14 11:30:38,2026-01-14 11:30:38,-22.80061801570063,-43.20881696288351,-22.800592834143345,-43.208679582080954,5152.390344528762,3382.5966338839844,1769.7937106447785,1570696.5478286373,434.1647157378046,115.88937042621092
0,HBEFA4/PC_petrol_Euro-6ab,Gasoline,2026-01-14 11:30:38,2026-01-14 11:30:38,-22.800592834143345,-43.208679582080954,-22.800567771767142,-43.208542965362646,5152.404723046567,3382.6110124017882,1769.7937106447785,1570698.7774348627,434.16533889963915,115.88978280122029
0,HBEFA4/PC_petrol_Euro-6ab,Gasoline,2026-01-14 11:30:38,2026-01-14 11:30:38,-22.800567771767142,-43.208542965362646,-22.80054071880178,-43.20840643304872,5152.419022063049,3382.62531141827,1769.7937106447785,1570700.5151375514,434.165844795135,115.89019207669556
0,HBEFA4/PC_petrol_Euro-6ab,Gasoline,2026-01-14 11:30:38,2026-01-14 11:30:38,-22.80054071880178,-43.20840643304872,-22.800513512434954,-43.208269127181424,5152.43335701039,3382.6396463656115,1769.7937106447785,1570702.6056707744,434.16643501742897,115.89060295123738
0,HBEFA4/PC_petrol_Euro-6ab,Gasoline,2026-01-14 11:30:38,2026-01-14 11:30:46,-22.800513512434954,-43.208269127181424,-22.804910643548702,-43.20517966876524,5182.945570042097,3403.4912685628447,1779.4543014792528,1579597.1503345666,436.63071267916706,116.57892530587527
0,HBEFA4/PC_petrol_Euro-6ab,Gasoline,2026-01-14 11:30:46,2026-01-14 11:30:46,-22.804910643548702,-43.20517966876524,-22.804877276165513,-43.20521158477176,5182.94907031923,3403.494768839977,1779.4543014792528,1579599.2448095712,436.6314477087535,116.57903225403722
0,HBEFA4/PC_petrol_Euro-6ab,Gasoline,2026-01-14 11:30:46,2026-01-14 11:30:46,-22.804877276165513,-43.20521158477176,-22.804837074367075,-43.205250037887474,5182.954009344871,3403.499707865619,1779.4543014792528,1579602.8623191295,436.6327580037657,116.5791823538321
0,HBEFA4/PC_petrol_Euro-6ab,Gasoline,2026-01-14 11:30:46,2026-01-14 11:30:46,-22.804837074367075,-43.205250037887474,-22.804787978830877,-43.205296997839454,5182.959959996227,3403.5056585169737,1779.4543014792528,1579606.0294878173,436.6338360864744,116.57935814058663
0,HBEFA4/PC_petrol_Euro-6ab,Gasoline,2026-01-14 11:30:46,2026-01-14 11:30:54,-22.804787978830877,-43.205296997839454,-22.798303899118302,-43.20458392551949,5214.104643173132,3426.0610225719515,1788.0436206011807,1588547.8409691465,439.11079470671575,117.26214608476342
0,HBEFA4/PC_petrol_Euro-6ab,Gasoline,2026-01-14 11:30:54,2026-01-14 11:30:54,-22.798303899118302,-43.20458392551949,-22.798221579775728,-43.20460173593396,5214.112510269696,3426.0688896685156,1788.0436206011807,1588550.6499581963,439.1116782966404,117.26237321306589
0,HBEFA4/PC_petrol_Euro-6ab,Gasoline,2026-01-14 11:30:54,2026-01-14 11:30:54,-22.798221579775728,-43.20460173593396,-22.79812575266506,-43.204615713239725,5214.121808485997,3426.0781878848165,1788.0436206011807,1588555.3497684726,439.1130919193849,117.26264423312284
0,HBEFA4/PC_petrol_Euro-6ab,Gasoline,2026-01-14 11:30:54,2026-01-14 11:30:54,-22.79812575266506,-43.204615713239725,-22.79788752043232,-43.204644821573595,5214.14506507929,3426.10144447811,1788.0436206011807,1588567.1892038235,439.11634188021134,117.26332179583622
0,HBEFA4/PC_petrol_Euro-6ab,Gasoline,2026-01-14 11:30:54,2026-01-14 11:31:00,-22.79788752043232,-43.204644821573595,-22.80491158081042,-43.20517877227114,5234.161746737629,3440.292652360852,1793.869094376777,1595036.8583225366,440.9082782360874,117.71071416026841
0,HBEFA4/PC_petrol_Euro-6ab,Gasoline,2026-01-14 11:31:00,2026-01-14 11:31:00,-22.80491158081042,-43.20517877227114,-22.804876643967646,-43.20521218947078,5234.165041586145,3440.295947209368,1793.869094376777,1595038.3862593074,440.90875783798424,117.7108136140133
0,HBEFA4/PC_petrol_Euro-6ab,Gasoline,2026-01-14 11:31:00,2026-01-14 11:31:00,-22.804876643967646,-43.20521218947078,-22.804832453489624,-43.205254457765605,5234.170212922522,3440.301118545745,1793.869094376777,1595042.7066898413,440.9103286880779,117.71097201088173
0,HBEFA4/PC_petrol_Euro-6ab,Gasoline,2026-01-14 11:31:00,2026-01-14 11:31:00,-22.804832453489624,-43.205254457765605,-22.80477599924682,-43.20530845632155,5234.176753976242,3440.3076595994658,1793.869094376777,1595046.5809655122,440.9116315550659,117.71116566094926
0,HBEFA4/PC_petrol_Euro-6ab,Gasoline,2026-01-14 11:31:00,2026-01-14 11:31:00,-22.80477599924682,-43.20530845632155,-22.80471005600748,-43.205371531031986,5234.185110303803,3440.3160159270265,1793.869094376777,1595051.7745442537,440.9132554252455,117.71141185887956
0,HBEFA4/PC_petrol_Euro-6ab,Gasoline,2026-01-14 11:31:00,2026-01-14 11:31:02,-22.80471005600748,-43.205371531031986,-22.800698865861317,-43.2092580077027,5246.417640499626,3444.83960071873,1801.578039780897,1598521.0704623607,441.7995047988471,117.99891042668436
0,HBEFA4/PC_petrol_Euro-6ab,Gasoline,2026-01-14 11:31:02,2026-01-14 11:31:06,-22.800698865861317,-43.2092580077027,-22.804912914135077,-43.205177496941424,5262.05002431571,3453.501844227509,1808.5481800882012,1603058.5547434045,443.0150606491014,118.36223237827981
0,HBEFA4/PC_petrol_Euro-6ab,Gasoline,2026-01-14 11:31:06,2026-01-14 11:31:06,-22.804912914135077,-43.205177496941424,-22.804879602085023,-43.2052093600232,5262.0532942279715,3453.5051141397707,1808.5481800882012,1603060.5043862034,443.015735275518,118.36233270310964
0,HBEFA4/PC_petrol_Euro-6ab,Gasoline,2026-01-14 11:31:06,2026-01-14 11:31:06,-22.804879602085023,-43.2052093600232,-22.804833596189155,-43.20525336477136,5262.058225063303,3453.5100449751026,1808.5481800882012,1603064.4431594857,443.01717494995347,118.36248358406819
0,HBEFA4/PC_petrol_Euro-6ab,Gasoline,2026-01-14 11:31:06,2026-01-14 11:31:14,-22.804833596189155,-43.20525336477136,-22.800698596595968,-43.209256549789366,5294.263053795887,3474.5208389225727,1819.7422148733137,1612999.1706978416,445.7578148557946,119.08214963188296
0,HBEFA4/PC_petrol_Euro-6ab,Gasoline,2026-01-14 11:31:14,2026-01-14 11:31:14,-22.800698596595968,-43.209256549789366,-22.800681078093803,-43.20916100984258,5294.271176485612,3474.5289616122986,1819.7422148733137,1613001.2734380763,445.7584651937141,119.08238215958478
0,HBEFA4/PC_petrol_Euro-6ab,Gasoline,2026-01-14 11:31:14,2026-01-14 11:31:14,-22.800681078093803,-43.20916100984258,-22.800661087758197,-43.20905194890643,5294.28117599253,3474.5389611192163,1819.7422148733137,1613007.169533555,445.7601876774873,119.08267514853786
0,HBEFA4/PC_petrol_Euro-6ab,Gasoline,2026-01-14 11:31:14,2026-01-14 11:31:14,-22.800661087758197,-43.20905194890643,-22.800637837128974,-43.20892510138694,5294.292590490246,3474.550375616933,1819.7422148733137,1613012.4618429926,445.761661748138,119.0830066791632
0,HBEFA4/PC_petrol_Euro-6ab,Gasoline,2026-01-14 11:31:14,2026-01-14 11:31:14,-22.800637837128974,-43.20892510138694,-22.80061253863687,-43.20878708209097,5294.305866566047,3474.563651692734,1819.7422148733137,1613019.6288771871,445.763522988125,119.08339459118103
0,HBEFA4/PC_petrol_Euro-6ab,Gasoline,2026-01-14 11:31:14,2026-01-14 11:31:14,-22.80061253863687,-43.20878708209097,-22.800586828878657,-43.20864681978933,5294.320311904836,3474.5780970315222,1819.7422148733137,1613025.1960469277,445.76494163828056,119.08381396124743
0,HBEFA4/PC_petrol_Euro-6ab,Gasoline,2026-01-14 11:31:14,2026-01-14 11:31:18,-22.800586828878657,-43.20864681978933,-22.804909135042973,-43.20518111165618,5309.027199053315,3484.3249483763207,1824.702250676994,1617397.4826889872,446.9816262046442,119.41658036676047
0,HBEFA4/PC_petrol_Euro-6ab,Gasoline,2026-01-14 11:31:18,2026-01-14 11:31:18,-22.804909135042973,-43.20518111165618,-22.804873474405284,-43.20521522116587,5309.030953607612,3484.3287029306184,1824.702250676994,1617399.815523735,446.9824598289257,119.4166948893757
0,HBEFA4/PC_petrol_Euro-6ab,Gasoline,2026-01-14 11:31:18,2026-01-14 11:31:19,-22.804873474405284,-43.20521522116587,-22.8026399547401,-43.20171135124264,5311.866464610552,3485.9192435270134,1825.9472210835384,1618196.8446464213,447.19720972728794,119.47923466690332
0,HBEFA4/PC_petrol_Euro-6ab,Gasoline,2026-01-14 11:31:19,2026-01-14 11:31:34,-22.8026399547401,-43.20171135124264,-22.804902001092046,-43.205187935304295,5376.08602653307,3527.901259968895,1848.1847665641753,1637095.050817691,452.34146432488956,120.92480298812497
0,HBEFA4/PC_petrol_Euro-6ab,Gasoline,2026-01-14 11:31:34,2026-01-14 11:31:34,-22.804902001092046,-43.205187935304295,-22.804865744804726,-43.20522261454915,5376.089499572046,3527.904733007871,1848.1847665641753,1637095.050817691,452.34146432488956,120.92480298812497
0,HBEFA4/PC_petrol_Euro-6ab,Gasoline,2026-01-14 11:31:34,2026-01-14 11:31:34,-22.804865744804726,-43.20522261454915,-22.804821639781004,-43.2052648010969,5376.094866211664,3527.910099647489,1848.1847665641753,1637099.453207626,452.34304981430154,120.92496678607166
0,HBEFA4/PC_petrol_Euro-6ab,Gasoline,2026-01-14 11:31:34,2026-01-14 11:31:34,-22.804821639781004,-43.2052648010969,-22.804767215188182,-43.20531685827906,5376.101394615999,3527.9166280518243,1848.1847665641753,1637102.9751688836,452.3442281261113,120.92515914548727
0,HBEFA4/PC_petrol_Euro-6ab,Gasoline,2026-01-14 11:31:34,2026-01-14 11:31:34,-22.804767215188182,-43.20531685827906,-22.804702561344715,-43.20537869967149,5376.109450515297,3527.924683951122,1848.1847665641753,1637107.5202088826,452.34566511909264,120.925395613012
0,HBEFA4/PC_petrol_Euro-6ab,Gasoline,2026-01-14 11:31:34,2026-01-14 11:31:34,-22.804702561344715,-43.20537869967149,-22.80462490961559,-43.20545297342624,5376.119020538987,3527.934253974812,1848.1847665641753,1637112.4764914606,452.34714000999196,120.92567472263453
0,HBEFA4/PC_petrol_Euro-6ab,Gasoline,2026-01-14 11:31:34,2026-01-14 11:31:34,-22.80462490961559,-43.20545297342624,-22.804559182992346,-43.20551584073945,5376.130514496502,3527.9457479323264,1848.1847665641753,1637119.0632464814,452.34895734028214,120.9260108774608
0,HBEFA4/PC_petrol_Euro-6ab,Gasoline,2026-01-14 11:31:34,2026-01-14 11:31:34,-22.804559182992346,-43.20551584073945,-22.80452385780492,-43.20554962913603,5376.140243303031,3527.955476738856,1848.1847665641753,1637119.0632464814,452.34895734028214,120.9260108774608
0,HBEFA4/PC_petrol_Euro-6ab,Gasoline,2026-01-14 11:31:34,2026-01-14 11:31:37,-22.80452385780492,-43.20554962913603,-22.798119082061614,-43.20194963179091,5389.56263572346,3536.8712021717324,1852.6914335517276,1641661.6395329407,453.6293903060268,121.23092208522041
0,HBEFA4/PC_petrol_Euro-6ab,Gasoline,2026-01-14 11:31:37,2026-01-14 11:31:37,-22.798119082061614,-43.20194963179091,-22.798024537358376,-43.20198376867847,5389.571836728655,3536.880403176928,1852.6914335517276,1641667.2752163738,453.6310907894261,121.23119244131442
0,HBEFA4/PC_petrol_Euro-6ab,Gasoline,2026-01-14 11:31:37,2026-01-14 11:31:37,-22.798024537358376,-43.20198376867847,-22.797914441913704,-43.202023461898,5389.582878465659,3536.8914449139315,1852.6914335517276,1641673.4793953768,453.6328327575755,121.23151515339347
0,HBEFA4/PC_petrol_Euro-6ab,Gasoline,2026-01-14 11:31:37,2026-01-14 11:31:52,-22.797914441913704,-43.202023461898,-22.80069340256266,-43.20922824845509,5446.365566760586,3576.399596173457,1869.9659705871295,1659004.0715719713,458.4552314067121,122.51600582619271
0,HBEFA4/PC_petrol_Euro-6ab,Gasoline,2026-01-14 11:31:52,2026-01-14 11:31:52,-22.80069340256266,-43.20922824845509,-22.800676019072444,-43.20913340938422,5446.373928690236,3576.407958103107,1869.9659705871295,1659005.537209249,458.45567751021565,122.51624354233572
0,HBEFA4/PC_petrol_Euro-6ab,Gasoline,2026-01-14 11:31:52,2026-01-14 11:31:52,-22.800676019072444,-43.20913340938422,-22.80065520325021,-43.20901984497824,5446.383854701735,3576.417884114606,1869.9659705871295,1659010.7122935955,458.45719629405454,122.5165330106587
0,HBEFA4/PC_petrol_Euro-6ab,Gasoline,2026-01-14 11:31:52,2026-01-14 11:31:52,-22.80065520325021,-43.20901984497824,-22.80063228177645,-43.20889479336124,5446.395740541151,3576.4297699540216,1869.9659705871295,1659017.551984242,458.45905617639136,122.51688069624055
0,HBEFA4/PC_petrol_Euro-6ab,Gasoline,2026-01-14 11:31:52,2026-01-14 11:31:52,-22.80063228177645,-43.20889479336124,-22.800608130606786,-43.208763033566264,5446.408828656037,3576.442858068908,1869.9659705871295,1659022.7976204301,458.46044638023204,122.51726005460615
0,HBEFA4/PC_petrol_Euro-6ab,Gasoline,2026-01-14 11:31:52,2026-01-14 11:31:52,-22.800608130606786,-43.208763033566264,-22.800582373705513,-43.20862251419451,5446.422618865772,3576.456648278643,1869.9659705871295,1659026.7932490662,458.4615055511956,122.51765782700899
0,HBEFA4/PC_petrol_Euro-6ab,Gasoline,2026-01-14 11:31:52,2026-01-14 11:31:52,-22.800582373705513,-43.20862251419451,-22.800556900293486,-43.208488098567024,5446.437325874331,3576.4713552872013,1869.9659705871295,1659031.6579188097,458.46274896446226,122.51808384057541
0,HBEFA4/PC_petrol_Euro-6ab,Gasoline,2026-01-14 11:31:52,2026-01-14 11:31:52,-22.800556900293486,-43.208488098567024,-22.80053054235684,-43.208355074201144,5446.451412695805,3576.485442108675,1869.9659705871295,1659031.6579188097,458.46274896446226,122.51808384057541
0,HBEFA4/PC_petrol_Euro-6ab,Gasoline,2026-01-14 11:31:52,2026-01-14 11:31:52,-22.80053054235684,-43.208355074201144,-22.800503851593227,-43.20822037072478,5446.465379335375,3576.4994087482455,1869.9659705871295,1659033.2545506582,458.4632220020836,122.51848306257669
0,HBEFA4/PC_petrol_Euro-6ab,Gasoline,2026-01-14 11:31:52,2026-01-14 11:31:52,-22.800503851593227,-43.20822037072478,-22.800477886926025,-43.20808933232007,5446.479522276267,3576.5135516891373,1869.9659705871295,1659035.74954672,458.46391107385875,122.51888887611953
0,HBEFA4/PC_petrol_Euro-6ab,Gasoline,2026-01-14 11:31:52,2026-01-14 11:31:56,-22.800477886926025,-43.20808933232007,-22.802638837047155,-43.20171392735223,5464.777740763709,3589.1391313791,1875.6386093846093,1664461.867811726,459.9759130084967,122.92962608712435
0,HBEFA4/PC_petrol_Euro-6ab,Gasoline,2026-01-14 11:31:56,2026-01-14 11:31:56,-22.802638837047155,-43.20171392735223,-22.802616302489653,-43.20176586599579,5464.7821949230665,3589.1435855384575,1875.6386093846093,1664461.867811726,459.9759130084967,122.92962608712435
0,HBEFA4/PC_petrol_Euro-6ab,Gasoline,2026-01-14 11:31:56,2026-01-14 11:32:06,-22.802616302489653,-43.20176586599579,-22.80491186044028,-43.205178504804195,5496.800331120882,3609.3584803935396,1887.4418507273429,1675199.1900179791,462.94808225587457,123.66049709339029
0,HBEFA4/PC_petrol_Euro-6ab,Gasoline,2026-01-14 11:32:06,2026-01-14 11:32:06,-22.80491186044028,-43.205178504804195,-22.804883503238273,-43.2052056285589,5496.803290195448,3609.361439468106,1887.4418507273429,1675199.1900179791,462.94808225587457,123.66049709339029
0,HBEFA4/PC_petrol_Euro-6ab,Gasoline,2026-01-14 11:32:06,2026-01-14 11:32:06,-22.804883503238273,-43.2052056285589,-22.80484235426898,-43.20524498765065,5496.807487616344,3609.365636889001,1887.4418507273429,1675202.3743581898,462.9492633581768,123.66062621071457
0,HBEFA4/PC_petrol_Euro-6ab,Gasoline,2026-01-14 11:32:06,2026-01-14 11:32:06,-22.80484235426898,-43.20524498765065,-22.804793405991592,-43.20529180675475,5496.813578467721,3609.3717277403775,1887.4418507273429,1675206.9914497063,462.9508670178254,123.66080983637843
0,HBEFA4/PC_petrol_Euro-6ab,Gasoline,2026-01-14 11:32:06,2026-01-14 11:32:06,-22.804793405991592,-43.20529180675475,-22.804732461790074,-43.20535009991027,5496.820823766867,3609.378973039524,1887.4418507273429,1675210.6486760504,462.95205603445527,123.66102200678141
0,HBEFA4/PC_petrol_Euro-6ab,Gasoline,2026-01-14 11:32:06,2026-01-14 11:32:06,-22.804732461790074,-43.20535009991027,-22.80465904837912,-43.20542031976877,5496.829844693256,3609.387993965913,1887.4418507273429,1675215.9830826954,462.95367775916907,123.66128674697661
0,HBEFA4/PC_petrol_Euro-6ab,Gasoline,2026-01-14 11:32:06,2026-01-14 11:32:08,-22.80465904837912,-43.20542031976877,-22.804912278383647,-43.205178105039906,5508.445652878371,3617.4822574221153,1890.9633954562562,1678707.8534958817,463.90196864472404,123.91863857492302
0,HBEFA4/PC_petrol_Euro-6ab,Gasoline,2026-01-14 11:32:08,2026-01-14 11:32:08,-22.804912278383647,-43.205178105039906,-22.804879717543315,-43.20520924958702,5508.44923833165,3617.4858428753946,1890.9633954562562,1678707.8534958817,463.90196864472404,123.91863857492302
0,HBEFA4/PC_petrol_Euro-6ab,Gasoline,2026-01-14 11:32:08,2026-01-14 11:32:17,-22.804879717543315,-43.20520924958702,-22.800705353687015,-43.20929313548219,5544.683311854684,3637.3803928353855,1907.3029190192983,1690279.1457087174,467.0251301258069,124.74041818674583
0,HBEFA4/PC_petrol_Euro-6ab,Gasoline,2026-01-14 11:32:17,2026-01-14 11:32:17,-22.800705353687015,-43.20929313548219,-22.800689743717648,-43.209208286874855,5544.690996265877,3637.388077246579,1907.3029190192983,1690280.6387765696,467.02558551495383,124.74063705671287
0,HBEFA4/PC_petrol_Euro-6ab,Gasoline,2026-01-14 11:32:17,2026-01-14 11:32:17,-22.800689743717648,-43.209208286874855,-22.800671140535474,-43.20910679361934,5544.69987790146,3637.396958882162,1907.3029190192983,1690284.7440540288,467.0268400948057,124.74089523351591
0,HBEFA4/PC_petrol_Euro-6ab,Gasoline,2026-01-14 11:32:17,2026-01-14 11:32:17,-22.800671140535474,-43.20910679361934,-22.800649949263555,-43.208991180997586,5544.710500351526,3637.407581332228,1907.3029190192983,1690290.5557146955,467.0284991383545,124.7412054298099
0,HBEFA4/PC_petrol_Euro-6ab,Gasoline,2026-01-14 11:32:17,2026-01-14 11:32:17,-22.800649949263555,-43.208991180997586,-22.800625373739443,-43.208857105617234,5544.722600561653,3637.419681542355,1907.3029190192983,1690296.2300744858,467.0300415440933,124.7415571467158
0,HBEFA4/PC_petrol_Euro-6ab,Gasoline,2026-01-14 11:32:17,2026-01-14 11:32:17,-22.800625373739443,-43.208857105617234,-22.80059970011544,-43.208717040091535,5544.736633120413,3637.4337141011147,1907.3029190192983,1690303.9396502431,467.0319936402247,124.7419677501841
0,HBEFA4/PC_petrol_Euro-6ab,Gasoline,2026-01-14 11:32:17,2026-01-14 11:32:20,-22.80059970011544,-43.208717040091535,-22.797894878111325,-43.204643923181145,5553.985313468771,3644.2618782244963,1909.723435244275,1693184.370661059,467.8456437875006,124.94345188889052
0,HBEFA4/PC_petrol_Euro-6ab,Gasoline,2026-01-14 11:32:20,2026-01-14 11:32:20,-22.797894878111325,-43.204643923181145,-22.797815162653325,-43.204650237008664,5553.99309345297,3644.2696582086955,1909.723435244275,1693184.370661059,467.8456437875006,124.94345188889052
0,HBEFA4/PC_petrol_Euro-6ab,Gasoline,2026-01-14 11:32:20,2026-01-14 11:32:23,-22.797815162653325,-43.204650237008664,-22.80069946887621,-43.20926127267359,5566.085882203408,3652.132892421232,1913.9529897821758,1696778.0844885348,468.82027536340655,125.21083164990009
0,HBEFA4/PC_petrol_Euro-6ab,Gasoline,2026-01-14 11:32:23,2026-01-14 11:32:23,-22.80069946887621,-43.20926127267359,-22.800682875722146,-43.20917081715437,5566.094072038647,3652.1410822564712,1913.9529897821758,1696779.7671114046,468.82079077508837,125.21106505975528
0,HBEFA4/PC_petrol_Euro-6ab,Gasoline,2026-01-14 11:32:23,2026-01-14 11:32:28,-22.800682875722146,-43.20917081715437,-22.80070377303374,-43.20928457716558,5588.364812588515,3668.787414127739,1919.5773984607763,1703148.8362441873,470.6155708263173,125.70009912046822
0,HBEFA4/PC_petrol_Euro-6ab,Gasoline,2026-01-14 11:32:28,2026-01-14 11:32:28,-22.80070377303374,-43.20928457716558,-22.80068718153376,-43.20919430836318,5588.372522250883,3668.795123790107,1919.5773984607763,1703148.8362441873,470.6155708263173,125.70009912046822
0,HBEFA4/PC_petrol_Euro-6ab,Gasoline,2026-01-14 11:32:28,2026-01-14 11:32:28,-22.80068718153376,-43.20919430836318,-22.800667448343972,-43.20908665019974,5588.38197091516,3668.804572454384,1919.5773984607763,1703154.2370586407,470.61718450210225,125.70037580762467
0,HBEFA4/PC_petrol_Euro-6ab,Gasoline,2026-01-14 11:32:28,2026-01-14 11:32:33,-22.800667448343972,-43.20908665019974,-22.80490788480864,-43.20518230750962,5607.572697925012,3682.3043797599344,1925.2683181650784,1708874.971305901,472.2069310103835,126.12844819708666
0,HBEFA4/PC_petrol_Euro-6ab,Gasoline,2026-01-14 11:32:33,2026-01-14 11:32:33,-22.80490788480864,-43.20518230750962,-22.804870228866758,-43.20521832553216,5607.576318666806,3682.308000501728,1925.2683181650784,1708877.0279553307,472.2076457992927,126.12855820623379
0,HBEFA4/PC_petrol_Euro-6ab,Gasoline,2026-01-14 11:32:33,2026-01-14 11:32:33,-22.804870228866758,-43.20521832553216,-22.80482574934296,-43.20526087029396,5607.581892482868,3682.31357431779,1925.2683181650784,1708881.5827328255,472.2092713317529,126.12872793140693
0,HBEFA4/PC_petrol_Euro-6ab,Gasoline,2026-01-14 11:32:33,2026-01-14 11:32:41,-22.80482574934296,-43.20526087029396,-22.798064744867123,-43.20196927246074,5639.014498722473,3704.971275544484,1934.0432231779896,1718799.5657283328,475.0090977692467,126.8279658241462
0,HBEFA4/PC_petrol_Euro-6ab,Gasoline,2026-01-14 11:32:41,2026-01-14 11:32:41,-22.798064744867123,-43.20196927246074,-22.797972422715933,-43.20200255782076,5639.023983389283,3704.9807602112933,1934.0432231779896,1718803.4834503985,475.0102698043652,126.82824035992489
0,HBEFA4/PC_petrol_Euro-6ab,Gasoline,2026-01-14 11:32:41,2026-01-14 11:32:41,-22.797972422715933,-43.20200255782076,-22.79786670944175,-43.20204067108335,5639.034763951277,3704.991540773287,1934.0432231779896,1718808.2987207836,475.0116432366697,126.82855306836963
0,HBEFA4/PC_petrol_Euro-6ab,Gasoline,2026-01-14 11:32:41,2026-01-14 11:32:41,-22.79786670944175,-43.20204067108335,-22.797745018946845,-43.20208454459637,5639.047108208288,3705.003885030298,1934.0432231779896,1718814.2834038134,475.01325425296955,126.82891229299824
0,HBEFA4/PC_petrol_Euro-6ab,Gasoline,2026-01-14 11:32:41,2026-01-14 11:32:54,-22.797745018946845,-43.20208454459637,-22.802640839385877,-43.2017093122707,5694.378938409799,3742.1673781779955,1952.2115602318038,1735808.0580639092,479.6975139977553,128.06137273250206
0,HBEFA4/PC_petrol_Euro-6ab,Gasoline,2026-01-14 11:32:54,2026-01-14 11:32:54,-22.802640839385877,-43.2017093122707,-22.80262137487555,-43.20175417494174,5694.382651601261,3742.171091369458,1952.2115602318038,1735808.0580639092,479.6975139977553,128.06137273250206
0,HBEFA4/PC_petrol_Euro-6ab,Gasoline,2026-01-14 11:32:54,2026-01-14 11:32:54,-22.80262137487555,-43.20175417494174,-22.80260463846437,-43.20181523265716,5694.38773875279,3742.1761785209865,1952.2115602318038,1735811.613039121,479.6987892867169,128.0615265669676
0,HBEFA4/PC_petrol_Euro-6ab,Gasoline,2026-01-14 11:32:54,2026-01-14 11:32:54,-22.80260463846437,-43.20181523265716,-22.802625531491607,-43.20188564528885,5694.394404012747,3742.1828437809436,1952.2115602318038,1735815.870703238,479.7002198004924,128.06172458981996
0,HBEFA4/PC_petrol_Euro-6ab,Gasoline,2026-01-14 11:32:54,2026-01-14 11:32:54,-22.802625531491607,-43.20188564528885,-22.803020317676655,-43.20205660732685,5694.435376281361,3742.2238160495576,1952.2115602318038,1735836.3465856842,479.7061287224424,128.06291868264628
0,HBEFA4/PC_petrol_Euro-6ab,Gasoline,2026-01-14 11:32:54,2026-01-14 11:32:54,-22.803020317676655,-43.20205660732685,-22.803140904527634,-43.20210783646516,5694.449923214718,3742.238362982914,1952.2115602318038,1735844.485001179,479.70815491529675,128.06334487170054
0,HBEFA4/PC_petrol_Euro-6ab,Gasoline,2026-01-14 11:32:54,2026-01-14 11:32:54,-22.803140904527634,-43.20210783646516,-22.803262880088177,-43.20215977966854,5694.464276158546,3742.2527159267424,1952.2115602318038,1735845.8780035402,479.70857811238477,128.0637552248223
0,HBEFA4/PC_petrol_Euro-6ab,Gasoline,2026-01-14 11:32:54,2026-01-14 11:32:54,-22.803262880088177,-43.20215977966854,-22.803383900814648,-43.202211453669065,5694.478799072329,3742.2672388405254,1952.2115602318038,1735848.3970836464,479.70926895392097,128.0641723118728
0,HBEFA4/PC_petrol_Euro-6ab,Gasoline,2026-01-14 11:32:54,2026-01-14 11:32:54,-22.803383900814648,-43.202211453669065,-22.80350510761082,-43.20226320720873,5694.493213479474,3742.281653247671,1952.2115602318038,1735850.0535563552,479.7097549795214,128.06458488689978
0,HBEFA4/PC_petrol_Euro-6ab,Gasoline,2026-01-14 11:32:54,2026-01-14 11:32:54,-22.80350510761082,-43.20226320720873,-22.80363499807562,-43.20227897329418,5694.507650050321,3742.2960898185174,1952.2115602318038,1735852.1108278674,479.71033655090497,128.06499872244268
0,HBEFA4/PC_petrol_Euro-6ab,Gasoline,2026-01-14 11:32:54,2026-01-14 11:32:54,-22.80363499807562,-43.20227897329418,-22.803750446533133,-43.20222327188711,5694.522295075664,3742.3107348438607,1952.2115602318038,1735854.763325891,479.71105772229714,128.06541962772056
0,HBEFA4/PC_petrol_Euro-6ab,Gasoline,2026-01-14 11:32:54,2026-01-14 11:32:58,-22.803750446533133,-43.20222327188711,-22.79804270416797,-43.201977218907395,5711.457952120129,3751.7377786818774,1959.7201734382518,1741098.4405329172,481.1526102517293,128.45841962771686
0,HBEFA4/PC_petrol_Euro-6ab,Gasoline,2026-01-14 11:32:58,2026-01-14 11:32:58,-22.79804270416797,-43.201977218907395,-22.797938987829486,-43.20201461225205,5711.468277106759,3751.7481036685076,1959.7201734382518,1741103.0205542217,481.1539383854495,128.4587190538459
0,HBEFA4/PC_petrol_Euro-6ab,Gasoline,2026-01-14 11:32:58,2026-01-14 11:33:00,-22.797938987829486,-43.20201461225205,-22.802649792371344,-43.20168867701622,5720.596427796542,3757.677022601344,1962.9194051951988,1743540.575436785,481.8118199066196,128.66409278357028
0,HBEFA4/PC_petrol_Euro-6ab,Gasoline,2026-01-14 11:33:00,2026-01-14 11:33:00,-22.802649792371344,-43.20168867701622,-22.802627269128152,-43.20174058961016,5720.600801690525,3757.6813964953267,1962.9194051951988,1743540.575436785,481.8118199066196,128.66409278357028
0,HBEFA4/PC_petrol_Euro-6ab,Gasoline,2026-01-14 11:33:00,2026-01-14 11:33:07,-22.802627269128152,-43.20174058961016,-22.802641522770507,-43.201707737174566,5747.424635421645,3777.2635803630646,1970.1610550585806,1751818.4672251025,484.1517430619365,129.26594699656715
0,HBEFA4/PC_petrol_Euro-6ab,Gasoline,2026-01-14 11:33:07,2026-01-14 11:33:07,-22.802641522770507,-43.201707737174566,-22.802622367415157,-43.20175188729327,5747.428422995074,3777.2673679364934,1970.1610550585806,1751818.4672251025,484.1517430619365,129.26594699656715
0,HBEFA4/PC_petrol_Euro-6ab,Gasoline,2026-01-14 11:33:07,2026-01-14 11:33:07,-22.802622367415157,-43.20175188729327,-22.802604631142252,-43.20181545734315,5747.433429347482,3777.272374288902,1970.1610550585806,1751821.7775890355,484.15292626372496,129.26609793238336
0,HBEFA4/PC_petrol_Euro-6ab,Gasoline,2026-01-14 11:33:07,2026-01-14 11:33:07,-22.802604631142252,-43.20181545734315,-22.802628927170797,-43.2018884643783,5747.440377103209,3777.279322044629,1970.1610550585806,1751826.743870225,484.15458269821244,129.26630541590646
0,HBEFA4/PC_petrol_Euro-6ab,Gasoline,2026-01-14 11:33:07,2026-01-14 11:33:07,-22.802628927170797,-43.2018884643783,-22.802641327275925,-43.201708187759415,5748.798134362462,3778.5045762451864,1970.2935581172758,1752131.1093537312,484.24016215987854,129.2941091629457
0,HBEFA4/PC_petrol_Euro-6ab,Gasoline,2026-01-14 11:33:07,2026-01-14 11:33:09,-22.802641327275925,-43.201708187759415,-22.797177161532577,-43.20395383084401,5756.446038312773,3785.321251629239,1971.124786683534,1753862.280301327,484.7315169658876,129.46026514263914
0,HBEFA4/PC_petrol_Euro-6ab,Gasoline,2026-01-14 11:33:09,2026-01-14 11:33:16,-22.797177161532577,-43.20395383084401,-22.797180950984448,-43.203953122059225,5783.878822410807,3803.299960882763,1980.5788615280444,1762576.7512664904,487.15116099924995,130.07333267024322
0,HBEFA4/PC_petrol_Euro-6ab,Gasoline,2026-01-14 11:33:16,2026-01-14 11:33:16,-22.797180950984448,-43.203953122059225,-22.79705803313914,-43.20394821880939,5783.893513380333,3803.31465185229,1980.5788615280444,1762578.846352588,487.15174980270433,130.0737541134888
0,HBEFA4/PC_petrol_Euro-6ab,Gasoline,2026-01-14 11:33:16,2026-01-14 11:33:16,-22.79705803313914,-43.20394821880939,-22.797013096331607,-43.20382420842368,5783.907518672187,3803.3286571441427,1980.5788615280444,1762578.846352588,487.15174980270433,130.0737541134888
0,HBEFA4/PC_petrol_Euro-6ab,Gasoline,2026-01-14 11:33:16,2026-01-14 11:33:17,-22.797013096331607,-43.20382420842368,-22.798335542913442,-43.2045770791374,5784.2027429143955,3803.6238813863515,1980.5788615280444,1762669.1568061246,487.17809061512986,130.0800772092208
0,HBEFA4/PC_petrol_Euro-6ab,Gasoline,2026-01-14 11:33:17,2026-01-14 11:33:23,-22.798335542913442,-43.2045770791374,-22.800700895569648,-43.209268997380754,5807.691157213601,3820.850037410551,1986.8411198030503,1769688.2431226545,489.1559256008163,130.60098791802832
0,HBEFA4/PC_petrol_Euro-6ab,Gasoline,2026-01-14 11:33:23,2026-01-14 11:33:23,-22.800700895569648,-43.209268997380754,-22.800683196400083,-43.20917256667577,5807.699413325671,3820.858293522621,1986.8411198030503,1769689.9962610542,489.1564631229788,130.60122334362612
0,HBEFA4/PC_petrol_Euro-6ab,Gasoline,2026-01-14 11:33:23,2026-01-14 11:33:23,-22.800683196400083,-43.20917256667577,-22.800662410610133,-43.20905916595399,5807.7095064355835,3820.868386632533,1986.8411198030503,1769695.8375124813,489.1581636674548,130.6015188230395
0,HBEFA4/PC_petrol_Euro-6ab,Gasoline,2026-01-14 11:33:23,2026-01-14 11:33:23,-22.800662410610133,-43.20905916595399,-22.800638270938556,-43.20892746809905,5807.721375142084,3820.880255339034,1986.8411198030503,1769702.1978451626,489.15989823856495,130.60186516846852
0,HBEFA4/PC_petrol_Euro-6ab,Gasoline,2026-01-14 11:33:23,2026-01-14 11:33:37,-22.800638270938556,-43.20892746809905,-22.80490777140929,-43.20518241597648,5865.545661591252,3855.7900882157164,2009.755573375535,1787379.5532540374,494.00547605320116,131.93414396122418
0,HBEFA4/PC_petrol_Euro-6ab,Gasoline,2026-01-14 11:33:37,2026-01-14 11:33:37,-22.80490777140929,-43.20518241597648,-22.804871725971935,-43.205216893547075,5865.549395452163,3855.7938220766273,2009.755573375535,1787382.157143983,494.0064305832416,131.93425887862412
0,HBEFA4/PC_petrol_Euro-6ab,Gasoline,2026-01-14 11:33:37,2026-01-14 11:33:37,-22.804871725971935,-43.205216893547075,-22.804823836128637,-43.205262700286724,5865.554730882073,3855.799157506538,2009.755573375535,1787386.1095776223,494.0078440955702,131.93442050512604
0,HBEFA4/PC_petrol_Euro-6ab,Gasoline,2026-01-14 11:33:37,2026-01-14 11:33:37,-22.804823836128637,-43.205262700286724,-22.80476753654646,-43.20531655089971,5865.561819513774,3855.8062461382397,2009.755573375535,1787390.7898621077,494.0093911620401,131.93463104092527
0,HBEFA4/PC_petrol_Euro-6ab,Gasoline,2026-01-14 11:33:37,2026-01-14 11:33:37,-22.80476753654646,-43.20531655089971,-22.80470194850407,-43.20537928585308,5865.570152948069,3855.8145795725345,2009.755573375535,1787394.8598501189,494.01066119631986,131.93487400513666
0,HBEFA4/PC_petrol_Euro-6ab,Gasoline,2026-01-14 11:33:37,2026-01-14 11:33:37,-22.80470194850407,-43.20537928585308,-22.8046251782906,-43.20545271643924,5865.579861251322,3855.824287875787,2009.755573375535,1787399.553973401,494.01205169798243,131.93515641193153
0,HBEFA4/PC_petrol_Euro-6ab,Gasoline,2026-01-14 11:33:37,2026-01-14 11:33:37,-22.8046251782906,-43.20545271643924,-22.804557594601388,-43.205517360029425,5865.59122472746,3855.8356513519257,2009.755573375535,1787405.4237898814,494.0136839684084,131.93548756421478
0,HBEFA4/PC_petrol_Euro-6ab,Gasoline,2026-01-14 11:33:37,2026-01-14 11:33:37,-22.804557594601388,-43.205517360029425,-22.804519555716716,-43.20555374406396,5865.601228415486,3855.8456550399505,2009.755573375535,1787405.4237898814,494.0136839684084,131.93548756421478
0,HBEFA4/PC_petrol_Euro-6ab,Gasoline,2026-01-14 11:33:37,2026-01-14 11:33:39,-22.804519555716716,-43.20555374406396,-22.800696387786214,-43.20924453496591,5876.106226906591,3863.5203349684302,2012.5858919381599,1790411.412551797,494.8424911065665,132.16890932544314
0,HBEFA4/PC_petrol_Euro-6ab,Gasoline,2026-01-14 11:33:39,2026-01-14 11:33:39,-22.800696387786214,-43.20924453496591,-22.800680387368264,-43.209157241455685,5876.113884117848,3863.5279921796887,2012.5858919381599,1790411.412551797,494.8424911065665,132.16890932544314
0,HBEFA4/PC_petrol_Euro-6ab,Gasoline,2026-01-14 11:33:39,2026-01-14 11:33:39,-22.800680387368264,-43.209157241455685,-22.800661001007004,-43.209051475620385,5876.123020398118,3863.537128459958,2012.5858919381599,1790416.1668977232,494.8439300150322,132.16917597875502
0,HBEFA4/PC_petrol_Euro-6ab,Gasoline,2026-01-14 11:33:39,2026-01-14 11:33:39,-22.800661001007004,-43.209051475620385,-22.80063859478402,-43.20892923488576,5876.13409002521,3863.54819808705,2012.5858919381599,1790422.6057182834,494.8457344099597,132.1694999175482
0,HBEFA4/PC_petrol_Euro-6ab,Gasoline,2026-01-14 11:33:39,2026-01-14 11:33:43,-22.80063859478402,-43.20892923488576,-22.800702484645832,-43.20927760129764,5892.270962603389,3875.3925195420697,2016.8784430613198,1794803.7050249104,496.06099124629117,132.52835500050847
0,HBEFA4/PC_petrol_Euro-6ab,Gasoline,2026-01-14 11:33:43,2026-01-14 11:33:43,-22.800702484645832,-43.20927760129764,-22.80068494707573,-43.20918211783194,5892.279402566639,3875.400959505319,2016.8784430613198,1794806.369516817,496.0618141872676,132.5285976626261
0,HBEFA4/PC_petrol_Euro-6ab,Gasoline,2026-01-14 11:33:43,2026-01-14 11:33:43,-22.80068494707573,-43.20918211783194,-22.80066504991598,-43.20907356514925,5892.2893967960035,3875.4109537346844,2016.8784430613198,1794811.5442089157,496.06332901980744,132.5288890316938
0,HBEFA4/PC_petrol_Euro-6ab,Gasoline,2026-01-14 11:33:43,2026-01-14 11:34:08,-22.80066504991598,-43.20907356514925,-22.800705351207437,-43.20929312205672,5962.284414713788,3918.7004983644697,2043.5839163493185,1816299.3445163623,501.95850934061224,134.1250691697036
0,HBEFA4/PC_petrol_Euro-6ab,Gasoline,2026-01-14 11:34:08,2026-01-14 11:34:08,-22.800705351207437,-43.20929312205672,-22.800688528985148,-43.20920165965548,5962.2920276714485,3918.7081113221307,2043.5839163493185,1816301.029259018,501.95902820456956,134.12528652428742
0,HBEFA4/PC_petrol_Euro-6ab,Gasoline,2026-01-14 11:34:08,2026-01-14 11:34:08,-22.800688528985148,-43.20920165965548,-22.80066957811154,-43.20909826953073,5962.30160151701,3918.7176851676913,2043.5839163493185,1816306.951396325,501.9607876241334,134.12556777604553
0,HBEFA4/PC_petrol_Euro-6ab,Gasoline,2026-01-14 11:34:08,2026-01-14 11:34:08,-22.80066957811154,-43.20909826953073,-22.800647511440253,-43.20897788106533,5962.312422496769,3918.7285061474504,2043.5839163493185,1816311.6623032442,501.96213034687133,134.1258814240211
0,HBEFA4/PC_petrol_Euro-6ab,Gasoline,2026-01-14 11:34:08,2026-01-14 11:34:08,-22.800647511440253,-43.20897788106533,-22.80062301725938,-43.20884424952866,5962.325022555099,3918.7411062057804,2043.5839163493185,1816318.3200408032,501.9639008230031,134.12624911037543
0,HBEFA4/PC_petrol_Euro-6ab,Gasoline,2026-01-14 11:34:08,2026-01-14 11:34:08,-22.80062301725938,-43.20884424952866,-22.80059849420022,-43.208710461094405,5962.33900866099,3918.7550923116714,2043.5839163493185,1816324.387181771,501.9654574083041,134.1266558267082
0,HBEFA4/PC_petrol_Euro-6ab,Gasoline,2026-01-14 11:34:08,2026-01-14 11:34:08,-22.80059849420022,-43.208710461094405,-22.80057280825127,-43.20857032907782,5962.353011193902,3918.769094844583,2043.5839163493185,1816326.3915085893,501.9660291063102,134.1270567400514
0,HBEFA4/PC_petrol_Euro-6ab,Gasoline,2026-01-14 11:34:08,2026-01-14 11:34:08,-22.80057280825127,-43.20857032907782,-22.800545924166876,-43.20843270370688,5962.367677663577,3918.7837613142583,2043.5839163493185,1816330.4604379826,501.9670853289749,134.12748038022406
0,HBEFA4/PC_petrol_Euro-6ab,Gasoline,2026-01-14 11:34:08,2026-01-14 11:34:08,-22.800545924166876,-43.20843270370688,-22.800519548932748,-43.208299592294985,5962.382118772766,3918.7982024234484,2043.5839163493185,1816331.761088982,501.96748638358594,134.1278932129874
0,HBEFA4/PC_petrol_Euro-6ab,Gasoline,2026-01-14 11:34:08,2026-01-14 11:34:08,-22.800519548932748,-43.208299592294985,-22.800493366623062,-43.208167455138266,5962.396094554152,3918.812178204834,2043.5839163493185,1816331.761088982,501.96748638358594,134.1278932129874
0,HBEFA4/PC_petrol_Euro-6ab,Gasoline,2026-01-14 11:34:08,2026-01-14 11:34:08,-22.800493366623062,-43.208167455138266,-22.800466870581545,-43.208033735242594,5962.409968051599,3918.826051702281,2043.5839163493185,1816333.4055826075,501.9679713333856,134.128289758005
0,HBEFA4/PC_petrol_Euro-6ab,Gasoline,2026-01-14 11:34:08,2026-01-14 11:34:10,-22.800466870581545,-43.208033735242594,-22.802639457548832,-43.20171249719175,5966.982422494251,3923.398506144933,2043.5839163493185,1817621.0832138504,502.3462203688403,134.22795610423577
0,HBEFA4/PC_petrol_Euro-6ab,Gasoline,2026-01-14 11:34:10,2026-01-14 11:34:21,-22.802639457548832,-43.20171249719175,-22.798054236420548,-43.20319580100421,6003.377840056696,3947.038886318995,2056.338953737701,1828373.457150056,505.304968753865,135.04658565863605
0,HBEFA4/PC_petrol_Euro-6ab,Gasoline,2026-01-14 11:34:21,2026-01-14 11:34:21,-22.798054236420548,-43.20319580100421,-22.797961012986498,-43.20329028978189,6003.392181663182,3947.0532279254808,2056.338953737701,1828373.457150056,505.304968753865,135.04658565863605
0,HBEFA4/PC_petrol_Euro-6ab,Gasoline,2026-01-14 11:34:21,2026-01-14 11:34:21,-22.797961012986498,-43.20329028978189,-22.7978330606738,-43.20329635759232,6003.406607357164,3947.0676536194633,2056.338953737701,1828375.7026919434,505.30559533304194,135.0469994550081
0,HBEFA4/PC_petrol_Euro-6ab,Gasoline,2026-01-14 11:34:21,2026-01-14 11:34:21,-22.7978330606738,-43.20329635759232,-22.797719808046075,-43.20323678137416,6003.421182169865,3947.082228432164,2056.338953737701,1828378.163429001,505.3062717773913,135.04741799320811
0,HBEFA4/PC_petrol_Euro-6ab,Gasoline,2026-01-14 11:34:21,2026-01-14 11:34:21,-22.797719808046075,-43.20323678137416,-22.797023582619605,-43.20299881809268,6003.507049390281,3947.1680956525806,2056.338953737701,1828397.9386318899,505.31245972425523,135.04875931655164
0,HBEFA4/PC_petrol_Euro-6ab,Gasoline,2026-01-14 11:34:21,2026-01-14 11:34:35,-22.797023582619605,-43.20299881809268,-22.80490737184183,-43.205182798164124,6040.021186936181,3969.340068786665,2070.681118149516,1838848.0611588426,508.11779603550883,135.88330017453947
0,HBEFA4/PC_petrol_Euro-6ab,Gasoline,2026-01-14 11:34:35,2026-01-14 11:34:35,-22.80490737184183,-43.205182798164124,-22.804872104552683,-43.20521653143358,6040.0249945959495,3969.343876446434,2070.681118149516,1838850.433771528,508.11864529399463,135.88341624177946
0,HBEFA4/PC_petrol_Euro-6ab,Gasoline,2026-01-14 11:34:35,2026-01-14 11:34:35,-22.804872104552683,-43.20521653143358,-22.8048235551557,-43.20526296903781,6040.030214844702,3969.3490966951863,2070.681118149516,1838854.0752137674,508.1199457321337,135.88357387444808
0,HBEFA4/PC_petrol_Euro-6ab,Gasoline,2026-01-14 11:34:35,2026-01-14 11:34:35,-22.8048235551557,-43.20526296903781,-22.80476328838857,-43.205320614264814,6040.0374011032245,3969.356282953709,2070.681118149516,1838859.163117419,508.12162426884794,135.88378808423798
0,HBEFA4/PC_petrol_Euro-6ab,Gasoline,2026-01-14 11:34:35,2026-01-14 11:34:35,-22.80476328838857,-43.205320614264814,-22.804695009575653,-43.20538592293196,6040.046321757997,3969.365203608482,2070.681118149516,1838864.3794916938,508.1232166683637,135.88404980452108
0,HBEFA4/PC_petrol_Euro-6ab,Gasoline,2026-01-14 11:34:35,2026-01-14 11:34:54,-22.804695009575653,-43.20538592293196,-22.800701213089926,-43.209270716566905,6104.518072539284,4011.7690362846784,2092.749036254606,1858985.5820486667,513.667975052375,137.3372916246117
0,HBEFA4/PC_petrol_Euro-6ab,Gasoline,2026-01-14 11:34:54,2026-01-14 11:34:54,-22.800701213089926,-43.209270716566905,-22.800683297885975,-43.209173120351956,6104.5264933410335,4011.7774570864276,2092.749036254606,1858988.3183281505,513.6688210232188,137.33753391942238
0,HBEFA4/PC_petrol_Euro-6ab,Gasoline,2026-01-14 11:34:54,2026-01-14 11:34:54,-22.800683297885975,-43.209173120351956,-22.800662155569352,-43.20905777453478,6104.536708486882,4011.7876722322762,2092.749036254606,1858994.1074073638,513.6704988190522,137.33783269155867
0,HBEFA4/PC_petrol_Euro-6ab,Gasoline,2026-01-14 11:34:54,2026-01-14 11:34:54,-22.800662155569352,-43.20905777453478,-22.800639079010246,-43.20893187665369,6104.548780770289,4011.799744515684,2092.749036254606,1859000.7589060452,513.6722979420064,137.33818533063393
0,HBEFA4/PC_petrol_Euro-6ab,Gasoline,2026-01-14 11:34:54,2026-01-14 11:34:54,-22.800639079010246,-43.20893187665369,-22.800614278282005,-43.20879657293466,6104.561957455069,4011.8129212004633,2092.749036254606,1859005.756274581,513.6736227390212,137.33856684508388
0,HBEFA4/PC_petrol_Euro-6ab,Gasoline,2026-01-14 11:34:54,2026-01-14 11:34:54,-22.800614278282005,-43.20879657293466,-22.80058880178872,-43.208657583183154,6104.576118576508,4011.8270823219023,2092.749036254606,1859010.679472502,513.6748965305453,137.33897691127095
0,HBEFA4/PC_petrol_Euro-6ab,Gasoline,2026-01-14 11:34:54,2026-01-14 11:34:54,-22.80058880178872,-43.208657583183154,-22.800563907177395,-43.20852346131099,6104.590665490719,4011.841629236114,2092.749036254606,1859013.8659807122,513.6757457549243,137.33939570605264
0,HBEFA4/PC_petrol_Euro-6ab,Gasoline,2026-01-14 11:34:54,2026-01-14 11:34:54,-22.800563907177395,-43.20852346131099,-22.800536740644485,-43.20838635593095,6104.604709853009,4011.8556735984034,2092.749036254606,1859013.8659807122,513.6757457549243,137.33939570605264
0,HBEFA4/PC_petrol_Euro-6ab,Gasoline,2026-01-14 11:34:54,2026-01-14 11:34:54,-22.800536740644485,-43.20838635593095,-22.80050903359104,-43.208246523285965,6104.619104969275,4011.8700687146693,2092.749036254606,1859016.9216407456,513.6765661424965,137.3398098179876
0,HBEFA4/PC_petrol_Euro-6ab,Gasoline,2026-01-14 11:34:54,2026-01-14 11:34:54,-22.80050903359104,-43.208246523285965,-22.800482537714544,-43.20811280386259,6104.633786436278,4011.8847501816717,2092.749036254606,1859019.8206879385,513.6773452299074,137.34023216906706
0,HBEFA4/PC_petrol_Euro-6ab,Gasoline,2026-01-14 11:34:54,2026-01-14 11:34:57,-22.800482537714544,-43.20811280386259,-22.79804966335858,-43.20197470987493,6115.809785925891,4019.186874876456,2096.6229110494355,1862236.1655199165,514.5608426909373,137.58406184382514
0,HBEFA4/PC_petrol_Euro-6ab,Gasoline,2026-01-14 11:34:57,2026-01-14 11:34:57,-22.79804966335858,-43.20197470987493,-22.797931494852314,-43.20201731372815,6115.822244474138,4019.1993334247027,2096.6229110494355,1862237.78964369,514.5613268383698,137.58441686711106
0,HBEFA4/PC_petrol_Euro-6ab,Gasoline,2026-01-14 11:34:57,2026-01-14 11:35:03,-22.797931494852314,-43.20201731372815,-22.798027455601005,-43.201982716549935,6134.901429441125,4033.8462393463797,2101.0551900947457,1867821.0261417625,516.113113504336,138.00730261265488
0,HBEFA4/PC_petrol_Euro-6ab,Gasoline,2026-01-14 11:35:03,2026-01-14 11:35:03,-22.798027455601005,-43.201982716549935,-22.797906579554624,-43.20202629654778,6134.913577699156,4033.8583876044113,2101.0551900947457,1867824.7970502994,516.1141577610309,138.00765237011865
0,HBEFA4/PC_petrol_Euro-6ab,Gasoline,2026-01-14 11:35:03,2026-01-14 11:35:03,-22.797906579554624,-43.20202629654778,-22.79778299839824,-43.202070851737645,6134.927692530853,4033.8725024361074,2101.0551900947457,1867832.6470326,516.1161391685823,138.00806557336918
0,HBEFA4/PC_petrol_Euro-6ab,Gasoline,2026-01-14 11:35:03,2026-01-14 11:35:06,-22.79778299839824,-43.202070851737645,-22.797256527503574,-43.20393903950557,6143.322690947689,4041.800880158641,2101.5218107890487,1870123.0589948315,516.7880267958258,138.18881206195164
0,HBEFA4/PC_petrol_Euro-6ab,Gasoline,2026-01-14 11:35:06,2026-01-14 11:35:09,-22.797256527503574,-43.20393903950557,-22.8026418779302,-43.20170691858624,6155.051501035187,4048.1284855854033,2106.9230154497845,1873840.0296223436,517.7912401418107,138.45254876098235
0,HBEFA4/PC_petrol_Euro-6ab,Gasoline,2026-01-14 11:35:09,2026-01-14 11:35:09,-22.8026418779302,-43.20170691858624,-22.8026212788215,-43.20175439633129,6155.055480172117,4048.132464722333,2106.9230154497845,1873840.0296223436,517.7912401418107,138.45254876098235
0,HBEFA4/PC_petrol_Euro-6ab,Gasoline,2026-01-14 11:35:09,2026-01-14 11:35:10,-22.8026212788215,-43.20175439633129,-22.798066647344438,-43.20196858655066,6157.608664042896,4050.5590740925145,2107.0495899503817,1874628.1237283316,518.0321916674696,138.50871548487993
0,HBEFA4/PC_petrol_Euro-6ab,Gasoline,2026-01-14 11:35:10,2026-01-14 11:35:17,-22.798066647344438,-43.20196858655066,-22.800703193771987,-43.20928144080134,6181.563919125013,4067.1263180946207,2114.4376010303927,1882293.7389804842,520.181083686857,139.03834681596425
0,HBEFA4/PC_petrol_Euro-6ab,Gasoline,2026-01-14 11:35:17,2026-01-14 11:35:17,-22.800703193771987,-43.20928144080134,-22.800686225252974,-43.20918909118205,6181.572260602267,4067.1346595718755,2114.4376010303927,1882295.961141153,520.1817690184913,139.03858571450547
0,HBEFA4/PC_petrol_Euro-6ab,Gasoline,2026-01-14 11:35:17,2026-01-14 11:35:17,-22.800686225252974,-43.20918909118205,-22.80066627786071,-43.20908026441934,6181.581926953779,4067.1443259233865,2114.4376010303927,1882300.5348365656,520.1831263282783,139.03886670053413
0,HBEFA4/PC_petrol_Euro-6ab,Gasoline,2026-01-14 11:35:17,2026-01-14 11:35:17,-22.80066627786071,-43.20908026441934,-22.80064455122398,-43.20896173114391,6181.593316941512,4067.15571591112,2114.4376010303927,1882306.5835730282,520.1848053317314,139.03919893209567
0,HBEFA4/PC_petrol_Euro-6ab,Gasoline,2026-01-14 11:35:17,2026-01-14 11:35:20,-22.80064455122398,-43.20896173114391,-22.797265799629585,-43.20299608722161,6190.114221221432,4073.7135340602244,2116.400687161208,1885145.9357828018,520.9975979490196,139.2259125622719
0,HBEFA4/PC_petrol_Euro-6ab,Gasoline,2026-01-14 11:35:20,2026-01-14 11:35:29,-22.797265799629585,-43.20299608722161,-22.804910421732888,-43.20517988093284,6218.287492824231,4092.852492884496,2125.434999939736,1894085.7158886401,523.4898371213557,139.8556516989207
0,HBEFA4/PC_petrol_Euro-6ab,Gasoline,2026-01-14 11:35:29,2026-01-14 11:35:29,-22.804910421732888,-43.20517988093284,-22.804878759358,-43.205210166093984,6218.290623152292,4092.855623212557,2125.434999939736,1894087.190838924,523.4902927683027,139.8557465778682
0,HBEFA4/PC_petrol_Euro-6ab,Gasoline,2026-01-14 11:35:29,2026-01-14 11:35:29,-22.804878759358,-43.205210166093984,-22.804835812827946,-43.20525124455211,6218.295309803363,4092.860309863627,2125.434999939736,1894090.9197642775,523.4916666700286,139.85589035990654
0,HBEFA4/PC_petrol_Euro-6ab,Gasoline,2026-01-14 11:35:29,2026-01-14 11:35:29,-22.804835812827946,-43.20525124455211,-22.804783648591904,-43.20530113971696,6218.301666728609,4092.8666667888738,2125.434999939736,1894095.2486987442,523.4931445185374,139.85608029497755
0,HBEFA4/PC_petrol_Euro-6ab,Gasoline,2026-01-14 11:35:29,2026-01-14 11:35:29,-22.804783648591904,-43.20530113971696,-22.804721883849435,-43.20536021770737,6218.309388051894,4092.874388112158,2125.434999939736,1894099.3978832897,523.4944724847791,139.85630667048002
0,HBEFA4/PC_petrol_Euro-6ab,Gasoline,2026-01-14 11:35:29,2026-01-14 11:35:29,-22.804721883849435,-43.20536021770737,-22.804647272305044,-43.20543158356224,6218.318530433667,4092.883530493931,2125.434999939736,1894104.0328866972,523.4958750255541,139.85657323257024
0,HBEFA4/PC_petrol_Euro-6ab,Gasoline,2026-01-14 11:35:29,2026-01-14 11:35:36,-22.804647272305044,-43.20543158356224,-22.79830106535608,-43.20458453862588,6243.4089994023125,4111.355473331922,2132.053526070391,1901192.5911639058,525.4531409317896,140.41623425993436
0,HBEFA4/PC_petrol_Euro-6ab,Gasoline,2026-01-14 11:35:36,2026-01-14 11:35:36,-22.79830106535608,-43.20458453862588,-22.798217001970617,-43.20460272637609,6243.416530351606,4111.363004281215,2132.053526070391,1901192.5911639058,525.4531409317896,140.41623425993436
0,HBEFA4/PC_petrol_Euro-6ab,Gasoline,2026-01-14 11:35:36,2026-01-14 11:35:36,-22.798217001970617,-43.20460272637609,-22.79814104565684,-43.204613835796316,6243.426025562753,4111.372499492362,2132.053526070391,1901198.4910772557,525.4548994015151,140.41651329350518
0,HBEFA4/PC_petrol_Euro-6ab,Gasoline,2026-01-14 11:35:36,2026-01-14 11:35:37,-22.79814104565684,-43.204613835796316,-22.79727279436207,-43.20393614383074,6246.304379431725,4113.723918635833,2132.5804607958926,1902234.6698089263,525.7733634327852,140.48225773448908
0,HBEFA4/PC_petrol_Euro-6ab,Gasoline,2026-01-14 11:35:37,2026-01-14 11:35:42,-22.79727279436207,-43.20393614383074,-22.80491701179271,-43.2051735775173,6261.084085035694,4126.127382648895,2134.9567023868003,1906398.4902859693,526.943368963976,140.80787106569232
0,HBEFA4/PC_petrol_Euro-6ab,Gasoline,2026-01-14 11:35:42,2026-01-14 11:35:42,-22.80491701179271,-43.2051735775173,-22.804882362546966,-43.205206719633445,6261.087687694356,4126.130985307556,2134.9567023868003,1906400.645161737,526.9441282715865,140.80798094096104
0,HBEFA4/PC_petrol_Euro-6ab,Gasoline,2026-01-14 11:35:42,2026-01-14 11:35:54,-22.804882362546966,-43.205206719633445,-22.804907084062513,-43.205183073426014,6301.089133416828,4158.154374157775,2142.9347592590525,1919020.4750721876,530.5252830762632,141.6883806662591
0,HBEFA4/PC_petrol_Euro-6ab,Gasoline,2026-01-14 11:35:54,2026-01-14 11:35:54,-22.804907084062513,-43.205183073426014,-22.804875075482833,-43.20521368973083,6301.092657192895,4158.157897933843,2142.9347592590525,1919020.4750721876,530.5252830762632,141.6883806662591
0,HBEFA4/PC_petrol_Euro-6ab,Gasoline,2026-01-14 11:35:54,2026-01-14 11:35:54,-22.804875075482833,-43.20521368973083,-22.804830873550273,-43.20525596898052,6301.097395088938,4158.162635829886,2142.9347592590525,1919023.7273454862,530.5264589607985,141.68852429214044
0,HBEFA4/PC_petrol_Euro-6ab,Gasoline,2026-01-14 11:35:54,2026-01-14 11:35:54,-22.804830873550273,-43.20525596898052,-22.804777824164546,-43.20530671078643,6301.103937838083,4158.169178579031,2142.9347592590525,1919028.3339689265,530.5280219642447,141.68871995945935
0,HBEFA4/PC_petrol_Euro-6ab,Gasoline,2026-01-14 11:35:54,2026-01-14 11:35:54,-22.804777824164546,-43.20530671078643,-22.80471253942057,-43.20536915564891,6301.111790180484,4158.177030921432,2142.9347592590525,1919032.4127787624,530.5293197110218,141.68894974473406
0,HBEFA4/PC_petrol_Euro-6ab,Gasoline,2026-01-14 11:35:54,2026-01-14 11:35:54,-22.80471253942057,-43.20536915564891,-22.804634911554675,-43.20544340659445,6301.1214535903655,4158.186694331313,2142.9347592590525,1919038.0428526218,530.530987102786,141.68923286050898
0,HBEFA4/PC_petrol_Euro-6ab,Gasoline,2026-01-14 11:35:54,2026-01-14 11:36:00,-22.804634911554675,-43.20544340659445,-22.804908664169158,-43.20518156204861,6318.686849319651,4169.420480634149,2149.2663686855026,1924533.3071898704,532.0456010740353,142.08812971789442
0,HBEFA4/PC_petrol_Euro-6ab,Gasoline,2026-01-14 11:36:00,2026-01-14 11:36:00,-22.804908664169158,-43.20518156204861,-22.8048784276559,-43.205210483367985,6318.689983306168,4169.423614620666,2149.2663686855026,1924533.3071898704,532.0456010740353,142.08812971789442
0,HBEFA4/PC_petrol_Euro-6ab,Gasoline,2026-01-14 11:36:00,2026-01-14 11:36:00,-22.8048784276559,-43.205210483367985,-22.804837486875183,-43.20524964332266,6318.694458901782,4169.42809021628,2149.2663686855026,1924536.6877462547,532.0468465151926,142.08826681564904
0,HBEFA4/PC_petrol_Euro-6ab,Gasoline,2026-01-14 11:36:00,2026-01-14 11:36:00,-22.804837486875183,-43.20524964332266,-22.804783130850744,-43.20530163493683,6318.70051893698,4169.434150251478,2149.2663686855026,1924540.7974270717,532.0482661601324,142.08844819657432
0,HBEFA4/PC_petrol_Euro-6ab,Gasoline,2026-01-14 11:36:00,2026-01-14 11:36:11,-22.804783130850744,-43.20530163493683,-22.79807775689674,-43.201964581165335,6355.7440451008515,4190.750765899932,2164.99327920092,1935437.0269368584,535.0056548660564,142.9216320659196
0,HBEFA4/PC_petrol_Euro-6ab,Gasoline,2026-01-14 11:36:11,2026-01-14 11:36:11,-22.79807775689674,-43.201964581165335,-22.797958232241832,-43.202007673977604,6355.756173959716,4190.762894758796,2164.99327920092,1935438.9444399753,535.0062164325557,142.9219780179742
0,HBEFA4/PC_petrol_Euro-6ab,Gasoline,2026-01-14 11:36:11,2026-01-14 11:36:11,-22.797958232241832,-43.202007673977604,-22.79783856829567,-43.20205081692041,6355.770130988818,4190.7768517878985,2164.99327920092,1935446.310750951,535.0080894688356,142.92238590240333
0,HBEFA4/PC_petrol_Euro-6ab,Gasoline,2026-01-14 11:36:11,2026-01-14 11:36:11,-22.79783856829567,-43.20205081692041,-22.797713911037015,-43.20209576002854,6355.784104280991,4190.790825080072,2164.99327920092,1935448.3122627668,535.0086606712732,142.92278594817748
0,HBEFA4/PC_petrol_Euro-6ab,Gasoline,2026-01-14 11:36:11,2026-01-14 11:36:11,-22.797713911037015,-43.20209576002854,-22.79759059175093,-43.20214022065793,6355.79866064556,4190.80538144464,2164.99327920092,1935452.1082062295,535.0096545497008,142.92320593185215
0,HBEFA4/PC_petrol_Euro-6ab,Gasoline,2026-01-14 11:36:11,2026-01-14 11:36:11,-22.79759059175093,-43.20214022065793,-22.79746839360624,-43.20218600727259,6355.813060771334,4190.819781570414,2164.99327920092,1935453.6182650279,535.0101056493428,142.9236178623888
0,HBEFA4/PC_petrol_Euro-6ab,Gasoline,2026-01-14 11:36:11,2026-01-14 11:36:17,-22.79746839360624,-43.20218600727259,-22.797262668410596,-43.20393794635852,6377.732542863367,4203.894765018523,2173.8377778448453,1942162.453431651,536.8720717325565,143.42003415617225
0,HBEFA4/PC_petrol_Euro-6ab,Gasoline,2026-01-14 11:36:17,2026-01-14 11:36:17,-22.797262668410596,-43.20393794635852,-22.79713946783903,-43.203960881126505,6377.747079716213,4203.909301871368,2173.8377778448453,1942165.6644566501,536.8729269458685,143.42045269005575
0,HBEFA4/PC_petrol_Euro-6ab,Gasoline,2026-01-14 11:36:17,2026-01-14 11:36:17,-22.79713946783903,-43.203960881126505,-22.797024771160245,-43.20391225140019,6377.760926334689,4203.923148489845,2173.8377778448453,1942165.6644566501,536.8729269458685,143.42045269005575
0,HBEFA4/PC_petrol_Euro-6ab,Gasoline,2026-01-14 11:36:17,2026-01-14 11:36:17,-22.797024771160245,-43.20391225140019,-22.797257599822053,-43.20393884862143,6377.832396013922,4203.9946181690775,2173.8377778448453,1942175.5437613195,536.8755898168758,143.42143951090844
0,HBEFA4/PC_petrol_Euro-6ab,Gasoline,2026-01-14 11:36:17,2026-01-14 11:36:21,-22.797257599822053,-43.20393884862143,-22.800699734370436,-43.20926271016875,6390.384429306879,4212.61899113908,2177.7654381677994,1946201.620960549,538.0098981550522,143.7095019226358
0,HBEFA4/PC_petrol_Euro-6ab,Gasoline,2026-01-14 11:36:21,2026-01-14 11:36:21,-22.800699734370436,-43.20926271016875,-22.800683394018666,-43.20917364482272,6390.392661544753,4212.627223376954,2177.7654381677994,1946201.620960549,538.0098981550522,143.7095019226358
0,HBEFA4/PC_petrol_Euro-6ab,Gasoline,2026-01-14 11:36:21,2026-01-14 11:36:35,-22.800683394018666,-43.20917364482272,-22.800700830705473,-43.209268646179304,6436.232642906372,4243.65942675256,2192.5732161538135,1960585.1766939221,542.0309860750662,144.7293965495983
0,HBEFA4/PC_petrol_Euro-6ab,Gasoline,2026-01-14 11:36:35,2026-01-14 11:36:35,-22.800700830705473,-43.209268646179304,-22.80068358926055,-43.20917471000321,6436.241330093458,4243.668113939645,2192.5732161538135,1960586.8405754357,542.0314934745967,144.72964383705616
0,HBEFA4/PC_petrol_Euro-6ab,Gasoline,2026-01-14 11:36:35,2026-01-14 11:36:35,-22.80068358926055,-43.20917471000321,-22.800664607000265,-43.20907114874447,6436.251162111336,4243.677945957524,2192.5732161538135,1960591.062591814,542.0327404678937,144.7299287177179
0,HBEFA4/PC_petrol_Euro-6ab,Gasoline,2026-01-14 11:36:35,2026-01-14 11:36:35,-22.800664607000265,-43.20907114874447,-22.800643349470857,-43.20895517479506,6436.262001003173,4243.688784849361,2192.5732161538135,1960595.2072466689,542.0339258806296,144.73024178458633
0,HBEFA4/PC_petrol_Euro-6ab,Gasoline,2026-01-14 11:36:35,2026-01-14 11:36:35,-22.800643349470857,-43.20895517479506,-22.80061965471436,-43.20882590473009,6436.274139031815,4243.7009228780025,2192.5732161538135,1960600.4276651335,542.0353481692554,144.7305937857657
0,HBEFA4/PC_petrol_Euro-6ab,Gasoline,2026-01-14 11:36:35,2026-01-14 11:36:35,-22.80061965471436,-43.20882590473009,-22.800594439366687,-43.20868833953591,6436.287668659463,4243.71445250565,2192.5732161538135,1960606.352248017,542.0368892004346,144.7309870197262
0,HBEFA4/PC_petrol_Euro-6ab,Gasoline,2026-01-14 11:36:35,2026-01-14 11:36:35,-22.800594439366687,-43.20868833953591,-22.80056900973151,-43.20854960597059,6436.302066475623,4243.728850321811,2192.5732161538135,1960610.986275699,542.0380866175922,144.7314035905259
0,HBEFA4/PC_petrol_Euro-6ab,Gasoline,2026-01-14 11:36:35,2026-01-14 11:36:55,-22.80056900973151,-43.20854960597059,-22.79795991730709,-43.204635981714254,6499.900739999478,4292.222936902872,2207.6778030966066,1980333.7274197114,547.5852647628591,146.1260035952042
0,HBEFA4/PC_petrol_Euro-6ab,Gasoline,2026-01-14 11:36:55,2026-01-14 11:36:55,-22.79795991730709,-43.204635981714254,-22.797914737066854,-43.20464149834843,6499.904174666101,4292.226371569495,2207.6778030966066,1980333.7274197114,547.5852647628591,146.1260035952042
0,HBEFA4/PC_petrol_Euro-6ab,Gasoline,2026-01-14 11:36:55,2026-01-14 11:36:56,-22.797914737066854,-43.20464149834843,-22.797853376249297,-43.204648990668815,6499.909210120898,4292.231407024292,2207.6778030966066,1980337.6043651986,547.5866715147652,146.12615704831111
0,HBEFA4/PC_petrol_Euro-6ab,Gasoline,2026-01-14 11:36:56,2026-01-14 11:36:56,-22.797853376249297,-43.204648990668815,-22.797781844026662,-43.204648775107536,6499.91604894283,4292.238245846224,2207.6778030966066,1980342.2971686546,547.5882417722463,146.12636089030102
0,HBEFA4/PC_petrol_Euro-6ab,Gasoline,2026-01-14 11:36:56,2026-01-14 11:36:56,-22.797781844026662,-43.204648775107536,-22.797693707519286,-43.204644907996105,6499.923988188905,4292.2461850923,2207.6778030966066,1980346.0008596324,547.5894133205921,146.1265921553704
0,HBEFA4/PC_petrol_Euro-6ab,Gasoline,2026-01-14 11:36:56,2026-01-14 11:36:56,-22.797693707519286,-43.204644907996105,-22.797596474554105,-43.2046406417659,6499.933756955576,4292.25595385897,2207.6778030966066,1980351.708564134,547.5910964857234,146.12687835288065
0,HBEFA4/PC_petrol_Euro-6ab,Gasoline,2026-01-14 11:36:56,2026-01-14 11:36:56,-22.797596474554105,-43.2046406417659,-22.797485324146866,-43.204635764889936,6499.944533944249,4292.266730847644,2207.6778030966066,1980355.8420997472,547.5922810716871,146.127189646233
0,HBEFA4/PC_petrol_Euro-6ab,Gasoline,2026-01-14 11:36:56,2026-01-14 11:36:56,-22.797485324146866,-43.204635764889936,-22.797361549672758,-43.20463033411729,6499.956853497256,4292.27905040065,2207.6778030966066,1980361.7620674507,547.5938765889499,146.12754805320313
0,HBEFA4/PC_petrol_Euro-6ab,Gasoline,2026-01-14 11:36:56,2026-01-14 11:36:56,-22.797361549672758,-43.20463033411729,-22.7972330109894,-43.20462469431014,6499.970572261014,4292.292769164408,2207.6778030966066,1980367.774283293,547.5954310736191,146.12794691160556
0,HBEFA4/PC_petrol_Euro-6ab,Gasoline,2026-01-14 11:36:56,2026-01-14 11:36:56,-22.7972330109894,-43.20462469431014,-22.797106031211133,-43.20461912290369,6499.984819074206,4292.307015977601,2207.6778030966066,1980371.343075991,547.5963769332175,146.1283574270918
0,HBEFA4/PC_petrol_Euro-6ab,Gasoline,2026-01-14 11:36:56,2026-01-14 11:36:56,-22.797106031211133,-43.20461912290369,-22.79699822541432,-43.20461439278244,6499.998893103224,4292.321090006619,2207.6778030966066,1980372.7883688854,547.5968130962931,146.1287595917954
0,HBEFA4/PC_petrol_Euro-6ab,Gasoline,2026-01-14 11:36:56,2026-01-14 11:37:03,-22.79699822541432,-43.20461439278244,-22.800703165852628,-43.209281289634326,6522.830486608504,4305.444463260577,2217.386023347927,1987410.4256176623,549.5095531196728,146.64733139229298
0,HBEFA4/PC_petrol_Euro-6ab,Gasoline,2026-01-14 11:37:03,2026-01-14 11:37:03,-22.800703165852628,-43.209281289634326,-22.80068916538036,-43.209205131638335,6522.837126428136,4305.45110308021,2217.386023347927,1987413.777352518,549.5106656318311,146.64752631184658
0,HBEFA4/PC_petrol_Euro-6ab,Gasoline,2026-01-14 11:37:03,2026-01-14 11:37:03,-22.80068916538036,-43.209205131638335,-22.80067288141931,-43.2091162913316,6522.845098133536,4305.45907478561,2217.386023347927,1987417.9274641366,549.5119800902418,146.64775953528607
0,HBEFA4/PC_petrol_Euro-6ab,Gasoline,2026-01-14 11:37:03,2026-01-14 11:37:03,-22.80067288141931,-43.2091162913316,-22.800654478027976,-43.20901588840838,6522.854396305203,4305.468372957277,2217.386023347927,1987422.4060976398,549.5133275235519,146.64803007796098
0,HBEFA4/PC_petrol_Euro-6ab,Gasoline,2026-01-14 11:37:03,2026-01-14 11:37:17,-22.800654478027976,-43.20901588840838,-22.798112405357386,-43.20195207365914,6574.9227095156375,4334.197794740578,2240.7249147750613,2002577.2427918874,553.5814446579544,147.84154600621017
0,HBEFA4/PC_petrol_Euro-6ab,Gasoline,2026-01-14 11:37:17,2026-01-14 11:37:17,-22.798112405357386,-43.20195207365914,-22.797995162976516,-43.201994359167486,6574.934837511148,4334.209922736087,2240.7249147750613,2002580.949655506,553.5824727575667,147.84189506850143
0,HBEFA4/PC_petrol_Euro-6ab,Gasoline,2026-01-14 11:37:17,2026-01-14 11:37:17,-22.797995162976516,-43.201994359167486,-22.797875922361122,-43.20203734951257,6574.948528545297,4334.2236137702375,2240.7249147750613,2002587.4287877972,553.5841428238923,147.84229385865927
0,HBEFA4/PC_petrol_Euro-6ab,Gasoline,2026-01-14 11:37:17,2026-01-14 11:37:17,-22.797875922361122,-43.20203734951257,-22.797751808067733,-43.202082096892546,6574.962452405324,4334.237537630263,2240.7249147750613,2002590.0663235188,553.5848688532038,147.84269343405188
0,HBEFA4/PC_petrol_Euro-6ab,Gasoline,2026-01-14 11:37:17,2026-01-14 11:37:17,-22.797751808067733,-43.202082096892546,-22.797629006199674,-43.20212637100493,6574.976945367937,4334.2520305928765,2240.7249147750613,2002593.806802016,553.5858508464888,147.84311146374836
0,HBEFA4/PC_petrol_Euro-6ab,Gasoline,2026-01-14 11:37:17,2026-01-14 11:37:17,-22.797629006199674,-43.20212637100493,-22.79750904687177,-43.20216962019772,6574.991285074948,4334.266370299888,2240.7249147750613,2002595.3230158933,553.5863035545613,147.84352161034673
0,HBEFA4/PC_petrol_Euro-6ab,Gasoline,2026-01-14 11:37:17,2026-01-14 11:37:17,-22.79750904687177,-43.20216962019772,-22.797387449920116,-43.20222110470878,6575.005292853305,4334.280378078244,2240.7249147750613,2002595.3230158933,553.5863035545613,147.84352161034673
0,HBEFA4/PC_petrol_Euro-6ab,Gasoline,2026-01-14 11:37:17,2026-01-14 11:37:17,-22.797387449920116,-43.20222110470878,-22.797264604188584,-43.20227437090908,6575.019762933579,4334.294848158519,2240.7249147750613,2002598.7317728025,553.5872069656704,147.84393846729458
0,HBEFA4/PC_petrol_Euro-6ab,Gasoline,2026-01-14 11:37:17,2026-01-14 11:37:18,-22.797264604188584,-43.20227437090908,-22.798067151680417,-43.20196840471978,6575.45845630006,4334.719775508959,2240.7386807911025,2002705.072374721,553.617734672892,147.85251038050424
0,HBEFA4/PC_petrol_Euro-6ab,Gasoline,2026-01-14 11:37:18,2026-01-14 11:37:18,-22.798067151680417,-43.20196840471978,-22.797964933874116,-43.20200525780747,6575.469302342802,4334.7306215517,2240.7386807911025,2002710.00968667,553.6191388582234,147.85282517039357
0,HBEFA4/PC_petrol_Euro-6ab,Gasoline,2026-01-14 11:37:18,2026-01-14 11:37:38,-22.797964933874116,-43.20200525780747,-22.80069943324894,-43.209261079772844,6641.389816208413,4377.095762930192,2264.294053278222,2023435.5858297355,559.4086841070168,149.33005330271465
0,HBEFA4/PC_petrol_Euro-6ab,Gasoline,2026-01-14 11:37:38,2026-01-14 11:37:38,-22.80069943324894,-43.209261079772844,-22.80068195081683,-43.20916577115271,6641.398392233641,4377.10433895542,2264.294053278222,2023440.0573907602,559.4100674877134,149.33030386648687
0,HBEFA4/PC_petrol_Euro-6ab,Gasoline,2026-01-14 11:37:38,2026-01-14 11:37:38,-22.80068195081683,-43.20916577115271,-22.800661837498254,-43.20905603924279,6641.40836766593,4377.11431438771,2264.294053278222,2023444.881263594,559.4114821230676,149.33059399396504
0,HBEFA4/PC_petrol_Euro-6ab,Gasoline,2026-01-14 11:37:38,2026-01-14 11:37:38,-22.800661837498254,-43.20905603924279,-22.800638751869652,-43.20893009188972,6641.419852388711,4377.12579911049,2264.294053278222,2023450.430659485,559.4130218046021,149.33092798719855
0,HBEFA4/PC_petrol_Euro-6ab,Gasoline,2026-01-14 11:37:38,2026-01-14 11:37:38,-22.800638751869652,-43.20893009188972,-22.80061393239253,-43.20879468589272,6641.433034251383,4377.138980973163,2264.294053278222,2023457.0951109945,559.4147628117084,149.33131237138514
0,HBEFA4/PC_petrol_Euro-6ab,Gasoline,2026-01-14 11:37:38,2026-01-14 11:37:38,-22.80061393239253,-43.20879468589272,-22.80058898876076,-43.208658603226674,6641.447206077493,4377.153152799273,2264.294053278222,2023462.0378497448,559.4160409746457,149.3317227809548
0,HBEFA4/PC_petrol_Euro-6ab,Gasoline,2026-01-14 11:37:38,2026-01-14 11:37:38,-22.80058898876076,-43.208658603226674,-22.80056443601357,-43.20852613027352,6641.461448730997,4377.167395452777,2264.294053278222,2023464.22577386,559.4166552414006,149.3321310718094
0,HBEFA4/PC_petrol_Euro-6ab,Gasoline,2026-01-14 11:37:38,2026-01-14 11:37:38,-22.80056443601357,-43.20852613027352,-22.80053749693622,-43.20839017281225,6641.475319630344,4377.181266352122,2264.294053278222,2023464.22577386,559.4166552414006,149.3321310718094
0,HBEFA4/PC_petrol_Euro-6ab,Gasoline,2026-01-14 11:37:38,2026-01-14 11:37:38,-22.80053749693622,-43.20839017281225,-22.80051006486439,-43.20825172792996,6641.489594222926,4377.195540944705,2264.294053278222,2023467.4235297253,559.4175115389628,149.33254184166188
0,HBEFA4/PC_petrol_Euro-6ab,Gasoline,2026-01-14 11:37:38,2026-01-14 11:37:38,-22.80051006486439,-43.20825172792996,-22.800482722989774,-43.20811373890772,6641.5041299841605,4377.21007670594,2264.294053278222,2023470.2247456827,559.4182693293768,149.33295973094872
0,HBEFA4/PC_petrol_Euro-6ab,Gasoline,2026-01-14 11:37:38,2026-01-14 11:37:38,-22.800482722989774,-43.20811373890772,-22.80045554672917,-43.20797658635004,6641.518617889909,4377.224564611688,2264.294053278222,2023472.0715681054,559.4188004338567,149.33337477341686
0,HBEFA4/PC_petrol_Euro-6ab,Gasoline,2026-01-14 11:37:38,2026-01-14 11:37:46,-22.80045554672917,-43.20797658635004,-22.79807713574965,-43.203157487897194,6670.551046072642,4394.494304581481,2276.056741491161,2032066.1515054787,561.7530341127452,149.9919082465283
0,HBEFA4/PC_petrol_Euro-6ab,Gasoline,2026-01-14 11:37:46,2026-01-14 11:37:47,-22.79807713574965,-43.203157487897194,-22.79800118158083,-43.20326191767359,6670.565488497809,4394.508747006649,2276.056741491161,2032068.811612923,561.7537594400544,149.99232316173203
0,HBEFA4/PC_petrol_Euro-6ab,Gasoline,2026-01-14 11:37:47,2026-01-14 11:37:47,-22.79800118158083,-43.20326191767359,-22.797885957719753,-43.2033051255402,6670.579289797371,4394.52254830621,2276.056741491161,2032068.811612923,561.7537594400544,149.99232316173203
0,HBEFA4/PC_petrol_Euro-6ab,Gasoline,2026-01-14 11:37:47,2026-01-14 11:37:47,-22.797885957719753,-43.2033051255402,-22.797763486975498,-43.20326466856916,6670.593195679028,4394.536454187868,2276.056741491161,2032071.0684533278,561.7543931409625,149.99272161565665
0,HBEFA4/PC_petrol_Euro-6ab,Gasoline,2026-01-14 11:37:47,2026-01-14 11:37:47,-22.797763486975498,-43.20326466856916,-22.79765532786988,-43.2031977482459,6670.607649480735,4394.550907989575,2276.056741491161,2032074.7364509185,561.7553586549293,149.99313838133753
0,HBEFA4/PC_petrol_Euro-6ab,Gasoline,2026-01-14 11:37:47,2026-01-14 11:37:51,-22.79765532786988,-43.2031977482459,-22.798328188314912,-43.204578670362544,6686.647149205558,4404.479089876193,2282.1680593293663,2037189.7651304877,563.1841709461245,150.36416487383937
0,HBEFA4/PC_petrol_Euro-6ab,Gasoline,2026-01-14 11:37:51,2026-01-14 11:37:52,-22.798328188314912,-43.204578670362544,-22.798213498482593,-43.20460348438167,6686.661176731972,4404.493117402607,2282.1680593293663,2037195.0418224449,563.185534493296,150.36457157626816
0,HBEFA4/PC_petrol_Euro-6ab,Gasoline,2026-01-14 11:37:52,2026-01-14 11:37:52,-22.798213498482593,-43.20460348438167,-22.79797629177445,-43.20200116289109,6688.344479423654,4405.264296624794,2283.0801827988616,2037808.9461104625,563.3618204398697,150.4018351324576
0,HBEFA4/PC_petrol_Euro-6ab,Gasoline,2026-01-14 11:37:52,2026-01-14 11:37:56,-22.79797629177445,-43.20200116289109,-22.800703823641122,-43.20928485117507,6698.343126806419,4413.102283909448,2285.240842896972,2041039.2095857584,564.2923073635214,150.62033272768352
0,HBEFA4/PC_petrol_Euro-6ab,Gasoline,2026-01-14 11:37:56,2026-01-14 11:37:58,-22.800703823641122,-43.20928485117507,-22.804899437845073,-43.2051903870584,6706.505910230654,4418.707668956159,2287.7982412744964,2043503.2962805042,564.9689747749823,150.80052861368168
0,HBEFA4/PC_petrol_Euro-6ab,Gasoline,2026-01-14 11:37:58,2026-01-14 11:37:58,-22.804899437845073,-43.2051903870584,-22.804867922835232,-43.20522053125737,6706.5091389826375,4418.7108977081425,2287.7982412744964,2043505.1982935963,564.9696282511832,150.80062767468064
0,HBEFA4/PC_petrol_Euro-6ab,Gasoline,2026-01-14 11:37:58,2026-01-14 11:38:01,-22.804867922835232,-43.20522053125737,-22.800698519505058,-43.209256132387495,6713.049291830758,4422.560548845633,2290.4887429851265,2045700.912411807,565.572651952426,150.94917522552
0,HBEFA4/PC_petrol_Euro-6ab,Gasoline,2026-01-14 11:38:01,2026-01-14 11:38:06,-22.800698519505058,-43.209256132387495,-22.80069416919121,-43.20923243095641,6729.6640677906435,4434.893792302761,2294.7702754878837,2051101.6031519827,567.1040808729355,151.31555750780709
0,HBEFA4/PC_petrol_Euro-6ab,Gasoline,2026-01-14 11:38:06,2026-01-14 11:38:06,-22.80069416919121,-43.20923243095641,-22.800676200822867,-43.209134400957986,6729.672480942766,4434.902205454883,2294.7702754878837,2051103.4126316202,567.1046352187684,151.31579745207574
0,HBEFA4/PC_petrol_Euro-6ab,Gasoline,2026-01-14 11:38:06,2026-01-14 11:38:13,-22.800676200822867,-43.209134400957986,-22.80070256242348,-43.20927802241813,6755.357811493978,4453.751406913699,2301.60640458028,2058639.4444408754,569.1932156791529,151.88549230278113
0,HBEFA4/PC_petrol_Euro-6ab,Gasoline,2026-01-14 11:38:13,2026-01-14 11:38:13,-22.80070256242348,-43.20927802241813,-22.8006854812589,-43.20918503217423,6755.365688478611,4453.759283898332,2301.60640458028,2058639.4444408754,569.1932156791529,151.88549230278113
0,HBEFA4/PC_petrol_Euro-6ab,Gasoline,2026-01-14 11:38:13,2026-01-14 11:38:13,-22.8006854812589,-43.20918503217423,-22.800665474027547,-43.209075878964875,6755.375421776008,4453.769017195728,2301.60640458028,2058645.198068432,569.1949146141351,151.88577761272512
0,HBEFA4/PC_petrol_Euro-6ab,Gasoline,2026-01-14 11:38:13,2026-01-14 11:38:13,-22.800665474027547,-43.209075878964875,-22.800642880802734,-43.20895261790454,6755.386845930334,4453.780441350055,2301.60640458028,2058651.17804668,569.196573172276,151.88611068277785
0,HBEFA4/PC_petrol_Euro-6ab,Gasoline,2026-01-14 11:38:13,2026-01-14 11:38:16,-22.800642880802734,-43.20895261790454,-22.804913429636077,-43.205177003862914,6764.728445538277,4459.605423821968,2305.1230217163097,2061692.1171356777,570.0528371406555,152.09963856589005
0,HBEFA4/PC_petrol_Euro-6ab,Gasoline,2026-01-14 11:38:16,2026-01-14 11:38:16,-22.804913429636077,-43.205177003862914,-22.80488189731025,-43.205207164633705,6764.731357923585,4459.608336207276,2305.1230217163097,2061692.1171356777,570.0528371406555,152.09963856589005
0,HBEFA4/PC_petrol_Euro-6ab,Gasoline,2026-01-14 11:38:16,2026-01-14 11:38:19,-22.80488189731025,-43.205207164633705,-22.79811438671759,-43.201951349017136,6771.42447459666,4463.819147414132,2307.6053271825285,2063864.5172497206,570.6567344982012,152.24615494539864
0,HBEFA4/PC_petrol_Euro-6ab,Gasoline,2026-01-14 11:38:19,2026-01-14 11:38:31,-22.79811438671759,-43.201951349017136,-22.804905845779434,-43.20518425784798,6813.6839369503095,4494.702216883153,2318.9817200671573,2076741.853082801,574.3227594226154,153.19192318863054
0,HBEFA4/PC_petrol_Euro-6ab,Gasoline,2026-01-14 11:38:31,2026-01-14 11:38:31,-22.804905845779434,-43.20518425784798,-22.804874296024963,-43.20521443528441,6813.687030482879,4494.705310415722,2318.9817200671573,2076741.853082801,574.3227594226154,153.19192318863054
0,HBEFA4/PC_petrol_Euro-6ab,Gasoline,2026-01-14 11:38:31,2026-01-14 11:38:31,-22.804874296024963,-43.20521443528441,-22.804831530774585,-43.20525534034426,6813.69170046378,4494.709980396624,2318.9817200671573,2076745.606653282,574.3241446971424,153.1920666097415
0,HBEFA4/PC_petrol_Euro-6ab,Gasoline,2026-01-14 11:38:31,2026-01-14 11:38:31,-22.804831530774585,-43.20525534034426,-22.8047792267508,-43.205305369211615,6813.698030555907,4494.716310488751,2318.9817200671573,2076749.9114426791,574.3256158212074,153.1922557598225
0,HBEFA4/PC_petrol_Euro-6ab,Gasoline,2026-01-14 11:38:31,2026-01-14 11:38:31,-22.8047792267508,-43.205305369211615,-22.8047201268088,-43.20536189831599,6813.705772570274,4494.724052503118,2318.9817200671573,2076754.1543273497,574.3269733698351,153.19248292840584
0,HBEFA4/PC_petrol_Euro-6ab,Gasoline,2026-01-14 11:38:31,2026-01-14 11:38:31,-22.8047201268088,-43.20536189831599,-22.804647725056263,-43.20543115050657,6813.714520509626,4494.732800442469,2318.9817200671573,2076757.8409290721,574.3281049940756,153.192736465436
0,HBEFA4/PC_petrol_Euro-6ab,Gasoline,2026-01-14 11:38:31,2026-01-14 11:38:31,-22.804647725056263,-43.20543115050657,-22.804571478072017,-43.205504080540265,6813.725237370547,4494.74351730339,2318.9817200671573,2076764.2237608624,574.3299172113157,153.1930504134479
0,HBEFA4/PC_petrol_Euro-6ab,Gasoline,2026-01-14 11:38:31,2026-01-14 11:38:35,-22.804571478072017,-43.205504080540265,-22.800703320512937,-43.20928212702961,6827.153700674421,4503.293848988303,2323.8598516861193,2080694.366111171,575.4160694900884,153.48803655112127
0,HBEFA4/PC_petrol_Euro-6ab,Gasoline,2026-01-14 11:38:35,2026-01-14 11:38:35,-22.800703320512937,-43.20928212702961,-22.800687410188715,-43.20919555583616,6827.161758759685,4503.301907073566,2323.8598516861193,2080695.8256591512,575.4165137473942,153.48826575552746
0,HBEFA4/PC_petrol_Euro-6ab,Gasoline,2026-01-14 11:38:35,2026-01-14 11:38:35,-22.800687410188715,-43.20919555583616,-22.80066879902074,-43.20909401905982,6827.170820352429,4503.31096866631,2323.8598516861193,2080699.5721388846,575.41765123053,153.48852813400333
0,HBEFA4/PC_petrol_Euro-6ab,Gasoline,2026-01-14 11:38:35,2026-01-14 11:38:38,-22.80066879902074,-43.20909401905982,-22.798299001359283,-43.204584985187545,6839.324402349767,4509.2360066147985,2330.0883957349697,2084045.876777711,576.3159999486325,153.76575382262868
0,HBEFA4/PC_petrol_Euro-6ab,Gasoline,2026-01-14 11:38:38,2026-01-14 11:38:38,-22.798299001359283,-43.204584985187545,-22.798219147170226,-43.20460226224623,6839.331733486086,4509.243337751118,2330.0883957349697,2084045.876777711,576.3159999486325,153.76575382262868
0,HBEFA4/PC_petrol_Euro-6ab,Gasoline,2026-01-14 11:38:38,2026-01-14 11:38:38,-22.798219147170226,-43.20460226224623,-22.7982977730949,-43.20458525093204,6839.870132149521,4509.781736414553,2330.0883957349697,2084177.1143886293,576.3545767690206,153.77704988011683
0,HBEFA4/PC_petrol_Euro-6ab,Gasoline,2026-01-14 11:38:38,2026-01-14 11:38:41,-22.7982977730949,-43.20458525093204,-22.798061835936995,-43.20197032123246,6848.413926172909,4517.561649167886,2330.852277005023,2086850.3561166166,577.1616628480986,153.96162852811582
0,HBEFA4/PC_petrol_Euro-6ab,Gasoline,2026-01-14 11:38:41,2026-01-14 11:38:50,-22.798061835936995,-43.20197032123246,-22.800701223604808,-43.20927077349878,6875.711581585035,4538.103090167852,2337.6084914171834,2095237.522289589,579.5453697019759,154.5708179116678
0,HBEFA4/PC_petrol_Euro-6ab,Gasoline,2026-01-14 11:38:50,2026-01-14 11:38:50,-22.800701223604808,-43.20927077349878,-22.80068358353164,-43.20917467874799,6875.719887380559,4538.111395963377,2337.6084914171834,2095239.1308694365,579.5458611233042,154.57105438866537
0,HBEFA4/PC_petrol_Euro-6ab,Gasoline,2026-01-14 11:38:50,2026-01-14 11:38:50,-22.80068358353164,-43.20917467874799,-22.800664154612953,-43.20906868066594,6875.729945382436,4538.121453965253,2337.6084914171834,2095244.7692923965,579.5475056685314,154.57134847935788
0,HBEFA4/PC_petrol_Euro-6ab,Gasoline,2026-01-14 11:38:50,2026-01-14 11:38:50,-22.800664154612953,-43.20906868066594,-22.80064188774234,-43.208947200112654,6875.741039316256,4538.132547899074,2337.6084914171834,2095249.043831225,579.5487174446656,154.5716690224249
0,HBEFA4/PC_petrol_Euro-6ab,Gasoline,2026-01-14 11:38:50,2026-01-14 11:38:50,-22.80064188774234,-43.208947200112654,-22.800617289263567,-43.20881299971521,6875.753753675531,4538.145262258348,2337.6084914171834,2095255.3159554051,579.5503835076836,154.5720393287542
0,HBEFA4/PC_petrol_Euro-6ab,Gasoline,2026-01-14 11:38:50,2026-01-14 11:38:51,-22.800617289263567,-43.20881299971521,-22.804905100569957,-43.20518497064335,6880.190790762099,4540.977941370513,2339.212849391587,2096597.0511139228,579.912507222033,154.67335659454517
0,HBEFA4/PC_petrol_Euro-6ab,Gasoline,2026-01-14 11:38:51,2026-01-14 11:38:53,-22.804905100569957,-43.20518497064335,-22.80489829586075,-43.20519147937009,6885.056778419141,4543.792217850966,2341.264560568175,2098397.6849478637,580.4066413758894,154.78563467893736
0,HBEFA4/PC_petrol_Euro-6ab,Gasoline,2026-01-14 11:38:53,2026-01-14 11:38:55,-22.80489829586075,-43.20519147937009,-22.798026214237577,-43.20198316410487,6892.064575586354,4548.162216608122,2343.902358978233,2100609.923478819,581.0176352724865,154.94205278977134
0,HBEFA4/PC_petrol_Euro-6ab,Gasoline,2026-01-14 11:38:55,2026-01-14 11:39:01,-22.798026214237577,-43.20198316410487,-22.80490682520339,-43.20518332102564,6911.733995067702,4562.640689859083,2349.0933052086207,2106565.0961407023,582.6910335137089,155.3902979098305
0,HBEFA4/PC_petrol_Euro-6ab,Gasoline,2026-01-14 11:39:01,2026-01-14 11:39:01,-22.80490682520339,-43.20518332102564,-22.804878128887587,-43.20521076914071,6911.73711550894,4562.64381030032,2349.0933052086207,2106565.0961407023,582.6910335137089,155.3902979098305
0,HBEFA4/PC_petrol_Euro-6ab,Gasoline,2026-01-14 11:39:01,2026-01-14 11:39:10,-22.804878128887587,-43.20521076914071,-22.798065381688605,-43.20196904286417,6938.748245641878,4580.378383101321,2358.369862540559,2115296.4291898487,585.1226233138549,155.99470555930077
0,HBEFA4/PC_petrol_Euro-6ab,Gasoline,2026-01-14 11:39:10,2026-01-14 11:39:10,-22.798065381688605,-43.20196904286417,-22.797956503380906,-43.2020082972917,6938.759059026698,4580.3891964861405,2358.369862540559,2115300.7501509534,585.1238584486402,155.99501824308933
0,HBEFA4/PC_petrol_Euro-6ab,Gasoline,2026-01-14 11:39:10,2026-01-14 11:39:10,-22.797956503380906,-43.2020082972917,-22.79783052255164,-43.20205371768296,6938.771772869685,4580.4019103291275,2358.369862540559,2115307.783927061,585.1257183379166,155.9953898168231
0,HBEFA4/PC_petrol_Euro-6ab,Gasoline,2026-01-14 11:39:10,2026-01-14 11:39:10,-22.79783052255164,-43.20205371768296,-22.797709094636424,-43.202097496499995,6938.7864837912375,4580.41662125068,2358.369862540559,2115316.012476696,585.1277567457363,155.99582091649486
0,HBEFA4/PC_petrol_Euro-6ab,Gasoline,2026-01-14 11:39:10,2026-01-14 11:39:10,-22.797709094636424,-43.202097496499995,-22.797589802047856,-43.20214050537137,6938.800663061721,4580.430800521163,2358.369862540559,2115316.012476696,585.1277567457363,155.99582091649486
0,HBEFA4/PC_petrol_Euro-6ab,Gasoline,2026-01-14 11:39:10,2026-01-14 11:39:14,-22.797589802047856,-43.20214050537137,-22.80490965454503,-43.20518061475068,6951.724835007182,4590.182983794612,2361.5418512125716,2119304.6286928984,586.2482227590956,156.28188153518516
0,HBEFA4/PC_petrol_Euro-6ab,Gasoline,2026-01-14 11:39:14,2026-01-14 11:39:14,-22.80490965454503,-43.20518061475068,-22.804879433778787,-43.2052095210086,6951.7277567109795,4590.185905498409,2361.5418512125716,2119304.6286928984,586.2482227590956,156.28188153518516
0,HBEFA4/PC_petrol_Euro-6ab,Gasoline,2026-01-14 11:39:14,2026-01-14 11:39:18,-22.804879433778787,-43.2052095210086,-22.804910424181475,-43.205179878590755,6966.370521022552,4595.493370668099,2370.8771503544544,2123800.5547803235,587.4138380525139,156.62515458655196
0,HBEFA4/PC_petrol_Euro-6ab,Gasoline,2026-01-14 11:39:18,2026-01-14 11:39:18,-22.804910424181475,-43.205179878590755,-22.804877080211725,-43.2052117722021,6966.373942789709,4595.496792435256,2370.8771503544544,2123802.1695359903,587.4143566027421,156.62525773489352
0,HBEFA4/PC_petrol_Euro-6ab,Gasoline,2026-01-14 11:39:18,2026-01-14 11:39:18,-22.804877080211725,-43.2052117722021,-22.804830469511582,-43.20525635544428,6966.3788783496975,4595.5017279952435,2370.8771503544544,2123805.89545211,587.4157105879422,156.6254080795473
0,HBEFA4/PC_petrol_Euro-6ab,Gasoline,2026-01-14 11:39:18,2026-01-14 11:39:25,-22.804830469511582,-43.20525635544428,-22.800701257320437,-43.20927095604916,6991.0058917084525,4610.0877364605085,2380.9181552479445,2131105.380846144,589.3836384085398,157.1896631837546
0,HBEFA4/PC_petrol_Euro-6ab,Gasoline,2026-01-14 11:39:25,2026-01-14 11:39:25,-22.800701257320437,-43.20927095604916,-22.800684176340432,-43.20917791293318,6991.014038269014,4610.09588302107,2380.9181552479445,2131107.9493937115,589.3844374804811,157.18989747332634
0,HBEFA4/PC_petrol_Euro-6ab,Gasoline,2026-01-14 11:39:25,2026-01-14 11:39:25,-22.800684176340432,-43.20917791293318,-22.800665126210482,-43.20907398138735,6991.0237768873185,4610.1056216393745,2380.9181552479445,2131113.1269942704,589.385967730147,157.19018173151167
0,HBEFA4/PC_petrol_Euro-6ab,Gasoline,2026-01-14 11:39:25,2026-01-14 11:39:25,-22.800665126210482,-43.20907398138735,-22.800643215106145,-43.208954441747885,6991.034654533909,4610.116499285965,2380.9181552479445,2131117.595701864,589.3872411483527,157.19049651610646
0,HBEFA4/PC_petrol_Euro-6ab,Gasoline,2026-01-14 11:39:25,2026-01-14 11:39:27,-22.800643215106145,-43.208954441747885,-22.798075576983578,-43.20196536710096,6998.091334934232,4613.9794599338775,2384.1118750003548,2132973.130225498,589.8796628537383,157.35137994518726
0,HBEFA4/PC_petrol_Euro-6ab,Gasoline,2026-01-14 11:39:27,2026-01-14 11:39:41,-22.798075576983578,-43.20196536710096,-22.80263816419477,-43.20171547817295,7044.015747138679,4648.235301461291,2395.7804456773893,2146552.3200440886,593.6862719757545,158.3785842031669
0,HBEFA4/PC_petrol_Euro-6ab,Gasoline,2026-01-14 11:39:41,2026-01-14 11:39:41,-22.80263816419477,-43.20171547817295,-22.802613801996014,-43.20177162924042,7044.020280776413,4648.239835099023,2395.7804456773893,2146552.3200440886,593.6862719757545,158.3785842031669
0,HBEFA4/PC_petrol_Euro-6ab,Gasoline,2026-01-14 11:39:41,2026-01-14 11:39:41,-22.802613801996014,-43.20177162924042,-22.802604730629806,-43.20184234309934,7044.0266479632555,4648.246202285867,2395.7804456773893,2146556.9222513675,593.6878473835129,158.3787751600668
0,HBEFA4/PC_petrol_Euro-6ab,Gasoline,2026-01-14 11:39:41,2026-01-14 11:39:41,-22.802604730629806,-43.20184234309934,-22.802657243407783,-43.20191197249651,7044.034143212519,4648.25369753513,2395.7804456773893,2146560.58422482,593.6890258748189,158.378994161852
0,HBEFA4/PC_petrol_Euro-6ab,Gasoline,2026-01-14 11:39:41,2026-01-14 11:39:41,-22.802657243407783,-43.20191197249651,-22.80295110703057,-43.202027204478235,7044.065796049394,4648.285350372005,2395.7804456773893,2146575.2737419116,593.6932753538072,158.37991397351186
0,HBEFA4/PC_petrol_Euro-6ab,Gasoline,2026-01-14 11:39:41,2026-01-14 11:39:41,-22.80295110703057,-43.202027204478235,-22.803067810125437,-43.20207678362244,7044.078615364109,4648.298169686721,2395.7804456773893,2146580.3917953507,593.6946437216777,158.38028536115667
0,HBEFA4/PC_petrol_Euro-6ab,Gasoline,2026-01-14 11:39:41,2026-01-14 11:39:41,-22.803067810125437,-43.20207678362244,-22.803189059139054,-43.202128294103964,7044.092506039999,4648.31206036261,2395.7804456773893,2146585.497658185,593.6959705083169,158.3806878037003
0,HBEFA4/PC_petrol_Euro-6ab,Gasoline,2026-01-14 11:39:41,2026-01-14 11:39:45,-22.803189059139054,-43.202128294103964,-22.80491545098757,-43.20517507043302,7057.275192522357,4657.696971469435,2399.5782210529233,2150959.849717732,594.9314965211652,158.6785729432599
0,HBEFA4/PC_petrol_Euro-6ab,Gasoline,2026-01-14 11:39:45,2026-01-14 11:39:45,-22.80491545098757,-43.20517507043302,-22.80488611565186,-43.20520312977761,7057.278458723925,4657.7002376710025,2399.5782210529233,2150959.849717732,594.9314965211652,158.6785729432599
0,HBEFA4/PC_petrol_Euro-6ab,Gasoline,2026-01-14 11:39:45,2026-01-14 11:39:49,-22.80488611565186,-43.20520312977761,-22.804898288260695,-43.20519148663958,7069.85403605526,4666.8571762195015,2402.9968598357586,2154960.980113613,596.0577938475894,158.96155621135125
0,HBEFA4/PC_petrol_Euro-6ab,Gasoline,2026-01-14 11:39:49,2026-01-14 11:39:49,-22.804898288260695,-43.20519148663958,-22.804863653501656,-43.20522461488582,7069.857459143574,4666.860599307815,2402.9968598357586,2154962.884675858,596.0584444752864,158.96166043413336
0,HBEFA4/PC_petrol_Euro-6ab,Gasoline,2026-01-14 11:39:49,2026-01-14 11:39:50,-22.804863653501656,-43.20522461488582,-22.804910049144546,-43.20518023731487,7074.915483626917,4667.742773922729,2407.1727097041894,2156535.9103148687,596.4431955906579,159.0827926658353
0,HBEFA4/PC_petrol_Euro-6ab,Gasoline,2026-01-14 11:39:50,2026-01-14 11:39:52,-22.804910049144546,-43.20518023731487,-22.800699438841047,-43.20926111005084,7080.026617230682,4670.605963154154,2409.4206540765285,2157956.296480903,596.8228012520417,159.19930694455175
0,HBEFA4/PC_petrol_Euro-6ab,Gasoline,2026-01-14 11:39:52,2026-01-14 11:39:57,-22.800699438841047,-43.20926111005084,-22.797200088553158,-43.20394954253886,7094.500807945127,4681.43389241367,2413.066915531458,2162208.9771145782,598.0283050912445,159.51914721059416
0,HBEFA4/PC_petrol_Euro-6ab,Gasoline,2026-01-14 11:39:57,2026-01-14 11:39:57,-22.797200088553158,-43.20394954253886,-22.79707091858172,-43.20395480926103,7094.515362202507,4681.44844667105,2413.066915531458,2162212.0286419303,598.029122124859,159.51956602109567
0,HBEFA4/PC_petrol_Euro-6ab,Gasoline,2026-01-14 11:39:57,2026-01-14 11:40:01,-22.79707091858172,-43.20395480926103,-22.80070092844197,-43.209269175365094,7105.712458064948,4687.913953780159,2417.79850428479,2165824.412211162,599.0160645166916,159.77276291447754
0,HBEFA4/PC_petrol_Euro-6ab,Gasoline,2026-01-14 11:40:01,2026-01-14 11:40:01,-22.80070092844197,-43.209269175365094,-22.800684550596312,-43.20917995476001,7105.720074691917,4687.921570407128,2417.79850428479,2165826.0766516216,599.0165766478381,159.77298032098093
0,HBEFA4/PC_petrol_Euro-6ab,Gasoline,2026-01-14 11:40:01,2026-01-14 11:40:03,-22.800684550596312,-43.20917995476001,-22.802640861510792,-43.201709261276186,7112.59277840987,4693.617820105495,2418.9749583043754,2168127.257337528,599.7111989057665,159.92895731605364
0,HBEFA4/PC_petrol_Euro-6ab,Gasoline,2026-01-14 11:40:03,2026-01-14 11:40:06,-22.802640861510792,-43.201709261276186,-22.804912832035495,-43.20517757546997,7122.608212421448,4700.50449588139,2422.103716540059,2171196.104140247,600.5652572523613,160.15671184126612
0,HBEFA4/PC_petrol_Euro-6ab,Gasoline,2026-01-14 11:40:06,2026-01-14 11:40:06,-22.804912832035495,-43.20517757546997,-22.80487861683288,-43.205210302419665,7122.61191638013,4700.508199840073,2422.103716540059,2171197.5123781688,600.565681711712,160.1568217982481
0,HBEFA4/PC_petrol_Euro-6ab,Gasoline,2026-01-14 11:40:06,2026-01-14 11:40:11,-22.80487861683288,-43.205210302419665,-22.800698261030124,-43.20925473289799,7136.767035780763,4709.557960819773,2427.2090749609906,2175367.860284666,601.7113130139697,160.4712119958079
0,HBEFA4/PC_petrol_Euro-6ab,Gasoline,2026-01-14 11:40:11,2026-01-14 11:40:11,-22.800698261030124,-43.20925473289799,-22.80068147997251,-43.20916320236988,7136.775106698944,4709.566031737954,2427.2090749609906,2175369.429814124,601.7117926211795,160.471441819361
0,HBEFA4/PC_petrol_Euro-6ab,Gasoline,2026-01-14 11:40:11,2026-01-14 11:40:11,-22.80068147997251,-43.20916320236988,-22.800662621085724,-43.20906031424016,7136.784686518848,4709.575611557858,2427.2090749609906,2175374.3777574482,601.7132645071225,160.47172118353657
0,HBEFA4/PC_petrol_Euro-6ab,Gasoline,2026-01-14 11:40:11,2026-01-14 11:40:13,-22.800662621085724,-43.20906031424016,-22.797912154866058,-43.204641813642255,7144.851972761224,4715.440902708892,2429.4110700523324,2177781.1329463543,602.3860452887092,160.65380813135565
0,HBEFA4/PC_petrol_Euro-6ab,Gasoline,2026-01-14 11:40:13,2026-01-14 11:40:18,-22.797912154866058,-43.204641813642255,-22.804912524914585,-43.2051778692322,7160.2116937351875,4727.0388061167105,2433.1728876184784,2182206.7259801477,603.6291874313406,160.98821278855354
0,HBEFA4/PC_petrol_Euro-6ab,Gasoline,2026-01-14 11:40:18,2026-01-14 11:40:18,-22.804912524914585,-43.2051778692322,-22.80488494476932,-43.20520424973023,7160.21463184003,4727.041744221552,2433.1728876184784,2182206.7259801477,603.6291874313406,160.98821278855354
0,HBEFA4/PC_petrol_Euro-6ab,Gasoline,2026-01-14 11:40:18,2026-01-14 11:40:23,-22.80488494476932,-43.20520424973023,-22.804911892327098,-43.20517847430435,7177.580305028788,4737.9903886837,2439.5899163450886,2187841.0701853046,605.1863734870936,161.3825500316761
0,HBEFA4/PC_petrol_Euro-6ab,Gasoline,2026-01-14 11:40:23,2026-01-14 11:40:23,-22.804911892327098,-43.20517847430435,-22.80488330666473,-43.20520581658207,7177.583325475368,4737.99340913028,2439.5899163450886,2187841.0701853046,605.1863734870936,161.3825500316761
0,HBEFA4/PC_petrol_Euro-6ab,Gasoline,2026-01-14 11:40:23,2026-01-14 11:40:23,-22.80488330666473,-43.20520581658207,-22.804845527643522,-43.205241952311226,7177.587556712864,4737.9976403677765,2439.5899163450886,2187844.223347079,605.187539200174,161.38267993704844
0,HBEFA4/PC_petrol_Euro-6ab,Gasoline,2026-01-14 11:40:23,2026-01-14 11:40:24,-22.804845527643522,-43.205241952311226,-22.80051051237714,-43.20825398644351,7180.3879749348,4739.890853585638,2440.4971213491626,2188692.7703862125,605.4203964265148,161.44217298480027
0,HBEFA4/PC_petrol_Euro-6ab,Gasoline,2026-01-14 11:40:24,2026-01-14 11:40:41,-22.80051051237714,-43.20825398644351,-22.802641849065903,-43.201706985114,7234.7189407015685,4774.087112210196,2460.631828491373,2205283.4799422575,609.9785421514791,162.6654721482776
0,HBEFA4/PC_petrol_Euro-6ab,Gasoline,2026-01-14 11:40:41,2026-01-14 11:40:41,-22.802641849065903,-43.201706985114,-22.8026216493861,-43.20175354223788,7234.723087715759,4774.091259224387,2460.631828491373,2205283.4799422575,609.9785421514791,162.6654721482776
0,HBEFA4/PC_petrol_Euro-6ab,Gasoline,2026-01-14 11:40:41,2026-01-14 11:40:41,-22.8026216493861,-43.20175354223788,-22.80260469328915,-43.20181355030857,7234.728367007792,4774.09653851642,2460.631828491373,2205286.7135188337,609.9796795242224,162.66563012296396
0,HBEFA4/PC_petrol_Euro-6ab,Gasoline,2026-01-14 11:40:41,2026-01-14 11:40:41,-22.80260469328915,-43.20181355030857,-22.802628355993924,-43.20188799018782,7234.734931121557,4774.103102630185,2460.631828491373,2205290.4501074706,609.9809321463824,162.66582402487828
0,HBEFA4/PC_petrol_Euro-6ab,Gasoline,2026-01-14 11:40:41,2026-01-14 11:40:41,-22.802628355993924,-43.20188799018782,-22.80304384086179,-43.20206660071878,7234.77943555419,4774.147607062818,2460.631828491373,2205314.86717398,609.9877791053954,162.6671257240357
0,HBEFA4/PC_petrol_Euro-6ab,Gasoline,2026-01-14 11:40:41,2026-01-14 11:40:41,-22.80304384086179,-43.20206660071878,-22.803163515637195,-43.20211744239518,7234.793423079773,4774.1615945884005,2460.631828491373,2205317.67129367,609.9885447506501,162.6675274320342
0,HBEFA4/PC_petrol_Euro-6ab,Gasoline,2026-01-14 11:40:41,2026-01-14 11:40:41,-22.803163515637195,-43.20211744239518,-22.80328692702023,-43.20217004733383,7234.807667463377,4774.175838972005,2460.631828491373,2205320.420966889,609.9892939233875,162.66793662914148
0,HBEFA4/PC_petrol_Euro-6ab,Gasoline,2026-01-14 11:40:41,2026-01-14 11:40:41,-22.80328692702023,-43.20217004733383,-22.80340473014888,-43.20222034748551,7234.822363228198,4774.1905347368265,2460.631828491373,2205323.8352402365,609.9901946632892,162.66836016612783
0,HBEFA4/PC_petrol_Euro-6ab,Gasoline,2026-01-14 11:40:41,2026-01-14 11:40:41,-22.80340473014888,-43.20222034748551,-22.803525975628474,-43.202270774888134,7234.836394397418,4774.204565906046,2460.631828491373,2205323.8352402365,609.9901946632892,162.66836016612783
0,HBEFA4/PC_petrol_Euro-6ab,Gasoline,2026-01-14 11:40:41,2026-01-14 11:40:41,-22.803525975628474,-43.202270774888134,-22.80364934715823,-43.202277192822514,7234.850799295054,4774.218970803682,2460.631828491373,2205326.9624662776,609.9910319970044,162.66877467483488
0,HBEFA4/PC_petrol_Euro-6ab,Gasoline,2026-01-14 11:40:41,2026-01-14 11:40:50,-22.80364934715823,-43.202277192822514,-22.798051604710118,-43.2031998553433,7267.571520203682,4795.022015892591,2472.5495043110914,2215215.4251064486,612.7101873623238,163.40363708922254
0,HBEFA4/PC_petrol_Euro-6ab,Gasoline,2026-01-14 11:40:50,2026-01-14 11:40:50,-22.798051604710118,-43.2031998553433,-22.79796243173915,-43.203289287680875,7267.586069844652,4795.036565533562,2472.5495043110914,2215216.997728977,612.7106529906206,163.4040535553599
0,HBEFA4/PC_petrol_Euro-6ab,Gasoline,2026-01-14 11:40:50,2026-01-14 11:40:50,-22.79796243173915,-43.203289287680875,-22.797836953182266,-43.203297344243396,7267.599799541009,4795.050295229918,2472.5495043110914,2215216.997728977,612.7106529906206,163.4040535553599
0,HBEFA4/PC_petrol_Euro-6ab,Gasoline,2026-01-14 11:40:50,2026-01-14 11:40:50,-22.797836953182266,-43.203297344243396,-22.797722268938404,-43.20323831660744,7267.614119342833,4795.0646150317425,2472.5495043110914,2215220.768270612,612.7116457588791,163.40446652636948
0,HBEFA4/PC_petrol_Euro-6ab,Gasoline,2026-01-14 11:40:50,2026-01-14 11:40:50,-22.797722268938404,-43.20323831660744,-22.797606924626145,-43.20316723510836,7267.628336204983,4795.078831893892,2472.5495043110914,2215222.430197207,612.7121337743949,163.40487325240505
0,HBEFA4/PC_petrol_Euro-6ab,Gasoline,2026-01-14 11:40:50,2026-01-14 11:40:58,-22.797606924626145,-43.20316723510836,-22.798287211498522,-43.204587536014756,7293.337721886858,4811.392548264313,2481.945173622547,2223262.3896270157,614.9343914890695,163.98339475996406
0,HBEFA4/PC_petrol_Euro-6ab,Gasoline,2026-01-14 11:40:58,2026-01-14 11:40:58,-22.798287211498522,-43.204587536014756,-22.79820166877855,-43.20460604382542,7293.345655186148,4811.400481563603,2481.945173622547,2223263.8554221275,614.9348378028171,163.98362049666477
0,HBEFA4/PC_petrol_Euro-6ab,Gasoline,2026-01-14 11:40:58,2026-01-14 11:40:58,-22.79820166877855,-43.20460604382542,-22.798129650768786,-43.204615234689264,7293.355317492474,4811.410143869928,2481.945173622547,2223269.306691639,614.9364528035468,163.9839032074777
0,HBEFA4/PC_petrol_Euro-6ab,Gasoline,2026-01-14 11:40:58,2026-01-14 11:40:58,-22.798129650768786,-43.204615234689264,-22.797949454167135,-43.20463725929345,7293.372396030783,4811.427222408238,2481.945173622547,2223273.069268816,614.9375957986891,163.9841651795484
0,HBEFA4/PC_petrol_Euro-6ab,Gasoline,2026-01-14 11:40:58,2026-01-14 11:41:01,-22.797949454167135,-43.20463725929345,-22.802648014848916,-43.20169277393276,7303.778276055944,4818.844850150848,2484.9334259050966,2226094.5918067754,615.7021860812752,164.21546061972901
0,HBEFA4/PC_petrol_Euro-6ab,Gasoline,2026-01-14 11:41:01,2026-01-14 11:41:01,-22.802648014848916,-43.20169277393276,-22.802627449266275,-43.20174017441985,7303.782416255329,4818.848990350233,2484.9334259050966,2226094.5918067754,615.7021860812752,164.21546061972901
0,HBEFA4/PC_petrol_Euro-6ab,Gasoline,2026-01-14 11:41:01,2026-01-14 11:41:09,-22.802627449266275,-43.20174017441985,-22.802649235559546,-43.201689960382055,7332.504885593146,4834.585018065649,2497.919867527498,2234505.556050293,617.9512282140851,164.8770253221238
0,HBEFA4/PC_petrol_Euro-6ab,Gasoline,2026-01-14 11:41:09,2026-01-14 11:41:09,-22.802649235559546,-43.201689960382055,-22.802627259652642,-43.20174061144972,7332.509207216021,4834.589339688525,2497.919867527498,2234505.556050293,617.9512282140851,164.8770253221238
0,HBEFA4/PC_petrol_Euro-6ab,Gasoline,2026-01-14 11:41:09,2026-01-14 11:41:09,-22.802627259652642,-43.20174061144972,-22.80260496822814,-43.20180511354549,7332.514950735635,4834.595083208137,2497.919867527498,2234509.3301445004,617.9525447203566,164.8771972881524
0,HBEFA4/PC_petrol_Euro-6ab,Gasoline,2026-01-14 11:41:09,2026-01-14 11:41:09,-22.80260496822814,-43.20180511354549,-22.802622408268004,-43.2018814752314,7332.522114095601,4834.602246568104,2497.919867527498,2234513.441175701,617.9538923867761,164.87740838648085
0,HBEFA4/PC_petrol_Euro-6ab,Gasoline,2026-01-14 11:41:09,2026-01-14 11:41:23,-22.802622408268004,-43.2018814752314,-22.802640438622518,-43.20171023596839,7380.521419956702,4862.708990520731,2517.8124294359714,2249563.1992680915,622.0598830351994,165.97150990188845
0,HBEFA4/PC_petrol_Euro-6ab,Gasoline,2026-01-14 11:41:23,2026-01-14 11:41:23,-22.802640438622518,-43.20171023596839,-22.80261915819521,-43.20175928404266,7380.525006342626,4862.712576906655,2517.8124294359714,2249563.1992680915,622.0598830351994,165.97150990188845
0,HBEFA4/PC_petrol_Euro-6ab,Gasoline,2026-01-14 11:41:23,2026-01-14 11:41:23,-22.80261915819521,-43.20175928404266,-22.8026044727489,-43.201820317784865,7380.530568093289,4862.718138657318,2517.8124294359714,2249567.78475091,622.0615213768261,165.97167939801437
0,HBEFA4/PC_petrol_Euro-6ab,Gasoline,2026-01-14 11:41:23,2026-01-14 11:41:23,-22.8026044727489,-43.201820317784865,-22.802628131376768,-43.20188780371088,7380.537176598874,4862.724747162903,2517.8124294359714,2249571.1284078998,622.0626324977313,165.97187344703912
0,HBEFA4/PC_petrol_Euro-6ab,Gasoline,2026-01-14 11:41:23,2026-01-14 11:41:23,-22.802628131376768,-43.20188780371088,-22.802995582217186,-43.20204609892613,7380.575894227598,4862.7634647916275,2517.8124294359714,2249590.1773858895,622.0682021479354,165.9730010597695
0,HBEFA4/PC_petrol_Euro-6ab,Gasoline,2026-01-14 11:41:23,2026-01-14 11:41:23,-22.802995582217186,-43.20204609892613,-22.80311556273699,-43.20209707045729,7380.5892290573065,4862.776799621336,2517.8124294359714,2249595.7248467486,622.0696579596141,165.97338804644613
0,HBEFA4/PC_petrol_Euro-6ab,Gasoline,2026-01-14 11:41:23,2026-01-14 11:41:23,-22.80311556273699,-43.20209707045729,-22.803233032051278,-43.20214703502682,7380.603509831791,4862.79108039582,2517.8124294359714,2249600.5644890945,622.0709079988804,165.97380149202226
0,HBEFA4/PC_petrol_Euro-6ab,Gasoline,2026-01-14 11:41:23,2026-01-14 11:41:23,-22.803233032051278,-43.20214703502682,-22.803356108807147,-43.20219958689867,7380.6174939642615,4862.805064528291,2517.8124294359714,2249600.5644890945,622.0709079988804,165.97380149202226
0,HBEFA4/PC_petrol_Euro-6ab,Gasoline,2026-01-14 11:41:23,2026-01-14 11:41:30,-22.803356108807147,-43.20219958689867,-22.79809551906097,-43.201958177277255,7403.9115002616745,4877.453398813433,2526.4581014482424,2256516.0108648934,623.9644983868234,166.5051610781143
0,HBEFA4/PC_petrol_Euro-6ab,Gasoline,2026-01-14 11:41:30,2026-01-14 11:41:30,-22.79809551906097,-43.201958177277255,-22.797979370500286,-43.20200005290367,7403.923679851314,4877.465578403073,2526.4581014482424,2256522.903911791,623.9663540353611,166.50551718833768
0,HBEFA4/PC_petrol_Euro-6ab,Gasoline,2026-01-14 11:41:30,2026-01-14 11:41:30,-22.797979370500286,-43.20200005290367,-22.797857635649365,-43.202043942493624,7403.9372426504115,4877.47914120217,2526.4581014482424,2256528.815732631,623.9678905096625,166.50591136336791
0,HBEFA4/PC_petrol_Euro-6ab,Gasoline,2026-01-14 11:41:30,2026-01-14 11:41:30,-22.797857635649365,-43.202043942493624,-22.797732418736622,-43.20208908739035,7403.951457764802,4877.4933563165605,2526.4581014482424,2256532.753098208,623.9689256028533,166.50632150775277
0,HBEFA4/PC_petrol_Euro-6ab,Gasoline,2026-01-14 11:41:30,2026-01-14 11:41:31,-22.797732418736622,-43.20208908739035,-22.7981069641384,-43.20195405092123,7408.32057784614,4881.484077075274,2526.8365007708658,2257898.2598370914,624.3783289354694,166.60296021397883
0,HBEFA4/PC_petrol_Euro-6ab,Gasoline,2026-01-14 11:41:31,2026-01-14 11:41:35,-22.7981069641384,-43.20195405092123,-22.804906291819844,-43.20518383120882,7421.16661568318,4891.656292760338,2529.5103229228425,2262023.0914955023,625.5475018970099,166.88513320850737
0,HBEFA4/PC_petrol_Euro-6ab,Gasoline,2026-01-14 11:41:35,2026-01-14 11:41:35,-22.804906291819844,-43.20518383120882,-22.804872933270126,-43.20521573876311,7421.1700344601,4891.659711537259,2529.5103229228425,2262023.0914955023,625.5475018970099,166.88513320850737
0,HBEFA4/PC_petrol_Euro-6ab,Gasoline,2026-01-14 11:41:35,2026-01-14 11:41:38,-22.804872933270126,-43.20521573876311,-22.802648283862478,-43.20169215389779,7431.123966841815,4894.354115659322,2536.769851182494,2265180.885163336,626.3575068495884,167.11451262429216
0,HBEFA4/PC_petrol_Euro-6ab,Gasoline,2026-01-14 11:41:38,2026-01-14 11:41:38,-22.802648283862478,-43.20169215389779,-22.802628078088926,-43.20173872508163,7431.1282359471825,4894.358384764689,2536.769851182494,2265180.885163336,626.3575068495884,167.11451262429216
0,HBEFA4/PC_petrol_Euro-6ab,Gasoline,2026-01-14 11:41:38,2026-01-14 11:41:44,-22.802628078088926,-43.20173872508163,-22.800700798811555,-43.20926847349243,7452.64141338331,4906.369610270165,2546.271803113146,2271892.2274580565,628.1665268439289,167.6058091977376
0,HBEFA4/PC_petrol_Euro-6ab,Gasoline,2026-01-14 11:41:44,2026-01-14 11:41:44,-22.800700798811555,-43.20926847349243,-22.80068483530627,-43.209181508051536,7452.649318172156,4906.377515059011,2546.271803113146,2271892.2274580565,628.1665268439289,167.6058091977376
0,HBEFA4/PC_petrol_Euro-6ab,Gasoline,2026-01-14 11:41:44,2026-01-14 11:41:44,-22.80068483530627,-43.209181508051536,-22.800666991596444,-43.20908415833186,7452.658420616339,4906.386617503194,2546.271803113146,2271896.386471879,628.1677875347586,167.60607361412568
0,HBEFA4/PC_petrol_Euro-6ab,Gasoline,2026-01-14 11:41:44,2026-01-14 11:41:48,-22.800666991596444,-43.20908415833186,-22.804908990475038,-43.20518124993591,7463.137463818956,4912.277339214485,2550.860124604472,2275439.211658015,629.1380618720202,167.85110451159198
0,HBEFA4/PC_petrol_Euro-6ab,Gasoline,2026-01-14 11:41:48,2026-01-14 11:41:48,-22.804908990475038,-43.20518124993591,-22.804873325422037,-43.20521536366875,7463.140965006279,4912.280840401808,2550.860124604472,2275439.211658015,629.1380618720202,167.85110451159198
0,HBEFA4/PC_petrol_Euro-6ab,Gasoline,2026-01-14 11:41:48,2026-01-14 11:42:07,-22.804873325422037,-43.20521536366875,-22.797944163379885,-43.20463790531354,7522.681774299243,4948.109171390372,2574.572602908873,2294287.8176521487,634.3062194440936,169.18904323561006
0,HBEFA4/PC_petrol_Euro-6ab,Gasoline,2026-01-14 11:42:07,2026-01-14 11:42:07,-22.797944163379885,-43.20463790531354,-22.7978991607942,-43.20464340025394,7522.685180481918,4948.112577573046,2574.572602908873,2294287.8176521487,634.3062194440936,169.18904323561006
0,HBEFA4/PC_petrol_Euro-6ab,Gasoline,2026-01-14 11:42:07,2026-01-14 11:42:07,-22.7978991607942,-43.20464340025394,-22.797844376056677,-43.204650089615726,7522.690196136628,4948.1175932277565,2574.572602908873,2294291.702465436,634.3076308577752,169.18919618951858
0,HBEFA4/PC_petrol_Euro-6ab,Gasoline,2026-01-14 11:42:07,2026-01-14 11:42:07,-22.797844376056677,-43.204650089615726,-22.797780085836944,-43.204648697964515,7522.696302037394,4948.123699128522,2574.572602908873,2294295.0240986496,634.3087583488624,169.18937659398958
0,HBEFA4/PC_petrol_Euro-6ab,Gasoline,2026-01-14 11:42:07,2026-01-14 11:42:07,-22.797780085836944,-43.204648697964515,-22.797704473391796,-43.20464538036364,7522.703433060809,4948.130830151937,2574.572602908873,2294298.428513461,634.3098667552948,169.18958500580007
0,HBEFA4/PC_petrol_Euro-6ab,Gasoline,2026-01-14 11:42:07,2026-01-14 11:42:07,-22.797704473391796,-43.20464538036364,-22.797614815978086,-43.20464144652105,7522.711813700756,4948.139210791883,2574.572602908873,2294302.5192114986,634.3111409786449,169.18982931724474
0,HBEFA4/PC_petrol_Euro-6ab,Gasoline,2026-01-14 11:42:07,2026-01-14 11:42:07,-22.797614815978086,-43.20464144652105,-22.79751324259806,-43.204636989850016,7522.721751039717,4948.149148130844,2574.572602908873,2294307.6814649967,634.3126554121691,169.19011907489133
0,HBEFA4/PC_petrol_Euro-6ab,Gasoline,2026-01-14 11:42:07,2026-01-14 11:42:07,-22.79751324259806,-43.204636989850016,-22.797393970433014,-43.2046317566219,7522.733009105908,4948.1604061970365,2574.572602908873,2294312.6938894903,634.3140611869223,169.19044565406048
0,HBEFA4/PC_petrol_Euro-6ab,Gasoline,2026-01-14 11:42:07,2026-01-14 11:42:07,-22.797393970433014,-43.2046317566219,-22.797266808723762,-43.20462617723091,7522.7462288482775,4948.173625939406,2574.572602908873,2294320.118693387,634.3159898781889,169.19083236604945
0,HBEFA4/PC_petrol_Euro-6ab,Gasoline,2026-01-14 11:42:07,2026-01-14 11:42:07,-22.797266808723762,-43.20462617723091,-22.797134721573666,-43.204620381731324,7522.760323042142,4948.18772013327,2574.572602908873,2294324.694843638,634.3171819696456,169.19123993962828
0,HBEFA4/PC_petrol_Euro-6ab,Gasoline,2026-01-14 11:42:07,2026-01-14 11:42:13,-22.797134721573666,-43.204620381731324,-22.802639127427618,-43.201713258070136,7544.1698308706955,4958.90320086968,2585.266630001016,2300849.017396159,636.04347201736,169.67459995194625
0,HBEFA4/PC_petrol_Euro-6ab,Gasoline,2026-01-14 11:42:13,2026-01-14 11:42:13,-22.802639127427618,-43.201713258070136,-22.802618376099904,-43.20176108664969,7544.173739030352,4958.907109029337,2585.266630001016,2300849.017396159,636.04347201736,169.67459995194625
0,HBEFA4/PC_petrol_Euro-6ab,Gasoline,2026-01-14 11:42:13,2026-01-14 11:42:19,-22.802618376099904,-43.20176108664969,-22.804900995561674,-43.20518889709739,7565.579807814918,4973.038569522067,2592.5412382928525,2307053.414831694,637.724781441346,170.15301144126943
0,HBEFA4/PC_petrol_Euro-6ab,Gasoline,2026-01-14 11:42:19,2026-01-14 11:42:19,-22.804900995561674,-43.20518889709739,-22.80486454506774,-43.205223762100616,7565.583448409974,4973.042210117123,2592.5412382928525,2307053.414831694,637.724781441346,170.15301144126943
0,HBEFA4/PC_petrol_Euro-6ab,Gasoline,2026-01-14 11:42:19,2026-01-14 11:42:19,-22.80486454506774,-43.205223762100616,-22.804820691714827,-43.20526570792375,7565.588843795929,4973.047605503078,2592.5412382928525,2307057.6148729483,637.7262861624616,170.15317539615108
0,HBEFA4/PC_petrol_Euro-6ab,Gasoline,2026-01-14 11:42:19,2026-01-14 11:42:19,-22.804820691714827,-43.20526570792375,-22.8047666813921,-43.20531736885529,7565.595334948027,4973.054096655175,2592.5412382928525,2307061.0187757276,637.7274243043712,170.15336642928878
0,HBEFA4/PC_petrol_Euro-6ab,Gasoline,2026-01-14 11:42:19,2026-01-14 11:42:26,-22.8047666813921,-43.20531736885529,-22.8007004417196,-43.209266540049,7586.003344861171,4987.844329583454,2598.159015277718,2313560.4261548496,639.5703379499873,170.60057795313986
0,HBEFA4/PC_petrol_Euro-6ab,Gasoline,2026-01-14 11:42:26,2026-01-14 11:42:26,-22.8007004417196,-43.209266540049,-22.800683994018105,-43.209176918237745,7586.011130587688,4987.85211530997,2598.159015277718,2313565.6838340284,639.5720250111493,170.6008087770418
0,HBEFA4/PC_petrol_Euro-6ab,Gasoline,2026-01-14 11:42:26,2026-01-14 11:42:26,-22.800683994018105,-43.209176918237745,-22.800665620342343,-43.20907667721117,7586.020510993697,4987.86149571598,2598.159015277718,2313570.754783711,639.5735448052329,170.6010828710735
0,HBEFA4/PC_petrol_Euro-6ab,Gasoline,2026-01-14 11:42:26,2026-01-14 11:42:26,-22.800665620342343,-43.20907667721117,-22.800644624434202,-43.20896213055357,7586.031002384444,4987.871987106727,2598.159015277718,2313575.060915319,639.5747885211932,170.60138643610827
0,HBEFA4/PC_petrol_Euro-6ab,Gasoline,2026-01-14 11:42:26,2026-01-14 11:42:33,-22.800644624434202,-43.20896213055357,-22.8007002113377,-43.20926529266625,7608.458323253945,5002.923623129303,2605.5347001246428,2320619.553699588,641.5411312940263,171.09835859247994
0,HBEFA4/PC_petrol_Euro-6ab,Gasoline,2026-01-14 11:42:33,2026-01-14 11:42:33,-22.8007002113377,-43.20926529266625,-22.800684024706563,-43.20917708566467,7608.466441178368,5002.931741053726,2605.5347001246428,2320622.8963133604,641.5421790991765,171.09859391608637
0,HBEFA4/PC_petrol_Euro-6ab,Gasoline,2026-01-14 11:42:33,2026-01-14 11:42:33,-22.800684024706563,-43.20917708566467,-22.800665644663596,-43.20907680990005,7608.4756734705325,5002.940973345891,2605.5347001246428,2320626.9116149372,641.5433906854579,171.09886162791256
0,HBEFA4/PC_petrol_Euro-6ab,Gasoline,2026-01-14 11:42:33,2026-01-14 11:42:33,-22.800665644663596,-43.20907680990005,-22.8006437960345,-43.208957611091456,7608.486168497015,5002.951468372373,2605.5347001246428,2320631.570228958,641.5447333383642,171.0991659890718
0,HBEFA4/PC_petrol_Euro-6ab,Gasoline,2026-01-14 11:42:33,2026-01-14 11:42:54,-22.8006437960345,-43.208957611091456,-22.800704917639205,-43.20929077453709,7672.007297068441,5050.087618860774,2621.9196782076683,2340238.1194343898,647.0718343785911,172.5063835832189
0,HBEFA4/PC_petrol_Euro-6ab,Gasoline,2026-01-14 11:42:54,2026-01-14 11:42:54,-22.800704917639205,-43.20929077453709,-22.80068809890333,-43.20919931325731,7672.015203437084,5050.095525229417,2621.9196782076683,2340238.1194343898,647.0718343785911,172.5063835832189
0,HBEFA4/PC_petrol_Euro-6ab,Gasoline,2026-01-14 11:42:54,2026-01-14 11:42:54,-22.80068809890333,-43.20919931325731,-22.80066888901947,-43.20909451006415,7672.024777094585,5050.105098886917,2621.9196782076683,2340243.4075352913,647.0734068902807,172.50666349324587
0,HBEFA4/PC_petrol_Euro-6ab,Gasoline,2026-01-14 11:42:54,2026-01-14 11:42:54,-22.80066888901947,-43.20909451006415,-22.800647400436155,-43.208977275464974,7672.035745968501,5050.116067760833,2621.9196782076683,2340248.514525228,647.0748519871241,172.50698207278137
0,HBEFA4/PC_petrol_Euro-6ab,Gasoline,2026-01-14 11:42:54,2026-01-14 11:42:54,-22.800647400436155,-43.208977275464974,-22.80062335776313,-43.20884610719151,7672.048015937996,5050.128337730329,2621.9196782076683,2340253.7802920137,647.0762804241316,172.50733792835462
0,HBEFA4/PC_petrol_Euro-6ab,Gasoline,2026-01-14 11:42:54,2026-01-14 11:42:54,-22.80062335776313,-43.20884610719151,-22.800597912735615,-43.2087072888538,7672.061744234507,5050.1420660268395,2621.9196782076683,2340259.9682455915,647.0778775010973,172.50773734008877
0,HBEFA4/PC_petrol_Euro-6ab,Gasoline,2026-01-14 11:42:54,2026-01-14 11:42:54,-22.800597912735615,-43.2087072888538,-22.800573592739948,-43.20857460891611,7672.076273205994,5050.156594998326,2621.9196782076683,2340264.428094476,647.07902984336,172.50815750769806
0,HBEFA4/PC_petrol_Euro-6ab,Gasoline,2026-01-14 11:42:54,2026-01-14 11:42:54,-22.800573592739948,-43.20857460891611,-22.800546897487507,-43.20843761590549,7672.090159727623,5050.170481519956,2621.9196782076683,2340264.428094476,647.07902984336,172.50815750769806
0,HBEFA4/PC_petrol_Euro-6ab,Gasoline,2026-01-14 11:42:54,2026-01-14 11:42:54,-22.800546897487507,-43.20843761590549,-22.80052020420073,-43.20830289931598,7672.104533025605,5050.184854817937,2621.9196782076683,2340267.894619038,647.079948796921,172.50857159548707
0,HBEFA4/PC_petrol_Euro-6ab,Gasoline,2026-01-14 11:42:54,2026-01-14 11:42:54,-22.80052020420073,-43.20830289931598,-22.800492675127167,-43.208163965297544,7672.11867733939,5050.198999131722,2621.9196782076683,2340269.174398231,647.08034495563,172.508975587865
0,HBEFA4/PC_petrol_Euro-6ab,Gasoline,2026-01-14 11:42:54,2026-01-14 11:42:54,-22.800492675127167,-43.208163965297544,-22.800465637386868,-43.20802751158578,7672.133264460822,5050.213586253154,2621.9196782076683,2340272.5433602044,647.081236849248,172.5093958436641
0,HBEFA4/PC_petrol_Euro-6ab,Gasoline,2026-01-14 11:42:54,2026-01-14 11:43:01,-22.800465637386868,-43.20802751158578,-22.804909373009345,-43.205180884040544,7689.725903962803,5063.958775155686,2625.7671288071174,2345846.396282878,648.6711827227646,172.89486797881142
0,HBEFA4/PC_petrol_Euro-6ab,Gasoline,2026-01-14 11:43:01,2026-01-14 11:43:01,-22.804909373009345,-43.205180884040544,-22.804880466646324,-43.20520853306787,7689.728918383724,5063.961789576608,2625.7671288071174,2345846.396282878,648.6711827227646,172.89486797881142
0,HBEFA4/PC_petrol_Euro-6ab,Gasoline,2026-01-14 11:43:01,2026-01-14 11:43:01,-22.804880466646324,-43.20520853306787,-22.804841670588456,-43.20524564159249,7689.733197091116,5063.966068284,2625.7671288071174,2345849.6312982948,648.6723801179801,172.89499940691468
0,HBEFA4/PC_petrol_Euro-6ab,Gasoline,2026-01-14 11:43:01,2026-01-14 11:43:04,-22.804841670588456,-43.20524564159249,-22.800698450362663,-43.20925575802218,7700.283536913541,5067.779350325898,2632.5041865876437,2349303.184844869,649.5789412901055,173.136667338561
0,HBEFA4/PC_petrol_Euro-6ab,Gasoline,2026-01-14 11:43:04,2026-01-14 11:43:05,-22.800698450362663,-43.20925575802218,-22.80070097706059,-43.209269438606405,7702.877525124657,5070.229786070714,2632.647739053944,2350035.1913427752,649.7906602895943,173.1915462999185
0,HBEFA4/PC_petrol_Euro-6ab,Gasoline,2026-01-14 11:43:05,2026-01-14 11:43:07,-22.80070097706059,-43.209269438606405,-22.804905368300812,-43.20518471455789,7713.320528238815,5078.293961746706,2635.0265664921094,2353129.2090208093,650.6637115706827,173.4290809277055
0,HBEFA4/PC_petrol_Euro-6ab,Gasoline,2026-01-14 11:43:07,2026-01-14 11:43:09,-22.804905368300812,-43.20518471455789,-22.804905372292765,-43.20518471073958,7716.821236987995,5079.2899891778525,2637.531247810143,2354343.420657514,650.977933797476,173.51036555148005
0,HBEFA4/PC_petrol_Euro-6ab,Gasoline,2026-01-14 11:43:09,2026-01-14 11:43:21,-22.804905372292765,-43.20518471073958,-22.80069862023151,-43.20925667776192,7753.094554453605,5104.172288283114,2648.9222661704925,2365202.527865654,653.9617747345895,174.32182223964145
0,HBEFA4/PC_petrol_Euro-6ab,Gasoline,2026-01-14 11:43:21,2026-01-14 11:43:21,-22.80069862023151,-43.20925667776192,-22.80068144269684,-43.20916299900522,7753.103143087716,5104.180876917224,2648.9222661704925,2365203.9920240366,653.9622202918777,174.32206630868095
0,HBEFA4/PC_petrol_Euro-6ab,Gasoline,2026-01-14 11:43:21,2026-01-14 11:43:21,-22.80068144269684,-43.20916299900522,-22.800660989138816,-43.20905141087143,7753.112947803293,5104.190681632801,2648.9222661704925,2365208.3640682013,653.9635121413028,174.32235073634635
0,HBEFA4/PC_petrol_Euro-6ab,Gasoline,2026-01-14 11:43:21,2026-01-14 11:43:21,-22.800660989138816,-43.20905141087143,-22.800637868075817,-43.20892527022206,7753.124626801661,5104.2023606311695,2648.9222661704925,2365214.900860967,653.9653046612759,174.32269202601174
0,HBEFA4/PC_petrol_Euro-6ab,Gasoline,2026-01-14 11:43:21,2026-01-14 11:43:21,-22.800637868075817,-43.20892527022206,-22.80061336727476,-43.20879160282443,7753.137828895247,5104.215562724756,2648.9222661704925,2365221.0836020038,653.9669243988615,174.32307620768262
0,HBEFA4/PC_petrol_Euro-6ab,Gasoline,2026-01-14 11:43:21,2026-01-14 11:43:21,-22.80061336727476,-43.20879160282443,-22.8005891914147,-43.20865970882437,7753.151818756709,5104.229552586217,2648.9222661704925,2365225.376320314,653.9680507844565,174.32348028777497
0,HBEFA4/PC_petrol_Euro-6ab,Gasoline,2026-01-14 11:43:21,2026-01-14 11:43:22,-22.8005891914147,-43.20865970882437,-22.80070064863369,-43.20926766036741,7755.358749322042,5105.962437572603,2649.3963117494395,2365762.942289785,654.118057495984,174.36953654383785
0,HBEFA4/PC_petrol_Euro-6ab,Gasoline,2026-01-14 11:43:22,2026-01-14 11:43:33,-22.80070064863369,-43.20926766036741,-22.804910719597867,-43.205179596023946,7787.516716203948,5125.214906926154,2662.3018092777943,2375455.8354233573,656.7519397733575,175.09911892369126
0,HBEFA4/PC_petrol_Euro-6ab,Gasoline,2026-01-14 11:43:33,2026-01-14 11:43:33,-22.804910719597867,-43.205179596023946,-22.804876910827165,-43.20521193421891,7787.5199890622325,5125.21817978444,2662.3018092777943,2375455.8354233573,656.7519397733575,175.09911892369126
0,HBEFA4/PC_petrol_Euro-6ab,Gasoline,2026-01-14 11:43:33,2026-01-14 11:43:33,-22.804876910827165,-43.20521193421891,-22.804831734850588,-43.20525514514518,7787.524993421859,5125.223184144065,2662.3018092777943,2375459.896127671,656.7534221726522,175.09927212182362
0,HBEFA4/PC_petrol_Euro-6ab,Gasoline,2026-01-14 11:43:33,2026-01-14 11:43:33,-22.804831734850588,-43.20525514514518,-22.804776599497583,-43.20530788218127,7787.531680348601,5125.229871070807,2662.3018092777943,2375464.337487755,656.7549158270615,175.09947121641494
0,HBEFA4/PC_petrol_Euro-6ab,Gasoline,2026-01-14 11:43:33,2026-01-14 11:43:33,-22.804776599497583,-43.20530788218127,-22.80470866010989,-43.20537286620711,7787.539841454778,5125.238032176984,2662.3018092777943,2375468.809110292,656.7563229511107,175.0997103888509
0,HBEFA4/PC_petrol_Euro-6ab,Gasoline,2026-01-14 11:43:33,2026-01-14 11:43:36,-22.80470866010989,-43.20537286620711,-22.79723638500684,-43.203942753590816,7796.719673740202,5130.404371304171,2666.3153024360313,2378440.2348874295,657.5699533904584,175.30760831821084
0,HBEFA4/PC_petrol_Euro-6ab,Gasoline,2026-01-14 11:43:36,2026-01-14 11:43:36,-22.79723638500684,-43.203942753590816,-22.797108715064688,-43.20396317725174,7796.734122263175,5130.418819827144,2666.3153024360313,2378441.5211183764,657.5703510021076,175.3080213496613
0,HBEFA4/PC_petrol_Euro-6ab,Gasoline,2026-01-14 11:43:36,2026-01-14 11:43:37,-22.797108715064688,-43.20396317725174,-22.798080258765786,-43.20196367915322,7801.145575506884,5134.690688334552,2666.4548871723327,2379797.831148446,657.9777791182848,175.40786706801788
0,HBEFA4/PC_petrol_Euro-6ab,Gasoline,2026-01-14 11:43:37,2026-01-14 11:43:44,-22.798080258765786,-43.20196367915322,-22.797899109892032,-43.20464340646923,7825.062356763736,5151.089382657401,2673.972974106335,2387156.317710747,660.0496073019386,175.94277543541844
0,HBEFA4/PC_petrol_Euro-6ab,Gasoline,2026-01-14 11:43:44,2026-01-14 11:43:44,-22.797899109892032,-43.20464340646923,-22.797816689303886,-43.20465030399258,7825.069821809818,5151.096847703484,2673.972974106335,2387156.317710747,660.0496073019386,175.94277543541844
0,HBEFA4/PC_petrol_Euro-6ab,Gasoline,2026-01-14 11:43:44,2026-01-14 11:43:44,-22.797816689303886,-43.20465030399258,-22.797716834991522,-43.204645922745925,7825.07899605039,5151.106021944055,2673.972974106335,2387161.564592016,660.0511925089436,175.94304420956823
0,HBEFA4/PC_petrol_Euro-6ab,Gasoline,2026-01-14 11:43:44,2026-01-14 11:43:44,-22.797716834991522,-43.204645922745925,-22.797604914494848,-43.20464101207988,7825.090063580861,5151.117089474527,2673.972974106335,2387167.9057244267,660.0529703287093,175.94336790506955
0,HBEFA4/PC_petrol_Euro-6ab,Gasoline,2026-01-14 11:43:44,2026-01-14 11:43:44,-22.797604914494848,-43.20464101207988,-22.79748240231714,-43.20463563669068,7825.102468488234,5151.1294943819,2673.972974106335,2387173.309518349,660.054428630903,175.94372786460247
0,HBEFA4/PC_petrol_Euro-6ab,Gasoline,2026-01-14 11:43:44,2026-01-14 11:44:03,-22.79748240231714,-43.20463563669068,-22.797200629151813,-43.20394944142444,7888.87077273895,5194.449767105225,2694.4210056337265,2407027.8555467646,665.6250502123582,177.368171787967
0,HBEFA4/PC_petrol_Euro-6ab,Gasoline,2026-01-14 11:44:03,2026-01-14 11:44:03,-22.797200629151813,-43.20394944142444,-22.797070507169675,-43.20395467193892,7888.8853514359,5194.464345802174,2694.4210056337265,2407030.3812973164,665.6257420536577,177.36859053821334
0,HBEFA4/PC_petrol_Euro-6ab,Gasoline,2026-01-14 11:44:03,2026-01-14 11:44:03,-22.797070507169675,-43.20395467193892,-22.79701174783214,-43.20384061649517,7888.900018749016,5194.47901311529,2694.4210056337265,2407032.664579097,665.6263755712914,177.36901155736734
0,HBEFA4/PC_petrol_Euro-6ab,Gasoline,2026-01-14 11:44:03,2026-01-14 11:44:03,-22.79701174783214,-43.20384061649517,-22.797245085414712,-43.20394112625164,7888.965130355859,5194.544124722133,2694.4210056337265,2407037.851665374,665.627998588474,177.36971763381666
0,HBEFA4/PC_petrol_Euro-6ab,Gasoline,2026-01-14 11:44:03,2026-01-14 11:44:03,-22.797245085414712,-43.20394112625164,-22.79718488412153,-43.2039523863993,7888.970584285066,5194.549578651341,2694.4210056337265,2407040.1233945317,665.6287564072171,177.36987742744537
0,HBEFA4/PC_petrol_Euro-6ab,Gasoline,2026-01-14 11:44:03,2026-01-14 11:44:03,-22.79718488412153,-43.2039523863993,-22.797112563339653,-43.20396291067274,7888.977351271797,5194.556345638071,2694.4210056337265,2407043.953544959,665.6300304214225,177.37007706115904
0,HBEFA4/PC_petrol_Euro-6ab,Gasoline,2026-01-14 11:44:03,2026-01-14 11:44:03,-22.797112563339653,-43.20396291067274,-22.797033923753155,-43.203924747333424,7888.985444232885,5194.564438599159,2694.4210056337265,2407048.122364791,665.6313443778356,177.37031365161482
0,HBEFA4/PC_petrol_Euro-6ab,Gasoline,2026-01-14 11:44:03,2026-01-14 11:44:03,-22.797033923753155,-43.203924747333424,-22.797013860601883,-43.20381560166088,7888.995435857628,5194.574430223902,2694.4210056337265,2407054.0642692987,665.6330805978895,177.3706065151996
0,HBEFA4/PC_petrol_Euro-6ab,Gasoline,2026-01-14 11:44:03,2026-01-14 11:44:03,-22.797013860601883,-43.20381560166088,-22.797189379043736,-43.20395154566217,7889.919822417359,5195.498816783633,2694.4210056337265,2407408.3975099707,665.743404298129,177.39196199337758
0,HBEFA4/PC_petrol_Euro-6ab,Gasoline,2026-01-14 11:44:03,2026-01-14 11:44:03,-22.797189379043736,-43.20395154566217,-22.797064966329643,-43.20395282250393,7889.933646015567,5195.512640381842,2694.4210056337265,2407408.3975099707,665.743404298129,177.39196199337758
0,HBEFA4/PC_petrol_Euro-6ab,Gasoline,2026-01-14 11:44:03,2026-01-14 11:44:03,-22.797064966329643,-43.20395282250393,-22.79701225269402,-43.20383447351422,7889.9476911276315,5195.526685493906,2694.4210056337265,2407411.016204973,665.7441243258121,177.39236511136983
0,HBEFA4/PC_petrol_Euro-6ab,Gasoline,2026-01-14 11:44:03,2026-01-14 11:44:04,-22.79701225269402,-43.20383447351422,-22.798079596958043,-43.201963917758285,7892.6687528406965,5197.622359756821,2695.046393083876,2408438.7954813433,666.056421192805,177.454752068302
0,HBEFA4/PC_petrol_Euro-6ab,Gasoline,2026-01-14 11:44:04,2026-01-14 11:44:06,-22.798079596958043,-43.201963917758285,-22.80490540483677,-43.20518467961112,7900.79602330438,5202.497338764483,2698.2986845398973,2411013.230171684,666.7677579890058,177.64196361556932
0,HBEFA4/PC_petrol_Euro-6ab,Gasoline,2026-01-14 11:44:06,2026-01-14 11:44:21,-22.80490540483677,-43.20518467961112,-22.802641087953035,-43.201708739361756,7947.130630985933,5231.471734085757,2715.658896900176,2425161.9090420245,670.6335874529246,178.69024152889887
0,HBEFA4/PC_petrol_Euro-6ab,Gasoline,2026-01-14 11:44:21,2026-01-14 11:44:21,-22.802641087953035,-43.201708739361756,-22.802618709635585,-43.20176031790226,7947.134736636625,5231.47583973645,2715.658896900176,2425161.9090420245,670.6335874529246,178.69024152889887
0,HBEFA4/PC_petrol_Euro-6ab,Gasoline,2026-01-14 11:44:21,2026-01-14 11:44:21,-22.802618709635585,-43.20176031790226,-22.802604167054167,-43.20182969828842,7947.140585326626,5231.481688426451,2715.658896900176,2425166.2154116565,670.6350959423843,178.6904178286714
0,HBEFA4/PC_petrol_Euro-6ab,Gasoline,2026-01-14 11:44:21,2026-01-14 11:44:21,-22.802604167054167,-43.20182969828842,-22.802643207090508,-43.20190031955518,7947.148040610747,5231.489143710572,2715.658896900176,2425170.7395399497,670.63656445165,178.69063788807813
0,HBEFA4/PC_petrol_Euro-6ab,Gasoline,2026-01-14 11:44:21,2026-01-14 11:44:21,-22.802643207090508,-43.20190031955518,-22.8029545425084,-43.20202866397605,7947.179942052202,5231.521045152027,2715.658896900176,2425187.9790943367,670.6414481280542,178.69156954791305
0,HBEFA4/PC_petrol_Euro-6ab,Gasoline,2026-01-14 11:44:21,2026-01-14 11:44:21,-22.8029545425084,-43.20202866397605,-22.803077141423312,-43.202080747854765,7947.194244274439,5231.535347374264,2715.658896900176,2425195.446862878,670.643327464949,178.69198760833333
0,HBEFA4/PC_petrol_Euro-6ab,Gasoline,2026-01-14 11:44:21,2026-01-14 11:44:21,-22.803077141423312,-43.202080747854765,-22.80319575784694,-43.20213113993318,7947.208836704936,5231.549939804761,2715.658896900176,2425198.3453725846,670.6441076225259,178.6924073207031
0,HBEFA4/PC_petrol_Euro-6ab,Gasoline,2026-01-14 11:44:21,2026-01-14 11:44:36,-22.80319575784694,-43.20213113993318,-22.798070322649842,-43.203171019004536,8006.510933539712,5268.079973129375,2738.430960410338,2442631.7277755914,675.375487446029,180.03994830329893
0,HBEFA4/PC_petrol_Euro-6ab,Gasoline,2026-01-14 11:44:36,2026-01-14 11:44:36,-22.798070322649842,-43.203171019004536,-22.79798653006537,-43.203272266417194,8006.524945421154,5268.093985010818,2738.430960410338,2442631.7277755914,675.375487446029,180.03994830329893
0,HBEFA4/PC_petrol_Euro-6ab,Gasoline,2026-01-14 11:44:36,2026-01-14 11:44:36,-22.79798653006537,-43.203272266417194,-22.79786729420786,-43.203305034916966,8006.5390993799565,5268.10813896962,2738.430960410338,2442634.121318414,675.3761519570704,180.04035428675647
0,HBEFA4/PC_petrol_Euro-6ab,Gasoline,2026-01-14 11:44:36,2026-01-14 11:44:36,-22.79786729420786,-43.203305034916966,-22.79775086519439,-43.20325642343584,8006.553157630567,5268.122197220229,2738.430960410338,2442635.7957529454,675.3766435430281,180.040756337424
0,HBEFA4/PC_petrol_Euro-6ab,Gasoline,2026-01-14 11:44:36,2026-01-14 11:44:36,-22.79775086519439,-43.20325642343584,-22.79764031548468,-43.20318885427785,8006.567153692126,5268.136193281789,2738.430960410338,2442637.566128217,675.3771585953621,180.0411566978559
0,HBEFA4/PC_petrol_Euro-6ab,Gasoline,2026-01-14 11:44:36,2026-01-14 11:44:36,-22.79764031548468,-43.20318885427785,-22.797532097394942,-43.20311890535756,8006.581227226549,5268.150266816213,2738.430960410338,2442639.758343175,675.3777752396824,180.04155999741468
0,HBEFA4/PC_petrol_Euro-6ab,Gasoline,2026-01-14 11:44:36,2026-01-14 11:44:36,-22.797532097394942,-43.20311890535756,-22.797455274255935,-43.20307561027123,8006.595200278023,5268.164239867686,2738.430960410338,2442641.413713508,675.3782625033239,180.04195949991365
0,HBEFA4/PC_petrol_Euro-6ab,Gasoline,2026-01-14 11:44:36,2026-01-14 11:44:36,-22.797455274255935,-43.20307561027123,-22.797414464439782,-43.20305261117319,8006.604799616871,5268.173839206534,2738.430960410338,2442641.413713508,675.3782625033239,180.04195949991365
0,HBEFA4/PC_petrol_Euro-6ab,Gasoline,2026-01-14 11:44:36,2026-01-14 11:44:36,-22.797414464439782,-43.20305261117319,-22.797190551469924,-43.20299693561002,8006.625477114866,5268.19451670453,2738.430960410338,2442651.3365362436,675.3814417074564,180.04242008274363
0,HBEFA4/PC_petrol_Euro-6ab,Gasoline,2026-01-14 11:44:36,2026-01-14 11:44:36,-22.797190551469924,-43.20299693561002,-22.797085490440775,-43.20299812011809,8006.63584300507,5268.204882594732,2738.430960410338,2442656.9448869545,675.3830589358679,180.04272270094089
0,HBEFA4/PC_petrol_Euro-6ab,Gasoline,2026-01-14 11:44:36,2026-01-14 11:44:49,-22.797085490440775,-43.20299812011809,-22.80264419677055,-43.201701574016475,8052.419237431367,5298.786519018706,2753.632718412662,2457004.956674545,679.3896946186724,181.0638402720384
0,HBEFA4/PC_petrol_Euro-6ab,Gasoline,2026-01-14 11:44:49,2026-01-14 11:44:49,-22.80264419677055,-43.201701574016475,-22.802622086909857,-43.201752533814094,8052.4236741305685,5298.790955717907,2753.632718412662,2457004.956674545,679.3896946186724,181.0638402720384
0,HBEFA4/PC_petrol_Euro-6ab,Gasoline,2026-01-14 11:44:49,2026-01-14 11:44:49,-22.802622086909857,-43.201752533814094,-22.802604515558563,-43.201819004132574,8052.429452658665,5298.796734246003,2753.632718412662,2457008.6129886066,679.390964600326,181.06401283460434
0,HBEFA4/PC_petrol_Euro-6ab,Gasoline,2026-01-14 11:44:49,2026-01-14 11:44:49,-22.802604515558563,-43.201819004132574,-22.80263323908912,-43.20189204412881,8052.436691597945,5298.803973185284,2753.632718412662,2457012.815365041,679.3923386993134,181.06422621542453
0,HBEFA4/PC_petrol_Euro-6ab,Gasoline,2026-01-14 11:44:49,2026-01-14 11:44:49,-22.80263323908912,-43.20189204412881,-22.803025444639363,-43.20205878542224,8052.4785318179665,5298.845813405305,2753.632718412662,2457031.8523397706,679.3978160174287,181.0654414654504
0,HBEFA4/PC_petrol_Euro-6ab,Gasoline,2026-01-14 11:44:49,2026-01-14 11:44:49,-22.803025444639363,-43.20205878542224,-22.803142422794554,-43.20210848147391,8052.492433455117,5298.859715042456,2753.632718412662,2457038.1186607652,679.3994245749409,181.06584603372454
0,HBEFA4/PC_petrol_Euro-6ab,Gasoline,2026-01-14 11:44:49,2026-01-14 11:44:49,-22.803142422794554,-43.20210848147391,-22.80325986037349,-43.20215849029768,8052.506356871158,5298.873638458497,2753.632718412662,2457040.132516706,679.3999990945017,181.0662446268633
0,HBEFA4/PC_petrol_Euro-6ab,Gasoline,2026-01-14 11:44:49,2026-01-14 11:44:49,-22.80325986037349,-43.20215849029768,-22.803377254133757,-43.20220861563558,8052.520339403104,5298.887620990443,2753.632718412662,2457042.2618917264,679.4006012346724,181.0666451433158
0,HBEFA4/PC_petrol_Euro-6ab,Gasoline,2026-01-14 11:44:49,2026-01-14 11:44:51,-22.803377254133757,-43.20220861563558,-22.79825304552964,-43.20459492808237,8060.124146111724,5306.002269208138,2754.121876903586,2458890.901542581,679.9340288875165,181.22983219968822
0,HBEFA4/PC_petrol_Euro-6ab,Gasoline,2026-01-14 11:44:51,2026-01-14 11:45:00,-22.79825304552964,-43.20459492808237,-22.79802314474913,-43.20198427076278,8090.64675029532,5325.417203802651,2765.2295464926706,2468959.370303316,682.7618584713041,181.91112144195978
0,HBEFA4/PC_petrol_Euro-6ab,Gasoline,2026-01-14 11:45:00,2026-01-14 11:45:00,-22.79802314474913,-43.20198427076278,-22.797908752492265,-43.202025513129364,8090.658661081962,5325.429114589292,2765.2295464926706,2468962.7518551713,682.762806679431,181.91146368279857
0,HBEFA4/PC_petrol_Euro-6ab,Gasoline,2026-01-14 11:45:00,2026-01-14 11:45:00,-22.797908752492265,-43.202025513129364,-22.797785694703705,-43.20206987962927,8090.672018794258,5325.442472301588,2765.2295464926706,2468968.7748425207,682.764379547604,181.91185209886945
0,HBEFA4/PC_petrol_Euro-6ab,Gasoline,2026-01-14 11:45:00,2026-01-14 11:45:00,-22.797785694703705,-43.20206987962927,-22.797666916958974,-43.2021127029393,8090.686388388249,5325.45684189558,2765.2295464926706,2468973.8390843123,682.7656806349671,181.91226849003385
0,HBEFA4/PC_petrol_Euro-6ab,Gasoline,2026-01-14 11:45:00,2026-01-14 11:45:00,-22.797666916958974,-43.2021127029393,-22.797545976076165,-43.202156306042276,8090.700258194658,5325.470711701988,2765.2295464926706,2468973.8390843123,682.7656806349671,181.91226849003385
0,HBEFA4/PC_petrol_Euro-6ab,Gasoline,2026-01-14 11:45:00,2026-01-14 11:45:01,-22.797545976076165,-43.202156306042276,-22.79807560028769,-43.201965358699006,8091.658740713438,5326.429194220768,2765.2295464926706,2469354.9156523296,682.8879921227131,181.9345449661878
0,HBEFA4/PC_petrol_Euro-6ab,Gasoline,2026-01-14 11:45:01,2026-01-14 11:45:02,-22.79807560028769,-43.201965358699006,-22.798084213057194,-43.2019622534915,8094.451282668239,5328.869989673754,2765.5812929944864,2470413.559809121,683.2178593339182,181.99684831985442
0,HBEFA4/PC_petrol_Euro-6ab,Gasoline,2026-01-14 11:45:02,2026-01-14 11:45:11,-22.798084213057194,-43.2019622534915,-22.798301571780577,-43.20458442905703,8133.551944776072,5356.640187383269,2776.9117573928033,2481946.1536581735,686.429065502132,182.88371473814348
0,HBEFA4/PC_petrol_Euro-6ab,Gasoline,2026-01-14 11:45:11,2026-01-14 11:45:11,-22.798301571780577,-43.20458442905703,-22.79821312176484,-43.20460356588734,8133.559943149205,5356.648185756402,2776.9117573928033,2481949.490204957,686.4301158307599,182.8839467517527
0,HBEFA4/PC_petrol_Euro-6ab,Gasoline,2026-01-14 11:45:11,2026-01-14 11:45:11,-22.79821312176484,-43.20460356588734,-22.79810984841266,-43.20461766572393,8133.569933843368,5356.658176450565,2776.9117573928033,2481955.6406100625,686.4319122420067,182.88424001542114
0,HBEFA4/PC_petrol_Euro-6ab,Gasoline,2026-01-14 11:45:11,2026-01-14 11:45:11,-22.79810984841266,-43.20461766572393,-22.797868147358088,-43.20464718707763,8133.594105531111,5356.682348138309,2776.9117573928033,2481966.137491946,686.4347825685174,182.88494128713603
0,HBEFA4/PC_petrol_Euro-6ab,Gasoline,2026-01-14 11:45:11,2026-01-14 11:45:11,-22.797868147358088,-43.20464718707763,-22.797742077317075,-43.20464703028792,8133.608402664334,5356.696645271531,2776.9117573928033,2481973.142035369,686.4365511187299,182.88535849682373
0,HBEFA4/PC_petrol_Euro-6ab,Gasoline,2026-01-14 11:45:11,2026-01-14 11:45:12,-22.797742077317075,-43.20464703028792,-22.80385053816565,-43.20209510557885,8136.033938734006,5358.130415662079,2777.903523071928,2482750.407724799,686.649221305682,182.93909387920618
0,HBEFA4/PC_petrol_Euro-6ab,Gasoline,2026-01-14 11:45:12,2026-01-14 11:45:26,-22.80385053816565,-43.20209510557885,-22.80491150057592,-43.205178849015724,8185.2931976547,5394.6815042920225,2790.6116933626786,2497747.3882560385,690.8528446123315,184.02257502712337
0,HBEFA4/PC_petrol_Euro-6ab,Gasoline,2026-01-14 11:45:26,2026-01-14 11:45:26,-22.80491150057592,-43.205178849015724,-22.804880606244787,-43.20520839954153,8185.296103462171,5394.684410099493,2790.6116933626786,2497747.3882560385,690.8528446123315,184.02257502712337
0,HBEFA4/PC_petrol_Euro-6ab,Gasoline,2026-01-14 11:45:26,2026-01-14 11:45:26,-22.804880606244787,-43.20520839954153,-22.804837242411235,-43.205249877152916,8185.30067642778,5394.688983065103,2790.6116933626786,2497751.246409707,690.8542806618287,184.022716229828
0,HBEFA4/PC_petrol_Euro-6ab,Gasoline,2026-01-14 11:45:26,2026-01-14 11:45:26,-22.804837242411235,-43.205249877152916,-22.80478501383531,-43.20529983386045,8185.307095122166,5394.695401759489,2790.6116933626786,2497755.8842883473,690.8558647169529,184.02290866112097
0,HBEFA4/PC_petrol_Euro-6ab,Gasoline,2026-01-14 11:45:26,2026-01-14 11:45:26,-22.80478501383531,-43.20529983386045,-22.804723962133508,-43.20535822982944,8185.314825969081,5394.703132606403,2790.6116933626786,2497759.938579898,690.8571609921954,184.02313506535486
0,HBEFA4/PC_petrol_Euro-6ab,Gasoline,2026-01-14 11:45:26,2026-01-14 11:45:26,-22.804723962133508,-43.20535822982944,-22.80465491425342,-43.20542427405282,8185.323862807086,5394.712169444409,2790.6116933626786,2497764.306092694,690.8584880394196,184.0233981196798
0,HBEFA4/PC_petrol_Euro-6ab,Gasoline,2026-01-14 11:45:26,2026-01-14 11:45:26,-22.80465491425342,-43.20542427405282,-22.804576092365675,-43.20549966698429,8185.334083230341,5394.722389867663,2790.6116933626786,2497768.711057166,690.8597710248532,184.02369425934742
0,HBEFA4/PC_petrol_Euro-6ab,Gasoline,2026-01-14 11:45:26,2026-01-14 11:45:26,-22.804576092365675,-43.20549966698429,-22.804527671900182,-43.20554598097082,8185.345750390158,5394.734057027481,2790.6116933626786,2497774.1631582766,690.8612757166403,184.02403325177488
0,HBEFA4/PC_petrol_Euro-6ab,Gasoline,2026-01-14 11:45:26,2026-01-14 11:45:29,-22.804527671900182,-43.20554598097082,-22.802639262499145,-43.20171294675112,8201.420615052266,5404.387021726139,2797.033593326128,2502095.4595312183,692.0184270849983,184.38638218268207
0,HBEFA4/PC_petrol_Euro-6ab,Gasoline,2026-01-14 11:45:29,2026-01-14 11:45:29,-22.802639262499145,-43.20171294675112,-22.802617572322404,-43.2017629392307,8201.42452372868,5404.390930402553,2797.033593326128,2502096.8563725883,692.0188466308985,184.38649759032273
0,HBEFA4/PC_petrol_Euro-6ab,Gasoline,2026-01-14 11:45:29,2026-01-14 11:45:29,-22.802617572322404,-43.2017629392307,-22.80260426838003,-43.20182658901986,8201.430192569218,5404.396599243091,2797.033593326128,2502101.1397537556,692.0203609040082,184.38666904214486
0,HBEFA4/PC_petrol_Euro-6ab,Gasoline,2026-01-14 11:45:29,2026-01-14 11:45:44,-22.80260426838003,-43.20182658901986,-22.798061301903676,-43.201970513770256,8255.701717279002,5442.9154040872,2812.786313191802,2517727.1104859984,696.359028189647,185.60297312919275
0,HBEFA4/PC_petrol_Euro-6ab,Gasoline,2026-01-14 11:45:44,2026-01-14 11:45:44,-22.798061301903676,-43.201970513770256,-22.79795784166801,-43.20200781479296,8255.712545427727,5442.926232235925,2812.786313191802,2517732.883854833,696.3606644365287,185.6032890203
0,HBEFA4/PC_petrol_Euro-6ab,Gasoline,2026-01-14 11:45:44,2026-01-14 11:45:44,-22.79795784166801,-43.20200781479296,-22.797842236944764,-43.20204949424834,8255.724626596299,5442.938313404497,2812.786313191802,2517737.967046203,696.3620533185526,185.60363915487508
0,HBEFA4/PC_petrol_Euro-6ab,Gasoline,2026-01-14 11:45:44,2026-01-14 11:45:44,-22.797842236944764,-43.20204949424834,-22.79772442708966,-43.202091968643806,8255.738125888525,5442.951812696723,2812.786313191802,2517743.957357997,696.3636118683762,185.60403161498405
0,HBEFA4/PC_petrol_Euro-6ab,Gasoline,2026-01-14 11:45:44,2026-01-14 11:45:44,-22.79772442708966,-43.202091968643806,-22.79760195308273,-43.202136124530774,8255.751882674407,5442.965569482605,2812.786313191802,2517746.646733204,696.3643525812328,185.60442635760555
0,HBEFA4/PC_petrol_Euro-6ab,Gasoline,2026-01-14 11:45:44,2026-01-14 11:45:44,-22.79760195308273,-43.202136124530774,-22.797478262003825,-43.20218172830106,8255.766184096223,5442.979870904423,2812.786313191802,2517750.2758635175,696.3653118407607,185.60483857296205
0,HBEFA4/PC_petrol_Euro-6ab,Gasoline,2026-01-14 11:45:44,2026-01-14 11:45:44,-22.797478262003825,-43.20218172830106,-22.79736226318845,-43.20223202574458,8255.78066341833,5442.99435022653,2812.786313191802,2517752.8142473637,696.3660077388093,185.60525439767156
0,HBEFA4/PC_petrol_Euro-6ab,Gasoline,2026-01-14 11:45:44,2026-01-14 11:45:44,-22.79736226318845,-43.20223202574458,-22.7972447077287,-43.20228299805055,8255.79450927266,5443.008196080858,2812.786313191802,2517752.8142473637,696.3660077388093,185.60525439767156
0,HBEFA4/PC_petrol_Euro-6ab,Gasoline,2026-01-14 11:45:44,2026-01-14 11:45:53,-22.7972447077287,-43.20228299805055,-22.804905765022834,-43.205184335091936,8292.263256361139,5464.241372104395,2828.0218842567438,2528601.8392885015,699.2809786566135,186.4490455021662
0,HBEFA4/PC_petrol_Euro-6ab,Gasoline,2026-01-14 11:45:53,2026-01-14 11:45:53,-22.804905765022834,-43.205184335091936,-22.804868085577127,-43.205220375594315,8292.266852436325,5464.2449681795815,2828.0218842567438,2528603.9297227664,699.281709240004,186.4491549757434
0,HBEFA4/PC_petrol_Euro-6ab,Gasoline,2026-01-14 11:45:53,2026-01-14 11:45:53,-22.804868085577127,-43.205220375594315,-22.804820837996015,-43.20526556800555,8292.272429731333,5464.250545474589,2828.0218842567438,2528608.5289944047,699.2833514221376,186.44932492329713
0,HBEFA4/PC_petrol_Euro-6ab,Gasoline,2026-01-14 11:45:53,2026-01-14 11:45:53,-22.804820837996015,-43.20526556800555,-22.804762545276446,-43.205321325051884,8292.279423295535,5464.257539038791,2828.0218842567438,2528612.591651844,699.2846927859376,186.44953129639057
0,HBEFA4/PC_petrol_Euro-6ab,Gasoline,2026-01-14 11:45:53,2026-01-14 11:45:53,-22.804762545276446,-43.205321325051884,-22.804691644382647,-43.20538914173575,8292.288051752736,5464.266167495993,2828.0218842567438,2528617.5140957823,699.2862134392439,186.44978432632402
0,HBEFA4/PC_petrol_Euro-6ab,Gasoline,2026-01-14 11:45:53,2026-01-14 11:45:53,-22.804691644382647,-43.20538914173575,-22.804612135238653,-43.20546519208548,8292.29854646057,5464.276662203828,2828.0218842567438,2528623.5708864923,699.2879491417837,186.4500914301341
0,HBEFA4/PC_petrol_Euro-6ab,Gasoline,2026-01-14 11:45:53,2026-01-14 11:45:53,-22.804612135238653,-43.20546519208548,-22.804547543907837,-43.205526973478776,8292.310315350462,5464.288431093719,2828.0218842567438,2528628.6168619855,699.2893414122183,186.45043258488136
0,HBEFA4/PC_petrol_Euro-6ab,Gasoline,2026-01-14 11:45:53,2026-01-14 11:45:56,-22.804547543907837,-43.205526973478776,-22.798056138168793,-43.20319287122413,8306.163548041639,5472.562342408386,2833.601205633254,2532422.6776798107,700.2887025250975,186.7628888036477
0,HBEFA4/PC_petrol_Euro-6ab,Gasoline,2026-01-14 11:45:56,2026-01-14 11:45:56,-22.798056138168793,-43.20319287122413,-22.79796811894718,-43.2032852706612,8306.177274436408,5472.576068803156,2833.601205633254,2532422.6776798107,700.2887025250975,186.7628888036477
0,HBEFA4/PC_petrol_Euro-6ab,Gasoline,2026-01-14 11:45:56,2026-01-14 11:46:13,-22.79796811894718,-43.2032852706612,-22.804907540081476,-43.20518263724233,8362.66802594392,5513.124591577271,2849.5434343666498,2550567.106299246,705.4183216254224,188.0304484070485
0,HBEFA4/PC_petrol_Euro-6ab,Gasoline,2026-01-14 11:46:13,2026-01-14 11:46:13,-22.804907540081476,-43.20518263724233,-22.8048734952708,-43.20521520120795,8362.671649692871,5513.128215326222,2849.5434343666498,2550569.334870592,705.4191133007207,188.03055910052123
0,HBEFA4/PC_petrol_Euro-6ab,Gasoline,2026-01-14 11:46:13,2026-01-14 11:46:13,-22.8048734952708,-43.20521520120795,-22.804829811410695,-43.205256984918975,8362.67668899092,5513.13325462427,2849.5434343666498,2550572.9406508915,705.4204119718269,188.03071182119515
0,HBEFA4/PC_petrol_Euro-6ab,Gasoline,2026-01-14 11:46:13,2026-01-14 11:46:13,-22.804829811410695,-43.205256984918975,-22.804774701394976,-43.20530969771775,8362.683155055169,5513.13972068852,2849.5434343666498,2550576.8927864237,705.4217472135446,188.03090366134333
0,HBEFA4/PC_petrol_Euro-6ab,Gasoline,2026-01-14 11:46:13,2026-01-14 11:46:13,-22.804774701394976,-43.20530969771775,-22.804707509258787,-43.205373966995396,8362.691312410829,5513.14787804418,2849.5434343666498,2550581.7820723616,705.4232881067829,188.03114371444056
0,HBEFA4/PC_petrol_Euro-6ab,Gasoline,2026-01-14 11:46:13,2026-01-14 11:46:13,-22.804707509258787,-43.205373966995396,-22.804627289445662,-43.20545069712443,8362.701258151525,5513.157823784875,2849.5434343666498,2550587.461822937,705.4249516553839,188.03143476694618
0,HBEFA4/PC_petrol_Euro-6ab,Gasoline,2026-01-14 11:46:13,2026-01-14 11:46:13,-22.804627289445662,-43.20545069712443,-22.80456428326594,-43.20551096234661,8362.713132235427,5513.169697868779,2849.5434343666498,2550594.2158462494,705.4267896949517,188.03178196697257
0,HBEFA4/PC_petrol_Euro-6ab,Gasoline,2026-01-14 11:46:13,2026-01-14 11:46:13,-22.80456428326594,-43.20551096234661,-22.80452779479017,-43.20554586342708,8362.722458364138,5513.179023997488,2849.5434343666498,2550594.2158462494,705.4267896949517,188.03178196697257
0,HBEFA4/PC_petrol_Euro-6ab,Gasoline,2026-01-14 11:46:13,2026-01-14 11:46:17,-22.80452779479017,-43.20554586342708,-22.80491099933569,-43.205179328453745,8375.509874328785,5520.252967454863,2855.2569068739235,2554387.0746395276,706.4364145650492,188.32337688167507
0,HBEFA4/PC_petrol_Euro-6ab,Gasoline,2026-01-14 11:46:17,2026-01-14 11:46:17,-22.80491099933569,-43.205179328453745,-22.80487876646049,-43.20521015930044,8375.513217655496,5520.256310781573,2855.2569068739235,2554388.6543531604,706.4369176946561,188.32347781431866
0,HBEFA4/PC_petrol_Euro-6ab,Gasoline,2026-01-14 11:46:17,2026-01-14 11:46:17,-22.80487876646049,-43.20521015930044,-22.80483616244407,-43.20525091014362,8375.517988751786,5520.261081877864,2855.2569068739235,2554392.2189925388,706.4382184408869,188.3236233055651
0,HBEFA4/PC_petrol_Euro-6ab,Gasoline,2026-01-14 11:46:17,2026-01-14 11:46:22,-22.80483616244407,-43.20525091014362,-22.79828815860413,-43.20458733110119,8391.577959576589,5531.0882210405425,2860.489738536047,2559010.63063036,707.7053878571893,188.68959579746948
0,HBEFA4/PC_petrol_Euro-6ab,Gasoline,2026-01-14 11:46:22,2026-01-14 11:46:22,-22.79828815860413,-43.20458733110119,-22.79820777225603,-43.2046047232931,8391.585768207653,5531.096029671607,2860.489738536047,2559010.63063036,707.7053878571893,188.68959579746948
0,HBEFA4/PC_petrol_Euro-6ab,Gasoline,2026-01-14 11:46:22,2026-01-14 11:46:22,-22.79820777225603,-43.2046047232931,-22.79812311059469,-43.20461603759332,8391.594848086357,5531.105109550312,2860.489738536047,2559014.9370805286,707.7066942543673,188.68985991046776
0,HBEFA4/PC_petrol_Euro-6ab,Gasoline,2026-01-14 11:46:22,2026-01-14 11:46:29,-22.79812311059469,-43.20461603759332,-22.804915580370135,-43.205174946678135,8411.168679979253,5546.494266897534,2864.6744130817206,2564597.624468403,709.2723083200926,189.12829098018997
0,HBEFA4/PC_petrol_Euro-6ab,Gasoline,2026-01-14 11:46:29,2026-01-14 11:46:29,-22.804915580370135,-43.205174946678135,-22.80488786050573,-43.20520146081968,8411.171599572648,5546.497186490928,2864.6744130817206,2564599.1100450363,709.2727697016602,189.12838029622
0,HBEFA4/PC_petrol_Euro-6ab,Gasoline,2026-01-14 11:46:29,2026-01-14 11:46:42,-22.80488786050573,-43.20520146081968,-22.798083426254276,-43.201962537161755,8450.303484167227,5569.785608265585,2880.517875901643,2576978.2413615864,712.6978144301942,190.00540090922496
0,HBEFA4/PC_petrol_Euro-6ab,Gasoline,2026-01-14 11:46:42,2026-01-14 11:46:43,-22.798083426254276,-43.201962537161755,-22.797990163045096,-43.20199616181659,8450.312391941994,5569.794516040352,2880.517875901643,2576982.272168963,712.6990450117787,190.0056596447049
0,HBEFA4/PC_petrol_Euro-6ab,Gasoline,2026-01-14 11:46:43,2026-01-14 11:46:43,-22.797990163045096,-43.20199616181659,-22.79788119793881,-43.20203544748714,8450.323282392645,5569.805406491003,2880.517875901643,2576988.7573968843,712.7008739458163,190.00597864731114
0,HBEFA4/PC_petrol_Euro-6ab,Gasoline,2026-01-14 11:46:43,2026-01-14 11:46:43,-22.79788119793881,-43.20203544748714,-22.797759061478825,-43.20207948179635,8450.336006369982,5569.818130468339,2880.517875901643,2576995.613279932,712.7026879960273,190.00635021140954
0,HBEFA4/PC_petrol_Euro-6ab,Gasoline,2026-01-14 11:46:43,2026-01-14 11:46:43,-22.797759061478825,-43.20207948179635,-22.797635880667627,-43.2021238925356,8450.350268378927,5569.832392477284,2880.517875901643,2577002.237368697,712.7043669205923,190.00676581980338
0,HBEFA4/PC_petrol_Euro-6ab,Gasoline,2026-01-14 11:46:43,2026-01-14 11:46:43,-22.797635880667627,-43.2021238925356,-22.79751769996569,-43.202166500482264,8450.364652335666,5569.846776434024,2880.517875901643,2577004.594225524,712.7050204524606,190.00717854786092
0,HBEFA4/PC_petrol_Euro-6ab,Gasoline,2026-01-14 11:46:43,2026-01-14 11:46:43,-22.79751769996569,-43.202166500482264,-22.797399867998852,-43.2022157201941,8450.378452422114,5569.860576520472,2880.517875901643,2577004.594225524,712.7050204524606,190.00717854786092
0,HBEFA4/PC_petrol_Euro-6ab,Gasoline,2026-01-14 11:46:43,2026-01-14 11:46:44,-22.797399867998852,-43.2022157201941,-22.80263941920263,-43.20171258557381,8452.490130495924,5571.377311810454,2881.112818685472,2577769.658382731,712.9302099045813,190.0554218775168
0,HBEFA4/PC_petrol_Euro-6ab,Gasoline,2026-01-14 11:46:44,2026-01-14 11:46:50,-22.80263941920263,-43.20171258557381,-22.80490387936627,-43.20518613872876,8473.864770980903,5583.479862542276,2890.3849084386266,2583681.5633203876,714.4869531645036,190.55080231824758
0,HBEFA4/PC_petrol_Euro-6ab,Gasoline,2026-01-14 11:46:50,2026-01-14 11:46:50,-22.80490387936627,-43.20518613872876,-22.804867819036325,-43.20522063054129,8473.868171550306,5583.48326311168,2890.3849084386266,2583681.5633203876,714.4869531645036,190.55080231824758
0,HBEFA4/PC_petrol_Euro-6ab,Gasoline,2026-01-14 11:46:50,2026-01-14 11:46:50,-22.804867819036325,-43.20522063054129,-22.804819221966625,-43.20526711374027,8473.87350918447,5583.488600745844,2890.3849084386266,2583686.0229102382,714.4885634438964,190.55096552137442
0,HBEFA4/PC_petrol_Euro-6ab,Gasoline,2026-01-14 11:46:50,2026-01-14 11:46:55,-22.804819221966625,-43.20526711374027,-22.80263941511434,-43.20171259499669,8490.150467582609,5593.451803734762,2896.698663847849,2588627.217456201,715.8438803259698,190.91509890683727
0,HBEFA4/PC_petrol_Euro-6ab,Gasoline,2026-01-14 11:46:55,2026-01-14 11:46:55,-22.80263941511434,-43.20171259499669,-22.80261904881655,-43.20175953614333,8490.154563841746,5593.455899993899,2896.698663847849,2588627.217456201,715.8438803259698,190.91509890683727
0,HBEFA4/PC_petrol_Euro-6ab,Gasoline,2026-01-14 11:46:55,2026-01-14 11:46:59,-22.80261904881655,-43.20175953614333,-22.804913590277618,-43.2051768502087,8503.321130410568,5601.670520540301,2901.650609870268,2592308.328674001,716.8380368754738,191.21447920316322
0,HBEFA4/PC_petrol_Euro-6ab,Gasoline,2026-01-14 11:46:59,2026-01-14 11:46:59,-22.804913590277618,-43.2051768502087,-22.804881069533135,-43.2052079564049,8503.324254145215,5601.673644274947,2901.650609870268,2592308.328674001,716.8380368754738,191.21447920316322
0,HBEFA4/PC_petrol_Euro-6ab,Gasoline,2026-01-14 11:46:59,2026-01-14 11:46:59,-22.804881069533135,-43.2052079564049,-22.804835721375362,-43.205251332026684,8503.329067851872,5601.678457981604,2901.650609870268,2592312.2797727976,716.8394910483349,191.21462703482052
0,HBEFA4/PC_petrol_Euro-6ab,Gasoline,2026-01-14 11:46:59,2026-01-14 11:47:05,-22.804835721375362,-43.205251332026684,-22.797232834428296,-43.20299645888959,8518.605166767693,5612.0796927730435,2906.52547399465,2597269.745410799,718.225563687565,191.56029093571442
0,HBEFA4/PC_petrol_Euro-6ab,Gasoline,2026-01-14 11:47:05,2026-01-14 11:47:05,-22.797232834428296,-43.20299645888959,-22.797106138586663,-43.202997887321686,8518.618930879069,5612.09345688442,2906.52547399465,2597269.745410799,718.225563687565,191.56029093571442
0,HBEFA4/PC_petrol_Euro-6ab,Gasoline,2026-01-14 11:47:05,2026-01-14 11:47:25,-22.797106138586663,-43.202997887321686,-22.800695562384657,-43.209240031814296,8582.86874512426,5649.469071695992,2933.399673428269,2617026.1289185197,723.6117074352762,193.03110717192826
0,HBEFA4/PC_petrol_Euro-6ab,Gasoline,2026-01-14 11:47:25,2026-01-14 11:47:25,-22.800695562384657,-43.209240031814296,-22.800678933133188,-43.20914930759643,8582.876865424356,5649.477191996088,2933.399673428269,2617026.1289185197,723.6117074352762,193.03110717192826
0,HBEFA4/PC_petrol_Euro-6ab,Gasoline,2026-01-14 11:47:25,2026-01-14 11:47:25,-22.800678933133188,-43.20914930759643,-22.800658971865804,-43.209040405293486,8582.88636076823,5649.486687339962,2933.399673428269,2617030.7643231386,723.6130915231272,193.03138352768167
0,HBEFA4/PC_petrol_Euro-6ab,Gasoline,2026-01-14 11:47:25,2026-01-14 11:47:26,-22.800658971865804,-43.209040405293486,-22.800636283051738,-43.20891662289143,8582.89775866355,5649.498085235282,2933.399673428269,2617037.2591564558,723.614890195717,193.03171680514643
0,HBEFA4/PC_petrol_Euro-6ab,Gasoline,2026-01-14 11:47:26,2026-01-14 11:47:26,-22.800636283051738,-43.20891662289143,-22.800611562624386,-43.208781757338684,8582.910713939382,5649.511040511114,2933.399673428269,2617043.447442046,723.6165230892001,193.0320938882081
0,HBEFA4/PC_petrol_Euro-6ab,Gasoline,2026-01-14 11:47:26,2026-01-14 11:47:26,-22.800611562624386,-43.208781757338684,-22.800586266490257,-43.20864375162799,8582.924829202242,5649.525155773974,2933.399673428269,2617048.883502809,723.6179220558615,193.03250339895385
0,HBEFA4/PC_petrol_Euro-6ab,Gasoline,2026-01-14 11:47:26,2026-01-14 11:47:26,-22.800586266490257,-43.20864375162799,-22.800561446474585,-43.20851104248995,8582.939273125641,5649.539599697373,2933.399673428269,2617051.878930673,723.6187273460607,193.0329188624471
0,HBEFA4/PC_petrol_Euro-6ab,Gasoline,2026-01-14 11:47:26,2026-01-14 11:47:26,-22.800561446474585,-43.20851104248995,-22.80053446576412,-43.20837487498318,8582.953173742471,5649.553500314203,2933.399673428269,2617051.878930673,723.6187273460607,193.0329188624471
0,HBEFA4/PC_petrol_Euro-6ab,Gasoline,2026-01-14 11:47:26,2026-01-14 11:47:26,-22.80053446576412,-43.20837487498318,-22.800506996874596,-43.20823624436117,8582.967470389103,5649.567796960835,2933.399673428269,2617055.056994865,723.6195785624741,193.03333025284542
0,HBEFA4/PC_petrol_Euro-6ab,Gasoline,2026-01-14 11:47:26,2026-01-14 11:47:26,-22.800506996874596,-43.20823624436117,-22.800480271488667,-43.208101366699196,8582.982025652482,5649.582352224213,2933.399673428269,2617057.852957197,723.620334855787,193.03374871172903
0,HBEFA4/PC_petrol_Euro-6ab,Gasoline,2026-01-14 11:47:26,2026-01-14 11:47:34,-22.800480271488667,-43.208101366699196,-22.804907980016594,-43.205182216442886,8610.85360363769,5666.1522530273305,2944.7013506103604,2625670.0815353384,725.9934230387903,193.67623182356135
0,HBEFA4/PC_petrol_Euro-6ab,Gasoline,2026-01-14 11:47:34,2026-01-14 11:47:34,-22.804907980016594,-43.205182216442886,-22.80487500656564,-43.205213755650306,8610.856664573605,5666.155313963244,2944.7013506103604,2625670.0815353384,725.9934230387903,193.67623182356135
0,HBEFA4/PC_petrol_Euro-6ab,Gasoline,2026-01-14 11:47:34,2026-01-14 11:47:34,-22.80487500656564,-43.205213755650306,-22.80483147111469,-43.20525539740907,8610.861545289485,5666.160194679125,2944.7013506103604,2625674.237607864,725.9949542331728,193.6763820607342
0,HBEFA4/PC_petrol_Euro-6ab,Gasoline,2026-01-14 11:47:34,2026-01-14 11:47:34,-22.80483147111469,-43.20525539740907,-22.804777749746847,-43.20530678196701,8610.867989386354,5666.166638775994,2944.7013506103604,2625678.412285618,725.9963704934847,193.67657391384267
0,HBEFA4/PC_petrol_Euro-6ab,Gasoline,2026-01-14 11:47:34,2026-01-14 11:47:47,-22.804777749746847,-43.20530678196701,-22.800704373643004,-43.209287829114544,8639.683594849375,5688.243907261091,2951.439687588286,2634999.927859502,728.6625802152146,194.32582072713336
0,HBEFA4/PC_petrol_Euro-6ab,Gasoline,2026-01-14 11:47:47,2026-01-14 11:47:47,-22.800704373643004,-43.209287829114544,-22.800688072952184,-43.209199171675614,8639.691241798122,5688.251554209837,2951.439687588286,2635001.3031214084,728.6629967543362,194.32603826603628
0,HBEFA4/PC_petrol_Euro-6ab,Gasoline,2026-01-14 11:47:47,2026-01-14 11:47:47,-22.800688072952184,-43.209199171675614,-22.800669496687664,-43.20909782530798,8639.700521912406,5688.260834324121,2951.439687588286,2635006.4242023546,728.6645375527168,194.326309692392
0,HBEFA4/PC_petrol_Euro-6ab,Gasoline,2026-01-14 11:47:47,2026-01-14 11:47:48,-22.800669496687664,-43.20909782530798,-22.800649017582217,-43.20898609806129,8639.711128989244,5688.271441400959,2951.439687588286,2635011.2634141515,728.6659256725359,194.3266175600485
0,HBEFA4/PC_petrol_Euro-6ab,Gasoline,2026-01-14 11:47:48,2026-01-14 11:47:48,-22.800649017582217,-43.20898609806129,-22.800626213960694,-43.2088616895568,8639.722822549782,5688.283134961498,2951.439687588286,2635015.8123445604,728.6671891145854,194.32695567157782
0,HBEFA4/PC_petrol_Euro-6ab,Gasoline,2026-01-14 11:47:48,2026-01-14 11:47:53,-22.800626213960694,-43.2088616895568,-22.800699870946545,-43.209263449648105,8652.528839256309,5696.933208093236,2955.595631163074,2638672.395350697,729.6646404726407,194.60564163736296
0,HBEFA4/PC_petrol_Euro-6ab,Gasoline,2026-01-14 11:47:53,2026-01-14 11:47:53,-22.800699870946545,-43.209263449648105,-22.800683531996444,-43.20917439758763,8652.5368441268,5696.941212963728,2955.595631163074,2638674.9890205655,729.6654507882212,194.6058720592944
0,HBEFA4/PC_petrol_Euro-6ab,Gasoline,2026-01-14 11:47:53,2026-01-14 11:47:53,-22.800683531996444,-43.20917439758763,-22.800663951694485,-43.209067573608635,8652.54616480871,5696.950533645637,2955.595631163074,2638679.45106415,729.6667921349947,194.60614319136613
0,HBEFA4/PC_petrol_Euro-6ab,Gasoline,2026-01-14 11:47:53,2026-01-14 11:47:58,-22.800663951694485,-43.209067573608635,-22.800701419458107,-43.20927183392963,8664.266080378704,5708.18302469824,2956.083055680465,2642189.9457635,730.6831256147148,194.85677537276683
0,HBEFA4/PC_petrol_Euro-6ab,Gasoline,2026-01-14 11:47:58,2026-01-14 11:47:58,-22.800701419458107,-43.20927183392963,-22.800684712134352,-43.20918083606273,8664.274326361798,5708.191270681334,2956.083055680465,2642192.250541618,730.683838637079,194.8570118051435
0,HBEFA4/PC_petrol_Euro-6ab,Gasoline,2026-01-14 11:47:58,2026-01-14 11:48:04,-22.800684712134352,-43.20918083606273,-22.798098906477822,-43.201956955993516,8680.493223291369,5720.10901447563,2960.3842088157403,2647287.4707199973,732.1175293763969,195.21947228208953
0,HBEFA4/PC_petrol_Euro-6ab,Gasoline,2026-01-14 11:48:04,2026-01-14 11:48:04,-22.798098906477822,-43.201956955993516,-22.797982877340424,-43.201998788566144,8680.504974298427,5720.120765482688,2960.3842088157403,2647293.7853407664,732.1192586448792,195.21981520920082
0,HBEFA4/PC_petrol_Euro-6ab,Gasoline,2026-01-14 11:48:04,2026-01-14 11:48:04,-22.797982877340424,-43.201998788566144,-22.79725176097719,-43.202279939749424,8680.589910304801,5720.205701489062,2960.3842088157403,2647310.847839026,732.1237388223606,195.22145109793848
0,HBEFA4/PC_petrol_Euro-6ab,Gasoline,2026-01-14 11:48:04,2026-01-14 11:48:15,-22.79725176097719,-43.202279939749424,-22.798109313171555,-43.20195320401143,8710.503989951745,5740.905391650512,2969.598598301234,2656564.491721265,734.7106372595755,195.89188362668202
0,HBEFA4/PC_petrol_Euro-6ab,Gasoline,2026-01-14 11:48:15,2026-01-14 11:48:15,-22.798109313171555,-43.20195320401143,-22.797990215263734,-43.201996142989955,8710.516049096876,5740.917450795642,2969.598598301234,2656568.3750719405,734.7117133078225,195.89223101926925
0,HBEFA4/PC_petrol_Euro-6ab,Gasoline,2026-01-14 11:48:15,2026-01-14 11:48:15,-22.797990215263734,-43.201996142989955,-22.79786714134008,-43.20204051536933,8710.529956294798,5740.931357993566,2969.598598301234,2656575.7782497355,734.7135979680097,195.89263751768175
0,HBEFA4/PC_petrol_Euro-6ab,Gasoline,2026-01-14 11:48:15,2026-01-14 11:48:15,-22.79786714134008,-43.20204051536933,-22.79774289271155,-43.20208531117483,8710.544327774393,5740.94572947316,2969.598598301234,2656579.175971355,734.7145005031757,195.89305144795907
0,HBEFA4/PC_petrol_Euro-6ab,Gasoline,2026-01-14 11:48:15,2026-01-14 11:48:15,-22.79774289271155,-43.20208531117483,-22.797622874056103,-43.20212858184192,8710.558836423306,5740.960238122073,2969.598598301234,2656581.5926485057,734.7151671234371,195.89346795911825
0,HBEFA4/PC_petrol_Euro-6ab,Gasoline,2026-01-14 11:48:15,2026-01-14 11:48:24,-22.797622874056103,-43.20212858184192,-22.798310407275356,-43.20458251742922,8737.0599198956,5761.1453080541,2975.9146118415015,2664207.9141721614,736.8295922475013,196.4769373514914
0,HBEFA4/PC_petrol_Euro-6ab,Gasoline,2026-01-14 11:48:24,2026-01-14 11:48:24,-22.798310407275356,-43.20458251742922,-22.798225058317254,-43.204600983325626,8737.067775153182,5761.153163311682,2975.9146118415015,2664211.9396198955,736.8308724540018,196.47716708777577
0,HBEFA4/PC_petrol_Euro-6ab,Gasoline,2026-01-14 11:48:24,2026-01-14 11:48:24,-22.798225058317254,-43.204600983325626,-22.798122617847746,-43.20461609808536,8737.077415573662,5761.162803732162,2975.9146118415015,2664217.5053817374,736.8325224674519,196.47744943191606
0,HBEFA4/PC_petrol_Euro-6ab,Gasoline,2026-01-14 11:48:24,2026-01-14 11:48:29,-22.798122617847746,-43.20461609808536,-22.800703910207083,-43.20928531987923,8749.443952935879,5770.79954859843,2978.644404337449,2668203.0138784926,737.9645973697798,196.75107692456848
0,HBEFA4/PC_petrol_Euro-6ab,Gasoline,2026-01-14 11:48:29,2026-01-14 11:48:29,-22.800703910207083,-43.20928531987923,-22.800688341290837,-43.209200635651264,8749.451604494216,5770.807200156768,2978.644404337449,2668203.0138784926,737.9645973697798,196.75107692456848
0,HBEFA4/PC_petrol_Euro-6ab,Gasoline,2026-01-14 11:48:29,2026-01-14 11:48:29,-22.800688341290837,-43.209200635651264,-22.80067011836947,-43.20910121700605,8749.460468690238,5770.816064352791,2978.644404337449,2668207.1464832057,737.9658611449398,196.75133467935663
0,HBEFA4/PC_petrol_Euro-6ab,Gasoline,2026-01-14 11:48:29,2026-01-14 11:48:29,-22.80067011836947,-43.20910121700605,-22.8006501403433,-43.20899222346375,8749.470874008413,5770.826469670966,2978.644404337449,2668212.4214463276,737.9673819026928,196.75163773933753
0,HBEFA4/PC_petrol_Euro-6ab,Gasoline,2026-01-14 11:48:29,2026-01-14 11:48:52,-22.8006501403433,-43.20899222346375,-22.798013977738634,-43.201987575790234,8814.049597995829,5812.566023394455,3001.4835746013746,2688352.1456817896,743.5397164146945,198.2041039434671
0,HBEFA4/PC_petrol_Euro-6ab,Gasoline,2026-01-14 11:48:52,2026-01-14 11:48:52,-22.798013977738634,-43.201987575790234,-22.797891236260373,-43.20203182832985,8814.062281523657,5812.578706922282,3001.4835746013746,2688358.4168688874,743.54138380603,198.20447336460958
0,HBEFA4/PC_petrol_Euro-6ab,Gasoline,2026-01-14 11:48:52,2026-01-14 11:48:52,-22.797891236260373,-43.20203182832985,-22.797768897149105,-43.20207593570924,8814.076614183667,5812.5930395822925,3001.4835746013746,2688365.4056779128,743.5431468817043,198.20489158545976
0,HBEFA4/PC_petrol_Euro-6ab,Gasoline,2026-01-14 11:48:52,2026-01-14 11:48:52,-22.797768897149105,-43.20207593570924,-22.79764699147349,-43.202119886728035,8814.090899856605,5812.607325255231,3001.4835746013746,2688367.240963495,743.5436762354577,198.20530061363382
0,HBEFA4/PC_petrol_Euro-6ab,Gasoline,2026-01-14 11:48:52,2026-01-14 11:48:52,-22.79764699147349,-43.202119886728035,-22.797522884531706,-43.20216463128118,8814.105134914571,5812.621560313198,3001.4835746013746,2688369.061800865,743.5442023672834,198.20570812073592
0,HBEFA4/PC_petrol_Euro-6ab,Gasoline,2026-01-14 11:48:52,2026-01-14 11:48:52,-22.797522884531706,-43.20216463128118,-22.79740713521244,-43.20221256910882,8814.119627014508,5812.636052413135,3001.4835746013746,2688371.844525266,743.5449563126797,198.20612468996973
0,HBEFA4/PC_petrol_Euro-6ab,Gasoline,2026-01-14 11:48:52,2026-01-14 11:48:52,-22.79740713521244,-43.20221256910882,-22.797285565639378,-43.202265281982385,8814.133363256544,5812.649788655171,3001.4835746013746,2688371.844525266,743.5449563126797,198.20612468996973
0,HBEFA4/PC_petrol_Euro-6ab,Gasoline,2026-01-14 11:48:52,2026-01-14 11:49:04,-22.797285565639378,-43.202265281982385,-22.80069928997333,-43.209260304019686,8845.427901179712,5836.5273983709985,3008.9005028087145,2698168.5668013273,746.3453261691276,198.89250738308775
0,HBEFA4/PC_petrol_Euro-6ab,Gasoline,2026-01-14 11:49:04,2026-01-14 11:49:04,-22.80069928997333,-43.209260304019686,-22.800681908928542,-43.20916554262297,8845.436613447966,5836.536110639253,3008.9005028087145,2698172.6379368026,746.3465781880883,198.89276079784437
0,HBEFA4/PC_petrol_Euro-6ab,Gasoline,2026-01-14 11:49:04,2026-01-14 11:49:04,-22.800681908928542,-43.20916554262297,-22.8006617174671,-43.20905538439203,8845.446531583602,5836.546028774888,3008.9005028087145,2698177.016189695,746.3478667539691,198.8930484101076
0,HBEFA4/PC_petrol_Euro-6ab,Gasoline,2026-01-14 11:49:04,2026-01-14 11:49:04,-22.8006617174671,-43.20905538439203,-22.800639233239774,-43.208932718075786,8845.458060925857,5836.557558117145,3008.9005028087145,2698182.8352579116,746.3494763715909,198.8933841607042
0,HBEFA4/PC_petrol_Euro-6ab,Gasoline,2026-01-14 11:49:04,2026-01-14 11:49:04,-22.800639233239774,-43.208932718075786,-22.800614552352133,-43.208798068157606,8845.470899389638,5836.570396580924,3008.9005028087145,2698188.2996151047,746.3509316809625,198.89375667858286
0,HBEFA4/PC_petrol_Euro-6ab,Gasoline,2026-01-14 11:49:04,2026-01-14 11:49:04,-22.800614552352133,-43.208798068157606,-22.800588822644063,-43.208657696961424,8845.484992083097,5836.5844892743835,3008.9005028087145,2698194.0103618675,746.3523977833486,198.89416595216815
0,HBEFA4/PC_petrol_Euro-6ab,Gasoline,2026-01-14 11:49:04,2026-01-14 11:49:04,-22.800588822644063,-43.208657696961424,-22.800563186533424,-43.20851982432166,8845.499683581726,5836.5991807730115,3008.9005028087145,2698197.8822302492,746.3534068284287,198.89459003990797
0,HBEFA4/PC_petrol_Euro-6ab,Gasoline,2026-01-14 11:49:04,2026-01-14 11:49:04,-22.800563186533424,-43.20851982432166,-22.800536629235776,-43.20838579366943,8845.514121710881,5836.613618902168,3008.9005028087145,2698199.097134647,746.3537874283523,198.89500265518663
0,HBEFA4/PC_petrol_Euro-6ab,Gasoline,2026-01-14 11:49:04,2026-01-14 11:49:04,-22.800536629235776,-43.20838579366943,-22.800510685981255,-43.208254862591204,8845.528194002101,5836.627691193388,3008.9005028087145,2698199.097134647,746.3537874283523,198.89500265518663
0,HBEFA4/PC_petrol_Euro-6ab,Gasoline,2026-01-14 11:49:04,2026-01-14 11:49:04,-22.800510685981255,-43.208254862591204,-22.800483283601338,-43.20811656819667,8845.541940865574,5836.641438056861,3008.9005028087145,2698199.097134647,746.3537874283523,198.89500265518663
0,HBEFA4/PC_petrol_Euro-6ab,Gasoline,2026-01-14 11:49:04,2026-01-14 11:49:07,-22.800483283601338,-43.20811656819667,-22.800699772333445,-43.20926291571615,8854.17666585205,5844.151801449708,3010.0248644023427,2700835.2313605864,747.1129933456781,199.08528283647655
0,HBEFA4/PC_petrol_Euro-6ab,Gasoline,2026-01-14 11:49:07,2026-01-14 11:49:13,-22.800699772333445,-43.20926291571615,-22.80070006026327,-43.20926447468698,8870.958420630179,5853.912759073028,3017.045661557153,2705888.1376738967,748.4887968309638,199.4636680273037
0,HBEFA4/PC_petrol_Euro-6ab,Gasoline,2026-01-14 11:49:13,2026-01-14 11:49:13,-22.80070006026327,-43.20926447468698,-22.8006839279442,-43.209176557758525,8870.966526813485,5853.920865256333,3017.045661557153,2705890.5946632787,748.4895610072934,199.46390093331053
0,HBEFA4/PC_petrol_Euro-6ab,Gasoline,2026-01-14 11:49:13,2026-01-14 11:49:13,-22.8006839279442,-43.209176557758525,-22.800665162606027,-43.20907417994971,8870.975728721492,5853.9300671643405,3017.045661557153,2705894.5639167777,748.4907600460172,199.46416770016202
0,HBEFA4/PC_petrol_Euro-6ab,Gasoline,2026-01-14 11:49:13,2026-01-14 11:49:19,-22.800665162606027,-43.20907417994971,-22.804907970738327,-43.205182225317564,8893.98638948899,5871.591559540396,3022.3948299485946,2713093.570632385,750.5171107599134,199.98265035384065
0,HBEFA4/PC_petrol_Euro-6ab,Gasoline,2026-01-14 11:49:19,2026-01-14 11:49:19,-22.804907970738327,-43.205182225317564,-22.80487589005296,-43.20521291059226,8893.989265946726,5871.594435998131,3022.3948299485946,2713093.570632385,750.5171107599134,199.98265035384065
0,HBEFA4/PC_petrol_Euro-6ab,Gasoline,2026-01-14 11:49:19,2026-01-14 11:49:19,-22.80487589005296,-43.20521291059226,-22.80483471259287,-43.20525229692909,8893.994014515847,5871.599184567253,3022.3948299485946,2713097.7655556886,750.5186695323598,199.98279724089704
0,HBEFA4/PC_petrol_Euro-6ab,Gasoline,2026-01-14 11:49:19,2026-01-14 11:49:25,-22.80483471259287,-43.20525229692909,-22.79802919388644,-43.201982089837216,8913.922530690119,5884.564189468208,3029.358341221912,2719352.5014484185,752.24937089889,200.43010051480022
0,HBEFA4/PC_petrol_Euro-6ab,Gasoline,2026-01-14 11:49:25,2026-01-14 11:49:25,-22.79802919388644,-43.201982089837216,-22.797912819105505,-43.20202404697598,8913.934124716787,5884.575783494875,3029.358341221912,2719355.1555662793,752.2501323711978,200.4304323419823
0,HBEFA4/PC_petrol_Euro-6ab,Gasoline,2026-01-14 11:49:25,2026-01-14 11:49:25,-22.797912819105505,-43.20202404697598,-22.79778710852397,-43.20206936989972,8913.947713930731,5884.5893727088205,3029.358341221912,2719362.844558677,752.2521047964937,200.43083010533977
0,HBEFA4/PC_petrol_Euro-6ab,Gasoline,2026-01-14 11:49:25,2026-01-14 11:49:27,-22.79778710852397,-43.20206936989972,-22.800702399894185,-43.20927714241702,8923.198879116355,5891.842656666666,3031.35622244969,2721940.7224456426,752.9825558634598,200.63788291608867
0,HBEFA4/PC_petrol_Euro-6ab,Gasoline,2026-01-14 11:49:27,2026-01-14 11:49:38,-22.800702399894185,-43.20927714241702,-22.80264177522548,-43.20170715530478,8962.43164761171,5914.991963307479,3047.439684304232,2733246.3714443105,756.0810918399586,201.52632338457516
0,HBEFA4/PC_petrol_Euro-6ab,Gasoline,2026-01-14 11:49:38,2026-01-14 11:49:38,-22.80264177522548,-43.20170715530478,-22.802619833596783,-43.20175772734792,8962.435847013698,5914.996162709466,3047.439684304232,2733246.3714443105,756.0810918399586,201.52632338457516
0,HBEFA4/PC_petrol_Euro-6ab,Gasoline,2026-01-14 11:49:38,2026-01-14 11:49:38,-22.802619833596783,-43.20175772734792,-22.80260423230017,-43.20182769616075,8962.441581573,5915.001897268769,3047.439684304232,2733250.3207955644,756.0824749652363,201.52649561753927
0,HBEFA4/PC_petrol_Euro-6ab,Gasoline,2026-01-14 11:49:38,2026-01-14 11:49:38,-22.80260423230017,-43.20182769616075,-22.802646339298555,-43.20190291991199,8962.449124856263,5915.009440552032,3047.439684304232,2733255.240229431,756.0840690069557,201.52671904431946
0,HBEFA4/PC_petrol_Euro-6ab,Gasoline,2026-01-14 11:49:38,2026-01-14 11:49:38,-22.802646339298555,-43.20190291991199,-22.80295081963408,-43.202027082383275,8962.481373115255,5915.041688811024,3047.439684304232,2733271.380007989,756.0886730631142,201.52765838633192
0,HBEFA4/PC_petrol_Euro-6ab,Gasoline,2026-01-14 11:49:38,2026-01-14 11:49:38,-22.80295081963408,-43.202027082383275,-22.803067654724114,-43.20207671760301,8962.495091155855,5915.055406851624,3047.439684304232,2733277.8134450163,756.0903306786312,201.5280578871066
0,HBEFA4/PC_petrol_Euro-6ab,Gasoline,2026-01-14 11:49:38,2026-01-14 11:49:47,-22.803067654724114,-43.20207671760301,-22.800700516254697,-43.20926694361284,8988.327757044339,5931.815231223117,3056.512525821224,2741032.582528066,758.2344480615487,202.11125443553357
0,HBEFA4/PC_petrol_Euro-6ab,Gasoline,2026-01-14 11:49:47,2026-01-14 11:49:47,-22.800700516254697,-43.20926694361284,-22.800684496006383,-43.20917965693386,8988.335668337246,5931.823142516024,3056.512525821224,2741034.200302844,758.2349437214442,202.1114799235179
0,HBEFA4/PC_petrol_Euro-6ab,Gasoline,2026-01-14 11:49:47,2026-01-14 11:49:47,-22.800684496006383,-43.20917965693386,-22.80066602573203,-43.20907888888652,8988.344804356662,5931.832278535439,3056.512525821224,2741038.4238946093,758.2362223675486,202.1117454126648
0,HBEFA4/PC_petrol_Euro-6ab,Gasoline,2026-01-14 11:49:47,2026-01-14 11:49:47,-22.80066602573203,-43.20907888888652,-22.80064570103448,-43.2089680041132,8988.355350906188,5931.842825084965,3056.512525821224,2741043.440282335,758.2376630177101,202.11205192501384
0,HBEFA4/PC_petrol_Euro-6ab,Gasoline,2026-01-14 11:49:47,2026-01-14 11:49:47,-22.80064570103448,-43.2089680041132,-22.800622512535558,-43.208841495941854,8988.366956292724,5931.8544304715015,3056.512525821224,2741047.8970307643,758.2389051812581,202.11238735438675
0,HBEFA4/PC_petrol_Euro-6ab,Gasoline,2026-01-14 11:49:47,2026-01-14 11:49:52,-22.800622512535558,-43.208841495941854,-22.80070308846833,-43.20928087064357,9007.21037408268,5945.599766746477,3061.6106073362043,2747157.3000896974,759.9640081505593,202.5276646672285
0,HBEFA4/PC_petrol_Euro-6ab,Gasoline,2026-01-14 11:49:52,2026-01-14 11:49:52,-22.80070308846833,-43.20928087064357,-22.80068651029074,-43.2091906462625,9007.218110292159,5945.607502955955,3061.6106073362043,2747158.751938738,759.9644499615645,202.52788487810832
0,HBEFA4/PC_petrol_Euro-6ab,Gasoline,2026-01-14 11:49:52,2026-01-14 11:50:01,-22.80068651029074,-43.2091906462625,-22.800695853784543,-43.20924162160747,9038.301801027215,5972.386073543656,3065.915727483561,2756896.593518524,762.7953834061975,203.2077427527834
0,HBEFA4/PC_petrol_Euro-6ab,Gasoline,2026-01-14 11:50:01,2026-01-14 11:50:01,-22.800695853784543,-43.20924162160747,-22.800678151584542,-43.209145043708396,9038.310219033627,5972.394491550067,3065.915727483561,2756898.826146035,762.7960709117875,203.20798380852273
0,HBEFA4/PC_petrol_Euro-6ab,Gasoline,2026-01-14 11:50:01,2026-01-14 11:50:01,-22.800678151584542,-43.209145043708396,-22.800657696335737,-43.20903344642324,9038.32032703332,5972.40459954976,3065.915727483561,2756904.3420635103,762.7976772332215,203.2082790433917
0,HBEFA4/PC_petrol_Euro-6ab,Gasoline,2026-01-14 11:50:01,2026-01-14 11:50:01,-22.800657696335737,-43.20903344642324,-22.800634869643954,-43.20890891184091,9038.332006990142,5972.416279506582,3065.915727483561,2756910.1148870233,762.7992665790391,203.20861897916677
0,HBEFA4/PC_petrol_Euro-6ab,Gasoline,2026-01-14 11:50:01,2026-01-14 11:50:01,-22.800634869643954,-43.20890891184091,-22.800610226404462,-43.208774467433464,9038.345040990735,5972.429313507174,3065.915727483561,2756915.7664525257,762.800760844926,203.20899744273373
0,HBEFA4/PC_petrol_Euro-6ab,Gasoline,2026-01-14 11:50:01,2026-01-14 11:50:01,-22.800610226404462,-43.208774467433464,-22.800584568761664,-43.208634489516626,9038.359112176126,5972.443384692566,3065.915727483561,2756920.82245776,762.8020695500813,203.2094050809075
0,HBEFA4/PC_petrol_Euro-6ab,Gasoline,2026-01-14 11:50:01,2026-01-14 11:50:05,-22.800584568761664,-43.208634489516626,-22.79805226294553,-43.20197377263252,9051.383117789619,5982.651220179496,3068.731897610124,2761391.467866489,764.0969184963512,203.50116585795723
0,HBEFA4/PC_petrol_Euro-6ab,Gasoline,2026-01-14 11:50:05,2026-01-14 11:50:05,-22.79805226294553,-43.20197377263252,-22.797955797415813,-43.2020085518165,9051.39246091644,5982.660563306317,3068.731897610124,2761396.568687329,764.0984494233021,203.50143898390627
0,HBEFA4/PC_petrol_Euro-6ab,Gasoline,2026-01-14 11:50:05,2026-01-14 11:50:05,-22.797955797415813,-43.2020085518165,-22.79784843762359,-43.202047258693725,9051.40372530522,5982.671827695097,3068.731897610124,2761403.056095656,764.1002545301798,203.50176848795255
0,HBEFA4/PC_petrol_Euro-6ab,Gasoline,2026-01-14 11:50:05,2026-01-14 11:50:08,-22.79784843762359,-43.202047258693725,-22.802640726343807,-43.201709572815226,9064.837094476085,5990.133730195032,3074.7033642810547,2765539.7601486575,765.2139567433198,203.8065397642648
0,HBEFA4/PC_petrol_Euro-6ab,Gasoline,2026-01-14 11:50:08,2026-01-14 11:50:09,-22.802640726343807,-43.201709572815226,-22.80264479012994,-43.2017002064144,9071.713086424976,5996.74924422041,3074.963842204567,2767162.9431699594,765.6843262909267,203.95421220957724
0,HBEFA4/PC_petrol_Euro-6ab,Gasoline,2026-01-14 11:50:09,2026-01-14 11:50:12,-22.80264479012994,-43.2017002064144,-22.802647616726727,-43.201693691543284,9083.424215964385,6004.818884635317,3078.60533132907,2770804.9036182086,766.6952448038029,204.22051450568603
0,HBEFA4/PC_petrol_Euro-6ab,Gasoline,2026-01-14 11:50:12,2026-01-14 11:50:12,-22.802647616726727,-43.201693691543284,-22.802624600958858,-43.20174673932411,9083.42851030584,6004.82317897677,3078.60533132907,2770804.9036182086,766.6952448038029,204.22051450568603
0,HBEFA4/PC_petrol_Euro-6ab,Gasoline,2026-01-14 11:50:12,2026-01-14 11:50:13,-22.802624600958858,-43.20174673932411,-22.802637609401447,-43.20171675688579,9087.920950550033,6008.054852970637,3079.8660975793973,2772201.94375206,767.0850826545607,204.31584962390866
0,HBEFA4/PC_petrol_Euro-6ab,Gasoline,2026-01-14 11:50:13,2026-01-14 11:50:17,-22.802637609401447,-43.20171675688579,-22.800696662634184,-43.209246034456925,9103.66809952177,6020.233321057488,3083.4347784642837,2776628.4334028354,768.3202318863547,204.66158529631906
0,HBEFA4/PC_petrol_Euro-6ab,Gasoline,2026-01-14 11:50:17,2026-01-14 11:50:17,-22.800696662634184,-43.209246034456925,-22.800679639881317,-43.20915316339654,9103.676127177516,6020.2413487132335,3083.4347784642837,2776630.6780140265,768.320929179375,204.66181551886183
0,HBEFA4/PC_petrol_Euro-6ab,Gasoline,2026-01-14 11:50:17,2026-01-14 11:50:34,-22.800679639881317,-43.20915316339654,-22.800704223527692,-43.20928701632762,9156.47998764775,6058.202465804816,3098.277521842934,2792459.443600441,772.7531567091397,205.83245717425328
0,HBEFA4/PC_petrol_Euro-6ab,Gasoline,2026-01-14 11:50:34,2026-01-14 11:50:34,-22.800704223527692,-43.20928701632762,-22.800688586311622,-43.2092019724116,9156.487576889613,6058.2100550466785,3098.277521842934,2792459.443600441,772.7531567091397,205.83245717425328
0,HBEFA4/PC_petrol_Euro-6ab,Gasoline,2026-01-14 11:50:34,2026-01-14 11:50:34,-22.800688586311622,-43.2092019724116,-22.80067025723222,-43.20910197459706,9156.496478782256,6058.218956939322,3098.277521842934,2792463.7900984613,772.7544841592339,205.83271644749973
0,HBEFA4/PC_petrol_Euro-6ab,Gasoline,2026-01-14 11:50:34,2026-01-14 11:50:34,-22.80067025723222,-43.20910197459706,-22.800649166278898,-43.208986909299696,9156.506944717206,6058.229422874273,3098.277521842934,2792469.13739538,772.7560219969638,205.83302134865613
0,HBEFA4/PC_petrol_Euro-6ab,Gasoline,2026-01-14 11:50:34,2026-01-14 11:50:34,-22.800649166278898,-43.208986909299696,-22.800626075687084,-43.20886093518656,9156.518987643618,6058.241465800685,3098.277521842934,2792475.050033955,772.7576295199606,205.8333718519201
0,HBEFA4/PC_petrol_Euro-6ab,Gasoline,2026-01-14 11:50:34,2026-01-14 11:50:34,-22.800626075687084,-43.20886093518656,-22.80060163048837,-43.208727571447,9156.532172309897,6058.254650466963,3098.277521842934,2792480.1546036913,772.7589808061712,205.83375377238184
0,HBEFA4/PC_petrol_Euro-6ab,Gasoline,2026-01-14 11:50:34,2026-01-14 11:50:34,-22.80060163048837,-43.208727571447,-22.800577500337248,-43.20859592712359,9156.546130392775,6058.268608549842,3098.277521842934,2792484.3974291133,772.7600959236727,205.83415684440132
0,HBEFA4/PC_petrol_Euro-6ab,Gasoline,2026-01-14 11:50:34,2026-01-14 11:50:44,-22.800577500337248,-43.20859592712359,-22.79810694948323,-43.20308772573341,9183.72585435589,6077.0642840962455,3106.6615702596437,2800719.7133513135,775.0459877122177,206.4451918042486
0,HBEFA4/PC_petrol_Euro-6ab,Gasoline,2026-01-14 11:50:44,2026-01-14 11:50:44,-22.79810694948323,-43.20308772573341,-22.798043639316628,-43.20321212660256,9183.739751017823,6077.078180758181,3106.6615702596437,2800719.7133513135,775.0459877122177,206.4451918042486
0,HBEFA4/PC_petrol_Euro-6ab,Gasoline,2026-01-14 11:50:44,2026-01-14 11:50:44,-22.798043639316628,-43.20321212660256,-22.79794542813216,-43.203298610448655,9183.754377956291,6077.092807696649,3106.6615702596437,2800723.9790980443,775.0470914885492,206.44561456982208
0,HBEFA4/PC_petrol_Euro-6ab,Gasoline,2026-01-14 11:50:44,2026-01-14 11:50:44,-22.79794542813216,-43.203298610448655,-22.797817557707855,-43.20329242798853,9183.768725639853,6077.107155380211,3106.6615702596437,2800723.9790980443,775.0470914885492,206.44561456982208
0,HBEFA4/PC_petrol_Euro-6ab,Gasoline,2026-01-14 11:50:44,2026-01-14 11:50:45,-22.797817557707855,-43.20329242798853,-22.79807699354112,-43.20196485638198,9186.302878761906,6078.667437796899,3107.635440965008,2801691.5438642455,775.3346644949011,206.50212242050534
0,HBEFA4/PC_petrol_Euro-6ab,Gasoline,2026-01-14 11:50:45,2026-01-14 11:50:56,-22.79807699354112,-43.20196485638198,-22.798330045497732,-43.20457826854648,9210.269308307072,6096.857986675263,3113.4113216318096,2808974.5585938813,777.4202828070031,207.03427763628014
0,HBEFA4/PC_petrol_Euro-6ab,Gasoline,2026-01-14 11:50:56,2026-01-14 11:50:56,-22.798330045497732,-43.20457826854648,-22.79821933134548,-43.204602222398556,9210.283946956495,6096.872625324686,3113.4113216318096,2808977.6506957114,777.4211082120767,207.03469900507332
0,HBEFA4/PC_petrol_Euro-6ab,Gasoline,2026-01-14 11:50:56,2026-01-14 11:50:56,-22.79821933134548,-43.204602222398556,-22.797960523450147,-43.20463590770246,9210.31093962054,6096.899617988731,3113.4113216318096,2808985.7232350362,777.4231220717427,207.03512335663336
0,HBEFA4/PC_petrol_Euro-6ab,Gasoline,2026-01-14 11:50:56,2026-01-14 11:50:56,-22.797960523450147,-43.20463590770246,-22.79782937408459,-43.204650860555034,9210.325327108714,6096.914005476906,3113.4113216318096,2808987.405044883,777.4236142455057,207.03553517104925
0,HBEFA4/PC_petrol_Euro-6ab,Gasoline,2026-01-14 11:50:56,2026-01-14 11:50:58,-22.79782937408459,-43.204650860555034,-22.79811684241506,-43.204616807105886,9214.499979601784,6100.565418663035,3113.9345609387497,2810214.888381568,777.7776881832814,207.12613988256598
0,HBEFA4/PC_petrol_Euro-6ab,Gasoline,2026-01-14 11:50:58,2026-01-14 11:51:00,-22.79811684241506,-43.204616807105886,-22.797165082681303,-43.20395609009019,9222.434541158656,6105.529467596348,3116.905073562309,2812645.295797494,778.448457622724,207.30963946965161
0,HBEFA4/PC_petrol_Euro-6ab,Gasoline,2026-01-14 11:51:00,2026-01-14 11:51:00,-22.797165082681303,-43.20395609009019,-22.79704547820777,-43.20393890126862,9222.448427071547,6105.543353509239,3116.905073562309,2812645.295797494,778.448457622724,207.30963946965161
0,HBEFA4/PC_petrol_Euro-6ab,Gasoline,2026-01-14 11:51:00,2026-01-14 11:51:04,-22.79704547820777,-43.20393890126862,-22.79791076480564,-43.20464198337245,9235.387775694446,6116.367294550814,3119.020481143633,2816497.5926197073,779.5492736495681,207.5937947443478
0,HBEFA4/PC_petrol_Euro-6ab,Gasoline,2026-01-14 11:51:04,2026-01-14 11:51:21,-22.79791076480564,-43.20464198337245,-22.8006952956732,-43.20923857671406,9297.129268571078,6151.051479750433,3146.077788820645,2835585.0721291276,784.741460251132,209.0082038459642
0,HBEFA4/PC_petrol_Euro-6ab,Gasoline,2026-01-14 11:51:21,2026-01-14 11:51:21,-22.8006952956732,-43.20923857671406,-22.800679867900943,-43.20915440740147,9297.136777716743,6151.0589888960985,3146.077788820645,2835586.4186003474,784.7418669915081,209.0084174805508
0,HBEFA4/PC_petrol_Euro-6ab,Gasoline,2026-01-14 11:51:21,2026-01-14 11:51:21,-22.800679867900943,-43.20915440740147,-22.800661448062915,-43.20905391461098,9297.145587013547,6151.067798192902,3146.077788820645,2835590.715957105,784.7431840552119,209.0086740846045
0,HBEFA4/PC_petrol_Euro-6ab,Gasoline,2026-01-14 11:51:21,2026-01-14 11:51:21,-22.800661448062915,-43.20905391461098,-22.80064123780016,-43.208943654254924,9297.15610475506,6151.078315934416,3146.077788820645,2835596.415183747,784.7448178729612,209.00898112928775
0,HBEFA4/PC_petrol_Euro-6ab,Gasoline,2026-01-14 11:51:21,2026-01-14 11:51:21,-22.80064123780016,-43.208943654254924,-22.800618522054535,-43.20881972536095,9297.167644789928,6151.089855969285,3146.077788820645,2835600.7640760886,784.7460335864616,209.00931449883402
0,HBEFA4/PC_petrol_Euro-6ab,Gasoline,2026-01-14 11:51:21,2026-01-14 11:51:21,-22.800618522054535,-43.20881972536095,-22.800594106121093,-43.20868652148134,9297.18061540178,6151.1028265811365,3146.077788820645,2835606.606801726,784.7475787097604,209.00969145115963
0,HBEFA4/PC_petrol_Euro-6ab,Gasoline,2026-01-14 11:51:21,2026-01-14 11:51:21,-22.800594106121093,-43.20868652148134,-22.800568606760653,-43.20854740753404,9297.19455675523,6151.116767934586,3146.077788820645,2835611.4295702144,784.7488350606195,209.01009493343213
0,HBEFA4/PC_petrol_Euro-6ab,Gasoline,2026-01-14 11:51:21,2026-01-14 11:51:21,-22.800568606760653,-43.20854740753404,-22.800541559283793,-43.208410674827505,9297.209116673002,6151.1313278523585,3146.077788820645,2835615.335617547,784.7498550231054,209.01051518625366
0,HBEFA4/PC_petrol_Euro-6ab,Gasoline,2026-01-14 11:51:21,2026-01-14 11:51:21,-22.800541559283793,-43.208410674827505,-22.800514856861493,-43.20827591225646,9297.223471651627,6151.145682830983,3146.077788820645,2835616.695404646,784.7502702707741,209.01092554957935
0,HBEFA4/PC_petrol_Euro-6ab,Gasoline,2026-01-14 11:51:21,2026-01-14 11:51:21,-22.800514856861493,-43.20827591225646,-22.800488177634882,-43.208141267368674,9297.23762079443,6151.159831973787,3146.077788820645,2835618.0447781435,784.7506831997275,209.0113297916668
0,HBEFA4/PC_petrol_Euro-6ab,Gasoline,2026-01-14 11:51:21,2026-01-14 11:51:21,-22.800488177634882,-43.208141267368674,-22.8004606536135,-43.208002359613246,9297.25175758766,6151.173968767016,3146.077788820645,2835619.9736367455,784.751235846345,209.01173455601793
0,HBEFA4/PC_petrol_Euro-6ab,Gasoline,2026-01-14 11:51:21,2026-01-14 11:51:21,-22.8004606536135,-43.208002359613246,-22.80043339161198,-43.20786477486381,9297.266341959525,6151.188553138881,3146.077788820645,2835623.3568577203,784.7521311722717,209.012154751759
0,HBEFA4/PC_petrol_Euro-6ab,Gasoline,2026-01-14 11:51:21,2026-01-14 11:51:24,-22.80043339161198,-43.20786477486381,-22.800698703486457,-43.209257128538425,9308.07717900468,6159.682969129672,3148.39420987501,2839291.7857624535,785.8113292365756,209.25416187616105
0,HBEFA4/PC_petrol_Euro-6ab,Gasoline,2026-01-14 11:51:24,2026-01-14 11:51:24,-22.800698703486457,-43.209257128538425,-22.800682121496195,-43.209166702327245,9308.08541589408,6159.691206019071,3148.39420987501,2839294.0282302108,785.8120225814545,209.25439790980107
0,HBEFA4/PC_petrol_Euro-6ab,Gasoline,2026-01-14 11:51:24,2026-01-14 11:51:26,-22.800682121496195,-43.209166702327245,-22.797211561217786,-43.20299669873517,9315.063354332144,6166.023586797106,3149.039767535038,2841358.7213302576,786.4084420504629,209.40576679381164
0,HBEFA4/PC_petrol_Euro-6ab,Gasoline,2026-01-14 11:51:26,2026-01-14 11:51:37,-22.797211561217786,-43.20299669873517,-22.802637293601247,-43.20171748475639,9354.857021461157,6196.5546474934135,3158.302373967744,2853897.091111253,789.995203812152,210.2810280794577
0,HBEFA4/PC_petrol_Euro-6ab,Gasoline,2026-01-14 11:51:37,2026-01-14 11:51:37,-22.802637293601247,-43.20171748475639,-22.802613414900776,-43.201772521434,9354.861508309425,6196.559134341681,3158.302373967744,2853897.091111253,789.995203812152,210.2810280794577
0,HBEFA4/PC_petrol_Euro-6ab,Gasoline,2026-01-14 11:51:37,2026-01-14 11:51:37,-22.802613414900776,-43.201772521434,-22.80260570875232,-43.201844508321024,9354.867749131345,6196.565375163601,3158.302373967744,2853901.5253587565,789.9967285433304,210.28121519726727
0,HBEFA4/PC_petrol_Euro-6ab,Gasoline,2026-01-14 11:51:37,2026-01-14 11:51:37,-22.80260570875232,-43.201844508321024,-22.80265313301738,-43.20190856005281,9354.875390581785,6196.573016614041,3158.302373967744,2853905.721679332,789.9980765878798,210.2814395090863
0,HBEFA4/PC_petrol_Euro-6ab,Gasoline,2026-01-14 11:51:37,2026-01-14 11:51:37,-22.80265313301738,-43.20190856005281,-22.803065165686473,-43.2020756601807,9354.918810331776,6196.616436364031,3158.302373967744,2853925.761058437,790.0037353094228,210.28270121809382
0,HBEFA4/PC_petrol_Euro-6ab,Gasoline,2026-01-14 11:51:37,2026-01-14 11:51:46,-22.803065165686473,-43.2020756601807,-22.80490589123955,-43.20518421436523,9389.906046431994,6215.0161867219185,3174.889859710077,2863793.6152481707,792.6055125243869,211.08888992307985
0,HBEFA4/PC_petrol_Euro-6ab,Gasoline,2026-01-14 11:51:46,2026-01-14 11:51:46,-22.80490589123955,-43.20518421436523,-22.80486925599923,-43.20521925608251,9389.909903752618,6215.0200440425415,3174.889859710077,2863795.8191100997,792.6062859530285,211.0890067263473
0,HBEFA4/PC_petrol_Euro-6ab,Gasoline,2026-01-14 11:51:46,2026-01-14 11:51:46,-22.80486925599923,-43.20521925608251,-22.80481985389613,-43.20526650929869,9389.915326484825,6215.0254667747495,3174.889859710077,2863799.738392098,792.6076801208081,211.08917057149634
0,HBEFA4/PC_petrol_Euro-6ab,Gasoline,2026-01-14 11:51:46,2026-01-14 11:51:46,-22.80481985389613,-43.20526650929869,-22.804763443509355,-43.20532046589171,9389.92263896034,6215.032779250263,3174.889859710077,2863804.7313065454,792.6093163607356,211.08938794222536
0,HBEFA4/PC_petrol_Euro-6ab,Gasoline,2026-01-14 11:51:46,2026-01-14 11:51:46,-22.804763443509355,-43.20532046589171,-22.80469636673774,-43.20538462480771,9389.930988795644,6215.041129085568,3174.889859710077,2863808.3988243868,792.6104583772371,211.0896304246734
0,HBEFA4/PC_petrol_Euro-6ab,Gasoline,2026-01-14 11:51:46,2026-01-14 11:51:46,-22.80469636673774,-43.20538462480771,-22.804617621279966,-43.205459944701246,9389.94091745939,6215.051057749313,3174.889859710077,2863813.607470824,792.6119867212544,211.08992003577657
0,HBEFA4/PC_petrol_Euro-6ab,Gasoline,2026-01-14 11:51:46,2026-01-14 11:51:50,-22.804617621279966,-43.205459944701246,-22.800702979448243,-43.20928028036349,9403.842069986387,6225.61482683996,3178.227243146429,2868256.303541364,793.862866388967,211.3969039062432
0,HBEFA4/PC_petrol_Euro-6ab,Gasoline,2026-01-14 11:51:50,2026-01-14 11:51:50,-22.800702979448243,-43.20928028036349,-22.80068695502944,-43.209193072623464,9403.850142089092,6225.622898942664,3178.227243146429,2868257.721147911,793.863297161836,211.39713340269952
0,HBEFA4/PC_petrol_Euro-6ab,Gasoline,2026-01-14 11:51:50,2026-01-14 11:52:02,-22.80068695502944,-43.209193072623464,-22.80264475788739,-43.20170028072854,9438.359719201639,6250.172483961968,3188.1872352396717,2879008.6869855365,796.8449581961758,212.16928536278877
0,HBEFA4/PC_petrol_Euro-6ab,Gasoline,2026-01-14 11:52:02,2026-01-14 11:52:02,-22.80264475788739,-43.20170028072854,-22.802622814320202,-43.20175085724702,9438.364247478401,6250.177012238731,3188.1872352396717,2879008.6869855365,796.8449581961758,212.16928536278877
0,HBEFA4/PC_petrol_Euro-6ab,Gasoline,2026-01-14 11:52:02,2026-01-14 11:52:02,-22.802622814320202,-43.20175085724702,-22.802604467104484,-43.20182049098883,9438.369982544946,6250.182747305275,3188.1872352396717,2879012.122346681,796.8461476434004,212.1694561244881
0,HBEFA4/PC_petrol_Euro-6ab,Gasoline,2026-01-14 11:52:02,2026-01-14 11:52:02,-22.802604467104484,-43.20182049098883,-22.802635974837568,-43.201894315344724,9438.377564397322,6250.190329157652,3188.1872352396717,2879017.1239014743,796.8477660535322,212.16968079869187
0,HBEFA4/PC_petrol_Euro-6ab,Gasoline,2026-01-14 11:52:02,2026-01-14 11:52:02,-22.802635974837568,-43.201894315344724,-22.803039851021698,-43.20206490570847,9438.420737937886,6250.2335026982155,3188.1872352396717,2879037.5984978816,796.8535358064302,212.17093627813338
0,HBEFA4/PC_petrol_Euro-6ab,Gasoline,2026-01-14 11:52:02,2026-01-14 11:52:02,-22.803039851021698,-43.20206490570847,-22.80316078800337,-43.20211628360802,9438.434868184639,6250.247632944968,3188.1872352396717,2879042.5935119772,796.8548278812286,212.17134555044473
0,HBEFA4/PC_petrol_Euro-6ab,Gasoline,2026-01-14 11:52:02,2026-01-14 11:52:04,-22.80316078800337,-43.20211628360802,-22.79834065345757,-43.20457597343092,9444.227907201655,6255.912953056469,3188.3149541451876,2880479.3059726306,797.2755617670875,212.29140872849723
0,HBEFA4/PC_petrol_Euro-6ab,Gasoline,2026-01-14 11:52:04,2026-01-14 11:52:05,-22.79834065345757,-43.20457597343092,-22.80070399323411,-43.20928576942216,9449.362547944795,6260.523874042184,3188.8386739026123,2881751.3846526435,797.6324993603222,212.406121765535
0,HBEFA4/PC_petrol_Euro-6ab,Gasoline,2026-01-14 11:52:05,2026-01-14 11:52:08,-22.80070399323411,-43.20928576942216,-22.803161765667042,-43.202116698951194,9455.898883440774,6265.921834845575,3189.9770485951994,2883780.8393408754,798.2095454088333,212.55122416544287
0,HBEFA4/PC_petrol_Euro-6ab,Gasoline,2026-01-14 11:52:08,2026-01-14 11:52:12,-22.803161765667042,-43.202116698951194,-22.80070202163574,-43.20927509436889,9470.902949621837,6275.898321917274,3195.0046277045644,2888066.3999174708,799.3945804617591,212.89124370862416
0,HBEFA4/PC_petrol_Euro-6ab,Gasoline,2026-01-14 11:52:12,2026-01-14 11:52:12,-22.80070202163574,-43.20927509436889,-22.8006847683087,-43.20918114253302,9470.911035019737,6275.906407315173,3195.0046277045644,2888069.361613795,799.3955071430204,212.89147723311382
0,HBEFA4/PC_petrol_Euro-6ab,Gasoline,2026-01-14 11:52:12,2026-01-14 11:52:16,-22.8006847683087,-43.20918114253302,-22.79724778559729,-43.2029962903219,9484.214188937696,6285.160494314527,3199.0536946231705,2892298.0698539717,800.5984456915457,213.18621760860034
0,HBEFA4/PC_petrol_Euro-6ab,Gasoline,2026-01-14 11:52:16,2026-01-14 11:52:16,-22.79724778559729,-43.2029962903219,-22.797121729372154,-43.202997711544,9484.228325287688,6285.174630664519,3199.0536946231705,2892299.8158300095,800.598954248861,213.18662207952795
0,HBEFA4/PC_petrol_Euro-6ab,Gasoline,2026-01-14 11:52:16,2026-01-14 11:52:19,-22.797121729372154,-43.202997711544,-22.80070119290597,-43.209270607282605,9490.676150947915,6289.960440700551,3200.7157102473657,2893975.653036745,801.0631730754577,213.32929302793107
0,HBEFA4/PC_petrol_Euro-6ab,Gasoline,2026-01-14 11:52:19,2026-01-14 11:52:19,-22.80070119290597,-43.209270607282605,-22.800684084697398,-43.20917741295648,9490.684284780606,6289.96857453324,3200.7157102473657,2893975.653036745,801.0631730754577,213.32929302793107
0,HBEFA4/PC_petrol_Euro-6ab,Gasoline,2026-01-14 11:52:19,2026-01-14 11:52:22,-22.800684084697398,-43.20917741295648,-22.800700252005445,-43.20926551285821,9504.775363029565,6298.450703147077,3206.3246598824876,2897887.8573920336,802.1191036187639,213.65042914724867
0,HBEFA4/PC_petrol_Euro-6ab,Gasoline,2026-01-14 11:52:22,2026-01-14 11:52:22,-22.800700252005445,-43.20926551285821,-22.80068320190465,-43.209172596706985,9504.783458124775,6298.458798242289,3206.3246598824876,2897891.74728899,802.1203279351104,213.65066513621758
0,HBEFA4/PC_petrol_Euro-6ab,Gasoline,2026-01-14 11:52:22,2026-01-14 11:52:22,-22.80068320190465,-43.209172596706985,-22.800664279625444,-43.20906936269354,9504.793183290847,6298.46852340836,3206.3246598824876,2897897.003687931,802.121882009541,213.6509491846873
0,HBEFA4/PC_petrol_Euro-6ab,Gasoline,2026-01-14 11:52:22,2026-01-14 11:52:27,-22.800664279625444,-43.20906936269354,-22.79806778425098,-43.2019681766558,9515.877814040256,6306.491274822952,3209.3865392173043,2901610.613460726,803.1885030550806,213.89907281119284
0,HBEFA4/PC_petrol_Euro-6ab,Gasoline,2026-01-14 11:52:27,2026-01-14 11:52:27,-22.79806778425098,-43.2019681766558,-22.797958851081983,-43.20200745086435,9515.88856847536,6306.502029258057,3209.3865392173043,2901615.267214243,803.1898328506707,213.89938447104305
0,HBEFA4/PC_petrol_Euro-6ab,Gasoline,2026-01-14 11:52:27,2026-01-14 11:52:27,-22.797958851081983,-43.20200745086435,-22.79783616349286,-43.202051683933114,9515.9012887246,6306.514749507298,3209.3865392173043,2901622.4816090027,803.1917383108089,213.8997565317907
0,HBEFA4/PC_petrol_Euro-6ab,Gasoline,2026-01-14 11:52:27,2026-01-14 11:52:49,-22.79783616349286,-43.202051683933114,-22.79720965267841,-43.20394775364967,9583.395661405268,6350.8771738856385,3232.518487519629,2922300.5335681625,808.960446149603,215.4131789702729
0,HBEFA4/PC_petrol_Euro-6ab,Gasoline,2026-01-14 11:52:49,2026-01-14 11:52:49,-22.79720965267841,-43.20394775364967,-22.797080793965304,-43.2039581054908,9583.409867135964,6350.891379616336,3232.518487519629,2922303.8183804746,808.9613245141461,215.41358784304268
0,HBEFA4/PC_petrol_Euro-6ab,Gasoline,2026-01-14 11:52:49,2026-01-14 11:52:49,-22.797080793965304,-43.2039581054908,-22.79701078528035,-43.203852328477055,9583.424356145515,6350.905868625886,3232.518487519629,2922306.6811894746,808.9620975708557,215.41400444083433
0,HBEFA4/PC_petrol_Euro-6ab,Gasoline,2026-01-14 11:52:49,2026-01-14 11:52:52,-22.79701078528035,-43.203852328477055,-22.798067137877627,-43.201968409696164,9594.457241231104,6358.556869406135,3235.9003718249705,2925138.60264955,809.7352081438638,215.65910820054077
0,HBEFA4/PC_petrol_Euro-6ab,Gasoline,2026-01-14 11:52:52,2026-01-14 11:52:52,-22.798067137877627,-43.201968409696164,-22.79796939860838,-43.20200364811626,9594.467513953008,6358.5671421280385,3235.9003718249705,2925143.9906874574,809.7367683174773,215.65940777561667
0,HBEFA4/PC_petrol_Euro-6ab,Gasoline,2026-01-14 11:52:52,2026-01-14 11:52:52,-22.79796939860838,-43.20200364811626,-22.797860706397127,-43.202042835384844,9594.478927077998,6358.578555253028,3235.9003718249705,2925148.601641461,809.7380591106443,215.65973801228938
0,HBEFA4/PC_petrol_Euro-6ab,Gasoline,2026-01-14 11:52:52,2026-01-14 11:52:52,-22.797860706397127,-43.202042835384844,-22.797740803245773,-43.20208606449663,9594.491619188742,6358.591247363774,3235.9003718249705,2925153.93795544,809.7394879800092,215.6601061032533
0,HBEFA4/PC_petrol_Euro-6ab,Gasoline,2026-01-14 11:52:52,2026-01-14 11:52:52,-22.797740803245773,-43.20208606449663,-22.79762036654459,-43.202129485881215,9594.505620411432,6358.605248586462,3235.9003718249705,2925159.781884583,809.7409898596004,215.66051291460698
0,HBEFA4/PC_petrol_Euro-6ab,Gasoline,2026-01-14 11:52:52,2026-01-14 11:52:52,-22.79762036654459,-43.202129485881215,-22.797496861180083,-43.20217401352619,9594.519683935172,6358.619312110203,3235.9003718249705,2925161.927920838,809.7415954217588,215.66091584747934
0,HBEFA4/PC_petrol_Euro-6ab,Gasoline,2026-01-14 11:52:52,2026-01-14 11:52:52,-22.797496861180083,-43.20217401352619,-22.79737848606413,-43.20222499146182,9594.534105787807,6358.633733962836,3235.9003718249705,2925165.010740366,809.7424218915994,215.66133079016717
0,HBEFA4/PC_petrol_Euro-6ab,Gasoline,2026-01-14 11:52:52,2026-01-14 11:52:52,-22.79737848606413,-43.20222499146182,-22.797258073481686,-43.202277202635884,9594.548222876014,6358.647851051044,3235.9003718249705,2925165.010740366,809.7424218915994,215.66133079016717
0,HBEFA4/PC_petrol_Euro-6ab,Gasoline,2026-01-14 11:52:52,2026-01-14 11:52:53,-22.797258073481686,-43.202277202635884,-22.798094405009795,-43.20195857893214,9595.08249156389,6359.182119738921,3235.9003718249705,2925361.0591143603,809.8039645274592,215.6734409808453
0,HBEFA4/PC_petrol_Euro-6ab,Gasoline,2026-01-14 11:52:53,2026-01-14 11:52:53,-22.798094405009795,-43.20195857893214,-22.797979301238342,-43.202000077875006,9595.094159938895,6359.1937881139265,3235.9003718249705,2925367.323521523,809.8056852391496,215.67378147735892
0,HBEFA4/PC_petrol_Euro-6ab,Gasoline,2026-01-14 11:52:53,2026-01-14 11:52:53,-22.797979301238342,-43.202000077875006,-22.797856614072202,-43.20204431080684,9595.107600736761,6359.207228911792,3235.9003718249705,2925374.306811998,809.807491917086,215.67417383656198
0,HBEFA4/PC_petrol_Euro-6ab,Gasoline,2026-01-14 11:52:53,2026-01-14 11:52:57,-22.797856614072202,-43.20204431080684,-22.80069858904268,-43.20925650889275,9606.235631393649,6369.790925604631,3236.4447057890184,2928925.8201503563,810.857347207679,215.9194618009919
0,HBEFA4/PC_petrol_Euro-6ab,Gasoline,2026-01-14 11:52:57,2026-01-14 11:52:57,-22.80069858904268,-43.20925650889275,-22.800680397068366,-43.20915729437646,9606.244320765498,6369.7996149764795,3236.4447057890184,2928930.405810046,810.8587596966871,215.9197157442436
0,HBEFA4/PC_petrol_Euro-6ab,Gasoline,2026-01-14 11:52:57,2026-01-14 11:52:57,-22.800680397068366,-43.20915729437646,-22.800659196442542,-43.20904163051002,9606.254704857633,6369.809999068615,3236.4447057890184,2928936.0269246837,810.8603794531817,215.92001889653514
0,HBEFA4/PC_petrol_Euro-6ab,Gasoline,2026-01-14 11:52:57,2026-01-14 11:52:59,-22.800659196442542,-43.20904163051002,-22.798290362159534,-43.204586854345024,9613.801346639591,6375.630601333701,3238.170745305892,2931130.205460815,811.4838395034024,216.08837565357507
0,HBEFA4/PC_petrol_Euro-6ab,Gasoline,2026-01-14 11:52:59,2026-01-14 11:53:04,-22.798290362159534,-43.204586854345024,-22.79834407963896,-43.204575232149544,9630.692380001961,6389.870964577838,3240.8214154241255,2936724.1110049314,813.1501538702619,216.46956669110438
0,HBEFA4/PC_petrol_Euro-6ab,Gasoline,2026-01-14 11:53:04,2026-01-14 11:53:04,-22.79834407963896,-43.204575232149544,-22.798223080600508,-43.204601411219365,9630.706261757685,6389.884846333561,3240.8214154241255,2936730.727995325,813.1518486215837,216.46997122798552
0,HBEFA4/PC_petrol_Euro-6ab,Gasoline,2026-01-14 11:53:04,2026-01-14 11:53:04,-22.798223080600508,-43.204601411219365,-22.79809409649345,-43.204619599506366,9630.719928961662,6389.898513537538,3240.8214154241255,2936732.0351718627,813.1522515179045,216.47036115560488
0,HBEFA4/PC_petrol_Euro-6ab,Gasoline,2026-01-14 11:53:04,2026-01-14 11:53:06,-22.79809409649345,-43.204619599506366,-22.80491129370236,-43.205179046891,9637.408404339854,6393.826026240741,3243.5823780991136,2938551.3560742238,813.6452062932834,216.62392305045054
0,HBEFA4/PC_petrol_Euro-6ab,Gasoline,2026-01-14 11:53:06,2026-01-14 11:53:10,-22.80491129370236,-43.205179046891,-22.800699577321293,-43.20926185983993,9653.471461017532,6404.702763165958,3248.768697851576,2943024.846922544,814.8634325175617,216.9826900394033
0,HBEFA4/PC_petrol_Euro-6ab,Gasoline,2026-01-14 11:53:10,2026-01-14 11:53:10,-22.800699577321293,-43.20926185983993,-22.800681207688296,-43.20916171687045,9653.480100565452,6404.711402713877,3248.768697851576,2943027.320368015,814.8641916200102,216.9829378247954
0,HBEFA4/PC_petrol_Euro-6ab,Gasoline,2026-01-14 11:53:10,2026-01-14 11:53:16,-22.800681207688296,-43.20916171687045,-22.80070068764587,-43.209267871595465,9669.426819739792,6417.2827558560175,3252.1440638837757,2947911.926731573,816.2376306089831,217.34131629288493
0,HBEFA4/PC_petrol_Euro-6ab,Gasoline,2026-01-14 11:53:16,2026-01-14 11:53:16,-22.80070068764587,-43.209267871595465,-22.800683923437525,-43.20917653317149,9669.434641184305,6417.2905773005305,3252.1440638837757,2947911.926731573,816.2376306089831,217.34131629288493
0,HBEFA4/PC_petrol_Euro-6ab,Gasoline,2026-01-14 11:53:16,2026-01-14 11:53:16,-22.800683923437525,-43.20917653317149,-22.80062249043269,-43.20884137535682,9669.46655248636,6417.3224886025855,3252.1440638837757,2947926.120193009,816.2417221434274,217.34224233019984
0,HBEFA4/PC_petrol_Euro-6ab,Gasoline,2026-01-14 11:53:16,2026-01-14 11:53:23,-22.80062249043269,-43.20884137535682,-22.79724055732028,-43.202996371817484,9696.734261488024,6436.922824348568,3259.811437139457,2955714.613505693,818.3992829513212,217.9547786231588
0,HBEFA4/PC_petrol_Euro-6ab,Gasoline,2026-01-14 11:53:23,2026-01-14 11:53:23,-22.79724055732028,-43.202996371817484,-22.797110220608822,-43.20299784129911,9696.748185697557,6436.9367485581015,3259.811437139457,2955714.613505693,818.3992829513212,217.9547786231588
0,HBEFA4/PC_petrol_Euro-6ab,Gasoline,2026-01-14 11:53:23,2026-01-14 11:53:23,-22.797110220608822,-43.20299784129911,-22.796981925806822,-43.20300064108716,9696.762618294004,6436.951181154548,3259.811437139457,2955718.1566259377,818.4002190914358,217.95519457557313
0,HBEFA4/PC_petrol_Euro-6ab,Gasoline,2026-01-14 11:53:23,2026-01-14 11:53:23,-22.796981925806822,-43.20300064108716,-22.796861792054823,-43.2030104913038,9696.776830781573,6436.965393642117,3259.811437139457,2955719.465337753,818.4006221927069,217.95560063327568
0,HBEFA4/PC_petrol_Euro-6ab,Gasoline,2026-01-14 11:53:23,2026-01-14 11:53:30,-22.796861792054823,-43.2030104913038,-22.800704059542216,-43.20928612844193,9722.40397341208,6454.766387752657,3267.6375856594236,2963504.638315131,820.5551387182015,218.51998411153173
0,HBEFA4/PC_petrol_Euro-6ab,Gasoline,2026-01-14 11:53:30,2026-01-14 11:53:30,-22.800704059542216,-43.20928612844193,-22.800687302401982,-43.20919496778404,9722.411549843333,6454.773964183911,3267.6375856594236,2963504.638315131,820.5551387182015,218.51998411153173
0,HBEFA4/PC_petrol_Euro-6ab,Gasoline,2026-01-14 11:53:30,2026-01-14 11:53:30,-22.800687302401982,-43.20919496778404,-22.800668435193376,-43.20909203413398,9722.421091897362,6454.78350623794,3267.6375856594236,2963510.5587245673,820.5568998961753,218.52026448162448
0,HBEFA4/PC_petrol_Euro-6ab,Gasoline,2026-01-14 11:53:30,2026-01-14 11:53:30,-22.800668435193376,-43.20909203413398,-22.800647246231964,-43.20897643417978,9722.43186510195,6454.794279442527,3267.6375856594236,2963515.2187589435,820.5582306171731,218.5205766832281
0,HBEFA4/PC_petrol_Euro-6ab,Gasoline,2026-01-14 11:53:30,2026-01-14 11:53:35,-22.800647246231964,-43.20897643417978,-22.802641068768885,-43.20170878357826,9737.474100185891,6464.861765986224,3272.612334199669,2967310.006919762,821.5734600491595,218.8579861878917
0,HBEFA4/PC_petrol_Euro-6ab,Gasoline,2026-01-14 11:53:35,2026-01-14 11:53:35,-22.802641068768885,-43.20170878357826,-22.802619433452445,-43.201758649617894,9737.478091648998,6464.86575744933,3272.612334199669,2967310.006919762,821.5734600491595,218.8579861878917
0,HBEFA4/PC_petrol_Euro-6ab,Gasoline,2026-01-14 11:53:35,2026-01-14 11:53:40,-22.802619433452445,-43.201758649617894,-22.7971802517338,-43.20395325284812,9755.276403949576,6478.791932144432,3276.484471805144,2972848.2950137523,823.1663268119493,219.25024336733415
0,HBEFA4/PC_petrol_Euro-6ab,Gasoline,2026-01-14 11:53:40,2026-01-14 11:53:40,-22.7971802517338,-43.20395325284812,-22.797055540173307,-43.20394636867479,9755.290831978482,6478.806360173338,3276.484471805144,2972851.9011582457,823.167278079425,219.250659279807
0,HBEFA4/PC_petrol_Euro-6ab,Gasoline,2026-01-14 11:53:40,2026-01-14 11:53:40,-22.797055540173307,-43.20394636867479,-22.797012592272477,-43.20383034164194,9755.305093822,6478.820622016858,3276.484471805144,2972853.374539804,823.1677206824158,219.25106705186545
0,HBEFA4/PC_petrol_Euro-6ab,Gasoline,2026-01-14 11:53:40,2026-01-14 11:53:40,-22.797012592272477,-43.20383034164194,-22.79822555515118,-43.204600875831915,9755.61172434108,6479.127252535938,3276.484471805144,2972941.400538122,823.1930784276456,219.25742309684756
0,HBEFA4/PC_petrol_Euro-6ab,Gasoline,2026-01-14 11:53:40,2026-01-14 11:53:42,-22.79822555515118,-43.204600875831915,-22.8049070500422,-43.20518310596657,9764.087568415684,6485.312511876225,3278.775056539459,2975150.0412915675,823.7830330327465,219.44346231708903
0,HBEFA4/PC_petrol_Euro-6ab,Gasoline,2026-01-14 11:53:42,2026-01-14 11:53:49,-22.8049070500422,-43.20518310596657,-22.802641503535916,-43.20170778150733,9787.17185653497,6497.585708339014,3289.586148195956,2982246.454842826,825.6835721822155,219.9683925871325
0,HBEFA4/PC_petrol_Euro-6ab,Gasoline,2026-01-14 11:53:49,2026-01-14 11:53:49,-22.802641503535916,-43.20170778150733,-22.802622944588787,-43.20175055699829,9787.175698020235,6497.58954982428,3289.586148195956,2982246.454842826,825.6835721822155,219.9683925871325
0,HBEFA4/PC_petrol_Euro-6ab,Gasoline,2026-01-14 11:53:49,2026-01-14 11:53:49,-22.802622944588787,-43.20175055699829,-22.80260495725817,-43.20180545016942,9787.18054849828,6497.594400302325,3289.586148195956,2982249.4324589195,825.6846305078312,219.9685383408933
0,HBEFA4/PC_petrol_Euro-6ab,Gasoline,2026-01-14 11:53:49,2026-01-14 11:53:49,-22.80260495725817,-43.20180545016942,-22.80261927898228,-43.20187454808082,9787.186618688027,6497.6004704920715,3289.586148195956,2982252.9562919657,825.6858341061248,219.96871835028526
0,HBEFA4/PC_petrol_Euro-6ab,Gasoline,2026-01-14 11:53:49,2026-01-14 11:54:01,-22.80261927898228,-43.20187454808082,-22.79825631787368,-43.204594220086,9828.666319493226,6524.896539617137,3303.7697798760905,2995590.284456494,829.4492760459257,220.90492545147214
0,HBEFA4/PC_petrol_Euro-6ab,Gasoline,2026-01-14 11:54:01,2026-01-14 11:54:01,-22.79825631787368,-43.204594220086,-22.798160543912985,-43.20461144209302,9828.68065471195,6524.910874835861,3303.7697798760905,2995594.318402294,829.450331553288,220.90533927512513
0,HBEFA4/PC_petrol_Euro-6ab,Gasoline,2026-01-14 11:54:01,2026-01-14 11:54:01,-22.798160543912985,-43.20461144209302,-22.79809519524107,-43.204619464618766,9828.691416914668,6524.921637038578,3303.7697798760905,2995594.318402294,829.450331553288,220.90533927512513
0,HBEFA4/PC_petrol_Euro-6ab,Gasoline,2026-01-14 11:54:01,2026-01-14 11:54:02,-22.79809519524107,-43.204619464618766,-22.798300127870615,-43.20458474145812,9829.21381973738,6525.444039861291,3303.7697798760905,2995724.6706760204,829.4886208178842,220.91702474294786
0,HBEFA4/PC_petrol_Euro-6ab,Gasoline,2026-01-14 11:54:02,2026-01-14 11:54:02,-22.798300127870615,-43.20458474145812,-22.798221860057495,-43.20460167529293,9829.221626241535,6525.451846365445,3303.7697798760905,2995726.0026553185,829.4890234525813,220.9172466212135
0,HBEFA4/PC_petrol_Euro-6ab,Gasoline,2026-01-14 11:54:02,2026-01-14 11:54:02,-22.798221860057495,-43.20460167529293,-22.798125204154424,-43.20461578057759,9829.23046682544,6525.460686949351,3303.7697798760905,2995729.765681904,829.4901748556816,220.91750289820047
0,HBEFA4/PC_petrol_Euro-6ab,Gasoline,2026-01-14 11:54:02,2026-01-14 11:54:02,-22.798125204154424,-43.20461578057759,-22.797899772935562,-43.20464332550982,9829.253233323036,6525.483453446946,3303.7697798760905,2995740.9612050964,829.4933044526725,220.91816555059108
0,HBEFA4/PC_petrol_Euro-6ab,Gasoline,2026-01-14 11:54:02,2026-01-14 11:54:02,-22.797899772935562,-43.20464332550982,-22.803252197254675,-43.20215521826624,9831.425071019967,6527.655291143877,3303.7697798760905,2996338.6458142805,829.6664669707749,220.9651712409731
0,HBEFA4/PC_petrol_Euro-6ab,Gasoline,2026-01-14 11:54:02,2026-01-14 11:54:05,-22.803252197254675,-43.20215521826624,-22.804908667914138,-43.20518155846652,9844.162903213753,6533.259610539977,3310.9032926737777,3000065.475434569,830.6391022723014,221.2602155896008
0,HBEFA4/PC_petrol_Euro-6ab,Gasoline,2026-01-14 11:54:05,2026-01-14 11:54:05,-22.804908667914138,-43.20518155846652,-22.80487198609385,-43.20521664473977,9844.166732749918,6533.263440076142,3310.9032926737777,3000068.064254354,830.640045774432,221.2603329816695
0,HBEFA4/PC_petrol_Euro-6ab,Gasoline,2026-01-14 11:54:05,2026-01-14 11:54:09,-22.80487198609385,-43.20521664473977,-22.804910628326546,-43.20517968332528,9858.684753502113,6542.844340518459,3315.840412983656,3004492.750554772,831.8606768159644,221.5787025858358
0,HBEFA4/PC_petrol_Euro-6ab,Gasoline,2026-01-14 11:54:09,2026-01-14 11:54:09,-22.804910628326546,-43.20517968332528,-22.80487711238019,-43.205211741432876,9858.687732570472,6542.847319586816,3315.840412983656,3004492.750554772,831.8606768159644,221.5787025858358
0,HBEFA4/PC_petrol_Euro-6ab,Gasoline,2026-01-14 11:54:09,2026-01-14 11:54:09,-22.80487711238019,-43.205211741432876,-22.804835246195637,-43.20525178653701,9858.692693586368,6542.852280602713,3315.840412983656,3004497.165096943,831.8623043626432,221.5788557372012
0,HBEFA4/PC_petrol_Euro-6ab,Gasoline,2026-01-14 11:54:09,2026-01-14 11:54:29,-22.804835246195637,-43.20525178653701,-22.804902911035924,-43.20518706493997,9920.716281682318,6578.51949869516,3342.1967829871587,3023541.3985474017,837.0235778510516,222.99346211812093
0,HBEFA4/PC_petrol_Euro-6ab,Gasoline,2026-01-14 11:54:29,2026-01-14 11:54:29,-22.804902911035924,-43.20518706493997,-22.804866756150616,-43.20522164719421,9920.719944880564,6578.523161893406,3342.1967829871587,3023541.3985474017,837.0235778510516,222.99346211812093
0,HBEFA4/PC_petrol_Euro-6ab,Gasoline,2026-01-14 11:54:29,2026-01-14 11:54:29,-22.804866756150616,-43.20522164719421,-22.804823056055607,-43.20526344642789,9920.725296510735,6578.528513523576,3342.1967829871587,3023545.4863653462,837.0250426540264,222.99362457915296
0,HBEFA4/PC_petrol_Euro-6ab,Gasoline,2026-01-14 11:54:29,2026-01-14 11:54:29,-22.804823056055607,-43.20526344642789,-22.804772079648963,-43.205312205419524,9920.731764977772,6578.534981990614,3342.1967829871587,3023548.9211175474,837.0261929316354,222.99381508222328
0,HBEFA4/PC_petrol_Euro-6ab,Gasoline,2026-01-14 11:54:29,2026-01-14 11:54:29,-22.804772079648963,-43.205312205419524,-22.804709999506827,-43.20537158507482,9920.739310478544,6578.542527491386,3342.1967829871587,3023552.5000824584,837.027341460065,222.99403525205142
0,HBEFA4/PC_petrol_Euro-6ab,Gasoline,2026-01-14 11:54:29,2026-01-14 11:54:29,-22.804709999506827,-43.20537158507482,-22.804634443879966,-43.20544385392428,9920.748499544865,6578.551716557707,3342.1967829871587,3023557.6142956866,837.0288857750438,222.99430414732728
0,HBEFA4/PC_petrol_Euro-6ab,Gasoline,2026-01-14 11:54:29,2026-01-14 11:54:29,-22.804634443879966,-43.20544385392428,-22.80456552480482,-43.20550977481916,9920.759683239352,6578.562900252195,3342.1967829871587,3023564.2482819916,837.0307359131409,222.9946316563785
0,HBEFA4/PC_petrol_Euro-6ab,Gasoline,2026-01-14 11:54:29,2026-01-14 11:54:29,-22.80456552480482,-43.20550977481916,-22.80452284467787,-43.20555059818751,9920.769884590816,6578.573101603658,3342.1967829871587,3023564.2482819916,837.0307359131409,222.9946316563785
0,HBEFA4/PC_petrol_Euro-6ab,Gasoline,2026-01-14 11:54:29,2026-01-14 11:54:33,-22.80452284467787,-43.20555059818751,-22.798303945404268,-43.20458391550517,9931.910894150591,6585.00244555452,3346.9084485960716,3027014.913843841,837.9568512096853,223.2453191463866
0,HBEFA4/PC_petrol_Euro-6ab,Gasoline,2026-01-14 11:54:33,2026-01-14 11:54:33,-22.798303945404268,-43.20458391550517,-22.79822184993609,-43.20460167748276,9931.918295039584,6585.009846443514,3346.9084485960716,3027016.758650341,837.957424832812,223.24553102076794
0,HBEFA4/PC_petrol_Euro-6ab,Gasoline,2026-01-14 11:54:33,2026-01-14 11:54:33,-22.79822184993609,-43.20460167748276,-22.79814193837937,-43.20461372620126,9931.927567968603,6585.019119372532,3346.9084485960716,3027022.381277706,837.9591163770897,223.24580333026344
0,HBEFA4/PC_petrol_Euro-6ab,Gasoline,2026-01-14 11:54:33,2026-01-14 11:54:33,-22.79814193837937,-43.20461372620126,-22.798099195319857,-43.20461897354963,9931.93651072217,6585.028062126099,3346.9084485960716,3027022.381277706,837.9591163770897,223.24580333026344
0,HBEFA4/PC_petrol_Euro-6ab,Gasoline,2026-01-14 11:54:33,2026-01-14 11:54:37,-22.798099195319857,-43.20461897354963,-22.7980640631998,-43.201969518225816,9941.542604040074,6590.205984883121,3351.336619156955,3029848.500085393,838.730740062518,223.46608018021374
0,HBEFA4/PC_petrol_Euro-6ab,Gasoline,2026-01-14 11:54:37,2026-01-14 11:54:44,-22.7980640631998,-43.201969518225816,-22.797227832391464,-43.202996515285264,9960.518005191676,6603.157907720679,3357.360097470999,3035741.729875833,840.3568691811047,223.89137366619045
0,HBEFA4/PC_petrol_Euro-6ab,Gasoline,2026-01-14 11:54:44,2026-01-14 11:54:44,-22.797227832391464,-43.202996515285264,-22.797095201869073,-43.20299801062715,9960.532714768911,6603.172617297913,3357.360097470999,3035744.039863534,840.3575086519886,223.8917959800707
0,HBEFA4/PC_petrol_Euro-6ab,Gasoline,2026-01-14 11:54:44,2026-01-14 11:54:44,-22.797095201869073,-43.20299801062715,-22.796966060246245,-43.2030019419654,9960.547401366273,6603.187303895275,3357.360097470999,3035745.978237869,840.3580604144429,223.89221706145557
0,HBEFA4/PC_petrol_Euro-6ab,Gasoline,2026-01-14 11:54:44,2026-01-14 11:54:47,-22.796966060246245,-43.2030019419654,-22.804908294264813,-43.2051819158634,9972.688967230173,6608.213634437394,3364.475332792779,3039531.819682694,841.356366903441,224.16330269822657
0,HBEFA4/PC_petrol_Euro-6ab,Gasoline,2026-01-14 11:54:47,2026-01-14 11:54:47,-22.804908294264813,-43.2051819158634,-22.804874180454075,-43.205214545828284,9972.692748057258,6608.217415264479,3364.475332792779,3039534.3869185257,841.3573030799694,224.16341872862768
0,HBEFA4/PC_petrol_Euro-6ab,Gasoline,2026-01-14 11:54:47,2026-01-14 11:54:52,-22.804874180454075,-43.205214545828284,-22.798061351591283,-43.20318483957059,9991.171701474357,6620.00807170035,3371.163629774008,3045305.141494297,842.9753998248538,224.58010331671983
0,HBEFA4/PC_petrol_Euro-6ab,Gasoline,2026-01-14 11:54:52,2026-01-14 11:54:52,-22.798061351591283,-43.20318483957059,-22.79797376386583,-43.20328128351117,9991.186097725797,6620.0224679517905,3371.163629774008,3045309.162816319,842.9764509033283,224.58051891789748
0,HBEFA4/PC_petrol_Euro-6ab,Gasoline,2026-01-14 11:54:52,2026-01-14 11:54:52,-22.79797376386583,-43.20328128351117,-22.797846990144603,-43.20329988835618,9991.200209380742,6620.036579606735,3371.163629774008,3045309.162816319,842.9764509033283,224.58051891789748
0,HBEFA4/PC_petrol_Euro-6ab,Gasoline,2026-01-14 11:54:52,2026-01-14 11:54:53,-22.797846990144603,-43.20329988835618,-22.798052238365255,-43.201973781494566,9994.021287960257,6622.446632837103,3371.5746551231555,3046357.0685043507,843.2954601547581,224.643812375541
0,HBEFA4/PC_petrol_Euro-6ab,Gasoline,2026-01-14 11:54:53,2026-01-14 11:55:15,-22.798052238365255,-43.201973781494566,-22.798320206307807,-43.20458039733222,10039.765188694519,6651.7264245636625,3388.0387641308566,3060611.189765297,847.2188298825988,225.67304476738906
0,HBEFA4/PC_petrol_Euro-6ab,Gasoline,2026-01-14 11:55:15,2026-01-14 11:55:15,-22.798320206307807,-43.20458039733222,-22.79819889525495,-43.204606643897634,10039.779798321637,6651.741034190781,3388.0387641308566,3060616.6298282994,847.2202125996837,225.6734687688224
0,HBEFA4/PC_petrol_Euro-6ab,Gasoline,2026-01-14 11:55:15,2026-01-14 11:55:15,-22.79819889525495,-43.204606643897634,-22.79794493237669,-43.204637811416866,10039.807386077313,6651.768621946457,3388.0387641308566,3060619.115408044,847.2209021244056,225.67386697283945
0,HBEFA4/PC_petrol_Euro-6ab,Gasoline,2026-01-14 11:55:15,2026-01-14 11:55:15,-22.79794493237669,-43.204637811416866,-22.79781869948767,-43.2046503921922,10039.821804773372,6651.7830406425155,3388.0387641308566,3060622.732338498,847.2218561487425,225.67428262627683
0,HBEFA4/PC_petrol_Euro-6ab,Gasoline,2026-01-14 11:55:15,2026-01-14 11:55:15,-22.79781869948767,-43.2046503921922,-22.797687794900842,-43.2046446485718,10039.835863246217,6651.797099115362,3388.0387641308566,3060622.732338498,847.2218561487425,225.67428262627683
0,HBEFA4/PC_petrol_Euro-6ab,Gasoline,2026-01-14 11:55:15,2026-01-14 11:55:15,-22.797687794900842,-43.2046446485718,-22.7975605332964,-43.20463906479399,10039.85037228912,6651.811608158263,3388.0387641308566,3060626.111828276,847.2227519024514,225.6747005901501
0,HBEFA4/PC_petrol_Euro-6ab,Gasoline,2026-01-14 11:55:15,2026-01-14 11:55:18,-22.7975605332964,-43.20463906479399,-22.800701478711268,-43.20927215475077,10048.787914722288,6656.2490386912295,3392.5388760310598,3063296.6206626734,847.938581431033,225.8798966754017
0,HBEFA4/PC_petrol_Euro-6ab,Gasoline,2026-01-14 11:55:18,2026-01-14 11:55:18,-22.800701478711268,-43.20927215475077,-22.800685414948845,-43.20918467040656,10048.79565277293,6656.25677674187,3392.5388760310598,3063299.1460911813,847.9393755712834,225.8801195525207
0,HBEFA4/PC_petrol_Euro-6ab,Gasoline,2026-01-14 11:55:18,2026-01-14 11:55:25,-22.800685414948845,-43.20918467040656,-22.800701382559478,-43.20927163414518,10068.052231228847,6671.78043347188,3396.271797756968,3069346.612088396,849.6808450688255,226.30200198784385
0,HBEFA4/PC_petrol_Euro-6ab,Gasoline,2026-01-14 11:55:25,2026-01-14 11:55:25,-22.800701382559478,-43.20927163414518,-22.800683954607138,-43.20917670322342,10068.060297275997,6671.788499519031,3396.271797756968,3069349.4650512254,849.6817373659192,226.30223471950634
0,HBEFA4/PC_petrol_Euro-6ab,Gasoline,2026-01-14 11:55:25,2026-01-14 11:55:26,-22.800683954607138,-43.20917670322342,-22.80491077437744,-43.20517954362709,10071.069042955354,6673.131448210693,3397.937594744662,3070164.8611877444,849.8831028314489,226.37405100987928
0,HBEFA4/PC_petrol_Euro-6ab,Gasoline,2026-01-14 11:55:26,2026-01-14 11:55:33,-22.80491077437744,-43.20517954362709,-22.797246028826706,-43.20299631012871,10082.003487042404,6680.41719069062,3401.5862963517848,3073695.208514939,850.8711175723898,226.61782113759875
0,HBEFA4/PC_petrol_Euro-6ab,Gasoline,2026-01-14 11:55:33,2026-01-14 11:55:33,-22.797246028826706,-43.20299631012871,-22.797116547631415,-43.20299776996534,10082.017929819864,6680.43163346808,3401.5862963517848,3073697.6094296537,850.8717810706526,226.61823567365693
0,HBEFA4/PC_petrol_Euro-6ab,Gasoline,2026-01-14 11:55:33,2026-01-14 11:55:34,-22.797116547631415,-43.20299776996534,-22.79823581978315,-43.204598655002144,10083.738872035177,6681.905141687031,3401.8337303481476,3074306.3417688585,851.0615796290239,226.65566181340836
0,HBEFA4/PC_petrol_Euro-6ab,Gasoline,2026-01-14 11:55:34,2026-01-14 11:55:39,-22.79823581978315,-43.204598655002144,-22.798059597760908,-43.20197112817369,10096.470332639914,6689.651126414002,3406.819206225913,3078200.2433436136,852.1254218768838,226.94731305143233
0,HBEFA4/PC_petrol_Euro-6ab,Gasoline,2026-01-14 11:55:39,2026-01-14 11:55:39,-22.798059597760908,-43.20197112817369,-22.79794816915617,-43.202011302067376,10096.482074420499,6689.662868194587,3406.819206225913,3078207.0525506656,852.1272828135344,226.94765660735231
0,HBEFA4/PC_petrol_Euro-6ab,Gasoline,2026-01-14 11:55:39,2026-01-14 11:55:44,-22.79794816915617,-43.202011302067376,-22.80490489330959,-43.20518516888858,10114.403385328857,6700.971171134149,3413.4322141947096,3083626.96600917,853.6205419023031,227.3566241099985
0,HBEFA4/PC_petrol_Euro-6ab,Gasoline,2026-01-14 11:55:44,2026-01-14 11:55:44,-22.80490489330959,-43.20518516888858,-22.804871134920905,-43.20521745888897,10114.406661464995,6700.974447270286,3413.4322141947096,3083626.96600917,853.6205419023031,227.3566241099985
0,HBEFA4/PC_petrol_Euro-6ab,Gasoline,2026-01-14 11:55:44,2026-01-14 11:55:47,-22.804871134920905,-43.20521745888897,-22.798090238702613,-43.2019600810333,10121.663227956478,6704.834702870445,3416.828525086034,3086473.7532538306,854.454980065683,227.5182256803454
0,HBEFA4/PC_petrol_Euro-6ab,Gasoline,2026-01-14 11:55:47,2026-01-14 11:55:47,-22.798090238702613,-43.2019600810333,-22.798004259082546,-43.20199107970463,10121.671626442781,6704.843101356748,3416.828525086034,3086478.050927241,854.4563186248288,227.51847096114648
0,HBEFA4/PC_petrol_Euro-6ab,Gasoline,2026-01-14 11:55:47,2026-01-14 11:55:58,-22.798004259082546,-43.20199107970463,-22.798061419393775,-43.201970471410945,10161.751638226104,6730.728864798156,3431.0227734279483,3098099.815722066,857.6366341176617,228.43449205173576
0,HBEFA4/PC_petrol_Euro-6ab,Gasoline,2026-01-14 11:55:58,2026-01-14 11:55:58,-22.798061419393775,-43.201970471410945,-22.797936757109877,-43.20201541650326,10161.764311706323,6730.741538278376,3431.0227734279483,3098102.8718182296,857.6374826105407,228.43485575774784
0,HBEFA4/PC_petrol_Euro-6ab,Gasoline,2026-01-14 11:55:58,2026-01-14 11:55:58,-22.797936757109877,-43.20201541650326,-22.797817671263225,-43.202058351005775,10161.77886866182,6730.756095233874,3431.0227734279483,3098110.6753230435,857.639428668491,228.4352817387658
0,HBEFA4/PC_petrol_Euro-6ab,Gasoline,2026-01-14 11:55:58,2026-01-14 11:55:58,-22.797817671263225,-43.202058351005775,-22.79769459854318,-43.202102722819404,10161.792774448297,6730.770001020349,3431.0227734279483,3098110.6753230435,857.639428668491,228.4352817387658
0,HBEFA4/PC_petrol_Euro-6ab,Gasoline,2026-01-14 11:55:58,2026-01-14 11:55:58,-22.79769459854318,-43.202102722819404,-22.79757337906006,-43.20214642638753,10161.807145784189,6730.784372356241,3431.0227734279483,3098114.0768791763,857.6403321231246,228.4356956705937
0,HBEFA4/PC_petrol_Euro-6ab,Gasoline,2026-01-14 11:55:58,2026-01-14 11:55:58,-22.79757337906006,-43.20214642638753,-22.79745338906155,-43.20219251329395,10161.82130071338,6730.798527285433,3431.0227734279483,3098115.3947424344,857.6407374556079,228.43610003591064
0,HBEFA4/PC_petrol_Euro-6ab,Gasoline,2026-01-14 11:55:58,2026-01-14 11:56:04,-22.79745338906155,-43.20219251329395,-22.798308051240646,-43.20458302717562,10182.044643966186,6744.193487965316,3437.851156000871,3104291.499936558,859.3553129525196,228.89282609919928
0,HBEFA4/PC_petrol_Euro-6ab,Gasoline,2026-01-14 11:56:04,2026-01-14 11:56:04,-22.798308051240646,-43.20458302717562,-22.798230619970468,-43.204599780020494,10182.051791272754,6744.200635271884,3437.851156000871,3104292.9991702847,859.3557709806494,228.89303008214873
0,HBEFA4/PC_petrol_Euro-6ab,Gasoline,2026-01-14 11:56:04,2026-01-14 11:56:04,-22.798230619970468,-43.204599780020494,-22.798143837783375,-43.20461349302098,10182.060537366673,6744.209381365803,3437.851156000871,3104297.884582479,859.3572728213239,228.89328626173045
0,HBEFA4/PC_petrol_Euro-6ab,Gasoline,2026-01-14 11:56:04,2026-01-14 11:56:05,-22.798143837783375,-43.20461349302098,-22.798298265959225,-43.20458514429703,10186.008692641064,6747.882859769939,3438.125832871126,3105508.1055665016,859.7202846380869,228.981565508889
0,HBEFA4/PC_petrol_Euro-6ab,Gasoline,2026-01-14 11:56:05,2026-01-14 11:56:20,-22.798298265959225,-43.20458514429703,-22.80263907140196,-43.201713387200634,10237.635687542972,6777.97288683471,3459.6628007082622,3121217.6274420107,864.0361993293309,230.14844614259187
0,HBEFA4/PC_petrol_Euro-6ab,Gasoline,2026-01-14 11:56:20,2026-01-14 11:56:20,-22.80263907140196,-43.201713387200634,-22.802615689076863,-43.201767279815876,10237.640183670881,6777.977382962619,3459.6628007082622,3121217.6274420107,864.0361993293309,230.14844614259187
0,HBEFA4/PC_petrol_Euro-6ab,Gasoline,2026-01-14 11:56:20,2026-01-14 11:56:20,-22.802615689076863,-43.201767279815876,-22.80260402157854,-43.201834162326335,10237.646294762968,6777.983494054706,3459.6628007082622,3121221.7997377836,864.0376382836722,230.14862906424668
0,HBEFA4/PC_petrol_Euro-6ab,Gasoline,2026-01-14 11:56:20,2026-01-14 11:56:20,-22.80260402157854,-43.201834162326335,-22.802647986558245,-43.2019042874658,10237.653419367152,6777.990618658891,3459.6628007082622,3121225.182401327,864.0387395475494,230.1488372453367
0,HBEFA4/PC_petrol_Euro-6ab,Gasoline,2026-01-14 11:56:20,2026-01-14 11:56:20,-22.802647986558245,-43.2019042874658,-22.80296112840647,-43.20203146187055,10237.685809224897,6778.023008516635,3459.6628007082622,3121243.4332781304,864.0439100469018,230.14978486353377
0,HBEFA4/PC_petrol_Euro-6ab,Gasoline,2026-01-14 11:56:20,2026-01-14 11:56:20,-22.80296112840647,-43.20203146187055,-22.80307944761055,-43.202081727596585,10237.69994816392,6778.037147455658,3459.6628007082622,3121250.025262559,864.0455868285665,230.15019683763316
0,HBEFA4/PC_petrol_Euro-6ab,Gasoline,2026-01-14 11:56:20,2026-01-14 11:56:20,-22.80307944761055,-43.202081727596585,-22.80319774125467,-43.20213198254942,10237.714031198586,6778.051230490324,3459.6628007082622,3121251.820012987,864.0461073891543,230.15059980640623
0,HBEFA4/PC_petrol_Euro-6ab,Gasoline,2026-01-14 11:56:20,2026-01-14 11:56:20,-22.80319774125467,-43.20213198254942,-22.80331694384794,-43.20218286405654,10237.728111192378,6778.065310484118,3459.6628007082622,3121253.7724124594,864.0466660479922,230.1510029277813
0,HBEFA4/PC_petrol_Euro-6ab,Gasoline,2026-01-14 11:56:20,2026-01-14 11:56:20,-22.80331694384794,-43.20218286405654,-22.803439443267973,-43.202235169477866,10237.7423084382,6778.079507729939,3459.6628007082622,3121256.0958475904,864.0473132743325,230.15141008279076
0,HBEFA4/PC_petrol_Euro-6ab,Gasoline,2026-01-14 11:56:20,2026-01-14 11:56:29,-22.803439443267973,-43.202235169477866,-22.80490348857609,-43.205186512520875,10274.017269083577,6800.115726780598,3473.901542302979,3131394.1962835775,866.8115336985741,230.96515993853666
0,HBEFA4/PC_petrol_Euro-6ab,Gasoline,2026-01-14 11:56:29,2026-01-14 11:56:29,-22.80490348857609,-43.205186512520875,-22.8048695225871,-43.20521900109051,10274.020929392942,6800.119387089963,3473.901542302979,3131395.979728288,866.8121255704164,230.96527004102327
0,HBEFA4/PC_petrol_Euro-6ab,Gasoline,2026-01-14 11:56:29,2026-01-14 11:56:29,-22.8048695225871,-43.20521900109051,-22.804822730897826,-43.20526375744184,10274.025957023703,6800.124414720724,3473.901542302979,3131399.5121705355,866.8133958633674,230.9654222265121
0,HBEFA4/PC_petrol_Euro-6ab,Gasoline,2026-01-14 11:56:29,2026-01-14 11:56:29,-22.804822730897826,-43.20526375744184,-22.804764101151726,-43.20531983685648,10274.032883107093,6800.131340804114,3473.901542302979,3131404.3967352146,866.8150258017935,230.96562891510354
0,HBEFA4/PC_petrol_Euro-6ab,Gasoline,2026-01-14 11:56:29,2026-01-14 11:56:29,-22.804764101151726,-43.20531983685648,-22.804692119341606,-43.20538868743798,10274.041561450882,6800.140019147903,3473.901542302979,3131409.570530475,866.8166212234411,230.96588388321953
0,HBEFA4/PC_petrol_Euro-6ab,Gasoline,2026-01-14 11:56:29,2026-01-14 11:56:29,-22.804692119341606,-43.20538868743798,-22.802647111798578,-43.20169485532513,10275.670193099202,6800.448974731866,3475.221218367338,3131903.5391443153,866.9404751243807,231.002255042339
0,HBEFA4/PC_petrol_Euro-6ab,Gasoline,2026-01-14 11:56:29,2026-01-14 11:56:39,-22.802647111798578,-43.20169485532513,-22.80070094449273,-43.209269262270524,10311.89778494865,6826.423758633425,3485.4740263152253,3143097.672560922,870.0891344333298,231.81006393432497
0,HBEFA4/PC_petrol_Euro-6ab,Gasoline,2026-01-14 11:56:39,2026-01-14 11:56:39,-22.80070094449273,-43.209269262270524,-22.80068415577299,-43.20917780072341,10311.90578559145,6826.431759276227,3485.4740263152253,3143099.0672176485,870.0895577554635,231.8102913803107
0,HBEFA4/PC_petrol_Euro-6ab,Gasoline,2026-01-14 11:56:39,2026-01-14 11:56:39,-22.80068415577299,-43.20917780072341,-22.800665505680364,-43.20907605165241,10311.915358629181,6826.441332313958,3485.4740263152253,3143104.1502226656,870.091069838392,231.8105708407962
0,HBEFA4/PC_petrol_Euro-6ab,Gasoline,2026-01-14 11:56:39,2026-01-14 11:56:39,-22.800665505680364,-43.20907605165241,-22.800643567865787,-43.208956366282024,10311.926007854334,6826.451981539109,3485.4740263152253,3143108.413656794,870.0922953576853,231.8108787744171
0,HBEFA4/PC_petrol_Euro-6ab,Gasoline,2026-01-14 11:56:39,2026-01-14 11:56:39,-22.800643567865787,-43.208956366282024,-22.800618500474297,-43.20881960762728,10311.938534326418,6826.464508011195,3485.4740263152253,3143115.3054954098,870.0941299592972,231.81124475765606
0,HBEFA4/PC_petrol_Euro-6ab,Gasoline,2026-01-14 11:56:39,2026-01-14 11:56:45,-22.800618500474297,-43.20881960762728,-22.79831385464301,-43.20458177156441,10330.106816779276,6842.2281267489225,3487.878690030355,3148067.223440765,871.5025595861082,232.20414378063316
0,HBEFA4/PC_petrol_Euro-6ab,Gasoline,2026-01-14 11:56:45,2026-01-14 11:56:45,-22.79831385464301,-43.20458177156441,-22.79823652566004,-43.20459850228039,10330.114505760917,6842.235815730563,3487.878690030355,3148069.3048507366,871.5032086551407,232.20436421656572
0,HBEFA4/PC_petrol_Euro-6ab,Gasoline,2026-01-14 11:56:45,2026-01-14 11:56:45,-22.79823652566004,-43.20459850228039,-22.798147096871226,-43.20461309291912,10330.123240301222,6842.244550270868,3487.878690030355,3148073.0687999604,871.5043647147128,232.20461755615506
0,HBEFA4/PC_petrol_Euro-6ab,Gasoline,2026-01-14 11:56:45,2026-01-14 11:56:52,-22.798147096871226,-43.20461309291912,-22.798046581040477,-43.201975821158825,10353.528537810933,6857.244633415175,3496.2839043957592,3155764.034841309,873.6556911609199,232.73580080971078
0,HBEFA4/PC_petrol_Euro-6ab,Gasoline,2026-01-14 11:56:52,2026-01-14 11:56:52,-22.798046581040477,-43.201975821158825,-22.79794818639418,-43.20201129585248,10353.538034397498,6857.254130001739,3496.2839043957592,3155768.8474835446,873.6571276546831,232.73607757582482
0,HBEFA4/PC_petrol_Euro-6ab,Gasoline,2026-01-14 11:56:52,2026-01-14 11:56:52,-22.79794818639418,-43.20201129585248,-22.79784066183104,-43.20205006213012,10353.549524051301,6857.265619655543,3496.2839043957592,3155775.604884062,873.6589910151749,232.7364139218942
0,HBEFA4/PC_petrol_Euro-6ab,Gasoline,2026-01-14 11:56:52,2026-01-14 11:56:52,-22.79784066183104,-43.20205006213012,-22.797718137207717,-43.202094236354334,10353.562079814144,6857.278175418387,3496.2839043957592,3155780.326484381,873.6602681260306,232.7367770480682
0,HBEFA4/PC_petrol_Euro-6ab,Gasoline,2026-01-14 11:56:52,2026-01-14 11:56:52,-22.797718137207717,-43.202094236354334,-22.797597498150903,-43.20213773067772,10353.576387148607,6857.2924827528495,3496.2839043957592,3155787.615444959,873.6621043458897,232.7371949860897
0,HBEFA4/PC_petrol_Euro-6ab,Gasoline,2026-01-14 11:56:52,2026-01-14 11:57:11,-22.797597498150903,-43.20213773067772,-22.800702164349197,-43.209275867078716,10414.595323633836,6902.685639896191,3511.909683737645,3174891.0862514437,879.0546344290441,234.09069649909418
0,HBEFA4/PC_petrol_Euro-6ab,Gasoline,2026-01-14 11:57:11,2026-01-14 11:57:11,-22.800702164349197,-43.209275867078716,-22.800686056667924,-43.2091881714327,10414.603084122473,6902.693400384829,3511.909683737645,3174892.944221921,879.0552093308311,234.09091837341114
0,HBEFA4/PC_petrol_Euro-6ab,Gasoline,2026-01-14 11:57:11,2026-01-14 11:57:11,-22.800686056667924,-43.2091881714327,-22.80066780532089,-43.209088597751325,10414.61226321375,6902.702579476106,3511.909683737645,3174897.5843082936,879.056611428204,234.09118596309952
0,HBEFA4/PC_petrol_Euro-6ab,Gasoline,2026-01-14 11:57:11,2026-01-14 11:57:11,-22.80066780532089,-43.209088597751325,-22.800647076585598,-43.20897550864735,10414.622684758671,6902.713001021027,3511.909683737645,3174902.1762730586,879.057938609903,234.09148812626273
0,HBEFA4/PC_petrol_Euro-6ab,Gasoline,2026-01-14 11:57:11,2026-01-14 11:57:11,-22.800647076585598,-43.20897550864735,-22.800623116736098,-43.208844792236945,10414.634520853839,6902.724837116194,3511.909683737645,3174907.6008744254,879.0594279876294,234.09183187376485
0,HBEFA4/PC_petrol_Euro-6ab,Gasoline,2026-01-14 11:57:11,2026-01-14 11:57:11,-22.800623116736098,-43.208844792236945,-22.800597996349335,-43.20870774501713,10414.648201857652,6902.738518120009,3511.909683737645,3174914.895622056,879.0612984321133,234.0922316609227
0,HBEFA4/PC_petrol_Euro-6ab,Gasoline,2026-01-14 11:57:11,2026-01-14 11:57:11,-22.800597996349335,-43.20870774501713,-22.80057281308127,-43.20857035542823,10414.662545460842,6902.752861723198,3511.909683737645,3174918.891155061,879.0623445508402,234.09264567321011
0,HBEFA4/PC_petrol_Euro-6ab,Gasoline,2026-01-14 11:57:11,2026-01-14 11:57:11,-22.80057281308127,-43.20857035542823,-22.800546995594946,-43.208438111038575,10414.676924903151,6902.767241165507,3511.909683737645,3174920.985264008,879.0629353143969,234.09305787111984
0,HBEFA4/PC_petrol_Euro-6ab,Gasoline,2026-01-14 11:57:11,2026-01-14 11:57:11,-22.800546995594946,-43.208438111038575,-22.800519820054138,-43.208300960596404,10414.69080103777,6902.7811173001255,3511.909683737645,3174920.985264008,879.0629353143969,234.09305787111984
0,HBEFA4/PC_petrol_Euro-6ab,Gasoline,2026-01-14 11:57:11,2026-01-14 11:57:11,-22.800519820054138,-43.208300960596404,-22.800492546731068,-43.20816331730828,10414.705200889352,6902.795517151707,3511.909683737645,3174924.569172471,879.0638818199586,234.09347291907343
0,HBEFA4/PC_petrol_Euro-6ab,Gasoline,2026-01-14 11:57:11,2026-01-14 11:57:24,-22.800492546731068,-43.20816331730828,-22.797234582064394,-43.203943090816225,10470.342981961643,6935.180613527701,3535.162368433943,3191787.0198098323,883.6366857977462,235.36195980582892
0,HBEFA4/PC_petrol_Euro-6ab,Gasoline,2026-01-14 11:57:24,2026-01-14 11:57:24,-22.797234582064394,-43.203943090816225,-22.797103180265786,-43.203963560660156,10470.357454922381,6935.195086488439,3535.162368433943,3191788.426458168,883.6371120919634,235.36237374440688
0,HBEFA4/PC_petrol_Euro-6ab,Gasoline,2026-01-14 11:57:24,2026-01-14 11:57:24,-22.797103180265786,-43.203963560660156,-22.797013104859737,-43.20388228854197,10470.372175574923,6935.209807140981,3535.162368433943,3191791.2105934806,883.6378635024122,235.3627970875062
0,HBEFA4/PC_petrol_Euro-6ab,Gasoline,2026-01-14 11:57:24,2026-01-14 11:57:24,-22.797013104859737,-43.20388228854197,-22.79824134550193,-43.20459745947146,10470.683330847054,6935.520962413113,3535.162368433943,3191880.695189928,883.663752260706,235.36915708794456
0,HBEFA4/PC_petrol_Euro-6ab,Gasoline,2026-01-14 11:57:24,2026-01-14 11:57:24,-22.79824134550193,-43.20459745947146,-22.798151432683337,-43.20461256063319,10470.697115885472,6935.53474745153,3535.162368433943,3191882.0429299986,883.6641650403398,235.3695505571446
0,HBEFA4/PC_petrol_Euro-6ab,Gasoline,2026-01-14 11:57:24,2026-01-14 11:57:24,-22.798151432683337,-43.20461256063319,-22.797929085137092,-43.2046397464093,10470.718597745874,6935.556229311931,3535.162368433943,3191887.065973164,883.6655675163096,235.3698810463878
0,HBEFA4/PC_petrol_Euro-6ab,Gasoline,2026-01-14 11:57:24,2026-01-14 11:57:24,-22.797929085137092,-43.2046397464093,-22.797803067279958,-43.20464970630731,10470.731980988785,6935.569612554844,3535.162368433943,3191894.6393826315,883.6675235225265,235.3702726965637
0,HBEFA4/PC_petrol_Euro-6ab,Gasoline,2026-01-14 11:57:24,2026-01-14 11:57:24,-22.797803067279958,-43.20464970630731,-22.797675131333694,-43.20464409294031,10470.74600586931,6935.5836374353685,3535.162368433943,3191898.5055155135,883.6685457323536,235.37067714407618
0,HBEFA4/PC_petrol_Euro-6ab,Gasoline,2026-01-14 11:57:24,2026-01-14 11:57:24,-22.797675131333694,-43.20464409294031,-22.797542496640116,-43.20463827341103,10470.760185877632,6935.5978174436905,3535.162368433943,3191900.9410537193,883.6692201006334,235.37108396109397
0,HBEFA4/PC_petrol_Euro-6ab,Gasoline,2026-01-14 11:57:24,2026-01-14 11:57:33,-22.797542496640116,-43.20463827341103,-22.804911647349556,-43.20517870862623,10505.353052062395,6956.2475856716455,3549.105466390751,3202962.5879501654,886.7039130303684,236.1585847065455
0,HBEFA4/PC_petrol_Euro-6ab,Gasoline,2026-01-14 11:57:33,2026-01-14 11:57:33,-22.804911647349556,-43.20517870862623,-22.80487650230567,-43.205212324970844,10505.356441734386,6956.250975343636,3549.105466390751,3202962.5879501654,886.7039130303684,236.1585847065455
0,HBEFA4/PC_petrol_Euro-6ab,Gasoline,2026-01-14 11:57:33,2026-01-14 11:57:33,-22.80487650230567,-43.205212324970844,-22.804832687212606,-43.20525423420914,10505.3616438886,6956.256177497849,3549.105466390751,3202966.82173301,886.7054471407721,236.15874365354668
0,HBEFA4/PC_petrol_Euro-6ab,Gasoline,2026-01-14 11:57:33,2026-01-14 11:57:33,-22.804832687212606,-43.20525423420914,-22.80478016748768,-43.20530446939604,10505.36812937802,6956.262662987268,3549.105466390751,3202970.5384837403,886.7066971783845,236.15893537985417
0,HBEFA4/PC_petrol_Euro-6ab,Gasoline,2026-01-14 11:57:33,2026-01-14 11:57:33,-22.80478016748768,-43.20530446939604,-22.80471638983288,-43.205365472731664,10505.375903320411,6956.270436929661,3549.105466390751,3202974.5588783035,886.7079800291885,236.15916287950125
0,HBEFA4/PC_petrol_Euro-6ab,Gasoline,2026-01-14 11:57:33,2026-01-14 11:57:33,-22.80471638983288,-43.205365472731664,-22.804642003618795,-43.205436623050126,10505.385343652028,6956.279877261276,3549.105466390751,3202979.801722553,886.7095473299669,236.15943899976352
0,HBEFA4/PC_petrol_Euro-6ab,Gasoline,2026-01-14 11:57:33,2026-01-14 11:57:37,-22.804642003618795,-43.205436623050126,-22.802640361366308,-43.20171041403204,10519.712843963149,6966.710064651289,3553.00277931186,3207573.536245908,888.0092090573285,236.47251007273013
0,HBEFA4/PC_petrol_Euro-6ab,Gasoline,2026-01-14 11:57:37,2026-01-14 11:57:37,-22.802640361366308,-43.20171041403204,-22.80261862281485,-43.20176051801044,10519.717246531474,6966.714467219615,3553.00277931186,3207573.536245908,888.0092090573285,236.47251007273013
0,HBEFA4/PC_petrol_Euro-6ab,Gasoline,2026-01-14 11:57:37,2026-01-14 11:57:51,-22.80261862281485,-43.20176051801044,-22.800701489657,-43.209272214015535,10565.396135596606,6999.650410230464,3565.745725366142,3221740.42390495,891.9622453852298,237.49028585552435
0,HBEFA4/PC_petrol_Euro-6ab,Gasoline,2026-01-14 11:57:51,2026-01-14 11:57:51,-22.800701489657,-43.209272214015535,-22.80068511680185,-43.20918304380646,10565.40394656776,6999.658221201618,3565.745725366142,3221742.843631387,891.9630033732417,237.49051049212872
0,HBEFA4/PC_petrol_Euro-6ab,Gasoline,2026-01-14 11:57:51,2026-01-14 11:57:51,-22.80068511680185,-43.20918304380646,-22.800665294400932,-43.20907489898009,10565.413279879202,6999.66755451306,3565.745725366142,3221747.7466665795,891.9644758131406,237.49078292179894
0,HBEFA4/PC_petrol_Euro-6ab,Gasoline,2026-01-14 11:57:51,2026-01-14 11:57:51,-22.800665294400932,-43.20907489898009,-22.80064197961524,-43.208947701339135,10565.424598494557,6999.678873128417,3565.745725366142,3221754.4135938697,891.9663259923454,237.4911142850817
0,HBEFA4/PC_petrol_Euro-6ab,Gasoline,2026-01-14 11:57:51,2026-01-14 11:57:51,-22.80064197961524,-43.208947701339135,-22.80061714024077,-43.20881218670277,10565.437911213716,6999.692185847576,3565.745725366142,3221761.97218521,891.9682824969306,237.49150388443124
0,HBEFA4/PC_petrol_Euro-6ab,Gasoline,2026-01-14 11:57:51,2026-01-14 11:57:51,-22.80061714024077,-43.20881218670277,-22.80059262791895,-43.20867845700357,10565.452094409431,6999.70636904329,3565.745725366142,3221766.5588126127,891.9694745896101,237.49191408279708
0,HBEFA4/PC_petrol_Euro-6ab,Gasoline,2026-01-14 11:57:51,2026-01-14 11:57:51,-22.80059262791895,-43.20867845700357,-22.800568553008105,-43.208547114283135,10565.46609079643,6999.720365430289,3565.745725366142,3221767.959166226,891.9698999843768,237.4923138805478
0,HBEFA4/PC_petrol_Euro-6ab,Gasoline,2026-01-14 11:57:51,2026-01-14 11:58:02,-22.800568553008105,-43.208547114283135,-22.804914542242706,-43.205175939650715,10595.219087743248,7021.431072519857,3573.7880152233915,3231331.7069839234,894.6704555000952,238.16263384484103
0,HBEFA4/PC_petrol_Euro-6ab,Gasoline,2026-01-14 11:58:02,2026-01-14 11:58:02,-22.804914542242706,-43.205175939650715,-22.80488333040807,-43.20520579387149,10595.222323233349,7021.434308009959,3573.7880152233915,3231333.4544161973,894.6710371671244,238.16273251960808
0,HBEFA4/PC_petrol_Euro-6ab,Gasoline,2026-01-14 11:58:02,2026-01-14 11:58:02,-22.80488333040807,-43.20520579387149,-22.80484015649663,-43.20524708982442,10595.226943195783,7021.438927972392,3573.7880152233915,3231336.92500896,894.6723100007987,238.16287371861236
0,HBEFA4/PC_petrol_Euro-6ab,Gasoline,2026-01-14 11:58:02,2026-01-14 11:58:02,-22.80484015649663,-43.20524708982442,-22.80478754581521,-43.20529741201934,10595.233333778107,7021.445318554717,3573.7880152233915,3231341.4297556756,894.6738485186395,238.16306503516694
0,HBEFA4/PC_petrol_Euro-6ab,Gasoline,2026-01-14 11:58:02,2026-01-14 11:58:02,-22.80478754581521,-43.20529741201934,-22.804724277898558,-43.20535792780031,10595.241121184225,7021.453105960833,3573.7880152233915,3231345.6560457577,894.6751980166605,238.16329340247086
0,HBEFA4/PC_petrol_Euro-6ab,Gasoline,2026-01-14 11:58:02,2026-01-14 11:58:11,-22.804724277898558,-43.20535792780031,-22.802640511160025,-43.20171006878063,10622.70127653327,7039.416883698377,3583.2843928348925,3240357.3060803735,897.1745952050555,238.7810704565217
0,HBEFA4/PC_petrol_Euro-6ab,Gasoline,2026-01-14 11:58:11,2026-01-14 11:58:11,-22.802640511160025,-43.20171006878063,-22.80261831231635,-43.20176123366076,10622.705507381925,7039.4211145470335,3583.2843928348925,3240357.3060803735,897.1745952050555,238.7810704565217
0,HBEFA4/PC_petrol_Euro-6ab,Gasoline,2026-01-14 11:58:11,2026-01-14 11:58:11,-22.80261831231635,-43.20176123366076,-22.80260405502274,-43.20183313606428,10622.711309165417,7039.426916330526,3583.2843928348925,3240361.3283705036,897.1760009394861,238.78124469240527
0,HBEFA4/PC_petrol_Euro-6ab,Gasoline,2026-01-14 11:58:11,2026-01-14 11:58:11,-22.80260405502274,-43.20183313606428,-22.802650884402734,-43.20190669325435,10622.71901390012,7039.434621065228,3583.2843928348925,3240366.4738299465,897.1776574884017,238.78147304839646
0,HBEFA4/PC_petrol_Euro-6ab,Gasoline,2026-01-14 11:58:11,2026-01-14 11:58:11,-22.802650884402734,-43.20190669325435,-22.80295673954757,-43.20202959734666,10622.751280377293,7039.466887542401,3583.2843928348925,3240381.6203597616,897.1819988638522,238.78241102722907
