run_id;source_csv;vin;model;fuel_type;timestamp;start_time;end_time;duration_seconds;total_distance_km;distance_city_km;distance_highway_km;fuel_consumed_liters;co2_real_g;co2_meta_g;delta_co2_g;valor_e1_reais;nox_total;pmx_total;start_lat_orig;start_lon_orig;end_lat_orig;end_lon_orig;start_lat_private;start_lon_private;end_lat_private;end_lon_private;start_map_matched;end_map_matched;pseudonimo;num_segments;trajectory_points_orig_count;trajectory_points_priv_count;trajectory_points_diff;trajectory_points_diff_percent;trajectory_distance_orig_km;trajectory_distance_priv_km;trajectory_distance_diff_km;map_matching_attempts;discarded_points_map_matching;map_matching_points_total;discarded_points_ratio;offset_cancelled;offset_x_degrees;offset_y_degrees;max_radius_km;trajectory_id
1;vehicles_step_sim_9.csv;SUMO_carro_1000;HBEFA4/PC_petrol_Euro-6ab;Gasoline;1773509249;2026-03-14 17:27:29;2026-03-14 17:27:29;0,0;1,410031;1,410031;0,0;12,45641946147186;28774,328955999998;271,4309675;-28502,897988499997;-1,4251448994249998;8,577784;1,9889899999999998;40,77564360647124;-73,96068698429804;40,77297409896376;-73,96219846678166;40,7788725;-73,9740373;40,7763121;-73,9758997;True;True;0xCDcF7b2a3352a32cc28FD35C3924f5BD542a25Ea;131;131;131;0;0,0;1,4054974972301395;1,2866901715079933;-0,11880732572214625;133;0;131;0,0;False;0,003212670912241603;-0,013160698088026484;2,0;vehicles_step_sim_9__run001__SUMO_carro_1000__t0001
2;vehicles_step_sim_9.csv;SUMO_carro_1000;HBEFA4/PC_petrol_Euro-6ab;Gasoline;1773509249;2026-03-14 17:27:29;2026-03-14 17:27:29;0,0;1,410031;1,410031;0,0;12,45641946147186;28774,328955999998;271,4309675;-28502,897988499997;-1,4251448994249998;8,577784;1,9889899999999998;40,77564360647124;-73,96068698429804;40,77297409896376;-73,96219846678166;40,7909365;-73,9610436;40,7891735;-73,9665257;True;True;0xCDcF7b2a3352a32cc28FD35C3924f5BD542a25Ea;131;131;131;0;0,0;1,4054974972301395;1,3703146387273253;-0,03518285850281422;133;0;131;0,0;False;0,014841836868187047;-0,0008582942197483969;2,0;vehicles_step_sim_9__run002__SUMO_carro_1000__t0001
3;vehicles_step_sim_9.csv;SUMO_carro_1000;HBEFA4/PC_petrol_Euro-6ab;Gasoline;1773509249;2026-03-14 17:27:29;2026-03-14 17:27:29;0,0;1,410031;1,410031;0,0;12,45641946147186;28774,328955999998;271,4309675;-28502,897988499997;-1,4251448994249998;8,577784;1,9889899999999998;40,77564360647124;-73,96068698429804;40,77297409896376;-73,96219846678166;40,7660406;-73,9770984;40,7645055;-73,9776263;True;True;0xCDcF7b2a3352a32cc28FD35C3924f5BD542a25Ea;131;131;131;0;0,0;1,4054974972301395;1,395749304025484;-0,009748193204655475;133;0;131;0,0;False;-0,008479352624520972;-0,01558646453965468;2,0;vehicles_step_sim_9__run003__SUMO_carro_1000__t0001
4;vehicles_step_sim_9.csv;SUMO_carro_1000;HBEFA4/PC_petrol_Euro-6ab;Gasoline;1773509249;2026-03-14 17:27:29;2026-03-14 17:27:29;0,0;1,410031;1,410031;0,0;12,45641946147186;28774,328955999998;271,4309675;-28502,897988499997;-1,4251448994249998;8,577784;1,9889899999999998;40,77564360647124;-73,96068698429804;40,77297409896376;-73,96219846678166;40,7748689;-73,9586621;40,7729726;-73,9602184;True;True;0xCDcF7b2a3352a32cc28FD35C3924f5BD542a25Ea;131;131;131;0;0,0;1,4054974972301395;1,7597083924576022;0,35421089522746274;133;0;131;0,0;False;-0,0005502409746601359;0,0023300209418104264;2,0;vehicles_step_sim_9__run004__SUMO_carro_1000__t0001
5;vehicles_step_sim_9.csv;SUMO_carro_1000;HBEFA4/PC_petrol_Euro-6ab;Gasoline;1773509249;2026-03-14 17:27:29;2026-03-14 17:27:29;0,0;1,410031;1,410031;0,0;12,45641946147186;28774,328955999998;271,4309675;-28502,897988499997;-1,4251448994249998;8,577784;1,9889899999999998;40,77564360647124;-73,96068698429804;40,77297409896376;-73,96219846678166;40,7799104;-73,9525139;40,7766188;-73,9528384;True;True;0xCDcF7b2a3352a32cc28FD35C3924f5BD542a25Ea;131;131;131;0;0,0;1,4054974972301395;1,5961000963493899;0,19060259911925037;133;0;131;0,0;False;0,003901332867433504;0,008383532128954475;2,0;vehicles_step_sim_9__run005__SUMO_carro_1000__t0001
6;vehicles_step_sim_9.csv;SUMO_carro_1000;HBEFA4/PC_petrol_Euro-6ab;Gasoline;1773509249;2026-03-14 17:27:29;2026-03-14 17:27:29;0,0;1,410031;1,410031;0,0;12,45641946147186;28774,328955999998;271,4309675;-28502,897988499997;-1,4251448994249998;8,577784;1,9889899999999998;40,77564360647124;-73,96068698429804;40,77297409896376;-73,96219846678166;40,7691579;-73,963274;40,766568;-73,9648793;True;True;0xCDcF7b2a3352a32cc28FD35C3924f5BD542a25Ea;131;131;131;0;0,0;1,4054974972301395;1,4955692527261395;0,090071755496;133;0;131;0,0;False;-0,006385949130340691;-0,002606788776000357;2,0;vehicles_step_sim_9__run006__SUMO_carro_1000__t0001
7;vehicles_step_sim_9.csv;SUMO_carro_1000;HBEFA4/PC_petrol_Euro-6ab;Gasoline;1773509249;2026-03-14 17:27:29;2026-03-14 17:27:29;0,0;1,410031;1,410031;0,0;12,45641946147186;28774,328955999998;271,4309675;-28502,897988499997;-1,4251448994249998;8,577784;1,9889899999999998;40,77564360647124;-73,96068698429804;40,77297409896376;-73,96219846678166;40,7894158;-73,9663475;40,7840305;-73,9661854;True;True;0xCDcF7b2a3352a32cc28FD35C3924f5BD542a25Ea;131;131;131;0;0,0;1,4054974972301395;4,368941840309842;2,9634443430797024;133;0;131;0,0;False;0,012766178442695094;-0,002947596375436631;2,0;vehicles_step_sim_9__run007__SUMO_carro_1000__t0001
8;vehicles_step_sim_9.csv;SUMO_carro_1000;HBEFA4/PC_petrol_Euro-6ab;Gasoline;1773509249;2026-03-14 17:27:29;2026-03-14 17:27:29;0,0;1,410031;1,410031;0,0;12,45641946147186;28774,328955999998;271,4309675;-28502,897988499997;-1,4251448994249998;8,577784;1,9889899999999998;40,77564360647124;-73,96068698429804;40,77297409896376;-73,96219846678166;40,7847313;-73,9580844;40,7828558;-73,9636328;True;True;0xCDcF7b2a3352a32cc28FD35C3924f5BD542a25Ea;131;131;131;0;0,0;1,4054974972301395;0,916750655451817;-0,4887468417783225;133;0;131;0,0;False;0,010149696998638895;-7,501886389173752e-06;2,0;vehicles_step_sim_9__run008__SUMO_carro_1000__t0001
9;vehicles_step_sim_9.csv;SUMO_carro_1000;HBEFA4/PC_petrol_Euro-6ab;Gasoline;1773509249;2026-03-14 17:27:29;2026-03-14 17:27:29;0,0;1,410031;1,410031;0,0;12,45641946147186;28774,328955999998;271,4309675;-28502,897988499997;-1,4251448994249998;8,577784;1,9889899999999998;40,77564360647124;-73,96068698429804;40,77297409896376;-73,96219846678166;40,7637036;-73,9736128;40,7611003;-73,9753442;True;True;0xCDcF7b2a3352a32cc28FD35C3924f5BD542a25Ea;131;131;131;0;0,0;1,4054974972301395;1,6789757296014207;0,2734782323712812;133;0;131;0,0;False;-0,011662391052991784;-0,01295988111748908;2,0;vehicles_step_sim_9__run009__SUMO_carro_1000__t0001
10;vehicles_step_sim_9.csv;SUMO_carro_1000;HBEFA4/PC_petrol_Euro-6ab;Gasoline;1773509249;2026-03-14 17:27:29;2026-03-14 17:27:29;0,0;1,410031;1,410031;0,0;12,45641946147186;28774,328955999998;271,4309675;-28502,897988499997;-1,4251448994249998;8,577784;1,9889899999999998;40,77564360647124;-73,96068698429804;40,77297409896376;-73,96219846678166;40,7696536;-73,9484285;40,7673168;-73,9502726;True;True;0xCDcF7b2a3352a32cc28FD35C3924f5BD542a25Ea;131;131;131;0;0,0;1,4054974972301395;0,7951263900610691;-0,6103711071690704;133;0;131;0,0;False;-0,005627295928533764;0,011915165233625482;2,0;vehicles_step_sim_9__run010__SUMO_carro_1000__t0001
11;vehicles_step_sim_9.csv;SUMO_carro_1000;HBEFA4/PC_petrol_Euro-6ab;Gasoline;1773509249;2026-03-14 17:27:29;2026-03-14 17:27:29;0,0;1,410031;1,410031;0,0;12,45641946147186;28774,328955999998;271,4309675;-28502,897988499997;-1,4251448994249998;8,577784;1,9889899999999998;40,77564360647124;-73,96068698429804;40,77297409896376;-73,96219846678166;40,7613986;-73,9555873;40,758079;-73,95473;True;True;0xCDcF7b2a3352a32cc28FD35C3924f5BD542a25Ea;131;131;131;0;0,0;1,4054974972301395;1,6859331822758554;0,2804356850457159;133;0;131;0,0;False;-0,014452789411873508;0,006135259074619189;2,0;vehicles_step_sim_9__run011__SUMO_carro_1000__t0001
12;vehicles_step_sim_9.csv;SUMO_carro_1000;HBEFA4/PC_petrol_Euro-6ab;Gasoline;1773509249;2026-03-14 17:27:29;2026-03-14 17:27:29;0,0;1,410031;1,410031;0,0;12,45641946147186;28774,328955999998;271,4309675;-28502,897988499997;-1,4251448994249998;8,577784;1,9889899999999998;40,77564360647124;-73,96068698429804;40,77297409896376;-73,96219846678166;40,7632177;-73,9647028;40,7608801;-73,9669001;True;True;0xCDcF7b2a3352a32cc28FD35C3924f5BD542a25Ea;131;131;131;0;0,0;1,4054974972301395;2,0934002916433117;0,6879027944131721;133;0;131;0,0;False;-0,01248765469394974;-0,003916085570863383;2,0;vehicles_step_sim_9__run012__SUMO_carro_1000__t0001
13;vehicles_step_sim_9.csv;SUMO_carro_1000;HBEFA4/PC_petrol_Euro-6ab;Gasoline;1773509249;2026-03-14 17:27:29;2026-03-14 17:27:29;0,0;1,410031;1,410031;0,0;12,45641946147186;28774,328955999998;271,4309675;-28502,897988499997;-1,4251448994249998;8,577784;1,9889899999999998;40,77564360647124;-73,96068698429804;40,77297409896376;-73,96219846678166;40,7653695;-73,9639867;40,7628666;-73,9658056;True;True;0xCDcF7b2a3352a32cc28FD35C3924f5BD542a25Ea;131;131;131;0;0,0;1,4054974972301395;1,1279390913167076;-0,27755840591343195;133;0;131;0,0;False;-0,00999522606555347;-0,003925598758754481;2,0;vehicles_step_sim_9__run013__SUMO_carro_1000__t0001
14;vehicles_step_sim_9.csv;SUMO_carro_1000;HBEFA4/PC_petrol_Euro-6ab;Gasoline;1773509249;2026-03-14 17:27:29;2026-03-14 17:27:29;0,0;1,410031;1,410031;0,0;12,45641946147186;28774,328955999998;271,4309675;-28502,897988499997;-1,4251448994249998;8,577784;1,9889899999999998;40,77564360647124;-73,96068698429804;40,77297409896376;-73,96219846678166;40,770175;-73,9575385;40,7678314;-73,9601212;True;True;0xCDcF7b2a3352a32cc28FD35C3924f5BD542a25Ea;131;131;131;0;0,0;1,4054974972301395;1,155306115063408;-0,2501913821667314;133;0;131;0,0;False;-0,005054514373167223;0,0023475686689049024;2,0;vehicles_step_sim_9__run014__SUMO_carro_1000__t0001
15;vehicles_step_sim_9.csv;SUMO_carro_1000;HBEFA4/PC_petrol_Euro-6ab;Gasoline;1773509249;2026-03-14 17:27:29;2026-03-14 17:27:29;0,0;1,410031;1,410031;0,0;12,45641946147186;28774,328955999998;271,4309675;-28502,897988499997;-1,4251448994249998;8,577784;1,9889899999999998;40,77564360647124;-73,96068698429804;40,77297409896376;-73,96219846678166;40,7662395;-73,9542026;40,7639685;-73,955863;True;True;0xCDcF7b2a3352a32cc28FD35C3924f5BD542a25Ea;131;131;131;0;0,0;1,4054974972301395;1,6933657363980548;0,28786823916791526;133;0;131;0,0;False;-0,009290924979497517;0,006768449519873497;2,0;vehicles_step_sim_9__run015__SUMO_carro_1000__t0001
16;vehicles_step_sim_9.csv;SUMO_carro_1000;HBEFA4/PC_petrol_Euro-6ab;Gasoline;1773509249;2026-03-14 17:27:29;2026-03-14 17:27:29;0,0;1,410031;1,410031;0,0;12,45641946147186;28774,328955999998;271,4309675;-28502,897988499997;-1,4251448994249998;8,577784;1,9889899999999998;40,77564360647124;-73,96068698429804;40,77297409896376;-73,96219846678166;40,7913595;-73,9679888;40,7889964;-73,9701843;True;True;0xCDcF7b2a3352a32cc28FD35C3924f5BD542a25Ea;131;131;131;0;0,0;1,4054974972301395;1,6623926927858756;0,25689519555573614;133;0;131;0,0;False;0,015912580492279234;-0,007217417826034036;2,0;vehicles_step_sim_9__run016__SUMO_carro_1000__t0001
17;vehicles_step_sim_9.csv;SUMO_carro_1000;HBEFA4/PC_petrol_Euro-6ab;Gasoline;1773509249;2026-03-14 17:27:29;2026-03-14 17:27:29;0,0;1,410031;1,410031;0,0;12,45641946147186;28774,328955999998;271,4309675;-28502,897988499997;-1,4251448994249998;8,577784;1,9889899999999998;40,77564360647124;-73,96068698429804;40,77297409896376;-73,96219846678166;40,7902558;-73,9692638;40,7877404;-73,9710964;True;True;0xCDcF7b2a3352a32cc28FD35C3924f5BD542a25Ea;131;131;131;0;0,0;1,4054974972301395;1,5474353342971237;0,14193783706698415;133;0;131;0,0;False;0,014606494183299321;-0,008642988809212507;2,0;vehicles_step_sim_9__run017__SUMO_carro_1000__t0001
18;vehicles_step_sim_9.csv;SUMO_carro_1000;HBEFA4/PC_petrol_Euro-6ab;Gasoline;1773509249;2026-03-14 17:27:29;2026-03-14 17:27:29;0,0;1,410031;1,410031;0,0;12,45641946147186;28774,328955999998;271,4309675;-28502,897988499997;-1,4251448994249998;8,577784;1,9889899999999998;40,77564360647124;-73,96068698429804;40,77297409896376;-73,96219846678166;40,7749114;-73,9566621;40,7722809;-73,958576;True;True;0xCDcF7b2a3352a32cc28FD35C3924f5BD542a25Ea;131;131;131;0;0,0;1,4054974972301395;1,8605321879603962;0,4550346907302567;133;0;131;0,0;False;-0,0009764492656388682;0,004005015926970116;2,0;vehicles_step_sim_9__run018__SUMO_carro_1000__t0001
19;vehicles_step_sim_9.csv;SUMO_carro_1000;HBEFA4/PC_petrol_Euro-6ab;Gasoline;1773509249;2026-03-14 17:27:29;2026-03-14 17:27:29;0,0;1,410031;1,410031;0,0;12,45641946147186;28774,328955999998;271,4309675;-28502,897988499997;-1,4251448994249998;8,577784;1,9889899999999998;40,77564360647124;-73,96068698429804;40,77297409896376;-73,96219846678166;40,7667175;-73,9712254;40,7644751;-73,9734987;True;True;0xCDcF7b2a3352a32cc28FD35C3924f5BD542a25Ea;131;131;131;0;0,0;1,4054974972301395;1,4048482822558364;-0,0006492149743031472;133;0;131;0,0;False;-0,008641021917926463;-0,011243875429235006;2,0;vehicles_step_sim_9__run019__SUMO_carro_1000__t0001
20;vehicles_step_sim_9.csv;SUMO_carro_1000;HBEFA4/PC_petrol_Euro-6ab;Gasoline;1773509249;2026-03-14 17:27:29;2026-03-14 17:27:29;0,0;1,410031;1,410031;0,0;12,45641946147186;28774,328955999998;271,4309675;-28502,897988499997;-1,4251448994249998;8,577784;1,9889899999999998;40,77564360647124;-73,96068698429804;40,77297409896376;-73,96219846678166;40,7705218;-73,9665043;40,7680352;-73,9681662;True;True;0xCDcF7b2a3352a32cc28FD35C3924f5BD542a25Ea;131;131;131;0;0,0;1,4054974972301395;1,6794668021013062;0,27396930487116666;133;0;131;0,0;False;-0,004753424163551456;-0,005791787442303055;2,0;vehicles_step_sim_9__run020__SUMO_carro_1000__t0001
21;vehicles_step_sim_9.csv;SUMO_carro_1000;HBEFA4/PC_petrol_Euro-6ab;Gasoline;1773509249;2026-03-14 17:27:29;2026-03-14 17:27:29;0,0;1,410031;1,410031;0,0;12,45641946147186;28774,328955999998;271,4309675;-28502,897988499997;-1,4251448994249998;8,577784;1,9889899999999998;40,77564360647124;-73,96068698429804;40,77297409896376;-73,96219846678166;40,7762992;-73,9439459;40,7736781;-73,9458612;True;True;0xCDcF7b2a3352a32cc28FD35C3924f5BD542a25Ea;131;131;131;0;0,0;1,4054974972301395;3,269057395790715;1,8635598985605755;133;0;131;0,0;False;0,0009971129191508586;0,016323644113312417;2,0;vehicles_step_sim_9__run021__SUMO_carro_1000__t0001
22;vehicles_step_sim_9.csv;SUMO_carro_1000;HBEFA4/PC_petrol_Euro-6ab;Gasoline;1773509249;2026-03-14 17:27:29;2026-03-14 17:27:29;0,0;1,410031;1,410031;0,0;12,45641946147186;28774,328955999998;271,4309675;-28502,897988499997;-1,4251448994249998;8,577784;1,9889899999999998;40,77564360647124;-73,96068698429804;40,77297409896376;-73,96219846678166;40,7591305;-73,9535599;40,7569063;-73,9555509;True;True;0xCDcF7b2a3352a32cc28FD35C3924f5BD542a25Ea;131;131;131;0;0,0;1,4054974972301395;1,434157333522464;0,028659836292324492;133;0;131;0,0;False;-0,01632200660955343;0,006980533296942533;2,0;vehicles_step_sim_9__run022__SUMO_carro_1000__t0001
23;vehicles_step_sim_9.csv;SUMO_carro_1000;HBEFA4/PC_petrol_Euro-6ab;Gasoline;1773509249;2026-03-14 17:27:29;2026-03-14 17:27:29;0,0;1,410031;1,410031;0,0;12,45641946147186;28774,328955999998;271,4309675;-28502,897988499997;-1,4251448994249998;8,577784;1,9889899999999998;40,77564360647124;-73,96068698429804;40,77297409896376;-73,96219846678166;40,7913623;-73,9618473;40,7910409;-73,9612147;True;True;0xCDcF7b2a3352a32cc28FD35C3924f5BD542a25Ea;131;131;131;0;0,0;1,4054974972301395;0,9361900952948097;-0,4693074019353298;133;0;131;0,0;False;0,016454435554003628;-0,0006192225873102895;2,0;vehicles_step_sim_9__run023__SUMO_carro_1000__t0001
24;vehicles_step_sim_9.csv;SUMO_carro_1000;HBEFA4/PC_petrol_Euro-6ab;Gasoline;1773509249;2026-03-14 17:27:29;2026-03-14 17:27:29;0,0;1,410031;1,410031;0,0;12,45641946147186;28774,328955999998;271,4309675;-28502,897988499997;-1,4251448994249998;8,577784;1,9889899999999998;40,77564360647124;-73,96068698429804;40,77297409896376;-73,96219846678166;40,7864459;-73,9463343;40,7836262;-73,9477219;True;True;0xCDcF7b2a3352a32cc28FD35C3924f5BD542a25Ea;131;131;131;0;0,0;1,4054974972301395;1,3545030803151747;-0,05099441691496476;133;0;131;0,0;False;0,010690743733692627;0,014279733963851496;2,0;vehicles_step_sim_9__run024__SUMO_carro_1000__t0001
25;vehicles_step_sim_9.csv;SUMO_carro_1000;HBEFA4/PC_petrol_Euro-6ab;Gasoline;1773509249;2026-03-14 17:27:29;2026-03-14 17:27:29;0,0;1,410031;1,410031;0,0;12,45641946147186;28774,328955999998;271,4309675;-28502,897988499997;-1,4251448994249998;8,577784;1,9889899999999998;40,77564360647124;-73,96068698429804;40,77297409896376;-73,96219846678166;40,7665889;-73,9668544;40,7640609;-73,9686408;True;True;0xCDcF7b2a3352a32cc28FD35C3924f5BD542a25Ea;131;131;131;0;0,0;1,4054974972301395;1,4294201388747898;0,0239226416446503;133;0;131;0,0;False;-0,009045869478889778;-0,0061913319581458045;2,0;vehicles_step_sim_9__run025__SUMO_carro_1000__t0001
26;vehicles_step_sim_9.csv;SUMO_carro_1000;HBEFA4/PC_petrol_Euro-6ab;Gasoline;1773509249;2026-03-14 17:27:29;2026-03-14 17:27:29;0,0;1,410031;1,410031;0,0;12,45641946147186;28774,328955999998;271,4309675;-28502,897988499997;-1,4251448994249998;8,577784;1,9889899999999998;40,77564360647124;-73,96068698429804;40,77297409896376;-73,96219846678166;40,7756498;-73,9564706;40,7730364;-73,9583902;True;True;0xCDcF7b2a3352a32cc28FD35C3924f5BD542a25Ea;131;131;131;0;0,0;1,4054974972301395;1,307013718756774;-0,09848377847336542;133;0;131;0,0;False;-5,8269539472013564e-05;0,003537075457939127;2,0;vehicles_step_sim_9__run026__SUMO_carro_1000__t0001
27;vehicles_step_sim_9.csv;SUMO_carro_1000;HBEFA4/PC_petrol_Euro-6ab;Gasoline;1773509249;2026-03-14 17:27:29;2026-03-14 17:27:29;0,0;1,410031;1,410031;0,0;12,45641946147186;28774,328955999998;271,4309675;-28502,897988499997;-1,4251448994249998;8,577784;1,9889899999999998;40,77564360647124;-73,96068698429804;40,77297409896376;-73,96219846678166;40,780691;-73,9445956;40,7776516;-73,9458685;True;True;0xCDcF7b2a3352a32cc28FD35C3924f5BD542a25Ea;131;131;131;0;0,0;1,4054974972301395;1,2758347287629161;-0,12966276846722335;133;0;131;0,0;False;0,004845258155531252;0,015685175424592235;2,0;vehicles_step_sim_9__run027__SUMO_carro_1000__t0001
28;vehicles_step_sim_9.csv;SUMO_carro_1000;HBEFA4/PC_petrol_Euro-6ab;Gasoline;1773509249;2026-03-14 17:27:29;2026-03-14 17:27:29;0,0;1,410031;1,410031;0,0;12,45641946147186;28774,328955999998;271,4309675;-28502,897988499997;-1,4251448994249998;8,577784;1,9889899999999998;40,77564360647124;-73,96068698429804;40,77297409896376;-73,96219846678166;40,761958;-73,9602464;40,759566;-73,9618353;True;True;0xCDcF7b2a3352a32cc28FD35C3924f5BD542a25Ea;131;131;131;0;0,0;1,4054974972301395;1,6937469687712654;0,2882494715411259;133;0;131;0,0;False;-0,013789956955910765;0,0005493253949813192;2,0;vehicles_step_sim_9__run028__SUMO_carro_1000__t0001
29;vehicles_step_sim_9.csv;SUMO_carro_1000;HBEFA4/PC_petrol_Euro-6ab;Gasoline;1773509249;2026-03-14 17:27:29;2026-03-14 17:27:29;0,0;1,410031;1,410031;0,0;12,45641946147186;28774,328955999998;271,4309675;-28502,897988499997;-1,4251448994249998;8,577784;1,9889899999999998;40,77564360647124;-73,96068698429804;40,77297409896376;-73,96219846678166;40,7901233;-73,9591053;40,7854008;-73,9575948;True;True;0xCDcF7b2a3352a32cc28FD35C3924f5BD542a25Ea;131;131;131;0;0,0;1,4054974972301395;1,6525642438903567;0,24706674666021722;133;0;131;0,0;False;0,013990626745721439;0,001445982990182709;2,0;vehicles_step_sim_9__run029__SUMO_carro_1000__t0001
30;vehicles_step_sim_9.csv;SUMO_carro_1000;HBEFA4/PC_petrol_Euro-6ab;Gasoline;1773509249;2026-03-14 17:27:29;2026-03-14 17:27:29;0,0;1,410031;1,410031;0,0;12,45641946147186;28774,328955999998;271,4309675;-28502,897988499997;-1,4251448994249998;8,577784;1,9889899999999998;40,77564360647124;-73,96068698429804;40,77297409896376;-73,96219846678166;40,7903238;-73,9656836;40,7878081;-73,967514;True;True;0xCDcF7b2a3352a32cc28FD35C3924f5BD542a25Ea;131;131;131;0;0,0;1,4054974972301395;1,4221851841259951;0,016687686895855647;133;0;131;0,0;False;0,014286662508264445;-0,004600161545203108;2,0;vehicles_step_sim_9__run030__SUMO_carro_1000__t0001
31;vehicles_step_sim_9.csv;SUMO_carro_1000;HBEFA4/PC_petrol_Euro-6ab;Gasoline;1773509249;2026-03-14 17:27:29;2026-03-14 17:27:29;0,0;1,410031;1,410031;0,0;12,45641946147186;28774,328955999998;271,4309675;-28502,897988499997;-1,4251448994249998;8,577784;1,9889899999999998;40,77564360647124;-73,96068698429804;40,77297409896376;-73,96219846678166;40,7764127;-73,9602232;40,7737915;-73,9619917;True;True;0xCDcF7b2a3352a32cc28FD35C3924f5BD542a25Ea;131;131;131;0;0,0;1,4054974972301395;1,5210460421169043;0,1155485448867648;133;0;131;0,0;False;0,001033875123156718;0,000298979406330049;2,0;vehicles_step_sim_9__run031__SUMO_carro_1000__t0001
32;vehicles_step_sim_9.csv;SUMO_carro_1000;HBEFA4/PC_petrol_Euro-6ab;Gasoline;1773509249;2026-03-14 17:27:29;2026-03-14 17:27:29;0,0;1,410031;1,410031;0,0;12,45641946147186;28774,328955999998;271,4309675;-28502,897988499997;-1,4251448994249998;8,577784;1,9889899999999998;40,77564360647124;-73,96068698429804;40,77297409896376;-73,96219846678166;40,7667723;-73,9692542;40,7640017;-73,9711294;True;True;0xCDcF7b2a3352a32cc28FD35C3924f5BD542a25Ea;131;131;131;0;0,0;1,4054974972301395;1,5091619376781842;0,10366444044804468;133;0;131;0,0;False;-0,008992497011766156;-0,008898518719728722;2,0;vehicles_step_sim_9__run032__SUMO_carro_1000__t0001
33;vehicles_step_sim_9.csv;SUMO_carro_1000;HBEFA4/PC_petrol_Euro-6ab;Gasoline;1773509249;2026-03-14 17:27:29;2026-03-14 17:27:29;0,0;1,410031;1,410031;0,0;12,45641946147186;28774,328955999998;271,4309675;-28502,897988499997;-1,4251448994249998;8,577784;1,9889899999999998;40,77564360647124;-73,96068698429804;40,77297409896376;-73,96219846678166;40,7696339;-73,9503336;40,7668036;-73,9515379;True;True;0xCDcF7b2a3352a32cc28FD35C3924f5BD542a25Ea;131;131;131;0;0,0;1,4054974972301395;1,117182242915483;-0,28831525431465654;133;0;131;0,0;False;-0,005773446717904068;0,010262344452632955;2,0;vehicles_step_sim_9__run033__SUMO_carro_1000__t0001
34;vehicles_step_sim_9.csv;SUMO_carro_1000;HBEFA4/PC_petrol_Euro-6ab;Gasoline;1773509249;2026-03-14 17:27:29;2026-03-14 17:27:29;0,0;1,410031;1,410031;0,0;12,45641946147186;28774,328955999998;271,4309675;-28502,897988499997;-1,4251448994249998;8,577784;1,9889899999999998;40,77564360647124;-73,96068698429804;40,77297409896376;-73,96219846678166;40,7813641;-73,9462747;40,7787628;-73,9478189;True;True;0xCDcF7b2a3352a32cc28FD35C3924f5BD542a25Ea;131;131;131;0;0,0;1,4054974972301395;1,466016094184054;0,060518596953914594;133;0;131;0,0;False;0,005821286873561446;0,014330648506748632;2,0;vehicles_step_sim_9__run034__SUMO_carro_1000__t0001
35;vehicles_step_sim_9.csv;SUMO_carro_1000;HBEFA4/PC_petrol_Euro-6ab;Gasoline;1773509249;2026-03-14 17:27:29;2026-03-14 17:27:29;0,0;1,410031;1,410031;0,0;12,45641946147186;28774,328955999998;271,4309675;-28502,897988499997;-1,4251448994249998;8,577784;1,9889899999999998;40,77564360647124;-73,96068698429804;40,77297409896376;-73,96219846678166;40,7846117;-73,9519952;40,78212;-73,9536779;True;True;0xCDcF7b2a3352a32cc28FD35C3924f5BD542a25Ea;131;131;131;0;0,0;1,4054974972301395;1,7048859601362758;0,2993884629061363;133;0;131;0,0;False;0,009406807857021438;0,008389939647006597;2,0;vehicles_step_sim_9__run035__SUMO_carro_1000__t0001
36;vehicles_step_sim_9.csv;SUMO_carro_1000;HBEFA4/PC_petrol_Euro-6ab;Gasoline;1773509249;2026-03-14 17:27:29;2026-03-14 17:27:29;0,0;1,410031;1,410031;0,0;12,45641946147186;28774,328955999998;271,4309675;-28502,897988499997;-1,4251448994249998;8,577784;1,9889899999999998;40,77564360647124;-73,96068698429804;40,77297409896376;-73,96219846678166;40,7832443;-73,9570719;40,7807603;-73,9588777;True;True;0xCDcF7b2a3352a32cc28FD35C3924f5BD542a25Ea;131;131;131;0;0,0;1,4054974972301395;1,4999959179755427;0,09449842074540316;133;0;131;0,0;False;0,007681363475965326;0,003430744311861773;2,0;vehicles_step_sim_9__run036__SUMO_carro_1000__t0001
37;vehicles_step_sim_9.csv;SUMO_carro_1000;HBEFA4/PC_petrol_Euro-6ab;Gasoline;1773509249;2026-03-14 17:27:29;2026-03-14 17:27:29;0,0;1,410031;1,410031;0,0;12,45641946147186;28774,328955999998;271,4309675;-28502,897988499997;-1,4251448994249998;8,577784;1,9889899999999998;40,77564360647124;-73,96068698429804;40,77297409896376;-73,96219846678166;40,7895856;-73,9576393;40,7895856;-73,9576393;True;True;0xCDcF7b2a3352a32cc28FD35C3924f5BD542a25Ea;131;131;131;0;0,0;1,4054974972301395;2,2608665775014445;0,855369080271305;133;0;131;0,0;False;0,01550208591520597;0,00403575451658559;2,0;vehicles_step_sim_9__run037__SUMO_carro_1000__t0001
38;vehicles_step_sim_9.csv;SUMO_carro_1000;HBEFA4/PC_petrol_Euro-6ab;Gasoline;1773509249;2026-03-14 17:27:29;2026-03-14 17:27:29;0,0;1,410031;1,410031;0,0;12,45641946147186;28774,328955999998;271,4309675;-28502,897988499997;-1,4251448994249998;8,577784;1,9889899999999998;40,77564360647124;-73,96068698429804;40,77297409896376;-73,96219846678166;40,7744056;-73,9656083;40,7718381;-73,9674891;True;True;0xCDcF7b2a3352a32cc28FD35C3924f5BD542a25Ea;131;131;131;0;0,0;1,4054974972301395;1,3759426999938258;-0,029554797236313712;133;0;131;0,0;False;-0,0009485641604990989;-0,00556107640188522;2,0;vehicles_step_sim_9__run038__SUMO_carro_1000__t0001
39;vehicles_step_sim_9.csv;SUMO_carro_1000;HBEFA4/PC_petrol_Euro-6ab;Gasoline;1773509249;2026-03-14 17:27:29;2026-03-14 17:27:29;0,0;1,410031;1,410031;0,0;12,45641946147186;28774,328955999998;271,4309675;-28502,897988499997;-1,4251448994249998;8,577784;1,9889899999999998;40,77564360647124;-73,96068698429804;40,77297409896376;-73,96219846678166;40,7591778;-73,9609164;40,755933;-73,9632295;True;True;0xCDcF7b2a3352a32cc28FD35C3924f5BD542a25Ea;131;131;131;0;0,0;1,4054974972301395;1,1683372372354943;-0,23716025999464518;133;0;131;0,0;False;-0,01641168488777442;-0,000724762972256522;2,0;vehicles_step_sim_9__run039__SUMO_carro_1000__t0001
40;vehicles_step_sim_9.csv;SUMO_carro_1000;HBEFA4/PC_petrol_Euro-6ab;Gasoline;1773509249;2026-03-14 17:27:29;2026-03-14 17:27:29;0,0;1,410031;1,410031;0,0;12,45641946147186;28774,328955999998;271,4309675;-28502,897988499997;-1,4251448994249998;8,577784;1,9889899999999998;40,77564360647124;-73,96068698429804;40,77297409896376;-73,96219846678166;40,7784436;-73,9673756;40,7784083;-73,9672923;True;True;0xCDcF7b2a3352a32cc28FD35C3924f5BD542a25Ea;131;131;131;0;0,0;1,4054974972301395;1,203186394469355;-0,20231110276078446;133;0;131;0,0;False;0,004193630064328018;-0,0058887900345274856;2,0;vehicles_step_sim_9__run040__SUMO_carro_1000__t0001
41;vehicles_step_sim_9.csv;SUMO_carro_1000;HBEFA4/PC_petrol_Euro-6ab;Gasoline;1773509249;2026-03-14 17:27:29;2026-03-14 17:27:29;0,0;1,410031;1,410031;0,0;12,45641946147186;28774,328955999998;271,4309675;-28502,897988499997;-1,4251448994249998;8,577784;1,9889899999999998;40,77564360647124;-73,96068698429804;40,77297409896376;-73,96219846678166;40,7611996;-73,950454;40,7589628;-73,9521742;True;True;0xCDcF7b2a3352a32cc28FD35C3924f5BD542a25Ea;131;131;131;0;0,0;1,4054974972301395;1,800975828910659;0,3954783316805195;133;0;131;0,0;False;-0,014169365593342958;0,010293743520750019;2,0;vehicles_step_sim_9__run041__SUMO_carro_1000__t0001
42;vehicles_step_sim_9.csv;SUMO_carro_1000;HBEFA4/PC_petrol_Euro-6ab;Gasoline;1773509249;2026-03-14 17:27:29;2026-03-14 17:27:29;0,0;1,410031;1,410031;0,0;12,45641946147186;28774,328955999998;271,4309675;-28502,897988499997;-1,4251448994249998;8,577784;1,9889899999999998;40,77564360647124;-73,96068698429804;40,77297409896376;-73,96219846678166;40,7771751;-73,9460474;40,7745614;-73,9479567;True;True;0xCDcF7b2a3352a32cc28FD35C3924f5BD542a25Ea;131;131;131;0;0,0;1,4054974972301395;2,5557186679338373;1,1502211707036978;133;0;131;0,0;False;0,001171119374567739;0,014685154460460256;2,0;vehicles_step_sim_9__run042__SUMO_carro_1000__t0001
43;vehicles_step_sim_9.csv;SUMO_carro_1000;HBEFA4/PC_petrol_Euro-6ab;Gasoline;1773509249;2026-03-14 17:27:29;2026-03-14 17:27:29;0,0;1,410031;1,410031;0,0;12,45641946147186;28774,328955999998;271,4309675;-28502,897988499997;-1,4251448994249998;8,577784;1,9889899999999998;40,77564360647124;-73,96068698429804;40,77297409896376;-73,96219846678166;40,794533;-73,962616;40,7912159;-73,9615425;True;True;0xCDcF7b2a3352a32cc28FD35C3924f5BD542a25Ea;131;131;131;0;0,0;1,4054974972301395;2,0429336205713384;0,6374361233411989;133;0;131;0,0;False;0,01790018621912858;0,00031007635150982846;2,0;vehicles_step_sim_9__run043__SUMO_carro_1000__t0001
44;vehicles_step_sim_9.csv;SUMO_carro_1000;HBEFA4/PC_petrol_Euro-6ab;Gasoline;1773509249;2026-03-14 17:27:29;2026-03-14 17:27:29;0,0;1,410031;1,410031;0,0;12,45641946147186;28774,328955999998;271,4309675;-28502,897988499997;-1,4251448994249998;8,577784;1,9889899999999998;40,77564360647124;-73,96068698429804;40,77297409896376;-73,96219846678166;40,7688591;-73,9504796;40,7662827;-73,9523671;True;True;0xCDcF7b2a3352a32cc28FD35C3924f5BD542a25Ea;131;131;131;0;0,0;1,4054974972301395;1,5325577795486192;0,12706028231847966;133;0;131;0,0;False;-0,0067915508124169735;0,009578718916383986;2,0;vehicles_step_sim_9__run044__SUMO_carro_1000__t0001
45;vehicles_step_sim_9.csv;SUMO_carro_1000;HBEFA4/PC_petrol_Euro-6ab;Gasoline;1773509249;2026-03-14 17:27:29;2026-03-14 17:27:29;0,0;1,410031;1,410031;0,0;12,45641946147186;28774,328955999998;271,4309675;-28502,897988499997;-1,4251448994249998;8,577784;1,9889899999999998;40,77564360647124;-73,96068698429804;40,77297409896376;-73,96219846678166;40,7813246;-73,9761035;40,7787904;-73,9779594;True;True;0xCDcF7b2a3352a32cc28FD35C3924f5BD542a25Ea;131;131;131;0;0,0;1,4054974972301395;1,2993798619391088;-0,10611763529103069;133;0;131;0,0;False;0,005841834179646174;-0,01601783747423442;2,0;vehicles_step_sim_9__run045__SUMO_carro_1000__t0001
46;vehicles_step_sim_9.csv;SUMO_carro_1000;HBEFA4/PC_petrol_Euro-6ab;Gasoline;1773509249;2026-03-14 17:27:29;2026-03-14 17:27:29;0,0;1,410031;1,410031;0,0;12,45641946147186;28774,328955999998;271,4309675;-28502,897988499997;-1,4251448994249998;8,577784;1,9889899999999998;40,77564360647124;-73,96068698429804;40,77297409896376;-73,96219846678166;40,7726029;-73,9554236;40,7700666;-73,9572817;True;True;0xCDcF7b2a3352a32cc28FD35C3924f5BD542a25Ea;131;131;131;0;0,0;1,4054974972301395;1,7843175948665546;0,3788200976364151;133;0;131;0,0;False;-0,0033263338391425925;0,005244476093943662;2,0;vehicles_step_sim_9__run046__SUMO_carro_1000__t0001
47;vehicles_step_sim_9.csv;SUMO_carro_1000;HBEFA4/PC_petrol_Euro-6ab;Gasoline;1773509249;2026-03-14 17:27:29;2026-03-14 17:27:29;0,0;1,410031;1,410031;0,0;12,45641946147186;28774,328955999998;271,4309675;-28502,897988499997;-1,4251448994249998;8,577784;1,9889899999999998;40,77564360647124;-73,96068698429804;40,77297409896376;-73,96219846678166;40,7790791;-73,9688949;40,7789069;-73,9684905;True;True;0xCDcF7b2a3352a32cc28FD35C3924f5BD542a25Ea;131;131;131;0;0,0;1,4054974972301395;0,9823218319622036;-0,42317566526793593;133;0;131;0,0;False;0,004984595808324264;-0,007049005163374449;2,0;vehicles_step_sim_9__run047__SUMO_carro_1000__t0001
48;vehicles_step_sim_9.csv;SUMO_carro_1000;HBEFA4/PC_petrol_Euro-6ab;Gasoline;1773509249;2026-03-14 17:27:29;2026-03-14 17:27:29;0,0;1,410031;1,410031;0,0;12,45641946147186;28774,328955999998;271,4309675;-28502,897988499997;-1,4251448994249998;8,577784;1,9889899999999998;40,77564360647124;-73,96068698429804;40,77297409896376;-73,96219846678166;40,7811234;-73,9493742;40,7786067;-73,9513798;True;True;0xCDcF7b2a3352a32cc28FD35C3924f5BD542a25Ea;131;131;131;0;0,0;1,4054974972301395;1,529471069475876;0,12397357224573646;133;0;131;0,0;False;0,005745378101029086;0,010876677279982554;2,0;vehicles_step_sim_9__run048__SUMO_carro_1000__t0001
49;vehicles_step_sim_9.csv;SUMO_carro_1000;HBEFA4/PC_petrol_Euro-6ab;Gasoline;1773509249;2026-03-14 17:27:29;2026-03-14 17:27:29;0,0;1,410031;1,410031;0,0;12,45641946147186;28774,328955999998;271,4309675;-28502,897988499997;-1,4251448994249998;8,577784;1,9889899999999998;40,77564360647124;-73,96068698429804;40,77297409896376;-73,96219846678166;40,7618461;-73,957576;40,759499;-73,9597424;True;True;0xCDcF7b2a3352a32cc28FD35C3924f5BD542a25Ea;131;131;131;0;0,0;1,4054974972301395;1,4781817850824661;0,07268428785232661;133;0;131;0,0;False;-0,013566310374642817;0,0021677587906789573;2,0;vehicles_step_sim_9__run049__SUMO_carro_1000__t0001
50;vehicles_step_sim_9.csv;SUMO_carro_1000;HBEFA4/PC_petrol_Euro-6ab;Gasoline;1773509249;2026-03-14 17:27:29;2026-03-14 17:27:29;0,0;1,410031;1,410031;0,0;12,45641946147186;28774,328955999998;271,4309675;-28502,897988499997;-1,4251448994249998;8,577784;1,9889899999999998;40,77564360647124;-73,96068698429804;40,77297409896376;-73,96219846678166;40,7871423;-73,9518575;40,7845408;-73,9537621;True;True;0xCDcF7b2a3352a32cc28FD35C3924f5BD542a25Ea;131;131;131;0;0,0;1,4054974972301395;1,57823740767624;0,1727399104461005;133;0;131;0,0;False;0,011493790564666064;0,009136918599258926;2,0;vehicles_step_sim_9__run050__SUMO_carro_1000__t0001
51;vehicles_step_sim_9.csv;SUMO_carro_1000;HBEFA4/PC_petrol_Euro-6ab;Gasoline;1773509249;2026-03-14 17:27:29;2026-03-14 17:27:29;0,0;1,410031;1,410031;0,0;12,45641946147186;28774,328955999998;271,4309675;-28502,897988499997;-1,4251448994249998;8,577784;1,9889899999999998;40,77564360647124;-73,96068698429804;40,77297409896376;-73,96219846678166;40,7883121;-73,9744004;40,7858619;-73,974777;True;True;0xCDcF7b2a3352a32cc28FD35C3924f5BD542a25Ea;131;131;131;0;0,0;1,4054974972301395;1,8333073777671707;0,4278098805370312;133;0;131;0,0;False;0,012271326044424753;-0,01271494758339162;2,0;vehicles_step_sim_9__run051__SUMO_carro_1000__t0001
52;vehicles_step_sim_9.csv;SUMO_carro_1000;HBEFA4/PC_petrol_Euro-6ab;Gasoline;1773509249;2026-03-14 17:27:29;2026-03-14 17:27:29;0,0;1,410031;1,410031;0,0;12,45641946147186;28774,328955999998;271,4309675;-28502,897988499997;-1,4251448994249998;8,577784;1,9889899999999998;40,77564360647124;-73,96068698429804;40,77297409896376;-73,96219846678166;40,7673172;-73,9664798;40,7647124;-73,9682418;True;True;0xCDcF7b2a3352a32cc28FD35C3924f5BD542a25Ea;131;131;131;0;0,0;1,4054974972301395;1,6150514640053018;0,20955396677516225;133;0;131;0,0;False;-0,008203371876791677;-0,00546592787349089;2,0;vehicles_step_sim_9__run052__SUMO_carro_1000__t0001
53;vehicles_step_sim_9.csv;SUMO_carro_1000;HBEFA4/PC_petrol_Euro-6ab;Gasoline;1773509249;2026-03-14 17:27:29;2026-03-14 17:27:29;0,0;1,410031;1,410031;0,0;12,45641946147186;28774,328955999998;271,4309675;-28502,897988499997;-1,4251448994249998;8,577784;1,9889899999999998;40,77564360647124;-73,96068698429804;40,77297409896376;-73,96219846678166;40,7626208;-73,973139;40,7597783;-73,9743408;True;True;0xCDcF7b2a3352a32cc28FD35C3924f5BD542a25Ea;131;131;131;0;0,0;1,4054974972301395;1,4034347301776577;-0,002062767052481762;133;0;131;0,0;False;-0,0126408637319105;-0,012478263756564613;2,0;vehicles_step_sim_9__run053__SUMO_carro_1000__t0001
54;vehicles_step_sim_9.csv;SUMO_carro_1000;HBEFA4/PC_petrol_Euro-6ab;Gasoline;1773509249;2026-03-14 17:27:29;2026-03-14 17:27:29;0,0;1,410031;1,410031;0,0;12,45641946147186;28774,328955999998;271,4309675;-28502,897988499997;-1,4251448994249998;8,577784;1,9889899999999998;40,77564360647124;-73,96068698429804;40,77297409896376;-73,96219846678166;40,7761359;-73,9760303;40,7707855;-73,976129;True;True;0xCDcF7b2a3352a32cc28FD35C3924f5BD542a25Ea;131;131;131;0;0,0;1,4054974972301395;3,8254800653178958;2,4199825680877565;133;0;131;0,0;False;-0,0006451237042442551;-0,0125368173663965;2,0;vehicles_step_sim_9__run054__SUMO_carro_1000__t0001
55;vehicles_step_sim_9.csv;SUMO_carro_1000;HBEFA4/PC_petrol_Euro-6ab;Gasoline;1773509249;2026-03-14 17:27:29;2026-03-14 17:27:29;0,0;1,410031;1,410031;0,0;12,45641946147186;28774,328955999998;271,4309675;-28502,897988499997;-1,4251448994249998;8,577784;1,9889899999999998;40,77564360647124;-73,96068698429804;40,77297409896376;-73,96219846678166;40,7774493;-73,9548087;40,7747141;-73,9542184;True;True;0xCDcF7b2a3352a32cc28FD35C3924f5BD542a25Ea;131;131;131;0;0,0;1,4054974972301395;1,9743293535599904;0,5688318563298509;133;0;131;0,0;False;0,0017728600048576239;0,006934921694516375;2,0;vehicles_step_sim_9__run055__SUMO_carro_1000__t0001
56;vehicles_step_sim_9.csv;SUMO_carro_1000;HBEFA4/PC_petrol_Euro-6ab;Gasoline;1773509249;2026-03-14 17:27:29;2026-03-14 17:27:29;0,0;1,410031;1,410031;0,0;12,45641946147186;28774,328955999998;271,4309675;-28502,897988499997;-1,4251448994249998;8,577784;1,9889899999999998;40,77564360647124;-73,96068698429804;40,77297409896376;-73,96219846678166;40,7830839;-73,946441;40,7794933;-73,9476469;True;True;0xCDcF7b2a3352a32cc28FD35C3924f5BD542a25Ea;131;131;131;0;0,0;1,4054974972301395;1,7310851628540938;0,32558766562395425;133;0;131;0,0;False;0,00715542655682454;0,01372727408223991;2,0;vehicles_step_sim_9__run056__SUMO_carro_1000__t0001
57;vehicles_step_sim_9.csv;SUMO_carro_1000;HBEFA4/PC_petrol_Euro-6ab;Gasoline;1773509249;2026-03-14 17:27:29;2026-03-14 17:27:29;0,0;1,410031;1,410031;0,0;12,45641946147186;28774,328955999998;271,4309675;-28502,897988499997;-1,4251448994249998;8,577784;1,9889899999999998;40,77564360647124;-73,96068698429804;40,77297409896376;-73,96219846678166;40,7699024;-73,9747411;40,7692823;-73,973675;True;True;0xCDcF7b2a3352a32cc28FD35C3924f5BD542a25Ea;131;131;131;0;0,0;1,4054974972301395;2,195410581065679;0,7899130838355395;133;0;131;0,0;False;-0,003713238620622429;-0,011505724002939925;2,0;vehicles_step_sim_9__run057__SUMO_carro_1000__t0001
58;vehicles_step_sim_9.csv;SUMO_carro_1000;HBEFA4/PC_petrol_Euro-6ab;Gasoline;1773509249;2026-03-14 17:27:29;2026-03-14 17:27:29;0,0;1,410031;1,410031;0,0;12,45641946147186;28774,328955999998;271,4309675;-28502,897988499997;-1,4251448994249998;8,577784;1,9889899999999998;40,77564360647124;-73,96068698429804;40,77297409896376;-73,96219846678166;40,7633123;-73,9591012;40,7604242;-73,960021;True;True;0xCDcF7b2a3352a32cc28FD35C3924f5BD542a25Ea;131;131;131;0;0,0;1,4054974972301395;1,5553010752714724;0,14980357804133293;133;0;131;0,0;False;-0,012614029050171852;0,001979609359738966;2,0;vehicles_step_sim_9__run058__SUMO_carro_1000__t0001
59;vehicles_step_sim_9.csv;SUMO_carro_1000;HBEFA4/PC_petrol_Euro-6ab;Gasoline;1773509249;2026-03-14 17:27:29;2026-03-14 17:27:29;0,0;1,410031;1,410031;0,0;12,45641946147186;28774,328955999998;271,4309675;-28502,897988499997;-1,4251448994249998;8,577784;1,9889899999999998;40,77564360647124;-73,96068698429804;40,77297409896376;-73,96219846678166;40,7782294;-73,9566489;40,7756903;-73,9585063;True;True;0xCDcF7b2a3352a32cc28FD35C3924f5BD542a25Ea;131;131;131;0;0,0;1,4054974972301395;1,1628445982143372;-0,24265289901580234;133;0;131;0,0;False;0,002645420337264945;0,00346919366012323;2,0;vehicles_step_sim_9__run059__SUMO_carro_1000__t0001
60;vehicles_step_sim_9.csv;SUMO_carro_1000;HBEFA4/PC_petrol_Euro-6ab;Gasoline;1773509249;2026-03-14 17:27:29;2026-03-14 17:27:29;0,0;1,410031;1,410031;0,0;12,45641946147186;28774,328955999998;271,4309675;-28502,897988499997;-1,4251448994249998;8,577784;1,9889899999999998;40,77564360647124;-73,96068698429804;40,77297409896376;-73,96219846678166;40,7647205;-73,9702074;40,762247;-73,9722532;True;True;0xCDcF7b2a3352a32cc28FD35C3924f5BD542a25Ea;131;131;131;0;0,0;1,4054974972301395;1,5139147905561359;0,10841729332599637;133;0;131;0,0;False;-0,010857535113233424;-0,009559363462370326;2,0;vehicles_step_sim_9__run060__SUMO_carro_1000__t0001
61;vehicles_step_sim_9.csv;SUMO_carro_1000;HBEFA4/PC_petrol_Euro-6ab;Gasoline;1773509249;2026-03-14 17:27:29;2026-03-14 17:27:29;0,0;1,410031;1,410031;0,0;12,45641946147186;28774,328955999998;271,4309675;-28502,897988499997;-1,4251448994249998;8,577784;1,9889899999999998;40,77564360647124;-73,96068698429804;40,77297409896376;-73,96219846678166;40,76125;-73,9698924;40,7580701;-73,9721792;True;True;0xCDcF7b2a3352a32cc28FD35C3924f5BD542a25Ea;131;131;131;0;0,0;1,4054974972301395;2,0674823471699897;0,6619848499398502;133;0;131;0,0;False;-0,014796683377861409;-0,009649139185959188;2,0;vehicles_step_sim_9__run061__SUMO_carro_1000__t0001
62;vehicles_step_sim_9.csv;SUMO_carro_1000;HBEFA4/PC_petrol_Euro-6ab;Gasoline;1773509249;2026-03-14 17:27:29;2026-03-14 17:27:29;0,0;1,410031;1,410031;0,0;12,45641946147186;28774,328955999998;271,4309675;-28502,897988499997;-1,4251448994249998;8,577784;1,9889899999999998;40,77564360647124;-73,96068698429804;40,77297409896376;-73,96219846678166;40,7866638;-73,9683486;40,7843689;-73,9670266;True;True;0xCDcF7b2a3352a32cc28FD35C3924f5BD542a25Ea;131;131;131;0;0,0;1,4054974972301395;1,7123223897290654;0,30682489249892586;133;0;131;0,0;False;0,010413582831641453;-0,005925160398492665;2,0;vehicles_step_sim_9__run062__SUMO_carro_1000__t0001
63;vehicles_step_sim_9.csv;SUMO_carro_1000;HBEFA4/PC_petrol_Euro-6ab;Gasoline;1773509249;2026-03-14 17:27:29;2026-03-14 17:27:29;0,0;1,410031;1,410031;0,0;12,45641946147186;28774,328955999998;271,4309675;-28502,897988499997;-1,4251448994249998;8,577784;1,9889899999999998;40,77564360647124;-73,96068698429804;40,77297409896376;-73,96219846678166;40,7850653;-73,9490172;40,7822168;-73,950216;True;True;0xCDcF7b2a3352a32cc28FD35C3924f5BD542a25Ea;131;131;131;0;0,0;1,4054974972301395;1,4036474300790975;-0,0018500671510419675;133;0;131;0,0;False;0,009226529926304596;0,011534437410088137;2,0;vehicles_step_sim_9__run063__SUMO_carro_1000__t0001
64;vehicles_step_sim_9.csv;SUMO_carro_1000;HBEFA4/PC_petrol_Euro-6ab;Gasoline;1773509249;2026-03-14 17:27:29;2026-03-14 17:27:29;0,0;1,410031;1,410031;0,0;12,45641946147186;28774,328955999998;271,4309675;-28502,897988499997;-1,4251448994249998;8,577784;1,9889899999999998;40,77564360647124;-73,96068698429804;40,77297409896376;-73,96219846678166;40,7660982;-73,9715417;40,7636003;-73,9733503;True;True;0xCDcF7b2a3352a32cc28FD35C3924f5BD542a25Ea;131;131;131;0;0,0;1,4054974972301395;1,5063102983524312;0,10081280112229174;133;0;131;0,0;False;-0,009444153456355247;-0,01065001548640765;2,0;vehicles_step_sim_9__run064__SUMO_carro_1000__t0001
65;vehicles_step_sim_9.csv;SUMO_carro_1000;HBEFA4/PC_petrol_Euro-6ab;Gasoline;1773509249;2026-03-14 17:27:29;2026-03-14 17:27:29;0,0;1,410031;1,410031;0,0;12,45641946147186;28774,328955999998;271,4309675;-28502,897988499997;-1,4251448994249998;8,577784;1,9889899999999998;40,77564360647124;-73,96068698429804;40,77297409896376;-73,96219846678166;40,7871867;-73,9480628;40,7845831;-73,949793;True;True;0xCDcF7b2a3352a32cc28FD35C3924f5BD542a25Ea;131;131;131;0;0,0;1,4054974972301395;1,4427653360935007;0,03726783886336116;133;0;131;0,0;False;0,011668479342521547;0,012408533502244433;2,0;vehicles_step_sim_9__run065__SUMO_carro_1000__t0001
66;vehicles_step_sim_9.csv;SUMO_carro_1000;HBEFA4/PC_petrol_Euro-6ab;Gasoline;1773509249;2026-03-14 17:27:29;2026-03-14 17:27:29;0,0;1,410031;1,410031;0,0;12,45641946147186;28774,328955999998;271,4309675;-28502,897988499997;-1,4251448994249998;8,577784;1,9889899999999998;40,77564360647124;-73,96068698429804;40,77297409896376;-73,96219846678166;40,7840871;-73,9585567;40,781976;-73,9632891;True;True;0xCDcF7b2a3352a32cc28FD35C3924f5BD542a25Ea;131;131;131;0;0,0;1,4054974972301395;1,0597204896364893;-0,34577700759365015;133;0;131;0,0;False;0,00939807355957994;-0,00013350504448589678;2,0;vehicles_step_sim_9__run066__SUMO_carro_1000__t0001
67;vehicles_step_sim_9.csv;SUMO_carro_1000;HBEFA4/PC_petrol_Euro-6ab;Gasoline;1773509249;2026-03-14 17:27:29;2026-03-14 17:27:29;0,0;1,410031;1,410031;0,0;12,45641946147186;28774,328955999998;271,4309675;-28502,897988499997;-1,4251448994249998;8,577784;1,9889899999999998;40,77564360647124;-73,96068698429804;40,77297409896376;-73,96219846678166;40,7839845;-73,9524529;40,781225;-73,9543308;True;True;0xCDcF7b2a3352a32cc28FD35C3924f5BD542a25Ea;131;131;131;0;0,0;1,4054974972301395;1,32172227077446;-0,08377522645567947;133;0;131;0,0;False;0,008262242632918153;0,0075377256348987025;2,0;vehicles_step_sim_9__run067__SUMO_carro_1000__t0001
68;vehicles_step_sim_9.csv;SUMO_carro_1000;HBEFA4/PC_petrol_Euro-6ab;Gasoline;1773509249;2026-03-14 17:27:29;2026-03-14 17:27:29;0,0;1,410031;1,410031;0,0;12,45641946147186;28774,328955999998;271,4309675;-28502,897988499997;-1,4251448994249998;8,577784;1,9889899999999998;40,77564360647124;-73,96068698429804;40,77297409896376;-73,96219846678166;40,7890968;-73,9528043;40,7865101;-73,9545515;True;True;0xCDcF7b2a3352a32cc28FD35C3924f5BD542a25Ea;131;131;131;0;0,0;1,4054974972301395;1,6471763620906266;0,24167886486048706;133;0;131;0,0;False;0,013228492875159863;0,00767531303192558;2,0;vehicles_step_sim_9__run068__SUMO_carro_1000__t0001
69;vehicles_step_sim_9.csv;SUMO_carro_1000;HBEFA4/PC_petrol_Euro-6ab;Gasoline;1773509249;2026-03-14 17:27:29;2026-03-14 17:27:29;0,0;1,410031;1,410031;0,0;12,45641946147186;28774,328955999998;271,4309675;-28502,897988499997;-1,4251448994249998;8,577784;1,9889899999999998;40,77564360647124;-73,96068698429804;40,77297409896376;-73,96219846678166;40,7668285;-73,9711438;40,7645262;-73,973592;True;True;0xCDcF7b2a3352a32cc28FD35C3924f5BD542a25Ea;131;131;131;0;0,0;1,4054974972301395;1,266923303395494;-0,13857419383464542;133;0;131;0,0;False;-0,008429665010838121;-0,011426583527367569;2,0;vehicles_step_sim_9__run069__SUMO_carro_1000__t0001
70;vehicles_step_sim_9.csv;SUMO_carro_1000;HBEFA4/PC_petrol_Euro-6ab;Gasoline;1773509249;2026-03-14 17:27:29;2026-03-14 17:27:29;0,0;1,410031;1,410031;0,0;12,45641946147186;28774,328955999998;271,4309675;-28502,897988499997;-1,4251448994249998;8,577784;1,9889899999999998;40,77564360647124;-73,96068698429804;40,77297409896376;-73,96219846678166;40,7744634;-73,965566;40,7718381;-73,9674891;True;True;0xCDcF7b2a3352a32cc28FD35C3924f5BD542a25Ea;131;131;131;0;0,0;1,4054974972301395;1,3839973675244934;-0,021500129705646076;133;0;131;0,0;False;-0,0009720161134033819;-0,005420518557846513;2,0;vehicles_step_sim_9__run070__SUMO_carro_1000__t0001
71;vehicles_step_sim_9.csv;SUMO_carro_1000;HBEFA4/PC_petrol_Euro-6ab;Gasoline;1773509249;2026-03-14 17:27:29;2026-03-14 17:27:29;0,0;1,410031;1,410031;0,0;12,45641946147186;28774,328955999998;271,4309675;-28502,897988499997;-1,4251448994249998;8,577784;1,9889899999999998;40,77564360647124;-73,96068698429804;40,77297409896376;-73,96219846678166;40,7712617;-73,9595056;40,7690157;-73,9609616;True;True;0xCDcF7b2a3352a32cc28FD35C3924f5BD542a25Ea;131;131;131;0;0,0;1,4054974972301395;1,571903772678868;0,16640627544872855;133;0;131;0,0;False;-0,004280626317885969;0,0012368227275302505;2,0;vehicles_step_sim_9__run071__SUMO_carro_1000__t0001
72;vehicles_step_sim_9.csv;SUMO_carro_1000;HBEFA4/PC_petrol_Euro-6ab;Gasoline;1773509249;2026-03-14 17:27:29;2026-03-14 17:27:29;0,0;1,410031;1,410031;0,0;12,45641946147186;28774,328955999998;271,4309675;-28502,897988499997;-1,4251448994249998;8,577784;1,9889899999999998;40,77564360647124;-73,96068698429804;40,77297409896376;-73,96219846678166;40,7678628;-73,9561353;40,7653033;-73,958003;True;True;0xCDcF7b2a3352a32cc28FD35C3924f5BD542a25Ea;131;131;131;0;0,0;1,4054974972301395;1,4598041076088104;0,054306610378670905;133;0;131;0,0;False;-0,007556976822925457;0,004094393904564547;2,0;vehicles_step_sim_9__run072__SUMO_carro_1000__t0001
73;vehicles_step_sim_9.csv;SUMO_carro_1000;HBEFA4/PC_petrol_Euro-6ab;Gasoline;1773509249;2026-03-14 17:27:29;2026-03-14 17:27:29;0,0;1,410031;1,410031;0,0;12,45641946147186;28774,328955999998;271,4309675;-28502,897988499997;-1,4251448994249998;8,577784;1,9889899999999998;40,77564360647124;-73,96068698429804;40,77297409896376;-73,96219846678166;40,781092;-73,9622529;40,7777416;-73,9648425;True;True;0xCDcF7b2a3352a32cc28FD35C3924f5BD542a25Ea;131;131;131;0;0,0;1,4054974972301395;1,4153428493109046;0,00984535208076509;133;0;131;0,0;False;0,005330568575619471;-0,001955726476758477;2,0;vehicles_step_sim_9__run073__SUMO_carro_1000__t0001
74;vehicles_step_sim_9.csv;SUMO_carro_1000;HBEFA4/PC_petrol_Euro-6ab;Gasoline;1773509249;2026-03-14 17:27:29;2026-03-14 17:27:29;0,0;1,410031;1,410031;0,0;12,45641946147186;28774,328955999998;271,4309675;-28502,897988499997;-1,4251448994249998;8,577784;1,9889899999999998;40,77564360647124;-73,96068698429804;40,77297409896376;-73,96219846678166;40,7707855;-73,976129;40,7704772;-73,9756095;True;True;0xCDcF7b2a3352a32cc28FD35C3924f5BD542a25Ea;131;131;131;0;0,0;1,4054974972301395;1,8533258050572656;0,4478283078271261;133;0;131;0,0;False;-0,0029918276630466574;-0,014025365632235446;2,0;vehicles_step_sim_9__run074__SUMO_carro_1000__t0001
75;vehicles_step_sim_9.csv;SUMO_carro_1000;HBEFA4/PC_petrol_Euro-6ab;Gasoline;1773509249;2026-03-14 17:27:29;2026-03-14 17:27:29;0,0;1,410031;1,410031;0,0;12,45641946147186;28774,328955999998;271,4309675;-28502,897988499997;-1,4251448994249998;8,577784;1,9889899999999998;40,77564360647124;-73,96068698429804;40,77297409896376;-73,96219846678166;40,7768111;-73,9552681;40,7740265;-73,956672;True;True;0xCDcF7b2a3352a32cc28FD35C3924f5BD542a25Ea;131;131;131;0;0,0;1,4054974972301395;1,6607180497323324;0,2552205525021929;133;0;131;0,0;False;0,001295265898772501;0,005709657244916398;2,0;vehicles_step_sim_9__run075__SUMO_carro_1000__t0001
76;vehicles_step_sim_9.csv;SUMO_carro_1000;HBEFA4/PC_petrol_Euro-6ab;Gasoline;1773509249;2026-03-14 17:27:29;2026-03-14 17:27:29;0,0;1,410031;1,410031;0,0;12,45641946147186;28774,328955999998;271,4309675;-28502,897988499997;-1,4251448994249998;8,577784;1,9889899999999998;40,77564360647124;-73,96068698429804;40,77297409896376;-73,96219846678166;40,7765182;-73,9757504;40,7706836;-73,9759518;True;True;0xCDcF7b2a3352a32cc28FD35C3924f5BD542a25Ea;131;131;131;0;0,0;1,4054974972301395;3,6622142105328694;2,2567167133027297;133;0;131;0,0;False;-0,0005000608635737853;-0,011817717151441766;2,0;vehicles_step_sim_9__run076__SUMO_carro_1000__t0001
77;vehicles_step_sim_9.csv;SUMO_carro_1000;HBEFA4/PC_petrol_Euro-6ab;Gasoline;1773509249;2026-03-14 17:27:29;2026-03-14 17:27:29;0,0;1,410031;1,410031;0,0;12,45641946147186;28774,328955999998;271,4309675;-28502,897988499997;-1,4251448994249998;8,577784;1,9889899999999998;40,77564360647124;-73,96068698429804;40,77297409896376;-73,96219846678166;40,7879407;-73,9518053;40,7852721;-73,9533797;True;True;0xCDcF7b2a3352a32cc28FD35C3924f5BD542a25Ea;131;131;131;0;0,0;1,4054974972301395;1,489995831049333;0,08449833381919358;133;0;131;0,0;False;0,01231178251550301;0,008900136830417467;2,0;vehicles_step_sim_9__run077__SUMO_carro_1000__t0001
78;vehicles_step_sim_9.csv;SUMO_carro_1000;HBEFA4/PC_petrol_Euro-6ab;Gasoline;1773509249;2026-03-14 17:27:29;2026-03-14 17:27:29;0,0;1,410031;1,410031;0,0;12,45641946147186;28774,328955999998;271,4309675;-28502,897988499997;-1,4251448994249998;8,577784;1,9889899999999998;40,77564360647124;-73,96068698429804;40,77297409896376;-73,96219846678166;40,7827217;-73,9635932;40,7781109;-73,9657361;True;True;0xCDcF7b2a3352a32cc28FD35C3924f5BD542a25Ea;131;131;131;0;0,0;1,4054974972301395;1,6135420974241188;0,2080446001939793;133;0;131;0,0;False;0,006938383983867758;-0,0031643447437190338;2,0;vehicles_step_sim_9__run078__SUMO_carro_1000__t0001
79;vehicles_step_sim_9.csv;SUMO_carro_1000;HBEFA4/PC_petrol_Euro-6ab;Gasoline;1773509249;2026-03-14 17:27:29;2026-03-14 17:27:29;0,0;1,410031;1,410031;0,0;12,45641946147186;28774,328955999998;271,4309675;-28502,897988499997;-1,4251448994249998;8,577784;1,9889899999999998;40,77564360647124;-73,96068698429804;40,77297409896376;-73,96219846678166;40,790149;-73,9592261;40,7902444;-73,9597115;True;True;0xCDcF7b2a3352a32cc28FD35C3924f5BD542a25Ea;131;131;131;0;0,0;1,4054974972301395;1,0229319412351978;-0,3825655559949417;133;0;131;0,0;False;0,0154775459945317;0,0016526236865145498;2,0;vehicles_step_sim_9__run079__SUMO_carro_1000__t0001
80;vehicles_step_sim_9.csv;SUMO_carro_1000;HBEFA4/PC_petrol_Euro-6ab;Gasoline;1773509249;2026-03-14 17:27:29;2026-03-14 17:27:29;0,0;1,410031;1,410031;0,0;12,45641946147186;28774,328955999998;271,4309675;-28502,897988499997;-1,4251448994249998;8,577784;1,9889899999999998;40,77564360647124;-73,96068698429804;40,77297409896376;-73,96219846678166;40,7858619;-73,974777;40,7835942;-73,9752785;True;True;0xCDcF7b2a3352a32cc28FD35C3924f5BD542a25Ea;131;131;131;0;0,0;1,4054974972301395;1,5056515713152123;0,10015407408507282;133;0;131;0,0;False;0,010775879909085104;-0,013780564981429735;2,0;vehicles_step_sim_9__run080__SUMO_carro_1000__t0001
81;vehicles_step_sim_9.csv;SUMO_carro_1000;HBEFA4/PC_petrol_Euro-6ab;Gasoline;1773509249;2026-03-14 17:27:29;2026-03-14 17:27:29;0,0;1,410031;1,410031;0,0;12,45641946147186;28774,328955999998;271,4309675;-28502,897988499997;-1,4251448994249998;8,577784;1,9889899999999998;40,77564360647124;-73,96068698429804;40,77297409896376;-73,96219846678166;40,7789069;-73,9684905;40,7786974;-73,9679871;True;True;0xCDcF7b2a3352a32cc28FD35C3924f5BD542a25Ea;131;131;131;0;0,0;1,4054974972301395;1,8753962995117652;0,4698988022816257;133;0;131;0,0;False;0,003110397683575307;-0,007971541816490808;2,0;vehicles_step_sim_9__run081__SUMO_carro_1000__t0001
82;vehicles_step_sim_9.csv;SUMO_carro_1000;HBEFA4/PC_petrol_Euro-6ab;Gasoline;1773509249;2026-03-14 17:27:29;2026-03-14 17:27:29;0,0;1,410031;1,410031;0,0;12,45641946147186;28774,328955999998;271,4309675;-28502,897988499997;-1,4251448994249998;8,577784;1,9889899999999998;40,77564360647124;-73,96068698429804;40,77297409896376;-73,96219846678166;40,7631704;-73,9626513;40,7608441;-73,9648675;True;True;0xCDcF7b2a3352a32cc28FD35C3924f5BD542a25Ea;131;131;131;0;0,0;1,4054974972301395;1,7032624185578589;0,29776492132771937;133;0;131;0,0;False;-0,012094117538504512;-0,0028897399088380956;2,0;vehicles_step_sim_9__run082__SUMO_carro_1000__t0001
83;vehicles_step_sim_9.csv;SUMO_carro_1000;HBEFA4/PC_petrol_Euro-6ab;Gasoline;1773509249;2026-03-14 17:27:29;2026-03-14 17:27:29;0,0;1,410031;1,410031;0,0;12,45641946147186;28774,328955999998;271,4309675;-28502,897988499997;-1,4251448994249998;8,577784;1,9889899999999998;40,77564360647124;-73,96068698429804;40,77297409896376;-73,96219846678166;40,7649271;-73,9684631;40,762307;-73,9701331;True;True;0xCDcF7b2a3352a32cc28FD35C3924f5BD542a25Ea;131;131;131;0;0,0;1,4054974972301395;1,5113036277197707;0,10580613048963117;133;0;131;0,0;False;-0,010608821223372316;-0,00783174663261001;2,0;vehicles_step_sim_9__run083__SUMO_carro_1000__t0001
84;vehicles_step_sim_9.csv;SUMO_carro_1000;HBEFA4/PC_petrol_Euro-6ab;Gasoline;1773509249;2026-03-14 17:27:29;2026-03-14 17:27:29;0,0;1,410031;1,410031;0,0;12,45641946147186;28774,328955999998;271,4309675;-28502,897988499997;-1,4251448994249998;8,577784;1,9889899999999998;40,77564360647124;-73,96068698429804;40,77297409896376;-73,96219846678166;40,7801181;-73,971281;40,7774869;-73,9750388;True;True;0xCDcF7b2a3352a32cc28FD35C3924f5BD542a25Ea;131;131;131;0;0,0;1,4054974972301395;2,09305575522238;0,6875582579922404;133;0;131;0,0;False;0,0037743624601116917;-0,01139652608256824;2,0;vehicles_step_sim_9__run084__SUMO_carro_1000__t0001
85;vehicles_step_sim_9.csv;SUMO_carro_1000;HBEFA4/PC_petrol_Euro-6ab;Gasoline;1773509249;2026-03-14 17:27:29;2026-03-14 17:27:29;0,0;1,410031;1,410031;0,0;12,45641946147186;28774,328955999998;271,4309675;-28502,897988499997;-1,4251448994249998;8,577784;1,9889899999999998;40,77564360647124;-73,96068698429804;40,77297409896376;-73,96219846678166;40,7596152;-73,9639155;40,7564528;-73,9644695;True;True;0xCDcF7b2a3352a32cc28FD35C3924f5BD542a25Ea;131;131;131;0;0,0;1,4054974972301395;1,4937494251514742;0,08825192792133474;133;0;131;0,0;False;-0,016136273355893137;-0,0030330625431510033;2,0;vehicles_step_sim_9__run085__SUMO_carro_1000__t0001
86;vehicles_step_sim_9.csv;SUMO_carro_1000;HBEFA4/PC_petrol_Euro-6ab;Gasoline;1773509249;2026-03-14 17:27:29;2026-03-14 17:27:29;0,0;1,410031;1,410031;0,0;12,45641946147186;28774,328955999998;271,4309675;-28502,897988499997;-1,4251448994249998;8,577784;1,9889899999999998;40,77564360647124;-73,96068698429804;40,77297409896376;-73,96219846678166;40,7599564;-73,9619465;40,7573612;-73,9636133;True;True;0xCDcF7b2a3352a32cc28FD35C3924f5BD542a25Ea;131;131;131;0;0,0;1,4054974972301395;1,6515305664169475;0,246033069186808;133;0;131;0,0;False;-0,01575588064326472;-0,0012537387784991975;2,0;vehicles_step_sim_9__run086__SUMO_carro_1000__t0001
87;vehicles_step_sim_9.csv;SUMO_carro_1000;HBEFA4/PC_petrol_Euro-6ab;Gasoline;1773509249;2026-03-14 17:27:29;2026-03-14 17:27:29;0,0;1,410031;1,410031;0,0;12,45641946147186;28774,328955999998;271,4309675;-28502,897988499997;-1,4251448994249998;8,577784;1,9889899999999998;40,77564360647124;-73,96068698429804;40,77297409896376;-73,96219846678166;40,7833944;-73,9547495;40,7807738;-73,9565098;True;True;0xCDcF7b2a3352a32cc28FD35C3924f5BD542a25Ea;131;131;131;0;0,0;1,4054974972301395;1,4691348407903653;0,06363734356022577;133;0;131;0,0;False;0,007838644286162476;0,0058923557123091545;2,0;vehicles_step_sim_9__run087__SUMO_carro_1000__t0001
88;vehicles_step_sim_9.csv;SUMO_carro_1000;HBEFA4/PC_petrol_Euro-6ab;Gasoline;1773509249;2026-03-14 17:27:29;2026-03-14 17:27:29;0,0;1,410031;1,410031;0,0;12,45641946147186;28774,328955999998;271,4309675;-28502,897988499997;-1,4251448994249998;8,577784;1,9889899999999998;40,77564360647124;-73,96068698429804;40,77297409896376;-73,96219846678166;40,7772837;-73,9463065;40,7746684;-73,9482111;True;True;0xCDcF7b2a3352a32cc28FD35C3924f5BD542a25Ea;131;131;131;0;0,0;1,4054974972301395;1,0459896668343998;-0,35950783039573975;133;0;131;0,0;False;0,001849081725229449;0,013371328305349785;2,0;vehicles_step_sim_9__run088__SUMO_carro_1000__t0001
89;vehicles_step_sim_9.csv;SUMO_carro_1000;HBEFA4/PC_petrol_Euro-6ab;Gasoline;1773509249;2026-03-14 17:27:29;2026-03-14 17:27:29;0,0;1,410031;1,410031;0,0;12,45641946147186;28774,328955999998;271,4309675;-28502,897988499997;-1,4251448994249998;8,577784;1,9889899999999998;40,77564360647124;-73,96068698429804;40,77297409896376;-73,96219846678166;40,7915698;-73,9641382;40,7886992;-73,9668738;True;True;0xCDcF7b2a3352a32cc28FD35C3924f5BD542a25Ea;131;131;131;0;0,0;1,4054974972301395;2,1713272693206402;0,7658297720905007;133;0;131;0,0;False;0,01536632750591369;-0,003354764583020858;2,0;vehicles_step_sim_9__run089__SUMO_carro_1000__t0001
90;vehicles_step_sim_9.csv;SUMO_carro_1000;HBEFA4/PC_petrol_Euro-6ab;Gasoline;1773509249;2026-03-14 17:27:29;2026-03-14 17:27:29;0,0;1,410031;1,410031;0,0;12,45641946147186;28774,328955999998;271,4309675;-28502,897988499997;-1,4251448994249998;8,577784;1,9889899999999998;40,77564360647124;-73,96068698429804;40,77297409896376;-73,96219846678166;40,7775915;-73,9751177;40,7749695;-73,9770367;True;True;0xCDcF7b2a3352a32cc28FD35C3924f5BD542a25Ea;131;131;131;0;0,0;1,4054974972301395;0,7232471281776954;-0,6822503690524441;133;0;131;0,0;False;0,0020932339771289276;-0,015041512752936454;2,0;vehicles_step_sim_9__run090__SUMO_carro_1000__t0001
91;vehicles_step_sim_9.csv;SUMO_carro_1000;HBEFA4/PC_petrol_Euro-6ab;Gasoline;1773509249;2026-03-14 17:27:29;2026-03-14 17:27:29;0,0;1,410031;1,410031;0,0;12,45641946147186;28774,328955999998;271,4309675;-28502,897988499997;-1,4251448994249998;8,577784;1,9889899999999998;40,77564360647124;-73,96068698429804;40,77297409896376;-73,96219846678166;40,7641545;-73,9669173;40,7615438;-73,9686875;True;True;0xCDcF7b2a3352a32cc28FD35C3924f5BD542a25Ea;131;131;131;0;0,0;1,4054974972301395;1,5292080975886158;0,12371060035847625;133;0;131;0,0;False;-0,011390407470305912;-0,006540336719899294;2,0;vehicles_step_sim_9__run091__SUMO_carro_1000__t0001
92;vehicles_step_sim_9.csv;SUMO_carro_1000;HBEFA4/PC_petrol_Euro-6ab;Gasoline;1773509249;2026-03-14 17:27:29;2026-03-14 17:27:29;0,0;1,410031;1,410031;0,0;12,45641946147186;28774,328955999998;271,4309675;-28502,897988499997;-1,4251448994249998;8,577784;1,9889899999999998;40,77564360647124;-73,96068698429804;40,77297409896376;-73,96219846678166;40,7716825;-73,9460715;40,7695183;-73,948231;True;True;0xCDcF7b2a3352a32cc28FD35C3924f5BD542a25Ea;131;131;131;0;0,0;1,4054974972301395;1,8229199320946758;0,41742243486453634;133;0;131;0,0;False;-0,00411225228020784;0,014716858751570885;2,0;vehicles_step_sim_9__run092__SUMO_carro_1000__t0001
93;vehicles_step_sim_9.csv;SUMO_carro_1000;HBEFA4/PC_petrol_Euro-6ab;Gasoline;1773509249;2026-03-14 17:27:29;2026-03-14 17:27:29;0,0;1,410031;1,410031;0,0;12,45641946147186;28774,328955999998;271,4309675;-28502,897988499997;-1,4251448994249998;8,577784;1,9889899999999998;40,77564360647124;-73,96068698429804;40,77297409896376;-73,96219846678166;40,762396;-73,9722897;40,759799;-73,9741842;True;True;0xCDcF7b2a3352a32cc28FD35C3924f5BD542a25Ea;131;131;131;0;0,0;1,4054974972301395;1,8171967431114242;0,4116992458812847;133;0;131;0,0;False;-0,013049630795874243;-0,011625744432945031;2,0;vehicles_step_sim_9__run093__SUMO_carro_1000__t0001
94;vehicles_step_sim_9.csv;SUMO_carro_1000;HBEFA4/PC_petrol_Euro-6ab;Gasoline;1773509249;2026-03-14 17:27:29;2026-03-14 17:27:29;0,0;1,410031;1,410031;0,0;12,45641946147186;28774,328955999998;271,4309675;-28502,897988499997;-1,4251448994249998;8,577784;1,9889899999999998;40,77564360647124;-73,96068698429804;40,77297409896376;-73,96219846678166;40,790608;-73,960562;40,7884375;-73,9670646;True;True;0xCDcF7b2a3352a32cc28FD35C3924f5BD542a25Ea;131;131;131;0;0,0;1,4054974972301395;3,1594410921425613;1,7539435949124218;133;0;131;0,0;False;0,01389396823345776;-0,000995247864477568;2,0;vehicles_step_sim_9__run094__SUMO_carro_1000__t0001
95;vehicles_step_sim_9.csv;SUMO_carro_1000;HBEFA4/PC_petrol_Euro-6ab;Gasoline;1773509249;2026-03-14 17:27:29;2026-03-14 17:27:29;0,0;1,410031;1,410031;0,0;12,45641946147186;28774,328955999998;271,4309675;-28502,897988499997;-1,4251448994249998;8,577784;1,9889899999999998;40,77564360647124;-73,96068698429804;40,77297409896376;-73,96219846678166;40,7706836;-73,9759518;40,7668247;-73,9789476;True;True;0xCDcF7b2a3352a32cc28FD35C3924f5BD542a25Ea;131;131;131;0;0,0;1,4054974972301395;1,51498479674071;0,10948729951057046;133;0;131;0,0;False;-0,0047587326364730426;-0,015016763569429247;2,0;vehicles_step_sim_9__run095__SUMO_carro_1000__t0001
96;vehicles_step_sim_9.csv;SUMO_carro_1000;HBEFA4/PC_petrol_Euro-6ab;Gasoline;1773509249;2026-03-14 17:27:29;2026-03-14 17:27:29;0,0;1,410031;1,410031;0,0;12,45641946147186;28774,328955999998;271,4309675;-28502,897988499997;-1,4251448994249998;8,577784;1,9889899999999998;40,77564360647124;-73,96068698429804;40,77297409896376;-73,96219846678166;40,763005;-73,9490561;40,7607257;-73,9511242;True;True;0xCDcF7b2a3352a32cc28FD35C3924f5BD542a25Ea;131;131;131;0;0,0;1,4054974972301395;2,19928525988449;0,7937877626543506;133;0;131;0,0;False;-0,012755389351025687;0,01181962508151033;2,0;vehicles_step_sim_9__run096__SUMO_carro_1000__t0001
97;vehicles_step_sim_9.csv;SUMO_carro_1000;HBEFA4/PC_petrol_Euro-6ab;Gasoline;1773509249;2026-03-14 17:27:29;2026-03-14 17:27:29;0,0;1,410031;1,410031;0,0;12,45641946147186;28774,328955999998;271,4309675;-28502,897988499997;-1,4251448994249998;8,577784;1,9889899999999998;40,77564360647124;-73,96068698429804;40,77297409896376;-73,96219846678166;40,7768111;-73,9552681;40,7736588;-73,9558031;True;True;0xCDcF7b2a3352a32cc28FD35C3924f5BD542a25Ea;131;131;131;0;0,0;1,4054974972301395;1,93995517225888;0,5344576750287404;133;0;131;0,0;False;0,0006819414873553451;0,006139489814108809;2,0;vehicles_step_sim_9__run097__SUMO_carro_1000__t0001
98;vehicles_step_sim_9.csv;SUMO_carro_1000;HBEFA4/PC_petrol_Euro-6ab;Gasoline;1773509249;2026-03-14 17:27:29;2026-03-14 17:27:29;0,0;1,410031;1,410031;0,0;12,45641946147186;28774,328955999998;271,4309675;-28502,897988499997;-1,4251448994249998;8,577784;1,9889899999999998;40,77564360647124;-73,96068698429804;40,77297409896376;-73,96219846678166;40,7716884;-73,9612894;40,7690695;-73,9630639;True;True;0xCDcF7b2a3352a32cc28FD35C3924f5BD542a25Ea;131;131;131;0;0,0;1,4054974972301395;1,5624047409146147;0,15690724368447517;133;0;131;0,0;False;-0,004020055562477224;-0,0006619670578977652;2,0;vehicles_step_sim_9__run098__SUMO_carro_1000__t0001
99;vehicles_step_sim_9.csv;SUMO_carro_1000;HBEFA4/PC_petrol_Euro-6ab;Gasoline;1773509249;2026-03-14 17:27:29;2026-03-14 17:27:29;0,0;1,410031;1,410031;0,0;12,45641946147186;28774,328955999998;271,4309675;-28502,897988499997;-1,4251448994249998;8,577784;1,9889899999999998;40,77564360647124;-73,96068698429804;40,77297409896376;-73,96219846678166;40,782917;-73,9636585;40,7816986;-73,9629964;True;True;0xCDcF7b2a3352a32cc28FD35C3924f5BD542a25Ea;131;131;131;0;0,0;1,4054974972301395;1,6441410211431062;0,23864352391296673;133;0;131;0,0;False;0,007506411851332701;-0,0021665906307091437;2,0;vehicles_step_sim_9__run099__SUMO_carro_1000__t0001
100;vehicles_step_sim_9.csv;SUMO_carro_1000;HBEFA4/PC_petrol_Euro-6ab;Gasoline;1773509249;2026-03-14 17:27:29;2026-03-14 17:27:29;0,0;1,410031;1,410031;0,0;12,45641946147186;28774,328955999998;271,4309675;-28502,897988499997;-1,4251448994249998;8,577784;1,9889899999999998;40,77564360647124;-73,96068698429804;40,77297409896376;-73,96219846678166;40,7904622;-73,960301;40,783555;-73,9645572;True;True;0xCDcF7b2a3352a32cc28FD35C3924f5BD542a25Ea;131;131;131;0;0,0;1,4054974972301395;2,563523550871837;1,1580260536416975;133;0;131;0,0;False;0,013829789693510753;-0,0004871697210026096;2,0;vehicles_step_sim_9__run100__SUMO_carro_1000__t0001
1;vehicles_step_sim_6.csv;SUMO_carro_1000;HBEFA4/PC_petrol_Euro-6ab;Gasoline;1773509246;2026-03-14 17:27:26;2026-03-14 17:27:26;0,0;1,424296;1,424296;0,0;10,127130844155845;23393,672250000003;274,17698;-23119,495270000003;-1,1559747635000002;7,333410999999999;2,353417;40,77564360647124;-73,96068698429804;40,77567129564486;-73,96043327796659;40,7813574;-73,9623763;40,7812947;-73,9622116;True;True;0xCDcF7b2a3352a32cc28FD35C3924f5BD542a25Ea;155;155;155;0;0,0;1,4242223720562575;1,9660074544497366;0,5417850823934791;157;0;155;0,0;False;0,006152879614542857;-0,0014873003653066833;2,0;vehicles_step_sim_6__run001__SUMO_carro_1000__t0001
2;vehicles_step_sim_6.csv;SUMO_carro_1000;HBEFA4/PC_petrol_Euro-6ab;Gasoline;1773509246;2026-03-14 17:27:26;2026-03-14 17:27:26;0,0;1,424296;1,424296;0,0;10,127130844155845;23393,672250000003;274,17698;-23119,495270000003;-1,1559747635000002;7,333410999999999;2,353417;40,77564360647124;-73,96068698429804;40,77567129564486;-73,96043327796659;40,7649692;-73,9733392;40,7649692;-73,9733392;True;True;0xCDcF7b2a3352a32cc28FD35C3924f5BD542a25Ea;155;155;155;0;0,0;1,4242223720562575;1,823855292325758;0,3996329202695006;157;0;155;0,0;False;-0,010852416223068576;-0,012628599598160895;2,0;vehicles_step_sim_6__run002__SUMO_carro_1000__t0001
3;vehicles_step_sim_6.csv;SUMO_carro_1000;HBEFA4/PC_petrol_Euro-6ab;Gasoline;1773509246;2026-03-14 17:27:26;2026-03-14 17:27:26;0,0;1,424296;1,424296;0,0;10,127130844155845;23393,672250000003;274,17698;-23119,495270000003;-1,1559747635000002;7,333410999999999;2,353417;40,77564360647124;-73,96068698429804;40,77567129564486;-73,96043327796659;40,7809834;-73,9725008;40,7809834;-73,9725008;True;True;0xCDcF7b2a3352a32cc28FD35C3924f5BD542a25Ea;155;155;155;0;0,0;1,4242223720562575;1,2526454851632027;-0,17157688689305473;157;0;155;0,0;False;0,005761100335835929;-0,012877432589315417;2,0;vehicles_step_sim_6__run003__SUMO_carro_1000__t0001
4;vehicles_step_sim_6.csv;SUMO_carro_1000;HBEFA4/PC_petrol_Euro-6ab;Gasoline;1773509246;2026-03-14 17:27:26;2026-03-14 17:27:26;0,0;1,424296;1,424296;0,0;10,127130844155845;23393,672250000003;274,17698;-23119,495270000003;-1,1559747635000002;7,333410999999999;2,353417;40,77564360647124;-73,96068698429804;40,77567129564486;-73,96043327796659;40,7638878;-73,9721158;40,7638878;-73,9721158;True;True;0xCDcF7b2a3352a32cc28FD35C3924f5BD542a25Ea;155;155;155;0;0,0;1,4242223720562575;1,7621951971750045;0,33797282511874704;157;0;155;0,0;False;-0,011757832423810077;-0,011642928912235584;2,0;vehicles_step_sim_6__run004__SUMO_carro_1000__t0001
5;vehicles_step_sim_6.csv;SUMO_carro_1000;HBEFA4/PC_petrol_Euro-6ab;Gasoline;1773509246;2026-03-14 17:27:26;2026-03-14 17:27:26;0,0;1,424296;1,424296;0,0;10,127130844155845;23393,672250000003;274,17698;-23119,495270000003;-1,1559747635000002;7,333410999999999;2,353417;40,77564360647124;-73,96068698429804;40,77567129564486;-73,96043327796659;40,7781898;-73,9454766;40,7781898;-73,9454766;True;True;0xCDcF7b2a3352a32cc28FD35C3924f5BD542a25Ea;155;155;155;0;0,0;1,4242223720562575;2,190468089636678;0,7662457175804207;157;0;155;0,0;False;0,002669171940356373;0,014802485915319373;2,0;vehicles_step_sim_6__run005__SUMO_carro_1000__t0001
6;vehicles_step_sim_6.csv;SUMO_carro_1000;HBEFA4/PC_petrol_Euro-6ab;Gasoline;1773509246;2026-03-14 17:27:26;2026-03-14 17:27:26;0,0;1,424296;1,424296;0,0;10,127130844155845;23393,672250000003;274,17698;-23119,495270000003;-1,1559747635000002;7,333410999999999;2,353417;40,77564360647124;-73,96068698429804;40,77567129564486;-73,96043327796659;40,7891709;-73,9666796;40,7891709;-73,9666796;True;True;0xCDcF7b2a3352a32cc28FD35C3924f5BD542a25Ea;155;155;155;0;0,0;1,4242223720562575;1,2600788666933018;-0,16414350536295563;157;0;155;0,0;False;0,013829419199032132;-0,006904910614366452;2,0;vehicles_step_sim_6__run006__SUMO_carro_1000__t0001
7;vehicles_step_sim_6.csv;SUMO_carro_1000;HBEFA4/PC_petrol_Euro-6ab;Gasoline;1773509246;2026-03-14 17:27:26;2026-03-14 17:27:26;0,0;1,424296;1,424296;0,0;10,127130844155845;23393,672250000003;274,17698;-23119,495270000003;-1,1559747635000002;7,333410999999999;2,353417;40,77564360647124;-73,96068698429804;40,77567129564486;-73,96043327796659;40,7783835;-73,9431548;40,7782834;-73,9429654;True;True;0xCDcF7b2a3352a32cc28FD35C3924f5BD542a25Ea;155;155;155;0;0,0;1,4242223720562575;2,4273061384439654;1,003083766387708;157;0;155;0,0;False;0,00289628760177157;0,017630960090419198;2,0;vehicles_step_sim_6__run007__SUMO_carro_1000__t0001
8;vehicles_step_sim_6.csv;SUMO_carro_1000;HBEFA4/PC_petrol_Euro-6ab;Gasoline;1773509246;2026-03-14 17:27:26;2026-03-14 17:27:26;0,0;1,424296;1,424296;0,0;10,127130844155845;23393,672250000003;274,17698;-23119,495270000003;-1,1559747635000002;7,333410999999999;2,353417;40,77564360647124;-73,96068698429804;40,77567129564486;-73,96043327796659;40,7721212;-73,9521445;40,7721212;-73,9521445;True;True;0xCDcF7b2a3352a32cc28FD35C3924f5BD542a25Ea;155;155;155;0;0,0;1,4242223720562575;1,58117248335563;0,15695011129937253;157;0;155;0,0;False;-0,0034664746317586478;0,00838134967148957;2,0;vehicles_step_sim_6__run008__SUMO_carro_1000__t0001
9;vehicles_step_sim_6.csv;SUMO_carro_1000;HBEFA4/PC_petrol_Euro-6ab;Gasoline;1773509246;2026-03-14 17:27:26;2026-03-14 17:27:26;0,0;1,424296;1,424296;0,0;10,127130844155845;23393,672250000003;274,17698;-23119,495270000003;-1,1559747635000002;7,333410999999999;2,353417;40,77564360647124;-73,96068698429804;40,77567129564486;-73,96043327796659;40,7814763;-73,9542866;40,7814763;-73,9542866;True;True;0xCDcF7b2a3352a32cc28FD35C3924f5BD542a25Ea;155;155;155;0;0,0;1,4242223720562575;1,530194410759639;0,10597203870338157;157;0;155;0,0;False;0,005771289272822698;0,00579541295359883;2,0;vehicles_step_sim_6__run009__SUMO_carro_1000__t0001
10;vehicles_step_sim_6.csv;SUMO_carro_1000;HBEFA4/PC_petrol_Euro-6ab;Gasoline;1773509246;2026-03-14 17:27:26;2026-03-14 17:27:26;0,0;1,424296;1,424296;0,0;10,127130844155845;23393,672250000003;274,17698;-23119,495270000003;-1,1559747635000002;7,333410999999999;2,353417;40,77564360647124;-73,96068698429804;40,77567129564486;-73,96043327796659;40,7761359;-73,9760303;40,7763121;-73,9758997;True;True;0xCDcF7b2a3352a32cc28FD35C3924f5BD542a25Ea;155;155;155;0;0,0;1,4242223720562575;2,5800141607439944;1,155791788687737;157;0;155;0,0;False;-0,0002563564503530954;-0,013465194440786043;2,0;vehicles_step_sim_6__run010__SUMO_carro_1000__t0001
11;vehicles_step_sim_6.csv;SUMO_carro_1000;HBEFA4/PC_petrol_Euro-6ab;Gasoline;1773509246;2026-03-14 17:27:26;2026-03-14 17:27:26;0,0;1,424296;1,424296;0,0;10,127130844155845;23393,672250000003;274,17698;-23119,495270000003;-1,1559747635000002;7,333410999999999;2,353417;40,77564360647124;-73,96068698429804;40,77567129564486;-73,96043327796659;40,7795446;-73,9701653;40,7794267;-73,9697586;True;True;0xCDcF7b2a3352a32cc28FD35C3924f5BD542a25Ea;155;155;155;0;0,0;1,4242223720562575;2,5055858188464333;1,0813634467901758;157;0;155;0,0;False;0,0028642796641245583;-0,00991214580616959;2,0;vehicles_step_sim_6__run011__SUMO_carro_1000__t0001
12;vehicles_step_sim_6.csv;SUMO_carro_1000;HBEFA4/PC_petrol_Euro-6ab;Gasoline;1773509246;2026-03-14 17:27:26;2026-03-14 17:27:26;0,0;1,424296;1,424296;0,0;10,127130844155845;23393,672250000003;274,17698;-23119,495270000003;-1,1559747635000002;7,333410999999999;2,353417;40,77564360647124;-73,96068698429804;40,77567129564486;-73,96043327796659;40,768815;-73,9721805;40,7668285;-73,9711438;True;True;0xCDcF7b2a3352a32cc28FD35C3924f5BD542a25Ea;155;155;155;0;0,0;1,4242223720562575;1,5400138675967872;0,1157914955405297;157;0;155;0,0;False;-0,008090190375009692;-0,011988903321935878;2,0;vehicles_step_sim_6__run012__SUMO_carro_1000__t0001
13;vehicles_step_sim_6.csv;SUMO_carro_1000;HBEFA4/PC_petrol_Euro-6ab;Gasoline;1773509246;2026-03-14 17:27:26;2026-03-14 17:27:26;0,0;1,424296;1,424296;0,0;10,127130844155845;23393,672250000003;274,17698;-23119,495270000003;-1,1559747635000002;7,333410999999999;2,353417;40,77564360647124;-73,96068698429804;40,77567129564486;-73,96043327796659;40,7786974;-73,9679871;40,7784436;-73,9673756;True;True;0xCDcF7b2a3352a32cc28FD35C3924f5BD542a25Ea;155;155;155;0;0,0;1,4242223720562575;1,5353086038346373;0,11108623177837984;157;0;155;0,0;False;0,0017895219573017128;-0,007899500421798716;2,0;vehicles_step_sim_6__run013__SUMO_carro_1000__t0001
14;vehicles_step_sim_6.csv;SUMO_carro_1000;HBEFA4/PC_petrol_Euro-6ab;Gasoline;1773509246;2026-03-14 17:27:26;2026-03-14 17:27:26;0,0;1,424296;1,424296;0,0;10,127130844155845;23393,672250000003;274,17698;-23119,495270000003;-1,1559747635000002;7,333410999999999;2,353417;40,77564360647124;-73,96068698429804;40,77567129564486;-73,96043327796659;40,7621514;-73,9702472;40,7622017;-73,9700533;True;True;0xCDcF7b2a3352a32cc28FD35C3924f5BD542a25Ea;155;155;155;0;0,0;1,4242223720562575;1,5178617232698461;0,09363935121358868;157;0;155;0,0;False;-0,013520602661939543;-0,009630261272026512;2,0;vehicles_step_sim_6__run014__SUMO_carro_1000__t0001
15;vehicles_step_sim_6.csv;SUMO_carro_1000;HBEFA4/PC_petrol_Euro-6ab;Gasoline;1773509246;2026-03-14 17:27:26;2026-03-14 17:27:26;0,0;1,424296;1,424296;0,0;10,127130844155845;23393,672250000003;274,17698;-23119,495270000003;-1,1559747635000002;7,333410999999999;2,353417;40,77564360647124;-73,96068698429804;40,77567129564486;-73,96043327796659;40,7656295;-73,9761245;40,7656295;-73,9761245;True;True;0xCDcF7b2a3352a32cc28FD35C3924f5BD542a25Ea;155;155;155;0;0,0;1,4242223720562575;1,4436271528763107;0,019404780820053258;157;0;155;0,0;False;-0,00866143649914007;-0,01368929115024607;2,0;vehicles_step_sim_6__run015__SUMO_carro_1000__t0001
16;vehicles_step_sim_6.csv;SUMO_carro_1000;HBEFA4/PC_petrol_Euro-6ab;Gasoline;1773509246;2026-03-14 17:27:26;2026-03-14 17:27:26;0,0;1,424296;1,424296;0,0;10,127130844155845;23393,672250000003;274,17698;-23119,495270000003;-1,1559747635000002;7,333410999999999;2,353417;40,77564360647124;-73,96068698429804;40,77567129564486;-73,96043327796659;40,7895856;-73,9576393;40,7895856;-73,9576393;True;True;0xCDcF7b2a3352a32cc28FD35C3924f5BD542a25Ea;155;155;155;0;0,0;1,4242223720562575;1,372160990610954;-0,05206138144530348;157;0;155;0,0;False;0,015022787304881192;0,0036845524375808472;2,0;vehicles_step_sim_6__run016__SUMO_carro_1000__t0001
17;vehicles_step_sim_6.csv;SUMO_carro_1000;HBEFA4/PC_petrol_Euro-6ab;Gasoline;1773509246;2026-03-14 17:27:26;2026-03-14 17:27:26;0,0;1,424296;1,424296;0,0;10,127130844155845;23393,672250000003;274,17698;-23119,495270000003;-1,1559747635000002;7,333410999999999;2,353417;40,77564360647124;-73,96068698429804;40,77567129564486;-73,96043327796659;40,7865517;-73,9684311;40,7865517;-73,9684311;True;True;0xCDcF7b2a3352a32cc28FD35C3924f5BD542a25Ea;155;155;155;0;0,0;1,4242223720562575;1,3140188609147718;-0,11020351114148563;157;0;155;0,0;False;0,010637157151856504;-0,007578375257952283;2,0;vehicles_step_sim_6__run017__SUMO_carro_1000__t0001
18;vehicles_step_sim_6.csv;SUMO_carro_1000;HBEFA4/PC_petrol_Euro-6ab;Gasoline;1773509246;2026-03-14 17:27:26;2026-03-14 17:27:26;0,0;1,424296;1,424296;0,0;10,127130844155845;23393,672250000003;274,17698;-23119,495270000003;-1,1559747635000002;7,333410999999999;2,353417;40,77564360647124;-73,96068698429804;40,77567129564486;-73,96043327796659;40,7881213;-73,9541807;40,7881213;-73,9541807;True;True;0xCDcF7b2a3352a32cc28FD35C3924f5BD542a25Ea;155;155;155;0;0,0;1,4242223720562575;1,5412146974619712;0,11699232540571369;157;0;155;0,0;False;0,012610240533554033;0,006440152997633953;2,0;vehicles_step_sim_6__run018__SUMO_carro_1000__t0001
19;vehicles_step_sim_6.csv;SUMO_carro_1000;HBEFA4/PC_petrol_Euro-6ab;Gasoline;1773509246;2026-03-14 17:27:26;2026-03-14 17:27:26;0,0;1,424296;1,424296;0,0;10,127130844155845;23393,672250000003;274,17698;-23119,495270000003;-1,1559747635000002;7,333410999999999;2,353417;40,77564360647124;-73,96068698429804;40,77567129564486;-73,96043327796659;40,7691343;-73,9612405;40,7691343;-73,9612405;True;True;0xCDcF7b2a3352a32cc28FD35C3924f5BD542a25Ea;155;155;155;0;0,0;1,4242223720562575;1,359201909071963;-0,06502046298429454;157;0;155;0,0;False;-0,0064111561226115376;-0,0010003712323793932;2,0;vehicles_step_sim_6__run019__SUMO_carro_1000__t0001
20;vehicles_step_sim_6.csv;SUMO_carro_1000;HBEFA4/PC_petrol_Euro-6ab;Gasoline;1773509246;2026-03-14 17:27:26;2026-03-14 17:27:26;0,0;1,424296;1,424296;0,0;10,127130844155845;23393,672250000003;274,17698;-23119,495270000003;-1,1559747635000002;7,333410999999999;2,353417;40,77564360647124;-73,96068698429804;40,77567129564486;-73,96043327796659;40,7821753;-73,9598315;40,7821753;-73,9598315;True;True;0xCDcF7b2a3352a32cc28FD35C3924f5BD542a25Ea;155;155;155;0;0,0;1,4242223720562575;1,6450898060597103;0,22086743400345288;157;0;155;0,0;False;0,006415321943473255;0,0013710499492989609;2,0;vehicles_step_sim_6__run020__SUMO_carro_1000__t0001
21;vehicles_step_sim_6.csv;SUMO_carro_1000;HBEFA4/PC_petrol_Euro-6ab;Gasoline;1773509246;2026-03-14 17:27:26;2026-03-14 17:27:26;0,0;1,424296;1,424296;0,0;10,127130844155845;23393,672250000003;274,17698;-23119,495270000003;-1,1559747635000002;7,333410999999999;2,353417;40,77564360647124;-73,96068698429804;40,77567129564486;-73,96043327796659;40,7840747;-73,954625;40,7840747;-73,954625;True;True;0xCDcF7b2a3352a32cc28FD35C3924f5BD542a25Ea;155;155;155;0;0,0;1,4242223720562575;1,474152310944378;0,04992993888812047;157;0;155;0,0;False;0,008551169322504498;0,005509952000067192;2,0;vehicles_step_sim_6__run021__SUMO_carro_1000__t0001
22;vehicles_step_sim_6.csv;SUMO_carro_1000;HBEFA4/PC_petrol_Euro-6ab;Gasoline;1773509246;2026-03-14 17:27:26;2026-03-14 17:27:26;0,0;1,424296;1,424296;0,0;10,127130844155845;23393,672250000003;274,17698;-23119,495270000003;-1,1559747635000002;7,333410999999999;2,353417;40,77564360647124;-73,96068698429804;40,77567129564486;-73,96043327796659;40,7736594;-73,9579345;40,7736594;-73,9579345;True;True;0xCDcF7b2a3352a32cc28FD35C3924f5BD542a25Ea;155;155;155;0;0,0;1,4242223720562575;1,403603018555077;-0,020619353501180493;157;0;155;0,0;False;-0,0017462727372347245;0,0022009505639573415;2,0;vehicles_step_sim_6__run022__SUMO_carro_1000__t0001
23;vehicles_step_sim_6.csv;SUMO_carro_1000;HBEFA4/PC_petrol_Euro-6ab;Gasoline;1773509246;2026-03-14 17:27:26;2026-03-14 17:27:26;0,0;1,424296;1,424296;0,0;10,127130844155845;23393,672250000003;274,17698;-23119,495270000003;-1,1559747635000002;7,333410999999999;2,353417;40,77564360647124;-73,96068698429804;40,77567129564486;-73,96043327796659;40,7675944;-73,9533769;40,7675944;-73,9533769;True;True;0xCDcF7b2a3352a32cc28FD35C3924f5BD542a25Ea;155;155;155;0;0,0;1,4242223720562575;1,4127555637990883;-0,01146680825716917;157;0;155;0,0;False;-0,007800048947375994;0,006584473821802025;2,0;vehicles_step_sim_6__run023__SUMO_carro_1000__t0001
24;vehicles_step_sim_6.csv;SUMO_carro_1000;HBEFA4/PC_petrol_Euro-6ab;Gasoline;1773509246;2026-03-14 17:27:26;2026-03-14 17:27:26;0,0;1,424296;1,424296;0,0;10,127130844155845;23393,672250000003;274,17698;-23119,495270000003;-1,1559747635000002;7,333410999999999;2,353417;40,77564360647124;-73,96068698429804;40,77567129564486;-73,96043327796659;40,7672237;-73,9505427;40,7674299;-73,9501703;True;True;0xCDcF7b2a3352a32cc28FD35C3924f5BD542a25Ea;155;155;155;0;0,0;1,4242223720562575;1,5978721197690426;0,17364974771278519;157;0;155;0,0;False;-0,007924668267648718;0,00970046860700138;2,0;vehicles_step_sim_6__run024__SUMO_carro_1000__t0001
25;vehicles_step_sim_6.csv;SUMO_carro_1000;HBEFA4/PC_petrol_Euro-6ab;Gasoline;1773509246;2026-03-14 17:27:26;2026-03-14 17:27:26;0,0;1,424296;1,424296;0,0;10,127130844155845;23393,672250000003;274,17698;-23119,495270000003;-1,1559747635000002;7,333410999999999;2,353417;40,77564360647124;-73,96068698429804;40,77567129564486;-73,96043327796659;40,7598012;-73,9649454;40,7598584;-73,9645205;True;True;0xCDcF7b2a3352a32cc28FD35C3924f5BD542a25Ea;155;155;155;0;0,0;1,4242223720562575;1,830810165797041;0,4065877937407836;157;0;155;0,0;False;-0,015985720704602795;-0,0042064074046724315;2,0;vehicles_step_sim_6__run025__SUMO_carro_1000__t0001
26;vehicles_step_sim_6.csv;SUMO_carro_1000;HBEFA4/PC_petrol_Euro-6ab;Gasoline;1773509246;2026-03-14 17:27:26;2026-03-14 17:27:26;0,0;1,424296;1,424296;0,0;10,127130844155845;23393,672250000003;274,17698;-23119,495270000003;-1,1559747635000002;7,333410999999999;2,353417;40,77564360647124;-73,96068698429804;40,77567129564486;-73,96043327796659;40,7769527;-73,9755861;40,7774869;-73,9750388;True;True;0xCDcF7b2a3352a32cc28FD35C3924f5BD542a25Ea;155;155;155;0;0,0;1,4242223720562575;1,6455440778169803;0,22132170576072285;157;0;155;0,0;False;0,0016399339081916385;-0,014824968178503147;2,0;vehicles_step_sim_6__run026__SUMO_carro_1000__t0001
27;vehicles_step_sim_6.csv;SUMO_carro_1000;HBEFA4/PC_petrol_Euro-6ab;Gasoline;1773509246;2026-03-14 17:27:26;2026-03-14 17:27:26;0,0;1,424296;1,424296;0,0;10,127130844155845;23393,672250000003;274,17698;-23119,495270000003;-1,1559747635000002;7,333410999999999;2,353417;40,77564360647124;-73,96068698429804;40,77567129564486;-73,96043327796659;40,7789069;-73,9684905;40,7786974;-73,9679871;True;True;0xCDcF7b2a3352a32cc28FD35C3924f5BD542a25Ea;155;155;155;0;0,0;1,4242223720562575;1,548529713813046;0,12430734175678859;157;0;155;0,0;False;0,004520946570467854;-0,0066116746861322;2,0;vehicles_step_sim_6__run027__SUMO_carro_1000__t0001
28;vehicles_step_sim_6.csv;SUMO_carro_1000;HBEFA4/PC_petrol_Euro-6ab;Gasoline;1773509246;2026-03-14 17:27:26;2026-03-14 17:27:26;0,0;1,424296;1,424296;0,0;10,127130844155845;23393,672250000003;274,17698;-23119,495270000003;-1,1559747635000002;7,333410999999999;2,353417;40,77564360647124;-73,96068698429804;40,77567129564486;-73,96043327796659;40,7792672;-73,9693377;40,7792672;-73,9693377;True;True;0xCDcF7b2a3352a32cc28FD35C3924f5BD542a25Ea;155;155;155;0;0,0;1,4242223720562575;2,5818297009132727;1,1576073288570152;157;0;155;0,0;False;0,002184406917981141;-0,009725429762406453;2,0;vehicles_step_sim_6__run028__SUMO_carro_1000__t0001
29;vehicles_step_sim_6.csv;SUMO_carro_1000;HBEFA4/PC_petrol_Euro-6ab;Gasoline;1773509246;2026-03-14 17:27:26;2026-03-14 17:27:26;0,0;1,424296;1,424296;0,0;10,127130844155845;23393,672250000003;274,17698;-23119,495270000003;-1,1559747635000002;7,333410999999999;2,353417;40,77564360647124;-73,96068698429804;40,77567129564486;-73,96043327796659;40,770955;-73,9430565;40,7709567;-73,9430295;True;True;0xCDcF7b2a3352a32cc28FD35C3924f5BD542a25Ea;155;155;155;0;0,0;1,4242223720562575;1,1984689336540013;-0,22575343840225615;157;0;155;0,0;False;-0,0026059558442260164;0,017353101019891133;2,0;vehicles_step_sim_6__run029__SUMO_carro_1000__t0001
30;vehicles_step_sim_6.csv;SUMO_carro_1000;HBEFA4/PC_petrol_Euro-6ab;Gasoline;1773509246;2026-03-14 17:27:26;2026-03-14 17:27:26;0,0;1,424296;1,424296;0,0;10,127130844155845;23393,672250000003;274,17698;-23119,495270000003;-1,1559747635000002;7,333410999999999;2,353417;40,77564360647124;-73,96068698429804;40,77567129564486;-73,96043327796659;40,7826188;-73,9730915;40,7826188;-73,9730915;True;True;0xCDcF7b2a3352a32cc28FD35C3924f5BD542a25Ea;155;155;155;0;0,0;1,4242223720562575;1,3414198730812184;-0,08280249897503911;157;0;155;0,0;False;0,007194079120170218;-0,012221815575888402;2,0;vehicles_step_sim_6__run030__SUMO_carro_1000__t0001
31;vehicles_step_sim_6.csv;SUMO_carro_1000;HBEFA4/PC_petrol_Euro-6ab;Gasoline;1773509246;2026-03-14 17:27:26;2026-03-14 17:27:26;0,0;1,424296;1,424296;0,0;10,127130844155845;23393,672250000003;274,17698;-23119,495270000003;-1,1559747635000002;7,333410999999999;2,353417;40,77564360647124;-73,96068698429804;40,77567129564486;-73,96043327796659;40,7749904;-73,9651811;40,7751049;-73,9650975;True;True;0xCDcF7b2a3352a32cc28FD35C3924f5BD542a25Ea;155;155;155;0;0,0;1,4242223720562575;0,8489373274960287;-0,5752850445602288;157;0;155;0,0;False;0,0004652697582445651;-0,007102933801885402;2,0;vehicles_step_sim_6__run031__SUMO_carro_1000__t0001
32;vehicles_step_sim_6.csv;SUMO_carro_1000;HBEFA4/PC_petrol_Euro-6ab;Gasoline;1773509246;2026-03-14 17:27:26;2026-03-14 17:27:26;0,0;1,424296;1,424296;0,0;10,127130844155845;23393,672250000003;274,17698;-23119,495270000003;-1,1559747635000002;7,333410999999999;2,353417;40,77564360647124;-73,96068698429804;40,77567129564486;-73,96043327796659;40,7861999;-73,9538223;40,7861999;-73,9538223;True;True;0xCDcF7b2a3352a32cc28FD35C3924f5BD542a25Ea;155;155;155;0;0,0;1,4242223720562575;1,6277414313884566;0,20351905933219916;157;0;155;0,0;False;0,01023729269840102;0,00666802683605365;2,0;vehicles_step_sim_6__run032__SUMO_carro_1000__t0001
33;vehicles_step_sim_6.csv;SUMO_carro_1000;HBEFA4/PC_petrol_Euro-6ab;Gasoline;1773509246;2026-03-14 17:27:26;2026-03-14 17:27:26;0,0;1,424296;1,424296;0,0;10,127130844155845;23393,672250000003;274,17698;-23119,495270000003;-1,1559747635000002;7,333410999999999;2,353417;40,77564360647124;-73,96068698429804;40,77567129564486;-73,96043327796659;40,7628245;-73,9540532;40,7628245;-73,9540532;True;True;0xCDcF7b2a3352a32cc28FD35C3924f5BD542a25Ea;155;155;155;0;0,0;1,4242223720562575;1,5844333718051857;0,16021099974892827;157;0;155;0,0;False;-0,01341778992812232;0,008135677333842559;2,0;vehicles_step_sim_6__run033__SUMO_carro_1000__t0001
34;vehicles_step_sim_6.csv;SUMO_carro_1000;HBEFA4/PC_petrol_Euro-6ab;Gasoline;1773509246;2026-03-14 17:27:26;2026-03-14 17:27:26;0,0;1,424296;1,424296;0,0;10,127130844155845;23393,672250000003;274,17698;-23119,495270000003;-1,1559747635000002;7,333410999999999;2,353417;40,77564360647124;-73,96068698429804;40,77567129564486;-73,96043327796659;40,7740265;-73,956672;40,7740265;-73,956672;True;True;0xCDcF7b2a3352a32cc28FD35C3924f5BD542a25Ea;155;155;155;0;0,0;1,4242223720562575;1,7659227974284393;0,3417004253721818;157;0;155;0,0;False;-0,0014137656778672745;0,004435473443212901;2,0;vehicles_step_sim_6__run034__SUMO_carro_1000__t0001
35;vehicles_step_sim_6.csv;SUMO_carro_1000;HBEFA4/PC_petrol_Euro-6ab;Gasoline;1773509246;2026-03-14 17:27:26;2026-03-14 17:27:26;0,0;1,424296;1,424296;0,0;10,127130844155845;23393,672250000003;274,17698;-23119,495270000003;-1,1559747635000002;7,333410999999999;2,353417;40,77564360647124;-73,96068698429804;40,77567129564486;-73,96043327796659;40,7841677;-73,9584976;40,7841677;-73,9584976;True;True;0xCDcF7b2a3352a32cc28FD35C3924f5BD542a25Ea;155;155;155;0;0,0;1,4242223720562575;1,796007042696847;0,3717846706405896;157;0;155;0,0;False;0,0095485235005632;-0,00010005842902036413;2,0;vehicles_step_sim_6__run035__SUMO_carro_1000__t0001
36;vehicles_step_sim_6.csv;SUMO_carro_1000;HBEFA4/PC_petrol_Euro-6ab;Gasoline;1773509246;2026-03-14 17:27:26;2026-03-14 17:27:26;0,0;1,424296;1,424296;0,0;10,127130844155845;23393,672250000003;274,17698;-23119,495270000003;-1,1559747635000002;7,333410999999999;2,353417;40,77564360647124;-73,96068698429804;40,77567129564486;-73,96043327796659;40,7681844;-73,9589868;40,7681844;-73,9589868;True;True;0xCDcF7b2a3352a32cc28FD35C3924f5BD542a25Ea;155;155;155;0;0,0;1,4242223720562575;1,5623087795207216;0,1380864074644641;157;0;155;0,0;False;-0,007090130509342571;0,001234223907359553;2,0;vehicles_step_sim_6__run036__SUMO_carro_1000__t0001
37;vehicles_step_sim_6.csv;SUMO_carro_1000;HBEFA4/PC_petrol_Euro-6ab;Gasoline;1773509246;2026-03-14 17:27:26;2026-03-14 17:27:26;0,0;1,424296;1,424296;0,0;10,127130844155845;23393,672250000003;274,17698;-23119,495270000003;-1,1559747635000002;7,333410999999999;2,353417;40,77564360647124;-73,96068698429804;40,77567129564486;-73,96043327796659;40,7656295;-73,9761245;40,7656295;-73,9761245;True;True;0xCDcF7b2a3352a32cc28FD35C3924f5BD542a25Ea;155;155;155;0;0,0;1,4242223720562575;1,4205193855380271;-0,0037029865182303112;157;0;155;0,0;False;-0,008743779689383648;-0,014499076969096053;2,0;vehicles_step_sim_6__run037__SUMO_carro_1000__t0001
38;vehicles_step_sim_6.csv;SUMO_carro_1000;HBEFA4/PC_petrol_Euro-6ab;Gasoline;1773509246;2026-03-14 17:27:26;2026-03-14 17:27:26;0,0;1,424296;1,424296;0,0;10,127130844155845;23393,672250000003;274,17698;-23119,495270000003;-1,1559747635000002;7,333410999999999;2,353417;40,77564360647124;-73,96068698429804;40,77567129564486;-73,96043327796659;40,7753677;-73,9586025;40,7753677;-73,9586025;True;True;0xCDcF7b2a3352a32cc28FD35C3924f5BD542a25Ea;155;155;155;0;0,0;1,4242223720562575;1,983918298357803;0,5596959263015455;157;0;155;0,0;False;-0,0003970549241596103;0,0020979986380476;2,0;vehicles_step_sim_6__run038__SUMO_carro_1000__t0001
39;vehicles_step_sim_6.csv;SUMO_carro_1000;HBEFA4/PC_petrol_Euro-6ab;Gasoline;1773509246;2026-03-14 17:27:26;2026-03-14 17:27:26;0,0;1,424296;1,424296;0,0;10,127130844155845;23393,672250000003;274,17698;-23119,495270000003;-1,1559747635000002;7,333410999999999;2,353417;40,77564360647124;-73,96068698429804;40,77567129564486;-73,96043327796659;40,7783175;-73,9588339;40,7783175;-73,9588339;True;True;0xCDcF7b2a3352a32cc28FD35C3924f5BD542a25Ea;155;155;155;0;0,0;1,4242223720562575;1,5311949979999884;0,10697262594373091;157;0;155;0,0;False;0,002639255819312426;0,0013036490826685266;2,0;vehicles_step_sim_6__run039__SUMO_carro_1000__t0001
40;vehicles_step_sim_6.csv;SUMO_carro_1000;HBEFA4/PC_petrol_Euro-6ab;Gasoline;1773509246;2026-03-14 17:27:26;2026-03-14 17:27:26;0,0;1,424296;1,424296;0,0;10,127130844155845;23393,672250000003;274,17698;-23119,495270000003;-1,1559747635000002;7,333410999999999;2,353417;40,77564360647124;-73,96068698429804;40,77567129564486;-73,96043327796659;40,7817851;-73,9631137;40,7817388;-73,9630586;True;True;0xCDcF7b2a3352a32cc28FD35C3924f5BD542a25Ea;155;155;155;0;0,0;1,4242223720562575;1,7371623326177585;0,3129399605615011;157;0;155;0,0;False;0,0057838488800259985;-0,0030955542135217783;2,0;vehicles_step_sim_6__run040__SUMO_carro_1000__t0001
41;vehicles_step_sim_6.csv;SUMO_carro_1000;HBEFA4/PC_petrol_Euro-6ab;Gasoline;1773509246;2026-03-14 17:27:26;2026-03-14 17:27:26;0,0;1,424296;1,424296;0,0;10,127130844155845;23393,672250000003;274,17698;-23119,495270000003;-1,1559747635000002;7,333410999999999;2,353417;40,77564360647124;-73,96068698429804;40,77567129564486;-73,96043327796659;40,77403;-73,948678;40,77403;-73,948678;True;True;0xCDcF7b2a3352a32cc28FD35C3924f5BD542a25Ea;155;155;155;0;0,0;1,4242223720562575;1,5481400290860396;0,12391765702978219;157;0;155;0,0;False;-0,0012447887977519037;0,011389679669209278;2,0;vehicles_step_sim_6__run041__SUMO_carro_1000__t0001
42;vehicles_step_sim_6.csv;SUMO_carro_1000;HBEFA4/PC_petrol_Euro-6ab;Gasoline;1773509246;2026-03-14 17:27:26;2026-03-14 17:27:26;0,0;1,424296;1,424296;0,0;10,127130844155845;23393,672250000003;274,17698;-23119,495270000003;-1,1559747635000002;7,333410999999999;2,353417;40,77564360647124;-73,96068698429804;40,77567129564486;-73,96043327796659;40,7709492;-73,9430801;40,7709492;-73,9430801;True;True;0xCDcF7b2a3352a32cc28FD35C3924f5BD542a25Ea;155;155;155;0;0,0;1,4242223720562575;1,4135977017516557;-0,010624670304601791;157;0;155;0,0;False;-0,0016533301054810407;0,015846730520822194;2,0;vehicles_step_sim_6__run042__SUMO_carro_1000__t0001
43;vehicles_step_sim_6.csv;SUMO_carro_1000;HBEFA4/PC_petrol_Euro-6ab;Gasoline;1773509246;2026-03-14 17:27:26;2026-03-14 17:27:26;0,0;1,424296;1,424296;0,0;10,127130844155845;23393,672250000003;274,17698;-23119,495270000003;-1,1559747635000002;7,333410999999999;2,353417;40,77564360647124;-73,96068698429804;40,77567129564486;-73,96043327796659;40,7646734;-73,9472222;40,7648071;-73,9471003;True;True;0xCDcF7b2a3352a32cc28FD35C3924f5BD542a25Ea;155;155;155;0;0,0;1,4242223720562575;1,7776592639192768;0,3534368918630193;157;0;155;0,0;False;-0,010951116744952472;0,013508306454298027;2,0;vehicles_step_sim_6__run043__SUMO_carro_1000__t0001
44;vehicles_step_sim_6.csv;SUMO_carro_1000;HBEFA4/PC_petrol_Euro-6ab;Gasoline;1773509246;2026-03-14 17:27:26;2026-03-14 17:27:26;0,0;1,424296;1,424296;0,0;10,127130844155845;23393,672250000003;274,17698;-23119,495270000003;-1,1559747635000002;7,333410999999999;2,353417;40,77564360647124;-73,96068698429804;40,77567129564486;-73,96043327796659;40,7896319;-73,9499793;40,7896319;-73,9499793;True;True;0xCDcF7b2a3352a32cc28FD35C3924f5BD542a25Ea;155;155;155;0;0,0;1,4242223720562575;1,7089174353931886;0,2846950633369312;157;0;155;0,0;False;0,013713320432414095;0,011107498918933567;2,0;vehicles_step_sim_6__run044__SUMO_carro_1000__t0001
45;vehicles_step_sim_6.csv;SUMO_carro_1000;HBEFA4/PC_petrol_Euro-6ab;Gasoline;1773509246;2026-03-14 17:27:26;2026-03-14 17:27:26;0,0;1,424296;1,424296;0,0;10,127130844155845;23393,672250000003;274,17698;-23119,495270000003;-1,1559747635000002;7,333410999999999;2,353417;40,77564360647124;-73,96068698429804;40,77567129564486;-73,96043327796659;40,7854008;-73,9575948;40,7859138;-73,9572197;True;True;0xCDcF7b2a3352a32cc28FD35C3924f5BD542a25Ea;155;155;155;0;0,0;1,4242223720562575;1,489525249306564;0,06530287725030659;157;0;155;0,0;False;0,011422775399093836;-0,00010179629934561741;2,0;vehicles_step_sim_6__run045__SUMO_carro_1000__t0001
46;vehicles_step_sim_6.csv;SUMO_carro_1000;HBEFA4/PC_petrol_Euro-6ab;Gasoline;1773509246;2026-03-14 17:27:26;2026-03-14 17:27:26;0,0;1,424296;1,424296;0,0;10,127130844155845;23393,672250000003;274,17698;-23119,495270000003;-1,1559747635000002;7,333410999999999;2,353417;40,77564360647124;-73,96068698429804;40,77567129564486;-73,96043327796659;40,7710408;-73,9467906;40,7698806;-73,9444277;True;True;0xCDcF7b2a3352a32cc28FD35C3924f5BD542a25Ea;155;155;155;0;0,0;1,4242223720562575;1,3657080283229435;-0,05851434373331399;157;0;155;0,0;False;-0,005447467106425177;0,01561548279069907;2,0;vehicles_step_sim_6__run046__SUMO_carro_1000__t0001
47;vehicles_step_sim_6.csv;SUMO_carro_1000;HBEFA4/PC_petrol_Euro-6ab;Gasoline;1773509246;2026-03-14 17:27:26;2026-03-14 17:27:26;0,0;1,424296;1,424296;0,0;10,127130844155845;23393,672250000003;274,17698;-23119,495270000003;-1,1559747635000002;7,333410999999999;2,353417;40,77564360647124;-73,96068698429804;40,77567129564486;-73,96043327796659;40,7857827;-73,9704795;40,7855212;-73,9698584;True;True;0xCDcF7b2a3352a32cc28FD35C3924f5BD542a25Ea;155;155;155;0;0,0;1,4242223720562575;2,0073639494752076;0,5831415774189501;157;0;155;0,0;False;0,009863470855060162;-0,00973166977035654;2,0;vehicles_step_sim_6__run047__SUMO_carro_1000__t0001
48;vehicles_step_sim_6.csv;SUMO_carro_1000;HBEFA4/PC_petrol_Euro-6ab;Gasoline;1773509246;2026-03-14 17:27:26;2026-03-14 17:27:26;0,0;1,424296;1,424296;0,0;10,127130844155845;23393,672250000003;274,17698;-23119,495270000003;-1,1559747635000002;7,333410999999999;2,353417;40,77564360647124;-73,96068698429804;40,77567129564486;-73,96043327796659;40,7749852;-73,9529039;40,7749852;-73,9529039;True;True;0xCDcF7b2a3352a32cc28FD35C3924f5BD542a25Ea;155;155;155;0;0,0;1,4242223720562575;1,737980118067593;0,31375774601133544;157;0;155;0,0;False;-0,0008002249466914134;0,007329832089839957;2,0;vehicles_step_sim_6__run048__SUMO_carro_1000__t0001
49;vehicles_step_sim_6.csv;SUMO_carro_1000;HBEFA4/PC_petrol_Euro-6ab;Gasoline;1773509246;2026-03-14 17:27:26;2026-03-14 17:27:26;0,0;1,424296;1,424296;0,0;10,127130844155845;23393,672250000003;274,17698;-23119,495270000003;-1,1559747635000002;7,333410999999999;2,353417;40,77564360647124;-73,96068698429804;40,77567129564486;-73,96043327796659;40,7897945;-73,9662234;40,7897945;-73,9662234;True;True;0xCDcF7b2a3352a32cc28FD35C3924f5BD542a25Ea;155;155;155;0;0,0;1,4242223720562575;1,3631846778989816;-0,06103769415727589;157;0;155;0,0;False;0,014407902547363263;-0,006415514376036525;2,0;vehicles_step_sim_6__run049__SUMO_carro_1000__t0001
50;vehicles_step_sim_6.csv;SUMO_carro_1000;HBEFA4/PC_petrol_Euro-6ab;Gasoline;1773509246;2026-03-14 17:27:26;2026-03-14 17:27:26;0,0;1,424296;1,424296;0,0;10,127130844155845;23393,672250000003;274,17698;-23119,495270000003;-1,1559747635000002;7,333410999999999;2,353417;40,77564360647124;-73,96068698429804;40,77567129564486;-73,96043327796659;40,7673167;-73,9534135;40,7674836;-73,9531127;True;True;0xCDcF7b2a3352a32cc28FD35C3924f5BD542a25Ea;155;155;155;0;0,0;1,4242223720562575;1,2469821899945643;-0,17724018206169312;157;0;155;0,0;False;-0,008466495295403099;0,007618909149039966;2,0;vehicles_step_sim_6__run050__SUMO_carro_1000__t0001
51;vehicles_step_sim_6.csv;SUMO_carro_1000;HBEFA4/PC_petrol_Euro-6ab;Gasoline;1773509246;2026-03-14 17:27:26;2026-03-14 17:27:26;0,0;1,424296;1,424296;0,0;10,127130844155845;23393,672250000003;274,17698;-23119,495270000003;-1,1559747635000002;7,333410999999999;2,353417;40,77564360647124;-73,96068698429804;40,77567129564486;-73,96043327796659;40,7789069;-73,9684905;40,7786974;-73,9679871;True;True;0xCDcF7b2a3352a32cc28FD35C3924f5BD542a25Ea;155;155;155;0;0,0;1,4242223720562575;4,01215644512779;2,5879340730715326;157;0;155;0,0;False;0,00019547396224785536;-0,009785496051743017;2,0;vehicles_step_sim_6__run051__SUMO_carro_1000__t0001
52;vehicles_step_sim_6.csv;SUMO_carro_1000;HBEFA4/PC_petrol_Euro-6ab;Gasoline;1773509246;2026-03-14 17:27:26;2026-03-14 17:27:26;0,0;1,424296;1,424296;0,0;10,127130844155845;23393,672250000003;274,17698;-23119,495270000003;-1,1559747635000002;7,333410999999999;2,353417;40,77564360647124;-73,96068698429804;40,77567129564486;-73,96043327796659;40,7636742;-73,9696511;40,7636742;-73,9696511;True;True;0xCDcF7b2a3352a32cc28FD35C3924f5BD542a25Ea;155;155;155;0;0,0;1,4242223720562575;1,6190522558823979;0,19482988382614042;157;0;155;0,0;False;-0,012087986792614313;-0,009335166607401819;2,0;vehicles_step_sim_6__run052__SUMO_carro_1000__t0001
53;vehicles_step_sim_6.csv;SUMO_carro_1000;HBEFA4/PC_petrol_Euro-6ab;Gasoline;1773509246;2026-03-14 17:27:26;2026-03-14 17:27:26;0,0;1,424296;1,424296;0,0;10,127130844155845;23393,672250000003;274,17698;-23119,495270000003;-1,1559747635000002;7,333410999999999;2,353417;40,77564360647124;-73,96068698429804;40,77567129564486;-73,96043327796659;40,7634207;-73,9535266;40,7639358;-73,953183;True;True;0xCDcF7b2a3352a32cc28FD35C3924f5BD542a25Ea;155;155;155;0;0,0;1,4242223720562575;1,495294755066253;0,07107238300999552;157;0;155;0,0;False;-0,012611615083049563;0,008784101959201523;2,0;vehicles_step_sim_6__run053__SUMO_carro_1000__t0001
54;vehicles_step_sim_6.csv;SUMO_carro_1000;HBEFA4/PC_petrol_Euro-6ab;Gasoline;1773509246;2026-03-14 17:27:26;2026-03-14 17:27:26;0,0;1,424296;1,424296;0,0;10,127130844155845;23393,672250000003;274,17698;-23119,495270000003;-1,1559747635000002;7,333410999999999;2,353417;40,77564360647124;-73,96068698429804;40,77567129564486;-73,96043327796659;40,7802167;-73,9469228;40,7806193;-73,9466246;True;True;0xCDcF7b2a3352a32cc28FD35C3924f5BD542a25Ea;155;155;155;0;0,0;1,4242223720562575;1,5346764473082695;0,11045407525201201;157;0;155;0,0;False;0,004904401428757105;0,013506842186480596;2,0;vehicles_step_sim_6__run054__SUMO_carro_1000__t0001
55;vehicles_step_sim_6.csv;SUMO_carro_1000;HBEFA4/PC_petrol_Euro-6ab;Gasoline;1773509246;2026-03-14 17:27:26;2026-03-14 17:27:26;0,0;1,424296;1,424296;0,0;10,127130844155845;23393,672250000003;274,17698;-23119,495270000003;-1,1559747635000002;7,333410999999999;2,353417;40,77564360647124;-73,96068698429804;40,77567129564486;-73,96043327796659;40,7904169;-73,9602077;40,7903388;-73,9600164;True;True;0xCDcF7b2a3352a32cc28FD35C3924f5BD542a25Ea;155;155;155;0;0,0;1,4242223720562575;2,648837985116329;1,2246156130600714;157;0;155;0,0;False;0,014140390678260749;3,5621511795293e-06;2,0;vehicles_step_sim_6__run055__SUMO_carro_1000__t0001
56;vehicles_step_sim_6.csv;SUMO_carro_1000;HBEFA4/PC_petrol_Euro-6ab;Gasoline;1773509246;2026-03-14 17:27:26;2026-03-14 17:27:26;0,0;1,424296;1,424296;0,0;10,127130844155845;23393,672250000003;274,17698;-23119,495270000003;-1,1559747635000002;7,333410999999999;2,353417;40,77564360647124;-73,96068698429804;40,77567129564486;-73,96043327796659;40,7589604;-73,9655676;40,7589604;-73,9655676;True;True;0xCDcF7b2a3352a32cc28FD35C3924f5BD542a25Ea;155;155;155;0;0,0;1,4242223720562575;1,8525646431720826;0,4283422711158251;157;0;155;0,0;False;-0,016728127496307425;-0,004946881613383332;2,0;vehicles_step_sim_6__run056__SUMO_carro_1000__t0001
57;vehicles_step_sim_6.csv;SUMO_carro_1000;HBEFA4/PC_petrol_Euro-6ab;Gasoline;1773509246;2026-03-14 17:27:26;2026-03-14 17:27:26;0,0;1,424296;1,424296;0,0;10,127130844155845;23393,672250000003;274,17698;-23119,495270000003;-1,1559747635000002;7,333410999999999;2,353417;40,77564360647124;-73,96068698429804;40,77567129564486;-73,96043327796659;40,7730397;-73,9463315;40,7730397;-73,9463315;True;True;0xCDcF7b2a3352a32cc28FD35C3924f5BD542a25Ea;155;155;155;0;0,0;1,4242223720562575;1,6869882746340106;0,2627659025777531;157;0;155;0,0;False;-0,002064529031177112;0,013597363027357241;2,0;vehicles_step_sim_6__run057__SUMO_carro_1000__t0001
58;vehicles_step_sim_6.csv;SUMO_carro_1000;HBEFA4/PC_petrol_Euro-6ab;Gasoline;1773509246;2026-03-14 17:27:26;2026-03-14 17:27:26;0,0;1,424296;1,424296;0,0;10,127130844155845;23393,672250000003;274,17698;-23119,495270000003;-1,1559747635000002;7,333410999999999;2,353417;40,77564360647124;-73,96068698429804;40,77567129564486;-73,96043327796659;40,7793976;-73,9696657;40,779366;-73,9695735;True;True;0xCDcF7b2a3352a32cc28FD35C3924f5BD542a25Ea;155;155;155;0;0,0;1,4242223720562575;0,8859546887886991;-0,5382676832675584;157;0;155;0,0;False;0,005044955728477745;-0,008161099765917224;2,0;vehicles_step_sim_6__run058__SUMO_carro_1000__t0001
59;vehicles_step_sim_6.csv;SUMO_carro_1000;HBEFA4/PC_petrol_Euro-6ab;Gasoline;1773509246;2026-03-14 17:27:26;2026-03-14 17:27:26;0,0;1,424296;1,424296;0,0;10,127130844155845;23393,672250000003;274,17698;-23119,495270000003;-1,1559747635000002;7,333410999999999;2,353417;40,77564360647124;-73,96068698429804;40,77567129564486;-73,96043327796659;40,770926;-73,9431311;40,7709384;-73,9431057;True;True;0xCDcF7b2a3352a32cc28FD35C3924f5BD542a25Ea;155;155;155;0;0,0;1,4242223720562575;1,5152493859347511;0,09102701387849366;157;0;155;0,0;False;-0,0027539369066089635;0,015791116725489694;2,0;vehicles_step_sim_6__run059__SUMO_carro_1000__t0001
60;vehicles_step_sim_6.csv;SUMO_carro_1000;HBEFA4/PC_petrol_Euro-6ab;Gasoline;1773509246;2026-03-14 17:27:26;2026-03-14 17:27:26;0,0;1,424296;1,424296;0,0;10,127130844155845;23393,672250000003;274,17698;-23119,495270000003;-1,1559747635000002;7,333410999999999;2,353417;40,77564360647124;-73,96068698429804;40,77567129564486;-73,96043327796659;40,7783776;-73,9672115;40,7783247;-73,96704;True;True;0xCDcF7b2a3352a32cc28FD35C3924f5BD542a25Ea;155;155;155;0;0,0;1,4242223720562575;1,4137326643582857;-0,01048970769797175;157;0;155;0,0;False;0,0021149246336492865;-0,006908823709624103;2,0;vehicles_step_sim_6__run060__SUMO_carro_1000__t0001
61;vehicles_step_sim_6.csv;SUMO_carro_1000;HBEFA4/PC_petrol_Euro-6ab;Gasoline;1773509246;2026-03-14 17:27:26;2026-03-14 17:27:26;0,0;1,424296;1,424296;0,0;10,127130844155845;23393,672250000003;274,17698;-23119,495270000003;-1,1559747635000002;7,333410999999999;2,353417;40,77564360647124;-73,96068698429804;40,77567129564486;-73,96043327796659;40,7704475;-73,9542493;40,7704475;-73,9542493;True;True;0xCDcF7b2a3352a32cc28FD35C3924f5BD542a25Ea;155;155;155;0;0,0;1,4242223720562575;1,4602578069234244;0,03603543486716698;157;0;155;0,0;False;-0,004905633071475629;0,006184507753788255;2,0;vehicles_step_sim_6__run061__SUMO_carro_1000__t0001
62;vehicles_step_sim_6.csv;SUMO_carro_1000;HBEFA4/PC_petrol_Euro-6ab;Gasoline;1773509246;2026-03-14 17:27:26;2026-03-14 17:27:26;0,0;1,424296;1,424296;0,0;10,127130844155845;23393,672250000003;274,17698;-23119,495270000003;-1,1559747635000002;7,333410999999999;2,353417;40,77564360647124;-73,96068698429804;40,77567129564486;-73,96043327796659;40,775564;-73,9603123;40,7754083;-73,959942;True;True;0xCDcF7b2a3352a32cc28FD35C3924f5BD542a25Ea;155;155;155;0;0,0;1,4242223720562575;1,5050005937201014;0,08077822166384396;157;0;155;0,0;False;-0,00026351709836832835;0,0004522565825428339;2,0;vehicles_step_sim_6__run062__SUMO_carro_1000__t0001
63;vehicles_step_sim_6.csv;SUMO_carro_1000;HBEFA4/PC_petrol_Euro-6ab;Gasoline;1773509246;2026-03-14 17:27:26;2026-03-14 17:27:26;0,0;1,424296;1,424296;0,0;10,127130844155845;23393,672250000003;274,17698;-23119,495270000003;-1,1559747635000002;7,333410999999999;2,353417;40,77564360647124;-73,96068698429804;40,77567129564486;-73,96043327796659;40,7788637;-73,9561867;40,7788637;-73,9561867;True;True;0xCDcF7b2a3352a32cc28FD35C3924f5BD542a25Ea;155;155;155;0;0,0;1,4242223720562575;1,4385356192318646;0,014313247175607113;157;0;155;0,0;False;0,0033116273049290552;0,003797662597095729;2,0;vehicles_step_sim_6__run063__SUMO_carro_1000__t0001
64;vehicles_step_sim_6.csv;SUMO_carro_1000;HBEFA4/PC_petrol_Euro-6ab;Gasoline;1773509246;2026-03-14 17:27:26;2026-03-14 17:27:26;0,0;1,424296;1,424296;0,0;10,127130844155845;23393,672250000003;274,17698;-23119,495270000003;-1,1559747635000002;7,333410999999999;2,353417;40,77564360647124;-73,96068698429804;40,77567129564486;-73,96043327796659;40,7775922;-73,9749628;40,7775922;-73,9749628;True;True;0xCDcF7b2a3352a32cc28FD35C3924f5BD542a25Ea;155;155;155;0;0,0;1,4242223720562575;3,2530865943484635;1,828864222292206;157;0;155;0,0;False;0,0011562770876562586;-0,011894335288882172;2,0;vehicles_step_sim_6__run064__SUMO_carro_1000__t0001
65;vehicles_step_sim_6.csv;SUMO_carro_1000;HBEFA4/PC_petrol_Euro-6ab;Gasoline;1773509246;2026-03-14 17:27:26;2026-03-14 17:27:26;0,0;1,424296;1,424296;0,0;10,127130844155845;23393,672250000003;274,17698;-23119,495270000003;-1,1559747635000002;7,333410999999999;2,353417;40,77564360647124;-73,96068698429804;40,77567129564486;-73,96043327796659;40,7707855;-73,976129;40,7707855;-73,976129;True;True;0xCDcF7b2a3352a32cc28FD35C3924f5BD542a25Ea;155;155;155;0;0,0;1,4242223720562575;0,7090410784355866;-0,7151812936206708;157;0;155;0,0;False;-0,0036200309245110014;-0,014668142161764196;2,0;vehicles_step_sim_6__run065__SUMO_carro_1000__t0001
66;vehicles_step_sim_6.csv;SUMO_carro_1000;HBEFA4/PC_petrol_Euro-6ab;Gasoline;1773509246;2026-03-14 17:27:26;2026-03-14 17:27:26;0,0;1,424296;1,424296;0,0;10,127130844155845;23393,672250000003;274,17698;-23119,495270000003;-1,1559747635000002;7,333410999999999;2,353417;40,77564360647124;-73,96068698429804;40,77567129564486;-73,96043327796659;40,7649033;-73,9686932;40,7649033;-73,9686932;True;True;0xCDcF7b2a3352a32cc28FD35C3924f5BD542a25Ea;155;155;155;0;0,0;1,4242223720562575;1,566241754854786;0,14201938279852855;157;0;155;0,0;False;-0,01072601162684653;-0,008354771614322411;2,0;vehicles_step_sim_6__run066__SUMO_carro_1000__t0001
67;vehicles_step_sim_6.csv;SUMO_carro_1000;HBEFA4/PC_petrol_Euro-6ab;Gasoline;1773509246;2026-03-14 17:27:26;2026-03-14 17:27:26;0,0;1,424296;1,424296;0,0;10,127130844155845;23393,672250000003;274,17698;-23119,495270000003;-1,1559747635000002;7,333410999999999;2,353417;40,77564360647124;-73,96068698429804;40,77567129564486;-73,96043327796659;40,7789465;-73,9622984;40,7790041;-73,9622553;True;True;0xCDcF7b2a3352a32cc28FD35C3924f5BD542a25Ea;155;155;155;0;0,0;1,4242223720562575;1,4022136891214003;-0,022008682934857138;157;0;155;0,0;False;0,0042734705324788255;-0,003850075443667777;2,0;vehicles_step_sim_6__run067__SUMO_carro_1000__t0001
68;vehicles_step_sim_6.csv;SUMO_carro_1000;HBEFA4/PC_petrol_Euro-6ab;Gasoline;1773509246;2026-03-14 17:27:26;2026-03-14 17:27:26;0,0;1,424296;1,424296;0,0;10,127130844155845;23393,672250000003;274,17698;-23119,495270000003;-1,1559747635000002;7,333410999999999;2,353417;40,77564360647124;-73,96068698429804;40,77567129564486;-73,96043327796659;40,7724162;-73,964824;40,7724162;-73,964824;True;True;0xCDcF7b2a3352a32cc28FD35C3924f5BD542a25Ea;155;155;155;0;0,0;1,4242223720562575;1,4950155362997068;0,07079316424344939;157;0;155;0,0;False;-0,003327901208396632;-0,003925446530111912;2,0;vehicles_step_sim_6__run068__SUMO_carro_1000__t0001
69;vehicles_step_sim_6.csv;SUMO_carro_1000;HBEFA4/PC_petrol_Euro-6ab;Gasoline;1773509246;2026-03-14 17:27:26;2026-03-14 17:27:26;0,0;1,424296;1,424296;0,0;10,127130844155845;23393,672250000003;274,17698;-23119,495270000003;-1,1559747635000002;7,333410999999999;2,353417;40,77564360647124;-73,96068698429804;40,77567129564486;-73,96043327796659;40,7704961;-73,9480136;40,7704181;-73,9475237;True;True;0xCDcF7b2a3352a32cc28FD35C3924f5BD542a25Ea;155;155;155;0;0,0;1,4242223720562575;1,5174945465772924;0,09327217452103498;157;0;155;0,0;False;-0,00516279171389456;0,012783514801878004;2,0;vehicles_step_sim_6__run069__SUMO_carro_1000__t0001
70;vehicles_step_sim_6.csv;SUMO_carro_1000;HBEFA4/PC_petrol_Euro-6ab;Gasoline;1773509246;2026-03-14 17:27:26;2026-03-14 17:27:26;0,0;1,424296;1,424296;0,0;10,127130844155845;23393,672250000003;274,17698;-23119,495270000003;-1,1559747635000002;7,333410999999999;2,353417;40,77564360647124;-73,96068698429804;40,77567129564486;-73,96043327796659;40,7833492;-73,9640817;40,7841677;-73,9584976;True;True;0xCDcF7b2a3352a32cc28FD35C3924f5BD542a25Ea;155;155;155;0;0,0;1,4242223720562575;0,8252244969407398;-0,5989978751155176;157;0;155;0,0;False;0,009997664558830525;-0,001175159318839809;2,0;vehicles_step_sim_6__run070__SUMO_carro_1000__t0001
71;vehicles_step_sim_6.csv;SUMO_carro_1000;HBEFA4/PC_petrol_Euro-6ab;Gasoline;1773509246;2026-03-14 17:27:26;2026-03-14 17:27:26;0,0;1,424296;1,424296;0,0;10,127130844155845;23393,672250000003;274,17698;-23119,495270000003;-1,1559747635000002;7,333410999999999;2,353417;40,77564360647124;-73,96068698429804;40,77567129564486;-73,96043327796659;40,7781184;-73,9745824;40,7781184;-73,9745824;True;True;0xCDcF7b2a3352a32cc28FD35C3924f5BD542a25Ea;155;155;155;0;0,0;1,4242223720562575;3,1057334744652807;1,6815111024090232;157;0;155;0,0;False;0,001622574379593571;-0,012527912647912297;2,0;vehicles_step_sim_6__run071__SUMO_carro_1000__t0001
72;vehicles_step_sim_6.csv;SUMO_carro_1000;HBEFA4/PC_petrol_Euro-6ab;Gasoline;1773509246;2026-03-14 17:27:26;2026-03-14 17:27:26;0,0;1,424296;1,424296;0,0;10,127130844155845;23393,672250000003;274,17698;-23119,495270000003;-1,1559747635000002;7,333410999999999;2,353417;40,77564360647124;-73,96068698429804;40,77567129564486;-73,96043327796659;40,7658164;-73,9574381;40,765814;-73,9572751;True;True;0xCDcF7b2a3352a32cc28FD35C3924f5BD542a25Ea;155;155;155;0;0,0;1,4242223720562575;1,6743783493250395;0,250155977268782;157;0;155;0,0;False;-0,009836491103614047;0,003291394949929295;2,0;vehicles_step_sim_6__run072__SUMO_carro_1000__t0001
73;vehicles_step_sim_6.csv;SUMO_carro_1000;HBEFA4/PC_petrol_Euro-6ab;Gasoline;1773509246;2026-03-14 17:27:26;2026-03-14 17:27:26;0,0;1,424296;1,424296;0,0;10,127130844155845;23393,672250000003;274,17698;-23119,495270000003;-1,1559747635000002;7,333410999999999;2,353417;40,77564360647124;-73,96068698429804;40,77567129564486;-73,96043327796659;40,7840515;-73,9702639;40,7842861;-73,9700939;True;True;0xCDcF7b2a3352a32cc28FD35C3924f5BD542a25Ea;155;155;155;0;0,0;1,4242223720562575;1,9719127331373894;0,5476903610811319;157;0;155;0,0;False;0,008015651769681588;-0,008535171001159239;2,0;vehicles_step_sim_6__run073__SUMO_carro_1000__t0001
74;vehicles_step_sim_6.csv;SUMO_carro_1000;HBEFA4/PC_petrol_Euro-6ab;Gasoline;1773509246;2026-03-14 17:27:26;2026-03-14 17:27:26;0,0;1,424296;1,424296;0,0;10,127130844155845;23393,672250000003;274,17698;-23119,495270000003;-1,1559747635000002;7,333410999999999;2,353417;40,77564360647124;-73,96068698429804;40,77567129564486;-73,96043327796659;40,7758122;-73,9447616;40,775567;-73,9443205;True;True;0xCDcF7b2a3352a32cc28FD35C3924f5BD542a25Ea;155;155;155;0;0,0;1,4242223720562575;1,483116467378854;0,058894095322596485;157;0;155;0,0;False;-0,00021564246184647303;0,015861576859548282;2,0;vehicles_step_sim_6__run074__SUMO_carro_1000__t0001
75;vehicles_step_sim_6.csv;SUMO_carro_1000;HBEFA4/PC_petrol_Euro-6ab;Gasoline;1773509246;2026-03-14 17:27:26;2026-03-14 17:27:26;0,0;1,424296;1,424296;0,0;10,127130844155845;23393,672250000003;274,17698;-23119,495270000003;-1,1559747635000002;7,333410999999999;2,353417;40,77564360647124;-73,96068698429804;40,77567129564486;-73,96043327796659;40,7597703;-73,9663787;40,7597703;-73,9663787;True;True;0xCDcF7b2a3352a32cc28FD35C3924f5BD542a25Ea;155;155;155;0;0,0;1,4242223720562575;1,680876414711268;0,2566540426550106;157;0;155;0,0;False;-0,016254458179670604;-0,006337848104694626;2,0;vehicles_step_sim_6__run075__SUMO_carro_1000__t0001
76;vehicles_step_sim_6.csv;SUMO_carro_1000;HBEFA4/PC_petrol_Euro-6ab;Gasoline;1773509246;2026-03-14 17:27:26;2026-03-14 17:27:26;0,0;1,424296;1,424296;0,0;10,127130844155845;23393,672250000003;274,17698;-23119,495270000003;-1,1559747635000002;7,333410999999999;2,353417;40,77564360647124;-73,96068698429804;40,77567129564486;-73,96043327796659;40,7583872;-73,9544805;40,7584568;-73,9544175;True;True;0xCDcF7b2a3352a32cc28FD35C3924f5BD542a25Ea;155;155;155;0;0,0;1,4242223720562575;1,1712161665669176;-0,25300620548933983;157;0;155;0,0;False;-0,01661226001416244;0,004819574951717179;2,0;vehicles_step_sim_6__run076__SUMO_carro_1000__t0001
77;vehicles_step_sim_6.csv;SUMO_carro_1000;HBEFA4/PC_petrol_Euro-6ab;Gasoline;1773509246;2026-03-14 17:27:26;2026-03-14 17:27:26;0,0;1,424296;1,424296;0,0;10,127130844155845;23393,672250000003;274,17698;-23119,495270000003;-1,1559747635000002;7,333410999999999;2,353417;40,77564360647124;-73,96068698429804;40,77567129564486;-73,96043327796659;40,7649271;-73,9684631;40,7654062;-73,9681108;True;True;0xCDcF7b2a3352a32cc28FD35C3924f5BD542a25Ea;155;155;155;0;0,0;1,4242223720562575;1,5860198685447886;0,16179749648853115;157;0;155;0,0;False;-0,010447343004530703;-0,007934642333871592;2,0;vehicles_step_sim_6__run077__SUMO_carro_1000__t0001
78;vehicles_step_sim_6.csv;SUMO_carro_1000;HBEFA4/PC_petrol_Euro-6ab;Gasoline;1773509246;2026-03-14 17:27:26;2026-03-14 17:27:26;0,0;1,424296;1,424296;0,0;10,127130844155845;23393,672250000003;274,17698;-23119,495270000003;-1,1559747635000002;7,333410999999999;2,353417;40,77564360647124;-73,96068698429804;40,77567129564486;-73,96043327796659;40,7580427;-73,9591431;40,7580288;-73,9590876;True;True;0xCDcF7b2a3352a32cc28FD35C3924f5BD542a25Ea;155;155;155;0;0,0;1,4242223720562575;1,5334668532295685;0,10924448117331109;157;0;155;0,0;False;-0,017597175789941612;0,0014352008330111626;2,0;vehicles_step_sim_6__run078__SUMO_carro_1000__t0001
79;vehicles_step_sim_6.csv;SUMO_carro_1000;HBEFA4/PC_petrol_Euro-6ab;Gasoline;1773509246;2026-03-14 17:27:26;2026-03-14 17:27:26;0,0;1,424296;1,424296;0,0;10,127130844155845;23393,672250000003;274,17698;-23119,495270000003;-1,1559747635000002;7,333410999999999;2,353417;40,77564360647124;-73,96068698429804;40,77567129564486;-73,96043327796659;40,7917254;-73,9648118;40,7917254;-73,9648118;True;True;0xCDcF7b2a3352a32cc28FD35C3924f5BD542a25Ea;155;155;155;0;0,0;1,4242223720562575;1,5640666644418924;0,1398442923856349;157;0;155;0,0;False;0,01598993279220348;-0,004578127465086339;2,0;vehicles_step_sim_6__run079__SUMO_carro_1000__t0001
80;vehicles_step_sim_6.csv;SUMO_carro_1000;HBEFA4/PC_petrol_Euro-6ab;Gasoline;1773509246;2026-03-14 17:27:26;2026-03-14 17:27:26;0,0;1,424296;1,424296;0,0;10,127130844155845;23393,672250000003;274,17698;-23119,495270000003;-1,1559747635000002;7,333410999999999;2,353417;40,77564360647124;-73,96068698429804;40,77567129564486;-73,96043327796659;40,7893891;-73,9571774;40,7893529;-73,9570893;True;True;0xCDcF7b2a3352a32cc28FD35C3924f5BD542a25Ea;155;155;155;0;0,0;1,4242223720562575;1,5001645547099487;0,07594218265369124;157;0;155;0,0;False;0,012992341595754424;0,002835999907962124;2,0;vehicles_step_sim_6__run080__SUMO_carro_1000__t0001
81;vehicles_step_sim_6.csv;SUMO_carro_1000;HBEFA4/PC_petrol_Euro-6ab;Gasoline;1773509246;2026-03-14 17:27:26;2026-03-14 17:27:26;0,0;1,424296;1,424296;0,0;10,127130844155845;23393,672250000003;274,17698;-23119,495270000003;-1,1559747635000002;7,333410999999999;2,353417;40,77564360647124;-73,96068698429804;40,77567129564486;-73,96043327796659;40,7840305;-73,9661854;40,7840305;-73,9661854;True;True;0xCDcF7b2a3352a32cc28FD35C3924f5BD542a25Ea;155;155;155;0;0,0;1,4242223720562575;2,732232360694888;1,3080099886386305;157;0;155;0,0;False;0,009301384426006011;-0,00504421401745234;2,0;vehicles_step_sim_6__run081__SUMO_carro_1000__t0001
82;vehicles_step_sim_6.csv;SUMO_carro_1000;HBEFA4/PC_petrol_Euro-6ab;Gasoline;1773509246;2026-03-14 17:27:26;2026-03-14 17:27:26;0,0;1,424296;1,424296;0,0;10,127130844155845;23393,672250000003;274,17698;-23119,495270000003;-1,1559747635000002;7,333410999999999;2,353417;40,77564360647124;-73,96068698429804;40,77567129564486;-73,96043327796659;40,7736883;-73,9638995;40,7736883;-73,9638995;True;True;0xCDcF7b2a3352a32cc28FD35C3924f5BD542a25Ea;155;155;155;0;0,0;1,4242223720562575;1,6468687659102055;0,22264639385394802;157;0;155;0,0;False;-0,0018381146562987246;-0,0028604467213191502;2,0;vehicles_step_sim_6__run082__SUMO_carro_1000__t0001
83;vehicles_step_sim_6.csv;SUMO_carro_1000;HBEFA4/PC_petrol_Euro-6ab;Gasoline;1773509246;2026-03-14 17:27:26;2026-03-14 17:27:26;0,0;1,424296;1,424296;0,0;10,127130844155845;23393,672250000003;274,17698;-23119,495270000003;-1,1559747635000002;7,333410999999999;2,353417;40,77564360647124;-73,96068698429804;40,77567129564486;-73,96043327796659;40,7774869;-73,9750388;40,7774869;-73,9750388;True;True;0xCDcF7b2a3352a32cc28FD35C3924f5BD542a25Ea;155;155;155;0;0,0;1,4242223720562575;1,627356537085396;0,2031341650291385;157;0;155;0,0;False;0,0016436381575219657;-0,014531695991553344;2,0;vehicles_step_sim_6__run083__SUMO_carro_1000__t0001
84;vehicles_step_sim_6.csv;SUMO_carro_1000;HBEFA4/PC_petrol_Euro-6ab;Gasoline;1773509246;2026-03-14 17:27:26;2026-03-14 17:27:26;0,0;1,424296;1,424296;0,0;10,127130844155845;23393,672250000003;274,17698;-23119,495270000003;-1,1559747635000002;7,333410999999999;2,353417;40,77564360647124;-73,96068698429804;40,77567129564486;-73,96043327796659;40,7809903;-73,9612499;40,7809036;-73,9610334;True;True;0xCDcF7b2a3352a32cc28FD35C3924f5BD542a25Ea;155;155;155;0;0,0;1,4242223720562575;1,4917842707611628;0,06756189870490537;157;0;155;0,0;False;0,005277824438551733;-0,000570680071984054;2,0;vehicles_step_sim_6__run084__SUMO_carro_1000__t0001
85;vehicles_step_sim_6.csv;SUMO_carro_1000;HBEFA4/PC_petrol_Euro-6ab;Gasoline;1773509246;2026-03-14 17:27:26;2026-03-14 17:27:26;0,0;1,424296;1,424296;0,0;10,127130844155845;23393,672250000003;274,17698;-23119,495270000003;-1,1559747635000002;7,333410999999999;2,353417;40,77564360647124;-73,96068698429804;40,77567129564486;-73,96043327796659;40,7781399;-73,9661845;40,7781339;-73,9660988;True;True;0xCDcF7b2a3352a32cc28FD35C3924f5BD542a25Ea;155;155;155;0;0,0;1,4242223720562575;1,731243288470543;0,30702091641428564;157;0;155;0,0;False;0,0012969720986894587;-0,005729375197208244;2,0;vehicles_step_sim_6__run085__SUMO_carro_1000__t0001
86;vehicles_step_sim_6.csv;SUMO_carro_1000;HBEFA4/PC_petrol_Euro-6ab;Gasoline;1773509246;2026-03-14 17:27:26;2026-03-14 17:27:26;0,0;1,424296;1,424296;0,0;10,127130844155845;23393,672250000003;274,17698;-23119,495270000003;-1,1559747635000002;7,333410999999999;2,353417;40,77564360647124;-73,96068698429804;40,77567129564486;-73,96043327796659;40,7747141;-73,9542184;40,7747141;-73,9542184;True;True;0xCDcF7b2a3352a32cc28FD35C3924f5BD542a25Ea;155;155;155;0;0,0;1,4242223720562575;1,4935410078094444;0,06931863575318697;157;0;155;0,0;False;-0,0009420725408143623;0,005964615489421616;2,0;vehicles_step_sim_6__run086__SUMO_carro_1000__t0001
87;vehicles_step_sim_6.csv;SUMO_carro_1000;HBEFA4/PC_petrol_Euro-6ab;Gasoline;1773509246;2026-03-14 17:27:26;2026-03-14 17:27:26;0,0;1,424296;1,424296;0,0;10,127130844155845;23393,672250000003;274,17698;-23119,495270000003;-1,1559747635000002;7,333410999999999;2,353417;40,77564360647124;-73,96068698429804;40,77567129564486;-73,96043327796659;40,7731006;-73,9782438;40,7736051;-73,9778733;True;True;0xCDcF7b2a3352a32cc28FD35C3924f5BD542a25Ea;155;155;155;0;0,0;1,4242223720562575;1,2732030457937489;-0,15101932626250858;157;0;155;0,0;False;-0,0022843868261047716;-0,01759208762224779;2,0;vehicles_step_sim_6__run087__SUMO_carro_1000__t0001
88;vehicles_step_sim_6.csv;SUMO_carro_1000;HBEFA4/PC_petrol_Euro-6ab;Gasoline;1773509246;2026-03-14 17:27:26;2026-03-14 17:27:26;0,0;1,424296;1,424296;0,0;10,127130844155845;23393,672250000003;274,17698;-23119,495270000003;-1,1559747635000002;7,333410999999999;2,353417;40,77564360647124;-73,96068698429804;40,77567129564486;-73,96043327796659;40,7739449;-73,9785123;40,7743426;-73,9774909;True;True;0xCDcF7b2a3352a32cc28FD35C3924f5BD542a25Ea;155;155;155;0;0,0;1,4242223720562575;1,2148094193660446;-0,20941295269021287;157;0;155;0,0;False;-0,0014723332045102715;-0,01743966836239716;2,0;vehicles_step_sim_6__run088__SUMO_carro_1000__t0001
89;vehicles_step_sim_6.csv;SUMO_carro_1000;HBEFA4/PC_petrol_Euro-6ab;Gasoline;1773509246;2026-03-14 17:27:26;2026-03-14 17:27:26;0,0;1,424296;1,424296;0,0;10,127130844155845;23393,672250000003;274,17698;-23119,495270000003;-1,1559747635000002;7,333410999999999;2,353417;40,77564360647124;-73,96068698429804;40,77567129564486;-73,96043327796659;40,7807517;-73,9619504;40,7807517;-73,9619504;True;True;0xCDcF7b2a3352a32cc28FD35C3924f5BD542a25Ea;155;155;155;0;0,0;1,4242223720562575;1,7452622825734718;0,32103991051721437;157;0;155;0,0;False;0,004532088593681499;-0,002323800228767996;2,0;vehicles_step_sim_6__run089__SUMO_carro_1000__t0001
90;vehicles_step_sim_6.csv;SUMO_carro_1000;HBEFA4/PC_petrol_Euro-6ab;Gasoline;1773509246;2026-03-14 17:27:26;2026-03-14 17:27:26;0,0;1,424296;1,424296;0,0;10,127130844155845;23393,672250000003;274,17698;-23119,495270000003;-1,1559747635000002;7,333410999999999;2,353417;40,77564360647124;-73,96068698429804;40,77567129564486;-73,96043327796659;40,7897946;-73,9660676;40,7906607;-73,9606436;True;True;0xCDcF7b2a3352a32cc28FD35C3924f5BD542a25Ea;155;155;155;0;0,0;1,4242223720562575;2,2670251979438953;0,8428028258876379;157;0;155;0,0;False;0,01312789810307815;-0,0023979439204794605;2,0;vehicles_step_sim_6__run090__SUMO_carro_1000__t0001
91;vehicles_step_sim_6.csv;SUMO_carro_1000;HBEFA4/PC_petrol_Euro-6ab;Gasoline;1773509246;2026-03-14 17:27:26;2026-03-14 17:27:26;0,0;1,424296;1,424296;0,0;10,127130844155845;23393,672250000003;274,17698;-23119,495270000003;-1,1559747635000002;7,333410999999999;2,353417;40,77564360647124;-73,96068698429804;40,77567129564486;-73,96043327796659;40,7748623;-73,9769627;40,7749199;-73,9769198;True;True;0xCDcF7b2a3352a32cc28FD35C3924f5BD542a25Ea;155;155;155;0;0,0;1,4242223720562575;2,527307617849383;1,1030852457931257;157;0;155;0,0;False;-0,00233237316594862;-0,01279933717353533;2,0;vehicles_step_sim_6__run091__SUMO_carro_1000__t0001
92;vehicles_step_sim_6.csv;SUMO_carro_1000;HBEFA4/PC_petrol_Euro-6ab;Gasoline;1773509246;2026-03-14 17:27:26;2026-03-14 17:27:26;0,0;1,424296;1,424296;0,0;10,127130844155845;23393,672250000003;274,17698;-23119,495270000003;-1,1559747635000002;7,333410999999999;2,353417;40,77564360647124;-73,96068698429804;40,77567129564486;-73,96043327796659;40,7696604;-73,9443436;40,7696604;-73,9443436;True;True;0xCDcF7b2a3352a32cc28FD35C3924f5BD542a25Ea;155;155;155;0;0,0;1,4242223720562575;2,6112632127178026;1,1870408406615451;157;0;155;0,0;False;-0,00664727921074087;0,015828943805536184;2,0;vehicles_step_sim_6__run092__SUMO_carro_1000__t0001
93;vehicles_step_sim_6.csv;SUMO_carro_1000;HBEFA4/PC_petrol_Euro-6ab;Gasoline;1773509246;2026-03-14 17:27:26;2026-03-14 17:27:26;0,0;1,424296;1,424296;0,0;10,127130844155845;23393,672250000003;274,17698;-23119,495270000003;-1,1559747635000002;7,333410999999999;2,353417;40,77564360647124;-73,96068698429804;40,77567129564486;-73,96043327796659;40,7736051;-73,9778733;40,7736051;-73,9778733;True;True;0xCDcF7b2a3352a32cc28FD35C3924f5BD542a25Ea;155;155;155;0;0,0;1,4242223720562575;1,5295709371271644;0,10534856507090695;157;0;155;0,0;False;-0,002410467245907328;-0,016838619293603627;2,0;vehicles_step_sim_6__run093__SUMO_carro_1000__t0001
94;vehicles_step_sim_6.csv;SUMO_carro_1000;HBEFA4/PC_petrol_Euro-6ab;Gasoline;1773509246;2026-03-14 17:27:26;2026-03-14 17:27:26;0,0;1,424296;1,424296;0,0;10,127130844155845;23393,672250000003;274,17698;-23119,495270000003;-1,1559747635000002;7,333410999999999;2,353417;40,77564360647124;-73,96068698429804;40,77567129564486;-73,96043327796659;40,7739729;-73,9524629;40,7739729;-73,9524629;True;True;0xCDcF7b2a3352a32cc28FD35C3924f5BD542a25Ea;155;155;155;0;0,0;1,4242223720562575;1,6688609983971103;0,24463862634085287;157;0;155;0,0;False;-0,0015689593162945329;0,007419294736739637;2,0;vehicles_step_sim_6__run094__SUMO_carro_1000__t0001
95;vehicles_step_sim_6.csv;SUMO_carro_1000;HBEFA4/PC_petrol_Euro-6ab;Gasoline;1773509246;2026-03-14 17:27:26;2026-03-14 17:27:26;0,0;1,424296;1,424296;0,0;10,127130844155845;23393,672250000003;274,17698;-23119,495270000003;-1,1559747635000002;7,333410999999999;2,353417;40,77564360647124;-73,96068698429804;40,77567129564486;-73,96043327796659;40,7725132;-73,9650551;40,7724629;-73,9649361;True;True;0xCDcF7b2a3352a32cc28FD35C3924f5BD542a25Ea;155;155;155;0;0,0;1,4242223720562575;1,5425968627164914;0,11837449066023398;157;0;155;0,0;False;-0,003202405106392222;-0,004504373980078358;2,0;vehicles_step_sim_6__run095__SUMO_carro_1000__t0001
96;vehicles_step_sim_6.csv;SUMO_carro_1000;HBEFA4/PC_petrol_Euro-6ab;Gasoline;1773509246;2026-03-14 17:27:26;2026-03-14 17:27:26;0,0;1,424296;1,424296;0,0;10,127130844155845;23393,672250000003;274,17698;-23119,495270000003;-1,1559747635000002;7,333410999999999;2,353417;40,77564360647124;-73,96068698429804;40,77567129564486;-73,96043327796659;40,7696604;-73,9443436;40,7701807;-73,9439756;True;True;0xCDcF7b2a3352a32cc28FD35C3924f5BD542a25Ea;155;155;155;0;0,0;1,4242223720562575;3,0187193223380593;1,5944969502818018;157;0;155;0,0;False;-0,005875029073843728;0,01665201407060677;2,0;vehicles_step_sim_6__run096__SUMO_carro_1000__t0001
97;vehicles_step_sim_6.csv;SUMO_carro_1000;HBEFA4/PC_petrol_Euro-6ab;Gasoline;1773509246;2026-03-14 17:27:26;2026-03-14 17:27:26;0,0;1,424296;1,424296;0,0;10,127130844155845;23393,672250000003;274,17698;-23119,495270000003;-1,1559747635000002;7,333410999999999;2,353417;40,77564360647124;-73,96068698429804;40,77567129564486;-73,96043327796659;40,7873344;-73,9521469;40,7873344;-73,9521469;True;True;0xCDcF7b2a3352a32cc28FD35C3924f5BD542a25Ea;155;155;155;0;0,0;1,4242223720562575;1,7760616288519304;0,35183925679567296;157;0;155;0,0;False;0,011876871675863716;0,008593654675352787;2,0;vehicles_step_sim_6__run097__SUMO_carro_1000__t0001
98;vehicles_step_sim_6.csv;SUMO_carro_1000;HBEFA4/PC_petrol_Euro-6ab;Gasoline;1773509246;2026-03-14 17:27:26;2026-03-14 17:27:26;0,0;1,424296;1,424296;0,0;10,127130844155845;23393,672250000003;274,17698;-23119,495270000003;-1,1559747635000002;7,333410999999999;2,353417;40,77564360647124;-73,96068698429804;40,77567129564486;-73,96043327796659;40,7650458;-73,9732587;40,7651006;-73,9731274;True;True;0xCDcF7b2a3352a32cc28FD35C3924f5BD542a25Ea;155;155;155;0;0,0;1,4242223720562575;1,6613181012414622;0,23709572918520472;157;0;155;0,0;False;-0,010436036565267573;-0,012756212988463148;2,0;vehicles_step_sim_6__run098__SUMO_carro_1000__t0001
99;vehicles_step_sim_6.csv;SUMO_carro_1000;HBEFA4/PC_petrol_Euro-6ab;Gasoline;1773509246;2026-03-14 17:27:26;2026-03-14 17:27:26;0,0;1,424296;1,424296;0,0;10,127130844155845;23393,672250000003;274,17698;-23119,495270000003;-1,1559747635000002;7,333410999999999;2,353417;40,77564360647124;-73,96068698429804;40,77567129564486;-73,96043327796659;40,7704665;-73,9482168;40,7704665;-73,9482168;True;True;0xCDcF7b2a3352a32cc28FD35C3924f5BD542a25Ea;155;155;155;0;0,0;1,4242223720562575;1,120880091260939;-0,30334228079531855;157;0;155;0,0;False;-0,005146725057921964;0,012241742826029968;2,0;vehicles_step_sim_6__run099__SUMO_carro_1000__t0001
100;vehicles_step_sim_6.csv;SUMO_carro_1000;HBEFA4/PC_petrol_Euro-6ab;Gasoline;1773509246;2026-03-14 17:27:26;2026-03-14 17:27:26;0,0;1,424296;1,424296;0,0;10,127130844155845;23393,672250000003;274,17698;-23119,495270000003;-1,1559747635000002;7,333410999999999;2,353417;40,77564360647124;-73,96068698429804;40,77567129564486;-73,96043327796659;40,7683253;-73,9671021;40,7683253;-73,9671021;True;True;0xCDcF7b2a3352a32cc28FD35C3924f5BD542a25Ea;155;155;155;0;0,0;1,4242223720562575;1,599276585885059;0,1750542138288016;157;0;155;0,0;False;-0,0073294962987428686;-0,006312819837823811;2,0;vehicles_step_sim_6__run100__SUMO_carro_1000__t0001
1;vehicles_step_sim_2.csv;SUMO_carro_1000;HBEFA4/PC_petrol_Euro-6ab;Gasoline;1773509242;2026-03-14 17:27:22;2026-03-14 17:27:22;0,0;1,973023;1,973023;0,0;24,219150403030305;55946,237431;379,80692750000003;-55566,4305035;-2,778321525175;17,66749;4,416473;40,77564360647124;-73,96068698429804;40,77265119400165;-73,96254441954352;40,7634373;-73,9690897;40,76086;-73,9710454;True;True;0xCDcF7b2a3352a32cc28FD35C3924f5BD542a25Ea;222;222;222;0;0,0;1,9687794457676933;2,4042183116661273;0,43543886589843406;224;0;222;0,0;False;-0,012093861662471258;-0,008049725408539621;2,0;vehicles_step_sim_2__run001__SUMO_carro_1000__t0001
2;vehicles_step_sim_2.csv;SUMO_carro_1000;HBEFA4/PC_petrol_Euro-6ab;Gasoline;1773509242;2026-03-14 17:27:22;2026-03-14 17:27:22;0,0;1,973023;1,973023;0,0;24,219150403030305;55946,237431;379,80692750000003;-55566,4305035;-2,778321525175;17,66749;4,416473;40,77564360647124;-73,96068698429804;40,77265119400165;-73,96254441954352;40,7707839;-73,9511119;40,7684098;-73,9533552;True;True;0xCDcF7b2a3352a32cc28FD35C3924f5BD542a25Ea;222;222;222;0;0,0;1,9687794457676933;1,9925766456545728;0,02379719988687956;224;0;222;0,0;False;-0,004510496842567176;0,008959109774201298;2,0;vehicles_step_sim_2__run002__SUMO_carro_1000__t0001
3;vehicles_step_sim_2.csv;SUMO_carro_1000;HBEFA4/PC_petrol_Euro-6ab;Gasoline;1773509242;2026-03-14 17:27:22;2026-03-14 17:27:22;0,0;1,973023;1,973023;0,0;24,219150403030305;55946,237431;379,80692750000003;-55566,4305035;-2,778321525175;17,66749;4,416473;40,77564360647124;-73,96068698429804;40,77265119400165;-73,96254441954352;40,7678154;-73,9658919;40,7647124;-73,9682418;True;True;0xCDcF7b2a3352a32cc28FD35C3924f5BD542a25Ea;222;222;222;0;0,0;1,9687794457676933;2,1434040227929314;0,17462457702523815;224;0;222;0,0;False;-0,008182942164058004;-0,005170495815094315;2,0;vehicles_step_sim_2__run003__SUMO_carro_1000__t0001
4;vehicles_step_sim_2.csv;SUMO_carro_1000;HBEFA4/PC_petrol_Euro-6ab;Gasoline;1773509242;2026-03-14 17:27:22;2026-03-14 17:27:22;0,0;1,973023;1,973023;0,0;24,219150403030305;55946,237431;379,80692750000003;-55566,4305035;-2,778321525175;17,66749;4,416473;40,77564360647124;-73,96068698429804;40,77265119400165;-73,96254441954352;40,765961;-73,9673139;40,7627472;-73,9694281;True;True;0xCDcF7b2a3352a32cc28FD35C3924f5BD542a25Ea;222;222;222;0;0,0;1,9687794457676933;2,0461464247006806;0,07736697893298738;224;0;222;0,0;False;-0,009743126107975666;-0,006466102369763447;2,0;vehicles_step_sim_2__run004__SUMO_carro_1000__t0001
5;vehicles_step_sim_2.csv;SUMO_carro_1000;HBEFA4/PC_petrol_Euro-6ab;Gasoline;1773509242;2026-03-14 17:27:22;2026-03-14 17:27:22;0,0;1,973023;1,973023;0,0;24,219150403030305;55946,237431;379,80692750000003;-55566,4305035;-2,778321525175;17,66749;4,416473;40,77564360647124;-73,96068698429804;40,77265119400165;-73,96254441954352;40,7902558;-73,9692638;40,7877404;-73,9710964;True;True;0xCDcF7b2a3352a32cc28FD35C3924f5BD542a25Ea;222;222;222;0;0,0;1,9687794457676933;2,54549317861026;0,5767137328425667;224;0;222;0,0;False;0,014674706455302697;-0,008179325814529292;2,0;vehicles_step_sim_2__run005__SUMO_carro_1000__t0001
6;vehicles_step_sim_2.csv;SUMO_carro_1000;HBEFA4/PC_petrol_Euro-6ab;Gasoline;1773509242;2026-03-14 17:27:22;2026-03-14 17:27:22;0,0;1,973023;1,973023;0,0;24,219150403030305;55946,237431;379,80692750000003;-55566,4305035;-2,778321525175;17,66749;4,416473;40,77564360647124;-73,96068698429804;40,77265119400165;-73,96254441954352;40,7820657;-73,9633542;40,7782575;-73,9667472;True;True;0xCDcF7b2a3352a32cc28FD35C3924f5BD542a25Ea;222;222;222;0;0,0;1,9687794457676933;2,3417479973430617;0,37296855157536846;224;0;222;0,0;False;0,005907570442540734;-0,003968961463881446;2,0;vehicles_step_sim_2__run006__SUMO_carro_1000__t0001
7;vehicles_step_sim_2.csv;SUMO_carro_1000;HBEFA4/PC_petrol_Euro-6ab;Gasoline;1773509242;2026-03-14 17:27:22;2026-03-14 17:27:22;0,0;1,973023;1,973023;0,0;24,219150403030305;55946,237431;379,80692750000003;-55566,4305035;-2,778321525175;17,66749;4,416473;40,77564360647124;-73,96068698429804;40,77265119400165;-73,96254441954352;40,7909852;-73,9690645;40,7879568;-73,9711238;True;True;0xCDcF7b2a3352a32cc28FD35C3924f5BD542a25Ea;222;222;222;0;0,0;1,9687794457676933;2,741692174667383;0,7729127288996895;224;0;222;0,0;False;0,015411062462211288;-0,008346179547137284;2,0;vehicles_step_sim_2__run007__SUMO_carro_1000__t0001
8;vehicles_step_sim_2.csv;SUMO_carro_1000;HBEFA4/PC_petrol_Euro-6ab;Gasoline;1773509242;2026-03-14 17:27:22;2026-03-14 17:27:22;0,0;1,973023;1,973023;0,0;24,219150403030305;55946,237431;379,80692750000003;-55566,4305035;-2,778321525175;17,66749;4,416473;40,77564360647124;-73,96068698429804;40,77265119400165;-73,96254441954352;40,7639685;-73,955863;40,7610973;-73,9577718;True;True;0xCDcF7b2a3352a32cc28FD35C3924f5BD542a25Ea;222;222;222;0;0,0;1,9687794457676933;2,167101192961093;0,1983217471933998;224;0;222;0,0;False;-0,011680940175307403;0,004768341423845877;2,0;vehicles_step_sim_2__run008__SUMO_carro_1000__t0001
9;vehicles_step_sim_2.csv;SUMO_carro_1000;HBEFA4/PC_petrol_Euro-6ab;Gasoline;1773509242;2026-03-14 17:27:22;2026-03-14 17:27:22;0,0;1,973023;1,973023;0,0;24,219150403030305;55946,237431;379,80692750000003;-55566,4305035;-2,778321525175;17,66749;4,416473;40,77564360647124;-73,96068698429804;40,77265119400165;-73,96254441954352;40,7909092;-73,9530148;40,7877362;-73,9553573;True;True;0xCDcF7b2a3352a32cc28FD35C3924f5BD542a25Ea;222;222;222;0;0,0;1,9687794457676933;2,3181991324919364;0,3494196867242432;224;0;222;0,0;False;0,015357278044557967;0,00764433714543603;2,0;vehicles_step_sim_2__run009__SUMO_carro_1000__t0001
10;vehicles_step_sim_2.csv;SUMO_carro_1000;HBEFA4/PC_petrol_Euro-6ab;Gasoline;1773509242;2026-03-14 17:27:22;2026-03-14 17:27:22;0,0;1,973023;1,973023;0,0;24,219150403030305;55946,237431;379,80692750000003;-55566,4305035;-2,778321525175;17,66749;4,416473;40,77564360647124;-73,96068698429804;40,77265119400165;-73,96254441954352;40,7759812;-73,9533015;40,7730319;-73,9553019;True;True;0xCDcF7b2a3352a32cc28FD35C3924f5BD542a25Ea;222;222;222;0;0,0;1,9687794457676933;2,3853737762145175;0,41659433044682426;224;0;222;0,0;False;0,00040426332975359214;0,00731945822828182;2,0;vehicles_step_sim_2__run010__SUMO_carro_1000__t0001
11;vehicles_step_sim_2.csv;SUMO_carro_1000;HBEFA4/PC_petrol_Euro-6ab;Gasoline;1773509242;2026-03-14 17:27:22;2026-03-14 17:27:22;0,0;1,973023;1,973023;0,0;24,219150403030305;55946,237431;379,80692750000003;-55566,4305035;-2,778321525175;17,66749;4,416473;40,77564360647124;-73,96068698429804;40,77265119400165;-73,96254441954352;40,7830869;-73,9637582;40,7814954;-73,9626819;True;True;0xCDcF7b2a3352a32cc28FD35C3924f5BD542a25Ea;222;222;222;0;0,0;1,9687794457676933;3,066085394689002;1,0973059489213088;224;0;222;0,0;False;0,008297951738019987;-0,0009821204867868124;2,0;vehicles_step_sim_2__run011__SUMO_carro_1000__t0001
12;vehicles_step_sim_2.csv;SUMO_carro_1000;HBEFA4/PC_petrol_Euro-6ab;Gasoline;1773509242;2026-03-14 17:27:22;2026-03-14 17:27:22;0,0;1,973023;1,973023;0,0;24,219150403030305;55946,237431;379,80692750000003;-55566,4305035;-2,778321525175;17,66749;4,416473;40,77564360647124;-73,96068698429804;40,77265119400165;-73,96254441954352;40,7841919;-73,9747296;40,7822414;-73,9761686;True;True;0xCDcF7b2a3352a32cc28FD35C3924f5BD542a25Ea;222;222;222;0;0,0;1,9687794457676933;1,3695114958522376;-0,5992679499154556;224;0;222;0,0;False;0,009172035935557541;-0,014357290341389472;2,0;vehicles_step_sim_2__run012__SUMO_carro_1000__t0001
13;vehicles_step_sim_2.csv;SUMO_carro_1000;HBEFA4/PC_petrol_Euro-6ab;Gasoline;1773509242;2026-03-14 17:27:22;2026-03-14 17:27:22;0,0;1,973023;1,973023;0,0;24,219150403030305;55946,237431;379,80692750000003;-55566,4305035;-2,778321525175;17,66749;4,416473;40,77564360647124;-73,96068698429804;40,77265119400165;-73,96254441954352;40,766659;-73,9650911;40,7635412;-73,9672338;True;True;0xCDcF7b2a3352a32cc28FD35C3924f5BD542a25Ea;222;222;222;0;0,0;1,9687794457676933;1,9874510993494576;0,01867165358176437;224;0;222;0,0;False;-0,00882183936062095;-0,004765167086108022;2,0;vehicles_step_sim_2__run013__SUMO_carro_1000__t0001
14;vehicles_step_sim_2.csv;SUMO_carro_1000;HBEFA4/PC_petrol_Euro-6ab;Gasoline;1773509242;2026-03-14 17:27:22;2026-03-14 17:27:22;0,0;1,973023;1,973023;0,0;24,219150403030305;55946,237431;379,80692750000003;-55566,4305035;-2,778321525175;17,66749;4,416473;40,77564360647124;-73,96068698429804;40,77265119400165;-73,96254441954352;40,7849079;-73,9507545;40,782013;-73,9536193;True;True;0xCDcF7b2a3352a32cc28FD35C3924f5BD542a25Ea;222;222;222;0;0,0;1,9687794457676933;2,6858921064903876;0,7171126607226943;224;0;222;0,0;False;0,009164319528738434;0,009613165970352227;2,0;vehicles_step_sim_2__run014__SUMO_carro_1000__t0001
15;vehicles_step_sim_2.csv;SUMO_carro_1000;HBEFA4/PC_petrol_Euro-6ab;Gasoline;1773509242;2026-03-14 17:27:22;2026-03-14 17:27:22;0,0;1,973023;1,973023;0,0;24,219150403030305;55946,237431;379,80692750000003;-55566,4305035;-2,778321525175;17,66749;4,416473;40,77564360647124;-73,96068698429804;40,77265119400165;-73,96254441954352;40,7765534;-73,9466681;40,7734011;-73,9489683;True;True;0xCDcF7b2a3352a32cc28FD35C3924f5BD542a25Ea;222;222;222;0;0,0;1,9687794457676933;2,3563874517472843;0,387608005979591;224;0;222;0,0;False;0,0007778938020499796;0,013765197472450088;2,0;vehicles_step_sim_2__run015__SUMO_carro_1000__t0001
16;vehicles_step_sim_2.csv;SUMO_carro_1000;HBEFA4/PC_petrol_Euro-6ab;Gasoline;1773509242;2026-03-14 17:27:22;2026-03-14 17:27:22;0,0;1,973023;1,973023;0,0;24,219150403030305;55946,237431;379,80692750000003;-55566,4305035;-2,778321525175;17,66749;4,416473;40,77564360647124;-73,96068698429804;40,77265119400165;-73,96254441954352;40,7653096;-73,9541508;40,7629896;-73,9565797;True;True;0xCDcF7b2a3352a32cc28FD35C3924f5BD542a25Ea;222;222;222;0;0,0;1,9687794457676933;2,484244071281695;0,5154646255140019;224;0;222;0,0;False;-0,010065345907120821;0,0065093820565529925;2,0;vehicles_step_sim_2__run016__SUMO_carro_1000__t0001
17;vehicles_step_sim_2.csv;SUMO_carro_1000;HBEFA4/PC_petrol_Euro-6ab;Gasoline;1773509242;2026-03-14 17:27:22;2026-03-14 17:27:22;0,0;1,973023;1,973023;0,0;24,219150403030305;55946,237431;379,80692750000003;-55566,4305035;-2,778321525175;17,66749;4,416473;40,77564360647124;-73,96068698429804;40,77265119400165;-73,96254441954352;40,761958;-73,9602464;40,7585489;-73,9613876;True;True;0xCDcF7b2a3352a32cc28FD35C3924f5BD542a25Ea;222;222;222;0;0,0;1,9687794457676933;2,1886630120112676;0,2198835662435743;224;0;222;0,0;False;-0,013991124175059332;0,0008382210941974638;2,0;vehicles_step_sim_2__run017__SUMO_carro_1000__t0001
18;vehicles_step_sim_2.csv;SUMO_carro_1000;HBEFA4/PC_petrol_Euro-6ab;Gasoline;1773509242;2026-03-14 17:27:22;2026-03-14 17:27:22;0,0;1,973023;1,973023;0,0;24,219150403030305;55946,237431;379,80692750000003;-55566,4305035;-2,778321525175;17,66749;4,416473;40,77564360647124;-73,96068698429804;40,77265119400165;-73,96254441954352;40,7695183;-73,948231;40,7665332;-73,9507416;True;True;0xCDcF7b2a3352a32cc28FD35C3924f5BD542a25Ea;222;222;222;0;0,0;1,9687794457676933;2,58790808401348;0,6191286382457866;224;0;222;0,0;False;-0,006982994198095704;0,013448303021291134;2,0;vehicles_step_sim_2__run018__SUMO_carro_1000__t0001
19;vehicles_step_sim_2.csv;SUMO_carro_1000;HBEFA4/PC_petrol_Euro-6ab;Gasoline;1773509242;2026-03-14 17:27:22;2026-03-14 17:27:22;0,0;1,973023;1,973023;0,0;24,219150403030305;55946,237431;379,80692750000003;-55566,4305035;-2,778321525175;17,66749;4,416473;40,77564360647124;-73,96068698429804;40,77265119400165;-73,96254441954352;40,7666738;-73,9690204;40,7634433;-73,9711009;True;True;0xCDcF7b2a3352a32cc28FD35C3924f5BD542a25Ea;222;222;222;0;0,0;1,9687794457676933;1,9770481124904515;0,008268666722758278;224;0;222;0,0;False;-0,00910459256575873;-0,008054668498873983;2,0;vehicles_step_sim_2__run019__SUMO_carro_1000__t0001
20;vehicles_step_sim_2.csv;SUMO_carro_1000;HBEFA4/PC_petrol_Euro-6ab;Gasoline;1773509242;2026-03-14 17:27:22;2026-03-14 17:27:22;0,0;1,973023;1,973023;0,0;24,219150403030305;55946,237431;379,80692750000003;-55566,4305035;-2,778321525175;17,66749;4,416473;40,77564360647124;-73,96068698429804;40,77265119400165;-73,96254441954352;40,7796131;-73,9703732;40,7765182;-73,9757504;True;True;0xCDcF7b2a3352a32cc28FD35C3924f5BD542a25Ea;222;222;222;0;0,0;1,9687794457676933;3,531716925409974;1,5629374796422806;224;0;222;0,0;False;0,0029092184290709835;-0,010375052096721451;2,0;vehicles_step_sim_2__run020__SUMO_carro_1000__t0001
21;vehicles_step_sim_2.csv;SUMO_carro_1000;HBEFA4/PC_petrol_Euro-6ab;Gasoline;1773509242;2026-03-14 17:27:22;2026-03-14 17:27:22;0,0;1,973023;1,973023;0,0;24,219150403030305;55946,237431;379,80692750000003;-55566,4305035;-2,778321525175;17,66749;4,416473;40,77564360647124;-73,96068698429804;40,77265119400165;-73,96254441954352;40,7781198;-73,9482894;40,7746684;-73,9482111;True;True;0xCDcF7b2a3352a32cc28FD35C3924f5BD542a25Ea;222;222;222;0;0,0;1,9687794457676933;2,2901243550089068;0,3213449092412135;224;0;222;0,0;False;0,002088125518905558;0,013212117538968974;2,0;vehicles_step_sim_2__run021__SUMO_carro_1000__t0001
22;vehicles_step_sim_2.csv;SUMO_carro_1000;HBEFA4/PC_petrol_Euro-6ab;Gasoline;1773509242;2026-03-14 17:27:22;2026-03-14 17:27:22;0,0;1,973023;1,973023;0,0;24,219150403030305;55946,237431;379,80692750000003;-55566,4305035;-2,778321525175;17,66749;4,416473;40,77564360647124;-73,96068698429804;40,77265119400165;-73,96254441954352;40,7699024;-73,9747411;40,7662706;-73,9776429;True;True;0xCDcF7b2a3352a32cc28FD35C3924f5BD542a25Ea;222;222;222;0;0,0;1,9687794457676933;4,421779159270137;2,452999713502444;224;0;222;0,0;False;-0,0068110281152583005;-0,015392062661491018;2,0;vehicles_step_sim_2__run022__SUMO_carro_1000__t0001
23;vehicles_step_sim_2.csv;SUMO_carro_1000;HBEFA4/PC_petrol_Euro-6ab;Gasoline;1773509242;2026-03-14 17:27:22;2026-03-14 17:27:22;0,0;1,973023;1,973023;0,0;24,219150403030305;55946,237431;379,80692750000003;-55566,4305035;-2,778321525175;17,66749;4,416473;40,77564360647124;-73,96068698429804;40,77265119400165;-73,96254441954352;40,7580288;-73,9590876;40,7559099;-73,9608648;True;True;0xCDcF7b2a3352a32cc28FD35C3924f5BD542a25Ea;222;222;222;0;0,0;1,9687794457676933;3,0064108160199843;1,037631370252291;224;0;222;0,0;False;-0,017621061215399962;0,002908713372775714;2,0;vehicles_step_sim_2__run023__SUMO_carro_1000__t0001
24;vehicles_step_sim_2.csv;SUMO_carro_1000;HBEFA4/PC_petrol_Euro-6ab;Gasoline;1773509242;2026-03-14 17:27:22;2026-03-14 17:27:22;0,0;1,973023;1,973023;0,0;24,219150403030305;55946,237431;379,80692750000003;-55566,4305035;-2,778321525175;17,66749;4,416473;40,77564360647124;-73,96068698429804;40,77265119400165;-73,96254441954352;40,7690909;-73,9731493;40,7656295;-73,9761245;True;True;0xCDcF7b2a3352a32cc28FD35C3924f5BD542a25Ea;222;222;222;0;0,0;1,9687794457676933;3,2265774708265678;1,2577980250588745;224;0;222;0,0;False;-0,0073584764565825305;-0,0128787102840488;2,0;vehicles_step_sim_2__run024__SUMO_carro_1000__t0001
25;vehicles_step_sim_2.csv;SUMO_carro_1000;HBEFA4/PC_petrol_Euro-6ab;Gasoline;1773509242;2026-03-14 17:27:22;2026-03-14 17:27:22;0,0;1,973023;1,973023;0,0;24,219150403030305;55946,237431;379,80692750000003;-55566,4305035;-2,778321525175;17,66749;4,416473;40,77564360647124;-73,96068698429804;40,77265119400165;-73,96254441954352;40,7589604;-73,9655676;40,7561971;-73,96774;True;True;0xCDcF7b2a3352a32cc28FD35C3924f5BD542a25Ea;222;222;222;0;0,0;1,9687794457676933;2,384385529393272;0,4156060836255786;224;0;222;0,0;False;-0,016479323869834424;-0,005357944328024001;2,0;vehicles_step_sim_2__run025__SUMO_carro_1000__t0001
26;vehicles_step_sim_2.csv;SUMO_carro_1000;HBEFA4/PC_petrol_Euro-6ab;Gasoline;1773509242;2026-03-14 17:27:22;2026-03-14 17:27:22;0,0;1,973023;1,973023;0,0;24,219150403030305;55946,237431;379,80692750000003;-55566,4305035;-2,778321525175;17,66749;4,416473;40,77564360647124;-73,96068698429804;40,77265119400165;-73,96254441954352;40,7782297;-73,9745019;40,7754862;-73,9765055;True;True;0xCDcF7b2a3352a32cc28FD35C3924f5BD542a25Ea;222;222;222;0;0,0;1,9687794457676933;1,200091978052615;-0,7686874677150783;224;0;222;0,0;False;0,0023047199074396683;-0,012710981529807633;2,0;vehicles_step_sim_2__run026__SUMO_carro_1000__t0001
27;vehicles_step_sim_2.csv;SUMO_carro_1000;HBEFA4/PC_petrol_Euro-6ab;Gasoline;1773509242;2026-03-14 17:27:22;2026-03-14 17:27:22;0,0;1,973023;1,973023;0,0;24,219150403030305;55946,237431;379,80692750000003;-55566,4305035;-2,778321525175;17,66749;4,416473;40,77564360647124;-73,96068698429804;40,77265119400165;-73,96254441954352;40,7758122;-73,9447616;40,7724097;-73,9467952;True;True;0xCDcF7b2a3352a32cc28FD35C3924f5BD542a25Ea;222;222;222;0;0,0;1,9687794457676933;2,9842413120538245;1,0154618662861312;224;0;222;0,0;False;0,00024012219811465337;0,014856775137217986;2,0;vehicles_step_sim_2__run027__SUMO_carro_1000__t0001
28;vehicles_step_sim_2.csv;SUMO_carro_1000;HBEFA4/PC_petrol_Euro-6ab;Gasoline;1773509242;2026-03-14 17:27:22;2026-03-14 17:27:22;0,0;1,973023;1,973023;0,0;24,219150403030305;55946,237431;379,80692750000003;-55566,4305035;-2,778321525175;17,66749;4,416473;40,77564360647124;-73,96068698429804;40,77265119400165;-73,96254441954352;40,7732893;-73,9488817;40,769769;-73,9496858;True;True;0xCDcF7b2a3352a32cc28FD35C3924f5BD542a25Ea;222;222;222;0;0,0;1,9687794457676933;2,4520759691889094;0,4832965234212161;224;0;222;0,0;False;-0,002756998280562666;0,012541313908886294;2,0;vehicles_step_sim_2__run028__SUMO_carro_1000__t0001
29;vehicles_step_sim_2.csv;SUMO_carro_1000;HBEFA4/PC_petrol_Euro-6ab;Gasoline;1773509242;2026-03-14 17:27:22;2026-03-14 17:27:22;0,0;1,973023;1,973023;0,0;24,219150403030305;55946,237431;379,80692750000003;-55566,4305035;-2,778321525175;17,66749;4,416473;40,77564360647124;-73,96068698429804;40,77265119400165;-73,96254441954352;40,771695;-73,9611407;40,7684986;-73,961709;True;True;0xCDcF7b2a3352a32cc28FD35C3924f5BD542a25Ea;222;222;222;0;0,0;1,9687794457676933;2,058666371688528;0,0898869259208348;224;0;222;0,0;False;-0,0038554131087070566;0,0002555339977259747;2,0;vehicles_step_sim_2__run029__SUMO_carro_1000__t0001
30;vehicles_step_sim_2.csv;SUMO_carro_1000;HBEFA4/PC_petrol_Euro-6ab;Gasoline;1773509242;2026-03-14 17:27:22;2026-03-14 17:27:22;0,0;1,973023;1,973023;0,0;24,219150403030305;55946,237431;379,80692750000003;-55566,4305035;-2,778321525175;17,66749;4,416473;40,77564360647124;-73,96068698429804;40,77265119400165;-73,96254441954352;40,7690909;-73,9731493;40,7691581;-73,9733565;True;True;0xCDcF7b2a3352a32cc28FD35C3924f5BD542a25Ea;222;222;222;0;0,0;1,9687794457676933;2,6228128274042515;0,6540333816365582;224;0;222;0,0;False;-0,005021689803800196;-0,01165233253366126;2,0;vehicles_step_sim_2__run030__SUMO_carro_1000__t0001
31;vehicles_step_sim_2.csv;SUMO_carro_1000;HBEFA4/PC_petrol_Euro-6ab;Gasoline;1773509242;2026-03-14 17:27:22;2026-03-14 17:27:22;0,0;1,973023;1,973023;0,0;24,219150403030305;55946,237431;379,80692750000003;-55566,4305035;-2,778321525175;17,66749;4,416473;40,77564360647124;-73,96068698429804;40,77265119400165;-73,96254441954352;40,7704323;-73,9662922;40,7673804;-73,9668053;True;True;0xCDcF7b2a3352a32cc28FD35C3924f5BD542a25Ea;222;222;222;0;0,0;1,9687794457676933;2,246658003748363;0,27787855798066974;224;0;222;0,0;False;-0,005376693767676665;-0,0049051517243326554;2,0;vehicles_step_sim_2__run031__SUMO_carro_1000__t0001
32;vehicles_step_sim_2.csv;SUMO_carro_1000;HBEFA4/PC_petrol_Euro-6ab;Gasoline;1773509242;2026-03-14 17:27:22;2026-03-14 17:27:22;0,0;1,973023;1,973023;0,0;24,219150403030305;55946,237431;379,80692750000003;-55566,4305035;-2,778321525175;17,66749;4,416473;40,77564360647124;-73,96068698429804;40,77265119400165;-73,96254441954352;40,7798151;-73,9733542;40,7769426;-73,9754419;True;True;0xCDcF7b2a3352a32cc28FD35C3924f5BD542a25Ea;222;222;222;0;0,0;1,9687794457676933;2,4216706622879354;0,4528912165202421;224;0;222;0,0;False;0,0040443462734251;-0,011600266675576511;2,0;vehicles_step_sim_2__run032__SUMO_carro_1000__t0001
33;vehicles_step_sim_2.csv;SUMO_carro_1000;HBEFA4/PC_petrol_Euro-6ab;Gasoline;1773509242;2026-03-14 17:27:22;2026-03-14 17:27:22;0,0;1,973023;1,973023;0,0;24,219150403030305;55946,237431;379,80692750000003;-55566,4305035;-2,778321525175;17,66749;4,416473;40,77564360647124;-73,96068698429804;40,77265119400165;-73,96254441954352;40,7875598;-73,9549351;40,7847174;-73,9561462;True;True;0xCDcF7b2a3352a32cc28FD35C3924f5BD542a25Ea;222;222;222;0;0,0;1,9687794457676933;2,1947248662052887;0,22594542043759547;224;0;222;0,0;False;0,012223205856315396;0,005800610397235588;2,0;vehicles_step_sim_2__run033__SUMO_carro_1000__t0001
34;vehicles_step_sim_2.csv;SUMO_carro_1000;HBEFA4/PC_petrol_Euro-6ab;Gasoline;1773509242;2026-03-14 17:27:22;2026-03-14 17:27:22;0,0;1,973023;1,973023;0,0;24,219150403030305;55946,237431;379,80692750000003;-55566,4305035;-2,778321525175;17,66749;4,416473;40,77564360647124;-73,96068698429804;40,77265119400165;-73,96254441954352;40,7858619;-73,974777;40,7822414;-73,9761686;True;True;0xCDcF7b2a3352a32cc28FD35C3924f5BD542a25Ea;222;222;222;0;0,0;1,9687794457676933;2,0392919850985707;0,07051253933087742;224;0;222;0,0;False;0,00968162611064559;-0,014197979819469015;2,0;vehicles_step_sim_2__run034__SUMO_carro_1000__t0001
35;vehicles_step_sim_2.csv;SUMO_carro_1000;HBEFA4/PC_petrol_Euro-6ab;Gasoline;1773509242;2026-03-14 17:27:22;2026-03-14 17:27:22;0,0;1,973023;1,973023;0,0;24,219150403030305;55946,237431;379,80692750000003;-55566,4305035;-2,778321525175;17,66749;4,416473;40,77564360647124;-73,96068698429804;40,77265119400165;-73,96254441954352;40,7608643;-73,9591089;40,7574195;-73,9608028;True;True;0xCDcF7b2a3352a32cc28FD35C3924f5BD542a25Ea;222;222;222;0;0,0;1,9687794457676933;2,0097248833292363;0,04094543756154301;224;0;222;0,0;False;-0,014815740138861142;0,0012205453005821496;2,0;vehicles_step_sim_2__run035__SUMO_carro_1000__t0001
36;vehicles_step_sim_2.csv;SUMO_carro_1000;HBEFA4/PC_petrol_Euro-6ab;Gasoline;1773509242;2026-03-14 17:27:22;2026-03-14 17:27:22;0,0;1,973023;1,973023;0,0;24,219150403030305;55946,237431;379,80692750000003;-55566,4305035;-2,778321525175;17,66749;4,416473;40,77564360647124;-73,96068698429804;40,77265119400165;-73,96254441954352;40,7885529;-73,9512551;40,7857894;-73,9530031;True;True;0xCDcF7b2a3352a32cc28FD35C3924f5BD542a25Ea;222;222;222;0;0,0;1,9687794457676933;2,237231681648623;0,2684522358809296;224;0;222;0,0;False;0,013003327538221922;0,009581728360824469;2,0;vehicles_step_sim_2__run036__SUMO_carro_1000__t0001
37;vehicles_step_sim_2.csv;SUMO_carro_1000;HBEFA4/PC_petrol_Euro-6ab;Gasoline;1773509242;2026-03-14 17:27:22;2026-03-14 17:27:22;0,0;1,973023;1,973023;0,0;24,219150403030305;55946,237431;379,80692750000003;-55566,4305035;-2,778321525175;17,66749;4,416473;40,77564360647124;-73,96068698429804;40,77265119400165;-73,96254441954352;40,7705849;-73,9684042;40,7683625;-73,9709928;True;True;0xCDcF7b2a3352a32cc28FD35C3924f5BD542a25Ea;222;222;222;0;0,0;1,9687794457676933;1,9783685574546486;0,00958911168695531;224;0;222;0,0;False;-0,004391772785173002;-0,008611088367955615;2,0;vehicles_step_sim_2__run037__SUMO_carro_1000__t0001
38;vehicles_step_sim_2.csv;SUMO_carro_1000;HBEFA4/PC_petrol_Euro-6ab;Gasoline;1773509242;2026-03-14 17:27:22;2026-03-14 17:27:22;0,0;1,973023;1,973023;0,0;24,219150403030305;55946,237431;379,80692750000003;-55566,4305035;-2,778321525175;17,66749;4,416473;40,77564360647124;-73,96068698429804;40,77265119400165;-73,96254441954352;40,790508;-73,9603889;40,7837674;-73,9652674;True;True;0xCDcF7b2a3352a32cc28FD35C3924f5BD542a25Ea;222;222;222;0;0,0;1,9687794457676933;6,239873524243233;4,27109407847554;224;0;222;0,0;False;0,012435140077977956;-0,0019504630769354408;2,0;vehicles_step_sim_2__run038__SUMO_carro_1000__t0001
39;vehicles_step_sim_2.csv;SUMO_carro_1000;HBEFA4/PC_petrol_Euro-6ab;Gasoline;1773509242;2026-03-14 17:27:22;2026-03-14 17:27:22;0,0;1,973023;1,973023;0,0;24,219150403030305;55946,237431;379,80692750000003;-55566,4305035;-2,778321525175;17,66749;4,416473;40,77564360647124;-73,96068698429804;40,77265119400165;-73,96254441954352;40,7687509;-73,9582391;40,7658539;-73,9605149;True;True;0xCDcF7b2a3352a32cc28FD35C3924f5BD542a25Ea;222;222;222;0;0,0;1,9687794457676933;2,3208204862767663;0,35204104050907303;224;0;222;0,0;False;-0,006934179732392626;0,0024711503236222914;2,0;vehicles_step_sim_2__run039__SUMO_carro_1000__t0001
40;vehicles_step_sim_2.csv;SUMO_carro_1000;HBEFA4/PC_petrol_Euro-6ab;Gasoline;1773509242;2026-03-14 17:27:22;2026-03-14 17:27:22;0,0;1,973023;1,973023;0,0;24,219150403030305;55946,237431;379,80692750000003;-55566,4305035;-2,778321525175;17,66749;4,416473;40,77564360647124;-73,96068698429804;40,77265119400165;-73,96254441954352;40,7699024;-73,9747411;40,7695366;-73,9741738;True;True;0xCDcF7b2a3352a32cc28FD35C3924f5BD542a25Ea;222;222;222;0;0,0;1,9687794457676933;1,9076935516946671;-0,061085894073026115;224;0;222;0,0;False;-0,004424325957767606;-0,013042142124940832;2,0;vehicles_step_sim_2__run040__SUMO_carro_1000__t0001
41;vehicles_step_sim_2.csv;SUMO_carro_1000;HBEFA4/PC_petrol_Euro-6ab;Gasoline;1773509242;2026-03-14 17:27:22;2026-03-14 17:27:22;0,0;1,973023;1,973023;0,0;24,219150403030305;55946,237431;379,80692750000003;-55566,4305035;-2,778321525175;17,66749;4,416473;40,77564360647124;-73,96068698429804;40,77265119400165;-73,96254441954352;40,7799104;-73,9525139;40,7759812;-73,9533015;True;True;0xCDcF7b2a3352a32cc28FD35C3924f5BD542a25Ea;222;222;222;0;0,0;1,9687794457676933;1,782553983003035;-0,18622546276465823;224;0;222;0,0;False;0,003911458037059797;0,00845737608181851;2,0;vehicles_step_sim_2__run041__SUMO_carro_1000__t0001
42;vehicles_step_sim_2.csv;SUMO_carro_1000;HBEFA4/PC_petrol_Euro-6ab;Gasoline;1773509242;2026-03-14 17:27:22;2026-03-14 17:27:22;0,0;1,973023;1,973023;0,0;24,219150403030305;55946,237431;379,80692750000003;-55566,4305035;-2,778321525175;17,66749;4,416473;40,77564360647124;-73,96068698429804;40,77265119400165;-73,96254441954352;40,7707839;-73,9511119;40,7675944;-73,9533769;True;True;0xCDcF7b2a3352a32cc28FD35C3924f5BD542a25Ea;222;222;222;0;0,0;1,9687794457676933;1,6504313958980048;-0,31834804986968845;224;0;222;0,0;False;-0,0047917236967924765;0,008547209418322791;2,0;vehicles_step_sim_2__run042__SUMO_carro_1000__t0001
43;vehicles_step_sim_2.csv;SUMO_carro_1000;HBEFA4/PC_petrol_Euro-6ab;Gasoline;1773509242;2026-03-14 17:27:22;2026-03-14 17:27:22;0,0;1,973023;1,973023;0,0;24,219150403030305;55946,237431;379,80692750000003;-55566,4305035;-2,778321525175;17,66749;4,416473;40,77564360647124;-73,96068698429804;40,77265119400165;-73,96254441954352;40,7584759;-73,9673247;40,7567951;-73,9691579;True;True;0xCDcF7b2a3352a32cc28FD35C3924f5BD542a25Ea;222;222;222;0;0,0;1,9687794457676933;2,5684510874301547;0,5996716416624615;224;0;222;0,0;False;-0,01650128020601205;-0,006398460534271345;2,0;vehicles_step_sim_2__run043__SUMO_carro_1000__t0001
44;vehicles_step_sim_2.csv;SUMO_carro_1000;HBEFA4/PC_petrol_Euro-6ab;Gasoline;1773509242;2026-03-14 17:27:22;2026-03-14 17:27:22;0,0;1,973023;1,973023;0,0;24,219150403030305;55946,237431;379,80692750000003;-55566,4305035;-2,778321525175;17,66749;4,416473;40,77564360647124;-73,96068698429804;40,77265119400165;-73,96254441954352;40,7788555;-73,9500343;40,7765079;-73,9525757;True;True;0xCDcF7b2a3352a32cc28FD35C3924f5BD542a25Ea;222;222;222;0;0,0;1,9687794457676933;2,8359050930524936;0,8671256472848003;224;0;222;0,0;False;0,0033985739037407916;0,010559899864830902;2,0;vehicles_step_sim_2__run044__SUMO_carro_1000__t0001
45;vehicles_step_sim_2.csv;SUMO_carro_1000;HBEFA4/PC_petrol_Euro-6ab;Gasoline;1773509242;2026-03-14 17:27:22;2026-03-14 17:27:22;0,0;1,973023;1,973023;0,0;24,219150403030305;55946,237431;379,80692750000003;-55566,4305035;-2,778321525175;17,66749;4,416473;40,77564360647124;-73,96068698429804;40,77265119400165;-73,96254441954352;40,781585;-73,9584293;40,7789579;-73,9603532;True;True;0xCDcF7b2a3352a32cc28FD35C3924f5BD542a25Ea;222;222;222;0;0,0;1,9687794457676933;2,7101918908904863;0,741412445122793;224;0;222;0,0;False;0,006458072096828363;0,001983422857947755;2,0;vehicles_step_sim_2__run045__SUMO_carro_1000__t0001
46;vehicles_step_sim_2.csv;SUMO_carro_1000;HBEFA4/PC_petrol_Euro-6ab;Gasoline;1773509242;2026-03-14 17:27:22;2026-03-14 17:27:22;0,0;1,973023;1,973023;0,0;24,219150403030305;55946,237431;379,80692750000003;-55566,4305035;-2,778321525175;17,66749;4,416473;40,77564360647124;-73,96068698429804;40,77265119400165;-73,96254441954352;40,760626;-73,9512608;40,7578383;-73,9534336;True;True;0xCDcF7b2a3352a32cc28FD35C3924f5BD542a25Ea;222;222;222;0;0,0;1,9687794457676933;1,483843939218145;-0,4849355065495482;224;0;222;0,0;False;-0,015045016096274308;0,009378384264789218;2,0;vehicles_step_sim_2__run046__SUMO_carro_1000__t0001
47;vehicles_step_sim_2.csv;SUMO_carro_1000;HBEFA4/PC_petrol_Euro-6ab;Gasoline;1773509242;2026-03-14 17:27:22;2026-03-14 17:27:22;0,0;1,973023;1,973023;0,0;24,219150403030305;55946,237431;379,80692750000003;-55566,4305035;-2,778321525175;17,66749;4,416473;40,77564360647124;-73,96068698429804;40,77265119400165;-73,96254441954352;40,7764127;-73,9602232;40,7737822;-73,9621448;True;True;0xCDcF7b2a3352a32cc28FD35C3924f5BD542a25Ea;222;222;222;0;0,0;1,9687794457676933;2,269627191376495;0,3008477456088017;224;0;222;0,0;False;0,001265366390697616;0,00021228423343614195;2,0;vehicles_step_sim_2__run047__SUMO_carro_1000__t0001
48;vehicles_step_sim_2.csv;SUMO_carro_1000;HBEFA4/PC_petrol_Euro-6ab;Gasoline;1773509242;2026-03-14 17:27:22;2026-03-14 17:27:22;0,0;1,973023;1,973023;0,0;24,219150403030305;55946,237431;379,80692750000003;-55566,4305035;-2,778321525175;17,66749;4,416473;40,77564360647124;-73,96068698429804;40,77265119400165;-73,96254441954352;40,7815711;-73,9564543;40,778331;-73,9586805;True;True;0xCDcF7b2a3352a32cc28FD35C3924f5BD542a25Ea;222;222;222;0;0,0;1,9687794457676933;2,1227274291780263;0,153947983410333;224;0;222;0,0;False;0,005913659895805131;0,004099657960476064;2,0;vehicles_step_sim_2__run048__SUMO_carro_1000__t0001
49;vehicles_step_sim_2.csv;SUMO_carro_1000;HBEFA4/PC_petrol_Euro-6ab;Gasoline;1773509242;2026-03-14 17:27:22;2026-03-14 17:27:22;0,0;1,973023;1,973023;0,0;24,219150403030305;55946,237431;379,80692750000003;-55566,4305035;-2,778321525175;17,66749;4,416473;40,77564360647124;-73,96068698429804;40,77265119400165;-73,96254441954352;40,7717837;-73,9675292;40,7689494;-73,9696017;True;True;0xCDcF7b2a3352a32cc28FD35C3924f5BD542a25Ea;222;222;222;0;0,0;1,9687794457676933;1,9928720954663353;0,024092649698642;224;0;222;0,0;False;-0,0036059138500885786;-0,007396628083017412;2,0;vehicles_step_sim_2__run049__SUMO_carro_1000__t0001
50;vehicles_step_sim_2.csv;SUMO_carro_1000;HBEFA4/PC_petrol_Euro-6ab;Gasoline;1773509242;2026-03-14 17:27:22;2026-03-14 17:27:22;0,0;1,973023;1,973023;0,0;24,219150403030305;55946,237431;379,80692750000003;-55566,4305035;-2,778321525175;17,66749;4,416473;40,77564360647124;-73,96068698429804;40,77265119400165;-73,96254441954352;40,7804997;-73,9498331;40,7777944;-73,9518067;True;True;0xCDcF7b2a3352a32cc28FD35C3924f5BD542a25Ea;222;222;222;0;0,0;1,9687794457676933;2,5464639145651784;0,5776844687974851;224;0;222;0,0;False;0,004956779130363095;0,010756156456739144;2,0;vehicles_step_sim_2__run050__SUMO_carro_1000__t0001
51;vehicles_step_sim_2.csv;SUMO_carro_1000;HBEFA4/PC_petrol_Euro-6ab;Gasoline;1773509242;2026-03-14 17:27:22;2026-03-14 17:27:22;0,0;1,973023;1,973023;0,0;24,219150403030305;55946,237431;379,80692750000003;-55566,4305035;-2,778321525175;17,66749;4,416473;40,77564360647124;-73,96068698429804;40,77265119400165;-73,96254441954352;40,768815;-73,9721805;40,7646647;-73,9738252;True;True;0xCDcF7b2a3352a32cc28FD35C3924f5BD542a25Ea;222;222;222;0;0,0;1,9687794457676933;1,7688097043159137;-0,1999697414517796;224;0;222;0,0;False;-0,007603462378947646;-0,01182899120197772;2,0;vehicles_step_sim_2__run051__SUMO_carro_1000__t0001
52;vehicles_step_sim_2.csv;SUMO_carro_1000;HBEFA4/PC_petrol_Euro-6ab;Gasoline;1773509242;2026-03-14 17:27:22;2026-03-14 17:27:22;0,0;1,973023;1,973023;0,0;24,219150403030305;55946,237431;379,80692750000003;-55566,4305035;-2,778321525175;17,66749;4,416473;40,77564360647124;-73,96068698429804;40,77265119400165;-73,96254441954352;40,7692555;-73,9654389;40,766155;-73,9677772;True;True;0xCDcF7b2a3352a32cc28FD35C3924f5BD542a25Ea;222;222;222;0;0,0;1,9687794457676933;2,0895751582703044;0,12079571250261112;224;0;222;0,0;False;-0,006295149510097412;-0,005176318819546786;2,0;vehicles_step_sim_2__run052__SUMO_carro_1000__t0001
53;vehicles_step_sim_2.csv;SUMO_carro_1000;HBEFA4/PC_petrol_Euro-6ab;Gasoline;1773509242;2026-03-14 17:27:22;2026-03-14 17:27:22;0,0;1,973023;1,973023;0,0;24,219150403030305;55946,237431;379,80692750000003;-55566,4305035;-2,778321525175;17,66749;4,416473;40,77564360647124;-73,96068698429804;40,77265119400165;-73,96254441954352;40,7696884;-73,9604655;40,7666809;-73,9612694;True;True;0xCDcF7b2a3352a32cc28FD35C3924f5BD542a25Ea;222;222;222;0;0,0;1,9687794457676933;2,4222619482293606;0,4534825024616673;224;0;222;0,0;False;-0,005902578467324722;0,0011198437756735201;2,0;vehicles_step_sim_2__run053__SUMO_carro_1000__t0001
54;vehicles_step_sim_2.csv;SUMO_carro_1000;HBEFA4/PC_petrol_Euro-6ab;Gasoline;1773509242;2026-03-14 17:27:22;2026-03-14 17:27:22;0,0;1,973023;1,973023;0,0;24,219150403030305;55946,237431;379,80692750000003;-55566,4305035;-2,778321525175;17,66749;4,416473;40,77564360647124;-73,96068698429804;40,77265119400165;-73,96254441954352;40,7662245;-73,9522292;40,7628245;-73,9540532;True;True;0xCDcF7b2a3352a32cc28FD35C3924f5BD542a25Ea;222;222;222;0;0,0;1,9687794457676933;1,5196934901475914;-0,4490859556201019;224;0;222;0,0;False;-0,009518945835764627;0,008373910381822626;2,0;vehicles_step_sim_2__run054__SUMO_carro_1000__t0001
55;vehicles_step_sim_2.csv;SUMO_carro_1000;HBEFA4/PC_petrol_Euro-6ab;Gasoline;1773509242;2026-03-14 17:27:22;2026-03-14 17:27:22;0,0;1,973023;1,973023;0,0;24,219150403030305;55946,237431;379,80692750000003;-55566,4305035;-2,778321525175;17,66749;4,416473;40,77564360647124;-73,96068698429804;40,77265119400165;-73,96254441954352;40,7792308;-73,9509243;40,7766188;-73,9528384;True;True;0xCDcF7b2a3352a32cc28FD35C3924f5BD542a25Ea;222;222;222;0;0,0;1,9687794457676933;2,2310942476755535;0,2623148019078603;224;0;222;0,0;False;0,004102435413958142;0,009310793625449376;2,0;vehicles_step_sim_2__run055__SUMO_carro_1000__t0001
56;vehicles_step_sim_2.csv;SUMO_carro_1000;HBEFA4/PC_petrol_Euro-6ab;Gasoline;1773509242;2026-03-14 17:27:22;2026-03-14 17:27:22;0,0;1,973023;1,973023;0,0;24,219150403030305;55946,237431;379,80692750000003;-55566,4305035;-2,778321525175;17,66749;4,416473;40,77564360647124;-73,96068698429804;40,77265119400165;-73,96254441954352;40,7736791;-73,9620739;40,7704323;-73,9641741;True;True;0xCDcF7b2a3352a32cc28FD35C3924f5BD542a25Ea;222;222;222;0;0,0;1,9687794457676933;2,0821067752154656;0,11332732944777235;224;0;222;0,0;False;-0,002143870168366288;-0,0014697446454557319;2,0;vehicles_step_sim_2__run056__SUMO_carro_1000__t0001
57;vehicles_step_sim_2.csv;SUMO_carro_1000;HBEFA4/PC_petrol_Euro-6ab;Gasoline;1773509242;2026-03-14 17:27:22;2026-03-14 17:27:22;0,0;1,973023;1,973023;0,0;24,219150403030305;55946,237431;379,80692750000003;-55566,4305035;-2,778321525175;17,66749;4,416473;40,77564360647124;-73,96068698429804;40,77265119400165;-73,96254441954352;40,7897946;-73,9660676;40,7869227;-73,9681638;True;True;0xCDcF7b2a3352a32cc28FD35C3924f5BD542a25Ea;222;222;222;0;0,0;1,9687794457676933;1,3798726894387907;-0,5889067563289025;224;0;222;0,0;False;0,014209940272440203;-0,005195061472122756;2,0;vehicles_step_sim_2__run057__SUMO_carro_1000__t0001
58;vehicles_step_sim_2.csv;SUMO_carro_1000;HBEFA4/PC_petrol_Euro-6ab;Gasoline;1773509242;2026-03-14 17:27:22;2026-03-14 17:27:22;0,0;1,973023;1,973023;0,0;24,219150403030305;55946,237431;379,80692750000003;-55566,4305035;-2,778321525175;17,66749;4,416473;40,77564360647124;-73,96068698429804;40,77265119400165;-73,96254441954352;40,7814025;-73,9560501;40,7787825;-73,9579671;True;True;0xCDcF7b2a3352a32cc28FD35C3924f5BD542a25Ea;222;222;222;0;0,0;1,9687794457676933;2,0750724707686596;0,10629302500096638;224;0;222;0,0;False;0,005681181887995727;0,004746079387079672;2,0;vehicles_step_sim_2__run058__SUMO_carro_1000__t0001
59;vehicles_step_sim_2.csv;SUMO_carro_1000;HBEFA4/PC_petrol_Euro-6ab;Gasoline;1773509242;2026-03-14 17:27:22;2026-03-14 17:27:22;0,0;1,973023;1,973023;0,0;24,219150403030305;55946,237431;379,80692750000003;-55566,4305035;-2,778321525175;17,66749;4,416473;40,77564360647124;-73,96068698429804;40,77265119400165;-73,96254441954352;40,7720202;-73,9498054;40,7693938;-73,9517307;True;True;0xCDcF7b2a3352a32cc28FD35C3924f5BD542a25Ea;222;222;222;0;0,0;1,9687794457676933;2,3962712596303253;0,427491813862632;224;0;222;0,0;False;-0,0036159542428014337;0,011085272167476167;2,0;vehicles_step_sim_2__run059__SUMO_carro_1000__t0001
60;vehicles_step_sim_2.csv;SUMO_carro_1000;HBEFA4/PC_petrol_Euro-6ab;Gasoline;1773509242;2026-03-14 17:27:22;2026-03-14 17:27:22;0,0;1,973023;1,973023;0,0;24,219150403030305;55946,237431;379,80692750000003;-55566,4305035;-2,778321525175;17,66749;4,416473;40,77564360647124;-73,96068698429804;40,77265119400165;-73,96254441954352;40,7902022;-73,9595141;40,7846666;-73,9581319;True;True;0xCDcF7b2a3352a32cc28FD35C3924f5BD542a25Ea;222;222;222;0;0,0;1,9687794457676933;3,3104837473914435;1,3417043016237502;224;0;222;0,0;False;0,01349814683152238;0,0007824548108136954;2,0;vehicles_step_sim_2__run060__SUMO_carro_1000__t0001
61;vehicles_step_sim_2.csv;SUMO_carro_1000;HBEFA4/PC_petrol_Euro-6ab;Gasoline;1773509242;2026-03-14 17:27:22;2026-03-14 17:27:22;0,0;1,973023;1,973023;0,0;24,219150403030305;55946,237431;379,80692750000003;-55566,4305035;-2,778321525175;17,66749;4,416473;40,77564360647124;-73,96068698429804;40,77265119400165;-73,96254441954352;40,7721405;-73,9498885;40,7693938;-73,9517307;True;True;0xCDcF7b2a3352a32cc28FD35C3924f5BD542a25Ea;222;222;222;0;0,0;1,9687794457676933;2,379960413423525;0,41118096765583156;224;0;222;0,0;False;-0,0033008538894177077;0,011031285813752272;2,0;vehicles_step_sim_2__run061__SUMO_carro_1000__t0001
62;vehicles_step_sim_2.csv;SUMO_carro_1000;HBEFA4/PC_petrol_Euro-6ab;Gasoline;1773509242;2026-03-14 17:27:22;2026-03-14 17:27:22;0,0;1,973023;1,973023;0,0;24,219150403030305;55946,237431;379,80692750000003;-55566,4305035;-2,778321525175;17,66749;4,416473;40,77564360647124;-73,96068698429804;40,77265119400165;-73,96254441954352;40,7647379;-73,9642591;40,7618349;-73,9652887;True;True;0xCDcF7b2a3352a32cc28FD35C3924f5BD542a25Ea;222;222;222;0;0,0;1,9687794457676933;2,733436789173393;0,7646573434056998;224;0;222;0,0;False;-0,01076622807470609;-0,003144776774028251;2,0;vehicles_step_sim_2__run062__SUMO_carro_1000__t0001
63;vehicles_step_sim_2.csv;SUMO_carro_1000;HBEFA4/PC_petrol_Euro-6ab;Gasoline;1773509242;2026-03-14 17:27:22;2026-03-14 17:27:22;0,0;1,973023;1,973023;0,0;24,219150403030305;55946,237431;379,80692750000003;-55566,4305035;-2,778321525175;17,66749;4,416473;40,77564360647124;-73,96068698429804;40,77265119400165;-73,96254441954352;40,7786974;-73,9679871;40,7784436;-73,9673756;True;True;0xCDcF7b2a3352a32cc28FD35C3924f5BD542a25Ea;222;222;222;0;0,0;1,9687794457676933;1,650719548540996;-0,31805989722669725;224;0;222;0,0;False;0,004734399544349792;-0,0056900008102793885;2,0;vehicles_step_sim_2__run063__SUMO_carro_1000__t0001
64;vehicles_step_sim_2.csv;SUMO_carro_1000;HBEFA4/PC_petrol_Euro-6ab;Gasoline;1773509242;2026-03-14 17:27:22;2026-03-14 17:27:22;0,0;1,973023;1,973023;0,0;24,219150403030305;55946,237431;379,80692750000003;-55566,4305035;-2,778321525175;17,66749;4,416473;40,77564360647124;-73,96068698429804;40,77265119400165;-73,96254441954352;40,771713;-73,953324;40,7691791;-73,9551783;True;True;0xCDcF7b2a3352a32cc28FD35C3924f5BD542a25Ea;222;222;222;0;0,0;1,9687794457676933;1,4443270907652128;-0,5244523550024804;224;0;222;0,0;False;-0,0035554433913471597;0,00658469007483029;2,0;vehicles_step_sim_2__run064__SUMO_carro_1000__t0001
65;vehicles_step_sim_2.csv;SUMO_carro_1000;HBEFA4/PC_petrol_Euro-6ab;Gasoline;1773509242;2026-03-14 17:27:22;2026-03-14 17:27:22;0,0;1,973023;1,973023;0,0;24,219150403030305;55946,237431;379,80692750000003;-55566,4305035;-2,778321525175;17,66749;4,416473;40,77564360647124;-73,96068698429804;40,77265119400165;-73,96254441954352;40,7597814;-73,9585033;40,7567167;-73,9602659;True;True;0xCDcF7b2a3352a32cc28FD35C3924f5BD542a25Ea;222;222;222;0;0,0;1,9687794457676933;1,529162298619853;-0,4396171471478403;224;0;222;0,0;False;-0,016038715086789133;0,002172184927414071;2,0;vehicles_step_sim_2__run065__SUMO_carro_1000__t0001
66;vehicles_step_sim_2.csv;SUMO_carro_1000;HBEFA4/PC_petrol_Euro-6ab;Gasoline;1773509242;2026-03-14 17:27:22;2026-03-14 17:27:22;0,0;1,973023;1,973023;0,0;24,219150403030305;55946,237431;379,80692750000003;-55566,4305035;-2,778321525175;17,66749;4,416473;40,77564360647124;-73,96068698429804;40,77265119400165;-73,96254441954352;40,7760958;-73,9760603;40,771895;-73,977934;True;True;0xCDcF7b2a3352a32cc28FD35C3924f5BD542a25Ea;222;222;222;0;0,0;1,9687794457676933;1,7189455708323234;-0,2498338749353699;224;0;222;0,0;False;-0,00010418279152945389;-0,01476476777688232;2,0;vehicles_step_sim_2__run066__SUMO_carro_1000__t0001
67;vehicles_step_sim_2.csv;SUMO_carro_1000;HBEFA4/PC_petrol_Euro-6ab;Gasoline;1773509242;2026-03-14 17:27:22;2026-03-14 17:27:22;0,0;1,973023;1,973023;0,0;24,219150403030305;55946,237431;379,80692750000003;-55566,4305035;-2,778321525175;17,66749;4,416473;40,77564360647124;-73,96068698429804;40,77265119400165;-73,96254441954352;40,7673441;-73,9707647;40,7643758;-73,9729545;True;True;0xCDcF7b2a3352a32cc28FD35C3924f5BD542a25Ea;222;222;222;0;0,0;1,9687794457676933;2,036094174917028;0,06731472914933456;224;0;222;0,0;False;-0,008292685250119078;-0,01017825350102584;2,0;vehicles_step_sim_2__run067__SUMO_carro_1000__t0001
68;vehicles_step_sim_2.csv;SUMO_carro_1000;HBEFA4/PC_petrol_Euro-6ab;Gasoline;1773509242;2026-03-14 17:27:22;2026-03-14 17:27:22;0,0;1,973023;1,973023;0,0;24,219150403030305;55946,237431;379,80692750000003;-55566,4305035;-2,778321525175;17,66749;4,416473;40,77564360647124;-73,96068698429804;40,77265119400165;-73,96254441954352;40,7816986;-73,9629964;40,7780328;-73,9653979;True;True;0xCDcF7b2a3352a32cc28FD35C3924f5BD542a25Ea;222;222;222;0;0,0;1,9687794457676933;2,1705703016014914;0,2017908558337982;224;0;222;0,0;False;0,005485111195324564;-0,0027481594914940733;2,0;vehicles_step_sim_2__run068__SUMO_carro_1000__t0001
69;vehicles_step_sim_2.csv;SUMO_carro_1000;HBEFA4/PC_petrol_Euro-6ab;Gasoline;1773509242;2026-03-14 17:27:22;2026-03-14 17:27:22;0,0;1,973023;1,973023;0,0;24,219150403030305;55946,237431;379,80692750000003;-55566,4305035;-2,778321525175;17,66749;4,416473;40,77564360647124;-73,96068698429804;40,77265119400165;-73,96254441954352;40,7807547;-73,946718;40,7776174;-73,9488332;True;True;0xCDcF7b2a3352a32cc28FD35C3924f5BD542a25Ea;222;222;222;0;0,0;1,9687794457676933;2,3773465880924682;0,408567142324775;224;0;222;0,0;False;0,005126121147593154;0,013651712850741963;2,0;vehicles_step_sim_2__run069__SUMO_carro_1000__t0001
70;vehicles_step_sim_2.csv;SUMO_carro_1000;HBEFA4/PC_petrol_Euro-6ab;Gasoline;1773509242;2026-03-14 17:27:22;2026-03-14 17:27:22;0,0;1,973023;1,973023;0,0;24,219150403030305;55946,237431;379,80692750000003;-55566,4305035;-2,778321525175;17,66749;4,416473;40,77564360647124;-73,96068698429804;40,77265119400165;-73,96254441954352;40,7655642;-73,9605654;40,762658;-73,961599;True;True;0xCDcF7b2a3352a32cc28FD35C3924f5BD542a25Ea;222;222;222;0;0,0;1,9687794457676933;2,526093203844762;0,5573137580770686;224;0;222;0,0;False;-0,010094663070510048;0,0010151844072898842;2,0;vehicles_step_sim_2__run070__SUMO_carro_1000__t0001
71;vehicles_step_sim_2.csv;SUMO_carro_1000;HBEFA4/PC_petrol_Euro-6ab;Gasoline;1773509242;2026-03-14 17:27:22;2026-03-14 17:27:22;0,0;1,973023;1,973023;0,0;24,219150403030305;55946,237431;379,80692750000003;-55566,4305035;-2,778321525175;17,66749;4,416473;40,77564360647124;-73,96068698429804;40,77265119400165;-73,96254441954352;40,7707101;-73,9568088;40,7680779;-73,9587314;True;True;0xCDcF7b2a3352a32cc28FD35C3924f5BD542a25Ea;222;222;222;0;0,0;1,9687794457676933;2,424833393579796;0,4560539478121026;224;0;222;0,0;False;-0,004872320299189795;0,004054549251492769;2,0;vehicles_step_sim_2__run071__SUMO_carro_1000__t0001
72;vehicles_step_sim_2.csv;SUMO_carro_1000;HBEFA4/PC_petrol_Euro-6ab;Gasoline;1773509242;2026-03-14 17:27:22;2026-03-14 17:27:22;0,0;1,973023;1,973023;0,0;24,219150403030305;55946,237431;379,80692750000003;-55566,4305035;-2,778321525175;17,66749;4,416473;40,77564360647124;-73,96068698429804;40,77265119400165;-73,96254441954352;40,7805056;-73,9500443;40,7772558;-73,9521954;True;True;0xCDcF7b2a3352a32cc28FD35C3924f5BD542a25Ea;222;222;222;0;0,0;1,9687794457676933;2,6077399855225805;0,6389605397548872;224;0;222;0,0;False;0,004791522567266066;0,010588835252247238;2,0;vehicles_step_sim_2__run072__SUMO_carro_1000__t0001
73;vehicles_step_sim_2.csv;SUMO_carro_1000;HBEFA4/PC_petrol_Euro-6ab;Gasoline;1773509242;2026-03-14 17:27:22;2026-03-14 17:27:22;0,0;1,973023;1,973023;0,0;24,219150403030305;55946,237431;379,80692750000003;-55566,4305035;-2,778321525175;17,66749;4,416473;40,77564360647124;-73,96068698429804;40,77265119400165;-73,96254441954352;40,7621401;-73,9547614;40,7581162;-73,9547044;True;True;0xCDcF7b2a3352a32cc28FD35C3924f5BD542a25Ea;222;222;222;0;0,0;1,9687794457676933;2,3096918279790066;0,34091238221131337;224;0;222;0,0;False;-0,013952183008676365;0,006567013891970602;2,0;vehicles_step_sim_2__run073__SUMO_carro_1000__t0001
74;vehicles_step_sim_2.csv;SUMO_carro_1000;HBEFA4/PC_petrol_Euro-6ab;Gasoline;1773509242;2026-03-14 17:27:22;2026-03-14 17:27:22;0,0;1,973023;1,973023;0,0;24,219150403030305;55946,237431;379,80692750000003;-55566,4305035;-2,778321525175;17,66749;4,416473;40,77564360647124;-73,96068698429804;40,77265119400165;-73,96254441954352;40,7903388;-73,9600164;40,783484;-73,9643722;True;True;0xCDcF7b2a3352a32cc28FD35C3924f5BD542a25Ea;222;222;222;0;0,0;1,9687794457676933;4,990300263394741;3,0215208176270476;224;0;222;0,0;False;0,013579154455999661;-2,0427066352895664e-05;2,0;vehicles_step_sim_2__run074__SUMO_carro_1000__t0001
75;vehicles_step_sim_2.csv;SUMO_carro_1000;HBEFA4/PC_petrol_Euro-6ab;Gasoline;1773509242;2026-03-14 17:27:22;2026-03-14 17:27:22;0,0;1,973023;1,973023;0,0;24,219150403030305;55946,237431;379,80692750000003;-55566,4305035;-2,778321525175;17,66749;4,416473;40,77564360647124;-73,96068698429804;40,77265119400165;-73,96254441954352;40,7704772;-73,9756095;40,7662706;-73,9776429;True;True;0xCDcF7b2a3352a32cc28FD35C3924f5BD542a25Ea;222;222;222;0;0,0;1,9687794457676933;1,7132616435345491;-0,25551780223314413;224;0;222;0,0;False;-0,005744262488013149;-0,015467794140492423;2,0;vehicles_step_sim_2__run075__SUMO_carro_1000__t0001
76;vehicles_step_sim_2.csv;SUMO_carro_1000;HBEFA4/PC_petrol_Euro-6ab;Gasoline;1773509242;2026-03-14 17:27:22;2026-03-14 17:27:22;0,0;1,973023;1,973023;0,0;24,219150403030305;55946,237431;379,80692750000003;-55566,4305035;-2,778321525175;17,66749;4,416473;40,77564360647124;-73,96068698429804;40,77265119400165;-73,96254441954352;40,7739219;-73,9484219;40,7710443;-73,9495942;True;True;0xCDcF7b2a3352a32cc28FD35C3924f5BD542a25Ea;222;222;222;0;0,0;1,9687794457676933;2,5914263467178786;0,6226469009501854;224;0;222;0,0;False;-0,0017764552732374363;0,013257440390876328;2,0;vehicles_step_sim_2__run076__SUMO_carro_1000__t0001
77;vehicles_step_sim_2.csv;SUMO_carro_1000;HBEFA4/PC_petrol_Euro-6ab;Gasoline;1773509242;2026-03-14 17:27:22;2026-03-14 17:27:22;0,0;1,973023;1,973023;0,0;24,219150403030305;55946,237431;379,80692750000003;-55566,4305035;-2,778321525175;17,66749;4,416473;40,77564360647124;-73,96068698429804;40,77265119400165;-73,96254441954352;40,7678;-73,9697099;40,76514;-73,9712027;True;True;0xCDcF7b2a3352a32cc28FD35C3924f5BD542a25Ea;222;222;222;0;0,0;1,9687794457676933;2,788906936101343;0,8201274903336497;224;0;222;0,0;False;-0,007545230754585814;-0,00859431954711159;2,0;vehicles_step_sim_2__run077__SUMO_carro_1000__t0001
78;vehicles_step_sim_2.csv;SUMO_carro_1000;HBEFA4/PC_petrol_Euro-6ab;Gasoline;1773509242;2026-03-14 17:27:22;2026-03-14 17:27:22;0,0;1,973023;1,973023;0,0;24,219150403030305;55946,237431;379,80692750000003;-55566,4305035;-2,778321525175;17,66749;4,416473;40,77564360647124;-73,96068698429804;40,77265119400165;-73,96254441954352;40,7828236;-73,9555391;40,7795974;-73,957755;True;True;0xCDcF7b2a3352a32cc28FD35C3924f5BD542a25Ea;222;222;222;0;0,0;1,9687794457676933;2,227176598203134;0,2583971524354409;224;0;222;0,0;False;0,007068089534870857;0,004741557825047589;2,0;vehicles_step_sim_2__run078__SUMO_carro_1000__t0001
79;vehicles_step_sim_2.csv;SUMO_carro_1000;HBEFA4/PC_petrol_Euro-6ab;Gasoline;1773509242;2026-03-14 17:27:22;2026-03-14 17:27:22;0,0;1,973023;1,973023;0,0;24,219150403030305;55946,237431;379,80692750000003;-55566,4305035;-2,778321525175;17,66749;4,416473;40,77564360647124;-73,96068698429804;40,77265119400165;-73,96254441954352;40,7833926;-73,964168;40,781976;-73,9632891;True;True;0xCDcF7b2a3352a32cc28FD35C3924f5BD542a25Ea;222;222;222;0;0,0;1,9687794457676933;2,0781068034332364;0,10932735766554313;224;0;222;0,0;False;0,008525319135215646;-0,0027581589643281643;2,0;vehicles_step_sim_2__run079__SUMO_carro_1000__t0001
80;vehicles_step_sim_2.csv;SUMO_carro_1000;HBEFA4/PC_petrol_Euro-6ab;Gasoline;1773509242;2026-03-14 17:27:22;2026-03-14 17:27:22;0,0;1,973023;1,973023;0,0;24,219150403030305;55946,237431;379,80692750000003;-55566,4305035;-2,778321525175;17,66749;4,416473;40,77564360647124;-73,96068698429804;40,77265119400165;-73,96254441954352;40,7783071;-73,9669678;40,7730823;-73,9665764;True;True;0xCDcF7b2a3352a32cc28FD35C3924f5BD542a25Ea;222;222;222;0;0,0;1,9687794457676933;2,1562423258520083;0,187462880084315;224;0;222;0,0;False;0,0014981317337746094;-0,006810614280553905;2,0;vehicles_step_sim_2__run080__SUMO_carro_1000__t0001
81;vehicles_step_sim_2.csv;SUMO_carro_1000;HBEFA4/PC_petrol_Euro-6ab;Gasoline;1773509242;2026-03-14 17:27:22;2026-03-14 17:27:22;0,0;1,973023;1,973023;0,0;24,219150403030305;55946,237431;379,80692750000003;-55566,4305035;-2,778321525175;17,66749;4,416473;40,77564360647124;-73,96068698429804;40,77265119400165;-73,96254441954352;40,7730364;-73,9583902;40,7698452;-73,9605326;True;True;0xCDcF7b2a3352a32cc28FD35C3924f5BD542a25Ea;222;222;222;0;0,0;1,9687794457676933;2,370910659702037;0,4021312139343436;224;0;222;0,0;False;-0,002410927922020905;0,001868176877005142;2,0;vehicles_step_sim_2__run081__SUMO_carro_1000__t0001
82;vehicles_step_sim_2.csv;SUMO_carro_1000;HBEFA4/PC_petrol_Euro-6ab;Gasoline;1773509242;2026-03-14 17:27:22;2026-03-14 17:27:22;0,0;1,973023;1,973023;0,0;24,219150403030305;55946,237431;379,80692750000003;-55566,4305035;-2,778321525175;17,66749;4,416473;40,77564360647124;-73,96068698429804;40,77265119400165;-73,96254441954352;40,7739219;-73,9484219;40,7711878;-73,9499325;True;True;0xCDcF7b2a3352a32cc28FD35C3924f5BD542a25Ea;222;222;222;0;0,0;1,9687794457676933;2,3742107740503635;0,40543132828267026;224;0;222;0,0;False;-0,0017014577529060383;0,012598860656359592;2,0;vehicles_step_sim_2__run082__SUMO_carro_1000__t0001
83;vehicles_step_sim_2.csv;SUMO_carro_1000;HBEFA4/PC_petrol_Euro-6ab;Gasoline;1773509242;2026-03-14 17:27:22;2026-03-14 17:27:22;0,0;1,973023;1,973023;0,0;24,219150403030305;55946,237431;379,80692750000003;-55566,4305035;-2,778321525175;17,66749;4,416473;40,77564360647124;-73,96068698429804;40,77265119400165;-73,96254441954352;40,7799769;-73,9747351;40,7765596;-73,9767653;True;True;0xCDcF7b2a3352a32cc28FD35C3924f5BD542a25Ea;222;222;222;0;0,0;1,9687794457676933;1,7720813368218462;-0,19669810894584705;224;0;222;0,0;False;0,003902115910489568;-0,014342462332099048;2,0;vehicles_step_sim_2__run083__SUMO_carro_1000__t0001
84;vehicles_step_sim_2.csv;SUMO_carro_1000;HBEFA4/PC_petrol_Euro-6ab;Gasoline;1773509242;2026-03-14 17:27:22;2026-03-14 17:27:22;0,0;1,973023;1,973023;0,0;24,219150403030305;55946,237431;379,80692750000003;-55566,4305035;-2,778321525175;17,66749;4,416473;40,77564360647124;-73,96068698429804;40,77265119400165;-73,96254441954352;40,777068;-73,9596034;40,7742566;-73,9612794;True;True;0xCDcF7b2a3352a32cc28FD35C3924f5BD542a25Ea;222;222;222;0;0,0;1,9687794457676933;2,3040950843181185;0,33531563855042523;224;0;222;0,0;False;0,0016108614796008635;0,0013091157345117713;2,0;vehicles_step_sim_2__run084__SUMO_carro_1000__t0001
85;vehicles_step_sim_2.csv;SUMO_carro_1000;HBEFA4/PC_petrol_Euro-6ab;Gasoline;1773509242;2026-03-14 17:27:22;2026-03-14 17:27:22;0,0;1,973023;1,973023;0,0;24,219150403030305;55946,237431;379,80692750000003;-55566,4305035;-2,778321525175;17,66749;4,416473;40,77564360647124;-73,96068698429804;40,77265119400165;-73,96254441954352;40,7847793;-73,9580493;40,783022;-73,9637156;True;True;0xCDcF7b2a3352a32cc28FD35C3924f5BD542a25Ea;222;222;222;0;0,0;1,9687794457676933;2,8714273288221692;0,902647883054476;224;0;222;0,0;False;0,010665330418087645;-0,0003483590519135693;2,0;vehicles_step_sim_2__run085__SUMO_carro_1000__t0001
86;vehicles_step_sim_2.csv;SUMO_carro_1000;HBEFA4/PC_petrol_Euro-6ab;Gasoline;1773509242;2026-03-14 17:27:22;2026-03-14 17:27:22;0,0;1,973023;1,973023;0,0;24,219150403030305;55946,237431;379,80692750000003;-55566,4305035;-2,778321525175;17,66749;4,416473;40,77564360647124;-73,96068698429804;40,77265119400165;-73,96254441954352;40,7854008;-73,9575948;40,7827859;-73,9594954;True;True;0xCDcF7b2a3352a32cc28FD35C3924f5BD542a25Ea;222;222;222;0;0,0;1,9687794457676933;2,0733240910321684;0,10454464526447516;224;0;222;0,0;False;0,009868511924427928;0,002963469838187261;2,0;vehicles_step_sim_2__run086__SUMO_carro_1000__t0001
87;vehicles_step_sim_2.csv;SUMO_carro_1000;HBEFA4/PC_petrol_Euro-6ab;Gasoline;1773509242;2026-03-14 17:27:22;2026-03-14 17:27:22;0,0;1,973023;1,973023;0,0;24,219150403030305;55946,237431;379,80692750000003;-55566,4305035;-2,778321525175;17,66749;4,416473;40,77564360647124;-73,96068698429804;40,77265119400165;-73,96254441954352;40,7809671;-73,962153;40,7775705;-73,9646152;True;True;0xCDcF7b2a3352a32cc28FD35C3924f5BD542a25Ea;222;222;222;0;0,0;1,9687794457676933;1,3903535161879974;-0,5784259295796959;224;0;222;0,0;False;0,005270050143521806;-0,0016710150388057348;2,0;vehicles_step_sim_2__run087__SUMO_carro_1000__t0001
88;vehicles_step_sim_2.csv;SUMO_carro_1000;HBEFA4/PC_petrol_Euro-6ab;Gasoline;1773509242;2026-03-14 17:27:22;2026-03-14 17:27:22;0,0;1,973023;1,973023;0,0;24,219150403030305;55946,237431;379,80692750000003;-55566,4305035;-2,778321525175;17,66749;4,416473;40,77564360647124;-73,96068698429804;40,77265119400165;-73,96254441954352;40,7775904;-73,9610596;40,774423;-73,9616724;True;True;0xCDcF7b2a3352a32cc28FD35C3924f5BD542a25Ea;222;222;222;0;0,0;1,9687794457676933;2,1750785371055428;0,20629909133784952;224;0;222;0,0;False;0,002000727216772593;0,0003531573717458782;2,0;vehicles_step_sim_2__run088__SUMO_carro_1000__t0001
89;vehicles_step_sim_2.csv;SUMO_carro_1000;HBEFA4/PC_petrol_Euro-6ab;Gasoline;1773509242;2026-03-14 17:27:22;2026-03-14 17:27:22;0,0;1,973023;1,973023;0,0;24,219150403030305;55946,237431;379,80692750000003;-55566,4305035;-2,778321525175;17,66749;4,416473;40,77564360647124;-73,96068698429804;40,77265119400165;-73,96254441954352;40,7688891;-73,9645695;40,766036;-73,965554;True;True;0xCDcF7b2a3352a32cc28FD35C3924f5BD542a25Ea;222;222;222;0;0,0;1,9687794457676933;2,300482229098188;0,33170278333049485;224;0;222;0,0;False;-0,006537619982537164;-0,003626095425560957;2,0;vehicles_step_sim_2__run089__SUMO_carro_1000__t0001
90;vehicles_step_sim_2.csv;SUMO_carro_1000;HBEFA4/PC_petrol_Euro-6ab;Gasoline;1773509242;2026-03-14 17:27:22;2026-03-14 17:27:22;0,0;1,973023;1,973023;0,0;24,219150403030305;55946,237431;379,80692750000003;-55566,4305035;-2,778321525175;17,66749;4,416473;40,77564360647124;-73,96068698429804;40,77265119400165;-73,96254441954352;40,775567;-73,9443205;40,7720527;-73,9459354;True;True;0xCDcF7b2a3352a32cc28FD35C3924f5BD542a25Ea;222;222;222;0;0,0;1,9687794457676933;3,0905870505684225;1,1218076048007293;224;0;222;0,0;False;-0,0002211921483846452;0,016493783770859784;2,0;vehicles_step_sim_2__run090__SUMO_carro_1000__t0001
91;vehicles_step_sim_2.csv;SUMO_carro_1000;HBEFA4/PC_petrol_Euro-6ab;Gasoline;1773509242;2026-03-14 17:27:22;2026-03-14 17:27:22;0,0;1,973023;1,973023;0,0;24,219150403030305;55946,237431;379,80692750000003;-55566,4305035;-2,778321525175;17,66749;4,416473;40,77564360647124;-73,96068698429804;40,77265119400165;-73,96254441954352;40,7927485;-73,9672421;40,7896378;-73,9697186;True;True;0xCDcF7b2a3352a32cc28FD35C3924f5BD542a25Ea;222;222;222;0;0,0;1,9687794457676933;2,6742844161358055;0,7055049703681122;224;0;222;0,0;False;0,016782558783110284;-0,006339419501395279;2,0;vehicles_step_sim_2__run091__SUMO_carro_1000__t0001
92;vehicles_step_sim_2.csv;SUMO_carro_1000;HBEFA4/PC_petrol_Euro-6ab;Gasoline;1773509242;2026-03-14 17:27:22;2026-03-14 17:27:22;0,0;1,973023;1,973023;0,0;24,219150403030305;55946,237431;379,80692750000003;-55566,4305035;-2,778321525175;17,66749;4,416473;40,77564360647124;-73,96068698429804;40,77265119400165;-73,96254441954352;40,7704665;-73,9482168;40,7673168;-73,9502726;True;True;0xCDcF7b2a3352a32cc28FD35C3924f5BD542a25Ea;222;222;222;0;0,0;1,9687794457676933;1,4569441674026324;-0,5118352783650608;224;0;222;0,0;False;-0,0054121793014043134;0,01223341938877346;2,0;vehicles_step_sim_2__run092__SUMO_carro_1000__t0001
93;vehicles_step_sim_2.csv;SUMO_carro_1000;HBEFA4/PC_petrol_Euro-6ab;Gasoline;1773509242;2026-03-14 17:27:22;2026-03-14 17:27:22;0,0;1,973023;1,973023;0,0;24,219150403030305;55946,237431;379,80692750000003;-55566,4305035;-2,778321525175;17,66749;4,416473;40,77564360647124;-73,96068698429804;40,77265119400165;-73,96254441954352;40,77027;-73,9474968;40,7677522;-73,9497267;True;True;0xCDcF7b2a3352a32cc28FD35C3924f5BD542a25Ea;222;222;222;0;0,0;1,9687794457676933;2,8372333443897766;0,8684538986220833;224;0;222;0,0;False;-0,00605011138803412;0,014580526423161084;2,0;vehicles_step_sim_2__run093__SUMO_carro_1000__t0001
94;vehicles_step_sim_2.csv;SUMO_carro_1000;HBEFA4/PC_petrol_Euro-6ab;Gasoline;1773509242;2026-03-14 17:27:22;2026-03-14 17:27:22;0,0;1,973023;1,973023;0,0;24,219150403030305;55946,237431;379,80692750000003;-55566,4305035;-2,778321525175;17,66749;4,416473;40,77564360647124;-73,96068698429804;40,77265119400165;-73,96254441954352;40,7762518;-73,9642599;40,7731016;-73,9664464;True;True;0xCDcF7b2a3352a32cc28FD35C3924f5BD542a25Ea;222;222;222;0;0,0;1,9687794457676933;2,0734163125764358;0,10463686680874251;224;0;222;0,0;False;0,0005333530207479667;-0,003668145378582059;2,0;vehicles_step_sim_2__run094__SUMO_carro_1000__t0001
95;vehicles_step_sim_2.csv;SUMO_carro_1000;HBEFA4/PC_petrol_Euro-6ab;Gasoline;1773509242;2026-03-14 17:27:22;2026-03-14 17:27:22;0,0;1,973023;1,973023;0,0;24,219150403030305;55946,237431;379,80692750000003;-55566,4305035;-2,778321525175;17,66749;4,416473;40,77564360647124;-73,96068698429804;40,77265119400165;-73,96254441954352;40,7772499;-73,9523698;40,7747141;-73,9542184;True;True;0xCDcF7b2a3352a32cc28FD35C3924f5BD542a25Ea;222;222;222;0;0,0;1,9687794457676933;1,6962180488181595;-0,27256139694953374;224;0;222;0,0;False;0,002147845696401201;0,007686721352995219;2,0;vehicles_step_sim_2__run095__SUMO_carro_1000__t0001
96;vehicles_step_sim_2.csv;SUMO_carro_1000;HBEFA4/PC_petrol_Euro-6ab;Gasoline;1773509242;2026-03-14 17:27:22;2026-03-14 17:27:22;0,0;1,973023;1,973023;0,0;24,219150403030305;55946,237431;379,80692750000003;-55566,4305035;-2,778321525175;17,66749;4,416473;40,77564360647124;-73,96068698429804;40,77265119400165;-73,96254441954352;40,7850081;-73,9467138;40,7818645;-73,9488308;True;True;0xCDcF7b2a3352a32cc28FD35C3924f5BD542a25Ea;222;222;222;0;0,0;1,9687794457676933;2,3332708955687385;0,3644914498010452;224;0;222;0,0;False;0,009364890102644796;0,013870377338932066;2,0;vehicles_step_sim_2__run096__SUMO_carro_1000__t0001
97;vehicles_step_sim_2.csv;SUMO_carro_1000;HBEFA4/PC_petrol_Euro-6ab;Gasoline;1773509242;2026-03-14 17:27:22;2026-03-14 17:27:22;0,0;1,973023;1,973023;0,0;24,219150403030305;55946,237431;379,80692750000003;-55566,4305035;-2,778321525175;17,66749;4,416473;40,77564360647124;-73,96068698429804;40,77265119400165;-73,96254441954352;40,7716503;-73,9590479;40,7687013;-73,9602107;True;True;0xCDcF7b2a3352a32cc28FD35C3924f5BD542a25Ea;222;222;222;0;0,0;1,9687794457676933;2,371266927118303;0,40248748135060963;224;0;222;0,0;False;-0,0042956504707122095;0,0023043313869404404;2,0;vehicles_step_sim_2__run097__SUMO_carro_1000__t0001
98;vehicles_step_sim_2.csv;SUMO_carro_1000;HBEFA4/PC_petrol_Euro-6ab;Gasoline;1773509242;2026-03-14 17:27:22;2026-03-14 17:27:22;0,0;1,973023;1,973023;0,0;24,219150403030305;55946,237431;379,80692750000003;-55566,4305035;-2,778321525175;17,66749;4,416473;40,77564360647124;-73,96068698429804;40,77265119400165;-73,96254441954352;40,791632;-73,9530431;40,7895856;-73,9576393;True;True;0xCDcF7b2a3352a32cc28FD35C3924f5BD542a25Ea;222;222;222;0;0,0;1,9687794457676933;2,243518129627868;0,27473868386017464;224;0;222;0,0;False;0,017175681105602098;0,0046144135382185;2,0;vehicles_step_sim_2__run098__SUMO_carro_1000__t0001
99;vehicles_step_sim_2.csv;SUMO_carro_1000;HBEFA4/PC_petrol_Euro-6ab;Gasoline;1773509242;2026-03-14 17:27:22;2026-03-14 17:27:22;0,0;1,973023;1,973023;0,0;24,219150403030305;55946,237431;379,80692750000003;-55566,4305035;-2,778321525175;17,66749;4,416473;40,77564360647124;-73,96068698429804;40,77265119400165;-73,96254441954352;40,7749852;-73,9529039;40,771713;-73,953324;True;True;0xCDcF7b2a3352a32cc28FD35C3924f5BD542a25Ea;222;222;222;0;0,0;1,9687794457676933;2,005077750167936;0,03629830440024295;224;0;222;0,0;False;-0,0005638694630947374;0,008402413829777635;2,0;vehicles_step_sim_2__run099__SUMO_carro_1000__t0001
100;vehicles_step_sim_2.csv;SUMO_carro_1000;HBEFA4/PC_petrol_Euro-6ab;Gasoline;1773509242;2026-03-14 17:27:22;2026-03-14 17:27:22;0,0;1,973023;1,973023;0,0;24,219150403030305;55946,237431;379,80692750000003;-55566,4305035;-2,778321525175;17,66749;4,416473;40,77564360647124;-73,96068698429804;40,77265119400165;-73,96254441954352;40,7705849;-73,9684042;40,768815;-73,9721805;True;True;0xCDcF7b2a3352a32cc28FD35C3924f5BD542a25Ea;222;222;222;0;0,0;1,9687794457676933;1,7159142753355234;-0,25286517043216983;224;0;222;0,0;False;-0,004071984581666365;-0,009665818006095306;2,0;vehicles_step_sim_2__run100__SUMO_carro_1000__t0001
1;vehicles_step_sim_7.csv;SUMO_carro_1000;HBEFA4/PC_petrol_Euro-6ab;Gasoline;1773509247;2026-03-14 17:27:27;2026-03-14 17:27:28;1,0;3,189925;2,602461;0,587464;54,57655504891775;126071,842163;614,0605625;-125457,78160049999;-6,272889080025;37,533333;9,638215;40,77564360647124;-73,96068698429804;40,77163676812385;-73,96352032333401;40,7809576;-73,9587277;40,7770659;-73,9615821;True;True;0xCDcF7b2a3352a32cc28FD35C3924f5BD542a25Ea;312;312;312;0;0,0;3,1845334592998493;3,695477403257011;0,5109439439571615;314;0;312;0,0;False;0,005532427586900675;0,0021132479790198755;2,0;vehicles_step_sim_7__run001__SUMO_carro_1000__t0001
2;vehicles_step_sim_7.csv;SUMO_carro_1000;HBEFA4/PC_petrol_Euro-6ab;Gasoline;1773509247;2026-03-14 17:27:27;2026-03-14 17:27:28;1,0;3,189925;2,602461;0,587464;54,57655504891775;126071,842163;614,0605625;-125457,78160049999;-6,272889080025;37,533333;9,638215;40,77564360647124;-73,96068698429804;40,77163676812385;-73,96352032333401;40,7665332;-73,9507416;40,7628245;-73,9540532;True;True;0xCDcF7b2a3352a32cc28FD35C3924f5BD542a25Ea;312;312;312;0;0,0;3,1845334592998493;4,479195240631172;1,2946617813313224;314;0;312;0,0;False;-0,00914187481906085;0,009867749140970739;2,0;vehicles_step_sim_7__run002__SUMO_carro_1000__t0001
3;vehicles_step_sim_7.csv;SUMO_carro_1000;HBEFA4/PC_petrol_Euro-6ab;Gasoline;1773509247;2026-03-14 17:27:27;2026-03-14 17:27:28;1,0;3,189925;2,602461;0,587464;54,57655504891775;126071,842163;614,0605625;-125457,78160049999;-6,272889080025;37,533333;9,638215;40,77564360647124;-73,96068698429804;40,77163676812385;-73,96352032333401;40,76089;-73,9561742;40,7569265;-73,9599654;True;True;0xCDcF7b2a3352a32cc28FD35C3924f5BD542a25Ea;312;312;312;0;0,0;3,1845334592998493;4,145246676402414;0,960713217102565;314;0;312;0,0;False;-0,015198188595652862;0,0052107745332452765;2,0;vehicles_step_sim_7__run003__SUMO_carro_1000__t0001
4;vehicles_step_sim_7.csv;SUMO_carro_1000;HBEFA4/PC_petrol_Euro-6ab;Gasoline;1773509247;2026-03-14 17:27:27;2026-03-14 17:27:28;1,0;3,189925;2,602461;0,587464;54,57655504891775;126071,842163;614,0605625;-125457,78160049999;-6,272889080025;37,533333;9,638215;40,77564360647124;-73,96068698429804;40,77163676812385;-73,96352032333401;40,7640609;-73,9686408;40,7602151;-73,9714374;True;True;0xCDcF7b2a3352a32cc28FD35C3924f5BD542a25Ea;312;312;312;0;0,0;3,1845334592998493;3,607134646745954;0,42260118744610464;314;0;312;0,0;False;-0,01164369695245543;-0,00765130820325123;2,0;vehicles_step_sim_7__run004__SUMO_carro_1000__t0001
5;vehicles_step_sim_7.csv;SUMO_carro_1000;HBEFA4/PC_petrol_Euro-6ab;Gasoline;1773509247;2026-03-14 17:27:27;2026-03-14 17:27:28;1,0;3,189925;2,602461;0,587464;54,57655504891775;126071,842163;614,0605625;-125457,78160049999;-6,272889080025;37,533333;9,638215;40,77564360647124;-73,96068698429804;40,77163676812385;-73,96352032333401;40,7720202;-73,9498054;40,7681172;-73,9526585;True;True;0xCDcF7b2a3352a32cc28FD35C3924f5BD542a25Ea;312;312;312;0;0,0;3,1845334592998493;3,8255591706620624;0,6410257113622131;314;0;312;0,0;False;-0,003462650689199959;0,011457368999345977;2,0;vehicles_step_sim_7__run005__SUMO_carro_1000__t0001
6;vehicles_step_sim_7.csv;SUMO_carro_1000;HBEFA4/PC_petrol_Euro-6ab;Gasoline;1773509247;2026-03-14 17:27:27;2026-03-14 17:27:28;1,0;3,189925;2,602461;0,587464;54,57655504891775;126071,842163;614,0605625;-125457,78160049999;-6,272889080025;37,533333;9,638215;40,77564360647124;-73,96068698429804;40,77163676812385;-73,96352032333401;40,7686531;-73,9678816;40,7642829;-73,9709171;True;True;0xCDcF7b2a3352a32cc28FD35C3924f5BD542a25Ea;312;312;312;0;0,0;3,1845334592998493;3,466915519285752;0,2823820599859026;314;0;312;0,0;False;-0,007054803361894839;-0,007360074666864679;2,0;vehicles_step_sim_7__run006__SUMO_carro_1000__t0001
7;vehicles_step_sim_7.csv;SUMO_carro_1000;HBEFA4/PC_petrol_Euro-6ab;Gasoline;1773509247;2026-03-14 17:27:27;2026-03-14 17:27:28;1,0;3,189925;2,602461;0,587464;54,57655504891775;126071,842163;614,0605625;-125457,78160049999;-6,272889080025;37,533333;9,638215;40,77564360647124;-73,96068698429804;40,77163676812385;-73,96352032333401;40,7705849;-73,9684042;40,766767;-73,971189;True;True;0xCDcF7b2a3352a32cc28FD35C3924f5BD542a25Ea;312;312;312;0;0,0;3,1845334592998493;2,8376735343069863;-0,346859924992863;314;0;312;0,0;False;-0,004336898309122438;-0,008878204672558447;2,0;vehicles_step_sim_7__run007__SUMO_carro_1000__t0001
8;vehicles_step_sim_7.csv;SUMO_carro_1000;HBEFA4/PC_petrol_Euro-6ab;Gasoline;1773509247;2026-03-14 17:27:27;2026-03-14 17:27:28;1,0;3,189925;2,602461;0,587464;54,57655504891775;126071,842163;614,0605625;-125457,78160049999;-6,272889080025;37,533333;9,638215;40,77564360647124;-73,96068698429804;40,77163676812385;-73,96352032333401;40,7774949;-73,9487468;40,7734598;-73,9512565;True;True;0xCDcF7b2a3352a32cc28FD35C3924f5BD542a25Ea;312;312;312;0;0,0;3,1845334592998493;3,910742238649578;0,7262087793497285;314;0;312;0,0;False;0,0015343359185299164;0,012696188788480087;2,0;vehicles_step_sim_7__run008__SUMO_carro_1000__t0001
9;vehicles_step_sim_7.csv;SUMO_carro_1000;HBEFA4/PC_petrol_Euro-6ab;Gasoline;1773509247;2026-03-14 17:27:27;2026-03-14 17:27:28;1,0;3,189925;2,602461;0,587464;54,57655504891775;126071,842163;614,0605625;-125457,78160049999;-6,272889080025;37,533333;9,638215;40,77564360647124;-73,96068698429804;40,77163676812385;-73,96352032333401;40,7910401;-73,9534747;40,7882241;-73,9562367;True;True;0xCDcF7b2a3352a32cc28FD35C3924f5BD542a25Ea;312;312;312;0;0,0;3,1845334592998493;2,640861522303742;-0,5436719369961072;314;0;312;0,0;False;0,01612357135722817;0,005527552971329072;2,0;vehicles_step_sim_7__run009__SUMO_carro_1000__t0001
10;vehicles_step_sim_7.csv;SUMO_carro_1000;HBEFA4/PC_petrol_Euro-6ab;Gasoline;1773509247;2026-03-14 17:27:27;2026-03-14 17:27:28;1,0;3,189925;2,602461;0,587464;54,57655504891775;126071,842163;614,0605625;-125457,78160049999;-6,272889080025;37,533333;9,638215;40,77564360647124;-73,96068698429804;40,77163676812385;-73,96352032333401;40,7713419;-73,9563425;40,7674465;-73,9592144;True;True;0xCDcF7b2a3352a32cc28FD35C3924f5BD542a25Ea;312;312;312;0;0,0;3,1845334592998493;3,7982599995462887;0,6137265402464394;314;0;312;0,0;False;-0,004291159729546937;0,004475540600001907;2,0;vehicles_step_sim_7__run010__SUMO_carro_1000__t0001
11;vehicles_step_sim_7.csv;SUMO_carro_1000;HBEFA4/PC_petrol_Euro-6ab;Gasoline;1773509247;2026-03-14 17:27:27;2026-03-14 17:27:28;1,0;3,189925;2,602461;0,587464;54,57655504891775;126071,842163;614,0605625;-125457,78160049999;-6,272889080025;37,533333;9,638215;40,77564360647124;-73,96068698429804;40,77163676812385;-73,96352032333401;40,7742362;-73,9774134;40,770581;-73,9757765;True;True;0xCDcF7b2a3352a32cc28FD35C3924f5BD542a25Ea;312;312;312;0;0,0;3,1845334592998493;5,770469479307563;2,5859360200077135;314;0;312;0,0;False;-0,0026252937322723087;-0,013924490203126319;2,0;vehicles_step_sim_7__run011__SUMO_carro_1000__t0001
12;vehicles_step_sim_7.csv;SUMO_carro_1000;HBEFA4/PC_petrol_Euro-6ab;Gasoline;1773509247;2026-03-14 17:27:27;2026-03-14 17:27:28;1,0;3,189925;2,602461;0,587464;54,57655504891775;126071,842163;614,0605625;-125457,78160049999;-6,272889080025;37,533333;9,638215;40,77564360647124;-73,96068698429804;40,77163676812385;-73,96352032333401;40,7813282;-73,9759631;40,7773587;-73,9786625;True;True;0xCDcF7b2a3352a32cc28FD35C3924f5BD542a25Ea;312;312;312;0;0,0;3,1845334592998493;3,7729343060058858;0,5884008467060364;314;0;312;0,0;False;0,005699094555571981;-0,014793995950300952;2,0;vehicles_step_sim_7__run012__SUMO_carro_1000__t0001
13;vehicles_step_sim_7.csv;SUMO_carro_1000;HBEFA4/PC_petrol_Euro-6ab;Gasoline;1773509247;2026-03-14 17:27:27;2026-03-14 17:27:28;1,0;3,189925;2,602461;0,587464;54,57655504891775;126071,842163;614,0605625;-125457,78160049999;-6,272889080025;37,533333;9,638215;40,77564360647124;-73,96068698429804;40,77163676812385;-73,96352032333401;40,7784206;-73,9551541;40,7745492;-73,9579059;True;True;0xCDcF7b2a3352a32cc28FD35C3924f5BD542a25Ea;312;312;312;0;0,0;3,1845334592998493;2,932348212161063;-0,2521852471387862;314;0;312;0,0;False;0,00258080238915511;0,005254312736629619;2,0;vehicles_step_sim_7__run013__SUMO_carro_1000__t0001
14;vehicles_step_sim_7.csv;SUMO_carro_1000;HBEFA4/PC_petrol_Euro-6ab;Gasoline;1773509247;2026-03-14 17:27:27;2026-03-14 17:27:28;1,0;3,189925;2,602461;0,587464;54,57655504891775;126071,842163;614,0605625;-125457,78160049999;-6,272889080025;37,533333;9,638215;40,77564360647124;-73,96068698429804;40,77163676812385;-73,96352032333401;40,7617431;-73,9710634;40,7573262;-73,9739981;True;True;0xCDcF7b2a3352a32cc28FD35C3924f5BD542a25Ea;312;312;312;0;0,0;3,1845334592998493;3,94610120555206;0,7615677462522106;314;0;312;0,0;False;-0,014025483126648641;-0,010625036127922712;2,0;vehicles_step_sim_7__run014__SUMO_carro_1000__t0001
15;vehicles_step_sim_7.csv;SUMO_carro_1000;HBEFA4/PC_petrol_Euro-6ab;Gasoline;1773509247;2026-03-14 17:27:27;2026-03-14 17:27:28;1,0;3,189925;2,602461;0,587464;54,57655504891775;126071,842163;614,0605625;-125457,78160049999;-6,272889080025;37,533333;9,638215;40,77564360647124;-73,96068698429804;40,77163676812385;-73,96352032333401;40,7733982;-73,9491402;40,7693935;-73,9519079;True;True;0xCDcF7b2a3352a32cc28FD35C3924f5BD542a25Ea;312;312;312;0;0,0;3,1845334592998493;3,039483449479757;-0,1450500098200922;314;0;312;0,0;False;-0,002230767643062781;0,011627646250196886;2,0;vehicles_step_sim_7__run015__SUMO_carro_1000__t0001
16;vehicles_step_sim_7.csv;SUMO_carro_1000;HBEFA4/PC_petrol_Euro-6ab;Gasoline;1773509247;2026-03-14 17:27:27;2026-03-14 17:27:28;1,0;3,189925;2,602461;0,587464;54,57655504891775;126071,842163;614,0605625;-125457,78160049999;-6,272889080025;37,533333;9,638215;40,77564360647124;-73,96068698429804;40,77163676812385;-73,96352032333401;40,765931;-73,9654902;40,761876;-73,9684429;True;True;0xCDcF7b2a3352a32cc28FD35C3924f5BD542a25Ea;312;312;312;0;0,0;3,1845334592998493;3,6259990683064394;0,44146560900659004;314;0;312;0,0;False;-0,009824009847700604;-0,004991918526874354;2,0;vehicles_step_sim_7__run016__SUMO_carro_1000__t0001
17;vehicles_step_sim_7.csv;SUMO_carro_1000;HBEFA4/PC_petrol_Euro-6ab;Gasoline;1773509247;2026-03-14 17:27:27;2026-03-14 17:27:28;1,0;3,189925;2,602461;0,587464;54,57655504891775;126071,842163;614,0605625;-125457,78160049999;-6,272889080025;37,533333;9,638215;40,77564360647124;-73,96068698429804;40,77163676812385;-73,96352032333401;40,7657768;-73,9630103;40,7618349;-73,9652887;True;True;0xCDcF7b2a3352a32cc28FD35C3924f5BD542a25Ea;312;312;312;0;0,0;3,1845334592998493;3,99120747001508;0,8066740107152306;314;0;312;0,0;False;-0,009649677953474782;-0,002013827992563462;2,0;vehicles_step_sim_7__run017__SUMO_carro_1000__t0001
18;vehicles_step_sim_7.csv;SUMO_carro_1000;HBEFA4/PC_petrol_Euro-6ab;Gasoline;1773509247;2026-03-14 17:27:27;2026-03-14 17:27:28;1,0;3,189925;2,602461;0,587464;54,57655504891775;126071,842163;614,0605625;-125457,78160049999;-6,272889080025;37,533333;9,638215;40,77564360647124;-73,96068698429804;40,77163676812385;-73,96352032333401;40,7693938;-73,9517307;40,7652941;-73,9548939;True;True;0xCDcF7b2a3352a32cc28FD35C3924f5BD542a25Ea;312;312;312;0;0,0;3,1845334592998493;3,5385957025468904;0,35406224324704105;314;0;312;0,0;False;-0,006505150773530289;0,008993435629001695;2,0;vehicles_step_sim_7__run018__SUMO_carro_1000__t0001
19;vehicles_step_sim_7.csv;SUMO_carro_1000;HBEFA4/PC_petrol_Euro-6ab;Gasoline;1773509247;2026-03-14 17:27:27;2026-03-14 17:27:28;1,0;3,189925;2,602461;0,587464;54,57655504891775;126071,842163;614,0605625;-125457,78160049999;-6,272889080025;37,533333;9,638215;40,77564360647124;-73,96068698429804;40,77163676812385;-73,96352032333401;40,7743712;-73,9655249;40,7702368;-73,9677669;True;True;0xCDcF7b2a3352a32cc28FD35C3924f5BD542a25Ea;312;312;312;0;0,0;3,1845334592998493;3,1578363687340203;-0,02669709056582903;314;0;312;0,0;False;-0,0014067480255705587;-0,004296787312420026;2,0;vehicles_step_sim_7__run019__SUMO_carro_1000__t0001
20;vehicles_step_sim_7.csv;SUMO_carro_1000;HBEFA4/PC_petrol_Euro-6ab;Gasoline;1773509247;2026-03-14 17:27:27;2026-03-14 17:27:28;1,0;3,189925;2,602461;0,587464;54,57655504891775;126071,842163;614,0605625;-125457,78160049999;-6,272889080025;37,533333;9,638215;40,77564360647124;-73,96068698429804;40,77163676812385;-73,96352032333401;40,7642167;-73,9530371;40,7607278;-73,9563584;True;True;0xCDcF7b2a3352a32cc28FD35C3924f5BD542a25Ea;312;312;312;0;0,0;3,1845334592998493;4,361233534641895;1,1767000753420453;314;0;312;0,0;False;-0,011455838547023731;0,0075282279800518315;2,0;vehicles_step_sim_7__run020__SUMO_carro_1000__t0001
21;vehicles_step_sim_7.csv;SUMO_carro_1000;HBEFA4/PC_petrol_Euro-6ab;Gasoline;1773509247;2026-03-14 17:27:27;2026-03-14 17:27:28;1,0;3,189925;2,602461;0,587464;54,57655504891775;126071,842163;614,0605625;-125457,78160049999;-6,272889080025;37,533333;9,638215;40,77564360647124;-73,96068698429804;40,77163676812385;-73,96352032333401;40,7689724;-73,9727106;40,7656295;-73,9761245;True;True;0xCDcF7b2a3352a32cc28FD35C3924f5BD542a25Ea;312;312;312;0;0,0;3,1845334592998493;3,7578423170649153;0,573308857765066;314;0;312;0,0;False;-0,00636282379504151;-0,012062638065158629;2,0;vehicles_step_sim_7__run021__SUMO_carro_1000__t0001
22;vehicles_step_sim_7.csv;SUMO_carro_1000;HBEFA4/PC_petrol_Euro-6ab;Gasoline;1773509247;2026-03-14 17:27:27;2026-03-14 17:27:28;1,0;3,189925;2,602461;0,587464;54,57655504891775;126071,842163;614,0605625;-125457,78160049999;-6,272889080025;37,533333;9,638215;40,77564360647124;-73,96068698429804;40,77163676812385;-73,96352032333401;40,7723414;-73,9626729;40,7684655;-73,9655012;True;True;0xCDcF7b2a3352a32cc28FD35C3924f5BD542a25Ea;312;312;312;0;0,0;3,1845334592998493;3,5260936910663103;0,341560231766461;314;0;312;0,0;False;-0,003233528362918484;-0,0015105876692462598;2,0;vehicles_step_sim_7__run022__SUMO_carro_1000__t0001
23;vehicles_step_sim_7.csv;SUMO_carro_1000;HBEFA4/PC_petrol_Euro-6ab;Gasoline;1773509247;2026-03-14 17:27:27;2026-03-14 17:27:28;1,0;3,189925;2,602461;0,587464;54,57655504891775;126071,842163;614,0605625;-125457,78160049999;-6,272889080025;37,533333;9,638215;40,77564360647124;-73,96068698429804;40,77163676812385;-73,96352032333401;40,7826855;-73,9751186;40,7787904;-73,9779594;True;True;0xCDcF7b2a3352a32cc28FD35C3924f5BD542a25Ea;312;312;312;0;0,0;3,1845334592998493;2,811985434918298;-0,3725480243815511;314;0;312;0,0;False;0,007350549042744818;-0,015123546502866833;2,0;vehicles_step_sim_7__run023__SUMO_carro_1000__t0001
24;vehicles_step_sim_7.csv;SUMO_carro_1000;HBEFA4/PC_petrol_Euro-6ab;Gasoline;1773509247;2026-03-14 17:27:27;2026-03-14 17:27:28;1,0;3,189925;2,602461;0,587464;54,57655504891775;126071,842163;614,0605625;-125457,78160049999;-6,272889080025;37,533333;9,638215;40,77564360647124;-73,96068698429804;40,77163676812385;-73,96352032333401;40,7579853;-73,9602231;40,753867;-73,9629565;True;True;0xCDcF7b2a3352a32cc28FD35C3924f5BD542a25Ea;312;312;312;0;0,0;3,1845334592998493;3,196311376192371;0,011777916892521834;314;0;312;0,0;False;-0,017777579894059307;0,00048467478044025164;2,0;vehicles_step_sim_7__run024__SUMO_carro_1000__t0001
25;vehicles_step_sim_7.csv;SUMO_carro_1000;HBEFA4/PC_petrol_Euro-6ab;Gasoline;1773509247;2026-03-14 17:27:27;2026-03-14 17:27:28;1,0;3,189925;2,602461;0,587464;54,57655504891775;126071,842163;614,0605625;-125457,78160049999;-6,272889080025;37,533333;9,638215;40,77564360647124;-73,96068698429804;40,77163676812385;-73,96352032333401;40,7608801;-73,9669001;40,7570416;-73,9697036;True;True;0xCDcF7b2a3352a32cc28FD35C3924f5BD542a25Ea;312;312;312;0;0,0;3,1845334592998493;4,097030319080984;0,9124968597811347;314;0;312;0,0;False;-0,014804424424788019;-0,006043223293070648;2,0;vehicles_step_sim_7__run025__SUMO_carro_1000__t0001
26;vehicles_step_sim_7.csv;SUMO_carro_1000;HBEFA4/PC_petrol_Euro-6ab;Gasoline;1773509247;2026-03-14 17:27:27;2026-03-14 17:27:28;1,0;3,189925;2,602461;0,587464;54,57655504891775;126071,842163;614,0605625;-125457,78160049999;-6,272889080025;37,533333;9,638215;40,77564360647124;-73,96068698429804;40,77163676812385;-73,96352032333401;40,767939;-73,9495688;40,7624046;-73,9494625;True;True;0xCDcF7b2a3352a32cc28FD35C3924f5BD542a25Ea;312;312;312;0;0,0;3,1845334592998493;6,338451290981287;3,153917831681438;314;0;312;0,0;False;-0,009002819151759479;0,013719179839385866;2,0;vehicles_step_sim_7__run026__SUMO_carro_1000__t0001
27;vehicles_step_sim_7.csv;SUMO_carro_1000;HBEFA4/PC_petrol_Euro-6ab;Gasoline;1773509247;2026-03-14 17:27:27;2026-03-14 17:27:28;1,0;3,189925;2,602461;0,587464;54,57655504891775;126071,842163;614,0605625;-125457,78160049999;-6,272889080025;37,533333;9,638215;40,77564360647124;-73,96068698429804;40,77163676812385;-73,96352032333401;40,7682774;-73,9631182;40,7646956;-73,9662593;True;True;0xCDcF7b2a3352a32cc28FD35C3924f5BD542a25Ea;312;312;312;0;0,0;3,1845334592998493;3,688604595604635;0,5040711363047858;314;0;312;0,0;False;-0,0072979003706868245;-0,002114135826559075;2,0;vehicles_step_sim_7__run027__SUMO_carro_1000__t0001
28;vehicles_step_sim_7.csv;SUMO_carro_1000;HBEFA4/PC_petrol_Euro-6ab;Gasoline;1773509247;2026-03-14 17:27:27;2026-03-14 17:27:28;1,0;3,189925;2,602461;0,587464;54,57655504891775;126071,842163;614,0605625;-125457,78160049999;-6,272889080025;37,533333;9,638215;40,77564360647124;-73,96068698429804;40,77163676812385;-73,96352032333401;40,7743712;-73,9655249;40,7702368;-73,9677669;True;True;0xCDcF7b2a3352a32cc28FD35C3924f5BD542a25Ea;312;312;312;0;0,0;3,1845334592998493;3,173067498352545;-0,011465960947304232;314;0;312;0,0;False;-0,001543186897936874;-0,004522954263553506;2,0;vehicles_step_sim_7__run028__SUMO_carro_1000__t0001
29;vehicles_step_sim_7.csv;SUMO_carro_1000;HBEFA4/PC_petrol_Euro-6ab;Gasoline;1773509247;2026-03-14 17:27:27;2026-03-14 17:27:28;1,0;3,189925;2,602461;0,587464;54,57655504891775;126071,842163;614,0605625;-125457,78160049999;-6,272889080025;37,533333;9,638215;40,77564360647124;-73,96068698429804;40,77163676812385;-73,96352032333401;40,783555;-73,9645572;40,7786974;-73,9679871;True;True;0xCDcF7b2a3352a32cc28FD35C3924f5BD542a25Ea;312;312;312;0;0,0;3,1845334592998493;4,315804964477537;1,1312715051776876;314;0;312;0,0;False;0,00881012314028956;-0,0032365894667917504;2,0;vehicles_step_sim_7__run029__SUMO_carro_1000__t0001
30;vehicles_step_sim_7.csv;SUMO_carro_1000;HBEFA4/PC_petrol_Euro-6ab;Gasoline;1773509247;2026-03-14 17:27:27;2026-03-14 17:27:28;1,0;3,189925;2,602461;0,587464;54,57655504891775;126071,842163;614,0605625;-125457,78160049999;-6,272889080025;37,533333;9,638215;40,77564360647124;-73,96068698429804;40,77163676812385;-73,96352032333401;40,7681455;-73,9557497;40,7639388;-73,9586433;True;True;0xCDcF7b2a3352a32cc28FD35C3924f5BD542a25Ea;312;312;312;0;0,0;3,1845334592998493;4,190422682949728;1,0058892236498784;314;0;312;0,0;False;-0,007637773892730114;0,005230581807999558;2,0;vehicles_step_sim_7__run030__SUMO_carro_1000__t0001
31;vehicles_step_sim_7.csv;SUMO_carro_1000;HBEFA4/PC_petrol_Euro-6ab;Gasoline;1773509247;2026-03-14 17:27:27;2026-03-14 17:27:28;1,0;3,189925;2,602461;0,587464;54,57655504891775;126071,842163;614,0605625;-125457,78160049999;-6,272889080025;37,533333;9,638215;40,77564360647124;-73,96068698429804;40,77163676812385;-73,96352032333401;40,7688591;-73,9504796;40,7649858;-73,9533799;True;True;0xCDcF7b2a3352a32cc28FD35C3924f5BD542a25Ea;312;312;312;0;0,0;3,1845334592998493;2,9940619063352387;-0,1904715529646106;314;0;312;0,0;False;-0,006663846862766024;0,010146740615494936;2,0;vehicles_step_sim_7__run031__SUMO_carro_1000__t0001
32;vehicles_step_sim_7.csv;SUMO_carro_1000;HBEFA4/PC_petrol_Euro-6ab;Gasoline;1773509247;2026-03-14 17:27:27;2026-03-14 17:27:28;1,0;3,189925;2,602461;0,587464;54,57655504891775;126071,842163;614,0605625;-125457,78160049999;-6,272889080025;37,533333;9,638215;40,77564360647124;-73,96068698429804;40,77163676812385;-73,96352032333401;40,7692555;-73,9654389;40,7655003;-73,96817;True;True;0xCDcF7b2a3352a32cc28FD35C3924f5BD542a25Ea;312;312;312;0;0,0;3,1845334592998493;3,5823004355093335;0,3977669762094842;314;0;312;0,0;False;-0,006009453234557432;-0,005078705873894824;2,0;vehicles_step_sim_7__run032__SUMO_carro_1000__t0001
33;vehicles_step_sim_7.csv;SUMO_carro_1000;HBEFA4/PC_petrol_Euro-6ab;Gasoline;1773509247;2026-03-14 17:27:27;2026-03-14 17:27:28;1,0;3,189925;2,602461;0,587464;54,57655504891775;126071,842163;614,0605625;-125457,78160049999;-6,272889080025;37,533333;9,638215;40,77564360647124;-73,96068698429804;40,77163676812385;-73,96352032333401;40,7653698;-73,963797;40,7615003;-73,9666304;True;True;0xCDcF7b2a3352a32cc28FD35C3924f5BD542a25Ea;312;312;312;0;0,0;3,1845334592998493;3,698052065367464;0,5135186060676147;314;0;312;0,0;False;-0,010249543896835335;-0,0031367637482309562;2,0;vehicles_step_sim_7__run033__SUMO_carro_1000__t0001
34;vehicles_step_sim_7.csv;SUMO_carro_1000;HBEFA4/PC_petrol_Euro-6ab;Gasoline;1773509247;2026-03-14 17:27:27;2026-03-14 17:27:28;1,0;3,189925;2,602461;0,587464;54,57655504891775;126071,842163;614,0605625;-125457,78160049999;-6,272889080025;37,533333;9,638215;40,77564360647124;-73,96068698429804;40,77163676812385;-73,96352032333401;40,7709492;-73,9430801;40,77027;-73,9474968;True;True;0xCDcF7b2a3352a32cc28FD35C3924f5BD542a25Ea;312;312;312;0;0,0;3,1845334592998493;2,9483182818934197;-0,2362151774064296;314;0;312;0,0;False;-0,0015123202580247096;0,016050748370079252;2,0;vehicles_step_sim_7__run034__SUMO_carro_1000__t0001
35;vehicles_step_sim_7.csv;SUMO_carro_1000;HBEFA4/PC_petrol_Euro-6ab;Gasoline;1773509247;2026-03-14 17:27:27;2026-03-14 17:27:28;1,0;3,189925;2,602461;0,587464;54,57655504891775;126071,842163;614,0605625;-125457,78160049999;-6,272889080025;37,533333;9,638215;40,77564360647124;-73,96068698429804;40,77163676812385;-73,96352032333401;40,7627293;-73,9492851;40,7586091;-73,9525117;True;True;0xCDcF7b2a3352a32cc28FD35C3924f5BD542a25Ea;312;312;312;0;0,0;3,1845334592998493;3,4327544540638417;0,2482209947639924;314;0;312;0,0;False;-0,012775627647052172;0,01071723445057601;2,0;vehicles_step_sim_7__run035__SUMO_carro_1000__t0001
36;vehicles_step_sim_7.csv;SUMO_carro_1000;HBEFA4/PC_petrol_Euro-6ab;Gasoline;1773509247;2026-03-14 17:27:27;2026-03-14 17:27:28;1,0;3,189925;2,602461;0,587464;54,57655504891775;126071,842163;614,0605625;-125457,78160049999;-6,272889080025;37,533333;9,638215;40,77564360647124;-73,96068698429804;40,77163676812385;-73,96352032333401;40,7769833;-73,9492996;40,7729689;-73,9520528;True;True;0xCDcF7b2a3352a32cc28FD35C3924f5BD542a25Ea;312;312;312;0;0,0;3,1845334592998493;3,7514553594002824;0,5669219001004331;314;0;312;0,0;False;0,0013510354760384157;0,011461245904430664;2,0;vehicles_step_sim_7__run036__SUMO_carro_1000__t0001
37;vehicles_step_sim_7.csv;SUMO_carro_1000;HBEFA4/PC_petrol_Euro-6ab;Gasoline;1773509247;2026-03-14 17:27:27;2026-03-14 17:27:28;1,0;3,189925;2,602461;0,587464;54,57655504891775;126071,842163;614,0605625;-125457,78160049999;-6,272889080025;37,533333;9,638215;40,77564360647124;-73,96068698429804;40,77163676812385;-73,96352032333401;40,7607257;-73,9511242;40,7565833;-73,9534671;True;True;0xCDcF7b2a3352a32cc28FD35C3924f5BD542a25Ea;312;312;312;0;0,0;3,1845334592998493;3,7209684409151365;0,5364349816152871;314;0;312;0,0;False;-0,014776883353462356;0,009497888368075975;2,0;vehicles_step_sim_7__run037__SUMO_carro_1000__t0001
38;vehicles_step_sim_7.csv;SUMO_carro_1000;HBEFA4/PC_petrol_Euro-6ab;Gasoline;1773509247;2026-03-14 17:27:27;2026-03-14 17:27:28;1,0;3,189925;2,602461;0,587464;54,57655504891775;126071,842163;614,0605625;-125457,78160049999;-6,272889080025;37,533333;9,638215;40,77564360647124;-73,96068698429804;40,77163676812385;-73,96352032333401;40,7617746;-73,9690376;40,7580701;-73,9721792;True;True;0xCDcF7b2a3352a32cc28FD35C3924f5BD542a25Ea;312;312;312;0;0,0;3,1845334592998493;3,4447827649811478;0,26024930568129845;314;0;312;0,0;False;-0,013841809899464553;-0,008600919901736838;2,0;vehicles_step_sim_7__run038__SUMO_carro_1000__t0001
39;vehicles_step_sim_7.csv;SUMO_carro_1000;HBEFA4/PC_petrol_Euro-6ab;Gasoline;1773509247;2026-03-14 17:27:27;2026-03-14 17:27:28;1,0;3,189925;2,602461;0,587464;54,57655504891775;126071,842163;614,0605625;-125457,78160049999;-6,272889080025;37,533333;9,638215;40,77564360647124;-73,96068698429804;40,77163676812385;-73,96352032333401;40,7772837;-73,9463065;40,7736386;-73,9497104;True;True;0xCDcF7b2a3352a32cc28FD35C3924f5BD542a25Ea;312;312;312;0;0,0;3,1845334592998493;3,0900038038035;-0,09452965549634929;314;0;312;0,0;False;0,0021873605027799684;0,013863980525506773;2,0;vehicles_step_sim_7__run039__SUMO_carro_1000__t0001
40;vehicles_step_sim_7.csv;SUMO_carro_1000;HBEFA4/PC_petrol_Euro-6ab;Gasoline;1773509247;2026-03-14 17:27:27;2026-03-14 17:27:28;1,0;3,189925;2,602461;0,587464;54,57655504891775;126071,842163;614,0605625;-125457,78160049999;-6,272889080025;37,533333;9,638215;40,77564360647124;-73,96068698429804;40,77163676812385;-73,96352032333401;40,7642547;-73,9691002;40,7598338;-73,9721712;True;True;0xCDcF7b2a3352a32cc28FD35C3924f5BD542a25Ea;312;312;312;0;0,0;3,1845334592998493;3,890320658509678;0,7057871992098286;314;0;312;0,0;False;-0,01147779263604726;-0,008771410137692476;2,0;vehicles_step_sim_7__run040__SUMO_carro_1000__t0001
41;vehicles_step_sim_7.csv;SUMO_carro_1000;HBEFA4/PC_petrol_Euro-6ab;Gasoline;1773509247;2026-03-14 17:27:27;2026-03-14 17:27:28;1,0;3,189925;2,602461;0,587464;54,57655504891775;126071,842163;614,0605625;-125457,78160049999;-6,272889080025;37,533333;9,638215;40,77564360647124;-73,96068698429804;40,77163676812385;-73,96352032333401;40,7659079;-73,955572;40,7618461;-73,957576;True;True;0xCDcF7b2a3352a32cc28FD35C3924f5BD542a25Ea;312;312;312;0;0,0;3,1845334592998493;3,0593017677642287;-0,12523169153562064;314;0;312;0,0;False;-0,009731564806661078;0,0051702341957234645;2,0;vehicles_step_sim_7__run041__SUMO_carro_1000__t0001
42;vehicles_step_sim_7.csv;SUMO_carro_1000;HBEFA4/PC_petrol_Euro-6ab;Gasoline;1773509247;2026-03-14 17:27:27;2026-03-14 17:27:28;1,0;3,189925;2,602461;0,587464;54,57655504891775;126071,842163;614,0605625;-125457,78160049999;-6,272889080025;37,533333;9,638215;40,77564360647124;-73,96068698429804;40,77163676812385;-73,96352032333401;40,7857999;-73,9528489;40,7820303;-73,9555914;True;True;0xCDcF7b2a3352a32cc28FD35C3924f5BD542a25Ea;312;312;312;0;0,0;3,1845334592998493;4,089120617009653;0,9045871577098032;314;0;312;0,0;False;0,010138266822383007;0,008479050234194638;2,0;vehicles_step_sim_7__run042__SUMO_carro_1000__t0001
43;vehicles_step_sim_7.csv;SUMO_carro_1000;HBEFA4/PC_petrol_Euro-6ab;Gasoline;1773509247;2026-03-14 17:27:27;2026-03-14 17:27:28;1,0;3,189925;2,602461;0,587464;54,57655504891775;126071,842163;614,0605625;-125457,78160049999;-6,272889080025;37,533333;9,638215;40,77564360647124;-73,96068698429804;40,77163676812385;-73,96352032333401;40,7801584;-73,9614166;40,7762518;-73,9642599;True;True;0xCDcF7b2a3352a32cc28FD35C3924f5BD542a25Ea;312;312;312;0;0,0;3,1845334592998493;3,351007523593136;0,1664740642932867;314;0;312;0,0;False;0,004480922921682122;-0,0007483597983284748;2,0;vehicles_step_sim_7__run043__SUMO_carro_1000__t0001
44;vehicles_step_sim_7.csv;SUMO_carro_1000;HBEFA4/PC_petrol_Euro-6ab;Gasoline;1773509247;2026-03-14 17:27:27;2026-03-14 17:27:28;1,0;3,189925;2,602461;0,587464;54,57655504891775;126071,842163;614,0605625;-125457,78160049999;-6,272889080025;37,533333;9,638215;40,77564360647124;-73,96068698429804;40,77163676812385;-73,96352032333401;40,7840033;-73,9505221;40,779559;-73,9534436;True;True;0xCDcF7b2a3352a32cc28FD35C3924f5BD542a25Ea;312;312;312;0;0,0;3,1845334592998493;3,718953084565536;0,5344196252656865;314;0;312;0,0;False;0,008280366046263764;0,009994969772464151;2,0;vehicles_step_sim_7__run044__SUMO_carro_1000__t0001
45;vehicles_step_sim_7.csv;SUMO_carro_1000;HBEFA4/PC_petrol_Euro-6ab;Gasoline;1773509247;2026-03-14 17:27:27;2026-03-14 17:27:28;1,0;3,189925;2,602461;0,587464;54,57655504891775;126071,842163;614,0605625;-125457,78160049999;-6,272889080025;37,533333;9,638215;40,77564360647124;-73,96068698429804;40,77163676812385;-73,96352032333401;40,7764254;-73,9620652;40,7725253;-73,9648908;True;True;0xCDcF7b2a3352a32cc28FD35C3924f5BD542a25Ea;312;312;312;0;0,0;3,1845334592998493;3,602809748246354;0,4182762889465046;314;0;312;0,0;False;0,000885815506014712;-0,0013095240985359464;2,0;vehicles_step_sim_7__run045__SUMO_carro_1000__t0001
46;vehicles_step_sim_7.csv;SUMO_carro_1000;HBEFA4/PC_petrol_Euro-6ab;Gasoline;1773509247;2026-03-14 17:27:27;2026-03-14 17:27:28;1,0;3,189925;2,602461;0,587464;54,57655504891775;126071,842163;614,0605625;-125457,78160049999;-6,272889080025;37,533333;9,638215;40,77564360647124;-73,96068698429804;40,77163676812385;-73,96352032333401;40,7834159;-73,9707295;40,7796863;-73,9705609;True;True;0xCDcF7b2a3352a32cc28FD35C3924f5BD542a25Ea;312;312;312;0;0,0;3,1845334592998493;4,906275480353542;1,7217420210536925;314;0;312;0,0;False;0,007159051820363599;-0,007795692740109279;2,0;vehicles_step_sim_7__run046__SUMO_carro_1000__t0001
47;vehicles_step_sim_7.csv;SUMO_carro_1000;HBEFA4/PC_petrol_Euro-6ab;Gasoline;1773509247;2026-03-14 17:27:27;2026-03-14 17:27:28;1,0;3,189925;2,602461;0,587464;54,57655504891775;126071,842163;614,0605625;-125457,78160049999;-6,272889080025;37,533333;9,638215;40,77564360647124;-73,96068698429804;40,77163676812385;-73,96352032333401;40,7904713;-73,9538896;40,7865434;-73,9567593;True;True;0xCDcF7b2a3352a32cc28FD35C3924f5BD542a25Ea;312;312;312;0;0,0;3,1845334592998493;3,1768319299078867;-0,007701529391962669;314;0;312;0,0;False;0,015027474037595964;0,006401437964019675;2,0;vehicles_step_sim_7__run047__SUMO_carro_1000__t0001
48;vehicles_step_sim_7.csv;SUMO_carro_1000;HBEFA4/PC_petrol_Euro-6ab;Gasoline;1773509247;2026-03-14 17:27:27;2026-03-14 17:27:28;1,0;3,189925;2,602461;0,587464;54,57655504891775;126071,842163;614,0605625;-125457,78160049999;-6,272889080025;37,533333;9,638215;40,77564360647124;-73,96068698429804;40,77163676812385;-73,96352032333401;40,7836727;-73,9649355;40,7789069;-73,9684905;True;True;0xCDcF7b2a3352a32cc28FD35C3924f5BD542a25Ea;312;312;312;0;0,0;3,1845334592998493;3,53887417660591;0,35434071730606087;314;0;312;0,0;False;0,008035954176262749;-0,004258280873007232;2,0;vehicles_step_sim_7__run048__SUMO_carro_1000__t0001
49;vehicles_step_sim_7.csv;SUMO_carro_1000;HBEFA4/PC_petrol_Euro-6ab;Gasoline;1773509247;2026-03-14 17:27:27;2026-03-14 17:27:28;1,0;3,189925;2,602461;0,587464;54,57655504891775;126071,842163;614,0605625;-125457,78160049999;-6,272889080025;37,533333;9,638215;40,77564360647124;-73,96068698429804;40,77163676812385;-73,96352032333401;40,791632;-73,9530431;40,7881016;-73,9561426;True;True;0xCDcF7b2a3352a32cc28FD35C3924f5BD542a25Ea;312;312;312;0;0,0;3,1845334592998493;3,7335145189056598;0,5489810596058105;314;0;312;0,0;False;0,01609849187259773;0,0068704441946415415;2,0;vehicles_step_sim_7__run049__SUMO_carro_1000__t0001
50;vehicles_step_sim_7.csv;SUMO_carro_1000;HBEFA4/PC_petrol_Euro-6ab;Gasoline;1773509247;2026-03-14 17:27:27;2026-03-14 17:27:28;1,0;3,189925;2,602461;0,587464;54,57655504891775;126071,842163;614,0605625;-125457,78160049999;-6,272889080025;37,533333;9,638215;40,77564360647124;-73,96068698429804;40,77163676812385;-73,96352032333401;40,7786974;-73,9679871;40,7786974;-73,9679871;True;True;0xCDcF7b2a3352a32cc28FD35C3924f5BD542a25Ea;312;312;312;0;0,0;3,1845334592998493;3,4427234793330204;0,25819002003317104;314;0;312;0,0;False;0,004231239888926931;-0,006665367393370506;2,0;vehicles_step_sim_7__run050__SUMO_carro_1000__t0001
51;vehicles_step_sim_7.csv;SUMO_carro_1000;HBEFA4/PC_petrol_Euro-6ab;Gasoline;1773509247;2026-03-14 17:27:27;2026-03-14 17:27:28;1,0;3,189925;2,602461;0,587464;54,57655504891775;126071,842163;614,0605625;-125457,78160049999;-6,272889080025;37,533333;9,638215;40,77564360647124;-73,96068698429804;40,77163676812385;-73,96352032333401;40,7760318;-73,947048;40,7721405;-73,9498885;True;True;0xCDcF7b2a3352a32cc28FD35C3924f5BD542a25Ea;312;312;312;0;0,0;3,1845334592998493;4,382282719355124;1,1977492600552746;314;0;312;0,0;False;0,0005259110606493756;0,013726339656844758;2,0;vehicles_step_sim_7__run051__SUMO_carro_1000__t0001
52;vehicles_step_sim_7.csv;SUMO_carro_1000;HBEFA4/PC_petrol_Euro-6ab;Gasoline;1773509247;2026-03-14 17:27:27;2026-03-14 17:27:28;1,0;3,189925;2,602461;0,587464;54,57655504891775;126071,842163;614,0605625;-125457,78160049999;-6,272889080025;37,533333;9,638215;40,77564360647124;-73,96068698429804;40,77163676812385;-73,96352032333401;40,7657768;-73,9630103;40,7618349;-73,9652887;True;True;0xCDcF7b2a3352a32cc28FD35C3924f5BD542a25Ea;312;312;312;0;0,0;3,1845334592998493;4,387580646794809;1,2030471874949593;314;0;312;0,0;False;-0,009692803380431258;-0,001896311174534659;2,0;vehicles_step_sim_7__run052__SUMO_carro_1000__t0001
53;vehicles_step_sim_7.csv;SUMO_carro_1000;HBEFA4/PC_petrol_Euro-6ab;Gasoline;1773509247;2026-03-14 17:27:27;2026-03-14 17:27:28;1,0;3,189925;2,602461;0,587464;54,57655504891775;126071,842163;614,0605625;-125457,78160049999;-6,272889080025;37,533333;9,638215;40,77564360647124;-73,96068698429804;40,77163676812385;-73,96352032333401;40,7879084;-73,9517278;40,7838981;-73,9543544;True;True;0xCDcF7b2a3352a32cc28FD35C3924f5BD542a25Ea;312;312;312;0;0,0;3,1845334592998493;3,2667004855002952;0,08216702620044591;314;0;312;0,0;False;0,012251167498274408;0,009038283406080231;2,0;vehicles_step_sim_7__run053__SUMO_carro_1000__t0001
54;vehicles_step_sim_7.csv;SUMO_carro_1000;HBEFA4/PC_petrol_Euro-6ab;Gasoline;1773509247;2026-03-14 17:27:27;2026-03-14 17:27:28;1,0;3,189925;2,602461;0,587464;54,57655504891775;126071,842163;614,0605625;-125457,78160049999;-6,272889080025;37,533333;9,638215;40,77564360647124;-73,96068698429804;40,77163676812385;-73,96352032333401;40,7733982;-73,9551804;40,7694371;-73,957901;True;True;0xCDcF7b2a3352a32cc28FD35C3924f5BD542a25Ea;312;312;312;0;0,0;3,1845334592998493;3,5232067273214356;0,33867326802158626;314;0;312;0,0;False;-0,0021876678504289837;0,0055049690956342585;2,0;vehicles_step_sim_7__run054__SUMO_carro_1000__t0001
55;vehicles_step_sim_7.csv;SUMO_carro_1000;HBEFA4/PC_petrol_Euro-6ab;Gasoline;1773509247;2026-03-14 17:27:27;2026-03-14 17:27:28;1,0;3,189925;2,602461;0,587464;54,57655504891775;126071,842163;614,0605625;-125457,78160049999;-6,272889080025;37,533333;9,638215;40,77564360647124;-73,96068698429804;40,77163676812385;-73,96352032333401;40,7902558;-73,9692638;40,7857827;-73,9704795;True;True;0xCDcF7b2a3352a32cc28FD35C3924f5BD542a25Ea;312;312;312;0;0,0;3,1845334592998493;3,3038406354510084;0,11930717615115904;314;0;312;0,0;False;0,013995407987614412;-0,007374062952670868;2,0;vehicles_step_sim_7__run055__SUMO_carro_1000__t0001
56;vehicles_step_sim_7.csv;SUMO_carro_1000;HBEFA4/PC_petrol_Euro-6ab;Gasoline;1773509247;2026-03-14 17:27:27;2026-03-14 17:27:28;1,0;3,189925;2,602461;0,587464;54,57655504891775;126071,842163;614,0605625;-125457,78160049999;-6,272889080025;37,533333;9,638215;40,77564360647124;-73,96068698429804;40,77163676812385;-73,96352032333401;40,7831443;-73,9638043;40,7780789;-73,965566;True;True;0xCDcF7b2a3352a32cc28FD35C3924f5BD542a25Ea;312;312;312;0;0,0;3,1845334592998493;4,3566129849173745;1,1720795256175252;314;0;312;0,0;False;0,008335662818417145;-0,0013306930693012182;2,0;vehicles_step_sim_7__run056__SUMO_carro_1000__t0001
57;vehicles_step_sim_7.csv;SUMO_carro_1000;HBEFA4/PC_petrol_Euro-6ab;Gasoline;1773509247;2026-03-14 17:27:27;2026-03-14 17:27:28;1,0;3,189925;2,602461;0,587464;54,57655504891775;126071,842163;614,0605625;-125457,78160049999;-6,272889080025;37,533333;9,638215;40,77564360647124;-73,96068698429804;40,77163676812385;-73,96352032333401;40,7796863;-73,9705609;40,7765182;-73,9757504;True;True;0xCDcF7b2a3352a32cc28FD35C3924f5BD542a25Ea;312;312;312;0;0,0;3,1845334592998493;4,179158401872489;0,9946249425726399;314;0;312;0,0;False;0,003919371435532654;-0,009957356855815735;2,0;vehicles_step_sim_7__run057__SUMO_carro_1000__t0001
58;vehicles_step_sim_7.csv;SUMO_carro_1000;HBEFA4/PC_petrol_Euro-6ab;Gasoline;1773509247;2026-03-14 17:27:27;2026-03-14 17:27:28;1,0;3,189925;2,602461;0,587464;54,57655504891775;126071,842163;614,0605625;-125457,78160049999;-6,272889080025;37,533333;9,638215;40,77564360647124;-73,96068698429804;40,77163676812385;-73,96352032333401;40,7646818;-73,9664025;40,7603094;-73,9695827;True;True;0xCDcF7b2a3352a32cc28FD35C3924f5BD542a25Ea;312;312;312;0;0,0;3,1845334592998493;3,7721620217283607;0,5876285624285114;314;0;312;0,0;False;-0,011185008483252486;-0,005723286684318411;2,0;vehicles_step_sim_7__run058__SUMO_carro_1000__t0001
59;vehicles_step_sim_7.csv;SUMO_carro_1000;HBEFA4/PC_petrol_Euro-6ab;Gasoline;1773509247;2026-03-14 17:27:27;2026-03-14 17:27:28;1,0;3,189925;2,602461;0,587464;54,57655504891775;126071,842163;614,0605625;-125457,78160049999;-6,272889080025;37,533333;9,638215;40,77564360647124;-73,96068698429804;40,77163676812385;-73,96352032333401;40,7872934;-73,9678961;40,783302;-73,9708126;True;True;0xCDcF7b2a3352a32cc28FD35C3924f5BD542a25Ea;312;312;312;0;0,0;3,1845334592998493;6,3003518418010165;3,115818382501167;314;0;312;0,0;False;0,01067064378060888;-0,004839109293736137;2,0;vehicles_step_sim_7__run059__SUMO_carro_1000__t0001
60;vehicles_step_sim_7.csv;SUMO_carro_1000;HBEFA4/PC_petrol_Euro-6ab;Gasoline;1773509247;2026-03-14 17:27:27;2026-03-14 17:27:28;1,0;3,189925;2,602461;0,587464;54,57655504891775;126071,842163;614,0605625;-125457,78160049999;-6,272889080025;37,533333;9,638215;40,77564360647124;-73,96068698429804;40,77163676812385;-73,96352032333401;40,7617746;-73,9690376;40,7578094;-73,9715655;True;True;0xCDcF7b2a3352a32cc28FD35C3924f5BD542a25Ea;312;312;312;0;0,0;3,1845334592998493;3,554210200003176;0,3696767407033268;314;0;312;0,0;False;-0,013838493389855789;-0,008288233564749128;2,0;vehicles_step_sim_7__run060__SUMO_carro_1000__t0001
61;vehicles_step_sim_7.csv;SUMO_carro_1000;HBEFA4/PC_petrol_Euro-6ab;Gasoline;1773509247;2026-03-14 17:27:27;2026-03-14 17:27:28;1,0;3,189925;2,602461;0,587464;54,57655504891775;126071,842163;614,0605625;-125457,78160049999;-6,272889080025;37,533333;9,638215;40,77564360647124;-73,96068698429804;40,77163676812385;-73,96352032333401;40,7711375;-73,947542;40,7673168;-73,9502726;True;True;0xCDcF7b2a3352a32cc28FD35C3924f5BD542a25Ea;312;312;312;0;0,0;3,1845334592998493;2,2894452230020503;-0,895088236297799;314;0;312;0,0;False;-0,00424321214467795;0,013084763407292267;2,0;vehicles_step_sim_7__run061__SUMO_carro_1000__t0001
62;vehicles_step_sim_7.csv;SUMO_carro_1000;HBEFA4/PC_petrol_Euro-6ab;Gasoline;1773509247;2026-03-14 17:27:27;2026-03-14 17:27:28;1,0;3,189925;2,602461;0,587464;54,57655504891775;126071,842163;614,0605625;-125457,78160049999;-6,272889080025;37,533333;9,638215;40,77564360647124;-73,96068698429804;40,77163676812385;-73,96352032333401;40,7688761;-73,9723598;40,7656295;-73,9761245;True;True;0xCDcF7b2a3352a32cc28FD35C3924f5BD542a25Ea;312;312;312;0;0,0;3,1845334592998493;4,117023313992768;0,932489854692919;314;0;312;0,0;False;-0,0059320420316472874;-0,011379878829299278;2,0;vehicles_step_sim_7__run062__SUMO_carro_1000__t0001
63;vehicles_step_sim_7.csv;SUMO_carro_1000;HBEFA4/PC_petrol_Euro-6ab;Gasoline;1773509247;2026-03-14 17:27:27;2026-03-14 17:27:28;1,0;3,189925;2,602461;0,587464;54,57655504891775;126071,842163;614,0605625;-125457,78160049999;-6,272889080025;37,533333;9,638215;40,77564360647124;-73,96068698429804;40,77163676812385;-73,96352032333401;40,7838444;-73,9655375;40,7790791;-73,9688949;True;True;0xCDcF7b2a3352a32cc28FD35C3924f5BD542a25Ea;312;312;312;0;0,0;3,1845334592998493;2,780511678811533;-0,4040217804883164;314;0;312;0,0;False;0,007908000696061802;-0,005192927298732886;2,0;vehicles_step_sim_7__run063__SUMO_carro_1000__t0001
64;vehicles_step_sim_7.csv;SUMO_carro_1000;HBEFA4/PC_petrol_Euro-6ab;Gasoline;1773509247;2026-03-14 17:27:27;2026-03-14 17:27:28;1,0;3,189925;2,602461;0,587464;54,57655504891775;126071,842163;614,0605625;-125457,78160049999;-6,272889080025;37,533333;9,638215;40,77564360647124;-73,96068698429804;40,77163676812385;-73,96352032333401;40,7619188;-73,963562;40,7574405;-73,9668393;True;True;0xCDcF7b2a3352a32cc28FD35C3924f5BD542a25Ea;312;312;312;0;0,0;3,1845334592998493;3,467196560992868;0,2826631016930188;314;0;312;0,0;False;-0,013765068554481159;-0,003462019420355559;2,0;vehicles_step_sim_7__run064__SUMO_carro_1000__t0001
65;vehicles_step_sim_7.csv;SUMO_carro_1000;HBEFA4/PC_petrol_Euro-6ab;Gasoline;1773509247;2026-03-14 17:27:27;2026-03-14 17:27:28;1,0;3,189925;2,602461;0,587464;54,57655504891775;126071,842163;614,0605625;-125457,78160049999;-6,272889080025;37,533333;9,638215;40,77564360647124;-73,96068698429804;40,77163676812385;-73,96352032333401;40,7834103;-73,9590353;40,7790041;-73,9622553;True;True;0xCDcF7b2a3352a32cc28FD35C3924f5BD542a25Ea;312;312;312;0;0,0;3,1845334592998493;3,057702765343413;-0,1268306939564363;314;0;312;0,0;False;0,008352508858794273;-0,00035853678063174995;2,0;vehicles_step_sim_7__run065__SUMO_carro_1000__t0001
66;vehicles_step_sim_7.csv;SUMO_carro_1000;HBEFA4/PC_petrol_Euro-6ab;Gasoline;1773509247;2026-03-14 17:27:27;2026-03-14 17:27:28;1,0;3,189925;2,602461;0,587464;54,57655504891775;126071,842163;614,0605625;-125457,78160049999;-6,272889080025;37,533333;9,638215;40,77564360647124;-73,96068698429804;40,77163676812385;-73,96352032333401;40,7801292;-73,9592074;40,7761257;-73,9616402;True;True;0xCDcF7b2a3352a32cc28FD35C3924f5BD542a25Ea;312;312;312;0;0,0;3,1845334592998493;3,6595541582809865;0,4750206989811372;314;0;312;0,0;False;0,004081226933428317;0,0017387030408224167;2,0;vehicles_step_sim_7__run066__SUMO_carro_1000__t0001
67;vehicles_step_sim_7.csv;SUMO_carro_1000;HBEFA4/PC_petrol_Euro-6ab;Gasoline;1773509247;2026-03-14 17:27:27;2026-03-14 17:27:28;1,0;3,189925;2,602461;0,587464;54,57655504891775;126071,842163;614,0605625;-125457,78160049999;-6,272889080025;37,533333;9,638215;40,77564360647124;-73,96068698429804;40,77163676812385;-73,96352032333401;40,7773936;-73,9489949;40,7728341;-73,9517381;True;True;0xCDcF7b2a3352a32cc28FD35C3924f5BD542a25Ea;312;312;312;0;0,0;3,1845334592998493;4,280289231316992;1,0957557720171427;314;0;312;0,0;False;0,001419023422319734;0,01183747356497834;2,0;vehicles_step_sim_7__run067__SUMO_carro_1000__t0001
68;vehicles_step_sim_7.csv;SUMO_carro_1000;HBEFA4/PC_petrol_Euro-6ab;Gasoline;1773509247;2026-03-14 17:27:27;2026-03-14 17:27:28;1,0;3,189925;2,602461;0,587464;54,57655504891775;126071,842163;614,0605625;-125457,78160049999;-6,272889080025;37,533333;9,638215;40,77564360647124;-73,96068698429804;40,77163676812385;-73,96352032333401;40,7810451;-73,9622183;40,7775108;-73,9645393;True;True;0xCDcF7b2a3352a32cc28FD35C3924f5BD542a25Ea;312;312;312;0;0,0;3,1845334592998493;3,1053683513874573;-0,07916510791239206;314;0;312;0,0;False;0,0052648464178824;-0,0018139023607944805;2,0;vehicles_step_sim_7__run068__SUMO_carro_1000__t0001
69;vehicles_step_sim_7.csv;SUMO_carro_1000;HBEFA4/PC_petrol_Euro-6ab;Gasoline;1773509247;2026-03-14 17:27:27;2026-03-14 17:27:28;1,0;3,189925;2,602461;0,587464;54,57655504891775;126071,842163;614,0605625;-125457,78160049999;-6,272889080025;37,533333;9,638215;40,77564360647124;-73,96068698429804;40,77163676812385;-73,96352032333401;40,7634926;-73,9653577;40,7595402;-73,9681071;True;True;0xCDcF7b2a3352a32cc28FD35C3924f5BD542a25Ea;312;312;312;0;0,0;3,1845334592998493;3,486549678383389;0,3020162190835398;314;0;312;0,0;False;-0,012211340513030987;-0,004622463472544063;2,0;vehicles_step_sim_7__run069__SUMO_carro_1000__t0001
70;vehicles_step_sim_7.csv;SUMO_carro_1000;HBEFA4/PC_petrol_Euro-6ab;Gasoline;1773509247;2026-03-14 17:27:27;2026-03-14 17:27:28;1,0;3,189925;2,602461;0,587464;54,57655504891775;126071,842163;614,0605625;-125457,78160049999;-6,272889080025;37,533333;9,638215;40,77564360647124;-73,96068698429804;40,77163676812385;-73,96352032333401;40,7737745;-73,9660692;40,7698449;-73,9689451;True;True;0xCDcF7b2a3352a32cc28FD35C3924f5BD542a25Ea;312;312;312;0;0,0;3,1845334592998493;3,0955755388382116;-0,08895792046163775;314;0;312;0,0;False;-0,001550771416979249;-0,0060822387452593996;2,0;vehicles_step_sim_7__run070__SUMO_carro_1000__t0001
71;vehicles_step_sim_7.csv;SUMO_carro_1000;HBEFA4/PC_petrol_Euro-6ab;Gasoline;1773509247;2026-03-14 17:27:27;2026-03-14 17:27:28;1,0;3,189925;2,602461;0,587464;54,57655504891775;126071,842163;614,0605625;-125457,78160049999;-6,272889080025;37,533333;9,638215;40,77564360647124;-73,96068698429804;40,77163676812385;-73,96352032333401;40,7681853;-73,9588423;40,7643125;-73,9616464;True;True;0xCDcF7b2a3352a32cc28FD35C3924f5BD542a25Ea;312;312;312;0;0,0;3,1845334592998493;3,6256363554313733;0,441102896131524;314;0;312;0,0;False;-0,0074071577201418005;0,001870818687503806;2,0;vehicles_step_sim_7__run071__SUMO_carro_1000__t0001
72;vehicles_step_sim_7.csv;SUMO_carro_1000;HBEFA4/PC_petrol_Euro-6ab;Gasoline;1773509247;2026-03-14 17:27:27;2026-03-14 17:27:28;1,0;3,189925;2,602461;0,587464;54,57655504891775;126071,842163;614,0605625;-125457,78160049999;-6,272889080025;37,533333;9,638215;40,77564360647124;-73,96068698429804;40,77163676812385;-73,96352032333401;40,7827717;-73,9711974;40,7788725;-73,9740373;True;True;0xCDcF7b2a3352a32cc28FD35C3924f5BD542a25Ea;312;312;312;0;0,0;3,1845334592998493;3,74909598299939;0,5645625236995406;314;0;312;0,0;False;0,0071705938063323475;-0,01034837612361892;2,0;vehicles_step_sim_7__run072__SUMO_carro_1000__t0001
73;vehicles_step_sim_7.csv;SUMO_carro_1000;HBEFA4/PC_petrol_Euro-6ab;Gasoline;1773509247;2026-03-14 17:27:27;2026-03-14 17:27:28;1,0;3,189925;2,602461;0,587464;54,57655504891775;126071,842163;614,0605625;-125457,78160049999;-6,272889080025;37,533333;9,638215;40,77564360647124;-73,96068698429804;40,77163676812385;-73,96352032333401;40,7843689;-73,9670266;40,7796863;-73,9705609;True;True;0xCDcF7b2a3352a32cc28FD35C3924f5BD542a25Ea;312;312;312;0;0,0;3,1845334592998493;3,530642912069885;0,34610945277003546;314;0;312;0,0;False;0,008384268953915076;-0,006742667918261653;2,0;vehicles_step_sim_7__run073__SUMO_carro_1000__t0001
74;vehicles_step_sim_7.csv;SUMO_carro_1000;HBEFA4/PC_petrol_Euro-6ab;Gasoline;1773509247;2026-03-14 17:27:27;2026-03-14 17:27:28;1,0;3,189925;2,602461;0,587464;54,57655504891775;126071,842163;614,0605625;-125457,78160049999;-6,272889080025;37,533333;9,638215;40,77564360647124;-73,96068698429804;40,77163676812385;-73,96352032333401;40,7699024;-73,9747411;40,765045;-73,9789051;True;True;0xCDcF7b2a3352a32cc28FD35C3924f5BD542a25Ea;312;312;312;0;0,0;3,1845334592998493;3,4710761634495935;0,28654270414974414;314;0;312;0,0;False;-0,006730734460967254;-0,015464211558843992;2,0;vehicles_step_sim_7__run074__SUMO_carro_1000__t0001
75;vehicles_step_sim_7.csv;SUMO_carro_1000;HBEFA4/PC_petrol_Euro-6ab;Gasoline;1773509247;2026-03-14 17:27:27;2026-03-14 17:27:28;1,0;3,189925;2,602461;0,587464;54,57655504891775;126071,842163;614,0605625;-125457,78160049999;-6,272889080025;37,533333;9,638215;40,77564360647124;-73,96068698429804;40,77163676812385;-73,96352032333401;40,7892682;-73,9526798;40,7852441;-73,9556086;True;True;0xCDcF7b2a3352a32cc28FD35C3924f5BD542a25Ea;312;312;312;0;0,0;3,1845334592998493;3,433162886719602;0,2486294274197527;314;0;312;0,0;False;0,013650061866581794;0,007868698435760681;2,0;vehicles_step_sim_7__run075__SUMO_carro_1000__t0001
76;vehicles_step_sim_7.csv;SUMO_carro_1000;HBEFA4/PC_petrol_Euro-6ab;Gasoline;1773509247;2026-03-14 17:27:27;2026-03-14 17:27:28;1,0;3,189925;2,602461;0,587464;54,57655504891775;126071,842163;614,0605625;-125457,78160049999;-6,272889080025;37,533333;9,638215;40,77564360647124;-73,96068698429804;40,77163676812385;-73,96352032333401;40,7809117;-73,9589273;40,7769545;-73,9616647;True;True;0xCDcF7b2a3352a32cc28FD35C3924f5BD542a25Ea;312;312;312;0;0,0;3,1845334592998493;3,3090350211149455;0,1245015618150962;314;0;312;0,0;False;0,005202971885470058;0,0017452850733173683;2,0;vehicles_step_sim_7__run076__SUMO_carro_1000__t0001
77;vehicles_step_sim_7.csv;SUMO_carro_1000;HBEFA4/PC_petrol_Euro-6ab;Gasoline;1773509247;2026-03-14 17:27:27;2026-03-14 17:27:28;1,0;3,189925;2,602461;0,587464;54,57655504891775;126071,842163;614,0605625;-125457,78160049999;-6,272889080025;37,533333;9,638215;40,77564360647124;-73,96068698429804;40,77163676812385;-73,96352032333401;40,7699543;-73,9688653;40,766096;-73,9716888;True;True;0xCDcF7b2a3352a32cc28FD35C3924f5BD542a25Ea;312;312;312;0;0,0;3,1845334592998493;2,6261602561333413;-0,5583732031665081;314;0;312;0,0;False;-0,00500751526909254;-0,009556708094647298;2,0;vehicles_step_sim_7__run077__SUMO_carro_1000__t0001
78;vehicles_step_sim_7.csv;SUMO_carro_1000;HBEFA4/PC_petrol_Euro-6ab;Gasoline;1773509247;2026-03-14 17:27:27;2026-03-14 17:27:28;1,0;3,189925;2,602461;0,587464;54,57655504891775;126071,842163;614,0605625;-125457,78160049999;-6,272889080025;37,533333;9,638215;40,77564360647124;-73,96068698429804;40,77163676812385;-73,96352032333401;40,7846658;-73,9675276;40,7816048;-73,9713926;True;True;0xCDcF7b2a3352a32cc28FD35C3924f5BD542a25Ea;312;312;312;0;0,0;3,1845334592998493;5,006025914358702;1,8214924550588525;314;0;312;0,0;False;0,009995375067024657;-0,005987369464793247;2,0;vehicles_step_sim_7__run078__SUMO_carro_1000__t0001
79;vehicles_step_sim_7.csv;SUMO_carro_1000;HBEFA4/PC_petrol_Euro-6ab;Gasoline;1773509247;2026-03-14 17:27:27;2026-03-14 17:27:28;1,0;3,189925;2,602461;0,587464;54,57655504891775;126071,842163;614,0605625;-125457,78160049999;-6,272889080025;37,533333;9,638215;40,77564360647124;-73,96068698429804;40,77163676812385;-73,96352032333401;40,7790791;-73,9688949;40,7774869;-73,9750388;True;True;0xCDcF7b2a3352a32cc28FD35C3924f5BD542a25Ea;312;312;312;0;0,0;3,1845334592998493;6,784942430692139;3,6004089713922895;314;0;312;0,0;False;0,0039030203169789315;-0,00769340272331691;2,0;vehicles_step_sim_7__run079__SUMO_carro_1000__t0001
80;vehicles_step_sim_7.csv;SUMO_carro_1000;HBEFA4/PC_petrol_Euro-6ab;Gasoline;1773509247;2026-03-14 17:27:27;2026-03-14 17:27:28;1,0;3,189925;2,602461;0,587464;54,57655504891775;126071,842163;614,0605625;-125457,78160049999;-6,272889080025;37,533333;9,638215;40,77564360647124;-73,96068698429804;40,77163676812385;-73,96352032333401;40,7661911;-73,9601081;40,7621085;-73,9620733;True;True;0xCDcF7b2a3352a32cc28FD35C3924f5BD542a25Ea;312;312;312;0;0,0;3,1845334592998493;3,6413989184557067;0,4568654591558574;314;0;312;0,0;False;-0,009343523188601169;0,0011562602588948675;2,0;vehicles_step_sim_7__run080__SUMO_carro_1000__t0001
81;vehicles_step_sim_7.csv;SUMO_carro_1000;HBEFA4/PC_petrol_Euro-6ab;Gasoline;1773509247;2026-03-14 17:27:27;2026-03-14 17:27:28;1,0;3,189925;2,602461;0,587464;54,57655504891775;126071,842163;614,0605625;-125457,78160049999;-6,272889080025;37,533333;9,638215;40,77564360647124;-73,96068698429804;40,77163676812385;-73,96352032333401;40,7634433;-73,9711009;40,759686;-73,974119;True;True;0xCDcF7b2a3352a32cc28FD35C3924f5BD542a25Ea;312;312;312;0;0,0;3,1845334592998493;3,616186656897519;0,4316531975976696;314;0;312;0,0;False;-0,012350134110211537;-0,010086006205575013;2,0;vehicles_step_sim_7__run081__SUMO_carro_1000__t0001
82;vehicles_step_sim_7.csv;SUMO_carro_1000;HBEFA4/PC_petrol_Euro-6ab;Gasoline;1773509247;2026-03-14 17:27:27;2026-03-14 17:27:28;1,0;3,189925;2,602461;0,587464;54,57655504891775;126071,842163;614,0605625;-125457,78160049999;-6,272889080025;37,533333;9,638215;40,77564360647124;-73,96068698429804;40,77163676812385;-73,96352032333401;40,7695431;-73,9579996;40,7651785;-73,9615905;True;True;0xCDcF7b2a3352a32cc28FD35C3924f5BD542a25Ea;312;312;312;0;0,0;3,1845334592998493;3,332558199972758;0,14802474067290872;314;0;312;0,0;False;-0,006201437437379521;0,0020513535753747987;2,0;vehicles_step_sim_7__run082__SUMO_carro_1000__t0001
83;vehicles_step_sim_7.csv;SUMO_carro_1000;HBEFA4/PC_petrol_Euro-6ab;Gasoline;1773509247;2026-03-14 17:27:27;2026-03-14 17:27:28;1,0;3,189925;2,602461;0,587464;54,57655504891775;126071,842163;614,0605625;-125457,78160049999;-6,272889080025;37,533333;9,638215;40,77564360647124;-73,96068698429804;40,77163676812385;-73,96352032333401;40,7590118;-73,9583867;40,7551259;-73,9617861;True;True;0xCDcF7b2a3352a32cc28FD35C3924f5BD542a25Ea;312;312;312;0;0,0;3,1845334592998493;4,5095886745169675;1,3250552152171182;314;0;312;0,0;False;-0,017364014325629958;0,002920784921320509;2,0;vehicles_step_sim_7__run083__SUMO_carro_1000__t0001
84;vehicles_step_sim_7.csv;SUMO_carro_1000;HBEFA4/PC_petrol_Euro-6ab;Gasoline;1773509247;2026-03-14 17:27:27;2026-03-14 17:27:28;1,0;3,189925;2,602461;0,587464;54,57655504891775;126071,842163;614,0605625;-125457,78160049999;-6,272889080025;37,533333;9,638215;40,77564360647124;-73,96068698429804;40,77163676812385;-73,96352032333401;40,7790791;-73,9688949;40,7774869;-73,9750388;True;True;0xCDcF7b2a3352a32cc28FD35C3924f5BD542a25Ea;312;312;312;0;0,0;3,1845334592998493;5,643168108045263;2,4586346487454134;314;0;312;0,0;False;0,0041699129177655515;-0,007642192370993329;2,0;vehicles_step_sim_7__run084__SUMO_carro_1000__t0001
85;vehicles_step_sim_7.csv;SUMO_carro_1000;HBEFA4/PC_petrol_Euro-6ab;Gasoline;1773509247;2026-03-14 17:27:27;2026-03-14 17:27:28;1,0;3,189925;2,602461;0,587464;54,57655504891775;126071,842163;614,0605625;-125457,78160049999;-6,272889080025;37,533333;9,638215;40,77564360647124;-73,96068698429804;40,77163676812385;-73,96352032333401;40,7742566;-73,9612794;40,7703514;-73,9641237;True;True;0xCDcF7b2a3352a32cc28FD35C3924f5BD542a25Ea;312;312;312;0;0,0;3,1845334592998493;3,8131396939546116;0,6286062346547623;314;0;312;0,0;False;-0,0013881978498361683;0,0001732669452965703;2,0;vehicles_step_sim_7__run085__SUMO_carro_1000__t0001
86;vehicles_step_sim_7.csv;SUMO_carro_1000;HBEFA4/PC_petrol_Euro-6ab;Gasoline;1773509247;2026-03-14 17:27:27;2026-03-14 17:27:28;1,0;3,189925;2,602461;0,587464;54,57655504891775;126071,842163;614,0605625;-125457,78160049999;-6,272889080025;37,533333;9,638215;40,77564360647124;-73,96068698429804;40,77163676812385;-73,96352032333401;40,7749695;-73,9770367;40,7709402;-73,9810753;True;True;0xCDcF7b2a3352a32cc28FD35C3924f5BD542a25Ea;312;312;312;0;0,0;3,1845334592998493;3,1143861288626593;-0,07014733043719001;314;0;312;0,0;False;-0,0004439328925618386;-0,017440162065134334;2,0;vehicles_step_sim_7__run086__SUMO_carro_1000__t0001
87;vehicles_step_sim_7.csv;SUMO_carro_1000;HBEFA4/PC_petrol_Euro-6ab;Gasoline;1773509247;2026-03-14 17:27:27;2026-03-14 17:27:28;1,0;3,189925;2,602461;0,587464;54,57655504891775;126071,842163;614,0605625;-125457,78160049999;-6,272889080025;37,533333;9,638215;40,77564360647124;-73,96068698429804;40,77163676812385;-73,96352032333401;40,7811234;-73,9493742;40,7771941;-73,9522399;True;True;0xCDcF7b2a3352a32cc28FD35C3924f5BD542a25Ea;312;312;312;0;0,0;3,1845334592998493;3,512376416296431;0,3278429569965815;314;0;312;0,0;False;0,005535844926932732;0,01125406800847211;2,0;vehicles_step_sim_7__run087__SUMO_carro_1000__t0001
88;vehicles_step_sim_7.csv;SUMO_carro_1000;HBEFA4/PC_petrol_Euro-6ab;Gasoline;1773509247;2026-03-14 17:27:27;2026-03-14 17:27:28;1,0;3,189925;2,602461;0,587464;54,57655504891775;126071,842163;614,0605625;-125457,78160049999;-6,272889080025;37,533333;9,638215;40,77564360647124;-73,96068698429804;40,77163676812385;-73,96352032333401;40,78164;-73,9488466;40,7775792;-73,9510183;True;True;0xCDcF7b2a3352a32cc28FD35C3924f5BD542a25Ea;312;312;312;0;0,0;3,1845334592998493;4,074750332336547;0,8902168730366973;314;0;312;0,0;False;0,005562229457520282;0,012583812712556203;2,0;vehicles_step_sim_7__run088__SUMO_carro_1000__t0001
89;vehicles_step_sim_7.csv;SUMO_carro_1000;HBEFA4/PC_petrol_Euro-6ab;Gasoline;1773509247;2026-03-14 17:27:27;2026-03-14 17:27:28;1,0;3,189925;2,602461;0,587464;54,57655504891775;126071,842163;614,0605625;-125457,78160049999;-6,272889080025;37,533333;9,638215;40,77564360647124;-73,96068698429804;40,77163676812385;-73,96352032333401;40,7730577;-73,9604256;40,7691579;-73,963274;True;True;0xCDcF7b2a3352a32cc28FD35C3924f5BD542a25Ea;312;312;312;0;0,0;3,1845334592998493;3,633490141018066;0,4489566817182169;314;0;312;0,0;False;-0,0024965451342745222;0,00021577434006972703;2,0;vehicles_step_sim_7__run089__SUMO_carro_1000__t0001
90;vehicles_step_sim_7.csv;SUMO_carro_1000;HBEFA4/PC_petrol_Euro-6ab;Gasoline;1773509247;2026-03-14 17:27:27;2026-03-14 17:27:28;1,0;3,189925;2,602461;0,587464;54,57655504891775;126071,842163;614,0605625;-125457,78160049999;-6,272889080025;37,533333;9,638215;40,77564360647124;-73,96068698429804;40,77163676812385;-73,96352032333401;40,7639925;-73,9548639;40,7602322;-73,9576236;True;True;0xCDcF7b2a3352a32cc28FD35C3924f5BD542a25Ea;312;312;312;0;0,0;3,1845334592998493;4,214109283126103;1,0295758238262533;314;0;312;0,0;False;-0,011354923104047766;0,00590448002126114;2,0;vehicles_step_sim_7__run090__SUMO_carro_1000__t0001
91;vehicles_step_sim_7.csv;SUMO_carro_1000;HBEFA4/PC_petrol_Euro-6ab;Gasoline;1773509247;2026-03-14 17:27:27;2026-03-14 17:27:28;1,0;3,189925;2,602461;0,587464;54,57655504891775;126071,842163;614,0605625;-125457,78160049999;-6,272889080025;37,533333;9,638215;40,77564360647124;-73,96068698429804;40,77163676812385;-73,96352032333401;40,7668036;-73,9515379;40,7638382;-73,9544997;True;True;0xCDcF7b2a3352a32cc28FD35C3924f5BD542a25Ea;312;312;312;0;0,0;3,1845334592998493;2,762148672080517;-0,4223847872193325;314;0;312;0,0;False;-0,008213204685678018;0,008634411877078396;2,0;vehicles_step_sim_7__run091__SUMO_carro_1000__t0001
92;vehicles_step_sim_7.csv;SUMO_carro_1000;HBEFA4/PC_petrol_Euro-6ab;Gasoline;1773509247;2026-03-14 17:27:27;2026-03-14 17:27:28;1,0;3,189925;2,602461;0,587464;54,57655504891775;126071,842163;614,0605625;-125457,78160049999;-6,272889080025;37,533333;9,638215;40,77564360647124;-73,96068698429804;40,77163676812385;-73,96352032333401;40,7830869;-73,9637582;40,7782575;-73,9667472;True;True;0xCDcF7b2a3352a32cc28FD35C3924f5BD542a25Ea;312;312;312;0;0,0;3,1845334592998493;3,909403391919005;0,7248699326191557;314;0;312;0,0;False;0,007588772221166853;-0,0026486165818235814;2,0;vehicles_step_sim_7__run092__SUMO_carro_1000__t0001
93;vehicles_step_sim_7.csv;SUMO_carro_1000;HBEFA4/PC_petrol_Euro-6ab;Gasoline;1773509247;2026-03-14 17:27:27;2026-03-14 17:27:28;1,0;3,189925;2,602461;0,587464;54,57655504891775;126071,842163;614,0605625;-125457,78160049999;-6,272889080025;37,533333;9,638215;40,77564360647124;-73,96068698429804;40,77163676812385;-73,96352032333401;40,772279;-73,9666195;40,768605;-73,9697064;True;True;0xCDcF7b2a3352a32cc28FD35C3924f5BD542a25Ea;312;312;312;0;0,0;3,1845334592998493;3,481600881330796;0,2970674220309468;314;0;312;0,0;False;-0,002996896142440548;-0,005639744884233231;2,0;vehicles_step_sim_7__run093__SUMO_carro_1000__t0001
94;vehicles_step_sim_7.csv;SUMO_carro_1000;HBEFA4/PC_petrol_Euro-6ab;Gasoline;1773509247;2026-03-14 17:27:27;2026-03-14 17:27:28;1,0;3,189925;2,602461;0,587464;54,57655504891775;126071,842163;614,0605625;-125457,78160049999;-6,272889080025;37,533333;9,638215;40,77564360647124;-73,96068698429804;40,77163676812385;-73,96352032333401;40,7808192;-73,9507901;40,7761737;-73,9529849;True;True;0xCDcF7b2a3352a32cc28FD35C3924f5BD542a25Ea;312;312;312;0;0,0;3,1845334592998493;3,6236495554954327;0,43911609619558334;314;0;312;0,0;False;0,004861297004229986;0,009999360699484055;2,0;vehicles_step_sim_7__run094__SUMO_carro_1000__t0001
95;vehicles_step_sim_7.csv;SUMO_carro_1000;HBEFA4/PC_petrol_Euro-6ab;Gasoline;1773509247;2026-03-14 17:27:27;2026-03-14 17:27:28;1,0;3,189925;2,602461;0,587464;54,57655504891775;126071,842163;614,0605625;-125457,78160049999;-6,272889080025;37,533333;9,638215;40,77564360647124;-73,96068698429804;40,77163676812385;-73,96352032333401;40,7748487;-73,9448444;40,7704961;-73,9480136;True;True;0xCDcF7b2a3352a32cc28FD35C3924f5BD542a25Ea;312;312;312;0;0,0;3,1845334592998493;3,3020859668998535;0,11755250760000413;314;0;312;0,0;False;-0,0008898162445626288;0,01535965505351347;2,0;vehicles_step_sim_7__run095__SUMO_carro_1000__t0001
96;vehicles_step_sim_7.csv;SUMO_carro_1000;HBEFA4/PC_petrol_Euro-6ab;Gasoline;1773509247;2026-03-14 17:27:27;2026-03-14 17:27:28;1,0;3,189925;2,602461;0,587464;54,57655504891775;126071,842163;614,0605625;-125457,78160049999;-6,272889080025;37,533333;9,638215;40,77564360647124;-73,96068698429804;40,77163676812385;-73,96352032333401;40,7834948;-73,9493441;40,7787298;-73,9516712;True;True;0xCDcF7b2a3352a32cc28FD35C3924f5BD542a25Ea;312;312;312;0;0,0;3,1845334592998493;4,3292493474730955;1,1447158881732462;314;0;312;0,0;False;0,007484715623787721;0,011310571249522977;2,0;vehicles_step_sim_7__run096__SUMO_carro_1000__t0001
97;vehicles_step_sim_7.csv;SUMO_carro_1000;HBEFA4/PC_petrol_Euro-6ab;Gasoline;1773509247;2026-03-14 17:27:27;2026-03-14 17:27:28;1,0;3,189925;2,602461;0,587464;54,57655504891775;126071,842163;614,0605625;-125457,78160049999;-6,272889080025;37,533333;9,638215;40,77564360647124;-73,96068698429804;40,77163676812385;-73,96352032333401;40,7666143;-73,9628885;40,7626976;-73,9657494;True;True;0xCDcF7b2a3352a32cc28FD35C3924f5BD542a25Ea;312;312;312;0;0,0;3,1845334592998493;3,4232016794568065;0,2386682201569572;314;0;312;0,0;False;-0,009023852311732467;-0,0022080954897801116;2,0;vehicles_step_sim_7__run097__SUMO_carro_1000__t0001
98;vehicles_step_sim_7.csv;SUMO_carro_1000;HBEFA4/PC_petrol_Euro-6ab;Gasoline;1773509247;2026-03-14 17:27:27;2026-03-14 17:27:28;1,0;3,189925;2,602461;0,587464;54,57655504891775;126071,842163;614,0605625;-125457,78160049999;-6,272889080025;37,533333;9,638215;40,77564360647124;-73,96068698429804;40,77163676812385;-73,96352032333401;40,7793169;-73,977252;40,7754249;-73,980081;True;True;0xCDcF7b2a3352a32cc28FD35C3924f5BD542a25Ea;312;312;312;0;0,0;3,1845334592998493;3,0277198949863044;-0,15681356431354487;314;0;312;0,0;False;0,003538474937659807;-0,0152556201926588;2,0;vehicles_step_sim_7__run098__SUMO_carro_1000__t0001
99;vehicles_step_sim_7.csv;SUMO_carro_1000;HBEFA4/PC_petrol_Euro-6ab;Gasoline;1773509247;2026-03-14 17:27:27;2026-03-14 17:27:28;1,0;3,189925;2,602461;0,587464;54,57655504891775;126071,842163;614,0605625;-125457,78160049999;-6,272889080025;37,533333;9,638215;40,77564360647124;-73,96068698429804;40,77163676812385;-73,96352032333401;40,7644873;-73,9560727;40,7604242;-73,960021;True;True;0xCDcF7b2a3352a32cc28FD35C3924f5BD542a25Ea;312;312;312;0;0,0;3,1845334592998493;3,5166141250962197;0,3320806657963704;314;0;312;0,0;False;-0,01110985440953097;0,0037687534985914235;2,0;vehicles_step_sim_7__run099__SUMO_carro_1000__t0001
100;vehicles_step_sim_7.csv;SUMO_carro_1000;HBEFA4/PC_petrol_Euro-6ab;Gasoline;1773509247;2026-03-14 17:27:27;2026-03-14 17:27:28;1,0;3,189925;2,602461;0,587464;54,57655504891775;126071,842163;614,0605625;-125457,78160049999;-6,272889080025;37,533333;9,638215;40,77564360647124;-73,96068698429804;40,77163676812385;-73,96352032333401;40,7845594;-73,9673488;40,7815659;-73,9713949;True;True;0xCDcF7b2a3352a32cc28FD35C3924f5BD542a25Ea;312;312;312;0;0,0;3,1845334592998493;5,104321170572571;1,9197877112727215;314;0;312;0,0;False;0,00986914625298978;-0,005539574398783679;2,0;vehicles_step_sim_7__run100__SUMO_carro_1000__t0001
1;vehicles_step_sim_5.csv;SUMO_carro_1000;HBEFA4/PC_petrol_Euro-6ab;Gasoline;1773509245;2026-03-14 17:27:25;2026-03-14 17:27:26;1,0;3,379107;3,068982;0,310125;58,615693738961035;135402,252537;650,4780975;-134751,7744395;-6,737588721975;39,972466;11,745574;40,77564360647124;-73,96068698429804;40,77480132917034;-73,96063677461578;40,7695183;-73,948231;40,7688298;-73,9488661;True;True;0xCDcF7b2a3352a32cc28FD35C3924f5BD542a25Ea;337;337;337;0;0,0;3,370622682532147;6,232718737051601;2,8620960545194545;339;0;337;0,0;False;-0,007502223764175889;0,015325915918591131;2,0;vehicles_step_sim_5__run001__SUMO_carro_1000__t0001
2;vehicles_step_sim_5.csv;SUMO_carro_1000;HBEFA4/PC_petrol_Euro-6ab;Gasoline;1773509245;2026-03-14 17:27:25;2026-03-14 17:27:26;1,0;3,379107;3,068982;0,310125;58,615693738961035;135402,252537;650,4780975;-134751,7744395;-6,737588721975;39,972466;11,745574;40,77564360647124;-73,96068698429804;40,77480132917034;-73,96063677461578;40,784244;-73,9667779;40,7841153;-73,9664517;True;True;0xCDcF7b2a3352a32cc28FD35C3924f5BD542a25Ea;337;337;337;0;0,0;3,370622682532147;6,630128897293487;3,25950621476134;339;0;337;0,0;False;0,0076072196077499425;-0,006918902499208217;2,0;vehicles_step_sim_5__run002__SUMO_carro_1000__t0001
3;vehicles_step_sim_5.csv;SUMO_carro_1000;HBEFA4/PC_petrol_Euro-6ab;Gasoline;1773509245;2026-03-14 17:27:25;2026-03-14 17:27:26;1,0;3,379107;3,068982;0,310125;58,615693738961035;135402,252537;650,4780975;-134751,7744395;-6,737588721975;39,972466;11,745574;40,77564360647124;-73,96068698429804;40,77480132917034;-73,96063677461578;40,7606474;-73,9634234;40,7601231;-73,96317;True;True;0xCDcF7b2a3352a32cc28FD35C3924f5BD542a25Ea;337;337;337;0;0,0;3,370622682532147;4,806012776369494;1,4353900938373472;339;0;337;0,0;False;-0,015015178474718139;-0,002720257465709572;2,0;vehicles_step_sim_5__run003__SUMO_carro_1000__t0001
4;vehicles_step_sim_5.csv;SUMO_carro_1000;HBEFA4/PC_petrol_Euro-6ab;Gasoline;1773509245;2026-03-14 17:27:25;2026-03-14 17:27:26;1,0;3,379107;3,068982;0,310125;58,615693738961035;135402,252537;650,4780975;-134751,7744395;-6,737588721975;39,972466;11,745574;40,77564360647124;-73,96068698429804;40,77480132917034;-73,96063677461578;40,7795241;-73,9437701;40,7783835;-73,9431548;True;True;0xCDcF7b2a3352a32cc28FD35C3924f5BD542a25Ea;337;337;337;0;0,0;3,370622682532147;4,928120841586328;1,5574981590541808;339;0;337;0,0;False;0,003613310839338305;0,016758687594890798;2,0;vehicles_step_sim_5__run004__SUMO_carro_1000__t0001
5;vehicles_step_sim_5.csv;SUMO_carro_1000;HBEFA4/PC_petrol_Euro-6ab;Gasoline;1773509245;2026-03-14 17:27:25;2026-03-14 17:27:26;1,0;3,379107;3,068982;0,310125;58,615693738961035;135402,252537;650,4780975;-134751,7744395;-6,737588721975;39,972466;11,745574;40,77564360647124;-73,96068698429804;40,77480132917034;-73,96063677461578;40,761519;-73,9636957;40,7608441;-73,9640956;True;True;0xCDcF7b2a3352a32cc28FD35C3924f5BD542a25Ea;337;337;337;0;0,0;3,370622682532147;3,9975078959931665;0,6268852134610197;339;0;337;0,0;False;-0,013907802994369363;-0,0033824987467065072;2,0;vehicles_step_sim_5__run005__SUMO_carro_1000__t0001
6;vehicles_step_sim_5.csv;SUMO_carro_1000;HBEFA4/PC_petrol_Euro-6ab;Gasoline;1773509245;2026-03-14 17:27:25;2026-03-14 17:27:26;1,0;3,379107;3,068982;0,310125;58,615693738961035;135402,252537;650,4780975;-134751,7744395;-6,737588721975;39,972466;11,745574;40,77564360647124;-73,96068698429804;40,77480132917034;-73,96063677461578;40,7650618;-73,9732319;40,7644751;-73,9734987;True;True;0xCDcF7b2a3352a32cc28FD35C3924f5BD542a25Ea;337;337;337;0;0,0;3,370622682532147;3,6008365828303215;0,23021390029817468;339;0;337;0,0;False;-0,010310602317997592;-0,012763518001343899;2,0;vehicles_step_sim_5__run006__SUMO_carro_1000__t0001
7;vehicles_step_sim_5.csv;SUMO_carro_1000;HBEFA4/PC_petrol_Euro-6ab;Gasoline;1773509245;2026-03-14 17:27:25;2026-03-14 17:27:26;1,0;3,379107;3,068982;0,310125;58,615693738961035;135402,252537;650,4780975;-134751,7744395;-6,737588721975;39,972466;11,745574;40,77564360647124;-73,96068698429804;40,77480132917034;-73,96063677461578;40,7641545;-73,9669173;40,7632426;-73,9674482;True;True;0xCDcF7b2a3352a32cc28FD35C3924f5BD542a25Ea;337;337;337;0;0,0;3,370622682532147;4,2862599043494205;0,9156372218172737;339;0;337;0,0;False;-0,011686040418505385;-0,006724700108972135;2,0;vehicles_step_sim_5__run007__SUMO_carro_1000__t0001
8;vehicles_step_sim_5.csv;SUMO_carro_1000;HBEFA4/PC_petrol_Euro-6ab;Gasoline;1773509245;2026-03-14 17:27:25;2026-03-14 17:27:26;1,0;3,379107;3,068982;0,310125;58,615693738961035;135402,252537;650,4780975;-134751,7744395;-6,737588721975;39,972466;11,745574;40,77564360647124;-73,96068698429804;40,77480132917034;-73,96063677461578;40,7749753;-73,9768787;40,7704772;-73,9756095;True;True;0xCDcF7b2a3352a32cc28FD35C3924f5BD542a25Ea;337;337;337;0;0,0;3,370622682532147;4,674146036910935;1,3035233543787883;339;0;337;0,0;False;-0,0021202279542264246;-0,012078497192108482;2,0;vehicles_step_sim_5__run008__SUMO_carro_1000__t0001
9;vehicles_step_sim_5.csv;SUMO_carro_1000;HBEFA4/PC_petrol_Euro-6ab;Gasoline;1773509245;2026-03-14 17:27:25;2026-03-14 17:27:26;1,0;3,379107;3,068982;0,310125;58,615693738961035;135402,252537;650,4780975;-134751,7744395;-6,737588721975;39,972466;11,745574;40,77564360647124;-73,96068698429804;40,77480132917034;-73,96063677461578;40,7860347;-73,9571313;40,7854008;-73,9575948;True;True;0xCDcF7b2a3352a32cc28FD35C3924f5BD542a25Ea;337;337;337;0;0,0;3,370622682532147;3,477864307081719;0,1072416245495722;339;0;337;0,0;False;0,010752096455862446;0,0029556602917056125;2,0;vehicles_step_sim_5__run009__SUMO_carro_1000__t0001
10;vehicles_step_sim_5.csv;SUMO_carro_1000;HBEFA4/PC_petrol_Euro-6ab;Gasoline;1773509245;2026-03-14 17:27:25;2026-03-14 17:27:26;1,0;3,379107;3,068982;0,310125;58,615693738961035;135402,252537;650,4780975;-134751,7744395;-6,737588721975;39,972466;11,745574;40,77564360647124;-73,96068698429804;40,77480132917034;-73,96063677461578;40,7792135;-73,958985;40,7783175;-73,9588339;True;True;0xCDcF7b2a3352a32cc28FD35C3924f5BD542a25Ea;337;337;337;0;0,0;3,370622682532147;3,4203358690952297;0,04971318656308288;339;0;337;0,0;False;0,003690307646659074;0,0014477402518452021;2,0;vehicles_step_sim_5__run010__SUMO_carro_1000__t0001
11;vehicles_step_sim_5.csv;SUMO_carro_1000;HBEFA4/PC_petrol_Euro-6ab;Gasoline;1773509245;2026-03-14 17:27:25;2026-03-14 17:27:26;1,0;3,379107;3,068982;0,310125;58,615693738961035;135402,252537;650,4780975;-134751,7744395;-6,737588721975;39,972466;11,745574;40,77564360647124;-73,96068698429804;40,77480132917034;-73,96063677461578;40,7864359;-73,948439;40,7852713;-73,9473373;True;True;0xCDcF7b2a3352a32cc28FD35C3924f5BD542a25Ea;337;337;337;0;0,0;3,370622682532147;4,003762556353715;0,6331398738215683;339;0;337;0,0;False;0,010635393664937638;0,012537178930954396;2,0;vehicles_step_sim_5__run011__SUMO_carro_1000__t0001
12;vehicles_step_sim_5.csv;SUMO_carro_1000;HBEFA4/PC_petrol_Euro-6ab;Gasoline;1773509245;2026-03-14 17:27:25;2026-03-14 17:27:26;1,0;3,379107;3,068982;0,310125;58,615693738961035;135402,252537;650,4780975;-134751,7744395;-6,737588721975;39,972466;11,745574;40,77564360647124;-73,96068698429804;40,77480132917034;-73,96063677461578;40,7713419;-73,9563425;40,7707101;-73,9568088;True;True;0xCDcF7b2a3352a32cc28FD35C3924f5BD542a25Ea;337;337;337;0;0,0;3,370622682532147;4,001496388666466;0,6308737061343188;339;0;337;0,0;False;-0,004417313735751921;0,004949419586781465;2,0;vehicles_step_sim_5__run012__SUMO_carro_1000__t0001
13;vehicles_step_sim_5.csv;SUMO_carro_1000;HBEFA4/PC_petrol_Euro-6ab;Gasoline;1773509245;2026-03-14 17:27:25;2026-03-14 17:27:26;1,0;3,379107;3,068982;0,310125;58,615693738961035;135402,252537;650,4780975;-134751,7744395;-6,737588721975;39,972466;11,745574;40,77564360647124;-73,96068698429804;40,77480132917034;-73,96063677461578;40,7626821;-73,9595579;40,7620705;-73,9600107;True;True;0xCDcF7b2a3352a32cc28FD35C3924f5BD542a25Ea;337;337;337;0;0,0;3,370622682532147;3,4753456960729734;0,10472301354082658;339;0;337;0,0;False;-0,013003444834520235;0,0014695217866050952;2,0;vehicles_step_sim_5__run013__SUMO_carro_1000__t0001
14;vehicles_step_sim_5.csv;SUMO_carro_1000;HBEFA4/PC_petrol_Euro-6ab;Gasoline;1773509245;2026-03-14 17:27:25;2026-03-14 17:27:26;1,0;3,379107;3,068982;0,310125;58,615693738961035;135402,252537;650,4780975;-134751,7744395;-6,737588721975;39,972466;11,745574;40,77564360647124;-73,96068698429804;40,77480132917034;-73,96063677461578;40,7774869;-73,9750388;40,7768546;-73,9755068;True;True;0xCDcF7b2a3352a32cc28FD35C3924f5BD542a25Ea;337;337;337;0;0,0;3,370622682532147;4,293061043561243;0,9224383610290965;339;0;337;0,0;False;0,00014708925645216003;-0,010506713761183525;2,0;vehicles_step_sim_5__run014__SUMO_carro_1000__t0001
15;vehicles_step_sim_5.csv;SUMO_carro_1000;HBEFA4/PC_petrol_Euro-6ab;Gasoline;1773509245;2026-03-14 17:27:25;2026-03-14 17:27:26;1,0;3,379107;3,068982;0,310125;58,615693738961035;135402,252537;650,4780975;-134751,7744395;-6,737588721975;39,972466;11,745574;40,77564360647124;-73,96068698429804;40,77480132917034;-73,96063677461578;40,7716825;-73,9460715;40,7710408;-73,9467906;True;True;0xCDcF7b2a3352a32cc28FD35C3924f5BD542a25Ea;337;337;337;0;0,0;3,370622682532147;5,052089629139715;1,6814669466075682;339;0;337;0,0;False;-0,004179541995524191;0,014780987660819587;2,0;vehicles_step_sim_5__run015__SUMO_carro_1000__t0001
16;vehicles_step_sim_5.csv;SUMO_carro_1000;HBEFA4/PC_petrol_Euro-6ab;Gasoline;1773509245;2026-03-14 17:27:25;2026-03-14 17:27:26;1,0;3,379107;3,068982;0,310125;58,615693738961035;135402,252537;650,4780975;-134751,7744395;-6,737588721975;39,972466;11,745574;40,77564360647124;-73,96068698429804;40,77480132917034;-73,96063677461578;40,7891662;-73,9547247;40,7879506;-73,9537846;True;True;0xCDcF7b2a3352a32cc28FD35C3924f5BD542a25Ea;337;337;337;0;0,0;3,370622682532147;3,930862155080179;0,5602394725480324;339;0;337;0,0;False;0,013500153263944596;0,006854648179951106;2,0;vehicles_step_sim_5__run016__SUMO_carro_1000__t0001
17;vehicles_step_sim_5.csv;SUMO_carro_1000;HBEFA4/PC_petrol_Euro-6ab;Gasoline;1773509245;2026-03-14 17:27:25;2026-03-14 17:27:26;1,0;3,379107;3,068982;0,310125;58,615693738961035;135402,252537;650,4780975;-134751,7744395;-6,737588721975;39,972466;11,745574;40,77564360647124;-73,96068698429804;40,77480132917034;-73,96063677461578;40,7827859;-73,9594954;40,7821529;-73,9599578;True;True;0xCDcF7b2a3352a32cc28FD35C3924f5BD542a25Ea;337;337;337;0;0,0;3,370622682532147;3,719589997792545;0,34896731526039826;339;0;337;0,0;False;0,007333306842970343;0,00020602388370576146;2,0;vehicles_step_sim_5__run017__SUMO_carro_1000__t0001
18;vehicles_step_sim_5.csv;SUMO_carro_1000;HBEFA4/PC_petrol_Euro-6ab;Gasoline;1773509245;2026-03-14 17:27:25;2026-03-14 17:27:26;1,0;3,379107;3,068982;0,310125;58,615693738961035;135402,252537;650,4780975;-134751,7744395;-6,737588721975;39,972466;11,745574;40,77564360647124;-73,96068698429804;40,77480132917034;-73,96063677461578;40,7765492;-73,9496157;40,7755051;-73,9502036;True;True;0xCDcF7b2a3352a32cc28FD35C3924f5BD542a25Ea;337;337;337;0;0,0;3,370622682532147;4,7182207276050745;1,3475980450729277;339;0;337;0,0;False;0,0007281465148882061;0,011350451133113068;2,0;vehicles_step_sim_5__run018__SUMO_carro_1000__t0001
19;vehicles_step_sim_5.csv;SUMO_carro_1000;HBEFA4/PC_petrol_Euro-6ab;Gasoline;1773509245;2026-03-14 17:27:25;2026-03-14 17:27:26;1,0;3,379107;3,068982;0,310125;58,615693738961035;135402,252537;650,4780975;-134751,7744395;-6,737588721975;39,972466;11,745574;40,77564360647124;-73,96068698429804;40,77480132917034;-73,96063677461578;40,7840229;-73,958603;40,7834271;-73,9589096;True;True;0xCDcF7b2a3352a32cc28FD35C3924f5BD542a25Ea;337;337;337;0;0,0;3,370622682532147;3,661503042743748;0,290880360211601;339;0;337;0,0;False;0,008283627748880994;0,001803710055900209;2,0;vehicles_step_sim_5__run019__SUMO_carro_1000__t0001
20;vehicles_step_sim_5.csv;SUMO_carro_1000;HBEFA4/PC_petrol_Euro-6ab;Gasoline;1773509245;2026-03-14 17:27:25;2026-03-14 17:27:26;1,0;3,379107;3,068982;0,310125;58,615693738961035;135402,252537;650,4780975;-134751,7744395;-6,737588721975;39,972466;11,745574;40,77564360647124;-73,96068698429804;40,77480132917034;-73,96063677461578;40,7784234;-73,9542723;40,7780838;-73,9543419;True;True;0xCDcF7b2a3352a32cc28FD35C3924f5BD542a25Ea;337;337;337;0;0,0;3,370622682532147;3,1928533517191395;-0,17776933081300728;339;0;337;0,0;False;0,003043337326936009;0,0062638302052310775;2,0;vehicles_step_sim_5__run020__SUMO_carro_1000__t0001
21;vehicles_step_sim_5.csv;SUMO_carro_1000;HBEFA4/PC_petrol_Euro-6ab;Gasoline;1773509245;2026-03-14 17:27:25;2026-03-14 17:27:26;1,0;3,379107;3,068982;0,310125;58,615693738961035;135402,252537;650,4780975;-134751,7744395;-6,737588721975;39,972466;11,745574;40,77564360647124;-73,96068698429804;40,77480132917034;-73,96063677461578;40,7859742;-73,9688537;40,7849853;-73,9685725;True;True;0xCDcF7b2a3352a32cc28FD35C3924f5BD542a25Ea;337;337;337;0;0,0;3,370622682532147;4,619509419537901;1,2488867370057544;339;0;337;0,0;False;0,0101714803282215;-0,007853181800809276;2,0;vehicles_step_sim_5__run021__SUMO_carro_1000__t0001
22;vehicles_step_sim_5.csv;SUMO_carro_1000;HBEFA4/PC_petrol_Euro-6ab;Gasoline;1773509245;2026-03-14 17:27:25;2026-03-14 17:27:26;1,0;3,379107;3,068982;0,310125;58,615693738961035;135402,252537;650,4780975;-134751,7744395;-6,737588721975;39,972466;11,745574;40,77564360647124;-73,96068698429804;40,77480132917034;-73,96063677461578;40,7820707;-73,9516098;40,7813197;-73,9519798;True;True;0xCDcF7b2a3352a32cc28FD35C3924f5BD542a25Ea;337;337;337;0;0,0;3,370622682532147;3,337835935573812;-0,032786746958334945;339;0;337;0,0;False;0,006376451032586858;0,009153781795880726;2,0;vehicles_step_sim_5__run022__SUMO_carro_1000__t0001
23;vehicles_step_sim_5.csv;SUMO_carro_1000;HBEFA4/PC_petrol_Euro-6ab;Gasoline;1773509245;2026-03-14 17:27:25;2026-03-14 17:27:26;1,0;3,379107;3,068982;0,310125;58,615693738961035;135402,252537;650,4780975;-134751,7744395;-6,737588721975;39,972466;11,745574;40,77564360647124;-73,96068698429804;40,77480132917034;-73,96063677461578;40,77687;-73,9573663;40,7756498;-73,9564706;True;True;0xCDcF7b2a3352a32cc28FD35C3924f5BD542a25Ea;337;337;337;0;0,0;3,370622682532147;3,555686416818279;0,18506373428613232;339;0;337;0,0;False;0,000715933557246636;0,0038161729895252227;2,0;vehicles_step_sim_5__run023__SUMO_carro_1000__t0001
24;vehicles_step_sim_5.csv;SUMO_carro_1000;HBEFA4/PC_petrol_Euro-6ab;Gasoline;1773509245;2026-03-14 17:27:25;2026-03-14 17:27:26;1,0;3,379107;3,068982;0,310125;58,615693738961035;135402,252537;650,4780975;-134751,7744395;-6,737588721975;39,972466;11,745574;40,77564360647124;-73,96068698429804;40,77480132917034;-73,96063677461578;40,7841153;-73,9664517;40,7840305;-73,9661854;True;True;0xCDcF7b2a3352a32cc28FD35C3924f5BD542a25Ea;337;337;337;0;0,0;3,370622682532147;4,728688232844627;1,3580655503124803;339;0;337;0,0;False;0,008516792834420295;-0,005693856136423098;2,0;vehicles_step_sim_5__run024__SUMO_carro_1000__t0001
25;vehicles_step_sim_5.csv;SUMO_carro_1000;HBEFA4/PC_petrol_Euro-6ab;Gasoline;1773509245;2026-03-14 17:27:25;2026-03-14 17:27:26;1,0;3,379107;3,068982;0,310125;58,615693738961035;135402,252537;650,4780975;-134751,7744395;-6,737588721975;39,972466;11,745574;40,77564360647124;-73,96068698429804;40,77480132917034;-73,96063677461578;40,7741987;-73,9544398;40,7737756;-73,9547571;True;True;0xCDcF7b2a3352a32cc28FD35C3924f5BD542a25Ea;337;337;337;0;0,0;3,370622682532147;3,3755009819976793;0,004878299465532532;339;0;337;0,0;False;-0,0011131450419282563;0,00582193050966568;2,0;vehicles_step_sim_5__run025__SUMO_carro_1000__t0001
26;vehicles_step_sim_5.csv;SUMO_carro_1000;HBEFA4/PC_petrol_Euro-6ab;Gasoline;1773509245;2026-03-14 17:27:25;2026-03-14 17:27:26;1,0;3,379107;3,068982;0,310125;58,615693738961035;135402,252537;650,4780975;-134751,7744395;-6,737588721975;39,972466;11,745574;40,77564360647124;-73,96068698429804;40,77480132917034;-73,96063677461578;40,7807149;-73,9726981;40,7798151;-73,9733542;True;True;0xCDcF7b2a3352a32cc28FD35C3924f5BD542a25Ea;337;337;337;0;0,0;3,370622682532147;3,272888322774558;-0,0977343597575886;339;0;337;0,0;False;0,005146361071483428;-0,01257642706853809;2,0;vehicles_step_sim_5__run026__SUMO_carro_1000__t0001
27;vehicles_step_sim_5.csv;SUMO_carro_1000;HBEFA4/PC_petrol_Euro-6ab;Gasoline;1773509245;2026-03-14 17:27:25;2026-03-14 17:27:26;1,0;3,379107;3,068982;0,310125;58,615693738961035;135402,252537;650,4780975;-134751,7744395;-6,737588721975;39,972466;11,745574;40,77564360647124;-73,96068698429804;40,77480132917034;-73,96063677461578;40,7586214;-73,9595971;40,7577649;-73,9595257;True;True;0xCDcF7b2a3352a32cc28FD35C3924f5BD542a25Ea;337;337;337;0;0,0;3,370622682532147;4,210916900197129;0,8402942176649826;339;0;337;0,0;False;-0,017187146486520716;0,0010519875476959401;2,0;vehicles_step_sim_5__run027__SUMO_carro_1000__t0001
28;vehicles_step_sim_5.csv;SUMO_carro_1000;HBEFA4/PC_petrol_Euro-6ab;Gasoline;1773509245;2026-03-14 17:27:25;2026-03-14 17:27:26;1,0;3,379107;3,068982;0,310125;58,615693738961035;135402,252537;650,4780975;-134751,7744395;-6,737588721975;39,972466;11,745574;40,77564360647124;-73,96068698429804;40,77480132917034;-73,96063677461578;40,7835281;-73,9644858;40,7833492;-73,9640817;True;True;0xCDcF7b2a3352a32cc28FD35C3924f5BD542a25Ea;337;337;337;0;0,0;3,370622682532147;3,910969608126168;0,540346925594021;339;0;337;0,0;False;0,008843422132020575;-0,0031510693553444833;2,0;vehicles_step_sim_5__run028__SUMO_carro_1000__t0001
29;vehicles_step_sim_5.csv;SUMO_carro_1000;HBEFA4/PC_petrol_Euro-6ab;Gasoline;1773509245;2026-03-14 17:27:25;2026-03-14 17:27:26;1,0;3,379107;3,068982;0,310125;58,615693738961035;135402,252537;650,4780975;-134751,7744395;-6,737588721975;39,972466;11,745574;40,77564360647124;-73,96068698429804;40,77480132917034;-73,96063677461578;40,7802367;-73,9550498;40,7793957;-73,9553185;True;True;0xCDcF7b2a3352a32cc28FD35C3924f5BD542a25Ea;337;337;337;0;0,0;3,370622682532147;4,103358444539586;0,7327357620074388;339;0;337;0,0;False;0,0047137440609556405;0,005574277374718733;2,0;vehicles_step_sim_5__run029__SUMO_carro_1000__t0001
30;vehicles_step_sim_5.csv;SUMO_carro_1000;HBEFA4/PC_petrol_Euro-6ab;Gasoline;1773509245;2026-03-14 17:27:25;2026-03-14 17:27:26;1,0;3,379107;3,068982;0,310125;58,615693738961035;135402,252537;650,4780975;-134751,7744395;-6,737588721975;39,972466;11,745574;40,77564360647124;-73,96068698429804;40,77480132917034;-73,96063677461578;40,7777912;-73,9649145;40,7757337;-73,9646383;True;True;0xCDcF7b2a3352a32cc28FD35C3924f5BD542a25Ea;337;337;337;0;0,0;3,370622682532147;3,3548503915583257;-0,015772290973821157;339;0;337;0,0;False;0,0015317129126841296;-0,004901675088640337;2,0;vehicles_step_sim_5__run030__SUMO_carro_1000__t0001
31;vehicles_step_sim_5.csv;SUMO_carro_1000;HBEFA4/PC_petrol_Euro-6ab;Gasoline;1773509245;2026-03-14 17:27:25;2026-03-14 17:27:26;1,0;3,379107;3,068982;0,310125;58,615693738961035;135402,252537;650,4780975;-134751,7744395;-6,737588721975;39,972466;11,745574;40,77564360647124;-73,96068698429804;40,77480132917034;-73,96063677461578;40,781978;-73,9496497;40,7811234;-73,9493742;True;True;0xCDcF7b2a3352a32cc28FD35C3924f5BD542a25Ea;337;337;337;0;0,0;3,370622682532147;3,695041740211258;0,32441905767911106;339;0;337;0,0;False;0,006491209104585127;0,011151837396704002;2,0;vehicles_step_sim_5__run031__SUMO_carro_1000__t0001
32;vehicles_step_sim_5.csv;SUMO_carro_1000;HBEFA4/PC_petrol_Euro-6ab;Gasoline;1773509245;2026-03-14 17:27:25;2026-03-14 17:27:26;1,0;3,379107;3,068982;0,310125;58,615693738961035;135402,252537;650,4780975;-134751,7744395;-6,737588721975;39,972466;11,745574;40,77564360647124;-73,96068698429804;40,77480132917034;-73,96063677461578;40,7645804;-73,9601629;40,7634264;-73,9593724;True;True;0xCDcF7b2a3352a32cc28FD35C3924f5BD542a25Ea;337;337;337;0;0,0;3,370622682532147;3,8691027074750415;0,4984800249428947;339;0;337;0,0;False;-0,011305807883729133;0,000660824495949987;2,0;vehicles_step_sim_5__run032__SUMO_carro_1000__t0001
33;vehicles_step_sim_5.csv;SUMO_carro_1000;HBEFA4/PC_petrol_Euro-6ab;Gasoline;1773509245;2026-03-14 17:27:25;2026-03-14 17:27:26;1,0;3,379107;3,068982;0,310125;58,615693738961035;135402,252537;650,4780975;-134751,7744395;-6,737588721975;39,972466;11,745574;40,77564360647124;-73,96068698429804;40,77480132917034;-73,96063677461578;40,7834948;-73,9493441;40,781978;-73,9496497;True;True;0xCDcF7b2a3352a32cc28FD35C3924f5BD542a25Ea;337;337;337;0;0,0;3,370622682532147;4,223753397917922;0,8531307153857752;339;0;337;0,0;False;0,007465760661154321;0,011145128809903666;2,0;vehicles_step_sim_5__run033__SUMO_carro_1000__t0001
34;vehicles_step_sim_5.csv;SUMO_carro_1000;HBEFA4/PC_petrol_Euro-6ab;Gasoline;1773509245;2026-03-14 17:27:25;2026-03-14 17:27:26;1,0;3,379107;3,068982;0,310125;58,615693738961035;135402,252537;650,4780975;-134751,7744395;-6,737588721975;39,972466;11,745574;40,77564360647124;-73,96068698429804;40,77480132917034;-73,96063677461578;40,7851243;-73,973013;40,7834005;-73,9708909;True;True;0xCDcF7b2a3352a32cc28FD35C3924f5BD542a25Ea;337;337;337;0;0,0;3,370622682532147;3,9805753709919034;0,6099526884597566;339;0;337;0,0;False;0,00936328751952083;-0,011222064525339175;2,0;vehicles_step_sim_5__run034__SUMO_carro_1000__t0001
35;vehicles_step_sim_5.csv;SUMO_carro_1000;HBEFA4/PC_petrol_Euro-6ab;Gasoline;1773509245;2026-03-14 17:27:25;2026-03-14 17:27:26;1,0;3,379107;3,068982;0,310125;58,615693738961035;135402,252537;650,4780975;-134751,7744395;-6,737588721975;39,972466;11,745574;40,77564360647124;-73,96068698429804;40,77480132917034;-73,96063677461578;40,7699024;-73,9747411;40,769654;-73,9743655;True;True;0xCDcF7b2a3352a32cc28FD35C3924f5BD542a25Ea;337;337;337;0;0,0;3,370622682532147;4,473980216830436;1,1033575342982895;339;0;337;0,0;False;-0,005838131525407773;-0,014425116017950552;2,0;vehicles_step_sim_5__run035__SUMO_carro_1000__t0001
36;vehicles_step_sim_5.csv;SUMO_carro_1000;HBEFA4/PC_petrol_Euro-6ab;Gasoline;1773509245;2026-03-14 17:27:25;2026-03-14 17:27:26;1,0;3,379107;3,068982;0,310125;58,615693738961035;135402,252537;650,4780975;-134751,7744395;-6,737588721975;39,972466;11,745574;40,77564360647124;-73,96068698429804;40,77480132917034;-73,96063677461578;40,7757366;-73,9607181;40,7748785;-73,9608204;True;True;0xCDcF7b2a3352a32cc28FD35C3924f5BD542a25Ea;337;337;337;0;0,0;3,370622682532147;3,695088964234344;0,32446628170219727;339;0;337;0,0;False;0,00010762806610885669;-0,00013930026113111597;2,0;vehicles_step_sim_5__run036__SUMO_carro_1000__t0001
37;vehicles_step_sim_5.csv;SUMO_carro_1000;HBEFA4/PC_petrol_Euro-6ab;Gasoline;1773509245;2026-03-14 17:27:25;2026-03-14 17:27:26;1,0;3,379107;3,068982;0,310125;58,615693738961035;135402,252537;650,4780975;-134751,7744395;-6,737588721975;39,972466;11,745574;40,77564360647124;-73,96068698429804;40,77480132917034;-73,96063677461578;40,7710093;-73,9595157;40,7695431;-73,9579996;True;True;0xCDcF7b2a3352a32cc28FD35C3924f5BD542a25Ea;337;337;337;0;0,0;3,370622682532147;4,29658841100732;0,9259657284751728;339;0;337;0,0;False;-0,004791248756875321;0,002239309767205661;2,0;vehicles_step_sim_5__run037__SUMO_carro_1000__t0001
38;vehicles_step_sim_5.csv;SUMO_carro_1000;HBEFA4/PC_petrol_Euro-6ab;Gasoline;1773509245;2026-03-14 17:27:25;2026-03-14 17:27:26;1,0;3,379107;3,068982;0,310125;58,615693738961035;135402,252537;650,4780975;-134751,7744395;-6,737588721975;39,972466;11,745574;40,77564360647124;-73,96068698429804;40,77480132917034;-73,96063677461578;40,7895856;-73,9576393;40,7865434;-73,9567593;True;True;0xCDcF7b2a3352a32cc28FD35C3924f5BD542a25Ea;337;337;337;0;0,0;3,370622682532147;3,119526891924864;-0,2510957906072826;339;0;337;0,0;False;0,012589805386190166;0,0018553969366014752;2,0;vehicles_step_sim_5__run038__SUMO_carro_1000__t0001
39;vehicles_step_sim_5.csv;SUMO_carro_1000;HBEFA4/PC_petrol_Euro-6ab;Gasoline;1773509245;2026-03-14 17:27:25;2026-03-14 17:27:26;1,0;3,379107;3,068982;0,310125;58,615693738961035;135402,252537;650,4780975;-134751,7744395;-6,737588721975;39,972466;11,745574;40,77564360647124;-73,96068698429804;40,77480132917034;-73,96063677461578;40,7715242;-73,9462682;40,7710408;-73,9467906;True;True;0xCDcF7b2a3352a32cc28FD35C3924f5BD542a25Ea;337;337;337;0;0,0;3,370622682532147;5,095738355566222;1,7251156730340749;339;0;337;0,0;False;-0,004340133499487398;0,014549209540389354;2,0;vehicles_step_sim_5__run039__SUMO_carro_1000__t0001
40;vehicles_step_sim_5.csv;SUMO_carro_1000;HBEFA4/PC_petrol_Euro-6ab;Gasoline;1773509245;2026-03-14 17:27:25;2026-03-14 17:27:26;1,0;3,379107;3,068982;0,310125;58,615693738961035;135402,252537;650,4780975;-134751,7744395;-6,737588721975;39,972466;11,745574;40,77564360647124;-73,96068698429804;40,77480132917034;-73,96063677461578;40,7924476;-73,9642848;40,7916252;-73,9645552;True;True;0xCDcF7b2a3352a32cc28FD35C3924f5BD542a25Ea;337;337;337;0;0,0;3,370622682532147;3,6316457678666145;0,2610230853344677;339;0;337;0,0;False;0,016869035258261705;-0,0038867878400160676;2,0;vehicles_step_sim_5__run040__SUMO_carro_1000__t0001
41;vehicles_step_sim_5.csv;SUMO_carro_1000;HBEFA4/PC_petrol_Euro-6ab;Gasoline;1773509245;2026-03-14 17:27:25;2026-03-14 17:27:26;1,0;3,379107;3,068982;0,310125;58,615693738961035;135402,252537;650,4780975;-134751,7744395;-6,737588721975;39,972466;11,745574;40,77564360647124;-73,96068698429804;40,77480132917034;-73,96063677461578;40,7859385;-73,9570771;40,7847174;-73,9561462;True;True;0xCDcF7b2a3352a32cc28FD35C3924f5BD542a25Ea;337;337;337;0;0,0;3,370622682532147;3,800609214405584;0,42998653187343727;339;0;337;0,0;False;0,009840268316436536;0,004123281213827984;2,0;vehicles_step_sim_5__run041__SUMO_carro_1000__t0001
42;vehicles_step_sim_5.csv;SUMO_carro_1000;HBEFA4/PC_petrol_Euro-6ab;Gasoline;1773509245;2026-03-14 17:27:25;2026-03-14 17:27:26;1,0;3,379107;3,068982;0,310125;58,615693738961035;135402,252537;650,4780975;-134751,7744395;-6,737588721975;39,972466;11,745574;40,77564360647124;-73,96068698429804;40,77480132917034;-73,96063677461578;40,7667328;-73,9567672;40,765814;-73,9572751;True;True;0xCDcF7b2a3352a32cc28FD35C3924f5BD542a25Ea;337;337;337;0;0,0;3,370622682532147;3,7783019099184294;0,4076792273862826;339;0;337;0,0;False;-0,008994769425415966;0,003921926979476199;2,0;vehicles_step_sim_5__run042__SUMO_carro_1000__t0001
43;vehicles_step_sim_5.csv;SUMO_carro_1000;HBEFA4/PC_petrol_Euro-6ab;Gasoline;1773509245;2026-03-14 17:27:25;2026-03-14 17:27:26;1,0;3,379107;3,068982;0,310125;58,615693738961035;135402,252537;650,4780975;-134751,7744395;-6,737588721975;39,972466;11,745574;40,77564360647124;-73,96068698429804;40,77480132917034;-73,96063677461578;40,7776249;-73,9632592;40,777048;-73,9638499;True;True;0xCDcF7b2a3352a32cc28FD35C3924f5BD542a25Ea;337;337;337;0;0,0;3,370622682532147;3,4421961385413806;0,07157345600923382;339;0;337;0,0;False;0,002242989554025636;-0,0032078939874297684;2,0;vehicles_step_sim_5__run043__SUMO_carro_1000__t0001
44;vehicles_step_sim_5.csv;SUMO_carro_1000;HBEFA4/PC_petrol_Euro-6ab;Gasoline;1773509245;2026-03-14 17:27:25;2026-03-14 17:27:26;1,0;3,379107;3,068982;0,310125;58,615693738961035;135402,252537;650,4780975;-134751,7744395;-6,737588721975;39,972466;11,745574;40,77564360647124;-73,96068698429804;40,77480132917034;-73,96063677461578;40,7807547;-73,946718;40,7799106;-73,9471466;True;True;0xCDcF7b2a3352a32cc28FD35C3924f5BD542a25Ea;337;337;337;0;0,0;3,370622682532147;4,302960777887239;0,9323380953550919;339;0;337;0,0;False;0,005112025677500445;0,013315739308368631;2,0;vehicles_step_sim_5__run044__SUMO_carro_1000__t0001
45;vehicles_step_sim_5.csv;SUMO_carro_1000;HBEFA4/PC_petrol_Euro-6ab;Gasoline;1773509245;2026-03-14 17:27:25;2026-03-14 17:27:26;1,0;3,379107;3,068982;0,310125;58,615693738961035;135402,252537;650,4780975;-134751,7744395;-6,737588721975;39,972466;11,745574;40,77564360647124;-73,96068698429804;40,77480132917034;-73,96063677461578;40,7838468;-73,9473846;40,7832858;-73,9477905;True;True;0xCDcF7b2a3352a32cc28FD35C3924f5BD542a25Ea;337;337;337;0;0,0;3,370622682532147;3,5519990966275423;0,1813764140953955;339;0;337;0,0;False;0,00838084082451505;0,013098829883284471;2,0;vehicles_step_sim_5__run045__SUMO_carro_1000__t0001
46;vehicles_step_sim_5.csv;SUMO_carro_1000;HBEFA4/PC_petrol_Euro-6ab;Gasoline;1773509245;2026-03-14 17:27:25;2026-03-14 17:27:26;1,0;3,379107;3,068982;0,310125;58,615693738961035;135402,252537;650,4780975;-134751,7744395;-6,737588721975;39,972466;11,745574;40,77564360647124;-73,96068698429804;40,77480132917034;-73,96063677461578;40,7613986;-73,9555873;40,7610215;-73,9560116;True;True;0xCDcF7b2a3352a32cc28FD35C3924f5BD542a25Ea;337;337;337;0;0,0;3,370622682532147;4,288632337149441;0,9180096546172938;339;0;337;0,0;False;-0,014237863049819026;0,005495410449974319;2,0;vehicles_step_sim_5__run046__SUMO_carro_1000__t0001
47;vehicles_step_sim_5.csv;SUMO_carro_1000;HBEFA4/PC_petrol_Euro-6ab;Gasoline;1773509245;2026-03-14 17:27:25;2026-03-14 17:27:26;1,0;3,379107;3,068982;0,310125;58,615693738961035;135402,252537;650,4780975;-134751,7744395;-6,737588721975;39,972466;11,745574;40,77564360647124;-73,96068698429804;40,77480132917034;-73,96063677461578;40,7744634;-73,965566;40,7737386;-73,9659841;True;True;0xCDcF7b2a3352a32cc28FD35C3924f5BD542a25Ea;337;337;337;0;0,0;3,370622682532147;3,653325171148894;0,28270248861674707;339;0;337;0,0;False;-0,0011873063915116813;-0,004804698285792215;2,0;vehicles_step_sim_5__run047__SUMO_carro_1000__t0001
48;vehicles_step_sim_5.csv;SUMO_carro_1000;HBEFA4/PC_petrol_Euro-6ab;Gasoline;1773509245;2026-03-14 17:27:25;2026-03-14 17:27:26;1,0;3,379107;3,068982;0,310125;58,615693738961035;135402,252537;650,4780975;-134751,7744395;-6,737588721975;39,972466;11,745574;40,77564360647124;-73,96068698429804;40,77480132917034;-73,96063677461578;40,7707855;-73,976129;40,770581;-73,9757765;True;True;0xCDcF7b2a3352a32cc28FD35C3924f5BD542a25Ea;337;337;337;0;0,0;3,370622682532147;3,718291874659258;0,34766919212711134;339;0;337;0,0;False;-0,004228221711801337;-0,015189011346789655;2,0;vehicles_step_sim_5__run048__SUMO_carro_1000__t0001
49;vehicles_step_sim_5.csv;SUMO_carro_1000;HBEFA4/PC_petrol_Euro-6ab;Gasoline;1773509245;2026-03-14 17:27:25;2026-03-14 17:27:26;1,0;3,379107;3,068982;0,310125;58,615693738961035;135402,252537;650,4780975;-134751,7744395;-6,737588721975;39,972466;11,745574;40,77564360647124;-73,96068698429804;40,77480132917034;-73,96063677461578;40,7625775;-73,9670246;40,7616142;-73,9667139;True;True;0xCDcF7b2a3352a32cc28FD35C3924f5BD542a25Ea;337;337;337;0;0,0;3,370622682532147;3,542922273639929;0,17229959110778204;339;0;337;0,0;False;-0,013177687348579912;-0,006259998840649561;2,0;vehicles_step_sim_5__run049__SUMO_carro_1000__t0001
50;vehicles_step_sim_5.csv;SUMO_carro_1000;HBEFA4/PC_petrol_Euro-6ab;Gasoline;1773509245;2026-03-14 17:27:25;2026-03-14 17:27:26;1,0;3,379107;3,068982;0,310125;58,615693738961035;135402,252537;650,4780975;-134751,7744395;-6,737588721975;39,972466;11,745574;40,77564360647124;-73,96068698429804;40,77480132917034;-73,96063677461578;40,7760359;-73,9499861;40,7749859;-73,9507546;True;True;0xCDcF7b2a3352a32cc28FD35C3924f5BD542a25Ea;337;337;337;0;0,0;3,370622682532147;3,7709830692927264;0,4003603867605796;339;0;337;0,0;False;0,0003903011692852881;0,010196438386505984;2,0;vehicles_step_sim_5__run050__SUMO_carro_1000__t0001
51;vehicles_step_sim_5.csv;SUMO_carro_1000;HBEFA4/PC_petrol_Euro-6ab;Gasoline;1773509245;2026-03-14 17:27:25;2026-03-14 17:27:26;1,0;3,379107;3,068982;0,310125;58,615693738961035;135402,252537;650,4780975;-134751,7744395;-6,737588721975;39,972466;11,745574;40,77564360647124;-73,96068698429804;40,77480132917034;-73,96063677461578;40,7699024;-73,9747411;40,769654;-73,9743655;True;True;0xCDcF7b2a3352a32cc28FD35C3924f5BD542a25Ea;337;337;337;0;0,0;3,370622682532147;4,418540963111645;1,047918280579498;339;0;337;0,0;False;-0,004834624259632746;-0,01358660518581492;2,0;vehicles_step_sim_5__run051__SUMO_carro_1000__t0001
52;vehicles_step_sim_5.csv;SUMO_carro_1000;HBEFA4/PC_petrol_Euro-6ab;Gasoline;1773509245;2026-03-14 17:27:25;2026-03-14 17:27:26;1,0;3,379107;3,068982;0,310125;58,615693738961035;135402,252537;650,4780975;-134751,7744395;-6,737588721975;39,972466;11,745574;40,77564360647124;-73,96068698429804;40,77480132917034;-73,96063677461578;40,7610973;-73,9577718;40,7601046;-73,9576564;True;True;0xCDcF7b2a3352a32cc28FD35C3924f5BD542a25Ea;337;337;337;0;0,0;3,370622682532147;4,393105777388933;1,0224830948567862;339;0;337;0,0;False;-0,014713222244282191;0,0029713791438565904;2,0;vehicles_step_sim_5__run052__SUMO_carro_1000__t0001
53;vehicles_step_sim_5.csv;SUMO_carro_1000;HBEFA4/PC_petrol_Euro-6ab;Gasoline;1773509245;2026-03-14 17:27:25;2026-03-14 17:27:26;1,0;3,379107;3,068982;0,310125;58,615693738961035;135402,252537;650,4780975;-134751,7744395;-6,737588721975;39,972466;11,745574;40,77564360647124;-73,96068698429804;40,77480132917034;-73,96063677461578;40,7693056;-73,9580092;40,7687509;-73,9582391;True;True;0xCDcF7b2a3352a32cc28FD35C3924f5BD542a25Ea;337;337;337;0;0,0;3,370622682532147;3,2209057927075704;-0,14971688982457643;339;0;337;0,0;False;-0,006241399072099208;0,002664776372454704;2,0;vehicles_step_sim_5__run053__SUMO_carro_1000__t0001
54;vehicles_step_sim_5.csv;SUMO_carro_1000;HBEFA4/PC_petrol_Euro-6ab;Gasoline;1773509245;2026-03-14 17:27:25;2026-03-14 17:27:26;1,0;3,379107;3,068982;0,310125;58,615693738961035;135402,252537;650,4780975;-134751,7744395;-6,737588721975;39,972466;11,745574;40,77564360647124;-73,96068698429804;40,77480132917034;-73,96063677461578;40,7816563;-73,9713938;40,7793314;-73,9694872;True;True;0xCDcF7b2a3352a32cc28FD35C3924f5BD542a25Ea;337;337;337;0;0,0;3,370622682532147;4,973759556713835;1,6031368741816885;339;0;337;0,0;False;0,006033201169841615;-0,007837578404379153;2,0;vehicles_step_sim_5__run054__SUMO_carro_1000__t0001
55;vehicles_step_sim_5.csv;SUMO_carro_1000;HBEFA4/PC_petrol_Euro-6ab;Gasoline;1773509245;2026-03-14 17:27:25;2026-03-14 17:27:26;1,0;3,379107;3,068982;0,310125;58,615693738961035;135402,252537;650,4780975;-134751,7744395;-6,737588721975;39,972466;11,745574;40,77564360647124;-73,96068698429804;40,77480132917034;-73,96063677461578;40,7646148;-73,9727773;40,7636003;-73,9733503;True;True;0xCDcF7b2a3352a32cc28FD35C3924f5BD542a25Ea;337;337;337;0;0,0;3,370622682532147;4,049965117058393;0,6793424345262458;339;0;337;0,0;False;-0,011091683015945307;-0,012256821411017794;2,0;vehicles_step_sim_5__run055__SUMO_carro_1000__t0001
56;vehicles_step_sim_5.csv;SUMO_carro_1000;HBEFA4/PC_petrol_Euro-6ab;Gasoline;1773509245;2026-03-14 17:27:25;2026-03-14 17:27:26;1,0;3,379107;3,068982;0,310125;58,615693738961035;135402,252537;650,4780975;-134751,7744395;-6,737588721975;39,972466;11,745574;40,77564360647124;-73,96068698429804;40,77480132917034;-73,96063677461578;40,7739973;-73,9505613;40,7736386;-73,9497104;True;True;0xCDcF7b2a3352a32cc28FD35C3924f5BD542a25Ea;337;337;337;0;0,0;3,370622682532147;3,6992305035352855;0,3286078210031387;339;0;337;0,0;False;-0,0012427477929535097;0,010946554437779343;2,0;vehicles_step_sim_5__run056__SUMO_carro_1000__t0001
57;vehicles_step_sim_5.csv;SUMO_carro_1000;HBEFA4/PC_petrol_Euro-6ab;Gasoline;1773509245;2026-03-14 17:27:25;2026-03-14 17:27:26;1,0;3,379107;3,068982;0,310125;58,615693738961035;135402,252537;650,4780975;-134751,7744395;-6,737588721975;39,972466;11,745574;40,77564360647124;-73,96068698429804;40,77480132917034;-73,96063677461578;40,7670677;-73,9503358;40,7646734;-73,9472222;True;True;0xCDcF7b2a3352a32cc28FD35C3924f5BD542a25Ea;337;337;337;0;0,0;3,370622682532147;4,9531609081432935;1,5825382256111467;339;0;337;0,0;False;-0,010096558461441776;0,01322668488015363;2,0;vehicles_step_sim_5__run057__SUMO_carro_1000__t0001
58;vehicles_step_sim_5.csv;SUMO_carro_1000;HBEFA4/PC_petrol_Euro-6ab;Gasoline;1773509245;2026-03-14 17:27:25;2026-03-14 17:27:26;1,0;3,379107;3,068982;0,310125;58,615693738961035;135402,252537;650,4780975;-134751,7744395;-6,737588721975;39,972466;11,745574;40,77564360647124;-73,96068698429804;40,77480132917034;-73,96063677461578;40,7687968;-73,970355;40,7685894;-73,9698666;True;True;0xCDcF7b2a3352a32cc28FD35C3924f5BD542a25Ea;337;337;337;0;0,0;3,370622682532147;3,7308617184228052;0,3602390358906584;339;0;337;0,0;False;-0,006337001757268815;-0,009508275478563213;2,0;vehicles_step_sim_5__run058__SUMO_carro_1000__t0001
59;vehicles_step_sim_5.csv;SUMO_carro_1000;HBEFA4/PC_petrol_Euro-6ab;Gasoline;1773509245;2026-03-14 17:27:25;2026-03-14 17:27:26;1,0;3,379107;3,068982;0,310125;58,615693738961035;135402,252537;650,4780975;-134751,7744395;-6,737588721975;39,972466;11,745574;40,77564360647124;-73,96068698429804;40,77480132917034;-73,96063677461578;40,7687032;-73,9491341;40,767939;-73,9495688;True;True;0xCDcF7b2a3352a32cc28FD35C3924f5BD542a25Ea;337;337;337;0;0,0;3,370622682532147;3,4964078089562136;0,1257851264240668;339;0;337;0,0;False;-0,006881013363270182;0,011302241592487314;2,0;vehicles_step_sim_5__run059__SUMO_carro_1000__t0001
60;vehicles_step_sim_5.csv;SUMO_carro_1000;HBEFA4/PC_petrol_Euro-6ab;Gasoline;1773509245;2026-03-14 17:27:25;2026-03-14 17:27:26;1,0;3,379107;3,068982;0,310125;58,615693738961035;135402,252537;650,4780975;-134751,7744395;-6,737588721975;39,972466;11,745574;40,77564360647124;-73,96068698429804;40,77480132917034;-73,96063677461578;40,7775922;-73,9749628;40,7769426;-73,9754419;True;True;0xCDcF7b2a3352a32cc28FD35C3924f5BD542a25Ea;337;337;337;0;0,0;3,370622682532147;9,308702628581347;5,9380799460492;339;0;337;0,0;False;0,0010830225006726992;-0,011800453319596619;2,0;vehicles_step_sim_5__run060__SUMO_carro_1000__t0001
61;vehicles_step_sim_5.csv;SUMO_carro_1000;HBEFA4/PC_petrol_Euro-6ab;Gasoline;1773509245;2026-03-14 17:27:25;2026-03-14 17:27:26;1,0;3,379107;3,068982;0,310125;58,615693738961035;135402,252537;650,4780975;-134751,7744395;-6,737588721975;39,972466;11,745574;40,77564360647124;-73,96068698429804;40,77480132917034;-73,96063677461578;40,7858619;-73,974777;40,7858619;-73,974777;True;True;0xCDcF7b2a3352a32cc28FD35C3924f5BD542a25Ea;337;337;337;0;0,0;3,370622682532147;4,455214871733963;1,0845921892018162;339;0;337;0,0;False;0,010336591358322458;-0,013817125386734021;2,0;vehicles_step_sim_5__run061__SUMO_carro_1000__t0001
62;vehicles_step_sim_5.csv;SUMO_carro_1000;HBEFA4/PC_petrol_Euro-6ab;Gasoline;1773509245;2026-03-14 17:27:25;2026-03-14 17:27:26;1,0;3,379107;3,068982;0,310125;58,615693738961035;135402,252537;650,4780975;-134751,7744395;-6,737588721975;39,972466;11,745574;40,77564360647124;-73,96068698429804;40,77480132917034;-73,96063677461578;40,7855372;-73,9461748;40,7846928;-73,9460032;True;True;0xCDcF7b2a3352a32cc28FD35C3924f5BD542a25Ea;337;337;337;0;0,0;3,370622682532147;3,65699051270191;0,28636783016976297;339;0;337;0,0;False;0,009849056678513213;0,014647886459289036;2,0;vehicles_step_sim_5__run062__SUMO_carro_1000__t0001
63;vehicles_step_sim_5.csv;SUMO_carro_1000;HBEFA4/PC_petrol_Euro-6ab;Gasoline;1773509245;2026-03-14 17:27:25;2026-03-14 17:27:26;1,0;3,379107;3,068982;0,310125;58,615693738961035;135402,252537;650,4780975;-134751,7744395;-6,737588721975;39,972466;11,745574;40,77564360647124;-73,96068698429804;40,77480132917034;-73,96063677461578;40,7844014;-73,9474467;40,7836262;-73,9477219;True;True;0xCDcF7b2a3352a32cc28FD35C3924f5BD542a25Ea;337;337;337;0;0,0;3,370622682532147;3,8194375592970333;0,4488148767648865;339;0;337;0,0;False;0,009187267813443147;0,012757528446375004;2,0;vehicles_step_sim_5__run063__SUMO_carro_1000__t0001
64;vehicles_step_sim_5.csv;SUMO_carro_1000;HBEFA4/PC_petrol_Euro-6ab;Gasoline;1773509245;2026-03-14 17:27:25;2026-03-14 17:27:26;1,0;3,379107;3,068982;0,310125;58,615693738961035;135402,252537;650,4780975;-134751,7744395;-6,737588721975;39,972466;11,745574;40,77564360647124;-73,96068698429804;40,77480132917034;-73,96063677461578;40,7821753;-73,9598315;40,7811984;-73,9596069;True;True;0xCDcF7b2a3352a32cc28FD35C3924f5BD542a25Ea;337;337;337;0;0,0;3,370622682532147;3,5576517248617785;0,1870290423296317;339;0;337;0,0;False;0,006248106397535063;0,000919337299579222;2,0;vehicles_step_sim_5__run064__SUMO_carro_1000__t0001
65;vehicles_step_sim_5.csv;SUMO_carro_1000;HBEFA4/PC_petrol_Euro-6ab;Gasoline;1773509245;2026-03-14 17:27:25;2026-03-14 17:27:26;1,0;3,379107;3,068982;0,310125;58,615693738961035;135402,252537;650,4780975;-134751,7744395;-6,737588721975;39,972466;11,745574;40,77564360647124;-73,96068698429804;40,77480132917034;-73,96063677461578;40,77777;-73,9429153;40,7769226;-73,9426625;True;True;0xCDcF7b2a3352a32cc28FD35C3924f5BD542a25Ea;337;337;337;0;0,0;3,370622682532147;6,322414724769957;2,9517920422378103;339;0;337;0,0;False;0,0020997541148979073;0,017747442542675594;2,0;vehicles_step_sim_5__run065__SUMO_carro_1000__t0001
66;vehicles_step_sim_5.csv;SUMO_carro_1000;HBEFA4/PC_petrol_Euro-6ab;Gasoline;1773509245;2026-03-14 17:27:25;2026-03-14 17:27:26;1,0;3,379107;3,068982;0,310125;58,615693738961035;135402,252537;650,4780975;-134751,7744395;-6,737588721975;39,972466;11,745574;40,77564360647124;-73,96068698429804;40,77480132917034;-73,96063677461578;40,7677522;-73,9497267;40,7670677;-73,9503358;True;True;0xCDcF7b2a3352a32cc28FD35C3924f5BD542a25Ea;337;337;337;0;0,0;3,370622682532147;4,06155006069675;0,6909273781646035;339;0;337;0,0;False;-0,008347124169961796;0,011755995434852567;2,0;vehicles_step_sim_5__run066__SUMO_carro_1000__t0001
67;vehicles_step_sim_5.csv;SUMO_carro_1000;HBEFA4/PC_petrol_Euro-6ab;Gasoline;1773509245;2026-03-14 17:27:25;2026-03-14 17:27:26;1,0;3,379107;3,068982;0,310125;58,615693738961035;135402,252537;650,4780975;-134751,7744395;-6,737588721975;39,972466;11,745574;40,77564360647124;-73,96068698429804;40,77480132917034;-73,96063677461578;40,7687032;-73,9491341;40,767939;-73,9495688;True;True;0xCDcF7b2a3352a32cc28FD35C3924f5BD542a25Ea;337;337;337;0;0,0;3,370622682532147;3,4148927369726314;0,044270054440484596;339;0;337;0,0;False;-0,006858306857394639;0,011237599856959287;2,0;vehicles_step_sim_5__run067__SUMO_carro_1000__t0001
68;vehicles_step_sim_5.csv;SUMO_carro_1000;HBEFA4/PC_petrol_Euro-6ab;Gasoline;1773509245;2026-03-14 17:27:25;2026-03-14 17:27:26;1,0;3,379107;3,068982;0,310125;58,615693738961035;135402,252537;650,4780975;-134751,7744395;-6,737588721975;39,972466;11,745574;40,77564360647124;-73,96068698429804;40,77480132917034;-73,96063677461578;40,769654;-73,9743655;40,7691263;-73,9732596;True;True;0xCDcF7b2a3352a32cc28FD35C3924f5BD542a25Ea;337;337;337;0;0,0;3,370622682532147;3,6015504744217646;0,23092779188961776;339;0;337;0,0;False;-0,004295945428565418;-0,011859690846694807;2,0;vehicles_step_sim_5__run068__SUMO_carro_1000__t0001
69;vehicles_step_sim_5.csv;SUMO_carro_1000;HBEFA4/PC_petrol_Euro-6ab;Gasoline;1773509245;2026-03-14 17:27:25;2026-03-14 17:27:26;1,0;3,379107;3,068982;0,310125;58,615693738961035;135402,252537;650,4780975;-134751,7744395;-6,737588721975;39,972466;11,745574;40,77564360647124;-73,96068698429804;40,77480132917034;-73,96063677461578;40,7808114;-73,952712;40,780188;-73,9531692;True;True;0xCDcF7b2a3352a32cc28FD35C3924f5BD542a25Ea;337;337;337;0;0,0;3,370622682532147;3,611576890504709;0,24095420797256217;339;0;337;0,0;False;0,005276072222000903;0,0072993084358374;2,0;vehicles_step_sim_5__run069__SUMO_carro_1000__t0001
70;vehicles_step_sim_5.csv;SUMO_carro_1000;HBEFA4/PC_petrol_Euro-6ab;Gasoline;1773509245;2026-03-14 17:27:25;2026-03-14 17:27:26;1,0;3,379107;3,068982;0,310125;58,615693738961035;135402,252537;650,4780975;-134751,7744395;-6,737588721975;39,972466;11,745574;40,77564360647124;-73,96068698429804;40,77480132917034;-73,96063677461578;40,7730883;-73,9784017;40,7723353;-73,978539;True;True;0xCDcF7b2a3352a32cc28FD35C3924f5BD542a25Ea;337;337;337;0;0,0;3,370622682532147;4,090438275383546;0,7198155928513992;339;0;337;0,0;False;-0,0025989178053011826;-0,017776547838257304;2,0;vehicles_step_sim_5__run070__SUMO_carro_1000__t0001
71;vehicles_step_sim_5.csv;SUMO_carro_1000;HBEFA4/PC_petrol_Euro-6ab;Gasoline;1773509245;2026-03-14 17:27:25;2026-03-14 17:27:26;1,0;3,379107;3,068982;0,310125;58,615693738961035;135402,252537;650,4780975;-134751,7744395;-6,737588721975;39,972466;11,745574;40,77564360647124;-73,96068698429804;40,77480132917034;-73,96063677461578;40,7670677;-73,9503358;40,7646734;-73,9472222;True;True;0xCDcF7b2a3352a32cc28FD35C3924f5BD542a25Ea;337;337;337;0;0,0;3,370622682532147;5,601003180401848;2,230380497869701;339;0;337;0,0;False;-0,010254366313263052;0,013754763475118555;2,0;vehicles_step_sim_5__run071__SUMO_carro_1000__t0001
72;vehicles_step_sim_5.csv;SUMO_carro_1000;HBEFA4/PC_petrol_Euro-6ab;Gasoline;1773509245;2026-03-14 17:27:25;2026-03-14 17:27:26;1,0;3,379107;3,068982;0,310125;58,615693738961035;135402,252537;650,4780975;-134751,7744395;-6,737588721975;39,972466;11,745574;40,77564360647124;-73,96068698429804;40,77480132917034;-73,96063677461578;40,7722809;-73,958576;40,7708183;-73,9570675;True;True;0xCDcF7b2a3352a32cc28FD35C3924f5BD542a25Ea;337;337;337;0;0,0;3,370622682532147;4,292938466436496;0,9223157839043492;339;0;337;0,0;False;-0,003546790965222632;0,002693826156794496;2,0;vehicles_step_sim_5__run072__SUMO_carro_1000__t0001
73;vehicles_step_sim_5.csv;SUMO_carro_1000;HBEFA4/PC_petrol_Euro-6ab;Gasoline;1773509245;2026-03-14 17:27:25;2026-03-14 17:27:26;1,0;3,379107;3,068982;0,310125;58,615693738961035;135402,252537;650,4780975;-134751,7744395;-6,737588721975;39,972466;11,745574;40,77564360647124;-73,96068698429804;40,77480132917034;-73,96063677461578;40,769686;-73,9627509;40,7690695;-73,9630639;True;True;0xCDcF7b2a3352a32cc28FD35C3924f5BD542a25Ea;337;337;337;0;0,0;3,370622682532147;3,990853001129516;0,6202303185973692;339;0;337;0,0;False;-0,005980765908746341;-0,002256404630930271;2,0;vehicles_step_sim_5__run073__SUMO_carro_1000__t0001
74;vehicles_step_sim_5.csv;SUMO_carro_1000;HBEFA4/PC_petrol_Euro-6ab;Gasoline;1773509245;2026-03-14 17:27:25;2026-03-14 17:27:26;1,0;3,379107;3,068982;0,310125;58,615693738961035;135402,252537;650,4780975;-134751,7744395;-6,737588721975;39,972466;11,745574;40,77564360647124;-73,96068698429804;40,77480132917034;-73,96063677461578;40,7730364;-73,9583902;40,7723929;-73,9586746;True;True;0xCDcF7b2a3352a32cc28FD35C3924f5BD542a25Ea;337;337;337;0;0,0;3,370622682532147;2,72078139306865;-0,6498412894634966;339;0;337;0,0;False;-0,00221710058502417;0,002270376875005516;2,0;vehicles_step_sim_5__run074__SUMO_carro_1000__t0001
75;vehicles_step_sim_5.csv;SUMO_carro_1000;HBEFA4/PC_petrol_Euro-6ab;Gasoline;1773509245;2026-03-14 17:27:25;2026-03-14 17:27:26;1,0;3,379107;3,068982;0,310125;58,615693738961035;135402,252537;650,4780975;-134751,7744395;-6,737588721975;39,972466;11,745574;40,77564360647124;-73,96068698429804;40,77480132917034;-73,96063677461578;40,7621401;-73,9547614;40,7613986;-73,9555873;True;True;0xCDcF7b2a3352a32cc28FD35C3924f5BD542a25Ea;337;337;337;0;0,0;3,370622682532147;3,874055601683369;0,5034329191512223;339;0;337;0,0;False;-0,014016748314153681;0,005925479913089376;2,0;vehicles_step_sim_5__run075__SUMO_carro_1000__t0001
76;vehicles_step_sim_5.csv;SUMO_carro_1000;HBEFA4/PC_petrol_Euro-6ab;Gasoline;1773509245;2026-03-14 17:27:25;2026-03-14 17:27:26;1,0;3,379107;3,068982;0,310125;58,615693738961035;135402,252537;650,4780975;-134751,7744395;-6,737588721975;39,972466;11,745574;40,77564360647124;-73,96068698429804;40,77480132917034;-73,96063677461578;40,7782247;-73,9746579;40,7775915;-73,9751177;True;True;0xCDcF7b2a3352a32cc28FD35C3924f5BD542a25Ea;337;337;337;0;0,0;3,370622682532147;2,4671240373048344;-0,9034986452273124;339;0;337;0,0;False;0,0031372565587730328;-0,014516941730569038;2,0;vehicles_step_sim_5__run076__SUMO_carro_1000__t0001
77;vehicles_step_sim_5.csv;SUMO_carro_1000;HBEFA4/PC_petrol_Euro-6ab;Gasoline;1773509245;2026-03-14 17:27:25;2026-03-14 17:27:26;1,0;3,379107;3,068982;0,310125;58,615693738961035;135402,252537;650,4780975;-134751,7744395;-6,737588721975;39,972466;11,745574;40,77564360647124;-73,96068698429804;40,77480132917034;-73,96063677461578;40,7725558;-73,9669592;40,771743;-73,967432;True;True;0xCDcF7b2a3352a32cc28FD35C3924f5BD542a25Ea;337;337;337;0;0,0;3,370622682532147;3,6132391316020915;0,24261644906994473;339;0;337;0,0;False;-0,002941090585679375;-0,006368639948085297;2,0;vehicles_step_sim_5__run077__SUMO_carro_1000__t0001
78;vehicles_step_sim_5.csv;SUMO_carro_1000;HBEFA4/PC_petrol_Euro-6ab;Gasoline;1773509245;2026-03-14 17:27:25;2026-03-14 17:27:26;1,0;3,379107;3,068982;0,310125;58,615693738961035;135402,252537;650,4780975;-134751,7744395;-6,737588721975;39,972466;11,745574;40,77564360647124;-73,96068698429804;40,77480132917034;-73,96063677461578;40,7748785;-73,9608204;40,7737005;-73,9599617;True;True;0xCDcF7b2a3352a32cc28FD35C3924f5BD542a25Ea;337;337;337;0;0,0;3,370622682532147;2,8426504600181324;-0,5279722225140144;339;0;337;0,0;False;-0,0010758413135902743;0,0002801933791701067;2,0;vehicles_step_sim_5__run078__SUMO_carro_1000__t0001
79;vehicles_step_sim_5.csv;SUMO_carro_1000;HBEFA4/PC_petrol_Euro-6ab;Gasoline;1773509245;2026-03-14 17:27:25;2026-03-14 17:27:26;1,0;3,379107;3,068982;0,310125;58,615693738961035;135402,252537;650,4780975;-134751,7744395;-6,737588721975;39,972466;11,745574;40,77564360647124;-73,96068698429804;40,77480132917034;-73,96063677461578;40,7906201;-73,9523219;40,7898574;-73,952247;True;True;0xCDcF7b2a3352a32cc28FD35C3924f5BD542a25Ea;337;337;337;0;0,0;3,370622682532147;4,248274250639805;0,8776515681076584;339;0;337;0,0;False;0,01519413281799047;0,008688235666521;2,0;vehicles_step_sim_5__run079__SUMO_carro_1000__t0001
80;vehicles_step_sim_5.csv;SUMO_carro_1000;HBEFA4/PC_petrol_Euro-6ab;Gasoline;1773509245;2026-03-14 17:27:25;2026-03-14 17:27:26;1,0;3,379107;3,068982;0,310125;58,615693738961035;135402,252537;650,4780975;-134751,7744395;-6,737588721975;39,972466;11,745574;40,77564360647124;-73,96068698429804;40,77480132917034;-73,96063677461578;40,7857827;-73,9704795;40,7857827;-73,9704795;True;True;0xCDcF7b2a3352a32cc28FD35C3924f5BD542a25Ea;337;337;337;0;0,0;3,370622682532147;2,91210435765277;-0,45851832487937694;339;0;337;0,0;False;0,010285865244380158;-0,0102240051496166;2,0;vehicles_step_sim_5__run080__SUMO_carro_1000__t0001
81;vehicles_step_sim_5.csv;SUMO_carro_1000;HBEFA4/PC_petrol_Euro-6ab;Gasoline;1773509245;2026-03-14 17:27:25;2026-03-14 17:27:26;1,0;3,379107;3,068982;0,310125;58,615693738961035;135402,252537;650,4780975;-134751,7744395;-6,737588721975;39,972466;11,745574;40,77564360647124;-73,96068698429804;40,77480132917034;-73,96063677461578;40,7774493;-73,9548087;40,7759812;-73,9533015;True;True;0xCDcF7b2a3352a32cc28FD35C3924f5BD542a25Ea;337;337;337;0;0,0;3,370622682532147;4,459689993863546;1,0890673113313993;339;0;337;0,0;False;0,0013616467236345017;0,00641229859338912;2,0;vehicles_step_sim_5__run081__SUMO_carro_1000__t0001
82;vehicles_step_sim_5.csv;SUMO_carro_1000;HBEFA4/PC_petrol_Euro-6ab;Gasoline;1773509245;2026-03-14 17:27:25;2026-03-14 17:27:26;1,0;3,379107;3,068982;0,310125;58,615693738961035;135402,252537;650,4780975;-134751,7744395;-6,737588721975;39,972466;11,745574;40,77564360647124;-73,96068698429804;40,77480132917034;-73,96063677461578;40,7739624;-73,9544327;40,7731065;-73,954479;True;True;0xCDcF7b2a3352a32cc28FD35C3924f5BD542a25Ea;337;337;337;0;0,0;3,370622682532147;4,46284654845098;1,0922238659188328;339;0;337;0,0;False;-0,0017493980153195166;0,0063268546652417565;2,0;vehicles_step_sim_5__run082__SUMO_carro_1000__t0001
83;vehicles_step_sim_5.csv;SUMO_carro_1000;HBEFA4/PC_petrol_Euro-6ab;Gasoline;1773509245;2026-03-14 17:27:25;2026-03-14 17:27:26;1,0;3,379107;3,068982;0,310125;58,615693738961035;135402,252537;650,4780975;-134751,7744395;-6,737588721975;39,972466;11,745574;40,77564360647124;-73,96068698429804;40,77480132917034;-73,96063677461578;40,791632;-73,9530431;40,7910401;-73,9534747;True;True;0xCDcF7b2a3352a32cc28FD35C3924f5BD542a25Ea;337;337;337;0;0,0;3,370622682532147;4,361825673544676;0,9912029910125288;339;0;337;0,0;False;0,017210681039615087;0,004276765643413966;2,0;vehicles_step_sim_5__run083__SUMO_carro_1000__t0001
84;vehicles_step_sim_5.csv;SUMO_carro_1000;HBEFA4/PC_petrol_Euro-6ab;Gasoline;1773509245;2026-03-14 17:27:25;2026-03-14 17:27:26;1,0;3,379107;3,068982;0,310125;58,615693738961035;135402,252537;650,4780975;-134751,7744395;-6,737588721975;39,972466;11,745574;40,77564360647124;-73,96068698429804;40,77480132917034;-73,96063677461578;40,7749904;-73,9651811;40,7743542;-73,9656458;True;True;0xCDcF7b2a3352a32cc28FD35C3924f5BD542a25Ea;337;337;337;0;0,0;3,370622682532147;2,8981390544992762;-0,4724836280328706;339;0;337;0,0;False;-0,0002483203815845974;-0,005697863473914155;2,0;vehicles_step_sim_5__run084__SUMO_carro_1000__t0001
85;vehicles_step_sim_5.csv;SUMO_carro_1000;HBEFA4/PC_petrol_Euro-6ab;Gasoline;1773509245;2026-03-14 17:27:25;2026-03-14 17:27:26;1,0;3,379107;3,068982;0,310125;58,615693738961035;135402,252537;650,4780975;-134751,7744395;-6,737588721975;39,972466;11,745574;40,77564360647124;-73,96068698429804;40,77480132917034;-73,96063677461578;40,7910863;-73,9534411;40,7904713;-73,9538896;True;True;0xCDcF7b2a3352a32cc28FD35C3924f5BD542a25Ea;337;337;337;0;0,0;3,370622682532147;3,5837268912718976;0,21310420873975078;339;0;337;0,0;False;0,01635078251761229;0,005062342408856869;2,0;vehicles_step_sim_5__run085__SUMO_carro_1000__t0001
86;vehicles_step_sim_5.csv;SUMO_carro_1000;HBEFA4/PC_petrol_Euro-6ab;Gasoline;1773509245;2026-03-14 17:27:25;2026-03-14 17:27:26;1,0;3,379107;3,068982;0,310125;58,615693738961035;135402,252537;650,4780975;-134751,7744395;-6,737588721975;39,972466;11,745574;40,77564360647124;-73,96068698429804;40,77480132917034;-73,96063677461578;40,7854452;-73,9512469;40,7849079;-73,9507545;True;True;0xCDcF7b2a3352a32cc28FD35C3924f5BD542a25Ea;337;337;337;0;0,0;3,370622682532147;4,210196687422884;0,839574004890737;339;0;337;0,0;False;0,009656992267791426;0,00966032140737353;2,0;vehicles_step_sim_5__run086__SUMO_carro_1000__t0001
87;vehicles_step_sim_5.csv;SUMO_carro_1000;HBEFA4/PC_petrol_Euro-6ab;Gasoline;1773509245;2026-03-14 17:27:25;2026-03-14 17:27:26;1,0;3,379107;3,068982;0,310125;58,615693738961035;135402,252537;650,4780975;-134751,7744395;-6,737588721975;39,972466;11,745574;40,77564360647124;-73,96068698429804;40,77480132917034;-73,96063677461578;40,7823947;-73,9635103;40,7818422;-73,9631732;True;True;0xCDcF7b2a3352a32cc28FD35C3924f5BD542a25Ea;337;337;337;0;0,0;3,370622682532147;3,342891942104067;-0,02773074042807977;339;0;337;0,0;False;0,006657961640624771;-0,003323553236951482;2,0;vehicles_step_sim_5__run087__SUMO_carro_1000__t0001
88;vehicles_step_sim_5.csv;SUMO_carro_1000;HBEFA4/PC_petrol_Euro-6ab;Gasoline;1773509245;2026-03-14 17:27:25;2026-03-14 17:27:26;1,0;3,379107;3,068982;0,310125;58,615693738961035;135402,252537;650,4780975;-134751,7744395;-6,737588721975;39,972466;11,745574;40,77564360647124;-73,96068698429804;40,77480132917034;-73,96063677461578;40,7838444;-73,9655375;40,7822065;-73,9634363;True;True;0xCDcF7b2a3352a32cc28FD35C3924f5BD542a25Ea;337;337;337;0;0,0;3,370622682532147;5,931203984622881;2,560581302090734;339;0;337;0,0;False;0,00672741846505735;-0,005587695088070375;2,0;vehicles_step_sim_5__run088__SUMO_carro_1000__t0001
89;vehicles_step_sim_5.csv;SUMO_carro_1000;HBEFA4/PC_petrol_Euro-6ab;Gasoline;1773509245;2026-03-14 17:27:25;2026-03-14 17:27:26;1,0;3,379107;3,068982;0,310125;58,615693738961035;135402,252537;650,4780975;-134751,7744395;-6,737588721975;39,972466;11,745574;40,77564360647124;-73,96068698429804;40,77480132917034;-73,96063677461578;40,7632286;-73,9724791;40,7622046;-73,9724306;True;True;0xCDcF7b2a3352a32cc28FD35C3924f5BD542a25Ea;337;337;337;0;0,0;3,370622682532147;3,9193730518211174;0,5487503692889706;339;0;337;0,0;False;-0,012702830460663823;-0,011852089079063162;2,0;vehicles_step_sim_5__run089__SUMO_carro_1000__t0001
90;vehicles_step_sim_5.csv;SUMO_carro_1000;HBEFA4/PC_petrol_Euro-6ab;Gasoline;1773509245;2026-03-14 17:27:25;2026-03-14 17:27:26;1,0;3,379107;3,068982;0,310125;58,615693738961035;135402,252537;650,4780975;-134751,7744395;-6,737588721975;39,972466;11,745574;40,77564360647124;-73,96068698429804;40,77480132917034;-73,96063677461578;40,7895856;-73,9576393;40,7893891;-73,9571774;True;True;0xCDcF7b2a3352a32cc28FD35C3924f5BD542a25Ea;337;337;337;0;0,0;3,370622682532147;3,937144728156578;0,5665220456244313;339;0;337;0,0;False;0,014925306323698212;0,0036104659471905168;2,0;vehicles_step_sim_5__run090__SUMO_carro_1000__t0001
91;vehicles_step_sim_5.csv;SUMO_carro_1000;HBEFA4/PC_petrol_Euro-6ab;Gasoline;1773509245;2026-03-14 17:27:25;2026-03-14 17:27:26;1,0;3,379107;3,068982;0,310125;58,615693738961035;135402,252537;650,4780975;-134751,7744395;-6,737588721975;39,972466;11,745574;40,77564360647124;-73,96068698429804;40,77480132917034;-73,96063677461578;40,7738311;-73,9660279;40,7731947;-73,9664926;True;True;0xCDcF7b2a3352a32cc28FD35C3924f5BD542a25Ea;337;337;337;0;0,0;3,370622682532147;2,9272907867113314;-0,44333189582081545;339;0;337;0,0;False;-0,0011215637547299785;-0,006314367914057114;2,0;vehicles_step_sim_5__run091__SUMO_carro_1000__t0001
92;vehicles_step_sim_5.csv;SUMO_carro_1000;HBEFA4/PC_petrol_Euro-6ab;Gasoline;1773509245;2026-03-14 17:27:25;2026-03-14 17:27:26;1,0;3,379107;3,068982;0,310125;58,615693738961035;135402,252537;650,4780975;-134751,7744395;-6,737588721975;39,972466;11,745574;40,77564360647124;-73,96068698429804;40,77480132917034;-73,96063677461578;40,7708183;-73,9570675;40,770175;-73,9575385;True;True;0xCDcF7b2a3352a32cc28FD35C3924f5BD542a25Ea;337;337;337;0;0,0;3,370622682532147;3,689371604378685;0,318748921846538;339;0;337;0,0;False;-0,0046642242597952095;0,0029015217082774204;2,0;vehicles_step_sim_5__run092__SUMO_carro_1000__t0001
93;vehicles_step_sim_5.csv;SUMO_carro_1000;HBEFA4/PC_petrol_Euro-6ab;Gasoline;1773509245;2026-03-14 17:27:25;2026-03-14 17:27:26;1,0;3,379107;3,068982;0,310125;58,615693738961035;135402,252537;650,4780975;-134751,7744395;-6,737588721975;39,972466;11,745574;40,77564360647124;-73,96068698429804;40,77480132917034;-73,96063677461578;40,7737221;-73,9777895;40,7711719;-73,9768108;True;True;0xCDcF7b2a3352a32cc28FD35C3924f5BD542a25Ea;337;337;337;0;0,0;3,370622682532147;3,8421444856980935;0,4715218031659467;339;0;337;0,0;False;-0,0027548396070521553;-0,014779032046005683;2,0;vehicles_step_sim_5__run093__SUMO_carro_1000__t0001
94;vehicles_step_sim_5.csv;SUMO_carro_1000;HBEFA4/PC_petrol_Euro-6ab;Gasoline;1773509245;2026-03-14 17:27:25;2026-03-14 17:27:26;1,0;3,379107;3,068982;0,310125;58,615693738961035;135402,252537;650,4780975;-134751,7744395;-6,737588721975;39,972466;11,745574;40,77564360647124;-73,96068698429804;40,77480132917034;-73,96063677461578;40,7603684;-73,95703;40,7598763;-73,9575787;True;True;0xCDcF7b2a3352a32cc28FD35C3924f5BD542a25Ea;337;337;337;0;0,0;3,370622682532147;4,084069643861884;0,7134469613297374;339;0;337;0,0;False;-0,015541161612141485;0,003912504224562324;2,0;vehicles_step_sim_5__run094__SUMO_carro_1000__t0001
95;vehicles_step_sim_5.csv;SUMO_carro_1000;HBEFA4/PC_petrol_Euro-6ab;Gasoline;1773509245;2026-03-14 17:27:25;2026-03-14 17:27:26;1,0;3,379107;3,068982;0,310125;58,615693738961035;135402,252537;650,4780975;-134751,7744395;-6,737588721975;39,972466;11,745574;40,77564360647124;-73,96068698429804;40,77480132917034;-73,96063677461578;40,7854452;-73,9512469;40,7851549;-73,9513303;True;True;0xCDcF7b2a3352a32cc28FD35C3924f5BD542a25Ea;337;337;337;0;0,0;3,370622682532147;4,213571383070465;0,8429487005383183;339;0;337;0,0;False;0,010040495920549416;0,009312127972798661;2,0;vehicles_step_sim_5__run095__SUMO_carro_1000__t0001
96;vehicles_step_sim_5.csv;SUMO_carro_1000;HBEFA4/PC_petrol_Euro-6ab;Gasoline;1773509245;2026-03-14 17:27:25;2026-03-14 17:27:26;1,0;3,379107;3,068982;0,310125;58,615693738961035;135402,252537;650,4780975;-134751,7744395;-6,737588721975;39,972466;11,745574;40,77564360647124;-73,96068698429804;40,77480132917034;-73,96063677461578;40,7622658;-73,9547847;40,7614445;-73,9556939;True;True;0xCDcF7b2a3352a32cc28FD35C3924f5BD542a25Ea;337;337;337;0;0,0;3,370622682532147;4,191251382934242;0,8206287004020951;339;0;337;0,0;False;-0,01330853007660576;0,005036188515127743;2,0;vehicles_step_sim_5__run096__SUMO_carro_1000__t0001
97;vehicles_step_sim_5.csv;SUMO_carro_1000;HBEFA4/PC_petrol_Euro-6ab;Gasoline;1773509245;2026-03-14 17:27:25;2026-03-14 17:27:26;1,0;3,379107;3,068982;0,310125;58,615693738961035;135402,252537;650,4780975;-134751,7744395;-6,737588721975;39,972466;11,745574;40,77564360647124;-73,96068698429804;40,77480132917034;-73,96063677461578;40,77777;-73,9429153;40,7769226;-73,9426625;True;True;0xCDcF7b2a3352a32cc28FD35C3924f5BD542a25Ea;337;337;337;0;0,0;3,370622682532147;6,239998607499333;2,8693759249671866;339;0;337;0,0;False;0,002054982777632467;0,01775077896015138;2,0;vehicles_step_sim_5__run097__SUMO_carro_1000__t0001
98;vehicles_step_sim_5.csv;SUMO_carro_1000;HBEFA4/PC_petrol_Euro-6ab;Gasoline;1773509245;2026-03-14 17:27:25;2026-03-14 17:27:26;1,0;3,379107;3,068982;0,310125;58,615693738961035;135402,252537;650,4780975;-134751,7744395;-6,737588721975;39,972466;11,745574;40,77564360647124;-73,96068698429804;40,77480132917034;-73,96063677461578;40,7720358;-73,945639;40,7716825;-73,9460715;True;True;0xCDcF7b2a3352a32cc28FD35C3924f5BD542a25Ea;337;337;337;0;0,0;3,370622682532147;4,457907514822874;1,087284832290727;339;0;337;0,0;False;-0,00394151865276385;0,015568068223868694;2,0;vehicles_step_sim_5__run098__SUMO_carro_1000__t0001
99;vehicles_step_sim_5.csv;SUMO_carro_1000;HBEFA4/PC_petrol_Euro-6ab;Gasoline;1773509245;2026-03-14 17:27:25;2026-03-14 17:27:26;1,0;3,379107;3,068982;0,310125;58,615693738961035;135402,252537;650,4780975;-134751,7744395;-6,737588721975;39,972466;11,745574;40,77564360647124;-73,96068698429804;40,77480132917034;-73,96063677461578;40,7798624;-73,9504635;40,7793347;-73,9506796;True;True;0xCDcF7b2a3352a32cc28FD35C3924f5BD542a25Ea;337;337;337;0;0,0;3,370622682532147;3,855055430291881;0,4844327477597341;339;0;337;0,0;False;0,0046367162512007815;0,010135189510475116;2,0;vehicles_step_sim_5__run099__SUMO_carro_1000__t0001
100;vehicles_step_sim_5.csv;SUMO_carro_1000;HBEFA4/PC_petrol_Euro-6ab;Gasoline;1773509245;2026-03-14 17:27:25;2026-03-14 17:27:26;1,0;3,379107;3,068982;0,310125;58,615693738961035;135402,252537;650,4780975;-134751,7744395;-6,737588721975;39,972466;11,745574;40,77564360647124;-73,96068698429804;40,77480132917034;-73,96063677461578;40,7792135;-73,958985;40,7783175;-73,9588339;True;True;0xCDcF7b2a3352a32cc28FD35C3924f5BD542a25Ea;337;337;337;0;0,0;3,370622682532147;3,786773106926701;0,4161504243945542;339;0;337;0,0;False;0,003635222794499859;0,0016898868228990471;2,0;vehicles_step_sim_5__run100__SUMO_carro_1000__t0001
1;vehicles_step_sim_10.csv;SUMO_carro_1000;HBEFA4/PC_petrol_Euro-6ab;Gasoline;1773509250;2026-03-14 17:27:30;2026-03-14 17:27:30;0,0;3,158922;3,019816;0,139106;51,22368452424243;118326,71125100002;608,092485;-117718,61876600001;-5,8859309383000005;34,68659;9,643312;40,77564360647124;-73,96068698429804;40,7712357214096;-73,96381253941745;40,7859138;-73,9572197;40,7816986;-73,9629964;True;True;0xCDcF7b2a3352a32cc28FD35C3924f5BD542a25Ea;301;301;301;0;0,0;3,147985218576069;3,448092844478053;0,30010762590198414;303;0;301;0,0;False;0,010907348956662406;0,001284273238884439;2,0;vehicles_step_sim_10__run001__SUMO_carro_1000__t0001
2;vehicles_step_sim_10.csv;SUMO_carro_1000;HBEFA4/PC_petrol_Euro-6ab;Gasoline;1773509250;2026-03-14 17:27:30;2026-03-14 17:27:30;0,0;3,158922;3,019816;0,139106;51,22368452424243;118326,71125100002;608,092485;-117718,61876600001;-5,8859309383000005;34,68659;9,643312;40,77564360647124;-73,96068698429804;40,7712357214096;-73,96381253941745;40,7618602;-73,9574064;40,7572137;-73,95982;True;True;0xCDcF7b2a3352a32cc28FD35C3924f5BD542a25Ea;301;301;301;0;0,0;3,147985218576069;4,33243085308935;1,1844456345132808;303;0;301;0,0;False;-0,013850835935824833;0,00386711689766941;2,0;vehicles_step_sim_10__run002__SUMO_carro_1000__t0001
3;vehicles_step_sim_10.csv;SUMO_carro_1000;HBEFA4/PC_petrol_Euro-6ab;Gasoline;1773509250;2026-03-14 17:27:30;2026-03-14 17:27:30;0,0;3,158922;3,019816;0,139106;51,22368452424243;118326,71125100002;608,092485;-117718,61876600001;-5,8859309383000005;34,68659;9,643312;40,77564360647124;-73,96068698429804;40,7712357214096;-73,96381253941745;40,7807517;-73,9619504;40,7756407;-73,9647062;True;True;0xCDcF7b2a3352a32cc28FD35C3924f5BD542a25Ea;301;301;301;0;0,0;3,147985218576069;2,779792669926248;-0,3681925486498212;303;0;301;0,0;False;0,004738925489552209;-0,0019814289773115697;2,0;vehicles_step_sim_10__run003__SUMO_carro_1000__t0001
4;vehicles_step_sim_10.csv;SUMO_carro_1000;HBEFA4/PC_petrol_Euro-6ab;Gasoline;1773509250;2026-03-14 17:27:30;2026-03-14 17:27:30;0,0;3,158922;3,019816;0,139106;51,22368452424243;118326,71125100002;608,092485;-117718,61876600001;-5,8859309383000005;34,68659;9,643312;40,77564360647124;-73,96068698429804;40,7712357214096;-73,96381253941745;40,771727;-73,9675701;40,7695366;-73,9741738;True;True;0xCDcF7b2a3352a32cc28FD35C3924f5BD542a25Ea;301;301;301;0;0,0;3,147985218576069;4,9645660797164375;1,8165808611403684;303;0;301;0,0;False;-0,002378898584664438;-0,011068250807216856;2,0;vehicles_step_sim_10__run004__SUMO_carro_1000__t0001
5;vehicles_step_sim_10.csv;SUMO_carro_1000;HBEFA4/PC_petrol_Euro-6ab;Gasoline;1773509250;2026-03-14 17:27:30;2026-03-14 17:27:30;0,0;3,158922;3,019816;0,139106;51,22368452424243;118326,71125100002;608,092485;-117718,61876600001;-5,8859309383000005;34,68659;9,643312;40,77564360647124;-73,96068698429804;40,7712357214096;-73,96381253941745;40,7737207;-73,9518629;40,7691791;-73,9551783;True;True;0xCDcF7b2a3352a32cc28FD35C3924f5BD542a25Ea;301;301;301;0;0,0;3,147985218576069;3,178909861632214;0,03092464305614495;303;0;301;0,0;False;-0,0020232358026705346;0,008447317418246125;2,0;vehicles_step_sim_10__run005__SUMO_carro_1000__t0001
6;vehicles_step_sim_10.csv;SUMO_carro_1000;HBEFA4/PC_petrol_Euro-6ab;Gasoline;1773509250;2026-03-14 17:27:30;2026-03-14 17:27:30;0,0;3,158922;3,019816;0,139106;51,22368452424243;118326,71125100002;608,092485;-117718,61876600001;-5,8859309383000005;34,68659;9,643312;40,77564360647124;-73,96068698429804;40,7712357214096;-73,96381253941745;40,7790791;-73,9688949;40,7763121;-73,9758997;True;True;0xCDcF7b2a3352a32cc28FD35C3924f5BD542a25Ea;301;301;301;0;0,0;3,147985218576069;4,827732583367589;1,67974736479152;303;0;301;0,0;False;0,003515643390501684;-0,008251178944060477;2,0;vehicles_step_sim_10__run006__SUMO_carro_1000__t0001
7;vehicles_step_sim_10.csv;SUMO_carro_1000;HBEFA4/PC_petrol_Euro-6ab;Gasoline;1773509250;2026-03-14 17:27:30;2026-03-14 17:27:30;0,0;3,158922;3,019816;0,139106;51,22368452424243;118326,71125100002;608,092485;-117718,61876600001;-5,8859309383000005;34,68659;9,643312;40,77564360647124;-73,96068698429804;40,7712357214096;-73,96381253941745;40,7774869;-73,9750388;40,7727252;-73,9785194;True;True;0xCDcF7b2a3352a32cc28FD35C3924f5BD542a25Ea;301;301;301;0;0,0;3,147985218576069;2,024389569240643;-1,1235956493354262;303;0;301;0,0;False;0,001412211467936126;-0,014159641710523165;2,0;vehicles_step_sim_10__run007__SUMO_carro_1000__t0001
8;vehicles_step_sim_10.csv;SUMO_carro_1000;HBEFA4/PC_petrol_Euro-6ab;Gasoline;1773509250;2026-03-14 17:27:30;2026-03-14 17:27:30;0,0;3,158922;3,019816;0,139106;51,22368452424243;118326,71125100002;608,092485;-117718,61876600001;-5,8859309383000005;34,68659;9,643312;40,77564360647124;-73,96068698429804;40,7712357214096;-73,96381253941745;40,7709492;-73,9430801;40,7688298;-73,9488661;True;True;0xCDcF7b2a3352a32cc28FD35C3924f5BD542a25Ea;301;301;301;0;0,0;3,147985218576069;3,7759330832160147;0,6279478646399457;303;0;301;0,0;False;-0,0035989777550567534;0,01711924110477966;2,0;vehicles_step_sim_10__run008__SUMO_carro_1000__t0001
9;vehicles_step_sim_10.csv;SUMO_carro_1000;HBEFA4/PC_petrol_Euro-6ab;Gasoline;1773509250;2026-03-14 17:27:30;2026-03-14 17:27:30;0,0;3,158922;3,019816;0,139106;51,22368452424243;118326,71125100002;608,092485;-117718,61876600001;-5,8859309383000005;34,68659;9,643312;40,77564360647124;-73,96068698429804;40,7712357214096;-73,96381253941745;40,7624484;-73,954583;40,7580288;-73,9590876;True;True;0xCDcF7b2a3352a32cc28FD35C3924f5BD542a25Ea;301;301;301;0;0,0;3,147985218576069;3,7443234724736185;0,5963382538975495;303;0;301;0,0;False;-0,013236797274454764;0,006002546940607676;2,0;vehicles_step_sim_10__run009__SUMO_carro_1000__t0001
10;vehicles_step_sim_10.csv;SUMO_carro_1000;HBEFA4/PC_petrol_Euro-6ab;Gasoline;1773509250;2026-03-14 17:27:30;2026-03-14 17:27:30;0,0;3,158922;3,019816;0,139106;51,22368452424243;118326,71125100002;608,092485;-117718,61876600001;-5,8859309383000005;34,68659;9,643312;40,77564360647124;-73,96068698429804;40,7712357214096;-73,96381253941745;40,7734598;-73,9512565;40,7690619;-73,9549007;True;True;0xCDcF7b2a3352a32cc28FD35C3924f5BD542a25Ea;301;301;301;0;0,0;3,147985218576069;3,8163344063404163;0,6683491877643473;303;0;301;0,0;False;-0,0022264720226982397;0,009201388836044926;2,0;vehicles_step_sim_10__run010__SUMO_carro_1000__t0001
11;vehicles_step_sim_10.csv;SUMO_carro_1000;HBEFA4/PC_petrol_Euro-6ab;Gasoline;1773509250;2026-03-14 17:27:30;2026-03-14 17:27:30;0,0;3,158922;3,019816;0,139106;51,22368452424243;118326,71125100002;608,092485;-117718,61876600001;-5,8859309383000005;34,68659;9,643312;40,77564360647124;-73,96068698429804;40,7712357214096;-73,96381253941745;40,7746991;-73,9582606;40,7704966;-73,960254;True;True;0xCDcF7b2a3352a32cc28FD35C3924f5BD542a25Ea;301;301;301;0;0,0;3,147985218576069;3,4421859583684236;0,2942007397923545;303;0;301;0,0;False;-0,0005819840046682538;0,0029140992577646064;2,0;vehicles_step_sim_10__run011__SUMO_carro_1000__t0001
12;vehicles_step_sim_10.csv;SUMO_carro_1000;HBEFA4/PC_petrol_Euro-6ab;Gasoline;1773509250;2026-03-14 17:27:30;2026-03-14 17:27:30;0,0;3,158922;3,019816;0,139106;51,22368452424243;118326,71125100002;608,092485;-117718,61876600001;-5,8859309383000005;34,68659;9,643312;40,77564360647124;-73,96068698429804;40,7712357214096;-73,96381253941745;40,7711057;-73,9680239;40,7689724;-73,9727106;True;True;0xCDcF7b2a3352a32cc28FD35C3924f5BD542a25Ea;301;301;301;0;0,0;3,147985218576069;3,4201267387189302;0,2721415201428612;303;0;301;0,0;False;-0,003761695978853188;-0,009607145771114996;2,0;vehicles_step_sim_10__run012__SUMO_carro_1000__t0001
13;vehicles_step_sim_10.csv;SUMO_carro_1000;HBEFA4/PC_petrol_Euro-6ab;Gasoline;1773509250;2026-03-14 17:27:30;2026-03-14 17:27:30;0,0;3,158922;3,019816;0,139106;51,22368452424243;118326,71125100002;608,092485;-117718,61876600001;-5,8859309383000005;34,68659;9,643312;40,77564360647124;-73,96068698429804;40,7712357214096;-73,96381253941745;40,7827717;-73,9711974;40,7785507;-73,97427;True;True;0xCDcF7b2a3352a32cc28FD35C3924f5BD542a25Ea;301;301;301;0;0,0;3,147985218576069;3,192916918150889;0,044931699574819906;303;0;301;0,0;False;0,007044445934931994;-0,009747464636268686;2,0;vehicles_step_sim_10__run013__SUMO_carro_1000__t0001
14;vehicles_step_sim_10.csv;SUMO_carro_1000;HBEFA4/PC_petrol_Euro-6ab;Gasoline;1773509250;2026-03-14 17:27:30;2026-03-14 17:27:30;0,0;3,158922;3,019816;0,139106;51,22368452424243;118326,71125100002;608,092485;-117718,61876600001;-5,8859309383000005;34,68659;9,643312;40,77564360647124;-73,96068698429804;40,7712357214096;-73,96381253941745;40,7818422;-73,9631732;40,7781629;-73,9663251;True;True;0xCDcF7b2a3352a32cc28FD35C3924f5BD542a25Ea;301;301;301;0;0,0;3,147985218576069;3,8091779536319534;0,6611927350558844;303;0;301;0,0;False;0,005922897805471112;-0,0028884104361060164;2,0;vehicles_step_sim_10__run014__SUMO_carro_1000__t0001
15;vehicles_step_sim_10.csv;SUMO_carro_1000;HBEFA4/PC_petrol_Euro-6ab;Gasoline;1773509250;2026-03-14 17:27:30;2026-03-14 17:27:30;0,0;3,158922;3,019816;0,139106;51,22368452424243;118326,71125100002;608,092485;-117718,61876600001;-5,8859309383000005;34,68659;9,643312;40,77564360647124;-73,96068698429804;40,7712357214096;-73,96381253941745;40,7795958;-73,9435733;40,7751918;-73,9474961;True;True;0xCDcF7b2a3352a32cc28FD35C3924f5BD542a25Ea;301;301;301;0;0,0;3,147985218576069;4,74332555793521;1,5953403393591405;303;0;301;0,0;False;0,0037856094131407465;0,01715492150664245;2,0;vehicles_step_sim_10__run015__SUMO_carro_1000__t0001
16;vehicles_step_sim_10.csv;SUMO_carro_1000;HBEFA4/PC_petrol_Euro-6ab;Gasoline;1773509250;2026-03-14 17:27:30;2026-03-14 17:27:30;0,0;3,158922;3,019816;0,139106;51,22368452424243;118326,71125100002;608,092485;-117718,61876600001;-5,8859309383000005;34,68659;9,643312;40,77564360647124;-73,96068698429804;40,7712357214096;-73,96381253941745;40,7746615;-73,9771081;40,7706836;-73,9759518;True;True;0xCDcF7b2a3352a32cc28FD35C3924f5BD542a25Ea;301;301;301;0;0,0;3,147985218576069;2,5601584473463195;-0,5878267712297496;303;0;301;0,0;False;-0,0021503312667308016;-0,013660188494349822;2,0;vehicles_step_sim_10__run016__SUMO_carro_1000__t0001
17;vehicles_step_sim_10.csv;SUMO_carro_1000;HBEFA4/PC_petrol_Euro-6ab;Gasoline;1773509250;2026-03-14 17:27:30;2026-03-14 17:27:30;0,0;3,158922;3,019816;0,139106;51,22368452424243;118326,71125100002;608,092485;-117718,61876600001;-5,8859309383000005;34,68659;9,643312;40,77564360647124;-73,96068698429804;40,7712357214096;-73,96381253941745;40,7779409;-73,9518781;40,7733982;-73,9551804;True;True;0xCDcF7b2a3352a32cc28FD35C3924f5BD542a25Ea;301;301;301;0;0,0;3,147985218576069;3,1483425897883577;0,00035737121228862634;303;0;301;0,0;False;0,0021460416320325825;0,008337120307584087;2,0;vehicles_step_sim_10__run017__SUMO_carro_1000__t0001
18;vehicles_step_sim_10.csv;SUMO_carro_1000;HBEFA4/PC_petrol_Euro-6ab;Gasoline;1773509250;2026-03-14 17:27:30;2026-03-14 17:27:30;0,0;3,158922;3,019816;0,139106;51,22368452424243;118326,71125100002;608,092485;-117718,61876600001;-5,8859309383000005;34,68659;9,643312;40,77564360647124;-73,96068698429804;40,7712357214096;-73,96381253941745;40,7841966;-73,9469689;40,7797546;-73,9502082;True;True;0xCDcF7b2a3352a32cc28FD35C3924f5BD542a25Ea;301;301;301;0;0,0;3,147985218576069;3,5109762457260882;0,3629910271500192;303;0;301;0,0;False;0,008507500223815417;0,014226308851242684;2,0;vehicles_step_sim_10__run018__SUMO_carro_1000__t0001
19;vehicles_step_sim_10.csv;SUMO_carro_1000;HBEFA4/PC_petrol_Euro-6ab;Gasoline;1773509250;2026-03-14 17:27:30;2026-03-14 17:27:30;0,0;3,158922;3,019816;0,139106;51,22368452424243;118326,71125100002;608,092485;-117718,61876600001;-5,8859309383000005;34,68659;9,643312;40,77564360647124;-73,96068698429804;40,7712357214096;-73,96381253941745;40,7653215;-73,9658037;40,7608876;-73,9690311;True;True;0xCDcF7b2a3352a32cc28FD35C3924f5BD542a25Ea;301;301;301;0;0,0;3,147985218576069;3,775610096331419;0,6276248777553501;303;0;301;0,0;False;-0,010353090029644628;-0,005041943515095374;2,0;vehicles_step_sim_10__run019__SUMO_carro_1000__t0001
20;vehicles_step_sim_10.csv;SUMO_carro_1000;HBEFA4/PC_petrol_Euro-6ab;Gasoline;1773509250;2026-03-14 17:27:30;2026-03-14 17:27:30;0,0;3,158922;3,019816;0,139106;51,22368452424243;118326,71125100002;608,092485;-117718,61876600001;-5,8859309383000005;34,68659;9,643312;40,77564360647124;-73,96068698429804;40,7712357214096;-73,96381253941745;40,7772465;-73,9762717;40,7726959;-73,9794003;True;True;0xCDcF7b2a3352a32cc28FD35C3924f5BD542a25Ea;301;301;301;0;0,0;3,147985218576069;2,283482699770237;-0,864502518805832;303;0;301;0,0;False;0,0016962990455939553;-0,015163773817792964;2,0;vehicles_step_sim_10__run020__SUMO_carro_1000__t0001
21;vehicles_step_sim_10.csv;SUMO_carro_1000;HBEFA4/PC_petrol_Euro-6ab;Gasoline;1773509250;2026-03-14 17:27:30;2026-03-14 17:27:30;0,0;3,158922;3,019816;0,139106;51,22368452424243;118326,71125100002;608,092485;-117718,61876600001;-5,8859309383000005;34,68659;9,643312;40,77564360647124;-73,96068698429804;40,7712357214096;-73,96381253941745;40,7704772;-73,9756095;40,769654;-73,9743655;True;True;0xCDcF7b2a3352a32cc28FD35C3924f5BD542a25Ea;301;301;301;0;0,0;3,147985218576069;4,499544862185667;1,351559643609598;303;0;301;0,0;False;-0,002696803397660087;-0,011875173045177236;2,0;vehicles_step_sim_10__run021__SUMO_carro_1000__t0001
22;vehicles_step_sim_10.csv;SUMO_carro_1000;HBEFA4/PC_petrol_Euro-6ab;Gasoline;1773509250;2026-03-14 17:27:30;2026-03-14 17:27:30;0,0;3,158922;3,019816;0,139106;51,22368452424243;118326,71125100002;608,092485;-117718,61876600001;-5,8859309383000005;34,68659;9,643312;40,77564360647124;-73,96068698429804;40,7712357214096;-73,96381253941745;40,76237;-73,9570332;40,7579862;-73,960054;True;True;0xCDcF7b2a3352a32cc28FD35C3924f5BD542a25Ea;301;301;301;0;0,0;3,147985218576069;4,427011223220485;1,279026004644416;303;0;301;0,0;False;-0,013407789683721314;0,0038622672396318356;2,0;vehicles_step_sim_10__run022__SUMO_carro_1000__t0001
23;vehicles_step_sim_10.csv;SUMO_carro_1000;HBEFA4/PC_petrol_Euro-6ab;Gasoline;1773509250;2026-03-14 17:27:30;2026-03-14 17:27:30;0,0;3,158922;3,019816;0,139106;51,22368452424243;118326,71125100002;608,092485;-117718,61876600001;-5,8859309383000005;34,68659;9,643312;40,77564360647124;-73,96068698429804;40,7712357214096;-73,96381253941745;40,7640543;-73,9668589;40,7595952;-73,9699744;True;True;0xCDcF7b2a3352a32cc28FD35C3924f5BD542a25Ea;301;301;301;0;0,0;3,147985218576069;3,4595203338299294;0,31153511525386035;303;0;301;0,0;False;-0,011619474755710494;-0,006120623822494331;2,0;vehicles_step_sim_10__run023__SUMO_carro_1000__t0001
24;vehicles_step_sim_10.csv;SUMO_carro_1000;HBEFA4/PC_petrol_Euro-6ab;Gasoline;1773509250;2026-03-14 17:27:30;2026-03-14 17:27:30;0,0;3,158922;3,019816;0,139106;51,22368452424243;118326,71125100002;608,092485;-117718,61876600001;-5,8859309383000005;34,68659;9,643312;40,77564360647124;-73,96068698429804;40,7712357214096;-73,96381253941745;40,7783776;-73,9672115;40,7731947;-73,9664926;True;True;0xCDcF7b2a3352a32cc28FD35C3924f5BD542a25Ea;301;301;301;0;0,0;3,147985218576069;3,2683557356854718;0,12037051710940272;303;0;301;0,0;False;0,003642581492763629;-0,005950875619345242;2,0;vehicles_step_sim_10__run024__SUMO_carro_1000__t0001
25;vehicles_step_sim_10.csv;SUMO_carro_1000;HBEFA4/PC_petrol_Euro-6ab;Gasoline;1773509250;2026-03-14 17:27:30;2026-03-14 17:27:30;0,0;3,158922;3,019816;0,139106;51,22368452424243;118326,71125100002;608,092485;-117718,61876600001;-5,8859309383000005;34,68659;9,643312;40,77564360647124;-73,96068698429804;40,7712357214096;-73,96381253941745;40,7792135;-73,958985;40,7755886;-73,9625086;True;True;0xCDcF7b2a3352a32cc28FD35C3924f5BD542a25Ea;301;301;301;0;0,0;3,147985218576069;3,5080427568962085;0,3600575383201394;303;0;301;0,0;False;0,003942256702922817;0,0017444437908101225;2,0;vehicles_step_sim_10__run025__SUMO_carro_1000__t0001
26;vehicles_step_sim_10.csv;SUMO_carro_1000;HBEFA4/PC_petrol_Euro-6ab;Gasoline;1773509250;2026-03-14 17:27:30;2026-03-14 17:27:30;0,0;3,158922;3,019816;0,139106;51,22368452424243;118326,71125100002;608,092485;-117718,61876600001;-5,8859309383000005;34,68659;9,643312;40,77564360647124;-73,96068698429804;40,7712357214096;-73,96381253941745;40,7633966;-73,9485105;40,7592633;-73,9518874;True;True;0xCDcF7b2a3352a32cc28FD35C3924f5BD542a25Ea;301;301;301;0;0,0;3,147985218576069;6,856226564854697;3,7082413462786277;303;0;301;0,0;False;-0,011888254827094203;0,011778064303475761;2,0;vehicles_step_sim_10__run026__SUMO_carro_1000__t0001
27;vehicles_step_sim_10.csv;SUMO_carro_1000;HBEFA4/PC_petrol_Euro-6ab;Gasoline;1773509250;2026-03-14 17:27:30;2026-03-14 17:27:30;0,0;3,158922;3,019816;0,139106;51,22368452424243;118326,71125100002;608,092485;-117718,61876600001;-5,8859309383000005;34,68659;9,643312;40,77564360647124;-73,96068698429804;40,7712357214096;-73,96381253941745;40,7672914;-73,9687089;40,762861;-73,971943;True;True;0xCDcF7b2a3352a32cc28FD35C3924f5BD542a25Ea;301;301;301;0;0,0;3,147985218576069;4,1578007982751;1,0098155796990311;303;0;301;0,0;False;-0,00864242468058743;-0,008078271706126556;2,0;vehicles_step_sim_10__run027__SUMO_carro_1000__t0001
28;vehicles_step_sim_10.csv;SUMO_carro_1000;HBEFA4/PC_petrol_Euro-6ab;Gasoline;1773509250;2026-03-14 17:27:30;2026-03-14 17:27:30;0,0;3,158922;3,019816;0,139106;51,22368452424243;118326,71125100002;608,092485;-117718,61876600001;-5,8859309383000005;34,68659;9,643312;40,77564360647124;-73,96068698429804;40,7712357214096;-73,96381253941745;40,7704665;-73,9482168;40,765849;-73,9514797;True;True;0xCDcF7b2a3352a32cc28FD35C3924f5BD542a25Ea;301;301;301;0;0,0;3,147985218576069;2,4823933531765827;-0,6655918653994863;303;0;301;0,0;False;-0,005389161120958053;0,012066290763055074;2,0;vehicles_step_sim_10__run028__SUMO_carro_1000__t0001
29;vehicles_step_sim_10.csv;SUMO_carro_1000;HBEFA4/PC_petrol_Euro-6ab;Gasoline;1773509250;2026-03-14 17:27:30;2026-03-14 17:27:30;0,0;3,158922;3,019816;0,139106;51,22368452424243;118326,71125100002;608,092485;-117718,61876600001;-5,8859309383000005;34,68659;9,643312;40,77564360647124;-73,96068698429804;40,7712357214096;-73,96381253941745;40,7918683;-73,963254;40,7878716;-73,9674683;True;True;0xCDcF7b2a3352a32cc28FD35C3924f5BD542a25Ea;301;301;301;0;0,0;3,147985218576069;4,081775091026571;0,9337898724505016;303;0;301;0,0;False;0,01617051911087863;-0,0026073143461575643;2,0;vehicles_step_sim_10__run029__SUMO_carro_1000__t0001
30;vehicles_step_sim_10.csv;SUMO_carro_1000;HBEFA4/PC_petrol_Euro-6ab;Gasoline;1773509250;2026-03-14 17:27:30;2026-03-14 17:27:30;0,0;3,158922;3,019816;0,139106;51,22368452424243;118326,71125100002;608,092485;-117718,61876600001;-5,8859309383000005;34,68659;9,643312;40,77564360647124;-73,96068698429804;40,7712357214096;-73,96381253941745;40,7787757;-73,9559797;40,7742377;-73,9592985;True;True;0xCDcF7b2a3352a32cc28FD35C3924f5BD542a25Ea;301;301;301;0;0,0;3,147985218576069;3,5994853502855526;0,45150013170948355;303;0;301;0,0;False;0,003024872832664376;0,004740321693626908;2,0;vehicles_step_sim_10__run030__SUMO_carro_1000__t0001
31;vehicles_step_sim_10.csv;SUMO_carro_1000;HBEFA4/PC_petrol_Euro-6ab;Gasoline;1773509250;2026-03-14 17:27:30;2026-03-14 17:27:30;0,0;3,158922;3,019816;0,139106;51,22368452424243;118326,71125100002;608,092485;-117718,61876600001;-5,8859309383000005;34,68659;9,643312;40,77564360647124;-73,96068698429804;40,7712357214096;-73,96381253941745;40,7830869;-73,9637582;40,7780575;-73,9654793;True;True;0xCDcF7b2a3352a32cc28FD35C3924f5BD542a25Ea;301;301;301;0;0,0;3,147985218576069;3,9171438568369283;0,7691586382608593;303;0;301;0,0;False;0,008475049875655505;-0,0008254153254476347;2,0;vehicles_step_sim_10__run031__SUMO_carro_1000__t0001
32;vehicles_step_sim_10.csv;SUMO_carro_1000;HBEFA4/PC_petrol_Euro-6ab;Gasoline;1773509250;2026-03-14 17:27:30;2026-03-14 17:27:30;0,0;3,158922;3,019816;0,139106;51,22368452424243;118326,71125100002;608,092485;-117718,61876600001;-5,8859309383000005;34,68659;9,643312;40,77564360647124;-73,96068698429804;40,7712357214096;-73,96381253941745;40,7816563;-73,9713938;40,7785507;-73,97427;True;True;0xCDcF7b2a3352a32cc28FD35C3924f5BD542a25Ea;301;301;301;0;0,0;3,147985218576069;2,487161033710016;-0,660824184866053;303;0;301;0,0;False;0,006253694349524495;-0,008028737682491335;2,0;vehicles_step_sim_10__run032__SUMO_carro_1000__t0001
33;vehicles_step_sim_10.csv;SUMO_carro_1000;HBEFA4/PC_petrol_Euro-6ab;Gasoline;1773509250;2026-03-14 17:27:30;2026-03-14 17:27:30;0,0;3,158922;3,019816;0,139106;51,22368452424243;118326,71125100002;608,092485;-117718,61876600001;-5,8859309383000005;34,68659;9,643312;40,77564360647124;-73,96068698429804;40,7712357214096;-73,96381253941745;40,770581;-73,9757765;40,7656894;-73,9799133;True;True;0xCDcF7b2a3352a32cc28FD35C3924f5BD542a25Ea;301;301;301;0;0,0;3,147985218576069;5,2469854703477115;2,0990002517716424;303;0;301;0,0;False;-0,00562168533077724;-0,015621346057202428;2,0;vehicles_step_sim_10__run033__SUMO_carro_1000__t0001
34;vehicles_step_sim_10.csv;SUMO_carro_1000;HBEFA4/PC_petrol_Euro-6ab;Gasoline;1773509250;2026-03-14 17:27:30;2026-03-14 17:27:30;0,0;3,158922;3,019816;0,139106;51,22368452424243;118326,71125100002;608,092485;-117718,61876600001;-5,8859309383000005;34,68659;9,643312;40,77564360647124;-73,96068698429804;40,7712357214096;-73,96381253941745;40,7913595;-73,9679888;40,7857827;-73,9704795;True;True;0xCDcF7b2a3352a32cc28FD35C3924f5BD542a25Ea;301;301;301;0;0,0;3,147985218576069;2,18636301430074;-0,9616222042753289;303;0;301;0,0;False;0,01492442513111028;-0,0069444854267603625;2,0;vehicles_step_sim_10__run034__SUMO_carro_1000__t0001
35;vehicles_step_sim_10.csv;SUMO_carro_1000;HBEFA4/PC_petrol_Euro-6ab;Gasoline;1773509250;2026-03-14 17:27:30;2026-03-14 17:27:30;0,0;3,158922;3,019816;0,139106;51,22368452424243;118326,71125100002;608,092485;-117718,61876600001;-5,8859309383000005;34,68659;9,643312;40,77564360647124;-73,96068698429804;40,7712357214096;-73,96381253941745;40,7903238;-73,9656836;40,7846658;-73,9675276;True;True;0xCDcF7b2a3352a32cc28FD35C3924f5BD542a25Ea;301;301;301;0;0,0;3,147985218576069;9,866576410919201;6,718591192343132;303;0;301;0,0;False;0,013918033558400022;-0,003204677374630372;2,0;vehicles_step_sim_10__run035__SUMO_carro_1000__t0001
36;vehicles_step_sim_10.csv;SUMO_carro_1000;HBEFA4/PC_petrol_Euro-6ab;Gasoline;1773509250;2026-03-14 17:27:30;2026-03-14 17:27:30;0,0;3,158922;3,019816;0,139106;51,22368452424243;118326,71125100002;608,092485;-117718,61876600001;-5,8859309383000005;34,68659;9,643312;40,77564360647124;-73,96068698429804;40,7712357214096;-73,96381253941745;40,7711057;-73,9680239;40,7667175;-73,9712254;True;True;0xCDcF7b2a3352a32cc28FD35C3924f5BD542a25Ea;301;301;301;0;0,0;3,147985218576069;3,752676842599901;0,604691624023832;303;0;301;0,0;False;-0,0045538172425764805;-0,007812062410080765;2,0;vehicles_step_sim_10__run036__SUMO_carro_1000__t0001
37;vehicles_step_sim_10.csv;SUMO_carro_1000;HBEFA4/PC_petrol_Euro-6ab;Gasoline;1773509250;2026-03-14 17:27:30;2026-03-14 17:27:30;0,0;3,158922;3,019816;0,139106;51,22368452424243;118326,71125100002;608,092485;-117718,61876600001;-5,8859309383000005;34,68659;9,643312;40,77564360647124;-73,96068698429804;40,7712357214096;-73,96381253941745;40,7844878;-73,9736541;40,7799478;-73,9769463;True;True;0xCDcF7b2a3352a32cc28FD35C3924f5BD542a25Ea;301;301;301;0;0,0;3,147985218576069;3,2339363107743586;0,08595109219828956;303;0;301;0,0;False;0,008648353749431384;-0,013148605919836942;2,0;vehicles_step_sim_10__run037__SUMO_carro_1000__t0001
38;vehicles_step_sim_10.csv;SUMO_carro_1000;HBEFA4/PC_petrol_Euro-6ab;Gasoline;1773509250;2026-03-14 17:27:30;2026-03-14 17:27:30;0,0;3,158922;3,019816;0,139106;51,22368452424243;118326,71125100002;608,092485;-117718,61876600001;-5,8859309383000005;34,68659;9,643312;40,77564360647124;-73,96068698429804;40,7712357214096;-73,96381253941745;40,7699024;-73,9747411;40,7660406;-73,9770984;True;True;0xCDcF7b2a3352a32cc28FD35C3924f5BD542a25Ea;301;301;301;0;0,0;3,147985218576069;3,465155353784301;0,3171701352082321;303;0;301;0,0;False;-0,004669761250810368;-0,012992741430818175;2,0;vehicles_step_sim_10__run038__SUMO_carro_1000__t0001
39;vehicles_step_sim_10.csv;SUMO_carro_1000;HBEFA4/PC_petrol_Euro-6ab;Gasoline;1773509250;2026-03-14 17:27:30;2026-03-14 17:27:30;0,0;3,158922;3,019816;0,139106;51,22368452424243;118326,71125100002;608,092485;-117718,61876600001;-5,8859309383000005;34,68659;9,643312;40,77564360647124;-73,96068698429804;40,7712357214096;-73,96381253941745;40,7822414;-73,9761686;40,7774687;-73,9789236;True;True;0xCDcF7b2a3352a32cc28FD35C3924f5BD542a25Ea;301;301;301;0;0,0;3,147985218576069;3,7479044002076183;0,5999191816315492;303;0;301;0,0;False;0,006717760760966992;-0,01642965550750366;2,0;vehicles_step_sim_10__run039__SUMO_carro_1000__t0001
40;vehicles_step_sim_10.csv;SUMO_carro_1000;HBEFA4/PC_petrol_Euro-6ab;Gasoline;1773509250;2026-03-14 17:27:30;2026-03-14 17:27:30;0,0;3,158922;3,019816;0,139106;51,22368452424243;118326,71125100002;608,092485;-117718,61876600001;-5,8859309383000005;34,68659;9,643312;40,77564360647124;-73,96068698429804;40,7712357214096;-73,96381253941745;40,7866062;-73,9523691;40,7821351;-73,9556662;True;True;0xCDcF7b2a3352a32cc28FD35C3924f5BD542a25Ea;301;301;301;0;0,0;3,147985218576069;3,6643338135189074;0,5163485949428384;303;0;301;0,0;False;0,010992411840628907;0,008290803438837775;2,0;vehicles_step_sim_10__run040__SUMO_carro_1000__t0001
41;vehicles_step_sim_10.csv;SUMO_carro_1000;HBEFA4/PC_petrol_Euro-6ab;Gasoline;1773509250;2026-03-14 17:27:30;2026-03-14 17:27:30;0,0;3,158922;3,019816;0,139106;51,22368452424243;118326,71125100002;608,092485;-117718,61876600001;-5,8859309383000005;34,68659;9,643312;40,77564360647124;-73,96068698429804;40,7712357214096;-73,96381253941745;40,7818645;-73,9488308;40,7777944;-73,9518067;True;True;0xCDcF7b2a3352a32cc28FD35C3924f5BD542a25Ea;301;301;301;0;0,0;3,147985218576069;2,7096183984023403;-0,43836682017372874;303;0;301;0,0;False;0,006388054613646316;0,011733576772675525;2,0;vehicles_step_sim_10__run041__SUMO_carro_1000__t0001
42;vehicles_step_sim_10.csv;SUMO_carro_1000;HBEFA4/PC_petrol_Euro-6ab;Gasoline;1773509250;2026-03-14 17:27:30;2026-03-14 17:27:30;0,0;3,158922;3,019816;0,139106;51,22368452424243;118326,71125100002;608,092485;-117718,61876600001;-5,8859309383000005;34,68659;9,643312;40,77564360647124;-73,96068698429804;40,7712357214096;-73,96381253941745;40,7647032;-73,9720675;40,7603581;-73,9757267;True;True;0xCDcF7b2a3352a32cc28FD35C3924f5BD542a25Ea;301;301;301;0;0,0;3,147985218576069;3,468028959818429;0,32004374124236;303;0;301;0,0;False;-0,010871482415211216;-0,011560616303993191;2,0;vehicles_step_sim_10__run042__SUMO_carro_1000__t0001
43;vehicles_step_sim_10.csv;SUMO_carro_1000;HBEFA4/PC_petrol_Euro-6ab;Gasoline;1773509250;2026-03-14 17:27:30;2026-03-14 17:27:30;0,0;3,158922;3,019816;0,139106;51,22368452424243;118326,71125100002;608,092485;-117718,61876600001;-5,8859309383000005;34,68659;9,643312;40,77564360647124;-73,96068698429804;40,7712357214096;-73,96381253941745;40,7801181;-73,971281;40,7755995;-73,9764204;True;True;0xCDcF7b2a3352a32cc28FD35C3924f5BD542a25Ea;301;301;301;0;0,0;3,147985218576069;7,095495066804309;3,9475098482282402;303;0;301;0,0;False;0,0037696162495669634;-0,011238351980498527;2,0;vehicles_step_sim_10__run043__SUMO_carro_1000__t0001
44;vehicles_step_sim_10.csv;SUMO_carro_1000;HBEFA4/PC_petrol_Euro-6ab;Gasoline;1773509250;2026-03-14 17:27:30;2026-03-14 17:27:30;0,0;3,158922;3,019816;0,139106;51,22368452424243;118326,71125100002;608,092485;-117718,61876600001;-5,8859309383000005;34,68659;9,643312;40,77564360647124;-73,96068698429804;40,7712357214096;-73,96381253941745;40,7652852;-73,967962;40,7608083;-73,9712341;True;True;0xCDcF7b2a3352a32cc28FD35C3924f5BD542a25Ea;301;301;301;0;0,0;3,147985218576069;4,114699527105618;0,9667143085295486;303;0;301;0,0;False;-0,01060823396924142;-0,007383339225167341;2,0;vehicles_step_sim_10__run044__SUMO_carro_1000__t0001
45;vehicles_step_sim_10.csv;SUMO_carro_1000;HBEFA4/PC_petrol_Euro-6ab;Gasoline;1773509250;2026-03-14 17:27:30;2026-03-14 17:27:30;0,0;3,158922;3,019816;0,139106;51,22368452424243;118326,71125100002;608,092485;-117718,61876600001;-5,8859309383000005;34,68659;9,643312;40,77564360647124;-73,96068698429804;40,7712357214096;-73,96381253941745;40,7739624;-73,9544327;40,7694395;-73,9577356;True;True;0xCDcF7b2a3352a32cc28FD35C3924f5BD542a25Ea;301;301;301;0;0,0;3,147985218576069;4,3914675230706;1,2434823044945307;303;0;301;0,0;False;-0,0017464151969386384;0,006417508880503831;2,0;vehicles_step_sim_10__run045__SUMO_carro_1000__t0001
46;vehicles_step_sim_10.csv;SUMO_carro_1000;HBEFA4/PC_petrol_Euro-6ab;Gasoline;1773509250;2026-03-14 17:27:30;2026-03-14 17:27:30;0,0;3,158922;3,019816;0,139106;51,22368452424243;118326,71125100002;608,092485;-117718,61876600001;-5,8859309383000005;34,68659;9,643312;40,77564360647124;-73,96068698429804;40,7712357214096;-73,96381253941745;40,7813246;-73,9761035;40,7770459;-73,9790712;True;True;0xCDcF7b2a3352a32cc28FD35C3924f5BD542a25Ea;301;301;301;0;0,0;3,147985218576069;3,3702884176330468;0,2223031990569777;303;0;301;0,0;False;0,00593087695083182;-0,015529410386638007;2,0;vehicles_step_sim_10__run046__SUMO_carro_1000__t0001
47;vehicles_step_sim_10.csv;SUMO_carro_1000;HBEFA4/PC_petrol_Euro-6ab;Gasoline;1773509250;2026-03-14 17:27:30;2026-03-14 17:27:30;0,0;3,158922;3,019816;0,139106;51,22368452424243;118326,71125100002;608,092485;-117718,61876600001;-5,8859309383000005;34,68659;9,643312;40,77564360647124;-73,96068698429804;40,7712357214096;-73,96381253941745;40,7775904;-73,9610596;40,7730573;-73,9643696;True;True;0xCDcF7b2a3352a32cc28FD35C3924f5BD542a25Ea;301;301;301;0;0,0;3,147985218576069;3,2878311335815904;0,13984591500552135;303;0;301;0,0;False;0,0016212523864752558;-0,00042502158767031945;2,0;vehicles_step_sim_10__run047__SUMO_carro_1000__t0001
48;vehicles_step_sim_10.csv;SUMO_carro_1000;HBEFA4/PC_petrol_Euro-6ab;Gasoline;1773509250;2026-03-14 17:27:30;2026-03-14 17:27:30;0,0;3,158922;3,019816;0,139106;51,22368452424243;118326,71125100002;608,092485;-117718,61876600001;-5,8859309383000005;34,68659;9,643312;40,77564360647124;-73,96068698429804;40,7712357214096;-73,96381253941745;40,7903029;-73,9599137;40,7835281;-73,9644858;True;True;0xCDcF7b2a3352a32cc28FD35C3924f5BD542a25Ea;301;301;301;0;0,0;3,147985218576069;3,7943349956600434;0,6463497770839743;303;0;301;0,0;False;0,012197186149797189;-0,0006798750775364856;2,0;vehicles_step_sim_10__run048__SUMO_carro_1000__t0001
49;vehicles_step_sim_10.csv;SUMO_carro_1000;HBEFA4/PC_petrol_Euro-6ab;Gasoline;1773509250;2026-03-14 17:27:30;2026-03-14 17:27:30;0,0;3,158922;3,019816;0,139106;51,22368452424243;118326,71125100002;608,092485;-117718,61876600001;-5,8859309383000005;34,68659;9,643312;40,77564360647124;-73,96068698429804;40,7712357214096;-73,96381253941745;40,7623392;-73,9606603;40,7577027;-73,9635653;True;True;0xCDcF7b2a3352a32cc28FD35C3924f5BD542a25Ea;301;301;301;0;0,0;3,147985218576069;3,7071287317813897;0,5591435132053206;303;0;301;0,0;False;-0,013079874487431947;5,390550097447097e-05;2,0;vehicles_step_sim_10__run049__SUMO_carro_1000__t0001
50;vehicles_step_sim_10.csv;SUMO_carro_1000;HBEFA4/PC_petrol_Euro-6ab;Gasoline;1773509250;2026-03-14 17:27:30;2026-03-14 17:27:30;0,0;3,158922;3,019816;0,139106;51,22368452424243;118326,71125100002;608,092485;-117718,61876600001;-5,8859309383000005;34,68659;9,643312;40,77564360647124;-73,96068698429804;40,7712357214096;-73,96381253941745;40,7833926;-73,964168;40,7784436;-73,9673756;True;True;0xCDcF7b2a3352a32cc28FD35C3924f5BD542a25Ea;301;301;301;0;0,0;3,147985218576069;3,2302954115997693;0,08231019302370024;303;0;301;0,0;False;0,007370567162487558;-0,003757082690376161;2,0;vehicles_step_sim_10__run050__SUMO_carro_1000__t0001
51;vehicles_step_sim_10.csv;SUMO_carro_1000;HBEFA4/PC_petrol_Euro-6ab;Gasoline;1773509250;2026-03-14 17:27:30;2026-03-14 17:27:30;0,0;3,158922;3,019816;0,139106;51,22368452424243;118326,71125100002;608,092485;-117718,61876600001;-5,8859309383000005;34,68659;9,643312;40,77564360647124;-73,96068698429804;40,7712357214096;-73,96381253941745;40,771157;-73,9618158;40,7673602;-73,9648123;True;True;0xCDcF7b2a3352a32cc28FD35C3924f5BD542a25Ea;301;301;301;0;0,0;3,147985218576069;2,892816510306036;-0,25516870827003313;303;0;301;0,0;False;-0,003926889042625518;-0,001572457998558097;2,0;vehicles_step_sim_10__run051__SUMO_carro_1000__t0001
52;vehicles_step_sim_10.csv;SUMO_carro_1000;HBEFA4/PC_petrol_Euro-6ab;Gasoline;1773509250;2026-03-14 17:27:30;2026-03-14 17:27:30;0,0;3,158922;3,019816;0,139106;51,22368452424243;118326,71125100002;608,092485;-117718,61876600001;-5,8859309383000005;34,68659;9,643312;40,77564360647124;-73,96068698429804;40,7712357214096;-73,96381253941745;40,7641355;-73,9552174;40,7595014;-73,9582277;True;True;0xCDcF7b2a3352a32cc28FD35C3924f5BD542a25Ea;301;301;301;0;0,0;3,147985218576069;4,461485506911514;1,3135002883354452;303;0;301;0,0;False;-0,01169564822497233;0,005363887305190396;2,0;vehicles_step_sim_10__run052__SUMO_carro_1000__t0001
53;vehicles_step_sim_10.csv;SUMO_carro_1000;HBEFA4/PC_petrol_Euro-6ab;Gasoline;1773509250;2026-03-14 17:27:30;2026-03-14 17:27:30;0,0;3,158922;3,019816;0,139106;51,22368452424243;118326,71125100002;608,092485;-117718,61876600001;-5,8859309383000005;34,68659;9,643312;40,77564360647124;-73,96068698429804;40,7712357214096;-73,96381253941745;40,7775705;-73,9646152;40,7724555;-73,9670325;True;True;0xCDcF7b2a3352a32cc28FD35C3924f5BD542a25Ea;301;301;301;0;0,0;3,147985218576069;2,765711535872676;-0,382273682703393;303;0;301;0,0;False;0,0016658546609056358;-0,004318866153712309;2,0;vehicles_step_sim_10__run053__SUMO_carro_1000__t0001
54;vehicles_step_sim_10.csv;SUMO_carro_1000;HBEFA4/PC_petrol_Euro-6ab;Gasoline;1773509250;2026-03-14 17:27:30;2026-03-14 17:27:30;0,0;3,158922;3,019816;0,139106;51,22368452424243;118326,71125100002;608,092485;-117718,61876600001;-5,8859309383000005;34,68659;9,643312;40,77564360647124;-73,96068698429804;40,7712357214096;-73,96381253941745;40,7826188;-73,9730915;40,7772465;-73,9762717;True;True;0xCDcF7b2a3352a32cc28FD35C3924f5BD542a25Ea;301;301;301;0;0,0;3,147985218576069;3,406154606010184;0,2581693874341151;303;0;301;0,0;False;0,006311773223741463;-0,012628222141403845;2,0;vehicles_step_sim_10__run054__SUMO_carro_1000__t0001
55;vehicles_step_sim_10.csv;SUMO_carro_1000;HBEFA4/PC_petrol_Euro-6ab;Gasoline;1773509250;2026-03-14 17:27:30;2026-03-14 17:27:30;0,0;3,158922;3,019816;0,139106;51,22368452424243;118326,71125100002;608,092485;-117718,61876600001;-5,8859309383000005;34,68659;9,643312;40,77564360647124;-73,96068698429804;40,7712357214096;-73,96381253941745;40,7634264;-73,9593724;40,7592704;-73,9630951;True;True;0xCDcF7b2a3352a32cc28FD35C3924f5BD542a25Ea;301;301;301;0;0,0;3,147985218576069;3,641529253450444;0,4935440348743749;303;0;301;0,0;False;-0,011668100396260189;0,0009108728428997071;2,0;vehicles_step_sim_10__run055__SUMO_carro_1000__t0001
56;vehicles_step_sim_10.csv;SUMO_carro_1000;HBEFA4/PC_petrol_Euro-6ab;Gasoline;1773509250;2026-03-14 17:27:30;2026-03-14 17:27:30;0,0;3,158922;3,019816;0,139106;51,22368452424243;118326,71125100002;608,092485;-117718,61876600001;-5,8859309383000005;34,68659;9,643312;40,77564360647124;-73,96068698429804;40,7712357214096;-73,96381253941745;40,7789069;-73,9684905;40,7789069;-73,9684905;True;True;0xCDcF7b2a3352a32cc28FD35C3924f5BD542a25Ea;301;301;301;0;0,0;3,147985218576069;2,517637592190553;-0,6303476263855159;303;0;301;0,0;False;0,005458906769566998;-0,006144938721756734;2,0;vehicles_step_sim_10__run056__SUMO_carro_1000__t0001
57;vehicles_step_sim_10.csv;SUMO_carro_1000;HBEFA4/PC_petrol_Euro-6ab;Gasoline;1773509250;2026-03-14 17:27:30;2026-03-14 17:27:30;0,0;3,158922;3,019816;0,139106;51,22368452424243;118326,71125100002;608,092485;-117718,61876600001;-5,8859309383000005;34,68659;9,643312;40,77564360647124;-73,96068698429804;40,7712357214096;-73,96381253941745;40,7855212;-73,9698584;40,7809834;-73,9725008;True;True;0xCDcF7b2a3352a32cc28FD35C3924f5BD542a25Ea;301;301;301;0;0,0;3,147985218576069;4,1643498391097165;1,0163646205336474;303;0;301;0,0;False;0,00999603708129623;-0,008914010258584836;2,0;vehicles_step_sim_10__run057__SUMO_carro_1000__t0001
58;vehicles_step_sim_10.csv;SUMO_carro_1000;HBEFA4/PC_petrol_Euro-6ab;Gasoline;1773509250;2026-03-14 17:27:30;2026-03-14 17:27:30;0,0;3,158922;3,019816;0,139106;51,22368452424243;118326,71125100002;608,092485;-117718,61876600001;-5,8859309383000005;34,68659;9,643312;40,77564360647124;-73,96068698429804;40,7712357214096;-73,96381253941745;40,7826188;-73,9730915;40,7782247;-73,9746579;True;True;0xCDcF7b2a3352a32cc28FD35C3924f5BD542a25Ea;301;301;301;0;0,0;3,147985218576069;2,857494799183888;-0,2904904193921811;303;0;301;0,0;False;0,007357625781352268;-0,012046278752069624;2,0;vehicles_step_sim_10__run058__SUMO_carro_1000__t0001
59;vehicles_step_sim_10.csv;SUMO_carro_1000;HBEFA4/PC_petrol_Euro-6ab;Gasoline;1773509250;2026-03-14 17:27:30;2026-03-14 17:27:30;0,0;3,158922;3,019816;0,139106;51,22368452424243;118326,71125100002;608,092485;-117718,61876600001;-5,8859309383000005;34,68659;9,643312;40,77564360647124;-73,96068698429804;40,7712357214096;-73,96381253941745;40,7695431;-73,9579996;40,7652979;-73,962205;True;True;0xCDcF7b2a3352a32cc28FD35C3924f5BD542a25Ea;301;301;301;0;0,0;3,147985218576069;3,7417423537755146;0,5937571351994455;303;0;301;0,0;False;-0,00569207203447514;0,001729779064729596;2,0;vehicles_step_sim_10__run059__SUMO_carro_1000__t0001
60;vehicles_step_sim_10.csv;SUMO_carro_1000;HBEFA4/PC_petrol_Euro-6ab;Gasoline;1773509250;2026-03-14 17:27:30;2026-03-14 17:27:30;0,0;3,158922;3,019816;0,139106;51,22368452424243;118326,71125100002;608,092485;-117718,61876600001;-5,8859309383000005;34,68659;9,643312;40,77564360647124;-73,96068698429804;40,7712357214096;-73,96381253941745;40,7884801;-73,9708999;40,7839648;-73,9741877;True;True;0xCDcF7b2a3352a32cc28FD35C3924f5BD542a25Ea;301;301;301;0;0,0;3,147985218576069;3,4325510374149935;0,2845658188389244;303;0;301;0,0;False;0,012819908598132394;-0,01038344657695559;2,0;vehicles_step_sim_10__run060__SUMO_carro_1000__t0001
61;vehicles_step_sim_10.csv;SUMO_carro_1000;HBEFA4/PC_petrol_Euro-6ab;Gasoline;1773509250;2026-03-14 17:27:30;2026-03-14 17:27:30;0,0;3,158922;3,019816;0,139106;51,22368452424243;118326,71125100002;608,092485;-117718,61876600001;-5,8859309383000005;34,68659;9,643312;40,77564360647124;-73,96068698429804;40,7712357214096;-73,96381253941745;40,7603096;-73,9521573;40,7565542;-73,9557302;True;True;0xCDcF7b2a3352a32cc28FD35C3924f5BD542a25Ea;301;301;301;0;0,0;3,147985218576069;1,9425399803404362;-1,2054452382356329;303;0;301;0,0;False;-0,015027573023993511;0,008483270503783388;2,0;vehicles_step_sim_10__run061__SUMO_carro_1000__t0001
62;vehicles_step_sim_10.csv;SUMO_carro_1000;HBEFA4/PC_petrol_Euro-6ab;Gasoline;1773509250;2026-03-14 17:27:30;2026-03-14 17:27:30;0,0;3,158922;3,019816;0,139106;51,22368452424243;118326,71125100002;608,092485;-117718,61876600001;-5,8859309383000005;34,68659;9,643312;40,77564360647124;-73,96068698429804;40,7712357214096;-73,96381253941745;40,7624378;-73,9628444;40,7579652;-73,9660957;True;True;0xCDcF7b2a3352a32cc28FD35C3924f5BD542a25Ea;301;301;301;0;0,0;3,147985218576069;3,6090935393136525;0,46110832073758345;303;0;301;0,0;False;-0,01356968403906844;-0,0019702024059084413;2,0;vehicles_step_sim_10__run062__SUMO_carro_1000__t0001
63;vehicles_step_sim_10.csv;SUMO_carro_1000;HBEFA4/PC_petrol_Euro-6ab;Gasoline;1773509250;2026-03-14 17:27:30;2026-03-14 17:27:30;0,0;3,158922;3,019816;0,139106;51,22368452424243;118326,71125100002;608,092485;-117718,61876600001;-5,8859309383000005;34,68659;9,643312;40,77564360647124;-73,96068698429804;40,7712357214096;-73,96381253941745;40,7699024;-73,9747411;40,7659093;-73,9767876;True;True;0xCDcF7b2a3352a32cc28FD35C3924f5BD542a25Ea;301;301;301;0;0,0;3,147985218576069;3,3678602547500582;0,21987503617398918;303;0;301;0,0;False;-0,004313112348827371;-0,012320960208588954;2,0;vehicles_step_sim_10__run063__SUMO_carro_1000__t0001
64;vehicles_step_sim_10.csv;SUMO_carro_1000;HBEFA4/PC_petrol_Euro-6ab;Gasoline;1773509250;2026-03-14 17:27:30;2026-03-14 17:27:30;0,0;3,158922;3,019816;0,139106;51,22368452424243;118326,71125100002;608,092485;-117718,61876600001;-5,8859309383000005;34,68659;9,643312;40,77564360647124;-73,96068698429804;40,7712357214096;-73,96381253941745;40,7786974;-73,9679871;40,7786974;-73,9679871;True;True;0xCDcF7b2a3352a32cc28FD35C3924f5BD542a25Ea;301;301;301;0;0,0;3,147985218576069;2,8170324998742418;-0,3309527187018273;303;0;301;0,0;False;0,004629562328125191;-0,0059367218036371055;2,0;vehicles_step_sim_10__run064__SUMO_carro_1000__t0001
65;vehicles_step_sim_10.csv;SUMO_carro_1000;HBEFA4/PC_petrol_Euro-6ab;Gasoline;1773509250;2026-03-14 17:27:30;2026-03-14 17:27:30;0,0;3,158922;3,019816;0,139106;51,22368452424243;118326,71125100002;608,092485;-117718,61876600001;-5,8859309383000005;34,68659;9,643312;40,77564360647124;-73,96068698429804;40,7712357214096;-73,96381253941745;40,7827397;-73,9533624;40,7787629;-73,9561258;True;True;0xCDcF7b2a3352a32cc28FD35C3924f5BD542a25Ea;301;301;301;0;0,0;3,147985218576069;3,993165165739504;0,8451799471634351;303;0;301;0,0;False;0,007432011702662149;0,007245025636189292;2,0;vehicles_step_sim_10__run065__SUMO_carro_1000__t0001
66;vehicles_step_sim_10.csv;SUMO_carro_1000;HBEFA4/PC_petrol_Euro-6ab;Gasoline;1773509250;2026-03-14 17:27:30;2026-03-14 17:27:30;0,0;3,158922;3,019816;0,139106;51,22368452424243;118326,71125100002;608,092485;-117718,61876600001;-5,8859309383000005;34,68659;9,643312;40,77564360647124;-73,96068698429804;40,7712357214096;-73,96381253941745;40,7783175;-73,9588339;40,774423;-73,9616724;True;True;0xCDcF7b2a3352a32cc28FD35C3924f5BD542a25Ea;301;301;301;0;0,0;3,147985218576069;3,3467472431648053;0,19876202458873626;303;0;301;0,0;False;0,00301431178198039;0,0016385543897822084;2,0;vehicles_step_sim_10__run066__SUMO_carro_1000__t0001
67;vehicles_step_sim_10.csv;SUMO_carro_1000;HBEFA4/PC_petrol_Euro-6ab;Gasoline;1773509250;2026-03-14 17:27:30;2026-03-14 17:27:30;0,0;3,158922;3,019816;0,139106;51,22368452424243;118326,71125100002;608,092485;-117718,61876600001;-5,8859309383000005;34,68659;9,643312;40,77564360647124;-73,96068698429804;40,7712357214096;-73,96381253941745;40,7644873;-73,9560727;40,7601619;-73,959399;True;True;0xCDcF7b2a3352a32cc28FD35C3924f5BD542a25Ea;301;301;301;0;0,0;3,147985218576069;3,2585957486112025;0,11061053003513344;303;0;301;0,0;False;-0,011040579044099582;0,004550047429679101;2,0;vehicles_step_sim_10__run067__SUMO_carro_1000__t0001
68;vehicles_step_sim_10.csv;SUMO_carro_1000;HBEFA4/PC_petrol_Euro-6ab;Gasoline;1773509250;2026-03-14 17:27:30;2026-03-14 17:27:30;0,0;3,158922;3,019816;0,139106;51,22368452424243;118326,71125100002;608,092485;-117718,61876600001;-5,8859309383000005;34,68659;9,643312;40,77564360647124;-73,96068698429804;40,7712357214096;-73,96381253941745;40,7681172;-73,9526585;40,7637322;-73,956036;True;True;0xCDcF7b2a3352a32cc28FD35C3924f5BD542a25Ea;301;301;301;0;0,0;3,147985218576069;3,120661944969931;-0,027323273606138176;303;0;301;0,0;False;-0,007791327502923585;0,008437859104438528;2,0;vehicles_step_sim_10__run068__SUMO_carro_1000__t0001
69;vehicles_step_sim_10.csv;SUMO_carro_1000;HBEFA4/PC_petrol_Euro-6ab;Gasoline;1773509250;2026-03-14 17:27:30;2026-03-14 17:27:30;0,0;3,158922;3,019816;0,139106;51,22368452424243;118326,71125100002;608,092485;-117718,61876600001;-5,8859309383000005;34,68659;9,643312;40,77564360647124;-73,96068698429804;40,7712357214096;-73,96381253941745;40,7941266;-73,9629129;40,7897447;-73,9661041;True;True;0xCDcF7b2a3352a32cc28FD35C3924f5BD542a25Ea;301;301;301;0;0,0;3,147985218576069;3,518196286122544;0,3702110675464749;303;0;301;0,0;False;0,017826955437193422;-0,0007797799847944523;2,0;vehicles_step_sim_10__run069__SUMO_carro_1000__t0001
70;vehicles_step_sim_10.csv;SUMO_carro_1000;HBEFA4/PC_petrol_Euro-6ab;Gasoline;1773509250;2026-03-14 17:27:30;2026-03-14 17:27:30;0,0;3,158922;3,019816;0,139106;51,22368452424243;118326,71125100002;608,092485;-117718,61876600001;-5,8859309383000005;34,68659;9,643312;40,77564360647124;-73,96068698429804;40,7712357214096;-73,96381253941745;40,7736129;-73,9617411;40,7688891;-73,9645695;True;True;0xCDcF7b2a3352a32cc28FD35C3924f5BD542a25Ea;301;301;301;0;0,0;3,147985218576069;2,843437385107416;-0,3045478334686531;303;0;301;0,0;False;-0,00224539249948161;-0,00036889443214347805;2,0;vehicles_step_sim_10__run070__SUMO_carro_1000__t0001
71;vehicles_step_sim_10.csv;SUMO_carro_1000;HBEFA4/PC_petrol_Euro-6ab;Gasoline;1773509250;2026-03-14 17:27:30;2026-03-14 17:27:30;0,0;3,158922;3,019816;0,139106;51,22368452424243;118326,71125100002;608,092485;-117718,61876600001;-5,8859309383000005;34,68659;9,643312;40,77564360647124;-73,96068698429804;40,7712357214096;-73,96381253941745;40,7758122;-73,9447616;40,7711274;-73,9477205;True;True;0xCDcF7b2a3352a32cc28FD35C3924f5BD542a25Ea;301;301;301;0;0,0;3,147985218576069;2,973837033484093;-0,17414818509197616;303;0;301;0,0;False;0,00017605040929918257;0,015514349973549033;2,0;vehicles_step_sim_10__run071__SUMO_carro_1000__t0001
72;vehicles_step_sim_10.csv;SUMO_carro_1000;HBEFA4/PC_petrol_Euro-6ab;Gasoline;1773509250;2026-03-14 17:27:30;2026-03-14 17:27:30;0,0;3,158922;3,019816;0,139106;51,22368452424243;118326,71125100002;608,092485;-117718,61876600001;-5,8859309383000005;34,68659;9,643312;40,77564360647124;-73,96068698429804;40,7712357214096;-73,96381253941745;40,7755387;-73,9562075;40,7710093;-73,9595157;True;True;0xCDcF7b2a3352a32cc28FD35C3924f5BD542a25Ea;301;301;301;0;0,0;3,147985218576069;3,8429704718366877;0,6949852532606187;303;0;301;0,0;False;-0,0006407331488077756;0,005279958684000043;2,0;vehicles_step_sim_10__run072__SUMO_carro_1000__t0001
73;vehicles_step_sim_10.csv;SUMO_carro_1000;HBEFA4/PC_petrol_Euro-6ab;Gasoline;1773509250;2026-03-14 17:27:30;2026-03-14 17:27:30;0,0;3,158922;3,019816;0,139106;51,22368452424243;118326,71125100002;608,092485;-117718,61876600001;-5,8859309383000005;34,68659;9,643312;40,77564360647124;-73,96068698429804;40,7712357214096;-73,96381253941745;40,7847091;-73,9541625;40,7803255;-73,9572278;True;True;0xCDcF7b2a3352a32cc28FD35C3924f5BD542a25Ea;301;301;301;0;0,0;3,147985218576069;3,2819980681905943;0,1340128496145252;303;0;301;0,0;False;0,009332329543784353;0,006469458473042558;2,0;vehicles_step_sim_10__run073__SUMO_carro_1000__t0001
74;vehicles_step_sim_10.csv;SUMO_carro_1000;HBEFA4/PC_petrol_Euro-6ab;Gasoline;1773509250;2026-03-14 17:27:30;2026-03-14 17:27:30;0,0;3,158922;3,019816;0,139106;51,22368452424243;118326,71125100002;608,092485;-117718,61876600001;-5,8859309383000005;34,68659;9,643312;40,77564360647124;-73,96068698429804;40,7712357214096;-73,96381253941745;40,7617402;-73,9574946;40,7572811;-73,9607353;True;True;0xCDcF7b2a3352a32cc28FD35C3924f5BD542a25Ea;301;301;301;0;0,0;3,147985218576069;4,719553079310657;1,571567860734588;303;0;301;0,0;False;-0,014046274308390585;0,0029168151251137103;2,0;vehicles_step_sim_10__run074__SUMO_carro_1000__t0001
75;vehicles_step_sim_10.csv;SUMO_carro_1000;HBEFA4/PC_petrol_Euro-6ab;Gasoline;1773509250;2026-03-14 17:27:30;2026-03-14 17:27:30;0,0;3,158922;3,019816;0,139106;51,22368452424243;118326,71125100002;608,092485;-117718,61876600001;-5,8859309383000005;34,68659;9,643312;40,77564360647124;-73,96068698429804;40,7712357214096;-73,96381253941745;40,7902022;-73,9595141;40,7831443;-73,9638043;True;True;0xCDcF7b2a3352a32cc28FD35C3924f5BD542a25Ea;301;301;301;0;0,0;3,147985218576069;2,7360727407267045;-0,4119124778493646;303;0;301;0,0;False;0,011999320772154145;0,00024022887299964728;2,0;vehicles_step_sim_10__run075__SUMO_carro_1000__t0001
76;vehicles_step_sim_10.csv;SUMO_carro_1000;HBEFA4/PC_petrol_Euro-6ab;Gasoline;1773509250;2026-03-14 17:27:30;2026-03-14 17:27:30;0,0;3,158922;3,019816;0,139106;51,22368452424243;118326,71125100002;608,092485;-117718,61876600001;-5,8859309383000005;34,68659;9,643312;40,77564360647124;-73,96068698429804;40,7712357214096;-73,96381253941745;40,7713699;-73,9464602;40,7670677;-73,9503358;True;True;0xCDcF7b2a3352a32cc28FD35C3924f5BD542a25Ea;301;301;301;0;0,0;3,147985218576069;4,879379246664292;1,7313940280882227;303;0;301;0,0;False;-0,00450324343223914;0,014549414784537694;2,0;vehicles_step_sim_10__run076__SUMO_carro_1000__t0001
77;vehicles_step_sim_10.csv;SUMO_carro_1000;HBEFA4/PC_petrol_Euro-6ab;Gasoline;1773509250;2026-03-14 17:27:30;2026-03-14 17:27:30;0,0;3,158922;3,019816;0,139106;51,22368452424243;118326,71125100002;608,092485;-117718,61876600001;-5,8859309383000005;34,68659;9,643312;40,77564360647124;-73,96068698429804;40,7712357214096;-73,96381253941745;40,7699059;-73,9668118;40,7655267;-73,9699982;True;True;0xCDcF7b2a3352a32cc28FD35C3924f5BD542a25Ea;301;301;301;0;0,0;3,147985218576069;3,4277398654951545;0,27975464691908547;303;0;301;0,0;False;-0,005644318162872656;-0,0059092336944628334;2,0;vehicles_step_sim_10__run077__SUMO_carro_1000__t0001
78;vehicles_step_sim_10.csv;SUMO_carro_1000;HBEFA4/PC_petrol_Euro-6ab;Gasoline;1773509250;2026-03-14 17:27:30;2026-03-14 17:27:30;0,0;3,158922;3,019816;0,139106;51,22368452424243;118326,71125100002;608,092485;-117718,61876600001;-5,8859309383000005;34,68659;9,643312;40,77564360647124;-73,96068698429804;40,7712357214096;-73,96381253941745;40,7688155;-73,970592;40,7650003;-73,9733125;True;True;0xCDcF7b2a3352a32cc28FD35C3924f5BD542a25Ea;301;301;301;0;0,0;3,147985218576069;3,212293423357127;0,06430820478105792;303;0;301;0,0;False;-0,006094543387720415;-0,00978894872421827;2,0;vehicles_step_sim_10__run078__SUMO_carro_1000__t0001
79;vehicles_step_sim_10.csv;SUMO_carro_1000;HBEFA4/PC_petrol_Euro-6ab;Gasoline;1773509250;2026-03-14 17:27:30;2026-03-14 17:27:30;0,0;3,158922;3,019816;0,139106;51,22368452424243;118326,71125100002;608,092485;-117718,61876600001;-5,8859309383000005;34,68659;9,643312;40,77564360647124;-73,96068698429804;40,7712357214096;-73,96381253941745;40,7820303;-73,9555914;40,7775139;-73,9588921;True;True;0xCDcF7b2a3352a32cc28FD35C3924f5BD542a25Ea;301;301;301;0;0,0;3,147985218576069;3,614801241086058;0,4668160225099891;303;0;301;0,0;False;0,0059448262144225885;0,005216238689800293;2,0;vehicles_step_sim_10__run079__SUMO_carro_1000__t0001
80;vehicles_step_sim_10.csv;SUMO_carro_1000;HBEFA4/PC_petrol_Euro-6ab;Gasoline;1773509250;2026-03-14 17:27:30;2026-03-14 17:27:30;0,0;3,158922;3,019816;0,139106;51,22368452424243;118326,71125100002;608,092485;-117718,61876600001;-5,8859309383000005;34,68659;9,643312;40,77564360647124;-73,96068698429804;40,7712357214096;-73,96381253941745;40,7653215;-73,9658037;40,7605926;-73,9683304;True;True;0xCDcF7b2a3352a32cc28FD35C3924f5BD542a25Ea;301;301;301;0;0,0;3,147985218576069;3,708794746642038;0,5608095280659691;303;0;301;0,0;False;-0,010829609676450058;-0,004692351267458154;2,0;vehicles_step_sim_10__run080__SUMO_carro_1000__t0001
81;vehicles_step_sim_10.csv;SUMO_carro_1000;HBEFA4/PC_petrol_Euro-6ab;Gasoline;1773509250;2026-03-14 17:27:30;2026-03-14 17:27:30;0,0;3,158922;3,019816;0,139106;51,22368452424243;118326,71125100002;608,092485;-117718,61876600001;-5,8859309383000005;34,68659;9,643312;40,77564360647124;-73,96068698429804;40,7712357214096;-73,96381253941745;40,7833716;-73,9527633;40,7794073;-73,9556546;True;True;0xCDcF7b2a3352a32cc28FD35C3924f5BD542a25Ea;301;301;301;0;0,0;3,147985218576069;3,7804034703900764;0,6324182518140073;303;0;301;0,0;False;0,007913245898219996;0,008278899676976014;2,0;vehicles_step_sim_10__run081__SUMO_carro_1000__t0001
82;vehicles_step_sim_10.csv;SUMO_carro_1000;HBEFA4/PC_petrol_Euro-6ab;Gasoline;1773509250;2026-03-14 17:27:30;2026-03-14 17:27:30;0,0;3,158922;3,019816;0,139106;51,22368452424243;118326,71125100002;608,092485;-117718,61876600001;-5,8859309383000005;34,68659;9,643312;40,77564360647124;-73,96068698429804;40,7712357214096;-73,96381253941745;40,7711719;-73,9768108;40,7668247;-73,9789476;True;True;0xCDcF7b2a3352a32cc28FD35C3924f5BD542a25Ea;301;301;301;0;0,0;3,147985218576069;3,6164796593615494;0,4684944407854803;303;0;301;0,0;False;-0,0027335541635857743;-0,01402191386265315;2,0;vehicles_step_sim_10__run082__SUMO_carro_1000__t0001
83;vehicles_step_sim_10.csv;SUMO_carro_1000;HBEFA4/PC_petrol_Euro-6ab;Gasoline;1773509250;2026-03-14 17:27:30;2026-03-14 17:27:30;0,0;3,158922;3,019816;0,139106;51,22368452424243;118326,71125100002;608,092485;-117718,61876600001;-5,8859309383000005;34,68659;9,643312;40,77564360647124;-73,96068698429804;40,7712357214096;-73,96381253941745;40,7798836;-73,9553083;40,7759054;-73,9590141;True;True;0xCDcF7b2a3352a32cc28FD35C3924f5BD542a25Ea;301;301;301;0;0,0;3,147985218576069;3,887775373873607;0,7397901552975381;303;0;301;0,0;False;0,0044157945534836806;0,004855118602969249;2,0;vehicles_step_sim_10__run083__SUMO_carro_1000__t0001
84;vehicles_step_sim_10.csv;SUMO_carro_1000;HBEFA4/PC_petrol_Euro-6ab;Gasoline;1773509250;2026-03-14 17:27:30;2026-03-14 17:27:30;0,0;3,158922;3,019816;0,139106;51,22368452424243;118326,71125100002;608,092485;-117718,61876600001;-5,8859309383000005;34,68659;9,643312;40,77564360647124;-73,96068698429804;40,7712357214096;-73,96381253941745;40,7902444;-73,9597115;40,783484;-73,9643722;True;True;0xCDcF7b2a3352a32cc28FD35C3924f5BD542a25Ea;301;301;301;0;0,0;3,147985218576069;3,8188975525378073;0,6709123339617382;303;0;301;0,0;False;0,013971290208153405;0,0006593991560147482;2,0;vehicles_step_sim_10__run084__SUMO_carro_1000__t0001
85;vehicles_step_sim_10.csv;SUMO_carro_1000;HBEFA4/PC_petrol_Euro-6ab;Gasoline;1773509250;2026-03-14 17:27:30;2026-03-14 17:27:30;0,0;3,158922;3,019816;0,139106;51,22368452424243;118326,71125100002;608,092485;-117718,61876600001;-5,8859309383000005;34,68659;9,643312;40,77564360647124;-73,96068698429804;40,7712357214096;-73,96381253941745;40,7794865;-73,9735934;40,7749753;-73,9768787;True;True;0xCDcF7b2a3352a32cc28FD35C3924f5BD542a25Ea;301;301;301;0;0,0;3,147985218576069;3,899883657971719;0,7518984393956498;303;0;301;0,0;False;0,0038583513193715404;-0,012903014121884993;2,0;vehicles_step_sim_10__run085__SUMO_carro_1000__t0001
86;vehicles_step_sim_10.csv;SUMO_carro_1000;HBEFA4/PC_petrol_Euro-6ab;Gasoline;1773509250;2026-03-14 17:27:30;2026-03-14 17:27:30;0,0;3,158922;3,019816;0,139106;51,22368452424243;118326,71125100002;608,092485;-117718,61876600001;-5,8859309383000005;34,68659;9,643312;40,77564360647124;-73,96068698429804;40,7712357214096;-73,96381253941745;40,7845594;-73,9673488;40,7814036;-73,9714362;True;True;0xCDcF7b2a3352a32cc28FD35C3924f5BD542a25Ea;301;301;301;0;0,0;3,147985218576069;3,3975622382205577;0,24957701964448864;303;0;301;0,0;False;0,00979218983405344;-0,005773075458899149;2,0;vehicles_step_sim_10__run086__SUMO_carro_1000__t0001
87;vehicles_step_sim_10.csv;SUMO_carro_1000;HBEFA4/PC_petrol_Euro-6ab;Gasoline;1773509250;2026-03-14 17:27:30;2026-03-14 17:27:30;0,0;3,158922;3,019816;0,139106;51,22368452424243;118326,71125100002;608,092485;-117718,61876600001;-5,8859309383000005;34,68659;9,643312;40,77564360647124;-73,96068698429804;40,7712357214096;-73,96381253941745;40,7649858;-73,9533799;40,7606264;-73,9566064;True;True;0xCDcF7b2a3352a32cc28FD35C3924f5BD542a25Ea;301;301;301;0;0,0;3,147985218576069;4,5950324629394705;1,4470472443634015;303;0;301;0,0;False;-0,010672779019834466;0,007286216752912043;2,0;vehicles_step_sim_10__run087__SUMO_carro_1000__t0001
88;vehicles_step_sim_10.csv;SUMO_carro_1000;HBEFA4/PC_petrol_Euro-6ab;Gasoline;1773509250;2026-03-14 17:27:30;2026-03-14 17:27:30;0,0;3,158922;3,019816;0,139106;51,22368452424243;118326,71125100002;608,092485;-117718,61876600001;-5,8859309383000005;34,68659;9,643312;40,77564360647124;-73,96068698429804;40,7712357214096;-73,96381253941745;40,7819606;-73,9754991;40,7773587;-73,9786625;True;True;0xCDcF7b2a3352a32cc28FD35C3924f5BD542a25Ea;301;301;301;0;0,0;3,147985218576069;2,865723202543707;-0,2822620160323619;303;0;301;0,0;False;0,006165667503470647;-0,014500607597742321;2,0;vehicles_step_sim_10__run088__SUMO_carro_1000__t0001
89;vehicles_step_sim_10.csv;SUMO_carro_1000;HBEFA4/PC_petrol_Euro-6ab;Gasoline;1773509250;2026-03-14 17:27:30;2026-03-14 17:27:30;0,0;3,158922;3,019816;0,139106;51,22368452424243;118326,71125100002;608,092485;-117718,61876600001;-5,8859309383000005;34,68659;9,643312;40,77564360647124;-73,96068698429804;40,7712357214096;-73,96381253941745;40,7684655;-73,9655012;40,7640609;-73,9686408;True;True;0xCDcF7b2a3352a32cc28FD35C3924f5BD542a25Ea;301;301;301;0;0,0;3,147985218576069;3,5117832396605975;0,3637980210845284;303;0;301;0,0;False;-0,0070902991392088124;-0,004439780374715205;2,0;vehicles_step_sim_10__run089__SUMO_carro_1000__t0001
90;vehicles_step_sim_10.csv;SUMO_carro_1000;HBEFA4/PC_petrol_Euro-6ab;Gasoline;1773509250;2026-03-14 17:27:30;2026-03-14 17:27:30;0,0;3,158922;3,019816;0,139106;51,22368452424243;118326,71125100002;608,092485;-117718,61876600001;-5,8859309383000005;34,68659;9,643312;40,77564360647124;-73,96068698429804;40,7712357214096;-73,96381253941745;40,7775915;-73,9751177;40,7734406;-73,9792557;True;True;0xCDcF7b2a3352a32cc28FD35C3924f5BD542a25Ea;301;301;301;0;0,0;3,147985218576069;2,179940430782141;-0,9680447877939282;303;0;301;0,0;False;0,002102265081400826;-0,015026955690865589;2,0;vehicles_step_sim_10__run090__SUMO_carro_1000__t0001
91;vehicles_step_sim_10.csv;SUMO_carro_1000;HBEFA4/PC_petrol_Euro-6ab;Gasoline;1773509250;2026-03-14 17:27:30;2026-03-14 17:27:30;0,0;3,158922;3,019816;0,139106;51,22368452424243;118326,71125100002;608,092485;-117718,61876600001;-5,8859309383000005;34,68659;9,643312;40,77564360647124;-73,96068698429804;40,7712357214096;-73,96381253941745;40,7837674;-73,9652674;40,7790791;-73,9688949;True;True;0xCDcF7b2a3352a32cc28FD35C3924f5BD542a25Ea;301;301;301;0;0,0;3,147985218576069;2,6020836899755917;-0,5459015286004774;303;0;301;0,0;False;0,008876491506593562;-0,004210530731057176;2,0;vehicles_step_sim_10__run091__SUMO_carro_1000__t0001
92;vehicles_step_sim_10.csv;SUMO_carro_1000;HBEFA4/PC_petrol_Euro-6ab;Gasoline;1773509250;2026-03-14 17:27:30;2026-03-14 17:27:30;0,0;3,158922;3,019816;0,139106;51,22368452424243;118326,71125100002;608,092485;-117718,61876600001;-5,8859309383000005;34,68659;9,643312;40,77564360647124;-73,96068698429804;40,7712357214096;-73,96381253941745;40,78164;-73,9488466;40,7771457;-73,9521236;True;True;0xCDcF7b2a3352a32cc28FD35C3924f5BD542a25Ea;301;301;301;0;0,0;3,147985218576069;3,9590010342265125;0,8110158156504435;303;0;301;0,0;False;0,005651464513444254;0,012440748072474169;2,0;vehicles_step_sim_10__run092__SUMO_carro_1000__t0001
93;vehicles_step_sim_10.csv;SUMO_carro_1000;HBEFA4/PC_petrol_Euro-6ab;Gasoline;1773509250;2026-03-14 17:27:30;2026-03-14 17:27:30;0,0;3,158922;3,019816;0,139106;51,22368452424243;118326,71125100002;608,092485;-117718,61876600001;-5,8859309383000005;34,68659;9,643312;40,77564360647124;-73,96068698429804;40,7712357214096;-73,96381253941745;40,7730823;-73,9665764;40,7690909;-73,9731493;True;True;0xCDcF7b2a3352a32cc28FD35C3924f5BD542a25Ea;301;301;301;0;0,0;3,147985218576069;2,202742302160289;-0,9452429164157801;303;0;301;0,0;False;-0,0016454912370382935;-0,008905196710084934;2,0;vehicles_step_sim_10__run093__SUMO_carro_1000__t0001
94;vehicles_step_sim_10.csv;SUMO_carro_1000;HBEFA4/PC_petrol_Euro-6ab;Gasoline;1773509250;2026-03-14 17:27:30;2026-03-14 17:27:30;0,0;3,158922;3,019816;0,139106;51,22368452424243;118326,71125100002;608,092485;-117718,61876600001;-5,8859309383000005;34,68659;9,643312;40,77564360647124;-73,96068698429804;40,7712357214096;-73,96381253941745;40,7605926;-73,9683304;40,7560253;-73,9712321;True;True;0xCDcF7b2a3352a32cc28FD35C3924f5BD542a25Ea;301;301;301;0;0,0;3,147985218576069;3,5539975157560844;0,4060122971800153;303;0;301;0,0;False;-0,015080702259403085;-0,007847998277735784;2,0;vehicles_step_sim_10__run094__SUMO_carro_1000__t0001
95;vehicles_step_sim_10.csv;SUMO_carro_1000;HBEFA4/PC_petrol_Euro-6ab;Gasoline;1773509250;2026-03-14 17:27:30;2026-03-14 17:27:30;0,0;3,158922;3,019816;0,139106;51,22368452424243;118326,71125100002;608,092485;-117718,61876600001;-5,8859309383000005;34,68659;9,643312;40,77564360647124;-73,96068698429804;40,7712357214096;-73,96381253941745;40,7894158;-73,9663475;40,7847928;-73,9677784;True;True;0xCDcF7b2a3352a32cc28FD35C3924f5BD542a25Ea;301;301;301;0;0,0;3,147985218576069;4,990494512166541;1,842509293590472;303;0;301;0,0;False;0,013264501813292395;-0,004199942698926579;2,0;vehicles_step_sim_10__run095__SUMO_carro_1000__t0001
96;vehicles_step_sim_10.csv;SUMO_carro_1000;HBEFA4/PC_petrol_Euro-6ab;Gasoline;1773509250;2026-03-14 17:27:30;2026-03-14 17:27:30;0,0;3,158922;3,019816;0,139106;51,22368452424243;118326,71125100002;608,092485;-117718,61876600001;-5,8859309383000005;34,68659;9,643312;40,77564360647124;-73,96068698429804;40,7712357214096;-73,96381253941745;40,7712067;-73,9679503;40,7668285;-73,9711438;True;True;0xCDcF7b2a3352a32cc28FD35C3924f5BD542a25Ea;301;301;301;0;0,0;3,147985218576069;3,3721376665851968;0,2241524480091277;303;0;301;0,0;False;-0,004409289024322229;-0,007245185670579949;2,0;vehicles_step_sim_10__run096__SUMO_carro_1000__t0001
97;vehicles_step_sim_10.csv;SUMO_carro_1000;HBEFA4/PC_petrol_Euro-6ab;Gasoline;1773509250;2026-03-14 17:27:30;2026-03-14 17:27:30;0,0;3,158922;3,019816;0,139106;51,22368452424243;118326,71125100002;608,092485;-117718,61876600001;-5,8859309383000005;34,68659;9,643312;40,77564360647124;-73,96068698429804;40,7712357214096;-73,96381253941745;40,7799104;-73,9525139;40,7761774;-73,9557328;True;True;0xCDcF7b2a3352a32cc28FD35C3924f5BD542a25Ea;301;301;301;0;0,0;3,147985218576069;3,7218307179651915;0,5738454993891224;303;0;301;0,0;False;0,004404086325392636;0,00850360840401464;2,0;vehicles_step_sim_10__run097__SUMO_carro_1000__t0001
98;vehicles_step_sim_10.csv;SUMO_carro_1000;HBEFA4/PC_petrol_Euro-6ab;Gasoline;1773509250;2026-03-14 17:27:30;2026-03-14 17:27:30;0,0;3,158922;3,019816;0,139106;51,22368452424243;118326,71125100002;608,092485;-117718,61876600001;-5,8859309383000005;34,68659;9,643312;40,77564360647124;-73,96068698429804;40,7712357214096;-73,96381253941745;40,7788555;-73,9500343;40,7732379;-73,9526857;True;True;0xCDcF7b2a3352a32cc28FD35C3924f5BD542a25Ea;301;301;301;0;0,0;3,147985218576069;3,82577039883749;0,677785180261421;303;0;301;0,0;False;0,0023946844078970445;0,010662633061264432;2,0;vehicles_step_sim_10__run098__SUMO_carro_1000__t0001
99;vehicles_step_sim_10.csv;SUMO_carro_1000;HBEFA4/PC_petrol_Euro-6ab;Gasoline;1773509250;2026-03-14 17:27:30;2026-03-14 17:27:30;0,0;3,158922;3,019816;0,139106;51,22368452424243;118326,71125100002;608,092485;-117718,61876600001;-5,8859309383000005;34,68659;9,643312;40,77564360647124;-73,96068698429804;40,7712357214096;-73,96381253941745;40,7677522;-73,9497267;40,7618105;-73,949768;True;True;0xCDcF7b2a3352a32cc28FD35C3924f5BD542a25Ea;301;301;301;0;0,0;3,147985218576069;4,940328314135204;1,792343095559135;303;0;301;0,0;False;-0,009636204852212102;0,01469901890787235;2,0;vehicles_step_sim_10__run099__SUMO_carro_1000__t0001
100;vehicles_step_sim_10.csv;SUMO_carro_1000;HBEFA4/PC_petrol_Euro-6ab;Gasoline;1773509250;2026-03-14 17:27:30;2026-03-14 17:27:30;0,0;3,158922;3,019816;0,139106;51,22368452424243;118326,71125100002;608,092485;-117718,61876600001;-5,8859309383000005;34,68659;9,643312;40,77564360647124;-73,96068698429804;40,7712357214096;-73,96381253941745;40,7910401;-73,9534747;40,7865434;-73,9567593;True;True;0xCDcF7b2a3352a32cc28FD35C3924f5BD542a25Ea;301;301;301;0;0,0;3,147985218576069;3,5606689605059656;0,41268374192989654;303;0;301;0,0;False;0,015779322329370155;0,005954731448028393;2,0;vehicles_step_sim_10__run100__SUMO_carro_1000__t0001
1;vehicles_step_sim_8.csv;SUMO_carro_1000;HBEFA4/PC_petrol_Euro-6ab;Gasoline;1773509248;2026-03-14 17:27:28;2026-03-14 17:27:29;1,0;3,059887;3,059887;0,0;48,38354952727273;111765,999408;589,0282474999999;-111176,9711605;-5,558848558025;33,592971000000006;9,43776;40,77564360647124;-73,96068698429804;40,77419824467482;-73,96114108863082;40,7826855;-73,9751186;40,7813282;-73,9759631;True;True;0xCDcF7b2a3352a32cc28FD35C3924f5BD542a25Ea;299;299;299;0;0,0;3,0525957921010356;3,6238215478969584;0,5712257557959228;301;0;299;0,0;False;0,007300086986633721;-0,014710799849466506;2,0;vehicles_step_sim_8__run001__SUMO_carro_1000__t0001
2;vehicles_step_sim_8.csv;SUMO_carro_1000;HBEFA4/PC_petrol_Euro-6ab;Gasoline;1773509248;2026-03-14 17:27:28;2026-03-14 17:27:29;1,0;3,059887;3,059887;0,0;48,38354952727273;111765,999408;589,0282474999999;-111176,9711605;-5,558848558025;33,592971000000006;9,43776;40,77564360647124;-73,96068698429804;40,77419824467482;-73,96114108863082;40,7709384;-73,9431057;40,7701807;-73,9439756;True;True;0xCDcF7b2a3352a32cc28FD35C3924f5BD542a25Ea;299;299;299;0;0,0;3,0525957921010356;3,332549811877848;0,2799540197768122;301;0;299;0,0;False;-0,004036958649133682;0,01707709943402882;2,0;vehicles_step_sim_8__run002__SUMO_carro_1000__t0001
3;vehicles_step_sim_8.csv;SUMO_carro_1000;HBEFA4/PC_petrol_Euro-6ab;Gasoline;1773509248;2026-03-14 17:27:28;2026-03-14 17:27:29;1,0;3,059887;3,059887;0,0;48,38354952727273;111765,999408;589,0282474999999;-111176,9711605;-5,558848558025;33,592971000000006;9,43776;40,77564360647124;-73,96068698429804;40,77419824467482;-73,96114108863082;40,7803802;-73,9497517;40,7788555;-73,9500343;True;True;0xCDcF7b2a3352a32cc28FD35C3924f5BD542a25Ea;299;299;299;0;0,0;3,0525957921010356;4,357833653927983;1,3052378618269476;301;0;299;0,0;False;0,004616343853127864;0,01116964884119861;2,0;vehicles_step_sim_8__run003__SUMO_carro_1000__t0001
4;vehicles_step_sim_8.csv;SUMO_carro_1000;HBEFA4/PC_petrol_Euro-6ab;Gasoline;1773509248;2026-03-14 17:27:28;2026-03-14 17:27:29;1,0;3,059887;3,059887;0,0;48,38354952727273;111765,999408;589,0282474999999;-111176,9711605;-5,558848558025;33,592971000000006;9,43776;40,77564360647124;-73,96068698429804;40,77419824467482;-73,96114108863082;40,7784436;-73,9673756;40,7783776;-73,9672115;True;True;0xCDcF7b2a3352a32cc28FD35C3924f5BD542a25Ea;299;299;299;0;0,0;3,0525957921010356;3,6381701209722856;0,58557432887125;301;0;299;0,0;False;0,0033085988644116146;-0,006665504048833253;2,0;vehicles_step_sim_8__run004__SUMO_carro_1000__t0001
5;vehicles_step_sim_8.csv;SUMO_carro_1000;HBEFA4/PC_petrol_Euro-6ab;Gasoline;1773509248;2026-03-14 17:27:28;2026-03-14 17:27:29;1,0;3,059887;3,059887;0,0;48,38354952727273;111765,999408;589,0282474999999;-111176,9711605;-5,558848558025;33,592971000000006;9,43776;40,77564360647124;-73,96068698429804;40,77419824467482;-73,96114108863082;40,7695431;-73,9579996;40,7681385;-73,9588757;True;True;0xCDcF7b2a3352a32cc28FD35C3924f5BD542a25Ea;299;299;299;0;0,0;3,0525957921010356;2,797953358055701;-0,2546424340453348;301;0;299;0,0;False;-0,006043014558770308;0,0022634631161386597;2,0;vehicles_step_sim_8__run005__SUMO_carro_1000__t0001
6;vehicles_step_sim_8.csv;SUMO_carro_1000;HBEFA4/PC_petrol_Euro-6ab;Gasoline;1773509248;2026-03-14 17:27:28;2026-03-14 17:27:29;1,0;3,059887;3,059887;0,0;48,38354952727273;111765,999408;589,0282474999999;-111176,9711605;-5,558848558025;33,592971000000006;9,43776;40,77564360647124;-73,96068698429804;40,77419824467482;-73,96114108863082;40,7822921;-73,9514461;40,7809132;-73,9510136;True;True;0xCDcF7b2a3352a32cc28FD35C3924f5BD542a25Ea;299;299;299;0;0,0;3,0525957921010356;3,7670022070036575;0,7144064149026219;301;0;299;0,0;False;0,006387412424840661;0,009524623005984398;2,0;vehicles_step_sim_8__run006__SUMO_carro_1000__t0001
7;vehicles_step_sim_8.csv;SUMO_carro_1000;HBEFA4/PC_petrol_Euro-6ab;Gasoline;1773509248;2026-03-14 17:27:28;2026-03-14 17:27:29;1,0;3,059887;3,059887;0,0;48,38354952727273;111765,999408;589,0282474999999;-111176,9711605;-5,558848558025;33,592971000000006;9,43776;40,77564360647124;-73,96068698429804;40,77419824467482;-73,96114108863082;40,7625775;-73,9670246;40,7612503;-73,96776;True;True;0xCDcF7b2a3352a32cc28FD35C3924f5BD542a25Ea;299;299;299;0;0,0;3,0525957921010356;3,646101473923912;0,5935056818228763;301;0;299;0,0;False;-0,012931046134639163;-0,006471847978616549;2,0;vehicles_step_sim_8__run007__SUMO_carro_1000__t0001
8;vehicles_step_sim_8.csv;SUMO_carro_1000;HBEFA4/PC_petrol_Euro-6ab;Gasoline;1773509248;2026-03-14 17:27:28;2026-03-14 17:27:29;1,0;3,059887;3,059887;0,0;48,38354952727273;111765,999408;589,0282474999999;-111176,9711605;-5,558848558025;33,592971000000006;9,43776;40,77564360647124;-73,96068698429804;40,77419824467482;-73,96114108863082;40,7763547;-73,9437692;40,770955;-73,9430565;True;True;0xCDcF7b2a3352a32cc28FD35C3924f5BD542a25Ea;299;299;299;0;0,0;3,0525957921010356;1,5846561785035835;-1,467939613597452;301;0;299;0,0;False;0,0005095256628734694;0,017377568400619;2,0;vehicles_step_sim_8__run008__SUMO_carro_1000__t0001
9;vehicles_step_sim_8.csv;SUMO_carro_1000;HBEFA4/PC_petrol_Euro-6ab;Gasoline;1773509248;2026-03-14 17:27:28;2026-03-14 17:27:29;1,0;3,059887;3,059887;0,0;48,38354952727273;111765,999408;589,0282474999999;-111176,9711605;-5,558848558025;33,592971000000006;9,43776;40,77564360647124;-73,96068698429804;40,77419824467482;-73,96114108863082;40,770955;-73,9430565;40,7709087;-73,9431547;True;True;0xCDcF7b2a3352a32cc28FD35C3924f5BD542a25Ea;299;299;299;0;0,0;3,0525957921010356;2,9866144685610654;-0,06598132353997022;301;0;299;0,0;False;-0,0026242534262104155;0,017012754924275935;2,0;vehicles_step_sim_8__run009__SUMO_carro_1000__t0001
10;vehicles_step_sim_8.csv;SUMO_carro_1000;HBEFA4/PC_petrol_Euro-6ab;Gasoline;1773509248;2026-03-14 17:27:28;2026-03-14 17:27:29;1,0;3,059887;3,059887;0,0;48,38354952727273;111765,999408;589,0282474999999;-111176,9711605;-5,558848558025;33,592971000000006;9,43776;40,77564360647124;-73,96068698429804;40,77419824467482;-73,96114108863082;40,769654;-73,9743655;40,7692354;-73,9735628;True;True;0xCDcF7b2a3352a32cc28FD35C3924f5BD542a25Ea;299;299;299;0;0,0;3,0525957921010356;2,5165486133820494;-0,5360471787189862;301;0;299;0,0;False;-0,004588319072195688;-0,012154661004057227;2,0;vehicles_step_sim_8__run010__SUMO_carro_1000__t0001
11;vehicles_step_sim_8.csv;SUMO_carro_1000;HBEFA4/PC_petrol_Euro-6ab;Gasoline;1773509248;2026-03-14 17:27:28;2026-03-14 17:27:29;1,0;3,059887;3,059887;0,0;48,38354952727273;111765,999408;589,0282474999999;-111176,9711605;-5,558848558025;33,592971000000006;9,43776;40,77564360647124;-73,96068698429804;40,77419824467482;-73,96114108863082;40,7698037;-73,9667395;40,7683253;-73,9671021;True;True;0xCDcF7b2a3352a32cc28FD35C3924f5BD542a25Ea;299;299;299;0;0,0;3,0525957921010356;3,2121879234671464;0,15959213136611083;301;0;299;0,0;False;-0,006019110027566652;-0,006085803738080472;2,0;vehicles_step_sim_8__run011__SUMO_carro_1000__t0001
12;vehicles_step_sim_8.csv;SUMO_carro_1000;HBEFA4/PC_petrol_Euro-6ab;Gasoline;1773509248;2026-03-14 17:27:28;2026-03-14 17:27:29;1,0;3,059887;3,059887;0,0;48,38354952727273;111765,999408;589,0282474999999;-111176,9711605;-5,558848558025;33,592971000000006;9,43776;40,77564360647124;-73,96068698429804;40,77419824467482;-73,96114108863082;40,7652852;-73,967962;40,7640609;-73,9686408;True;True;0xCDcF7b2a3352a32cc28FD35C3924f5BD542a25Ea;299;299;299;0;0,0;3,0525957921010356;3,4443832848678873;0,39178749276685165;301;0;299;0,0;False;-0,010424763328217448;-0,007147719538408534;2,0;vehicles_step_sim_8__run012__SUMO_carro_1000__t0001
13;vehicles_step_sim_8.csv;SUMO_carro_1000;HBEFA4/PC_petrol_Euro-6ab;Gasoline;1773509248;2026-03-14 17:27:28;2026-03-14 17:27:29;1,0;3,059887;3,059887;0,0;48,38354952727273;111765,999408;589,0282474999999;-111176,9711605;-5,558848558025;33,592971000000006;9,43776;40,77564360647124;-73,96068698429804;40,77419824467482;-73,96114108863082;40,770955;-73,9430565;40,770926;-73,9431311;True;True;0xCDcF7b2a3352a32cc28FD35C3924f5BD542a25Ea;299;299;299;0;0,0;3,0525957921010356;3,1269493869971496;0,07435359489611404;301;0;299;0,0;False;-0,002014521338694232;0,016477817424727682;2,0;vehicles_step_sim_8__run013__SUMO_carro_1000__t0001
14;vehicles_step_sim_8.csv;SUMO_carro_1000;HBEFA4/PC_petrol_Euro-6ab;Gasoline;1773509248;2026-03-14 17:27:28;2026-03-14 17:27:29;1,0;3,059887;3,059887;0,0;48,38354952727273;111765,999408;589,0282474999999;-111176,9711605;-5,558848558025;33,592971000000006;9,43776;40,77564360647124;-73,96068698429804;40,77419824467482;-73,96114108863082;40,7749904;-73,9651811;40,7737297;-73,9661019;True;True;0xCDcF7b2a3352a32cc28FD35C3924f5BD542a25Ea;299;299;299;0;0,0;3,0525957921010356;1,7597183022372895;-1,292877489863746;301;0;299;0,0;False;0,000321623788377133;-0,007479097535849456;2,0;vehicles_step_sim_8__run014__SUMO_carro_1000__t0001
15;vehicles_step_sim_8.csv;SUMO_carro_1000;HBEFA4/PC_petrol_Euro-6ab;Gasoline;1773509248;2026-03-14 17:27:28;2026-03-14 17:27:29;1,0;3,059887;3,059887;0,0;48,38354952727273;111765,999408;589,0282474999999;-111176,9711605;-5,558848558025;33,592971000000006;9,43776;40,77564360647124;-73,96068698429804;40,77419824467482;-73,96114108863082;40,7638282;-73,954385;40,7622658;-73,9547847;True;True;0xCDcF7b2a3352a32cc28FD35C3924f5BD542a25Ea;299;299;299;0;0,0;3,0525957921010356;3,8915091146840033;0,8389133225829677;301;0;299;0,0;False;-0,011925996668630121;0,006306312531146608;2,0;vehicles_step_sim_8__run015__SUMO_carro_1000__t0001
16;vehicles_step_sim_8.csv;SUMO_carro_1000;HBEFA4/PC_petrol_Euro-6ab;Gasoline;1773509248;2026-03-14 17:27:28;2026-03-14 17:27:29;1,0;3,059887;3,059887;0,0;48,38354952727273;111765,999408;589,0282474999999;-111176,9711605;-5,558848558025;33,592971000000006;9,43776;40,77564360647124;-73,96068698429804;40,77419824467482;-73,96114108863082;40,7807547;-73,946718;40,7794923;-73,9474555;True;True;0xCDcF7b2a3352a32cc28FD35C3924f5BD542a25Ea;299;299;299;0;0,0;3,0525957921010356;2,6845754423394914;-0,3680203497615442;301;0;299;0,0;False;0,005384632322509164;0,013815237676718517;2,0;vehicles_step_sim_8__run016__SUMO_carro_1000__t0001
17;vehicles_step_sim_8.csv;SUMO_carro_1000;HBEFA4/PC_petrol_Euro-6ab;Gasoline;1773509248;2026-03-14 17:27:28;2026-03-14 17:27:29;1,0;3,059887;3,059887;0,0;48,38354952727273;111765,999408;589,0282474999999;-111176,9711605;-5,558848558025;33,592971000000006;9,43776;40,77564360647124;-73,96068698429804;40,77419824467482;-73,96114108863082;40,7737822;-73,9621448;40,7723869;-73,9627807;True;True;0xCDcF7b2a3352a32cc28FD35C3924f5BD542a25Ea;299;299;299;0;0,0;3,0525957921010356;3,3062212383173954;0,25362544621635985;301;0;299;0,0;False;-0,0018128691656774424;-0,001647433352448447;2,0;vehicles_step_sim_8__run017__SUMO_carro_1000__t0001
18;vehicles_step_sim_8.csv;SUMO_carro_1000;HBEFA4/PC_petrol_Euro-6ab;Gasoline;1773509248;2026-03-14 17:27:28;2026-03-14 17:27:29;1,0;3,059887;3,059887;0,0;48,38354952727273;111765,999408;589,0282474999999;-111176,9711605;-5,558848558025;33,592971000000006;9,43776;40,77564360647124;-73,96068698429804;40,77419824467482;-73,96114108863082;40,7659079;-73,955572;40,7644873;-73,9560727;True;True;0xCDcF7b2a3352a32cc28FD35C3924f5BD542a25Ea;299;299;299;0;0,0;3,0525957921010356;2,739216761658482;-0,31337903044255366;301;0;299;0,0;False;-0,009478533393845849;0,0051238955076518865;2,0;vehicles_step_sim_8__run018__SUMO_carro_1000__t0001
19;vehicles_step_sim_8.csv;SUMO_carro_1000;HBEFA4/PC_petrol_Euro-6ab;Gasoline;1773509248;2026-03-14 17:27:28;2026-03-14 17:27:29;1,0;3,059887;3,059887;0,0;48,38354952727273;111765,999408;589,0282474999999;-111176,9711605;-5,558848558025;33,592971000000006;9,43776;40,77564360647124;-73,96068698429804;40,77419824467482;-73,96114108863082;40,7827717;-73,9711974;40,7814036;-73,9714362;True;True;0xCDcF7b2a3352a32cc28FD35C3924f5BD542a25Ea;299;299;299;0;0,0;3,0525957921010356;2,478948577503088;-0,5736472145979477;301;0;299;0,0;False;0,007060643971523044;-0,00996039809355641;2,0;vehicles_step_sim_8__run019__SUMO_carro_1000__t0001
20;vehicles_step_sim_8.csv;SUMO_carro_1000;HBEFA4/PC_petrol_Euro-6ab;Gasoline;1773509248;2026-03-14 17:27:28;2026-03-14 17:27:29;1,0;3,059887;3,059887;0,0;48,38354952727273;111765,999408;589,0282474999999;-111176,9711605;-5,558848558025;33,592971000000006;9,43776;40,77564360647124;-73,96068698429804;40,77419824467482;-73,96114108863082;40,7818684;-73,9755666;40,7799769;-73,9747351;True;True;0xCDcF7b2a3352a32cc28FD35C3924f5BD542a25Ea;299;299;299;0;0,0;3,0525957921010356;4,271496266682927;1,2189004745818917;301;0;299;0,0;False;0,005646335151669695;-0,013454663770574322;2,0;vehicles_step_sim_8__run020__SUMO_carro_1000__t0001
21;vehicles_step_sim_8.csv;SUMO_carro_1000;HBEFA4/PC_petrol_Euro-6ab;Gasoline;1773509248;2026-03-14 17:27:28;2026-03-14 17:27:29;1,0;3,059887;3,059887;0,0;48,38354952727273;111765,999408;589,0282474999999;-111176,9711605;-5,558848558025;33,592971000000006;9,43776;40,77564360647124;-73,96068698429804;40,77419824467482;-73,96114108863082;40,7781629;-73,9663251;40,7781629;-73,9663251;True;True;0xCDcF7b2a3352a32cc28FD35C3924f5BD542a25Ea;299;299;299;0;0,0;3,0525957921010356;3,4326153110817295;0,38001951898069386;301;0;299;0,0;False;0,002695541365146509;-0,005592164665273;2,0;vehicles_step_sim_8__run021__SUMO_carro_1000__t0001
22;vehicles_step_sim_8.csv;SUMO_carro_1000;HBEFA4/PC_petrol_Euro-6ab;Gasoline;1773509248;2026-03-14 17:27:28;2026-03-14 17:27:29;1,0;3,059887;3,059887;0,0;48,38354952727273;111765,999408;589,0282474999999;-111176,9711605;-5,558848558025;33,592971000000006;9,43776;40,77564360647124;-73,96068698429804;40,77419824467482;-73,96114108863082;40,7792672;-73,9693377;40,7790791;-73,9688949;True;True;0xCDcF7b2a3352a32cc28FD35C3924f5BD542a25Ea;299;299;299;0;0,0;3,0525957921010356;4,734472173883713;1,6818763817826774;301;0;299;0,0;False;0,003311867796145559;-0,008756033931374526;2,0;vehicles_step_sim_8__run022__SUMO_carro_1000__t0001
23;vehicles_step_sim_8.csv;SUMO_carro_1000;HBEFA4/PC_petrol_Euro-6ab;Gasoline;1773509248;2026-03-14 17:27:28;2026-03-14 17:27:29;1,0;3,059887;3,059887;0,0;48,38354952727273;111765,999408;589,0282474999999;-111176,9711605;-5,558848558025;33,592971000000006;9,43776;40,77564360647124;-73,96068698429804;40,77419824467482;-73,96114108863082;40,7903029;-73,9599137;40,7847793;-73,9580493;True;True;0xCDcF7b2a3352a32cc28FD35C3924f5BD542a25Ea;299;299;299;0;0,0;3,0525957921010356;5,261792382632452;2,209196590531416;301;0;299;0,0;False;0,012085029245349446;-0,0005669780916342029;2,0;vehicles_step_sim_8__run023__SUMO_carro_1000__t0001
24;vehicles_step_sim_8.csv;SUMO_carro_1000;HBEFA4/PC_petrol_Euro-6ab;Gasoline;1773509248;2026-03-14 17:27:28;2026-03-14 17:27:29;1,0;3,059887;3,059887;0,0;48,38354952727273;111765,999408;589,0282474999999;-111176,9711605;-5,558848558025;33,592971000000006;9,43776;40,77564360647124;-73,96068698429804;40,77419824467482;-73,96114108863082;40,7847313;-73,9580844;40,7834629;-73,9589963;True;True;0xCDcF7b2a3352a32cc28FD35C3924f5BD542a25Ea;299;299;299;0;0,0;3,0525957921010356;3,0555262347671235;0,0029304426660878846;301;0;299;0,0;False;0,009787507125058163;0,0008430882110627628;2,0;vehicles_step_sim_8__run024__SUMO_carro_1000__t0001
25;vehicles_step_sim_8.csv;SUMO_carro_1000;HBEFA4/PC_petrol_Euro-6ab;Gasoline;1773509248;2026-03-14 17:27:28;2026-03-14 17:27:29;1,0;3,059887;3,059887;0,0;48,38354952727273;111765,999408;589,0282474999999;-111176,9711605;-5,558848558025;33,592971000000006;9,43776;40,77564360647124;-73,96068698429804;40,77419824467482;-73,96114108863082;40,7597713;-73,9609445;40,7585489;-73,9613876;True;True;0xCDcF7b2a3352a32cc28FD35C3924f5BD542a25Ea;299;299;299;0;0,0;3,0525957921010356;3,324476563109694;0,2718807710086586;301;0;299;0,0;False;-0,015481315752300098;-0,00012002329304630914;2,0;vehicles_step_sim_8__run025__SUMO_carro_1000__t0001
26;vehicles_step_sim_8.csv;SUMO_carro_1000;HBEFA4/PC_petrol_Euro-6ab;Gasoline;1773509248;2026-03-14 17:27:28;2026-03-14 17:27:29;1,0;3,059887;3,059887;0,0;48,38354952727273;111765,999408;589,0282474999999;-111176,9711605;-5,558848558025;33,592971000000006;9,43776;40,77564360647124;-73,96068698429804;40,77419824467482;-73,96114108863082;40,7761774;-73,9557328;40,7740701;-73,9546872;True;True;0xCDcF7b2a3352a32cc28FD35C3924f5BD542a25Ea;299;299;299;0;0,0;3,0525957921010356;3,591030578116559;0,5384347860155234;301;0;299;0,0;False;0,00047859210806707576;0,005685489549438685;2,0;vehicles_step_sim_8__run026__SUMO_carro_1000__t0001
27;vehicles_step_sim_8.csv;SUMO_carro_1000;HBEFA4/PC_petrol_Euro-6ab;Gasoline;1773509248;2026-03-14 17:27:28;2026-03-14 17:27:29;1,0;3,059887;3,059887;0,0;48,38354952727273;111765,999408;589,0282474999999;-111176,9711605;-5,558848558025;33,592971000000006;9,43776;40,77564360647124;-73,96068698429804;40,77419824467482;-73,96114108863082;40,7649858;-73,9533799;40,7634712;-73,953636;True;True;0xCDcF7b2a3352a32cc28FD35C3924f5BD542a25Ea;299;299;299;0;0,0;3,0525957921010356;4,034119597881518;0,9815238057804825;301;0;299;0,0;False;-0,010620906196195502;0,007218629253475912;2,0;vehicles_step_sim_8__run027__SUMO_carro_1000__t0001
28;vehicles_step_sim_8.csv;SUMO_carro_1000;HBEFA4/PC_petrol_Euro-6ab;Gasoline;1773509248;2026-03-14 17:27:28;2026-03-14 17:27:29;1,0;3,059887;3,059887;0,0;48,38354952727273;111765,999408;589,0282474999999;-111176,9711605;-5,558848558025;33,592971000000006;9,43776;40,77564360647124;-73,96068698429804;40,77419824467482;-73,96114108863082;40,7640021;-73,964796;40,7626878;-73,9653817;True;True;0xCDcF7b2a3352a32cc28FD35C3924f5BD542a25Ea;299;299;299;0;0,0;3,0525957921010356;3,436575826163858;0,38398003406282255;301;0;299;0,0;False;-0,011876459648179237;-0,004049079645605937;2,0;vehicles_step_sim_8__run028__SUMO_carro_1000__t0001
29;vehicles_step_sim_8.csv;SUMO_carro_1000;HBEFA4/PC_petrol_Euro-6ab;Gasoline;1773509248;2026-03-14 17:27:28;2026-03-14 17:27:29;1,0;3,059887;3,059887;0,0;48,38354952727273;111765,999408;589,0282474999999;-111176,9711605;-5,558848558025;33,592971000000006;9,43776;40,77564360647124;-73,96068698429804;40,77419824467482;-73,96114108863082;40,7822414;-73,9761686;40,780791;-73,9767736;True;True;0xCDcF7b2a3352a32cc28FD35C3924f5BD542a25Ea;299;299;299;0;0,0;3,0525957921010356;3,916942009910666;0,8643462178096306;301;0;299;0,0;False;0,006880476966412938;-0,01639169393357162;2,0;vehicles_step_sim_8__run029__SUMO_carro_1000__t0001
30;vehicles_step_sim_8.csv;SUMO_carro_1000;HBEFA4/PC_petrol_Euro-6ab;Gasoline;1773509248;2026-03-14 17:27:28;2026-03-14 17:27:29;1,0;3,059887;3,059887;0,0;48,38354952727273;111765,999408;589,0282474999999;-111176,9711605;-5,558848558025;33,592971000000006;9,43776;40,77564360647124;-73,96068698429804;40,77419824467482;-73,96114108863082;40,765814;-73,9572751;40,7645661;-73,958184;True;True;0xCDcF7b2a3352a32cc28FD35C3924f5BD542a25Ea;299;299;299;0;0,0;3,0525957921010356;3,754743923941459;0,7021481318404232;301;0;299;0,0;False;-0,010016756366652524;0,0034955451748759168;2,0;vehicles_step_sim_8__run030__SUMO_carro_1000__t0001
31;vehicles_step_sim_8.csv;SUMO_carro_1000;HBEFA4/PC_petrol_Euro-6ab;Gasoline;1773509248;2026-03-14 17:27:28;2026-03-14 17:27:29;1,0;3,059887;3,059887;0,0;48,38354952727273;111765,999408;589,0282474999999;-111176,9711605;-5,558848558025;33,592971000000006;9,43776;40,77564360647124;-73,96068698429804;40,77419824467482;-73,96114108863082;40,7781898;-73,9454766;40,7771751;-73,9460474;True;True;0xCDcF7b2a3352a32cc28FD35C3924f5BD542a25Ea;299;299;299;0;0,0;3,0525957921010356;7,434328695714218;4,381732903613182;301;0;299;0,0;False;0,0023587872437082894;0,015757787160124596;2,0;vehicles_step_sim_8__run031__SUMO_carro_1000__t0001
32;vehicles_step_sim_8.csv;SUMO_carro_1000;HBEFA4/PC_petrol_Euro-6ab;Gasoline;1773509248;2026-03-14 17:27:28;2026-03-14 17:27:29;1,0;3,059887;3,059887;0,0;48,38354952727273;111765,999408;589,0282474999999;-111176,9711605;-5,558848558025;33,592971000000006;9,43776;40,77564360647124;-73,96068698429804;40,77419824467482;-73,96114108863082;40,7801164;-73,9593518;40,7788639;-73,9601294;True;True;0xCDcF7b2a3352a32cc28FD35C3924f5BD542a25Ea;299;299;299;0;0,0;3,0525957921010356;3,191175435319301;0,13857964321826532;301;0;299;0,0;False;0,0041558836138565775;0,0014263056610765799;2,0;vehicles_step_sim_8__run032__SUMO_carro_1000__t0001
33;vehicles_step_sim_8.csv;SUMO_carro_1000;HBEFA4/PC_petrol_Euro-6ab;Gasoline;1773509248;2026-03-14 17:27:28;2026-03-14 17:27:29;1,0;3,059887;3,059887;0,0;48,38354952727273;111765,999408;589,0282474999999;-111176,9711605;-5,558848558025;33,592971000000006;9,43776;40,77564360647124;-73,96068698429804;40,77419824467482;-73,96114108863082;40,7798151;-73,9733542;40,7787616;-73,9741176;True;True;0xCDcF7b2a3352a32cc28FD35C3924f5BD542a25Ea;299;299;299;0;0,0;3,0525957921010356;4,386291894985263;1,3336961028842271;301;0;299;0,0;False;0,003964572753996302;-0,011753245998236085;2,0;vehicles_step_sim_8__run033__SUMO_carro_1000__t0001
34;vehicles_step_sim_8.csv;SUMO_carro_1000;HBEFA4/PC_petrol_Euro-6ab;Gasoline;1773509248;2026-03-14 17:27:28;2026-03-14 17:27:29;1,0;3,059887;3,059887;0,0;48,38354952727273;111765,999408;589,0282474999999;-111176,9711605;-5,558848558025;33,592971000000006;9,43776;40,77564360647124;-73,96068698429804;40,77419824467482;-73,96114108863082;40,7912858;-73,9616836;40,7909365;-73,9610436;True;True;0xCDcF7b2a3352a32cc28FD35C3924f5BD542a25Ea;299;299;299;0;0,0;3,0525957921010356;4,456328337570039;1,403732545469003;301;0;299;0,0;False;0,015579519269292227;-0,0010471489263369875;2,0;vehicles_step_sim_8__run034__SUMO_carro_1000__t0001
35;vehicles_step_sim_8.csv;SUMO_carro_1000;HBEFA4/PC_petrol_Euro-6ab;Gasoline;1773509248;2026-03-14 17:27:28;2026-03-14 17:27:29;1,0;3,059887;3,059887;0,0;48,38354952727273;111765,999408;589,0282474999999;-111176,9711605;-5,558848558025;33,592971000000006;9,43776;40,77564360647124;-73,96068698429804;40,77419824467482;-73,96114108863082;40,7654095;-73,9660113;40,7641675;-73,9667775;True;True;0xCDcF7b2a3352a32cc28FD35C3924f5BD542a25Ea;299;299;299;0;0,0;3,0525957921010356;3,7572537089601385;0,704657916859103;301;0;299;0,0;False;-0,00992266590359182;-0,005389390292010964;2,0;vehicles_step_sim_8__run035__SUMO_carro_1000__t0001
36;vehicles_step_sim_8.csv;SUMO_carro_1000;HBEFA4/PC_petrol_Euro-6ab;Gasoline;1773509248;2026-03-14 17:27:28;2026-03-14 17:27:29;1,0;3,059887;3,059887;0,0;48,38354952727273;111765,999408;589,0282474999999;-111176,9711605;-5,558848558025;33,592971000000006;9,43776;40,77564360647124;-73,96068698429804;40,77419824467482;-73,96114108863082;40,7678628;-73,9561353;40,7667328;-73,9567672;True;True;0xCDcF7b2a3352a32cc28FD35C3924f5BD542a25Ea;299;299;299;0;0,0;3,0525957921010356;3,1739864290094455;0,1213906369084099;301;0;299;0,0;False;-0,007494739807942702;0,0042547225166685064;2,0;vehicles_step_sim_8__run036__SUMO_carro_1000__t0001
37;vehicles_step_sim_8.csv;SUMO_carro_1000;HBEFA4/PC_petrol_Euro-6ab;Gasoline;1773509248;2026-03-14 17:27:28;2026-03-14 17:27:29;1,0;3,059887;3,059887;0,0;48,38354952727273;111765,999408;589,0282474999999;-111176,9711605;-5,558848558025;33,592971000000006;9,43776;40,77564360647124;-73,96068698429804;40,77419824467482;-73,96114108863082;40,769901;-73,968904;40,7687981;-73,9711154;True;True;0xCDcF7b2a3352a32cc28FD35C3924f5BD542a25Ea;299;299;299;0;0,0;3,0525957921010356;3,2276370334930604;0,17504124139202482;301;0;299;0,0;False;-0,005047020838224077;-0,009937942183915938;2,0;vehicles_step_sim_8__run037__SUMO_carro_1000__t0001
38;vehicles_step_sim_8.csv;SUMO_carro_1000;HBEFA4/PC_petrol_Euro-6ab;Gasoline;1773509248;2026-03-14 17:27:28;2026-03-14 17:27:29;1,0;3,059887;3,059887;0,0;48,38354952727273;111765,999408;589,0282474999999;-111176,9711605;-5,558848558025;33,592971000000006;9,43776;40,77564360647124;-73,96068698429804;40,77419824467482;-73,96114108863082;40,7913595;-73,9679888;40,7891709;-73,9666796;True;True;0xCDcF7b2a3352a32cc28FD35C3924f5BD542a25Ea;299;299;299;0;0,0;3,0525957921010356;1,8253403997373179;-1,2272553923637177;301;0;299;0,0;False;0,015567795610064019;-0,006496605588641576;2,0;vehicles_step_sim_8__run038__SUMO_carro_1000__t0001
39;vehicles_step_sim_8.csv;SUMO_carro_1000;HBEFA4/PC_petrol_Euro-6ab;Gasoline;1773509248;2026-03-14 17:27:28;2026-03-14 17:27:29;1,0;3,059887;3,059887;0,0;48,38354952727273;111765,999408;589,0282474999999;-111176,9711605;-5,558848558025;33,592971000000006;9,43776;40,77564360647124;-73,96068698429804;40,77419824467482;-73,96114108863082;40,7836213;-73,9647553;40,7835845;-73,9646454;True;True;0xCDcF7b2a3352a32cc28FD35C3924f5BD542a25Ea;299;299;299;0;0,0;3,0525957921010356;3,517007245154961;0,4644114530539256;301;0;299;0,0;False;0,010996871036582787;-0,0025305369057201247;2,0;vehicles_step_sim_8__run039__SUMO_carro_1000__t0001
40;vehicles_step_sim_8.csv;SUMO_carro_1000;HBEFA4/PC_petrol_Euro-6ab;Gasoline;1773509248;2026-03-14 17:27:28;2026-03-14 17:27:29;1,0;3,059887;3,059887;0,0;48,38354952727273;111765,999408;589,0282474999999;-111176,9711605;-5,558848558025;33,592971000000006;9,43776;40,77564360647124;-73,96068698429804;40,77419824467482;-73,96114108863082;40,7736588;-73,9558031;40,7727094;-73,9556834;True;True;0xCDcF7b2a3352a32cc28FD35C3924f5BD542a25Ea;299;299;299;0;0,0;3,0525957921010356;3,1253639272158473;0,07276813511481173;301;0;299;0,0;False;-0,0015074228437907031;0,004916903564423459;2,0;vehicles_step_sim_8__run040__SUMO_carro_1000__t0001
41;vehicles_step_sim_8.csv;SUMO_carro_1000;HBEFA4/PC_petrol_Euro-6ab;Gasoline;1773509248;2026-03-14 17:27:28;2026-03-14 17:27:29;1,0;3,059887;3,059887;0,0;48,38354952727273;111765,999408;589,0282474999999;-111176,9711605;-5,558848558025;33,592971000000006;9,43776;40,77564360647124;-73,96068698429804;40,77419824467482;-73,96114108863082;40,7761379;-73,9497401;40,77403;-73,948678;True;True;0xCDcF7b2a3352a32cc28FD35C3924f5BD542a25Ea;299;299;299;0;0,0;3,0525957921010356;3,4781723756213965;0,4255765835203609;301;0;299;0,0;False;0,0002204836793170399;0,011610943694549436;2,0;vehicles_step_sim_8__run041__SUMO_carro_1000__t0001
42;vehicles_step_sim_8.csv;SUMO_carro_1000;HBEFA4/PC_petrol_Euro-6ab;Gasoline;1773509248;2026-03-14 17:27:28;2026-03-14 17:27:29;1,0;3,059887;3,059887;0,0;48,38354952727273;111765,999408;589,0282474999999;-111176,9711605;-5,558848558025;33,592971000000006;9,43776;40,77564360647124;-73,96068698429804;40,77419824467482;-73,96114108863082;40,7909365;-73,9610436;40,790149;-73,9592261;True;True;0xCDcF7b2a3352a32cc28FD35C3924f5BD542a25Ea;299;299;299;0;0,0;3,0525957921010356;1,8693865539241337;-1,183209238176902;301;0;299;0,0;False;0,01709459749107498;0,002167071430305486;2,0;vehicles_step_sim_8__run042__SUMO_carro_1000__t0001
43;vehicles_step_sim_8.csv;SUMO_carro_1000;HBEFA4/PC_petrol_Euro-6ab;Gasoline;1773509248;2026-03-14 17:27:28;2026-03-14 17:27:29;1,0;3,059887;3,059887;0,0;48,38354952727273;111765,999408;589,0282474999999;-111176,9711605;-5,558848558025;33,592971000000006;9,43776;40,77564360647124;-73,96068698429804;40,77419824467482;-73,96114108863082;40,7825216;-73,9490017;40,781978;-73,9496497;True;True;0xCDcF7b2a3352a32cc28FD35C3924f5BD542a25Ea;299;299;299;0;0,0;3,0525957921010356;3,570547070840947;0,5179512787399112;301;0;299;0,0;False;0,007269491033492239;0,01105266925541757;2,0;vehicles_step_sim_8__run043__SUMO_carro_1000__t0001
44;vehicles_step_sim_8.csv;SUMO_carro_1000;HBEFA4/PC_petrol_Euro-6ab;Gasoline;1773509248;2026-03-14 17:27:28;2026-03-14 17:27:29;1,0;3,059887;3,059887;0,0;48,38354952727273;111765,999408;589,0282474999999;-111176,9711605;-5,558848558025;33,592971000000006;9,43776;40,77564360647124;-73,96068698429804;40,77419824467482;-73,96114108863082;40,7632177;-73,9647028;40,7618349;-73,9652887;True;True;0xCDcF7b2a3352a32cc28FD35C3924f5BD542a25Ea;299;299;299;0;0,0;3,0525957921010356;3,2546985780757822;0,20210278597474662;301;0;299;0,0;False;-0,012127553640336684;-0,003754008159760369;2,0;vehicles_step_sim_8__run044__SUMO_carro_1000__t0001
45;vehicles_step_sim_8.csv;SUMO_carro_1000;HBEFA4/PC_petrol_Euro-6ab;Gasoline;1773509248;2026-03-14 17:27:28;2026-03-14 17:27:29;1,0;3,059887;3,059887;0,0;48,38354952727273;111765,999408;589,0282474999999;-111176,9711605;-5,558848558025;33,592971000000006;9,43776;40,77564360647124;-73,96068698429804;40,77419824467482;-73,96114108863082;40,7827717;-73,9711974;40,7809988;-73,9715943;True;True;0xCDcF7b2a3352a32cc28FD35C3924f5BD542a25Ea;299;299;299;0;0,0;3,0525957921010356;2,4324620909454437;-0,6201337011555919;301;0;299;0,0;False;0,00678308869753012;-0,00972351019079431;2,0;vehicles_step_sim_8__run045__SUMO_carro_1000__t0001
46;vehicles_step_sim_8.csv;SUMO_carro_1000;HBEFA4/PC_petrol_Euro-6ab;Gasoline;1773509248;2026-03-14 17:27:28;2026-03-14 17:27:29;1,0;3,059887;3,059887;0,0;48,38354952727273;111765,999408;589,0282474999999;-111176,9711605;-5,558848558025;33,592971000000006;9,43776;40,77564360647124;-73,96068698429804;40,77419824467482;-73,96114108863082;40,7772499;-73,9523698;40,7759812;-73,9533015;True;True;0xCDcF7b2a3352a32cc28FD35C3924f5BD542a25Ea;299;299;299;0;0,0;3,0525957921010356;3,1941982454928928;0,14160245339185717;301;0;299;0,0;False;0,0016875486237302513;0,0076401128165464235;2,0;vehicles_step_sim_8__run046__SUMO_carro_1000__t0001
47;vehicles_step_sim_8.csv;SUMO_carro_1000;HBEFA4/PC_petrol_Euro-6ab;Gasoline;1773509248;2026-03-14 17:27:28;2026-03-14 17:27:29;1,0;3,059887;3,059887;0,0;48,38354952727273;111765,999408;589,0282474999999;-111176,9711605;-5,558848558025;33,592971000000006;9,43776;40,77564360647124;-73,96068698429804;40,77419824467482;-73,96114108863082;40,7782297;-73,9745019;40,7769426;-73,9754419;True;True;0xCDcF7b2a3352a32cc28FD35C3924f5BD542a25Ea;299;299;299;0;0,0;3,0525957921010356;5,1194428586473055;2,06684706654627;301;0;299;0,0;False;0,0015219782414346923;-0,010877068458509432;2,0;vehicles_step_sim_8__run047__SUMO_carro_1000__t0001
48;vehicles_step_sim_8.csv;SUMO_carro_1000;HBEFA4/PC_petrol_Euro-6ab;Gasoline;1773509248;2026-03-14 17:27:28;2026-03-14 17:27:29;1,0;3,059887;3,059887;0,0;48,38354952727273;111765,999408;589,0282474999999;-111176,9711605;-5,558848558025;33,592971000000006;9,43776;40,77564360647124;-73,96068698429804;40,77419824467482;-73,96114108863082;40,7632177;-73,9647028;40,7618349;-73,9652887;True;True;0xCDcF7b2a3352a32cc28FD35C3924f5BD542a25Ea;299;299;299;0;0,0;3,0525957921010356;3,4936359044021192;0,44104011230108364;301;0;299;0,0;False;-0,01246966273665751;-0,003985085460163859;2,0;vehicles_step_sim_8__run048__SUMO_carro_1000__t0001
49;vehicles_step_sim_8.csv;SUMO_carro_1000;HBEFA4/PC_petrol_Euro-6ab;Gasoline;1773509248;2026-03-14 17:27:28;2026-03-14 17:27:29;1,0;3,059887;3,059887;0,0;48,38354952727273;111765,999408;589,0282474999999;-111176,9711605;-5,558848558025;33,592971000000006;9,43776;40,77564360647124;-73,96068698429804;40,77419824467482;-73,96114108863082;40,7762548;-73,9498293;40,7748696;-73,9506676;True;True;0xCDcF7b2a3352a32cc28FD35C3924f5BD542a25Ea;299;299;299;0;0,0;3,0525957921010356;3,102189259644234;0,0495934675431986;301;0;299;0,0;False;0,0006205929319854784;0,010978245247431693;2,0;vehicles_step_sim_8__run049__SUMO_carro_1000__t0001
50;vehicles_step_sim_8.csv;SUMO_carro_1000;HBEFA4/PC_petrol_Euro-6ab;Gasoline;1773509248;2026-03-14 17:27:28;2026-03-14 17:27:29;1,0;3,059887;3,059887;0,0;48,38354952727273;111765,999408;589,0282474999999;-111176,9711605;-5,558848558025;33,592971000000006;9,43776;40,77564360647124;-73,96068698429804;40,77419824467482;-73,96114108863082;40,7808192;-73,9507901;40,7787298;-73,9516712;True;True;0xCDcF7b2a3352a32cc28FD35C3924f5BD542a25Ea;299;299;299;0;0,0;3,0525957921010356;3,163868046432155;0,11127225433111931;301;0;299;0,0;False;0,004837766341859943;0,00964516535811691;2,0;vehicles_step_sim_8__run050__SUMO_carro_1000__t0001
51;vehicles_step_sim_8.csv;SUMO_carro_1000;HBEFA4/PC_petrol_Euro-6ab;Gasoline;1773509248;2026-03-14 17:27:28;2026-03-14 17:27:29;1,0;3,059887;3,059887;0,0;48,38354952727273;111765,999408;589,0282474999999;-111176,9711605;-5,558848558025;33,592971000000006;9,43776;40,77564360647124;-73,96068698429804;40,77419824467482;-73,96114108863082;40,7789199;-73,9539099;40,7774493;-73,9548087;True;True;0xCDcF7b2a3352a32cc28FD35C3924f5BD542a25Ea;299;299;299;0;0,0;3,0525957921010356;2,98086991010809;-0,0717258819929456;301;0;299;0,0;False;0,0032865996727117646;0,006674792305977778;2,0;vehicles_step_sim_8__run051__SUMO_carro_1000__t0001
52;vehicles_step_sim_8.csv;SUMO_carro_1000;HBEFA4/PC_petrol_Euro-6ab;Gasoline;1773509248;2026-03-14 17:27:28;2026-03-14 17:27:29;1,0;3,059887;3,059887;0,0;48,38354952727273;111765,999408;589,0282474999999;-111176,9711605;-5,558848558025;33,592971000000006;9,43776;40,77564360647124;-73,96068698429804;40,77419824467482;-73,96114108863082;40,7866581;-73,9685198;40,78521;-73,9690177;True;True;0xCDcF7b2a3352a32cc28FD35C3924f5BD542a25Ea;299;299;299;0;0,0;3,0525957921010356;3,1481564467987777;0,09556065469774211;301;0;299;0,0;False;0,010992227824818478;-0,00782780211789771;2,0;vehicles_step_sim_8__run052__SUMO_carro_1000__t0001
53;vehicles_step_sim_8.csv;SUMO_carro_1000;HBEFA4/PC_petrol_Euro-6ab;Gasoline;1773509248;2026-03-14 17:27:28;2026-03-14 17:27:29;1,0;3,059887;3,059887;0,0;48,38354952727273;111765,999408;589,0282474999999;-111176,9711605;-5,558848558025;33,592971000000006;9,43776;40,77564360647124;-73,96068698429804;40,77419824467482;-73,96114108863082;40,7640019;-73,9646247;40,7632177;-73,9647028;True;True;0xCDcF7b2a3352a32cc28FD35C3924f5BD542a25Ea;299;299;299;0;0,0;3,0525957921010356;3,435418465390766;0,3828226732897302;301;0;299;0,0;False;-0,011413651386044395;-0,003523821677742855;2,0;vehicles_step_sim_8__run053__SUMO_carro_1000__t0001
54;vehicles_step_sim_8.csv;SUMO_carro_1000;HBEFA4/PC_petrol_Euro-6ab;Gasoline;1773509248;2026-03-14 17:27:28;2026-03-14 17:27:29;1,0;3,059887;3,059887;0,0;48,38354952727273;111765,999408;589,0282474999999;-111176,9711605;-5,558848558025;33,592971000000006;9,43776;40,77564360647124;-73,96068698429804;40,77419824467482;-73,96114108863082;40,7788628;-73,9741982;40,7772465;-73,9762717;True;True;0xCDcF7b2a3352a32cc28FD35C3924f5BD542a25Ea;299;299;299;0;0,0;3,0525957921010356;2,1178190056235966;-0,934776786477439;301;0;299;0,0;False;0,0034576152273835536;-0,014774467379351734;2,0;vehicles_step_sim_8__run054__SUMO_carro_1000__t0001
55;vehicles_step_sim_8.csv;SUMO_carro_1000;HBEFA4/PC_petrol_Euro-6ab;Gasoline;1773509248;2026-03-14 17:27:28;2026-03-14 17:27:29;1,0;3,059887;3,059887;0,0;48,38354952727273;111765,999408;589,0282474999999;-111176,9711605;-5,558848558025;33,592971000000006;9,43776;40,77564360647124;-73,96068698429804;40,77419824467482;-73,96114108863082;40,7873344;-73,9521469;40,7864123;-73,9525197;True;True;0xCDcF7b2a3352a32cc28FD35C3924f5BD542a25Ea;299;299;299;0;0,0;3,0525957921010356;3,3185702563805384;0,2659744642795028;301;0;299;0,0;False;0,01186968578919097;0,008794789753083026;2,0;vehicles_step_sim_8__run055__SUMO_carro_1000__t0001
56;vehicles_step_sim_8.csv;SUMO_carro_1000;HBEFA4/PC_petrol_Euro-6ab;Gasoline;1773509248;2026-03-14 17:27:28;2026-03-14 17:27:29;1,0;3,059887;3,059887;0,0;48,38354952727273;111765,999408;589,0282474999999;-111176,9711605;-5,558848558025;33,592971000000006;9,43776;40,77564360647124;-73,96068698429804;40,77419824467482;-73,96114108863082;40,771743;-73,967432;40,7702368;-73,9677669;True;True;0xCDcF7b2a3352a32cc28FD35C3924f5BD542a25Ea;299;299;299;0;0,0;3,0525957921010356;3,461824322462627;0,40922853036159124;301;0;299;0,0;False;-0,0041532795000749955;-0,006725805902372362;2,0;vehicles_step_sim_8__run056__SUMO_carro_1000__t0001
57;vehicles_step_sim_8.csv;SUMO_carro_1000;HBEFA4/PC_petrol_Euro-6ab;Gasoline;1773509248;2026-03-14 17:27:28;2026-03-14 17:27:29;1,0;3,059887;3,059887;0,0;48,38354952727273;111765,999408;589,0282474999999;-111176,9711605;-5,558848558025;33,592971000000006;9,43776;40,77564360647124;-73,96068698429804;40,77419824467482;-73,96114108863082;40,7723686;-73,9670914;40,7711075;-73,9678966;True;True;0xCDcF7b2a3352a32cc28FD35C3924f5BD542a25Ea;299;299;299;0;0,0;3,0525957921010356;3,2177386426264967;0,16514285052546107;301;0;299;0,0;False;-0,0033094144172477555;-0,006715294080722131;2,0;vehicles_step_sim_8__run057__SUMO_carro_1000__t0001
58;vehicles_step_sim_8.csv;SUMO_carro_1000;HBEFA4/PC_petrol_Euro-6ab;Gasoline;1773509248;2026-03-14 17:27:28;2026-03-14 17:27:29;1,0;3,059887;3,059887;0,0;48,38354952727273;111765,999408;589,0282474999999;-111176,9711605;-5,558848558025;33,592971000000006;9,43776;40,77564360647124;-73,96068698429804;40,77419824467482;-73,96114108863082;40,7685431;-73,9556359;40,7674122;-73,9562854;True;True;0xCDcF7b2a3352a32cc28FD35C3924f5BD542a25Ea;299;299;299;0;0,0;3,0525957921010356;3,5746899848516325;0,5220941927505969;301;0;299;0,0;False;-0,006757020342343889;0,004596691555808829;2,0;vehicles_step_sim_8__run058__SUMO_carro_1000__t0001
59;vehicles_step_sim_8.csv;SUMO_carro_1000;HBEFA4/PC_petrol_Euro-6ab;Gasoline;1773509248;2026-03-14 17:27:28;2026-03-14 17:27:29;1,0;3,059887;3,059887;0,0;48,38354952727273;111765,999408;589,0282474999999;-111176,9711605;-5,558848558025;33,592971000000006;9,43776;40,77564360647124;-73,96068698429804;40,77419824467482;-73,96114108863082;40,7949181;-73,9623335;40,7909365;-73,9610436;True;True;0xCDcF7b2a3352a32cc28FD35C3924f5BD542a25Ea;299;299;299;0;0,0;3,0525957921010356;2,1641708656998504;-0,8884249264011852;301;0;299;0,0;False;0,017836237238357516;0,001725074498116105;2,0;vehicles_step_sim_8__run059__SUMO_carro_1000__t0001
60;vehicles_step_sim_8.csv;SUMO_carro_1000;HBEFA4/PC_petrol_Euro-6ab;Gasoline;1773509248;2026-03-14 17:27:28;2026-03-14 17:27:29;1,0;3,059887;3,059887;0,0;48,38354952727273;111765,999408;589,0282474999999;-111176,9711605;-5,558848558025;33,592971000000006;9,43776;40,77564360647124;-73,96068698429804;40,77419824467482;-73,96114108863082;40,7741987;-73,9544398;40,7730319;-73,9553019;True;True;0xCDcF7b2a3352a32cc28FD35C3924f5BD542a25Ea;299;299;299;0;0,0;3,0525957921010356;3,2394466159202673;0,18685082381923168;301;0;299;0,0;False;-0,0011786989259213391;0,005910227499690113;2,0;vehicles_step_sim_8__run060__SUMO_carro_1000__t0001
61;vehicles_step_sim_8.csv;SUMO_carro_1000;HBEFA4/PC_petrol_Euro-6ab;Gasoline;1773509248;2026-03-14 17:27:28;2026-03-14 17:27:29;1,0;3,059887;3,059887;0,0;48,38354952727273;111765,999408;589,0282474999999;-111176,9711605;-5,558848558025;33,592971000000006;9,43776;40,77564360647124;-73,96068698429804;40,77419824467482;-73,96114108863082;40,774308;-73,9453999;40,7730492;-73,946155;True;True;0xCDcF7b2a3352a32cc28FD35C3924f5BD542a25Ea;299;299;299;0;0,0;3,0525957921010356;3,344906036756962;0,29231024465592625;301;0;299;0,0;False;-0,0009733698191333286;0,014957869390424938;2,0;vehicles_step_sim_8__run061__SUMO_carro_1000__t0001
62;vehicles_step_sim_8.csv;SUMO_carro_1000;HBEFA4/PC_petrol_Euro-6ab;Gasoline;1773509248;2026-03-14 17:27:28;2026-03-14 17:27:29;1,0;3,059887;3,059887;0,0;48,38354952727273;111765,999408;589,0282474999999;-111176,9711605;-5,558848558025;33,592971000000006;9,43776;40,77564360647124;-73,96068698429804;40,77419824467482;-73,96114108863082;40,7859138;-73,9572197;40,7846666;-73,9581319;True;True;0xCDcF7b2a3352a32cc28FD35C3924f5BD542a25Ea;299;299;299;0;0,0;3,0525957921010356;3,935810051435126;0,8832142593340904;301;0;299;0,0;False;0,011588379278441018;0,00014336230757962538;2,0;vehicles_step_sim_8__run062__SUMO_carro_1000__t0001
63;vehicles_step_sim_8.csv;SUMO_carro_1000;HBEFA4/PC_petrol_Euro-6ab;Gasoline;1773509248;2026-03-14 17:27:28;2026-03-14 17:27:29;1,0;3,059887;3,059887;0,0;48,38354952727273;111765,999408;589,0282474999999;-111176,9711605;-5,558848558025;33,592971000000006;9,43776;40,77564360647124;-73,96068698429804;40,77419824467482;-73,96114108863082;40,760301;-73,957286;40,7590118;-73,9583867;True;True;0xCDcF7b2a3352a32cc28FD35C3924f5BD542a25Ea;299;299;299;0;0,0;3,0525957921010356;3,1805466974372623;0,12795090533622666;301;0;299;0,0;False;-0,015319671008862444;0,0033584338117000753;2,0;vehicles_step_sim_8__run063__SUMO_carro_1000__t0001
64;vehicles_step_sim_8.csv;SUMO_carro_1000;HBEFA4/PC_petrol_Euro-6ab;Gasoline;1773509248;2026-03-14 17:27:28;2026-03-14 17:27:29;1,0;3,059887;3,059887;0,0;48,38354952727273;111765,999408;589,0282474999999;-111176,9711605;-5,558848558025;33,592971000000006;9,43776;40,77564360647124;-73,96068698429804;40,77419824467482;-73,96114108863082;40,7841599;-73,9665726;40,7840712;-73,9663198;True;True;0xCDcF7b2a3352a32cc28FD35C3924f5BD542a25Ea;299;299;299;0;0,0;3,0525957921010356;5,523709875358619;2,471114083257583;301;0;299;0,0;False;0,007506076399920907;-0,006596061746125638;2,0;vehicles_step_sim_8__run064__SUMO_carro_1000__t0001
65;vehicles_step_sim_8.csv;SUMO_carro_1000;HBEFA4/PC_petrol_Euro-6ab;Gasoline;1773509248;2026-03-14 17:27:28;2026-03-14 17:27:29;1,0;3,059887;3,059887;0,0;48,38354952727273;111765,999408;589,0282474999999;-111176,9711605;-5,558848558025;33,592971000000006;9,43776;40,77564360647124;-73,96068698429804;40,77419824467482;-73,96114108863082;40,7672237;-73,9505427;40,765849;-73,9514797;True;True;0xCDcF7b2a3352a32cc28FD35C3924f5BD542a25Ea;299;299;299;0;0,0;3,0525957921010356;4,2489938676095305;1,1963980755084949;301;0;299;0,0;False;-0,00843148490493434;0,009877353050393773;2,0;vehicles_step_sim_8__run065__SUMO_carro_1000__t0001
66;vehicles_step_sim_8.csv;SUMO_carro_1000;HBEFA4/PC_petrol_Euro-6ab;Gasoline;1773509248;2026-03-14 17:27:28;2026-03-14 17:27:29;1,0;3,059887;3,059887;0,0;48,38354952727273;111765,999408;589,0282474999999;-111176,9711605;-5,558848558025;33,592971000000006;9,43776;40,77564360647124;-73,96068698429804;40,77419824467482;-73,96114108863082;40,7705115;-73,9504469;40,7688591;-73,9504796;True;True;0xCDcF7b2a3352a32cc28FD35C3924f5BD542a25Ea;299;299;299;0;0,0;3,0525957921010356;3,0436598942614816;-0,008935897839553952;301;0;299;0,0;False;-0,005042329711476991;0,010708580109445644;2,0;vehicles_step_sim_8__run066__SUMO_carro_1000__t0001
67;vehicles_step_sim_8.csv;SUMO_carro_1000;HBEFA4/PC_petrol_Euro-6ab;Gasoline;1773509248;2026-03-14 17:27:28;2026-03-14 17:27:29;1,0;3,059887;3,059887;0,0;48,38354952727273;111765,999408;589,0282474999999;-111176,9711605;-5,558848558025;33,592971000000006;9,43776;40,77564360647124;-73,96068698429804;40,77419824467482;-73,96114108863082;40,7604147;-73,9634929;40,7589403;-73,9644084;True;True;0xCDcF7b2a3352a32cc28FD35C3924f5BD542a25Ea;299;299;299;0;0,0;3,0525957921010356;3,5116838600256797;0,45908806792464407;301;0;299;0,0;False;-0,015313239152378413;-0,002839222404698132;2,0;vehicles_step_sim_8__run067__SUMO_carro_1000__t0001
68;vehicles_step_sim_8.csv;SUMO_carro_1000;HBEFA4/PC_petrol_Euro-6ab;Gasoline;1773509248;2026-03-14 17:27:28;2026-03-14 17:27:29;1,0;3,059887;3,059887;0,0;48,38354952727273;111765,999408;589,0282474999999;-111176,9711605;-5,558848558025;33,592971000000006;9,43776;40,77564360647124;-73,96068698429804;40,77419824467482;-73,96114108863082;40,780691;-73,9445956;40,7791736;-73,9449112;True;True;0xCDcF7b2a3352a32cc28FD35C3924f5BD542a25Ea;299;299;299;0;0,0;3,0525957921010356;3,156759237549212;0,10416344544817635;301;0;299;0,0;False;0,005059226575365962;0,015749199487922205;2,0;vehicles_step_sim_8__run068__SUMO_carro_1000__t0001
69;vehicles_step_sim_8.csv;SUMO_carro_1000;HBEFA4/PC_petrol_Euro-6ab;Gasoline;1773509248;2026-03-14 17:27:28;2026-03-14 17:27:29;1,0;3,059887;3,059887;0,0;48,38354952727273;111765,999408;589,0282474999999;-111176,9711605;-5,558848558025;33,592971000000006;9,43776;40,77564360647124;-73,96068698429804;40,77419824467482;-73,96114108863082;40,7646148;-73,9727773;40,7632286;-73,9724791;True;True;0xCDcF7b2a3352a32cc28FD35C3924f5BD542a25Ea;299;299;299;0;0,0;3,0525957921010356;3,5180002752528243;0,46540448315178873;301;0;299;0,0;False;-0,011191690173547916;-0,011736758032614933;2,0;vehicles_step_sim_8__run069__SUMO_carro_1000__t0001
70;vehicles_step_sim_8.csv;SUMO_carro_1000;HBEFA4/PC_petrol_Euro-6ab;Gasoline;1773509248;2026-03-14 17:27:28;2026-03-14 17:27:29;1,0;3,059887;3,059887;0,0;48,38354952727273;111765,999408;589,0282474999999;-111176,9711605;-5,558848558025;33,592971000000006;9,43776;40,77564360647124;-73,96068698429804;40,77419824467482;-73,96114108863082;40,7822663;-73,972258;40,7807149;-73,9726981;True;True;0xCDcF7b2a3352a32cc28FD35C3924f5BD542a25Ea;299;299;299;0;0,0;3,0525957921010356;2,915525408287926;-0,13707038381310976;301;0;299;0,0;False;0,006417340603296383;-0,011721376800878527;2,0;vehicles_step_sim_8__run070__SUMO_carro_1000__t0001
71;vehicles_step_sim_8.csv;SUMO_carro_1000;HBEFA4/PC_petrol_Euro-6ab;Gasoline;1773509248;2026-03-14 17:27:28;2026-03-14 17:27:29;1,0;3,059887;3,059887;0,0;48,38354952727273;111765,999408;589,0282474999999;-111176,9711605;-5,558848558025;33,592971000000006;9,43776;40,77564360647124;-73,96068698429804;40,77419824467482;-73,96114108863082;40,7636536;-73,9734832;40,7623651;-73,9744172;True;True;0xCDcF7b2a3352a32cc28FD35C3924f5BD542a25Ea;299;299;299;0;0,0;3,0525957921010356;3,3511374792272814;0,29854168712624585;301;0;299;0,0;False;-0,012021088655255373;-0,012809102561117357;2,0;vehicles_step_sim_8__run071__SUMO_carro_1000__t0001
72;vehicles_step_sim_8.csv;SUMO_carro_1000;HBEFA4/PC_petrol_Euro-6ab;Gasoline;1773509248;2026-03-14 17:27:28;2026-03-14 17:27:29;1,0;3,059887;3,059887;0,0;48,38354952727273;111765,999408;589,0282474999999;-111176,9711605;-5,558848558025;33,592971000000006;9,43776;40,77564360647124;-73,96068698429804;40,77419824467482;-73,96114108863082;40,7681149;-73,9494372;40,7670677;-73,9503358;True;True;0xCDcF7b2a3352a32cc28FD35C3924f5BD542a25Ea;299;299;299;0;0,0;3,0525957921010356;4,453263048923137;1,4006672568221017;301;0;299;0,0;False;-0,007688467320260091;0,011844178277403635;2,0;vehicles_step_sim_8__run072__SUMO_carro_1000__t0001
73;vehicles_step_sim_8.csv;SUMO_carro_1000;HBEFA4/PC_petrol_Euro-6ab;Gasoline;1773509248;2026-03-14 17:27:28;2026-03-14 17:27:29;1,0;3,059887;3,059887;0,0;48,38354952727273;111765,999408;589,0282474999999;-111176,9711605;-5,558848558025;33,592971000000006;9,43776;40,77564360647124;-73,96068698429804;40,77419824467482;-73,96114108863082;40,7784436;-73,9673756;40,7783491;-73,9671262;True;True;0xCDcF7b2a3352a32cc28FD35C3924f5BD542a25Ea;299;299;299;0;0,0;3,0525957921010356;1,8878195201137935;-1,164776271987242;301;0;299;0,0;False;0,004677429341077212;-0,005704598767728894;2,0;vehicles_step_sim_8__run073__SUMO_carro_1000__t0001
74;vehicles_step_sim_8.csv;SUMO_carro_1000;HBEFA4/PC_petrol_Euro-6ab;Gasoline;1773509248;2026-03-14 17:27:28;2026-03-14 17:27:29;1,0;3,059887;3,059887;0,0;48,38354952727273;111765,999408;589,0282474999999;-111176,9711605;-5,558848558025;33,592971000000006;9,43776;40,77564360647124;-73,96068698429804;40,77419824467482;-73,96114108863082;40,7897438;-73,9699718;40,7884955;-73,9707411;True;True;0xCDcF7b2a3352a32cc28FD35C3924f5BD542a25Ea;299;299;299;0;0,0;3,0525957921010356;3,3192781006470113;0,26668230854597574;301;0;299;0,0;False;0,01436652920990881;-0,009536583291301146;2,0;vehicles_step_sim_8__run074__SUMO_carro_1000__t0001
75;vehicles_step_sim_8.csv;SUMO_carro_1000;HBEFA4/PC_petrol_Euro-6ab;Gasoline;1773509248;2026-03-14 17:27:28;2026-03-14 17:27:29;1,0;3,059887;3,059887;0,0;48,38354952727273;111765,999408;589,0282474999999;-111176,9711605;-5,558848558025;33,592971000000006;9,43776;40,77564360647124;-73,96068698429804;40,77419824467482;-73,96114108863082;40,7708629;-73,9673149;40,7692704;-73,9674089;True;True;0xCDcF7b2a3352a32cc28FD35C3924f5BD542a25Ea;299;299;299;0;0,0;3,0525957921010356;3,467204577402739;0,41460878530170353;301;0;299;0,0;False;-0,00475076633016177;-0,006409248798117341;2,0;vehicles_step_sim_8__run075__SUMO_carro_1000__t0001
76;vehicles_step_sim_8.csv;SUMO_carro_1000;HBEFA4/PC_petrol_Euro-6ab;Gasoline;1773509248;2026-03-14 17:27:28;2026-03-14 17:27:29;1,0;3,059887;3,059887;0,0;48,38354952727273;111765,999408;589,0282474999999;-111176,9711605;-5,558848558025;33,592971000000006;9,43776;40,77564360647124;-73,96068698429804;40,77419824467482;-73,96114108863082;40,7841599;-73,9665726;40,7792672;-73,9693377;True;True;0xCDcF7b2a3352a32cc28FD35C3924f5BD542a25Ea;299;299;299;0;0,0;3,0525957921010356;2,6843203685505914;-0,3682754235504442;301;0;299;0,0;False;0,006282814217346734;-0,007368573967235304;2,0;vehicles_step_sim_8__run076__SUMO_carro_1000__t0001
77;vehicles_step_sim_8.csv;SUMO_carro_1000;HBEFA4/PC_petrol_Euro-6ab;Gasoline;1773509248;2026-03-14 17:27:28;2026-03-14 17:27:29;1,0;3,059887;3,059887;0,0;48,38354952727273;111765,999408;589,0282474999999;-111176,9711605;-5,558848558025;33,592971000000006;9,43776;40,77564360647124;-73,96068698429804;40,77419824467482;-73,96114108863082;40,770955;-73,9430565;40,7709384;-73,9431057;True;True;0xCDcF7b2a3352a32cc28FD35C3924f5BD542a25Ea;299;299;299;0;0,0;3,0525957921010356;2,378486497190305;-0,6741092949107306;301;0;299;0,0;False;-0,0008950024525852734;0,016283871634028016;2,0;vehicles_step_sim_8__run077__SUMO_carro_1000__t0001
78;vehicles_step_sim_8.csv;SUMO_carro_1000;HBEFA4/PC_petrol_Euro-6ab;Gasoline;1773509248;2026-03-14 17:27:28;2026-03-14 17:27:29;1,0;3,059887;3,059887;0,0;48,38354952727273;111765,999408;589,0282474999999;-111176,9711605;-5,558848558025;33,592971000000006;9,43776;40,77564360647124;-73,96068698429804;40,77419824467482;-73,96114108863082;40,7788979;-73,9777379;40,7773587;-73,9786625;True;True;0xCDcF7b2a3352a32cc28FD35C3924f5BD542a25Ea;299;299;299;0;0,0;3,0525957921010356;3,381834650552829;0,32923885845179335;301;0;299;0,0;False;0,0031742136758583423;-0,01689508552597415;2,0;vehicles_step_sim_8__run078__SUMO_carro_1000__t0001
79;vehicles_step_sim_8.csv;SUMO_carro_1000;HBEFA4/PC_petrol_Euro-6ab;Gasoline;1773509248;2026-03-14 17:27:28;2026-03-14 17:27:29;1,0;3,059887;3,059887;0,0;48,38354952727273;111765,999408;589,0282474999999;-111176,9711605;-5,558848558025;33,592971000000006;9,43776;40,77564360647124;-73,96068698429804;40,77419824467482;-73,96114108863082;40,7835281;-73,9644858;40,7822065;-73,9634363;True;True;0xCDcF7b2a3352a32cc28FD35C3924f5BD542a25Ea;299;299;299;0;0,0;3,0525957921010356;5,020693891645663;1,968098099544627;301;0;299;0,0;False;0,007488434016364776;-0,004056068355337585;2,0;vehicles_step_sim_8__run079__SUMO_carro_1000__t0001
80;vehicles_step_sim_8.csv;SUMO_carro_1000;HBEFA4/PC_petrol_Euro-6ab;Gasoline;1773509248;2026-03-14 17:27:28;2026-03-14 17:27:29;1,0;3,059887;3,059887;0,0;48,38354952727273;111765,999408;589,0282474999999;-111176,9711605;-5,558848558025;33,592971000000006;9,43776;40,77564360647124;-73,96068698429804;40,77419824467482;-73,96114108863082;40,7903388;-73,9600164;40,7852941;-73,9576729;True;True;0xCDcF7b2a3352a32cc28FD35C3924f5BD542a25Ea;299;299;299;0;0,0;3,0525957921010356;5,778553649653462;2,7259578575524266;301;0;299;0,0;False;0,012836142768393842;-0,000610292975692641;2,0;vehicles_step_sim_8__run080__SUMO_carro_1000__t0001
81;vehicles_step_sim_8.csv;SUMO_carro_1000;HBEFA4/PC_petrol_Euro-6ab;Gasoline;1773509248;2026-03-14 17:27:28;2026-03-14 17:27:29;1,0;3,059887;3,059887;0,0;48,38354952727273;111765,999408;589,0282474999999;-111176,9711605;-5,558848558025;33,592971000000006;9,43776;40,77564360647124;-73,96068698429804;40,77419824467482;-73,96114108863082;40,7781535;-73,9784256;40,7766765;-73,9791729;True;True;0xCDcF7b2a3352a32cc28FD35C3924f5BD542a25Ea;299;299;299;0;0,0;3,0525957921010356;3,431300859904212;0,3787050678031765;301;0;299;0,0;False;0,002434642936105014;-0,017755168683349507;2,0;vehicles_step_sim_8__run081__SUMO_carro_1000__t0001
82;vehicles_step_sim_8.csv;SUMO_carro_1000;HBEFA4/PC_petrol_Euro-6ab;Gasoline;1773509248;2026-03-14 17:27:28;2026-03-14 17:27:29;1,0;3,059887;3,059887;0,0;48,38354952727273;111765,999408;589,0282474999999;-111176,9711605;-5,558848558025;33,592971000000006;9,43776;40,77564360647124;-73,96068698429804;40,77419824467482;-73,96114108863082;40,7783071;-73,9669678;40,7782575;-73,9667472;True;True;0xCDcF7b2a3352a32cc28FD35C3924f5BD542a25Ea;299;299;299;0;0,0;3,0525957921010356;3,492779176631262;0,44018338453022654;301;0;299;0,0;False;0,003044631339526868;-0,006032898937869964;2,0;vehicles_step_sim_8__run082__SUMO_carro_1000__t0001
83;vehicles_step_sim_8.csv;SUMO_carro_1000;HBEFA4/PC_petrol_Euro-6ab;Gasoline;1773509248;2026-03-14 17:27:28;2026-03-14 17:27:29;1,0;3,059887;3,059887;0,0;48,38354952727273;111765,999408;589,0282474999999;-111176,9711605;-5,558848558025;33,592971000000006;9,43776;40,77564360647124;-73,96068698429804;40,77419824467482;-73,96114108863082;40,7600474;-73,9649346;40,758699;-73,9657579;True;True;0xCDcF7b2a3352a32cc28FD35C3924f5BD542a25Ea;299;299;299;0;0,0;3,0525957921010356;3,1844249999343037;0,13182920783326812;301;0;299;0,0;False;-0,015433385299633163;-0,0046895467406824895;2,0;vehicles_step_sim_8__run083__SUMO_carro_1000__t0001
84;vehicles_step_sim_8.csv;SUMO_carro_1000;HBEFA4/PC_petrol_Euro-6ab;Gasoline;1773509248;2026-03-14 17:27:28;2026-03-14 17:27:29;1,0;3,059887;3,059887;0,0;48,38354952727273;111765,999408;589,0282474999999;-111176,9711605;-5,558848558025;33,592971000000006;9,43776;40,77564360647124;-73,96068698429804;40,77419824467482;-73,96114108863082;40,7840305;-73,9661854;40,7838444;-73,9655375;True;True;0xCDcF7b2a3352a32cc28FD35C3924f5BD542a25Ea;299;299;299;0;0,0;3,0525957921010356;4,214965395438793;1,1623696033377575;301;0;299;0,0;False;0,008697861558167312;-0,005004713000445953;2,0;vehicles_step_sim_8__run084__SUMO_carro_1000__t0001
85;vehicles_step_sim_8.csv;SUMO_carro_1000;HBEFA4/PC_petrol_Euro-6ab;Gasoline;1773509248;2026-03-14 17:27:28;2026-03-14 17:27:29;1,0;3,059887;3,059887;0,0;48,38354952727273;111765,999408;589,0282474999999;-111176,9711605;-5,558848558025;33,592971000000006;9,43776;40,77564360647124;-73,96068698429804;40,77419824467482;-73,96114108863082;40,7869997;-73,9480208;40,7850653;-73,9490172;True;True;0xCDcF7b2a3352a32cc28FD35C3924f5BD542a25Ea;299;299;299;0;0,0;3,0525957921010356;3,7369443655318837;0,6843485734308481;301;0;299;0,0;False;0,011081197019297852;0,012844260176791413;2,0;vehicles_step_sim_8__run085__SUMO_carro_1000__t0001
86;vehicles_step_sim_8.csv;SUMO_carro_1000;HBEFA4/PC_petrol_Euro-6ab;Gasoline;1773509248;2026-03-14 17:27:28;2026-03-14 17:27:29;1,0;3,059887;3,059887;0,0;48,38354952727273;111765,999408;589,0282474999999;-111176,9711605;-5,558848558025;33,592971000000006;9,43776;40,77564360647124;-73,96068698429804;40,77419824467482;-73,96114108863082;40,7783736;-73,9627182;40,7775108;-73,9645393;True;True;0xCDcF7b2a3352a32cc28FD35C3924f5BD542a25Ea;299;299;299;0;0,0;3,0525957921010356;3,465187255921076;0,4125914638200405;301;0;299;0,0;False;0,0032639405640681064;-0,003403951570140109;2,0;vehicles_step_sim_8__run086__SUMO_carro_1000__t0001
87;vehicles_step_sim_8.csv;SUMO_carro_1000;HBEFA4/PC_petrol_Euro-6ab;Gasoline;1773509248;2026-03-14 17:27:28;2026-03-14 17:27:29;1,0;3,059887;3,059887;0,0;48,38354952727273;111765,999408;589,0282474999999;-111176,9711605;-5,558848558025;33,592971000000006;9,43776;40,77564360647124;-73,96068698429804;40,77419824467482;-73,96114108863082;40,7581162;-73,9547044;40,7567584;-73,9557032;True;True;0xCDcF7b2a3352a32cc28FD35C3924f5BD542a25Ea;299;299;299;0;0,0;3,0525957921010356;3,210542473217825;0,15794668111678956;301;0;299;0,0;False;-0,0170598548379935;0,004762538115059439;2,0;vehicles_step_sim_8__run087__SUMO_carro_1000__t0001
88;vehicles_step_sim_8.csv;SUMO_carro_1000;HBEFA4/PC_petrol_Euro-6ab;Gasoline;1773509248;2026-03-14 17:27:28;2026-03-14 17:27:29;1,0;3,059887;3,059887;0,0;48,38354952727273;111765,999408;589,0282474999999;-111176,9711605;-5,558848558025;33,592971000000006;9,43776;40,77564360647124;-73,96068698429804;40,77419824467482;-73,96114108863082;40,7784436;-73,9673756;40,7783776;-73,9672115;True;True;0xCDcF7b2a3352a32cc28FD35C3924f5BD542a25Ea;299;299;299;0;0,0;3,0525957921010356;3,2629646499769644;0,21036885787592885;301;0;299;0,0;False;0,0017458163088632744;-0,007664967458582194;2,0;vehicles_step_sim_8__run088__SUMO_carro_1000__t0001
89;vehicles_step_sim_8.csv;SUMO_carro_1000;HBEFA4/PC_petrol_Euro-6ab;Gasoline;1773509248;2026-03-14 17:27:28;2026-03-14 17:27:29;1,0;3,059887;3,059887;0,0;48,38354952727273;111765,999408;589,0282474999999;-111176,9711605;-5,558848558025;33,592971000000006;9,43776;40,77564360647124;-73,96068698429804;40,77419824467482;-73,96114108863082;40,7665332;-73,9507416;40,7634635;-73,9484168;True;True;0xCDcF7b2a3352a32cc28FD35C3924f5BD542a25Ea;299;299;299;0;0,0;3,0525957921010356;3,674759136326947;0,6221633442259114;301;0;299;0,0;False;-0,010115130785783081;0,012152620198527387;2,0;vehicles_step_sim_8__run089__SUMO_carro_1000__t0001
90;vehicles_step_sim_8.csv;SUMO_carro_1000;HBEFA4/PC_petrol_Euro-6ab;Gasoline;1773509248;2026-03-14 17:27:28;2026-03-14 17:27:29;1,0;3,059887;3,059887;0,0;48,38354952727273;111765,999408;589,0282474999999;-111176,9711605;-5,558848558025;33,592971000000006;9,43776;40,77564360647124;-73,96068698429804;40,77419824467482;-73,96114108863082;40,7710443;-73,9495942;40,7700328;-73,9494895;True;True;0xCDcF7b2a3352a32cc28FD35C3924f5BD542a25Ea;299;299;299;0;0,0;3,0525957921010356;2,4295226722637557;-0,6230731198372799;301;0;299;0,0;False;-0,004116771277078489;0,011512348711404349;2,0;vehicles_step_sim_8__run090__SUMO_carro_1000__t0001
91;vehicles_step_sim_8.csv;SUMO_carro_1000;HBEFA4/PC_petrol_Euro-6ab;Gasoline;1773509248;2026-03-14 17:27:28;2026-03-14 17:27:29;1,0;3,059887;3,059887;0,0;48,38354952727273;111765,999408;589,0282474999999;-111176,9711605;-5,558848558025;33,592971000000006;9,43776;40,77564360647124;-73,96068698429804;40,77419824467482;-73,96114108863082;40,7755995;-73,9764204;40,7743496;-73,9773339;True;True;0xCDcF7b2a3352a32cc28FD35C3924f5BD542a25Ea;299;299;299;0;0,0;3,0525957921010356;6,331710161088806;3,27911436898777;301;0;299;0,0;False;-0,001053934021972544;-0,01298317416701702;2,0;vehicles_step_sim_8__run091__SUMO_carro_1000__t0001
92;vehicles_step_sim_8.csv;SUMO_carro_1000;HBEFA4/PC_petrol_Euro-6ab;Gasoline;1773509248;2026-03-14 17:27:28;2026-03-14 17:27:29;1,0;3,059887;3,059887;0,0;48,38354952727273;111765,999408;589,0282474999999;-111176,9711605;-5,558848558025;33,592971000000006;9,43776;40,77564360647124;-73,96068698429804;40,77419824467482;-73,96114108863082;40,7695183;-73,948231;40,767939;-73,9495688;True;True;0xCDcF7b2a3352a32cc28FD35C3924f5BD542a25Ea;299;299;299;0;0,0;3,0525957921010356;6,457921696062731;3,405325903961695;301;0;299;0,0;False;-0,007477922920368568;0,01412383316099238;2,0;vehicles_step_sim_8__run092__SUMO_carro_1000__t0001
93;vehicles_step_sim_8.csv;SUMO_carro_1000;HBEFA4/PC_petrol_Euro-6ab;Gasoline;1773509248;2026-03-14 17:27:28;2026-03-14 17:27:29;1,0;3,059887;3,059887;0,0;48,38354952727273;111765,999408;589,0282474999999;-111176,9711605;-5,558848558025;33,592971000000006;9,43776;40,77564360647124;-73,96068698429804;40,77419824467482;-73,96114108863082;40,7826545;-73,955144;40,7808478;-73,9547353;True;True;0xCDcF7b2a3352a32cc28FD35C3924f5BD542a25Ea;299;299;299;0;0,0;3,0525957921010356;3,305481408773389;0,2528856166723532;301;0;299;0,0;False;0,006962274372833647;0,00579923068749159;2,0;vehicles_step_sim_8__run093__SUMO_carro_1000__t0001
94;vehicles_step_sim_8.csv;SUMO_carro_1000;HBEFA4/PC_petrol_Euro-6ab;Gasoline;1773509248;2026-03-14 17:27:28;2026-03-14 17:27:29;1,0;3,059887;3,059887;0,0;48,38354952727273;111765,999408;589,0282474999999;-111176,9711605;-5,558848558025;33,592971000000006;9,43776;40,77564360647124;-73,96068698429804;40,77419824467482;-73,96114108863082;40,7731515;-73,9645927;40,771885;-73,9653595;True;True;0xCDcF7b2a3352a32cc28FD35C3924f5BD542a25Ea;299;299;299;0;0,0;3,0525957921010356;3,694045598843073;0,6414498067420373;301;0;299;0,0;False;-0,0021376815806934176;-0,004029383139151715;2,0;vehicles_step_sim_8__run094__SUMO_carro_1000__t0001
95;vehicles_step_sim_8.csv;SUMO_carro_1000;HBEFA4/PC_petrol_Euro-6ab;Gasoline;1773509248;2026-03-14 17:27:28;2026-03-14 17:27:29;1,0;3,059887;3,059887;0,0;48,38354952727273;111765,999408;589,0282474999999;-111176,9711605;-5,558848558025;33,592971000000006;9,43776;40,77564360647124;-73,96068698429804;40,77419824467482;-73,96114108863082;40,7814036;-73,9714362;40,7798324;-73,9708512;True;True;0xCDcF7b2a3352a32cc28FD35C3924f5BD542a25Ea;299;299;299;0;0,0;3,0525957921010356;2,8635827749753835;-0,1890130171256521;301;0;299;0,0;False;0,005459863547730136;-0,009869813352723219;2,0;vehicles_step_sim_8__run095__SUMO_carro_1000__t0001
96;vehicles_step_sim_8.csv;SUMO_carro_1000;HBEFA4/PC_petrol_Euro-6ab;Gasoline;1773509248;2026-03-14 17:27:28;2026-03-14 17:27:29;1,0;3,059887;3,059887;0,0;48,38354952727273;111765,999408;589,0282474999999;-111176,9711605;-5,558848558025;33,592971000000006;9,43776;40,77564360647124;-73,96068698429804;40,77419824467482;-73,96114108863082;40,7718381;-73,9674891;40,7705849;-73,9684042;True;True;0xCDcF7b2a3352a32cc28FD35C3924f5BD542a25Ea;299;299;299;0;0,0;3,0525957921010356;3,7656421660343975;0,7130463739333619;301;0;299;0,0;False;-0,0023716627598625597;-0,009998449213143128;2,0;vehicles_step_sim_8__run096__SUMO_carro_1000__t0001
97;vehicles_step_sim_8.csv;SUMO_carro_1000;HBEFA4/PC_petrol_Euro-6ab;Gasoline;1773509248;2026-03-14 17:27:28;2026-03-14 17:27:29;1,0;3,059887;3,059887;0,0;48,38354952727273;111765,999408;589,0282474999999;-111176,9711605;-5,558848558025;33,592971000000006;9,43776;40,77564360647124;-73,96068698429804;40,77419824467482;-73,96114108863082;40,7634207;-73,9535266;40,7623056;-73,9545702;True;True;0xCDcF7b2a3352a32cc28FD35C3924f5BD542a25Ea;299;299;299;0;0,0;3,0525957921010356;3,309185597974787;0,25658980587375124;301;0;299;0,0;False;-0,012372587696033666;0,007577195060708663;2,0;vehicles_step_sim_8__run097__SUMO_carro_1000__t0001
98;vehicles_step_sim_8.csv;SUMO_carro_1000;HBEFA4/PC_petrol_Euro-6ab;Gasoline;1773509248;2026-03-14 17:27:28;2026-03-14 17:27:29;1,0;3,059887;3,059887;0,0;48,38354952727273;111765,999408;589,0282474999999;-111176,9711605;-5,558848558025;33,592971000000006;9,43776;40,77564360647124;-73,96068698429804;40,77419824467482;-73,96114108863082;40,7739973;-73,9505613;40,7721324;-73,9500658;True;True;0xCDcF7b2a3352a32cc28FD35C3924f5BD542a25Ea;299;299;299;0;0,0;3,0525957921010356;3,827492844931515;0,7748970528304793;301;0;299;0,0;False;-0,0019215906355358496;0,010370593219173562;2,0;vehicles_step_sim_8__run098__SUMO_carro_1000__t0001
99;vehicles_step_sim_8.csv;SUMO_carro_1000;HBEFA4/PC_petrol_Euro-6ab;Gasoline;1773509248;2026-03-14 17:27:28;2026-03-14 17:27:29;1,0;3,059887;3,059887;0,0;48,38354952727273;111765,999408;589,0282474999999;-111176,9711605;-5,558848558025;33,592971000000006;9,43776;40,77564360647124;-73,96068698429804;40,77419824467482;-73,96114108863082;40,7739729;-73,9524629;40,7726108;-73,9533096;True;True;0xCDcF7b2a3352a32cc28FD35C3924f5BD542a25Ea;299;299;299;0;0,0;3,0525957921010356;3,077379613181871;0,024783821080835544;301;0;299;0,0;False;-0,0017344133664740614;0,007939485563760975;2,0;vehicles_step_sim_8__run099__SUMO_carro_1000__t0001
100;vehicles_step_sim_8.csv;SUMO_carro_1000;HBEFA4/PC_petrol_Euro-6ab;Gasoline;1773509248;2026-03-14 17:27:28;2026-03-14 17:27:29;1,0;3,059887;3,059887;0,0;48,38354952727273;111765,999408;589,0282474999999;-111176,9711605;-5,558848558025;33,592971000000006;9,43776;40,77564360647124;-73,96068698429804;40,77419824467482;-73,96114108863082;40,7897438;-73,9699718;40,7884801;-73,9708999;True;True;0xCDcF7b2a3352a32cc28FD35C3924f5BD542a25Ea;299;299;299;0;0,0;3,0525957921010356;3,2074964616872066;0,154900669586171;301;0;299;0,0;False;0,014680605575408089;-0,0099448418101849;2,0;vehicles_step_sim_8__run100__SUMO_carro_1000__t0001
1;vehicles_step_sim_4.csv;SUMO_carro_1000;HBEFA4/PC_petrol_Euro-6ab;Gasoline;1773509244;2026-03-14 17:27:24;2026-03-14 17:27:24;0,0;3,158202;2,540922;0,61728;49,983810791774886;115462,60292899999;607,953885;-114854,64904399999;-5,742732452199999;32,453239;9,506517;40,77564360647124;-73,96068698429804;40,77391239895499;-73,96190374515162;40,77403;-73,948678;40,7721324;-73,9500658;True;True;0xCDcF7b2a3352a32cc28FD35C3924f5BD542a25Ea;300;300;300;0;0,0;3,154171092917474;3,2209106136192753;0,06673952070180134;302;0;300;0,0;False;-0,0013890754481674305;0,011292705152975757;2,0;vehicles_step_sim_4__run001__SUMO_carro_1000__t0001
2;vehicles_step_sim_4.csv;SUMO_carro_1000;HBEFA4/PC_petrol_Euro-6ab;Gasoline;1773509244;2026-03-14 17:27:24;2026-03-14 17:27:24;0,0;3,158202;2,540922;0,61728;49,983810791774886;115462,60292899999;607,953885;-114854,64904399999;-5,742732452199999;32,453239;9,506517;40,77564360647124;-73,96068698429804;40,77391239895499;-73,96190374515162;40,7733897;-73,9442543;40,7720358;-73,945639;True;True;0xCDcF7b2a3352a32cc28FD35C3924f5BD542a25Ea;300;300;300;0;0,0;3,154171092917474;1,7868433930176975;-1,3673276998997765;302;0;300;0,0;False;-0,002514752374018219;0,01727155375810286;2,0;vehicles_step_sim_4__run002__SUMO_carro_1000__t0001
3;vehicles_step_sim_4.csv;SUMO_carro_1000;HBEFA4/PC_petrol_Euro-6ab;Gasoline;1773509244;2026-03-14 17:27:24;2026-03-14 17:27:24;0,0;3,158202;2,540922;0,61728;49,983810791774886;115462,60292899999;607,953885;-114854,64904399999;-5,742732452199999;32,453239;9,506517;40,77564360647124;-73,96068698429804;40,77391239895499;-73,96190374515162;40,7756008;-73,9582944;40,773614;-73,9597546;True;True;0xCDcF7b2a3352a32cc28FD35C3924f5BD542a25Ea;300;300;300;0;0,0;3,154171092917474;4,149441847211977;0,9952707542945034;302;0;300;0,0;False;-0,00020723285441926582;0,0028923885221983567;2,0;vehicles_step_sim_4__run003__SUMO_carro_1000__t0001
4;vehicles_step_sim_4.csv;SUMO_carro_1000;HBEFA4/PC_petrol_Euro-6ab;Gasoline;1773509244;2026-03-14 17:27:24;2026-03-14 17:27:24;0,0;3,158202;2,540922;0,61728;49,983810791774886;115462,60292899999;607,953885;-114854,64904399999;-5,742732452199999;32,453239;9,506517;40,77564360647124;-73,96068698429804;40,77391239895499;-73,96190374515162;40,7640609;-73,9686408;40,7627472;-73,9694281;True;True;0xCDcF7b2a3352a32cc28FD35C3924f5BD542a25Ea;300;300;300;0;0,0;3,154171092917474;3,4415793903793235;0,2874082974618495;302;0;300;0,0;False;-0,011584189392255797;-0,00752302195288898;2,0;vehicles_step_sim_4__run004__SUMO_carro_1000__t0001
5;vehicles_step_sim_4.csv;SUMO_carro_1000;HBEFA4/PC_petrol_Euro-6ab;Gasoline;1773509244;2026-03-14 17:27:24;2026-03-14 17:27:24;0,0;3,158202;2,540922;0,61728;49,983810791774886;115462,60292899999;607,953885;-114854,64904399999;-5,742732452199999;32,453239;9,506517;40,77564360647124;-73,96068698429804;40,77391239895499;-73,96190374515162;40,7634264;-73,9593724;40,761549;-73,9607342;True;True;0xCDcF7b2a3352a32cc28FD35C3924f5BD542a25Ea;300;300;300;0;0,0;3,154171092917474;3,334914803652073;0,18074371073459883;302;0;300;0,0;False;-0,012148055840874666;0,0012635485638012862;2,0;vehicles_step_sim_4__run005__SUMO_carro_1000__t0001
6;vehicles_step_sim_4.csv;SUMO_carro_1000;HBEFA4/PC_petrol_Euro-6ab;Gasoline;1773509244;2026-03-14 17:27:24;2026-03-14 17:27:24;0,0;3,158202;2,540922;0,61728;49,983810791774886;115462,60292899999;607,953885;-114854,64904399999;-5,742732452199999;32,453239;9,506517;40,77564360647124;-73,96068698429804;40,77391239895499;-73,96190374515162;40,784244;-73,9667779;40,7816048;-73,9713926;True;True;0xCDcF7b2a3352a32cc28FD35C3924f5BD542a25Ea;300;300;300;0;0,0;3,154171092917474;4,853523372892089;1,6993522799746148;302;0;300;0,0;False;0,0075868023388463695;-0,006853062267353378;2,0;vehicles_step_sim_4__run006__SUMO_carro_1000__t0001
7;vehicles_step_sim_4.csv;SUMO_carro_1000;HBEFA4/PC_petrol_Euro-6ab;Gasoline;1773509244;2026-03-14 17:27:24;2026-03-14 17:27:24;0,0;3,158202;2,540922;0,61728;49,983810791774886;115462,60292899999;607,953885;-114854,64904399999;-5,742732452199999;32,453239;9,506517;40,77564360647124;-73,96068698429804;40,77391239895499;-73,96190374515162;40,7816048;-73,9713926;40,7795446;-73,9701653;True;True;0xCDcF7b2a3352a32cc28FD35C3924f5BD542a25Ea;300;300;300;0;0,0;3,154171092917474;5,034738778901101;1,880567685983627;302;0;300;0,0;False;0,005981276879369758;-0,008065006826505045;2,0;vehicles_step_sim_4__run007__SUMO_carro_1000__t0001
8;vehicles_step_sim_4.csv;SUMO_carro_1000;HBEFA4/PC_petrol_Euro-6ab;Gasoline;1773509244;2026-03-14 17:27:24;2026-03-14 17:27:24;0,0;3,158202;2,540922;0,61728;49,983810791774886;115462,60292899999;607,953885;-114854,64904399999;-5,742732452199999;32,453239;9,506517;40,77564360647124;-73,96068698429804;40,77391239895499;-73,96190374515162;40,7749505;-73,9611438;40,7730444;-73,9625387;True;True;0xCDcF7b2a3352a32cc28FD35C3924f5BD542a25Ea;300;300;300;0;0,0;3,154171092917474;3,300119510853793;0,14594841793631907;302;0;300;0,0;False;-0,0008830075156509443;-0,0006009379982318483;2,0;vehicles_step_sim_4__run008__SUMO_carro_1000__t0001
9;vehicles_step_sim_4.csv;SUMO_carro_1000;HBEFA4/PC_petrol_Euro-6ab;Gasoline;1773509244;2026-03-14 17:27:24;2026-03-14 17:27:24;0,0;3,158202;2,540922;0,61728;49,983810791774886;115462,60292899999;607,953885;-114854,64904399999;-5,742732452199999;32,453239;9,506517;40,77564360647124;-73,96068698429804;40,77391239895499;-73,96190374515162;40,7666394;-73,9669732;40,7648178;-73,9683047;True;True;0xCDcF7b2a3352a32cc28FD35C3924f5BD542a25Ea;300;300;300;0;0,0;3,154171092917474;3,513952043026847;0,35978095010937317;302;0;300;0,0;False;-0,009004679698648687;-0,006337871461879095;2,0;vehicles_step_sim_4__run009__SUMO_carro_1000__t0001
10;vehicles_step_sim_4.csv;SUMO_carro_1000;HBEFA4/PC_petrol_Euro-6ab;Gasoline;1773509244;2026-03-14 17:27:24;2026-03-14 17:27:24;0,0;3,158202;2,540922;0,61728;49,983810791774886;115462,60292899999;607,953885;-114854,64904399999;-5,742732452199999;32,453239;9,506517;40,77564360647124;-73,96068698429804;40,77391239895499;-73,96190374515162;40,7644873;-73,9560727;40,7624761;-73,957115;True;True;0xCDcF7b2a3352a32cc28FD35C3924f5BD542a25Ea;300;300;300;0;0,0;3,154171092917474;4,0830676886443085;0,9288965957268345;302;0;300;0,0;False;-0,011339775201046745;0,004057956596768623;2,0;vehicles_step_sim_4__run010__SUMO_carro_1000__t0001
11;vehicles_step_sim_4.csv;SUMO_carro_1000;HBEFA4/PC_petrol_Euro-6ab;Gasoline;1773509244;2026-03-14 17:27:24;2026-03-14 17:27:24;0,0;3,158202;2,540922;0,61728;49,983810791774886;115462,60292899999;607,953885;-114854,64904399999;-5,742732452199999;32,453239;9,506517;40,77564360647124;-73,96068698429804;40,77391239895499;-73,96190374515162;40,7793401;-73,9579502;40,7776799;-73,9592884;True;True;0xCDcF7b2a3352a32cc28FD35C3924f5BD542a25Ea;300;300;300;0;0,0;3,154171092917474;3,4225193371127314;0,2683482441952574;302;0;300;0,0;False;0,003766373946814249;0,0025125237535389075;2,0;vehicles_step_sim_4__run011__SUMO_carro_1000__t0001
12;vehicles_step_sim_4.csv;SUMO_carro_1000;HBEFA4/PC_petrol_Euro-6ab;Gasoline;1773509244;2026-03-14 17:27:24;2026-03-14 17:27:24;0,0;3,158202;2,540922;0,61728;49,983810791774886;115462,60292899999;607,953885;-114854,64904399999;-5,742732452199999;32,453239;9,506517;40,77564360647124;-73,96068698429804;40,77391239895499;-73,96190374515162;40,7755427;-73,9764626;40,7737221;-73,9777895;True;True;0xCDcF7b2a3352a32cc28FD35C3924f5BD542a25Ea;300;300;300;0;0,0;3,154171092917474;2,4515622319732193;-0,7026088609442547;302;0;300;0,0;False;-0,0009486859366794497;-0,013843119331864297;2,0;vehicles_step_sim_4__run012__SUMO_carro_1000__t0001
13;vehicles_step_sim_4.csv;SUMO_carro_1000;HBEFA4/PC_petrol_Euro-6ab;Gasoline;1773509244;2026-03-14 17:27:24;2026-03-14 17:27:24;0,0;3,158202;2,540922;0,61728;49,983810791774886;115462,60292899999;607,953885;-114854,64904399999;-5,742732452199999;32,453239;9,506517;40,77564360647124;-73,96068698429804;40,77391239895499;-73,96190374515162;40,7704772;-73,9756095;40,7699024;-73,9747411;True;True;0xCDcF7b2a3352a32cc28FD35C3924f5BD542a25Ea;300;300;300;0;0,0;3,154171092917474;2,6159030897685382;-0,5382680031489357;302;0;300;0,0;False;-0,005041234373732825;-0,014299987764910108;2,0;vehicles_step_sim_4__run013__SUMO_carro_1000__t0001
14;vehicles_step_sim_4.csv;SUMO_carro_1000;HBEFA4/PC_petrol_Euro-6ab;Gasoline;1773509244;2026-03-14 17:27:24;2026-03-14 17:27:24;0,0;3,158202;2,540922;0,61728;49,983810791774886;115462,60292899999;607,953885;-114854,64904399999;-5,742732452199999;32,453239;9,506517;40,77564360647124;-73,96068698429804;40,77391239895499;-73,96190374515162;40,7798775;-73,9709228;40,7797253;-73,9706454;True;True;0xCDcF7b2a3352a32cc28FD35C3924f5BD542a25Ea;300;300;300;0;0,0;3,154171092917474;5,271816884131801;2,117645791214327;302;0;300;0,0;False;0,004874352626670135;-0,009531316687160075;2,0;vehicles_step_sim_4__run014__SUMO_carro_1000__t0001
15;vehicles_step_sim_4.csv;SUMO_carro_1000;HBEFA4/PC_petrol_Euro-6ab;Gasoline;1773509244;2026-03-14 17:27:24;2026-03-14 17:27:24;0,0;3,158202;2,540922;0,61728;49,983810791774886;115462,60292899999;607,953885;-114854,64904399999;-5,742732452199999;32,453239;9,506517;40,77564360647124;-73,96068698429804;40,77391239895499;-73,96190374515162;40,7699024;-73,9747411;40,7662706;-73,9776429;True;True;0xCDcF7b2a3352a32cc28FD35C3924f5BD542a25Ea;300;300;300;0;0,0;3,154171092917474;3,752736656191763;0,5985655632742892;302;0;300;0,0;False;-0,005733547304523336;-0,014645072731583378;2,0;vehicles_step_sim_4__run015__SUMO_carro_1000__t0001
16;vehicles_step_sim_4.csv;SUMO_carro_1000;HBEFA4/PC_petrol_Euro-6ab;Gasoline;1773509244;2026-03-14 17:27:24;2026-03-14 17:27:24;0,0;3,158202;2,540922;0,61728;49,983810791774886;115462,60292899999;607,953885;-114854,64904399999;-5,742732452199999;32,453239;9,506517;40,77564360647124;-73,96068698429804;40,77391239895499;-73,96190374515162;40,7836181;-73,9455926;40,7813641;-73,9462747;True;True;0xCDcF7b2a3352a32cc28FD35C3924f5BD542a25Ea;300;300;300;0;0,0;3,154171092917474;2,933823089922911;-0,2203480029945628;302;0;300;0,0;False;0,007986128789804647;0,014946364949884626;2,0;vehicles_step_sim_4__run016__SUMO_carro_1000__t0001
17;vehicles_step_sim_4.csv;SUMO_carro_1000;HBEFA4/PC_petrol_Euro-6ab;Gasoline;1773509244;2026-03-14 17:27:24;2026-03-14 17:27:24;0,0;3,158202;2,540922;0,61728;49,983810791774886;115462,60292899999;607,953885;-114854,64904399999;-5,742732452199999;32,453239;9,506517;40,77564360647124;-73,96068698429804;40,77391239895499;-73,96190374515162;40,7858627;-73,9728088;40,7845941;-73,9737293;True;True;0xCDcF7b2a3352a32cc28FD35C3924f5BD542a25Ea;300;300;300;0;0,0;3,154171092917474;3,1846230747700477;0,030451981852573695;302;0;300;0,0;False;0,010720172272956654;-0,012493014770704634;2,0;vehicles_step_sim_4__run017__SUMO_carro_1000__t0001
18;vehicles_step_sim_4.csv;SUMO_carro_1000;HBEFA4/PC_petrol_Euro-6ab;Gasoline;1773509244;2026-03-14 17:27:24;2026-03-14 17:27:24;0,0;3,158202;2,540922;0,61728;49,983810791774886;115462,60292899999;607,953885;-114854,64904399999;-5,742732452199999;32,453239;9,506517;40,77564360647124;-73,96068698429804;40,77391239895499;-73,96190374515162;40,7684816;-73,9491669;40,7667168;-73,9506095;True;True;0xCDcF7b2a3352a32cc28FD35C3924f5BD542a25Ea;300;300;300;0;0,0;3,154171092917474;5,6172146455149505;2,4630435525974765;302;0;300;0,0;False;-0,007987426553869349;0,013324337476582775;2,0;vehicles_step_sim_4__run018__SUMO_carro_1000__t0001
19;vehicles_step_sim_4.csv;SUMO_carro_1000;HBEFA4/PC_petrol_Euro-6ab;Gasoline;1773509244;2026-03-14 17:27:24;2026-03-14 17:27:24;0,0;3,158202;2,540922;0,61728;49,983810791774886;115462,60292899999;607,953885;-114854,64904399999;-5,742732452199999;32,453239;9,506517;40,77564360647124;-73,96068698429804;40,77391239895499;-73,96190374515162;40,7799769;-73,9747351;40,7772465;-73,9762717;True;True;0xCDcF7b2a3352a32cc28FD35C3924f5BD542a25Ea;300;300;300;0;0,0;3,154171092917474;2,3154404388898087;-0,8387306540276653;302;0;300;0,0;False;0,004075496230960594;-0,014387505907385916;2,0;vehicles_step_sim_4__run019__SUMO_carro_1000__t0001
20;vehicles_step_sim_4.csv;SUMO_carro_1000;HBEFA4/PC_petrol_Euro-6ab;Gasoline;1773509244;2026-03-14 17:27:24;2026-03-14 17:27:24;0,0;3,158202;2,540922;0,61728;49,983810791774886;115462,60292899999;607,953885;-114854,64904399999;-5,742732452199999;32,453239;9,506517;40,77564360647124;-73,96068698429804;40,77391239895499;-73,96190374515162;40,7821327;-73,9633959;40,7782575;-73,9667472;True;True;0xCDcF7b2a3352a32cc28FD35C3924f5BD542a25Ea;300;300;300;0;0,0;3,154171092917474;2,9046663013091294;-0,2495047916083446;302;0;300;0,0;False;0,005925490756068158;-0,004182197229568032;2,0;vehicles_step_sim_4__run020__SUMO_carro_1000__t0001
21;vehicles_step_sim_4.csv;SUMO_carro_1000;HBEFA4/PC_petrol_Euro-6ab;Gasoline;1773509244;2026-03-14 17:27:24;2026-03-14 17:27:24;0,0;3,158202;2,540922;0,61728;49,983810791774886;115462,60292899999;607,953885;-114854,64904399999;-5,742732452199999;32,453239;9,506517;40,77564360647124;-73,96068698429804;40,77391239895499;-73,96190374515162;40,7711274;-73,9477205;40,7700538;-73,9493699;True;True;0xCDcF7b2a3352a32cc28FD35C3924f5BD542a25Ea;300;300;300;0;0,0;3,154171092917474;2,5414436428469585;-0,6127274500705155;302;0;300;0,0;False;-0,004112022232396925;0,012854157366865845;2,0;vehicles_step_sim_4__run021__SUMO_carro_1000__t0001
22;vehicles_step_sim_4.csv;SUMO_carro_1000;HBEFA4/PC_petrol_Euro-6ab;Gasoline;1773509244;2026-03-14 17:27:24;2026-03-14 17:27:24;0,0;3,158202;2,540922;0,61728;49,983810791774886;115462,60292899999;607,953885;-114854,64904399999;-5,742732452199999;32,453239;9,506517;40,77564360647124;-73,96068698429804;40,77391239895499;-73,96190374515162;40,7836213;-73,9647553;40,7836727;-73,9649355;True;True;0xCDcF7b2a3352a32cc28FD35C3924f5BD542a25Ea;300;300;300;0;0,0;3,154171092917474;5,754425211805977;2,6002541188885027;302;0;300;0,0;False;0,00877306968679464;-0,0036058105344006987;2,0;vehicles_step_sim_4__run022__SUMO_carro_1000__t0001
23;vehicles_step_sim_4.csv;SUMO_carro_1000;HBEFA4/PC_petrol_Euro-6ab;Gasoline;1773509244;2026-03-14 17:27:24;2026-03-14 17:27:24;0,0;3,158202;2,540922;0,61728;49,983810791774886;115462,60292899999;607,953885;-114854,64904399999;-5,742732452199999;32,453239;9,506517;40,77564360647124;-73,96068698429804;40,77391239895499;-73,96190374515162;40,7704772;-73,9756095;40,7699024;-73,9747411;True;True;0xCDcF7b2a3352a32cc28FD35C3924f5BD542a25Ea;300;300;300;0;0,0;3,154171092917474;4,312588342387695;1,158417249470221;302;0;300;0,0;False;-0,005258569516332495;-0,014937625965927497;2,0;vehicles_step_sim_4__run023__SUMO_carro_1000__t0001
24;vehicles_step_sim_4.csv;SUMO_carro_1000;HBEFA4/PC_petrol_Euro-6ab;Gasoline;1773509244;2026-03-14 17:27:24;2026-03-14 17:27:24;0,0;3,158202;2,540922;0,61728;49,983810791774886;115462,60292899999;607,953885;-114854,64904399999;-5,742732452199999;32,453239;9,506517;40,77564360647124;-73,96068698429804;40,77391239895499;-73,96190374515162;40,77089;-73,9431763;40,7710408;-73,9467906;True;True;0xCDcF7b2a3352a32cc28FD35C3924f5BD542a25Ea;300;300;300;0;0,0;3,154171092917474;3,7802654566102496;0,6260943636927756;302;0;300;0,0;False;-0,003910197885658832;0,016065312971918187;2,0;vehicles_step_sim_4__run024__SUMO_carro_1000__t0001
25;vehicles_step_sim_4.csv;SUMO_carro_1000;HBEFA4/PC_petrol_Euro-6ab;Gasoline;1773509244;2026-03-14 17:27:24;2026-03-14 17:27:24;0,0;3,158202;2,540922;0,61728;49,983810791774886;115462,60292899999;607,953885;-114854,64904399999;-5,742732452199999;32,453239;9,506517;40,77564360647124;-73,96068698429804;40,77391239895499;-73,96190374515162;40,7904713;-73,9538896;40,7889564;-73,9564995;True;True;0xCDcF7b2a3352a32cc28FD35C3924f5BD542a25Ea;300;300;300;0;0,0;3,154171092917474;3,1506977550454214;-0,0034733378720526176;302;0;300;0,0;False;0,015099430603173999;0,00548331790866887;2,0;vehicles_step_sim_4__run025__SUMO_carro_1000__t0001
26;vehicles_step_sim_4.csv;SUMO_carro_1000;HBEFA4/PC_petrol_Euro-6ab;Gasoline;1773509244;2026-03-14 17:27:24;2026-03-14 17:27:24;0,0;3,158202;2,540922;0,61728;49,983810791774886;115462,60292899999;607,953885;-114854,64904399999;-5,742732452199999;32,453239;9,506517;40,77564360647124;-73,96068698429804;40,77391239895499;-73,96190374515162;40,7749852;-73,9529039;40,7739624;-73,9544327;True;True;0xCDcF7b2a3352a32cc28FD35C3924f5BD542a25Ea;300;300;300;0;0,0;3,154171092917474;4,101550399746635;0,9473793068291614;302;0;300;0,0;False;-0,0003929699937035889;0,008170986939310248;2,0;vehicles_step_sim_4__run026__SUMO_carro_1000__t0001
27;vehicles_step_sim_4.csv;SUMO_carro_1000;HBEFA4/PC_petrol_Euro-6ab;Gasoline;1773509244;2026-03-14 17:27:24;2026-03-14 17:27:24;0,0;3,158202;2,540922;0,61728;49,983810791774886;115462,60292899999;607,953885;-114854,64904399999;-5,742732452199999;32,453239;9,506517;40,77564360647124;-73,96068698429804;40,77391239895499;-73,96190374515162;40,7720845;-73,9561304;40,7704998;-73,9571237;True;True;0xCDcF7b2a3352a32cc28FD35C3924f5BD542a25Ea;300;300;300;0;0,0;3,154171092917474;3,3292658951555225;0,17509480223804852;302;0;300;0,0;False;-0,0034208820941012017;0,004470289228211514;2,0;vehicles_step_sim_4__run027__SUMO_carro_1000__t0001
28;vehicles_step_sim_4.csv;SUMO_carro_1000;HBEFA4/PC_petrol_Euro-6ab;Gasoline;1773509244;2026-03-14 17:27:24;2026-03-14 17:27:24;0,0;3,158202;2,540922;0,61728;49,983810791774886;115462,60292899999;607,953885;-114854,64904399999;-5,742732452199999;32,453239;9,506517;40,77564360647124;-73,96068698429804;40,77391239895499;-73,96190374515162;40,7659079;-73,955572;40,7644873;-73,9560727;True;True;0xCDcF7b2a3352a32cc28FD35C3924f5BD542a25Ea;300;300;300;0;0,0;3,154171092917474;3,053799045829341;-0,10037204708813308;302;0;300;0,0;False;-0,009361977817095595;0,0049075386088878285;2,0;vehicles_step_sim_4__run028__SUMO_carro_1000__t0001
29;vehicles_step_sim_4.csv;SUMO_carro_1000;HBEFA4/PC_petrol_Euro-6ab;Gasoline;1773509244;2026-03-14 17:27:24;2026-03-14 17:27:24;0,0;3,158202;2,540922;0,61728;49,983810791774886;115462,60292899999;607,953885;-114854,64904399999;-5,742732452199999;32,453239;9,506517;40,77564360647124;-73,96068698429804;40,77391239895499;-73,96190374515162;40,7613986;-73,9555873;40,7605494;-73,9567321;True;True;0xCDcF7b2a3352a32cc28FD35C3924f5BD542a25Ea;300;300;300;0;0,0;3,154171092917474;3,8597417206020483;0,7055706276845743;302;0;300;0,0;False;-0,014105844596009784;0,0058279606459401044;2,0;vehicles_step_sim_4__run029__SUMO_carro_1000__t0001
30;vehicles_step_sim_4.csv;SUMO_carro_1000;HBEFA4/PC_petrol_Euro-6ab;Gasoline;1773509244;2026-03-14 17:27:24;2026-03-14 17:27:24;0,0;3,158202;2,540922;0,61728;49,983810791774886;115462,60292899999;607,953885;-114854,64904399999;-5,742732452199999;32,453239;9,506517;40,77564360647124;-73,96068698429804;40,77391239895499;-73,96190374515162;40,7758122;-73,9447616;40,7736781;-73,9458612;True;True;0xCDcF7b2a3352a32cc28FD35C3924f5BD542a25Ea;300;300;300;0;0,0;3,154171092917474;3,381049298427239;0,2268782055097649;302;0;300;0,0;False;0,0002499438823521362;0,015096380198187799;2,0;vehicles_step_sim_4__run030__SUMO_carro_1000__t0001
31;vehicles_step_sim_4.csv;SUMO_carro_1000;HBEFA4/PC_petrol_Euro-6ab;Gasoline;1773509244;2026-03-14 17:27:24;2026-03-14 17:27:24;0,0;3,158202;2,540922;0,61728;49,983810791774886;115462,60292899999;607,953885;-114854,64904399999;-5,742732452199999;32,453239;9,506517;40,77564360647124;-73,96068698429804;40,77391239895499;-73,96190374515162;40,7582544;-73,9627839;40,7566809;-73,9641021;True;True;0xCDcF7b2a3352a32cc28FD35C3924f5BD542a25Ea;300;300;300;0;0,0;3,154171092917474;3,168055713583576;0,013884620666102077;302;0;300;0,0;False;-0,017336469515531097;-0,0017347877522534522;2,0;vehicles_step_sim_4__run031__SUMO_carro_1000__t0001
32;vehicles_step_sim_4.csv;SUMO_carro_1000;HBEFA4/PC_petrol_Euro-6ab;Gasoline;1773509244;2026-03-14 17:27:24;2026-03-14 17:27:24;0,0;3,158202;2,540922;0,61728;49,983810791774886;115462,60292899999;607,953885;-114854,64904399999;-5,742732452199999;32,453239;9,506517;40,77564360647124;-73,96068698429804;40,77391239895499;-73,96190374515162;40,7885475;-73,9671364;40,7866581;-73,9685198;True;True;0xCDcF7b2a3352a32cc28FD35C3924f5BD542a25Ea;300;300;300;0;0,0;3,154171092917474;2,314954105754847;-0,8392169871626272;302;0;300;0,0;False;0,013525127268359687;-0,007602534971518687;2,0;vehicles_step_sim_4__run032__SUMO_carro_1000__t0001
33;vehicles_step_sim_4.csv;SUMO_carro_1000;HBEFA4/PC_petrol_Euro-6ab;Gasoline;1773509244;2026-03-14 17:27:24;2026-03-14 17:27:24;0,0;3,158202;2,540922;0,61728;49,983810791774886;115462,60292899999;607,953885;-114854,64904399999;-5,742732452199999;32,453239;9,506517;40,77564360647124;-73,96068698429804;40,77391239895499;-73,96190374515162;40,764065;-73,9477523;40,7627293;-73,9492851;True;True;0xCDcF7b2a3352a32cc28FD35C3924f5BD542a25Ea;300;300;300;0;0,0;3,154171092917474;4,34844845935956;1,1942773664420856;302;0;300;0,0;False;-0,011324765162449986;0,012505514734383324;2,0;vehicles_step_sim_4__run033__SUMO_carro_1000__t0001
34;vehicles_step_sim_4.csv;SUMO_carro_1000;HBEFA4/PC_petrol_Euro-6ab;Gasoline;1773509244;2026-03-14 17:27:24;2026-03-14 17:27:24;0,0;3,158202;2,540922;0,61728;49,983810791774886;115462,60292899999;607,953885;-114854,64904399999;-5,742732452199999;32,453239;9,506517;40,77564360647124;-73,96068698429804;40,77391239895499;-73,96190374515162;40,7680638;-73,9606726;40,7666809;-73,9612694;True;True;0xCDcF7b2a3352a32cc28FD35C3924f5BD542a25Ea;300;300;300;0;0,0;3,154171092917474;3,4469783109401746;0,2928072180227006;302;0;300;0,0;False;-0,007507506825249355;0,0002093519418522725;2,0;vehicles_step_sim_4__run034__SUMO_carro_1000__t0001
35;vehicles_step_sim_4.csv;SUMO_carro_1000;HBEFA4/PC_petrol_Euro-6ab;Gasoline;1773509244;2026-03-14 17:27:24;2026-03-14 17:27:24;0,0;3,158202;2,540922;0,61728;49,983810791774886;115462,60292899999;607,953885;-114854,64904399999;-5,742732452199999;32,453239;9,506517;40,77564360647124;-73,96068698429804;40,77391239895499;-73,96190374515162;40,7852363;-73,953641;40,7834611;-73,9550769;True;True;0xCDcF7b2a3352a32cc28FD35C3924f5BD542a25Ea;300;300;300;0;0,0;3,154171092917474;3,619281651204706;0,46511055828723213;302;0;300;0,0;False;0,00953212320385433;0,006873076204635306;2,0;vehicles_step_sim_4__run035__SUMO_carro_1000__t0001
36;vehicles_step_sim_4.csv;SUMO_carro_1000;HBEFA4/PC_petrol_Euro-6ab;Gasoline;1773509244;2026-03-14 17:27:24;2026-03-14 17:27:24;0,0;3,158202;2,540922;0,61728;49,983810791774886;115462,60292899999;607,953885;-114854,64904399999;-5,742732452199999;32,453239;9,506517;40,77564360647124;-73,96068698429804;40,77391239895499;-73,96190374515162;40,7651785;-73,9615905;40,7635757;-73,9621794;True;True;0xCDcF7b2a3352a32cc28FD35C3924f5BD542a25Ea;300;300;300;0;0,0;3,154171092917474;3,20626304031475;0,05209194739727607;302;0;300;0,0;False;-0,01034283353939379;-0,0007795472106035575;2,0;vehicles_step_sim_4__run036__SUMO_carro_1000__t0001
37;vehicles_step_sim_4.csv;SUMO_carro_1000;HBEFA4/PC_petrol_Euro-6ab;Gasoline;1773509244;2026-03-14 17:27:24;2026-03-14 17:27:24;0,0;3,158202;2,540922;0,61728;49,983810791774886;115462,60292899999;607,953885;-114854,64904399999;-5,742732452199999;32,453239;9,506517;40,77564360647124;-73,96068698429804;40,77391239895499;-73,96190374515162;40,7748487;-73,9448444;40,7729321;-73,9462334;True;True;0xCDcF7b2a3352a32cc28FD35C3924f5BD542a25Ea;300;300;300;0;0,0;3,154171092917474;3,2946814415783656;0,14051034866089163;302;0;300;0,0;False;-0,0009524668251912806;0,01561987772520169;2,0;vehicles_step_sim_4__run037__SUMO_carro_1000__t0001
38;vehicles_step_sim_4.csv;SUMO_carro_1000;HBEFA4/PC_petrol_Euro-6ab;Gasoline;1773509244;2026-03-14 17:27:24;2026-03-14 17:27:24;0,0;3,158202;2,540922;0,61728;49,983810791774886;115462,60292899999;607,953885;-114854,64904399999;-5,742732452199999;32,453239;9,506517;40,77564360647124;-73,96068698429804;40,77391239895499;-73,96190374515162;40,7678229;-73,9499856;40,7660811;-73,9518897;True;True;0xCDcF7b2a3352a32cc28FD35C3924f5BD542a25Ea;300;300;300;0;0,0;3,154171092917474;3,8601777494784666;0,7060066565609926;302;0;300;0,0;False;-0,007663066357499948;0,010033019745950082;2,0;vehicles_step_sim_4__run038__SUMO_carro_1000__t0001
39;vehicles_step_sim_4.csv;SUMO_carro_1000;HBEFA4/PC_petrol_Euro-6ab;Gasoline;1773509244;2026-03-14 17:27:24;2026-03-14 17:27:24;0,0;3,158202;2,540922;0,61728;49,983810791774886;115462,60292899999;607,953885;-114854,64904399999;-5,742732452199999;32,453239;9,506517;40,77564360647124;-73,96068698429804;40,77391239895499;-73,96190374515162;40,7891239;-73,9704919;40,7878474;-73,9713515;True;True;0xCDcF7b2a3352a32cc28FD35C3924f5BD542a25Ea;300;300;300;0;0,0;3,154171092917474;3,5721589724370704;0,4179878795195964;302;0;300;0,0;False;0,014057978590799226;-0,010717135921748928;2,0;vehicles_step_sim_4__run039__SUMO_carro_1000__t0001
40;vehicles_step_sim_4.csv;SUMO_carro_1000;HBEFA4/PC_petrol_Euro-6ab;Gasoline;1773509244;2026-03-14 17:27:24;2026-03-14 17:27:24;0,0;3,158202;2,540922;0,61728;49,983810791774886;115462,60292899999;607,953885;-114854,64904399999;-5,742732452199999;32,453239;9,506517;40,77564360647124;-73,96068698429804;40,77391239895499;-73,96190374515162;40,7840305;-73,9661854;40,7840305;-73,9661854;True;True;0xCDcF7b2a3352a32cc28FD35C3924f5BD542a25Ea;300;300;300;0;0,0;3,154171092917474;4,034612917339771;0,8804418244222973;302;0;300;0,0;False;0,010564079737519133;-0,004122182028105996;2,0;vehicles_step_sim_4__run040__SUMO_carro_1000__t0001
41;vehicles_step_sim_4.csv;SUMO_carro_1000;HBEFA4/PC_petrol_Euro-6ab;Gasoline;1773509244;2026-03-14 17:27:24;2026-03-14 17:27:24;0,0;3,158202;2,540922;0,61728;49,983810791774886;115462,60292899999;607,953885;-114854,64904399999;-5,742732452199999;32,453239;9,506517;40,77564360647124;-73,96068698429804;40,77391239895499;-73,96190374515162;40,7788555;-73,9500343;40,7771085;-73,9499036;True;True;0xCDcF7b2a3352a32cc28FD35C3924f5BD542a25Ea;300;300;300;0;0,0;3,154171092917474;4,144243194849799;0,9900721019323249;302;0;300;0,0;False;0,0032379516621656064;0,011333194563792764;2,0;vehicles_step_sim_4__run041__SUMO_carro_1000__t0001
42;vehicles_step_sim_4.csv;SUMO_carro_1000;HBEFA4/PC_petrol_Euro-6ab;Gasoline;1773509244;2026-03-14 17:27:24;2026-03-14 17:27:24;0,0;3,158202;2,540922;0,61728;49,983810791774886;115462,60292899999;607,953885;-114854,64904399999;-5,742732452199999;32,453239;9,506517;40,77564360647124;-73,96068698429804;40,77391239895499;-73,96190374515162;40,7898574;-73,952247;40,7884257;-73,9532884;True;True;0xCDcF7b2a3352a32cc28FD35C3924f5BD542a25Ea;300;300;300;0;0,0;3,154171092917474;3,143194441752795;-0,010976651164678941;302;0;300;0,0;False;0,01452332249739081;0,008339884350114105;2,0;vehicles_step_sim_4__run042__SUMO_carro_1000__t0001
43;vehicles_step_sim_4.csv;SUMO_carro_1000;HBEFA4/PC_petrol_Euro-6ab;Gasoline;1773509244;2026-03-14 17:27:24;2026-03-14 17:27:24;0,0;3,158202;2,540922;0,61728;49,983810791774886;115462,60292899999;607,953885;-114854,64904399999;-5,742732452199999;32,453239;9,506517;40,77564360647124;-73,96068698429804;40,77391239895499;-73,96190374515162;40,7843689;-73,9670266;40,7815659;-73,9713949;True;True;0xCDcF7b2a3352a32cc28FD35C3924f5BD542a25Ea;300;300;300;0;0,0;3,154171092917474;2,4788734352448807;-0,6752976576725933;302;0;300;0,0;False;0,007482961008601214;-0,0076500563982232345;2,0;vehicles_step_sim_4__run043__SUMO_carro_1000__t0001
44;vehicles_step_sim_4.csv;SUMO_carro_1000;HBEFA4/PC_petrol_Euro-6ab;Gasoline;1773509244;2026-03-14 17:27:24;2026-03-14 17:27:24;0,0;3,158202;2,540922;0,61728;49,983810791774886;115462,60292899999;607,953885;-114854,64904399999;-5,742732452199999;32,453239;9,506517;40,77564360647124;-73,96068698429804;40,77391239895499;-73,96190374515162;40,7818684;-73,9755666;40,7800508;-73,9770448;True;True;0xCDcF7b2a3352a32cc28FD35C3924f5BD542a25Ea;300;300;300;0;0,0;3,154171092917474;3,1900248936866484;0,03585380076917444;302;0;300;0,0;False;0,006142321725264152;-0,01538831403733113;2,0;vehicles_step_sim_4__run044__SUMO_carro_1000__t0001
45;vehicles_step_sim_4.csv;SUMO_carro_1000;HBEFA4/PC_petrol_Euro-6ab;Gasoline;1773509244;2026-03-14 17:27:24;2026-03-14 17:27:24;0,0;3,158202;2,540922;0,61728;49,983810791774886;115462,60292899999;607,953885;-114854,64904399999;-5,742732452199999;32,453239;9,506517;40,77564360647124;-73,96068698429804;40,77391239895499;-73,96190374515162;40,791632;-73,9530431;40,789923;-73,95843;True;True;0xCDcF7b2a3352a32cc28FD35C3924f5BD542a25Ea;300;300;300;0;0,0;3,154171092917474;2,641092102256619;-0,5130789906608548;302;0;300;0,0;False;0,017245060656152427;0,004635232773033376;2,0;vehicles_step_sim_4__run045__SUMO_carro_1000__t0001
46;vehicles_step_sim_4.csv;SUMO_carro_1000;HBEFA4/PC_petrol_Euro-6ab;Gasoline;1773509244;2026-03-14 17:27:24;2026-03-14 17:27:24;0,0;3,158202;2,540922;0,61728;49,983810791774886;115462,60292899999;607,953885;-114854,64904399999;-5,742732452199999;32,453239;9,506517;40,77564360647124;-73,96068698429804;40,77391239895499;-73,96190374515162;40,7717642;-73,9593193;40,7703751;-73,9601459;True;True;0xCDcF7b2a3352a32cc28FD35C3924f5BD542a25Ea;300;300;300;0;0,0;3,154171092917474;3,0636891493021947;-0,09048194361527928;302;0;300;0,0;False;-0,0037030523654829864;0,0013738638063484434;2,0;vehicles_step_sim_4__run046__SUMO_carro_1000__t0001
47;vehicles_step_sim_4.csv;SUMO_carro_1000;HBEFA4/PC_petrol_Euro-6ab;Gasoline;1773509244;2026-03-14 17:27:24;2026-03-14 17:27:24;0,0;3,158202;2,540922;0,61728;49,983810791774886;115462,60292899999;607,953885;-114854,64904399999;-5,742732452199999;32,453239;9,506517;40,77564360647124;-73,96068698429804;40,77391239895499;-73,96190374515162;40,7896838;-73,9661503;40,7878716;-73,9674683;True;True;0xCDcF7b2a3352a32cc28FD35C3924f5BD542a25Ea;300;300;300;0;0,0;3,154171092917474;3,76521149713141;0,6110404042139361;302;0;300;0,0;False;0,01302767866734775;-0,0031763530609122113;2,0;vehicles_step_sim_4__run047__SUMO_carro_1000__t0001
48;vehicles_step_sim_4.csv;SUMO_carro_1000;HBEFA4/PC_petrol_Euro-6ab;Gasoline;1773509244;2026-03-14 17:27:24;2026-03-14 17:27:24;0,0;3,158202;2,540922;0,61728;49,983810791774886;115462,60292899999;607,953885;-114854,64904399999;-5,742732452199999;32,453239;9,506517;40,77564360647124;-73,96068698429804;40,77391239895499;-73,96190374515162;40,7886992;-73,9668738;40,7838444;-73,9655375;True;True;0xCDcF7b2a3352a32cc28FD35C3924f5BD542a25Ea;300;300;300;0;0,0;3,154171092917474;3,025127316257198;-0,1290437766602759;302;0;300;0,0;False;0,011543916100881417;-0,0026856214561724366;2,0;vehicles_step_sim_4__run048__SUMO_carro_1000__t0001
49;vehicles_step_sim_4.csv;SUMO_carro_1000;HBEFA4/PC_petrol_Euro-6ab;Gasoline;1773509244;2026-03-14 17:27:24;2026-03-14 17:27:24;0,0;3,158202;2,540922;0,61728;49,983810791774886;115462,60292899999;607,953885;-114854,64904399999;-5,742732452199999;32,453239;9,506517;40,77564360647124;-73,96068698429804;40,77391239895499;-73,96190374515162;40,7704772;-73,9756095;40,7699024;-73,9747411;True;True;0xCDcF7b2a3352a32cc28FD35C3924f5BD542a25Ea;300;300;300;0;0,0;3,154171092917474;3,504288369480348;0,35011727656287395;302;0;300;0,0;False;-0,005272590069298153;-0,01461615440167464;2,0;vehicles_step_sim_4__run049__SUMO_carro_1000__t0001
50;vehicles_step_sim_4.csv;SUMO_carro_1000;HBEFA4/PC_petrol_Euro-6ab;Gasoline;1773509244;2026-03-14 17:27:24;2026-03-14 17:27:24;0,0;3,158202;2,540922;0,61728;49,983810791774886;115462,60292899999;607,953885;-114854,64904399999;-5,742732452199999;32,453239;9,506517;40,77564360647124;-73,96068698429804;40,77391239895499;-73,96190374515162;40,7783776;-73,9672115;40,7738311;-73,9660279;True;True;0xCDcF7b2a3352a32cc28FD35C3924f5BD542a25Ea;300;300;300;0;0,0;3,154171092917474;2,1927514610529757;-0,9614196318644983;302;0;300;0,0;False;0,0013123051219034508;-0,007451139194857612;2,0;vehicles_step_sim_4__run050__SUMO_carro_1000__t0001
51;vehicles_step_sim_4.csv;SUMO_carro_1000;HBEFA4/PC_petrol_Euro-6ab;Gasoline;1773509244;2026-03-14 17:27:24;2026-03-14 17:27:24;0,0;3,158202;2,540922;0,61728;49,983810791774886;115462,60292899999;607,953885;-114854,64904399999;-5,742732452199999;32,453239;9,506517;40,77564360647124;-73,96068698429804;40,77391239895499;-73,96190374515162;40,7815422;-73,9561028;40,7801016;-73,9570081;True;True;0xCDcF7b2a3352a32cc28FD35C3924f5BD542a25Ea;300;300;300;0;0,0;3,154171092917474;3,4659904774101165;0,31181938449264246;302;0;300;0,0;False;0,005989835926908551;0,00491022263825162;2,0;vehicles_step_sim_4__run051__SUMO_carro_1000__t0001
52;vehicles_step_sim_4.csv;SUMO_carro_1000;HBEFA4/PC_petrol_Euro-6ab;Gasoline;1773509244;2026-03-14 17:27:24;2026-03-14 17:27:24;0,0;3,158202;2,540922;0,61728;49,983810791774886;115462,60292899999;607,953885;-114854,64904399999;-5,742732452199999;32,453239;9,506517;40,77564360647124;-73,96068698429804;40,77391239895499;-73,96190374515162;40,7651886;-73,9577308;40,7639388;-73,9586433;True;True;0xCDcF7b2a3352a32cc28FD35C3924f5BD542a25Ea;300;300;300;0;0,0;3,154171092917474;3,0528874983424705;-0,10128359457500347;302;0;300;0,0;False;-0,010446840894403557;0,003512059183384884;2,0;vehicles_step_sim_4__run052__SUMO_carro_1000__t0001
53;vehicles_step_sim_4.csv;SUMO_carro_1000;HBEFA4/PC_petrol_Euro-6ab;Gasoline;1773509244;2026-03-14 17:27:24;2026-03-14 17:27:24;0,0;3,158202;2,540922;0,61728;49,983810791774886;115462,60292899999;607,953885;-114854,64904399999;-5,742732452199999;32,453239;9,506517;40,77564360647124;-73,96068698429804;40,77391239895499;-73,96190374515162;40,7712067;-73,9679503;40,7688129;-73,9707939;True;True;0xCDcF7b2a3352a32cc28FD35C3924f5BD542a25Ea;300;300;300;0;0,0;3,154171092917474;2,8704450998222315;-0,2837259930952425;302;0;300;0,0;False;-0,0035458907230042306;-0,009028497844736697;2,0;vehicles_step_sim_4__run053__SUMO_carro_1000__t0001
54;vehicles_step_sim_4.csv;SUMO_carro_1000;HBEFA4/PC_petrol_Euro-6ab;Gasoline;1773509244;2026-03-14 17:27:24;2026-03-14 17:27:24;0,0;3,158202;2,540922;0,61728;49,983810791774886;115462,60292899999;607,953885;-114854,64904399999;-5,742732452199999;32,453239;9,506517;40,77564360647124;-73,96068698429804;40,77391239895499;-73,96190374515162;40,7912858;-73,9616836;40,7912159;-73,9615425;True;True;0xCDcF7b2a3352a32cc28FD35C3924f5BD542a25Ea;300;300;300;0;0,0;3,154171092917474;5,0242790736821785;1,8701079807647045;302;0;300;0,0;False;0,017286286586915185;0,0002771823026630297;2,0;vehicles_step_sim_4__run054__SUMO_carro_1000__t0001
55;vehicles_step_sim_4.csv;SUMO_carro_1000;HBEFA4/PC_petrol_Euro-6ab;Gasoline;1773509244;2026-03-14 17:27:24;2026-03-14 17:27:24;0,0;3,158202;2,540922;0,61728;49,983810791774886;115462,60292899999;607,953885;-114854,64904399999;-5,742732452199999;32,453239;9,506517;40,77564360647124;-73,96068698429804;40,77391239895499;-73,96190374515162;40,7682774;-73,9631182;40,766568;-73,9648793;True;True;0xCDcF7b2a3352a32cc28FD35C3924f5BD542a25Ea;300;300;300;0;0,0;3,154171092917474;4,522502328763245;1,3683312358457713;302;0;300;0,0;False;-0,007658435053398054;-0,0024703476749256166;2,0;vehicles_step_sim_4__run055__SUMO_carro_1000__t0001
56;vehicles_step_sim_4.csv;SUMO_carro_1000;HBEFA4/PC_petrol_Euro-6ab;Gasoline;1773509244;2026-03-14 17:27:24;2026-03-14 17:27:24;0,0;3,158202;2,540922;0,61728;49,983810791774886;115462,60292899999;607,953885;-114854,64904399999;-5,742732452199999;32,453239;9,506517;40,77564360647124;-73,96068698429804;40,77391239895499;-73,96190374515162;40,7772577;-73,957224;40,7756903;-73,9585063;True;True;0xCDcF7b2a3352a32cc28FD35C3924f5BD542a25Ea;300;300;300;0;0,0;3,154171092917474;3,650984438425625;0,4968133455081509;302;0;300;0,0;False;0,001716495436708908;0,00321621747059467;2,0;vehicles_step_sim_4__run056__SUMO_carro_1000__t0001
57;vehicles_step_sim_4.csv;SUMO_carro_1000;HBEFA4/PC_petrol_Euro-6ab;Gasoline;1773509244;2026-03-14 17:27:24;2026-03-14 17:27:24;0,0;3,158202;2,540922;0,61728;49,983810791774886;115462,60292899999;607,953885;-114854,64904399999;-5,742732452199999;32,453239;9,506517;40,77564360647124;-73,96068698429804;40,77391239895499;-73,96190374515162;40,770955;-73,9430565;40,7723364;-73,9452659;True;True;0xCDcF7b2a3352a32cc28FD35C3924f5BD542a25Ea;300;300;300;0;0,0;3,154171092917474;3,8137380965901944;0,6595670036727204;302;0;300;0,0;False;-0,0014700303297402293;0,016589834690176625;2,0;vehicles_step_sim_4__run057__SUMO_carro_1000__t0001
58;vehicles_step_sim_4.csv;SUMO_carro_1000;HBEFA4/PC_petrol_Euro-6ab;Gasoline;1773509244;2026-03-14 17:27:24;2026-03-14 17:27:24;0,0;3,158202;2,540922;0,61728;49,983810791774886;115462,60292899999;607,953885;-114854,64904399999;-5,742732452199999;32,453239;9,506517;40,77564360647124;-73,96068698429804;40,77391239895499;-73,96190374515162;40,7651817;-73,9578812;40,7633123;-73,9591012;True;True;0xCDcF7b2a3352a32cc28FD35C3924f5BD542a25Ea;300;300;300;0;0,0;3,154171092917474;3,4406014970715475;0,2864304041540735;302;0;300;0,0;False;-0,010519638668799942;0,0028767615699984497;2,0;vehicles_step_sim_4__run058__SUMO_carro_1000__t0001
59;vehicles_step_sim_4.csv;SUMO_carro_1000;HBEFA4/PC_petrol_Euro-6ab;Gasoline;1773509244;2026-03-14 17:27:24;2026-03-14 17:27:24;0,0;3,158202;2,540922;0,61728;49,983810791774886;115462,60292899999;607,953885;-114854,64904399999;-5,742732452199999;32,453239;9,506517;40,77564360647124;-73,96068698429804;40,77391239895499;-73,96190374515162;40,7817388;-73,9630586;40,7781109;-73,9657361;True;True;0xCDcF7b2a3352a32cc28FD35C3924f5BD542a25Ea;300;300;300;0;0,0;3,154171092917474;3,073934766501718;-0,08023632641575595;302;0;300;0,0;False;0,005090216931813989;-0,00363888087293537;2,0;vehicles_step_sim_4__run059__SUMO_carro_1000__t0001
60;vehicles_step_sim_4.csv;SUMO_carro_1000;HBEFA4/PC_petrol_Euro-6ab;Gasoline;1773509244;2026-03-14 17:27:24;2026-03-14 17:27:24;0,0;3,158202;2,540922;0,61728;49,983810791774886;115462,60292899999;607,953885;-114854,64904399999;-5,742732452199999;32,453239;9,506517;40,77564360647124;-73,96068698429804;40,77391239895499;-73,96190374515162;40,7731006;-73,9782438;40,7717192;-73,9785504;True;True;0xCDcF7b2a3352a32cc28FD35C3924f5BD542a25Ea;300;300;300;0;0,0;3,154171092917474;3,7291707826129548;0,5749996896954808;302;0;300;0,0;False;-0,0027720656219928893;-0,016442903512024574;2,0;vehicles_step_sim_4__run060__SUMO_carro_1000__t0001
61;vehicles_step_sim_4.csv;SUMO_carro_1000;HBEFA4/PC_petrol_Euro-6ab;Gasoline;1773509244;2026-03-14 17:27:24;2026-03-14 17:27:24;0,0;3,158202;2,540922;0,61728;49,983810791774886;115462,60292899999;607,953885;-114854,64904399999;-5,742732452199999;32,453239;9,506517;40,77564360647124;-73,96068698429804;40,77391239895499;-73,96190374515162;40,7768836;-73,9634632;40,7752787;-73,9649706;True;True;0xCDcF7b2a3352a32cc28FD35C3924f5BD542a25Ea;300;300;300;0;0,0;3,154171092917474;3,2418802419745014;0,08770914905702742;302;0;300;0,0;False;0,0012034324871155941;-0,00284680525757806;2,0;vehicles_step_sim_4__run061__SUMO_carro_1000__t0001
62;vehicles_step_sim_4.csv;SUMO_carro_1000;HBEFA4/PC_petrol_Euro-6ab;Gasoline;1773509244;2026-03-14 17:27:24;2026-03-14 17:27:24;0,0;3,158202;2,540922;0,61728;49,983810791774886;115462,60292899999;607,953885;-114854,64904399999;-5,742732452199999;32,453239;9,506517;40,77564360647124;-73,96068698429804;40,77391239895499;-73,96190374515162;40,7799485;-73,9767992;40,778044;-73,9781637;True;True;0xCDcF7b2a3352a32cc28FD35C3924f5BD542a25Ea;300;300;300;0;0,0;3,154171092917474;3,1607469152066625;0,006575822289188515;302;0;300;0,0;False;0,004001025297008272;-0,015904408734631406;2,0;vehicles_step_sim_4__run062__SUMO_carro_1000__t0001
63;vehicles_step_sim_4.csv;SUMO_carro_1000;HBEFA4/PC_petrol_Euro-6ab;Gasoline;1773509244;2026-03-14 17:27:24;2026-03-14 17:27:24;0,0;3,158202;2,540922;0,61728;49,983810791774886;115462,60292899999;607,953885;-114854,64904399999;-5,742732452199999;32,453239;9,506517;40,77564360647124;-73,96068698429804;40,77391239895499;-73,96190374515162;40,7763142;-73,9601529;40,7743785;-73,9615646;True;True;0xCDcF7b2a3352a32cc28FD35C3924f5BD542a25Ea;300;300;300;0;0,0;3,154171092917474;3,4382924752973634;0,2841213823798894;302;0;300;0,0;False;0,0004999058990812116;0,00034146828547537933;2,0;vehicles_step_sim_4__run063__SUMO_carro_1000__t0001
64;vehicles_step_sim_4.csv;SUMO_carro_1000;HBEFA4/PC_petrol_Euro-6ab;Gasoline;1773509244;2026-03-14 17:27:24;2026-03-14 17:27:24;0,0;3,158202;2,540922;0,61728;49,983810791774886;115462,60292899999;607,953885;-114854,64904399999;-5,742732452199999;32,453239;9,506517;40,77564360647124;-73,96068698429804;40,77391239895499;-73,96190374515162;40,7658067;-73,9634805;40,7641178;-73,9648989;True;True;0xCDcF7b2a3352a32cc28FD35C3924f5BD542a25Ea;300;300;300;0;0,0;3,154171092917474;3,51936214531437;0,365191052396896;302;0;300;0,0;False;-0,009851033357900456;-0,0033376223120082224;2,0;vehicles_step_sim_4__run064__SUMO_carro_1000__t0001
65;vehicles_step_sim_4.csv;SUMO_carro_1000;HBEFA4/PC_petrol_Euro-6ab;Gasoline;1773509244;2026-03-14 17:27:24;2026-03-14 17:27:24;0,0;3,158202;2,540922;0,61728;49,983810791774886;115462,60292899999;607,953885;-114854,64904399999;-5,742732452199999;32,453239;9,506517;40,77564360647124;-73,96068698429804;40,77391239895499;-73,96190374515162;40,7789505;-73,968591;40,7765182;-73,9757504;True;True;0xCDcF7b2a3352a32cc28FD35C3924f5BD542a25Ea;300;300;300;0;0,0;3,154171092917474;8,27726102994587;5,123089937028396;302;0;300;0,0;False;0,0009002577127763786;-0,009779289422117459;2,0;vehicles_step_sim_4__run065__SUMO_carro_1000__t0001
66;vehicles_step_sim_4.csv;SUMO_carro_1000;HBEFA4/PC_petrol_Euro-6ab;Gasoline;1773509244;2026-03-14 17:27:24;2026-03-14 17:27:24;0,0;3,158202;2,540922;0,61728;49,983810791774886;115462,60292899999;607,953885;-114854,64904399999;-5,742732452199999;32,453239;9,506517;40,77564360647124;-73,96068698429804;40,77391239895499;-73,96190374515162;40,7710408;-73,9467906;40,7695183;-73,948231;True;True;0xCDcF7b2a3352a32cc28FD35C3924f5BD542a25Ea;300;300;300;0;0,0;3,154171092917474;3,9676765801855303;0,8135054872680563;302;0;300;0,0;False;-0,005618682325986671;0,015142499047603872;2,0;vehicles_step_sim_4__run066__SUMO_carro_1000__t0001
67;vehicles_step_sim_4.csv;SUMO_carro_1000;HBEFA4/PC_petrol_Euro-6ab;Gasoline;1773509244;2026-03-14 17:27:24;2026-03-14 17:27:24;0,0;3,158202;2,540922;0,61728;49,983810791774886;115462,60292899999;607,953885;-114854,64904399999;-5,742732452199999;32,453239;9,506517;40,77564360647124;-73,96068698429804;40,77391239895499;-73,96190374515162;40,766155;-73,9677772;40,7649033;-73,9686932;True;True;0xCDcF7b2a3352a32cc28FD35C3924f5BD542a25Ea;300;300;300;0;0,0;3,154171092917474;3,1624376481841074;0,008266555266633446;302;0;300;0,0;False;-0,009160245722852426;-0,007232644210849286;2,0;vehicles_step_sim_4__run067__SUMO_carro_1000__t0001
68;vehicles_step_sim_4.csv;SUMO_carro_1000;HBEFA4/PC_petrol_Euro-6ab;Gasoline;1773509244;2026-03-14 17:27:24;2026-03-14 17:27:24;0,0;3,158202;2,540922;0,61728;49,983810791774886;115462,60292899999;607,953885;-114854,64904399999;-5,742732452199999;32,453239;9,506517;40,77564360647124;-73,96068698429804;40,77391239895499;-73,96190374515162;40,7897438;-73,9699718;40,7878474;-73,9713515;True;True;0xCDcF7b2a3352a32cc28FD35C3924f5BD542a25Ea;300;300;300;0;0,0;3,154171092917474;3,3863762733522234;0,23220518043474936;302;0;300;0,0;False;0,014318181699226246;-0,010167509079603065;2,0;vehicles_step_sim_4__run068__SUMO_carro_1000__t0001
69;vehicles_step_sim_4.csv;SUMO_carro_1000;HBEFA4/PC_petrol_Euro-6ab;Gasoline;1773509244;2026-03-14 17:27:24;2026-03-14 17:27:24;0,0;3,158202;2,540922;0,61728;49,983810791774886;115462,60292899999;607,953885;-114854,64904399999;-5,742732452199999;32,453239;9,506517;40,77564360647124;-73,96068698429804;40,77391239895499;-73,96190374515162;40,7845467;-73,9468796;40,7830018;-73,948174;True;True;0xCDcF7b2a3352a32cc28FD35C3924f5BD542a25Ea;300;300;300;0;0,0;3,154171092917474;3,149299067593565;-0,004872025323908957;302;0;300;0,0;False;0,00899579554318381;0,013597995339943674;2,0;vehicles_step_sim_4__run069__SUMO_carro_1000__t0001
70;vehicles_step_sim_4.csv;SUMO_carro_1000;HBEFA4/PC_petrol_Euro-6ab;Gasoline;1773509244;2026-03-14 17:27:24;2026-03-14 17:27:24;0,0;3,158202;2,540922;0,61728;49,983810791774886;115462,60292899999;607,953885;-114854,64904399999;-5,742732452199999;32,453239;9,506517;40,77564360647124;-73,96068698429804;40,77391239895499;-73,96190374515162;40,7824638;-73,9635295;40,7818999;-73,963227;True;True;0xCDcF7b2a3352a32cc28FD35C3924f5BD542a25Ea;300;300;300;0;0,0;3,154171092917474;2,847694452150846;-0,30647664076662817;302;0;300;0,0;False;0,006698466171280358;-0,004011388382640893;2,0;vehicles_step_sim_4__run070__SUMO_carro_1000__t0001
71;vehicles_step_sim_4.csv;SUMO_carro_1000;HBEFA4/PC_petrol_Euro-6ab;Gasoline;1773509244;2026-03-14 17:27:24;2026-03-14 17:27:24;0,0;3,158202;2,540922;0,61728;49,983810791774886;115462,60292899999;607,953885;-114854,64904399999;-5,742732452199999;32,453239;9,506517;40,77564360647124;-73,96068698429804;40,77391239895499;-73,96190374515162;40,784244;-73,9667779;40,7794267;-73,9697586;True;True;0xCDcF7b2a3352a32cc28FD35C3924f5BD542a25Ea;300;300;300;0;0,0;3,154171092917474;3,077838605851311;-0,0763324870661628;302;0;300;0,0;False;0,006983181674926677;-0,007310490099520501;2,0;vehicles_step_sim_4__run071__SUMO_carro_1000__t0001
72;vehicles_step_sim_4.csv;SUMO_carro_1000;HBEFA4/PC_petrol_Euro-6ab;Gasoline;1773509244;2026-03-14 17:27:24;2026-03-14 17:27:24;0,0;3,158202;2,540922;0,61728;49,983810791774886;115462,60292899999;607,953885;-114854,64904399999;-5,742732452199999;32,453239;9,506517;40,77564360647124;-73,96068698429804;40,77391239895499;-73,96190374515162;40,7813955;-73,9562084;40,7794585;-73,9576208;True;True;0xCDcF7b2a3352a32cc28FD35C3924f5BD542a25Ea;300;300;300;0;0,0;3,154171092917474;3,5147498358876286;0,3605787429701546;302;0;300;0,0;False;0,005524654534964578;0,0042594662090962385;2,0;vehicles_step_sim_4__run072__SUMO_carro_1000__t0001
73;vehicles_step_sim_4.csv;SUMO_carro_1000;HBEFA4/PC_petrol_Euro-6ab;Gasoline;1773509244;2026-03-14 17:27:24;2026-03-14 17:27:24;0,0;3,158202;2,540922;0,61728;49,983810791774886;115462,60292899999;607,953885;-114854,64904399999;-5,742732452199999;32,453239;9,506517;40,77564360647124;-73,96068698429804;40,77391239895499;-73,96190374515162;40,7667328;-73,9567672;40,7651886;-73,9577308;True;True;0xCDcF7b2a3352a32cc28FD35C3924f5BD542a25Ea;300;300;300;0;0,0;3,154171092917474;3,2650325599170746;0,11086146699960064;302;0;300;0,0;False;-0,009083992294446461;0,004497323574324476;2,0;vehicles_step_sim_4__run073__SUMO_carro_1000__t0001
74;vehicles_step_sim_4.csv;SUMO_carro_1000;HBEFA4/PC_petrol_Euro-6ab;Gasoline;1773509244;2026-03-14 17:27:24;2026-03-14 17:27:24;0,0;3,158202;2,540922;0,61728;49,983810791774886;115462,60292899999;607,953885;-114854,64904399999;-5,742732452199999;32,453239;9,506517;40,77564360647124;-73,96068698429804;40,77391239895499;-73,96190374515162;40,7879373;-73,9674218;40,7860311;-73,9688136;True;True;0xCDcF7b2a3352a32cc28FD35C3924f5BD542a25Ea;300;300;300;0;0,0;3,154171092917474;3,063865795421719;-0,090305297495755;302;0;300;0,0;False;0,012390102653478013;-0,006773104826862711;2,0;vehicles_step_sim_4__run074__SUMO_carro_1000__t0001
75;vehicles_step_sim_4.csv;SUMO_carro_1000;HBEFA4/PC_petrol_Euro-6ab;Gasoline;1773509244;2026-03-14 17:27:24;2026-03-14 17:27:24;0,0;3,158202;2,540922;0,61728;49,983810791774886;115462,60292899999;607,953885;-114854,64904399999;-5,742732452199999;32,453239;9,506517;40,77564360647124;-73,96068698429804;40,77391239895499;-73,96190374515162;40,7786845;-73,9778947;40,7767307;-73,9793024;True;True;0xCDcF7b2a3352a32cc28FD35C3924f5BD542a25Ea;300;300;300;0;0,0;3,154171092917474;3,3087886481351076;0,15461755521763365;302;0;300;0,0;False;0,0028583808649110263;-0,017414609515184955;2,0;vehicles_step_sim_4__run075__SUMO_carro_1000__t0001
76;vehicles_step_sim_4.csv;SUMO_carro_1000;HBEFA4/PC_petrol_Euro-6ab;Gasoline;1773509244;2026-03-14 17:27:24;2026-03-14 17:27:24;0,0;3,158202;2,540922;0,61728;49,983810791774886;115462,60292899999;607,953885;-114854,64904399999;-5,742732452199999;32,453239;9,506517;40,77564360647124;-73,96068698429804;40,77391239895499;-73,96190374515162;40,759112;-73,9585491;40,7572137;-73,95982;True;True;0xCDcF7b2a3352a32cc28FD35C3924f5BD542a25Ea;300;300;300;0;0,0;3,154171092917474;3,660528872014005;0,5063577790965308;302;0;300;0,0;False;-0,01639786019136897;0,00205512326962914;2,0;vehicles_step_sim_4__run076__SUMO_carro_1000__t0001
77;vehicles_step_sim_4.csv;SUMO_carro_1000;HBEFA4/PC_petrol_Euro-6ab;Gasoline;1773509244;2026-03-14 17:27:24;2026-03-14 17:27:24;0,0;3,158202;2,540922;0,61728;49,983810791774886;115462,60292899999;607,953885;-114854,64904399999;-5,742732452199999;32,453239;9,506517;40,77564360647124;-73,96068698429804;40,77391239895499;-73,96190374515162;40,7871721;-73,9562997;40,7852941;-73,9576729;True;True;0xCDcF7b2a3352a32cc28FD35C3924f5BD542a25Ea;300;300;300;0;0,0;3,154171092917474;2,7957274712522118;-0,3584436216652622;302;0;300;0,0;False;0,01201751142222369;0,0026720160256900292;2,0;vehicles_step_sim_4__run077__SUMO_carro_1000__t0001
78;vehicles_step_sim_4.csv;SUMO_carro_1000;HBEFA4/PC_petrol_Euro-6ab;Gasoline;1773509244;2026-03-14 17:27:24;2026-03-14 17:27:24;0,0;3,158202;2,540922;0,61728;49,983810791774886;115462,60292899999;607,953885;-114854,64904399999;-5,742732452199999;32,453239;9,506517;40,77564360647124;-73,96068698429804;40,77391239895499;-73,96190374515162;40,7830869;-73,9637582;40,781976;-73,9632891;True;True;0xCDcF7b2a3352a32cc28FD35C3924f5BD542a25Ea;300;300;300;0;0,0;3,154171092917474;3,8387773342182863;0,6846062413008123;302;0;300;0,0;False;0,008190629823145387;-0,001075191686261127;2,0;vehicles_step_sim_4__run078__SUMO_carro_1000__t0001
79;vehicles_step_sim_4.csv;SUMO_carro_1000;HBEFA4/PC_petrol_Euro-6ab;Gasoline;1773509244;2026-03-14 17:27:24;2026-03-14 17:27:24;0,0;3,158202;2,540922;0,61728;49,983810791774886;115462,60292899999;607,953885;-114854,64904399999;-5,742732452199999;32,453239;9,506517;40,77564360647124;-73,96068698429804;40,77391239895499;-73,96190374515162;40,776057;-73,9796283;40,7739399;-73,9804419;True;True;0xCDcF7b2a3352a32cc28FD35C3924f5BD542a25Ea;300;300;300;0;0,0;3,154171092917474;4,116528670525411;0,9623575776079369;302;0;300;0,0;False;9,000282735763571e-05;-0,017806379600729828;2,0;vehicles_step_sim_4__run079__SUMO_carro_1000__t0001
80;vehicles_step_sim_4.csv;SUMO_carro_1000;HBEFA4/PC_petrol_Euro-6ab;Gasoline;1773509244;2026-03-14 17:27:24;2026-03-14 17:27:24;0,0;3,158202;2,540922;0,61728;49,983810791774886;115462,60292899999;607,953885;-114854,64904399999;-5,742732452199999;32,453239;9,506517;40,77564360647124;-73,96068698429804;40,77391239895499;-73,96190374515162;40,7695953;-73,9742726;40,7660406;-73,9770984;True;True;0xCDcF7b2a3352a32cc28FD35C3924f5BD542a25Ea;300;300;300;0;0,0;3,154171092917474;4,489737876467505;1,3355667835500307;302;0;300;0,0;False;-0,007534357845323933;-0,015141240918458719;2,0;vehicles_step_sim_4__run080__SUMO_carro_1000__t0001
81;vehicles_step_sim_4.csv;SUMO_carro_1000;HBEFA4/PC_petrol_Euro-6ab;Gasoline;1773509244;2026-03-14 17:27:24;2026-03-14 17:27:24;0,0;3,158202;2,540922;0,61728;49,983810791774886;115462,60292899999;607,953885;-114854,64904399999;-5,742732452199999;32,453239;9,506517;40,77564360647124;-73,96068698429804;40,77391239895499;-73,96190374515162;40,7743542;-73,9656458;40,7724555;-73,9670325;True;True;0xCDcF7b2a3352a32cc28FD35C3924f5BD542a25Ea;300;300;300;0;0,0;3,154171092917474;3,4077068004102506;0,25353570749277665;302;0;300;0,0;False;-0,0014017764161806275;-0,005242694572420601;2,0;vehicles_step_sim_4__run081__SUMO_carro_1000__t0001
82;vehicles_step_sim_4.csv;SUMO_carro_1000;HBEFA4/PC_petrol_Euro-6ab;Gasoline;1773509244;2026-03-14 17:27:24;2026-03-14 17:27:24;0,0;3,158202;2,540922;0,61728;49,983810791774886;115462,60292899999;607,953885;-114854,64904399999;-5,742732452199999;32,453239;9,506517;40,77564360647124;-73,96068698429804;40,77391239895499;-73,96190374515162;40,7915771;-73,9640787;40,7894158;-73,9663475;True;True;0xCDcF7b2a3352a32cc28FD35C3924f5BD542a25Ea;300;300;300;0;0,0;3,154171092917474;4,760991871154078;1,6068207782366044;302;0;300;0,0;False;0,014960919072920723;-0,003103895956634861;2,0;vehicles_step_sim_4__run082__SUMO_carro_1000__t0001
83;vehicles_step_sim_4.csv;SUMO_carro_1000;HBEFA4/PC_petrol_Euro-6ab;Gasoline;1773509244;2026-03-14 17:27:24;2026-03-14 17:27:24;0,0;3,158202;2,540922;0,61728;49,983810791774886;115462,60292899999;607,953885;-114854,64904399999;-5,742732452199999;32,453239;9,506517;40,77564360647124;-73,96068698429804;40,77391239895499;-73,96190374515162;40,7936002;-73,9632881;40,7915895;-73,9640082;True;True;0xCDcF7b2a3352a32cc28FD35C3924f5BD542a25Ea;300;300;300;0;0,0;3,154171092917474;3,376118756630642;0,2219476637131681;302;0;300;0,0;False;0,01774950525676397;-0,0019786915299694918;2,0;vehicles_step_sim_4__run083__SUMO_carro_1000__t0001
84;vehicles_step_sim_4.csv;SUMO_carro_1000;HBEFA4/PC_petrol_Euro-6ab;Gasoline;1773509244;2026-03-14 17:27:24;2026-03-14 17:27:24;0,0;3,158202;2,540922;0,61728;49,983810791774886;115462,60292899999;607,953885;-114854,64904399999;-5,742732452199999;32,453239;9,506517;40,77564360647124;-73,96068698429804;40,77391239895499;-73,96190374515162;40,7678;-73,9697099;40,766724;-73,9710869;True;True;0xCDcF7b2a3352a32cc28FD35C3924f5BD542a25Ea;300;300;300;0;0,0;3,154171092917474;3,330730724484351;0,17655963156687715;302;0;300;0,0;False;-0,00762600137722642;-0,008899927230576367;2,0;vehicles_step_sim_4__run084__SUMO_carro_1000__t0001
85;vehicles_step_sim_4.csv;SUMO_carro_1000;HBEFA4/PC_petrol_Euro-6ab;Gasoline;1773509244;2026-03-14 17:27:24;2026-03-14 17:27:24;0,0;3,158202;2,540922;0,61728;49,983810791774886;115462,60292899999;607,953885;-114854,64904399999;-5,742732452199999;32,453239;9,506517;40,77564360647124;-73,96068698429804;40,77391239895499;-73,96190374515162;40,7630422;-73,9490063;40,7615188;-73,9499971;True;True;0xCDcF7b2a3352a32cc28FD35C3924f5BD542a25Ea;300;300;300;0;0,0;3,154171092917474;4,444746855196635;1,2905757622791607;302;0;300;0,0;False;-0,012925574570134473;0,012333649313587358;2,0;vehicles_step_sim_4__run085__SUMO_carro_1000__t0001
86;vehicles_step_sim_4.csv;SUMO_carro_1000;HBEFA4/PC_petrol_Euro-6ab;Gasoline;1773509244;2026-03-14 17:27:24;2026-03-14 17:27:24;0,0;3,158202;2,540922;0,61728;49,983810791774886;115462,60292899999;607,953885;-114854,64904399999;-5,742732452199999;32,453239;9,506517;40,77564360647124;-73,96068698429804;40,77391239895499;-73,96190374515162;40,7627293;-73,9492851;40,7607257;-73,9511242;True;True;0xCDcF7b2a3352a32cc28FD35C3924f5BD542a25Ea;300;300;300;0;0,0;3,154171092917474;4,985114122139005;1,830943029221531;302;0;300;0,0;False;-0,012817713023863371;0,010600847761599499;2,0;vehicles_step_sim_4__run086__SUMO_carro_1000__t0001
87;vehicles_step_sim_4.csv;SUMO_carro_1000;HBEFA4/PC_petrol_Euro-6ab;Gasoline;1773509244;2026-03-14 17:27:24;2026-03-14 17:27:24;0,0;3,158202;2,540922;0,61728;49,983810791774886;115462,60292899999;607,953885;-114854,64904399999;-5,742732452199999;32,453239;9,506517;40,77564360647124;-73,96068698429804;40,77391239895499;-73,96190374515162;40,7640701;-73,9667177;40,7625775;-73,9670246;True;True;0xCDcF7b2a3352a32cc28FD35C3924f5BD542a25Ea;300;300;300;0;0,0;3,154171092917474;3,3584922775776143;0,20432118466014026;302;0;300;0,0;False;-0,01158050191587063;-0,005549055843249056;2,0;vehicles_step_sim_4__run087__SUMO_carro_1000__t0001
88;vehicles_step_sim_4.csv;SUMO_carro_1000;HBEFA4/PC_petrol_Euro-6ab;Gasoline;1773509244;2026-03-14 17:27:24;2026-03-14 17:27:24;0,0;3,158202;2,540922;0,61728;49,983810791774886;115462,60292899999;607,953885;-114854,64904399999;-5,742732452199999;32,453239;9,506517;40,77564360647124;-73,96068698429804;40,77391239895499;-73,96190374515162;40,771157;-73,9618158;40,7697948;-73,9628075;True;True;0xCDcF7b2a3352a32cc28FD35C3924f5BD542a25Ea;300;300;300;0;0,0;3,154171092917474;3,6030907670649444;0,44891967414747036;302;0;300;0,0;False;-0,004178844379026201;-0,0016366421291648954;2,0;vehicles_step_sim_4__run088__SUMO_carro_1000__t0001
89;vehicles_step_sim_4.csv;SUMO_carro_1000;HBEFA4/PC_petrol_Euro-6ab;Gasoline;1773509244;2026-03-14 17:27:24;2026-03-14 17:27:24;0,0;3,158202;2,540922;0,61728;49,983810791774886;115462,60292899999;607,953885;-114854,64904399999;-5,742732452199999;32,453239;9,506517;40,77564360647124;-73,96068698429804;40,77391239895499;-73,96190374515162;40,7615641;-73,9627156;40,7596426;-73,9640002;True;True;0xCDcF7b2a3352a32cc28FD35C3924f5BD542a25Ea;300;300;300;0;0,0;3,154171092917474;3,7820521646750054;0,6278810717575314;302;0;300;0,0;False;-0,014238912969298037;-0,002073332897529;2,0;vehicles_step_sim_4__run089__SUMO_carro_1000__t0001
90;vehicles_step_sim_4.csv;SUMO_carro_1000;HBEFA4/PC_petrol_Euro-6ab;Gasoline;1773509244;2026-03-14 17:27:24;2026-03-14 17:27:24;0,0;3,158202;2,540922;0,61728;49,983810791774886;115462,60292899999;607,953885;-114854,64904399999;-5,742732452199999;32,453239;9,506517;40,77564360647124;-73,96068698429804;40,77391239895499;-73,96190374515162;40,7772837;-73,9463065;40,7752995;-73,9477515;True;True;0xCDcF7b2a3352a32cc28FD35C3924f5BD542a25Ea;300;300;300;0;0,0;3,154171092917474;3,9801232101401016;0,8259521172226276;302;0;300;0,0;False;0,0016671229232807531;0,013561356679217117;2,0;vehicles_step_sim_4__run090__SUMO_carro_1000__t0001
91;vehicles_step_sim_4.csv;SUMO_carro_1000;HBEFA4/PC_petrol_Euro-6ab;Gasoline;1773509244;2026-03-14 17:27:24;2026-03-14 17:27:24;0,0;3,158202;2,540922;0,61728;49,983810791774886;115462,60292899999;607,953885;-114854,64904399999;-5,742732452199999;32,453239;9,506517;40,77564360647124;-73,96068698429804;40,77391239895499;-73,96190374515162;40,7755886;-73,9625086;40,7736883;-73,9638995;True;True;0xCDcF7b2a3352a32cc28FD35C3924f5BD542a25Ea;300;300;300;0;0,0;3,154171092917474;3,198561552546154;0,044390459628679935;302;0;300;0,0;False;-0,00014363020885889232;-0,001596312860911518;2,0;vehicles_step_sim_4__run091__SUMO_carro_1000__t0001
92;vehicles_step_sim_4.csv;SUMO_carro_1000;HBEFA4/PC_petrol_Euro-6ab;Gasoline;1773509244;2026-03-14 17:27:24;2026-03-14 17:27:24;0,0;3,158202;2,540922;0,61728;49,983810791774886;115462,60292899999;607,953885;-114854,64904399999;-5,742732452199999;32,453239;9,506517;40,77564360647124;-73,96068698429804;40,77391239895499;-73,96190374515162;40,7890673;-73,9666014;40,7840712;-73,9663198;True;True;0xCDcF7b2a3352a32cc28FD35C3924f5BD542a25Ea;300;300;300;0;0,0;3,154171092917474;3,221350016769547;0,0671789238520728;302;0;300;0,0;False;0,012127504212626256;-0,003343034037687614;2,0;vehicles_step_sim_4__run092__SUMO_carro_1000__t0001
93;vehicles_step_sim_4.csv;SUMO_carro_1000;HBEFA4/PC_petrol_Euro-6ab;Gasoline;1773509244;2026-03-14 17:27:24;2026-03-14 17:27:24;0,0;3,158202;2,540922;0,61728;49,983810791774886;115462,60292899999;607,953885;-114854,64904399999;-5,742732452199999;32,453239;9,506517;40,77564360647124;-73,96068698429804;40,77391239895499;-73,96190374515162;40,7756278;-73,9502825;40,7737152;-73,9516809;True;True;0xCDcF7b2a3352a32cc28FD35C3924f5BD542a25Ea;300;300;300;0;0,0;3,154171092917474;3,4782068162559816;0,3240357233385076;302;0;300;0,0;False;5,756509124801791e-05;0,010361297492541516;2,0;vehicles_step_sim_4__run093__SUMO_carro_1000__t0001
94;vehicles_step_sim_4.csv;SUMO_carro_1000;HBEFA4/PC_petrol_Euro-6ab;Gasoline;1773509244;2026-03-14 17:27:24;2026-03-14 17:27:24;0,0;3,158202;2,540922;0,61728;49,983810791774886;115462,60292899999;607,953885;-114854,64904399999;-5,742732452199999;32,453239;9,506517;40,77564360647124;-73,96068698429804;40,77391239895499;-73,96190374515162;40,7781198;-73,9482894;40,7765492;-73,9496157;True;True;0xCDcF7b2a3352a32cc28FD35C3924f5BD542a25Ea;300;300;300;0;0,0;3,154171092917474;3,705344557143041;0,5511734642255668;302;0;300;0,0;False;0,0026096545965479845;0,01259170171627497;2,0;vehicles_step_sim_4__run094__SUMO_carro_1000__t0001
95;vehicles_step_sim_4.csv;SUMO_carro_1000;HBEFA4/PC_petrol_Euro-6ab;Gasoline;1773509244;2026-03-14 17:27:24;2026-03-14 17:27:24;0,0;3,158202;2,540922;0,61728;49,983810791774886;115462,60292899999;607,953885;-114854,64904399999;-5,742732452199999;32,453239;9,506517;40,77564360647124;-73,96068698429804;40,77391239895499;-73,96190374515162;40,7809648;-73,9452485;40,7785395;-73,9453802;True;True;0xCDcF7b2a3352a32cc28FD35C3924f5BD542a25Ea;300;300;300;0;0,0;3,154171092917474;5,185659225320937;2,0314881324034633;302;0;300;0,0;False;0,005078810609071118;0,01563933290641907;2,0;vehicles_step_sim_4__run095__SUMO_carro_1000__t0001
96;vehicles_step_sim_4.csv;SUMO_carro_1000;HBEFA4/PC_petrol_Euro-6ab;Gasoline;1773509244;2026-03-14 17:27:24;2026-03-14 17:27:24;0,0;3,158202;2,540922;0,61728;49,983810791774886;115462,60292899999;607,953885;-114854,64904399999;-5,742732452199999;32,453239;9,506517;40,77564360647124;-73,96068698429804;40,77391239895499;-73,96190374515162;40,7633737;-73,9650755;40,7614116;-73,9662288;True;True;0xCDcF7b2a3352a32cc28FD35C3924f5BD542a25Ea;300;300;300;0;0,0;3,154171092917474;3,6052744579866474;0,45110336506917337;302;0;300;0,0;False;-0,0121677312277437;-0,004144124592029216;2,0;vehicles_step_sim_4__run096__SUMO_carro_1000__t0001
97;vehicles_step_sim_4.csv;SUMO_carro_1000;HBEFA4/PC_petrol_Euro-6ab;Gasoline;1773509244;2026-03-14 17:27:24;2026-03-14 17:27:24;0,0;3,158202;2,540922;0,61728;49,983810791774886;115462,60292899999;607,953885;-114854,64904399999;-5,742732452199999;32,453239;9,506517;40,77564360647124;-73,96068698429804;40,77391239895499;-73,96190374515162;40,7739624;-73,9544327;40,7719769;-73,9558798;True;True;0xCDcF7b2a3352a32cc28FD35C3924f5BD542a25Ea;300;300;300;0;0,0;3,154171092917474;3,9120843517824366;0,7579132588649626;302;0;300;0,0;False;-0,0018304649002857478;0,006438501905567887;2,0;vehicles_step_sim_4__run097__SUMO_carro_1000__t0001
98;vehicles_step_sim_4.csv;SUMO_carro_1000;HBEFA4/PC_petrol_Euro-6ab;Gasoline;1773509244;2026-03-14 17:27:24;2026-03-14 17:27:24;0,0;3,158202;2,540922;0,61728;49,983810791774886;115462,60292899999;607,953885;-114854,64904399999;-5,742732452199999;32,453239;9,506517;40,77564360647124;-73,96068698429804;40,77391239895499;-73,96190374515162;40,7895856;-73,9576393;40,7853453;-73,9576355;True;True;0xCDcF7b2a3352a32cc28FD35C3924f5BD542a25Ea;300;300;300;0;0,0;3,154171092917474;4,292083661735369;1,1379125688178946;302;0;300;0,0;False;0,012431525392641425;0,0019205549780383037;2,0;vehicles_step_sim_4__run098__SUMO_carro_1000__t0001
99;vehicles_step_sim_4.csv;SUMO_carro_1000;HBEFA4/PC_petrol_Euro-6ab;Gasoline;1773509244;2026-03-14 17:27:24;2026-03-14 17:27:24;0,0;3,158202;2,540922;0,61728;49,983810791774886;115462,60292899999;607,953885;-114854,64904399999;-5,742732452199999;32,453239;9,506517;40,77564360647124;-73,96068698429804;40,77391239895499;-73,96190374515162;40,7597703;-73,9663787;40,7577545;-73,9675793;True;True;0xCDcF7b2a3352a32cc28FD35C3924f5BD542a25Ea;300;300;300;0;0,0;3,154171092917474;3,3710468191638934;0,21687572624641938;302;0;300;0,0;False;-0,016083302502962905;-0,0053482306846717835;2,0;vehicles_step_sim_4__run099__SUMO_carro_1000__t0001
100;vehicles_step_sim_4.csv;SUMO_carro_1000;HBEFA4/PC_petrol_Euro-6ab;Gasoline;1773509244;2026-03-14 17:27:24;2026-03-14 17:27:24;0,0;3,158202;2,540922;0,61728;49,983810791774886;115462,60292899999;607,953885;-114854,64904399999;-5,742732452199999;32,453239;9,506517;40,77564360647124;-73,96068698429804;40,77391239895499;-73,96190374515162;40,7711057;-73,9680239;40,7688155;-73,970592;True;True;0xCDcF7b2a3352a32cc28FD35C3924f5BD542a25Ea;300;300;300;0;0,0;3,154171092917474;2,807115928790676;-0,34705516412679804;302;0;300;0,0;False;-0,00410580326334401;-0,00872501911760295;2,0;vehicles_step_sim_4__run100__SUMO_carro_1000__t0001
1;vehicles_step_sim_1.csv;SUMO_carro_1000;HBEFA4/PC_petrol_Euro-6ab;Gasoline;1773509241;2026-03-14 17:27:21;2026-03-14 17:27:21;0,0;2,925556;2,764343;0,161213;54,094388350649346;124958,03709;563,1695299999999;-124394,86756;-6,2197433779999995;38,193054000000004;9,782898;40,77564360647124;-73,96068698429804;40,77404565884828;-73,96161699028531;40,7672495;-73,9626178;40,7660017;-73,9635307;True;True;0xCDcF7b2a3352a32cc28FD35C3924f5BD542a25Ea;323;323;323;0;0,0;2,916086757479136;2,472399799335356;-0,4436869581437799;325;0;323;0,0;False;-0,008131412202217803;-0,002389961435972651;2,0;vehicles_step_sim_1__run001__SUMO_carro_1000__t0001
2;vehicles_step_sim_1.csv;SUMO_carro_1000;HBEFA4/PC_petrol_Euro-6ab;Gasoline;1773509241;2026-03-14 17:27:21;2026-03-14 17:27:21;0,0;2,925556;2,764343;0,161213;54,094388350649346;124958,03709;563,1695299999999;-124394,86756;-6,2197433779999995;38,193054000000004;9,782898;40,77564360647124;-73,96068698429804;40,77404565884828;-73,96161699028531;40,7821015;-73,9538288;40,7805204;-73,9548431;True;True;0xCDcF7b2a3352a32cc28FD35C3924f5BD542a25Ea;323;323;323;0;0,0;2,916086757479136;3,0366477531934275;0,12056099571429169;325;0;323;0,0;False;0,00657119252773543;0,006777256006622943;2,0;vehicles_step_sim_1__run002__SUMO_carro_1000__t0001
3;vehicles_step_sim_1.csv;SUMO_carro_1000;HBEFA4/PC_petrol_Euro-6ab;Gasoline;1773509241;2026-03-14 17:27:21;2026-03-14 17:27:21;0,0;2,925556;2,764343;0,161213;54,094388350649346;124958,03709;563,1695299999999;-124394,86756;-6,2197433779999995;38,193054000000004;9,782898;40,77564360647124;-73,96068698429804;40,77404565884828;-73,96161699028531;40,781618;-73,9720367;40,7798151;-73,9733542;True;True;0xCDcF7b2a3352a32cc28FD35C3924f5BD542a25Ea;323;323;323;0;0,0;2,916086757479136;2,7130273199134676;-0,20305943756566824;325;0;323;0,0;False;0,006238513201438472;-0,011592033830440957;2,0;vehicles_step_sim_1__run003__SUMO_carro_1000__t0001
4;vehicles_step_sim_1.csv;SUMO_carro_1000;HBEFA4/PC_petrol_Euro-6ab;Gasoline;1773509241;2026-03-14 17:27:21;2026-03-14 17:27:21;0,0;2,925556;2,764343;0,161213;54,094388350649346;124958,03709;563,1695299999999;-124394,86756;-6,2197433779999995;38,193054000000004;9,782898;40,77564360647124;-73,96068698429804;40,77404565884828;-73,96161699028531;40,789923;-73,95843;40,7895856;-73,9576393;True;True;0xCDcF7b2a3352a32cc28FD35C3924f5BD542a25Ea;323;323;323;0;0,0;2,916086757479136;5,15441509556566;2,2383283380865238;325;0;323;0,0;False;0,014668344707058318;0,0028396204049780326;2,0;vehicles_step_sim_1__run004__SUMO_carro_1000__t0001
5;vehicles_step_sim_1.csv;SUMO_carro_1000;HBEFA4/PC_petrol_Euro-6ab;Gasoline;1773509241;2026-03-14 17:27:21;2026-03-14 17:27:21;0,0;2,925556;2,764343;0,161213;54,094388350649346;124958,03709;563,1695299999999;-124394,86756;-6,2197433779999995;38,193054000000004;9,782898;40,77564360647124;-73,96068698429804;40,77404565884828;-73,96161699028531;40,770926;-73,9431311;40,7712124;-73,9466289;True;True;0xCDcF7b2a3352a32cc28FD35C3924f5BD542a25Ea;323;323;323;0;0,0;2,916086757479136;2,857389338705347;-0,05869741877378898;325;0;323;0,0;False;-0,0033197374996367596;0,015852334656846625;2,0;vehicles_step_sim_1__run005__SUMO_carro_1000__t0001
6;vehicles_step_sim_1.csv;SUMO_carro_1000;HBEFA4/PC_petrol_Euro-6ab;Gasoline;1773509241;2026-03-14 17:27:21;2026-03-14 17:27:21;0,0;2,925556;2,764343;0,161213;54,094388350649346;124958,03709;563,1695299999999;-124394,86756;-6,2197433779999995;38,193054000000004;9,782898;40,77564360647124;-73,96068698429804;40,77404565884828;-73,96161699028531;40,7793957;-73,9553185;40,7775074;-73,9569035;True;True;0xCDcF7b2a3352a32cc28FD35C3924f5BD542a25Ea;323;323;323;0;0,0;2,916086757479136;2,8600338305411173;-0,056052926938018555;325;0;323;0,0;False;0,00337594946616901;0,005448782875025675;2,0;vehicles_step_sim_1__run006__SUMO_carro_1000__t0001
7;vehicles_step_sim_1.csv;SUMO_carro_1000;HBEFA4/PC_petrol_Euro-6ab;Gasoline;1773509241;2026-03-14 17:27:21;2026-03-14 17:27:21;0,0;2,925556;2,764343;0,161213;54,094388350649346;124958,03709;563,1695299999999;-124394,86756;-6,2197433779999995;38,193054000000004;9,782898;40,77564360647124;-73,96068698429804;40,77404565884828;-73,96161699028531;40,7822699;-73,9598778;40,7813574;-73,9623763;True;True;0xCDcF7b2a3352a32cc28FD35C3924f5BD542a25Ea;323;323;323;0;0,0;2,916086757479136;3,904412249674564;0,9883254921954281;325;0;323;0,0;False;0,007511213082217173;-0,000692720349506543;2,0;vehicles_step_sim_1__run007__SUMO_carro_1000__t0001
8;vehicles_step_sim_1.csv;SUMO_carro_1000;HBEFA4/PC_petrol_Euro-6ab;Gasoline;1773509241;2026-03-14 17:27:21;2026-03-14 17:27:21;0,0;2,925556;2,764343;0,161213;54,094388350649346;124958,03709;563,1695299999999;-124394,86756;-6,2197433779999995;38,193054000000004;9,782898;40,77564360647124;-73,96068698429804;40,77404565884828;-73,96161699028531;40,7765538;-73,9485819;40,77403;-73,948678;True;True;0xCDcF7b2a3352a32cc28FD35C3924f5BD542a25Ea;323;323;323;0;0,0;2,916086757479136;3,7305437256017715;0,8144569681226357;325;0;323;0,0;False;0,0006173102082487402;0,012326326562018717;2,0;vehicles_step_sim_1__run008__SUMO_carro_1000__t0001
9;vehicles_step_sim_1.csv;SUMO_carro_1000;HBEFA4/PC_petrol_Euro-6ab;Gasoline;1773509241;2026-03-14 17:27:21;2026-03-14 17:27:21;0,0;2,925556;2,764343;0,161213;54,094388350649346;124958,03709;563,1695299999999;-124394,86756;-6,2197433779999995;38,193054000000004;9,782898;40,77564360647124;-73,96068698429804;40,77404565884828;-73,96161699028531;40,7636193;-73,9561187;40,7618602;-73,9574064;True;True;0xCDcF7b2a3352a32cc28FD35C3924f5BD542a25Ea;323;323;323;0;0,0;2,916086757479136;3,253091931488577;0,3370051740094411;325;0;323;0,0;False;-0,012367457480798233;0,004840338202903044;2,0;vehicles_step_sim_1__run009__SUMO_carro_1000__t0001
10;vehicles_step_sim_1.csv;SUMO_carro_1000;HBEFA4/PC_petrol_Euro-6ab;Gasoline;1773509241;2026-03-14 17:27:21;2026-03-14 17:27:21;0,0;2,925556;2,764343;0,161213;54,094388350649346;124958,03709;563,1695299999999;-124394,86756;-6,2197433779999995;38,193054000000004;9,782898;40,77564360647124;-73,96068698429804;40,77404565884828;-73,96161699028531;40,7813282;-73,9759631;40,7799485;-73,9767992;True;True;0xCDcF7b2a3352a32cc28FD35C3924f5BD542a25Ea;323;323;323;0;0,0;2,916086757479136;3,9066667796073475;0,9905800221282117;325;0;323;0,0;False;0,005751436734515313;-0,014962673199964291;2,0;vehicles_step_sim_1__run010__SUMO_carro_1000__t0001
11;vehicles_step_sim_1.csv;SUMO_carro_1000;HBEFA4/PC_petrol_Euro-6ab;Gasoline;1773509241;2026-03-14 17:27:21;2026-03-14 17:27:21;0,0;2,925556;2,764343;0,161213;54,094388350649346;124958,03709;563,1695299999999;-124394,86756;-6,2197433779999995;38,193054000000004;9,782898;40,77564360647124;-73,96068698429804;40,77404565884828;-73,96161699028531;40,7599078;-73,9579608;40,7583833;-73,9590324;True;True;0xCDcF7b2a3352a32cc28FD35C3924f5BD542a25Ea;323;323;323;0;0,0;2,916086757479136;2,269490722348498;-0,6465960351306377;325;0;323;0,0;False;-0,0156307287478721;0,0025352260999588773;2,0;vehicles_step_sim_1__run011__SUMO_carro_1000__t0001
12;vehicles_step_sim_1.csv;SUMO_carro_1000;HBEFA4/PC_petrol_Euro-6ab;Gasoline;1773509241;2026-03-14 17:27:21;2026-03-14 17:27:21;0,0;2,925556;2,764343;0,161213;54,094388350649346;124958,03709;563,1695299999999;-124394,86756;-6,2197433779999995;38,193054000000004;9,782898;40,77564360647124;-73,96068698429804;40,77404565884828;-73,96161699028531;40,7632726;-73,9570608;40,7618461;-73,957576;True;True;0xCDcF7b2a3352a32cc28FD35C3924f5BD542a25Ea;323;323;323;0;0,0;2,916086757479136;3,318062859754984;0,4019761022758481;325;0;323;0,0;False;-0,012362525830470419;0,0036517997643888576;2,0;vehicles_step_sim_1__run012__SUMO_carro_1000__t0001
13;vehicles_step_sim_1.csv;SUMO_carro_1000;HBEFA4/PC_petrol_Euro-6ab;Gasoline;1773509241;2026-03-14 17:27:21;2026-03-14 17:27:21;0,0;2,925556;2,764343;0,161213;54,094388350649346;124958,03709;563,1695299999999;-124394,86756;-6,2197433779999995;38,193054000000004;9,782898;40,77564360647124;-73,96068698429804;40,77404565884828;-73,96161699028531;40,7794843;-73,9578403;40,777622;-73,9589631;True;True;0xCDcF7b2a3352a32cc28FD35C3924f5BD542a25Ea;323;323;323;0;0,0;2,916086757479136;3,061566367418233;0,14547960993909737;325;0;323;0,0;False;0,003772031310444908;0,0028675388696431476;2,0;vehicles_step_sim_1__run013__SUMO_carro_1000__t0001
14;vehicles_step_sim_1.csv;SUMO_carro_1000;HBEFA4/PC_petrol_Euro-6ab;Gasoline;1773509241;2026-03-14 17:27:21;2026-03-14 17:27:21;0,0;2,925556;2,764343;0,161213;54,094388350649346;124958,03709;563,1695299999999;-124394,86756;-6,2197433779999995;38,193054000000004;9,782898;40,77564360647124;-73,96068698429804;40,77404565884828;-73,96161699028531;40,7661911;-73,9601081;40,7648365;-73,9607727;True;True;0xCDcF7b2a3352a32cc28FD35C3924f5BD542a25Ea;323;323;323;0;0,0;2,916086757479136;3,4860278783934278;0,5699411209142919;325;0;323;0,0;False;-0,009473964078157674;0,0010309949091284903;2,0;vehicles_step_sim_1__run014__SUMO_carro_1000__t0001
15;vehicles_step_sim_1.csv;SUMO_carro_1000;HBEFA4/PC_petrol_Euro-6ab;Gasoline;1773509241;2026-03-14 17:27:21;2026-03-14 17:27:21;0,0;2,925556;2,764343;0,161213;54,094388350649346;124958,03709;563,1695299999999;-124394,86756;-6,2197433779999995;38,193054000000004;9,782898;40,77564360647124;-73,96068698429804;40,77404565884828;-73,96161699028531;40,7865517;-73,9684311;40,7850534;-73,9688383;True;True;0xCDcF7b2a3352a32cc28FD35C3924f5BD542a25Ea;323;323;323;0;0,0;2,916086757479136;3,1533335639602225;0,23724680648108665;325;0;323;0,0;False;0,010600865505114573;-0,007368504162857096;2,0;vehicles_step_sim_1__run015__SUMO_carro_1000__t0001
16;vehicles_step_sim_1.csv;SUMO_carro_1000;HBEFA4/PC_petrol_Euro-6ab;Gasoline;1773509241;2026-03-14 17:27:21;2026-03-14 17:27:21;0,0;2,925556;2,764343;0,161213;54,094388350649346;124958,03709;563,1695299999999;-124394,86756;-6,2197433779999995;38,193054000000004;9,782898;40,77564360647124;-73,96068698429804;40,77404565884828;-73,96161699028531;40,7822699;-73,9598778;40,7812573;-73,9621039;True;True;0xCDcF7b2a3352a32cc28FD35C3924f5BD542a25Ea;323;323;323;0;0,0;2,916086757479136;3,5117499469501707;0,5956631894710349;325;0;323;0,0;False;0,00733516782150869;-0,00038451406209666464;2,0;vehicles_step_sim_1__run016__SUMO_carro_1000__t0001
17;vehicles_step_sim_1.csv;SUMO_carro_1000;HBEFA4/PC_petrol_Euro-6ab;Gasoline;1773509241;2026-03-14 17:27:21;2026-03-14 17:27:21;0,0;2,925556;2,764343;0,161213;54,094388350649346;124958,03709;563,1695299999999;-124394,86756;-6,2197433779999995;38,193054000000004;9,782898;40,77564360647124;-73,96068698429804;40,77404565884828;-73,96161699028531;40,7805668;-73,9617562;40,7783736;-73,9627182;True;True;0xCDcF7b2a3352a32cc28FD35C3924f5BD542a25Ea;323;323;323;0;0,0;2,916086757479136;3,34121288960358;0,4251261321244444;325;0;323;0,0;False;0,004477120021373891;-0,0014361855062040743;2,0;vehicles_step_sim_1__run017__SUMO_carro_1000__t0001
18;vehicles_step_sim_1.csv;SUMO_carro_1000;HBEFA4/PC_petrol_Euro-6ab;Gasoline;1773509241;2026-03-14 17:27:21;2026-03-14 17:27:21;0,0;2,925556;2,764343;0,161213;54,094388350649346;124958,03709;563,1695299999999;-124394,86756;-6,2197433779999995;38,193054000000004;9,782898;40,77564360647124;-73,96068698429804;40,77404565884828;-73,96161699028531;40,7653033;-73,958003;40,7640551;-73,9589158;True;True;0xCDcF7b2a3352a32cc28FD35C3924f5BD542a25Ea;323;323;323;0;0,0;2,916086757479136;3,5516160456465315;0,6355292881673957;325;0;323;0,0;False;-0,010056138758461675;0,002534235869411016;2,0;vehicles_step_sim_1__run018__SUMO_carro_1000__t0001
19;vehicles_step_sim_1.csv;SUMO_carro_1000;HBEFA4/PC_petrol_Euro-6ab;Gasoline;1773509241;2026-03-14 17:27:21;2026-03-14 17:27:21;0,0;2,925556;2,764343;0,161213;54,094388350649346;124958,03709;563,1695299999999;-124394,86756;-6,2197433779999995;38,193054000000004;9,782898;40,77564360647124;-73,96068698429804;40,77404565884828;-73,96161699028531;40,7650618;-73,9732319;40,7639694;-73,9742394;True;True;0xCDcF7b2a3352a32cc28FD35C3924f5BD542a25Ea;323;323;323;0;0,0;2,916086757479136;2,396027814398316;-0,5200589430808198;325;0;323;0,0;False;-0,010204392428962997;-0,012868419517214943;2,0;vehicles_step_sim_1__run019__SUMO_carro_1000__t0001
20;vehicles_step_sim_1.csv;SUMO_carro_1000;HBEFA4/PC_petrol_Euro-6ab;Gasoline;1773509241;2026-03-14 17:27:21;2026-03-14 17:27:21;0,0;2,925556;2,764343;0,161213;54,094388350649346;124958,03709;563,1695299999999;-124394,86756;-6,2197433779999995;38,193054000000004;9,782898;40,77564360647124;-73,96068698429804;40,77404565884828;-73,96161699028531;40,7670588;-73,9563101;40,76511;-73,9556205;True;True;0xCDcF7b2a3352a32cc28FD35C3924f5BD542a25Ea;323;323;323;0;0,0;2,916086757479136;4,946177123564783;2,030090366085647;325;0;323;0,0;False;-0,008646227434458207;0,005218368384401604;2,0;vehicles_step_sim_1__run020__SUMO_carro_1000__t0001
21;vehicles_step_sim_1.csv;SUMO_carro_1000;HBEFA4/PC_petrol_Euro-6ab;Gasoline;1773509241;2026-03-14 17:27:21;2026-03-14 17:27:21;0,0;2,925556;2,764343;0,161213;54,094388350649346;124958,03709;563,1695299999999;-124394,86756;-6,2197433779999995;38,193054000000004;9,782898;40,77564360647124;-73,96068698429804;40,77404565884828;-73,96161699028531;40,7825978;-73,9750368;40,7806159;-73,9762556;True;True;0xCDcF7b2a3352a32cc28FD35C3924f5BD542a25Ea;323;323;323;0;0,0;2,916086757479136;3,994575298929185;1,0784885414500494;325;0;323;0,0;False;0,00672536276522097;-0,014475557941203664;2,0;vehicles_step_sim_1__run021__SUMO_carro_1000__t0001
22;vehicles_step_sim_1.csv;SUMO_carro_1000;HBEFA4/PC_petrol_Euro-6ab;Gasoline;1773509241;2026-03-14 17:27:21;2026-03-14 17:27:21;0,0;2,925556;2,764343;0,161213;54,094388350649346;124958,03709;563,1695299999999;-124394,86756;-6,2197433779999995;38,193054000000004;9,782898;40,77564360647124;-73,96068698429804;40,77404565884828;-73,96161699028531;40,7621401;-73,9547614;40,7607278;-73,9563584;True;True;0xCDcF7b2a3352a32cc28FD35C3924f5BD542a25Ea;323;323;323;0;0,0;2,916086757479136;5,113395736991801;2,197308979512665;325;0;323;0,0;False;-0,014065602404611433;0,006012498703027601;2,0;vehicles_step_sim_1__run022__SUMO_carro_1000__t0001
23;vehicles_step_sim_1.csv;SUMO_carro_1000;HBEFA4/PC_petrol_Euro-6ab;Gasoline;1773509241;2026-03-14 17:27:21;2026-03-14 17:27:21;0,0;2,925556;2,764343;0,161213;54,094388350649346;124958,03709;563,1695299999999;-124394,86756;-6,2197433779999995;38,193054000000004;9,782898;40,77564360647124;-73,96068698429804;40,77404565884828;-73,96161699028531;40,7805056;-73,9500443;40,7786142;-73,9512021;True;True;0xCDcF7b2a3352a32cc28FD35C3924f5BD542a25Ea;323;323;323;0;0,0;2,916086757479136;3,63486630416526;0,718779546686124;325;0;323;0,0;False;0,004793433069048193;0,010435607913976913;2,0;vehicles_step_sim_1__run023__SUMO_carro_1000__t0001
24;vehicles_step_sim_1.csv;SUMO_carro_1000;HBEFA4/PC_petrol_Euro-6ab;Gasoline;1773509241;2026-03-14 17:27:21;2026-03-14 17:27:21;0,0;2,925556;2,764343;0,161213;54,094388350649346;124958,03709;563,1695299999999;-124394,86756;-6,2197433779999995;38,193054000000004;9,782898;40,77564360647124;-73,96068698429804;40,77404565884828;-73,96161699028531;40,7844773;-73,9498735;40,7826924;-73,951151;True;True;0xCDcF7b2a3352a32cc28FD35C3924f5BD542a25Ea;323;323;323;0;0,0;2,916086757479136;3,606809039407916;0,6907222819287804;325;0;323;0,0;False;0,008732068641570657;0,010493851908115717;2,0;vehicles_step_sim_1__run024__SUMO_carro_1000__t0001
25;vehicles_step_sim_1.csv;SUMO_carro_1000;HBEFA4/PC_petrol_Euro-6ab;Gasoline;1773509241;2026-03-14 17:27:21;2026-03-14 17:27:21;0,0;2,925556;2,764343;0,161213;54,094388350649346;124958,03709;563,1695299999999;-124394,86756;-6,2197433779999995;38,193054000000004;9,782898;40,77564360647124;-73,96068698429804;40,77404565884828;-73,96161699028531;40,7872206;-73,9718092;40,785344;-73,9730286;True;True;0xCDcF7b2a3352a32cc28FD35C3924f5BD542a25Ea;323;323;323;0;0,0;2,916086757479136;2,582251903106252;-0,33383485437288396;325;0;323;0,0;False;0,011618344560650888;-0,011747564152667254;2,0;vehicles_step_sim_1__run025__SUMO_carro_1000__t0001
26;vehicles_step_sim_1.csv;SUMO_carro_1000;HBEFA4/PC_petrol_Euro-6ab;Gasoline;1773509241;2026-03-14 17:27:21;2026-03-14 17:27:21;0,0;2,925556;2,764343;0,161213;54,094388350649346;124958,03709;563,1695299999999;-124394,86756;-6,2197433779999995;38,193054000000004;9,782898;40,77564360647124;-73,96068698429804;40,77404565884828;-73,96161699028531;40,7759868;-73,947251;40,7745585;-73,9481233;True;True;0xCDcF7b2a3352a32cc28FD35C3924f5BD542a25Ea;323;323;323;0;0,0;2,916086757479136;3,415094047198046;0,4990072897189104;325;0;323;0,0;False;0,0004549402189996492;0,013366905823325864;2,0;vehicles_step_sim_1__run026__SUMO_carro_1000__t0001
27;vehicles_step_sim_1.csv;SUMO_carro_1000;HBEFA4/PC_petrol_Euro-6ab;Gasoline;1773509241;2026-03-14 17:27:21;2026-03-14 17:27:21;0,0;2,925556;2,764343;0,161213;54,094388350649346;124958,03709;563,1695299999999;-124394,86756;-6,2197433779999995;38,193054000000004;9,782898;40,77564360647124;-73,96068698429804;40,77404565884828;-73,96161699028531;40,7908805;-73,968815;40,7896378;-73,9697186;True;True;0xCDcF7b2a3352a32cc28FD35C3924f5BD542a25Ea;323;323;323;0;0,0;2,916086757479136;3,7724998723811627;0,8564131149020269;325;0;323;0,0;False;0,015415899227229694;-0,007867182350517563;2,0;vehicles_step_sim_1__run027__SUMO_carro_1000__t0001
28;vehicles_step_sim_1.csv;SUMO_carro_1000;HBEFA4/PC_petrol_Euro-6ab;Gasoline;1773509241;2026-03-14 17:27:21;2026-03-14 17:27:21;0,0;2,925556;2,764343;0,161213;54,094388350649346;124958,03709;563,1695299999999;-124394,86756;-6,2197433779999995;38,193054000000004;9,782898;40,77564360647124;-73,96068698429804;40,77404565884828;-73,96161699028531;40,7820554;-73,9754275;40,7799769;-73,9747351;True;True;0xCDcF7b2a3352a32cc28FD35C3924f5BD542a25Ea;323;323;323;0;0,0;2,916086757479136;4,360163660582405;1,444076903103269;325;0;323;0,0;False;0,005853560266219511;-0,01346258762193967;2,0;vehicles_step_sim_1__run028__SUMO_carro_1000__t0001
29;vehicles_step_sim_1.csv;SUMO_carro_1000;HBEFA4/PC_petrol_Euro-6ab;Gasoline;1773509241;2026-03-14 17:27:21;2026-03-14 17:27:21;0,0;2,925556;2,764343;0,161213;54,094388350649346;124958,03709;563,1695299999999;-124394,86756;-6,2197433779999995;38,193054000000004;9,782898;40,77564360647124;-73,96068698429804;40,77404565884828;-73,96161699028531;40,7847387;-73,9461103;40,7830839;-73,946441;True;True;0xCDcF7b2a3352a32cc28FD35C3924f5BD542a25Ea;323;323;323;0;0,0;2,916086757479136;3,6072728010049713;0,6911860435258355;325;0;323;0,0;False;0,009072596337813672;0,014558601939668884;2,0;vehicles_step_sim_1__run029__SUMO_carro_1000__t0001
30;vehicles_step_sim_1.csv;SUMO_carro_1000;HBEFA4/PC_petrol_Euro-6ab;Gasoline;1773509241;2026-03-14 17:27:21;2026-03-14 17:27:21;0,0;2,925556;2,764343;0,161213;54,094388350649346;124958,03709;563,1695299999999;-124394,86756;-6,2197433779999995;38,193054000000004;9,782898;40,77564360647124;-73,96068698429804;40,77404565884828;-73,96161699028531;40,7832613;-73,9528442;40,7814898;-73,954139;True;True;0xCDcF7b2a3352a32cc28FD35C3924f5BD542a25Ea;323;323;323;0;0,0;2,916086757479136;3,181308072865672;0,26522131538653637;325;0;323;0,0;False;0,007519068293724352;0,0076257364508159784;2,0;vehicles_step_sim_1__run030__SUMO_carro_1000__t0001
31;vehicles_step_sim_1.csv;SUMO_carro_1000;HBEFA4/PC_petrol_Euro-6ab;Gasoline;1773509241;2026-03-14 17:27:21;2026-03-14 17:27:21;0,0;2,925556;2,764343;0,161213;54,094388350649346;124958,03709;563,1695299999999;-124394,86756;-6,2197433779999995;38,193054000000004;9,782898;40,77564360647124;-73,96068698429804;40,77404565884828;-73,96161699028531;40,7789069;-73,9684905;40,7786974;-73,9679871;True;True;0xCDcF7b2a3352a32cc28FD35C3924f5BD542a25Ea;323;323;323;0;0,0;2,916086757479136;7,221452728766001;4,305365971286864;325;0;323;0,0;False;0,002878624122315937;-0,007828325227734599;2,0;vehicles_step_sim_1__run031__SUMO_carro_1000__t0001
32;vehicles_step_sim_1.csv;SUMO_carro_1000;HBEFA4/PC_petrol_Euro-6ab;Gasoline;1773509241;2026-03-14 17:27:21;2026-03-14 17:27:21;0,0;2,925556;2,764343;0,161213;54,094388350649346;124958,03709;563,1695299999999;-124394,86756;-6,2197433779999995;38,193054000000004;9,782898;40,77564360647124;-73,96068698429804;40,77404565884828;-73,96161699028531;40,7780575;-73,9654793;40,7781109;-73,9657361;True;True;0xCDcF7b2a3352a32cc28FD35C3924f5BD542a25Ea;323;323;323;0;0,0;2,916086757479136;4,404642596303941;1,4885558388248055;325;0;323;0,0;False;0,0038469978665460294;-0,00416208019236931;2,0;vehicles_step_sim_1__run032__SUMO_carro_1000__t0001
33;vehicles_step_sim_1.csv;SUMO_carro_1000;HBEFA4/PC_petrol_Euro-6ab;Gasoline;1773509241;2026-03-14 17:27:21;2026-03-14 17:27:21;0,0;2,925556;2,764343;0,161213;54,094388350649346;124958,03709;563,1695299999999;-124394,86756;-6,2197433779999995;38,193054000000004;9,782898;40,77564360647124;-73,96068698429804;40,77404565884828;-73,96161699028531;40,7903767;-73,9601151;40,7903388;-73,9600164;True;True;0xCDcF7b2a3352a32cc28FD35C3924f5BD542a25Ea;323;323;323;0;0,0;2,916086757479136;4,542106317027999;1,6260195595488631;325;0;323;0,0;False;0,01509633932982159;0,0008680730786399535;2,0;vehicles_step_sim_1__run033__SUMO_carro_1000__t0001
34;vehicles_step_sim_1.csv;SUMO_carro_1000;HBEFA4/PC_petrol_Euro-6ab;Gasoline;1773509241;2026-03-14 17:27:21;2026-03-14 17:27:21;0,0;2,925556;2,764343;0,161213;54,094388350649346;124958,03709;563,1695299999999;-124394,86756;-6,2197433779999995;38,193054000000004;9,782898;40,77564360647124;-73,96068698429804;40,77404565884828;-73,96161699028531;40,7747826;-73,9509024;40,7730831;-73,9521402;True;True;0xCDcF7b2a3352a32cc28FD35C3924f5BD542a25Ea;323;323;323;0;0,0;2,916086757479136;3,08145449112396;0,16536773364482427;325;0;323;0,0;False;-0,0009756403789647199;0,009457695576652417;2,0;vehicles_step_sim_1__run034__SUMO_carro_1000__t0001
35;vehicles_step_sim_1.csv;SUMO_carro_1000;HBEFA4/PC_petrol_Euro-6ab;Gasoline;1773509241;2026-03-14 17:27:21;2026-03-14 17:27:21;0,0;2,925556;2,764343;0,161213;54,094388350649346;124958,03709;563,1695299999999;-124394,86756;-6,2197433779999995;38,193054000000004;9,782898;40,77564360647124;-73,96068698429804;40,77404565884828;-73,96161699028531;40,7647032;-73,9720675;40,7636003;-73,9733503;True;True;0xCDcF7b2a3352a32cc28FD35C3924f5BD542a25Ea;323;323;323;0;0,0;2,916086757479136;3,4437994480581127;0,5277126905789769;325;0;323;0,0;False;-0,01069667524428451;-0,011424674720616625;2,0;vehicles_step_sim_1__run035__SUMO_carro_1000__t0001
36;vehicles_step_sim_1.csv;SUMO_carro_1000;HBEFA4/PC_petrol_Euro-6ab;Gasoline;1773509241;2026-03-14 17:27:21;2026-03-14 17:27:21;0,0;2,925556;2,764343;0,161213;54,094388350649346;124958,03709;563,1695299999999;-124394,86756;-6,2197433779999995;38,193054000000004;9,782898;40,77564360647124;-73,96068698429804;40,77404565884828;-73,96161699028531;40,7622929;-73,9681468;40,7609304;-73,9691328;True;True;0xCDcF7b2a3352a32cc28FD35C3924f5BD542a25Ea;323;323;323;0;0,0;2,916086757479136;3,1745088783482;0,258422120869064;325;0;323;0,0;False;-0,01315294184986128;-0,007557946904269857;2,0;vehicles_step_sim_1__run036__SUMO_carro_1000__t0001
37;vehicles_step_sim_1.csv;SUMO_carro_1000;HBEFA4/PC_petrol_Euro-6ab;Gasoline;1773509241;2026-03-14 17:27:21;2026-03-14 17:27:21;0,0;2,925556;2,764343;0,161213;54,094388350649346;124958,03709;563,1695299999999;-124394,86756;-6,2197433779999995;38,193054000000004;9,782898;40,77564360647124;-73,96068698429804;40,77404565884828;-73,96161699028531;40,7779409;-73,9518781;40,7766188;-73,9528384;True;True;0xCDcF7b2a3352a32cc28FD35C3924f5BD542a25Ea;323;323;323;0;0,0;2,916086757479136;2,824583624307832;-0,09150313317130365;325;0;323;0,0;False;0,002794440254994968;0,008069088968777508;2,0;vehicles_step_sim_1__run037__SUMO_carro_1000__t0001
38;vehicles_step_sim_1.csv;SUMO_carro_1000;HBEFA4/PC_petrol_Euro-6ab;Gasoline;1773509241;2026-03-14 17:27:21;2026-03-14 17:27:21;0,0;2,925556;2,764343;0,161213;54,094388350649346;124958,03709;563,1695299999999;-124394,86756;-6,2197433779999995;38,193054000000004;9,782898;40,77564360647124;-73,96068698429804;40,77404565884828;-73,96161699028531;40,7583833;-73,9590324;40,7569265;-73,9599654;True;True;0xCDcF7b2a3352a32cc28FD35C3924f5BD542a25Ea;323;323;323;0;0,0;2,916086757479136;3,7691077019501766;0,8530209444710408;325;0;323;0,0;False;-0,017268473326265892;0,002397223682629075;2,0;vehicles_step_sim_1__run038__SUMO_carro_1000__t0001
39;vehicles_step_sim_1.csv;SUMO_carro_1000;HBEFA4/PC_petrol_Euro-6ab;Gasoline;1773509241;2026-03-14 17:27:21;2026-03-14 17:27:21;0,0;2,925556;2,764343;0,161213;54,094388350649346;124958,03709;563,1695299999999;-124394,86756;-6,2197433779999995;38,193054000000004;9,782898;40,77564360647124;-73,96068698429804;40,77404565884828;-73,96161699028531;40,7838444;-73,9655375;40,7840305;-73,9661854;True;True;0xCDcF7b2a3352a32cc28FD35C3924f5BD542a25Ea;323;323;323;0;0,0;2,916086757479136;3,7820525584609745;0,8659658009818387;325;0;323;0,0;False;0,010511278386818222;-0,004052378213600058;2,0;vehicles_step_sim_1__run039__SUMO_carro_1000__t0001
40;vehicles_step_sim_1.csv;SUMO_carro_1000;HBEFA4/PC_petrol_Euro-6ab;Gasoline;1773509241;2026-03-14 17:27:21;2026-03-14 17:27:21;0,0;2,925556;2,764343;0,161213;54,094388350649346;124958,03709;563,1695299999999;-124394,86756;-6,2197433779999995;38,193054000000004;9,782898;40,77564360647124;-73,96068698429804;40,77404565884828;-73,96161699028531;40,7737221;-73,9777895;40,7717925;-73,9777671;True;True;0xCDcF7b2a3352a32cc28FD35C3924f5BD542a25Ea;323;323;323;0;0,0;2,916086757479136;4,071996786209401;1,1559100287302653;325;0;323;0,0;False;-0,0020861473778020227;-0,016108313280332128;2,0;vehicles_step_sim_1__run040__SUMO_carro_1000__t0001
41;vehicles_step_sim_1.csv;SUMO_carro_1000;HBEFA4/PC_petrol_Euro-6ab;Gasoline;1773509241;2026-03-14 17:27:21;2026-03-14 17:27:21;0,0;2,925556;2,764343;0,161213;54,094388350649346;124958,03709;563,1695299999999;-124394,86756;-6,2197433779999995;38,193054000000004;9,782898;40,77564360647124;-73,96068698429804;40,77404565884828;-73,96161699028531;40,7903388;-73,9600164;40,783484;-73,9643722;True;True;0xCDcF7b2a3352a32cc28FD35C3924f5BD542a25Ea;323;323;323;0;0,0;2,916086757479136;3,2448428971018335;0,3287561396226977;325;0;323;0,0;False;0,011477313243626424;-0,0012610062732882478;2,0;vehicles_step_sim_1__run041__SUMO_carro_1000__t0001
42;vehicles_step_sim_1.csv;SUMO_carro_1000;HBEFA4/PC_petrol_Euro-6ab;Gasoline;1773509241;2026-03-14 17:27:21;2026-03-14 17:27:21;0,0;2,925556;2,764343;0,161213;54,094388350649346;124958,03709;563,1695299999999;-124394,86756;-6,2197433779999995;38,193054000000004;9,782898;40,77564360647124;-73,96068698429804;40,77404565884828;-73,96161699028531;40,7830839;-73,946441;40,78164;-73,9488466;True;True;0xCDcF7b2a3352a32cc28FD35C3924f5BD542a25Ea;323;323;323;0;0,0;2,916086757479136;3,060539824483751;0,14445306700461513;325;0;323;0,0;False;0,0074319141759120345;0,013749371439835279;2,0;vehicles_step_sim_1__run042__SUMO_carro_1000__t0001
43;vehicles_step_sim_1.csv;SUMO_carro_1000;HBEFA4/PC_petrol_Euro-6ab;Gasoline;1773509241;2026-03-14 17:27:21;2026-03-14 17:27:21;0,0;2,925556;2,764343;0,161213;54,094388350649346;124958,03709;563,1695299999999;-124394,86756;-6,2197433779999995;38,193054000000004;9,782898;40,77564360647124;-73,96068698429804;40,77404565884828;-73,96161699028531;40,7920007;-73,963558;40,7909985;-73,9651883;True;True;0xCDcF7b2a3352a32cc28FD35C3924f5BD542a25Ea;323;323;323;0;0,0;2,916086757479136;3,000177426749855;0,08409066927071907;325;0;323;0,0;False;0,016563706533604203;-0,002667083472654552;2,0;vehicles_step_sim_1__run043__SUMO_carro_1000__t0001
44;vehicles_step_sim_1.csv;SUMO_carro_1000;HBEFA4/PC_petrol_Euro-6ab;Gasoline;1773509241;2026-03-14 17:27:21;2026-03-14 17:27:21;0,0;2,925556;2,764343;0,161213;54,094388350649346;124958,03709;563,1695299999999;-124394,86756;-6,2197433779999995;38,193054000000004;9,782898;40,77564360647124;-73,96068698429804;40,77404565884828;-73,96161699028531;40,7878081;-73,967514;40,7848497;-73,9679254;True;True;0xCDcF7b2a3352a32cc28FD35C3924f5BD542a25Ea;323;323;323;0;0,0;2,916086757479136;2,75494633475631;-0,1611404227228257;325;0;323;0,0;False;0,01151018182840357;-0,005853363130646887;2,0;vehicles_step_sim_1__run044__SUMO_carro_1000__t0001
45;vehicles_step_sim_1.csv;SUMO_carro_1000;HBEFA4/PC_petrol_Euro-6ab;Gasoline;1773509241;2026-03-14 17:27:21;2026-03-14 17:27:21;0,0;2,925556;2,764343;0,161213;54,094388350649346;124958,03709;563,1695299999999;-124394,86756;-6,2197433779999995;38,193054000000004;9,782898;40,77564360647124;-73,96068698429804;40,77404565884828;-73,96161699028531;40,7781184;-73,9745824;40,7765182;-73,9757504;True;True;0xCDcF7b2a3352a32cc28FD35C3924f5BD542a25Ea;323;323;323;0;0,0;2,916086757479136;2,4954031694796743;-0,4206835879994615;325;0;323;0,0;False;0,0022650370666292114;-0,013318598682902172;2,0;vehicles_step_sim_1__run045__SUMO_carro_1000__t0001
46;vehicles_step_sim_1.csv;SUMO_carro_1000;HBEFA4/PC_petrol_Euro-6ab;Gasoline;1773509241;2026-03-14 17:27:21;2026-03-14 17:27:21;0,0;2,925556;2,764343;0,161213;54,094388350649346;124958,03709;563,1695299999999;-124394,86756;-6,2197433779999995;38,193054000000004;9,782898;40,77564360647124;-73,96068698429804;40,77404565884828;-73,96161699028531;40,791632;-73,9530431;40,7895856;-73,9576393;True;True;0xCDcF7b2a3352a32cc28FD35C3924f5BD542a25Ea;323;323;323;0;0,0;2,916086757479136;2,6889853022202344;-0,22710145525890146;325;0;323;0,0;False;0,01677229704450343;0,005039382033101009;2,0;vehicles_step_sim_1__run046__SUMO_carro_1000__t0001
47;vehicles_step_sim_1.csv;SUMO_carro_1000;HBEFA4/PC_petrol_Euro-6ab;Gasoline;1773509241;2026-03-14 17:27:21;2026-03-14 17:27:21;0,0;2,925556;2,764343;0,161213;54,094388350649346;124958,03709;563,1695299999999;-124394,86756;-6,2197433779999995;38,193054000000004;9,782898;40,77564360647124;-73,96068698429804;40,77404565884828;-73,96161699028531;40,7677522;-73,9497267;40,7645233;-73,947356;True;True;0xCDcF7b2a3352a32cc28FD35C3924f5BD542a25Ea;323;323;323;0;0,0;2,916086757479136;3,857652402018263;0,9415656445391272;325;0;323;0,0;False;-0,009635478141916492;0,014492553099125099;2,0;vehicles_step_sim_1__run047__SUMO_carro_1000__t0001
48;vehicles_step_sim_1.csv;SUMO_carro_1000;HBEFA4/PC_petrol_Euro-6ab;Gasoline;1773509241;2026-03-14 17:27:21;2026-03-14 17:27:21;0,0;2,925556;2,764343;0,161213;54,094388350649346;124958,03709;563,1695299999999;-124394,86756;-6,2197433779999995;38,193054000000004;9,782898;40,77564360647124;-73,96068698429804;40,77404565884828;-73,96161699028531;40,7643497;-73,9557417;40,7624786;-73,9569538;True;True;0xCDcF7b2a3352a32cc28FD35C3924f5BD542a25Ea;323;323;323;0;0,0;2,916086757479136;2,88045254506193;-0,03563421241720599;325;0;323;0,0;False;-0,011373766692493488;0,004899625798341377;2,0;vehicles_step_sim_1__run048__SUMO_carro_1000__t0001
49;vehicles_step_sim_1.csv;SUMO_carro_1000;HBEFA4/PC_petrol_Euro-6ab;Gasoline;1773509241;2026-03-14 17:27:21;2026-03-14 17:27:21;0,0;2,925556;2,764343;0,161213;54,094388350649346;124958,03709;563,1695299999999;-124394,86756;-6,2197433779999995;38,193054000000004;9,782898;40,77564360647124;-73,96068698429804;40,77404565884828;-73,96161699028531;40,7826855;-73,9751186;40,7813246;-73,9761035;True;True;0xCDcF7b2a3352a32cc28FD35C3924f5BD542a25Ea;323;323;323;0;0,0;2,916086757479136;3,422048372840249;0,5059616153611133;325;0;323;0,0;False;0,007337355326071474;-0,0144273917050355;2,0;vehicles_step_sim_1__run049__SUMO_carro_1000__t0001
50;vehicles_step_sim_1.csv;SUMO_carro_1000;HBEFA4/PC_petrol_Euro-6ab;Gasoline;1773509241;2026-03-14 17:27:21;2026-03-14 17:27:21;0,0;2,925556;2,764343;0,161213;54,094388350649346;124958,03709;563,1695299999999;-124394,86756;-6,2197433779999995;38,193054000000004;9,782898;40,77564360647124;-73,96068698429804;40,77404565884828;-73,96161699028531;40,7600474;-73,9649346;40,7587002;-73,9659221;True;True;0xCDcF7b2a3352a32cc28FD35C3924f5BD542a25Ea;323;323;323;0;0,0;2,916086757479136;2,819754144686177;-0,0963326127929589;325;0;323;0,0;False;-0,01552157026724674;-0,004591980091392405;2,0;vehicles_step_sim_1__run050__SUMO_carro_1000__t0001
51;vehicles_step_sim_1.csv;SUMO_carro_1000;HBEFA4/PC_petrol_Euro-6ab;Gasoline;1773509241;2026-03-14 17:27:21;2026-03-14 17:27:21;0,0;2,925556;2,764343;0,161213;54,094388350649346;124958,03709;563,1695299999999;-124394,86756;-6,2197433779999995;38,193054000000004;9,782898;40,77564360647124;-73,96068698429804;40,77404565884828;-73,96161699028531;40,7771457;-73,9521236;40,7758726;-73,953048;True;True;0xCDcF7b2a3352a32cc28FD35C3924f5BD542a25Ea;323;323;323;0;0,0;2,916086757479136;3,7788220025303407;0,8627352450512049;325;0;323;0,0;False;0,0016001819016290162;0,008710390993401413;2,0;vehicles_step_sim_1__run051__SUMO_carro_1000__t0001
52;vehicles_step_sim_1.csv;SUMO_carro_1000;HBEFA4/PC_petrol_Euro-6ab;Gasoline;1773509241;2026-03-14 17:27:21;2026-03-14 17:27:21;0,0;2,925556;2,764343;0,161213;54,094388350649346;124958,03709;563,1695299999999;-124394,86756;-6,2197433779999995;38,193054000000004;9,782898;40,77564360647124;-73,96068698429804;40,77404565884828;-73,96161699028531;40,7678154;-73,9658919;40,7665889;-73,9668544;True;True;0xCDcF7b2a3352a32cc28FD35C3924f5BD542a25Ea;323;323;323;0;0,0;2,916086757479136;3,030888744785113;0,11480198730597735;325;0;323;0,0;False;-0,007638677371483236;-0,004796150109375316;2,0;vehicles_step_sim_1__run052__SUMO_carro_1000__t0001
53;vehicles_step_sim_1.csv;SUMO_carro_1000;HBEFA4/PC_petrol_Euro-6ab;Gasoline;1773509241;2026-03-14 17:27:21;2026-03-14 17:27:21;0,0;2,925556;2,764343;0,161213;54,094388350649346;124958,03709;563,1695299999999;-124394,86756;-6,2197433779999995;38,193054000000004;9,782898;40,77564360647124;-73,96068698429804;40,77404565884828;-73,96161699028531;40,7656295;-73,9761245;40,7638839;-73,9761486;True;True;0xCDcF7b2a3352a32cc28FD35C3924f5BD542a25Ea;323;323;323;0;0,0;2,916086757479136;3,54202977104062;0,6259430135614843;325;0;323;0,0;False;-0,010065359574518588;-0,014757777310571216;2,0;vehicles_step_sim_1__run053__SUMO_carro_1000__t0001
54;vehicles_step_sim_1.csv;SUMO_carro_1000;HBEFA4/PC_petrol_Euro-6ab;Gasoline;1773509241;2026-03-14 17:27:21;2026-03-14 17:27:21;0,0;2,925556;2,764343;0,161213;54,094388350649346;124958,03709;563,1695299999999;-124394,86756;-6,2197433779999995;38,193054000000004;9,782898;40,77564360647124;-73,96068698429804;40,77404565884828;-73,96161699028531;40,7782728;-73,9626729;40,7767506;-73,9631415;True;True;0xCDcF7b2a3352a32cc28FD35C3924f5BD542a25Ea;323;323;323;0;0,0;2,916086757479136;2,9642847008864135;0,04819794340727768;325;0;323;0,0;False;0,0024034395284240027;-0,001732143415683323;2,0;vehicles_step_sim_1__run054__SUMO_carro_1000__t0001
55;vehicles_step_sim_1.csv;SUMO_carro_1000;HBEFA4/PC_petrol_Euro-6ab;Gasoline;1773509241;2026-03-14 17:27:21;2026-03-14 17:27:21;0,0;2,925556;2,764343;0,161213;54,094388350649346;124958,03709;563,1695299999999;-124394,86756;-6,2197433779999995;38,193054000000004;9,782898;40,77564360647124;-73,96068698429804;40,77404565884828;-73,96161699028531;40,7891239;-73,9704919;40,7872206;-73,9718092;True;True;0xCDcF7b2a3352a32cc28FD35C3924f5BD542a25Ea;323;323;323;0;0,0;2,916086757479136;2,869521301372847;-0,04656545610628893;325;0;323;0,0;False;0,013544838814054437;-0,010778378109348802;2,0;vehicles_step_sim_1__run055__SUMO_carro_1000__t0001
56;vehicles_step_sim_1.csv;SUMO_carro_1000;HBEFA4/PC_petrol_Euro-6ab;Gasoline;1773509241;2026-03-14 17:27:21;2026-03-14 17:27:21;0,0;2,925556;2,764343;0,161213;54,094388350649346;124958,03709;563,1695299999999;-124394,86756;-6,2197433779999995;38,193054000000004;9,782898;40,77564360647124;-73,96068698429804;40,77404565884828;-73,96161699028531;40,7603856;-73,9580005;40,7589763;-73,9592517;True;True;0xCDcF7b2a3352a32cc28FD35C3924f5BD542a25Ea;323;323;323;0;0,0;2,916086757479136;2,509623108504388;-0,40646364897474774;325;0;323;0,0;False;-0,015242176852642656;0,0026034673548567585;2,0;vehicles_step_sim_1__run056__SUMO_carro_1000__t0001
57;vehicles_step_sim_1.csv;SUMO_carro_1000;HBEFA4/PC_petrol_Euro-6ab;Gasoline;1773509241;2026-03-14 17:27:21;2026-03-14 17:27:21;0,0;2,925556;2,764343;0,161213;54,094388350649346;124958,03709;563,1695299999999;-124394,86756;-6,2197433779999995;38,193054000000004;9,782898;40,77564360647124;-73,96068698429804;40,77404565884828;-73,96161699028531;40,7642528;-73,9475868;40,763005;-73,9490561;True;True;0xCDcF7b2a3352a32cc28FD35C3924f5BD542a25Ea;323;323;323;0;0,0;2,916086757479136;2,7833310876468507;-0,13275566983228515;325;0;323;0,0;False;-0,011467135946160894;0,013124179557445496;2,0;vehicles_step_sim_1__run057__SUMO_carro_1000__t0001
58;vehicles_step_sim_1.csv;SUMO_carro_1000;HBEFA4/PC_petrol_Euro-6ab;Gasoline;1773509241;2026-03-14 17:27:21;2026-03-14 17:27:21;0,0;2,925556;2,764343;0,161213;54,094388350649346;124958,03709;563,1695299999999;-124394,86756;-6,2197433779999995;38,193054000000004;9,782898;40,77564360647124;-73,96068698429804;40,77404565884828;-73,96161699028531;40,7853911;-73,9497778;40,7840033;-73,9505221;True;True;0xCDcF7b2a3352a32cc28FD35C3924f5BD542a25Ea;323;323;323;0;0,0;2,916086757479136;3,041611900161399;0,125525142682263;325;0;323;0,0;False;0,010031402027889337;0,010757900417157075;2,0;vehicles_step_sim_1__run058__SUMO_carro_1000__t0001
59;vehicles_step_sim_1.csv;SUMO_carro_1000;HBEFA4/PC_petrol_Euro-6ab;Gasoline;1773509241;2026-03-14 17:27:21;2026-03-14 17:27:21;0,0;2,925556;2,764343;0,161213;54,094388350649346;124958,03709;563,1695299999999;-124394,86756;-6,2197433779999995;38,193054000000004;9,782898;40,77564360647124;-73,96068698429804;40,77404565884828;-73,96161699028531;40,7707855;-73,976129;40,7669248;-73,9791913;True;True;0xCDcF7b2a3352a32cc28FD35C3924f5BD542a25Ea;323;323;323;0;0,0;2,916086757479136;2,354442354217696;-0,5616444032614396;325;0;323;0,0;False;-0,005582935515101637;-0,016533135153464006;2,0;vehicles_step_sim_1__run059__SUMO_carro_1000__t0001
60;vehicles_step_sim_1.csv;SUMO_carro_1000;HBEFA4/PC_petrol_Euro-6ab;Gasoline;1773509241;2026-03-14 17:27:21;2026-03-14 17:27:21;0,0;2,925556;2,764343;0,161213;54,094388350649346;124958,03709;563,1695299999999;-124394,86756;-6,2197433779999995;38,193054000000004;9,782898;40,77564360647124;-73,96068698429804;40,77404565884828;-73,96161699028531;40,7643141;-73,9614811;40,762658;-73,961599;True;True;0xCDcF7b2a3352a32cc28FD35C3924f5BD542a25Ea;323;323;323;0;0,0;2,916086757479136;3,248205202101346;0,3321184446222101;325;0;323;0,0;False;-0,01157190871447507;-0,00033084092331003455;2,0;vehicles_step_sim_1__run060__SUMO_carro_1000__t0001
61;vehicles_step_sim_1.csv;SUMO_carro_1000;HBEFA4/PC_petrol_Euro-6ab;Gasoline;1773509241;2026-03-14 17:27:21;2026-03-14 17:27:21;0,0;2,925556;2,764343;0,161213;54,094388350649346;124958,03709;563,1695299999999;-124394,86756;-6,2197433779999995;38,193054000000004;9,782898;40,77564360647124;-73,96068698429804;40,77404565884828;-73,96161699028531;40,7705218;-73,9665043;40,7691759;-73,9673392;True;True;0xCDcF7b2a3352a32cc28FD35C3924f5BD542a25Ea;323;323;323;0;0,0;2,916086757479136;3,066415670959742;0,15032891348060629;325;0;323;0,0;False;-0,00510976362686039;-0,005956571773861828;2,0;vehicles_step_sim_1__run061__SUMO_carro_1000__t0001
62;vehicles_step_sim_1.csv;SUMO_carro_1000;HBEFA4/PC_petrol_Euro-6ab;Gasoline;1773509241;2026-03-14 17:27:21;2026-03-14 17:27:21;0,0;2,925556;2,764343;0,161213;54,094388350649346;124958,03709;563,1695299999999;-124394,86756;-6,2197433779999995;38,193054000000004;9,782898;40,77564360647124;-73,96068698429804;40,77404565884828;-73,96161699028531;40,764065;-73,9477523;40,7624046;-73,9494625;True;True;0xCDcF7b2a3352a32cc28FD35C3924f5BD542a25Ea;323;323;323;0;0,0;2,916086757479136;2,414276068840556;-0,5018106886385798;325;0;323;0,0;False;-0,01170510193716487;0,0129523274643888;2,0;vehicles_step_sim_1__run062__SUMO_carro_1000__t0001
63;vehicles_step_sim_1.csv;SUMO_carro_1000;HBEFA4/PC_petrol_Euro-6ab;Gasoline;1773509241;2026-03-14 17:27:21;2026-03-14 17:27:21;0,0;2,925556;2,764343;0,161213;54,094388350649346;124958,03709;563,1695299999999;-124394,86756;-6,2197433779999995;38,193054000000004;9,782898;40,77564360647124;-73,96068698429804;40,77404565884828;-73,96161699028531;40,7776119;-73,9490238;40,776254;-73,9500156;True;True;0xCDcF7b2a3352a32cc28FD35C3924f5BD542a25Ea;323;323;323;0;0,0;2,916086757479136;2,4384562698930643;-0,4776304875860715;325;0;323;0,0;False;0,002342136776410303;0,011150500944082284;2,0;vehicles_step_sim_1__run063__SUMO_carro_1000__t0001
64;vehicles_step_sim_1.csv;SUMO_carro_1000;HBEFA4/PC_petrol_Euro-6ab;Gasoline;1773509241;2026-03-14 17:27:21;2026-03-14 17:27:21;0,0;2,925556;2,764343;0,161213;54,094388350649346;124958,03709;563,1695299999999;-124394,86756;-6,2197433779999995;38,193054000000004;9,782898;40,77564360647124;-73,96068698429804;40,77404565884828;-73,96161699028531;40,7798151;-73,9733542;40,7781744;-73,9745417;True;True;0xCDcF7b2a3352a32cc28FD35C3924f5BD542a25Ea;323;323;323;0;0,0;2,916086757479136;2,351370421976429;-0,5647163355027067;325;0;323;0,0;False;0,003876832941501587;-0,01223769422175069;2,0;vehicles_step_sim_1__run064__SUMO_carro_1000__t0001
65;vehicles_step_sim_1.csv;SUMO_carro_1000;HBEFA4/PC_petrol_Euro-6ab;Gasoline;1773509241;2026-03-14 17:27:21;2026-03-14 17:27:21;0,0;2,925556;2,764343;0,161213;54,094388350649346;124958,03709;563,1695299999999;-124394,86756;-6,2197433779999995;38,193054000000004;9,782898;40,77564360647124;-73,96068698429804;40,77404565884828;-73,96161699028531;40,7723414;-73,9626729;40,7710228;-73,9636254;True;True;0xCDcF7b2a3352a32cc28FD35C3924f5BD542a25Ea;323;323;323;0;0,0;2,916086757479136;3,0369980963654877;0,12091133888635186;325;0;323;0,0;False;-0,0033641775153409894;-0,0016380503435501634;2,0;vehicles_step_sim_1__run065__SUMO_carro_1000__t0001
66;vehicles_step_sim_1.csv;SUMO_carro_1000;HBEFA4/PC_petrol_Euro-6ab;Gasoline;1773509241;2026-03-14 17:27:21;2026-03-14 17:27:21;0,0;2,925556;2,764343;0,161213;54,094388350649346;124958,03709;563,1695299999999;-124394,86756;-6,2197433779999995;38,193054000000004;9,782898;40,77564360647124;-73,96068698429804;40,77404565884828;-73,96161699028531;40,7671911;-73,9566268;40,7652889;-73,957806;True;True;0xCDcF7b2a3352a32cc28FD35C3924f5BD542a25Ea;323;323;323;0;0,0;2,916086757479136;3,4161772671818023;0,5000905097026664;325;0;323;0,0;False;-0,008525098327261216;0,0039034436026262886;2,0;vehicles_step_sim_1__run066__SUMO_carro_1000__t0001
67;vehicles_step_sim_1.csv;SUMO_carro_1000;HBEFA4/PC_petrol_Euro-6ab;Gasoline;1773509241;2026-03-14 17:27:21;2026-03-14 17:27:21;0,0;2,925556;2,764343;0,161213;54,094388350649346;124958,03709;563,1695299999999;-124394,86756;-6,2197433779999995;38,193054000000004;9,782898;40,77564360647124;-73,96068698429804;40,77404565884828;-73,96161699028531;40,7658299;-73,9553874;40,7637247;-73,9561992;True;True;0xCDcF7b2a3352a32cc28FD35C3924f5BD542a25Ea;323;323;323;0;0,0;2,916086757479136;3,6785686923428655;0,7624819348637297;325;0;323;0,0;False;-0,010095699711684331;0,005165754623999982;2,0;vehicles_step_sim_1__run067__SUMO_carro_1000__t0001
68;vehicles_step_sim_1.csv;SUMO_carro_1000;HBEFA4/PC_petrol_Euro-6ab;Gasoline;1773509241;2026-03-14 17:27:21;2026-03-14 17:27:21;0,0;2,925556;2,764343;0,161213;54,094388350649346;124958,03709;563,1695299999999;-124394,86756;-6,2197433779999995;38,193054000000004;9,782898;40,77564360647124;-73,96068698429804;40,77404565884828;-73,96161699028531;40,7680279;-73,9683397;40,7667723;-73,9692542;True;True;0xCDcF7b2a3352a32cc28FD35C3924f5BD542a25Ea;323;323;323;0;0,0;2,916086757479136;3,0499378924656555;0,13385113498651968;325;0;323;0,0;False;-0,007424607579675918;-0,00787182453719471;2,0;vehicles_step_sim_1__run068__SUMO_carro_1000__t0001
69;vehicles_step_sim_1.csv;SUMO_carro_1000;HBEFA4/PC_petrol_Euro-6ab;Gasoline;1773509241;2026-03-14 17:27:21;2026-03-14 17:27:21;0,0;2,925556;2,764343;0,161213;54,094388350649346;124958,03709;563,1695299999999;-124394,86756;-6,2197433779999995;38,193054000000004;9,782898;40,77564360647124;-73,96068698429804;40,77404565884828;-73,96161699028531;40,7872934;-73,9678961;40,7845594;-73,9673488;True;True;0xCDcF7b2a3352a32cc28FD35C3924f5BD542a25Ea;323;323;323;0;0,0;2,916086757479136;3,58194891183548;0,6658621543563443;325;0;323;0,0;False;0,010917364749262687;-0,005316982979683804;2,0;vehicles_step_sim_1__run069__SUMO_carro_1000__t0001
70;vehicles_step_sim_1.csv;SUMO_carro_1000;HBEFA4/PC_petrol_Euro-6ab;Gasoline;1773509241;2026-03-14 17:27:21;2026-03-14 17:27:21;0,0;2,925556;2,764343;0,161213;54,094388350649346;124958,03709;563,1695299999999;-124394,86756;-6,2197433779999995;38,193054000000004;9,782898;40,77564360647124;-73,96068698429804;40,77404565884828;-73,96161699028531;40,7858744;-73,9551507;40,7841043;-73,9564432;True;True;0xCDcF7b2a3352a32cc28FD35C3924f5BD542a25Ea;323;323;323;0;0,0;2,916086757479136;3,2984377603766335;0,3823510028974977;325;0;323;0,0;False;0,01013435194184069;0,005246429895894166;2,0;vehicles_step_sim_1__run070__SUMO_carro_1000__t0001
71;vehicles_step_sim_1.csv;SUMO_carro_1000;HBEFA4/PC_petrol_Euro-6ab;Gasoline;1773509241;2026-03-14 17:27:21;2026-03-14 17:27:21;0,0;2,925556;2,764343;0,161213;54,094388350649346;124958,03709;563,1695299999999;-124394,86756;-6,2197433779999995;38,193054000000004;9,782898;40,77564360647124;-73,96068698429804;40,77404565884828;-73,96161699028531;40,7787757;-73,9559797;40,7775074;-73,9569035;True;True;0xCDcF7b2a3352a32cc28FD35C3924f5BD542a25Ea;323;323;323;0;0,0;2,916086757479136;3,19695065040276;0,280863892923624;325;0;323;0,0;False;0,0031455075682643697;0,0050914613125587595;2,0;vehicles_step_sim_1__run071__SUMO_carro_1000__t0001
72;vehicles_step_sim_1.csv;SUMO_carro_1000;HBEFA4/PC_petrol_Euro-6ab;Gasoline;1773509241;2026-03-14 17:27:21;2026-03-14 17:27:21;0,0;2,925556;2,764343;0,161213;54,094388350649346;124958,03709;563,1695299999999;-124394,86756;-6,2197433779999995;38,193054000000004;9,782898;40,77564360647124;-73,96068698429804;40,77404565884828;-73,96161699028531;40,7859385;-73,9570771;40,7843848;-73,9572643;True;True;0xCDcF7b2a3352a32cc28FD35C3924f5BD542a25Ea;323;323;323;0;0,0;2,916086757479136;3,826381362809204;0,9102946053300682;325;0;323;0,0;False;0,010102939322408262;0,004111353025677658;2,0;vehicles_step_sim_1__run072__SUMO_carro_1000__t0001
73;vehicles_step_sim_1.csv;SUMO_carro_1000;HBEFA4/PC_petrol_Euro-6ab;Gasoline;1773509241;2026-03-14 17:27:21;2026-03-14 17:27:21;0,0;2,925556;2,764343;0,161213;54,094388350649346;124958,03709;563,1695299999999;-124394,86756;-6,2197433779999995;38,193054000000004;9,782898;40,77564360647124;-73,96068698429804;40,77404565884828;-73,96161699028531;40,7870662;-73,9477909;40,7858413;-73,9486897;True;True;0xCDcF7b2a3352a32cc28FD35C3924f5BD542a25Ea;323;323;323;0;0,0;2,916086757479136;3,5907773581557767;0,6746906006766409;325;0;323;0,0;False;0,01137045205962637;0,013231491166310571;2,0;vehicles_step_sim_1__run073__SUMO_carro_1000__t0001
74;vehicles_step_sim_1.csv;SUMO_carro_1000;HBEFA4/PC_petrol_Euro-6ab;Gasoline;1773509241;2026-03-14 17:27:21;2026-03-14 17:27:21;0,0;2,925556;2,764343;0,161213;54,094388350649346;124958,03709;563,1695299999999;-124394,86756;-6,2197433779999995;38,193054000000004;9,782898;40,77564360647124;-73,96068698429804;40,77404565884828;-73,96161699028531;40,7861999;-73,9538223;40,7840747;-73,954625;True;True;0xCDcF7b2a3352a32cc28FD35C3924f5BD542a25Ea;323;323;323;0;0,0;2,916086757479136;2,7479729806621336;-0,16811377681700224;325;0;323;0,0;False;0,010293097727297631;0,006541108762114526;2,0;vehicles_step_sim_1__run074__SUMO_carro_1000__t0001
75;vehicles_step_sim_1.csv;SUMO_carro_1000;HBEFA4/PC_petrol_Euro-6ab;Gasoline;1773509241;2026-03-14 17:27:21;2026-03-14 17:27:21;0,0;2,925556;2,764343;0,161213;54,094388350649346;124958,03709;563,1695299999999;-124394,86756;-6,2197433779999995;38,193054000000004;9,782898;40,77564360647124;-73,96068698429804;40,77404565884828;-73,96161699028531;40,788029;-73,9560492;40,7865434;-73,9567593;True;True;0xCDcF7b2a3352a32cc28FD35C3924f5BD542a25Ea;323;323;323;0;0,0;2,916086757479136;2,9346815547027902;0,018594797223654425;325;0;323;0,0;False;0,012333527141341161;0,004607463802473307;2,0;vehicles_step_sim_1__run075__SUMO_carro_1000__t0001
76;vehicles_step_sim_1.csv;SUMO_carro_1000;HBEFA4/PC_petrol_Euro-6ab;Gasoline;1773509241;2026-03-14 17:27:21;2026-03-14 17:27:21;0,0;2,925556;2,764343;0,161213;54,094388350649346;124958,03709;563,1695299999999;-124394,86756;-6,2197433779999995;38,193054000000004;9,782898;40,77564360647124;-73,96068698429804;40,77404565884828;-73,96161699028531;40,7774869;-73,9750388;40,7760958;-73,9760603;True;True;0xCDcF7b2a3352a32cc28FD35C3924f5BD542a25Ea;323;323;323;0;0,0;2,916086757479136;8,603438591071033;5,687351833591897;325;0;323;0,0;False;0,00040436201221673404;-0,011149889448111721;2,0;vehicles_step_sim_1__run076__SUMO_carro_1000__t0001
77;vehicles_step_sim_1.csv;SUMO_carro_1000;HBEFA4/PC_petrol_Euro-6ab;Gasoline;1773509241;2026-03-14 17:27:21;2026-03-14 17:27:21;0,0;2,925556;2,764343;0,161213;54,094388350649346;124958,03709;563,1695299999999;-124394,86756;-6,2197433779999995;38,193054000000004;9,782898;40,77564360647124;-73,96068698429804;40,77404565884828;-73,96161699028531;40,7673804;-73,9668053;40,7655541;-73,9680026;True;True;0xCDcF7b2a3352a32cc28FD35C3924f5BD542a25Ea;323;323;323;0;0,0;2,916086757479136;3,2749028908157634;0,35881613333662754;325;0;323;0,0;False;-0,008333412231659705;-0,00644894233294392;2,0;vehicles_step_sim_1__run077__SUMO_carro_1000__t0001
78;vehicles_step_sim_1.csv;SUMO_carro_1000;HBEFA4/PC_petrol_Euro-6ab;Gasoline;1773509241;2026-03-14 17:27:21;2026-03-14 17:27:21;0,0;2,925556;2,764343;0,161213;54,094388350649346;124958,03709;563,1695299999999;-124394,86756;-6,2197433779999995;38,193054000000004;9,782898;40,77564360647124;-73,96068698429804;40,77404565884828;-73,96161699028531;40,761549;-73,9607342;40,7598417;-73,9624578;True;True;0xCDcF7b2a3352a32cc28FD35C3924f5BD542a25Ea;323;323;323;0;0,0;2,916086757479136;2,914436834972527;-0,0016499225066088918;325;0;323;0,0;False;-0,013986398162625651;-0,0006959754004662183;2,0;vehicles_step_sim_1__run078__SUMO_carro_1000__t0001
79;vehicles_step_sim_1.csv;SUMO_carro_1000;HBEFA4/PC_petrol_Euro-6ab;Gasoline;1773509241;2026-03-14 17:27:21;2026-03-14 17:27:21;0,0;2,925556;2,764343;0,161213;54,094388350649346;124958,03709;563,1695299999999;-124394,86756;-6,2197433779999995;38,193054000000004;9,782898;40,77564360647124;-73,96068698429804;40,77404565884828;-73,96161699028531;40,7724799;-73,9450808;40,7713699;-73,9464602;True;True;0xCDcF7b2a3352a32cc28FD35C3924f5BD542a25Ea;323;323;323;0;0,0;2,916086757479136;2,8076132509902143;-0,10847350648892151;325;0;323;0,0;False;-0,003063872413132198;0,0156458271687711;2,0;vehicles_step_sim_1__run079__SUMO_carro_1000__t0001
80;vehicles_step_sim_1.csv;SUMO_carro_1000;HBEFA4/PC_petrol_Euro-6ab;Gasoline;1773509241;2026-03-14 17:27:21;2026-03-14 17:27:21;0,0;2,925556;2,764343;0,161213;54,094388350649346;124958,03709;563,1695299999999;-124394,86756;-6,2197433779999995;38,193054000000004;9,782898;40,77564360647124;-73,96068698429804;40,77404565884828;-73,96161699028531;40,7833492;-73,9640817;40,7827824;-73,9636095;True;True;0xCDcF7b2a3352a32cc28FD35C3924f5BD542a25Ea;323;323;323;0;0,0;2,916086757479136;2,5368415876443646;-0,3792451698347712;325;0;323;0,0;False;0,008646029801133095;-0,0026135248735316037;2,0;vehicles_step_sim_1__run080__SUMO_carro_1000__t0001
81;vehicles_step_sim_1.csv;SUMO_carro_1000;HBEFA4/PC_petrol_Euro-6ab;Gasoline;1773509241;2026-03-14 17:27:21;2026-03-14 17:27:21;0,0;2,925556;2,764343;0,161213;54,094388350649346;124958,03709;563,1695299999999;-124394,86756;-6,2197433779999995;38,193054000000004;9,782898;40,77564360647124;-73,96068698429804;40,77404565884828;-73,96161699028531;40,7858413;-73,9486897;40,7839268;-73,9484206;True;True;0xCDcF7b2a3352a32cc28FD35C3924f5BD542a25Ea;323;323;323;0;0,0;2,916086757479136;4,019372743543253;1,1032859860641175;325;0;323;0,0;False;0,010007575129382352;0,012735266761184302;2,0;vehicles_step_sim_1__run081__SUMO_carro_1000__t0001
82;vehicles_step_sim_1.csv;SUMO_carro_1000;HBEFA4/PC_petrol_Euro-6ab;Gasoline;1773509241;2026-03-14 17:27:21;2026-03-14 17:27:21;0,0;2,925556;2,764343;0,161213;54,094388350649346;124958,03709;563,1695299999999;-124394,86756;-6,2197433779999995;38,193054000000004;9,782898;40,77564360647124;-73,96068698429804;40,77404565884828;-73,96161699028531;40,7698192;-73,9646533;40,7684577;-73,9656478;True;True;0xCDcF7b2a3352a32cc28FD35C3924f5BD542a25Ea;323;323;323;0;0,0;2,916086757479136;3,1281622510771276;0,21207549359799183;325;0;323;0,0;False;-0,005844911722376558;-0,003974849559673694;2,0;vehicles_step_sim_1__run082__SUMO_carro_1000__t0001
83;vehicles_step_sim_1.csv;SUMO_carro_1000;HBEFA4/PC_petrol_Euro-6ab;Gasoline;1773509241;2026-03-14 17:27:21;2026-03-14 17:27:21;0,0;2,925556;2,764343;0,161213;54,094388350649346;124958,03709;563,1695299999999;-124394,86756;-6,2197433779999995;38,193054000000004;9,782898;40,77564360647124;-73,96068698429804;40,77404565884828;-73,96161699028531;40,7653033;-73,958003;40,7639926;-73,9587694;True;True;0xCDcF7b2a3352a32cc28FD35C3924f5BD542a25Ea;323;323;323;0;0,0;2,916086757479136;3,2423189840902804;0,3262322266111446;325;0;323;0,0;False;-0,010055498526655195;0,00280992995407915;2,0;vehicles_step_sim_1__run083__SUMO_carro_1000__t0001
84;vehicles_step_sim_1.csv;SUMO_carro_1000;HBEFA4/PC_petrol_Euro-6ab;Gasoline;1773509241;2026-03-14 17:27:21;2026-03-14 17:27:21;0,0;2,925556;2,764343;0,161213;54,094388350649346;124958,03709;563,1695299999999;-124394,86756;-6,2197433779999995;38,193054000000004;9,782898;40,77564360647124;-73,96068698429804;40,77404565884828;-73,96161699028531;40,7662706;-73,9776429;40,7662706;-73,9776429;True;True;0xCDcF7b2a3352a32cc28FD35C3924f5BD542a25Ea;323;323;323;0;0,0;2,916086757479136;2,5862773924224767;-0,32980936505665914;325;0;323;0,0;False;-0,007814236563855033;-0,01583365764784285;2,0;vehicles_step_sim_1__run084__SUMO_carro_1000__t0001
85;vehicles_step_sim_1.csv;SUMO_carro_1000;HBEFA4/PC_petrol_Euro-6ab;Gasoline;1773509241;2026-03-14 17:27:21;2026-03-14 17:27:21;0,0;2,925556;2,764343;0,161213;54,094388350649346;124958,03709;563,1695299999999;-124394,86756;-6,2197433779999995;38,193054000000004;9,782898;40,77564360647124;-73,96068698429804;40,77404565884828;-73,96161699028531;40,7655541;-73,9680026;40,76413;-73,9688047;True;True;0xCDcF7b2a3352a32cc28FD35C3924f5BD542a25Ea;323;323;323;0;0,0;2,916086757479136;3,845268680671932;0,9291819231927962;325;0;323;0,0;False;-0,009931078008284357;-0,007160524270306993;2,0;vehicles_step_sim_1__run085__SUMO_carro_1000__t0001
86;vehicles_step_sim_1.csv;SUMO_carro_1000;HBEFA4/PC_petrol_Euro-6ab;Gasoline;1773509241;2026-03-14 17:27:21;2026-03-14 17:27:21;0,0;2,925556;2,764343;0,161213;54,094388350649346;124958,03709;563,1695299999999;-124394,86756;-6,2197433779999995;38,193054000000004;9,782898;40,77564360647124;-73,96068698429804;40,77404565884828;-73,96161699028531;40,7614267;-73,9681916;40,7602134;-73,9695295;True;True;0xCDcF7b2a3352a32cc28FD35C3924f5BD542a25Ea;323;323;323;0;0,0;2,916086757479136;4,299273764818245;1,3831870073391088;325;0;323;0,0;False;-0,013917016701388826;-0,007194084831483918;2,0;vehicles_step_sim_1__run086__SUMO_carro_1000__t0001
87;vehicles_step_sim_1.csv;SUMO_carro_1000;HBEFA4/PC_petrol_Euro-6ab;Gasoline;1773509241;2026-03-14 17:27:21;2026-03-14 17:27:21;0,0;2,925556;2,764343;0,161213;54,094388350649346;124958,03709;563,1695299999999;-124394,86756;-6,2197433779999995;38,193054000000004;9,782898;40,77564360647124;-73,96068698429804;40,77404565884828;-73,96161699028531;40,780005;-73,9468707;40,7781198;-73,9482894;True;True;0xCDcF7b2a3352a32cc28FD35C3924f5BD542a25Ea;323;323;323;0;0,0;2,916086757479136;3,516661732971855;0,600574975492719;325;0;323;0,0;False;0,0040750668405147815;0,013877600551765233;2,0;vehicles_step_sim_1__run087__SUMO_carro_1000__t0001
88;vehicles_step_sim_1.csv;SUMO_carro_1000;HBEFA4/PC_petrol_Euro-6ab;Gasoline;1773509241;2026-03-14 17:27:21;2026-03-14 17:27:21;0,0;2,925556;2,764343;0,161213;54,094388350649346;124958,03709;563,1695299999999;-124394,86756;-6,2197433779999995;38,193054000000004;9,782898;40,77564360647124;-73,96068698429804;40,77404565884828;-73,96161699028531;40,7699024;-73,9747411;40,7662706;-73,9776429;True;True;0xCDcF7b2a3352a32cc28FD35C3924f5BD542a25Ea;323;323;323;0;0,0;2,916086757479136;1,766064632694626;-1,1500221247845097;325;0;323;0,0;False;-0,006415402113012294;-0,014909974108919703;2,0;vehicles_step_sim_1__run088__SUMO_carro_1000__t0001
89;vehicles_step_sim_1.csv;SUMO_carro_1000;HBEFA4/PC_petrol_Euro-6ab;Gasoline;1773509241;2026-03-14 17:27:21;2026-03-14 17:27:21;0,0;2,925556;2,764343;0,161213;54,094388350649346;124958,03709;563,1695299999999;-124394,86756;-6,2197433779999995;38,193054000000004;9,782898;40,77564360647124;-73,96068698429804;40,77404565884828;-73,96161699028531;40,7844876;-73,973476;40,7826188;-73,9730915;True;True;0xCDcF7b2a3352a32cc28FD35C3924f5BD542a25Ea;323;323;323;0;0,0;2,916086757479136;4,524898654277036;1,6088118967979006;325;0;323;0,0;False;0,008280377868747815;-0,011994379601456733;2,0;vehicles_step_sim_1__run089__SUMO_carro_1000__t0001
90;vehicles_step_sim_1.csv;SUMO_carro_1000;HBEFA4/PC_petrol_Euro-6ab;Gasoline;1773509241;2026-03-14 17:27:21;2026-03-14 17:27:21;0,0;2,925556;2,764343;0,161213;54,094388350649346;124958,03709;563,1695299999999;-124394,86756;-6,2197433779999995;38,193054000000004;9,782898;40,77564360647124;-73,96068698429804;40,77404565884828;-73,96161699028531;40,7716726;-73,9510848;40,7695002;-73,9519819;True;True;0xCDcF7b2a3352a32cc28FD35C3924f5BD542a25Ea;323;323;323;0;0,0;2,916086757479136;3,0816092755992956;0,16552251812015983;325;0;323;0,0;False;-0,004267955692023779;0,009373958614354146;2,0;vehicles_step_sim_1__run090__SUMO_carro_1000__t0001
91;vehicles_step_sim_1.csv;SUMO_carro_1000;HBEFA4/PC_petrol_Euro-6ab;Gasoline;1773509241;2026-03-14 17:27:21;2026-03-14 17:27:21;0,0;2,925556;2,764343;0,161213;54,094388350649346;124958,03709;563,1695299999999;-124394,86756;-6,2197433779999995;38,193054000000004;9,782898;40,77564360647124;-73,96068698429804;40,77404565884828;-73,96161699028531;40,7710443;-73,9495942;40,7694708;-73,9499221;True;True;0xCDcF7b2a3352a32cc28FD35C3924f5BD542a25Ea;323;323;323;0;0,0;2,916086757479136;3,280805864684532;0,36471910720539613;325;0;323;0,0;False;-0,004729359190106927;0,011743082745846196;2,0;vehicles_step_sim_1__run091__SUMO_carro_1000__t0001
92;vehicles_step_sim_1.csv;SUMO_carro_1000;HBEFA4/PC_petrol_Euro-6ab;Gasoline;1773509241;2026-03-14 17:27:21;2026-03-14 17:27:21;0,0;2,925556;2,764343;0,161213;54,094388350649346;124958,03709;563,1695299999999;-124394,86756;-6,2197433779999995;38,193054000000004;9,782898;40,77564360647124;-73,96068698429804;40,77404565884828;-73,96161699028531;40,7871816;-73,9679789;40,7847114;-73,9676138;True;True;0xCDcF7b2a3352a32cc28FD35C3924f5BD542a25Ea;323;323;323;0;0,0;2,916086757479136;5,137709313150633;2,221622555671497;325;0;323;0,0;False;0,01088860603513189;-0,005803254310650271;2,0;vehicles_step_sim_1__run092__SUMO_carro_1000__t0001
93;vehicles_step_sim_1.csv;SUMO_carro_1000;HBEFA4/PC_petrol_Euro-6ab;Gasoline;1773509241;2026-03-14 17:27:21;2026-03-14 17:27:21;0,0;2,925556;2,764343;0,161213;54,094388350649346;124958,03709;563,1695299999999;-124394,86756;-6,2197433779999995;38,193054000000004;9,782898;40,77564360647124;-73,96068698429804;40,77404565884828;-73,96161699028531;40,7792672;-73,9693377;40,7792672;-73,9693377;True;True;0xCDcF7b2a3352a32cc28FD35C3924f5BD542a25Ea;323;323;323;0;0,0;2,916086757479136;6,5265404124772655;3,6104536549981296;325;0;323;0,0;False;0,003738407994709126;-0,008603659361303613;2,0;vehicles_step_sim_1__run093__SUMO_carro_1000__t0001
94;vehicles_step_sim_1.csv;SUMO_carro_1000;HBEFA4/PC_petrol_Euro-6ab;Gasoline;1773509241;2026-03-14 17:27:21;2026-03-14 17:27:21;0,0;2,925556;2,764343;0,161213;54,094388350649346;124958,03709;563,1695299999999;-124394,86756;-6,2197433779999995;38,193054000000004;9,782898;40,77564360647124;-73,96068698429804;40,77404565884828;-73,96161699028531;40,7705196;-73,9621427;40,7690695;-73,9630639;True;True;0xCDcF7b2a3352a32cc28FD35C3924f5BD542a25Ea;323;323;323;0;0,0;2,916086757479136;3,2260389108208187;0,3099521533416829;325;0;323;0,0;False;-0,005174022556189247;-0,0014704426235521567;2,0;vehicles_step_sim_1__run094__SUMO_carro_1000__t0001
95;vehicles_step_sim_1.csv;SUMO_carro_1000;HBEFA4/PC_petrol_Euro-6ab;Gasoline;1773509241;2026-03-14 17:27:21;2026-03-14 17:27:21;0,0;2,925556;2,764343;0,161213;54,094388350649346;124958,03709;563,1695299999999;-124394,86756;-6,2197433779999995;38,193054000000004;9,782898;40,77564360647124;-73,96068698429804;40,77404565884828;-73,96161699028531;40,7656295;-73,9761245;40,7649489;-73,9765741;True;True;0xCDcF7b2a3352a32cc28FD35C3924f5BD542a25Ea;323;323;323;0;0,0;2,916086757479136;3,4339270253744614;0,5178402678953256;325;0;323;0,0;False;-0,009503252977375093;-0,014404214423324728;2,0;vehicles_step_sim_1__run095__SUMO_carro_1000__t0001
96;vehicles_step_sim_1.csv;SUMO_carro_1000;HBEFA4/PC_petrol_Euro-6ab;Gasoline;1773509241;2026-03-14 17:27:21;2026-03-14 17:27:21;0,0;2,925556;2,764343;0,161213;54,094388350649346;124958,03709;563,1695299999999;-124394,86756;-6,2197433779999995;38,193054000000004;9,782898;40,77564360647124;-73,96068698429804;40,77404565884828;-73,96161699028531;40,7677545;-73,9530947;40,7661254;-73,9541117;True;True;0xCDcF7b2a3352a32cc28FD35C3924f5BD542a25Ea;323;323;323;0;0,0;2,916086757479136;2,9205207305575573;0,004433973078421527;325;0;323;0,0;False;-0,007842432073339093;0,007598594586551959;2,0;vehicles_step_sim_1__run096__SUMO_carro_1000__t0001
97;vehicles_step_sim_1.csv;SUMO_carro_1000;HBEFA4/PC_petrol_Euro-6ab;Gasoline;1773509241;2026-03-14 17:27:21;2026-03-14 17:27:21;0,0;2,925556;2,764343;0,161213;54,094388350649346;124958,03709;563,1695299999999;-124394,86756;-6,2197433779999995;38,193054000000004;9,782898;40,77564360647124;-73,96068698429804;40,77404565884828;-73,96161699028531;40,7640609;-73,9686408;40,7622017;-73,9700533;True;True;0xCDcF7b2a3352a32cc28FD35C3924f5BD542a25Ea;323;323;323;0;0,0;2,916086757479136;3,3722224351473096;0,45613567766817376;325;0;323;0,0;False;-0,01183459968767763;-0,007965683404177507;2,0;vehicles_step_sim_1__run097__SUMO_carro_1000__t0001
98;vehicles_step_sim_1.csv;SUMO_carro_1000;HBEFA4/PC_petrol_Euro-6ab;Gasoline;1773509241;2026-03-14 17:27:21;2026-03-14 17:27:21;0,0;2,925556;2,764343;0,161213;54,094388350649346;124958,03709;563,1695299999999;-124394,86756;-6,2197433779999995;38,193054000000004;9,782898;40,77564360647124;-73,96068698429804;40,77404565884828;-73,96161699028531;40,7824229;-73,9714456;40,7805234;-73,9716358;True;True;0xCDcF7b2a3352a32cc28FD35C3924f5BD542a25Ea;323;323;323;0;0,0;2,916086757479136;3,095997312150209;0,1799105546710731;325;0;323;0,0;False;0,006507046224509943;-0,009855795409195811;2,0;vehicles_step_sim_1__run098__SUMO_carro_1000__t0001
99;vehicles_step_sim_1.csv;SUMO_carro_1000;HBEFA4/PC_petrol_Euro-6ab;Gasoline;1773509241;2026-03-14 17:27:21;2026-03-14 17:27:21;0,0;2,925556;2,764343;0,161213;54,094388350649346;124958,03709;563,1695299999999;-124394,86756;-6,2197433779999995;38,193054000000004;9,782898;40,77564360647124;-73,96068698429804;40,77404565884828;-73,96161699028531;40,7825216;-73,9490017;40,7810111;-73,9494564;True;True;0xCDcF7b2a3352a32cc28FD35C3924f5BD542a25Ea;323;323;323;0;0,0;2,916086757479136;3,5835251551388985;0,6674383976597626;325;0;323;0,0;False;0,0072379469291574865;0,011466586565331928;2,0;vehicles_step_sim_1__run099__SUMO_carro_1000__t0001
100;vehicles_step_sim_1.csv;SUMO_carro_1000;HBEFA4/PC_petrol_Euro-6ab;Gasoline;1773509241;2026-03-14 17:27:21;2026-03-14 17:27:21;0,0;2,925556;2,764343;0,161213;54,094388350649346;124958,03709;563,1695299999999;-124394,86756;-6,2197433779999995;38,193054000000004;9,782898;40,77564360647124;-73,96068698429804;40,77404565884828;-73,96161699028531;40,7832526;-73,9639213;40,783022;-73,9637156;True;True;0xCDcF7b2a3352a32cc28FD35C3924f5BD542a25Ea;323;323;323;0;0,0;2,916086757479136;2,619356761570847;-0,29672999590828875;325;0;323;0,0;False;0,009287748312966169;-0,0013770163209056918;2,0;vehicles_step_sim_1__run100__SUMO_carro_1000__t0001
1;vehicles_step_sim_3.csv;SUMO_carro_1000;HBEFA4/PC_petrol_Euro-6ab;Gasoline;1773509243;2026-03-14 17:27:23;2026-03-14 17:27:23;0,0;3,165874;3,023753;0,142121;49,5299002995671;114414,069692;609,430745;-113804,638947;-5,69023194735;35,105815;10,110547;40,77564360647124;-73,96068698429804;40,77225054358849;-73,96307061430005;40,7704475;-73,9542493;40,7671911;-73,9566268;True;True;0xCDcF7b2a3352a32cc28FD35C3924f5BD542a25Ea;324;324;324;0;0,0;3,1629318779968045;2,9149832770386546;-0,24794860095814997;326;0;324;0,0;False;-0,0048105529341927085;0,005374174771155153;2,0;vehicles_step_sim_3__run001__SUMO_carro_1000__t0001
2;vehicles_step_sim_3.csv;SUMO_carro_1000;HBEFA4/PC_petrol_Euro-6ab;Gasoline;1773509243;2026-03-14 17:27:23;2026-03-14 17:27:23;0,0;3,165874;3,023753;0,142121;49,5299002995671;114414,069692;609,430745;-113804,638947;-5,69023194735;35,105815;10,110547;40,77564360647124;-73,96068698429804;40,77225054358849;-73,96307061430005;40,7737005;-73,9599617;40,7704716;-73,9623172;True;True;0xCDcF7b2a3352a32cc28FD35C3924f5BD542a25Ea;324;324;324;0;0,0;3,1629318779968045;3,472096378057131;0,3091645000603265;326;0;324;0,0;False;-0,0015707812996526573;0,0004013922503486866;2,0;vehicles_step_sim_3__run002__SUMO_carro_1000__t0001
3;vehicles_step_sim_3.csv;SUMO_carro_1000;HBEFA4/PC_petrol_Euro-6ab;Gasoline;1773509243;2026-03-14 17:27:23;2026-03-14 17:27:23;0,0;3,165874;3,023753;0,142121;49,5299002995671;114414,069692;609,430745;-113804,638947;-5,69023194735;35,105815;10,110547;40,77564360647124;-73,96068698429804;40,77225054358849;-73,96307061430005;40,7699024;-73,9747411;40,7662706;-73,9776429;True;True;0xCDcF7b2a3352a32cc28FD35C3924f5BD542a25Ea;324;324;324;0;0,0;3,1629318779968045;2,6944322648173977;-0,4684996131794068;326;0;324;0,0;False;-0,005580080843451161;-0,014143565185781453;2,0;vehicles_step_sim_3__run003__SUMO_carro_1000__t0001
4;vehicles_step_sim_3.csv;SUMO_carro_1000;HBEFA4/PC_petrol_Euro-6ab;Gasoline;1773509243;2026-03-14 17:27:23;2026-03-14 17:27:23;0,0;3,165874;3,023753;0,142121;49,5299002995671;114414,069692;609,430745;-113804,638947;-5,69023194735;35,105815;10,110547;40,77564360647124;-73,96068698429804;40,77225054358849;-73,96307061430005;40,77027;-73,9474968;40,7670677;-73,9503358;True;True;0xCDcF7b2a3352a32cc28FD35C3924f5BD542a25Ea;324;324;324;0;0,0;3,1629318779968045;4,06063313307742;0,8977012550806158;326;0;324;0,0;False;-0,005436929172847019;0,013290217994826522;2,0;vehicles_step_sim_3__run004__SUMO_carro_1000__t0001
5;vehicles_step_sim_3.csv;SUMO_carro_1000;HBEFA4/PC_petrol_Euro-6ab;Gasoline;1773509243;2026-03-14 17:27:23;2026-03-14 17:27:23;0,0;3,165874;3,023753;0,142121;49,5299002995671;114414,069692;609,430745;-113804,638947;-5,69023194735;35,105815;10,110547;40,77564360647124;-73,96068698429804;40,77225054358849;-73,96307061430005;40,7772499;-73,9523698;40,7740701;-73,9546872;True;True;0xCDcF7b2a3352a32cc28FD35C3924f5BD542a25Ea;324;324;324;0;0,0;3,1629318779968045;2,9902908065964957;-0,17264107140030882;326;0;324;0,0;False;0,002116104608735841;0,007583734634546293;2,0;vehicles_step_sim_3__run005__SUMO_carro_1000__t0001
6;vehicles_step_sim_3.csv;SUMO_carro_1000;HBEFA4/PC_petrol_Euro-6ab;Gasoline;1773509243;2026-03-14 17:27:23;2026-03-14 17:27:23;0,0;3,165874;3,023753;0,142121;49,5299002995671;114414,069692;609,430745;-113804,638947;-5,69023194735;35,105815;10,110547;40,77564360647124;-73,96068698429804;40,77225054358849;-73,96307061430005;40,783895;-73,952242;40,7807617;-73,9545276;True;True;0xCDcF7b2a3352a32cc28FD35C3924f5BD542a25Ea;324;324;324;0;0,0;3,1629318779968045;3,3747600858343634;0,21182820783755885;326;0;324;0,0;False;0,008326818250662652;0,008607904412534369;2,0;vehicles_step_sim_3__run006__SUMO_carro_1000__t0001
7;vehicles_step_sim_3.csv;SUMO_carro_1000;HBEFA4/PC_petrol_Euro-6ab;Gasoline;1773509243;2026-03-14 17:27:23;2026-03-14 17:27:23;0,0;3,165874;3,023753;0,142121;49,5299002995671;114414,069692;609,430745;-113804,638947;-5,69023194735;35,105815;10,110547;40,77564360647124;-73,96068698429804;40,77225054358849;-73,96307061430005;40,7731947;-73,9664926;40,7699543;-73,9688653;True;True;0xCDcF7b2a3352a32cc28FD35C3924f5BD542a25Ea;324;324;324;0;0,0;3,1629318779968045;3,0917159171922277;-0,07121596080457682;326;0;324;0,0;False;-0,0018084770202390814;-0,0065766016009400265;2,0;vehicles_step_sim_3__run007__SUMO_carro_1000__t0001
8;vehicles_step_sim_3.csv;SUMO_carro_1000;HBEFA4/PC_petrol_Euro-6ab;Gasoline;1773509243;2026-03-14 17:27:23;2026-03-14 17:27:23;0,0;3,165874;3,023753;0,142121;49,5299002995671;114414,069692;609,430745;-113804,638947;-5,69023194735;35,105815;10,110547;40,77564360647124;-73,96068698429804;40,77225054358849;-73,96307061430005;40,783484;-73,9643722;40,7786974;-73,9679871;True;True;0xCDcF7b2a3352a32cc28FD35C3924f5BD542a25Ea;324;324;324;0;0,0;3,1629318779968045;3,2990911752841616;0,1361592972873571;326;0;324;0,0;False;0,007648544707324479;-0,003859345329028756;2,0;vehicles_step_sim_3__run008__SUMO_carro_1000__t0001
9;vehicles_step_sim_3.csv;SUMO_carro_1000;HBEFA4/PC_petrol_Euro-6ab;Gasoline;1773509243;2026-03-14 17:27:23;2026-03-14 17:27:23;0,0;3,165874;3,023753;0,142121;49,5299002995671;114414,069692;609,430745;-113804,638947;-5,69023194735;35,105815;10,110547;40,77564360647124;-73,96068698429804;40,77225054358849;-73,96307061430005;40,7813282;-73,9759631;40,778044;-73,9781637;True;True;0xCDcF7b2a3352a32cc28FD35C3924f5BD542a25Ea;324;324;324;0;0,0;3,1629318779968045;3,8012849667872146;0,6383530887904101;326;0;324;0,0;False;0,0055911312788853905;-0,014674781269061566;2,0;vehicles_step_sim_3__run009__SUMO_carro_1000__t0001
10;vehicles_step_sim_3.csv;SUMO_carro_1000;HBEFA4/PC_petrol_Euro-6ab;Gasoline;1773509243;2026-03-14 17:27:23;2026-03-14 17:27:23;0,0;3,165874;3,023753;0,142121;49,5299002995671;114414,069692;609,430745;-113804,638947;-5,69023194735;35,105815;10,110547;40,77564360647124;-73,96068698429804;40,77225054358849;-73,96307061430005;40,7639685;-73,955863;40,7602564;-73,9576831;True;True;0xCDcF7b2a3352a32cc28FD35C3924f5BD542a25Ea;324;324;324;0;0,0;3,1629318779968045;4,256823529425871;1,0938916514290664;326;0;324;0,0;False;-0,011999842005859596;0,005285284338176032;2,0;vehicles_step_sim_3__run010__SUMO_carro_1000__t0001
11;vehicles_step_sim_3.csv;SUMO_carro_1000;HBEFA4/PC_petrol_Euro-6ab;Gasoline;1773509243;2026-03-14 17:27:23;2026-03-14 17:27:23;0,0;3,165874;3,023753;0,142121;49,5299002995671;114414,069692;609,430745;-113804,638947;-5,69023194735;35,105815;10,110547;40,77564360647124;-73,96068698429804;40,77225054358849;-73,96307061430005;40,7762366;-73,9578363;40,7729726;-73,9602184;True;True;0xCDcF7b2a3352a32cc28FD35C3924f5BD542a25Ea;324;324;324;0;0,0;3,1629318779968045;3,4813280345322317;0,3183961565354272;326;0;324;0,0;False;0,0004634643482821432;0,003269577031051778;2,0;vehicles_step_sim_3__run011__SUMO_carro_1000__t0001
12;vehicles_step_sim_3.csv;SUMO_carro_1000;HBEFA4/PC_petrol_Euro-6ab;Gasoline;1773509243;2026-03-14 17:27:23;2026-03-14 17:27:23;0,0;3,165874;3,023753;0,142121;49,5299002995671;114414,069692;609,430745;-113804,638947;-5,69023194735;35,105815;10,110547;40,77564360647124;-73,96068698429804;40,77225054358849;-73,96307061430005;40,7775922;-73,9749628;40,774293;-73,9773736;True;True;0xCDcF7b2a3352a32cc28FD35C3924f5BD542a25Ea;324;324;324;0;0,0;3,1629318779968045;2,853881181461148;-0,3090506965356563;326;0;324;0,0;False;0,0019731990695524312;-0,014137142767076515;2,0;vehicles_step_sim_3__run012__SUMO_carro_1000__t0001
13;vehicles_step_sim_3.csv;SUMO_carro_1000;HBEFA4/PC_petrol_Euro-6ab;Gasoline;1773509243;2026-03-14 17:27:23;2026-03-14 17:27:23;0,0;3,165874;3,023753;0,142121;49,5299002995671;114414,069692;609,430745;-113804,638947;-5,69023194735;35,105815;10,110547;40,77564360647124;-73,96068698429804;40,77225054358849;-73,96307061430005;40,7626821;-73,9595579;40,7585489;-73,9613876;True;True;0xCDcF7b2a3352a32cc28FD35C3924f5BD542a25Ea;324;324;324;0;0,0;3,1629318779968045;3,9874315257147126;0,8244996477179081;326;0;324;0,0;False;-0,013535394666652186;0,0019399095256516896;2,0;vehicles_step_sim_3__run013__SUMO_carro_1000__t0001
14;vehicles_step_sim_3.csv;SUMO_carro_1000;HBEFA4/PC_petrol_Euro-6ab;Gasoline;1773509243;2026-03-14 17:27:23;2026-03-14 17:27:23;0,0;3,165874;3,023753;0,142121;49,5299002995671;114414,069692;609,430745;-113804,638947;-5,69023194735;35,105815;10,110547;40,77564360647124;-73,96068698429804;40,77225054358849;-73,96307061430005;40,7709492;-73,9430801;40,7705978;-73,947358;True;True;0xCDcF7b2a3352a32cc28FD35C3924f5BD542a25Ea;324;324;324;0;0,0;3,1629318779968045;3,430445772658479;0,26751389466167463;326;0;324;0,0;False;-0,0016969987874762334;0,016123313190229194;2,0;vehicles_step_sim_3__run014__SUMO_carro_1000__t0001
15;vehicles_step_sim_3.csv;SUMO_carro_1000;HBEFA4/PC_petrol_Euro-6ab;Gasoline;1773509243;2026-03-14 17:27:23;2026-03-14 17:27:23;0,0;3,165874;3,023753;0,142121;49,5299002995671;114414,069692;609,430745;-113804,638947;-5,69023194735;35,105815;10,110547;40,77564360647124;-73,96068698429804;40,77225054358849;-73,96307061430005;40,7788725;-73,9740373;40,7755995;-73,9764204;True;True;0xCDcF7b2a3352a32cc28FD35C3924f5BD542a25Ea;324;324;324;0;0,0;3,1629318779968045;6,797858613685485;3,6349267356886807;326;0;324;0,0;False;0,0025200669136866086;-0,01137735421472326;2,0;vehicles_step_sim_3__run015__SUMO_carro_1000__t0001
16;vehicles_step_sim_3.csv;SUMO_carro_1000;HBEFA4/PC_petrol_Euro-6ab;Gasoline;1773509243;2026-03-14 17:27:23;2026-03-14 17:27:23;0,0;3,165874;3,023753;0,142121;49,5299002995671;114414,069692;609,430745;-113804,638947;-5,69023194735;35,105815;10,110547;40,77564360647124;-73,96068698429804;40,77225054358849;-73,96307061430005;40,7634635;-73,9484168;40,760489;-73,9514426;True;True;0xCDcF7b2a3352a32cc28FD35C3924f5BD542a25Ea;324;324;324;0;0,0;3,1629318779968045;3,8466400627152404;0,6837081847184359;326;0;324;0,0;False;-0,011585572356077978;0,01145567382899798;2,0;vehicles_step_sim_3__run016__SUMO_carro_1000__t0001
17;vehicles_step_sim_3.csv;SUMO_carro_1000;HBEFA4/PC_petrol_Euro-6ab;Gasoline;1773509243;2026-03-14 17:27:23;2026-03-14 17:27:23;0,0;3,165874;3,023753;0,142121;49,5299002995671;114414,069692;609,430745;-113804,638947;-5,69023194735;35,105815;10,110547;40,77564360647124;-73,96068698429804;40,77225054358849;-73,96307061430005;40,765137;-73,9522739;40,7621401;-73,9547614;True;True;0xCDcF7b2a3352a32cc28FD35C3924f5BD542a25Ea;324;324;324;0;0,0;3,1629318779968045;3,076828149423356;-0,08610372857344872;326;0;324;0,0;False;-0,010529511219780836;0,007988469335259282;2,0;vehicles_step_sim_3__run017__SUMO_carro_1000__t0001
18;vehicles_step_sim_3.csv;SUMO_carro_1000;HBEFA4/PC_petrol_Euro-6ab;Gasoline;1773509243;2026-03-14 17:27:23;2026-03-14 17:27:23;0,0;3,165874;3,023753;0,142121;49,5299002995671;114414,069692;609,430745;-113804,638947;-5,69023194735;35,105815;10,110547;40,77564360647124;-73,96068698429804;40,77225054358849;-73,96307061430005;40,7595537;-73,962007;40,7563246;-73,9643622;True;True;0xCDcF7b2a3352a32cc28FD35C3924f5BD542a25Ea;324;324;324;0;0,0;3,1629318779968045;3,443016766164883;0,28008488816807864;326;0;324;0,0;False;-0,016145607943372935;-0,0013650186432108025;2,0;vehicles_step_sim_3__run018__SUMO_carro_1000__t0001
19;vehicles_step_sim_3.csv;SUMO_carro_1000;HBEFA4/PC_petrol_Euro-6ab;Gasoline;1773509243;2026-03-14 17:27:23;2026-03-14 17:27:23;0,0;3,165874;3,023753;0,142121;49,5299002995671;114414,069692;609,430745;-113804,638947;-5,69023194735;35,105815;10,110547;40,77564360647124;-73,96068698429804;40,77225054358849;-73,96307061430005;40,7805689;-73,9443163;40,7772837;-73,9463065;True;True;0xCDcF7b2a3352a32cc28FD35C3924f5BD542a25Ea;324;324;324;0;0,0;3,1629318779968045;4,183354329052421;1,0204224510556168;326;0;324;0,0;False;0,005014903238375322;0,016439432424977828;2,0;vehicles_step_sim_3__run019__SUMO_carro_1000__t0001
20;vehicles_step_sim_3.csv;SUMO_carro_1000;HBEFA4/PC_petrol_Euro-6ab;Gasoline;1773509243;2026-03-14 17:27:23;2026-03-14 17:27:23;0,0;3,165874;3,023753;0,142121;49,5299002995671;114414,069692;609,430745;-113804,638947;-5,69023194735;35,105815;10,110547;40,77564360647124;-73,96068698429804;40,77225054358849;-73,96307061430005;40,7754862;-73,9765055;40,7716796;-73,9776163;True;True;0xCDcF7b2a3352a32cc28FD35C3924f5BD542a25Ea;324;324;324;0;0,0;3,1629318779968045;3,5155368894407406;0,3526050114439361;326;0;324;0,0;False;-0,0008323599365727846;-0,014802685407087937;2,0;vehicles_step_sim_3__run020__SUMO_carro_1000__t0001
21;vehicles_step_sim_3.csv;SUMO_carro_1000;HBEFA4/PC_petrol_Euro-6ab;Gasoline;1773509243;2026-03-14 17:27:23;2026-03-14 17:27:23;0,0;3,165874;3,023753;0,142121;49,5299002995671;114414,069692;609,430745;-113804,638947;-5,69023194735;35,105815;10,110547;40,77564360647124;-73,96068698429804;40,77225054358849;-73,96307061430005;40,7873106;-73,9522585;40,7840747;-73,954625;True;True;0xCDcF7b2a3352a32cc28FD35C3924f5BD542a25Ea;324;324;324;0;0,0;3,1629318779968045;3,4959668854766695;0,3330350074798649;326;0;324;0,0;False;0,011994410354946257;0,007933224829222367;2,0;vehicles_step_sim_3__run021__SUMO_carro_1000__t0001
22;vehicles_step_sim_3.csv;SUMO_carro_1000;HBEFA4/PC_petrol_Euro-6ab;Gasoline;1773509243;2026-03-14 17:27:23;2026-03-14 17:27:23;0,0;3,165874;3,023753;0,142121;49,5299002995671;114414,069692;609,430745;-113804,638947;-5,69023194735;35,105815;10,110547;40,77564360647124;-73,96068698429804;40,77225054358849;-73,96307061430005;40,7854452;-73,9512469;40,78212;-73,9536779;True;True;0xCDcF7b2a3352a32cc28FD35C3924f5BD542a25Ea;324;324;324;0;0,0;3,1629318779968045;3,7530288175778006;0,5900969395809961;326;0;324;0,0;False;0,009897653825402737;0,009413365053453021;2,0;vehicles_step_sim_3__run022__SUMO_carro_1000__t0001
23;vehicles_step_sim_3.csv;SUMO_carro_1000;HBEFA4/PC_petrol_Euro-6ab;Gasoline;1773509243;2026-03-14 17:27:23;2026-03-14 17:27:23;0,0;3,165874;3,023753;0,142121;49,5299002995671;114414,069692;609,430745;-113804,638947;-5,69023194735;35,105815;10,110547;40,77564360647124;-73,96068698429804;40,77225054358849;-73,96307061430005;40,7664607;-73,9607473;40,7627043;-73,9628257;True;True;0xCDcF7b2a3352a32cc28FD35C3924f5BD542a25Ea;324;324;324;0;0,0;3,1629318779968045;3,5298795143582624;0,3669476363614579;326;0;324;0,0;False;-0,009358516099313546;-0,00012172757034887645;2,0;vehicles_step_sim_3__run023__SUMO_carro_1000__t0001
24;vehicles_step_sim_3.csv;SUMO_carro_1000;HBEFA4/PC_petrol_Euro-6ab;Gasoline;1773509243;2026-03-14 17:27:23;2026-03-14 17:27:23;0,0;3,165874;3,023753;0,142121;49,5299002995671;114414,069692;609,430745;-113804,638947;-5,69023194735;35,105815;10,110547;40,77564360647124;-73,96068698429804;40,77225054358849;-73,96307061430005;40,7736883;-73,9638995;40,7704323;-73,9662922;True;True;0xCDcF7b2a3352a32cc28FD35C3924f5BD542a25Ea;324;324;324;0;0,0;3,1629318779968045;3,349411091564929;0,18647921356812436;326;0;324;0,0;False;-0,001946959414337702;-0,0027736358161998447;2,0;vehicles_step_sim_3__run024__SUMO_carro_1000__t0001
25;vehicles_step_sim_3.csv;SUMO_carro_1000;HBEFA4/PC_petrol_Euro-6ab;Gasoline;1773509243;2026-03-14 17:27:23;2026-03-14 17:27:23;0,0;3,165874;3,023753;0,142121;49,5299002995671;114414,069692;609,430745;-113804,638947;-5,69023194735;35,105815;10,110547;40,77564360647124;-73,96068698429804;40,77225054358849;-73,96307061430005;40,7855212;-73,9698584;40,781618;-73,9720367;True;True;0xCDcF7b2a3352a32cc28FD35C3924f5BD542a25Ea;324;324;324;0;0,0;3,1629318779968045;3,8682973563527763;0,7053654783559717;326;0;324;0,0;False;0,00961107943069545;-0,009264551181453761;2,0;vehicles_step_sim_3__run025__SUMO_carro_1000__t0001
26;vehicles_step_sim_3.csv;SUMO_carro_1000;HBEFA4/PC_petrol_Euro-6ab;Gasoline;1773509243;2026-03-14 17:27:23;2026-03-14 17:27:23;0,0;3,165874;3,023753;0,142121;49,5299002995671;114414,069692;609,430745;-113804,638947;-5,69023194735;35,105815;10,110547;40,77564360647124;-73,96068698429804;40,77225054358849;-73,96307061430005;40,7902212;-73,9596027;40,7903388;-73,9600164;True;True;0xCDcF7b2a3352a32cc28FD35C3924f5BD542a25Ea;324;324;324;0;0,0;3,1629318779968045;2,969800752305798;-0,19313112569100666;326;0;324;0,0;False;0,015142559245065112;0,0012773614033065625;2,0;vehicles_step_sim_3__run026__SUMO_carro_1000__t0001
27;vehicles_step_sim_3.csv;SUMO_carro_1000;HBEFA4/PC_petrol_Euro-6ab;Gasoline;1773509243;2026-03-14 17:27:23;2026-03-14 17:27:23;0,0;3,165874;3,023753;0,142121;49,5299002995671;114414,069692;609,430745;-113804,638947;-5,69023194735;35,105815;10,110547;40,77564360647124;-73,96068698429804;40,77225054358849;-73,96307061430005;40,7672237;-73,9505427;40,7642167;-73,9530371;True;True;0xCDcF7b2a3352a32cc28FD35C3924f5BD542a25Ea;324;324;324;0;0,0;3,1629318779968045;3,4743710962077143;0,3114392182109098;326;0;324;0,0;False;-0,007884835280280783;0,009331380070277754;2,0;vehicles_step_sim_3__run027__SUMO_carro_1000__t0001
28;vehicles_step_sim_3.csv;SUMO_carro_1000;HBEFA4/PC_petrol_Euro-6ab;Gasoline;1773509243;2026-03-14 17:27:23;2026-03-14 17:27:23;0,0;3,165874;3,023753;0,142121;49,5299002995671;114414,069692;609,430745;-113804,638947;-5,69023194735;35,105815;10,110547;40,77564360647124;-73,96068698429804;40,77225054358849;-73,96307061430005;40,7822699;-73,9598778;40,7789129;-73,962222;True;True;0xCDcF7b2a3352a32cc28FD35C3924f5BD542a25Ea;324;324;324;0;0,0;3,1629318779968045;3,614954225115023;0,45202234711821854;326;0;324;0,0;False;0,00674095719507899;0,0010031878416167214;2,0;vehicles_step_sim_3__run028__SUMO_carro_1000__t0001
29;vehicles_step_sim_3.csv;SUMO_carro_1000;HBEFA4/PC_petrol_Euro-6ab;Gasoline;1773509243;2026-03-14 17:27:23;2026-03-14 17:27:23;0,0;3,165874;3,023753;0,142121;49,5299002995671;114414,069692;609,430745;-113804,638947;-5,69023194735;35,105815;10,110547;40,77564360647124;-73,96068698429804;40,77225054358849;-73,96307061430005;40,7602027;-73,9524012;40,7569532;-73,9554917;True;True;0xCDcF7b2a3352a32cc28FD35C3924f5BD542a25Ea;324;324;324;0;0,0;3,1629318779968045;5,32526334967163;2,1623314716748254;326;0;324;0,0;False;-0,01570046428823439;0,008236084849955106;2,0;vehicles_step_sim_3__run029__SUMO_carro_1000__t0001
30;vehicles_step_sim_3.csv;SUMO_carro_1000;HBEFA4/PC_petrol_Euro-6ab;Gasoline;1773509243;2026-03-14 17:27:23;2026-03-14 17:27:23;0,0;3,165874;3,023753;0,142121;49,5299002995671;114414,069692;609,430745;-113804,638947;-5,69023194735;35,105815;10,110547;40,77564360647124;-73,96068698429804;40,77225054358849;-73,96307061430005;40,7649903;-73,9551157;40,7617402;-73,9574946;True;True;0xCDcF7b2a3352a32cc28FD35C3924f5BD542a25Ea;324;324;324;0;0,0;3,1629318779968045;3,866490829173364;0,7035589511765594;326;0;324;0,0;False;-0,010520988248178056;0,005569960502735198;2,0;vehicles_step_sim_3__run030__SUMO_carro_1000__t0001
31;vehicles_step_sim_3.csv;SUMO_carro_1000;HBEFA4/PC_petrol_Euro-6ab;Gasoline;1773509243;2026-03-14 17:27:23;2026-03-14 17:27:23;0,0;3,165874;3,023753;0,142121;49,5299002995671;114414,069692;609,430745;-113804,638947;-5,69023194735;35,105815;10,110547;40,77564360647124;-73,96068698429804;40,77225054358849;-73,96307061430005;40,771727;-73,9675701;40,7687849;-73,9717019;True;True;0xCDcF7b2a3352a32cc28FD35C3924f5BD542a25Ea;324;324;324;0;0,0;3,1629318779968045;2,9937282906911507;-0,16920358730565388;326;0;324;0,0;False;-0,0034604337396338027;-0,008654214763749076;2,0;vehicles_step_sim_3__run031__SUMO_carro_1000__t0001
32;vehicles_step_sim_3.csv;SUMO_carro_1000;HBEFA4/PC_petrol_Euro-6ab;Gasoline;1773509243;2026-03-14 17:27:23;2026-03-14 17:27:23;0,0;3,165874;3,023753;0,142121;49,5299002995671;114414,069692;609,430745;-113804,638947;-5,69023194735;35,105815;10,110547;40,77564360647124;-73,96068698429804;40,77225054358849;-73,96307061430005;40,7661501;-73,9695418;40,7629713;-73,9718668;True;True;0xCDcF7b2a3352a32cc28FD35C3924f5BD542a25Ea;324;324;324;0;0,0;3,1629318779968045;3,807217313924702;0,6442854359278973;326;0;324;0,0;False;-0,009256630233077111;-0,008824359219630692;2,0;vehicles_step_sim_3__run032__SUMO_carro_1000__t0001
33;vehicles_step_sim_3.csv;SUMO_carro_1000;HBEFA4/PC_petrol_Euro-6ab;Gasoline;1773509243;2026-03-14 17:27:23;2026-03-14 17:27:23;0,0;3,165874;3,023753;0,142121;49,5299002995671;114414,069692;609,430745;-113804,638947;-5,69023194735;35,105815;10,110547;40,77564360647124;-73,96068698429804;40,77225054358849;-73,96307061430005;40,7781198;-73,9482894;40,7748696;-73,9506676;True;True;0xCDcF7b2a3352a32cc28FD35C3924f5BD542a25Ea;324;324;324;0;0,0;3,1629318779968045;3,766222846832803;0,6032909688359984;326;0;324;0,0;False;0,002223985402729129;0,0128508528153161;2,0;vehicles_step_sim_3__run033__SUMO_carro_1000__t0001
34;vehicles_step_sim_3.csv;SUMO_carro_1000;HBEFA4/PC_petrol_Euro-6ab;Gasoline;1773509243;2026-03-14 17:27:23;2026-03-14 17:27:23;0,0;3,165874;3,023753;0,142121;49,5299002995671;114414,069692;609,430745;-113804,638947;-5,69023194735;35,105815;10,110547;40,77564360647124;-73,96068698429804;40,77225054358849;-73,96307061430005;40,7787298;-73,9516712;40,7753464;-73,9537621;True;True;0xCDcF7b2a3352a32cc28FD35C3924f5BD542a25Ea;324;324;324;0;0,0;3,1629318779968045;3,5360602925072375;0,373128414510433;326;0;324;0,0;False;0,0030588041000516064;0,009044099247583646;2,0;vehicles_step_sim_3__run034__SUMO_carro_1000__t0001
35;vehicles_step_sim_3.csv;SUMO_carro_1000;HBEFA4/PC_petrol_Euro-6ab;Gasoline;1773509243;2026-03-14 17:27:23;2026-03-14 17:27:23;0,0;3,165874;3,023753;0,142121;49,5299002995671;114414,069692;609,430745;-113804,638947;-5,69023194735;35,105815;10,110547;40,77564360647124;-73,96068698429804;40,77225054358849;-73,96307061430005;40,766155;-73,9677772;40,7625319;-73,9708345;True;True;0xCDcF7b2a3352a32cc28FD35C3924f5BD542a25Ea;324;324;324;0;0,0;3,1629318779968045;3,5159274849312387;0,3529956069344342;326;0;324;0,0;False;-0,009282068298972535;-0,0077451240327186385;2,0;vehicles_step_sim_3__run035__SUMO_carro_1000__t0001
36;vehicles_step_sim_3.csv;SUMO_carro_1000;HBEFA4/PC_petrol_Euro-6ab;Gasoline;1773509243;2026-03-14 17:27:23;2026-03-14 17:27:23;0,0;3,165874;3,023753;0,142121;49,5299002995671;114414,069692;609,430745;-113804,638947;-5,69023194735;35,105815;10,110547;40,77564360647124;-73,96068698429804;40,77225054358849;-73,96307061430005;40,7727094;-73,9556834;40,7695431;-73,9579996;True;True;0xCDcF7b2a3352a32cc28FD35C3924f5BD542a25Ea;324;324;324;0;0,0;3,1629318779968045;2,9177105206067426;-0,2452213573900619;326;0;324;0,0;False;-0,0026838878790378462;0,004475222864185823;2,0;vehicles_step_sim_3__run036__SUMO_carro_1000__t0001
37;vehicles_step_sim_3.csv;SUMO_carro_1000;HBEFA4/PC_petrol_Euro-6ab;Gasoline;1773509243;2026-03-14 17:27:23;2026-03-14 17:27:23;0,0;3,165874;3,023753;0,142121;49,5299002995671;114414,069692;609,430745;-113804,638947;-5,69023194735;35,105815;10,110547;40,77564360647124;-73,96068698429804;40,77225054358849;-73,96307061430005;40,7869227;-73,9681638;40,7834159;-73,9707295;True;True;0xCDcF7b2a3352a32cc28FD35C3924f5BD542a25Ea;324;324;324;0;0,0;3,1629318779968045;3,408294427974714;0,24536254997790952;326;0;324;0,0;False;0,010707039037559998;-0,006078880916831421;2,0;vehicles_step_sim_3__run037__SUMO_carro_1000__t0001
38;vehicles_step_sim_3.csv;SUMO_carro_1000;HBEFA4/PC_petrol_Euro-6ab;Gasoline;1773509243;2026-03-14 17:27:23;2026-03-14 17:27:23;0,0;3,165874;3,023753;0,142121;49,5299002995671;114414,069692;609,430745;-113804,638947;-5,69023194735;35,105815;10,110547;40,77564360647124;-73,96068698429804;40,77225054358849;-73,96307061430005;40,7850653;-73,9490172;40,7819558;-73,9516943;True;True;0xCDcF7b2a3352a32cc28FD35C3924f5BD542a25Ea;324;324;324;0;0,0;3,1629318779968045;3,4614258476096285;0,29849396961282393;326;0;324;0,0;False;0,009330803971335648;0,011943158190235958;2,0;vehicles_step_sim_3__run038__SUMO_carro_1000__t0001
39;vehicles_step_sim_3.csv;SUMO_carro_1000;HBEFA4/PC_petrol_Euro-6ab;Gasoline;1773509243;2026-03-14 17:27:23;2026-03-14 17:27:23;0,0;3,165874;3,023753;0,142121;49,5299002995671;114414,069692;609,430745;-113804,638947;-5,69023194735;35,105815;10,110547;40,77564360647124;-73,96068698429804;40,77225054358849;-73,96307061430005;40,7798151;-73,9733542;40,7772465;-73,9762717;True;True;0xCDcF7b2a3352a32cc28FD35C3924f5BD542a25Ea;324;324;324;0;0,0;3,1629318779968045;2,8823953572783143;-0,2805365207184902;326;0;324;0,0;False;0,004858809809659831;-0,012977169437798664;2,0;vehicles_step_sim_3__run039__SUMO_carro_1000__t0001
40;vehicles_step_sim_3.csv;SUMO_carro_1000;HBEFA4/PC_petrol_Euro-6ab;Gasoline;1773509243;2026-03-14 17:27:23;2026-03-14 17:27:23;0,0;3,165874;3,023753;0,142121;49,5299002995671;114414,069692;609,430745;-113804,638947;-5,69023194735;35,105815;10,110547;40,77564360647124;-73,96068698429804;40,77225054358849;-73,96307061430005;40,7684217;-73,9711008;40,7650458;-73,9732587;True;True;0xCDcF7b2a3352a32cc28FD35C3924f5BD542a25Ea;324;324;324;0;0,0;3,1629318779968045;3,572252843442395;0,40932096544559027;326;0;324;0,0;False;-0,007103667812297959;-0,010339063223646392;2,0;vehicles_step_sim_3__run040__SUMO_carro_1000__t0001
41;vehicles_step_sim_3.csv;SUMO_carro_1000;HBEFA4/PC_petrol_Euro-6ab;Gasoline;1773509243;2026-03-14 17:27:23;2026-03-14 17:27:23;0,0;3,165874;3,023753;0,142121;49,5299002995671;114414,069692;609,430745;-113804,638947;-5,69023194735;35,105815;10,110547;40,77564360647124;-73,96068698429804;40,77225054358849;-73,96307061430005;40,779366;-73,9695735;40,7781184;-73,9745824;True;True;0xCDcF7b2a3352a32cc28FD35C3924f5BD542a25Ea;324;324;324;0;0,0;3,1629318779968045;2,8200056553632726;-0,3429262226335319;326;0;324;0,0;False;0,004454615375377823;-0,00840849112294727;2,0;vehicles_step_sim_3__run041__SUMO_carro_1000__t0001
42;vehicles_step_sim_3.csv;SUMO_carro_1000;HBEFA4/PC_petrol_Euro-6ab;Gasoline;1773509243;2026-03-14 17:27:23;2026-03-14 17:27:23;0,0;3,165874;3,023753;0,142121;49,5299002995671;114414,069692;609,430745;-113804,638947;-5,69023194735;35,105815;10,110547;40,77564360647124;-73,96068698429804;40,77225054358849;-73,96307061430005;40,7908805;-73,968815;40,7877404;-73,9710964;True;True;0xCDcF7b2a3352a32cc28FD35C3924f5BD542a25Ea;324;324;324;0;0,0;3,1629318779968045;3,3831123041519673;0,22018042615516276;326;0;324;0,0;False;0,015102697030388851;-0,007789134360774439;2,0;vehicles_step_sim_3__run042__SUMO_carro_1000__t0001
43;vehicles_step_sim_3.csv;SUMO_carro_1000;HBEFA4/PC_petrol_Euro-6ab;Gasoline;1773509243;2026-03-14 17:27:23;2026-03-14 17:27:23;0,0;3,165874;3,023753;0,142121;49,5299002995671;114414,069692;609,430745;-113804,638947;-5,69023194735;35,105815;10,110547;40,77564360647124;-73,96068698429804;40,77225054358849;-73,96307061430005;40,7736781;-73,9458612;40,7704665;-73,9482168;True;True;0xCDcF7b2a3352a32cc28FD35C3924f5BD542a25Ea;324;324;324;0;0,0;3,1629318779968045;4,030866153625082;0,8679342756282775;326;0;324;0,0;False;-0,0018000287823597809;0,014635692233743511;2,0;vehicles_step_sim_3__run043__SUMO_carro_1000__t0001
44;vehicles_step_sim_3.csv;SUMO_carro_1000;HBEFA4/PC_petrol_Euro-6ab;Gasoline;1773509243;2026-03-14 17:27:23;2026-03-14 17:27:23;0,0;3,165874;3,023753;0,142121;49,5299002995671;114414,069692;609,430745;-113804,638947;-5,69023194735;35,105815;10,110547;40,77564360647124;-73,96068698429804;40,77225054358849;-73,96307061430005;40,7833492;-73,9640817;40,7784436;-73,9673756;True;True;0xCDcF7b2a3352a32cc28FD35C3924f5BD542a25Ea;324;324;324;0;0,0;3,1629318779968045;3,423211567969143;0,2602796899723385;326;0;324;0,0;False;0,007764279559903012;-0,0033033764037504517;2,0;vehicles_step_sim_3__run044__SUMO_carro_1000__t0001
45;vehicles_step_sim_3.csv;SUMO_carro_1000;HBEFA4/PC_petrol_Euro-6ab;Gasoline;1773509243;2026-03-14 17:27:23;2026-03-14 17:27:23;0,0;3,165874;3,023753;0,142121;49,5299002995671;114414,069692;609,430745;-113804,638947;-5,69023194735;35,105815;10,110547;40,77564360647124;-73,96068698429804;40,77225054358849;-73,96307061430005;40,7645684;-73,9614573;40,7611592;-73,9638748;True;True;0xCDcF7b2a3352a32cc28FD35C3924f5BD542a25Ea;324;324;324;0;0,0;3,1629318779968045;3,517818319887207;0,3548864418904025;326;0;324;0,0;False;-0,01106911083879882;-0,0007945033400939967;2,0;vehicles_step_sim_3__run045__SUMO_carro_1000__t0001
46;vehicles_step_sim_3.csv;SUMO_carro_1000;HBEFA4/PC_petrol_Euro-6ab;Gasoline;1773509243;2026-03-14 17:27:23;2026-03-14 17:27:23;0,0;3,165874;3,023753;0,142121;49,5299002995671;114414,069692;609,430745;-113804,638947;-5,69023194735;35,105815;10,110547;40,77564360647124;-73,96068698429804;40,77225054358849;-73,96307061430005;40,7755995;-73,9764204;40,7717082;-73,9776645;True;True;0xCDcF7b2a3352a32cc28FD35C3924f5BD542a25Ea;324;324;324;0;0,0;3,1629318779968045;2,9961484112989156;-0,1667834666978889;326;0;324;0,0;False;-0,0005176330685572017;-0,014626188092175918;2,0;vehicles_step_sim_3__run046__SUMO_carro_1000__t0001
47;vehicles_step_sim_3.csv;SUMO_carro_1000;HBEFA4/PC_petrol_Euro-6ab;Gasoline;1773509243;2026-03-14 17:27:23;2026-03-14 17:27:23;0,0;3,165874;3,023753;0,142121;49,5299002995671;114414,069692;609,430745;-113804,638947;-5,69023194735;35,105815;10,110547;40,77564360647124;-73,96068698429804;40,77225054358849;-73,96307061430005;40,770926;-73,9431311;40,7695183;-73,948231;True;True;0xCDcF7b2a3352a32cc28FD35C3924f5BD542a25Ea;324;324;324;0;0,0;3,1629318779968045;4,199953865254609;1,0370219872578046;326;0;324;0,0;False;-0,004055439788954863;0,016968481852847397;2,0;vehicles_step_sim_3__run047__SUMO_carro_1000__t0001
48;vehicles_step_sim_3.csv;SUMO_carro_1000;HBEFA4/PC_petrol_Euro-6ab;Gasoline;1773509243;2026-03-14 17:27:23;2026-03-14 17:27:23;0,0;3,165874;3,023753;0,142121;49,5299002995671;114414,069692;609,430745;-113804,638947;-5,69023194735;35,105815;10,110547;40,77564360647124;-73,96068698429804;40,77225054358849;-73,96307061430005;40,7826188;-73,9730915;40,7801899;-73,9752452;True;True;0xCDcF7b2a3352a32cc28FD35C3924f5BD542a25Ea;324;324;324;0;0,0;3,1629318779968045;3,082004073741642;-0,08092780425516244;326;0;324;0,0;False;0,0076519513342851566;-0,012250267008854274;2,0;vehicles_step_sim_3__run048__SUMO_carro_1000__t0001
49;vehicles_step_sim_3.csv;SUMO_carro_1000;HBEFA4/PC_petrol_Euro-6ab;Gasoline;1773509243;2026-03-14 17:27:23;2026-03-14 17:27:23;0,0;3,165874;3,023753;0,142121;49,5299002995671;114414,069692;609,430745;-113804,638947;-5,69023194735;35,105815;10,110547;40,77564360647124;-73,96068698429804;40,77225054358849;-73,96307061430005;40,7650343;-73,957985;40,7614371;-73,9604667;True;True;0xCDcF7b2a3352a32cc28FD35C3924f5BD542a25Ea;324;324;324;0;0,0;3,1629318779968045;3,73186866986752;0,5689367918707156;326;0;324;0,0;False;-0,010886336750933973;0,002887687688193987;2,0;vehicles_step_sim_3__run049__SUMO_carro_1000__t0001
50;vehicles_step_sim_3.csv;SUMO_carro_1000;HBEFA4/PC_petrol_Euro-6ab;Gasoline;1773509243;2026-03-14 17:27:23;2026-03-14 17:27:23;0,0;3,165874;3,023753;0,142121;49,5299002995671;114414,069692;609,430745;-113804,638947;-5,69023194735;35,105815;10,110547;40,77564360647124;-73,96068698429804;40,77225054358849;-73,96307061430005;40,783302;-73,9708126;40,7796475;-73,9704675;True;True;0xCDcF7b2a3352a32cc28FD35C3924f5BD542a25Ea;324;324;324;0;0,0;3,1629318779968045;3,9933003822211957;0,8303685042243911;326;0;324;0,0;False;0,006506833228231602;-0,008097008884241117;2,0;vehicles_step_sim_3__run050__SUMO_carro_1000__t0001
51;vehicles_step_sim_3.csv;SUMO_carro_1000;HBEFA4/PC_petrol_Euro-6ab;Gasoline;1773509243;2026-03-14 17:27:23;2026-03-14 17:27:23;0,0;3,165874;3,023753;0,142121;49,5299002995671;114414,069692;609,430745;-113804,638947;-5,69023194735;35,105815;10,110547;40,77564360647124;-73,96068698429804;40,77225054358849;-73,96307061430005;40,7614374;-73,9643627;40,7580824;-73,9663765;True;True;0xCDcF7b2a3352a32cc28FD35C3924f5BD542a25Ea;324;324;324;0;0,0;3,1629318779968045;3,4682824220250787;0,3053505440282742;326;0;324;0,0;False;-0,013872216494019561;-0,003424042329049638;2,0;vehicles_step_sim_3__run051__SUMO_carro_1000__t0001
52;vehicles_step_sim_3.csv;SUMO_carro_1000;HBEFA4/PC_petrol_Euro-6ab;Gasoline;1773509243;2026-03-14 17:27:23;2026-03-14 17:27:23;0,0;3,165874;3,023753;0,142121;49,5299002995671;114414,069692;609,430745;-113804,638947;-5,69023194735;35,105815;10,110547;40,77564360647124;-73,96068698429804;40,77225054358849;-73,96307061430005;40,7887877;-73,9563759;40,7847793;-73,9580493;True;True;0xCDcF7b2a3352a32cc28FD35C3924f5BD542a25Ea;324;324;324;0;0,0;3,1629318779968045;3,1509923215846634;-0,011939556412141172;326;0;324;0,0;False;0,013001396835299496;0,0038668349772154656;2,0;vehicles_step_sim_3__run052__SUMO_carro_1000__t0001
53;vehicles_step_sim_3.csv;SUMO_carro_1000;HBEFA4/PC_petrol_Euro-6ab;Gasoline;1773509243;2026-03-14 17:27:23;2026-03-14 17:27:23;0,0;3,165874;3,023753;0,142121;49,5299002995671;114414,069692;609,430745;-113804,638947;-5,69023194735;35,105815;10,110547;40,77564360647124;-73,96068698429804;40,77225054358849;-73,96307061430005;40,7809117;-73,9589273;40,7776866;-73,9612871;True;True;0xCDcF7b2a3352a32cc28FD35C3924f5BD542a25Ea;324;324;324;0;0,0;3,1629318779968045;3,3337190401939787;0,17078716219717416;326;0;324;0,0;False;0,005452331222373075;0,0015510618747130625;2,0;vehicles_step_sim_3__run053__SUMO_carro_1000__t0001
54;vehicles_step_sim_3.csv;SUMO_carro_1000;HBEFA4/PC_petrol_Euro-6ab;Gasoline;1773509243;2026-03-14 17:27:23;2026-03-14 17:27:23;0,0;3,165874;3,023753;0,142121;49,5299002995671;114414,069692;609,430745;-113804,638947;-5,69023194735;35,105815;10,110547;40,77564360647124;-73,96068698429804;40,77225054358849;-73,96307061430005;40,7805668;-73,9617562;40,7772249;-73,9641594;True;True;0xCDcF7b2a3352a32cc28FD35C3924f5BD542a25Ea;324;324;324;0;0,0;3,1629318779968045;3,375268203968683;0,21233632597187846;326;0;324;0,0;False;0,004896965538226751;-0,0011447543436125594;2,0;vehicles_step_sim_3__run054__SUMO_carro_1000__t0001
55;vehicles_step_sim_3.csv;SUMO_carro_1000;HBEFA4/PC_petrol_Euro-6ab;Gasoline;1773509243;2026-03-14 17:27:23;2026-03-14 17:27:23;0,0;3,165874;3,023753;0,142121;49,5299002995671;114414,069692;609,430745;-113804,638947;-5,69023194735;35,105815;10,110547;40,77564360647124;-73,96068698429804;40,77225054358849;-73,96307061430005;40,7670677;-73,9503358;40,7639358;-73,953183;True;True;0xCDcF7b2a3352a32cc28FD35C3924f5BD542a25Ea;324;324;324;0;0,0;3,1629318779968045;4,635333876670778;1,4724019986739734;326;0;324;0,0;False;-0,009065952428166319;0,011250390180102767;2,0;vehicles_step_sim_3__run055__SUMO_carro_1000__t0001
56;vehicles_step_sim_3.csv;SUMO_carro_1000;HBEFA4/PC_petrol_Euro-6ab;Gasoline;1773509243;2026-03-14 17:27:23;2026-03-14 17:27:23;0,0;3,165874;3,023753;0,142121;49,5299002995671;114414,069692;609,430745;-113804,638947;-5,69023194735;35,105815;10,110547;40,77564360647124;-73,96068698429804;40,77225054358849;-73,96307061430005;40,7755427;-73,9764626;40,7716796;-73,9776163;True;True;0xCDcF7b2a3352a32cc28FD35C3924f5BD542a25Ea;324;324;324;0;0,0;3,1629318779968045;3,897848431394229;0,7349165533974245;326;0;324;0,0;False;-0,0006286692636530977;-0,014519125851175074;2,0;vehicles_step_sim_3__run056__SUMO_carro_1000__t0001
57;vehicles_step_sim_3.csv;SUMO_carro_1000;HBEFA4/PC_petrol_Euro-6ab;Gasoline;1773509243;2026-03-14 17:27:23;2026-03-14 17:27:23;0,0;3,165874;3,023753;0,142121;49,5299002995671;114414,069692;609,430745;-113804,638947;-5,69023194735;35,105815;10,110547;40,77564360647124;-73,96068698429804;40,77225054358849;-73,96307061430005;40,770955;-73,9430565;40,77027;-73,9474968;True;True;0xCDcF7b2a3352a32cc28FD35C3924f5BD542a25Ea;324;324;324;0;0,0;3,1629318779968045;3,2310322195293852;0,06810034153258071;326;0;324;0,0;False;-0,002769293644391976;0,016823303361840465;2,0;vehicles_step_sim_3__run057__SUMO_carro_1000__t0001
58;vehicles_step_sim_3.csv;SUMO_carro_1000;HBEFA4/PC_petrol_Euro-6ab;Gasoline;1773509243;2026-03-14 17:27:23;2026-03-14 17:27:23;0,0;3,165874;3,023753;0,142121;49,5299002995671;114414,069692;609,430745;-113804,638947;-5,69023194735;35,105815;10,110547;40,77564360647124;-73,96068698429804;40,77225054358849;-73,96307061430005;40,7762366;-73,9578363;40,7729726;-73,9602184;True;True;0xCDcF7b2a3352a32cc28FD35C3924f5BD542a25Ea;324;324;324;0;0,0;3,1629318779968045;3,5939162586076447;0,4309843806108402;326;0;324;0,0;False;0,00020950311955895135;0,0032681340334599577;2,0;vehicles_step_sim_3__run058__SUMO_carro_1000__t0001
59;vehicles_step_sim_3.csv;SUMO_carro_1000;HBEFA4/PC_petrol_Euro-6ab;Gasoline;1773509243;2026-03-14 17:27:23;2026-03-14 17:27:23;0,0;3,165874;3,023753;0,142121;49,5299002995671;114414,069692;609,430745;-113804,638947;-5,69023194735;35,105815;10,110547;40,77564360647124;-73,96068698429804;40,77225054358849;-73,96307061430005;40,7781225;-73,9658251;40,7783247;-73,96704;True;True;0xCDcF7b2a3352a32cc28FD35C3924f5BD542a25Ea;324;324;324;0;0,0;3,1629318779968045;2,576221936429019;-0,5867099415677854;326;0;324;0,0;False;0,0040226471100981865;-0,0049804867508223905;2,0;vehicles_step_sim_3__run059__SUMO_carro_1000__t0001
60;vehicles_step_sim_3.csv;SUMO_carro_1000;HBEFA4/PC_petrol_Euro-6ab;Gasoline;1773509243;2026-03-14 17:27:23;2026-03-14 17:27:23;0,0;3,165874;3,023753;0,142121;49,5299002995671;114414,069692;609,430745;-113804,638947;-5,69023194735;35,105815;10,110547;40,77564360647124;-73,96068698429804;40,77225054358849;-73,96307061430005;40,7624761;-73,957115;40,7594828;-73,9606065;True;True;0xCDcF7b2a3352a32cc28FD35C3924f5BD542a25Ea;324;324;324;0;0,0;3,1629318779968045;3,5206270550006535;0,357695177003849;326;0;324;0,0;False;-0,01282073326393291;0,002681681949585255;2,0;vehicles_step_sim_3__run060__SUMO_carro_1000__t0001
61;vehicles_step_sim_3.csv;SUMO_carro_1000;HBEFA4/PC_petrol_Euro-6ab;Gasoline;1773509243;2026-03-14 17:27:23;2026-03-14 17:27:23;0,0;3,165874;3,023753;0,142121;49,5299002995671;114414,069692;609,430745;-113804,638947;-5,69023194735;35,105815;10,110547;40,77564360647124;-73,96068698429804;40,77225054358849;-73,96307061430005;40,7637353;-73,9480502;40,7609342;-73,9508241;True;True;0xCDcF7b2a3352a32cc28FD35C3924f5BD542a25Ea;324;324;324;0;0,0;3,1629318779968045;3,781220786528079;0,6182889085312744;326;0;324;0,0;False;-0,011985509800033477;0,012804498893769854;2,0;vehicles_step_sim_3__run061__SUMO_carro_1000__t0001
62;vehicles_step_sim_3.csv;SUMO_carro_1000;HBEFA4/PC_petrol_Euro-6ab;Gasoline;1773509243;2026-03-14 17:27:23;2026-03-14 17:27:23;0,0;3,165874;3,023753;0,142121;49,5299002995671;114414,069692;609,430745;-113804,638947;-5,69023194735;35,105815;10,110547;40,77564360647124;-73,96068698429804;40,77225054358849;-73,96307061430005;40,7623563;-73,9494877;40,7591305;-73,9535599;True;True;0xCDcF7b2a3352a32cc28FD35C3924f5BD542a25Ea;324;324;324;0;0,0;3,1629318779968045;2,9031926358220694;-0,2597392421747351;326;0;324;0,0;False;-0,013098706288307949;0,009510371037203058;2,0;vehicles_step_sim_3__run062__SUMO_carro_1000__t0001
63;vehicles_step_sim_3.csv;SUMO_carro_1000;HBEFA4/PC_petrol_Euro-6ab;Gasoline;1773509243;2026-03-14 17:27:23;2026-03-14 17:27:23;0,0;3,165874;3,023753;0,142121;49,5299002995671;114414,069692;609,430745;-113804,638947;-5,69023194735;35,105815;10,110547;40,77564360647124;-73,96068698429804;40,77225054358849;-73,96307061430005;40,7921353;-73,9678938;40,7889964;-73,9701843;True;True;0xCDcF7b2a3352a32cc28FD35C3924f5BD542a25Ea;324;324;324;0;0,0;3,1629318779968045;3,741303267580744;0,5783713895839395;326;0;324;0,0;False;0,01604860952229332;-0,006165267579053617;2,0;vehicles_step_sim_3__run063__SUMO_carro_1000__t0001
64;vehicles_step_sim_3.csv;SUMO_carro_1000;HBEFA4/PC_petrol_Euro-6ab;Gasoline;1773509243;2026-03-14 17:27:23;2026-03-14 17:27:23;0,0;3,165874;3,023753;0,142121;49,5299002995671;114414,069692;609,430745;-113804,638947;-5,69023194735;35,105815;10,110547;40,77564360647124;-73,96068698429804;40,77225054358849;-73,96307061430005;40,7854008;-73,9575948;40,7821529;-73,9599578;True;True;0xCDcF7b2a3352a32cc28FD35C3924f5BD542a25Ea;324;324;324;0;0,0;3,1629318779968045;3,0802736563867534;-0,0826582216100511;326;0;324;0,0;False;0,0102577223129088;0,0021347477719335984;2,0;vehicles_step_sim_3__run064__SUMO_carro_1000__t0001
65;vehicles_step_sim_3.csv;SUMO_carro_1000;HBEFA4/PC_petrol_Euro-6ab;Gasoline;1773509243;2026-03-14 17:27:23;2026-03-14 17:27:23;0,0;3,165874;3,023753;0,142121;49,5299002995671;114414,069692;609,430745;-113804,638947;-5,69023194735;35,105815;10,110547;40,77564360647124;-73,96068698429804;40,77225054358849;-73,96307061430005;40,7913623;-73,9618473;40,7881763;-73,9672511;True;True;0xCDcF7b2a3352a32cc28FD35C3924f5BD542a25Ea;324;324;324;0;0,0;3,1629318779968045;5,552656669332722;2,389724791335918;326;0;324;0,0;False;0,014897654053730438;-0,001765815624485264;2,0;vehicles_step_sim_3__run065__SUMO_carro_1000__t0001
66;vehicles_step_sim_3.csv;SUMO_carro_1000;HBEFA4/PC_petrol_Euro-6ab;Gasoline;1773509243;2026-03-14 17:27:23;2026-03-14 17:27:23;0,0;3,165874;3,023753;0,142121;49,5299002995671;114414,069692;609,430745;-113804,638947;-5,69023194735;35,105815;10,110547;40,77564360647124;-73,96068698429804;40,77225054358849;-73,96307061430005;40,7789129;-73,962222;40,7752787;-73,9649706;True;True;0xCDcF7b2a3352a32cc28FD35C3924f5BD542a25Ea;324;324;324;0;0,0;3,1629318779968045;3,40039979937209;0,2374679213752855;326;0;324;0,0;False;0,00304143915260013;-0,0014176310850704515;2,0;vehicles_step_sim_3__run066__SUMO_carro_1000__t0001
67;vehicles_step_sim_3.csv;SUMO_carro_1000;HBEFA4/PC_petrol_Euro-6ab;Gasoline;1773509243;2026-03-14 17:27:23;2026-03-14 17:27:23;0,0;3,165874;3,023753;0,142121;49,5299002995671;114414,069692;609,430745;-113804,638947;-5,69023194735;35,105815;10,110547;40,77564360647124;-73,96068698429804;40,77225054358849;-73,96307061430005;40,7745492;-73,9579059;40,771123;-73,9597854;True;True;0xCDcF7b2a3352a32cc28FD35C3924f5BD542a25Ea;324;324;324;0;0,0;3,1629318779968045;2,929412975261543;-0,23351890273526132;326;0;324;0,0;False;-0,001227130400191382;0,002596201842665356;2,0;vehicles_step_sim_3__run067__SUMO_carro_1000__t0001
68;vehicles_step_sim_3.csv;SUMO_carro_1000;HBEFA4/PC_petrol_Euro-6ab;Gasoline;1773509243;2026-03-14 17:27:23;2026-03-14 17:27:23;0,0;3,165874;3,023753;0,142121;49,5299002995671;114414,069692;609,430745;-113804,638947;-5,69023194735;35,105815;10,110547;40,77564360647124;-73,96068698429804;40,77225054358849;-73,96307061430005;40,7860347;-73,9571313;40,7827859;-73,9594954;True;True;0xCDcF7b2a3352a32cc28FD35C3924f5BD542a25Ea;324;324;324;0;0,0;3,1629318779968045;3,1232159720931887;-0,039715905903615845;326;0;324;0,0;False;0,010592748026204347;0,0030055449119008133;2,0;vehicles_step_sim_3__run068__SUMO_carro_1000__t0001
69;vehicles_step_sim_3.csv;SUMO_carro_1000;HBEFA4/PC_petrol_Euro-6ab;Gasoline;1773509243;2026-03-14 17:27:23;2026-03-14 17:27:23;0,0;3,165874;3,023753;0,142121;49,5299002995671;114414,069692;609,430745;-113804,638947;-5,69023194735;35,105815;10,110547;40,77564360647124;-73,96068698429804;40,77225054358849;-73,96307061430005;40,783555;-73,9645572;40,7822741;-73,9634655;True;True;0xCDcF7b2a3352a32cc28FD35C3924f5BD542a25Ea;324;324;324;0;0,0;3,1629318779968045;3,0706209511306715;-0,09231092686613307;326;0;324;0,0;False;0,009402473027014212;-0,0029651893155423947;2,0;vehicles_step_sim_3__run069__SUMO_carro_1000__t0001
70;vehicles_step_sim_3.csv;SUMO_carro_1000;HBEFA4/PC_petrol_Euro-6ab;Gasoline;1773509243;2026-03-14 17:27:23;2026-03-14 17:27:23;0,0;3,165874;3,023753;0,142121;49,5299002995671;114414,069692;609,430745;-113804,638947;-5,69023194735;35,105815;10,110547;40,77564360647124;-73,96068698429804;40,77225054358849;-73,96307061430005;40,7792775;-73,9529686;40,7761774;-73,9557328;True;True;0xCDcF7b2a3352a32cc28FD35C3924f5BD542a25Ea;324;324;324;0;0,0;3,1629318779968045;3,704256767117808;0,5413248891210034;326;0;324;0,0;False;0,003490544580522997;0,00811027968685844;2,0;vehicles_step_sim_3__run070__SUMO_carro_1000__t0001
71;vehicles_step_sim_3.csv;SUMO_carro_1000;HBEFA4/PC_petrol_Euro-6ab;Gasoline;1773509243;2026-03-14 17:27:23;2026-03-14 17:27:23;0,0;3,165874;3,023753;0,142121;49,5299002995671;114414,069692;609,430745;-113804,638947;-5,69023194735;35,105815;10,110547;40,77564360647124;-73,96068698429804;40,77225054358849;-73,96307061430005;40,7635264;-73,9673717;40,7602986;-73,969731;True;True;0xCDcF7b2a3352a32cc28FD35C3924f5BD542a25Ea;324;324;324;0;0,0;3,1629318779968045;3,6919946929127487;0,5290628149159442;326;0;324;0,0;False;-0,011957479353401771;-0,0069636545792784;2,0;vehicles_step_sim_3__run071__SUMO_carro_1000__t0001
72;vehicles_step_sim_3.csv;SUMO_carro_1000;HBEFA4/PC_petrol_Euro-6ab;Gasoline;1773509243;2026-03-14 17:27:23;2026-03-14 17:27:23;0,0;3,165874;3,023753;0,142121;49,5299002995671;114414,069692;609,430745;-113804,638947;-5,69023194735;35,105815;10,110547;40,77564360647124;-73,96068698429804;40,77225054358849;-73,96307061430005;40,7759575;-73,9425397;40,7725537;-73,9451757;True;True;0xCDcF7b2a3352a32cc28FD35C3924f5BD542a25Ea;324;324;324;0;0,0;3,1629318779968045;6,871924141459654;3,708992263462849;326;0;324;0,0;False;0,00041026428094205985;0,017952517240510408;2,0;vehicles_step_sim_3__run072__SUMO_carro_1000__t0001
73;vehicles_step_sim_3.csv;SUMO_carro_1000;HBEFA4/PC_petrol_Euro-6ab;Gasoline;1773509243;2026-03-14 17:27:23;2026-03-14 17:27:23;0,0;3,165874;3,023753;0,142121;49,5299002995671;114414,069692;609,430745;-113804,638947;-5,69023194735;35,105815;10,110547;40,77564360647124;-73,96068698429804;40,77225054358849;-73,96307061430005;40,7691581;-73,9733565;40,7656295;-73,9761245;True;True;0xCDcF7b2a3352a32cc28FD35C3924f5BD542a25Ea;324;324;324;0;0,0;3,1629318779968045;2,8252010228504676;-0,33773085514633694;326;0;324;0,0;False;-0,005943929027145446;-0,012385117190817072;2,0;vehicles_step_sim_3__run073__SUMO_carro_1000__t0001
74;vehicles_step_sim_3.csv;SUMO_carro_1000;HBEFA4/PC_petrol_Euro-6ab;Gasoline;1773509243;2026-03-14 17:27:23;2026-03-14 17:27:23;0,0;3,165874;3,023753;0,142121;49,5299002995671;114414,069692;609,430745;-113804,638947;-5,69023194735;35,105815;10,110547;40,77564360647124;-73,96068698429804;40,77225054358849;-73,96307061430005;40,7902549;-73,9694538;40,7865986;-73,9721065;True;True;0xCDcF7b2a3352a32cc28FD35C3924f5BD542a25Ea;324;324;324;0;0,0;3,1629318779968045;3,604727670540532;0,4417957925437275;326;0;324;0,0;False;0,01437699040450912;-0,00874448103922144;2,0;vehicles_step_sim_3__run074__SUMO_carro_1000__t0001
75;vehicles_step_sim_3.csv;SUMO_carro_1000;HBEFA4/PC_petrol_Euro-6ab;Gasoline;1773509243;2026-03-14 17:27:23;2026-03-14 17:27:23;0,0;3,165874;3,023753;0,142121;49,5299002995671;114414,069692;609,430745;-113804,638947;-5,69023194735;35,105815;10,110547;40,77564360647124;-73,96068698429804;40,77225054358849;-73,96307061430005;40,7749114;-73,9566621;40,7716503;-73,9590479;True;True;0xCDcF7b2a3352a32cc28FD35C3924f5BD542a25Ea;324;324;324;0;0,0;3,1629318779968045;4,3071747401673015;1,144242862170497;326;0;324;0,0;False;-0,0011651864127451095;0,004722720690166971;2,0;vehicles_step_sim_3__run075__SUMO_carro_1000__t0001
76;vehicles_step_sim_3.csv;SUMO_carro_1000;HBEFA4/PC_petrol_Euro-6ab;Gasoline;1773509243;2026-03-14 17:27:23;2026-03-14 17:27:23;0,0;3,165874;3,023753;0,142121;49,5299002995671;114414,069692;609,430745;-113804,638947;-5,69023194735;35,105815;10,110547;40,77564360647124;-73,96068698429804;40,77225054358849;-73,96307061430005;40,7941266;-73,9629129;40,7906542;-73,9654397;True;True;0xCDcF7b2a3352a32cc28FD35C3924f5BD542a25Ea;324;324;324;0;0,0;3,1629318779968045;2,391932873739353;-0,7709990042574515;326;0;324;0,0;False;0,017809927210724344;-0,0005547164381864184;2,0;vehicles_step_sim_3__run076__SUMO_carro_1000__t0001
77;vehicles_step_sim_3.csv;SUMO_carro_1000;HBEFA4/PC_petrol_Euro-6ab;Gasoline;1773509243;2026-03-14 17:27:23;2026-03-14 17:27:23;0,0;3,165874;3,023753;0,142121;49,5299002995671;114414,069692;609,430745;-113804,638947;-5,69023194735;35,105815;10,110547;40,77564360647124;-73,96068698429804;40,77225054358849;-73,96307061430005;40,7698264;-73,9547063;40,7665522;-73,9570925;True;True;0xCDcF7b2a3352a32cc28FD35C3924f5BD542a25Ea;324;324;324;0;0,0;3,1629318779968045;3,091258391947135;-0,0716734860496695;326;0;324;0,0;False;-0,005648280460819206;0,005447930242746997;2,0;vehicles_step_sim_3__run077__SUMO_carro_1000__t0001
78;vehicles_step_sim_3.csv;SUMO_carro_1000;HBEFA4/PC_petrol_Euro-6ab;Gasoline;1773509243;2026-03-14 17:27:23;2026-03-14 17:27:23;0,0;3,165874;3,023753;0,142121;49,5299002995671;114414,069692;609,430745;-113804,638947;-5,69023194735;35,105815;10,110547;40,77564360647124;-73,96068698429804;40,77225054358849;-73,96307061430005;40,7904514;-73,9658405;40,7872811;-73,9680574;True;True;0xCDcF7b2a3352a32cc28FD35C3924f5BD542a25Ea;324;324;324;0;0,0;3,1629318779968045;3,693846760428947;0,5309148824321426;326;0;324;0,0;False;0,014980702768165741;-0,005065192405147483;2,0;vehicles_step_sim_3__run078__SUMO_carro_1000__t0001
79;vehicles_step_sim_3.csv;SUMO_carro_1000;HBEFA4/PC_petrol_Euro-6ab;Gasoline;1773509243;2026-03-14 17:27:23;2026-03-14 17:27:23;0,0;3,165874;3,023753;0,142121;49,5299002995671;114414,069692;609,430745;-113804,638947;-5,69023194735;35,105815;10,110547;40,77564360647124;-73,96068698429804;40,77225054358849;-73,96307061430005;40,7795446;-73,9701653;40,7769426;-73,9754419;True;True;0xCDcF7b2a3352a32cc28FD35C3924f5BD542a25Ea;324;324;324;0;0,0;3,1629318779968045;3,2133880200569007;0,05045614206009619;326;0;324;0,0;False;0,0037204425004103508;-0,0093689789963333;2,0;vehicles_step_sim_3__run079__SUMO_carro_1000__t0001
80;vehicles_step_sim_3.csv;SUMO_carro_1000;HBEFA4/PC_petrol_Euro-6ab;Gasoline;1773509243;2026-03-14 17:27:23;2026-03-14 17:27:23;0,0;3,165874;3,023753;0,142121;49,5299002995671;114414,069692;609,430745;-113804,638947;-5,69023194735;35,105815;10,110547;40,77564360647124;-73,96068698429804;40,77225054358849;-73,96307061430005;40,7708629;-73,9673149;40,7678;-73,9697099;True;True;0xCDcF7b2a3352a32cc28FD35C3924f5BD542a25Ea;324;324;324;0;0,0;3,1629318779968045;3,541090926162489;0,37815904816568446;326;0;324;0,0;False;-0,004493272190481486;-0,0065383168153794555;2,0;vehicles_step_sim_3__run080__SUMO_carro_1000__t0001
81;vehicles_step_sim_3.csv;SUMO_carro_1000;HBEFA4/PC_petrol_Euro-6ab;Gasoline;1773509243;2026-03-14 17:27:23;2026-03-14 17:27:23;0,0;3,165874;3,023753;0,142121;49,5299002995671;114414,069692;609,430745;-113804,638947;-5,69023194735;35,105815;10,110547;40,77564360647124;-73,96068698429804;40,77225054358849;-73,96307061430005;40,7844876;-73,973476;40,7799769;-73,9747351;True;True;0xCDcF7b2a3352a32cc28FD35C3924f5BD542a25Ea;324;324;324;0;0,0;3,1629318779968045;3,958367308244344;0,7954354302475393;326;0;324;0,0;False;0,008302109829658965;-0,011574639072604411;2,0;vehicles_step_sim_3__run081__SUMO_carro_1000__t0001
82;vehicles_step_sim_3.csv;SUMO_carro_1000;HBEFA4/PC_petrol_Euro-6ab;Gasoline;1773509243;2026-03-14 17:27:23;2026-03-14 17:27:23;0,0;3,165874;3,023753;0,142121;49,5299002995671;114414,069692;609,430745;-113804,638947;-5,69023194735;35,105815;10,110547;40,77564360647124;-73,96068698429804;40,77225054358849;-73,96307061430005;40,7609988;-73,9671716;40,7576508;-73,9694481;True;True;0xCDcF7b2a3352a32cc28FD35C3924f5BD542a25Ea;324;324;324;0;0,0;3,1629318779968045;3,4600983192098016;0,29716644121299707;326;0;324;0,0;False;-0,01466011831875778;-0,006589393068363424;2,0;vehicles_step_sim_3__run082__SUMO_carro_1000__t0001
83;vehicles_step_sim_3.csv;SUMO_carro_1000;HBEFA4/PC_petrol_Euro-6ab;Gasoline;1773509243;2026-03-14 17:27:23;2026-03-14 17:27:23;0,0;3,165874;3,023753;0,142121;49,5299002995671;114414,069692;609,430745;-113804,638947;-5,69023194735;35,105815;10,110547;40,77564360647124;-73,96068698429804;40,77225054358849;-73,96307061430005;40,7623392;-73,9606603;40,7590453;-73,9625684;True;True;0xCDcF7b2a3352a32cc28FD35C3924f5BD542a25Ea;324;324;324;0;0,0;3,1629318779968045;3,4190532813757173;0,25612140337891276;326;0;324;0,0;False;-0,013047592922645021;0,0003945236512051479;2,0;vehicles_step_sim_3__run083__SUMO_carro_1000__t0001
84;vehicles_step_sim_3.csv;SUMO_carro_1000;HBEFA4/PC_petrol_Euro-6ab;Gasoline;1773509243;2026-03-14 17:27:23;2026-03-14 17:27:23;0,0;3,165874;3,023753;0,142121;49,5299002995671;114414,069692;609,430745;-113804,638947;-5,69023194735;35,105815;10,110547;40,77564360647124;-73,96068698429804;40,77225054358849;-73,96307061430005;40,7691539;-73,948724;40,765849;-73,9514797;True;True;0xCDcF7b2a3352a32cc28FD35C3924f5BD542a25Ea;324;324;324;0;0,0;3,1629318779968045;3,067097223015149;-0,09583465498165555;326;0;324;0,0;False;-0,006669545709941158;0,012236415959481868;2,0;vehicles_step_sim_3__run084__SUMO_carro_1000__t0001
85;vehicles_step_sim_3.csv;SUMO_carro_1000;HBEFA4/PC_petrol_Euro-6ab;Gasoline;1773509243;2026-03-14 17:27:23;2026-03-14 17:27:23;0,0;3,165874;3,023753;0,142121;49,5299002995671;114414,069692;609,430745;-113804,638947;-5,69023194735;35,105815;10,110547;40,77564360647124;-73,96068698429804;40,77225054358849;-73,96307061430005;40,7730823;-73,9665764;40,7690909;-73,9731493;True;True;0xCDcF7b2a3352a32cc28FD35C3924f5BD542a25Ea;324;324;324;0;0,0;3,1629318779968045;2,83813769576933;-0,3247941822274747;326;0;324;0,0;False;-0,0013477834146531345;-0,009084016079060748;2,0;vehicles_step_sim_3__run085__SUMO_carro_1000__t0001
86;vehicles_step_sim_3.csv;SUMO_carro_1000;HBEFA4/PC_petrol_Euro-6ab;Gasoline;1773509243;2026-03-14 17:27:23;2026-03-14 17:27:23;0,0;3,165874;3,023753;0,142121;49,5299002995671;114414,069692;609,430745;-113804,638947;-5,69023194735;35,105815;10,110547;40,77564360647124;-73,96068698429804;40,77225054358849;-73,96307061430005;40,7780575;-73,9654793;40,7751049;-73,9650975;True;True;0xCDcF7b2a3352a32cc28FD35C3924f5BD542a25Ea;324;324;324;0;0,0;3,1629318779968045;3,348140055139492;0,18520817714268745;326;0;324;0,0;False;0,0037842634001351463;-0,004199458130927389;2,0;vehicles_step_sim_3__run086__SUMO_carro_1000__t0001
87;vehicles_step_sim_3.csv;SUMO_carro_1000;HBEFA4/PC_petrol_Euro-6ab;Gasoline;1773509243;2026-03-14 17:27:23;2026-03-14 17:27:23;0,0;3,165874;3,023753;0,142121;49,5299002995671;114414,069692;609,430745;-113804,638947;-5,69023194735;35,105815;10,110547;40,77564360647124;-73,96068698429804;40,77225054358849;-73,96307061430005;40,7739449;-73,9785123;40,7709402;-73,9810753;True;True;0xCDcF7b2a3352a32cc28FD35C3924f5BD542a25Ea;324;324;324;0;0,0;3,1629318779968045;3,8539774391974917;0,6910455612006872;326;0;324;0,0;False;-0,001176067870723295;-0,01767439458621501;2,0;vehicles_step_sim_3__run087__SUMO_carro_1000__t0001
88;vehicles_step_sim_3.csv;SUMO_carro_1000;HBEFA4/PC_petrol_Euro-6ab;Gasoline;1773509243;2026-03-14 17:27:23;2026-03-14 17:27:23;0,0;3,165874;3,023753;0,142121;49,5299002995671;114414,069692;609,430745;-113804,638947;-5,69023194735;35,105815;10,110547;40,77564360647124;-73,96068698429804;40,77225054358849;-73,96307061430005;40,7709797;-73,9507474;40,7674836;-73,9531127;True;True;0xCDcF7b2a3352a32cc28FD35C3924f5BD542a25Ea;324;324;324;0;0,0;3,1629318779968045;3,480036677195655;0,31710479919885026;326;0;324;0,0;False;-0,004815913316767351;0,010229080615515357;2,0;vehicles_step_sim_3__run088__SUMO_carro_1000__t0001
89;vehicles_step_sim_3.csv;SUMO_carro_1000;HBEFA4/PC_petrol_Euro-6ab;Gasoline;1773509243;2026-03-14 17:27:23;2026-03-14 17:27:23;0,0;3,165874;3,023753;0,142121;49,5299002995671;114414,069692;609,430745;-113804,638947;-5,69023194735;35,105815;10,110547;40,77564360647124;-73,96068698429804;40,77225054358849;-73,96307061430005;40,7766188;-73,9528384;40,7736588;-73,9558031;True;True;0xCDcF7b2a3352a32cc28FD35C3924f5BD542a25Ea;324;324;324;0;0,0;3,1629318779968045;4,050000543030934;0,8870686650341293;326;0;324;0,0;False;0,0010887246277953956;0,007355308952946053;2,0;vehicles_step_sim_3__run089__SUMO_carro_1000__t0001
90;vehicles_step_sim_3.csv;SUMO_carro_1000;HBEFA4/PC_petrol_Euro-6ab;Gasoline;1773509243;2026-03-14 17:27:23;2026-03-14 17:27:23;0,0;3,165874;3,023753;0,142121;49,5299002995671;114414,069692;609,430745;-113804,638947;-5,69023194735;35,105815;10,110547;40,77564360647124;-73,96068698429804;40,77225054358849;-73,96307061430005;40,7704772;-73,9756095;40,7662706;-73,9776429;True;True;0xCDcF7b2a3352a32cc28FD35C3924f5BD542a25Ea;324;324;324;0;0,0;3,1629318779968045;3,086434598040333;-0,0764972799564716;326;0;324;0,0;False;-0,004157568888098393;-0,013935908648527132;2,0;vehicles_step_sim_3__run090__SUMO_carro_1000__t0001
91;vehicles_step_sim_3.csv;SUMO_carro_1000;HBEFA4/PC_petrol_Euro-6ab;Gasoline;1773509243;2026-03-14 17:27:23;2026-03-14 17:27:23;0,0;3,165874;3,023753;0,142121;49,5299002995671;114414,069692;609,430745;-113804,638947;-5,69023194735;35,105815;10,110547;40,77564360647124;-73,96068698429804;40,77225054358849;-73,96307061430005;40,7725558;-73,9669592;40,7693532;-73,9738312;True;True;0xCDcF7b2a3352a32cc28FD35C3924f5BD542a25Ea;324;324;324;0;0,0;3,1629318779968045;2,8827325831882127;-0,28019929480859185;326;0;324;0,0;False;-0,0014812753255940246;-0,009552988954738101;2,0;vehicles_step_sim_3__run091__SUMO_carro_1000__t0001
92;vehicles_step_sim_3.csv;SUMO_carro_1000;HBEFA4/PC_petrol_Euro-6ab;Gasoline;1773509243;2026-03-14 17:27:23;2026-03-14 17:27:23;0,0;3,165874;3,023753;0,142121;49,5299002995671;114414,069692;609,430745;-113804,638947;-5,69023194735;35,105815;10,110547;40,77564360647124;-73,96068698429804;40,77225054358849;-73,96307061430005;40,7697082;-73,9647378;40,7660664;-73,9673933;True;True;0xCDcF7b2a3352a32cc28FD35C3924f5BD542a25Ea;324;324;324;0;0,0;3,1629318779968045;3,4589721307678833;0,2960402527710788;326;0;324;0,0;False;-0,006116203762052944;-0,004021235994468833;2,0;vehicles_step_sim_3__run092__SUMO_carro_1000__t0001
93;vehicles_step_sim_3.csv;SUMO_carro_1000;HBEFA4/PC_petrol_Euro-6ab;Gasoline;1773509243;2026-03-14 17:27:23;2026-03-14 17:27:23;0,0;3,165874;3,023753;0,142121;49,5299002995671;114414,069692;609,430745;-113804,638947;-5,69023194735;35,105815;10,110547;40,77564360647124;-73,96068698429804;40,77225054358849;-73,96307061430005;40,7903678;-73,9518753;40,7869495;-73,9534929;True;True;0xCDcF7b2a3352a32cc28FD35C3924f5BD542a25Ea;324;324;324;0;0,0;3,1629318779968045;4,523470876325272;1,360538998328467;326;0;324;0,0;False;0,014419986499573708;0,009550181532947373;2,0;vehicles_step_sim_3__run093__SUMO_carro_1000__t0001
94;vehicles_step_sim_3.csv;SUMO_carro_1000;HBEFA4/PC_petrol_Euro-6ab;Gasoline;1773509243;2026-03-14 17:27:23;2026-03-14 17:27:23;0,0;3,165874;3,023753;0,142121;49,5299002995671;114414,069692;609,430745;-113804,638947;-5,69023194735;35,105815;10,110547;40,77564360647124;-73,96068698429804;40,77225054358849;-73,96307061430005;40,7892689;-73,9568245;40,7865434;-73,9567593;True;True;0xCDcF7b2a3352a32cc28FD35C3924f5BD542a25Ea;324;324;324;0;0,0;3,1629318779968045;3,2742067289865475;0,11127485098974299;326;0;324;0,0;False;0,01505703496225105;0,004521462248751645;2,0;vehicles_step_sim_3__run094__SUMO_carro_1000__t0001
95;vehicles_step_sim_3.csv;SUMO_carro_1000;HBEFA4/PC_petrol_Euro-6ab;Gasoline;1773509243;2026-03-14 17:27:23;2026-03-14 17:27:23;0,0;3,165874;3,023753;0,142121;49,5299002995671;114414,069692;609,430745;-113804,638947;-5,69023194735;35,105815;10,110547;40,77564360647124;-73,96068698429804;40,77225054358849;-73,96307061430005;40,7725558;-73,9669592;40,7699024;-73,9747411;True;True;0xCDcF7b2a3352a32cc28FD35C3924f5BD542a25Ea;324;324;324;0;0,0;3,1629318779968045;3,994829384392977;0,8318975063961727;326;0;324;0,0;False;-0,0012706595892121595;-0,010162328084023908;2,0;vehicles_step_sim_3__run095__SUMO_carro_1000__t0001
96;vehicles_step_sim_3.csv;SUMO_carro_1000;HBEFA4/PC_petrol_Euro-6ab;Gasoline;1773509243;2026-03-14 17:27:23;2026-03-14 17:27:23;0,0;3,165874;3,023753;0,142121;49,5299002995671;114414,069692;609,430745;-113804,638947;-5,69023194735;35,105815;10,110547;40,77564360647124;-73,96068698429804;40,77225054358849;-73,96307061430005;40,7731006;-73,9782438;40,7698597;-73,9806229;True;True;0xCDcF7b2a3352a32cc28FD35C3924f5BD542a25Ea;324;324;324;0;0,0;3,1629318779968045;3,095406444628887;-0,06752543336791739;326;0;324;0,0;False;-0,0028451438530340866;-0,016533279822434167;2,0;vehicles_step_sim_3__run096__SUMO_carro_1000__t0001
97;vehicles_step_sim_3.csv;SUMO_carro_1000;HBEFA4/PC_petrol_Euro-6ab;Gasoline;1773509243;2026-03-14 17:27:23;2026-03-14 17:27:23;0,0;3,165874;3,023753;0,142121;49,5299002995671;114414,069692;609,430745;-113804,638947;-5,69023194735;35,105815;10,110547;40,77564360647124;-73,96068698429804;40,77225054358849;-73,96307061430005;40,7755936;-73,976586;40,772024;-73,9797962;True;True;0xCDcF7b2a3352a32cc28FD35C3924f5BD542a25Ea;324;324;324;0;0,0;3,1629318779968045;3,146146573064062;-0,016785304932742662;326;0;324;0,0;False;8,200922147422247e-05;-0,016470418211641;2,0;vehicles_step_sim_3__run097__SUMO_carro_1000__t0001
98;vehicles_step_sim_3.csv;SUMO_carro_1000;HBEFA4/PC_petrol_Euro-6ab;Gasoline;1773509243;2026-03-14 17:27:23;2026-03-14 17:27:23;0,0;3,165874;3,023753;0,142121;49,5299002995671;114414,069692;609,430745;-113804,638947;-5,69023194735;35,105815;10,110547;40,77564360647124;-73,96068698429804;40,77225054358849;-73,96307061430005;40,7609811;-73,9564219;40,7580288;-73,9590876;True;True;0xCDcF7b2a3352a32cc28FD35C3924f5BD542a25Ea;324;324;324;0;0,0;3,1629318779968045;3,698451327888627;0,5355194498918223;326;0;324;0,0;False;-0,014393830279741166;0,003993246807752355;2,0;vehicles_step_sim_3__run098__SUMO_carro_1000__t0001
99;vehicles_step_sim_3.csv;SUMO_carro_1000;HBEFA4/PC_petrol_Euro-6ab;Gasoline;1773509243;2026-03-14 17:27:23;2026-03-14 17:27:23;0,0;3,165874;3,023753;0,142121;49,5299002995671;114414,069692;609,430745;-113804,638947;-5,69023194735;35,105815;10,110547;40,77564360647124;-73,96068698429804;40,77225054358849;-73,96307061430005;40,7661763;-73,9510389;40,7628245;-73,9540532;True;True;0xCDcF7b2a3352a32cc28FD35C3924f5BD542a25Ea;324;324;324;0;0,0;3,1629318779968045;4,681294038094096;1,5183621600972916;326;0;324;0,0;False;-0,009878925951873086;0,010262098848601365;2,0;vehicles_step_sim_3__run099__SUMO_carro_1000__t0001
100;vehicles_step_sim_3.csv;SUMO_carro_1000;HBEFA4/PC_petrol_Euro-6ab;Gasoline;1773509243;2026-03-14 17:27:23;2026-03-14 17:27:23;0,0;3,165874;3,023753;0,142121;49,5299002995671;114414,069692;609,430745;-113804,638947;-5,69023194735;35,105815;10,110547;40,77564360647124;-73,96068698429804;40,77225054358849;-73,96307061430005;40,7890673;-73,9666014;40,7838444;-73,9655375;True;True;0xCDcF7b2a3352a32cc28FD35C3924f5BD542a25Ea;324;324;324;0;0,0;3,1629318779968045;4,111815967264229;0,9488840892674242;326;0;324;0,0;False;0,011713647316579048;-0,0024341262848286637;2,0;vehicles_step_sim_3__run100__SUMO_carro_1000__t0001
