VIN;Modelo;Distancia_SUMO_km;Num_Pontos_Trajeto_Original;Num_Pontos_Trajeto_com_Offset;Diferenca_Num_Pontos;Diferenca_Num_Pontos_Percentual;Distancia_Trajeto_Original_km;Distancia_Trajeto_com_Offset_km;Diferenca_Distancia_km;Offset_Cancelado;Tentativas_MapMatching;Pontos_Descartados_MapMatching;Start_Lat_Original;Start_Lon_Original;End_Lat_Original;End_Lon_Original;Start_Lat_com_Offset;Start_Lon_com_Offset;End_Lat_com_Offset;End_Lon_com_Offset;Diferenca_Distancia_Percentual;Offset_X_Graus;Offset_Y_Graus;Raio_Maximo_km
SUMO_carro_1000;HBEFA4/PC_petrol_Euro-6ab;1,4100;131;131;0;0,0000;3,4531;3,7174;0,2643;False;133;0;40,7756;-73,9607;40,7730;-73,9622;40,7682;-73,9557;40,7658;-73,9573;7,6534;-0,0075;0,0052;2,0000
SUMO_carro_1000;HBEFA4/PC_petrol_Euro-6ab;1,4100;131;131;0;0,0000;3,4531;3,6090;0,1559;False;133;0;40,7756;-73,9607;40,7730;-73,9622;40,7686;-73,9677;40,7660;-73,9695;4,5148;-0,0071;-0,0069;2,0000
SUMO_carro_1000;HBEFA4/PC_petrol_Euro-6ab;1,4100;131;131;0;0,0000;3,4531;3,2215;-0,2317;False;133;0;40,7756;-73,9607;40,7730;-73,9622;40,7918;-73,9630;40,7903;-73,9657;-6,7086;0,0166;-0,0021;2,0000
SUMO_carro_1000;HBEFA4/PC_petrol_Euro-6ab;1,4100;131;131;0;0,0000;3,4531;8,2314;4,7783;False;133;0;40,7756;-73,9607;40,7730;-73,9622;40,7782;-73,9745;40,7756;-73,9764;138,3781;0,0015;-0,0108;2,0000
SUMO_carro_1000;HBEFA4/PC_petrol_Euro-6ab;1,4100;131;131;0;0,0000;3,4531;2,8758;-0,5773;False;133;0;40,7756;-73,9607;40,7730;-73,9622;40,7711;-73,9680;40,7688;-73,9707;-16,7188;-0,0042;-0,0085;2,0000
SUMO_carro_1000;HBEFA4/PC_petrol_Euro-6ab;1,4100;131;131;0;0,0000;3,4531;2,8725;-0,5806;False;133;0;40,7756;-73,9607;40,7730;-73,9622;40,7724;-73,9468;40,7701;-73,9494;-16,8136;-0,0029;0,0128;2,0000
SUMO_carro_1000;HBEFA4/PC_petrol_Euro-6ab;1,4100;131;131;0;0,0000;3,4531;3,7511;0,2980;False;133;0;40,7756;-73,9607;40,7730;-73,9622;40,7767;-73,9468;40,7740;-73,9487;8,6309;0,0011;0,0132;2,0000
SUMO_carro_1000;HBEFA4/PC_petrol_Euro-6ab;1,4100;131;131;0;0,0000;3,4531;3,5542;0,1011;False;133;0;40,7756;-73,9607;40,7730;-73,9622;40,7896;-73,9576;40,7896;-73,9576;2,9288;0,0155;0,0039;2,0000
SUMO_carro_1000;HBEFA4/PC_petrol_Euro-6ab;1,4100;131;131;0;0,0000;3,4531;5,4116;1,9584;False;133;0;40,7756;-73,9607;40,7730;-73,9622;40,7750;-73,9769;40,7714;-73,9772;56,7156;-0,0011;-0,0147;2,0000
SUMO_carro_1000;HBEFA4/PC_petrol_Euro-6ab;1,4100;131;131;0;0,0000;3,4531;4,0842;0,6311;False;133;0;40,7756;-73,9607;40,7730;-73,9622;40,7871;-73,9519;40,7840;-73,9525;18,2775;0,0115;0,0095;2,0000
SUMO_carro_1000;HBEFA4/PC_petrol_Euro-6ab;1,4100;131;131;0;0,0000;3,4531;4,2248;0,7717;False;133;0;40,7756;-73,9607;40,7730;-73,9622;40,7827;-73,9636;40,7781;-73,9656;22,3476;0,0071;-0,0027;2,0000
SUMO_carro_1000;HBEFA4/PC_petrol_Euro-6ab;1,4100;131;131;0;0,0000;3,4531;5,5458;2,0927;False;133;0;40,7756;-73,9607;40,7730;-73,9622;40,7695;-73,9741;40,7658;-73,9764;60,6030;-0,0073;-0,0144;2,0000
SUMO_carro_1000;HBEFA4/PC_petrol_Euro-6ab;1,4100;131;131;0;0,0000;3,4531;2,6455;-0,8076;False;133;0;40,7756;-73,9607;40,7730;-73,9622;40,7695;-73,9482;40,7667;-73,9506;-23,3891;-0,0071;0,0138;2,0000
SUMO_carro_1000;HBEFA4/PC_petrol_Euro-6ab;1,4100;131;131;0;0,0000;3,4531;8,8982;5,4451;False;133;0;40,7756;-73,9607;40,7730;-73,9622;40,7761;-73,9761;40,7705;-73,9756;157,6871;-0,0013;-0,0116;2,0000
SUMO_carro_1000;HBEFA4/PC_petrol_Euro-6ab;1,4100;131;131;0;0,0000;3,4531;3,3598;-0,0933;False;133;0;40,7756;-73,9607;40,7730;-73,9622;40,7736;-73,9598;40,7705;-73,9603;-2,7010;-0,0021;0,0013;2,0000
SUMO_carro_1000;HBEFA4/PC_petrol_Euro-6ab;1,4100;131;131;0;0,0000;3,4531;3,1339;-0,3192;False;133;0;40,7756;-73,9607;40,7730;-73,9622;40,7762;-73,9439;40,7732;-73,9448;-9,2443;0,0005;0,0171;2,0000
SUMO_carro_1000;HBEFA4/PC_petrol_Euro-6ab;1,4100;131;131;0;0,0000;3,4531;1,9266;-1,5265;False;133;0;40,7756;-73,9607;40,7730;-73,9622;40,7902;-73,9596;40,7903;-73,9598;-44,2068;0,0156;0,0015;2,0000
SUMO_carro_1000;HBEFA4/PC_petrol_Euro-6ab;1,4100;131;131;0;0,0000;3,4531;3,4778;0,0247;False;133;0;40,7756;-73,9607;40,7730;-73,9622;40,7822;-73,9580;40,7795;-73,9598;0,7154;0,0064;0,0023;2,0000
SUMO_carro_1000;HBEFA4/PC_petrol_Euro-6ab;1,4100;131;131;0;0,0000;3,4531;3,0427;-0,4104;False;133;0;40,7756;-73,9607;40,7730;-73,9622;40,7781;-73,9659;40,7750;-73,9652;-11,8861;0,0028;-0,0053;2,0000
SUMO_carro_1000;HBEFA4/PC_petrol_Euro-6ab;1,4100;131;131;0;0,0000;3,4531;4,2397;0,7866;False;133;0;40,7756;-73,9607;40,7730;-73,9622;40,7615;-73,9705;40,7587;-73,9717;22,7790;-0,0145;-0,0097;2,0000
SUMO_carro_1000;HBEFA4/PC_petrol_Euro-6ab;1,4100;131;131;0;0,0000;3,4531;3,5425;0,0894;False;133;0;40,7756;-73,9607;40,7730;-73,9622;40,7606;-73,9626;40,7577;-73,9636;2,5895;-0,0152;-0,0020;2,0000
SUMO_carro_1000;HBEFA4/PC_petrol_Euro-6ab;1,4100;131;131;0;0,0000;3,4531;2,9256;-0,5275;False;133;0;40,7756;-73,9607;40,7730;-73,9622;40,7913;-73,9617;40,7898;-73,9661;-15,2754;0,0157;-0,0009;2,0000
SUMO_carro_1000;HBEFA4/PC_petrol_Euro-6ab;1,4100;131;131;0;0,0000;3,4531;4,6702;1,2171;False;133;0;40,7756;-73,9607;40,7730;-73,9622;40,7877;-73,9713;40,7851;-73,9730;35,2453;0,0118;-0,0106;2,0000
SUMO_carro_1000;HBEFA4/PC_petrol_Euro-6ab;1,4100;131;131;0;0,0000;3,4531;3,6052;0,1521;False;133;0;40,7756;-73,9607;40,7730;-73,9622;40,7911;-73,9534;40,7886;-73,9552;4,4033;0,0158;0,0069;2,0000
SUMO_carro_1000;HBEFA4/PC_petrol_Euro-6ab;1,4100;131;131;0;0,0000;3,4531;2,9601;-0,4930;False;133;0;40,7756;-73,9607;40,7730;-73,9622;40,7808;-73,9467;40,7782;-73,9486;-14,2770;0,0053;0,0134;2,0000
SUMO_carro_1000;HBEFA4/PC_petrol_Euro-6ab;1,4100;131;131;0;0,0000;3,4531;3,5106;0,0575;False;133;0;40,7756;-73,9607;40,7730;-73,9622;40,7872;-73,9563;40,7847;-73,9581;1,6657;0,0118;0,0039;2,0000
SUMO_carro_1000;HBEFA4/PC_petrol_Euro-6ab;1,4100;131;131;0;0,0000;3,4531;2,7752;-0,6779;False;133;0;40,7756;-73,9607;40,7730;-73,9622;40,7651;-73,9731;40,7630;-73,9741;-19,6311;-0,0097;-0,0128;2,0000
SUMO_carro_1000;HBEFA4/PC_petrol_Euro-6ab;1,4100;131;131;0;0,0000;3,4531;3,1343;-0,3188;False;133;0;40,7756;-73,9607;40,7730;-73,9622;40,7878;-73,9714;40,7859;-73,9728;-9,2327;0,0129;-0,0116;2,0000
SUMO_carro_1000;HBEFA4/PC_petrol_Euro-6ab;1,4100;131;131;0;0,0000;3,4531;4,6874;1,2343;False;133;0;40,7756;-73,9607;40,7730;-73,9622;40,7879;-73,9674;40,7840;-73,9662;35,7445;0,0112;-0,0037;2,0000
SUMO_carro_1000;HBEFA4/PC_petrol_Euro-6ab;1,4100;131;131;0;0,0000;3,4531;4,2122;0,7591;False;133;0;40,7756;-73,9607;40,7730;-73,9622;40,7821;-73,9634;40,7783;-73,9667;21,9827;0,0058;-0,0045;2,0000
SUMO_carro_1000;HBEFA4/PC_petrol_Euro-6ab;1,4100;131;131;0;0,0000;3,4531;2,7123;-0,7408;False;133;0;40,7756;-73,9607;40,7730;-73,9622;40,7776;-73,9751;40,7750;-73,9770;-21,4533;0,0025;-0,0151;2,0000
SUMO_carro_1000;HBEFA4/PC_petrol_Euro-6ab;1,4100;131;131;0;0,0000;3,4531;9,1655;5,7124;False;133;0;40,7756;-73,9607;40,7730;-73,9622;40,7769;-73,9755;40,7705;-73,9756;165,4272;-0,0006;-0,0109;2,0000
SUMO_carro_1000;HBEFA4/PC_petrol_Euro-6ab;1,4100;131;131;0;0,0000;3,4531;1,8021;-1,6510;False;133;0;40,7756;-73,9607;40,7730;-73,9622;40,7846;-73,9673;40,7842;-73,9668;-47,8113;0,0096;-0,0058;2,0000
SUMO_carro_1000;HBEFA4/PC_petrol_Euro-6ab;1,4100;131;131;0;0,0000;3,4531;4,1547;0,7016;False;133;0;40,7756;-73,9607;40,7730;-73,9622;40,7671;-73,9543;40,7645;-73,9561;20,3180;-0,0087;0,0056;2,0000
SUMO_carro_1000;HBEFA4/PC_petrol_Euro-6ab;1,4100;131;131;0;0,0000;3,4531;3,8151;0,3620;False;133;0;40,7756;-73,9607;40,7730;-73,9622;40,7794;-73,9775;40,7770;-73,9791;10,4829;0,0043;-0,0172;2,0000
SUMO_carro_1000;HBEFA4/PC_petrol_Euro-6ab;1,4100;131;131;0;0,0000;3,4531;3,4329;-0,0202;False;133;0;40,7756;-73,9607;40,7730;-73,9622;40,7731;-73,9545;40,7704;-73,9542;-0,5841;-0,0022;0,0069;2,0000
SUMO_carro_1000;HBEFA4/PC_petrol_Euro-6ab;1,4100;131;131;0;0,0000;3,4531;3,4247;-0,0284;False;133;0;40,7756;-73,9607;40,7730;-73,9622;40,7885;-73,9709;40,7859;-73,9728;-0,8231;0,0128;-0,0108;2,0000
SUMO_carro_1000;HBEFA4/PC_petrol_Euro-6ab;1,4100;131;131;0;0,0000;3,4531;2,5858;-0,8673;False;133;0;40,7756;-73,9607;40,7730;-73,9622;40,7750;-73,9770;40,7725;-73,9789;-25,1152;-0,0003;-0,0167;2,0000
SUMO_carro_1000;HBEFA4/PC_petrol_Euro-6ab;1,4100;131;131;0;0,0000;3,4531;2,8345;-0,6186;False;133;0;40,7756;-73,9607;40,7730;-73,9622;40,7711;-73,9477;40,7685;-73,9493;-17,9153;-0,0045;0,0128;2,0000
SUMO_carro_1000;HBEFA4/PC_petrol_Euro-6ab;1,4100;131;131;0;0,0000;3,4531;2,4641;-0,9890;False;133;0;40,7756;-73,9607;40,7730;-73,9622;40,7782;-73,9747;40,7756;-73,9766;-28,6401;0,0030;-0,0146;2,0000
SUMO_carro_1000;HBEFA4/PC_petrol_Euro-6ab;1,4100;131;131;0;0,0000;3,4531;3,6679;0,2148;False;133;0;40,7756;-73,9607;40,7730;-73,9622;40,7726;-73,9556;40,7701;-73,9573;6,2204;-0,0032;0,0050;2,0000
SUMO_carro_1000;HBEFA4/PC_petrol_Euro-6ab;1,4100;131;131;0;0,0000;3,4531;3,7275;0,2744;False;133;0;40,7756;-73,9607;40,7730;-73,9622;40,7593;-73,9622;40,7559;-73,9632;7,9474;-0,0166;-0,0013;2,0000
SUMO_carro_1000;HBEFA4/PC_petrol_Euro-6ab;1,4100;131;131;0;0,0000;3,4531;3,6802;0,2271;False;133;0;40,7756;-73,9607;40,7730;-73,9622;40,7805;-73,9500;40,7778;-73,9518;6,5756;0,0047;0,0101;2,0000
SUMO_carro_1000;HBEFA4/PC_petrol_Euro-6ab;1,4100;131;131;0;0,0000;3,4531;3,6941;0,2410;False;133;0;40,7756;-73,9607;40,7730;-73,9622;40,7737;-73,9579;40,7710;-73,9595;6,9804;-0,0020;0,0028;2,0000
SUMO_carro_1000;HBEFA4/PC_petrol_Euro-6ab;1,4100;131;131;0;0,0000;3,4531;3,0167;-0,4364;False;133;0;40,7756;-73,9607;40,7730;-73,9622;40,7618;-73,9576;40,7595;-73,9597;-12,6381;-0,0136;0,0025;2,0000
SUMO_carro_1000;HBEFA4/PC_petrol_Euro-6ab;1,4100;131;131;0;0,0000;3,4531;3,3530;-0,1002;False;133;0;40,7756;-73,9607;40,7730;-73,9622;40,7634;-73,9711;40,7610;-73,9732;-2,9003;-0,0124;-0,0105;2,0000
SUMO_carro_1000;HBEFA4/PC_petrol_Euro-6ab;1,4100;131;131;0;0,0000;3,4531;4,4326;0,9795;False;133;0;40,7756;-73,9607;40,7730;-73,9622;40,7858;-73,9489;40,7832;-73,9506;28,3645;0,0099;0,0118;2,0000
SUMO_carro_1000;HBEFA4/PC_petrol_Euro-6ab;1,4100;131;131;0;0,0000;3,4531;4,3438;0,8907;False;133;0;40,7756;-73,9607;40,7730;-73,9622;40,7660;-73,9656;40,7635;-73,9672;25,7929;-0,0091;-0,0051;2,0000
SUMO_carro_1000;HBEFA4/PC_petrol_Euro-6ab;1,4100;131;131;0;0,0000;3,4531;3,9613;0,5082;False;133;0;40,7756;-73,9607;40,7730;-73,9622;40,7705;-73,9756;40,7663;-73,9776;14,7184;-0,0056;-0,0150;2,0000
SUMO_carro_1000;HBEFA4/PC_petrol_Euro-6ab;1,4100;131;131;0;0,0000;3,4531;3,5042;0,0511;False;133;0;40,7756;-73,9607;40,7730;-73,9622;40,7859;-73,9748;40,7836;-73,9753;1,4801;0,0108;-0,0137;2,0000
SUMO_carro_1000;HBEFA4/PC_petrol_Euro-6ab;1,4100;131;131;0;0,0000;3,4531;3,8500;0,3969;False;133;0;40,7756;-73,9607;40,7730;-73,9622;40,7810;-73,9587;40,7782;-73,9606;11,4953;0,0053;0,0022;2,0000
SUMO_carro_1000;HBEFA4/PC_petrol_Euro-6ab;1,4100;131;131;0;0,0000;3,4531;3,4990;0,0459;False;133;0;40,7756;-73,9607;40,7730;-73,9622;40,7808;-73,9545;40,7784;-73,9552;1,3281;0,0051;0,0068;2,0000
SUMO_carro_1000;HBEFA4/PC_petrol_Euro-6ab;1,4100;131;131;0;0,0000;3,4531;2,2707;-1,1824;False;133;0;40,7756;-73,9607;40,7730;-73,9622;40,7898;-73,9662;40,7873;-73,9681;-34,2431;0,0147;-0,0065;2,0000
SUMO_carro_1000;HBEFA4/PC_petrol_Euro-6ab;1,4100;131;131;0;0,0000;3,4531;3,3181;-0,1350;False;133;0;40,7756;-73,9607;40,7730;-73,9622;40,7639;-73,9542;40,7612;-73,9558;-3,9083;-0,0118;0,0065;2,0000
SUMO_carro_1000;HBEFA4/PC_petrol_Euro-6ab;1,4100;131;131;0;0,0000;3,4531;3,2734;-0,1797;False;133;0;40,7756;-73,9607;40,7730;-73,9622;40,7809;-73,9510;40,7779;-73,9519;-5,2043;0,0055;0,0095;2,0000
SUMO_carro_1000;HBEFA4/PC_petrol_Euro-6ab;1,4100;131;131;0;0,0000;3,4531;3,6595;0,2064;False;133;0;40,7756;-73,9607;40,7730;-73,9622;40,7865;-73,9503;40,7839;-73,9522;5,9774;0,0109;0,0107;2,0000
SUMO_carro_1000;HBEFA4/PC_petrol_Euro-6ab;1,4100;131;131;0;0,0000;3,4531;4,9945;1,5414;False;133;0;40,7756;-73,9607;40,7730;-73,9622;40,7834;-73,9642;40,7828;-73,9636;44,6370;0,0098;-0,0018;2,0000
SUMO_carro_1000;HBEFA4/PC_petrol_Euro-6ab;1,4100;131;131;0;0,0000;3,4531;2,4504;-1,0027;False;133;0;40,7756;-73,9607;40,7730;-73,9622;40,7720;-73,9456;40,7698;-73,9480;-29,0387;-0,0041;0,0158;2,0000
SUMO_carro_1000;HBEFA4/PC_petrol_Euro-6ab;1,4100;131;131;0;0,0000;3,4531;2,9928;-0,4603;False;133;0;40,7756;-73,9607;40,7730;-73,9622;40,7774;-73,9430;40,7748;-73,9448;-13,3291;0,0017;0,0178;2,0000
SUMO_carro_1000;HBEFA4/PC_petrol_Euro-6ab;1,4100;131;131;0;0,0000;3,4531;3,0088;-0,4443;False;133;0;40,7756;-73,9607;40,7730;-73,9622;40,7894;-73,9571;40,7865;-73,9568;-12,8655;0,0142;0,0039;2,0000
SUMO_carro_1000;HBEFA4/PC_petrol_Euro-6ab;1,4100;131;131;0;0,0000;3,4531;5,4886;2,0355;False;133;0;40,7756;-73,9607;40,7730;-73,9622;40,7840;-73,9662;40,7791;-73,9689;58,9482;0,0068;-0,0060;2,0000
SUMO_carro_1000;HBEFA4/PC_petrol_Euro-6ab;1,4100;131;131;0;0,0000;3,4531;3,9148;0,4617;False;133;0;40,7756;-73,9607;40,7730;-73,9622;40,7616;-73,9665;40,7592;-73,9682;13,3696;-0,0140;-0,0058;2,0000
SUMO_carro_1000;HBEFA4/PC_petrol_Euro-6ab;1,4100;131;131;0;0,0000;3,4531;3,3706;-0,0825;False;133;0;40,7756;-73,9607;40,7730;-73,9622;40,7827;-73,9513;40,7802;-73,9532;-2,3880;0,0071;0,0089;2,0000
SUMO_carro_1000;HBEFA4/PC_petrol_Euro-6ab;1,4100;131;131;0;0,0000;3,4531;3,7262;0,2731;False;133;0;40,7756;-73,9607;40,7730;-73,9622;40,7625;-73,9570;40,7595;-73,9581;7,9088;-0,0133;0,0042;2,0000
SUMO_carro_1000;HBEFA4/PC_petrol_Euro-6ab;1,4100;131;131;0;0,0000;3,4531;2,5754;-0,8777;False;133;0;40,7756;-73,9607;40,7730;-73,9622;40,7757;-73,9646;40,7732;-73,9665;-25,4170;0,0009;-0,0057;2,0000
SUMO_carro_1000;HBEFA4/PC_petrol_Euro-6ab;1,4100;131;131;0;0,0000;3,4531;5,1031;1,6500;False;133;0;40,7756;-73,9607;40,7730;-73,9622;40,7590;-73,9584;40,7550;-73,9573;47,7838;-0,0175;0,0038;2,0000
SUMO_carro_1000;HBEFA4/PC_petrol_Euro-6ab;1,4100;131;131;0;0,0000;3,4531;3,8648;0,4117;False;133;0;40,7756;-73,9607;40,7730;-73,9622;40,7713;-73,9595;40,7689;-73,9606;11,9226;-0,0044;0,0013;2,0000
SUMO_carro_1000;HBEFA4/PC_petrol_Euro-6ab;1,4100;131;131;0;0,0000;3,4531;3,5646;0,1115;False;133;0;40,7756;-73,9607;40,7730;-73,9622;40,7899;-73,9543;40,7883;-73,9563;3,2299;0,0153;0,0046;2,0000
SUMO_carro_1000;HBEFA4/PC_petrol_Euro-6ab;1,4100;131;131;0;0,0000;3,4531;4,5492;1,0961;False;133;0;40,7756;-73,9607;40,7730;-73,9622;40,7901;-73,9591;40,7840;-73,9586;31,7438;0,0122;0,0007;2,0000
SUMO_carro_1000;HBEFA4/PC_petrol_Euro-6ab;1,4100;131;131;0;0,0000;3,4531;2,8435;-0,6096;False;133;0;40,7756;-73,9607;40,7730;-73,9622;40,7892;-73,9667;40,7866;-73,9684;-17,6525;0,0134;-0,0065;2,0000
SUMO_carro_1000;HBEFA4/PC_petrol_Euro-6ab;1,4100;131;131;0;0,0000;3,4531;3,7785;0,3254;False;133;0;40,7756;-73,9607;40,7730;-73,9622;40,7795;-73,9476;40,7768;-73,9491;9,4225;0,0040;0,0131;2,0000
SUMO_carro_1000;HBEFA4/PC_petrol_Euro-6ab;1,4100;131;131;0;0,0000;3,4531;5,9451;2,4920;False;133;0;40,7756;-73,9607;40,7730;-73,9622;40,7667;-73,9506;40,7629;-73,9492;72,1672;-0,0103;0,0135;2,0000
SUMO_carro_1000;HBEFA4/PC_petrol_Euro-6ab;1,4100;131;131;0;0,0000;3,4531;10,7349;7,2818;False;133;0;40,7756;-73,9607;40,7730;-73,9622;40,7790;-73,9686;40,7755;-73,9765;210,8782;0,0007;-0,0099;2,0000
SUMO_carro_1000;HBEFA4/PC_petrol_Euro-6ab;1,4100;131;131;0;0,0000;3,4531;3,6670;0,2139;False;133;0;40,7756;-73,9607;40,7730;-73,9622;40,7604;-73,9645;40,7580;-73,9661;6,1940;-0,0152;-0,0038;2,0000
SUMO_carro_1000;HBEFA4/PC_petrol_Euro-6ab;1,4100;131;131;0;0,0000;3,4531;3,9803;0,5272;False;133;0;40,7756;-73,9607;40,7730;-73,9622;40,7662;-73,9695;40,7634;-73,9711;15,2683;-0,0094;-0,0085;2,0000
SUMO_carro_1000;HBEFA4/PC_petrol_Euro-6ab;1,4100;131;131;0;0,0000;3,4531;3,0768;-0,3763;False;133;0;40,7756;-73,9607;40,7730;-73,9622;40,7737;-73,9558;40,7715;-73,9566;-10,8967;-0,0013;0,0049;2,0000
SUMO_carro_1000;HBEFA4/PC_petrol_Euro-6ab;1,4100;131;131;0;0,0000;3,4531;3,9288;0,4757;False;133;0;40,7756;-73,9607;40,7730;-73,9622;40,7619;-73,9673;40,7590;-73,9686;13,7759;-0,0141;-0,0067;2,0000
SUMO_carro_1000;HBEFA4/PC_petrol_Euro-6ab;1,4100;131;131;0;0,0000;3,4531;4,1490;0,6959;False;133;0;40,7756;-73,9607;40,7730;-73,9622;40,7885;-73,9670;40,7849;-73,9680;20,1523;0,0126;-0,0055;2,0000
SUMO_carro_1000;HBEFA4/PC_petrol_Euro-6ab;1,4100;131;131;0;0,0000;3,4531;3,7984;0,3453;False;133;0;40,7756;-73,9607;40,7730;-73,9622;40,7700;-73,9514;40,7673;-73,9534;9,9990;-0,0058;0,0090;2,0000
SUMO_carro_1000;HBEFA4/PC_petrol_Euro-6ab;1,4100;131;131;0;0,0000;3,4531;3,1547;-0,2984;False;133;0;40,7756;-73,9607;40,7730;-73,9622;40,7917;-73,9628;40,7907;-73,9654;-8,6404;0,0170;-0,0015;2,0000
SUMO_carro_1000;HBEFA4/PC_petrol_Euro-6ab;1,4100;131;131;0;0,0000;3,4531;2,7389;-0,7142;False;133;0;40,7756;-73,9607;40,7730;-73,9622;40,7594;-73,9533;40,7571;-73,9554;-20,6831;-0,0155;0,0061;2,0000
SUMO_carro_1000;HBEFA4/PC_petrol_Euro-6ab;1,4100;131;131;0;0,0000;3,4531;4,4062;0,9531;False;133;0;40,7756;-73,9607;40,7730;-73,9622;40,7816;-73,9488;40,7789;-73,9500;27,6022;0,0058;0,0128;2,0000
SUMO_carro_1000;HBEFA4/PC_petrol_Euro-6ab;1,4100;131;131;0;0,0000;3,4531;3,7617;0,3086;False;133;0;40,7756;-73,9607;40,7730;-73,9622;40,7750;-73,9529;40,7726;-73,9533;8,9376;-0,0004;0,0085;2,0000
SUMO_carro_1000;HBEFA4/PC_petrol_Euro-6ab;1,4100;131;131;0;0,0000;3,4531;3,2517;-0,2014;False;133;0;40,7756;-73,9607;40,7730;-73,9622;40,7789;-73,9500;40,7763;-73,9500;-5,8330;0,0036;0,0113;2,0000
SUMO_carro_1000;HBEFA4/PC_petrol_Euro-6ab;1,4100;131;131;0;0,0000;3,4531;4,2770;0,8239;False;133;0;40,7756;-73,9607;40,7730;-73,9622;40,7808;-73,9586;40,7777;-73,9593;23,8607;0,0050;0,0027;2,0000
SUMO_carro_1000;HBEFA4/PC_petrol_Euro-6ab;1,4100;131;131;0;0,0000;3,4531;2,5345;-0,9186;False;133;0;40,7756;-73,9607;40,7730;-73,9622;40,7695;-73,9482;40,7671;-73,9503;-26,6018;-0,0072;0,0144;2,0000
SUMO_carro_1000;HBEFA4/PC_petrol_Euro-6ab;1,4100;131;131;0;0,0000;3,4531;2,4117;-1,0414;False;133;0;40,7756;-73,9607;40,7730;-73,9622;40,7699;-73,9478;40,7674;-73,9500;-30,1572;-0,0064;0,0140;2,0000
SUMO_carro_1000;HBEFA4/PC_petrol_Euro-6ab;1,4100;131;131;0;0,0000;3,4531;3,4593;0,0062;False;133;0;40,7756;-73,9607;40,7730;-73,9622;40,7667;-73,9651;40,7642;-73,9669;0,1783;-0,0087;-0,0047;2,0000
SUMO_carro_1000;HBEFA4/PC_petrol_Euro-6ab;1,4100;131;131;0;0,0000;3,4531;3,7083;0,2552;False;133;0;40,7756;-73,9607;40,7730;-73,9622;40,7724;-73,9671;40,7690;-73,9727;7,3903;-0,0021;-0,0097;2,0000
SUMO_carro_1000;HBEFA4/PC_petrol_Euro-6ab;1,4100;131;131;0;0,0000;3,4531;4,2296;0,7765;False;133;0;40,7756;-73,9607;40,7730;-73,9622;40,7829;-73,9636;40,7783;-73,9667;22,4859;0,0070;-0,0037;2,0000
SUMO_carro_1000;HBEFA4/PC_petrol_Euro-6ab;1,4100;131;131;0;0,0000;3,4531;3,7741;0,3210;False;133;0;40,7756;-73,9607;40,7730;-73,9622;40,7881;-73,9542;40,7854;-73,9555;9,2962;0,0124;0,0067;2,0000
SUMO_carro_1000;HBEFA4/PC_petrol_Euro-6ab;1,4100;131;131;0;0,0000;3,4531;3,5215;0,0684;False;133;0;40,7756;-73,9607;40,7730;-73,9622;40,7866;-73,9548;40,7840;-73,9565;1,9822;0,0109;0,0052;2,0000
SUMO_carro_1000;HBEFA4/PC_petrol_Euro-6ab;1,4100;131;131;0;0,0000;3,4531;9,4295;5,9764;False;133;0;40,7756;-73,9607;40,7730;-73,9622;40,7885;-73,9670;40,7841;-73,9663;173,0743;0,0119;-0,0036;2,0000
SUMO_carro_1000;HBEFA4/PC_petrol_Euro-6ab;1,4100;131;131;0;0,0000;3,4531;3,3861;-0,0670;False;133;0;40,7756;-73,9607;40,7730;-73,9622;40,7771;-73,9618;40,7744;-73,9637;-1,9407;0,0018;-0,0016;2,0000
SUMO_carro_1000;HBEFA4/PC_petrol_Euro-6ab;1,4100;131;131;0;0,0000;3,4531;4,0585;0,6054;False;133;0;40,7756;-73,9607;40,7730;-73,9622;40,7681;-73,9587;40,7646;-73,9602;17,5327;-0,0083;0,0028;2,0000
SUMO_carro_1000;HBEFA4/PC_petrol_Euro-6ab;1,4100;131;131;0;0,0000;3,4531;3,3306;-0,1225;False;133;0;40,7756;-73,9607;40,7730;-73,9622;40,7826;-73,9570;40,7801;-73,9592;-3,5481;0,0069;0,0035;2,0000
SUMO_carro_1000;HBEFA4/PC_petrol_Euro-6ab;1,4100;131;131;0;0,0000;3,4531;3,1226;-0,3305;False;133;0;40,7756;-73,9607;40,7730;-73,9622;40,7776;-73,9551;40,7750;-73,9569;-9,5721;0,0019;0,0047;2,0000
SUMO_carro_1000;HBEFA4/PC_petrol_Euro-6ab;1,4100;131;131;0;0,0000;3,4531;3,4653;0,0122;False;133;0;40,7756;-73,9607;40,7730;-73,9622;40,7657;-73,9531;40,7626;-73,9544;0,3536;-0,0101;0,0076;2,0000
SUMO_carro_1000;HBEFA4/PC_petrol_Euro-6ab;1,4100;131;131;0;0,0000;3,4531;2,9796;-0,4735;False;133;0;40,7756;-73,9607;40,7730;-73,9622;40,7809;-73,9510;40,7787;-73,9517;-13,7113;0,0058;0,0098;2,0000
SUMO_carro_1000;HBEFA4/PC_petrol_Euro-6ab;1,4100;131;131;0;0,0000;3,4531;3,7722;0,3191;False;133;0;40,7756;-73,9607;40,7730;-73,9622;40,7886;-73,9554;40,7859;-73,9572;9,2405;0,0129;0,0050;2,0000
SUMO_carro_1000;HBEFA4/PC_petrol_Euro-6ab;1,4243;155;155;0;0,0000;7,3104;7,5077;0,1972;False;157;0;40,7756;-73,9607;40,7757;-73,9604;40,7653;-73,9677;40,7653;-73,9677;2,6980;-0,0104;-0,0068;2,0000
SUMO_carro_1000;HBEFA4/PC_petrol_Euro-6ab;1,4243;155;155;0;0,0000;7,3104;6,5485;-0,7619;False;157;0;40,7756;-73,9607;40,7757;-73,9604;40,7688;-73,9524;40,7688;-73,9522;-10,4219;-0,0071;0,0082;2,0000
SUMO_carro_1000;HBEFA4/PC_petrol_Euro-6ab;1,4243;155;155;0;0,0000;7,3104;6,8271;-0,4833;False;157;0;40,7756;-73,9607;40,7757;-73,9604;40,7873;-73,9562;40,7881;-73,9561;-6,6109;0,0120;0,0037;2,0000
SUMO_carro_1000;HBEFA4/PC_petrol_Euro-6ab;1,4243;155;155;0;0,0000;7,3104;7,5866;0,2761;False;157;0;40,7756;-73,9607;40,7757;-73,9604;40,7749;-73,9567;40,7749;-73,9567;3,7773;-0,0006;0,0042;2,0000
SUMO_carro_1000;HBEFA4/PC_petrol_Euro-6ab;1,4243;155;155;0;0,0000;7,3104;7,6929;0,3825;False;157;0;40,7756;-73,9607;40,7757;-73,9604;40,7905;-73,9539;40,7905;-73,9539;5,2324;0,0150;0,0069;2,0000
SUMO_carro_1000;HBEFA4/PC_petrol_Euro-6ab;1,4243;155;155;0;0,0000;7,3104;6,6566;-0,6539;False;157;0;40,7756;-73,9607;40,7757;-73,9604;40,7651;-73,9556;40,7651;-73,9556;-8,9442;-0,0106;0,0046;2,0000
SUMO_carro_1000;HBEFA4/PC_petrol_Euro-6ab;1,4243;155;155;0;0,0000;7,3104;7,6849;0,3745;False;157;0;40,7756;-73,9607;40,7757;-73,9604;40,7874;-73,9477;40,7877;-73,9475;5,1225;0,0118;0,0133;2,0000
SUMO_carro_1000;HBEFA4/PC_petrol_Euro-6ab;1,4243;155;155;0;0,0000;7,3104;7,2846;-0,0259;False;157;0;40,7756;-73,9607;40,7757;-73,9604;40,7836;-73,9456;40,7834;-73,9452;-0,3538;0,0076;0,0149;2,0000
SUMO_carro_1000;HBEFA4/PC_petrol_Euro-6ab;1,4243;155;155;0;0,0000;7,3104;7,7460;0,4356;False;157;0;40,7756;-73,9607;40,7757;-73,9604;40,7693;-73,9694;40,7693;-73,9693;5,9581;-0,0063;-0,0088;2,0000
SUMO_carro_1000;HBEFA4/PC_petrol_Euro-6ab;1,4243;155;155;0;0,0000;7,3104;5,3363;-1,9741;False;157;0;40,7756;-73,9607;40,7757;-73,9604;40,7744;-73,9656;40,7745;-73,9656;-27,0040;-0,0000;-0,0077;2,0000
SUMO_carro_1000;HBEFA4/PC_petrol_Euro-6ab;1,4243;155;155;0;0,0000;7,3104;5,5931;-1,7173;False;157;0;40,7756;-73,9607;40,7757;-73,9604;40,7711;-73,9477;40,7711;-73,9477;-23,4915;-0,0041;0,0121;2,0000
SUMO_carro_1000;HBEFA4/PC_petrol_Euro-6ab;1,4243;155;155;0;0,0000;7,3104;6,2499;-1,0605;False;157;0;40,7756;-73,9607;40,7757;-73,9604;40,7739;-73,9785;40,7737;-73,9780;-14,5070;-0,0017;-0,0175;2,0000
SUMO_carro_1000;HBEFA4/PC_petrol_Euro-6ab;1,4243;155;155;0;0,0000;7,3104;8,7314;1,4210;False;157;0;40,7756;-73,9607;40,7757;-73,9604;40,7806;-73,9463;40,7806;-73,9463;19,4377;0,0048;0,0146;2,0000
SUMO_carro_1000;HBEFA4/PC_petrol_Euro-6ab;1,4243;155;155;0;0,0000;7,3104;7,5394;0,2290;False;157;0;40,7756;-73,9607;40,7757;-73,9604;40,7771;-73,9521;40,7776;-73,9510;3,1323;0,0010;0,0093;2,0000
SUMO_carro_1000;HBEFA4/PC_petrol_Euro-6ab;1,4243;155;155;0;0,0000;7,3104;8,5604;1,2500;False;157;0;40,7756;-73,9607;40,7757;-73,9604;40,7800;-73,9469;40,7800;-73,9469;17,0986;0,0043;0,0142;2,0000
SUMO_carro_1000;HBEFA4/PC_petrol_Euro-6ab;1,4243;155;155;0;0,0000;7,3104;7,1303;-0,1801;False;157;0;40,7756;-73,9607;40,7757;-73,9604;40,7788;-73,9580;40,7788;-73,9580;-2,4640;0,0028;0,0027;2,0000
SUMO_carro_1000;HBEFA4/PC_petrol_Euro-6ab;1,4243;155;155;0;0,0000;7,3104;6,6517;-0,6587;False;157;0;40,7756;-73,9607;40,7757;-73,9604;40,7831;-73,9638;40,7831;-73,9638;-9,0109;0,0083;-0,0016;2,0000
SUMO_carro_1000;HBEFA4/PC_petrol_Euro-6ab;1,4243;155;155;0;0,0000;7,3104;8,6671;1,3567;False;157;0;40,7756;-73,9607;40,7757;-73,9604;40,7850;-73,9686;40,7849;-73,9684;18,5580;0,0091;-0,0081;2,0000
SUMO_carro_1000;HBEFA4/PC_petrol_Euro-6ab;1,4243;155;155;0;0,0000;7,3104;6,9676;-0,3428;False;157;0;40,7756;-73,9607;40,7757;-73,9604;40,7858;-73,9727;40,7858;-73,9725;-4,6892;0,0100;-0,0122;2,0000
SUMO_carro_1000;HBEFA4/PC_petrol_Euro-6ab;1,4243;155;155;0;0,0000;7,3104;6,3617;-0,9487;False;157;0;40,7756;-73,9607;40,7757;-73,9604;40,7597;-73,9530;40,7598;-73,9529;-12,9779;-0,0158;0,0074;2,0000
SUMO_carro_1000;HBEFA4/PC_petrol_Euro-6ab;1,4243;155;155;0;0,0000;7,3104;5,7350;-1,5754;False;157;0;40,7756;-73,9607;40,7757;-73,9604;40,7701;-73,9495;40,7701;-73,9494;-21,5499;-0,0052;0,0114;2,0000
SUMO_carro_1000;HBEFA4/PC_petrol_Euro-6ab;1,4243;155;155;0;0,0000;7,3104;8,9507;1,6403;False;157;0;40,7756;-73,9607;40,7757;-73,9604;40,7612;-73,9558;40,7613;-73,9557;22,4378;-0,0147;0,0051;2,0000
SUMO_carro_1000;HBEFA4/PC_petrol_Euro-6ab;1,4243;155;155;0;0,0000;7,3104;9,2466;1,9362;False;157;0;40,7756;-73,9607;40,7757;-73,9604;40,7708;-73,9761;40,7708;-73,9761;26,4849;-0,0047;-0,0156;2,0000
SUMO_carro_1000;HBEFA4/PC_petrol_Euro-6ab;1,4243;155;155;0;0,0000;7,3104;7,3356;0,0251;False;157;0;40,7756;-73,9607;40,7757;-73,9604;40,7662;-73,9678;40,7661;-73,9676;0,3436;-0,0095;-0,0072;2,0000
SUMO_carro_1000;HBEFA4/PC_petrol_Euro-6ab;1,4243;155;155;0;0,0000;7,3104;7,2742;-0,0362;False;157;0;40,7756;-73,9607;40,7757;-73,9604;40,7742;-73,9544;40,7742;-73,9544;-0,4955;-0,0014;0,0061;2,0000
SUMO_carro_1000;HBEFA4/PC_petrol_Euro-6ab;1,4243;155;155;0;0,0000;7,3104;11,3581;4,0477;False;157;0;40,7756;-73,9607;40,7757;-73,9604;40,7688;-73,9489;40,7688;-73,9489;55,3684;-0,0082;0,0149;2,0000
SUMO_carro_1000;HBEFA4/PC_petrol_Euro-6ab;1,4243;155;155;0;0,0000;7,3104;6,5907;-0,7197;False;157;0;40,7756;-73,9607;40,7757;-73,9604;40,7753;-73,9538;40,7760;-73,9533;-9,8453;0,0002;0,0065;2,0000
SUMO_carro_1000;HBEFA4/PC_petrol_Euro-6ab;1,4243;155;155;0;0,0000;7,3104;8,2150;0,9045;False;157;0;40,7756;-73,9607;40,7757;-73,9604;40,7689;-73,9552;40,7688;-73,9543;12,3734;-0,0069;0,0058;2,0000
SUMO_carro_1000;HBEFA4/PC_petrol_Euro-6ab;1,4243;155;155;0;0,0000;7,3104;7,7383;0,4279;False;157;0;40,7756;-73,9607;40,7757;-73,9604;40,7808;-73,9567;40,7808;-73,9567;5,8533;0,0049;0,0038;2,0000
SUMO_carro_1000;HBEFA4/PC_petrol_Euro-6ab;1,4243;155;155;0;0,0000;7,3104;7,4371;0,1266;False;157;0;40,7756;-73,9607;40,7757;-73,9604;40,7842;-73,9747;40,7840;-73,9742;1,7323;0,0083;-0,0140;2,0000
SUMO_carro_1000;HBEFA4/PC_petrol_Euro-6ab;1,4243;155;155;0;0,0000;7,3104;6,2316;-1,0789;False;157;0;40,7756;-73,9607;40,7757;-73,9604;40,7899;-73,9584;40,7899;-73,9584;-14,7577;0,0156;0,0034;2,0000
SUMO_carro_1000;HBEFA4/PC_petrol_Euro-6ab;1,4243;155;155;0;0,0000;7,3104;6,8527;-0,4577;False;157;0;40,7756;-73,9607;40,7757;-73,9604;40,7726;-73,9556;40,7726;-73,9556;-6,2614;-0,0031;0,0049;2,0000
SUMO_carro_1000;HBEFA4/PC_petrol_Euro-6ab;1,4243;155;155;0;0,0000;7,3104;12,2705;4,9600;False;157;0;40,7756;-73,9607;40,7757;-73,9604;40,7755;-73,9765;40,7755;-73,9765;67,8487;-0,0017;-0,0128;2,0000
SUMO_carro_1000;HBEFA4/PC_petrol_Euro-6ab;1,4243;155;155;0;0,0000;7,3104;5,9450;-1,3654;False;157;0;40,7756;-73,9607;40,7757;-73,9604;40,7756;-73,9647;40,7756;-73,9647;-18,6779;0,0003;-0,0052;2,0000
SUMO_carro_1000;HBEFA4/PC_petrol_Euro-6ab;1,4243;155;155;0;0,0000;7,3104;7,1941;-0,1163;False;157;0;40,7756;-73,9607;40,7757;-73,9604;40,7613;-73,9678;40,7613;-73,9678;-1,5911;-0,0144;-0,0072;2,0000
SUMO_carro_1000;HBEFA4/PC_petrol_Euro-6ab;1,4243;155;155;0;0,0000;7,3104;7,2726;-0,0378;False;157;0;40,7756;-73,9607;40,7757;-73,9604;40,7789;-73,9450;40,7792;-73,9449;-0,5175;0,0034;0,0155;2,0000
SUMO_carro_1000;HBEFA4/PC_petrol_Euro-6ab;1,4243;155;155;0;0,0000;7,3104;7,2162;-0,0942;False;157;0;40,7756;-73,9607;40,7757;-73,9604;40,7693;-73,9674;40,7693;-73,9674;-1,2887;-0,0062;-0,0070;2,0000
SUMO_carro_1000;HBEFA4/PC_petrol_Euro-6ab;1,4243;155;155;0;0,0000;7,3104;5,5668;-1,7436;False;157;0;40,7756;-73,9607;40,7757;-73,9604;40,7758;-73,9448;40,7758;-73,9448;-23,8508;0,0001;0,0153;2,0000
SUMO_carro_1000;HBEFA4/PC_petrol_Euro-6ab;1,4243;155;155;0;0,0000;7,3104;7,0764;-0,2340;False;157;0;40,7756;-73,9607;40,7757;-73,9604;40,7647;-73,9644;40,7647;-73,9644;-3,2008;-0,0108;-0,0042;2,0000
SUMO_carro_1000;HBEFA4/PC_petrol_Euro-6ab;1,4243;155;155;0;0,0000;7,3104;6,6498;-0,6606;False;157;0;40,7756;-73,9607;40,7757;-73,9604;40,7815;-73,9543;40,7821;-73,9538;-9,0369;0,0062;0,0062;2,0000
SUMO_carro_1000;HBEFA4/PC_petrol_Euro-6ab;1,4243;155;155;0;0,0000;7,3104;6,6255;-0,6849;False;157;0;40,7756;-73,9607;40,7757;-73,9604;40,7711;-73,9538;40,7711;-73,9538;-9,3692;-0,0045;0,0062;2,0000
SUMO_carro_1000;HBEFA4/PC_petrol_Euro-6ab;1,4243;155;155;0;0,0000;7,3104;8,9494;1,6390;False;157;0;40,7756;-73,9607;40,7757;-73,9604;40,7609;-73,9562;40,7609;-73,9562;22,4202;-0,0150;0,0047;2,0000
SUMO_carro_1000;HBEFA4/PC_petrol_Euro-6ab;1,4243;155;155;0;0,0000;7,3104;4,8655;-2,4450;False;157;0;40,7756;-73,9607;40,7757;-73,9604;40,7833;-73,9639;40,7833;-73,9639;-33,4450;0,0092;-0,0012;2,0000
SUMO_carro_1000;HBEFA4/PC_petrol_Euro-6ab;1,4243;155;155;0;0,0000;7,3104;7,3374;0,0269;False;157;0;40,7756;-73,9607;40,7757;-73,9604;40,7632;-73,9725;40,7632;-73,9725;0,3683;-0,0126;-0,0122;2,0000
SUMO_carro_1000;HBEFA4/PC_petrol_Euro-6ab;1,4243;155;155;0;0,0000;7,3104;8,4637;1,1532;False;157;0;40,7756;-73,9607;40,7757;-73,9604;40,7876;-73,9549;40,7881;-73,9542;15,7750;0,0122;0,0059;2,0000
SUMO_carro_1000;HBEFA4/PC_petrol_Euro-6ab;1,4243;155;155;0;0,0000;7,3104;6,3646;-0,9458;False;157;0;40,7756;-73,9607;40,7757;-73,9604;40,7668;-73,9536;40,7668;-73,9536;-12,9376;-0,0089;0,0076;2,0000
SUMO_carro_1000;HBEFA4/PC_petrol_Euro-6ab;1,4243;155;155;0;0,0000;7,3104;6,5290;-0,7815;False;157;0;40,7756;-73,9607;40,7757;-73,9604;40,7783;-73,9667;40,7783;-73,9667;-10,6898;0,0039;-0,0056;2,0000
SUMO_carro_1000;HBEFA4/PC_petrol_Euro-6ab;1,4243;155;155;0;0,0000;7,3104;8,3952;1,0847;False;157;0;40,7756;-73,9607;40,7757;-73,9604;40,7626;-73,9542;40,7626;-73,9542;14,8383;-0,0138;0,0076;2,0000
SUMO_carro_1000;HBEFA4/PC_petrol_Euro-6ab;1,4243;155;155;0;0,0000;7,3104;7,2741;-0,0363;False;157;0;40,7756;-73,9607;40,7757;-73,9604;40,7695;-73,9580;40,7695;-73,9580;-0,4970;-0,0058;0,0021;2,0000
SUMO_carro_1000;HBEFA4/PC_petrol_Euro-6ab;1,4243;155;155;0;0,0000;7,3104;7,3138;0,0034;False;157;0;40,7756;-73,9607;40,7757;-73,9604;40,7742;-73,9774;40,7742;-73,9774;0,0463;-0,0023;-0,0153;2,0000
SUMO_carro_1000;HBEFA4/PC_petrol_Euro-6ab;1,4243;155;155;0;0,0000;7,3104;7,4760;0,1656;False;157;0;40,7756;-73,9607;40,7757;-73,9604;40,7823;-73,9444;40,7824;-73,9443;2,2652;0,0067;0,0161;2,0000
SUMO_carro_1000;HBEFA4/PC_petrol_Euro-6ab;1,4243;155;155;0;0,0000;7,3104;5,8759;-1,4346;False;157;0;40,7756;-73,9607;40,7757;-73,9604;40,7802;-73,9752;40,7807;-73,9727;-19,6237;0,0054;-0,0137;2,0000
SUMO_carro_1000;HBEFA4/PC_petrol_Euro-6ab;1,4243;155;155;0;0,0000;7,3104;6,8824;-0,4280;False;157;0;40,7756;-73,9607;40,7757;-73,9604;40,7653;-73,9677;40,7653;-73,9677;-5,8550;-0,0107;-0,0068;2,0000
SUMO_carro_1000;HBEFA4/PC_petrol_Euro-6ab;1,4243;155;155;0;0,0000;7,3104;8,8283;1,5179;False;157;0;40,7756;-73,9607;40,7757;-73,9604;40,7612;-73,9580;40,7618;-73,9576;20,7631;-0,0139;0,0021;2,0000
SUMO_carro_1000;HBEFA4/PC_petrol_Euro-6ab;1,4243;155;155;0;0,0000;7,3104;13,1957;5,8852;False;157;0;40,7756;-73,9607;40,7757;-73,9604;40,7915;-73,9621;40,7914;-73,9618;80,5046;0,0146;-0,0023;2,0000
SUMO_carro_1000;HBEFA4/PC_petrol_Euro-6ab;1,4243;155;155;0;0,0000;7,3104;7,8575;0,5470;False;157;0;40,7756;-73,9607;40,7757;-73,9604;40,7866;-73,9524;40,7868;-73,9522;7,4830;0,0110;0,0085;2,0000
SUMO_carro_1000;HBEFA4/PC_petrol_Euro-6ab;1,4243;155;155;0;0,0000;7,3104;10,5273;3,2168;False;157;0;40,7756;-73,9607;40,7757;-73,9604;40,7714;-73,9772;40,7713;-73,9770;44,0033;-0,0039;-0,0162;2,0000
SUMO_carro_1000;HBEFA4/PC_petrol_Euro-6ab;1,4243;155;155;0;0,0000;7,3104;6,4297;-0,8807;False;157;0;40,7756;-73,9607;40,7757;-73,9604;40,7700;-73,9689;40,7700;-73,9689;-12,0476;-0,0048;-0,0105;2,0000
SUMO_carro_1000;HBEFA4/PC_petrol_Euro-6ab;1,4243;155;155;0;0,0000;7,3104;7,0244;-0,2861;False;157;0;40,7756;-73,9607;40,7757;-73,9604;40,7737;-73,9778;40,7737;-73,9778;-3,9131;-0,0023;-0,0163;2,0000
SUMO_carro_1000;HBEFA4/PC_petrol_Euro-6ab;1,4243;155;155;0;0,0000;7,3104;5,9170;-1,3934;False;157;0;40,7756;-73,9607;40,7757;-73,9604;40,7789;-73,9742;40,7789;-73,9742;-19,0610;0,0032;-0,0142;2,0000
SUMO_carro_1000;HBEFA4/PC_petrol_Euro-6ab;1,4243;155;155;0;0,0000;7,3104;7,9412;0,6308;False;157;0;40,7756;-73,9607;40,7757;-73,9604;40,7598;-73,9664;40,7598;-73,9664;8,6289;-0,0155;-0,0055;2,0000
SUMO_carro_1000;HBEFA4/PC_petrol_Euro-6ab;1,4243;155;155;0;0,0000;7,3104;7,8424;0,5319;False;157;0;40,7756;-73,9607;40,7757;-73,9604;40,7813;-73,9760;40,7819;-73,9756;7,2763;0,0059;-0,0151;2,0000
SUMO_carro_1000;HBEFA4/PC_petrol_Euro-6ab;1,4243;155;155;0;0,0000;7,3104;8,2448;0,9344;False;157;0;40,7756;-73,9607;40,7757;-73,9604;40,7704;-73,9600;40,7710;-73,9595;12,7816;-0,0052;0,0013;2,0000
SUMO_carro_1000;HBEFA4/PC_petrol_Euro-6ab;1,4243;155;155;0;0,0000;7,3104;7,1252;-0,1853;False;157;0;40,7756;-73,9607;40,7757;-73,9604;40,7666;-73,9631;40,7666;-73,9629;-2,5343;-0,0087;-0,0025;2,0000
SUMO_carro_1000;HBEFA4/PC_petrol_Euro-6ab;1,4243;155;155;0;0,0000;7,3104;6,5694;-0,7410;False;157;0;40,7756;-73,9607;40,7757;-73,9604;40,7820;-73,9458;40,7820;-73,9458;-10,1368;0,0066;0,0142;2,0000
SUMO_carro_1000;HBEFA4/PC_petrol_Euro-6ab;1,4243;155;155;0;0,0000;7,3104;7,8187;0,5083;False;157;0;40,7756;-73,9607;40,7757;-73,9604;40,7840;-73,9564;40,7840;-73,9564;6,9531;0,0085;0,0045;2,0000
SUMO_carro_1000;HBEFA4/PC_petrol_Euro-6ab;1,4243;155;155;0;0,0000;7,3104;8,1295;0,8191;False;157;0;40,7756;-73,9607;40,7757;-73,9604;40,7661;-73,9715;40,7661;-73,9697;11,2047;-0,0095;-0,0101;2,0000
SUMO_carro_1000;HBEFA4/PC_petrol_Euro-6ab;1,4243;155;155;0;0,0000;7,3104;7,4109;0,1005;False;157;0;40,7756;-73,9607;40,7757;-73,9604;40,7868;-73,9719;40,7868;-73,9719;1,3749;0,0112;-0,0116;2,0000
SUMO_carro_1000;HBEFA4/PC_petrol_Euro-6ab;1,4243;155;155;0;0,0000;7,3104;7,4574;0,1470;False;157;0;40,7756;-73,9607;40,7757;-73,9604;40,7667;-73,9712;40,7667;-73,9711;2,0102;-0,0090;-0,0106;2,0000
SUMO_carro_1000;HBEFA4/PC_petrol_Euro-6ab;1,4243;155;155;0;0,0000;7,3104;7,8160;0,5056;False;157;0;40,7756;-73,9607;40,7757;-73,9604;40,7747;-73,9583;40,7745;-73,9579;6,9155;-0,0013;0,0022;2,0000
SUMO_carro_1000;HBEFA4/PC_petrol_Euro-6ab;1,4243;155;155;0;0,0000;7,3104;7,4346;0,1242;False;157;0;40,7756;-73,9607;40,7757;-73,9604;40,7777;-73,9613;40,7777;-73,9613;1,6984;0,0021;-0,0011;2,0000
SUMO_carro_1000;HBEFA4/PC_petrol_Euro-6ab;1,4243;155;155;0;0,0000;7,3104;7,4168;0,1064;False;157;0;40,7756;-73,9607;40,7757;-73,9604;40,7614;-73,9644;40,7614;-73,9644;1,4552;-0,0143;-0,0041;2,0000
SUMO_carro_1000;HBEFA4/PC_petrol_Euro-6ab;1,4243;155;155;0;0,0000;7,3104;6,7197;-0,5907;False;157;0;40,7756;-73,9607;40,7757;-73,9604;40,7799;-73,9503;40,7798;-73,9502;-8,0806;0,0043;0,0106;2,0000
SUMO_carro_1000;HBEFA4/PC_petrol_Euro-6ab;1,4243;155;155;0;0,0000;7,3104;11,5474;4,2370;False;157;0;40,7756;-73,9607;40,7757;-73,9604;40,7906;-73,9605;40,7905;-73,9604;57,9582;0,0147;-0,0000;2,0000
SUMO_carro_1000;HBEFA4/PC_petrol_Euro-6ab;1,4243;155;155;0;0,0000;7,3104;7,5348;0,2244;False;157;0;40,7756;-73,9607;40,7757;-73,9604;40,7840;-73,9586;40,7840;-73,9586;3,0696;0,0085;0,0011;2,0000
SUMO_carro_1000;HBEFA4/PC_petrol_Euro-6ab;1,4243;155;155;0;0,0000;7,3104;14,3093;6,9988;False;157;0;40,7756;-73,9607;40,7757;-73,9604;40,7789;-73,9685;40,7787;-73,9680;95,7377;0,0001;-0,0099;2,0000
SUMO_carro_1000;HBEFA4/PC_petrol_Euro-6ab;1,4243;155;155;0;0,0000;7,3104;13,4353;6,1249;False;157;0;40,7756;-73,9607;40,7757;-73,9604;40,7769;-73,9755;40,7769;-73,9755;83,7830;-0,0001;-0,0121;2,0000
SUMO_carro_1000;HBEFA4/PC_petrol_Euro-6ab;1,4243;155;155;0;0,0000;7,3104;6,8763;-0,4341;False;157;0;40,7756;-73,9607;40,7757;-73,9604;40,7750;-73,9529;40,7740;-73,9525;-5,9387;-0,0012;0,0080;2,0000
SUMO_carro_1000;HBEFA4/PC_petrol_Euro-6ab;1,4243;155;155;0;0,0000;7,3104;7,6808;0,3703;False;157;0;40,7756;-73,9607;40,7757;-73,9604;40,7878;-73,9494;40,7872;-73,9481;5,0660;0,0116;0,0116;2,0000
SUMO_carro_1000;HBEFA4/PC_petrol_Euro-6ab;1,4243;155;155;0;0,0000;7,3104;7,6654;0,3550;False;157;0;40,7756;-73,9607;40,7757;-73,9604;40,7834;-73,9590;40,7835;-73,9590;4,8557;0,0086;-0,0004;2,0000
SUMO_carro_1000;HBEFA4/PC_petrol_Euro-6ab;1,4243;155;155;0;0,0000;7,3104;7,3069;-0,0035;False;157;0;40,7756;-73,9607;40,7757;-73,9604;40,7894;-73,9663;40,7898;-73,9662;-0,0481;0,0140;-0,0061;2,0000
SUMO_carro_1000;HBEFA4/PC_petrol_Euro-6ab;1,4243;155;155;0;0,0000;7,3104;7,8598;0,5494;False;157;0;40,7756;-73,9607;40,7757;-73,9604;40,7667;-73,9613;40,7667;-73,9613;7,5147;-0,0094;-0,0009;2,0000
SUMO_carro_1000;HBEFA4/PC_petrol_Euro-6ab;1,4243;155;155;0;0,0000;7,3104;8,7358;1,4254;False;157;0;40,7756;-73,9607;40,7757;-73,9604;40,7787;-73,9478;40,7779;-73,9458;19,4983;0,0030;0,0139;2,0000
SUMO_carro_1000;HBEFA4/PC_petrol_Euro-6ab;1,4243;155;155;0;0,0000;7,3104;7,1011;-0,2094;False;157;0;40,7756;-73,9607;40,7757;-73,9604;40,7640;-73,9646;40,7638;-73,9622;-2,8638;-0,0117;-0,0028;2,0000
SUMO_carro_1000;HBEFA4/PC_petrol_Euro-6ab;1,4243;155;155;0;0,0000;7,3104;6,7997;-0,5107;False;157;0;40,7756;-73,9607;40,7757;-73,9604;40,7624;-73,9628;40,7624;-73,9628;-6,9860;-0,0132;-0,0020;2,0000
SUMO_carro_1000;HBEFA4/PC_petrol_Euro-6ab;1,4243;155;155;0;0,0000;7,3104;7,2175;-0,0929;False;157;0;40,7756;-73,9607;40,7757;-73,9604;40,7847;-73,9581;40,7847;-73,9581;-1,2711;0,0103;-0,0007;2,0000
SUMO_carro_1000;HBEFA4/PC_petrol_Euro-6ab;1,4243;155;155;0;0,0000;7,3104;5,5975;-1,7129;False;157;0;40,7756;-73,9607;40,7757;-73,9604;40,7930;-73,9637;40,7930;-73,9637;-23,4310;0,0174;-0,0029;2,0000
SUMO_carro_1000;HBEFA4/PC_petrol_Euro-6ab;1,4243;155;155;0;0,0000;7,3104;6,7590;-0,5514;False;157;0;40,7756;-73,9607;40,7757;-73,9604;40,7700;-73,9689;40,7700;-73,9689;-7,5430;-0,0049;-0,0102;2,0000
SUMO_carro_1000;HBEFA4/PC_petrol_Euro-6ab;1,4243;155;155;0;0,0000;7,3104;5,6288;-1,6816;False;157;0;40,7756;-73,9607;40,7757;-73,9604;40,7783;-73,9667;40,7782;-73,9663;-23,0029;0,0041;-0,0055;2,0000
SUMO_carro_1000;HBEFA4/PC_petrol_Euro-6ab;1,4243;155;155;0;0,0000;7,3104;7,6137;0,3033;False;157;0;40,7756;-73,9607;40,7757;-73,9604;40,7730;-73,9622;40,7730;-73,9622;4,1483;-0,0028;-0,0011;2,0000
SUMO_carro_1000;HBEFA4/PC_petrol_Euro-6ab;1,4243;155;155;0;0,0000;7,3104;6,5143;-0,7961;False;157;0;40,7756;-73,9607;40,7757;-73,9604;40,7585;-73,9614;40,7585;-73,9614;-10,8900;-0,0170;-0,0009;2,0000
SUMO_carro_1000;HBEFA4/PC_petrol_Euro-6ab;1,4243;155;155;0;0,0000;7,3104;6,9210;-0,3894;False;157;0;40,7756;-73,9607;40,7757;-73,9604;40,7793;-73,9774;40,7793;-73,9773;-5,3267;0,0036;-0,0167;2,0000
SUMO_carro_1000;HBEFA4/PC_petrol_Euro-6ab;1,4243;155;155;0;0,0000;7,3104;8,1921;0,8816;False;157;0;40,7756;-73,9607;40,7757;-73,9604;40,7630;-73,9566;40,7630;-73,9566;12,0598;-0,0130;0,0046;2,0000
SUMO_carro_1000;HBEFA4/PC_petrol_Euro-6ab;1,4243;155;155;0;0,0000;7,3104;7,7812;0,4708;False;157;0;40,7756;-73,9607;40,7757;-73,9604;40,7604;-73,9624;40,7604;-73,9623;6,4396;-0,0153;-0,0018;2,0000
SUMO_carro_1000;HBEFA4/PC_petrol_Euro-6ab;1,4243;155;155;0;0,0000;7,3104;7,8463;0,5359;False;157;0;40,7756;-73,9607;40,7757;-73,9604;40,7585;-73,9614;40,7585;-73,9614;7,3302;-0,0173;-0,0004;2,0000
SUMO_carro_1000;HBEFA4/PC_petrol_Euro-6ab;1,4243;155;155;0;0,0000;7,3104;7,4568;0,1464;False;157;0;40,7756;-73,9607;40,7757;-73,9604;40,7667;-73,9712;40,7667;-73,9712;2,0020;-0,0090;-0,0109;2,0000
SUMO_carro_1000;HBEFA4/PC_petrol_Euro-6ab;1,4243;155;155;0;0,0000;7,3104;7,5671;0,2567;False;157;0;40,7756;-73,9607;40,7757;-73,9604;40,7640;-73,9711;40,7640;-73,9711;3,5111;-0,0118;-0,0104;2,0000
SUMO_carro_1000;HBEFA4/PC_petrol_Euro-6ab;1,4243;155;155;0;0,0000;7,3104;7,7822;0,4718;False;157;0;40,7756;-73,9607;40,7757;-73,9604;40,7910;-73,9612;40,7910;-73,9611;6,4533;0,0161;0,0002;2,0000
SUMO_carro_1000;HBEFA4/PC_petrol_Euro-6ab;1,4243;155;155;0;0,0000;7,3104;8,1596;0,8492;False;157;0;40,7756;-73,9607;40,7757;-73,9604;40,7809;-73,9546;40,7809;-73,9546;11,6160;0,0053;0,0061;2,0000
SUMO_carro_1000;HBEFA4/PC_petrol_Euro-6ab;1,4243;155;155;0;0,0000;7,3104;11,8717;4,5613;False;157;0;40,7756;-73,9607;40,7757;-73,9604;40,7917;-73,9633;40,7917;-73,9627;62,3944;0,0155;-0,0025;2,0000
SUMO_carro_1000;HBEFA4/PC_petrol_Euro-6ab;1,9730;222;222;0;0,0000;7,1938;7,2419;0,0482;False;224;0;40,7756;-73,9607;40,7727;-73,9625;40,7736;-73,9619;40,7704;-73,9641;0,6694;-0,0023;-0,0013;2,0000
SUMO_carro_1000;HBEFA4/PC_petrol_Euro-6ab;1,9730;222;222;0;0,0000;7,1938;7,2929;0,0991;False;224;0;40,7756;-73,9607;40,7727;-73,9625;40,7633;-73,9571;40,7609;-73,9591;1,3782;-0,0121;0,0034;2,0000
SUMO_carro_1000;HBEFA4/PC_petrol_Euro-6ab;1,9730;222;222;0;0,0000;7,1938;7,5649;0,3711;False;224;0;40,7756;-73,9607;40,7727;-73,9625;40,7725;-73,9631;40,7693;-73,9653;5,1591;-0,0031;-0,0027;2,0000
SUMO_carro_1000;HBEFA4/PC_petrol_Euro-6ab;1,9730;222;222;0;0,0000;7,1938;6,6324;-0,5613;False;224;0;40,7756;-73,9607;40,7727;-73,9625;40,7581;-73,9603;40,7550;-73,9625;-7,8028;-0,0175;-0,0001;2,0000
SUMO_carro_1000;HBEFA4/PC_petrol_Euro-6ab;1,9730;222;222;0;0,0000;7,1938;7,4507;0,2569;False;224;0;40,7756;-73,9607;40,7727;-73,9625;40,7627;-73,9654;40,7598;-73,9664;3,5710;-0,0131;-0,0042;2,0000
SUMO_carro_1000;HBEFA4/PC_petrol_Euro-6ab;1,9730;222;222;0;0,0000;7,1938;6,6081;-0,5857;False;224;0;40,7756;-73,9607;40,7727;-73,9625;40,7695;-73,9499;40,7667;-73,9514;-8,1417;-0,0061;0,0110;2,0000
SUMO_carro_1000;HBEFA4/PC_petrol_Euro-6ab;1,9730;222;222;0;0,0000;7,1938;7,3994;0,2056;False;224;0;40,7756;-73,9607;40,7727;-73,9625;40,7701;-73,9515;40,7669;-73,9539;2,8582;-0,0055;0,0087;2,0000
SUMO_carro_1000;HBEFA4/PC_petrol_Euro-6ab;1,9730;222;222;0;0,0000;7,1938;7,3827;0,1890;False;224;0;40,7756;-73,9607;40,7727;-73,9625;40,7775;-73,9569;40,7742;-73,9593;2,6268;0,0016;0,0039;2,0000
SUMO_carro_1000;HBEFA4/PC_petrol_Euro-6ab;1,9730;222;222;0;0,0000;7,1938;7,5056;0,3118;False;224;0;40,7756;-73,9607;40,7727;-73,9625;40,7794;-73,9775;40,7768;-73,9794;4,3342;0,0039;-0,0173;2,0000
SUMO_carro_1000;HBEFA4/PC_petrol_Euro-6ab;1,9730;222;222;0;0,0000;7,1938;8,4989;1,3051;False;224;0;40,7756;-73,9607;40,7727;-73,9625;40,7751;-73,9538;40,7721;-73,9560;18,1421;-0,0006;0,0066;2,0000
SUMO_carro_1000;HBEFA4/PC_petrol_Euro-6ab;1,9730;222;222;0;0,0000;7,1938;6,0477;-1,1461;False;224;0;40,7756;-73,9607;40,7727;-73,9625;40,7904;-73,9695;40,7878;-73,9714;-15,9317;0,0151;-0,0092;2,0000
SUMO_carro_1000;HBEFA4/PC_petrol_Euro-6ab;1,9730;222;222;0;0,0000;7,1938;6,6360;-0,5577;False;224;0;40,7756;-73,9607;40,7727;-73,9625;40,7886;-73,9490;40,7860;-73,9512;-7,7530;0,0133;0,0112;2,0000
SUMO_carro_1000;HBEFA4/PC_petrol_Euro-6ab;1,9730;222;222;0;0,0000;7,1938;6,8215;-0,3723;False;224;0;40,7756;-73,9607;40,7727;-73,9625;40,7627;-73,9615;40,7604;-73,9630;-5,1756;-0,0124;-0,0004;2,0000
SUMO_carro_1000;HBEFA4/PC_petrol_Euro-6ab;1,9730;222;222;0;0,0000;7,1938;8,0200;0,8263;False;224;0;40,7756;-73,9607;40,7727;-73,9625;40,7762;-73,9557;40,7735;-73,9577;11,4857;0,0005;0,0056;2,0000
SUMO_carro_1000;HBEFA4/PC_petrol_Euro-6ab;1,9730;222;222;0;0,0000;7,1938;3,5408;-3,6530;False;224;0;40,7756;-73,9607;40,7727;-73,9625;40,7699;-73,9747;40,7695;-73,9742;-50,7803;-0,0038;-0,0123;2,0000
SUMO_carro_1000;HBEFA4/PC_petrol_Euro-6ab;1,9730;222;222;0;0,0000;7,1938;9,6755;2,4817;False;224;0;40,7756;-73,9607;40,7727;-73,9625;40,7850;-73,9684;40,7833;-73,9708;34,4977;0,0100;-0,0072;2,0000
SUMO_carro_1000;HBEFA4/PC_petrol_Euro-6ab;1,9730;222;222;0;0,0000;7,1938;7,7991;0,6053;False;224;0;40,7756;-73,9607;40,7727;-73,9625;40,7701;-73,9515;40,7673;-73,9534;8,4141;-0,0054;0,0092;2,0000
SUMO_carro_1000;HBEFA4/PC_petrol_Euro-6ab;1,9730;222;222;0;0,0000;7,1938;8,0935;0,8998;False;224;0;40,7756;-73,9607;40,7727;-73,9625;40,7769;-73,9435;40,7743;-73,9454;12,5074;0,0018;0,0166;2,0000
SUMO_carro_1000;HBEFA4/PC_petrol_Euro-6ab;1,9730;222;222;0;0,0000;7,1938;5,2840;-1,9098;False;224;0;40,7756;-73,9607;40,7727;-73,9625;40,7782;-73,9745;40,7755;-73,9765;-26,5478;0,0024;-0,0133;2,0000
SUMO_carro_1000;HBEFA4/PC_petrol_Euro-6ab;1,9730;222;222;0;0,0000;7,1938;9,4308;2,2370;False;224;0;40,7756;-73,9607;40,7727;-73,9625;40,7688;-73,9489;40,7644;-73,9475;31,0966;-0,0081;0,0147;2,0000
SUMO_carro_1000;HBEFA4/PC_petrol_Euro-6ab;1,9730;222;222;0;0,0000;7,1938;7,4757;0,2820;False;224;0;40,7756;-73,9607;40,7727;-73,9625;40,7846;-73,9737;40,7822;-73,9762;3,9194;0,0095;-0,0135;2,0000
SUMO_carro_1000;HBEFA4/PC_petrol_Euro-6ab;1,9730;222;222;0;0,0000;7,1938;8,6520;1,4582;False;224;0;40,7756;-73,9607;40,7727;-73,9625;40,7720;-73,9559;40,7688;-73,9582;20,2703;-0,0039;0,0053;2,0000
SUMO_carro_1000;HBEFA4/PC_petrol_Euro-6ab;1,9730;222;222;0;0,0000;7,1938;7,9616;0,7678;False;224;0;40,7756;-73,9607;40,7727;-73,9625;40,7710;-73,9507;40,7681;-73,9527;10,6730;-0,0047;0,0101;2,0000
SUMO_carro_1000;HBEFA4/PC_petrol_Euro-6ab;1,9730;222;222;0;0,0000;7,1938;7,3757;0,1819;False;224;0;40,7756;-73,9607;40,7727;-73,9625;40,7878;-73,9675;40,7842;-73,9666;2,5290;0,0111;-0,0043;2,0000
SUMO_carro_1000;HBEFA4/PC_petrol_Euro-6ab;1,9730;222;222;0;0,0000;7,1938;8,4269;1,2331;False;224;0;40,7756;-73,9607;40,7727;-73,9625;40,7628;-73,9597;40,7599;-73,9613;17,1410;-0,0128;0,0013;2,0000
SUMO_carro_1000;HBEFA4/PC_petrol_Euro-6ab;1,9730;222;222;0;0,0000;7,1938;5,5289;-1,6649;False;224;0;40,7756;-73,9607;40,7727;-73,9625;40,7715;-73,9463;40,7687;-73,9489;-23,1434;-0,0048;0,0154;2,0000
SUMO_carro_1000;HBEFA4/PC_petrol_Euro-6ab;1,9730;222;222;0;0,0000;7,1938;9,7397;2,5459;False;224;0;40,7756;-73,9607;40,7727;-73,9625;40,7671;-73,9503;40,7628;-73,9492;35,3902;-0,0096;0,0126;2,0000
SUMO_carro_1000;HBEFA4/PC_petrol_Euro-6ab;1,9730;222;222;0;0,0000;7,1938;7,6328;0,4390;False;224;0;40,7756;-73,9607;40,7727;-73,9625;40,7672;-73,9664;40,7642;-73,9669;6,1030;-0,0085;-0,0051;2,0000
SUMO_carro_1000;HBEFA4/PC_petrol_Euro-6ab;1,9730;222;222;0;0,0000;7,1938;5,2848;-1,9090;False;224;0;40,7756;-73,9607;40,7727;-73,9625;40,7710;-73,9468;40,7679;-73,9496;-26,5364;-0,0053;0,0145;2,0000
SUMO_carro_1000;HBEFA4/PC_petrol_Euro-6ab;1,9730;222;222;0;0,0000;7,1938;8,0514;0,8576;False;224;0;40,7756;-73,9607;40,7727;-73,9625;40,7686;-73,9657;40,7660;-73,9675;11,9218;-0,0067;-0,0050;2,0000
SUMO_carro_1000;HBEFA4/PC_petrol_Euro-6ab;1,9730;222;222;0;0,0000;7,1938;6,7996;-0,3942;False;224;0;40,7756;-73,9607;40,7727;-73,9625;40,7624;-73,9570;40,7590;-73,9585;-5,4798;-0,0138;0,0042;2,0000
SUMO_carro_1000;HBEFA4/PC_petrol_Euro-6ab;1,9730;222;222;0;0,0000;7,1938;7,7981;0,6043;False;224;0;40,7756;-73,9607;40,7727;-73,9625;40,7907;-73,9654;40,7878;-73,9675;8,4009;0,0147;-0,0040;2,0000
SUMO_carro_1000;HBEFA4/PC_petrol_Euro-6ab;1,9730;222;222;0;0,0000;7,1938;7,5196;0,3259;False;224;0;40,7756;-73,9607;40,7727;-73,9625;40,7755;-73,9605;40,7723;-73,9627;4,5298;-0,0002;0,0001;2,0000
SUMO_carro_1000;HBEFA4/PC_petrol_Euro-6ab;1,9730;222;222;0;0,0000;7,1938;7,8724;0,6786;False;224;0;40,7756;-73,9607;40,7727;-73,9625;40,7701;-73,9477;40,7674;-73,9500;9,4329;-0,0063;0,0143;2,0000
SUMO_carro_1000;HBEFA4/PC_petrol_Euro-6ab;1,9730;222;222;0;0,0000;7,1938;7,7917;0,5979;False;224;0;40,7756;-73,9607;40,7727;-73,9625;40,7687;-73,9489;40,7641;-73,9478;8,3112;-0,0083;0,0142;2,0000
SUMO_carro_1000;HBEFA4/PC_petrol_Euro-6ab;1,9730;222;222;0;0,0000;7,1938;7,8915;0,6977;False;224;0;40,7756;-73,9607;40,7727;-73,9625;40,7717;-73,9631;40,7691;-73,9650;9,6985;-0,0039;-0,0025;2,0000
SUMO_carro_1000;HBEFA4/PC_petrol_Euro-6ab;1,9730;222;222;0;0,0000;7,1938;5,4821;-1,7116;False;224;0;40,7756;-73,9607;40,7727;-73,9625;40,7898;-73,9662;40,7867;-73,9685;-23,7933;0,0144;-0,0066;2,0000
SUMO_carro_1000;HBEFA4/PC_petrol_Euro-6ab;1,9730;222;222;0;0,0000;7,1938;6,6454;-0,5483;False;224;0;40,7756;-73,9607;40,7727;-73,9625;40,7654;-73,9625;40,7632;-73,9647;-7,6223;-0,0101;-0,0017;2,0000
SUMO_carro_1000;HBEFA4/PC_petrol_Euro-6ab;1,9730;222;222;0;0,0000;7,1938;6,5915;-0,6023;False;224;0;40,7756;-73,9607;40,7727;-73,9625;40,7765;-73,9758;40,7737;-73,9778;-8,3724;0,0007;-0,0145;2,0000
SUMO_carro_1000;HBEFA4/PC_petrol_Euro-6ab;1,9730;222;222;0;0,0000;7,1938;5,9993;-1,1944;False;224;0;40,7756;-73,9607;40,7727;-73,9625;40,7834;-73,9709;40,7807;-73,9727;-16,6037;0,0078;-0,0109;2,0000
SUMO_carro_1000;HBEFA4/PC_petrol_Euro-6ab;1,9730;222;222;0;0,0000;7,1938;8,2337;1,0400;False;224;0;40,7756;-73,9607;40,7727;-73,9625;40,7784;-73,9451;40,7759;-73,9470;14,4567;0,0028;0,0158;2,0000
SUMO_carro_1000;HBEFA4/PC_petrol_Euro-6ab;1,9730;222;222;0;0,0000;7,1938;7,6299;0,4361;False;224;0;40,7756;-73,9607;40,7727;-73,9625;40,7743;-73,9613;40,7717;-73,9631;6,0622;-0,0014;-0,0004;2,0000
SUMO_carro_1000;HBEFA4/PC_petrol_Euro-6ab;1,9730;222;222;0;0,0000;7,1938;7,6926;0,4988;False;224;0;40,7756;-73,9607;40,7727;-73,9625;40,7645;-73,9561;40,7618;-73,9576;6,9338;-0,0107;0,0043;2,0000
SUMO_carro_1000;HBEFA4/PC_petrol_Euro-6ab;1,9730;222;222;0;0,0000;7,1938;7,8314;0,6376;False;224;0;40,7756;-73,9607;40,7727;-73,9625;40,7688;-73,9543;40,7651;-73,9556;8,8637;-0,0071;0,0062;2,0000
SUMO_carro_1000;HBEFA4/PC_petrol_Euro-6ab;1,9730;222;222;0;0,0000;7,1938;8,0555;0,8617;False;224;0;40,7756;-73,9607;40,7727;-73,9625;40,7820;-73,9517;40,7791;-73,9538;11,9787;0,0063;0,0089;2,0000
SUMO_carro_1000;HBEFA4/PC_petrol_Euro-6ab;1,9730;222;222;0;0,0000;7,1938;7,3414;0,1476;False;224;0;40,7756;-73,9607;40,7727;-73,9625;40,7737;-73,9618;40,7710;-73,9636;2,0524;-0,0018;-0,0007;2,0000
SUMO_carro_1000;HBEFA4/PC_petrol_Euro-6ab;1,9730;222;222;0;0,0000;7,1938;7,8206;0,6269;False;224;0;40,7756;-73,9607;40,7727;-73,9625;40,7610;-73,9672;40,7578;-73,9694;8,7139;-0,0147;-0,0066;2,0000
SUMO_carro_1000;HBEFA4/PC_petrol_Euro-6ab;1,9730;222;222;0;0,0000;7,1938;6,9706;-0,2232;False;224;0;40,7756;-73,9607;40,7727;-73,9625;40,7717;-73,9511;40,7689;-73,9524;-3,1026;-0,0034;0,0098;2,0000
SUMO_carro_1000;HBEFA4/PC_petrol_Euro-6ab;1,9730;222;222;0;0,0000;7,1938;8,8703;1,6765;False;224;0;40,7756;-73,9607;40,7727;-73,9625;40,7892;-73,9702;40,7862;-73,9714;23,3048;0,0136;-0,0092;2,0000
SUMO_carro_1000;HBEFA4/PC_petrol_Euro-6ab;1,9730;222;222;0;0,0000;7,1938;12,6066;5,4129;False;224;0;40,7756;-73,9607;40,7727;-73,9625;40,7897;-73,9661;40,7841;-73,9663;75,2438;0,0130;-0,0029;2,0000
SUMO_carro_1000;HBEFA4/PC_petrol_Euro-6ab;1,9730;222;222;0;0,0000;7,1938;7,4246;0,2308;False;224;0;40,7756;-73,9607;40,7727;-73,9625;40,7704;-73,9641;40,7672;-73,9664;3,2087;-0,0055;-0,0032;2,0000
SUMO_carro_1000;HBEFA4/PC_petrol_Euro-6ab;1,9730;222;222;0;0,0000;7,1938;7,1117;-0,0820;False;224;0;40,7756;-73,9607;40,7727;-73,9625;40,7731;-73,9623;40,7704;-73,9641;-1,1405;-0,0024;-0,0013;2,0000
SUMO_carro_1000;HBEFA4/PC_petrol_Euro-6ab;1,9730;222;222;0;0,0000;7,1938;7,4333;0,2396;False;224;0;40,7756;-73,9607;40,7727;-73,9625;40,7626;-73,9680;40,7594;-73,9694;3,3301;-0,0133;-0,0072;2,0000
SUMO_carro_1000;HBEFA4/PC_petrol_Euro-6ab;1,9730;222;222;0;0,0000;7,1938;7,3373;0,1435;False;224;0;40,7756;-73,9607;40,7727;-73,9625;40,7860;-73,9690;40,7828;-73,9714;1,9949;0,0106;-0,0091;2,0000
SUMO_carro_1000;HBEFA4/PC_petrol_Euro-6ab;1,9730;222;222;0;0,0000;7,1938;11,4991;4,3054;False;224;0;40,7756;-73,9607;40,7727;-73,9625;40,7849;-73,9681;40,7817;-73,9714;59,8483;0,0094;-0,0073;2,0000
SUMO_carro_1000;HBEFA4/PC_petrol_Euro-6ab;1,9730;222;222;0;0,0000;7,1938;8,2685;1,0747;False;224;0;40,7756;-73,9607;40,7727;-73,9625;40,7896;-73,9576;40,7847;-73,9581;14,9393;0,0128;0,0022;2,0000
SUMO_carro_1000;HBEFA4/PC_petrol_Euro-6ab;1,9730;222;222;0;0,0000;7,1938;7,1825;-0,0113;False;224;0;40,7756;-73,9607;40,7727;-73,9625;40,7632;-73,9725;40,7604;-73,9739;-0,1566;-0,0122;-0,0121;2,0000
SUMO_carro_1000;HBEFA4/PC_petrol_Euro-6ab;1,9730;222;222;0;0,0000;7,1938;8,5090;1,3152;False;224;0;40,7756;-73,9607;40,7727;-73,9625;40,7804;-73,9498;40,7777;-73,9513;18,2823;0,0048;0,0110;2,0000
SUMO_carro_1000;HBEFA4/PC_petrol_Euro-6ab;1,9730;222;222;0;0,0000;7,1938;6,9966;-0,1972;False;224;0;40,7756;-73,9607;40,7727;-73,9625;40,7737;-73,9778;40,7713;-73,9770;-2,7406;-0,0024;-0,0154;2,0000
SUMO_carro_1000;HBEFA4/PC_petrol_Euro-6ab;1,9730;222;222;0;0,0000;7,1938;5,3218;-1,8720;False;224;0;40,7756;-73,9607;40,7727;-73,9625;40,7794;-73,9737;40,7763;-73,9759;-26,0225;0,0034;-0,0128;2,0000
SUMO_carro_1000;HBEFA4/PC_petrol_Euro-6ab;1,9730;222;222;0;0,0000;7,1938;6,7670;-0,4268;False;224;0;40,7756;-73,9607;40,7727;-73,9625;40,7705;-73,9685;40,7689;-73,9724;-5,9324;-0,0043;-0,0101;2,0000
SUMO_carro_1000;HBEFA4/PC_petrol_Euro-6ab;1,9730;222;222;0;0,0000;7,1938;12,3429;5,1491;False;224;0;40,7756;-73,9607;40,7727;-73,9625;40,7793;-73,9693;40,7775;-73,9750;71,5775;0,0032;-0,0090;2,0000
SUMO_carro_1000;HBEFA4/PC_petrol_Euro-6ab;1,9730;222;222;0;0,0000;7,1938;4,7938;-2,3999;False;224;0;40,7756;-73,9607;40,7727;-73,9625;40,7742;-73,9435;40,7717;-73,9461;-33,3611;-0,0014;0,0170;2,0000
SUMO_carro_1000;HBEFA4/PC_petrol_Euro-6ab;1,9730;222;222;0;0,0000;7,1938;7,9539;0,7601;False;224;0;40,7756;-73,9607;40,7727;-73,9625;40,7690;-73,9727;40,7691;-73,9731;10,5659;-0,0052;-0,0114;2,0000
SUMO_carro_1000;HBEFA4/PC_petrol_Euro-6ab;1,9730;222;222;0;0,0000;7,1938;7,3555;0,1617;False;224;0;40,7756;-73,9607;40,7727;-73,9625;40,7642;-73,9708;40,7614;-73,9723;2,2477;-0,0115;-0,0100;2,0000
SUMO_carro_1000;HBEFA4/PC_petrol_Euro-6ab;1,9730;222;222;0;0,0000;7,1938;8,5612;1,3674;False;224;0;40,7756;-73,9607;40,7727;-73,9625;40,7656;-73,9761;40,7628;-73,9776;19,0080;-0,0101;-0,0145;2,0000
SUMO_carro_1000;HBEFA4/PC_petrol_Euro-6ab;1,9730;222;222;0;0,0000;7,1938;9,3160;2,1222;False;224;0;40,7756;-73,9607;40,7727;-73,9625;40,7718;-73,9778;40,7699;-73,9806;29,5012;-0,0034;-0,0167;2,0000
SUMO_carro_1000;HBEFA4/PC_petrol_Euro-6ab;1,9730;222;222;0;0,0000;7,1938;6,6927;-0,5011;False;224;0;40,7756;-73,9607;40,7727;-73,9625;40,7865;-73,9568;40,7835;-73,9590;-6,9653;0,0110;0,0032;2,0000
SUMO_carro_1000;HBEFA4/PC_petrol_Euro-6ab;1,9730;222;222;0;0,0000;7,1938;6,6749;-0,5188;False;224;0;40,7756;-73,9607;40,7727;-73,9625;40,7892;-73,9568;40,7853;-73,9577;-7,2124;0,0130;0,0033;2,0000
SUMO_carro_1000;HBEFA4/PC_petrol_Euro-6ab;1,9730;222;222;0;0,0000;7,1938;8,5952;1,4014;False;224;0;40,7756;-73,9607;40,7727;-73,9625;40,7694;-73,9577;40,7668;-73,9597;19,4806;-0,0060;0,0033;2,0000
SUMO_carro_1000;HBEFA4/PC_petrol_Euro-6ab;1,9730;222;222;0;0,0000;7,1938;6,3279;-0,8658;False;224;0;40,7756;-73,9607;40,7727;-73,9625;40,7606;-73,9585;40,7580;-73,9602;-12,0360;-0,0148;0,0022;2,0000
SUMO_carro_1000;HBEFA4/PC_petrol_Euro-6ab;1,9730;222;222;0;0,0000;7,1938;8,5824;1,3886;False;224;0;40,7756;-73,9607;40,7727;-73,9625;40,7840;-73,9503;40,7813;-73,9522;19,3026;0,0084;0,0104;2,0000
SUMO_carro_1000;HBEFA4/PC_petrol_Euro-6ab;1,9730;222;222;0;0,0000;7,1938;8,0162;0,8225;False;224;0;40,7756;-73,9607;40,7727;-73,9625;40,7667;-73,9712;40,7636;-73,9734;11,4330;-0,0093;-0,0105;2,0000
SUMO_carro_1000;HBEFA4/PC_petrol_Euro-6ab;1,9730;222;222;0;0,0000;7,1938;7,2263;0,0325;False;224;0;40,7756;-73,9607;40,7727;-73,9625;40,7757;-73,9646;40,7723;-73,9666;0,4522;-0,0000;-0,0035;2,0000
SUMO_carro_1000;HBEFA4/PC_petrol_Euro-6ab;1,9730;222;222;0;0,0000;7,1938;7,6746;0,4808;False;224;0;40,7756;-73,9607;40,7727;-73,9625;40,7585;-73,9614;40,7556;-73,9624;6,6835;-0,0171;-0,0001;2,0000
SUMO_carro_1000;HBEFA4/PC_petrol_Euro-6ab;1,9730;222;222;0;0,0000;7,1938;7,4871;0,2933;False;224;0;40,7756;-73,9607;40,7727;-73,9625;40,7617;-73,9711;40,7586;-73,9731;4,0778;-0,0138;-0,0107;2,0000
SUMO_carro_1000;HBEFA4/PC_petrol_Euro-6ab;1,9730;222;222;0;0,0000;7,1938;8,0680;0,8742;False;224;0;40,7756;-73,9607;40,7727;-73,9625;40,7772;-73,9460;40,7746;-73,9480;12,1520;0,0014;0,0152;2,0000
SUMO_carro_1000;HBEFA4/PC_petrol_Euro-6ab;1,9730;222;222;0;0,0000;7,1938;8,6012;1,4074;False;224;0;40,7756;-73,9607;40,7727;-73,9625;40,7787;-73,9481;40,7755;-73,9502;19,5647;0,0029;0,0125;2,0000
SUMO_carro_1000;HBEFA4/PC_petrol_Euro-6ab;1,9730;222;222;0;0,0000;7,1938;7,8447;0,6509;False;224;0;40,7756;-73,9607;40,7727;-73,9625;40,7715;-73,9506;40,7688;-73,9524;9,0487;-0,0039;0,0101;2,0000
SUMO_carro_1000;HBEFA4/PC_petrol_Euro-6ab;1,9730;222;222;0;0,0000;7,1938;7,2055;0,0117;False;224;0;40,7756;-73,9607;40,7727;-73,9625;40,7737;-73,9780;40,7706;-73,9801;0,1626;-0,0020;-0,0176;2,0000
SUMO_carro_1000;HBEFA4/PC_petrol_Euro-6ab;1,9730;222;222;0;0,0000;7,1938;6,9971;-0,1966;False;224;0;40,7756;-73,9607;40,7727;-73,9625;40,7752;-73,9453;40,7718;-73,9473;-2,7335;-0,0008;0,0147;2,0000
SUMO_carro_1000;HBEFA4/PC_petrol_Euro-6ab;1,9730;222;222;0;0,0000;7,1938;7,5757;0,3819;False;224;0;40,7756;-73,9607;40,7727;-73,9625;40,7789;-73,9603;40,7756;-73,9625;5,3089;0,0031;0,0003;2,0000
SUMO_carro_1000;HBEFA4/PC_petrol_Euro-6ab;1,9730;222;222;0;0,0000;7,1938;14,7389;7,5451;False;224;0;40,7756;-73,9607;40,7727;-73,9625;40,7909;-73,9652;40,7879;-73,9674;104,8837;0,0146;-0,0031;2,0000
SUMO_carro_1000;HBEFA4/PC_petrol_Euro-6ab;1,9730;222;222;0;0,0000;7,1938;6,8523;-0,3415;False;224;0;40,7756;-73,9607;40,7727;-73,9625;40,7766;-73,9768;40,7728;-73,9797;-4,7473;0,0005;-0,0172;2,0000
SUMO_carro_1000;HBEFA4/PC_petrol_Euro-6ab;1,9730;222;222;0;0,0000;7,1938;9,2924;2,0987;False;224;0;40,7756;-73,9607;40,7727;-73,9625;40,7695;-73,9482;40,7665;-73,9507;29,1736;-0,0076;0,0157;2,0000
SUMO_carro_1000;HBEFA4/PC_petrol_Euro-6ab;1,9730;222;222;0;0,0000;7,1938;6,0277;-1,1661;False;224;0;40,7756;-73,9607;40,7727;-73,9625;40,7822;-73,9762;40,7788;-73,9780;-16,2101;0,0065;-0,0163;2,0000
SUMO_carro_1000;HBEFA4/PC_petrol_Euro-6ab;1,9730;222;222;0;0,0000;7,1938;8,6494;1,4556;False;224;0;40,7756;-73,9607;40,7727;-73,9625;40,7662;-73,9601;40,7627;-73,9615;20,2347;-0,0099;0,0014;2,0000
SUMO_carro_1000;HBEFA4/PC_petrol_Euro-6ab;1,9730;222;222;0;0,0000;7,1938;9,0770;1,8833;False;224;0;40,7756;-73,9607;40,7727;-73,9625;40,7821;-73,9634;40,7783;-73,9671;26,1792;0,0058;-0,0045;2,0000
SUMO_carro_1000;HBEFA4/PC_petrol_Euro-6ab;1,9730;222;222;0;0,0000;7,1938;6,8080;-0,3857;False;224;0;40,7756;-73,9607;40,7727;-73,9625;40,7799;-73,9525;40,7766;-73,9528;-5,3620;0,0042;0,0087;2,0000
SUMO_carro_1000;HBEFA4/PC_petrol_Euro-6ab;1,9730;222;222;0;0,0000;7,1938;7,8924;0,6987;False;224;0;40,7756;-73,9607;40,7727;-73,9625;40,7773;-73,9643;40,7744;-73,9656;9,7121;0,0017;-0,0035;2,0000
SUMO_carro_1000;HBEFA4/PC_petrol_Euro-6ab;1,9730;222;222;0;0,0000;7,1938;9,0659;1,8721;False;224;0;40,7756;-73,9607;40,7727;-73,9625;40,7767;-73,9792;40,7733;-73,9809;26,0237;0,0006;-0,0178;2,0000
SUMO_carro_1000;HBEFA4/PC_petrol_Euro-6ab;1,9730;222;222;0;0,0000;7,1938;5,6200;-1,5737;False;224;0;40,7756;-73,9607;40,7727;-73,9625;40,7842;-73,9585;40,7815;-73,9604;-21,8762;0,0092;0,0012;2,0000
SUMO_carro_1000;HBEFA4/PC_petrol_Euro-6ab;1,9730;222;222;0;0,0000;7,1938;6,8586;-0,3352;False;224;0;40,7756;-73,9607;40,7727;-73,9625;40,7757;-73,9442;40,7729;-73,9461;-4,6591;0,0002;0,0167;2,0000
SUMO_carro_1000;HBEFA4/PC_petrol_Euro-6ab;1,9730;222;222;0;0,0000;7,1938;9,6797;2,4860;False;224;0;40,7756;-73,9607;40,7727;-73,9625;40,7911;-73,9534;40,7896;-73,9576;34,5574;0,0169;0,0045;2,0000
SUMO_carro_1000;HBEFA4/PC_petrol_Euro-6ab;1,9730;222;222;0;0,0000;7,1938;5,8913;-1,3024;False;224;0;40,7756;-73,9607;40,7727;-73,9625;40,7911;-73,9534;40,7892;-73,9568;-18,1050;0,0165;0,0056;2,0000
SUMO_carro_1000;HBEFA4/PC_petrol_Euro-6ab;1,9730;222;222;0;0,0000;7,1938;8,9226;1,7289;False;224;0;40,7756;-73,9607;40,7727;-73,9625;40,7767;-73,9792;40,7733;-73,9809;24,0328;0,0007;-0,0177;2,0000
SUMO_carro_1000;HBEFA4/PC_petrol_Euro-6ab;1,9730;222;222;0;0,0000;7,1938;11,4677;4,2739;False;224;0;40,7756;-73,9607;40,7727;-73,9625;40,7691;-73,9733;40,7639;-73,9761;59,4116;-0,0082;-0,0135;2,0000
SUMO_carro_1000;HBEFA4/PC_petrol_Euro-6ab;1,9730;222;222;0;0,0000;7,1938;13,5937;6,4000;False;224;0;40,7756;-73,9607;40,7727;-73,9625;40,7906;-73,9605;40,7837;-73,9649;88,9654;0,0135;-0,0013;2,0000
SUMO_carro_1000;HBEFA4/PC_petrol_Euro-6ab;1,9730;222;222;0;0,0000;7,1938;7,2712;0,0774;False;224;0;40,7756;-73,9607;40,7727;-73,9625;40,7743;-73,9634;40,7712;-73,9640;1,0758;-0,0015;-0,0022;2,0000
SUMO_carro_1000;HBEFA4/PC_petrol_Euro-6ab;1,9730;222;222;0;0,0000;7,1938;8,4102;1,2164;False;224;0;40,7756;-73,9607;40,7727;-73,9625;40,7618;-73,9633;40,7591;-73,9647;16,9093;-0,0136;-0,0021;2,0000
SUMO_carro_1000;HBEFA4/PC_petrol_Euro-6ab;3,1582;300;300;0;0,0000;12,8283;12,8392;0,0109;False;302;0;40,7756;-73,9607;40,7739;-73,9619;40,7732;-73,9665;40,7717;-73,9676;0,0849;-0,0014;-0,0080;2,0000
SUMO_carro_1000;HBEFA4/PC_petrol_Euro-6ab;3,1582;300;300;0;0,0000;12,8283;14,6571;1,8288;False;302;0;40,7756;-73,9607;40,7739;-73,9619;40,7848;-73,9464;40,7833;-73,9478;14,2562;0,0093;0,0145;2,0000
SUMO_carro_1000;HBEFA4/PC_petrol_Euro-6ab;3,1582;300;300;0;0,0000;12,8283;10,9816;-1,8467;False;302;0;40,7756;-73,9607;40,7739;-73,9619;40,7840;-73,9586;40,7831;-73,9638;-14,3953;0,0095;-0,0009;2,0000
SUMO_carro_1000;HBEFA4/PC_petrol_Euro-6ab;3,1582;300;300;0;0,0000;12,8283;15,4914;2,6631;False;302;0;40,7756;-73,9607;40,7739;-73,9619;40,7737;-73,9780;40,7720;-73,9798;20,7592;-0,0021;-0,0177;2,0000
SUMO_carro_1000;HBEFA4/PC_petrol_Euro-6ab;3,1582;300;300;0;0,0000;12,8283;17,1927;4,3644;False;302;0;40,7756;-73,9607;40,7739;-73,9619;40,7712;-73,9768;40,7708;-73,9761;34,0214;-0,0032;-0,0146;2,0000
SUMO_carro_1000;HBEFA4/PC_petrol_Euro-6ab;3,1582;300;300;0;0,0000;12,8283;13,6323;0,8039;False;302;0;40,7756;-73,9607;40,7739;-73,9619;40,7910;-73,9691;40,7892;-73,9702;6,2670;0,0156;-0,0087;2,0000
SUMO_carro_1000;HBEFA4/PC_petrol_Euro-6ab;3,1582;300;300;0;0,0000;12,8283;9,2295;-3,5988;False;302;0;40,7756;-73,9607;40,7739;-73,9619;40,7842;-73,9666;40,7794;-73,9697;-28,0535;0,0070;-0,0069;2,0000
SUMO_carro_1000;HBEFA4/PC_petrol_Euro-6ab;3,1582;300;300;0;0,0000;12,8283;11,8655;-0,9628;False;302;0;40,7756;-73,9607;40,7739;-73,9619;40,7698;-73,9547;40,7679;-73,9561;-7,5056;-0,0055;0,0050;2,0000
SUMO_carro_1000;HBEFA4/PC_petrol_Euro-6ab;3,1582;300;300;0;0,0000;12,8283;17,9534;5,1251;False;302;0;40,7756;-73,9607;40,7739;-73,9619;40,7618;-73,9498;40,7601;-73,9515;39,9513;-0,0138;0,0108;2,0000
SUMO_carro_1000;HBEFA4/PC_petrol_Euro-6ab;3,1582;300;300;0;0,0000;12,8283;13,8122;0,9839;False;302;0;40,7756;-73,9607;40,7739;-73,9619;40,7715;-73,9566;40,7695;-73,9580;7,6699;-0,0038;0,0032;2,0000
SUMO_carro_1000;HBEFA4/PC_petrol_Euro-6ab;3,1582;300;300;0;0,0000;12,8283;13,2962;0,4679;False;302;0;40,7756;-73,9607;40,7739;-73,9619;40,7811;-73,9761;40,7793;-73,9773;3,6470;0,0055;-0,0153;2,0000
SUMO_carro_1000;HBEFA4/PC_petrol_Euro-6ab;3,1582;300;300;0;0,0000;12,8283;13,3308;0,5025;False;302;0;40,7756;-73,9607;40,7739;-73,9619;40,7789;-73,9583;40,7771;-73,9598;3,9167;0,0031;0,0021;2,0000
SUMO_carro_1000;HBEFA4/PC_petrol_Euro-6ab;3,1582;300;300;0;0,0000;12,8283;13,2346;0,4063;False;302;0;40,7756;-73,9607;40,7739;-73,9619;40,7618;-73,9576;40,7602;-73,9594;3,1674;-0,0136;0,0026;2,0000
SUMO_carro_1000;HBEFA4/PC_petrol_Euro-6ab;3,1582;300;300;0;0,0000;12,8283;13,6472;0,8189;False;302;0;40,7756;-73,9607;40,7739;-73,9619;40,7799;-73,9553;40,7782;-73,9565;6,3834;0,0044;0,0055;2,0000
SUMO_carro_1000;HBEFA4/PC_petrol_Euro-6ab;3,1582;300;300;0;0,0000;12,8283;13,1404;0,3121;False;302;0;40,7756;-73,9607;40,7739;-73,9619;40,7899;-73,9584;40,7854;-73,9576;2,4326;0,0129;0,0016;2,0000
SUMO_carro_1000;HBEFA4/PC_petrol_Euro-6ab;3,1582;300;300;0;0,0000;12,8283;12,7058;-0,1225;False;302;0;40,7756;-73,9607;40,7739;-73,9619;40,7910;-73,9653;40,7892;-73,9667;-0,9547;0,0158;-0,0055;2,0000
SUMO_carro_1000;HBEFA4/PC_petrol_Euro-6ab;3,1582;300;300;0;0,0000;12,8283;12,5812;-0,2471;False;302;0;40,7756;-73,9607;40,7739;-73,9619;40,7819;-73,9756;40,7801;-73,9770;-1,9260;0,0062;-0,0151;2,0000
SUMO_carro_1000;HBEFA4/PC_petrol_Euro-6ab;3,1582;300;300;0;0,0000;12,8283;9,3361;-3,4922;False;302;0;40,7756;-73,9607;40,7739;-73,9619;40,7815;-73,9714;40,7798;-73,9734;-27,2224;0,0058;-0,0104;2,0000
SUMO_carro_1000;HBEFA4/PC_petrol_Euro-6ab;3,1582;300;300;0;0,0000;12,8283;14,3735;1,5452;False;302;0;40,7756;-73,9607;40,7739;-73,9619;40,7689;-73,9505;40,7668;-73,9515;12,0452;-0,0071;0,0098;2,0000
SUMO_carro_1000;HBEFA4/PC_petrol_Euro-6ab;3,1582;300;300;0;0,0000;12,8283;12,6231;-0,2053;False;302;0;40,7756;-73,9607;40,7739;-73,9619;40,7772;-73,9460;40,7752;-73,9475;-1,6001;0,0013;0,0153;2,0000
SUMO_carro_1000;HBEFA4/PC_petrol_Euro-6ab;3,1582;300;300;0;0,0000;12,8283;12,5498;-0,2785;False;302;0;40,7756;-73,9607;40,7739;-73,9619;40,7895;-73,9503;40,7878;-73,9514;-2,1709;0,0138;0,0107;2,0000
SUMO_carro_1000;HBEFA4/PC_petrol_Euro-6ab;3,1582;300;300;0;0,0000;12,8283;11,6635;-1,1648;False;302;0;40,7756;-73,9607;40,7739;-73,9619;40,7903;-73,9599;40,7835;-73,9644;-9,0798;0,0120;-0,0008;2,0000
SUMO_carro_1000;HBEFA4/PC_petrol_Euro-6ab;3,1582;300;300;0;0,0000;12,8283;13,9906;1,1623;False;302;0;40,7756;-73,9607;40,7739;-73,9619;40,7640;-73,9559;40,7624;-73,9570;9,0604;-0,0117;0,0046;2,0000
SUMO_carro_1000;HBEFA4/PC_petrol_Euro-6ab;3,1582;300;300;0;0,0000;12,8283;13,5128;0,6845;False;302;0;40,7756;-73,9607;40,7739;-73,9619;40,7789;-73,9580;40,7775;-73,9590;5,3360;0,0033;0,0028;2,0000
SUMO_carro_1000;HBEFA4/PC_petrol_Euro-6ab;3,1582;300;300;0;0,0000;12,8283;14,1093;1,2810;False;302;0;40,7756;-73,9607;40,7739;-73,9619;40,7674;-73,9592;40,7656;-73,9606;9,9858;-0,0086;0,0024;2,0000
SUMO_carro_1000;HBEFA4/PC_petrol_Euro-6ab;3,1582;300;300;0;0,0000;12,8283;19,0996;6,2713;False;302;0;40,7756;-73,9607;40,7739;-73,9619;40,7710;-73,9468;40,7695;-73,9482;48,8866;-0,0060;0,0161;2,0000
SUMO_carro_1000;HBEFA4/PC_petrol_Euro-6ab;3,1582;300;300;0;0,0000;12,8283;17,3237;4,4954;False;302;0;40,7756;-73,9607;40,7739;-73,9619;40,7838;-73,9655;40,7838;-73,9655;35,0424;0,0101;-0,0038;2,0000
SUMO_carro_1000;HBEFA4/PC_petrol_Euro-6ab;3,1582;300;300;0;0,0000;12,8283;11,9837;-0,8447;False;302;0;40,7756;-73,9607;40,7739;-73,9619;40,7894;-73,9572;40,7894;-73,9572;-6,5843;0,0150;0,0043;2,0000
SUMO_carro_1000;HBEFA4/PC_petrol_Euro-6ab;3,1582;300;300;0;0,0000;12,8283;27,3011;14,4727;False;302;0;40,7756;-73,9607;40,7739;-73,9619;40,7794;-73,9698;40,7775;-73,9750;112,8187;0,0022;-0,0099;2,0000
SUMO_carro_1000;HBEFA4/PC_petrol_Euro-6ab;3,1582;300;300;0;0,0000;12,8283;12,4794;-0,3489;False;302;0;40,7756;-73,9607;40,7739;-73,9619;40,7610;-73,9672;40,7592;-73,9683;-2,7197;-0,0146;-0,0066;2,0000
SUMO_carro_1000;HBEFA4/PC_petrol_Euro-6ab;3,1582;300;300;0;0,0000;12,8283;13,5013;0,6730;False;302;0;40,7756;-73,9607;40,7739;-73,9619;40,7877;-73,9711;40,7859;-73,9726;5,2464;0,0121;-0,0104;2,0000
SUMO_carro_1000;HBEFA4/PC_petrol_Euro-6ab;3,1582;300;300;0;0,0000;12,8283;13,2160;0,3877;False;302;0;40,7756;-73,9607;40,7739;-73,9619;40,7728;-73,9496;40,7708;-73,9511;3,0224;-0,0027;0,0101;2,0000
SUMO_carro_1000;HBEFA4/PC_petrol_Euro-6ab;3,1582;300;300;0;0,0000;12,8283;12,1726;-0,6558;False;302;0;40,7756;-73,9607;40,7739;-73,9619;40,7679;-73,9496;40,7663;-73,9509;-5,1118;-0,0084;0,0130;2,0000
SUMO_carro_1000;HBEFA4/PC_petrol_Euro-6ab;3,1582;300;300;0;0,0000;12,8283;13,9012;1,0728;False;302;0;40,7756;-73,9607;40,7739;-73,9619;40,7743;-73,9775;40,7727;-73,9785;8,3631;-0,0012;-0,0168;2,0000
SUMO_carro_1000;HBEFA4/PC_petrol_Euro-6ab;3,1582;300;300;0;0,0000;12,8283;13,4204;0,5921;False;302;0;40,7756;-73,9607;40,7739;-73,9619;40,7892;-73,9547;40,7878;-73,9558;4,6158;0,0136;0,0061;2,0000
SUMO_carro_1000;HBEFA4/PC_petrol_Euro-6ab;3,1582;300;300;0;0,0000;12,8283;12,8085;-0,0198;False;302;0;40,7756;-73,9607;40,7739;-73,9619;40,7623;-73,9683;40,7611;-73,9695;-0,1544;-0,0131;-0,0080;2,0000
SUMO_carro_1000;HBEFA4/PC_petrol_Euro-6ab;3,1582;300;300;0;0,0000;12,8283;14,5837;1,7554;False;302;0;40,7756;-73,9607;40,7739;-73,9619;40,7633;-73,9571;40,7612;-73,9580;13,6839;-0,0122;0,0035;2,0000
SUMO_carro_1000;HBEFA4/PC_petrol_Euro-6ab;3,1582;300;300;0;0,0000;12,8283;13,6416;0,8133;False;302;0;40,7756;-73,9607;40,7739;-73,9619;40,7697;-73,9646;40,7678;-73,9659;6,3396;-0,0060;-0,0034;2,0000
SUMO_carro_1000;HBEFA4/PC_petrol_Euro-6ab;3,1582;300;300;0;0,0000;12,8283;11,2634;-1,5649;False;302;0;40,7756;-73,9607;40,7739;-73,9619;40,7854;-73,9576;40,7833;-73,9641;-12,1987;0,0114;-0,0005;2,0000
SUMO_carro_1000;HBEFA4/PC_petrol_Euro-6ab;3,1582;300;300;0;0,0000;12,8283;13,0385;0,2102;False;302;0;40,7756;-73,9607;40,7739;-73,9619;40,7643;-73,9731;40,7624;-73,9744;1,6386;-0,0112;-0,0126;2,0000
SUMO_carro_1000;HBEFA4/PC_petrol_Euro-6ab;3,1582;300;300;0;0,0000;12,8283;9,2193;-3,6090;False;302;0;40,7756;-73,9607;40,7739;-73,9619;40,7763;-73,9438;40,7743;-73,9452;-28,1331;0,0005;0,0171;2,0000
SUMO_carro_1000;HBEFA4/PC_petrol_Euro-6ab;3,1582;300;300;0;0,0000;12,8283;13,1326;0,3043;False;302;0;40,7756;-73,9607;40,7739;-73,9619;40,7780;-73,9782;40,7761;-73,9796;2,3718;0,0021;-0,0168;2,0000
SUMO_carro_1000;HBEFA4/PC_petrol_Euro-6ab;3,1582;300;300;0;0,0000;12,8283;13,4715;0,6432;False;302;0;40,7756;-73,9607;40,7739;-73,9619;40,7719;-73,9530;40,7701;-73,9543;5,0139;-0,0039;0,0078;2,0000
SUMO_carro_1000;HBEFA4/PC_petrol_Euro-6ab;3,1582;300;300;0;0,0000;12,8283;23,0607;10,2324;False;302;0;40,7756;-73,9607;40,7739;-73,9619;40,7793;-73,9693;40,7793;-73,9693;79,7640;0,0045;-0,0080;2,0000
SUMO_carro_1000;HBEFA4/PC_petrol_Euro-6ab;3,1582;300;300;0;0,0000;12,8283;13,4216;0,5933;False;302;0;40,7756;-73,9607;40,7739;-73,9619;40,7710;-73,9535;40,7688;-73,9543;4,6249;-0,0050;0,0073;2,0000
SUMO_carro_1000;HBEFA4/PC_petrol_Euro-6ab;3,1582;300;300;0;0,0000;12,8283;15,7151;2,8867;False;302;0;40,7756;-73,9607;40,7739;-73,9619;40,7594;-73,9581;40,7578;-73,9595;22,5028;-0,0167;0,0032;2,0000
SUMO_carro_1000;HBEFA4/PC_petrol_Euro-6ab;3,1582;300;300;0;0,0000;12,8283;13,2317;0,4034;False;302;0;40,7756;-73,9607;40,7739;-73,9619;40,7802;-73,9593;40,7783;-73,9607;3,1444;0,0045;0,0014;2,0000
SUMO_carro_1000;HBEFA4/PC_petrol_Euro-6ab;3,1582;300;300;0;0,0000;12,8283;11,3494;-1,4789;False;302;0;40,7756;-73,9607;40,7739;-73,9619;40,7755;-73,9765;40,7705;-73,9756;-11,5286;-0,0019;-0,0117;2,0000
SUMO_carro_1000;HBEFA4/PC_petrol_Euro-6ab;3,1582;300;300;0;0,0000;12,8283;8,3905;-4,4378;False;302;0;40,7756;-73,9607;40,7739;-73,9619;40,7743;-73,9433;40,7727;-73,9449;-34,5936;-0,0014;0,0173;2,0000
SUMO_carro_1000;HBEFA4/PC_petrol_Euro-6ab;3,1582;300;300;0;0,0000;12,8283;9,1310;-3,6973;False;302;0;40,7756;-73,9607;40,7739;-73,9619;40,7836;-73,9648;40,7836;-73,9648;-28,8215;0,0112;-0,0021;2,0000
SUMO_carro_1000;HBEFA4/PC_petrol_Euro-6ab;3,1582;300;300;0;0,0000;12,8283;12,3729;-0,4554;False;302;0;40,7756;-73,9607;40,7739;-73,9619;40,7845;-73,9538;40,7827;-73,9551;-3,5502;0,0088;0,0072;2,0000
SUMO_carro_1000;HBEFA4/PC_petrol_Euro-6ab;3,1582;300;300;0;0,0000;12,8283;16,2369;3,4086;False;302;0;40,7756;-73,9607;40,7739;-73,9619;40,7838;-73,9655;40,7838;-73,9655;26,5709;0,0103;-0,0037;2,0000
SUMO_carro_1000;HBEFA4/PC_petrol_Euro-6ab;3,1582;300;300;0;0,0000;12,8283;13,7717;0,9434;False;302;0;40,7756;-73,9607;40,7739;-73,9619;40,7662;-73,9601;40,7643;-73,9615;7,3537;-0,0097;0,0006;2,0000
SUMO_carro_1000;HBEFA4/PC_petrol_Euro-6ab;3,1582;300;300;0;0,0000;12,8283;13,1989;0,3705;False;302;0;40,7756;-73,9607;40,7739;-73,9619;40,7730;-73,9625;40,7712;-73,9640;2,8884;-0,0027;-0,0021;2,0000
SUMO_carro_1000;HBEFA4/PC_petrol_Euro-6ab;3,1582;300;300;0;0,0000;12,8283;13,6375;0,8092;False;302;0;40,7756;-73,9607;40,7739;-73,9619;40,7816;-73,9488;40,7795;-73,9476;6,3081;0,0057;0,0130;2,0000
SUMO_carro_1000;HBEFA4/PC_petrol_Euro-6ab;3,1582;300;300;0;0,0000;12,8283;10,4688;-2,3595;False;302;0;40,7756;-73,9607;40,7739;-73,9619;40,7789;-73,9742;40,7772;-73,9763;-18,3927;0,0034;-0,0148;2,0000
SUMO_carro_1000;HBEFA4/PC_petrol_Euro-6ab;3,1582;300;300;0;0,0000;12,8283;12,9015;0,0732;False;302;0;40,7756;-73,9607;40,7739;-73,9619;40,7789;-73,9601;40,7776;-73,9611;0,5705;0,0032;0,0011;2,0000
SUMO_carro_1000;HBEFA4/PC_petrol_Euro-6ab;3,1582;300;300;0;0,0000;12,8283;12,1341;-0,6942;False;302;0;40,7756;-73,9607;40,7739;-73,9619;40,7896;-73,9697;40,7884;-73,9706;-5,4115;0,0140;-0,0082;2,0000
SUMO_carro_1000;HBEFA4/PC_petrol_Euro-6ab;3,1582;300;300;0;0,0000;12,8283;9,0517;-3,7766;False;302;0;40,7756;-73,9607;40,7739;-73,9619;40,7726;-73,9454;40,7710;-73,9468;-29,4394;-0,0029;0,0152;2,0000
SUMO_carro_1000;HBEFA4/PC_petrol_Euro-6ab;3,1582;300;300;0;0,0000;12,8283;13,8429;1,0146;False;302;0;40,7756;-73,9607;40,7739;-73,9619;40,7885;-73,9709;40,7868;-73,9719;7,9092;0,0133;-0,0109;2,0000
SUMO_carro_1000;HBEFA4/PC_petrol_Euro-6ab;3,1582;300;300;0;0,0000;12,8283;12,8353;0,0070;False;302;0;40,7756;-73,9607;40,7739;-73,9619;40,7871;-73,9519;40,7852;-73,9533;0,0548;0,0112;0,0089;2,0000
SUMO_carro_1000;HBEFA4/PC_petrol_Euro-6ab;3,1582;300;300;0;0,0000;12,8283;13,0229;0,1946;False;302;0;40,7756;-73,9607;40,7739;-73,9619;40,7622;-73,9702;40,7603;-73,9716;1,5168;-0,0135;-0,0095;2,0000
SUMO_carro_1000;HBEFA4/PC_petrol_Euro-6ab;3,1582;300;300;0;0,0000;12,8283;13,7275;0,8992;False;302;0;40,7756;-73,9607;40,7739;-73,9619;40,7826;-73,9452;40,7806;-73,9463;7,0096;0,0069;0,0157;2,0000
SUMO_carro_1000;HBEFA4/PC_petrol_Euro-6ab;3,1582;300;300;0;0,0000;12,8283;30,2122;17,3839;False;302;0;40,7756;-73,9607;40,7739;-73,9619;40,7909;-73,9610;40,7907;-73,9606;135,5117;0,0156;-0,0001;2,0000
SUMO_carro_1000;HBEFA4/PC_petrol_Euro-6ab;3,1582;300;300;0;0,0000;12,8283;14,5624;1,7340;False;302;0;40,7756;-73,9607;40,7739;-73,9619;40,7589;-73,9644;40,7575;-73,9651;13,5172;-0,0169;-0,0035;2,0000
SUMO_carro_1000;HBEFA4/PC_petrol_Euro-6ab;3,1582;300;300;0;0,0000;12,8283;13,1385;0,3102;False;302;0;40,7756;-73,9607;40,7739;-73,9619;40,7614;-73,9606;40,7596;-73,9620;2,4180;-0,0145;-0,0001;2,0000
SUMO_carro_1000;HBEFA4/PC_petrol_Euro-6ab;3,1582;300;300;0;0,0000;12,8283;11,1680;-1,6603;False;302;0;40,7756;-73,9607;40,7739;-73,9619;40,7712;-73,9680;40,7688;-73,9711;-12,9424;-0,0033;-0,0093;2,0000
SUMO_carro_1000;HBEFA4/PC_petrol_Euro-6ab;3,1582;300;300;0;0,0000;12,8283;13,3033;0,4750;False;302;0;40,7756;-73,9607;40,7739;-73,9619;40,7789;-73,9450;40,7772;-73,9460;3,7028;0,0030;0,0160;2,0000
SUMO_carro_1000;HBEFA4/PC_petrol_Euro-6ab;3,1582;300;300;0;0,0000;12,8283;16,0245;3,1961;False;302;0;40,7756;-73,9607;40,7739;-73,9619;40,7917;-73,9648;40,7898;-73,9662;24,9147;0,0161;-0,0044;2,0000
SUMO_carro_1000;HBEFA4/PC_petrol_Euro-6ab;3,1582;300;300;0;0,0000;12,8283;16,3979;3,5696;False;302;0;40,7756;-73,9607;40,7739;-73,9619;40,7712;-73,9768;40,7708;-73,9761;27,8259;-0,0033;-0,0148;2,0000
SUMO_carro_1000;HBEFA4/PC_petrol_Euro-6ab;3,1582;300;300;0;0,0000;12,8283;12,7778;-0,0505;False;302;0;40,7756;-73,9607;40,7739;-73,9619;40,7843;-73,9493;40,7822;-73,9502;-0,3936;0,0086;0,0114;2,0000
SUMO_carro_1000;HBEFA4/PC_petrol_Euro-6ab;3,1582;300;300;0;0,0000;12,8283;11,5410;-1,2873;False;302;0;40,7756;-73,9607;40,7739;-73,9619;40,7746;-73,9480;40,7727;-73,9493;-10,0352;-0,0014;0,0128;2,0000
SUMO_carro_1000;HBEFA4/PC_petrol_Euro-6ab;3,1582;300;300;0;0,0000;12,8283;11,0126;-1,8158;False;302;0;40,7756;-73,9607;40,7739;-73,9619;40,7892;-73,9667;40,7873;-73,9681;-14,1542;0,0138;-0,0070;2,0000
SUMO_carro_1000;HBEFA4/PC_petrol_Euro-6ab;3,1582;300;300;0;0,0000;12,8283;10,0745;-2,7538;False;302;0;40,7756;-73,9607;40,7739;-73,9619;40,7769;-73,9435;40,7752;-73,9453;-21,4664;0,0016;0,0166;2,0000
SUMO_carro_1000;HBEFA4/PC_petrol_Euro-6ab;3,1582;300;300;0;0,0000;12,8283;13,0041;0,1757;False;302;0;40,7756;-73,9607;40,7739;-73,9619;40,7788;-73,9780;40,7775;-73,9789;1,3700;0,0035;-0,0175;2,0000
SUMO_carro_1000;HBEFA4/PC_petrol_Euro-6ab;3,1582;300;300;0;0,0000;12,8283;15,6115;2,7832;False;302;0;40,7756;-73,9607;40,7739;-73,9619;40,7688;-73,9721;40,7690;-73,9727;21,6957;-0,0057;-0,0111;2,0000
SUMO_carro_1000;HBEFA4/PC_petrol_Euro-6ab;3,1582;300;300;0;0,0000;12,8283;26,3777;13,5494;False;302;0;40,7756;-73,9607;40,7739;-73,9619;40,7794;-73,9698;40,7795;-73,9702;105,6211;0,0046;-0,0087;2,0000
SUMO_carro_1000;HBEFA4/PC_petrol_Euro-6ab;3,1582;300;300;0;0,0000;12,8283;12,9542;0,1259;False;302;0;40,7756;-73,9607;40,7739;-73,9619;40,7706;-73,9684;40,7688;-73,9706;0,9815;-0,0045;-0,0086;2,0000
SUMO_carro_1000;HBEFA4/PC_petrol_Euro-6ab;3,1582;300;300;0;0,0000;12,8283;12,2289;-0,5994;False;302;0;40,7756;-73,9607;40,7739;-73,9619;40,7826;-73,9454;40,7808;-73,9467;-4,6726;0,0070;0,0150;2,0000
SUMO_carro_1000;HBEFA4/PC_petrol_Euro-6ab;3,1582;300;300;0;0,0000;12,8283;13,8781;1,0498;False;302;0;40,7756;-73,9607;40,7739;-73,9619;40,7699;-73,9747;40,7694;-73,9740;8,1831;-0,0036;-0,0113;2,0000
SUMO_carro_1000;HBEFA4/PC_petrol_Euro-6ab;3,1582;300;300;0;0,0000;12,8283;10,4751;-2,3532;False;302;0;40,7756;-73,9607;40,7739;-73,9619;40,7706;-73,9684;40,7691;-73,9733;-18,3440;-0,0036;-0,0107;2,0000
SUMO_carro_1000;HBEFA4/PC_petrol_Euro-6ab;3,1582;300;300;0;0,0000;12,8283;11,5844;-1,2439;False;302;0;40,7756;-73,9607;40,7739;-73,9619;40,7841;-73,9586;40,7829;-73,9636;-9,6967;0,0093;0,0000;2,0000
SUMO_carro_1000;HBEFA4/PC_petrol_Euro-6ab;3,1582;300;300;0;0,0000;12,8283;13,2390;0,4107;False;302;0;40,7756;-73,9607;40,7739;-73,9619;40,7738;-73,9660;40,7724;-73,9671;3,2013;-0,0017;-0,0053;2,0000
SUMO_carro_1000;HBEFA4/PC_petrol_Euro-6ab;3,1582;300;300;0;0,0000;12,8283;13,0876;0,2593;False;302;0;40,7756;-73,9607;40,7739;-73,9619;40,7878;-73,9476;40,7860;-73,9488;2,0212;0,0123;0,0131;2,0000
SUMO_carro_1000;HBEFA4/PC_petrol_Euro-6ab;3,1582;300;300;0;0,0000;12,8283;12,8424;0,0141;False;302;0;40,7756;-73,9607;40,7739;-73,9619;40,7765;-73,9758;40,7750;-73,9770;0,1100;0,0010;-0,0151;2,0000
SUMO_carro_1000;HBEFA4/PC_petrol_Euro-6ab;3,1582;300;300;0;0,0000;12,8283;9,9921;-2,8362;False;302;0;40,7756;-73,9607;40,7739;-73,9619;40,7628;-73,9492;40,7607;-73,9511;-22,1087;-0,0121;0,0097;2,0000
SUMO_carro_1000;HBEFA4/PC_petrol_Euro-6ab;3,1582;300;300;0;0,0000;12,8283;8,4078;-4,4205;False;302;0;40,7756;-73,9607;40,7739;-73,9619;40,7734;-73,9443;40,7719;-73,9459;-34,4593;-0,0020;0,0161;2,0000
SUMO_carro_1000;HBEFA4/PC_petrol_Euro-6ab;3,1582;300;300;0;0,0000;12,8283;12,4316;-0,3967;False;302;0;40,7756;-73,9607;40,7739;-73,9619;40,7866;-73,9548;40,7847;-73,9561;-3,0927;0,0109;0,0055;2,0000
SUMO_carro_1000;HBEFA4/PC_petrol_Euro-6ab;3,1582;300;300;0;0,0000;12,8283;14,9947;2,1663;False;302;0;40,7756;-73,9607;40,7739;-73,9619;40,7639;-73,9532;40,7623;-73,9546;16,8872;-0,0122;0,0081;2,0000
SUMO_carro_1000;HBEFA4/PC_petrol_Euro-6ab;3,1582;300;300;0;0,0000;12,8283;13,8024;0,9740;False;302;0;40,7756;-73,9607;40,7739;-73,9619;40,7668;-73,9693;40,7651;-73,9712;7,5929;-0,0090;-0,0092;2,0000
SUMO_carro_1000;HBEFA4/PC_petrol_Euro-6ab;3,1582;300;300;0;0,0000;12,8283;12,1858;-0,6426;False;302;0;40,7756;-73,9607;40,7739;-73,9619;40,7751;-73,9512;40,7740;-73,9525;-5,0089;0,0001;0,0093;2,0000
SUMO_carro_1000;HBEFA4/PC_petrol_Euro-6ab;3,1582;300;300;0;0,0000;12,8283;13,3969;0,5686;False;302;0;40,7756;-73,9607;40,7739;-73,9619;40,7717;-73,9533;40,7698;-73,9547;4,4321;-0,0039;0,0071;2,0000
SUMO_carro_1000;HBEFA4/PC_petrol_Euro-6ab;3,1582;300;300;0;0,0000;12,8283;13,8655;1,0371;False;302;0;40,7756;-73,9607;40,7739;-73,9619;40,7790;-73,9582;40,7776;-73,9592;8,0848;0,0035;0,0025;2,0000
SUMO_carro_1000;HBEFA4/PC_petrol_Euro-6ab;3,1582;300;300;0;0,0000;12,8283;16,9843;4,1560;False;302;0;40,7756;-73,9607;40,7739;-73,9619;40,7873;-73,9679;40,7847;-73,9675;32,3971;0,0110;-0,0054;2,0000
SUMO_carro_1000;HBEFA4/PC_petrol_Euro-6ab;3,1582;300;300;0;0,0000;12,8283;12,5194;-0,3089;False;302;0;40,7756;-73,9607;40,7739;-73,9619;40,7662;-73,9510;40,7628;-73,9492;-2,4079;-0,0105;0,0112;2,0000
SUMO_carro_1000;HBEFA4/PC_petrol_Euro-6ab;3,1582;300;300;0;0,0000;12,8283;11,7935;-1,0348;False;302;0;40,7756;-73,9607;40,7739;-73,9619;40,7891;-73,9666;40,7873;-73,9679;-8,0665;0,0125;-0,0035;2,0000
SUMO_carro_1000;HBEFA4/PC_petrol_Euro-6ab;3,1582;300;300;0;0,0000;12,8283;11,3367;-1,4916;False;302;0;40,7756;-73,9607;40,7739;-73,9619;40,7662;-73,9544;40,7645;-73,9561;-11,6274;-0,0092;0,0056;2,0000
SUMO_carro_1000;HBEFA4/PC_petrol_Euro-6ab;3,1582;300;300;0;0,0000;12,8283;14,3013;1,4730;False;302;0;40,7756;-73,9607;40,7739;-73,9619;40,7726;-73,9554;40,7707;-73,9568;11,4824;-0,0035;0,0057;2,0000
SUMO_carro_1000;HBEFA4/PC_petrol_Euro-6ab;3,1582;300;300;0;0,0000;12,8283;20,0182;7,1899;False;302;0;40,7756;-73,9607;40,7739;-73,9619;40,7791;-73,9689;40,7790;-73,9686;56,0470;0,0044;-0,0073;2,0000
SUMO_carro_1000;HBEFA4/PC_petrol_Euro-6ab;3,1582;300;300;0;0,0000;12,8283;12,1581;-0,6702;False;302;0;40,7756;-73,9607;40,7739;-73,9619;40,7698;-73,9608;40,7679;-73,9622;-5,2242;-0,0059;-0,0003;2,0000
SUMO_carro_1000;HBEFA4/PC_petrol_Euro-6ab;3,0599;299;299;0;0,0000;9,7709;9,7149;-0,0559;False;301;0;40,7756;-73,9607;40,7742;-73,9611;40,7601;-73,9573;40,7569;-73,9556;-0,5722;-0,0164;0,0043;2,0000
SUMO_carro_1000;HBEFA4/PC_petrol_Euro-6ab;3,0599;299;299;0;0,0000;9,7709;9,8136;0,0428;False;301;0;40,7756;-73,9607;40,7742;-73,9611;40,7712;-73,9636;40,7697;-73,9646;0,4379;-0,0045;-0,0028;2,0000
SUMO_carro_1000;HBEFA4/PC_petrol_Euro-6ab;3,0599;299;299;0;0,0000;9,7709;10,9429;1,1720;False;301;0;40,7756;-73,9607;40,7742;-73,9611;40,7891;-73,9528;40,7878;-73,9537;11,9949;0,0135;0,0072;2,0000
SUMO_carro_1000;HBEFA4/PC_petrol_Euro-6ab;3,0599;299;299;0;0,0000;9,7709;13,0432;3,2723;False;301;0;40,7756;-73,9607;40,7742;-73,9611;40,7671;-73,9503;40,7655;-73,9516;33,4908;-0,0089;0,0109;2,0000
SUMO_carro_1000;HBEFA4/PC_petrol_Euro-6ab;3,0599;299;299;0;0,0000;9,7709;9,7398;-0,0311;False;301;0;40,7756;-73,9607;40,7742;-73,9611;40,7608;-73,9609;40,7592;-73,9609;-0,3182;-0,0150;-0,0000;2,0000
SUMO_carro_1000;HBEFA4/PC_petrol_Euro-6ab;3,0599;299;299;0;0,0000;9,7709;9,4392;-0,3316;False;301;0;40,7756;-73,9607;40,7742;-73,9611;40,7830;-73,9442;40,7816;-73,9445;-3,3939;0,0074;0,0163;2,0000
SUMO_carro_1000;HBEFA4/PC_petrol_Euro-6ab;3,0599;299;299;0;0,0000;9,7709;8,1202;-1,6507;False;301;0;40,7756;-73,9607;40,7742;-73,9611;40,7845;-73,9735;40,7826;-73,9731;-16,8938;0,0086;-0,0116;2,0000
SUMO_carro_1000;HBEFA4/PC_petrol_Euro-6ab;3,0599;299;299;0;0,0000;9,7709;21,6658;11,8949;False;301;0;40,7756;-73,9607;40,7742;-73,9611;40,7843;-73,9669;40,7842;-73,9666;121,7388;0,0086;-0,0064;2,0000
SUMO_carro_1000;HBEFA4/PC_petrol_Euro-6ab;3,0599;299;299;0;0,0000;9,7709;10,3236;0,5527;False;301;0;40,7756;-73,9607;40,7742;-73,9611;40,7806;-73,9618;40,7789;-73,9623;5,6571;0,0045;-0,0014;2,0000
SUMO_carro_1000;HBEFA4/PC_petrol_Euro-6ab;3,0599;299;299;0;0,0000;9,7709;10,6168;0,8460;False;301;0;40,7756;-73,9607;40,7742;-73,9611;40,7903;-73,9519;40,7889;-73,9520;8,6579;0,0145;0,0089;2,0000
SUMO_carro_1000;HBEFA4/PC_petrol_Euro-6ab;3,0599;299;299;0;0,0000;9,7709;7,2062;-2,5647;False;301;0;40,7756;-73,9607;40,7742;-73,9611;40,7867;-73,9567;40,7854;-73,9576;-26,2483;0,0121;0,0017;2,0000
SUMO_carro_1000;HBEFA4/PC_petrol_Euro-6ab;3,0599;299;299;0;0,0000;9,7709;10,5504;0,7796;False;301;0;40,7756;-73,9607;40,7742;-73,9611;40,7693;-73,9674;40,7680;-73,9682;7,9785;-0,0060;-0,0069;2,0000
SUMO_carro_1000;HBEFA4/PC_petrol_Euro-6ab;3,0599;299;299;0;0,0000;9,7709;10,7309;0,9601;False;301;0;40,7756;-73,9607;40,7742;-73,9611;40,7742;-73,9511;40,7728;-73,9517;9,8257;-0,0014;0,0098;2,0000
SUMO_carro_1000;HBEFA4/PC_petrol_Euro-6ab;3,0599;299;299;0;0,0000;9,7709;10,0279;0,2571;False;301;0;40,7756;-73,9607;40,7742;-73,9611;40,7845;-73,9539;40,7833;-73,9547;2,6311;0,0086;0,0068;2,0000
SUMO_carro_1000;HBEFA4/PC_petrol_Euro-6ab;3,0599;299;299;0;0,0000;9,7709;11,5993;1,8284;False;301;0;40,7756;-73,9607;40,7742;-73,9611;40,7603;-73,9577;40,7590;-73,9584;18,7131;-0,0153;0,0030;2,0000
SUMO_carro_1000;HBEFA4/PC_petrol_Euro-6ab;3,0599;299;299;0;0,0000;9,7709;10,6203;0,8495;False;301;0;40,7756;-73,9607;40,7742;-73,9611;40,7736;-73,9497;40,7721;-73,9501;8,6938;-0,0019;0,0108;2,0000
SUMO_carro_1000;HBEFA4/PC_petrol_Euro-6ab;3,0599;299;299;0;0,0000;9,7709;9,0765;-0,6943;False;301;0;40,7756;-73,9607;40,7742;-73,9611;40,7854;-73,9498;40,7840;-73,9505;-7,1059;0,0099;0,0107;2,0000
SUMO_carro_1000;HBEFA4/PC_petrol_Euro-6ab;3,0599;299;299;0;0,0000;9,7709;13,5288;3,7579;False;301;0;40,7756;-73,9607;40,7742;-73,9611;40,7609;-73,9591;40,7596;-73,9591;38,4607;-0,0145;0,0019;2,0000
SUMO_carro_1000;HBEFA4/PC_petrol_Euro-6ab;3,0599;299;299;0;0,0000;9,7709;18,2549;8,4840;False;301;0;40,7756;-73,9607;40,7742;-73,9611;40,7705;-73,9756;40,7699;-73,9747;86,8301;-0,0051;-0,0143;2,0000
SUMO_carro_1000;HBEFA4/PC_petrol_Euro-6ab;3,0599;299;299;0;0,0000;9,7709;11,9443;2,1734;False;301;0;40,7756;-73,9607;40,7742;-73,9611;40,7849;-73,9680;40,7848;-73,9677;22,2437;0,0101;-0,0069;2,0000
SUMO_carro_1000;HBEFA4/PC_petrol_Euro-6ab;3,0599;299;299;0;0,0000;9,7709;10,2362;0,4653;False;301;0;40,7756;-73,9607;40,7742;-73,9611;40,7654;-73,9678;40,7641;-73,9686;4,7626;-0,0102;-0,0069;2,0000
SUMO_carro_1000;HBEFA4/PC_petrol_Euro-6ab;3,0599;299;299;0;0,0000;9,7709;29,0898;19,3189;False;301;0;40,7756;-73,9607;40,7742;-73,9611;40,7907;-73,9606;40,7905;-73,9603;197,7198;0,0138;-0,0013;2,0000
SUMO_carro_1000;HBEFA4/PC_petrol_Euro-6ab;3,0599;299;299;0;0,0000;9,7709;8,3683;-1,4026;False;301;0;40,7756;-73,9607;40,7742;-73,9611;40,7673;-73,9686;40,7662;-73,9678;-14,3545;-0,0082;-0,0072;2,0000
SUMO_carro_1000;HBEFA4/PC_petrol_Euro-6ab;3,0599;299;299;0;0,0000;9,7709;8,3529;-1,4180;False;301;0;40,7756;-73,9607;40,7742;-73,9611;40,7658;-73,9554;40,7649;-73,9552;-14,5122;-0,0095;0,0056;2,0000
SUMO_carro_1000;HBEFA4/PC_petrol_Euro-6ab;3,0599;299;299;0;0,0000;9,7709;11,0227;1,2518;False;301;0;40,7756;-73,9607;40,7742;-73,9611;40,7658;-73,9573;40,7633;-73,9571;12,8116;-0,0104;0,0039;2,0000
SUMO_carro_1000;HBEFA4/PC_petrol_Euro-6ab;3,0599;299;299;0;0,0000;9,7709;7,4319;-2,3389;False;301;0;40,7756;-73,9607;40,7742;-73,9611;40,7720;-73,9498;40,7701;-73,9495;-23,9376;-0,0039;0,0118;2,0000
SUMO_carro_1000;HBEFA4/PC_petrol_Euro-6ab;3,0599;299;299;0;0,0000;9,7709;10,1916;0,4207;False;301;0;40,7756;-73,9607;40,7742;-73,9611;40,7771;-73,9598;40,7758;-73,9605;4,3058;0,0017;0,0006;2,0000
SUMO_carro_1000;HBEFA4/PC_petrol_Euro-6ab;3,0599;299;299;0;0,0000;9,7709;8,6215;-1,1494;False;301;0;40,7756;-73,9607;40,7742;-73,9611;40,7752;-73,9453;40,7737;-73,9459;-11,7632;-0,0005;0,0144;2,0000
SUMO_carro_1000;HBEFA4/PC_petrol_Euro-6ab;3,0599;299;299;0;0,0000;9,7709;7,3271;-2,4437;False;301;0;40,7756;-73,9607;40,7742;-73,9611;40,7793;-73,9693;40,7791;-73,9689;-25,0106;0,0050;-0,0077;2,0000
SUMO_carro_1000;HBEFA4/PC_petrol_Euro-6ab;3,0599;299;299;0;0,0000;9,7709;9,6776;-0,0933;False;301;0;40,7756;-73,9607;40,7742;-73,9611;40,7672;-73,9664;40,7654;-73,9660;-0,9545;-0,0085;-0,0055;2,0000
SUMO_carro_1000;HBEFA4/PC_petrol_Euro-6ab;3,0599;299;299;0;0,0000;9,7709;12,4167;2,6459;False;301;0;40,7756;-73,9607;40,7742;-73,9611;40,7790;-73,9686;40,7787;-73,9680;27,0792;0,0035;-0,0078;2,0000
SUMO_carro_1000;HBEFA4/PC_petrol_Euro-6ab;3,0599;299;299;0;0,0000;9,7709;8,5262;-1,2446;False;301;0;40,7756;-73,9607;40,7742;-73,9611;40,7764;-73,9497;40,7749;-73,9507;-12,7380;0,0009;0,0107;2,0000
SUMO_carro_1000;HBEFA4/PC_petrol_Euro-6ab;3,0599;299;299;0;0,0000;9,7709;8,3687;-1,4022;False;301;0;40,7756;-73,9607;40,7742;-73,9611;40,7621;-73,9600;40,7604;-73,9600;-14,3505;-0,0139;0,0013;2,0000
SUMO_carro_1000;HBEFA4/PC_petrol_Euro-6ab;3,0599;299;299;0;0,0000;9,7709;8,0514;-1,7194;False;301;0;40,7756;-73,9607;40,7742;-73,9611;40,7851;-73,9730;40,7826;-73,9731;-17,5975;0,0089;-0,0116;2,0000
SUMO_carro_1000;HBEFA4/PC_petrol_Euro-6ab;3,0599;299;299;0;0,0000;9,7709;6,7968;-2,9741;False;301;0;40,7756;-73,9607;40,7742;-73,9611;40,7737;-73,9459;40,7724;-73,9468;-30,4380;-0,0014;0,0144;2,0000
SUMO_carro_1000;HBEFA4/PC_petrol_Euro-6ab;3,0599;299;299;0;0,0000;9,7709;8,6601;-1,1108;False;301;0;40,7756;-73,9607;40,7742;-73,9611;40,7933;-73,9663;40,7910;-73,9653;-11,3684;0,0172;-0,0050;2,0000
SUMO_carro_1000;HBEFA4/PC_petrol_Euro-6ab;3,0599;299;299;0;0,0000;9,7709;10,2382;0,4673;False;301;0;40,7756;-73,9607;40,7742;-73,9611;40,7811;-73,9615;40,7796;-73,9618;4,7827;0,0057;-0,0007;2,0000
SUMO_carro_1000;HBEFA4/PC_petrol_Euro-6ab;3,0599;299;299;0;0,0000;9,7709;23,8357;14,0649;False;301;0;40,7756;-73,9607;40,7742;-73,9611;40,7794;-73,9698;40,7793;-73,9693;143,9475;0,0032;-0,0095;2,0000
SUMO_carro_1000;HBEFA4/PC_petrol_Euro-6ab;3,0599;299;299;0;0,0000;9,7709;9,1375;-0,6334;False;301;0;40,7756;-73,9607;40,7742;-73,9611;40,7899;-73,9543;40,7892;-73,9566;-6,4824;0,0152;0,0048;2,0000
SUMO_carro_1000;HBEFA4/PC_petrol_Euro-6ab;3,0599;299;299;0;0,0000;9,7709;11,8642;2,0933;False;301;0;40,7756;-73,9607;40,7742;-73,9611;40,7603;-73,9637;40,7589;-73,9644;21,4241;-0,0153;-0,0031;2,0000
SUMO_carro_1000;HBEFA4/PC_petrol_Euro-6ab;3,0599;299;299;0;0,0000;9,7709;9,1689;-0,6020;False;301;0;40,7756;-73,9607;40,7742;-73,9611;40,7910;-73,9689;40,7896;-73,9697;-6,1608;0,0155;-0,0083;2,0000
SUMO_carro_1000;HBEFA4/PC_petrol_Euro-6ab;3,0599;299;299;0;0,0000;9,7709;9,3744;-0,3965;False;301;0;40,7756;-73,9607;40,7742;-73,9611;40,7750;-73,9770;40,7737;-73,9780;-4,0577;-0,0004;-0,0169;2,0000
SUMO_carro_1000;HBEFA4/PC_petrol_Euro-6ab;3,0599;299;299;0;0,0000;9,7709;11,3916;1,6207;False;301;0;40,7756;-73,9607;40,7742;-73,9611;40,7769;-73,9574;40,7756;-73,9583;16,5874;0,0012;0,0034;2,0000
SUMO_carro_1000;HBEFA4/PC_petrol_Euro-6ab;3,0599;299;299;0;0,0000;9,7709;10,6786;0,9078;False;301;0;40,7756;-73,9607;40,7742;-73,9611;40,7860;-73,9531;40,7845;-73,9538;9,2908;0,0104;0,0075;2,0000
SUMO_carro_1000;HBEFA4/PC_petrol_Euro-6ab;3,0599;299;299;0;0,0000;9,7709;12,6804;2,9095;False;301;0;40,7756;-73,9607;40,7742;-73,9611;40,7655;-73,9516;40,7642;-73,9530;29,7777;-0,0105;0,0094;2,0000
SUMO_carro_1000;HBEFA4/PC_petrol_Euro-6ab;3,0599;299;299;0;0,0000;9,7709;10,0076;0,2367;False;301;0;40,7756;-73,9607;40,7742;-73,9611;40,7718;-73,9675;40,7706;-73,9684;2,4230;-0,0024;-0,0094;2,0000
SUMO_carro_1000;HBEFA4/PC_petrol_Euro-6ab;3,0599;299;299;0;0,0000;9,7709;9,7966;0,0258;False;301;0;40,7756;-73,9607;40,7742;-73,9611;40,7639;-73,9532;40,7628;-73,9541;0,2637;-0,0122;0,0085;2,0000
SUMO_carro_1000;HBEFA4/PC_petrol_Euro-6ab;3,0599;299;299;0;0,0000;9,7709;10,0892;0,3184;False;301;0;40,7756;-73,9607;40,7742;-73,9611;40,7647;-73,9643;40,7634;-73,9651;3,2584;-0,0107;-0,0036;2,0000
SUMO_carro_1000;HBEFA4/PC_petrol_Euro-6ab;3,0599;299;299;0;0,0000;9,7709;10,6218;0,8510;False;301;0;40,7756;-73,9607;40,7742;-73,9611;40,7884;-73,9510;40,7871;-73,9519;8,7092;0,0126;0,0095;2,0000
SUMO_carro_1000;HBEFA4/PC_petrol_Euro-6ab;3,0599;299;299;0;0,0000;9,7709;12,7864;3,0156;False;301;0;40,7756;-73,9607;40,7742;-73,9611;40,7859;-73,9748;40,7836;-73,9753;30,8629;0,0098;-0,0147;2,0000
SUMO_carro_1000;HBEFA4/PC_petrol_Euro-6ab;3,0599;299;299;0;0,0000;9,7709;10,0313;0,2605;False;301;0;40,7756;-73,9607;40,7742;-73,9611;40,7666;-73,9629;40,7653;-73,9637;2,6658;-0,0089;-0,0023;2,0000
SUMO_carro_1000;HBEFA4/PC_petrol_Euro-6ab;3,0599;299;299;0;0,0000;9,7709;10,0657;0,2948;False;301;0;40,7756;-73,9607;40,7742;-73,9611;40,7768;-73,9639;40,7757;-73,9646;3,0172;0,0011;-0,0034;2,0000
SUMO_carro_1000;HBEFA4/PC_petrol_Euro-6ab;3,0599;299;299;0;0,0000;9,7709;10,4711;0,7002;False;301;0;40,7756;-73,9607;40,7742;-73,9611;40,7799;-73,9525;40,7779;-73,9519;7,1664;0,0042;0,0085;2,0000
SUMO_carro_1000;HBEFA4/PC_petrol_Euro-6ab;3,0599;299;299;0;0,0000;9,7709;9,3217;-0,4491;False;301;0;40,7756;-73,9607;40,7742;-73,9611;40,7678;-73,9531;40,7668;-73,9538;-4,5964;-0,0076;0,0072;2,0000
SUMO_carro_1000;HBEFA4/PC_petrol_Euro-6ab;3,0599;299;299;0;0,0000;9,7709;10,3536;0,5827;False;301;0;40,7756;-73,9607;40,7742;-73,9611;40,7892;-73,9547;40,7876;-73,9549;5,9640;0,0134;0,0064;2,0000
SUMO_carro_1000;HBEFA4/PC_petrol_Euro-6ab;3,0599;299;299;0;0,0000;9,7709;10,1203;0,3495;False;301;0;40,7756;-73,9607;40,7742;-73,9611;40,7715;-73,9566;40,7702;-73,9575;3,5768;-0,0037;0,0032;2,0000
SUMO_carro_1000;HBEFA4/PC_petrol_Euro-6ab;3,0599;299;299;0;0,0000;9,7709;9,2201;-0,5507;False;301;0;40,7756;-73,9607;40,7742;-73,9611;40,7835;-73,9644;40,7833;-73,9641;-5,6364;0,0104;-0,0018;2,0000
SUMO_carro_1000;HBEFA4/PC_petrol_Euro-6ab;3,0599;299;299;0;0,0000;9,7709;9,9980;0,2272;False;301;0;40,7756;-73,9607;40,7742;-73,9611;40,7658;-73,9764;40,7656;-73,9763;2,3248;-0,0087;-0,0150;2,0000
SUMO_carro_1000;HBEFA4/PC_petrol_Euro-6ab;3,0599;299;299;0;0,0000;9,7709;11,6247;1,8538;False;301;0;40,7756;-73,9607;40,7742;-73,9611;40,7755;-73,9765;40,7742;-73,9774;18,9728;-0,0006;-0,0147;2,0000
SUMO_carro_1000;HBEFA4/PC_petrol_Euro-6ab;3,0599;299;299;0;0,0000;9,7709;6,5813;-3,1896;False;301;0;40,7756;-73,9607;40,7742;-73,9611;40,7718;-73,9461;40,7706;-73,9474;-32,6439;-0,0037;0,0143;2,0000
SUMO_carro_1000;HBEFA4/PC_petrol_Euro-6ab;3,0599;299;299;0;0,0000;9,7709;10,2550;0,4842;False;301;0;40,7756;-73,9607;40,7742;-73,9611;40,7753;-73,9538;40,7741;-73,9547;4,9552;-0,0001;0,0062;2,0000
SUMO_carro_1000;HBEFA4/PC_petrol_Euro-6ab;3,0599;299;299;0;0,0000;9,7709;12,4858;2,7150;False;301;0;40,7756;-73,9607;40,7742;-73,9611;40,7814;-73,9714;40,7803;-73,9715;27,7865;0,0058;-0,0110;2,0000
SUMO_carro_1000;HBEFA4/PC_petrol_Euro-6ab;3,0599;299;299;0;0,0000;9,7709;10,1409;0,3700;False;301;0;40,7756;-73,9607;40,7742;-73,9611;40,7631;-73,9624;40,7616;-73,9627;3,7869;-0,0127;-0,0017;2,0000
SUMO_carro_1000;HBEFA4/PC_petrol_Euro-6ab;3,0599;299;299;0;0,0000;9,7709;10,2865;0,5156;False;301;0;40,7756;-73,9607;40,7742;-73,9611;40,7761;-73,9616;40,7744;-73,9617;5,2773;0,0001;-0,0010;2,0000
SUMO_carro_1000;HBEFA4/PC_petrol_Euro-6ab;3,0599;299;299;0;0,0000;9,7709;5,2973;-4,4736;False;301;0;40,7756;-73,9607;40,7742;-73,9611;40,7612;-73,9505;40,7605;-73,9514;-45,7848;-0,0136;0,0096;2,0000
SUMO_carro_1000;HBEFA4/PC_petrol_Euro-6ab;3,0599;299;299;0;0,0000;9,7709;9,2559;-0,5150;False;301;0;40,7756;-73,9607;40,7742;-73,9611;40,7896;-73,9500;40,7884;-73,9509;-5,2704;0,0141;0,0110;2,0000
SUMO_carro_1000;HBEFA4/PC_petrol_Euro-6ab;3,0599;299;299;0;0,0000;9,7709;8,0502;-1,7206;False;301;0;40,7756;-73,9607;40,7742;-73,9611;40,7869;-73,9682;40,7848;-73,9679;-17,6100;0,0110;-0,0065;2,0000
SUMO_carro_1000;HBEFA4/PC_petrol_Euro-6ab;3,0599;299;299;0;0,0000;9,7709;9,8129;0,0420;False;301;0;40,7756;-73,9607;40,7742;-73,9611;40,7766;-73,9486;40,7747;-73,9482;0,4298;0,0010;0,0126;2,0000
SUMO_carro_1000;HBEFA4/PC_petrol_Euro-6ab;3,0599;299;299;0;0,0000;9,7709;10,3556;0,5847;False;301;0;40,7756;-73,9607;40,7742;-73,9611;40,7686;-73,9659;40,7673;-73,9667;5,9842;-0,0068;-0,0056;2,0000
SUMO_carro_1000;HBEFA4/PC_petrol_Euro-6ab;3,0599;299;299;0;0,0000;9,7709;9,8580;0,0872;False;301;0;40,7756;-73,9607;40,7742;-73,9611;40,7710;-73,9597;40,7697;-73,9605;0,8922;-0,0048;0,0010;2,0000
SUMO_carro_1000;HBEFA4/PC_petrol_Euro-6ab;3,0599;299;299;0;0,0000;9,7709;9,5989;-0,1719;False;301;0;40,7756;-73,9607;40,7742;-73,9611;40,7806;-73,9763;40,7793;-73,9773;-1,7595;0,0049;-0,0156;2,0000
SUMO_carro_1000;HBEFA4/PC_petrol_Euro-6ab;3,0599;299;299;0;0,0000;9,7709;8,7578;-1,0131;False;301;0;40,7756;-73,9607;40,7742;-73,9611;40,7743;-73,9634;40,7725;-73,9631;-10,3684;-0,0016;-0,0024;2,0000
SUMO_carro_1000;HBEFA4/PC_petrol_Euro-6ab;3,0599;299;299;0;0,0000;9,7709;7,9378;-1,8330;False;301;0;40,7756;-73,9607;40,7742;-73,9611;40,7838;-73,9655;40,7787;-73,9680;-18,7601;0,0060;-0,0059;2,0000
SUMO_carro_1000;HBEFA4/PC_petrol_Euro-6ab;3,0599;299;299;0;0,0000;9,7709;10,8462;1,0753;False;301;0;40,7756;-73,9607;40,7742;-73,9611;40,7865;-73,9723;40,7852;-73,9733;11,0056;0,0110;-0,0122;2,0000
SUMO_carro_1000;HBEFA4/PC_petrol_Euro-6ab;3,0599;299;299;0;0,0000;9,7709;11,3501;1,5793;False;301;0;40,7756;-73,9607;40,7742;-73,9611;40,7784;-73,9674;40,7784;-73,9672;16,1629;0,0036;-0,0064;2,0000
SUMO_carro_1000;HBEFA4/PC_petrol_Euro-6ab;3,0599;299;299;0;0,0000;9,7709;26,5426;16,7717;False;301;0;40,7756;-73,9607;40,7742;-73,9611;40,7796;-73,9705;40,7781;-73,9746;171,6506;0,0027;-0,0108;2,0000
SUMO_carro_1000;HBEFA4/PC_petrol_Euro-6ab;3,0599;299;299;0;0,0000;9,7709;10,5728;0,8019;False;301;0;40,7756;-73,9607;40,7742;-73,9611;40,7636;-73,9715;40,7622;-73,9723;8,2073;-0,0120;-0,0108;2,0000
SUMO_carro_1000;HBEFA4/PC_petrol_Euro-6ab;3,0599;299;299;0;0,0000;9,7709;9,9687;0,1978;False;301;0;40,7756;-73,9607;40,7742;-73,9611;40,7700;-73,9689;40,7689;-73,9696;2,0244;-0,0051;-0,0089;2,0000
SUMO_carro_1000;HBEFA4/PC_petrol_Euro-6ab;3,0599;299;299;0;0,0000;9,7709;9,1386;-0,6323;False;301;0;40,7756;-73,9607;40,7742;-73,9611;40,7689;-73,9524;40,7676;-73,9532;-6,4711;-0,0066;0,0080;2,0000
SUMO_carro_1000;HBEFA4/PC_petrol_Euro-6ab;3,0599;299;299;0;0,0000;9,7709;10,6786;0,9078;False;301;0;40,7756;-73,9607;40,7742;-73,9611;40,7650;-73,9733;40,7640;-73,9742;9,2904;-0,0099;-0,0137;2,0000
SUMO_carro_1000;HBEFA4/PC_petrol_Euro-6ab;3,0599;299;299;0;0,0000;9,7709;9,4582;-0,3127;False;301;0;40,7756;-73,9607;40,7742;-73,9611;40,7798;-73,9605;40,7777;-73,9613;-3,2001;0,0038;-0,0002;2,0000
SUMO_carro_1000;HBEFA4/PC_petrol_Euro-6ab;3,0599;299;299;0;0,0000;9,7709;20,1787;10,4079;False;301;0;40,7756;-73,9607;40,7742;-73,9611;40,7904;-73,9602;40,7903;-73,9599;106,5197;0,0140;-0,0001;2,0000
SUMO_carro_1000;HBEFA4/PC_petrol_Euro-6ab;3,0599;299;299;0;0,0000;9,7709;14,1171;4,3463;False;301;0;40,7756;-73,9607;40,7742;-73,9611;40,7643;-73,9476;40,7634;-73,9486;44,4822;-0,0113;0,0129;2,0000
SUMO_carro_1000;HBEFA4/PC_petrol_Euro-6ab;3,0599;299;299;0;0,0000;9,7709;9,6248;-0,1460;False;301;0;40,7756;-73,9607;40,7742;-73,9611;40,7584;-73,9629;40,7570;-73,9637;-1,4944;-0,0171;-0,0022;2,0000
SUMO_carro_1000;HBEFA4/PC_petrol_Euro-6ab;3,0599;299;299;0;0,0000;9,7709;5,1294;-4,6415;False;301;0;40,7756;-73,9607;40,7742;-73,9611;40,7788;-73,9741;40,7775;-73,9750;-47,5032;0,0028;-0,0128;2,0000
SUMO_carro_1000;HBEFA4/PC_petrol_Euro-6ab;3,0599;299;299;0;0,0000;9,7709;6,3136;-3,4573;False;301;0;40,7756;-73,9607;40,7742;-73,9611;40,7724;-73,9468;40,7711;-73,9475;-35,3836;-0,0030;0,0135;2,0000
SUMO_carro_1000;HBEFA4/PC_petrol_Euro-6ab;3,0599;299;299;0;0,0000;9,7709;11,2280;1,4571;False;301;0;40,7756;-73,9607;40,7742;-73,9611;40,7852;-73,9515;40,7840;-73,9523;14,9131;0,0098;0,0089;2,0000
SUMO_carro_1000;HBEFA4/PC_petrol_Euro-6ab;3,0599;299;299;0;0,0000;9,7709;10,5575;0,7867;False;301;0;40,7756;-73,9607;40,7742;-73,9611;40,7655;-73,9722;40,7642;-73,9729;8,0514;-0,0103;-0,0116;2,0000
SUMO_carro_1000;HBEFA4/PC_petrol_Euro-6ab;3,0599;299;299;0;0,0000;9,7709;9,4064;-0,3645;False;301;0;40,7756;-73,9607;40,7742;-73,9611;40,7608;-73,9649;40,7593;-73,9652;-3,7302;-0,0149;-0,0041;2,0000
SUMO_carro_1000;HBEFA4/PC_petrol_Euro-6ab;3,0599;299;299;0;0,0000;9,7709;10,1398;0,3689;False;301;0;40,7756;-73,9607;40,7742;-73,9611;40,7839;-73,9542;40,7827;-73,9551;3,7758;0,0081;0,0066;2,0000
SUMO_carro_1000;HBEFA4/PC_petrol_Euro-6ab;3,0599;299;299;0;0,0000;9,7709;14,0068;4,2360;False;301;0;40,7756;-73,9607;40,7742;-73,9611;40,7590;-73,9584;40,7580;-73,9591;43,3533;-0,0169;0,0030;2,0000
SUMO_carro_1000;HBEFA4/PC_petrol_Euro-6ab;3,0599;299;299;0;0,0000;9,7709;10,4048;0,6340;False;301;0;40,7756;-73,9607;40,7742;-73,9611;40,7862;-73,9538;40,7847;-73,9541;6,4886;0,0105;0,0071;2,0000
SUMO_carro_1000;HBEFA4/PC_petrol_Euro-6ab;3,0599;299;299;0;0,0000;9,7709;9,0050;-0,7659;False;301;0;40,7756;-73,9607;40,7742;-73,9611;40,7777;-73,9613;40,7764;-73,9621;-7,8386;0,0026;-0,0010;2,0000
SUMO_carro_1000;HBEFA4/PC_petrol_Euro-6ab;3,0599;299;299;0;0,0000;9,7709;8,8900;-0,8809;False;301;0;40,7756;-73,9607;40,7742;-73,9611;40,7904;-73,9656;40,7892;-73,9665;-9,0155;0,0146;-0,0043;2,0000
SUMO_carro_1000;HBEFA4/PC_petrol_Euro-6ab;3,0599;299;299;0;0,0000;9,7709;9,7812;0,0104;False;301;0;40,7756;-73,9607;40,7742;-73,9611;40,7685;-73,9556;40,7672;-73,9566;0,1060;-0,0070;0,0043;2,0000
SUMO_carro_1000;HBEFA4/PC_petrol_Euro-6ab;3,0599;299;299;0;0,0000;9,7709;9,8489;0,0780;False;301;0;40,7756;-73,9607;40,7742;-73,9611;40,7750;-73,9529;40,7732;-73,9527;0,7986;-0,0008;0,0086;2,0000
SUMO_carro_1000;HBEFA4/PC_petrol_Euro-6ab;3,0599;299;299;0;0,0000;9,7709;10,6318;0,8610;False;301;0;40,7756;-73,9607;40,7742;-73,9611;40,7693;-73,9693;40,7681;-73,9706;8,8116;-0,0059;-0,0094;2,0000
SUMO_carro_1000;HBEFA4/PC_petrol_Euro-6ab;3,0599;299;299;0;0,0000;9,7709;19,1338;9,3630;False;301;0;40,7756;-73,9607;40,7742;-73,9611;40,7904;-73,9601;40,7853;-73,9577;95,8258;0,0128;-0,0009;2,0000
SUMO_carro_1000;HBEFA4/PC_petrol_Euro-6ab;3,0599;299;299;0;0,0000;9,7709;11,5930;1,8222;False;301;0;40,7756;-73,9607;40,7742;-73,9611;40,7716;-73,9530;40,7695;-73,9520;18,6490;-0,0046;0,0082;2,0000
SUMO_carro_1000;HBEFA4/PC_petrol_Euro-6ab;3,0599;299;299;0;0,0000;9,7709;11,3934;1,6225;False;301;0;40,7756;-73,9607;40,7742;-73,9611;40,7838;-73,9474;40,7829;-73,9479;16,6058;0,0081;0,0139;2,0000
SUMO_carro_1000;HBEFA4/PC_petrol_Euro-6ab;3,1589;301;301;0;0,0000;11,2525;11,6936;0,4411;False;303;0;40,7756;-73,9607;40,7712;-73,9638;40,7751;-73,9512;40,7704;-73,9542;3,9202;-0,0003;0,0094;2,0000
SUMO_carro_1000;HBEFA4/PC_petrol_Euro-6ab;3,1589;301;301;0;0,0000;11,2525;12,2929;1,0404;False;303;0;40,7756;-73,9607;40,7712;-73,9638;40,7584;-73,9671;40,7547;-73,9701;9,2458;-0,0168;-0,0061;2,0000
SUMO_carro_1000;HBEFA4/PC_petrol_Euro-6ab;3,1589;301;301;0;0,0000;11,2525;12,9022;1,6497;False;303;0;40,7756;-73,9607;40,7712;-73,9638;40,7668;-73,9693;40,7626;-73,9731;14,6608;-0,0089;-0,0092;2,0000
SUMO_carro_1000;HBEFA4/PC_petrol_Euro-6ab;3,1589;301;301;0;0,0000;11,2525;13,1769;1,9244;False;303;0;40,7756;-73,9607;40,7712;-73,9638;40,7819;-73,9632;40,7784;-73,9672;17,1019;0,0053;-0,0045;2,0000
SUMO_carro_1000;HBEFA4/PC_petrol_Euro-6ab;3,1589;301;301;0;0,0000;11,2525;19,2675;8,0150;False;303;0;40,7756;-73,9607;40,7712;-73,9638;40,7838;-73,9655;40,7791;-73,9689;71,2281;0,0073;-0,0053;2,0000
SUMO_carro_1000;HBEFA4/PC_petrol_Euro-6ab;3,1589;301;301;0;0,0000;11,2525;10,8679;-0,3847;False;303;0;40,7756;-73,9607;40,7712;-73,9638;40,7894;-73,9572;40,7847;-73,9581;-3,4184;0,0141;0,0036;2,0000
SUMO_carro_1000;HBEFA4/PC_petrol_Euro-6ab;3,1589;301;301;0;0,0000;11,2525;12,0255;0,7730;False;303;0;40,7756;-73,9607;40,7712;-73,9638;40,7605;-73,9620;40,7558;-73,9649;6,8697;-0,0152;-0,0013;2,0000
SUMO_carro_1000;HBEFA4/PC_petrol_Euro-6ab;3,1589;301;301;0;0,0000;11,2525;10,0336;-1,2189;False;303;0;40,7756;-73,9607;40,7712;-73,9638;40,7877;-73,9711;40,7826;-73,9731;-10,8320;0,0117;-0,0093;2,0000
SUMO_carro_1000;HBEFA4/PC_petrol_Euro-6ab;3,1589;301;301;0;0,0000;11,2525;11,7075;0,4550;False;303;0;40,7756;-73,9607;40,7712;-73,9638;40,7719;-73,9635;40,7674;-73,9668;4,0432;-0,0037;-0,0034;2,0000
SUMO_carro_1000;HBEFA4/PC_petrol_Euro-6ab;3,1589;301;301;0;0,0000;11,2525;13,0393;1,7868;False;303;0;40,7756;-73,9607;40,7712;-73,9638;40,7742;-73,9593;40,7697;-73,9626;15,8793;-0,0017;0,0016;2,0000
SUMO_carro_1000;HBEFA4/PC_petrol_Euro-6ab;3,1589;301;301;0;0,0000;11,2525;13,2889;2,0364;False;303;0;40,7756;-73,9607;40,7712;-73,9638;40,7755;-73,9562;40,7710;-73,9595;18,0971;-0,0003;0,0053;2,0000
SUMO_carro_1000;HBEFA4/PC_petrol_Euro-6ab;3,1589;301;301;0;0,0000;11,2525;11,5752;0,3226;False;303;0;40,7756;-73,9607;40,7712;-73,9638;40,7896;-73,9545;40,7853;-73,9577;2,8672;0,0144;0,0050;2,0000
SUMO_carro_1000;HBEFA4/PC_petrol_Euro-6ab;3,1589;301;301;0;0,0000;11,2525;11,2074;-0,0451;False;303;0;40,7756;-73,9607;40,7712;-73,9638;40,7697;-73,9744;40,7659;-73,9767;-0,4008;-0,0046;-0,0123;2,0000
SUMO_carro_1000;HBEFA4/PC_petrol_Euro-6ab;3,1589;301;301;0;0,0000;11,2525;13,3539;2,1013;False;303;0;40,7756;-73,9607;40,7712;-73,9638;40,7838;-73,9777;40,7792;-73,9810;18,6744;0,0075;-0,0163;2,0000
SUMO_carro_1000;HBEFA4/PC_petrol_Euro-6ab;3,1589;301;301;0;0,0000;11,2525;5,6506;-5,6020;False;303;0;40,7756;-73,9607;40,7712;-73,9638;40,7794;-73,9737;40,7750;-73,9770;-49,7841;0,0037;-0,0134;2,0000
SUMO_carro_1000;HBEFA4/PC_petrol_Euro-6ab;3,1589;301;301;0;0,0000;11,2525;8,3575;-2,8950;False;303;0;40,7756;-73,9607;40,7712;-73,9638;40,7899;-73,9584;40,7831;-73,9638;-25,7273;0,0126;0,0012;2,0000
SUMO_carro_1000;HBEFA4/PC_petrol_Euro-6ab;3,1589;301;301;0;0,0000;11,2525;22,0363;10,7838;False;303;0;40,7756;-73,9607;40,7712;-73,9638;40,7756;-73,9764;40,7705;-73,9756;95,8342;-0,0016;-0,0121;2,0000
SUMO_carro_1000;HBEFA4/PC_petrol_Euro-6ab;3,1589;301;301;0;0,0000;11,2525;10,3889;-0,8637;False;303;0;40,7756;-73,9607;40,7712;-73,9638;40,7659;-73,9556;40,7618;-73,9576;-7,6752;-0,0093;0,0054;2,0000
SUMO_carro_1000;HBEFA4/PC_petrol_Euro-6ab;3,1589;301;301;0;0,0000;11,2525;12,2213;0,9688;False;303;0;40,7756;-73,9607;40,7712;-73,9638;40,7869;-73,9535;40,7822;-73,9560;8,6093;0,0109;0,0073;2,0000
SUMO_carro_1000;HBEFA4/PC_petrol_Euro-6ab;3,1589;301;301;0;0,0000;11,2525;9,8500;-1,4025;False;303;0;40,7756;-73,9607;40,7712;-73,9638;40,7903;-73,9693;40,7862;-73,9714;-12,4638;0,0146;-0,0079;2,0000
SUMO_carro_1000;HBEFA4/PC_petrol_Euro-6ab;3,1589;301;301;0;0,0000;11,2525;12,8427;1,5902;False;303;0;40,7756;-73,9607;40,7712;-73,9638;40,7740;-73,9506;40,7697;-73,9544;14,1317;-0,0018;0,0103;2,0000
SUMO_carro_1000;HBEFA4/PC_petrol_Euro-6ab;3,1589;301;301;0;0,0000;11,2525;11,3022;0,0497;False;303;0;40,7756;-73,9607;40,7712;-73,9638;40,7798;-73,9605;40,7757;-73,9646;0,4417;0,0045;0,0000;2,0000
SUMO_carro_1000;HBEFA4/PC_petrol_Euro-6ab;3,1589;301;301;0;0,0000;11,2525;18,4003;7,1478;False;303;0;40,7756;-73,9607;40,7712;-73,9638;40,7917;-73,9633;40,7873;-73,9679;63,5215;0,0157;-0,0026;2,0000
SUMO_carro_1000;HBEFA4/PC_petrol_Euro-6ab;3,1589;301;301;0;0,0000;11,2525;13,5849;2,3324;False;303;0;40,7756;-73,9607;40,7712;-73,9638;40,7638;-73,9544;40,7595;-73,9580;20,7279;-0,0120;0,0063;2,0000
SUMO_carro_1000;HBEFA4/PC_petrol_Euro-6ab;3,1589;301;301;0;0,0000;11,2525;10,6601;-0,5924;False;303;0;40,7756;-73,9607;40,7712;-73,9638;40,7779;-73,9652;40,7726;-73,9670;-5,2644;0,0020;-0,0047;2,0000
SUMO_carro_1000;HBEFA4/PC_petrol_Euro-6ab;3,1589;301;301;0;0,0000;11,2525;14,5399;3,2874;False;303;0;40,7756;-73,9607;40,7712;-73,9638;40,7787;-73,9680;40,7699;-73,9747;29,2145;0,0014;-0,0085;2,0000
SUMO_carro_1000;HBEFA4/PC_petrol_Euro-6ab;3,1589;301;301;0;0,0000;11,2525;11,9983;0,7458;False;303;0;40,7756;-73,9607;40,7712;-73,9638;40,7805;-73,9500;40,7762;-73,9530;6,6280;0,0052;0,0105;2,0000
SUMO_carro_1000;HBEFA4/PC_petrol_Euro-6ab;3,1589;301;301;0;0,0000;11,2525;12,9023;1,6498;False;303;0;40,7756;-73,9607;40,7712;-73,9638;40,7903;-73,9599;40,7835;-73,9645;14,6613;0,0125;-0,0005;2,0000
SUMO_carro_1000;HBEFA4/PC_petrol_Euro-6ab;3,1589;301;301;0;0,0000;11,2525;29,4631;18,2106;False;303;0;40,7756;-73,9607;40,7712;-73,9638;40,7765;-73,9758;40,7712;-73,9768;161,8355;0,0000;-0,0129;2,0000
SUMO_carro_1000;HBEFA4/PC_petrol_Euro-6ab;3,1589;301;301;0;0,0000;11,2525;11,8764;0,6238;False;303;0;40,7756;-73,9607;40,7712;-73,9638;40,7872;-73,9501;40,7827;-73,9532;5,5441;0,0116;0,0107;2,0000
SUMO_carro_1000;HBEFA4/PC_petrol_Euro-6ab;3,1589;301;301;0;0,0000;11,2525;11,6275;0,3749;False;303;0;40,7756;-73,9607;40,7712;-73,9638;40,7890;-73,9550;40,7847;-73,9581;3,3321;0,0134;0,0053;2,0000
SUMO_carro_1000;HBEFA4/PC_petrol_Euro-6ab;3,1589;301;301;0;0,0000;11,2525;12,6623;1,4098;False;303;0;40,7756;-73,9607;40,7712;-73,9638;40,7650;-73,9733;40,7608;-73,9769;12,5285;-0,0107;-0,0127;2,0000
SUMO_carro_1000;HBEFA4/PC_petrol_Euro-6ab;3,1589;301;301;0;0,0000;11,2525;11,5536;0,3010;False;303;0;40,7756;-73,9607;40,7712;-73,9638;40,7789;-73,9601;40,7744;-73,9635;2,6754;0,0033;0,0005;2,0000
SUMO_carro_1000;HBEFA4/PC_petrol_Euro-6ab;3,1589;301;301;0;0,0000;11,2525;12,4730;1,2205;False;303;0;40,7756;-73,9607;40,7712;-73,9638;40,7694;-73,9577;40,7646;-73,9602;10,8461;-0,0068;0,0034;2,0000
SUMO_carro_1000;HBEFA4/PC_petrol_Euro-6ab;3,1589;301;301;0;0,0000;11,2525;12,2977;1,0451;False;303;0;40,7756;-73,9607;40,7712;-73,9638;40,7789;-73,9685;40,7775;-73,9750;9,2881;0,0042;-0,0071;2,0000
SUMO_carro_1000;HBEFA4/PC_petrol_Euro-6ab;3,1589;301;301;0;0,0000;11,2525;12,5013;1,2487;False;303;0;40,7756;-73,9607;40,7712;-73,9638;40,7820;-73,9556;40,7781;-73,9584;11,0974;0,0065;0,0056;2,0000
SUMO_carro_1000;HBEFA4/PC_petrol_Euro-6ab;3,1589;301;301;0;0,0000;11,2525;10,4941;-0,7584;False;303;0;40,7756;-73,9607;40,7712;-73,9638;40,7647;-73,9585;40,7603;-73,9616;-6,7396;-0,0108;0,0021;2,0000
SUMO_carro_1000;HBEFA4/PC_petrol_Euro-6ab;3,1589;301;301;0;0,0000;11,2525;12,0459;0,7933;False;303;0;40,7756;-73,9607;40,7712;-73,9638;40,7655;-73,9702;40,7610;-73,9734;7,0504;-0,0100;-0,0101;2,0000
SUMO_carro_1000;HBEFA4/PC_petrol_Euro-6ab;3,1589;301;301;0;0,0000;11,2525;36,7036;25,4511;False;303;0;40,7756;-73,9607;40,7712;-73,9638;40,7794;-73,9737;40,7749;-73,9770;226,1811;0,0028;-0,0115;2,0000
SUMO_carro_1000;HBEFA4/PC_petrol_Euro-6ab;3,1589;301;301;0;0,0000;11,2525;13,1458;1,8933;False;303;0;40,7756;-73,9607;40,7712;-73,9638;40,7838;-73,9653;40,7791;-73,9689;16,8254;0,0092;-0,0039;2,0000
SUMO_carro_1000;HBEFA4/PC_petrol_Euro-6ab;3,1589;301;301;0;0,0000;11,2525;9,8386;-1,4139;False;303;0;40,7756;-73,9607;40,7712;-73,9638;40,7796;-73,9735;40,7750;-73,9769;-12,5650;0,0038;-0,0126;2,0000
SUMO_carro_1000;HBEFA4/PC_petrol_Euro-6ab;3,1589;301;301;0;0,0000;11,2525;9,3924;-1,8601;False;303;0;40,7756;-73,9607;40,7712;-73,9638;40,7662;-73,9544;40,7618;-73,9576;-16,5307;-0,0094;0,0060;2,0000
SUMO_carro_1000;HBEFA4/PC_petrol_Euro-6ab;3,1589;301;301;0;0,0000;11,2525;6,8157;-4,4368;False;303;0;40,7756;-73,9607;40,7712;-73,9638;40,7766;-73,9768;40,7720;-73,9798;-39,4298;0,0012;-0,0162;2,0000
SUMO_carro_1000;HBEFA4/PC_petrol_Euro-6ab;3,1589;301;301;0;0,0000;11,2525;7,7561;-3,4964;False;303;0;40,7756;-73,9607;40,7712;-73,9638;40,7782;-73,9747;40,7737;-73,9780;-31,0723;0,0025;-0,0142;2,0000
SUMO_carro_1000;HBEFA4/PC_petrol_Euro-6ab;3,1589;301;301;0;0,0000;11,2525;14,3032;3,0507;False;303;0;40,7756;-73,9607;40,7712;-73,9638;40,7669;-73,9505;40,7626;-73,9542;27,1110;-0,0088;0,0103;2,0000
SUMO_carro_1000;HBEFA4/PC_petrol_Euro-6ab;3,1589;301;301;0;0,0000;11,2525;22,9622;11,7097;False;303;0;40,7756;-73,9607;40,7712;-73,9638;40,7846;-73,9673;40,7798;-73,9707;104,0625;0,0080;-0,0074;2,0000
SUMO_carro_1000;HBEFA4/PC_petrol_Euro-6ab;3,1589;301;301;0;0,0000;11,2525;11,3135;0,0610;False;303;0;40,7756;-73,9607;40,7712;-73,9638;40,7838;-73,9653;40,7790;-73,9686;0,5422;0,0088;-0,0041;2,0000
SUMO_carro_1000;HBEFA4/PC_petrol_Euro-6ab;3,1589;301;301;0;0,0000;11,2525;12,6537;1,4012;False;303;0;40,7756;-73,9607;40,7712;-73,9638;40,7591;-73,9586;40,7548;-73,9622;12,4525;-0,0166;0,0021;2,0000
SUMO_carro_1000;HBEFA4/PC_petrol_Euro-6ab;3,1589;301;301;0;0,0000;11,2525;10,6828;-0,5697;False;303;0;40,7756;-73,9607;40,7712;-73,9638;40,7672;-73,9664;40,7627;-73,9694;-5,0631;-0,0087;-0,0052;2,0000
SUMO_carro_1000;HBEFA4/PC_petrol_Euro-6ab;3,1589;301;301;0;0,0000;11,2525;11,5842;0,3317;False;303;0;40,7756;-73,9607;40,7712;-73,9638;40,7887;-73,9669;40,7842;-73,9668;2,9478;0,0121;-0,0037;2,0000
SUMO_carro_1000;HBEFA4/PC_petrol_Euro-6ab;3,1589;301;301;0;0,0000;11,2525;10,0674;-1,1851;False;303;0;40,7756;-73,9607;40,7712;-73,9638;40,7847;-73,9700;40,7800;-73,9747;-10,5317;0,0093;-0,0106;2,0000
SUMO_carro_1000;HBEFA4/PC_petrol_Euro-6ab;3,1589;301;301;0;0,0000;11,2525;11,8384;0,5859;False;303;0;40,7756;-73,9607;40,7712;-73,9638;40,7655;-73,9720;40,7616;-73,9748;5,2066;-0,0100;-0,0108;2,0000
SUMO_carro_1000;HBEFA4/PC_petrol_Euro-6ab;3,1589;301;301;0;0,0000;11,2525;11,0060;-0,2466;False;303;0;40,7756;-73,9607;40,7712;-73,9638;40,7859;-73,9748;40,7808;-73,9768;-2,1911;0,0102;-0,0138;2,0000
SUMO_carro_1000;HBEFA4/PC_petrol_Euro-6ab;3,1589;301;301;0;0,0000;11,2525;12,7127;1,4602;False;303;0;40,7756;-73,9607;40,7712;-73,9638;40,7823;-73,9484;40,7777;-73,9513;12,9763;0,0065;0,0125;2,0000
SUMO_carro_1000;HBEFA4/PC_petrol_Euro-6ab;3,1589;301;301;0;0,0000;11,2525;10,8470;-0,4055;False;303;0;40,7756;-73,9607;40,7712;-73,9638;40,7594;-73,9533;40,7553;-73,9570;-3,6041;-0,0160;0,0070;2,0000
SUMO_carro_1000;HBEFA4/PC_petrol_Euro-6ab;3,1589;301;301;0;0,0000;11,2525;15,6952;4,4427;False;303;0;40,7756;-73,9607;40,7712;-73,9638;40,7917;-73,9628;40,7879;-73,9674;39,4818;0,0161;-0,0021;2,0000
SUMO_carro_1000;HBEFA4/PC_petrol_Euro-6ab;3,1589;301;301;0;0,0000;11,2525;12,0807;0,8281;False;303;0;40,7756;-73,9607;40,7712;-73,9638;40,7793;-73,9693;40,7776;-73,9750;7,3597;0,0049;-0,0077;2,0000
SUMO_carro_1000;HBEFA4/PC_petrol_Euro-6ab;3,1589;301;301;0;0,0000;11,2525;11,5342;0,2816;False;303;0;40,7756;-73,9607;40,7712;-73,9638;40,7658;-73,9764;40,7625;-73,9786;2,5029;-0,0086;-0,0148;2,0000
SUMO_carro_1000;HBEFA4/PC_petrol_Euro-6ab;3,1589;301;301;0;0,0000;11,2525;11,5316;0,2791;False;303;0;40,7756;-73,9607;40,7712;-73,9638;40,7688;-73,9702;40,7643;-73,9731;2,4803;-0,0070;-0,0096;2,0000
SUMO_carro_1000;HBEFA4/PC_petrol_Euro-6ab;3,1589;301;301;0;0,0000;11,2525;12,4438;1,1913;False;303;0;40,7756;-73,9607;40,7712;-73,9638;40,7750;-73,9770;40,7710;-73,9813;10,5872;-0,0005;-0,0177;2,0000
SUMO_carro_1000;HBEFA4/PC_petrol_Euro-6ab;3,1589;301;301;0;0,0000;11,2525;12,0010;0,7484;False;303;0;40,7756;-73,9607;40,7712;-73,9638;40,7667;-73,9690;40,7617;-73,9711;6,6514;-0,0093;-0,0078;2,0000
SUMO_carro_1000;HBEFA4/PC_petrol_Euro-6ab;3,1589;301;301;0;0,0000;11,2525;13,7633;2,5107;False;303;0;40,7756;-73,9607;40,7712;-73,9638;40,7838;-73,9653;40,7791;-73,9689;22,3127;0,0094;-0,0040;2,0000
SUMO_carro_1000;HBEFA4/PC_petrol_Euro-6ab;3,1589;301;301;0;0,0000;11,2525;13,0246;1,7721;False;303;0;40,7756;-73,9607;40,7712;-73,9638;40,7659;-73,9768;40,7625;-73,9787;15,7486;-0,0085;-0,0153;2,0000
SUMO_carro_1000;HBEFA4/PC_petrol_Euro-6ab;3,1589;301;301;0;0,0000;11,2525;12,1922;0,9397;False;303;0;40,7756;-73,9607;40,7712;-73,9638;40,7632;-73,9647;40,7585;-73,9673;8,3512;-0,0126;-0,0034;2,0000
SUMO_carro_1000;HBEFA4/PC_petrol_Euro-6ab;3,1589;301;301;0;0,0000;11,2525;15,3928;4,1403;False;303;0;40,7756;-73,9607;40,7712;-73,9638;40,7585;-73,9544;40,7561;-73,9606;36,7946;-0,0169;0,0061;2,0000
SUMO_carro_1000;HBEFA4/PC_petrol_Euro-6ab;3,1589;301;301;0;0,0000;11,2525;11,5858;0,3333;False;303;0;40,7756;-73,9607;40,7712;-73,9638;40,7825;-73,9635;40,7780;-73,9653;2,9621;0,0071;-0,0013;2,0000
SUMO_carro_1000;HBEFA4/PC_petrol_Euro-6ab;3,1589;301;301;0;0,0000;11,2525;14,1527;2,9001;False;303;0;40,7756;-73,9607;40,7712;-73,9638;40,7884;-73,9671;40,7841;-73,9703;25,7733;0,0128;-0,0063;2,0000
SUMO_carro_1000;HBEFA4/PC_petrol_Euro-6ab;3,1589;301;301;0;0,0000;11,2525;9,5451;-1,7074;False;303;0;40,7756;-73,9607;40,7712;-73,9638;40,7795;-73,9736;40,7750;-73,9769;-15,1736;0,0037;-0,0126;2,0000
SUMO_carro_1000;HBEFA4/PC_petrol_Euro-6ab;3,1589;301;301;0;0,0000;11,2525;10,8674;-0,3851;False;303;0;40,7756;-73,9607;40,7712;-73,9638;40,7794;-73,9773;40,7754;-73,9802;-3,4225;0,0041;-0,0166;2,0000
SUMO_carro_1000;HBEFA4/PC_petrol_Euro-6ab;3,1589;301;301;0;0,0000;11,2525;12,3412;1,0887;False;303;0;40,7756;-73,9607;40,7712;-73,9638;40,7607;-73,9687;40,7568;-73,9712;9,6754;-0,0146;-0,0077;2,0000
SUMO_carro_1000;HBEFA4/PC_petrol_Euro-6ab;3,1589;301;301;0;0,0000;11,2525;6,1016;-5,1509;False;303;0;40,7756;-73,9607;40,7712;-73,9638;40,7800;-73,9747;40,7766;-73,9768;-45,7756;0,0049;-0,0136;2,0000
SUMO_carro_1000;HBEFA4/PC_petrol_Euro-6ab;3,1589;301;301;0;0,0000;11,2525;10,4728;-0,7797;False;303;0;40,7756;-73,9607;40,7712;-73,9638;40,7804;-73,9499;40,7759;-73,9532;-6,9292;0,0046;0,0106;2,0000
SUMO_carro_1000;HBEFA4/PC_petrol_Euro-6ab;3,1589;301;301;0;0,0000;11,2525;12,3683;1,1158;False;303;0;40,7756;-73,9607;40,7712;-73,9638;40,7618;-73,9653;40,7578;-73,9677;9,9162;-0,0136;-0,0041;2,0000
SUMO_carro_1000;HBEFA4/PC_petrol_Euro-6ab;3,1589;301;301;0;0,0000;11,2525;9,3491;-1,9035;False;303;0;40,7756;-73,9607;40,7712;-73,9638;40,7731;-73,9666;40,7699;-73,9747;-16,9159;-0,0010;-0,0105;2,0000
SUMO_carro_1000;HBEFA4/PC_petrol_Euro-6ab;3,1589;301;301;0;0,0000;11,2525;12,3171;1,0646;False;303;0;40,7756;-73,9607;40,7712;-73,9638;40,7637;-73,9619;40,7589;-73,9644;9,4608;-0,0122;-0,0002;2,0000
SUMO_carro_1000;HBEFA4/PC_petrol_Euro-6ab;3,1589;301;301;0;0,0000;11,2525;11,5686;0,3160;False;303;0;40,7756;-73,9607;40,7712;-73,9638;40,7639;-73,9586;40,7597;-73,9612;2,8087;-0,0118;0,0025;2,0000
SUMO_carro_1000;HBEFA4/PC_petrol_Euro-6ab;3,1589;301;301;0;0,0000;11,2525;16,9422;5,6897;False;303;0;40,7756;-73,9607;40,7712;-73,9638;40,7789;-73,9685;40,7769;-73,9755;50,5638;0,0037;-0,0072;2,0000
SUMO_carro_1000;HBEFA4/PC_petrol_Euro-6ab;3,1589;301;301;0;0,0000;11,2525;12,3982;1,1457;False;303;0;40,7756;-73,9607;40,7712;-73,9638;40,7759;-73,9590;40,7712;-73,9618;10,1814;0,0003;0,0019;2,0000
SUMO_carro_1000;HBEFA4/PC_petrol_Euro-6ab;3,1589;301;301;0;0,0000;11,2525;25,2347;13,9822;False;303;0;40,7756;-73,9607;40,7712;-73,9638;40,7763;-73,9759;40,7705;-73,9756;124,2582;-0,0007;-0,0118;2,0000
SUMO_carro_1000;HBEFA4/PC_petrol_Euro-6ab;3,1589;301;301;0;0,0000;11,2525;10,9166;-0,3359;False;303;0;40,7756;-73,9607;40,7712;-73,9638;40,7593;-73,9622;40,7551;-73,9653;-2,9850;-0,0165;-0,0014;2,0000
SUMO_carro_1000;HBEFA4/PC_petrol_Euro-6ab;3,1589;301;301;0;0,0000;11,2525;11,9465;0,6940;False;303;0;40,7756;-73,9607;40,7712;-73,9638;40,7810;-73,9725;40,7765;-73,9758;6,1675;0,0052;-0,0115;2,0000
SUMO_carro_1000;HBEFA4/PC_petrol_Euro-6ab;3,1589;301;301;0;0,0000;11,2525;12,1135;0,8610;False;303;0;40,7756;-73,9607;40,7712;-73,9638;40,7851;-73,9768;40,7811;-73,9796;7,6519;0,0094;-0,0152;2,0000
SUMO_carro_1000;HBEFA4/PC_petrol_Euro-6ab;3,1589;301;301;0;0,0000;11,2525;13,5780;2,3255;False;303;0;40,7756;-73,9607;40,7712;-73,9638;40,7590;-73,9584;40,7552;-73,9617;20,6666;-0,0169;0,0035;2,0000
SUMO_carro_1000;HBEFA4/PC_petrol_Euro-6ab;3,1589;301;301;0;0,0000;11,2525;11,5615;0,3089;False;303;0;40,7756;-73,9607;40,7712;-73,9638;40,7744;-73,9655;40,7699;-73,9688;2,7456;-0,0014;-0,0048;2,0000
SUMO_carro_1000;HBEFA4/PC_petrol_Euro-6ab;3,1589;301;301;0;0,0000;11,2525;10,5062;-0,7464;False;303;0;40,7756;-73,9607;40,7712;-73,9638;40,7893;-73,9568;40,7848;-73,9580;-6,6328;0,0143;0,0042;2,0000
SUMO_carro_1000;HBEFA4/PC_petrol_Euro-6ab;3,1589;301;301;0;0,0000;11,2525;6,0755;-5,1770;False;303;0;40,7756;-73,9607;40,7712;-73,9638;40,7752;-73,9428;40,7710;-73,9468;-46,0073;-0,0003;0,0174;2,0000
SUMO_carro_1000;HBEFA4/PC_petrol_Euro-6ab;3,1589;301;301;0;0,0000;11,2525;11,4188;0,1663;False;303;0;40,7756;-73,9607;40,7712;-73,9638;40,7718;-73,9635;40,7673;-73,9667;1,4780;-0,0039;-0,0029;2,0000
SUMO_carro_1000;HBEFA4/PC_petrol_Euro-6ab;3,1589;301;301;0;0,0000;11,2525;8,6688;-2,5838;False;303;0;40,7756;-73,9607;40,7712;-73,9638;40,7909;-73,9688;40,7858;-73,9705;-22,9616;0,0147;-0,0069;2,0000
SUMO_carro_1000;HBEFA4/PC_petrol_Euro-6ab;3,1589;301;301;0;0,0000;11,2525;11,2272;-0,0253;False;303;0;40,7756;-73,9607;40,7712;-73,9638;40,7632;-73,9685;40,7587;-73,9717;-0,2251;-0,0128;-0,0080;2,0000
SUMO_carro_1000;HBEFA4/PC_petrol_Euro-6ab;3,1589;301;301;0;0,0000;11,2525;11,8680;0,6154;False;303;0;40,7756;-73,9607;40,7712;-73,9638;40,7732;-73,9646;40,7687;-73,9679;5,4694;-0,0024;-0,0046;2,0000
SUMO_carro_1000;HBEFA4/PC_petrol_Euro-6ab;3,1589;301;301;0;0,0000;11,2525;10,9108;-0,3417;False;303;0;40,7756;-73,9607;40,7712;-73,9638;40,7749;-73,9608;40,7710;-73,9636;-3,0364;-0,0007;0,0005;2,0000
SUMO_carro_1000;HBEFA4/PC_petrol_Euro-6ab;3,1589;301;301;0;0,0000;11,2525;10,4722;-0,7803;False;303;0;40,7756;-73,9607;40,7712;-73,9638;40,7852;-73,9515;40,7808;-73,9547;-6,9347;0,0098;0,0086;2,0000
SUMO_carro_1000;HBEFA4/PC_petrol_Euro-6ab;3,1589;301;301;0;0,0000;11,2525;9,3004;-1,9522;False;303;0;40,7756;-73,9607;40,7712;-73,9638;40,7733;-73,9489;40,7688;-73,9522;-17,3487;-0,0030;0,0123;2,0000
SUMO_carro_1000;HBEFA4/PC_petrol_Euro-6ab;3,1589;301;301;0;0,0000;11,2525;12,3604;1,1079;False;303;0;40,7756;-73,9607;40,7712;-73,9638;40,7839;-73,9484;40,7792;-73,9509;9,8459;0,0084;0,0126;2,0000
SUMO_carro_1000;HBEFA4/PC_petrol_Euro-6ab;3,1589;301;301;0;0,0000;11,2525;10,2450;-1,0076;False;303;0;40,7756;-73,9607;40,7712;-73,9638;40,7820;-73,9633;40,7782;-73,9663;-8,9541;0,0062;-0,0029;2,0000
SUMO_carro_1000;HBEFA4/PC_petrol_Euro-6ab;3,1589;301;301;0;0,0000;11,2525;9,4961;-1,7564;False;303;0;40,7756;-73,9607;40,7712;-73,9638;40,7750;-73,9652;40,7705;-73,9685;-15,6092;-0,0004;-0,0056;2,0000
SUMO_carro_1000;HBEFA4/PC_petrol_Euro-6ab;3,1589;301;301;0;0,0000;11,2525;5,3374;-5,9151;False;303;0;40,7756;-73,9607;40,7712;-73,9638;40,7746;-73,9431;40,7710;-73,9468;-52,5671;-0,0010;0,0176;2,0000
SUMO_carro_1000;HBEFA4/PC_petrol_Euro-6ab;3,1589;301;301;0;0,0000;11,2525;13,4785;2,2260;False;303;0;40,7756;-73,9607;40,7712;-73,9638;40,7826;-73,9533;40,7781;-73,9566;19,7822;0,0069;0,0071;2,0000
SUMO_carro_1000;HBEFA4/PC_petrol_Euro-6ab;3,1589;301;301;0;0,0000;11,2525;11,7670;0,5145;False;303;0;40,7756;-73,9607;40,7712;-73,9638;40,7692;-73,9552;40,7647;-73,9585;4,5722;-0,0063;0,0055;2,0000
SUMO_carro_1000;HBEFA4/PC_petrol_Euro-6ab;3,1589;301;301;0;0,0000;11,2525;10,7296;-0,5229;False;303;0;40,7756;-73,9607;40,7712;-73,9638;40,7677;-73,9592;40,7632;-73,9627;-4,6474;-0,0078;0,0012;2,0000
SUMO_carro_1000;HBEFA4/PC_petrol_Euro-6ab;3,1659;324;324;0;0,0000;12,4350;11,3075;-1,1275;False;326;0;40,7756;-73,9607;40,7723;-73,9631;40,7725;-73,9451;40,7695;-73,9482;-9,0670;-0,0042;0,0174;2,0000
SUMO_carro_1000;HBEFA4/PC_petrol_Euro-6ab;3,1659;324;324;0;0,0000;12,4350;13,4138;0,9788;False;326;0;40,7756;-73,9607;40,7723;-73,9631;40,7631;-73,9624;40,7597;-73,9641;7,8713;-0,0126;-0,0013;2,0000
SUMO_carro_1000;HBEFA4/PC_petrol_Euro-6ab;3,1659;324;324;0;0,0000;12,4350;12,8317;0,3967;False;326;0;40,7756;-73,9607;40,7723;-73,9631;40,7721;-73,9561;40,7687;-73,9602;3,1901;-0,0034;0,0035;2,0000
SUMO_carro_1000;HBEFA4/PC_petrol_Euro-6ab;3,1659;324;324;0;0,0000;12,4350;11,6185;-0,8165;False;326;0;40,7756;-73,9607;40,7723;-73,9631;40,7722;-73,9455;40,7688;-73,9489;-6,5658;-0,0046;0,0169;2,0000
SUMO_carro_1000;HBEFA4/PC_petrol_Euro-6ab;3,1659;324;324;0;0,0000;12,4350;13,1049;0,6699;False;326;0;40,7756;-73,9607;40,7723;-73,9631;40,7891;-73,9705;40,7859;-73,9728;5,3874;0,0142;-0,0107;2,0000
SUMO_carro_1000;HBEFA4/PC_petrol_Euro-6ab;3,1659;324;324;0;0,0000;12,4350;12,6977;0,2627;False;326;0;40,7756;-73,9607;40,7723;-73,9631;40,7686;-73,9659;40,7655;-73,9682;2,1127;-0,0067;-0,0056;2,0000
SUMO_carro_1000;HBEFA4/PC_petrol_Euro-6ab;3,1659;324;324;0;0,0000;12,4350;13,0887;0,6537;False;326;0;40,7756;-73,9607;40,7723;-73,9631;40,7910;-73,9535;40,7881;-73,9561;5,2568;0,0155;0,0065;2,0000
SUMO_carro_1000;HBEFA4/PC_petrol_Euro-6ab;3,1659;324;324;0;0,0000;12,4350;12,6153;0,1803;False;326;0;40,7756;-73,9607;40,7723;-73,9631;40,7686;-73,9715;40,7647;-73,9738;1,4501;-0,0078;-0,0113;2,0000
SUMO_carro_1000;HBEFA4/PC_petrol_Euro-6ab;3,1659;324;324;0;0,0000;12,4350;11,8974;-0,5376;False;326;0;40,7756;-73,9607;40,7723;-73,9631;40,7718;-73,9675;40,7687;-73,9700;-4,3232;-0,0036;-0,0071;2,0000
SUMO_carro_1000;HBEFA4/PC_petrol_Euro-6ab;3,1659;324;324;0;0,0000;12,4350;11,9507;-0,4843;False;326;0;40,7756;-73,9607;40,7723;-73,9631;40,7710;-73,9496;40,7672;-73,9505;-3,8948;-0,0044;0,0118;2,0000
SUMO_carro_1000;HBEFA4/PC_petrol_Euro-6ab;3,1659;324;324;0;0,0000;12,4350;12,9854;0,5504;False;326;0;40,7756;-73,9607;40,7723;-73,9631;40,7788;-73,9580;40,7754;-73,9599;4,4264;0,0028;0,0029;2,0000
SUMO_carro_1000;HBEFA4/PC_petrol_Euro-6ab;3,1659;324;324;0;0,0000;12,4350;18,8852;6,4503;False;326;0;40,7756;-73,9607;40,7723;-73,9631;40,7891;-73,9666;40,7840;-73,9662;51,8719;0,0120;-0,0029;2,0000
SUMO_carro_1000;HBEFA4/PC_petrol_Euro-6ab;3,1659;324;324;0;0,0000;12,4350;13,0217;0,5868;False;326;0;40,7756;-73,9607;40,7723;-73,9631;40,7655;-73,9682;40,7625;-73,9708;4,7186;-0,0100;-0,0081;2,0000
SUMO_carro_1000;HBEFA4/PC_petrol_Euro-6ab;3,1659;324;324;0;0,0000;12,4350;10,8302;-1,6048;False;326;0;40,7756;-73,9607;40,7723;-73,9631;40,7936;-73,9633;40,7903;-73,9657;-12,9052;0,0177;-0,0018;2,0000
SUMO_carro_1000;HBEFA4/PC_petrol_Euro-6ab;3,1659;324;324;0;0,0000;12,4350;24,5114;12,0765;False;326;0;40,7756;-73,9607;40,7723;-73,9631;40,7793;-73,9695;40,7756;-73,9764;97,1168;0,0021;-0,0100;2,0000
SUMO_carro_1000;HBEFA4/PC_petrol_Euro-6ab;3,1659;324;324;0;0,0000;12,4350;14,7593;2,3244;False;326;0;40,7756;-73,9607;40,7723;-73,9631;40,7688;-73,9522;40,7650;-73,9534;18,6922;-0,0073;0,0094;2,0000
SUMO_carro_1000;HBEFA4/PC_petrol_Euro-6ab;3,1659;324;324;0;0,0000;12,4350;13,6095;1,1745;False;326;0;40,7756;-73,9607;40,7723;-73,9631;40,7680;-73,9703;40,7646;-73,9728;9,4451;-0,0078;-0,0096;2,0000
SUMO_carro_1000;HBEFA4/PC_petrol_Euro-6ab;3,1659;324;324;0;0,0000;12,4350;10,9665;-1,4684;False;326;0;40,7756;-73,9607;40,7723;-73,9631;40,7737;-73,9661;40,7700;-73,9689;-11,8089;-0,0012;-0,0077;2,0000
SUMO_carro_1000;HBEFA4/PC_petrol_Euro-6ab;3,1659;324;324;0;0,0000;12,4350;12,7094;0,2744;False;326;0;40,7756;-73,9607;40,7723;-73,9631;40,7763;-73,9642;40,7731;-73,9666;2,2069;0,0010;-0,0044;2,0000
SUMO_carro_1000;HBEFA4/PC_petrol_Euro-6ab;3,1659;324;324;0;0,0000;12,4350;12,5840;0,1490;False;326;0;40,7756;-73,9607;40,7723;-73,9631;40,7848;-73,9580;40,7820;-73,9633;1,1981;0,0100;0,0005;2,0000
SUMO_carro_1000;HBEFA4/PC_petrol_Euro-6ab;3,1659;324;324;0;0,0000;12,4350;12,5733;0,1383;False;326;0;40,7756;-73,9607;40,7723;-73,9631;40,7718;-73,9593;40,7685;-73,9617;1,1122;-0,0038;0,0012;2,0000
SUMO_carro_1000;HBEFA4/PC_petrol_Euro-6ab;3,1659;324;324;0;0,0000;12,4350;11,5161;-0,9188;False;326;0;40,7756;-73,9607;40,7723;-73,9631;40,7710;-73,9496;40,7688;-73,9522;-7,3892;-0,0041;0,0116;2,0000
SUMO_carro_1000;HBEFA4/PC_petrol_Euro-6ab;3,1659;324;324;0;0,0000;12,4350;6,6300;-5,8050;False;326;0;40,7756;-73,9607;40,7723;-73,9631;40,7912;-73,9615;40,7909;-73,9610;-46,6825;0,0175;0,0007;2,0000
SUMO_carro_1000;HBEFA4/PC_petrol_Euro-6ab;3,1659;324;324;0;0,0000;12,4350;13,4088;0,9738;False;326;0;40,7756;-73,9607;40,7723;-73,9631;40,7872;-73,9563;40,7834;-73,9589;7,8312;0,0112;0,0044;2,0000
SUMO_carro_1000;HBEFA4/PC_petrol_Euro-6ab;3,1659;324;324;0;0,0000;12,4350;13,1952;0,7603;False;326;0;40,7756;-73,9607;40,7723;-73,9631;40,7655;-73,9682;40,7618;-73,9707;6,1138;-0,0102;-0,0076;2,0000
SUMO_carro_1000;HBEFA4/PC_petrol_Euro-6ab;3,1659;324;324;0;0,0000;12,4350;11,8845;-0,5505;False;326;0;40,7756;-73,9607;40,7723;-73,9631;40,7704;-73,9542;40,7672;-73,9566;-4,4267;-0,0048;0,0059;2,0000
SUMO_carro_1000;HBEFA4/PC_petrol_Euro-6ab;3,1659;324;324;0;0,0000;12,4350;14,5003;2,0653;False;326;0;40,7756;-73,9607;40,7723;-73,9631;40,7786;-73,9743;40,7750;-73,9769;16,6092;0,0029;-0,0134;2,0000
SUMO_carro_1000;HBEFA4/PC_petrol_Euro-6ab;3,1659;324;324;0;0,0000;12,4350;14,4524;2,0175;False;326;0;40,7756;-73,9607;40,7723;-73,9631;40,7628;-73,9541;40,7601;-73,9573;16,2241;-0,0127;0,0066;2,0000
SUMO_carro_1000;HBEFA4/PC_petrol_Euro-6ab;3,1659;324;324;0;0,0000;12,4350;15,4054;2,9704;False;326;0;40,7756;-73,9607;40,7723;-73,9631;40,7667;-73,9506;40,7618;-73,9498;23,8874;-0,0104;0,0135;2,0000
SUMO_carro_1000;HBEFA4/PC_petrol_Euro-6ab;3,1659;324;324;0;0,0000;12,4350;12,0386;-0,3964;False;326;0;40,7756;-73,9607;40,7723;-73,9631;40,7852;-73,9733;40,7822;-73,9762;-3,1878;0,0098;-0,0131;2,0000
SUMO_carro_1000;HBEFA4/PC_petrol_Euro-6ab;3,1659;324;324;0;0,0000;12,4350;19,1990;6,7640;False;326;0;40,7756;-73,9607;40,7723;-73,9631;40,7920;-73,9635;40,7887;-73,9669;54,3948;0,0162;-0,0029;2,0000
SUMO_carro_1000;HBEFA4/PC_petrol_Euro-6ab;3,1659;324;324;0;0,0000;12,4350;10,7857;-1,6493;False;326;0;40,7756;-73,9607;40,7723;-73,9631;40,7720;-73,9498;40,7689;-73,9505;-13,2635;-0,0038;0,0118;2,0000
SUMO_carro_1000;HBEFA4/PC_petrol_Euro-6ab;3,1659;324;324;0;0,0000;12,4350;12,8293;0,3943;False;326;0;40,7756;-73,9607;40,7723;-73,9631;40,7749;-73,9608;40,7712;-73,9618;3,1712;-0,0009;0,0005;2,0000
SUMO_carro_1000;HBEFA4/PC_petrol_Euro-6ab;3,1659;324;324;0;0,0000;12,4350;16,4199;3,9850;False;326;0;40,7756;-73,9607;40,7723;-73,9631;40,7911;-73,9613;40,7887;-73,9669;32,0465;0,0152;-0,0009;2,0000
SUMO_carro_1000;HBEFA4/PC_petrol_Euro-6ab;3,1659;324;324;0;0,0000;12,4350;14,3524;1,9174;False;326;0;40,7756;-73,9607;40,7723;-73,9631;40,7858;-73,9705;40,7824;-73,9727;15,4197;0,0104;-0,0095;2,0000
SUMO_carro_1000;HBEFA4/PC_petrol_Euro-6ab;3,1659;324;324;0;0,0000;12,4350;14,0685;1,6336;False;326;0;40,7756;-73,9607;40,7723;-73,9631;40,7884;-73,9706;40,7845;-73,9735;13,1368;0,0123;-0,0096;2,0000
SUMO_carro_1000;HBEFA4/PC_petrol_Euro-6ab;3,1659;324;324;0;0,0000;12,4350;16,3774;3,9424;False;326;0;40,7756;-73,9607;40,7723;-73,9631;40,7663;-73,9509;40,7634;-73,9535;31,7045;-0,0094;0,0100;2,0000
SUMO_carro_1000;HBEFA4/PC_petrol_Euro-6ab;3,1659;324;324;0;0,0000;12,4350;13,2933;0,8583;False;326;0;40,7756;-73,9607;40,7723;-73,9631;40,7793;-73,9580;40,7758;-73,9605;6,9027;0,0038;0,0025;2,0000
SUMO_carro_1000;HBEFA4/PC_petrol_Euro-6ab;3,1659;324;324;0;0,0000;12,4350;19,0971;6,6621;False;326;0;40,7756;-73,9607;40,7723;-73,9631;40,7795;-73,9736;40,7761;-73,9760;53,5758;0,0034;-0,0120;2,0000
SUMO_carro_1000;HBEFA4/PC_petrol_Euro-6ab;3,1659;324;324;0;0,0000;12,4350;12,2005;-0,2345;False;326;0;40,7756;-73,9607;40,7723;-73,9631;40,7685;-73,9556;40,7653;-73,9580;-1,8855;-0,0067;0,0047;2,0000
SUMO_carro_1000;HBEFA4/PC_petrol_Euro-6ab;3,1659;324;324;0;0,0000;12,4350;13,1754;0,7404;False;326;0;40,7756;-73,9607;40,7723;-73,9631;40,7885;-73,9709;40,7852;-73,9733;5,9542;0,0130;-0,0106;2,0000
SUMO_carro_1000;HBEFA4/PC_petrol_Euro-6ab;3,1659;324;324;0;0,0000;12,4350;14,3551;1,9201;False;326;0;40,7756;-73,9607;40,7723;-73,9631;40,7720;-73,9518;40,7688;-73,9543;15,4415;-0,0037;0,0087;2,0000
SUMO_carro_1000;HBEFA4/PC_petrol_Euro-6ab;3,1659;324;324;0;0,0000;12,4350;12,5185;0,0835;False;326;0;40,7756;-73,9607;40,7723;-73,9631;40,7586;-73,9657;40,7552;-73,9683;0,6714;-0,0172;-0,0050;2,0000
SUMO_carro_1000;HBEFA4/PC_petrol_Euro-6ab;3,1659;324;324;0;0,0000;12,4350;11,9851;-0,4499;False;326;0;40,7756;-73,9607;40,7723;-73,9631;40,7869;-73,9682;40,7834;-73,9707;-3,6178;0,0105;-0,0054;2,0000
SUMO_carro_1000;HBEFA4/PC_petrol_Euro-6ab;3,1659;324;324;0;0,0000;12,4350;12,6658;0,2308;False;326;0;40,7756;-73,9607;40,7723;-73,9631;40,7745;-73,9656;40,7712;-73,9680;1,8564;-0,0010;-0,0051;2,0000
SUMO_carro_1000;HBEFA4/PC_petrol_Euro-6ab;3,1659;324;324;0;0,0000;12,4350;12,1315;-0,3034;False;326;0;40,7756;-73,9607;40,7723;-73,9631;40,7858;-73,9460;40,7824;-73,9485;-2,4403;0,0101;0,0146;2,0000
SUMO_carro_1000;HBEFA4/PC_petrol_Euro-6ab;3,1659;324;324;0;0,0000;12,4350;15,5459;3,1110;False;326;0;40,7756;-73,9607;40,7723;-73,9631;40,7695;-73,9742;40,7645;-73,9776;25,0178;-0,0073;-0,0148;2,0000
SUMO_carro_1000;HBEFA4/PC_petrol_Euro-6ab;3,1659;324;324;0;0,0000;12,4350;10,6383;-1,7966;False;326;0;40,7756;-73,9607;40,7723;-73,9631;40,7745;-73,9656;40,7712;-73,9680;-14,4483;-0,0001;-0,0071;2,0000
SUMO_carro_1000;HBEFA4/PC_petrol_Euro-6ab;3,1659;324;324;0;0,0000;12,4350;9,3438;-3,0911;False;326;0;40,7756;-73,9607;40,7723;-73,9631;40,7708;-73,9761;40,7668;-73,9789;-24,8585;-0,0036;-0,0142;2,0000
SUMO_carro_1000;HBEFA4/PC_petrol_Euro-6ab;3,1659;324;324;0;0,0000;12,4350;14,4142;1,9792;False;326;0;40,7756;-73,9607;40,7723;-73,9631;40,7804;-73,9498;40,7767;-73,9526;15,9163;0,0045;0,0110;2,0000
SUMO_carro_1000;HBEFA4/PC_petrol_Euro-6ab;3,1659;324;324;0;0,0000;12,4350;14,6172;2,1822;False;326;0;40,7756;-73,9607;40,7723;-73,9631;40,7674;-73,9592;40,7643;-73,9616;17,5491;-0,0082;0,0015;2,0000
SUMO_carro_1000;HBEFA4/PC_petrol_Euro-6ab;3,1659;324;324;0;0,0000;12,4350;11,8126;-0,6224;False;326;0;40,7756;-73,9607;40,7723;-73,9631;40,7666;-73,9571;40,7634;-73,9594;-5,0053;-0,0087;0,0030;2,0000
SUMO_carro_1000;HBEFA4/PC_petrol_Euro-6ab;3,1659;324;324;0;0,0000;12,4350;12,8879;0,4529;False;326;0;40,7756;-73,9607;40,7723;-73,9631;40,7632;-73,9627;40,7594;-73,9652;3,6423;-0,0127;-0,0022;2,0000
SUMO_carro_1000;HBEFA4/PC_petrol_Euro-6ab;3,1659;324;324;0;0,0000;12,4350;11,3280;-1,1070;False;326;0;40,7756;-73,9607;40,7723;-73,9631;40,7627;-73,9493;40,7596;-73,9531;-8,9020;-0,0125;0,0098;2,0000
SUMO_carro_1000;HBEFA4/PC_petrol_Euro-6ab;3,1659;324;324;0;0,0000;12,4350;13,6594;1,2244;False;326;0;40,7756;-73,9607;40,7723;-73,9631;40,7910;-73,9535;40,7878;-73,9558;9,8465;0,0153;0,0072;2,0000
SUMO_carro_1000;HBEFA4/PC_petrol_Euro-6ab;3,1659;324;324;0;0,0000;12,4350;10,8554;-1,5796;False;326;0;40,7756;-73,9607;40,7723;-73,9631;40,7789;-73,9481;40,7756;-73,9505;-12,7030;0,0035;0,0120;2,0000
SUMO_carro_1000;HBEFA4/PC_petrol_Euro-6ab;3,1659;324;324;0;0,0000;12,4350;16,2812;3,8462;False;326;0;40,7756;-73,9607;40,7723;-73,9631;40,7903;-73,9657;40,7867;-73,9683;30,9305;0,0144;-0,0050;2,0000
SUMO_carro_1000;HBEFA4/PC_petrol_Euro-6ab;3,1659;324;324;0;0,0000;12,4350;12,5950;0,1600;False;326;0;40,7756;-73,9607;40,7723;-73,9631;40,7713;-73,9770;40,7671;-73,9796;1,2869;-0,0039;-0,0158;2,0000
SUMO_carro_1000;HBEFA4/PC_petrol_Euro-6ab;3,1659;324;324;0;0,0000;12,4350;13,8420;1,4070;False;326;0;40,7756;-73,9607;40,7723;-73,9631;40,7669;-73,9617;40,7632;-73,9647;11,3147;-0,0093;-0,0013;2,0000
SUMO_carro_1000;HBEFA4/PC_petrol_Euro-6ab;3,1659;324;324;0;0,0000;12,4350;13,3841;0,9492;False;326;0;40,7756;-73,9607;40,7723;-73,9631;40,7759;-73,9611;40,7724;-73,9630;7,6330;0,0001;-0,0003;2,0000
SUMO_carro_1000;HBEFA4/PC_petrol_Euro-6ab;3,1659;324;324;0;0,0000;12,4350;13,5405;1,1055;False;326;0;40,7756;-73,9607;40,7723;-73,9631;40,7761;-73,9761;40,7719;-73,9779;8,8905;-0,0001;-0,0146;2,0000
SUMO_carro_1000;HBEFA4/PC_petrol_Euro-6ab;3,1659;324;324;0;0,0000;12,4350;13,7927;1,3577;False;326;0;40,7756;-73,9607;40,7723;-73,9631;40,7692;-73,9552;40,7659;-73,9575;10,9186;-0,0061;0,0051;2,0000
SUMO_carro_1000;HBEFA4/PC_petrol_Euro-6ab;3,1659;324;324;0;0,0000;12,4350;13,7771;1,3421;False;326;0;40,7756;-73,9607;40,7723;-73,9631;40,7886;-73,9490;40,7852;-73,9513;10,7931;0,0129;0,0117;2,0000
SUMO_carro_1000;HBEFA4/PC_petrol_Euro-6ab;3,1659;324;324;0;0,0000;12,4350;12,9783;0,5433;False;326;0;40,7756;-73,9607;40,7723;-73,9631;40,7839;-73,9739;40,7802;-73,9752;4,3692;0,0081;-0,0123;2,0000
SUMO_carro_1000;HBEFA4/PC_petrol_Euro-6ab;3,1659;324;324;0;0,0000;12,4350;20,9931;8,5581;False;326;0;40,7756;-73,9607;40,7723;-73,9631;40,7762;-73,9760;40,7714;-73,9772;68,8232;-0,0002;-0,0133;2,0000
SUMO_carro_1000;HBEFA4/PC_petrol_Euro-6ab;3,1659;324;324;0;0,0000;12,4350;12,5016;0,0666;False;326;0;40,7756;-73,9607;40,7723;-73,9631;40,7829;-73,9594;40,7795;-73,9618;0,5360;0,0074;0,0017;2,0000
SUMO_carro_1000;HBEFA4/PC_petrol_Euro-6ab;3,1659;324;324;0;0,0000;12,4350;30,9725;18,5375;False;326;0;40,7756;-73,9607;40,7723;-73,9631;40,7789;-73,9685;40,7705;-73,9756;149,0759;0,0003;-0,0100;2,0000
SUMO_carro_1000;HBEFA4/PC_petrol_Euro-6ab;3,1659;324;324;0;0,0000;12,4350;13,1241;0,6891;False;326;0;40,7756;-73,9607;40,7723;-73,9631;40,7777;-73,9613;40,7743;-73,9636;5,5419;0,0020;-0,0007;2,0000
SUMO_carro_1000;HBEFA4/PC_petrol_Euro-6ab;3,1659;324;324;0;0,0000;12,4350;12,7924;0,3574;False;326;0;40,7756;-73,9607;40,7723;-73,9631;40,7827;-73,9551;40,7794;-73,9575;2,8742;0,0069;0,0056;2,0000
SUMO_carro_1000;HBEFA4/PC_petrol_Euro-6ab;3,1659;324;324;0;0,0000;12,4350;14,1731;1,7382;False;326;0;40,7756;-73,9607;40,7723;-73,9631;40,7832;-73,9485;40,7796;-73,9505;13,9781;0,0075;0,0121;2,0000
SUMO_carro_1000;HBEFA4/PC_petrol_Euro-6ab;3,1659;324;324;0;0,0000;12,4350;14,2616;1,8266;False;326;0;40,7756;-73,9607;40,7723;-73,9631;40,7855;-73,9699;40,7823;-73,9723;14,6892;0,0099;-0,0092;2,0000
SUMO_carro_1000;HBEFA4/PC_petrol_Euro-6ab;3,1659;324;324;0;0,0000;12,4350;13,6867;1,2517;False;326;0;40,7756;-73,9607;40,7723;-73,9631;40,7833;-73,9708;40,7798;-73,9734;10,0664;0,0073;-0,0098;2,0000
SUMO_carro_1000;HBEFA4/PC_petrol_Euro-6ab;3,1659;324;324;0;0,0000;12,4350;12,7703;0,3353;False;326;0;40,7756;-73,9607;40,7723;-73,9631;40,7815;-73,9604;40,7783;-73,9628;2,6965;0,0062;-0,0004;2,0000
SUMO_carro_1000;HBEFA4/PC_petrol_Euro-6ab;3,1659;324;324;0;0,0000;12,4350;14,1814;1,7464;False;326;0;40,7756;-73,9607;40,7723;-73,9631;40,7821;-73,9634;40,7782;-73,9663;14,0444;0,0063;-0,0032;2,0000
SUMO_carro_1000;HBEFA4/PC_petrol_Euro-6ab;3,1659;324;324;0;0,0000;12,4350;14,5436;2,1086;False;326;0;40,7756;-73,9607;40,7723;-73,9631;40,7616;-73,9665;40,7584;-73,9691;16,9574;-0,0137;-0,0059;2,0000
SUMO_carro_1000;HBEFA4/PC_petrol_Euro-6ab;3,1659;324;324;0;0,0000;12,4350;10,6713;-1,7636;False;326;0;40,7756;-73,9607;40,7723;-73,9631;40,7712;-73,9466;40,7679;-73,9496;-14,1828;-0,0046;0,0142;2,0000
SUMO_carro_1000;HBEFA4/PC_petrol_Euro-6ab;3,1659;324;324;0;0,0000;12,4350;13,4370;1,0020;False;326;0;40,7756;-73,9607;40,7723;-73,9631;40,7586;-73,9677;40,7557;-73,9704;8,0581;-0,0166;-0,0070;2,0000
SUMO_carro_1000;HBEFA4/PC_petrol_Euro-6ab;3,1659;324;324;0;0,0000;12,4350;14,1348;1,6999;False;326;0;40,7756;-73,9607;40,7723;-73,9631;40,7804;-73,9498;40,7771;-73,9521;13,6700;0,0047;0,0113;2,0000
SUMO_carro_1000;HBEFA4/PC_petrol_Euro-6ab;3,1659;324;324;0;0,0000;12,4350;10,7239;-1,7110;False;326;0;40,7756;-73,9607;40,7723;-73,9631;40,7822;-73,9439;40,7785;-73,9454;-13,7598;0,0066;0,0167;2,0000
SUMO_carro_1000;HBEFA4/PC_petrol_Euro-6ab;3,1659;324;324;0;0,0000;12,4350;13,0446;0,6096;False;326;0;40,7756;-73,9607;40,7723;-73,9631;40,7675;-73,9613;40,7646;-73,9642;4,9023;-0,0079;-0,0004;2,0000
SUMO_carro_1000;HBEFA4/PC_petrol_Euro-6ab;3,1659;324;324;0;0,0000;12,4350;8,3670;-4,0680;False;326;0;40,7756;-73,9607;40,7723;-73,9631;40,7781;-73,9658;40,7783;-73,9670;-32,7139;0,0045;-0,0047;2,0000
SUMO_carro_1000;HBEFA4/PC_petrol_Euro-6ab;3,1659;324;324;0;0,0000;12,4350;11,9692;-0,4658;False;326;0;40,7756;-73,9607;40,7723;-73,9631;40,7842;-73,9585;40,7814;-73,9624;-3,7460;0,0092;0,0006;2,0000
SUMO_carro_1000;HBEFA4/PC_petrol_Euro-6ab;3,1659;324;324;0;0,0000;12,4350;13,1461;0,7111;False;326;0;40,7756;-73,9607;40,7723;-73,9631;40,7889;-73,9520;40,7859;-73,9550;5,7185;0,0133;0,0086;2,0000
SUMO_carro_1000;HBEFA4/PC_petrol_Euro-6ab;3,1659;324;324;0;0,0000;12,4350;14,4198;1,9848;False;326;0;40,7756;-73,9607;40,7723;-73,9631;40,7685;-73,9586;40,7648;-73,9608;15,9617;-0,0074;0,0025;2,0000
SUMO_carro_1000;HBEFA4/PC_petrol_Euro-6ab;3,1659;324;324;0;0,0000;12,4350;17,8346;5,3996;False;326;0;40,7756;-73,9607;40,7723;-73,9631;40,7692;-73,9734;40,7649;-73,9766;43,4227;-0,0075;-0,0133;2,0000
SUMO_carro_1000;HBEFA4/PC_petrol_Euro-6ab;3,1659;324;324;0;0,0000;12,4350;12,5820;0,1470;False;326;0;40,7756;-73,9607;40,7723;-73,9631;40,7765;-73,9465;40,7727;-73,9493;1,1820;0,0002;0,0148;2,0000
SUMO_carro_1000;HBEFA4/PC_petrol_Euro-6ab;3,1659;324;324;0;0,0000;12,4350;15,3786;2,9437;False;326;0;40,7756;-73,9607;40,7723;-73,9631;40,7914;-73,9620;40,7887;-73,9669;23,6725;0,0156;-0,0015;2,0000
SUMO_carro_1000;HBEFA4/PC_petrol_Euro-6ab;3,1659;324;324;0;0,0000;12,4350;27,6413;15,2063;False;326;0;40,7756;-73,9607;40,7723;-73,9631;40,7789;-73,9685;40,7705;-73,9756;122,2867;0,0003;-0,0098;2,0000
SUMO_carro_1000;HBEFA4/PC_petrol_Euro-6ab;3,1659;324;324;0;0,0000;12,4350;13,6562;1,2212;False;326;0;40,7756;-73,9607;40,7723;-73,9631;40,7768;-73,9553;40,7735;-73,9577;9,8207;0,0010;0,0058;2,0000
SUMO_carro_1000;HBEFA4/PC_petrol_Euro-6ab;3,1659;324;324;0;0,0000;12,4350;10,1905;-2,2445;False;326;0;40,7756;-73,9607;40,7723;-73,9631;40,7936;-73,9633;40,7903;-73,9657;-18,0496;0,0176;-0,0020;2,0000
SUMO_carro_1000;HBEFA4/PC_petrol_Euro-6ab;3,1659;324;324;0;0,0000;12,4350;11,0180;-1,4169;False;326;0;40,7756;-73,9607;40,7723;-73,9631;40,7776;-73,9431;40,7743;-73,9454;-11,3948;0,0021;0,0168;2,0000
SUMO_carro_1000;HBEFA4/PC_petrol_Euro-6ab;3,1659;324;324;0;0,0000;12,4350;9,7681;-2,6668;False;326;0;40,7756;-73,9607;40,7723;-73,9631;40,7745;-73,9432;40,7715;-73,9463;-21,4462;-0,0013;0,0179;2,0000
SUMO_carro_1000;HBEFA4/PC_petrol_Euro-6ab;3,1659;324;324;0;0,0000;12,4350;13,5158;1,0808;False;326;0;40,7756;-73,9607;40,7723;-73,9631;40,7736;-73,9598;40,7704;-73,9621;8,6916;-0,0018;0,0013;2,0000
SUMO_carro_1000;HBEFA4/PC_petrol_Euro-6ab;3,1659;324;324;0;0,0000;12,4350;13,2496;0,8147;False;326;0;40,7756;-73,9607;40,7723;-73,9631;40,7878;-73,9537;40,7840;-73,9564;6,5515;0,0119;0,0070;2,0000
SUMO_carro_1000;HBEFA4/PC_petrol_Euro-6ab;3,1659;324;324;0;0,0000;12,4350;11,4137;-1,0213;False;326;0;40,7756;-73,9607;40,7723;-73,9631;40,7736;-73,9458;40,7699;-73,9481;-8,2131;-0,0023;0,0147;2,0000
SUMO_carro_1000;HBEFA4/PC_petrol_Euro-6ab;3,1659;324;324;0;0,0000;12,4350;13,2956;0,8606;False;326;0;40,7756;-73,9607;40,7723;-73,9631;40,7771;-73,9596;40,7737;-73,9618;6,9207;0,0016;0,0014;2,0000
SUMO_carro_1000;HBEFA4/PC_petrol_Euro-6ab;3,1659;324;324;0;0,0000;12,4350;13,7747;1,3397;False;326;0;40,7756;-73,9607;40,7723;-73,9631;40,7697;-73,9544;40,7664;-73,9568;10,7735;-0,0060;0,0066;2,0000
SUMO_carro_1000;HBEFA4/PC_petrol_Euro-6ab;3,1659;324;324;0;0,0000;12,4350;12,4483;0,0133;False;326;0;40,7756;-73,9607;40,7723;-73,9631;40,7852;-73,9733;40,7822;-73,9762;0,1073;0,0098;-0,0131;2,0000
SUMO_carro_1000;HBEFA4/PC_petrol_Euro-6ab;3,1659;324;324;0;0,0000;12,4350;12,0452;-0,3898;False;326;0;40,7756;-73,9607;40,7723;-73,9631;40,7691;-73,9731;40,7656;-73,9761;-3,1344;-0,0053;-0,0118;2,0000
SUMO_carro_1000;HBEFA4/PC_petrol_Euro-6ab;3,1659;324;324;0;0,0000;12,4350;13,2712;0,8362;False;326;0;40,7756;-73,9607;40,7723;-73,9631;40,7689;-73,9524;40,7658;-73,9554;6,7249;-0,0065;0,0078;2,0000
SUMO_carro_1000;HBEFA4/PC_petrol_Euro-6ab;3,1899;312;312;0;0,0000;12,5409;14,1281;1,5872;False;314;0;40,7756;-73,9607;40,7716;-73,9635;40,7782;-73,9783;40,7743;-73,9811;12,6565;0,0027;-0,0174;2,0000
SUMO_carro_1000;HBEFA4/PC_petrol_Euro-6ab;3,1899;312;312;0;0,0000;12,5409;12,3950;-0,1459;False;314;0;40,7756;-73,9607;40,7716;-73,9635;40,7807;-73,9446;40,7767;-73,9468;-1,1631;0,0051;0,0162;2,0000
SUMO_carro_1000;HBEFA4/PC_petrol_Euro-6ab;3,1899;312;312;0;0,0000;12,5409;17,0537;4,5128;False;314;0;40,7756;-73,9607;40,7716;-73,9635;40,7885;-73,9670;40,7838;-73,9655;35,9851;0,0114;-0,0025;2,0000
SUMO_carro_1000;HBEFA4/PC_petrol_Euro-6ab;3,1899;312;312;0;0,0000;12,5409;10,1725;-2,3684;False;314;0;40,7756;-73,9607;40,7716;-73,9635;40,7761;-73,9761;40,7718;-73,9783;-18,8856;0,0001;-0,0148;2,0000
SUMO_carro_1000;HBEFA4/PC_petrol_Euro-6ab;3,1899;312;312;0;0,0000;12,5409;8,0121;-4,5288;False;314;0;40,7756;-73,9607;40,7716;-73,9635;40,7734;-73,9443;40,7701;-73,9477;-36,1122;-0,0022;0,0170;2,0000
SUMO_carro_1000;HBEFA4/PC_petrol_Euro-6ab;3,1899;312;312;0;0,0000;12,5409;13,4261;0,8852;False;314;0;40,7756;-73,9607;40,7716;-73,9635;40,7723;-73,9586;40,7684;-73,9614;7,0586;-0,0034;0,0025;2,0000
SUMO_carro_1000;HBEFA4/PC_petrol_Euro-6ab;3,1899;312;312;0;0,0000;12,5409;10,4190;-2,1219;False;314;0;40,7756;-73,9607;40,7716;-73,9635;40,7879;-73,9676;40,7840;-73,9704;-16,9195;0,0128;-0,0075;2,0000
SUMO_carro_1000;HBEFA4/PC_petrol_Euro-6ab;3,1899;312;312;0;0,0000;12,5409;9,8303;-2,7105;False;314;0;40,7756;-73,9607;40,7716;-73,9635;40,7804;-73,9716;40,7765;-73,9758;-21,6136;0,0047;-0,0113;2,0000
SUMO_carro_1000;HBEFA4/PC_petrol_Euro-6ab;3,1899;312;312;0;0,0000;12,5409;12,0091;-0,5318;False;314;0;40,7756;-73,9607;40,7716;-73,9635;40,7732;-73,9665;40,7690;-73,9727;-4,2406;-0,0011;-0,0086;2,0000
SUMO_carro_1000;HBEFA4/PC_petrol_Euro-6ab;3,1899;312;312;0;0,0000;12,5409;12,2072;-0,3337;False;314;0;40,7756;-73,9607;40,7716;-73,9635;40,7681;-73,9527;40,7641;-73,9552;-2,6609;-0,0077;0,0082;2,0000
SUMO_carro_1000;HBEFA4/PC_petrol_Euro-6ab;3,1899;312;312;0;0,0000;12,5409;13,6115;1,0706;False;314;0;40,7756;-73,9607;40,7716;-73,9635;40,7705;-73,9645;40,7668;-73,9673;8,5367;-0,0046;-0,0042;2,0000
SUMO_carro_1000;HBEFA4/PC_petrol_Euro-6ab;3,1899;312;312;0;0,0000;12,5409;10,5754;-1,9655;False;314;0;40,7756;-73,9607;40,7716;-73,9635;40,7705;-73,9482;40,7668;-73,9515;-15,6725;-0,0051;0,0118;2,0000
SUMO_carro_1000;HBEFA4/PC_petrol_Euro-6ab;3,1899;312;312;0;0,0000;12,5409;13,3750;0,8341;False;314;0;40,7756;-73,9607;40,7716;-73,9635;40,7757;-73,9646;40,7717;-73,9676;6,6513;0,0001;-0,0040;2,0000
SUMO_carro_1000;HBEFA4/PC_petrol_Euro-6ab;3,1899;312;312;0;0,0000;12,5409;15,3093;2,7685;False;314;0;40,7756;-73,9607;40,7716;-73,9635;40,7799;-73,9768;40,7761;-73,9796;22,0756;0,0043;-0,0154;2,0000
SUMO_carro_1000;HBEFA4/PC_petrol_Euro-6ab;3,1899;312;312;0;0,0000;12,5409;9,9713;-2,5695;False;314;0;40,7756;-73,9607;40,7716;-73,9635;40,7641;-73,9478;40,7604;-73,9516;-20,4893;-0,0111;0,0118;2,0000
SUMO_carro_1000;HBEFA4/PC_petrol_Euro-6ab;3,1899;312;312;0;0,0000;12,5409;9,4161;-3,1248;False;314;0;40,7756;-73,9607;40,7716;-73,9635;40,7724;-73,9468;40,7689;-73,9505;-24,9168;-0,0029;0,0135;2,0000
SUMO_carro_1000;HBEFA4/PC_petrol_Euro-6ab;3,1899;312;312;0;0,0000;12,5409;8,7868;-3,7541;False;314;0;40,7756;-73,9607;40,7716;-73,9635;40,7781;-73,9656;40,7745;-73,9656;-29,9347;0,0040;-0,0044;2,0000
SUMO_carro_1000;HBEFA4/PC_petrol_Euro-6ab;3,1899;312;312;0;0,0000;12,5409;10,3007;-2,2402;False;314;0;40,7756;-73,9607;40,7716;-73,9635;40,7592;-73,9609;40,7550;-73,9629;-17,8631;-0,0168;0,0002;2,0000
SUMO_carro_1000;HBEFA4/PC_petrol_Euro-6ab;3,1899;312;312;0;0,0000;12,5409;8,7861;-3,7548;False;314;0;40,7756;-73,9607;40,7716;-73,9635;40,7705;-73,9480;40,7667;-73,9509;-29,9403;-0,0049;0,0126;2,0000
SUMO_carro_1000;HBEFA4/PC_petrol_Euro-6ab;3,1899;312;312;0;0,0000;12,5409;9,6557;-2,8851;False;314;0;40,7756;-73,9607;40,7716;-73,9635;40,7810;-73,9725;40,7772;-73,9763;-23,0058;0,0059;-0,0129;2,0000
SUMO_carro_1000;HBEFA4/PC_petrol_Euro-6ab;3,1899;312;312;0;0,0000;12,5409;12,1168;-0,4241;False;314;0;40,7756;-73,9607;40,7716;-73,9635;40,7806;-73,9618;40,7763;-73,9643;-3,3814;0,0047;-0,0015;2,0000
SUMO_carro_1000;HBEFA4/PC_petrol_Euro-6ab;3,1899;312;312;0;0,0000;12,5409;13,5167;0,9758;False;314;0;40,7756;-73,9607;40,7716;-73,9635;40,7828;-73,9554;40,7790;-73,9582;7,7810;0,0073;0,0054;2,0000
SUMO_carro_1000;HBEFA4/PC_petrol_Euro-6ab;3,1899;312;312;0;0,0000;12,5409;12,5769;0,0360;False;314;0;40,7756;-73,9607;40,7716;-73,9635;40,7627;-73,9628;40,7587;-73,9659;0,2870;-0,0129;-0,0024;2,0000
SUMO_carro_1000;HBEFA4/PC_petrol_Euro-6ab;3,1899;312;312;0;0,0000;12,5409;12,4914;-0,0495;False;314;0;40,7756;-73,9607;40,7716;-73,9635;40,7645;-73,9561;40,7606;-73,9585;-0,3946;-0,0112;0,0046;2,0000
SUMO_carro_1000;HBEFA4/PC_petrol_Euro-6ab;3,1899;312;312;0;0,0000;12,5409;13,2454;0,7046;False;314;0;40,7756;-73,9607;40,7716;-73,9635;40,7627;-73,9615;40,7592;-73,9643;5,6181;-0,0126;-0,0003;2,0000
SUMO_carro_1000;HBEFA4/PC_petrol_Euro-6ab;3,1899;312;312;0;0,0000;12,5409;12,3321;-0,2088;False;314;0;40,7756;-73,9607;40,7716;-73,9635;40,7866;-73,9485;40,7827;-73,9513;-1,6650;0,0113;0,0117;2,0000
SUMO_carro_1000;HBEFA4/PC_petrol_Euro-6ab;3,1899;312;312;0;0,0000;12,5409;11,2161;-1,3248;False;314;0;40,7756;-73,9607;40,7716;-73,9635;40,7585;-73,9614;40,7538;-73,9641;-10,5636;-0,0176;-0,0005;2,0000
SUMO_carro_1000;HBEFA4/PC_petrol_Euro-6ab;3,1899;312;312;0;0,0000;12,5409;13,8040;1,2632;False;314;0;40,7756;-73,9607;40,7716;-73,9635;40,7595;-73,9679;40,7557;-73,9704;10,0724;-0,0163;-0,0070;2,0000
SUMO_carro_1000;HBEFA4/PC_petrol_Euro-6ab;3,1899;312;312;0;0,0000;12,5409;14,0059;1,4650;False;314;0;40,7756;-73,9607;40,7716;-73,9635;40,7627;-73,9616;40,7582;-73,9648;11,6817;-0,0131;-0,0014;2,0000
SUMO_carro_1000;HBEFA4/PC_petrol_Euro-6ab;3,1899;312;312;0;0,0000;12,5409;13,4361;0,8952;False;314;0;40,7756;-73,9607;40,7716;-73,9635;40,7685;-73,9492;40,7630;-73,9490;7,1386;-0,0086;0,0147;2,0000
SUMO_carro_1000;HBEFA4/PC_petrol_Euro-6ab;3,1899;312;312;0;0,0000;12,5409;14,6180;2,0771;False;314;0;40,7756;-73,9607;40,7716;-73,9635;40,7701;-73,9573;40,7662;-73,9601;16,5628;-0,0061;0,0040;2,0000
SUMO_carro_1000;HBEFA4/PC_petrol_Euro-6ab;3,1899;312;312;0;0,0000;12,5409;13,1164;0,5755;False;314;0;40,7756;-73,9607;40,7716;-73,9635;40,7708;-73,9761;40,7657;-73,9805;4,5888;-0,0057;-0,0167;2,0000
SUMO_carro_1000;HBEFA4/PC_petrol_Euro-6ab;3,1899;312;312;0;0,0000;12,5409;13,3859;0,8450;False;314;0;40,7756;-73,9607;40,7716;-73,9635;40,7799;-73,9447;40,7760;-73,9473;6,7379;0,0042;0,0159;2,0000
SUMO_carro_1000;HBEFA4/PC_petrol_Euro-6ab;3,1899;312;312;0;0,0000;12,5409;14,0405;1,4996;False;314;0;40,7756;-73,9607;40,7716;-73,9635;40,7744;-73,9617;40,7705;-73,9645;11,9575;-0,0008;-0,0012;2,0000
SUMO_carro_1000;HBEFA4/PC_petrol_Euro-6ab;3,1899;312;312;0;0,0000;12,5409;12,2833;-0,2576;False;314;0;40,7756;-73,9607;40,7716;-73,9635;40,7737;-73,9780;40,7699;-73,9806;-2,0539;-0,0019;-0,0173;2,0000
SUMO_carro_1000;HBEFA4/PC_petrol_Euro-6ab;3,1899;312;312;0;0,0000;12,5409;13,0383;0,4975;False;314;0;40,7756;-73,9607;40,7716;-73,9635;40,7685;-73,9637;40,7642;-73,9668;3,9667;-0,0072;-0,0034;2,0000
SUMO_carro_1000;HBEFA4/PC_petrol_Euro-6ab;3,1899;312;312;0;0,0000;12,5409;14,5317;1,9908;False;314;0;40,7756;-73,9607;40,7716;-73,9635;40,7903;-73,9600;40,7836;-73,9646;15,8746;0,0119;-0,0010;2,0000
SUMO_carro_1000;HBEFA4/PC_petrol_Euro-6ab;3,1899;312;312;0;0,0000;12,5409;11,7647;-0,7761;False;314;0;40,7756;-73,9607;40,7716;-73,9635;40,7785;-73,9454;40,7747;-73,9482;-6,1889;0,0034;0,0145;2,0000
SUMO_carro_1000;HBEFA4/PC_petrol_Euro-6ab;3,1899;312;312;0;0,0000;12,5409;17,8098;5,2689;False;314;0;40,7756;-73,9607;40,7716;-73,9635;40,7837;-73,9649;40,7790;-73,9686;42,0139;0,0095;-0,0036;2,0000
SUMO_carro_1000;HBEFA4/PC_petrol_Euro-6ab;3,1899;312;312;0;0,0000;12,5409;13,0072;0,4664;False;314;0;40,7756;-73,9607;40,7716;-73,9635;40,7608;-73,9649;40,7573;-73,9684;3,7187;-0,0149;-0,0048;2,0000
SUMO_carro_1000;HBEFA4/PC_petrol_Euro-6ab;3,1899;312;312;0;0,0000;12,5409;11,4501;-1,0908;False;314;0;40,7756;-73,9607;40,7716;-73,9635;40,7887;-73,9669;40,7848;-73,9697;-8,6979;0,0131;-0,0057;2,0000
SUMO_carro_1000;HBEFA4/PC_petrol_Euro-6ab;3,1899;312;312;0;0,0000;12,5409;12,2208;-0,3200;False;314;0;40,7756;-73,9607;40,7716;-73,9635;40,7763;-73,9500;40,7726;-73,9533;-2,5519;0,0006;0,0102;2,0000
SUMO_carro_1000;HBEFA4/PC_petrol_Euro-6ab;3,1899;312;312;0;0,0000;12,5409;13,8095;1,2686;False;314;0;40,7756;-73,9607;40,7716;-73,9635;40,7814;-73,9461;40,7775;-73,9489;10,1156;0,0059;0,0147;2,0000
SUMO_carro_1000;HBEFA4/PC_petrol_Euro-6ab;3,1899;312;312;0;0,0000;12,5409;13,1400;0,5991;False;314;0;40,7756;-73,9607;40,7716;-73,9635;40,7703;-73,9475;40,7665;-73,9507;4,7772;-0,0063;0,0154;2,0000
SUMO_carro_1000;HBEFA4/PC_petrol_Euro-6ab;3,1899;312;312;0;0,0000;12,5409;13,6151;1,0742;False;314;0;40,7756;-73,9607;40,7716;-73,9635;40,7679;-73,9561;40,7641;-73,9589;8,5655;-0,0075;0,0043;2,0000
SUMO_carro_1000;HBEFA4/PC_petrol_Euro-6ab;3,1899;312;312;0;0,0000;12,5409;13,1751;0,6343;False;314;0;40,7756;-73,9607;40,7716;-73,9635;40,7699;-73,9650;40,7655;-73,9682;5,0575;-0,0058;-0,0048;2,0000
SUMO_carro_1000;HBEFA4/PC_petrol_Euro-6ab;3,1899;312;312;0;0,0000;12,5409;13,5928;1,0519;False;314;0;40,7756;-73,9607;40,7716;-73,9635;40,7858;-73,9530;40,7820;-73,9557;8,3877;0,0102;0,0078;2,0000
SUMO_carro_1000;HBEFA4/PC_petrol_Euro-6ab;3,1899;312;312;0;0,0000;12,5409;13,2420;0,7011;False;314;0;40,7756;-73,9607;40,7716;-73,9635;40,7765;-73,9625;40,7725;-73,9651;5,5907;0,0008;-0,0019;2,0000
SUMO_carro_1000;HBEFA4/PC_petrol_Euro-6ab;3,1899;312;312;0;0,0000;12,5409;12,8176;0,2767;False;314;0;40,7756;-73,9607;40,7716;-73,9635;40,7865;-73,9568;40,7823;-73,9599;2,2064;0,0110;0,0032;2,0000
SUMO_carro_1000;HBEFA4/PC_petrol_Euro-6ab;3,1899;312;312;0;0,0000;12,5409;13,2677;0,7268;False;314;0;40,7756;-73,9607;40,7716;-73,9635;40,7771;-73,9499;40,7732;-73,9527;5,7955;0,0016;0,0110;2,0000
SUMO_carro_1000;HBEFA4/PC_petrol_Euro-6ab;3,1899;312;312;0;0,0000;12,5409;13,4872;0,9464;False;314;0;40,7756;-73,9607;40,7716;-73,9635;40,7822;-73,9599;40,7779;-73,9652;7,5462;0,0072;-0,0009;2,0000
SUMO_carro_1000;HBEFA4/PC_petrol_Euro-6ab;3,1899;312;312;0;0,0000;12,5409;13,6339;1,0930;False;314;0;40,7756;-73,9607;40,7716;-73,9635;40,7646;-73,9602;40,7601;-73,9632;8,7157;-0,0115;0,0003;2,0000
SUMO_carro_1000;HBEFA4/PC_petrol_Euro-6ab;3,1899;312;312;0;0,0000;12,5409;12,6697;0,1288;False;314;0;40,7756;-73,9607;40,7716;-73,9635;40,7734;-73,9490;40,7695;-73,9518;1,0273;-0,0021;0,0116;2,0000
SUMO_carro_1000;HBEFA4/PC_petrol_Euro-6ab;3,1899;312;312;0;0,0000;12,5409;13,4026;0,8617;False;314;0;40,7756;-73,9607;40,7716;-73,9635;40,7638;-73,9545;40,7600;-73,9575;6,8710;-0,0117;0,0062;2,0000
SUMO_carro_1000;HBEFA4/PC_petrol_Euro-6ab;3,1899;312;312;0;0,0000;12,5409;11,2844;-1,2565;False;314;0;40,7756;-73,9607;40,7716;-73,9635;40,7732;-73,9665;40,7688;-73,9708;-10,0194;-0,0017;-0,0073;2,0000
SUMO_carro_1000;HBEFA4/PC_petrol_Euro-6ab;3,1899;312;312;0;0,0000;12,5409;13,7572;1,2164;False;314;0;40,7756;-73,9607;40,7716;-73,9635;40,7656;-73,9761;40,7622;-73,9782;9,6992;-0,0093;-0,0147;2,0000
SUMO_carro_1000;HBEFA4/PC_petrol_Euro-6ab;3,1899;312;312;0;0,0000;12,5409;12,0222;-0,5187;False;314;0;40,7756;-73,9607;40,7716;-73,9635;40,7796;-73,9436;40,7759;-73,9470;-4,1359;0,0040;0,0173;2,0000
SUMO_carro_1000;HBEFA4/PC_petrol_Euro-6ab;3,1899;312;312;0;0,0000;12,5409;12,1357;-0,4052;False;314;0;40,7756;-73,9607;40,7716;-73,9635;40,7683;-73,9708;40,7645;-73,9735;-3,2306;-0,0075;-0,0101;2,0000
SUMO_carro_1000;HBEFA4/PC_petrol_Euro-6ab;3,1899;312;312;0;0,0000;12,5409;12,6277;0,0868;False;314;0;40,7756;-73,9607;40,7716;-73,9635;40,7660;-73,9695;40,7622;-73,9723;0,6921;-0,0097;-0,0086;2,0000
SUMO_carro_1000;HBEFA4/PC_petrol_Euro-6ab;3,1899;312;312;0;0,0000;12,5409;11,6417;-0,8992;False;314;0;40,7756;-73,9607;40,7716;-73,9635;40,7625;-73,9570;40,7586;-73,9596;-7,1702;-0,0131;0,0042;2,0000
SUMO_carro_1000;HBEFA4/PC_petrol_Euro-6ab;3,1899;312;312;0;0,0000;12,5409;12,6430;0,1022;False;314;0;40,7756;-73,9607;40,7716;-73,9635;40,7886;-73,9490;40,7846;-73,9520;0,8147;0,0133;0,0113;2,0000
SUMO_carro_1000;HBEFA4/PC_petrol_Euro-6ab;3,1899;312;312;0;0,0000;12,5409;12,6566;0,1157;False;314;0;40,7756;-73,9607;40,7716;-73,9635;40,7775;-73,9633;40,7737;-73,9661;0,9226;0,0020;-0,0031;2,0000
SUMO_carro_1000;HBEFA4/PC_petrol_Euro-6ab;3,1899;312;312;0;0,0000;12,5409;13,1351;0,5942;False;314;0;40,7756;-73,9607;40,7716;-73,9635;40,7687;-73,9700;40,7646;-73,9728;4,7379;-0,0069;-0,0094;2,0000
SUMO_carro_1000;HBEFA4/PC_petrol_Euro-6ab;3,1899;312;312;0;0,0000;12,5409;12,3553;-0,1856;False;314;0;40,7756;-73,9607;40,7716;-73,9635;40,7701;-73,9543;40,7659;-73,9575;-1,4800;-0,0054;0,0060;2,0000
SUMO_carro_1000;HBEFA4/PC_petrol_Euro-6ab;3,1899;312;312;0;0,0000;12,5409;19,8848;7,3440;False;314;0;40,7756;-73,9607;40,7716;-73,9635;40,7901;-73,9591;40,7833;-73,9639;58,5602;0,0126;0,0008;2,0000
SUMO_carro_1000;HBEFA4/PC_petrol_Euro-6ab;3,1899;312;312;0;0,0000;12,5409;13,2814;0,7405;False;314;0;40,7756;-73,9607;40,7716;-73,9635;40,7841;-73,9703;40,7801;-73,9713;5,9045;0,0080;-0,0083;2,0000
SUMO_carro_1000;HBEFA4/PC_petrol_Euro-6ab;3,1899;312;312;0;0,0000;12,5409;16,4049;3,8640;False;314;0;40,7756;-73,9607;40,7716;-73,9635;40,7694;-73,9738;40,7639;-73,9783;30,8112;-0,0076;-0,0144;2,0000
SUMO_carro_1000;HBEFA4/PC_petrol_Euro-6ab;3,1899;312;312;0;0,0000;12,5409;13,4252;0,8843;False;314;0;40,7756;-73,9607;40,7716;-73,9635;40,7820;-73,9538;40,7781;-73,9566;7,0513;0,0064;0,0068;2,0000
SUMO_carro_1000;HBEFA4/PC_petrol_Euro-6ab;3,1899;312;312;0;0,0000;12,5409;8,8030;-3,7379;False;314;0;40,7756;-73,9607;40,7716;-73,9635;40,7727;-73,9449;40,7688;-73,9489;-29,8057;-0,0034;0,0163;2,0000
SUMO_carro_1000;HBEFA4/PC_petrol_Euro-6ab;3,1899;312;312;0;0,0000;12,5409;13,8421;1,3012;False;314;0;40,7756;-73,9607;40,7716;-73,9635;40,7724;-73,9526;40,7685;-73,9555;10,3755;-0,0030;0,0081;2,0000
SUMO_carro_1000;HBEFA4/PC_petrol_Euro-6ab;3,1899;312;312;0;0,0000;12,5409;12,6053;0,0644;False;314;0;40,7756;-73,9607;40,7716;-73,9635;40,7789;-73,9500;40,7750;-73,9529;0,5134;0,0031;0,0109;2,0000
SUMO_carro_1000;HBEFA4/PC_petrol_Euro-6ab;3,1899;312;312;0;0,0000;12,5409;11,6115;-0,9293;False;314;0;40,7756;-73,9607;40,7716;-73,9635;40,7612;-73,9505;40,7574;-73,9537;-7,4106;-0,0142;0,0097;2,0000
SUMO_carro_1000;HBEFA4/PC_petrol_Euro-6ab;3,1899;312;312;0;0,0000;12,5409;12,7139;0,1730;False;314;0;40,7756;-73,9607;40,7716;-73,9635;40,7679;-73,9683;40,7640;-73,9711;1,3795;-0,0077;-0,0076;2,0000
SUMO_carro_1000;HBEFA4/PC_petrol_Euro-6ab;3,1899;312;312;0;0,0000;12,5409;12,7003;0,1594;False;314;0;40,7756;-73,9607;40,7716;-73,9635;40,7698;-73,9689;40,7661;-73,9717;1,2713;-0,0056;-0,0087;2,0000
SUMO_carro_1000;HBEFA4/PC_petrol_Euro-6ab;3,1899;312;312;0;0,0000;12,5409;10,6363;-1,9046;False;314;0;40,7756;-73,9607;40,7716;-73,9635;40,7883;-73,9563;40,7835;-73,9590;-15,1869;0,0125;0,0029;2,0000
SUMO_carro_1000;HBEFA4/PC_petrol_Euro-6ab;3,1899;312;312;0;0,0000;12,5409;13,7146;1,1737;False;314;0;40,7756;-73,9607;40,7716;-73,9635;40,7659;-73,9575;40,7621;-73,9619;9,3593;-0,0094;0,0020;2,0000
SUMO_carro_1000;HBEFA4/PC_petrol_Euro-6ab;3,1899;312;312;0;0,0000;12,5409;11,2369;-1,3040;False;314;0;40,7756;-73,9607;40,7716;-73,9635;40,7733;-73,9489;40,7689;-73,9505;-10,3979;-0,0026;0,0127;2,0000
SUMO_carro_1000;HBEFA4/PC_petrol_Euro-6ab;3,1899;312;312;0;0,0000;12,5409;12,9601;0,4192;False;314;0;40,7756;-73,9607;40,7716;-73,9635;40,7768;-73,9631;40,7725;-73,9651;3,3427;0,0014;-0,0020;2,0000
SUMO_carro_1000;HBEFA4/PC_petrol_Euro-6ab;3,1899;312;312;0;0,0000;12,5409;13,4569;0,9160;False;314;0;40,7756;-73,9607;40,7716;-73,9635;40,7771;-73,9616;40,7731;-73,9644;7,3042;0,0016;-0,0005;2,0000
SUMO_carro_1000;HBEFA4/PC_petrol_Euro-6ab;3,1899;312;312;0;0,0000;12,5409;12,9527;0,4118;False;314;0;40,7756;-73,9607;40,7716;-73,9635;40,7787;-73,9680;40,7726;-73,9670;3,2835;0,0026;-0,0076;2,0000
SUMO_carro_1000;HBEFA4/PC_petrol_Euro-6ab;3,1899;312;312;0;0,0000;12,5409;13,0775;0,5366;False;314;0;40,7756;-73,9607;40,7716;-73,9635;40,7802;-73,9594;40,7764;-73,9622;4,2791;0,0047;0,0011;2,0000
SUMO_carro_1000;HBEFA4/PC_petrol_Euro-6ab;3,1899;312;312;0;0,0000;12,5409;13,6459;1,1050;False;314;0;40,7756;-73,9607;40,7716;-73,9635;40,7903;-73,9657;40,7866;-73,9684;8,8110;0,0147;-0,0050;2,0000
SUMO_carro_1000;HBEFA4/PC_petrol_Euro-6ab;3,1899;312;312;0;0,0000;12,5409;9,7271;-2,8138;False;314;0;40,7756;-73,9607;40,7716;-73,9635;40,7800;-73,9747;40,7766;-73,9768;-22,4371;0,0048;-0,0133;2,0000
SUMO_carro_1000;HBEFA4/PC_petrol_Euro-6ab;3,1899;312;312;0;0,0000;12,5409;11,7605;-0,7804;False;314;0;40,7756;-73,9607;40,7716;-73,9635;40,7666;-73,9571;40,7623;-73,9607;-6,2227;-0,0089;0,0026;2,0000
SUMO_carro_1000;HBEFA4/PC_petrol_Euro-6ab;3,1899;312;312;0;0,0000;12,5409;18,1057;5,5649;False;314;0;40,7756;-73,9607;40,7716;-73,9635;40,7816;-73,9714;40,7786;-73,9743;44,3738;0,0057;-0,0083;2,0000
SUMO_carro_1000;HBEFA4/PC_petrol_Euro-6ab;3,1899;312;312;0;0,0000;12,5409;12,7144;0,1735;False;314;0;40,7756;-73,9607;40,7716;-73,9635;40,7608;-73,9611;40,7567;-73,9641;1,3836;-0,0149;-0,0005;2,0000
SUMO_carro_1000;HBEFA4/PC_petrol_Euro-6ab;3,1899;312;312;0;0,0000;12,5409;13,0440;0,5031;False;314;0;40,7756;-73,9607;40,7716;-73,9635;40,7656;-73,9761;40,7628;-73,9776;4,0117;-0,0087;-0,0136;2,0000
SUMO_carro_1000;HBEFA4/PC_petrol_Euro-6ab;3,1899;312;312;0;0,0000;12,5409;12,5917;0,0508;False;314;0;40,7756;-73,9607;40,7716;-73,9635;40,7896;-73,9576;40,7847;-73,9581;0,4052;0,0138;0,0030;2,0000
SUMO_carro_1000;HBEFA4/PC_petrol_Euro-6ab;3,1899;312;312;0;0,0000;12,5409;12,1904;-0,3505;False;314;0;40,7756;-73,9607;40,7716;-73,9635;40,7698;-73,9480;40,7641;-73,9478;-2,7948;-0,0074;0,0154;2,0000
SUMO_carro_1000;HBEFA4/PC_petrol_Euro-6ab;3,1899;312;312;0;0,0000;12,5409;16,6045;4,0636;False;314;0;40,7756;-73,9607;40,7716;-73,9635;40,7842;-73,9666;40,7795;-73,9702;32,4032;0,0068;-0,0071;2,0000
SUMO_carro_1000;HBEFA4/PC_petrol_Euro-6ab;3,1899;312;312;0;0,0000;12,5409;12,9008;0,3599;False;314;0;40,7756;-73,9607;40,7716;-73,9635;40,7690;-73,9612;40,7647;-73,9643;2,8696;-0,0067;-0,0006;2,0000
SUMO_carro_1000;HBEFA4/PC_petrol_Euro-6ab;3,1899;312;312;0;0,0000;12,5409;15,3261;2,7852;False;314;0;40,7756;-73,9607;40,7716;-73,9635;40,7708;-73,9761;40,7705;-73,9756;22,2089;-0,0028;-0,0137;2,0000
SUMO_carro_1000;HBEFA4/PC_petrol_Euro-6ab;3,1899;312;312;0;0,0000;12,5409;13,1192;0,5783;False;314;0;40,7756;-73,9607;40,7716;-73,9635;40,7833;-73,9527;40,7794;-73,9553;4,6115;0,0075;0,0081;2,0000
SUMO_carro_1000;HBEFA4/PC_petrol_Euro-6ab;3,1899;312;312;0;0,0000;12,5409;11,3121;-1,2288;False;314;0;40,7756;-73,9607;40,7716;-73,9635;40,7628;-73,9493;40,7590;-73,9537;-9,7983;-0,0123;0,0095;2,0000
SUMO_carro_1000;HBEFA4/PC_petrol_Euro-6ab;3,1899;312;312;0;0,0000;12,5409;15,0254;2,4845;False;314;0;40,7756;-73,9607;40,7716;-73,9635;40,7909;-73,9688;40,7871;-73,9716;19,8110;0,0154;-0,0078;2,0000
SUMO_carro_1000;HBEFA4/PC_petrol_Euro-6ab;3,1899;312;312;0;0,0000;12,5409;17,8726;5,3317;False;314;0;40,7756;-73,9607;40,7716;-73,9635;40,7639;-73,9532;40,7605;-73,9567;42,5148;-0,0117;0,0073;2,0000
SUMO_carro_1000;HBEFA4/PC_petrol_Euro-6ab;3,1899;312;312;0;0,0000;12,5409;14,0800;1,5391;False;314;0;40,7756;-73,9607;40,7716;-73,9635;40,7760;-73,9473;40,7721;-73,9501;12,2726;0,0006;0,0134;2,0000
SUMO_carro_1000;HBEFA4/PC_petrol_Euro-6ab;3,1899;312;312;0;0,0000;12,5409;11,1398;-1,4011;False;314;0;40,7756;-73,9607;40,7716;-73,9635;40,7595;-73,9597;40,7559;-73,9632;-11,1719;-0,0159;0,0007;2,0000
SUMO_carro_1000;HBEFA4/PC_petrol_Euro-6ab;3,1899;312;312;0;0,0000;12,5409;19,4983;6,9574;False;314;0;40,7756;-73,9607;40,7716;-73,9635;40,7787;-73,9680;40,7717;-73,9676;55,4778;0,0017;-0,0082;2,0000
SUMO_carro_1000;HBEFA4/PC_petrol_Euro-6ab;3,1899;312;312;0;0,0000;12,5409;11,4294;-1,1115;False;314;0;40,7756;-73,9607;40,7716;-73,9635;40,7625;-73,9544;40,7571;-73,9554;-8,8631;-0,0139;0,0074;2,0000
SUMO_carro_1000;HBEFA4/PC_petrol_Euro-6ab;2,9256;323;323;0;0,0000;11,3307;9,5845;-1,7462;False;325;0;40,7756;-73,9607;40,7740;-73,9616;40,7810;-73,9725;40,7800;-73,9747;-15,4111;0,0059;-0,0129;2,0000
SUMO_carro_1000;HBEFA4/PC_petrol_Euro-6ab;2,9256;323;323;0;0,0000;11,3307;15,6506;4,3199;False;325;0;40,7756;-73,9607;40,7740;-73,9616;40,7846;-73,9673;40,7828;-73,9712;38,1256;0,0080;-0,0077;2,0000
SUMO_carro_1000;HBEFA4/PC_petrol_Euro-6ab;2,9256;323;323;0;0,0000;11,3307;13,7667;2,4359;False;325;0;40,7756;-73,9607;40,7740;-73,9616;40,7899;-73,9584;40,7860;-73,9572;21,4983;0,0131;0,0016;2,0000
SUMO_carro_1000;HBEFA4/PC_petrol_Euro-6ab;2,9256;323;323;0;0,0000;11,3307;11,1087;-0,2220;False;325;0;40,7756;-73,9607;40,7740;-73,9616;40,7885;-73,9709;40,7865;-73,9723;-1,9592;0,0132;-0,0114;2,0000
SUMO_carro_1000;HBEFA4/PC_petrol_Euro-6ab;2,9256;323;323;0;0,0000;11,3307;14,2364;2,9057;False;325;0;40,7756;-73,9607;40,7740;-73,9616;40,7712;-73,9499;40,7699;-73,9509;25,6442;-0,0042;0,0110;2,0000
SUMO_carro_1000;HBEFA4/PC_petrol_Euro-6ab;2,9256;323;323;0;0,0000;11,3307;11,7674;0,4367;False;325;0;40,7756;-73,9607;40,7740;-73,9616;40,7703;-73,9643;40,7691;-73,9652;3,8538;-0,0053;-0,0036;2,0000
SUMO_carro_1000;HBEFA4/PC_petrol_Euro-6ab;2,9256;323;323;0;0,0000;11,3307;10,0663;-1,2644;False;325;0;40,7756;-73,9607;40,7740;-73,9616;40,7580;-73,9602;40,7561;-73,9616;-11,1594;-0,0178;0,0001;2,0000
SUMO_carro_1000;HBEFA4/PC_petrol_Euro-6ab;2,9256;323;323;0;0,0000;11,3307;12,2340;0,9032;False;325;0;40,7756;-73,9607;40,7740;-73,9616;40,7831;-73,9638;40,7821;-73,9634;7,9716;0,0081;-0,0014;2,0000
SUMO_carro_1000;HBEFA4/PC_petrol_Euro-6ab;2,9256;323;323;0;0,0000;11,3307;8,6377;-2,6930;False;325;0;40,7756;-73,9607;40,7740;-73,9616;40,7699;-73,9747;40,7663;-73,9776;-23,7674;-0,0066;-0,0150;2,0000
SUMO_carro_1000;HBEFA4/PC_petrol_Euro-6ab;2,9256;323;323;0;0,0000;11,3307;17,1176;5,7869;False;325;0;40,7756;-73,9607;40,7740;-73,9616;40,7604;-73,9570;40,7590;-73,9584;51,0726;-0,0157;0,0042;2,0000
SUMO_carro_1000;HBEFA4/PC_petrol_Euro-6ab;2,9256;323;323;0;0,0000;11,3307;11,5611;0,2304;False;325;0;40,7756;-73,9607;40,7740;-73,9616;40,7742;-73,9593;40,7723;-73,9607;2,0332;-0,0018;0,0014;2,0000
SUMO_carro_1000;HBEFA4/PC_petrol_Euro-6ab;2,9256;323;323;0;0,0000;11,3307;11,2396;-0,0911;False;325;0;40,7756;-73,9607;40,7740;-73,9616;40,7701;-73,9477;40,7687;-73,9489;-0,8040;-0,0062;0,0144;2,0000
SUMO_carro_1000;HBEFA4/PC_petrol_Euro-6ab;2,9256;323;323;0;0,0000;11,3307;11,1787;-0,1520;False;325;0;40,7756;-73,9607;40,7740;-73,9616;40,7711;-73,9680;40,7688;-73,9708;-1,3418;-0,0038;-0,0094;2,0000
SUMO_carro_1000;HBEFA4/PC_petrol_Euro-6ab;2,9256;323;323;0;0,0000;11,3307;11,6700;0,3392;False;325;0;40,7756;-73,9607;40,7740;-73,9616;40,7815;-73,9584;40,7795;-73,9597;2,9939;0,0056;0,0024;2,0000
SUMO_carro_1000;HBEFA4/PC_petrol_Euro-6ab;2,9256;323;323;0;0,0000;11,3307;12,3637;1,0330;False;325;0;40,7756;-73,9607;40,7740;-73,9616;40,7859;-73,9550;40,7835;-73,9551;9,1164;0,0097;0,0061;2,0000
SUMO_carro_1000;HBEFA4/PC_petrol_Euro-6ab;2,9256;323;323;0;0,0000;11,3307;9,9272;-1,4035;False;325;0;40,7756;-73,9607;40,7740;-73,9616;40,7860;-73,9571;40,7847;-73,9581;-12,3869;0,0111;0,0020;2,0000
SUMO_carro_1000;HBEFA4/PC_petrol_Euro-6ab;2,9256;323;323;0;0,0000;11,3307;13,0298;1,6991;False;325;0;40,7756;-73,9607;40,7740;-73,9616;40,7636;-73,9734;40,7624;-73,9744;14,9956;-0,0119;-0,0122;2,0000
SUMO_carro_1000;HBEFA4/PC_petrol_Euro-6ab;2,9256;323;323;0;0,0000;11,3307;11,6986;0,3679;False;325;0;40,7756;-73,9607;40,7740;-73,9616;40,7866;-73,9548;40,7853;-73,9557;3,2466;0,0113;0,0058;2,0000
SUMO_carro_1000;HBEFA4/PC_petrol_Euro-6ab;2,9256;323;323;0;0,0000;11,3307;11,1694;-0,1613;False;325;0;40,7756;-73,9607;40,7740;-73,9616;40,7806;-73,9618;40,7789;-73,9623;-1,4238;0,0049;-0,0007;2,0000
SUMO_carro_1000;HBEFA4/PC_petrol_Euro-6ab;2,9256;323;323;0;0,0000;11,3307;12,2507;0,9200;False;325;0;40,7756;-73,9607;40,7740;-73,9616;40,7584;-73,9631;40,7565;-73,9645;8,1192;-0,0174;-0,0029;2,0000
SUMO_carro_1000;HBEFA4/PC_petrol_Euro-6ab;2,9256;323;323;0;0,0000;11,3307;11,2610;-0,0698;False;325;0;40,7756;-73,9607;40,7740;-73,9616;40,7726;-73,9533;40,7704;-73,9542;-0,6157;-0,0034;0,0072;2,0000
SUMO_carro_1000;HBEFA4/PC_petrol_Euro-6ab;2,9256;323;323;0;0,0000;11,3307;13,9151;2,5843;False;325;0;40,7756;-73,9607;40,7740;-73,9616;40,7688;-73,9714;40,7689;-73,9724;22,8082;-0,0050;-0,0107;2,0000
SUMO_carro_1000;HBEFA4/PC_petrol_Euro-6ab;2,9256;323;323;0;0,0000;11,3307;9,4261;-1,9046;False;325;0;40,7756;-73,9607;40,7740;-73,9616;40,7738;-73,9660;40,7724;-73,9671;-16,8092;-0,0011;-0,0068;2,0000
SUMO_carro_1000;HBEFA4/PC_petrol_Euro-6ab;2,9256;323;323;0;0,0000;11,3307;13,0190;1,6883;False;325;0;40,7756;-73,9607;40,7740;-73,9616;40,7744;-73,9572;40,7729;-73,9583;14,8999;-0,0011;0,0033;2,0000
SUMO_carro_1000;HBEFA4/PC_petrol_Euro-6ab;2,9256;323;323;0;0,0000;11,3307;12,1797;0,8490;False;325;0;40,7756;-73,9607;40,7740;-73,9616;40,7833;-73,9547;40,7820;-73,9556;7,4928;0,0077;0,0061;2,0000
SUMO_carro_1000;HBEFA4/PC_petrol_Euro-6ab;2,9256;323;323;0;0,0000;11,3307;13,0885;1,7578;False;325;0;40,7756;-73,9607;40,7740;-73,9616;40,7891;-73,9666;40,7838;-73,9655;15,5136;0,0122;-0,0028;2,0000
SUMO_carro_1000;HBEFA4/PC_petrol_Euro-6ab;2,9256;323;323;0;0,0000;11,3307;13,1615;1,8307;False;325;0;40,7756;-73,9607;40,7740;-73,9616;40,7633;-73,9571;40,7612;-73,9580;16,1571;-0,0123;0,0027;2,0000
SUMO_carro_1000;HBEFA4/PC_petrol_Euro-6ab;2,9256;323;323;0;0,0000;11,3307;12,2955;0,9648;False;325;0;40,7756;-73,9607;40,7740;-73,9616;40,7727;-73,9493;40,7712;-73,9499;8,5148;-0,0030;0,0115;2,0000
SUMO_carro_1000;HBEFA4/PC_petrol_Euro-6ab;2,9256;323;323;0;0,0000;11,3307;12,3062;0,9754;False;325;0;40,7756;-73,9607;40,7740;-73,9616;40,7644;-73,9730;40,7629;-73,9738;8,6086;-0,0113;-0,0122;2,0000
SUMO_carro_1000;HBEFA4/PC_petrol_Euro-6ab;2,9256;323;323;0;0,0000;11,3307;11,1697;-0,1611;False;325;0;40,7756;-73,9607;40,7740;-73,9616;40,7775;-73,9590;40,7757;-73,9604;-1,4215;0,0017;0,0014;2,0000
SUMO_carro_1000;HBEFA4/PC_petrol_Euro-6ab;2,9256;323;323;0;0,0000;11,3307;16,6910;5,3603;False;325;0;40,7756;-73,9607;40,7740;-73,9616;40,7692;-73,9734;40,7692;-73,9734;47,3076;-0,0051;-0,0119;2,0000
SUMO_carro_1000;HBEFA4/PC_petrol_Euro-6ab;2,9256;323;323;0;0,0000;11,3307;11,9914;0,6607;False;325;0;40,7756;-73,9607;40,7740;-73,9616;40,7771;-73,9499;40,7756;-73,9505;5,8309;0,0014;0,0107;2,0000
SUMO_carro_1000;HBEFA4/PC_petrol_Euro-6ab;2,9256;323;323;0;0,0000;11,3307;10,4470;-0,8837;False;325;0;40,7756;-73,9607;40,7740;-73,9616;40,7810;-73,9725;40,7800;-73,9747;-7,7993;0,0058;-0,0131;2,0000
SUMO_carro_1000;HBEFA4/PC_petrol_Euro-6ab;2,9256;323;323;0;0,0000;11,3307;12,1770;0,8462;False;325;0;40,7756;-73,9607;40,7740;-73,9616;40,7674;-73,9666;40,7662;-73,9678;7,4686;-0,0079;-0,0062;2,0000
SUMO_carro_1000;HBEFA4/PC_petrol_Euro-6ab;2,9256;323;323;0;0,0000;11,3307;11,4806;0,1498;False;325;0;40,7756;-73,9607;40,7740;-73,9616;40,7601;-73,9573;40,7569;-73,9556;1,3225;-0,0165;0,0047;2,0000
SUMO_carro_1000;HBEFA4/PC_petrol_Euro-6ab;2,9256;323;323;0;0,0000;11,3307;12,2175;0,8867;False;325;0;40,7756;-73,9607;40,7740;-73,9616;40,7637;-73,9697;40,7625;-73,9708;7,8260;-0,0119;-0,0093;2,0000
SUMO_carro_1000;HBEFA4/PC_petrol_Euro-6ab;2,9256;323;323;0;0,0000;11,3307;17,3021;5,9714;False;325;0;40,7756;-73,9607;40,7740;-73,9616;40,7692;-73,9734;40,7692;-73,9734;52,7007;-0,0066;-0,0127;2,0000
SUMO_carro_1000;HBEFA4/PC_petrol_Euro-6ab;2,9256;323;323;0;0,0000;11,3307;10,6946;-0,6362;False;325;0;40,7756;-73,9607;40,7740;-73,9616;40,7596;-73,9531;40,7585;-73,9544;-5,6146;-0,0152;0,0064;2,0000
SUMO_carro_1000;HBEFA4/PC_petrol_Euro-6ab;2,9256;323;323;0;0,0000;11,3307;14,1840;2,8533;False;325;0;40,7756;-73,9607;40,7740;-73,9616;40,7850;-73,9684;40,7846;-73,9699;25,1820;0,0099;-0,0072;2,0000
SUMO_carro_1000;HBEFA4/PC_petrol_Euro-6ab;2,9256;323;323;0;0,0000;11,3307;12,0593;0,7286;False;325;0;40,7756;-73,9607;40,7740;-73,9616;40,7672;-73,9644;40,7659;-73,9654;6,4302;-0,0084;-0,0037;2,0000
SUMO_carro_1000;HBEFA4/PC_petrol_Euro-6ab;2,9256;323;323;0;0,0000;11,3307;11,7545;0,4238;False;325;0;40,7756;-73,9607;40,7740;-73,9616;40,7651;-73,9556;40,7631;-73,9567;3,7399;-0,0109;0,0049;2,0000
SUMO_carro_1000;HBEFA4/PC_petrol_Euro-6ab;2,9256;323;323;0;0,0000;11,3307;11,6885;0,3577;False;325;0;40,7756;-73,9607;40,7740;-73,9616;40,7703;-73,9475;40,7695;-73,9482;3,1571;-0,0062;0,0158;2,0000
SUMO_carro_1000;HBEFA4/PC_petrol_Euro-6ab;2,9256;323;323;0;0,0000;11,3307;13,7778;2,4471;False;325;0;40,7756;-73,9607;40,7740;-73,9616;40,7843;-73,9701;40,7828;-73,9712;21,5969;0,0083;-0,0083;2,0000
SUMO_carro_1000;HBEFA4/PC_petrol_Euro-6ab;2,9256;323;323;0;0,0000;11,3307;12,9858;1,6551;False;325;0;40,7756;-73,9607;40,7740;-73,9616;40,7784;-73,9451;40,7758;-73,9448;14,6069;0,0022;0,0161;2,0000
SUMO_carro_1000;HBEFA4/PC_petrol_Euro-6ab;2,9256;323;323;0;0,0000;11,3307;11,2979;-0,0328;False;325;0;40,7756;-73,9607;40,7740;-73,9616;40,7640;-73,9549;40,7614;-73,9557;-0,2897;-0,0122;0,0055;2,0000
SUMO_carro_1000;HBEFA4/PC_petrol_Euro-6ab;2,9256;323;323;0;0,0000;11,3307;10,1201;-1,2107;False;325;0;40,7756;-73,9607;40,7740;-73,9616;40,7663;-73,9509;40,7630;-73,9490;-10,6847;-0,0103;0,0120;2,0000
SUMO_carro_1000;HBEFA4/PC_petrol_Euro-6ab;2,9256;323;323;0;0,0000;11,3307;11,2314;-0,0994;False;325;0;40,7756;-73,9607;40,7740;-73,9616;40,7906;-73,9502;40,7889;-73,9520;-0,8770;0,0149;0,0100;2,0000
SUMO_carro_1000;HBEFA4/PC_petrol_Euro-6ab;2,9256;323;323;0;0,0000;11,3307;13,8331;2,5023;False;325;0;40,7756;-73,9607;40,7740;-73,9616;40,7759;-73,9470;40,7746;-73,9480;22,0846;0,0002;0,0143;2,0000
SUMO_carro_1000;HBEFA4/PC_petrol_Euro-6ab;2,9256;323;323;0;0,0000;11,3307;12,8828;1,5521;False;325;0;40,7756;-73,9607;40,7740;-73,9616;40,7598;-73,9529;40,7588;-73,9541;13,6980;-0,0157;0,0078;2,0000
SUMO_carro_1000;HBEFA4/PC_petrol_Euro-6ab;2,9256;323;323;0;0,0000;11,3307;15,7542;4,4234;False;325;0;40,7756;-73,9607;40,7740;-73,9616;40,7787;-73,9680;40,7787;-73,9680;39,0394;0,0033;-0,0073;2,0000
SUMO_carro_1000;HBEFA4/PC_petrol_Euro-6ab;2,9256;323;323;0;0,0000;11,3307;13,3944;2,0637;False;325;0;40,7756;-73,9607;40,7740;-73,9616;40,7759;-73,9470;40,7746;-73,9480;18,2133;0,0001;0,0140;2,0000
SUMO_carro_1000;HBEFA4/PC_petrol_Euro-6ab;2,9256;323;323;0;0,0000;11,3307;11,5348;0,2040;False;325;0;40,7756;-73,9607;40,7740;-73,9616;40,7846;-73,9538;40,7833;-73,9548;1,8006;0,0091;0,0068;2,0000
SUMO_carro_1000;HBEFA4/PC_petrol_Euro-6ab;2,9256;323;323;0;0,0000;11,3307;11,8302;0,4995;False;325;0;40,7756;-73,9607;40,7740;-73,9616;40,7762;-73,9580;40,7746;-73,9592;4,4083;0,0004;0,0026;2,0000
SUMO_carro_1000;HBEFA4/PC_petrol_Euro-6ab;2,9256;323;323;0;0,0000;11,3307;12,3692;1,0385;False;325;0;40,7756;-73,9607;40,7740;-73,9616;40,7661;-73,9697;40,7651;-73,9712;9,1652;-0,0090;-0,0094;2,0000
SUMO_carro_1000;HBEFA4/PC_petrol_Euro-6ab;2,9256;323;323;0;0,0000;11,3307;5,0340;-6,2968;False;325;0;40,7756;-73,9607;40,7740;-73,9616;40,7837;-73,9649;40,7837;-73,9649;-55,5724;0,0105;-0,0031;2,0000
SUMO_carro_1000;HBEFA4/PC_petrol_Euro-6ab;2,9256;323;323;0;0,0000;11,3307;13,0045;1,6738;False;325;0;40,7756;-73,9607;40,7740;-73,9616;40,7800;-73,9469;40,7781;-73,9483;14,7721;0,0040;0,0143;2,0000
SUMO_carro_1000;HBEFA4/PC_petrol_Euro-6ab;2,9256;323;323;0;0,0000;11,3307;11,7413;0,4106;False;325;0;40,7756;-73,9607;40,7740;-73,9616;40,7755;-73,9765;40,7737;-73,9778;3,6237;-0,0001;-0,0159;2,0000
SUMO_carro_1000;HBEFA4/PC_petrol_Euro-6ab;2,9256;323;323;0;0,0000;11,3307;14,3455;3,0147;False;325;0;40,7756;-73,9607;40,7740;-73,9616;40,7909;-73,9688;40,7890;-73,9702;26,6066;0,0147;-0,0074;2,0000
SUMO_carro_1000;HBEFA4/PC_petrol_Euro-6ab;2,9256;323;323;0;0,0000;11,3307;12,5134;1,1827;False;325;0;40,7756;-73,9607;40,7740;-73,9616;40,7662;-73,9544;40,7649;-73,9552;10,4376;-0,0093;0,0060;2,0000
SUMO_carro_1000;HBEFA4/PC_petrol_Euro-6ab;2,9256;323;323;0;0,0000;11,3307;12,9032;1,5724;False;325;0;40,7756;-73,9607;40,7740;-73,9616;40,7760;-73,9470;40,7746;-73,9480;13,8775;0,0006;0,0140;2,0000
SUMO_carro_1000;HBEFA4/PC_petrol_Euro-6ab;2,9256;323;323;0;0,0000;11,3307;11,5028;0,1721;False;325;0;40,7756;-73,9607;40,7740;-73,9616;40,7852;-73,9515;40,7834;-73,9529;1,5188;0,0097;0,0084;2,0000
SUMO_carro_1000;HBEFA4/PC_petrol_Euro-6ab;2,9256;323;323;0;0,0000;11,3307;10,2120;-1,1187;False;325;0;40,7756;-73,9607;40,7740;-73,9616;40,7826;-73,9570;40,7803;-73,9574;-9,8732;0,0066;0,0038;2,0000
SUMO_carro_1000;HBEFA4/PC_petrol_Euro-6ab;2,9256;323;323;0;0,0000;11,3307;14,7196;3,3889;False;325;0;40,7756;-73,9607;40,7740;-73,9616;40,7845;-73,9735;40,7830;-73,9740;29,9086;0,0088;-0,0124;2,0000
SUMO_carro_1000;HBEFA4/PC_petrol_Euro-6ab;2,9256;323;323;0;0,0000;11,3307;11,5789;0,2482;False;325;0;40,7756;-73,9607;40,7740;-73,9616;40,7795;-73,9557;40,7776;-73,9571;2,1904;0,0039;0,0044;2,0000
SUMO_carro_1000;HBEFA4/PC_petrol_Euro-6ab;2,9256;323;323;0;0,0000;11,3307;13,7706;2,4399;False;325;0;40,7756;-73,9607;40,7740;-73,9616;40,7899;-73,9584;40,7859;-73,9572;21,5332;0,0128;0,0016;2,0000
SUMO_carro_1000;HBEFA4/PC_petrol_Euro-6ab;2,9256;323;323;0;0,0000;11,3307;12,0499;0,7192;False;325;0;40,7756;-73,9607;40,7740;-73,9616;40,7775;-73,9569;40,7762;-73,9580;6,3474;0,0018;0,0037;2,0000
SUMO_carro_1000;HBEFA4/PC_petrol_Euro-6ab;2,9256;323;323;0;0,0000;11,3307;9,3556;-1,9751;False;325;0;40,7756;-73,9607;40,7740;-73,9616;40,7824;-73,9727;40,7810;-73,9725;-17,4316;0,0073;-0,0119;2,0000
SUMO_carro_1000;HBEFA4/PC_petrol_Euro-6ab;2,9256;323;323;0;0,0000;11,3307;11,8482;0,5174;False;325;0;40,7756;-73,9607;40,7740;-73,9616;40,7718;-73,9656;40,7699;-73,9668;4,5667;-0,0040;-0,0053;2,0000
SUMO_carro_1000;HBEFA4/PC_petrol_Euro-6ab;2,9256;323;323;0;0,0000;11,3307;8,6914;-2,6394;False;325;0;40,7756;-73,9607;40,7740;-73,9616;40,7675;-73,9501;40,7662;-73,9513;-23,2940;-0,0080;0,0102;2,0000
SUMO_carro_1000;HBEFA4/PC_petrol_Euro-6ab;2,9256;323;323;0;0,0000;11,3307;12,5260;1,1953;False;325;0;40,7756;-73,9607;40,7740;-73,9616;40,7801;-73,9570;40,7788;-73,9580;10,5488;0,0043;0,0041;2,0000
SUMO_carro_1000;HBEFA4/PC_petrol_Euro-6ab;2,9256;323;323;0;0,0000;11,3307;11,9696;0,6388;False;325;0;40,7756;-73,9607;40,7740;-73,9616;40,7801;-73,9592;40,7783;-73,9588;5,6380;0,0044;0,0021;2,0000
SUMO_carro_1000;HBEFA4/PC_petrol_Euro-6ab;2,9256;323;323;0;0,0000;11,3307;9,8562;-1,4745;False;325;0;40,7756;-73,9607;40,7740;-73,9616;40,7826;-73,9570;40,7809;-73,9569;-13,0135;0,0068;0,0040;2,0000
SUMO_carro_1000;HBEFA4/PC_petrol_Euro-6ab;2,9256;323;323;0;0,0000;11,3307;12,6898;1,3591;False;325;0;40,7756;-73,9607;40,7740;-73,9616;40,7747;-73,9482;40,7733;-73,9490;11,9945;-0,0009;0,0122;2,0000
SUMO_carro_1000;HBEFA4/PC_petrol_Euro-6ab;2,9256;323;323;0;0,0000;11,3307;10,7044;-0,6263;False;325;0;40,7756;-73,9607;40,7740;-73,9616;40,7835;-73,9493;40,7821;-73,9498;-5,5279;0,0080;0,0117;2,0000
SUMO_carro_1000;HBEFA4/PC_petrol_Euro-6ab;2,9256;323;323;0;0,0000;11,3307;10,8984;-0,4323;False;325;0;40,7756;-73,9607;40,7740;-73,9616;40,7834;-73,9709;40,7822;-73,9721;-3,8153;0,0079;-0,0106;2,0000
SUMO_carro_1000;HBEFA4/PC_petrol_Euro-6ab;2,9256;323;323;0;0,0000;11,3307;11,6524;0,3217;False;325;0;40,7756;-73,9607;40,7740;-73,9616;40,7692;-73,9734;40,7656;-73,9761;2,8391;-0,0078;-0,0136;2,0000
SUMO_carro_1000;HBEFA4/PC_petrol_Euro-6ab;2,9256;323;323;0;0,0000;11,3307;10,3269;-1,0039;False;325;0;40,7756;-73,9607;40,7740;-73,9616;40,7625;-73,9708;40,7611;-73,9717;-8,8596;-0,0129;-0,0102;2,0000
SUMO_carro_1000;HBEFA4/PC_petrol_Euro-6ab;2,9256;323;323;0;0,0000;11,3307;11,3899;0,0591;False;325;0;40,7756;-73,9607;40,7740;-73,9616;40,7809;-73,9716;40,7798;-73,9734;0,5218;0,0052;-0,0108;2,0000
SUMO_carro_1000;HBEFA4/PC_petrol_Euro-6ab;2,9256;323;323;0;0,0000;11,3307;9,5544;-1,7764;False;325;0;40,7756;-73,9607;40,7740;-73,9616;40,7724;-73,9466;40,7710;-73,9476;-15,6774;-0,0032;0,0140;2,0000
SUMO_carro_1000;HBEFA4/PC_petrol_Euro-6ab;2,9256;323;323;0;0,0000;11,3307;12,3093;0,9785;False;325;0;40,7756;-73,9607;40,7740;-73,9616;40,7689;-73,9585;40,7673;-73,9595;8,6362;-0,0067;0,0019;2,0000
SUMO_carro_1000;HBEFA4/PC_petrol_Euro-6ab;2,9256;323;323;0;0,0000;11,3307;9,5313;-1,7994;False;325;0;40,7756;-73,9607;40,7740;-73,9616;40,7802;-73,9532;40,7791;-73,9545;-15,8810;0,0048;0,0070;2,0000
SUMO_carro_1000;HBEFA4/PC_petrol_Euro-6ab;2,9256;323;323;0;0,0000;11,3307;11,7228;0,3921;False;325;0;40,7756;-73,9607;40,7740;-73,9616;40,7642;-73,9708;40,7629;-73,9718;3,4604;-0,0116;-0,0099;2,0000
SUMO_carro_1000;HBEFA4/PC_petrol_Euro-6ab;2,9256;323;323;0;0,0000;11,3307;10,2006;-1,1302;False;325;0;40,7756;-73,9607;40,7740;-73,9616;40,7738;-73,9660;40,7725;-73,9670;-9,9743;-0,0009;-0,0072;2,0000
SUMO_carro_1000;HBEFA4/PC_petrol_Euro-6ab;2,9256;323;323;0;0,0000;11,3307;11,2846;-0,0461;False;325;0;40,7756;-73,9607;40,7740;-73,9616;40,7860;-73,9512;40,7846;-73,9520;-0,4072;0,0106;0,0092;2,0000
SUMO_carro_1000;HBEFA4/PC_petrol_Euro-6ab;2,9256;323;323;0;0,0000;11,3307;15,5046;4,1739;False;325;0;40,7756;-73,9607;40,7740;-73,9616;40,7626;-73,9544;40,7613;-73,9557;36,8370;-0,0128;0,0060;2,0000
SUMO_carro_1000;HBEFA4/PC_petrol_Euro-6ab;2,9256;323;323;0;0,0000;11,3307;15,2957;3,9650;False;325;0;40,7756;-73,9607;40,7740;-73,9616;40,7818;-73,9631;40,7810;-73,9622;34,9931;0,0061;-0,0026;2,0000
SUMO_carro_1000;HBEFA4/PC_petrol_Euro-6ab;2,9256;323;323;0;0,0000;11,3307;11,4961;0,1654;False;325;0;40,7756;-73,9607;40,7740;-73,9616;40,7673;-73,9687;40,7655;-73,9700;1,4596;-0,0085;-0,0084;2,0000
SUMO_carro_1000;HBEFA4/PC_petrol_Euro-6ab;2,9256;323;323;0;0,0000;11,3307;11,6803;0,3496;False;325;0;40,7756;-73,9607;40,7740;-73,9616;40,7847;-73,9700;40,7828;-73,9714;3,0853;0,0092;-0,0101;2,0000
SUMO_carro_1000;HBEFA4/PC_petrol_Euro-6ab;2,9256;323;323;0;0,0000;11,3307;12,4611;1,1303;False;325;0;40,7756;-73,9607;40,7740;-73,9616;40,7588;-73,9626;40,7570;-73,9637;9,9759;-0,0170;-0,0018;2,0000
SUMO_carro_1000;HBEFA4/PC_petrol_Euro-6ab;2,9256;323;323;0;0,0000;11,3307;12,4428;1,1120;False;325;0;40,7756;-73,9607;40,7740;-73,9616;40,7761;-73,9497;40,7736;-73,9497;9,8144;-0,0000;0,0117;2,0000
SUMO_carro_1000;HBEFA4/PC_petrol_Euro-6ab;2,9256;323;323;0;0,0000;11,3307;10,3454;-0,9854;False;325;0;40,7756;-73,9607;40,7740;-73,9616;40,7887;-73,9669;40,7872;-73,9680;-8,6965;0,0124;-0,0045;2,0000
SUMO_carro_1000;HBEFA4/PC_petrol_Euro-6ab;2,9256;323;323;0;0,0000;11,3307;10,8033;-0,5274;False;325;0;40,7756;-73,9607;40,7740;-73,9616;40,7736;-73,9497;40,7717;-73,9511;-4,6547;-0,0025;0,0105;2,0000
SUMO_carro_1000;HBEFA4/PC_petrol_Euro-6ab;2,9256;323;323;0;0,0000;11,3307;11,3136;-0,0171;False;325;0;40,7756;-73,9607;40,7740;-73,9616;40,7872;-73,9718;40,7859;-73,9748;-0,1510;0,0118;-0,0123;2,0000
SUMO_carro_1000;HBEFA4/PC_petrol_Euro-6ab;2,9256;323;323;0;0,0000;11,3307;14,4560;3,1253;False;325;0;40,7756;-73,9607;40,7740;-73,9616;40,7756;-73,9764;40,7705;-73,9756;27,5822;-0,0016;-0,0114;2,0000
SUMO_carro_1000;HBEFA4/PC_petrol_Euro-6ab;2,9256;323;323;0;0,0000;11,3307;9,7384;-1,5923;False;325;0;40,7756;-73,9607;40,7740;-73,9616;40,7618;-73,9653;40,7598;-73,9664;-14,0528;-0,0142;-0,0047;2,0000
SUMO_carro_1000;HBEFA4/PC_petrol_Euro-6ab;2,9256;323;323;0;0,0000;11,3307;10,3581;-0,9727;False;325;0;40,7756;-73,9607;40,7740;-73,9616;40,7708;-73,9761;40,7669;-73,9791;-8,5843;-0,0061;-0,0166;2,0000
SUMO_carro_1000;HBEFA4/PC_petrol_Euro-6ab;2,9256;323;323;0;0,0000;11,3307;13,7177;2,3870;False;325;0;40,7756;-73,9607;40,7740;-73,9616;40,7909;-73,9688;40,7892;-73,9702;21,0663;0,0151;-0,0081;2,0000
SUMO_carro_1000;HBEFA4/PC_petrol_Euro-6ab;2,9256;323;323;0;0,0000;11,3307;7,2748;-4,0559;False;325;0;40,7756;-73,9607;40,7740;-73,9616;40,7879;-73,9675;40,7838;-73,9655;-35,7958;0,0109;-0,0035;2,0000
SUMO_carro_1000;HBEFA4/PC_petrol_Euro-6ab;2,9256;323;323;0;0,0000;11,3307;13,4289;2,0981;False;325;0;40,7756;-73,9607;40,7740;-73,9616;40,7825;-73,9635;40,7817;-73,9631;18,5170;0,0069;-0,0026;2,0000
SUMO_carro_1000;HBEFA4/PC_petrol_Euro-6ab;2,9256;323;323;0;0,0000;11,3307;10,7849;-0,5459;False;325;0;40,7756;-73,9607;40,7740;-73,9616;40,7695;-73,9518;40,7682;-73,9528;-4,8176;-0,0059;0,0088;2,0000
SUMO_carro_1000;HBEFA4/PC_petrol_Euro-6ab;3,3791;337;337;0;0,0000;13,7095;12,2418;-1,4677;False;339;0;40,7756;-73,9607;40,7748;-73,9606;40,7893;-73,9568;40,7892;-73,9566;-10,7059;0,0148;0,0046;2,0000
SUMO_carro_1000;HBEFA4/PC_petrol_Euro-6ab;3,3791;337;337;0;0,0000;13,7095;14,1859;0,4764;False;339;0;40,7756;-73,9607;40,7748;-73,9606;40,7662;-73,9678;40,7654;-73,9681;3,4746;-0,0096;-0,0077;2,0000
SUMO_carro_1000;HBEFA4/PC_petrol_Euro-6ab;3,3791;337;337;0;0,0000;13,7095;12,8396;-0,8699;False;339;0;40,7756;-73,9607;40,7748;-73,9606;40,7808;-73,9467;40,7802;-73,9469;-6,3452;0,0054;0,0139;2,0000
SUMO_carro_1000;HBEFA4/PC_petrol_Euro-6ab;3,3791;337;337;0;0,0000;13,7095;12,0354;-1,6741;False;339;0;40,7756;-73,9607;40,7748;-73,9606;40,7936;-73,9633;40,7915;-73,9621;-12,2114;0,0175;-0,0010;2,0000
SUMO_carro_1000;HBEFA4/PC_petrol_Euro-6ab;3,3791;337;337;0;0,0000;13,7095;12,1376;-1,5719;False;339;0;40,7756;-73,9607;40,7748;-73,9606;40,7750;-73,9770;40,7743;-73,9775;-11,4656;-0,0004;-0,0173;2,0000
SUMO_carro_1000;HBEFA4/PC_petrol_Euro-6ab;3,3791;337;337;0;0,0000;13,7095;13,8430;0,1335;False;339;0;40,7756;-73,9607;40,7748;-73,9606;40,7678;-73,9697;40,7668;-73,9693;0,9737;-0,0076;-0,0089;2,0000
SUMO_carro_1000;HBEFA4/PC_petrol_Euro-6ab;3,3791;337;337;0;0,0000;13,7095;13,7980;0,0885;False;339;0;40,7756;-73,9607;40,7748;-73,9606;40,7833;-73,9547;40,7821;-73,9538;0,6456;0,0075;0,0062;2,0000
SUMO_carro_1000;HBEFA4/PC_petrol_Euro-6ab;3,3791;337;337;0;0,0000;13,7095;7,9887;-5,7208;False;339;0;40,7756;-73,9607;40,7748;-73,9606;40,7718;-73,9461;40,7714;-73,9465;-41,7287;-0,0037;0,0145;2,0000
SUMO_carro_1000;HBEFA4/PC_petrol_Euro-6ab;3,3791;337;337;0;0,0000;13,7095;15,0724;1,3629;False;339;0;40,7756;-73,9607;40,7748;-73,9606;40,7903;-73,9519;40,7890;-73,9509;9,9411;0,0142;0,0092;2,0000
SUMO_carro_1000;HBEFA4/PC_petrol_Euro-6ab;3,3791;337;337;0;0,0000;13,7095;15,0063;1,2968;False;339;0;40,7756;-73,9607;40,7748;-73,9606;40,7828;-73,9552;40,7820;-73,9556;9,4589;0,0073;0,0057;2,0000
SUMO_carro_1000;HBEFA4/PC_petrol_Euro-6ab;3,3791;337;337;0;0,0000;13,7095;15,0189;1,3094;False;339;0;40,7756;-73,9607;40,7748;-73,9606;40,7871;-73,9499;40,7862;-73,9497;9,5510;0,0112;0,0109;2,0000
SUMO_carro_1000;HBEFA4/PC_petrol_Euro-6ab;3,3791;337;337;0;0,0000;13,7095;14,0119;0,3024;False;339;0;40,7756;-73,9607;40,7748;-73,9606;40,7650;-73,9733;40,7647;-73,9738;2,2054;-0,0102;-0,0133;2,0000
SUMO_carro_1000;HBEFA4/PC_petrol_Euro-6ab;3,3791;337;337;0;0,0000;13,7095;12,7512;-0,9583;False;339;0;40,7756;-73,9607;40,7748;-73,9606;40,7744;-73,9574;40,7736;-73,9578;-6,9898;-0,0014;0,0028;2,0000
SUMO_carro_1000;HBEFA4/PC_petrol_Euro-6ab;3,3791;337;337;0;0,0000;13,7095;17,6254;3,9159;False;339;0;40,7756;-73,9607;40,7748;-73,9606;40,7834;-73,9643;40,7833;-73,9641;28,5637;0,0107;-0,0014;2,0000
SUMO_carro_1000;HBEFA4/PC_petrol_Euro-6ab;3,3791;337;337;0;0,0000;13,7095;16,8764;3,1669;False;339;0;40,7756;-73,9607;40,7748;-73,9606;40,7789;-73,9685;40,7787;-73,9680;23,1002;0,0041;-0,0070;2,0000
SUMO_carro_1000;HBEFA4/PC_petrol_Euro-6ab;3,3791;337;337;0;0,0000;13,7095;17,6256;3,9161;False;339;0;40,7756;-73,9607;40,7748;-73,9606;40,7705;-73,9756;40,7699;-73,9747;28,5651;-0,0054;-0,0147;2,0000
SUMO_carro_1000;HBEFA4/PC_petrol_Euro-6ab;3,3791;337;337;0;0,0000;13,7095;13,4791;-0,2305;False;339;0;40,7756;-73,9607;40,7748;-73,9606;40,7845;-73,9735;40,7826;-73,9731;-1,6810;0,0082;-0,0119;2,0000
SUMO_carro_1000;HBEFA4/PC_petrol_Euro-6ab;3,3791;337;337;0;0,0000;13,7095;7,3870;-6,3225;False;339;0;40,7756;-73,9607;40,7748;-73,9606;40,7742;-73,9435;40,7734;-73,9443;-46,1178;-0,0013;0,0170;2,0000
SUMO_carro_1000;HBEFA4/PC_petrol_Euro-6ab;3,3791;337;337;0;0,0000;13,7095;14,9489;1,2394;False;339;0;40,7756;-73,9607;40,7748;-73,9606;40,7823;-73,9514;40,7809;-73,9510;9,0403;0,0064;0,0096;2,0000
SUMO_carro_1000;HBEFA4/PC_petrol_Euro-6ab;3,3791;337;337;0;0,0000;13,7095;14,3910;0,6815;False;339;0;40,7756;-73,9607;40,7748;-73,9606;40,7759;-73,9611;40,7750;-73,9611;4,9711;0,0000;-0,0006;2,0000
SUMO_carro_1000;HBEFA4/PC_petrol_Euro-6ab;3,3791;337;337;0;0,0000;13,7095;14,3363;0,6268;False;339;0;40,7756;-73,9607;40,7748;-73,9606;40,7845;-73,9538;40,7839;-73,9542;4,5717;0,0090;0,0070;2,0000
SUMO_carro_1000;HBEFA4/PC_petrol_Euro-6ab;3,3791;337;337;0;0,0000;13,7095;15,0258;1,3163;False;339;0;40,7756;-73,9607;40,7748;-73,9606;40,7646;-73,9602;40,7628;-73,9598;9,6012;-0,0116;0,0006;2,0000
SUMO_carro_1000;HBEFA4/PC_petrol_Euro-6ab;3,3791;337;337;0;0,0000;13,7095;13,3923;-0,3172;False;339;0;40,7756;-73,9607;40,7748;-73,9606;40,7666;-73,9571;40,7658;-73,9574;-2,3138;-0,0090;0,0031;2,0000
SUMO_carro_1000;HBEFA4/PC_petrol_Euro-6ab;3,3791;337;337;0;0,0000;13,7095;15,4242;1,7147;False;339;0;40,7756;-73,9607;40,7748;-73,9606;40,7843;-73,9493;40,7833;-73,9490;12,5077;0,0089;0,0118;2,0000
SUMO_carro_1000;HBEFA4/PC_petrol_Euro-6ab;3,3791;337;337;0;0,0000;13,7095;15,1990;1,4895;False;339;0;40,7756;-73,9607;40,7748;-73,9606;40,7917;-73,9648;40,7911;-73,9651;10,8647;0,0164;-0,0045;2,0000
SUMO_carro_1000;HBEFA4/PC_petrol_Euro-6ab;3,3791;337;337;0;0,0000;13,7095;12,8547;-0,8548;False;339;0;40,7756;-73,9607;40,7748;-73,9606;40,7662;-73,9716;40,7656;-73,9721;-6,2349;-0,0086;-0,0123;2,0000
SUMO_carro_1000;HBEFA4/PC_petrol_Euro-6ab;3,3791;337;337;0;0,0000;13,7095;11,6639;-2,0456;False;339;0;40,7756;-73,9607;40,7748;-73,9606;40,7884;-73,9706;40,7867;-73,9685;-14,9210;0,0125;-0,0085;2,0000
SUMO_carro_1000;HBEFA4/PC_petrol_Euro-6ab;3,3791;337;337;0;0,0000;13,7095;13,6122;-0,0973;False;339;0;40,7756;-73,9607;40,7748;-73,9606;40,7717;-73,9533;40,7709;-73,9537;-0,7099;-0,0040;0,0069;2,0000
SUMO_carro_1000;HBEFA4/PC_petrol_Euro-6ab;3,3791;337;337;0;0,0000;13,7095;15,2319;1,5224;False;339;0;40,7756;-73,9607;40,7748;-73,9606;40,7811;-73,9455;40,7806;-73,9463;11,1045;0,0053;0,0150;2,0000
SUMO_carro_1000;HBEFA4/PC_petrol_Euro-6ab;3,3791;337;337;0;0,0000;13,7095;21,2977;7,5882;False;339;0;40,7756;-73,9607;40,7748;-73,9606;40,7695;-73,9482;40,7688;-73,9489;55,3498;-0,0080;0,0158;2,0000
SUMO_carro_1000;HBEFA4/PC_petrol_Euro-6ab;3,3791;337;337;0;0,0000;13,7095;12,9209;-0,7886;False;339;0;40,7756;-73,9607;40,7748;-73,9606;40,7785;-73,9454;40,7777;-73,9459;-5,7522;0,0029;0,0148;2,0000
SUMO_carro_1000;HBEFA4/PC_petrol_Euro-6ab;3,3791;337;337;0;0,0000;13,7095;19,9895;6,2800;False;339;0;40,7756;-73,9607;40,7748;-73,9606;40,7697;-73,9744;40,7694;-73,9740;45,8077;-0,0065;-0,0144;2,0000
SUMO_carro_1000;HBEFA4/PC_petrol_Euro-6ab;3,3791;337;337;0;0,0000;13,7095;7,7969;-5,9126;False;339;0;40,7756;-73,9607;40,7748;-73,9606;40,7727;-73,9449;40,7722;-73,9455;-43,1275;-0,0033;0,0161;2,0000
SUMO_carro_1000;HBEFA4/PC_petrol_Euro-6ab;3,3791;337;337;0;0,0000;13,7095;9,2480;-4,4615;False;339;0;40,7756;-73,9607;40,7748;-73,9606;40,7724;-73,9468;40,7718;-73,9473;-32,5432;-0,0027;0,0130;2,0000
SUMO_carro_1000;HBEFA4/PC_petrol_Euro-6ab;3,3791;337;337;0;0,0000;13,7095;13,5352;-0,1743;False;339;0;40,7756;-73,9607;40,7748;-73,9606;40,7712;-73,9618;40,7705;-73,9623;-1,2712;-0,0043;-0,0017;2,0000
SUMO_carro_1000;HBEFA4/PC_petrol_Euro-6ab;3,3791;337;337;0;0,0000;13,7095;13,6021;-0,1074;False;339;0;40,7756;-73,9607;40,7748;-73,9606;40,7807;-73,9727;40,7798;-73,9734;-0,7832;0,0053;-0,0122;2,0000
SUMO_carro_1000;HBEFA4/PC_petrol_Euro-6ab;3,3791;337;337;0;0,0000;13,7095;13,9731;0,2636;False;339;0;40,7756;-73,9607;40,7748;-73,9606;40,7668;-73,9711;40,7662;-73,9716;1,9230;-0,0081;-0,0116;2,0000
SUMO_carro_1000;HBEFA4/PC_petrol_Euro-6ab;3,3791;337;337;0;0,0000;13,7095;14,0555;0,3460;False;339;0;40,7756;-73,9607;40,7748;-73,9606;40,7833;-73,9509;40,7827;-73,9512;2,5241;0,0081;0,0096;2,0000
SUMO_carro_1000;HBEFA4/PC_petrol_Euro-6ab;3,3791;337;337;0;0,0000;13,7095;14,1912;0,4817;False;339;0;40,7756;-73,9607;40,7748;-73,9606;40,7611;-73,9636;40,7604;-73,9635;3,5139;-0,0144;-0,0028;2,0000
SUMO_carro_1000;HBEFA4/PC_petrol_Euro-6ab;3,3791;337;337;0;0,0000;13,7095;29,3154;15,6059;False;339;0;40,7756;-73,9607;40,7748;-73,9606;40,7799;-73,9709;40,7797;-73,9706;113,8325;0,0034;-0,0111;2,0000
SUMO_carro_1000;HBEFA4/PC_petrol_Euro-6ab;3,3791;337;337;0;0,0000;13,7095;14,4627;0,7532;False;339;0;40,7756;-73,9607;40,7748;-73,9606;40,7724;-73,9609;40,7717;-73,9611;5,4937;-0,0032;-0,0005;2,0000
SUMO_carro_1000;HBEFA4/PC_petrol_Euro-6ab;3,3791;337;337;0;0,0000;13,7095;17,4955;3,7860;False;339;0;40,7756;-73,9607;40,7748;-73,9606;40,7718;-73,9778;40,7714;-73,9772;27,6161;-0,0040;-0,0172;2,0000
SUMO_carro_1000;HBEFA4/PC_petrol_Euro-6ab;3,3791;337;337;0;0,0000;13,7095;13,3780;-0,3315;False;339;0;40,7756;-73,9607;40,7748;-73,9606;40,7721;-73,9501;40,7715;-73,9504;-2,4183;-0,0032;0,0101;2,0000
SUMO_carro_1000;HBEFA4/PC_petrol_Euro-6ab;3,3791;337;337;0;0,0000;13,7095;17,7885;4,0790;False;339;0;40,7756;-73,9607;40,7748;-73,9606;40,7797;-73,9706;40,7795;-73,9702;29,7534;0,0049;-0,0093;2,0000
SUMO_carro_1000;HBEFA4/PC_petrol_Euro-6ab;3,3791;337;337;0;0,0000;13,7095;12,0342;-1,6753;False;339;0;40,7756;-73,9607;40,7748;-73,9606;40,7894;-73,9572;40,7885;-73,9563;-12,2202;0,0136;0,0033;2,0000
SUMO_carro_1000;HBEFA4/PC_petrol_Euro-6ab;3,3791;337;337;0;0,0000;13,7095;16,9592;3,2497;False;339;0;40,7756;-73,9607;40,7748;-73,9606;40,7707;-73,9760;40,7705;-73,9756;23,7042;-0,0030;-0,0135;2,0000
SUMO_carro_1000;HBEFA4/PC_petrol_Euro-6ab;3,3791;337;337;0;0,0000;13,7095;11,9266;-1,7829;False;339;0;40,7756;-73,9607;40,7748;-73,9606;40,7695;-73,9482;40,7688;-73,9489;-13,0051;-0,0063;0,0129;2,0000
SUMO_carro_1000;HBEFA4/PC_petrol_Euro-6ab;3,3791;337;337;0;0,0000;13,7095;22,2085;8,4990;False;339;0;40,7756;-73,9607;40,7748;-73,9606;40,7794;-73,9697;40,7793;-73,9693;61,9932;0,0036;-0,0091;2,0000
SUMO_carro_1000;HBEFA4/PC_petrol_Euro-6ab;3,3791;337;337;0;0,0000;13,7095;12,7465;-0,9630;False;339;0;40,7756;-73,9607;40,7748;-73,9606;40,7818;-73,9714;40,7814;-73,9714;-7,0246;0,0064;-0,0098;2,0000
SUMO_carro_1000;HBEFA4/PC_petrol_Euro-6ab;3,3791;337;337;0;0,0000;13,7095;14,1794;0,4699;False;339;0;40,7756;-73,9607;40,7748;-73,9606;40,7705;-73,9685;40,7690;-73,9727;3,4272;-0,0038;-0,0110;2,0000
SUMO_carro_1000;HBEFA4/PC_petrol_Euro-6ab;3,3791;337;337;0;0,0000;13,7095;15,1639;1,4543;False;339;0;40,7756;-73,9607;40,7748;-73,9606;40,7614;-73,9557;40,7609;-73,9562;10,6083;-0,0142;0,0048;2,0000
SUMO_carro_1000;HBEFA4/PC_petrol_Euro-6ab;3,3791;337;337;0;0,0000;13,7095;15,2846;1,5751;False;339;0;40,7756;-73,9607;40,7748;-73,9606;40,7659;-73,9556;40,7645;-73,9561;11,4889;-0,0099;0,0043;2,0000
SUMO_carro_1000;HBEFA4/PC_petrol_Euro-6ab;3,3791;337;337;0;0,0000;13,7095;13,7837;0,0742;False;339;0;40,7756;-73,9607;40,7748;-73,9606;40,7712;-73,9768;40,7707;-73,9760;0,5411;-0,0058;-0,0169;2,0000
SUMO_carro_1000;HBEFA4/PC_petrol_Euro-6ab;3,3791;337;337;0;0,0000;13,7095;11,6047;-2,1048;False;339;0;40,7756;-73,9607;40,7748;-73,9606;40,7736;-73,9578;40,7729;-73,9581;-15,3532;-0,0023;0,0028;2,0000
SUMO_carro_1000;HBEFA4/PC_petrol_Euro-6ab;3,3791;337;337;0;0,0000;13,7095;13,6201;-0,0894;False;339;0;40,7756;-73,9607;40,7748;-73,9606;40,7711;-73,9680;40,7705;-73,9685;-0,6519;-0,0043;-0,0082;2,0000
SUMO_carro_1000;HBEFA4/PC_petrol_Euro-6ab;3,3791;337;337;0;0,0000;13,7095;23,2678;9,5583;False;339;0;40,7756;-73,9607;40,7748;-73,9606;40,7789;-73,9685;40,7787;-73,9680;69,7202;0,0012;-0,0092;2,0000
SUMO_carro_1000;HBEFA4/PC_petrol_Euro-6ab;3,3791;337;337;0;0,0000;13,7095;13,6392;-0,0703;False;339;0;40,7756;-73,9607;40,7748;-73,9606;40,7693;-73,9610;40,7690;-73,9612;-0,5125;-0,0061;-0,0005;2,0000
SUMO_carro_1000;HBEFA4/PC_petrol_Euro-6ab;3,3791;337;337;0;0,0000;13,7095;15,2184;1,5089;False;339;0;40,7756;-73,9607;40,7748;-73,9606;40,7793;-73,9530;40,7779;-73,9519;11,0064;0,0031;0,0080;2,0000
SUMO_carro_1000;HBEFA4/PC_petrol_Euro-6ab;3,3791;337;337;0;0,0000;13,7095;14,4637;0,7542;False;339;0;40,7756;-73,9607;40,7748;-73,9606;40,7795;-73,9597;40,7783;-73,9588;5,5015;0,0035;0,0010;2,0000
SUMO_carro_1000;HBEFA4/PC_petrol_Euro-6ab;3,3791;337;337;0;0,0000;13,7095;14,8989;1,1894;False;339;0;40,7756;-73,9607;40,7748;-73,9606;40,7637;-73,9619;40,7627;-73,9615;8,6756;-0,0123;-0,0005;2,0000
SUMO_carro_1000;HBEFA4/PC_petrol_Euro-6ab;3,3791;337;337;0;0,0000;13,7095;21,1026;7,3931;False;339;0;40,7756;-73,9607;40,7748;-73,9606;40,7904;-73,9601;40,7902;-73,9597;53,9268;0,0146;0,0005;2,0000
SUMO_carro_1000;HBEFA4/PC_petrol_Euro-6ab;3,3791;337;337;0;0,0000;13,7095;12,9752;-0,7343;False;339;0;40,7756;-73,9607;40,7748;-73,9606;40,7672;-73,9566;40,7666;-73,9571;-5,3559;-0,0081;0,0035;2,0000
SUMO_carro_1000;HBEFA4/PC_petrol_Euro-6ab;3,3791;337;337;0;0,0000;13,7095;11,0517;-2,6578;False;339;0;40,7756;-73,9607;40,7748;-73,9606;40,7750;-73,9652;40,7744;-73,9656;-19,3864;-0,0000;-0,0063;2,0000
SUMO_carro_1000;HBEFA4/PC_petrol_Euro-6ab;3,3791;337;337;0;0,0000;13,7095;10,9936;-2,7160;False;339;0;40,7756;-73,9607;40,7748;-73,9606;40,7699;-73,9509;40,7689;-73,9505;-19,8107;-0,0056;0,0097;2,0000
SUMO_carro_1000;HBEFA4/PC_petrol_Euro-6ab;3,3791;337;337;0;0,0000;13,7095;14,7622;1,0527;False;339;0;40,7756;-73,9607;40,7748;-73,9606;40,7718;-73,9635;40,7710;-73,9638;7,6787;-0,0040;-0,0030;2,0000
SUMO_carro_1000;HBEFA4/PC_petrol_Euro-6ab;3,3791;337;337;0;0,0000;13,7095;15,8950;2,1855;False;339;0;40,7756;-73,9607;40,7748;-73,9606;40,7703;-73,9623;40,7697;-73,9626;15,9417;-0,0056;-0,0015;2,0000
SUMO_carro_1000;HBEFA4/PC_petrol_Euro-6ab;3,3791;337;337;0;0,0000;13,7095;12,2462;-1,4633;False;339;0;40,7756;-73,9607;40,7748;-73,9606;40,7688;-73,9721;40,7687;-73,9718;-10,6735;-0,0062;-0,0112;2,0000
SUMO_carro_1000;HBEFA4/PC_petrol_Euro-6ab;3,3791;337;337;0;0,0000;13,7095;15,5739;1,8644;False;339;0;40,7756;-73,9607;40,7748;-73,9606;40,7632;-73,9647;40,7632;-73,9647;13,5990;-0,0122;-0,0035;2,0000
SUMO_carro_1000;HBEFA4/PC_petrol_Euro-6ab;3,3791;337;337;0;0,0000;13,7095;15,4761;1,7666;False;339;0;40,7756;-73,9607;40,7748;-73,9606;40,7664;-73,9601;40,7662;-73,9601;12,8859;-0,0092;0,0009;2,0000
SUMO_carro_1000;HBEFA4/PC_petrol_Euro-6ab;3,3791;337;337;0;0,0000;13,7095;15,4357;1,7262;False;339;0;40,7756;-73,9607;40,7748;-73,9606;40,7810;-73,9452;40,7799;-73,9447;12,5912;0,0049;0,0151;2,0000
SUMO_carro_1000;HBEFA4/PC_petrol_Euro-6ab;3,3791;337;337;0;0,0000;13,7095;14,2725;0,5630;False;339;0;40,7756;-73,9607;40,7748;-73,9606;40,7634;-73,9691;40,7623;-73,9683;4,1069;-0,0122;-0,0081;2,0000
SUMO_carro_1000;HBEFA4/PC_petrol_Euro-6ab;3,3791;337;337;0;0,0000;13,7095;22,1210;8,4115;False;339;0;40,7756;-73,9607;40,7748;-73,9606;40,7600;-73,9575;40,7577;-73,9549;61,3549;-0,0165;0,0043;2,0000
SUMO_carro_1000;HBEFA4/PC_petrol_Euro-6ab;3,3791;337;337;0;0,0000;13,7095;10,6176;-3,0919;False;339;0;40,7756;-73,9607;40,7748;-73,9606;40,7818;-73,9715;40,7814;-73,9714;-22,5532;0,0064;-0,0104;2,0000
SUMO_carro_1000;HBEFA4/PC_petrol_Euro-6ab;3,3791;337;337;0;0,0000;13,7095;14,2648;0,5553;False;339;0;40,7756;-73,9607;40,7748;-73,9606;40,7580;-73,9602;40,7569;-73,9601;4,0506;-0,0178;0,0005;2,0000
SUMO_carro_1000;HBEFA4/PC_petrol_Euro-6ab;3,3791;337;337;0;0,0000;13,7095;12,0379;-1,6716;False;339;0;40,7756;-73,9607;40,7748;-73,9606;40,7718;-73,9614;40,7712;-73,9617;-12,1933;-0,0035;-0,0011;2,0000
SUMO_carro_1000;HBEFA4/PC_petrol_Euro-6ab;3,3791;337;337;0;0,0000;13,7095;26,7739;13,0644;False;339;0;40,7756;-73,9607;40,7748;-73,9606;40,7793;-73,9693;40,7791;-73,9689;95,2947;0,0024;-0,0096;2,0000
SUMO_carro_1000;HBEFA4/PC_petrol_Euro-6ab;3,3791;337;337;0;0,0000;13,7095;16,0279;2,3184;False;339;0;40,7756;-73,9607;40,7748;-73,9606;40,7914;-73,9620;40,7912;-73,9615;16,9106;0,0173;-0,0001;2,0000
SUMO_carro_1000;HBEFA4/PC_petrol_Euro-6ab;3,3791;337;337;0;0,0000;13,7095;13,9066;0,1971;False;339;0;40,7756;-73,9607;40,7748;-73,9606;40,7647;-73,9585;40,7641;-73,9589;1,4380;-0,0108;0,0018;2,0000
SUMO_carro_1000;HBEFA4/PC_petrol_Euro-6ab;3,3791;337;337;0;0,0000;13,7095;14,1565;0,4470;False;339;0;40,7756;-73,9607;40,7748;-73,9606;40,7810;-73,9495;40,7805;-73,9500;3,2605;0,0056;0,0106;2,0000
SUMO_carro_1000;HBEFA4/PC_petrol_Euro-6ab;3,3791;337;337;0;0,0000;13,7095;15,0008;1,2913;False;339;0;40,7756;-73,9607;40,7748;-73,9606;40,7865;-73,9568;40,7859;-73,9571;9,4190;0,0108;0,0038;2,0000
SUMO_carro_1000;HBEFA4/PC_petrol_Euro-6ab;3,3791;337;337;0;0,0000;13,7095;14,4877;0,7782;False;339;0;40,7756;-73,9607;40,7748;-73,9606;40,7580;-73,9591;40,7572;-73,9598;5,6762;-0,0177;0,0016;2,0000
SUMO_carro_1000;HBEFA4/PC_petrol_Euro-6ab;3,3791;337;337;0;0,0000;13,7095;15,0505;1,3410;False;339;0;40,7756;-73,9607;40,7748;-73,9606;40,7600;-73,9628;40,7593;-73,9622;9,7812;-0,0155;-0,0019;2,0000
SUMO_carro_1000;HBEFA4/PC_petrol_Euro-6ab;3,3791;337;337;0;0,0000;13,7095;12,0453;-1,6642;False;339;0;40,7756;-73,9607;40,7748;-73,9606;40,7795;-73,9476;40,7787;-73,9478;-12,1389;0,0038;0,0130;2,0000
SUMO_carro_1000;HBEFA4/PC_petrol_Euro-6ab;3,3791;337;337;0;0,0000;13,7095;14,3142;0,6047;False;339;0;40,7756;-73,9607;40,7748;-73,9606;40,7735;-73,9513;40,7718;-73,9501;4,4110;-0,0028;0,0100;2,0000
SUMO_carro_1000;HBEFA4/PC_petrol_Euro-6ab;3,3791;337;337;0;0,0000;13,7095;12,6025;-1,1070;False;339;0;40,7756;-73,9607;40,7748;-73,9606;40,7684;-73,9534;40,7675;-73,9533;-8,0750;-0,0073;0,0073;2,0000
SUMO_carro_1000;HBEFA4/PC_petrol_Euro-6ab;3,3791;337;337;0;0,0000;13,7095;15,0099;1,3004;False;339;0;40,7756;-73,9607;40,7748;-73,9606;40,7684;-73,9534;40,7684;-73,9534;9,4856;-0,0067;0,0073;2,0000
SUMO_carro_1000;HBEFA4/PC_petrol_Euro-6ab;3,3791;337;337;0;0,0000;13,7095;14,9432;1,2337;False;339;0;40,7756;-73,9607;40,7748;-73,9606;40,7806;-73,9463;40,7792;-73,9449;8,9990;0,0046;0,0151;2,0000
SUMO_carro_1000;HBEFA4/PC_petrol_Euro-6ab;3,3791;337;337;0;0,0000;13,7095;14,4966;0,7871;False;339;0;40,7756;-73,9607;40,7748;-73,9606;40,7732;-73,9644;40,7724;-73,9648;5,7411;-0,0025;-0,0036;2,0000
SUMO_carro_1000;HBEFA4/PC_petrol_Euro-6ab;3,3791;337;337;0;0,0000;13,7095;14,2010;0,4915;False;339;0;40,7756;-73,9607;40,7748;-73,9606;40,7812;-73,9596;40,7802;-73,9593;3,5850;0,0054;0,0014;2,0000
SUMO_carro_1000;HBEFA4/PC_petrol_Euro-6ab;3,3791;337;337;0;0,0000;13,7095;23,3117;9,6022;False;339;0;40,7756;-73,9607;40,7748;-73,9606;40,7915;-73,9621;40,7912;-73,9615;70,0407;0,0152;-0,0019;2,0000
SUMO_carro_1000;HBEFA4/PC_petrol_Euro-6ab;3,3791;337;337;0;0,0000;13,7095;13,0174;-0,6921;False;339;0;40,7756;-73,9607;40,7748;-73,9606;40,7716;-73,9564;40,7707;-73,9568;-5,0487;-0,0039;0,0041;2,0000
SUMO_carro_1000;HBEFA4/PC_petrol_Euro-6ab;3,3791;337;337;0;0,0000;13,7095;12,7198;-0,9897;False;339;0;40,7756;-73,9607;40,7748;-73,9606;40,7752;-73,9453;40,7752;-73,9453;-7,2193;0,0002;0,0148;2,0000
SUMO_carro_1000;HBEFA4/PC_petrol_Euro-6ab;3,3791;337;337;0;0,0000;13,7095;14,0162;0,3067;False;339;0;40,7756;-73,9607;40,7748;-73,9606;40,7872;-73,9717;40,7862;-73,9714;2,2372;0,0117;-0,0107;2,0000
SUMO_carro_1000;HBEFA4/PC_petrol_Euro-6ab;3,3791;337;337;0;0,0000;13,7095;14,0899;0,3804;False;339;0;40,7756;-73,9607;40,7748;-73,9606;40,7776;-73,9490;40,7770;-73,9493;2,7747;0,0022;0,0112;2,0000
SUMO_carro_1000;HBEFA4/PC_petrol_Euro-6ab;3,3791;337;337;0;0,0000;13,7095;12,6995;-1,0100;False;339;0;40,7756;-73,9607;40,7748;-73,9606;40,7853;-73,9495;40,7843;-73,9493;-7,3675;0,0097;0,0113;2,0000
SUMO_carro_1000;HBEFA4/PC_petrol_Euro-6ab;3,3791;337;337;0;0,0000;13,7095;15,5909;1,8814;False;339;0;40,7756;-73,9607;40,7748;-73,9606;40,7808;-73,9547;40,7801;-73,9550;13,7234;0,0053;0,0060;2,0000
SUMO_carro_1000;HBEFA4/PC_petrol_Euro-6ab;3,3791;337;337;0;0,0000;13,7095;15,5545;1,8450;False;339;0;40,7756;-73,9607;40,7748;-73,9606;40,7688;-73,9582;40,7681;-73,9587;13,4576;-0,0071;0,0028;2,0000
SUMO_carro_1000;HBEFA4/PC_petrol_Euro-6ab;3,3791;337;337;0;0,0000;13,7095;14,2725;0,5630;False;339;0;40,7756;-73,9607;40,7748;-73,9606;40,7901;-73,9592;40,7901;-73,9590;4,1065;0,0163;0,0021;2,0000
SUMO_carro_1000;HBEFA4/PC_petrol_Euro-6ab;3,3791;337;337;0;0,0000;13,7095;13,6918;-0,0177;False;339;0;40,7756;-73,9607;40,7748;-73,9606;40,7657;-73,9608;40,7648;-73,9608;-0,1294;-0,0101;-0,0004;2,0000
SUMO_carro_1000;HBEFA4/PC_petrol_Euro-6ab;3,3791;337;337;0;0,0000;13,7095;14,9529;1,2434;False;339;0;40,7756;-73,9607;40,7748;-73,9606;40,7851;-73,9515;40,7845;-73,9518;9,0699;0,0093;0,0092;2,0000
