run_id;source_csv;vin;model;fuel_type;timestamp;start_time;end_time;duration_seconds;total_distance_km;distance_city_km;distance_highway_km;fuel_consumed_liters;co2_real_g;co2_meta_g;delta_co2_g;valor_e1_reais;nox_total;pmx_total;start_lat_orig;start_lon_orig;end_lat_orig;end_lon_orig;start_lat_private;start_lon_private;end_lat_private;end_lon_private;start_map_matched;end_map_matched;pseudonimo;num_segments;trajectory_points_orig_count;trajectory_points_priv_count;trajectory_points_diff;trajectory_points_diff_percent;trajectory_distance_orig_km;trajectory_distance_priv_km;trajectory_distance_diff_km;map_matching_attempts;discarded_points_map_matching;map_matching_points_total;discarded_points_ratio;offset_cancelled;offset_x_degrees;offset_y_degrees;max_radius_km
1;vehicles_step_sim_9.csv;SUMO_carro_1000;HBEFA4/PC_petrol_Euro-6ab;Gasoline;1773509249;2026-03-14 17:27:29;2026-03-14 17:27:29;0,0;1,410031;1,410031;0,0;12,45641946147186;28774,328955999998;271,4309675;-28502,897988499997;-1,4251448994249998;8,577784000000001;1,9889899999999998;40,77564360647124;-73,96068698429804;40,77297409896376;-73,96219846678166;40,7681544;-73,9557432;40,765814;-73,9572751;True;True;0xCDcF7b2a3352a32cc28FD35C3924f5BD542a25Ea;131;131;131;0;0,0;3,4531037268060736;3,7173838061141793;0,2642800793081057;133;0;131;0,0;False;-0,007515615566396147;0,005224770670589039;2,0
2;vehicles_step_sim_9.csv;SUMO_carro_1000;HBEFA4/PC_petrol_Euro-6ab;Gasoline;1773509249;2026-03-14 17:27:29;2026-03-14 17:27:29;0,0;1,410031;1,410031;0,0;12,45641946147186;28774,328955999998;271,4309675;-28502,897988499997;-1,4251448994249998;8,577784000000001;1,9889899999999998;40,77564360647124;-73,96068698429804;40,77297409896376;-73,96219846678166;40,7685585;-73,9676557;40,7660467;-73,9694798;True;True;0xCDcF7b2a3352a32cc28FD35C3924f5BD542a25Ea;131;131;131;0;0,0;3,4531037268060736;3,609003060367889;0,1558993335618153;133;0;131;0,0;False;-0,007106263596089417;-0,0069379659136409874;2,0
3;vehicles_step_sim_9.csv;SUMO_carro_1000;HBEFA4/PC_petrol_Euro-6ab;Gasoline;1773509249;2026-03-14 17:27:29;2026-03-14 17:27:29;0,0;1,410031;1,410031;0,0;12,45641946147186;28774,328955999998;271,4309675;-28502,897988499997;-1,4251448994249998;8,577784000000001;1,9889899999999998;40,77564360647124;-73,96068698429804;40,77297409896376;-73,96219846678166;40,7918074;-73,9630405;40,7903238;-73,9656836;True;True;0xCDcF7b2a3352a32cc28FD35C3924f5BD542a25Ea;131;131;131;0;0,0;3,4531037268060736;3,2214504052398887;-0,2316533215661849;133;0;131;0,0;False;0,016625638679767133;-0,0021439936461386077;2,0
4;vehicles_step_sim_9.csv;SUMO_carro_1000;HBEFA4/PC_petrol_Euro-6ab;Gasoline;1773509249;2026-03-14 17:27:29;2026-03-14 17:27:29;0,0;1,410031;1,410031;0,0;12,45641946147186;28774,328955999998;271,4309675;-28502,897988499997;-1,4251448994249998;8,577784000000001;1,9889899999999998;40,77564360647124;-73,96068698429804;40,77297409896376;-73,96219846678166;40,7782297;-73,9745019;40,7755995;-73,9764204;True;True;0xCDcF7b2a3352a32cc28FD35C3924f5BD542a25Ea;131;131;131;0;0,0;3,4531037268060736;8,231443029288204;4,778339302482131;133;0;131;0,0;False;0,0015085870946906562;-0,010821304083671246;2,0
5;vehicles_step_sim_9.csv;SUMO_carro_1000;HBEFA4/PC_petrol_Euro-6ab;Gasoline;1773509249;2026-03-14 17:27:29;2026-03-14 17:27:29;0,0;1,410031;1,410031;0,0;12,45641946147186;28774,328955999998;271,4309675;-28502,897988499997;-1,4251448994249998;8,577784000000001;1,9889899999999998;40,77564360647124;-73,96068698429804;40,77297409896376;-73,96219846678166;40,7711057;-73,9680239;40,7688155;-73,970697;True;True;0xCDcF7b2a3352a32cc28FD35C3924f5BD542a25Ea;131;131;131;0;0,0;3,4531037268060736;2,875786478544224;-0,5773172482618496;133;0;131;0,0;False;-0,004150632219717872;-0,008496598325029338;2,0
6;vehicles_step_sim_9.csv;SUMO_carro_1000;HBEFA4/PC_petrol_Euro-6ab;Gasoline;1773509249;2026-03-14 17:27:29;2026-03-14 17:27:29;0,0;1,410031;1,410031;0,0;12,45641946147186;28774,328955999998;271,4309675;-28502,897988499997;-1,4251448994249998;8,577784000000001;1,9889899999999998;40,77564360647124;-73,96068698429804;40,77297409896376;-73,96219846678166;40,7724097;-73,9467952;40,7700538;-73,9493699;True;True;0xCDcF7b2a3352a32cc28FD35C3924f5BD542a25Ea;131;131;131;0;0,0;3,4531037268060736;2,872511669312872;-0,5805920574932015;133;0;131;0,0;False;-0,0029313233261980378;0,012837496332896142;2,0
7;vehicles_step_sim_9.csv;SUMO_carro_1000;HBEFA4/PC_petrol_Euro-6ab;Gasoline;1773509249;2026-03-14 17:27:29;2026-03-14 17:27:29;0,0;1,410031;1,410031;0,0;12,45641946147186;28774,328955999998;271,4309675;-28502,897988499997;-1,4251448994249998;8,577784000000001;1,9889899999999998;40,77564360647124;-73,96068698429804;40,77297409896376;-73,96219846678166;40,7766572;-73,9467628;40,77403;-73,948678;True;True;0xCDcF7b2a3352a32cc28FD35C3924f5BD542a25Ea;131;131;131;0;0,0;3,4531037268060736;3,751136143155934;0,29803241634986044;133;0;131;0,0;False;0,0010998453391267498;0,013221243979602544;2,0
8;vehicles_step_sim_9.csv;SUMO_carro_1000;HBEFA4/PC_petrol_Euro-6ab;Gasoline;1773509249;2026-03-14 17:27:29;2026-03-14 17:27:29;0,0;1,410031;1,410031;0,0;12,45641946147186;28774,328955999998;271,4309675;-28502,897988499997;-1,4251448994249998;8,577784000000001;1,9889899999999998;40,77564360647124;-73,96068698429804;40,77297409896376;-73,96219846678166;40,7895856;-73,9576393;40,7895856;-73,9576393;True;True;0xCDcF7b2a3352a32cc28FD35C3924f5BD542a25Ea;131;131;131;0;0,0;3,4531037268060736;3,5542385322280046;0,10113480542193098;133;0;131;0,0;False;0,01548032950553295;0,003948712210042278;2,0
9;vehicles_step_sim_9.csv;SUMO_carro_1000;HBEFA4/PC_petrol_Euro-6ab;Gasoline;1773509249;2026-03-14 17:27:29;2026-03-14 17:27:29;0,0;1,410031;1,410031;0,0;12,45641946147186;28774,328955999998;271,4309675;-28502,897988499997;-1,4251448994249998;8,577784000000001;1,9889899999999998;40,77564360647124;-73,96068698429804;40,77297409896376;-73,96219846678166;40,7749753;-73,9768787;40,7713853;-73,9771742;True;True;0xCDcF7b2a3352a32cc28FD35C3924f5BD542a25Ea;131;131;131;0;0,0;3,4531037268060736;5,411553535309731;1,9584498085036577;133;0;131;0,0;False;-0,0011238726780191228;-0,01465259331538747;2,0
10;vehicles_step_sim_9.csv;SUMO_carro_1000;HBEFA4/PC_petrol_Euro-6ab;Gasoline;1773509249;2026-03-14 17:27:29;2026-03-14 17:27:29;0,0;1,410031;1,410031;0,0;12,45641946147186;28774,328955999998;271,4309675;-28502,897988499997;-1,4251448994249998;8,577784000000001;1,9889899999999998;40,77564360647124;-73,96068698429804;40,77297409896376;-73,96219846678166;40,7871423;-73,9518575;40,7839845;-73,9524529;True;True;0xCDcF7b2a3352a32cc28FD35C3924f5BD542a25Ea;131;131;131;0;0,0;3,4531037268060736;4,084243906847942;0,6311401800418688;133;0;131;0,0;False;0,011451559446518485;0,009523404370270853;2,0
11;vehicles_step_sim_9.csv;SUMO_carro_1000;HBEFA4/PC_petrol_Euro-6ab;Gasoline;1773509249;2026-03-14 17:27:29;2026-03-14 17:27:29;0,0;1,410031;1,410031;0,0;12,45641946147186;28774,328955999998;271,4309675;-28502,897988499997;-1,4251448994249998;8,577784000000001;1,9889899999999998;40,77564360647124;-73,96068698429804;40,77297409896376;-73,96219846678166;40,7827217;-73,9635932;40,7780964;-73,9656473;True;True;0xCDcF7b2a3352a32cc28FD35C3924f5BD542a25Ea;131;131;131;0;0,0;3,4531037268060736;4,224788935844209;0,771685209038135;133;0;131;0,0;False;0,007094825795124557;-0,0026992681891902107;2,0
12;vehicles_step_sim_9.csv;SUMO_carro_1000;HBEFA4/PC_petrol_Euro-6ab;Gasoline;1773509249;2026-03-14 17:27:29;2026-03-14 17:27:29;0,0;1,410031;1,410031;0,0;12,45641946147186;28774,328955999998;271,4309675;-28502,897988499997;-1,4251448994249998;8,577784000000001;1,9889899999999998;40,77564360647124;-73,96068698429804;40,77297409896376;-73,96219846678166;40,7694874;-73,9740916;40,7657545;-73,9764211;True;True;0xCDcF7b2a3352a32cc28FD35C3924f5BD542a25Ea;131;131;131;0;0,0;3,4531037268060736;5,545788664095916;2,0926849372898424;133;0;131;0,0;False;-0,007260097512043059;-0,014431675401419005;2,0
13;vehicles_step_sim_9.csv;SUMO_carro_1000;HBEFA4/PC_petrol_Euro-6ab;Gasoline;1773509249;2026-03-14 17:27:29;2026-03-14 17:27:29;0,0;1,410031;1,410031;0,0;12,45641946147186;28774,328955999998;271,4309675;-28502,897988499997;-1,4251448994249998;8,577784000000001;1,9889899999999998;40,77564360647124;-73,96068698429804;40,77297409896376;-73,96219846678166;40,7695183;-73,948231;40,7667168;-73,9506095;True;True;0xCDcF7b2a3352a32cc28FD35C3924f5BD542a25Ea;131;131;131;0;0,0;3,4531037268060736;2,6454537632838253;-0,8076499635222483;133;0;131;0,0;False;-0,007070101618287646;0,013799708248853595;2,0
14;vehicles_step_sim_9.csv;SUMO_carro_1000;HBEFA4/PC_petrol_Euro-6ab;Gasoline;1773509249;2026-03-14 17:27:29;2026-03-14 17:27:29;0,0;1,410031;1,410031;0,0;12,45641946147186;28774,328955999998;271,4309675;-28502,897988499997;-1,4251448994249998;8,577784000000001;1,9889899999999998;40,77564360647124;-73,96068698429804;40,77297409896376;-73,96219846678166;40,7760958;-73,9760603;40,7704772;-73,9756095;True;True;0xCDcF7b2a3352a32cc28FD35C3924f5BD542a25Ea;131;131;131;0;0,0;3,4531037268060736;8,898202106615692;5,445098379809618;133;0;131;0,0;False;-0,0012673151356317662;-0,011565248244314572;2,0
15;vehicles_step_sim_9.csv;SUMO_carro_1000;HBEFA4/PC_petrol_Euro-6ab;Gasoline;1773509249;2026-03-14 17:27:29;2026-03-14 17:27:29;0,0;1,410031;1,410031;0,0;12,45641946147186;28774,328955999998;271,4309675;-28502,897988499997;-1,4251448994249998;8,577784000000001;1,9889899999999998;40,77564360647124;-73,96068698429804;40,77297409896376;-73,96219846678166;40,773614;-73,9597546;40,7704966;-73,960254;True;True;0xCDcF7b2a3352a32cc28FD35C3924f5BD542a25Ea;131;131;131;0;0,0;3,4531037268060736;3,3598367195402696;-0,09326700726580395;133;0;131;0,0;False;-0,0021398415497626577;0,0013272771821162363;2,0
16;vehicles_step_sim_9.csv;SUMO_carro_1000;HBEFA4/PC_petrol_Euro-6ab;Gasoline;1773509249;2026-03-14 17:27:29;2026-03-14 17:27:29;0,0;1,410031;1,410031;0,0;12,45641946147186;28774,328955999998;271,4309675;-28502,897988499997;-1,4251448994249998;8,577784000000001;1,9889899999999998;40,77564360647124;-73,96068698429804;40,77297409896376;-73,96219846678166;40,776189;-73,9438615;40,7732229;-73,9447783;True;True;0xCDcF7b2a3352a32cc28FD35C3924f5BD542a25Ea;131;131;131;0;0,0;3,4531037268060736;3,1338870953780456;-0,31921663142802803;133;0;131;0,0;False;0,00048018511727483557;0,01705108894590405;2,0
17;vehicles_step_sim_9.csv;SUMO_carro_1000;HBEFA4/PC_petrol_Euro-6ab;Gasoline;1773509249;2026-03-14 17:27:29;2026-03-14 17:27:29;0,0;1,410031;1,410031;0,0;12,45641946147186;28774,328955999998;271,4309675;-28502,897988499997;-1,4251448994249998;8,577784000000001;1,9889899999999998;40,77564360647124;-73,96068698429804;40,77297409896376;-73,96219846678166;40,7902212;-73,9596027;40,7902718;-73,959811;True;True;0xCDcF7b2a3352a32cc28FD35C3924f5BD542a25Ea;131;131;131;0;0,0;3,4531037268060736;1,926596803055107;-1,5265069237509665;133;0;131;0,0;False;0,015610641712455093;0,0015070476724347809;2,0
18;vehicles_step_sim_9.csv;SUMO_carro_1000;HBEFA4/PC_petrol_Euro-6ab;Gasoline;1773509249;2026-03-14 17:27:29;2026-03-14 17:27:29;0,0;1,410031;1,410031;0,0;12,45641946147186;28774,328955999998;271,4309675;-28502,897988499997;-1,4251448994249998;8,577784000000001;1,9889899999999998;40,77564360647124;-73,96068698429804;40,77297409896376;-73,96219846678166;40,7822152;-73,9579745;40,7794881;-73,9598133;True;True;0xCDcF7b2a3352a32cc28FD35C3924f5BD542a25Ea;131;131;131;0;0,0;3,4531037268060736;3,4778081299859744;0,024704403179900858;133;0;131;0,0;False;0,006366780184956642;0,0022965845644821324;2,0
19;vehicles_step_sim_9.csv;SUMO_carro_1000;HBEFA4/PC_petrol_Euro-6ab;Gasoline;1773509249;2026-03-14 17:27:29;2026-03-14 17:27:29;0,0;1,410031;1,410031;0,0;12,45641946147186;28774,328955999998;271,4309675;-28502,897988499997;-1,4251448994249998;8,577784000000001;1,9889899999999998;40,77564360647124;-73,96068698429804;40,77297409896376;-73,96219846678166;40,7781296;-73,9659303;40,7749904;-73,9651811;True;True;0xCDcF7b2a3352a32cc28FD35C3924f5BD542a25Ea;131;131;131;0;0,0;3,4531037268060736;3,042665431362656;-0,41043829544341737;133;0;131;0,0;False;0,0027587813117517803;-0,005252002130911621;2,0
20;vehicles_step_sim_9.csv;SUMO_carro_1000;HBEFA4/PC_petrol_Euro-6ab;Gasoline;1773509249;2026-03-14 17:27:29;2026-03-14 17:27:29;0,0;1,410031;1,410031;0,0;12,45641946147186;28774,328955999998;271,4309675;-28502,897988499997;-1,4251448994249998;8,577784000000001;1,9889899999999998;40,77564360647124;-73,96068698429804;40,77297409896376;-73,96219846678166;40,7615038;-73,9704957;40,7586848;-73,9717261;True;True;0xCDcF7b2a3352a32cc28FD35C3924f5BD542a25Ea;131;131;131;0;0,0;3,4531037268060736;4,239685737265331;0,7865820104592576;133;0;131;0,0;False;-0,014532447174451079;-0,009748107615381613;2,0
21;vehicles_step_sim_9.csv;SUMO_carro_1000;HBEFA4/PC_petrol_Euro-6ab;Gasoline;1773509249;2026-03-14 17:27:29;2026-03-14 17:27:29;0,0;1,410031;1,410031;0,0;12,45641946147186;28774,328955999998;271,4309675;-28502,897988499997;-1,4251448994249998;8,577784000000001;1,9889899999999998;40,77564360647124;-73,96068698429804;40,77297409896376;-73,96219846678166;40,760578;-73,9625856;40,7577027;-73,9635653;True;True;0xCDcF7b2a3352a32cc28FD35C3924f5BD542a25Ea;131;131;131;0;0,0;3,4531037268060736;3,542520827071426;0,08941710026535254;133;0;131;0,0;False;-0,015164646548449815;-0,0019951924537727614;2,0
22;vehicles_step_sim_9.csv;SUMO_carro_1000;HBEFA4/PC_petrol_Euro-6ab;Gasoline;1773509249;2026-03-14 17:27:29;2026-03-14 17:27:29;0,0;1,410031;1,410031;0,0;12,45641946147186;28774,328955999998;271,4309675;-28502,897988499997;-1,4251448994249998;8,577784000000001;1,9889899999999998;40,77564360647124;-73,96068698429804;40,77297409896376;-73,96219846678166;40,7912858;-73,9616836;40,7897946;-73,9660676;True;True;0xCDcF7b2a3352a32cc28FD35C3924f5BD542a25Ea;131;131;131;0;0,0;3,4531037268060736;2,925629046839874;-0,5274746799661996;133;0;131;0,0;False;0,015698186925472982;-0,0008857311517251508;2,0
23;vehicles_step_sim_9.csv;SUMO_carro_1000;HBEFA4/PC_petrol_Euro-6ab;Gasoline;1773509249;2026-03-14 17:27:29;2026-03-14 17:27:29;0,0;1,410031;1,410031;0,0;12,45641946147186;28774,328955999998;271,4309675;-28502,897988499997;-1,4251448994249998;8,577784000000001;1,9889899999999998;40,77564360647124;-73,96068698429804;40,77297409896376;-73,96219846678166;40,7877476;-73,9712741;40,7851243;-73,973013;True;True;0xCDcF7b2a3352a32cc28FD35C3924f5BD542a25Ea;131;131;131;0;0,0;3,4531037268060736;4,6701603878907525;1,217056661084679;133;0;131;0,0;False;0,011831330848586034;-0,010556665790692301;2,0
24;vehicles_step_sim_9.csv;SUMO_carro_1000;HBEFA4/PC_petrol_Euro-6ab;Gasoline;1773509249;2026-03-14 17:27:29;2026-03-14 17:27:29;0,0;1,410031;1,410031;0,0;12,45641946147186;28774,328955999998;271,4309675;-28502,897988499997;-1,4251448994249998;8,577784000000001;1,9889899999999998;40,77564360647124;-73,96068698429804;40,77297409896376;-73,96219846678166;40,7911483;-73,9533958;40,7886413;-73,9552238;True;True;0xCDcF7b2a3352a32cc28FD35C3924f5BD542a25Ea;131;131;131;0;0,0;3,4531037268060736;3,605154550603378;0,1520508237973046;133;0;131;0,0;False;0,01577811582361403;0,0069135169135472185;2,0
25;vehicles_step_sim_9.csv;SUMO_carro_1000;HBEFA4/PC_petrol_Euro-6ab;Gasoline;1773509249;2026-03-14 17:27:29;2026-03-14 17:27:29;0,0;1,410031;1,410031;0,0;12,45641946147186;28774,328955999998;271,4309675;-28502,897988499997;-1,4251448994249998;8,577784000000001;1,9889899999999998;40,77564360647124;-73,96068698429804;40,77297409896376;-73,96219846678166;40,7807547;-73,946718;40,778237;-73,9485672;True;True;0xCDcF7b2a3352a32cc28FD35C3924f5BD542a25Ea;131;131;131;0;0,0;3,4531037268060736;2,9601036387455917;-0,4930000880604819;133;0;131;0,0;False;0,00531096293777099;0,013359392071851436;2,0
26;vehicles_step_sim_9.csv;SUMO_carro_1000;HBEFA4/PC_petrol_Euro-6ab;Gasoline;1773509249;2026-03-14 17:27:29;2026-03-14 17:27:29;0,0;1,410031;1,410031;0,0;12,45641946147186;28774,328955999998;271,4309675;-28502,897988499997;-1,4251448994249998;8,577784000000001;1,9889899999999998;40,77564360647124;-73,96068698429804;40,77297409896376;-73,96219846678166;40,7872265;-73,9562599;40,7846666;-73,9581319;True;True;0xCDcF7b2a3352a32cc28FD35C3924f5BD542a25Ea;131;131;131;0;0,0;3,4531037268060736;3,510620926372931;0,057517199566857524;133;0;131;0,0;False;0,011775393480193692;0,003936969916902537;2,0
27;vehicles_step_sim_9.csv;SUMO_carro_1000;HBEFA4/PC_petrol_Euro-6ab;Gasoline;1773509249;2026-03-14 17:27:29;2026-03-14 17:27:29;0,0;1,410031;1,410031;0,0;12,45641946147186;28774,328955999998;271,4309675;-28502,897988499997;-1,4251448994249998;8,577784000000001;1,9889899999999998;40,77564360647124;-73,96068698429804;40,77297409896376;-73,96219846678166;40,7651006;-73,9731274;40,7630255;-73,9741013;True;True;0xCDcF7b2a3352a32cc28FD35C3924f5BD542a25Ea;131;131;131;0;0,0;3,4531037268060736;2,7752220825548637;-0,6778816442512099;133;0;131;0,0;False;-0,00966622196034807;-0,01284493264494674;2,0
28;vehicles_step_sim_9.csv;SUMO_carro_1000;HBEFA4/PC_petrol_Euro-6ab;Gasoline;1773509249;2026-03-14 17:27:29;2026-03-14 17:27:29;0,0;1,410031;1,410031;0,0;12,45641946147186;28774,328955999998;271,4309675;-28502,897988499997;-1,4251448994249998;8,577784000000001;1,9889899999999998;40,77564360647124;-73,96068698429804;40,77297409896376;-73,96219846678166;40,7878474;-73,9713515;40,7858627;-73,9728088;True;True;0xCDcF7b2a3352a32cc28FD35C3924f5BD542a25Ea;131;131;131;0;0,0;3,4531037268060736;3,1342886452315777;-0,3188150815744959;133;0;131;0,0;False;0,012938061548716165;-0,011573051472394033;2,0
29;vehicles_step_sim_9.csv;SUMO_carro_1000;HBEFA4/PC_petrol_Euro-6ab;Gasoline;1773509249;2026-03-14 17:27:29;2026-03-14 17:27:29;0,0;1,410031;1,410031;0,0;12,45641946147186;28774,328955999998;271,4309675;-28502,897988499997;-1,4251448994249998;8,577784000000001;1,9889899999999998;40,77564360647124;-73,96068698429804;40,77297409896376;-73,96219846678166;40,7879373;-73,9674218;40,7840305;-73,9661854;True;True;0xCDcF7b2a3352a32cc28FD35C3924f5BD542a25Ea;131;131;131;0;0,0;3,4531037268060736;4,687399014054107;1,2342952872480337;133;0;131;0,0;False;0,011179437685976538;-0,0037040303327346936;2,0
30;vehicles_step_sim_9.csv;SUMO_carro_1000;HBEFA4/PC_petrol_Euro-6ab;Gasoline;1773509249;2026-03-14 17:27:29;2026-03-14 17:27:29;0,0;1,410031;1,410031;0,0;12,45641946147186;28774,328955999998;271,4309675;-28502,897988499997;-1,4251448994249998;8,577784000000001;1,9889899999999998;40,77564360647124;-73,96068698429804;40,77297409896376;-73,96219846678166;40,7820657;-73,9633542;40,7782575;-73,9667472;True;True;0xCDcF7b2a3352a32cc28FD35C3924f5BD542a25Ea;131;131;131;0;0,0;3,4531037268060736;4,212187939600273;0,7590842127941997;133;0;131;0,0;False;0,005813057622934573;-0,00445086026431621;2,0
31;vehicles_step_sim_9.csv;SUMO_carro_1000;HBEFA4/PC_petrol_Euro-6ab;Gasoline;1773509249;2026-03-14 17:27:29;2026-03-14 17:27:29;0,0;1,410031;1,410031;0,0;12,45641946147186;28774,328955999998;271,4309675;-28502,897988499997;-1,4251448994249998;8,577784000000001;1,9889899999999998;40,77564360647124;-73,96068698429804;40,77297409896376;-73,96219846678166;40,7775915;-73,9751177;40,7749695;-73,9770367;True;True;0xCDcF7b2a3352a32cc28FD35C3924f5BD542a25Ea;131;131;131;0;0,0;3,4531037268060736;2,712300665828125;-0,7408030609779486;133;0;131;0,0;False;0,0024783611378957665;-0,015089285478517026;2,0
32;vehicles_step_sim_9.csv;SUMO_carro_1000;HBEFA4/PC_petrol_Euro-6ab;Gasoline;1773509249;2026-03-14 17:27:29;2026-03-14 17:27:29;0,0;1,410031;1,410031;0,0;12,45641946147186;28774,328955999998;271,4309675;-28502,897988499997;-1,4251448994249998;8,577784000000001;1,9889899999999998;40,77564360647124;-73,96068698429804;40,77297409896376;-73,96219846678166;40,7768546;-73,9755068;40,7704772;-73,9756095;True;True;0xCDcF7b2a3352a32cc28FD35C3924f5BD542a25Ea;131;131;131;0;0,0;3,4531037268060736;9,165475120458247;5,712371393652173;133;0;131;0,0;False;-0,000613298253614907;-0,010895687018769654;2,0
33;vehicles_step_sim_9.csv;SUMO_carro_1000;HBEFA4/PC_petrol_Euro-6ab;Gasoline;1773509249;2026-03-14 17:27:29;2026-03-14 17:27:29;0,0;1,410031;1,410031;0,0;12,45641946147186;28774,328955999998;271,4309675;-28502,897988499997;-1,4251448994249998;8,577784000000001;1,9889899999999998;40,77564360647124;-73,96068698429804;40,77297409896376;-73,96219846678166;40,7845594;-73,9673488;40,784244;-73,9667779;True;True;0xCDcF7b2a3352a32cc28FD35C3924f5BD542a25Ea;131;131;131;0;0,0;3,4531037268060736;1,8021287249747433;-1,6509750018313303;133;0;131;0,0;False;0,009621036027818069;-0,005828684189849511;2,0
34;vehicles_step_sim_9.csv;SUMO_carro_1000;HBEFA4/PC_petrol_Euro-6ab;Gasoline;1773509249;2026-03-14 17:27:29;2026-03-14 17:27:29;0,0;1,410031;1,410031;0,0;12,45641946147186;28774,328955999998;271,4309675;-28502,897988499997;-1,4251448994249998;8,577784000000001;1,9889899999999998;40,77564360647124;-73,96068698429804;40,77297409896376;-73,96219846678166;40,7671119;-73,9543413;40,7644873;-73,9560727;True;True;0xCDcF7b2a3352a32cc28FD35C3924f5BD542a25Ea;131;131;131;0;0,0;3,4531037268060736;4,154705020484438;0,7016012936783644;133;0;131;0,0;False;-0,008690377399614369;0,00558043031667808;2,0
35;vehicles_step_sim_9.csv;SUMO_carro_1000;HBEFA4/PC_petrol_Euro-6ab;Gasoline;1773509249;2026-03-14 17:27:29;2026-03-14 17:27:29;0,0;1,410031;1,410031;0,0;12,45641946147186;28774,328955999998;271,4309675;-28502,897988499997;-1,4251448994249998;8,577784000000001;1,9889899999999998;40,77564360647124;-73,96068698429804;40,77297409896376;-73,96219846678166;40,779418;-73,9774928;40,7770459;-73,9790712;True;True;0xCDcF7b2a3352a32cc28FD35C3924f5BD542a25Ea;131;131;131;0;0,0;3,4531037268060736;3,8150881981268143;0,36198447132074074;133;0;131;0,0;False;0,004289241505545038;-0,01716630804249651;2,0
36;vehicles_step_sim_9.csv;SUMO_carro_1000;HBEFA4/PC_petrol_Euro-6ab;Gasoline;1773509249;2026-03-14 17:27:29;2026-03-14 17:27:29;0,0;1,410031;1,410031;0,0;12,45641946147186;28774,328955999998;271,4309675;-28502,897988499997;-1,4251448994249998;8,577784000000001;1,9889899999999998;40,77564360647124;-73,96068698429804;40,77297409896376;-73,96219846678166;40,7731065;-73,954479;40,7704475;-73,9542493;True;True;0xCDcF7b2a3352a32cc28FD35C3924f5BD542a25Ea;131;131;131;0;0,0;3,4531037268060736;3,432934591377746;-0,020169135428327767;133;0;131;0,0;False;-0,0021965840459176418;0,006920290192828394;2,0
37;vehicles_step_sim_9.csv;SUMO_carro_1000;HBEFA4/PC_petrol_Euro-6ab;Gasoline;1773509249;2026-03-14 17:27:29;2026-03-14 17:27:29;0,0;1,410031;1,410031;0,0;12,45641946147186;28774,328955999998;271,4309675;-28502,897988499997;-1,4251448994249998;8,577784000000001;1,9889899999999998;40,77564360647124;-73,96068698429804;40,77297409896376;-73,96219846678166;40,7884801;-73,9708999;40,7858627;-73,9728088;True;True;0xCDcF7b2a3352a32cc28FD35C3924f5BD542a25Ea;131;131;131;0;0,0;3,4531037268060736;3,4246810915837727;-0,02842263522230093;133;0;131;0,0;False;0,012796580007468972;-0,010840246465851154;2,0
38;vehicles_step_sim_9.csv;SUMO_carro_1000;HBEFA4/PC_petrol_Euro-6ab;Gasoline;1773509249;2026-03-14 17:27:29;2026-03-14 17:27:29;0,0;1,410031;1,410031;0,0;12,45641946147186;28774,328955999998;271,4309675;-28502,897988499997;-1,4251448994249998;8,577784000000001;1,9889899999999998;40,77564360647124;-73,96068698429804;40,77297409896376;-73,96219846678166;40,7749695;-73,9770367;40,7724681;-73,978865;True;True;0xCDcF7b2a3352a32cc28FD35C3924f5BD542a25Ea;131;131;131;0;0,0;3,4531037268060736;2,585849003126797;-0,8672547236792765;133;0;131;0,0;False;-0,000277100520196122;-0,01667132160935315;2,0
39;vehicles_step_sim_9.csv;SUMO_carro_1000;HBEFA4/PC_petrol_Euro-6ab;Gasoline;1773509249;2026-03-14 17:27:29;2026-03-14 17:27:29;0,0;1,410031;1,410031;0,0;12,45641946147186;28774,328955999998;271,4309675;-28502,897988499997;-1,4251448994249998;8,577784000000001;1,9889899999999998;40,77564360647124;-73,96068698429804;40,77297409896376;-73,96219846678166;40,7711274;-73,9477205;40,7685229;-73,949282;True;True;0xCDcF7b2a3352a32cc28FD35C3924f5BD542a25Ea;131;131;131;0;0,0;3,4531037268060736;2,834469214946127;-0,6186345118599466;133;0;131;0,0;False;-0,004539732432135213;0,012801914162692737;2,0
40;vehicles_step_sim_9.csv;SUMO_carro_1000;HBEFA4/PC_petrol_Euro-6ab;Gasoline;1773509249;2026-03-14 17:27:29;2026-03-14 17:27:29;0,0;1,410031;1,410031;0,0;12,45641946147186;28774,328955999998;271,4309675;-28502,897988499997;-1,4251448994249998;8,577784000000001;1,9889899999999998;40,77564360647124;-73,96068698429804;40,77297409896376;-73,96219846678166;40,7782247;-73,9746579;40,7755936;-73,976586;True;True;0xCDcF7b2a3352a32cc28FD35C3924f5BD542a25Ea;131;131;131;0;0,0;3,4531037268060736;2,464129683009328;-0,9889740437967456;133;0;131;0,0;False;0,002987743079810187;-0,014619652947364396;2,0
41;vehicles_step_sim_9.csv;SUMO_carro_1000;HBEFA4/PC_petrol_Euro-6ab;Gasoline;1773509249;2026-03-14 17:27:29;2026-03-14 17:27:29;0,0;1,410031;1,410031;0,0;12,45641946147186;28774,328955999998;271,4309675;-28502,897988499997;-1,4251448994249998;8,577784000000001;1,9889899999999998;40,77564360647124;-73,96068698429804;40,77297409896376;-73,96219846678166;40,7726116;-73,9556111;40,7700666;-73,9572817;True;True;0xCDcF7b2a3352a32cc28FD35C3924f5BD542a25Ea;131;131;131;0;0,0;3,4531037268060736;3,6679003614965757;0,21479663469050214;133;0;131;0,0;False;-0,0032266192466233663;0,00500389134842069;2,0
42;vehicles_step_sim_9.csv;SUMO_carro_1000;HBEFA4/PC_petrol_Euro-6ab;Gasoline;1773509249;2026-03-14 17:27:29;2026-03-14 17:27:29;0,0;1,410031;1,410031;0,0;12,45641946147186;28774,328955999998;271,4309675;-28502,897988499997;-1,4251448994249998;8,577784000000001;1,9889899999999998;40,77564360647124;-73,96068698429804;40,77297409896376;-73,96219846678166;40,7592574;-73,962232;40,755933;-73,9632295;True;True;0xCDcF7b2a3352a32cc28FD35C3924f5BD542a25Ea;131;131;131;0;0,0;3,4531037268060736;3,727534595269225;0,27443086846315135;133;0;131;0,0;False;-0,01655200432149049;-0,00128426479951012;2,0
43;vehicles_step_sim_9.csv;SUMO_carro_1000;HBEFA4/PC_petrol_Euro-6ab;Gasoline;1773509249;2026-03-14 17:27:29;2026-03-14 17:27:29;0,0;1,410031;1,410031;0,0;12,45641946147186;28774,328955999998;271,4309675;-28502,897988499997;-1,4251448994249998;8,577784000000001;1,9889899999999998;40,77564360647124;-73,96068698429804;40,77297409896376;-73,96219846678166;40,7805056;-73,9500443;40,7777944;-73,9518067;True;True;0xCDcF7b2a3352a32cc28FD35C3924f5BD542a25Ea;131;131;131;0;0,0;3,4531037268060736;3,680166501353369;0,2270627745472953;133;0;131;0,0;False;0,004698437738302168;0,010138933699547173;2,0
44;vehicles_step_sim_9.csv;SUMO_carro_1000;HBEFA4/PC_petrol_Euro-6ab;Gasoline;1773509249;2026-03-14 17:27:29;2026-03-14 17:27:29;0,0;1,410031;1,410031;0,0;12,45641946147186;28774,328955999998;271,4309675;-28502,897988499997;-1,4251448994249998;8,577784000000001;1,9889899999999998;40,77564360647124;-73,96068698429804;40,77297409896376;-73,96219846678166;40,7736594;-73,9579345;40,7710093;-73,9595157;True;True;0xCDcF7b2a3352a32cc28FD35C3924f5BD542a25Ea;131;131;131;0;0,0;3,4531037268060736;3,694144743601587;0,24104101679551349;133;0;131;0,0;False;-0,0020244979171296007;0,0028029144241925627;2,0
45;vehicles_step_sim_9.csv;SUMO_carro_1000;HBEFA4/PC_petrol_Euro-6ab;Gasoline;1773509249;2026-03-14 17:27:29;2026-03-14 17:27:29;0,0;1,410031;1,410031;0,0;12,45641946147186;28774,328955999998;271,4309675;-28502,897988499997;-1,4251448994249998;8,577784000000001;1,9889899999999998;40,77564360647124;-73,96068698429804;40,77297409896376;-73,96219846678166;40,7618461;-73,957576;40,759499;-73,9597424;True;True;0xCDcF7b2a3352a32cc28FD35C3924f5BD542a25Ea;131;131;131;0;0,0;3,4531037268060736;3,0166959927154844;-0,4364077340905892;133;0;131;0,0;False;-0,013564420571804939;0,0024814295360792945;2,0
46;vehicles_step_sim_9.csv;SUMO_carro_1000;HBEFA4/PC_petrol_Euro-6ab;Gasoline;1773509249;2026-03-14 17:27:29;2026-03-14 17:27:29;0,0;1,410031;1,410031;0,0;12,45641946147186;28774,328955999998;271,4309675;-28502,897988499997;-1,4251448994249998;8,577784000000001;1,9889899999999998;40,77564360647124;-73,96068698429804;40,77297409896376;-73,96219846678166;40,7634433;-73,9711009;40,7609576;-73,9731998;True;True;0xCDcF7b2a3352a32cc28FD35C3924f5BD542a25Ea;131;131;131;0;0,0;3,4531037268060736;3,3529530070269065;-0,10015071977916712;133;0;131;0,0;False;-0,012432356284215134;-0,0105190482553288;2,0
47;vehicles_step_sim_9.csv;SUMO_carro_1000;HBEFA4/PC_petrol_Euro-6ab;Gasoline;1773509249;2026-03-14 17:27:29;2026-03-14 17:27:29;0,0;1,410031;1,410031;0,0;12,45641946147186;28774,328955999998;271,4309675;-28502,897988499997;-1,4251448994249998;8,577784000000001;1,9889899999999998;40,77564360647124;-73,96068698429804;40,77297409896376;-73,96219846678166;40,7858191;-73,9488752;40,7832124;-73,950612;True;True;0xCDcF7b2a3352a32cc28FD35C3924f5BD542a25Ea;131;131;131;0;0,0;3,4531037268060736;4,4325580002090605;0,979454273402987;133;0;131;0,0;False;0,009873401541426607;0,01175390740582954;2,0
48;vehicles_step_sim_9.csv;SUMO_carro_1000;HBEFA4/PC_petrol_Euro-6ab;Gasoline;1773509249;2026-03-14 17:27:29;2026-03-14 17:27:29;0,0;1,410031;1,410031;0,0;12,45641946147186;28774,328955999998;271,4309675;-28502,897988499997;-1,4251448994249998;8,577784000000001;1,9889899999999998;40,77564360647124;-73,96068698429804;40,77297409896376;-73,96219846678166;40,766036;-73,965554;40,7635412;-73,9672338;True;True;0xCDcF7b2a3352a32cc28FD35C3924f5BD542a25Ea;131;131;131;0;0,0;3,4531037268060736;4,343757683968298;0,8906539571622245;133;0;131;0,0;False;-0,0090876995395447;-0,005132341499424902;2,0
49;vehicles_step_sim_9.csv;SUMO_carro_1000;HBEFA4/PC_petrol_Euro-6ab;Gasoline;1773509249;2026-03-14 17:27:29;2026-03-14 17:27:29;0,0;1,410031;1,410031;0,0;12,45641946147186;28774,328955999998;271,4309675;-28502,897988499997;-1,4251448994249998;8,577784000000001;1,9889899999999998;40,77564360647124;-73,96068698429804;40,77297409896376;-73,96219846678166;40,7704772;-73,9756095;40,7662706;-73,9776429;True;True;0xCDcF7b2a3352a32cc28FD35C3924f5BD542a25Ea;131;131;131;0;0,0;3,4531037268060736;3,961343907964192;0,5082401811581185;133;0;131;0,0;False;-0,005616872866717748;-0,014953176705592926;2,0
50;vehicles_step_sim_9.csv;SUMO_carro_1000;HBEFA4/PC_petrol_Euro-6ab;Gasoline;1773509249;2026-03-14 17:27:29;2026-03-14 17:27:29;0,0;1,410031;1,410031;0,0;12,45641946147186;28774,328955999998;271,4309675;-28502,897988499997;-1,4251448994249998;8,577784000000001;1,9889899999999998;40,77564360647124;-73,96068698429804;40,77297409896376;-73,96219846678166;40,7858619;-73,974777;40,7835942;-73,9752785;True;True;0xCDcF7b2a3352a32cc28FD35C3924f5BD542a25Ea;131;131;131;0;0,0;3,4531037268060736;3,5042139491905946;0,05111022238452101;133;0;131;0,0;False;0,010764107249775872;-0,013686520476397524;2,0
51;vehicles_step_sim_9.csv;SUMO_carro_1000;HBEFA4/PC_petrol_Euro-6ab;Gasoline;1773509249;2026-03-14 17:27:29;2026-03-14 17:27:29;0,0;1,410031;1,410031;0,0;12,45641946147186;28774,328955999998;271,4309675;-28502,897988499997;-1,4251448994249998;8,577784000000001;1,9889899999999998;40,77564360647124;-73,96068698429804;40,77297409896376;-73,96219846678166;40,7809576;-73,9587277;40,7782261;-73,960593;True;True;0xCDcF7b2a3352a32cc28FD35C3924f5BD542a25Ea;131;131;131;0;0,0;3,4531037268060736;3,8500489893725223;0,3969452625664487;133;0;131;0,0;False;0,005336142279269539;0,0021711823610352124;2,0
52;vehicles_step_sim_9.csv;SUMO_carro_1000;HBEFA4/PC_petrol_Euro-6ab;Gasoline;1773509249;2026-03-14 17:27:29;2026-03-14 17:27:29;0,0;1,410031;1,410031;0,0;12,45641946147186;28774,328955999998;271,4309675;-28502,897988499997;-1,4251448994249998;8,577784000000001;1,9889899999999998;40,77564360647124;-73,96068698429804;40,77297409896376;-73,96219846678166;40,7807617;-73,9545276;40,7784206;-73,9551541;True;True;0xCDcF7b2a3352a32cc28FD35C3924f5BD542a25Ea;131;131;131;0;0,0;3,4531037268060736;3,498964678430959;0,04586095162488535;133;0;131;0,0;False;0,005106973437647082;0,006799221006327151;2,0
53;vehicles_step_sim_9.csv;SUMO_carro_1000;HBEFA4/PC_petrol_Euro-6ab;Gasoline;1773509249;2026-03-14 17:27:29;2026-03-14 17:27:29;0,0;1,410031;1,410031;0,0;12,45641946147186;28774,328955999998;271,4309675;-28502,897988499997;-1,4251448994249998;8,577784000000001;1,9889899999999998;40,77564360647124;-73,96068698429804;40,77297409896376;-73,96219846678166;40,7897945;-73,9662234;40,7872811;-73,9680574;True;True;0xCDcF7b2a3352a32cc28FD35C3924f5BD542a25Ea;131;131;131;0;0,0;3,4531037268060736;2,2706539788949205;-1,182449747911153;133;0;131;0,0;False;0,014718973147613463;-0,006532705977513472;2,0
54;vehicles_step_sim_9.csv;SUMO_carro_1000;HBEFA4/PC_petrol_Euro-6ab;Gasoline;1773509249;2026-03-14 17:27:29;2026-03-14 17:27:29;0,0;1,410031;1,410031;0,0;12,45641946147186;28774,328955999998;271,4309675;-28502,897988499997;-1,4251448994249998;8,577784000000001;1,9889899999999998;40,77564360647124;-73,96068698429804;40,77297409896376;-73,96219846678166;40,763858;-73,9542116;40,7611782;-73,9558329;True;True;0xCDcF7b2a3352a32cc28FD35C3924f5BD542a25Ea;131;131;131;0;0,0;3,4531037268060736;3,3181471217521934;-0,13495660505388019;133;0;131;0,0;False;-0,01183717985072946;0,00651002126272368;2,0
55;vehicles_step_sim_9.csv;SUMO_carro_1000;HBEFA4/PC_petrol_Euro-6ab;Gasoline;1773509249;2026-03-14 17:27:29;2026-03-14 17:27:29;0,0;1,410031;1,410031;0,0;12,45641946147186;28774,328955999998;271,4309675;-28502,897988499997;-1,4251448994249998;8,577784000000001;1,9889899999999998;40,77564360647124;-73,96068698429804;40,77297409896376;-73,96219846678166;40,7809132;-73,9510136;40,7779409;-73,9518781;True;True;0xCDcF7b2a3352a32cc28FD35C3924f5BD542a25Ea;131;131;131;0;0,0;3,4531037268060736;3,273392206980063;-0,1797115198260104;133;0;131;0,0;False;0,0054912074385230925;0,00952134962252951;2,0
56;vehicles_step_sim_9.csv;SUMO_carro_1000;HBEFA4/PC_petrol_Euro-6ab;Gasoline;1773509249;2026-03-14 17:27:29;2026-03-14 17:27:29;0,0;1,410031;1,410031;0,0;12,45641946147186;28774,328955999998;271,4309675;-28502,897988499997;-1,4251448994249998;8,577784000000001;1,9889899999999998;40,77564360647124;-73,96068698429804;40,77297409896376;-73,96219846678166;40,786509;-73,9503452;40,783895;-73,952242;True;True;0xCDcF7b2a3352a32cc28FD35C3924f5BD542a25Ea;131;131;131;0;0,0;3,4531037268060736;3,65950790418433;0,20640417737825656;133;0;131;0,0;False;0,010945624483332002;0,010703307886145286;2,0
57;vehicles_step_sim_9.csv;SUMO_carro_1000;HBEFA4/PC_petrol_Euro-6ab;Gasoline;1773509249;2026-03-14 17:27:29;2026-03-14 17:27:29;0,0;1,410031;1,410031;0,0;12,45641946147186;28774,328955999998;271,4309675;-28502,897988499997;-1,4251448994249998;8,577784000000001;1,9889899999999998;40,77564360647124;-73,96068698429804;40,77297409896376;-73,96219846678166;40,7833926;-73,964168;40,7827824;-73,9636095;True;True;0xCDcF7b2a3352a32cc28FD35C3924f5BD542a25Ea;131;131;131;0;0,0;3,4531037268060736;4,994465364642024;1,5413616378359505;133;0;131;0,0;False;0,009761365471884841;-0,0018225092319817202;2,0
58;vehicles_step_sim_9.csv;SUMO_carro_1000;HBEFA4/PC_petrol_Euro-6ab;Gasoline;1773509249;2026-03-14 17:27:29;2026-03-14 17:27:29;0,0;1,410031;1,410031;0,0;12,45641946147186;28774,328955999998;271,4309675;-28502,897988499997;-1,4251448994249998;8,577784000000001;1,9889899999999998;40,77564360647124;-73,96068698429804;40,77297409896376;-73,96219846678166;40,7720358;-73,945639;40,7697767;-73,9479981;True;True;0xCDcF7b2a3352a32cc28FD35C3924f5BD542a25Ea;131;131;131;0;0,0;3,4531037268060736;2,450368780176176;-1,0027349466298974;133;0;131;0,0;False;-0,004138168017105811;0,015760848000560903;2,0
59;vehicles_step_sim_9.csv;SUMO_carro_1000;HBEFA4/PC_petrol_Euro-6ab;Gasoline;1773509249;2026-03-14 17:27:29;2026-03-14 17:27:29;0,0;1,410031;1,410031;0,0;12,45641946147186;28774,328955999998;271,4309675;-28502,897988499997;-1,4251448994249998;8,577784000000001;1,9889899999999998;40,77564360647124;-73,96068698429804;40,77297409896376;-73,96219846678166;40,7774252;-73,9430289;40,7748487;-73,9448444;True;True;0xCDcF7b2a3352a32cc28FD35C3924f5BD542a25Ea;131;131;131;0;0,0;3,4531037268060736;2,9928361338584977;-0,4602675929475759;133;0;131;0,0;False;0,001709096196866125;0,017788713498466092;2,0
60;vehicles_step_sim_9.csv;SUMO_carro_1000;HBEFA4/PC_petrol_Euro-6ab;Gasoline;1773509249;2026-03-14 17:27:29;2026-03-14 17:27:29;0,0;1,410031;1,410031;0,0;12,45641946147186;28774,328955999998;271,4309675;-28502,897988499997;-1,4251448994249998;8,577784000000001;1,9889899999999998;40,77564360647124;-73,96068698429804;40,77297409896376;-73,96219846678166;40,7893529;-73,9570893;40,7865434;-73,9567593;True;True;0xCDcF7b2a3352a32cc28FD35C3924f5BD542a25Ea;131;131;131;0;0,0;3,4531037268060736;3,008845921349381;-0,4442578054566928;133;0;131;0,0;False;0,014174444107980735;0,003944076543384126;2,0
61;vehicles_step_sim_9.csv;SUMO_carro_1000;HBEFA4/PC_petrol_Euro-6ab;Gasoline;1773509249;2026-03-14 17:27:29;2026-03-14 17:27:29;0,0;1,410031;1,410031;0,0;12,45641946147186;28774,328955999998;271,4309675;-28502,897988499997;-1,4251448994249998;8,577784000000001;1,9889899999999998;40,77564360647124;-73,96068698429804;40,77297409896376;-73,96219846678166;40,7840305;-73,9661854;40,7790791;-73,9688949;True;True;0xCDcF7b2a3352a32cc28FD35C3924f5BD542a25Ea;131;131;131;0;0,0;3,4531037268060736;5,488645123119994;2,0355413963139206;133;0;131;0,0;False;0,006757756495865003;-0,006039125180017384;2,0
62;vehicles_step_sim_9.csv;SUMO_carro_1000;HBEFA4/PC_petrol_Euro-6ab;Gasoline;1773509249;2026-03-14 17:27:29;2026-03-14 17:27:29;0,0;1,410031;1,410031;0,0;12,45641946147186;28774,328955999998;271,4309675;-28502,897988499997;-1,4251448994249998;8,577784000000001;1,9889899999999998;40,77564360647124;-73,96068698429804;40,77297409896376;-73,96219846678166;40,7616202;-73,9665469;40,7591949;-73,9682422;True;True;0xCDcF7b2a3352a32cc28FD35C3924f5BD542a25Ea;131;131;131;0;0,0;3,4531037268060736;3,914768512894333;0,4616647860882592;133;0;131;0,0;False;-0,01396612751616695;-0,005804721042202037;2,0
63;vehicles_step_sim_9.csv;SUMO_carro_1000;HBEFA4/PC_petrol_Euro-6ab;Gasoline;1773509249;2026-03-14 17:27:29;2026-03-14 17:27:29;0,0;1,410031;1,410031;0,0;12,45641946147186;28774,328955999998;271,4309675;-28502,897988499997;-1,4251448994249998;8,577784000000001;1,9889899999999998;40,77564360647124;-73,96068698429804;40,77297409896376;-73,96219846678166;40,7826933;-73,9513459;40,780188;-73,9531692;True;True;0xCDcF7b2a3352a32cc28FD35C3924f5BD542a25Ea;131;131;131;0;0,0;3,4531037268060736;3,3706431996512185;-0,08246052715485508;133;0;131;0,0;False;0,007076204117990589;0,008862112340797547;2,0
64;vehicles_step_sim_9.csv;SUMO_carro_1000;HBEFA4/PC_petrol_Euro-6ab;Gasoline;1773509249;2026-03-14 17:27:29;2026-03-14 17:27:29;0,0;1,410031;1,410031;0,0;12,45641946147186;28774,328955999998;271,4309675;-28502,897988499997;-1,4251448994249998;8,577784000000001;1,9889899999999998;40,77564360647124;-73,96068698429804;40,77297409896376;-73,96219846678166;40,7624786;-73,9569538;40,7595387;-73,9580566;True;True;0xCDcF7b2a3352a32cc28FD35C3924f5BD542a25Ea;131;131;131;0;0,0;3,4531037268060736;3,726202651705896;0,27309892489982257;133;0;131;0,0;False;-0,013348368739380662;0,004150451101443876;2,0
65;vehicles_step_sim_9.csv;SUMO_carro_1000;HBEFA4/PC_petrol_Euro-6ab;Gasoline;1773509249;2026-03-14 17:27:29;2026-03-14 17:27:29;0,0;1,410031;1,410031;0,0;12,45641946147186;28774,328955999998;271,4309675;-28502,897988499997;-1,4251448994249998;8,577784000000001;1,9889899999999998;40,77564360647124;-73,96068698429804;40,77297409896376;-73,96219846678166;40,7757337;-73,9646383;40,7731947;-73,9664926;True;True;0xCDcF7b2a3352a32cc28FD35C3924f5BD542a25Ea;131;131;131;0;0,0;3,4531037268060736;2,5754269257469424;-0,8776768010591312;133;0;131;0,0;False;0,0008566165966802644;-0,005700243328186471;2,0
66;vehicles_step_sim_9.csv;SUMO_carro_1000;HBEFA4/PC_petrol_Euro-6ab;Gasoline;1773509249;2026-03-14 17:27:29;2026-03-14 17:27:29;0,0;1,410031;1,410031;0,0;12,45641946147186;28774,328955999998;271,4309675;-28502,897988499997;-1,4251448994249998;8,577784000000001;1,9889899999999998;40,77564360647124;-73,96068698429804;40,77297409896376;-73,96219846678166;40,7590118;-73,9583867;40,7549836;-73,9573429;True;True;0xCDcF7b2a3352a32cc28FD35C3924f5BD542a25Ea;131;131;131;0;0,0;3,4531037268060736;5,103127507278613;1,650023780472539;133;0;131;0,0;False;-0,017531186569888568;0,0038458873000308132;2,0
67;vehicles_step_sim_9.csv;SUMO_carro_1000;HBEFA4/PC_petrol_Euro-6ab;Gasoline;1773509249;2026-03-14 17:27:29;2026-03-14 17:27:29;0,0;1,410031;1,410031;0,0;12,45641946147186;28774,328955999998;271,4309675;-28502,897988499997;-1,4251448994249998;8,577784000000001;1,9889899999999998;40,77564360647124;-73,96068698429804;40,77297409896376;-73,96219846678166;40,7712617;-73,9595056;40,7688501;-73,9605661;True;True;0xCDcF7b2a3352a32cc28FD35C3924f5BD542a25Ea;131;131;131;0;0,0;3,4531037268060736;3,864804937231016;0,41170121042494223;133;0;131;0,0;False;-0,004444542006053349;0,0013447344599803474;2,0
68;vehicles_step_sim_9.csv;SUMO_carro_1000;HBEFA4/PC_petrol_Euro-6ab;Gasoline;1773509249;2026-03-14 17:27:29;2026-03-14 17:27:29;0,0;1,410031;1,410031;0,0;12,45641946147186;28774,328955999998;271,4309675;-28502,897988499997;-1,4251448994249998;8,577784000000001;1,9889899999999998;40,77564360647124;-73,96068698429804;40,77297409896376;-73,96219846678166;40,7898769;-73,9543231;40,7883331;-73,9562607;True;True;0xCDcF7b2a3352a32cc28FD35C3924f5BD542a25Ea;131;131;131;0;0,0;3,4531037268060736;3,564636498857429;0,11153277205135526;133;0;131;0,0;False;0,015326586830653832;0,004571999724391949;2,0
69;vehicles_step_sim_9.csv;SUMO_carro_1000;HBEFA4/PC_petrol_Euro-6ab;Gasoline;1773509249;2026-03-14 17:27:29;2026-03-14 17:27:29;0,0;1,410031;1,410031;0,0;12,45641946147186;28774,328955999998;271,4309675;-28502,897988499997;-1,4251448994249998;8,577784000000001;1,9889899999999998;40,77564360647124;-73,96068698429804;40,77297409896376;-73,96219846678166;40,7901233;-73,9591053;40,7840229;-73,958603;True;True;0xCDcF7b2a3352a32cc28FD35C3924f5BD542a25Ea;131;131;131;0;0,0;3,4531037268060736;4,549248709320881;1,096144982514807;133;0;131;0,0;False;0,012180066923488055;0,0007385029760946095;2,0
70;vehicles_step_sim_9.csv;SUMO_carro_1000;HBEFA4/PC_petrol_Euro-6ab;Gasoline;1773509249;2026-03-14 17:27:29;2026-03-14 17:27:29;0,0;1,410031;1,410031;0,0;12,45641946147186;28774,328955999998;271,4309675;-28502,897988499997;-1,4251448994249998;8,577784000000001;1,9889899999999998;40,77564360647124;-73,96068698429804;40,77297409896376;-73,96219846678166;40,7891709;-73,9666796;40,7865517;-73,9684311;True;True;0xCDcF7b2a3352a32cc28FD35C3924f5BD542a25Ea;131;131;131;0;0,0;3,4531037268060736;2,8435456043154788;-0,6095581224905948;133;0;131;0,0;False;0,013394619184865814;-0,006468992089574884;2,0
71;vehicles_step_sim_9.csv;SUMO_carro_1000;HBEFA4/PC_petrol_Euro-6ab;Gasoline;1773509249;2026-03-14 17:27:29;2026-03-14 17:27:29;0,0;1,410031;1,410031;0,0;12,45641946147186;28774,328955999998;271,4309675;-28502,897988499997;-1,4251448994249998;8,577784000000001;1,9889899999999998;40,77564360647124;-73,96068698429804;40,77297409896376;-73,96219846678166;40,7794933;-73,9476469;40,7767909;-73,9491393;True;True;0xCDcF7b2a3352a32cc28FD35C3924f5BD542a25Ea;131;131;131;0;0,0;3,4531037268060736;3,7784715084008758;0,3253677815948022;133;0;131;0,0;False;0,003978973152746311;0,013132123360123971;2,0
72;vehicles_step_sim_9.csv;SUMO_carro_1000;HBEFA4/PC_petrol_Euro-6ab;Gasoline;1773509249;2026-03-14 17:27:29;2026-03-14 17:27:29;0,0;1,410031;1,410031;0,0;12,45641946147186;28774,328955999998;271,4309675;-28502,897988499997;-1,4251448994249998;8,577784000000001;1,9889899999999998;40,77564360647124;-73,96068698429804;40,77297409896376;-73,96219846678166;40,7667168;-73,9506095;40,762866;-73,9491994;True;True;0xCDcF7b2a3352a32cc28FD35C3924f5BD542a25Ea;131;131;131;0;0,0;3,4531037268060736;5,945113617513083;2,49200989070701;133;0;131;0,0;False;-0,010310173279448538;0,013476219306846601;2,0
73;vehicles_step_sim_9.csv;SUMO_carro_1000;HBEFA4/PC_petrol_Euro-6ab;Gasoline;1773509249;2026-03-14 17:27:29;2026-03-14 17:27:29;0,0;1,410031;1,410031;0,0;12,45641946147186;28774,328955999998;271,4309675;-28502,897988499997;-1,4251448994249998;8,577784000000001;1,9889899999999998;40,77564360647124;-73,96068698429804;40,77297409896376;-73,96219846678166;40,7789505;-73,968591;40,7755427;-73,9764626;True;True;0xCDcF7b2a3352a32cc28FD35C3924f5BD542a25Ea;131;131;131;0;0,0;3,4531037268060736;10,73494763675983;7,281843909953757;133;0;131;0,0;False;0,0006821147516397717;-0,00987738419985293;2,0
74;vehicles_step_sim_9.csv;SUMO_carro_1000;HBEFA4/PC_petrol_Euro-6ab;Gasoline;1773509249;2026-03-14 17:27:29;2026-03-14 17:27:29;0,0;1,410031;1,410031;0,0;12,45641946147186;28774,328955999998;271,4309675;-28502,897988499997;-1,4251448994249998;8,577784000000001;1,9889899999999998;40,77564360647124;-73,96068698429804;40,77297409896376;-73,96219846678166;40,7603611;-73,9645392;40,7579652;-73,9660957;True;True;0xCDcF7b2a3352a32cc28FD35C3924f5BD542a25Ea;131;131;131;0;0,0;3,4531037268060736;3,666987751101416;0,21388402429534237;133;0;131;0,0;False;-0,015191562980971149;-0,0037849910689156797;2,0
75;vehicles_step_sim_9.csv;SUMO_carro_1000;HBEFA4/PC_petrol_Euro-6ab;Gasoline;1773509249;2026-03-14 17:27:29;2026-03-14 17:27:29;0,0;1,410031;1,410031;0,0;12,45641946147186;28774,328955999998;271,4309675;-28502,897988499997;-1,4251448994249998;8,577784000000001;1,9889899999999998;40,77564360647124;-73,96068698429804;40,77297409896376;-73,96219846678166;40,7661501;-73,9695418;40,7634433;-73,9711009;True;True;0xCDcF7b2a3352a32cc28FD35C3924f5BD542a25Ea;131;131;131;0;0,0;3,4531037268060736;3,980335115733293;0,5272313889272193;133;0;131;0,0;False;-0,00941762638619846;-0,008491078404189929;2,0
76;vehicles_step_sim_9.csv;SUMO_carro_1000;HBEFA4/PC_petrol_Euro-6ab;Gasoline;1773509249;2026-03-14 17:27:29;2026-03-14 17:27:29;0,0;1,410031;1,410031;0,0;12,45641946147186;28774,328955999998;271,4309675;-28502,897988499997;-1,4251448994249998;8,577784000000001;1,9889899999999998;40,77564360647124;-73,96068698429804;40,77297409896376;-73,96219846678166;40,7736588;-73,9558031;40,7714515;-73,956604;True;True;0xCDcF7b2a3352a32cc28FD35C3924f5BD542a25Ea;131;131;131;0;0,0;3,4531037268060736;3,0768293709192784;-0,37627435588679514;133;0;131;0,0;False;-0,001301431203443542;0,004881511251981329;2,0
77;vehicles_step_sim_9.csv;SUMO_carro_1000;HBEFA4/PC_petrol_Euro-6ab;Gasoline;1773509249;2026-03-14 17:27:29;2026-03-14 17:27:29;0,0;1,410031;1,410031;0,0;12,45641946147186;28774,328955999998;271,4309675;-28502,897988499997;-1,4251448994249998;8,577784000000001;1,9889899999999998;40,77564360647124;-73,96068698429804;40,77297409896376;-73,96219846678166;40,7618695;-73,9673247;40,7590133;-73,968616;True;True;0xCDcF7b2a3352a32cc28FD35C3924f5BD542a25Ea;131;131;131;0;0,0;3,4531037268060736;3,9288013343657933;0,4756976075597197;133;0;131;0,0;False;-0,014098364920541244;-0,006680243396279943;2,0
78;vehicles_step_sim_9.csv;SUMO_carro_1000;HBEFA4/PC_petrol_Euro-6ab;Gasoline;1773509249;2026-03-14 17:27:29;2026-03-14 17:27:29;0,0;1,410031;1,410031;0,0;12,45641946147186;28774,328955999998;271,4309675;-28502,897988499997;-1,4251448994249998;8,577784000000001;1,9889899999999998;40,77564360647124;-73,96068698429804;40,77297409896376;-73,96219846678166;40,7885487;-73,9669851;40,7848792;-73,9680177;True;True;0xCDcF7b2a3352a32cc28FD35C3924f5BD542a25Ea;131;131;131;0;0,0;3,4531037268060736;4,148983469972467;0,695879743166393;133;0;131;0,0;False;0,012628267250341434;-0,005501926700086826;2,0
79;vehicles_step_sim_9.csv;SUMO_carro_1000;HBEFA4/PC_petrol_Euro-6ab;Gasoline;1773509249;2026-03-14 17:27:29;2026-03-14 17:27:29;0,0;1,410031;1,410031;0,0;12,45641946147186;28774,328955999998;271,4309675;-28502,897988499997;-1,4251448994249998;8,577784000000001;1,9889899999999998;40,77564360647124;-73,96068698429804;40,77297409896376;-73,96219846678166;40,7700282;-73,9514483;40,7673167;-73,9534135;True;True;0xCDcF7b2a3352a32cc28FD35C3924f5BD542a25Ea;131;131;131;0;0,0;3,4531037268060736;3,7983779880639723;0,34527426125789873;133;0;131;0,0;False;-0,0058267794478907885;0,009015129675298189;2,0
80;vehicles_step_sim_9.csv;SUMO_carro_1000;HBEFA4/PC_petrol_Euro-6ab;Gasoline;1773509249;2026-03-14 17:27:29;2026-03-14 17:27:29;0,0;1,410031;1,410031;0,0;12,45641946147186;28774,328955999998;271,4309675;-28502,897988499997;-1,4251448994249998;8,577784000000001;1,9889899999999998;40,77564360647124;-73,96068698429804;40,77297409896376;-73,96219846678166;40,7917087;-73,962752;40,7906542;-73,9654397;True;True;0xCDcF7b2a3352a32cc28FD35C3924f5BD542a25Ea;131;131;131;0;0,0;3,4531037268060736;3,1547426242018184;-0,2983611026042552;133;0;131;0,0;False;0,016957373880227212;-0,0015187331068570583;2,0
81;vehicles_step_sim_9.csv;SUMO_carro_1000;HBEFA4/PC_petrol_Euro-6ab;Gasoline;1773509249;2026-03-14 17:27:29;2026-03-14 17:27:29;0,0;1,410031;1,410031;0,0;12,45641946147186;28774,328955999998;271,4309675;-28502,897988499997;-1,4251448994249998;8,577784000000001;1,9889899999999998;40,77564360647124;-73,96068698429804;40,77297409896376;-73,96219846678166;40,7594178;-73,9533338;40,7570914;-73,955362;True;True;0xCDcF7b2a3352a32cc28FD35C3924f5BD542a25Ea;131;131;131;0;0,0;3,4531037268060736;2,7388938464026182;-0,7142098804034553;133;0;131;0,0;False;-0,015524205511494199;0,006075622827367633;2,0
82;vehicles_step_sim_9.csv;SUMO_carro_1000;HBEFA4/PC_petrol_Euro-6ab;Gasoline;1773509249;2026-03-14 17:27:29;2026-03-14 17:27:29;0,0;1,410031;1,410031;0,0;12,45641946147186;28774,328955999998;271,4309675;-28502,897988499997;-1,4251448994249998;8,577784000000001;1,9889899999999998;40,77564360647124;-73,96068698429804;40,77297409896376;-73,96219846678166;40,78164;-73,9488466;40,7788555;-73,9500343;True;True;0xCDcF7b2a3352a32cc28FD35C3924f5BD542a25Ea;131;131;131;0;0,0;3,4531037268060736;4,40623702820228;0,953133301396206;133;0;131;0,0;False;0,005835981472593457;0,01282106034985824;2,0
83;vehicles_step_sim_9.csv;SUMO_carro_1000;HBEFA4/PC_petrol_Euro-6ab;Gasoline;1773509249;2026-03-14 17:27:29;2026-03-14 17:27:29;0,0;1,410031;1,410031;0,0;12,45641946147186;28774,328955999998;271,4309675;-28502,897988499997;-1,4251448994249998;8,577784000000001;1,9889899999999998;40,77564360647124;-73,96068698429804;40,77297409896376;-73,96219846678166;40,7749852;-73,9529039;40,7726108;-73,9533096;True;True;0xCDcF7b2a3352a32cc28FD35C3924f5BD542a25Ea;131;131;131;0;0,0;3,4531037268060736;3,761726758784711;0,3086230319786374;133;0;131;0,0;False;-0,00038314185586353996;0,008463158282067151;2,0
84;vehicles_step_sim_9.csv;SUMO_carro_1000;HBEFA4/PC_petrol_Euro-6ab;Gasoline;1773509249;2026-03-14 17:27:29;2026-03-14 17:27:29;0,0;1,410031;1,410031;0,0;12,45641946147186;28774,328955999998;271,4309675;-28502,897988499997;-1,4251448994249998;8,577784000000001;1,9889899999999998;40,77564360647124;-73,96068698429804;40,77297409896376;-73,96219846678166;40,7788555;-73,9500343;40,776254;-73,9500156;True;True;0xCDcF7b2a3352a32cc28FD35C3924f5BD542a25Ea;131;131;131;0;0,0;3,4531037268060736;3,2516836242171197;-0,20142010258895393;133;0;131;0,0;False;0,003642576755748627;0,011280669608060024;2,0
85;vehicles_step_sim_9.csv;SUMO_carro_1000;HBEFA4/PC_petrol_Euro-6ab;Gasoline;1773509249;2026-03-14 17:27:29;2026-03-14 17:27:29;0,0;1,410031;1,410031;0,0;12,45641946147186;28774,328955999998;271,4309675;-28502,897988499997;-1,4251448994249998;8,577784000000001;1,9889899999999998;40,77564360647124;-73,96068698429804;40,77297409896376;-73,96219846678166;40,7807862;-73,9586251;40,7776799;-73,9592884;True;True;0xCDcF7b2a3352a32cc28FD35C3924f5BD542a25Ea;131;131;131;0;0,0;3,4531037268060736;4,277038458422413;0,8239347316163395;133;0;131;0,0;False;0,005040788348002623;0,002726623442404663;2,0
86;vehicles_step_sim_9.csv;SUMO_carro_1000;HBEFA4/PC_petrol_Euro-6ab;Gasoline;1773509249;2026-03-14 17:27:29;2026-03-14 17:27:29;0,0;1,410031;1,410031;0,0;12,45641946147186;28774,328955999998;271,4309675;-28502,897988499997;-1,4251448994249998;8,577784000000001;1,9889899999999998;40,77564360647124;-73,96068698429804;40,77297409896376;-73,96219846678166;40,7695183;-73,948231;40,7670677;-73,9503358;True;True;0xCDcF7b2a3352a32cc28FD35C3924f5BD542a25Ea;131;131;131;0;0,0;3,4531037268060736;2,534514873216498;-0,9185888535895756;133;0;131;0,0;False;-0,007155305340370185;0,014369338162137937;2,0
87;vehicles_step_sim_9.csv;SUMO_carro_1000;HBEFA4/PC_petrol_Euro-6ab;Gasoline;1773509249;2026-03-14 17:27:29;2026-03-14 17:27:29;0,0;1,410031;1,410031;0,0;12,45641946147186;28774,328955999998;271,4309675;-28502,897988499997;-1,4251448994249998;8,577784000000001;1,9889899999999998;40,77564360647124;-73,96068698429804;40,77297409896376;-73,96219846678166;40,7699455;-73,9478368;40,7674304;-73,9500185;True;True;0xCDcF7b2a3352a32cc28FD35C3924f5BD542a25Ea;131;131;131;0;0,0;3,4531037268060736;2,4117453571006653;-1,0413583697054083;133;0;131;0,0;False;-0,006419702223803559;0,014009157055419597;2,0
88;vehicles_step_sim_9.csv;SUMO_carro_1000;HBEFA4/PC_petrol_Euro-6ab;Gasoline;1773509249;2026-03-14 17:27:29;2026-03-14 17:27:29;0,0;1,410031;1,410031;0,0;12,45641946147186;28774,328955999998;271,4309675;-28502,897988499997;-1,4251448994249998;8,577784000000001;1,9889899999999998;40,77564360647124;-73,96068698429804;40,77297409896376;-73,96219846678166;40,766659;-73,9650911;40,7641545;-73,9669173;True;True;0xCDcF7b2a3352a32cc28FD35C3924f5BD542a25Ea;131;131;131;0;0,0;3,4531037268060736;3,459259983853623;0,006156257047549296;133;0;131;0,0;False;-0,008665298818667386;-0,004703578852365966;2,0
89;vehicles_step_sim_9.csv;SUMO_carro_1000;HBEFA4/PC_petrol_Euro-6ab;Gasoline;1773509249;2026-03-14 17:27:29;2026-03-14 17:27:29;0,0;1,410031;1,410031;0,0;12,45641946147186;28774,328955999998;271,4309675;-28502,897988499997;-1,4251448994249998;8,577784000000001;1,9889899999999998;40,77564360647124;-73,96068698429804;40,77297409896376;-73,96219846678166;40,7723686;-73,9670914;40,7689724;-73,9727106;True;True;0xCDcF7b2a3352a32cc28FD35C3924f5BD542a25Ea;131;131;131;0;0,0;3,4531037268060736;3,7082991774383136;0,25519545063224003;133;0;131;0,0;False;-0,002140697690535851;-0,009656920165203984;2,0
90;vehicles_step_sim_9.csv;SUMO_carro_1000;HBEFA4/PC_petrol_Euro-6ab;Gasoline;1773509249;2026-03-14 17:27:29;2026-03-14 17:27:29;0,0;1,410031;1,410031;0,0;12,45641946147186;28774,328955999998;271,4309675;-28502,897988499997;-1,4251448994249998;8,577784000000001;1,9889899999999998;40,77564360647124;-73,96068698429804;40,77297409896376;-73,96219846678166;40,7828558;-73,9636328;40,7782575;-73,9667472;True;True;0xCDcF7b2a3352a32cc28FD35C3924f5BD542a25Ea;131;131;131;0;0,0;3,4531037268060736;4,229565270527661;0,7764615437215872;133;0;131;0,0;False;0,007039258360539845;-0,0036940815404425476;2,0
91;vehicles_step_sim_9.csv;SUMO_carro_1000;HBEFA4/PC_petrol_Euro-6ab;Gasoline;1773509249;2026-03-14 17:27:29;2026-03-14 17:27:29;0,0;1,410031;1,410031;0,0;12,45641946147186;28774,328955999998;271,4309675;-28502,897988499997;-1,4251448994249998;8,577784000000001;1,9889899999999998;40,77564360647124;-73,96068698429804;40,77297409896376;-73,96219846678166;40,7881213;-73,9541807;40,7853609;-73,9555233;True;True;0xCDcF7b2a3352a32cc28FD35C3924f5BD542a25Ea;131;131;131;0;0,0;3,4531037268060736;3,774109888930904;0,3210061621248306;133;0;131;0,0;False;0,012415757760709013;0,006678086950645662;2,0
92;vehicles_step_sim_9.csv;SUMO_carro_1000;HBEFA4/PC_petrol_Euro-6ab;Gasoline;1773509249;2026-03-14 17:27:29;2026-03-14 17:27:29;0,0;1,410031;1,410031;0,0;12,45641946147186;28774,328955999998;271,4309675;-28502,897988499997;-1,4251448994249998;8,577784000000001;1,9889899999999998;40,77564360647124;-73,96068698429804;40,77297409896376;-73,96219846678166;40,7866008;-73,9547636;40,7839915;-73,9565256;True;True;0xCDcF7b2a3352a32cc28FD35C3924f5BD542a25Ea;131;131;131;0;0,0;3,4531037268060736;3,5215498454861685;0,06844611868009487;133;0;131;0,0;False;0,010879159479735442;0,0052153541298422396;2,0
93;vehicles_step_sim_9.csv;SUMO_carro_1000;HBEFA4/PC_petrol_Euro-6ab;Gasoline;1773509249;2026-03-14 17:27:29;2026-03-14 17:27:29;0,0;1,410031;1,410031;0,0;12,45641946147186;28774,328955999998;271,4309675;-28502,897988499997;-1,4251448994249998;8,577784000000001;1,9889899999999998;40,77564360647124;-73,96068698429804;40,77297409896376;-73,96219846678166;40,7885487;-73,9669851;40,7840712;-73,9663198;True;True;0xCDcF7b2a3352a32cc28FD35C3924f5BD542a25Ea;131;131;131;0;0,0;3,4531037268060736;9,429539131834225;5,976435405028152;133;0;131;0,0;False;0,011863331324573187;-0,003645833105761835;2,0
94;vehicles_step_sim_9.csv;SUMO_carro_1000;HBEFA4/PC_petrol_Euro-6ab;Gasoline;1773509249;2026-03-14 17:27:29;2026-03-14 17:27:29;0,0;1,410031;1,410031;0,0;12,45641946147186;28774,328955999998;271,4309675;-28502,897988499997;-1,4251448994249998;8,577784000000001;1,9889899999999998;40,77564360647124;-73,96068698429804;40,77297409896376;-73,96219846678166;40,7770525;-73,9617512;40,7744223;-73,9636625;True;True;0xCDcF7b2a3352a32cc28FD35C3924f5BD542a25Ea;131;131;131;0;0,0;3,4531037268060736;3,3860878124336717;-0,06701591437240184;133;0;131;0,0;False;0,001841463771169204;-0,001563146494813029;2,0
95;vehicles_step_sim_9.csv;SUMO_carro_1000;HBEFA4/PC_petrol_Euro-6ab;Gasoline;1773509249;2026-03-14 17:27:29;2026-03-14 17:27:29;0,0;1,410031;1,410031;0,0;12,45641946147186;28774,328955999998;271,4309675;-28502,897988499997;-1,4251448994249998;8,577784000000001;1,9889899999999998;40,77564360647124;-73,96068698429804;40,77297409896376;-73,96219846678166;40,7680779;-73,9587314;40,7645804;-73,9601629;True;True;0xCDcF7b2a3352a32cc28FD35C3924f5BD542a25Ea;131;131;131;0;0,0;3,4531037268060736;4,058525105523638;0,6054213787175646;133;0;131;0,0;False;-0,008285371559442188;0,002797876161490574;2,0
96;vehicles_step_sim_9.csv;SUMO_carro_1000;HBEFA4/PC_petrol_Euro-6ab;Gasoline;1773509249;2026-03-14 17:27:29;2026-03-14 17:27:29;0,0;1,410031;1,410031;0,0;12,45641946147186;28774,328955999998;271,4309675;-28502,897988499997;-1,4251448994249998;8,577784000000001;1,9889899999999998;40,77564360647124;-73,96068698429804;40,77297409896376;-73,96219846678166;40,7826198;-73,9569968;40,7801292;-73,9592074;True;True;0xCDcF7b2a3352a32cc28FD35C3924f5BD542a25Ea;131;131;131;0;0,0;3,4531037268060736;3,330584902415001;-0,12251882439107264;133;0;131;0,0;False;0,006912431292567189;0,0035348836028530456;2,0
97;vehicles_step_sim_9.csv;SUMO_carro_1000;HBEFA4/PC_petrol_Euro-6ab;Gasoline;1773509249;2026-03-14 17:27:29;2026-03-14 17:27:29;0,0;1,410031;1,410031;0,0;12,45641946147186;28774,328955999998;271,4309675;-28502,897988499997;-1,4251448994249998;8,577784000000001;1,9889899999999998;40,77564360647124;-73,96068698429804;40,77297409896376;-73,96219846678166;40,7775669;-73,9550867;40,7750281;-73,9569376;True;True;0xCDcF7b2a3352a32cc28FD35C3924f5BD542a25Ea;131;131;131;0;0,0;3,4531037268060736;3,122568736243513;-0,3305349905625605;133;0;131;0,0;False;0,0018732054666804915;0,004731558870483243;2,0
98;vehicles_step_sim_9.csv;SUMO_carro_1000;HBEFA4/PC_petrol_Euro-6ab;Gasoline;1773509249;2026-03-14 17:27:29;2026-03-14 17:27:29;0,0;1,410031;1,410031;0,0;12,45641946147186;28774,328955999998;271,4309675;-28502,897988499997;-1,4251448994249998;8,577784000000001;1,9889899999999998;40,77564360647124;-73,96068698429804;40,77297409896376;-73,96219846678166;40,7656887;-73,9530789;40,7626076;-73,9544154;True;True;0xCDcF7b2a3352a32cc28FD35C3924f5BD542a25Ea;131;131;131;0;0,0;3,4531037268060736;3,465314616348078;0,012210889542004555;133;0;131;0,0;False;-0,010129297916172343;0,00759979113083638;2,0
99;vehicles_step_sim_9.csv;SUMO_carro_1000;HBEFA4/PC_petrol_Euro-6ab;Gasoline;1773509249;2026-03-14 17:27:29;2026-03-14 17:27:29;0,0;1,410031;1,410031;0,0;12,45641946147186;28774,328955999998;271,4309675;-28502,897988499997;-1,4251448994249998;8,577784000000001;1,9889899999999998;40,77564360647124;-73,96068698429804;40,77297409896376;-73,96219846678166;40,7809132;-73,9510136;40,7787298;-73,9516712;True;True;0xCDcF7b2a3352a32cc28FD35C3924f5BD542a25Ea;131;131;131;0;0,0;3,4531037268060736;2,979638377984484;-0,4734653488215894;133;0;131;0,0;False;0,005832432827209781;0,009750303616957284;2,0
100;vehicles_step_sim_9.csv;SUMO_carro_1000;HBEFA4/PC_petrol_Euro-6ab;Gasoline;1773509249;2026-03-14 17:27:29;2026-03-14 17:27:29;0,0;1,410031;1,410031;0,0;12,45641946147186;28774,328955999998;271,4309675;-28502,897988499997;-1,4251448994249998;8,577784000000001;1,9889899999999998;40,77564360647124;-73,96068698429804;40,77297409896376;-73,96219846678166;40,7886361;-73,9553824;40,7859138;-73,9572197;True;True;0xCDcF7b2a3352a32cc28FD35C3924f5BD542a25Ea;131;131;131;0;0,0;3,4531037268060736;3,7721863712796;0,3190826444735264;133;0;131;0,0;False;0,012896535316259764;0,004980174634597481;2,0
1;vehicles_step_sim_6.csv;SUMO_carro_1000;HBEFA4/PC_petrol_Euro-6ab;Gasoline;1773509246;2026-03-14 17:27:26;2026-03-14 17:27:26;0,0;1,424296;1,424296;0,0;10,127130844155845;23393,672250000003;274,17698;-23119,495270000003;-1,1559747635000002;7,333411;2,3534170000000003;40,77564360647124;-73,96068698429804;40,77567129564486;-73,96043327796659;40,7653132;-73,9677227;40,7653132;-73,9677227;True;True;0xCDcF7b2a3352a32cc28FD35C3924f5BD542a25Ea;155;155;155;0;0,0;7,310433326976655;7,507668839609961;0,19723551263330563;157;0;155;0,0;False;-0,010441875527737286;-0,006778801185973603;2,0
2;vehicles_step_sim_6.csv;SUMO_carro_1000;HBEFA4/PC_petrol_Euro-6ab;Gasoline;1773509246;2026-03-14 17:27:26;2026-03-14 17:27:26;0,0;1,424296;1,424296;0,0;10,127130844155845;23393,672250000003;274,17698;-23119,495270000003;-1,1559747635000002;7,333411;2,3534170000000003;40,77564360647124;-73,96068698429804;40,77567129564486;-73,96043327796659;40,7687512;-73,952373;40,7687536;-73,952192;True;True;0xCDcF7b2a3352a32cc28FD35C3924f5BD542a25Ea;155;155;155;0;0,0;7,310433326976655;6,548548618717333;-0,7618847082593225;157;0;155;0,0;False;-0,007060295184237198;0,008168203531084306;2,0
3;vehicles_step_sim_6.csv;SUMO_carro_1000;HBEFA4/PC_petrol_Euro-6ab;Gasoline;1773509246;2026-03-14 17:27:26;2026-03-14 17:27:26;0,0;1,424296;1,424296;0,0;10,127130844155845;23393,672250000003;274,17698;-23119,495270000003;-1,1559747635000002;7,333411;2,3534170000000003;40,77564360647124;-73,96068698429804;40,77567129564486;-73,96043327796659;40,7872729;-73,9562259;40,7881016;-73,9561426;True;True;0xCDcF7b2a3352a32cc28FD35C3924f5BD542a25Ea;155;155;155;0;0,0;7,310433326976655;6,827145564634523;-0,48328776234213233;157;0;155;0,0;False;0,012047395926358128;0,0037239350186673305;2,0
4;vehicles_step_sim_6.csv;SUMO_carro_1000;HBEFA4/PC_petrol_Euro-6ab;Gasoline;1773509246;2026-03-14 17:27:26;2026-03-14 17:27:26;0,0;1,424296;1,424296;0,0;10,127130844155845;23393,672250000003;274,17698;-23119,495270000003;-1,1559747635000002;7,333411;2,3534170000000003;40,77564360647124;-73,96068698429804;40,77567129564486;-73,96043327796659;40,7749114;-73,9566621;40,7749114;-73,9566621;True;True;0xCDcF7b2a3352a32cc28FD35C3924f5BD542a25Ea;155;155;155;0;0,0;7,310433326976655;7,586568676407181;0,2761353494305254;157;0;155;0,0;False;-0,0006392405690732746;0,004161029048970894;2,0
5;vehicles_step_sim_6.csv;SUMO_carro_1000;HBEFA4/PC_petrol_Euro-6ab;Gasoline;1773509246;2026-03-14 17:27:26;2026-03-14 17:27:26;0,0;1,424296;1,424296;0,0;10,127130844155845;23393,672250000003;274,17698;-23119,495270000003;-1,1559747635000002;7,333411;2,3534170000000003;40,77564360647124;-73,96068698429804;40,77567129564486;-73,96043327796659;40,7904713;-73,9538896;40,7904713;-73,9538896;True;True;0xCDcF7b2a3352a32cc28FD35C3924f5BD542a25Ea;155;155;155;0;0,0;7,310433326976655;7,692941207651945;0,3825078806752895;157;0;155;0,0;False;0,014995797707939603;0,006895850499488732;2,0
6;vehicles_step_sim_6.csv;SUMO_carro_1000;HBEFA4/PC_petrol_Euro-6ab;Gasoline;1773509246;2026-03-14 17:27:26;2026-03-14 17:27:26;0,0;1,424296;1,424296;0,0;10,127130844155845;23393,672250000003;274,17698;-23119,495270000003;-1,1559747635000002;7,333411;2,3534170000000003;40,77564360647124;-73,96068698429804;40,77567129564486;-73,96043327796659;40,76511;-73,9556205;40,76511;-73,9556205;True;True;0xCDcF7b2a3352a32cc28FD35C3924f5BD542a25Ea;155;155;155;0;0,0;7,310433326976655;6,6565701503605785;-0,6538631766160767;157;0;155;0,0;False;-0,010616955248763276;0,004556767807050187;2,0
7;vehicles_step_sim_6.csv;SUMO_carro_1000;HBEFA4/PC_petrol_Euro-6ab;Gasoline;1773509246;2026-03-14 17:27:26;2026-03-14 17:27:26;0,0;1,424296;1,424296;0,0;10,127130844155845;23393,672250000003;274,17698;-23119,495270000003;-1,1559747635000002;7,333411;2,3534170000000003;40,77564360647124;-73,96068698429804;40,77567129564486;-73,96043327796659;40,7873985;-73,9477183;40,7877018;-73,947502;True;True;0xCDcF7b2a3352a32cc28FD35C3924f5BD542a25Ea;155;155;155;0;0,0;7,310433326976655;7,684907373211794;0,3744740462351386;157;0;155;0,0;False;0,011761894285810197;0,013300375013212318;2,0
8;vehicles_step_sim_6.csv;SUMO_carro_1000;HBEFA4/PC_petrol_Euro-6ab;Gasoline;1773509246;2026-03-14 17:27:26;2026-03-14 17:27:26;0,0;1,424296;1,424296;0,0;10,127130844155845;23393,672250000003;274,17698;-23119,495270000003;-1,1559747635000002;7,333411;2,3534170000000003;40,77564360647124;-73,96068698429804;40,77567129564486;-73,96043327796659;40,7836181;-73,9455926;40,7834389;-73,9451695;True;True;0xCDcF7b2a3352a32cc28FD35C3924f5BD542a25Ea;155;155;155;0;0,0;7,310433326976655;7,28457204962484;-0,025861277351815204;157;0;155;0,0;False;0,007611170446771364;0,014928131785812471;2,0
9;vehicles_step_sim_6.csv;SUMO_carro_1000;HBEFA4/PC_petrol_Euro-6ab;Gasoline;1773509246;2026-03-14 17:27:26;2026-03-14 17:27:26;0,0;1,424296;1,424296;0,0;10,127130844155845;23393,672250000003;274,17698;-23119,495270000003;-1,1559747635000002;7,333411;2,3534170000000003;40,77564360647124;-73,96068698429804;40,77567129564486;-73,96043327796659;40,7692758;-73,9693618;40,7693305;-73,9693214;True;True;0xCDcF7b2a3352a32cc28FD35C3924f5BD542a25Ea;155;155;155;0;0,0;7,310433326976655;7,745999704370609;0,435566377393954;157;0;155;0,0;False;-0,006328548850001826;-0,008799163486120282;2,0
10;vehicles_step_sim_6.csv;SUMO_carro_1000;HBEFA4/PC_petrol_Euro-6ab;Gasoline;1773509246;2026-03-14 17:27:26;2026-03-14 17:27:26;0,0;1,424296;1,424296;0,0;10,127130844155845;23393,672250000003;274,17698;-23119,495270000003;-1,1559747635000002;7,333411;2,3534170000000003;40,77564360647124;-73,96068698429804;40,77567129564486;-73,96043327796659;40,7744056;-73,9656083;40,7744634;-73,965566;True;True;0xCDcF7b2a3352a32cc28FD35C3924f5BD542a25Ea;155;155;155;0;0,0;7,310433326976655;5,336321345691836;-1,9741119812848194;157;0;155;0,0;False;-3,408884907013569e-05;-0,007725231617485928;2,0
11;vehicles_step_sim_6.csv;SUMO_carro_1000;HBEFA4/PC_petrol_Euro-6ab;Gasoline;1773509246;2026-03-14 17:27:26;2026-03-14 17:27:26;0,0;1,424296;1,424296;0,0;10,127130844155845;23393,672250000003;274,17698;-23119,495270000003;-1,1559747635000002;7,333411;2,3534170000000003;40,77564360647124;-73,96068698429804;40,77567129564486;-73,96043327796659;40,7711274;-73,9477205;40,7711274;-73,9477205;True;True;0xCDcF7b2a3352a32cc28FD35C3924f5BD542a25Ea;155;155;155;0;0,0;7,310433326976655;5,593099624939466;-1,7173337020371893;157;0;155;0,0;False;-0,0041216992809118705;0,012109548889538775;2,0
12;vehicles_step_sim_6.csv;SUMO_carro_1000;HBEFA4/PC_petrol_Euro-6ab;Gasoline;1773509246;2026-03-14 17:27:26;2026-03-14 17:27:26;0,0;1,424296;1,424296;0,0;10,127130844155845;23393,672250000003;274,17698;-23119,495270000003;-1,1559747635000002;7,333411;2,3534170000000003;40,77564360647124;-73,96068698429804;40,77567129564486;-73,96043327796659;40,7739449;-73,9785123;40,7737116;-73,9779585;True;True;0xCDcF7b2a3352a32cc28FD35C3924f5BD542a25Ea;155;155;155;0;0,0;7,310433326976655;6,2499077879560545;-1,0605255390206008;157;0;155;0,0;False;-0,0017244634499375834;-0,017523520900766504;2,0
13;vehicles_step_sim_6.csv;SUMO_carro_1000;HBEFA4/PC_petrol_Euro-6ab;Gasoline;1773509246;2026-03-14 17:27:26;2026-03-14 17:27:26;0,0;1,424296;1,424296;0,0;10,127130844155845;23393,672250000003;274,17698;-23119,495270000003;-1,1559747635000002;7,333411;2,3534170000000003;40,77564360647124;-73,96068698429804;40,77567129564486;-73,96043327796659;40,7805652;-73,9462502;40,7805652;-73,9462502;True;True;0xCDcF7b2a3352a32cc28FD35C3924f5BD542a25Ea;155;155;155;0;0,0;7,310433326976655;8,73141071452616;1,4209773875495042;157;0;155;0,0;False;0,004805422428844419;0,01458679998342794;2,0
14;vehicles_step_sim_6.csv;SUMO_carro_1000;HBEFA4/PC_petrol_Euro-6ab;Gasoline;1773509246;2026-03-14 17:27:26;2026-03-14 17:27:26;0,0;1,424296;1,424296;0,0;10,127130844155845;23393,672250000003;274,17698;-23119,495270000003;-1,1559747635000002;7,333411;2,3534170000000003;40,77564360647124;-73,96068698429804;40,77567129564486;-73,96043327796659;40,7771457;-73,9521236;40,7775792;-73,9510183;True;True;0xCDcF7b2a3352a32cc28FD35C3924f5BD542a25Ea;155;155;155;0;0,0;7,310433326976655;7,53942007627078;0,22898674929412444;157;0;155;0,0;False;0,0010396290048328852;0,009348820284904285;2,0
15;vehicles_step_sim_6.csv;SUMO_carro_1000;HBEFA4/PC_petrol_Euro-6ab;Gasoline;1773509246;2026-03-14 17:27:26;2026-03-14 17:27:26;0,0;1,424296;1,424296;0,0;10,127130844155845;23393,672250000003;274,17698;-23119,495270000003;-1,1559747635000002;7,333411;2,3534170000000003;40,77564360647124;-73,96068698429804;40,77567129564486;-73,96043327796659;40,780005;-73,9468707;40,780005;-73,9468707;True;True;0xCDcF7b2a3352a32cc28FD35C3924f5BD542a25Ea;155;155;155;0;0,0;7,310433326976655;8,560418426965668;1,2499850999890132;157;0;155;0,0;False;0,004309824346989849;0,01419342799832932;2,0
16;vehicles_step_sim_6.csv;SUMO_carro_1000;HBEFA4/PC_petrol_Euro-6ab;Gasoline;1773509246;2026-03-14 17:27:26;2026-03-14 17:27:26;0,0;1,424296;1,424296;0,0;10,127130844155845;23393,672250000003;274,17698;-23119,495270000003;-1,1559747635000002;7,333411;2,3534170000000003;40,77564360647124;-73,96068698429804;40,77567129564486;-73,96043327796659;40,7787825;-73,9579671;40,7787825;-73,9579671;True;True;0xCDcF7b2a3352a32cc28FD35C3924f5BD542a25Ea;155;155;155;0;0,0;7,310433326976655;7,130300867543464;-0,18013245943319145;157;0;155;0,0;False;0,0028182889721844735;0,002737735099176573;2,0
17;vehicles_step_sim_6.csv;SUMO_carro_1000;HBEFA4/PC_petrol_Euro-6ab;Gasoline;1773509246;2026-03-14 17:27:26;2026-03-14 17:27:26;0,0;1,424296;1,424296;0,0;10,127130844155845;23393,672250000003;274,17698;-23119,495270000003;-1,1559747635000002;7,333411;2,3534170000000003;40,77564360647124;-73,96068698429804;40,77567129564486;-73,96043327796659;40,7831443;-73,9638043;40,7831443;-73,9638043;True;True;0xCDcF7b2a3352a32cc28FD35C3924f5BD542a25Ea;155;155;155;0;0,0;7,310433326976655;6,651694081006658;-0,658739245969997;157;0;155;0,0;False;0,008299318328245766;-0,001604181061822323;2,0
18;vehicles_step_sim_6.csv;SUMO_carro_1000;HBEFA4/PC_petrol_Euro-6ab;Gasoline;1773509246;2026-03-14 17:27:26;2026-03-14 17:27:26;0,0;1,424296;1,424296;0,0;10,127130844155845;23393,672250000003;274,17698;-23119,495270000003;-1,1559747635000002;7,333411;2,3534170000000003;40,77564360647124;-73,96068698429804;40,77567129564486;-73,96043327796659;40,7849853;-73,9685725;40,7849465;-73,9683867;True;True;0xCDcF7b2a3352a32cc28FD35C3924f5BD542a25Ea;155;155;155;0;0,0;7,310433326976655;8,667103832366553;1,3566705053898982;157;0;155;0,0;False;0,009078233948314206;-0,008062546421623016;2,0
19;vehicles_step_sim_6.csv;SUMO_carro_1000;HBEFA4/PC_petrol_Euro-6ab;Gasoline;1773509246;2026-03-14 17:27:26;2026-03-14 17:27:26;0,0;1,424296;1,424296;0,0;10,127130844155845;23393,672250000003;274,17698;-23119,495270000003;-1,1559747635000002;7,333411;2,3534170000000003;40,77564360647124;-73,96068698429804;40,77567129564486;-73,96043327796659;40,7857597;-73,9727252;40,7857539;-73,9725497;True;True;0xCDcF7b2a3352a32cc28FD35C3924f5BD542a25Ea;155;155;155;0;0,0;7,310433326976655;6,9676343077368275;-0,3427990192398278;157;0;155;0,0;False;0,009951911421732535;-0,012154515362771937;2,0
20;vehicles_step_sim_6.csv;SUMO_carro_1000;HBEFA4/PC_petrol_Euro-6ab;Gasoline;1773509246;2026-03-14 17:27:26;2026-03-14 17:27:26;0,0;1,424296;1,424296;0,0;10,127130844155845;23393,672250000003;274,17698;-23119,495270000003;-1,1559747635000002;7,333411;2,3534170000000003;40,77564360647124;-73,96068698429804;40,77567129564486;-73,96043327796659;40,7597113;-73,9530094;40,7598165;-73,9528764;True;True;0xCDcF7b2a3352a32cc28FD35C3924f5BD542a25Ea;155;155;155;0;0,0;7,310433326976655;6,361693662758704;-0,9487396642179515;157;0;155;0,0;False;-0,015789000818171472;0,007436422337777914;2,0
21;vehicles_step_sim_6.csv;SUMO_carro_1000;HBEFA4/PC_petrol_Euro-6ab;Gasoline;1773509246;2026-03-14 17:27:26;2026-03-14 17:27:26;0,0;1,424296;1,424296;0,0;10,127130844155845;23393,672250000003;274,17698;-23119,495270000003;-1,1559747635000002;7,333411;2,3534170000000003;40,77564360647124;-73,96068698429804;40,77567129564486;-73,96043327796659;40,7700936;-73,9494513;40,7700538;-73,9493699;True;True;0xCDcF7b2a3352a32cc28FD35C3924f5BD542a25Ea;155;155;155;0;0,0;7,310433326976655;5,735040454949267;-1,575392872027388;157;0;155;0,0;False;-0,005190733992065509;0,011380648105412665;2,0
22;vehicles_step_sim_6.csv;SUMO_carro_1000;HBEFA4/PC_petrol_Euro-6ab;Gasoline;1773509246;2026-03-14 17:27:26;2026-03-14 17:27:26;0,0;1,424296;1,424296;0,0;10,127130844155845;23393,672250000003;274,17698;-23119,495270000003;-1,1559747635000002;7,333411;2,3534170000000003;40,77564360647124;-73,96068698429804;40,77567129564486;-73,96043327796659;40,7611782;-73,9558329;40,7612885;-73,9557176;True;True;0xCDcF7b2a3352a32cc28FD35C3924f5BD542a25Ea;155;155;155;0;0,0;7,310433326976655;8,950731694780824;1,640298367804169;157;0;155;0,0;False;-0,014656046162960998;0,005106829259179584;2,0
23;vehicles_step_sim_6.csv;SUMO_carro_1000;HBEFA4/PC_petrol_Euro-6ab;Gasoline;1773509246;2026-03-14 17:27:26;2026-03-14 17:27:26;0,0;1,424296;1,424296;0,0;10,127130844155845;23393,672250000003;274,17698;-23119,495270000003;-1,1559747635000002;7,333411;2,3534170000000003;40,77564360647124;-73,96068698429804;40,77567129564486;-73,96043327796659;40,7707855;-73,976129;40,7707855;-73,976129;True;True;0xCDcF7b2a3352a32cc28FD35C3924f5BD542a25Ea;155;155;155;0;0,0;7,310433326976655;9,246592922142419;1,9361595951657637;157;0;155;0,0;False;-0,004690715184805653;-0,015598882311334591;2,0
24;vehicles_step_sim_6.csv;SUMO_carro_1000;HBEFA4/PC_petrol_Euro-6ab;Gasoline;1773509246;2026-03-14 17:27:26;2026-03-14 17:27:26;0,0;1,424296;1,424296;0,0;10,127130844155845;23393,672250000003;274,17698;-23119,495270000003;-1,1559747635000002;7,333411;2,3534170000000003;40,77564360647124;-73,96068698429804;40,77567129564486;-73,96043327796659;40,766155;-73,9677772;40,7661428;-73,9675736;True;True;0xCDcF7b2a3352a32cc28FD35C3924f5BD542a25Ea;155;155;155;0;0,0;7,310433326976655;7,335553546612107;0,025120219635451413;157;0;155;0,0;False;-0,00952639691601141;-0,007178597157693146;2,0
25;vehicles_step_sim_6.csv;SUMO_carro_1000;HBEFA4/PC_petrol_Euro-6ab;Gasoline;1773509246;2026-03-14 17:27:26;2026-03-14 17:27:26;0,0;1,424296;1,424296;0,0;10,127130844155845;23393,672250000003;274,17698;-23119,495270000003;-1,1559747635000002;7,333411;2,3534170000000003;40,77564360647124;-73,96068698429804;40,77567129564486;-73,96043327796659;40,7741987;-73,9544398;40,7741987;-73,9544398;True;True;0xCDcF7b2a3352a32cc28FD35C3924f5BD542a25Ea;155;155;155;0;0,0;7,310433326976655;7,274213261139911;-0,0362200658367442;157;0;155;0,0;False;-0,001429928184525486;0,006082931495748729;2,0
26;vehicles_step_sim_6.csv;SUMO_carro_1000;HBEFA4/PC_petrol_Euro-6ab;Gasoline;1773509246;2026-03-14 17:27:26;2026-03-14 17:27:26;0,0;1,424296;1,424296;0,0;10,127130844155845;23393,672250000003;274,17698;-23119,495270000003;-1,1559747635000002;7,333411;2,3534170000000003;40,77564360647124;-73,96068698429804;40,77567129564486;-73,96043327796659;40,7688298;-73,9488661;40,7688298;-73,9488661;True;True;0xCDcF7b2a3352a32cc28FD35C3924f5BD542a25Ea;155;155;155;0;0,0;7,310433326976655;11,358105846381498;4,047672519404843;157;0;155;0,0;False;-0,008204466125561643;0,01493485243381952;2,0
27;vehicles_step_sim_6.csv;SUMO_carro_1000;HBEFA4/PC_petrol_Euro-6ab;Gasoline;1773509246;2026-03-14 17:27:26;2026-03-14 17:27:26;0,0;1,424296;1,424296;0,0;10,127130844155845;23393,672250000003;274,17698;-23119,495270000003;-1,1559747635000002;7,333411;2,3534170000000003;40,77564360647124;-73,96068698429804;40,77567129564486;-73,96043327796659;40,7753464;-73,9537621;40,7759812;-73,9533015;True;True;0xCDcF7b2a3352a32cc28FD35C3924f5BD542a25Ea;155;155;155;0;0,0;7,310433326976655;6,590702517305996;-0,7197308096706596;157;0;155;0,0;False;0,00021219309150055066;0,006540914443486699;2,0
28;vehicles_step_sim_6.csv;SUMO_carro_1000;HBEFA4/PC_petrol_Euro-6ab;Gasoline;1773509246;2026-03-14 17:27:26;2026-03-14 17:27:26;0,0;1,424296;1,424296;0,0;10,127130844155845;23393,672250000003;274,17698;-23119,495270000003;-1,1559747635000002;7,333411;2,3534170000000003;40,77564360647124;-73,96068698429804;40,77567129564486;-73,96043327796659;40,7689433;-73,9551673;40,7688272;-73,9543443;True;True;0xCDcF7b2a3352a32cc28FD35C3924f5BD542a25Ea;155;155;155;0;0,0;7,310433326976655;8,214979854829428;0,9045465278527729;157;0;155;0,0;False;-0,006907619612528707;0,005803512801305266;2,0
29;vehicles_step_sim_6.csv;SUMO_carro_1000;HBEFA4/PC_petrol_Euro-6ab;Gasoline;1773509246;2026-03-14 17:27:26;2026-03-14 17:27:26;0,0;1,424296;1,424296;0,0;10,127130844155845;23393,672250000003;274,17698;-23119,495270000003;-1,1559747635000002;7,333411;2,3534170000000003;40,77564360647124;-73,96068698429804;40,77567129564486;-73,96043327796659;40,7807659;-73,9566672;40,7807659;-73,9566672;True;True;0xCDcF7b2a3352a32cc28FD35C3924f5BD542a25Ea;155;155;155;0;0,0;7,310433326976655;7,738333650633611;0,42790032365695563;157;0;155;0,0;False;0,004897218228580697;0,003791664799319153;2,0
30;vehicles_step_sim_6.csv;SUMO_carro_1000;HBEFA4/PC_petrol_Euro-6ab;Gasoline;1773509246;2026-03-14 17:27:26;2026-03-14 17:27:26;0,0;1,424296;1,424296;0,0;10,127130844155845;23393,672250000003;274,17698;-23119,495270000003;-1,1559747635000002;7,333411;2,3534170000000003;40,77564360647124;-73,96068698429804;40,77567129564486;-73,96043327796659;40,7841919;-73,9747296;40,7839648;-73,9741877;True;True;0xCDcF7b2a3352a32cc28FD35C3924f5BD542a25Ea;155;155;155;0;0,0;7,310433326976655;7,437070987771527;0,12663766079487182;157;0;155;0,0;False;0,0082922064985282;-0,013993704418400588;2,0
31;vehicles_step_sim_6.csv;SUMO_carro_1000;HBEFA4/PC_petrol_Euro-6ab;Gasoline;1773509246;2026-03-14 17:27:26;2026-03-14 17:27:26;0,0;1,424296;1,424296;0,0;10,127130844155845;23393,672250000003;274,17698;-23119,495270000003;-1,1559747635000002;7,333411;2,3534170000000003;40,77564360647124;-73,96068698429804;40,77567129564486;-73,96043327796659;40,789923;-73,95843;40,789923;-73,95843;True;True;0xCDcF7b2a3352a32cc28FD35C3924f5BD542a25Ea;155;155;155;0;0,0;7,310433326976655;6,2315814185720955;-1,0788519084045598;157;0;155;0,0;False;0,015568782287681123;0,003367613824034888;2,0
32;vehicles_step_sim_6.csv;SUMO_carro_1000;HBEFA4/PC_petrol_Euro-6ab;Gasoline;1773509246;2026-03-14 17:27:26;2026-03-14 17:27:26;0,0;1,424296;1,424296;0,0;10,127130844155845;23393,672250000003;274,17698;-23119,495270000003;-1,1559747635000002;7,333411;2,3534170000000003;40,77564360647124;-73,96068698429804;40,77567129564486;-73,96043327796659;40,7726116;-73,9556111;40,7726116;-73,9556111;True;True;0xCDcF7b2a3352a32cc28FD35C3924f5BD542a25Ea;155;155;155;0;0,0;7,310433326976655;6,852696986233943;-0,45773634074271197;157;0;155;0,0;False;-0,0030727668365517907;0,004887422741760448;2,0
33;vehicles_step_sim_6.csv;SUMO_carro_1000;HBEFA4/PC_petrol_Euro-6ab;Gasoline;1773509246;2026-03-14 17:27:26;2026-03-14 17:27:26;0,0;1,424296;1,424296;0,0;10,127130844155845;23393,672250000003;274,17698;-23119,495270000003;-1,1559747635000002;7,333411;2,3534170000000003;40,77564360647124;-73,96068698429804;40,77567129564486;-73,96043327796659;40,7754862;-73,9765055;40,7754862;-73,9765055;True;True;0xCDcF7b2a3352a32cc28FD35C3924f5BD542a25Ea;155;155;155;0;0,0;7,310433326976655;12,270465315602753;4,960031988626097;157;0;155;0,0;False;-0,001732066653883462;-0,012755811293078812;2,0
34;vehicles_step_sim_6.csv;SUMO_carro_1000;HBEFA4/PC_petrol_Euro-6ab;Gasoline;1773509246;2026-03-14 17:27:26;2026-03-14 17:27:26;0,0;1,424296;1,424296;0,0;10,127130844155845;23393,672250000003;274,17698;-23119,495270000003;-1,1559747635000002;7,333411;2,3534170000000003;40,77564360647124;-73,96068698429804;40,77567129564486;-73,96043327796659;40,7756407;-73,9647062;40,7756407;-73,9647062;True;True;0xCDcF7b2a3352a32cc28FD35C3924f5BD542a25Ea;155;155;155;0;0,0;7,310433326976655;5,944996291259546;-1,3654370357171093;157;0;155;0,0;False;0,0003125912037839541;-0,005167853011840464;2,0
35;vehicles_step_sim_6.csv;SUMO_carro_1000;HBEFA4/PC_petrol_Euro-6ab;Gasoline;1773509246;2026-03-14 17:27:26;2026-03-14 17:27:26;0,0;1,424296;1,424296;0,0;10,127130844155845;23393,672250000003;274,17698;-23119,495270000003;-1,1559747635000002;7,333411;2,3534170000000003;40,77564360647124;-73,96068698429804;40,77567129564486;-73,96043327796659;40,7612503;-73,96776;40,7612503;-73,96776;True;True;0xCDcF7b2a3352a32cc28FD35C3924f5BD542a25Ea;155;155;155;0;0,0;7,310433326976655;7,194118455119137;-0,11631487185751865;157;0;155;0,0;False;-0,014385568404252319;-0,007193299156163454;2,0
36;vehicles_step_sim_6.csv;SUMO_carro_1000;HBEFA4/PC_petrol_Euro-6ab;Gasoline;1773509246;2026-03-14 17:27:26;2026-03-14 17:27:26;0,0;1,424296;1,424296;0,0;10,127130844155845;23393,672250000003;274,17698;-23119,495270000003;-1,1559747635000002;7,333411;2,3534170000000003;40,77564360647124;-73,96068698429804;40,77567129564486;-73,96043327796659;40,7788741;-73,9449784;40,7791736;-73,9449112;True;True;0xCDcF7b2a3352a32cc28FD35C3924f5BD542a25Ea;155;155;155;0;0,0;7,310433326976655;7,27260326904475;-0,03783005793190508;157;0;155;0,0;False;0,0034102319678770347;0,015450989168288146;2,0
37;vehicles_step_sim_6.csv;SUMO_carro_1000;HBEFA4/PC_petrol_Euro-6ab;Gasoline;1773509246;2026-03-14 17:27:26;2026-03-14 17:27:26;0,0;1,424296;1,424296;0,0;10,127130844155845;23393,672250000003;274,17698;-23119,495270000003;-1,1559747635000002;7,333411;2,3534170000000003;40,77564360647124;-73,96068698429804;40,77567129564486;-73,96043327796659;40,7692704;-73,9674089;40,7692704;-73,9674089;True;True;0xCDcF7b2a3352a32cc28FD35C3924f5BD542a25Ea;155;155;155;0;0,0;7,310433326976655;7,216224411511027;-0,0942089154656287;157;0;155;0,0;False;-0,006151900414209736;-0,006961961356906126;2,0
38;vehicles_step_sim_6.csv;SUMO_carro_1000;HBEFA4/PC_petrol_Euro-6ab;Gasoline;1773509246;2026-03-14 17:27:26;2026-03-14 17:27:26;0,0;1,424296;1,424296;0,0;10,127130844155845;23393,672250000003;274,17698;-23119,495270000003;-1,1559747635000002;7,333411;2,3534170000000003;40,77564360647124;-73,96068698429804;40,77567129564486;-73,96043327796659;40,7758122;-73,9447616;40,7758122;-73,9447616;True;True;0xCDcF7b2a3352a32cc28FD35C3924f5BD542a25Ea;155;155;155;0;0,0;7,310433326976655;5,566838779113467;-1,7435945478631885;157;0;155;0,0;False;6,42696947278561e-05;0,015321711685084841;2,0
39;vehicles_step_sim_6.csv;SUMO_carro_1000;HBEFA4/PC_petrol_Euro-6ab;Gasoline;1773509246;2026-03-14 17:27:26;2026-03-14 17:27:26;0,0;1,424296;1,424296;0,0;10,127130844155845;23393,672250000003;274,17698;-23119,495270000003;-1,1559747635000002;7,333411;2,3534170000000003;40,77564360647124;-73,96068698429804;40,77567129564486;-73,96043327796659;40,7647426;-73,9644414;40,7647426;-73,9644414;True;True;0xCDcF7b2a3352a32cc28FD35C3924f5BD542a25Ea;155;155;155;0;0,0;7,310433326976655;7,076440545351906;-0,23399278162474957;157;0;155;0,0;False;-0,010835473781329324;-0,004182356022664745;2,0
40;vehicles_step_sim_6.csv;SUMO_carro_1000;HBEFA4/PC_petrol_Euro-6ab;Gasoline;1773509246;2026-03-14 17:27:26;2026-03-14 17:27:26;0,0;1,424296;1,424296;0,0;10,127130844155845;23393,672250000003;274,17698;-23119,495270000003;-1,1559747635000002;7,333411;2,3534170000000003;40,77564360647124;-73,96068698429804;40,77567129564486;-73,96043327796659;40,7814763;-73,9542866;40,7821015;-73,9538288;True;True;0xCDcF7b2a3352a32cc28FD35C3924f5BD542a25Ea;155;155;155;0;0,0;7,310433326976655;6,64979525230754;-0,660638074669115;157;0;155;0,0;False;0,006234623050029225;0,006206151103341513;2,0
41;vehicles_step_sim_6.csv;SUMO_carro_1000;HBEFA4/PC_petrol_Euro-6ab;Gasoline;1773509246;2026-03-14 17:27:26;2026-03-14 17:27:26;0,0;1,424296;1,424296;0,0;10,127130844155845;23393,672250000003;274,17698;-23119,495270000003;-1,1559747635000002;7,333411;2,3534170000000003;40,77564360647124;-73,96068698429804;40,77567129564486;-73,96043327796659;40,7710905;-73,9537734;40,7710905;-73,9537734;True;True;0xCDcF7b2a3352a32cc28FD35C3924f5BD542a25Ea;155;155;155;0;0,0;7,310433326976655;6,6255015983954175;-0,6849317285812377;157;0;155;0,0;False;-0,004528413007768425;0,0061752635340337194;2,0
42;vehicles_step_sim_6.csv;SUMO_carro_1000;HBEFA4/PC_petrol_Euro-6ab;Gasoline;1773509246;2026-03-14 17:27:26;2026-03-14 17:27:26;0,0;1,424296;1,424296;0,0;10,127130844155845;23393,672250000003;274,17698;-23119,495270000003;-1,1559747635000002;7,333411;2,3534170000000003;40,77564360647124;-73,96068698429804;40,77567129564486;-73,96043327796659;40,76089;-73,9561742;40,76089;-73,9561742;True;True;0xCDcF7b2a3352a32cc28FD35C3924f5BD542a25Ea;155;155;155;0;0,0;7,310433326976655;8,949448935646826;1,6390156086701708;157;0;155;0,0;False;-0,01502498892112196;0,004723414482111554;2,0
43;vehicles_step_sim_6.csv;SUMO_carro_1000;HBEFA4/PC_petrol_Euro-6ab;Gasoline;1773509246;2026-03-14 17:27:26;2026-03-14 17:27:26;0,0;1,424296;1,424296;0,0;10,127130844155845;23393,672250000003;274,17698;-23119,495270000003;-1,1559747635000002;7,333411;2,3534170000000003;40,77564360647124;-73,96068698429804;40,77567129564486;-73,96043327796659;40,7832526;-73,9639213;40,7832526;-73,9639213;True;True;0xCDcF7b2a3352a32cc28FD35C3924f5BD542a25Ea;155;155;155;0;0,0;7,310433326976655;4,86546211281457;-2,444971214162085;157;0;155;0,0;False;0,009213118673927862;-0,0011992858761285632;2,0
44;vehicles_step_sim_6.csv;SUMO_carro_1000;HBEFA4/PC_petrol_Euro-6ab;Gasoline;1773509246;2026-03-14 17:27:26;2026-03-14 17:27:26;0,0;1,424296;1,424296;0,0;10,127130844155845;23393,672250000003;274,17698;-23119,495270000003;-1,1559747635000002;7,333411;2,3534170000000003;40,77564360647124;-73,96068698429804;40,77567129564486;-73,96043327796659;40,7632286;-73,9724791;40,7632286;-73,9724791;True;True;0xCDcF7b2a3352a32cc28FD35C3924f5BD542a25Ea;155;155;155;0;0,0;7,310433326976655;7,3373552444429;0,02692191746624495;157;0;155;0,0;False;-0,012613180671075483;-0,012174869141277045;2,0
45;vehicles_step_sim_6.csv;SUMO_carro_1000;HBEFA4/PC_petrol_Euro-6ab;Gasoline;1773509246;2026-03-14 17:27:26;2026-03-14 17:27:26;0,0;1,424296;1,424296;0,0;10,127130844155845;23393,672250000003;274,17698;-23119,495270000003;-1,1559747635000002;7,333411;2,3534170000000003;40,77564360647124;-73,96068698429804;40,77567129564486;-73,96043327796659;40,7875598;-73,9549351;40,7881213;-73,9541807;True;True;0xCDcF7b2a3352a32cc28FD35C3924f5BD542a25Ea;155;155;155;0;0,0;7,310433326976655;8,463653738051484;1,1532204110748285;157;0;155;0,0;False;0,012184456673135674;0,005891820621788933;2,0
46;vehicles_step_sim_6.csv;SUMO_carro_1000;HBEFA4/PC_petrol_Euro-6ab;Gasoline;1773509246;2026-03-14 17:27:26;2026-03-14 17:27:26;0,0;1,424296;1,424296;0,0;10,127130844155845;23393,672250000003;274,17698;-23119,495270000003;-1,1559747635000002;7,333411;2,3534170000000003;40,77564360647124;-73,96068698429804;40,77567129564486;-73,96043327796659;40,7668013;-73,9536091;40,7668013;-73,9536091;True;True;0xCDcF7b2a3352a32cc28FD35C3924f5BD542a25Ea;155;155;155;0;0,0;7,310433326976655;6,364636017822982;-0,9457973091536731;157;0;155;0,0;False;-0,00886905450675457;0,007564083439990237;2,0
47;vehicles_step_sim_6.csv;SUMO_carro_1000;HBEFA4/PC_petrol_Euro-6ab;Gasoline;1773509246;2026-03-14 17:27:26;2026-03-14 17:27:26;0,0;1,424296;1,424296;0,0;10,127130844155845;23393,672250000003;274,17698;-23119,495270000003;-1,1559747635000002;7,333411;2,3534170000000003;40,77564360647124;-73,96068698429804;40,77567129564486;-73,96043327796659;40,7782575;-73,9667472;40,7782575;-73,9667472;True;True;0xCDcF7b2a3352a32cc28FD35C3924f5BD542a25Ea;155;155;155;0;0,0;7,310433326976655;6,5289643476473165;-0,7814689793293388;157;0;155;0,0;False;0,0039118108198997826;-0,005590864521276619;2,0
48;vehicles_step_sim_6.csv;SUMO_carro_1000;HBEFA4/PC_petrol_Euro-6ab;Gasoline;1773509246;2026-03-14 17:27:26;2026-03-14 17:27:26;0,0;1,424296;1,424296;0,0;10,127130844155845;23393,672250000003;274,17698;-23119,495270000003;-1,1559747635000002;7,333411;2,3534170000000003;40,77564360647124;-73,96068698429804;40,77567129564486;-73,96043327796659;40,7626399;-73,9542213;40,7626399;-73,9542213;True;True;0xCDcF7b2a3352a32cc28FD35C3924f5BD542a25Ea;155;155;155;0;0,0;7,310433326976655;8,395175684114486;1,0847423571378307;157;0;155;0,0;False;-0,013752133934776997;0,007631011458544011;2,0
49;vehicles_step_sim_6.csv;SUMO_carro_1000;HBEFA4/PC_petrol_Euro-6ab;Gasoline;1773509246;2026-03-14 17:27:26;2026-03-14 17:27:26;0,0;1,424296;1,424296;0,0;10,127130844155845;23393,672250000003;274,17698;-23119,495270000003;-1,1559747635000002;7,333411;2,3534170000000003;40,77564360647124;-73,96068698429804;40,77567129564486;-73,96043327796659;40,7695431;-73,9579996;40,7695431;-73,9579996;True;True;0xCDcF7b2a3352a32cc28FD35C3924f5BD542a25Ea;155;155;155;0;0,0;7,310433326976655;7,274097602717097;-0,03633572425955833;157;0;155;0,0;False;-0,005772923327878951;0,0020525859525677777;2,0
50;vehicles_step_sim_6.csv;SUMO_carro_1000;HBEFA4/PC_petrol_Euro-6ab;Gasoline;1773509246;2026-03-14 17:27:26;2026-03-14 17:27:26;0,0;1,424296;1,424296;0,0;10,127130844155845;23393,672250000003;274,17698;-23119,495270000003;-1,1559747635000002;7,333411;2,3534170000000003;40,77564360647124;-73,96068698429804;40,77567129564486;-73,96043327796659;40,7742362;-73,9774134;40,7742362;-73,9774134;True;True;0xCDcF7b2a3352a32cc28FD35C3924f5BD542a25Ea;155;155;155;0;0,0;7,310433326976655;7,313820554442452;0,0033872274657964496;157;0;155;0,0;False;-0,0022781463500951503;-0,015309797613624934;2,0
51;vehicles_step_sim_6.csv;SUMO_carro_1000;HBEFA4/PC_petrol_Euro-6ab;Gasoline;1773509246;2026-03-14 17:27:26;2026-03-14 17:27:26;0,0;1,424296;1,424296;0,0;10,127130844155845;23393,672250000003;274,17698;-23119,495270000003;-1,1559747635000002;7,333411;2,3534170000000003;40,77564360647124;-73,96068698429804;40,77567129564486;-73,96043327796659;40,7823405;-73,9444148;40,7824096;-73,9443032;True;True;0xCDcF7b2a3352a32cc28FD35C3924f5BD542a25Ea;155;155;155;0;0,0;7,310433326976655;7,476028383369426;0,16559505639277106;157;0;155;0,0;False;0,006701837984276305;0,016133186429888407;2,0
52;vehicles_step_sim_6.csv;SUMO_carro_1000;HBEFA4/PC_petrol_Euro-6ab;Gasoline;1773509246;2026-03-14 17:27:26;2026-03-14 17:27:26;0,0;1,424296;1,424296;0,0;10,127130844155845;23393,672250000003;274,17698;-23119,495270000003;-1,1559747635000002;7,333411;2,3534170000000003;40,77564360647124;-73,96068698429804;40,77567129564486;-73,96043327796659;40,7801899;-73,9752452;40,7807149;-73,9726981;True;True;0xCDcF7b2a3352a32cc28FD35C3924f5BD542a25Ea;155;155;155;0;0,0;7,310433326976655;5,875858934431336;-1,4345743925453194;157;0;155;0,0;False;0,005432585400307158;-0,013676921500293373;2,0
53;vehicles_step_sim_6.csv;SUMO_carro_1000;HBEFA4/PC_petrol_Euro-6ab;Gasoline;1773509246;2026-03-14 17:27:26;2026-03-14 17:27:26;0,0;1,424296;1,424296;0,0;10,127130844155845;23393,672250000003;274,17698;-23119,495270000003;-1,1559747635000002;7,333411;2,3534170000000003;40,77564360647124;-73,96068698429804;40,77567129564486;-73,96043327796659;40,7653132;-73,9677227;40,7653132;-73,9677227;True;True;0xCDcF7b2a3352a32cc28FD35C3924f5BD542a25Ea;155;155;155;0;0,0;7,310433326976655;6,882407476449893;-0,4280258505267627;157;0;155;0,0;False;-0,010738787789828612;-0,006773817403507376;2,0
54;vehicles_step_sim_6.csv;SUMO_carro_1000;HBEFA4/PC_petrol_Euro-6ab;Gasoline;1773509246;2026-03-14 17:27:26;2026-03-14 17:27:26;0,0;1,424296;1,424296;0,0;10,127130844155845;23393,672250000003;274,17698;-23119,495270000003;-1,1559747635000002;7,333411;2,3534170000000003;40,77564360647124;-73,96068698429804;40,77567129564486;-73,96043327796659;40,7612276;-73,9580272;40,7618461;-73,957576;True;True;0xCDcF7b2a3352a32cc28FD35C3924f5BD542a25Ea;155;155;155;0;0,0;7,310433326976655;8,828303720091055;1,5178703931144;157;0;155;0,0;False;-0,01387137808369844;0,0021141633314707337;2,0
55;vehicles_step_sim_6.csv;SUMO_carro_1000;HBEFA4/PC_petrol_Euro-6ab;Gasoline;1773509246;2026-03-14 17:27:26;2026-03-14 17:27:26;0,0;1,424296;1,424296;0,0;10,127130844155845;23393,672250000003;274,17698;-23119,495270000003;-1,1559747635000002;7,333411;2,3534170000000003;40,77564360647124;-73,96068698429804;40,77567129564486;-73,96043327796659;40,7914919;-73,9621451;40,7913623;-73,9618473;True;True;0xCDcF7b2a3352a32cc28FD35C3924f5BD542a25Ea;155;155;155;0;0,0;7,310433326976655;13,195669538854967;5,885236211878311;157;0;155;0,0;False;0,014630478634719661;-0,0023145391038969588;2,0
56;vehicles_step_sim_6.csv;SUMO_carro_1000;HBEFA4/PC_petrol_Euro-6ab;Gasoline;1773509246;2026-03-14 17:27:26;2026-03-14 17:27:26;0,0;1,424296;1,424296;0,0;10,127130844155845;23393,672250000003;274,17698;-23119,495270000003;-1,1559747635000002;7,333411;2,3534170000000003;40,77564360647124;-73,96068698429804;40,77567129564486;-73,96043327796659;40,7866062;-73,9523691;40,7868417;-73,9521862;True;True;0xCDcF7b2a3352a32cc28FD35C3924f5BD542a25Ea;155;155;155;0;0,0;7,310433326976655;7,857469756644378;0,547036429667723;157;0;155;0,0;False;0,0109667731547008;0,008537201082844498;2,0
57;vehicles_step_sim_6.csv;SUMO_carro_1000;HBEFA4/PC_petrol_Euro-6ab;Gasoline;1773509246;2026-03-14 17:27:26;2026-03-14 17:27:26;0,0;1,424296;1,424296;0,0;10,127130844155845;23393,672250000003;274,17698;-23119,495270000003;-1,1559747635000002;7,333411;2,3534170000000003;40,77564360647124;-73,96068698429804;40,77567129564486;-73,96043327796659;40,7713853;-73,9771742;40,7712729;-73,9769862;True;True;0xCDcF7b2a3352a32cc28FD35C3924f5BD542a25Ea;155;155;155;0;0,0;7,310433326976655;10,527266394231816;3,216833067255161;157;0;155;0,0;False;-0,003942264676022327;-0,0161759547205109;2,0
58;vehicles_step_sim_6.csv;SUMO_carro_1000;HBEFA4/PC_petrol_Euro-6ab;Gasoline;1773509246;2026-03-14 17:27:26;2026-03-14 17:27:26;0,0;1,424296;1,424296;0,0;10,127130844155845;23393,672250000003;274,17698;-23119,495270000003;-1,1559747635000002;7,333411;2,3534170000000003;40,77564360647124;-73,96068698429804;40,77567129564486;-73,96043327796659;40,7699543;-73,9688653;40,7699543;-73,9688653;True;True;0xCDcF7b2a3352a32cc28FD35C3924f5BD542a25Ea;155;155;155;0;0,0;7,310433326976655;6,429704980455306;-0,8807283465213489;157;0;155;0,0;False;-0,0047691465180860135;-0,010452379662885187;2,0
59;vehicles_step_sim_6.csv;SUMO_carro_1000;HBEFA4/PC_petrol_Euro-6ab;Gasoline;1773509246;2026-03-14 17:27:26;2026-03-14 17:27:26;0,0;1,424296;1,424296;0,0;10,127130844155845;23393,672250000003;274,17698;-23119,495270000003;-1,1559747635000002;7,333411;2,3534170000000003;40,77564360647124;-73,96068698429804;40,77567129564486;-73,96043327796659;40,7737221;-73,9777895;40,7737221;-73,9777895;True;True;0xCDcF7b2a3352a32cc28FD35C3924f5BD542a25Ea;155;155;155;0;0,0;7,310433326976655;7,024369852681322;-0,2860634742953332;157;0;155;0,0;False;-0,002272515871182363;-0,01625381166549759;2,0
60;vehicles_step_sim_6.csv;SUMO_carro_1000;HBEFA4/PC_petrol_Euro-6ab;Gasoline;1773509246;2026-03-14 17:27:26;2026-03-14 17:27:26;0,0;1,424296;1,424296;0,0;10,127130844155845;23393,672250000003;274,17698;-23119,495270000003;-1,1559747635000002;7,333411;2,3534170000000003;40,77564360647124;-73,96068698429804;40,77567129564486;-73,96043327796659;40,7788628;-73,9741982;40,7788628;-73,9741982;True;True;0xCDcF7b2a3352a32cc28FD35C3924f5BD542a25Ea;155;155;155;0;0,0;7,310433326976655;5,916994462763398;-1,3934388642132571;157;0;155;0,0;False;0,0031855410144410947;-0,014186289673932252;2,0
61;vehicles_step_sim_6.csv;SUMO_carro_1000;HBEFA4/PC_petrol_Euro-6ab;Gasoline;1773509246;2026-03-14 17:27:26;2026-03-14 17:27:26;0,0;1,424296;1,424296;0,0;10,127130844155845;23393,672250000003;274,17698;-23119,495270000003;-1,1559747635000002;7,333411;2,3534170000000003;40,77564360647124;-73,96068698429804;40,77567129564486;-73,96043327796659;40,7597703;-73,9663787;40,7597703;-73,9663787;True;True;0xCDcF7b2a3352a32cc28FD35C3924f5BD542a25Ea;155;155;155;0;0,0;7,310433326976655;7,941244019375557;0,6308106923989021;157;0;155;0,0;False;-0,015547353350495228;-0,005490786392823847;2,0
62;vehicles_step_sim_6.csv;SUMO_carro_1000;HBEFA4/PC_petrol_Euro-6ab;Gasoline;1773509246;2026-03-14 17:27:26;2026-03-14 17:27:26;0,0;1,424296;1,424296;0,0;10,127130844155845;23393,672250000003;274,17698;-23119,495270000003;-1,1559747635000002;7,333411;2,3534170000000003;40,77564360647124;-73,96068698429804;40,77567129564486;-73,96043327796659;40,7813282;-73,9759631;40,7818684;-73,9755666;True;True;0xCDcF7b2a3352a32cc28FD35C3924f5BD542a25Ea;155;155;155;0;0,0;7,310433326976655;7,842365791629509;0,5319324646528534;157;0;155;0,0;False;0,00585454834371237;-0,015082060221882302;2,0
63;vehicles_step_sim_6.csv;SUMO_carro_1000;HBEFA4/PC_petrol_Euro-6ab;Gasoline;1773509246;2026-03-14 17:27:26;2026-03-14 17:27:26;0,0;1,424296;1,424296;0,0;10,127130844155845;23393,672250000003;274,17698;-23119,495270000003;-1,1559747635000002;7,333411;2,3534170000000003;40,77564360647124;-73,96068698429804;40,77567129564486;-73,96043327796659;40,7703815;-73,959979;40,7710093;-73,9595157;True;True;0xCDcF7b2a3352a32cc28FD35C3924f5BD542a25Ea;155;155;155;0;0,0;7,310433326976655;8,244822567742643;0,934389240765988;157;0;155;0,0;False;-0,0051972129922242495;0,0013261366131706704;2,0
64;vehicles_step_sim_6.csv;SUMO_carro_1000;HBEFA4/PC_petrol_Euro-6ab;Gasoline;1773509246;2026-03-14 17:27:26;2026-03-14 17:27:26;0,0;1,424296;1,424296;0,0;10,127130844155845;23393,672250000003;274,17698;-23119,495270000003;-1,1559747635000002;7,333411;2,3534170000000003;40,77564360647124;-73,96068698429804;40,77567129564486;-73,96043327796659;40,7666215;-73,9630662;40,7666143;-73,9628885;True;True;0xCDcF7b2a3352a32cc28FD35C3924f5BD542a25Ea;155;155;155;0;0,0;7,310433326976655;7,125165075392206;-0,18526825158444904;157;0;155;0,0;False;-0,008736104183549873;-0,0024842033658290285;2,0
65;vehicles_step_sim_6.csv;SUMO_carro_1000;HBEFA4/PC_petrol_Euro-6ab;Gasoline;1773509246;2026-03-14 17:27:26;2026-03-14 17:27:26;0,0;1,424296;1,424296;0,0;10,127130844155845;23393,672250000003;274,17698;-23119,495270000003;-1,1559747635000002;7,333411;2,3534170000000003;40,77564360647124;-73,96068698429804;40,77567129564486;-73,96043327796659;40,7820092;-73,9458177;40,7820092;-73,9458177;True;True;0xCDcF7b2a3352a32cc28FD35C3924f5BD542a25Ea;155;155;155;0;0,0;7,310433326976655;6,56938694553308;-0,7410463814435753;157;0;155;0,0;False;0,006642649499536607;0,01420707229610488;2,0
66;vehicles_step_sim_6.csv;SUMO_carro_1000;HBEFA4/PC_petrol_Euro-6ab;Gasoline;1773509246;2026-03-14 17:27:26;2026-03-14 17:27:26;0,0;1,424296;1,424296;0,0;10,127130844155845;23393,672250000003;274,17698;-23119,495270000003;-1,1559747635000002;7,333411;2,3534170000000003;40,77564360647124;-73,96068698429804;40,77567129564486;-73,96043327796659;40,784008;-73,9563773;40,784008;-73,9563773;True;True;0xCDcF7b2a3352a32cc28FD35C3924f5BD542a25Ea;155;155;155;0;0,0;7,310433326976655;7,81873627703468;0,5083029500580247;157;0;155;0,0;False;0,00849775269722618;0,004541874921863083;2,0
67;vehicles_step_sim_6.csv;SUMO_carro_1000;HBEFA4/PC_petrol_Euro-6ab;Gasoline;1773509246;2026-03-14 17:27:26;2026-03-14 17:27:26;0,0;1,424296;1,424296;0,0;10,127130844155845;23393,672250000003;274,17698;-23119,495270000003;-1,1559747635000002;7,333411;2,3534170000000003;40,77564360647124;-73,96068698429804;40,77567129564486;-73,96043327796659;40,7660982;-73,9715417;40,76614;-73,9696989;True;True;0xCDcF7b2a3352a32cc28FD35C3924f5BD542a25Ea;155;155;155;0;0,0;7,310433326976655;8,12954565145934;0,8191123244826848;157;0;155;0,0;False;-0,009470797257212997;-0,010079443993466;2,0
68;vehicles_step_sim_6.csv;SUMO_carro_1000;HBEFA4/PC_petrol_Euro-6ab;Gasoline;1773509246;2026-03-14 17:27:26;2026-03-14 17:27:26;0,0;1,424296;1,424296;0,0;10,127130844155845;23393,672250000003;274,17698;-23119,495270000003;-1,1559747635000002;7,333411;2,3534170000000003;40,77564360647124;-73,96068698429804;40,77567129564486;-73,96043327796659;40,7868277;-73,9719492;40,7868277;-73,9719492;True;True;0xCDcF7b2a3352a32cc28FD35C3924f5BD542a25Ea;155;155;155;0;0,0;7,310433326976655;7,4109451742819505;0,10051184730529528;157;0;155;0,0;False;0,011221341787184563;-0,011592849609312094;2,0
69;vehicles_step_sim_6.csv;SUMO_carro_1000;HBEFA4/PC_petrol_Euro-6ab;Gasoline;1773509246;2026-03-14 17:27:26;2026-03-14 17:27:26;0,0;1,424296;1,424296;0,0;10,127130844155845;23393,672250000003;274,17698;-23119,495270000003;-1,1559747635000002;7,333411;2,3534170000000003;40,77564360647124;-73,96068698429804;40,77567129564486;-73,96043327796659;40,7667175;-73,9712254;40,766724;-73,9710869;True;True;0xCDcF7b2a3352a32cc28FD35C3924f5BD542a25Ea;155;155;155;0;0,0;7,310433326976655;7,457389655936588;0,1469563289599325;157;0;155;0,0;False;-0,009043028971849295;-0,010615251760347798;2,0
70;vehicles_step_sim_6.csv;SUMO_carro_1000;HBEFA4/PC_petrol_Euro-6ab;Gasoline;1773509246;2026-03-14 17:27:26;2026-03-14 17:27:26;0,0;1,424296;1,424296;0,0;10,127130844155845;23393,672250000003;274,17698;-23119,495270000003;-1,1559747635000002;7,333411;2,3534170000000003;40,77564360647124;-73,96068698429804;40,77567129564486;-73,96043327796659;40,7746991;-73,9582606;40,7745492;-73,9579059;True;True;0xCDcF7b2a3352a32cc28FD35C3924f5BD542a25Ea;155;155;155;0;0,0;7,310433326976655;7,8159880720199375;0,5055547450432822;157;0;155;0,0;False;-0,0012760434339693842;0,0021968127026345784;2,0
71;vehicles_step_sim_6.csv;SUMO_carro_1000;HBEFA4/PC_petrol_Euro-6ab;Gasoline;1773509246;2026-03-14 17:27:26;2026-03-14 17:27:26;0,0;1,424296;1,424296;0,0;10,127130844155845;23393,672250000003;274,17698;-23119,495270000003;-1,1559747635000002;7,333411;2,3534170000000003;40,77564360647124;-73,96068698429804;40,77567129564486;-73,96043327796659;40,7776866;-73,9612871;40,7776866;-73,9612871;True;True;0xCDcF7b2a3352a32cc28FD35C3924f5BD542a25Ea;155;155;155;0;0,0;7,310433326976655;7,434590761619146;0,1241574346424903;157;0;155;0,0;False;0,0021302538888843072;-0,0010806877178276232;2,0
72;vehicles_step_sim_6.csv;SUMO_carro_1000;HBEFA4/PC_petrol_Euro-6ab;Gasoline;1773509246;2026-03-14 17:27:26;2026-03-14 17:27:26;0,0;1,424296;1,424296;0,0;10,127130844155845;23393,672250000003;274,17698;-23119,495270000003;-1,1559747635000002;7,333411;2,3534170000000003;40,77564360647124;-73,96068698429804;40,77567129564486;-73,96043327796659;40,7614374;-73,9643627;40,7614374;-73,9643627;True;True;0xCDcF7b2a3352a32cc28FD35C3924f5BD542a25Ea;155;155;155;0;0,0;7,310433326976655;7,416812798501498;0,10637947152484273;157;0;155;0,0;False;-0,014265273622275046;-0,004079296103299068;2,0
73;vehicles_step_sim_6.csv;SUMO_carro_1000;HBEFA4/PC_petrol_Euro-6ab;Gasoline;1773509246;2026-03-14 17:27:26;2026-03-14 17:27:26;0,0;1,424296;1,424296;0,0;10,127130844155845;23393,672250000003;274,17698;-23119,495270000003;-1,1559747635000002;7,333411;2,3534170000000003;40,77564360647124;-73,96068698429804;40,77567129564486;-73,96043327796659;40,7798749;-73,9502894;40,7797546;-73,9502082;True;True;0xCDcF7b2a3352a32cc28FD35C3924f5BD542a25Ea;155;155;155;0;0,0;7,310433326976655;6,719702946987632;-0,5907303799890231;157;0;155;0,0;False;0,004256865587469714;0,010590577449724204;2,0
74;vehicles_step_sim_6.csv;SUMO_carro_1000;HBEFA4/PC_petrol_Euro-6ab;Gasoline;1773509246;2026-03-14 17:27:26;2026-03-14 17:27:26;0,0;1,424296;1,424296;0,0;10,127130844155845;23393,672250000003;274,17698;-23119,495270000003;-1,1559747635000002;7,333411;2,3534170000000003;40,77564360647124;-73,96068698429804;40,77567129564486;-73,96043327796659;40,7905574;-73,9604779;40,790508;-73,9603889;True;True;0xCDcF7b2a3352a32cc28FD35C3924f5BD542a25Ea;155;155;155;0;0,0;7,310433326976655;11,547430637541874;4,2369973105652186;157;0;155;0,0;False;0,014729289499858526;-1,5927524050181557e-05;2,0
75;vehicles_step_sim_6.csv;SUMO_carro_1000;HBEFA4/PC_petrol_Euro-6ab;Gasoline;1773509246;2026-03-14 17:27:26;2026-03-14 17:27:26;0,0;1,424296;1,424296;0,0;10,127130844155845;23393,672250000003;274,17698;-23119,495270000003;-1,1559747635000002;7,333411;2,3534170000000003;40,77564360647124;-73,96068698429804;40,77567129564486;-73,96043327796659;40,7840229;-73,958603;40,7840229;-73,958603;True;True;0xCDcF7b2a3352a32cc28FD35C3924f5BD542a25Ea;155;155;155;0;0,0;7,310433326976655;7,534834521265244;0,22440119428858907;157;0;155;0,0;False;0,008501231614726242;0,0010849151608362478;2,0
76;vehicles_step_sim_6.csv;SUMO_carro_1000;HBEFA4/PC_petrol_Euro-6ab;Gasoline;1773509246;2026-03-14 17:27:26;2026-03-14 17:27:26;0,0;1,424296;1,424296;0,0;10,127130844155845;23393,672250000003;274,17698;-23119,495270000003;-1,1559747635000002;7,333411;2,3534170000000003;40,77564360647124;-73,96068698429804;40,77567129564486;-73,96043327796659;40,7789069;-73,9684905;40,7786974;-73,9679871;True;True;0xCDcF7b2a3352a32cc28FD35C3924f5BD542a25Ea;155;155;155;0;0,0;7,310433326976655;14,309276489770856;6,9988431627942;157;0;155;0,0;False;9,178780593966606e-05;-0,009893998446261489;2,0
77;vehicles_step_sim_6.csv;SUMO_carro_1000;HBEFA4/PC_petrol_Euro-6ab;Gasoline;1773509246;2026-03-14 17:27:26;2026-03-14 17:27:26;0,0;1,424296;1,424296;0,0;10,127130844155845;23393,672250000003;274,17698;-23119,495270000003;-1,1559747635000002;7,333411;2,3534170000000003;40,77564360647124;-73,96068698429804;40,77567129564486;-73,96043327796659;40,7768546;-73,9755068;40,7768546;-73,9755068;True;True;0xCDcF7b2a3352a32cc28FD35C3924f5BD542a25Ea;155;155;155;0;0,0;7,310433326976655;13,435334481516248;6,124901154539593;157;0;155;0,0;False;-0,00014280446183188815;-0,012070718414744766;2,0
78;vehicles_step_sim_6.csv;SUMO_carro_1000;HBEFA4/PC_petrol_Euro-6ab;Gasoline;1773509246;2026-03-14 17:27:26;2026-03-14 17:27:26;0,0;1,424296;1,424296;0,0;10,127130844155845;23393,672250000003;274,17698;-23119,495270000003;-1,1559747635000002;7,333411;2,3534170000000003;40,77564360647124;-73,96068698429804;40,77567129564486;-73,96043327796659;40,7749852;-73,9529039;40,7739729;-73,9524629;True;True;0xCDcF7b2a3352a32cc28FD35C3924f5BD542a25Ea;155;155;155;0;0,0;7,310433326976655;6,876291760966307;-0,43414156601034826;157;0;155;0,0;False;-0,001157188797740665;0,008009456521073339;2,0
79;vehicles_step_sim_6.csv;SUMO_carro_1000;HBEFA4/PC_petrol_Euro-6ab;Gasoline;1773509246;2026-03-14 17:27:26;2026-03-14 17:27:26;0,0;1,424296;1,424296;0,0;10,127130844155845;23393,672250000003;274,17698;-23119,495270000003;-1,1559747635000002;7,333411;2,3534170000000003;40,77564360647124;-73,96068698429804;40,77567129564486;-73,96043327796659;40,7877699;-73,9494333;40,7871867;-73,9480628;True;True;0xCDcF7b2a3352a32cc28FD35C3924f5BD542a25Ea;155;155;155;0;0,0;7,310433326976655;7,680777093088997;0,37034376611234165;157;0;155;0,0;False;0,011643734417023016;0,011601633314536853;2,0
80;vehicles_step_sim_6.csv;SUMO_carro_1000;HBEFA4/PC_petrol_Euro-6ab;Gasoline;1773509246;2026-03-14 17:27:26;2026-03-14 17:27:26;0,0;1,424296;1,424296;0,0;10,127130844155845;23393,672250000003;274,17698;-23119,495270000003;-1,1559747635000002;7,333411;2,3534170000000003;40,77564360647124;-73,96068698429804;40,77567129564486;-73,96043327796659;40,7834103;-73,9590353;40,7835157;-73,9589613;True;True;0xCDcF7b2a3352a32cc28FD35C3924f5BD542a25Ea;155;155;155;0;0,0;7,310433326976655;7,665409420797153;0,3549760938204978;157;0;155;0,0;False;0,008604678393114207;-0,00037560476747326824;2,0
81;vehicles_step_sim_6.csv;SUMO_carro_1000;HBEFA4/PC_petrol_Euro-6ab;Gasoline;1773509246;2026-03-14 17:27:26;2026-03-14 17:27:26;0,0;1,424296;1,424296;0,0;10,127130844155845;23393,672250000003;274,17698;-23119,495270000003;-1,1559747635000002;7,333411;2,3534170000000003;40,77564360647124;-73,96068698429804;40,77567129564486;-73,96043327796659;40,7894158;-73,9663475;40,7897945;-73,9662234;True;True;0xCDcF7b2a3352a32cc28FD35C3924f5BD542a25Ea;155;155;155;0;0,0;7,310433326976655;7,306920462111338;-0,003512864865316878;157;0;155;0,0;False;0,014028514728352608;-0,006101435253488315;2,0
82;vehicles_step_sim_6.csv;SUMO_carro_1000;HBEFA4/PC_petrol_Euro-6ab;Gasoline;1773509246;2026-03-14 17:27:26;2026-03-14 17:27:26;0,0;1,424296;1,424296;0,0;10,127130844155845;23393,672250000003;274,17698;-23119,495270000003;-1,1559747635000002;7,333411;2,3534170000000003;40,77564360647124;-73,96068698429804;40,77567129564486;-73,96043327796659;40,7666809;-73,9612694;40,7666809;-73,9612694;True;True;0xCDcF7b2a3352a32cc28FD35C3924f5BD542a25Ea;155;155;155;0;0,0;7,310433326976655;7,8597872801328075;0,5493539531561522;157;0;155;0,0;False;-0,00935576742952826;-0,000868871936110984;2,0
83;vehicles_step_sim_6.csv;SUMO_carro_1000;HBEFA4/PC_petrol_Euro-6ab;Gasoline;1773509246;2026-03-14 17:27:26;2026-03-14 17:27:26;0,0;1,424296;1,424296;0,0;10,127130844155845;23393,672250000003;274,17698;-23119,495270000003;-1,1559747635000002;7,333411;2,3534170000000003;40,77564360647124;-73,96068698429804;40,77567129564486;-73,96043327796659;40,7787459;-73,9477788;40,7779268;-73,9458367;True;True;0xCDcF7b2a3352a32cc28FD35C3924f5BD542a25Ea;155;155;155;0;0,0;7,310433326976655;8,735843950450453;1,4254106234737982;157;0;155;0,0;False;0,002952604236429511;0,01390890523291623;2,0
84;vehicles_step_sim_6.csv;SUMO_carro_1000;HBEFA4/PC_petrol_Euro-6ab;Gasoline;1773509246;2026-03-14 17:27:26;2026-03-14 17:27:26;0,0;1,424296;1,424296;0,0;10,127130844155845;23393,672250000003;274,17698;-23119,495270000003;-1,1559747635000002;7,333411;2,3534170000000003;40,77564360647124;-73,96068698429804;40,77567129564486;-73,96043327796659;40,7640019;-73,9646247;40,7637931;-73,9621865;True;True;0xCDcF7b2a3352a32cc28FD35C3924f5BD542a25Ea;155;155;155;0;0,0;7,310433326976655;7,101075107573602;-0,209358219403053;157;0;155;0,0;False;-0,011749648569862983;-0,00278026303294468;2,0
85;vehicles_step_sim_6.csv;SUMO_carro_1000;HBEFA4/PC_petrol_Euro-6ab;Gasoline;1773509246;2026-03-14 17:27:26;2026-03-14 17:27:26;0,0;1,424296;1,424296;0,0;10,127130844155845;23393,672250000003;274,17698;-23119,495270000003;-1,1559747635000002;7,333411;2,3534170000000003;40,77564360647124;-73,96068698429804;40,77567129564486;-73,96043327796659;40,7624378;-73,9628444;40,7624378;-73,9628444;True;True;0xCDcF7b2a3352a32cc28FD35C3924f5BD542a25Ea;155;155;155;0;0,0;7,310433326976655;6,799728505868465;-0,5107048211081899;157;0;155;0,0;False;-0,0132090336632081;-0,0019859354952333035;2,0
86;vehicles_step_sim_6.csv;SUMO_carro_1000;HBEFA4/PC_petrol_Euro-6ab;Gasoline;1773509246;2026-03-14 17:27:26;2026-03-14 17:27:26;0,0;1,424296;1,424296;0,0;10,127130844155845;23393,672250000003;274,17698;-23119,495270000003;-1,1559747635000002;7,333411;2,3534170000000003;40,77564360647124;-73,96068698429804;40,77567129564486;-73,96043327796659;40,7846666;-73,9581319;40,7846666;-73,9581319;True;True;0xCDcF7b2a3352a32cc28FD35C3924f5BD542a25Ea;155;155;155;0;0,0;7,310433326976655;7,217513083354192;-0,09292024362246298;157;0;155;0,0;False;0,010302779533677383;-0,0007116076897277957;2,0
87;vehicles_step_sim_6.csv;SUMO_carro_1000;HBEFA4/PC_petrol_Euro-6ab;Gasoline;1773509246;2026-03-14 17:27:26;2026-03-14 17:27:26;0,0;1,424296;1,424296;0,0;10,127130844155845;23393,672250000003;274,17698;-23119,495270000003;-1,1559747635000002;7,333411;2,3534170000000003;40,77564360647124;-73,96068698429804;40,77567129564486;-73,96043327796659;40,7930356;-73,9637016;40,7930356;-73,9637016;True;True;0xCDcF7b2a3352a32cc28FD35C3924f5BD542a25Ea;155;155;155;0;0,0;7,310433326976655;5,597523465277943;-1,7129098616987122;157;0;155;0,0;False;0,017439383040942995;-0,0029365948344635046;2,0
88;vehicles_step_sim_6.csv;SUMO_carro_1000;HBEFA4/PC_petrol_Euro-6ab;Gasoline;1773509246;2026-03-14 17:27:26;2026-03-14 17:27:26;0,0;1,424296;1,424296;0,0;10,127130844155845;23393,672250000003;274,17698;-23119,495270000003;-1,1559747635000002;7,333411;2,3534170000000003;40,77564360647124;-73,96068698429804;40,77567129564486;-73,96043327796659;40,7699543;-73,9688653;40,7699543;-73,9688653;True;True;0xCDcF7b2a3352a32cc28FD35C3924f5BD542a25Ea;155;155;155;0;0,0;7,310433326976655;6,759009174287579;-0,5514241526890764;157;0;155;0,0;False;-0,004898345990058004;-0,010160711726338827;2,0
89;vehicles_step_sim_6.csv;SUMO_carro_1000;HBEFA4/PC_petrol_Euro-6ab;Gasoline;1773509246;2026-03-14 17:27:26;2026-03-14 17:27:26;0,0;1,424296;1,424296;0,0;10,127130844155845;23393,672250000003;274,17698;-23119,495270000003;-1,1559747635000002;7,333411;2,3534170000000003;40,77564360647124;-73,96068698429804;40,77567129564486;-73,96043327796659;40,7782575;-73,9667472;40,7781629;-73,9663251;True;True;0xCDcF7b2a3352a32cc28FD35C3924f5BD542a25Ea;155;155;155;0;0,0;7,310433326976655;5,628820821401192;-1,6816125055754636;157;0;155;0,0;False;0,004113268514720982;-0,0054870357850586166;2,0
90;vehicles_step_sim_6.csv;SUMO_carro_1000;HBEFA4/PC_petrol_Euro-6ab;Gasoline;1773509246;2026-03-14 17:27:26;2026-03-14 17:27:26;0,0;1,424296;1,424296;0,0;10,127130844155845;23393,672250000003;274,17698;-23119,495270000003;-1,1559747635000002;7,333411;2,3534170000000003;40,77564360647124;-73,96068698429804;40,77567129564486;-73,96043327796659;40,7729772;-73,9622058;40,7729772;-73,9622058;True;True;0xCDcF7b2a3352a32cc28FD35C3924f5BD542a25Ea;155;155;155;0;0,0;7,310433326976655;7,613691549504399;0,30325822252774337;157;0;155;0,0;False;-0,002796353559079584;-0,0011371738757160765;2,0
91;vehicles_step_sim_6.csv;SUMO_carro_1000;HBEFA4/PC_petrol_Euro-6ab;Gasoline;1773509246;2026-03-14 17:27:26;2026-03-14 17:27:26;0,0;1,424296;1,424296;0,0;10,127130844155845;23393,672250000003;274,17698;-23119,495270000003;-1,1559747635000002;7,333411;2,3534170000000003;40,77564360647124;-73,96068698429804;40,77567129564486;-73,96043327796659;40,7585489;-73,9613876;40,7585489;-73,9613876;True;True;0xCDcF7b2a3352a32cc28FD35C3924f5BD542a25Ea;155;155;155;0;0,0;7,310433326976655;6,51433053107327;-0,7961027959033853;157;0;155;0,0;False;-0,016994785965318237;-0,0008525772203513733;2,0
92;vehicles_step_sim_6.csv;SUMO_carro_1000;HBEFA4/PC_petrol_Euro-6ab;Gasoline;1773509246;2026-03-14 17:27:26;2026-03-14 17:27:26;0,0;1,424296;1,424296;0,0;10,127130844155845;23393,672250000003;274,17698;-23119,495270000003;-1,1559747635000002;7,333411;2,3534170000000003;40,77564360647124;-73,96068698429804;40,77567129564486;-73,96043327796659;40,7793232;-73,9774236;40,7793169;-73,977252;True;True;0xCDcF7b2a3352a32cc28FD35C3924f5BD542a25Ea;155;155;155;0;0,0;7,310433326976655;6,9210307265485245;-0,3894026004281308;157;0;155;0,0;False;0,0036450758548263623;-0,016677928480086545;2,0
93;vehicles_step_sim_6.csv;SUMO_carro_1000;HBEFA4/PC_petrol_Euro-6ab;Gasoline;1773509246;2026-03-14 17:27:26;2026-03-14 17:27:26;0,0;1,424296;1,424296;0,0;10,127130844155845;23393,672250000003;274,17698;-23119,495270000003;-1,1559747635000002;7,333411;2,3534170000000003;40,77564360647124;-73,96068698429804;40,77567129564486;-73,96043327796659;40,7629896;-73,9565797;40,7629896;-73,9565797;True;True;0xCDcF7b2a3352a32cc28FD35C3924f5BD542a25Ea;155;155;155;0;0,0;7,310433326976655;8,192057775173973;0,8816244481973179;157;0;155;0,0;False;-0,013011252128358046;0,004607802895915835;2,0
94;vehicles_step_sim_6.csv;SUMO_carro_1000;HBEFA4/PC_petrol_Euro-6ab;Gasoline;1773509246;2026-03-14 17:27:26;2026-03-14 17:27:26;0,0;1,424296;1,424296;0,0;10,127130844155845;23393,672250000003;274,17698;-23119,495270000003;-1,1559747635000002;7,333411;2,3534170000000003;40,77564360647124;-73,96068698429804;40,77567129564486;-73,96043327796659;40,7604268;-73,962365;40,7603984;-73,9623046;True;True;0xCDcF7b2a3352a32cc28FD35C3924f5BD542a25Ea;155;155;155;0;0,0;7,310433326976655;7,781195185029638;0,4707618580529829;157;0;155;0,0;False;-0,015345595340923507;-0,0017623208619060916;2,0
95;vehicles_step_sim_6.csv;SUMO_carro_1000;HBEFA4/PC_petrol_Euro-6ab;Gasoline;1773509246;2026-03-14 17:27:26;2026-03-14 17:27:26;0,0;1,424296;1,424296;0,0;10,127130844155845;23393,672250000003;274,17698;-23119,495270000003;-1,1559747635000002;7,333411;2,3534170000000003;40,77564360647124;-73,96068698429804;40,77567129564486;-73,96043327796659;40,7585489;-73,9613876;40,7585489;-73,9613876;True;True;0xCDcF7b2a3352a32cc28FD35C3924f5BD542a25Ea;155;155;155;0;0,0;7,310433326976655;7,84630438893936;0,5358710619627045;157;0;155;0,0;False;-0,017286032705248422;-0,00040748164169771586;2,0
96;vehicles_step_sim_6.csv;SUMO_carro_1000;HBEFA4/PC_petrol_Euro-6ab;Gasoline;1773509246;2026-03-14 17:27:26;2026-03-14 17:27:26;0,0;1,424296;1,424296;0,0;10,127130844155845;23393,672250000003;274,17698;-23119,495270000003;-1,1559747635000002;7,333411;2,3534170000000003;40,77564360647124;-73,96068698429804;40,77567129564486;-73,96043327796659;40,7667175;-73,9712254;40,7667175;-73,9712254;True;True;0xCDcF7b2a3352a32cc28FD35C3924f5BD542a25Ea;155;155;155;0;0,0;7,310433326976655;7,456785153272614;0,1463518262959589;157;0;155;0,0;False;-0,009023033166370978;-0,010882289579220654;2,0
97;vehicles_step_sim_6.csv;SUMO_carro_1000;HBEFA4/PC_petrol_Euro-6ab;Gasoline;1773509246;2026-03-14 17:27:26;2026-03-14 17:27:26;0,0;1,424296;1,424296;0,0;10,127130844155845;23393,672250000003;274,17698;-23119,495270000003;-1,1559747635000002;7,333411;2,3534170000000003;40,77564360647124;-73,96068698429804;40,77567129564486;-73,96043327796659;40,7640017;-73,9711294;40,7640017;-73,9711294;True;True;0xCDcF7b2a3352a32cc28FD35C3924f5BD542a25Ea;155;155;155;0;0,0;7,310433326976655;7,567111282384317;0,25667795540766214;157;0;155;0,0;False;-0,011805596357804364;-0,010363250316767651;2,0
98;vehicles_step_sim_6.csv;SUMO_carro_1000;HBEFA4/PC_petrol_Euro-6ab;Gasoline;1773509246;2026-03-14 17:27:26;2026-03-14 17:27:26;0,0;1,424296;1,424296;0,0;10,127130844155845;23393,672250000003;274,17698;-23119,495270000003;-1,1559747635000002;7,333411;2,3534170000000003;40,77564360647124;-73,96068698429804;40,77567129564486;-73,96043327796659;40,7910409;-73,9612147;40,7909884;-73,9611255;True;True;0xCDcF7b2a3352a32cc28FD35C3924f5BD542a25Ea;155;155;155;0;0,0;7,310433326976655;7,782199874794351;0,4717665478176958;157;0;155;0,0;False;0,016134182294042218;0,00024098303855041948;2,0
99;vehicles_step_sim_6.csv;SUMO_carro_1000;HBEFA4/PC_petrol_Euro-6ab;Gasoline;1773509246;2026-03-14 17:27:26;2026-03-14 17:27:26;0,0;1,424296;1,424296;0,0;10,127130844155845;23393,672250000003;274,17698;-23119,495270000003;-1,1559747635000002;7,333411;2,3534170000000003;40,77564360647124;-73,96068698429804;40,77567129564486;-73,96043327796659;40,7808625;-73,9545924;40,7808625;-73,9545924;True;True;0xCDcF7b2a3352a32cc28FD35C3924f5BD542a25Ea;155;155;155;0;0,0;7,310433326976655;8,15961677767537;0,8491834506987139;157;0;155;0,0;False;0,005282415489333121;0,00606583919619114;2,0
100;vehicles_step_sim_6.csv;SUMO_carro_1000;HBEFA4/PC_petrol_Euro-6ab;Gasoline;1773509246;2026-03-14 17:27:26;2026-03-14 17:27:26;0,0;1,424296;1,424296;0,0;10,127130844155845;23393,672250000003;274,17698;-23119,495270000003;-1,1559747635000002;7,333411;2,3534170000000003;40,77564360647124;-73,96068698429804;40,77567129564486;-73,96043327796659;40,791728;-73,9632947;40,7916893;-73,9626941;True;True;0xCDcF7b2a3352a32cc28FD35C3924f5BD542a25Ea;155;155;155;0;0,0;7,310433326976655;11,871733799136983;4,561300472160328;157;0;155;0,0;False;0,01554994094131594;-0,0024655630167832107;2,0
1;vehicles_step_sim_2.csv;SUMO_carro_1000;HBEFA4/PC_petrol_Euro-6ab;Gasoline;1773509242;2026-03-14 17:27:22;2026-03-14 17:27:22;0,0;1,973023;1,973023;0,0;24,219150403030305;55946,237431;379,80692750000003;-55566,4305035;-2,778321525175;17,66749;4,416473;40,77564360647124;-73,96068698429804;40,77265119400165;-73,96254441954352;40,7736049;-73,9618954;40,7703514;-73,9641237;True;True;0xCDcF7b2a3352a32cc28FD35C3924f5BD542a25Ea;222;222;222;0;0,0;7,193768513611667;7,241922089548105;0,04815357593643732;224;0;222;0,0;False;-0,0022764680880000203;-0,001260230153188866;2,0
2;vehicles_step_sim_2.csv;SUMO_carro_1000;HBEFA4/PC_petrol_Euro-6ab;Gasoline;1773509242;2026-03-14 17:27:22;2026-03-14 17:27:22;0,0;1,973023;1,973023;0,0;24,219150403030305;55946,237431;379,80692750000003;-55566,4305035;-2,778321525175;17,66749;4,416473;40,77564360647124;-73,96068698429804;40,77265119400165;-73,96254441954352;40,7632726;-73,9570608;40,7608643;-73,9591089;True;True;0xCDcF7b2a3352a32cc28FD35C3924f5BD542a25Ea;222;222;222;0;0,0;7,193768513611667;7,292911182741921;0,09914266913025394;224;0;222;0,0;False;-0,012107179194191594;0,0033657142594568186;2,0
3;vehicles_step_sim_2.csv;SUMO_carro_1000;HBEFA4/PC_petrol_Euro-6ab;Gasoline;1773509242;2026-03-14 17:27:22;2026-03-14 17:27:22;0,0;1,973023;1,973023;0,0;24,219150403030305;55946,237431;379,80692750000003;-55566,4305035;-2,778321525175;17,66749;4,416473;40,77564360647124;-73,96068698429804;40,77265119400165;-73,96254441954352;40,7725109;-73,9630745;40,7692698;-73,9652912;True;True;0xCDcF7b2a3352a32cc28FD35C3924f5BD542a25Ea;222;222;222;0;0,0;7,193768513611667;7,564903779668464;0,3711352660567968;224;0;222;0,0;False;-0,0031332458620154414;-0,0027234947601538877;2,0
4;vehicles_step_sim_2.csv;SUMO_carro_1000;HBEFA4/PC_petrol_Euro-6ab;Gasoline;1773509242;2026-03-14 17:27:22;2026-03-14 17:27:22;0,0;1,973023;1,973023;0,0;24,219150403030305;55946,237431;379,80692750000003;-55566,4305035;-2,778321525175;17,66749;4,416473;40,77564360647124;-73,96068698429804;40,77265119400165;-73,96254441954352;40,7580966;-73,9603106;40,7549696;-73,9624993;True;True;0xCDcF7b2a3352a32cc28FD35C3924f5BD542a25Ea;222;222;222;0;0,0;7,193768513611667;6,632449929966173;-0,5613185836454946;224;0;222;0,0;False;-0,017476346273853468;-0,00011432424200371856;2,0
5;vehicles_step_sim_2.csv;SUMO_carro_1000;HBEFA4/PC_petrol_Euro-6ab;Gasoline;1773509242;2026-03-14 17:27:22;2026-03-14 17:27:22;0,0;1,973023;1,973023;0,0;24,219150403030305;55946,237431;379,80692750000003;-55566,4305035;-2,778321525175;17,66749;4,416473;40,77564360647124;-73,96068698429804;40,77265119400165;-73,96254441954352;40,7626878;-73,9653817;40,7597703;-73,9663787;True;True;0xCDcF7b2a3352a32cc28FD35C3924f5BD542a25Ea;222;222;222;0;0,0;7,193768513611667;7,45065972202821;0,2568912084165422;224;0;222;0,0;False;-0,013071493282633802;-0,004156489040542826;2,0
6;vehicles_step_sim_2.csv;SUMO_carro_1000;HBEFA4/PC_petrol_Euro-6ab;Gasoline;1773509242;2026-03-14 17:27:22;2026-03-14 17:27:22;0,0;1,973023;1,973023;0,0;24,219150403030305;55946,237431;379,80692750000003;-55566,4305035;-2,778321525175;17,66749;4,416473;40,77564360647124;-73,96068698429804;40,77265119400165;-73,96254441954352;40,7695001;-73,9498863;40,7667452;-73,9514025;True;True;0xCDcF7b2a3352a32cc28FD35C3924f5BD542a25Ea;222;222;222;0;0,0;7,193768513611667;6,608070178843036;-0,5856983347686313;224;0;222;0,0;False;-0,006109450297195759;0,011044611455582267;2,0
7;vehicles_step_sim_2.csv;SUMO_carro_1000;HBEFA4/PC_petrol_Euro-6ab;Gasoline;1773509242;2026-03-14 17:27:22;2026-03-14 17:27:22;0,0;1,973023;1,973023;0,0;24,219150403030305;55946,237431;379,80692750000003;-55566,4305035;-2,778321525175;17,66749;4,416473;40,77564360647124;-73,96068698429804;40,77265119400165;-73,96254441954352;40,7701384;-73,9515195;40,7669135;-73,9538772;True;True;0xCDcF7b2a3352a32cc28FD35C3924f5BD542a25Ea;222;222;222;0;0,0;7,193768513611667;7,399383617199945;0,2056151035882774;224;0;222;0,0;False;-0,005538869279417635;0,008675872939537376;2,0
8;vehicles_step_sim_2.csv;SUMO_carro_1000;HBEFA4/PC_petrol_Euro-6ab;Gasoline;1773509242;2026-03-14 17:27:22;2026-03-14 17:27:22;0,0;1,973023;1,973023;0,0;24,219150403030305;55946,237431;379,80692750000003;-55566,4305035;-2,778321525175;17,66749;4,416473;40,77564360647124;-73,96068698429804;40,77265119400165;-73,96254441954352;40,7775074;-73,9569035;40,7742377;-73,9592985;True;True;0xCDcF7b2a3352a32cc28FD35C3924f5BD542a25Ea;222;222;222;0;0,0;7,193768513611667;7,382732928074419;0,18896441446275158;224;0;222;0,0;False;0,0015527279988749728;0,003948042827201076;2,0
9;vehicles_step_sim_2.csv;SUMO_carro_1000;HBEFA4/PC_petrol_Euro-6ab;Gasoline;1773509242;2026-03-14 17:27:22;2026-03-14 17:27:22;0,0;1,973023;1,973023;0,0;24,219150403030305;55946,237431;379,80692750000003;-55566,4305035;-2,778321525175;17,66749;4,416473;40,77564360647124;-73,96068698429804;40,77265119400165;-73,96254441954352;40,779418;-73,9774928;40,7767817;-73,979423;True;True;0xCDcF7b2a3352a32cc28FD35C3924f5BD542a25Ea;222;222;222;0;0,0;7,193768513611667;7,505559719993359;0,31179120638169167;224;0;222;0,0;False;0,003949500712027722;-0,01726993387482572;2,0
10;vehicles_step_sim_2.csv;SUMO_carro_1000;HBEFA4/PC_petrol_Euro-6ab;Gasoline;1773509242;2026-03-14 17:27:22;2026-03-14 17:27:22;0,0;1,973023;1,973023;0,0;24,219150403030305;55946,237431;379,80692750000003;-55566,4305035;-2,778321525175;17,66749;4,416473;40,77564360647124;-73,96068698429804;40,77265119400165;-73,96254441954352;40,7750628;-73,9538068;40,7720921;-73,95599;True;True;0xCDcF7b2a3352a32cc28FD35C3924f5BD542a25Ea;222;222;222;0;0,0;7,193768513611667;8,498866119502559;1,3050976058908912;224;0;222;0,0;False;-0,0005945687234927381;0,006622615389076593;2,0
11;vehicles_step_sim_2.csv;SUMO_carro_1000;HBEFA4/PC_petrol_Euro-6ab;Gasoline;1773509242;2026-03-14 17:27:22;2026-03-14 17:27:22;0,0;1,973023;1,973023;0,0;24,219150403030305;55946,237431;379,80692750000003;-55566,4305035;-2,778321525175;17,66749;4,416473;40,77564360647124;-73,96068698429804;40,77265119400165;-73,96254441954352;40,7903654;-73,9695213;40,7878474;-73,9713515;True;True;0xCDcF7b2a3352a32cc28FD35C3924f5BD542a25Ea;222;222;222;0;0,0;7,193768513611667;6,047680362489431;-1,1460881511222363;224;0;222;0,0;False;0,015135632740446632;-0,00916145402364076;2,0
12;vehicles_step_sim_2.csv;SUMO_carro_1000;HBEFA4/PC_petrol_Euro-6ab;Gasoline;1773509242;2026-03-14 17:27:22;2026-03-14 17:27:22;0,0;1,973023;1,973023;0,0;24,219150403030305;55946,237431;379,80692750000003;-55566,4305035;-2,778321525175;17,66749;4,416473;40,77564360647124;-73,96068698429804;40,77265119400165;-73,96254441954352;40,788574;-73,9489639;40,7859987;-73,9512249;True;True;0xCDcF7b2a3352a32cc28FD35C3924f5BD542a25Ea;222;222;222;0;0,0;7,193768513611667;6,636035357963505;-0,5577331556481626;224;0;222;0,0;False;0,013323860975774796;0,011248455735144504;2,0
13;vehicles_step_sim_2.csv;SUMO_carro_1000;HBEFA4/PC_petrol_Euro-6ab;Gasoline;1773509242;2026-03-14 17:27:22;2026-03-14 17:27:22;0,0;1,973023;1,973023;0,0;24,219150403030305;55946,237431;379,80692750000003;-55566,4305035;-2,778321525175;17,66749;4,416473;40,77564360647124;-73,96068698429804;40,77265119400165;-73,96254441954352;40,7626763;-73,9614678;40,7604231;-73,9630068;True;True;0xCDcF7b2a3352a32cc28FD35C3924f5BD542a25Ea;222;222;222;0;0,0;7,193768513611667;6,821450625872555;-0,37231788773911223;224;0;222;0,0;False;-0,012352829319132261;-0,0003843154264571617;2,0
14;vehicles_step_sim_2.csv;SUMO_carro_1000;HBEFA4/PC_petrol_Euro-6ab;Gasoline;1773509242;2026-03-14 17:27:22;2026-03-14 17:27:22;0,0;1,973023;1,973023;0,0;24,219150403030305;55946,237431;379,80692750000003;-55566,4305035;-2,778321525175;17,66749;4,416473;40,77564360647124;-73,96068698429804;40,77265119400165;-73,96254441954352;40,7761774;-73,9557328;40,7735424;-73,9576575;True;True;0xCDcF7b2a3352a32cc28FD35C3924f5BD542a25Ea;222;222;222;0;0,0;7,193768513611667;8,020026168101694;0,8262576544900266;224;0;222;0,0;False;0,0005067321761751777;0,005567540127290156;2,0
15;vehicles_step_sim_2.csv;SUMO_carro_1000;HBEFA4/PC_petrol_Euro-6ab;Gasoline;1773509242;2026-03-14 17:27:22;2026-03-14 17:27:22;0,0;1,973023;1,973023;0,0;24,219150403030305;55946,237431;379,80692750000003;-55566,4305035;-2,778321525175;17,66749;4,416473;40,77564360647124;-73,96068698429804;40,77265119400165;-73,96254441954352;40,7699024;-73,9747411;40,7695366;-73,9741738;True;True;0xCDcF7b2a3352a32cc28FD35C3924f5BD542a25Ea;222;222;222;0;0,0;7,193768513611667;3,540753375891814;-3,653015137719853;224;0;222;0,0;False;-0,0037946166444288226;-0,012340670157748434;2,0
16;vehicles_step_sim_2.csv;SUMO_carro_1000;HBEFA4/PC_petrol_Euro-6ab;Gasoline;1773509242;2026-03-14 17:27:22;2026-03-14 17:27:22;0,0;1,973023;1,973023;0,0;24,219150403030305;55946,237431;379,80692750000003;-55566,4305035;-2,778321525175;17,66749;4,416473;40,77564360647124;-73,96068698429804;40,77265119400165;-73,96254441954352;40,7850057;-73,9683559;40,783302;-73,9708126;True;True;0xCDcF7b2a3352a32cc28FD35C3924f5BD542a25Ea;222;222;222;0;0,0;7,193768513611667;9,675454147354214;2,481685633742547;224;0;222;0,0;False;0,010014265829361947;-0,00722510414825939;2,0
17;vehicles_step_sim_2.csv;SUMO_carro_1000;HBEFA4/PC_petrol_Euro-6ab;Gasoline;1773509242;2026-03-14 17:27:22;2026-03-14 17:27:22;0,0;1,973023;1,973023;0,0;24,219150403030305;55946,237431;379,80692750000003;-55566,4305035;-2,778321525175;17,66749;4,416473;40,77564360647124;-73,96068698429804;40,77265119400165;-73,96254441954352;40,7701384;-73,9515195;40,7673167;-73,9534135;True;True;0xCDcF7b2a3352a32cc28FD35C3924f5BD542a25Ea;222;222;222;0;0,0;7,193768513611667;7,79905885297831;0,6052903393666424;224;0;222;0,0;False;-0,005418750647038341;0,009166789189354376;2,0
18;vehicles_step_sim_2.csv;SUMO_carro_1000;HBEFA4/PC_petrol_Euro-6ab;Gasoline;1773509242;2026-03-14 17:27:22;2026-03-14 17:27:22;0,0;1,973023;1,973023;0,0;24,219150403030305;55946,237431;379,80692750000003;-55566,4305035;-2,778321525175;17,66749;4,416473;40,77564360647124;-73,96068698429804;40,77265119400165;-73,96254441954352;40,7769362;-73,9434813;40,774308;-73,9453999;True;True;0xCDcF7b2a3352a32cc28FD35C3924f5BD542a25Ea;222;222;222;0;0,0;7,193768513611667;8,093521945136203;0,8997534315245357;224;0;222;0,0;False;0,0018420292606096348;0,016619472736031968;2,0
19;vehicles_step_sim_2.csv;SUMO_carro_1000;HBEFA4/PC_petrol_Euro-6ab;Gasoline;1773509242;2026-03-14 17:27:22;2026-03-14 17:27:22;0,0;1,973023;1,973023;0,0;24,219150403030305;55946,237431;379,80692750000003;-55566,4305035;-2,778321525175;17,66749;4,416473;40,77564360647124;-73,96068698429804;40,77265119400165;-73,96254441954352;40,7782297;-73,9745019;40,7754862;-73,9765055;True;True;0xCDcF7b2a3352a32cc28FD35C3924f5BD542a25Ea;222;222;222;0;0,0;7,193768513611667;5,2839805978385055;-1,9097879157731619;224;0;222;0,0;False;0,0024381711929625754;-0,013305327086363063;2,0
20;vehicles_step_sim_2.csv;SUMO_carro_1000;HBEFA4/PC_petrol_Euro-6ab;Gasoline;1773509242;2026-03-14 17:27:22;2026-03-14 17:27:22;0,0;1,973023;1,973023;0,0;24,219150403030305;55946,237431;379,80692750000003;-55566,4305035;-2,778321525175;17,66749;4,416473;40,77564360647124;-73,96068698429804;40,77265119400165;-73,96254441954352;40,7688298;-73,9488661;40,7643853;-73,9474722;True;True;0xCDcF7b2a3352a32cc28FD35C3924f5BD542a25Ea;222;222;222;0;0,0;7,193768513611667;9,430787480771924;2,2370189671602567;224;0;222;0,0;False;-0,008149749868128105;0,014732854020352574;2,0
21;vehicles_step_sim_2.csv;SUMO_carro_1000;HBEFA4/PC_petrol_Euro-6ab;Gasoline;1773509242;2026-03-14 17:27:22;2026-03-14 17:27:22;0,0;1,973023;1,973023;0,0;24,219150403030305;55946,237431;379,80692750000003;-55566,4305035;-2,778321525175;17,66749;4,416473;40,77564360647124;-73,96068698429804;40,77265119400165;-73,96254441954352;40,7845941;-73,9737293;40,7822414;-73,9761686;True;True;0xCDcF7b2a3352a32cc28FD35C3924f5BD542a25Ea;222;222;222;0;0,0;7,193768513611667;7,4757237846626285;0,2819552710509612;224;0;222;0,0;False;0,009468964210819527;-0,013541968803858849;2,0
22;vehicles_step_sim_2.csv;SUMO_carro_1000;HBEFA4/PC_petrol_Euro-6ab;Gasoline;1773509242;2026-03-14 17:27:22;2026-03-14 17:27:22;0,0;1,973023;1,973023;0,0;24,219150403030305;55946,237431;379,80692750000003;-55566,4305035;-2,778321525175;17,66749;4,416473;40,77564360647124;-73,96068698429804;40,77265119400165;-73,96254441954352;40,7719769;-73,9558798;40,7687509;-73,9582391;True;True;0xCDcF7b2a3352a32cc28FD35C3924f5BD542a25Ea;222;222;222;0;0,0;7,193768513611667;8,651967033330132;1,458198519718465;224;0;222;0,0;False;-0,003938824664728636;0,00533335369417265;2,0
23;vehicles_step_sim_2.csv;SUMO_carro_1000;HBEFA4/PC_petrol_Euro-6ab;Gasoline;1773509242;2026-03-14 17:27:22;2026-03-14 17:27:22;0,0;1,973023;1,973023;0,0;24,219150403030305;55946,237431;379,80692750000003;-55566,4305035;-2,778321525175;17,66749;4,416473;40,77564360647124;-73,96068698429804;40,77265119400165;-73,96254441954352;40,7709797;-73,9507474;40,7681172;-73,9526585;True;True;0xCDcF7b2a3352a32cc28FD35C3924f5BD542a25Ea;222;222;222;0;0,0;7,193768513611667;7,961560364425617;0,7677918508139498;224;0;222;0,0;False;-0,004671725103573115;0,010102685877053123;2,0
24;vehicles_step_sim_2.csv;SUMO_carro_1000;HBEFA4/PC_petrol_Euro-6ab;Gasoline;1773509242;2026-03-14 17:27:22;2026-03-14 17:27:22;0,0;1,973023;1,973023;0,0;24,219150403030305;55946,237431;379,80692750000003;-55566,4305035;-2,778321525175;17,66749;4,416473;40,77564360647124;-73,96068698429804;40,77265119400165;-73,96254441954352;40,7878081;-73,967514;40,7841599;-73,9665726;True;True;0xCDcF7b2a3352a32cc28FD35C3924f5BD542a25Ea;222;222;222;0;0,0;7,193768513611667;7,3757014907552945;0,1819329771436271;224;0;222;0,0;False;0,011101978909979193;-0,004281050739190154;2,0
25;vehicles_step_sim_2.csv;SUMO_carro_1000;HBEFA4/PC_petrol_Euro-6ab;Gasoline;1773509242;2026-03-14 17:27:22;2026-03-14 17:27:22;0,0;1,973023;1,973023;0,0;24,219150403030305;55946,237431;379,80692750000003;-55566,4305035;-2,778321525175;17,66749;4,416473;40,77564360647124;-73,96068698429804;40,77265119400165;-73,96254441954352;40,7627981;-73,9596532;40,7599335;-73,9612764;True;True;0xCDcF7b2a3352a32cc28FD35C3924f5BD542a25Ea;222;222;222;0;0,0;7,193768513611667;8,426854431143862;1,233085917532195;224;0;222;0,0;False;-0,012787980547895785;0,0013195020731247128;2,0
26;vehicles_step_sim_2.csv;SUMO_carro_1000;HBEFA4/PC_petrol_Euro-6ab;Gasoline;1773509242;2026-03-14 17:27:22;2026-03-14 17:27:22;0,0;1,973023;1,973023;0,0;24,219150403030305;55946,237431;379,80692750000003;-55566,4305035;-2,778321525175;17,66749;4,416473;40,77564360647124;-73,96068698429804;40,77265119400165;-73,96254441954352;40,7715242;-73,9462682;40,7687446;-73,9489437;True;True;0xCDcF7b2a3352a32cc28FD35C3924f5BD542a25Ea;222;222;222;0;0,0;7,193768513611667;5,528887322389982;-1,664881191221685;224;0;222;0,0;False;-0,004800421213344832;0,015418234269949862;2,0
27;vehicles_step_sim_2.csv;SUMO_carro_1000;HBEFA4/PC_petrol_Euro-6ab;Gasoline;1773509242;2026-03-14 17:27:22;2026-03-14 17:27:22;0,0;1,973023;1,973023;0,0;24,219150403030305;55946,237431;379,80692750000003;-55566,4305035;-2,778321525175;17,66749;4,416473;40,77564360647124;-73,96068698429804;40,77265119400165;-73,96254441954352;40,7670677;-73,9503358;40,7627922;-73,949248;True;True;0xCDcF7b2a3352a32cc28FD35C3924f5BD542a25Ea;222;222;222;0;0,0;7,193768513611667;9,739654597464007;2,5458860838523396;224;0;222;0,0;False;-0,009577661087273748;0,012555279088209637;2,0
28;vehicles_step_sim_2.csv;SUMO_carro_1000;HBEFA4/PC_petrol_Euro-6ab;Gasoline;1773509242;2026-03-14 17:27:22;2026-03-14 17:27:22;0,0;1,973023;1,973023;0,0;24,219150403030305;55946,237431;379,80692750000003;-55566,4305035;-2,778321525175;17,66749;4,416473;40,77564360647124;-73,96068698429804;40,77265119400165;-73,96254441954352;40,7671898;-73,9663507;40,7641545;-73,9669173;True;True;0xCDcF7b2a3352a32cc28FD35C3924f5BD542a25Ea;222;222;222;0;0,0;7,193768513611667;7,632801986626137;0,4390334730144696;224;0;222;0,0;False;-0,008451911561636634;-0,005115800621729919;2,0
29;vehicles_step_sim_2.csv;SUMO_carro_1000;HBEFA4/PC_petrol_Euro-6ab;Gasoline;1773509242;2026-03-14 17:27:22;2026-03-14 17:27:22;0,0;1,973023;1,973023;0,0;24,219150403030305;55946,237431;379,80692750000003;-55566,4305035;-2,778321525175;17,66749;4,416473;40,77564360647124;-73,96068698429804;40,77265119400165;-73,96254441954352;40,7710408;-73,9467906;40,767939;-73,9495688;True;True;0xCDcF7b2a3352a32cc28FD35C3924f5BD542a25Ea;222;222;222;0;0,0;7,193768513611667;5,2847984627339155;-1,9089700508777518;224;0;222;0,0;False;-0,005261697132331857;0,014466332583465028;2,0
30;vehicles_step_sim_2.csv;SUMO_carro_1000;HBEFA4/PC_petrol_Euro-6ab;Gasoline;1773509242;2026-03-14 17:27:22;2026-03-14 17:27:22;0,0;1,973023;1,973023;0,0;24,219150403030305;55946,237431;379,80692750000003;-55566,4305035;-2,778321525175;17,66749;4,416473;40,77564360647124;-73,96068698429804;40,77265119400165;-73,96254441954352;40,768644;-73,9657482;40,7659523;-73,9674767;True;True;0xCDcF7b2a3352a32cc28FD35C3924f5BD542a25Ea;222;222;222;0;0,0;7,193768513611667;8,051391770392616;0,8576232567809488;224;0;222;0,0;False;-0,006692460701923275;-0,005007112758934569;2,0
31;vehicles_step_sim_2.csv;SUMO_carro_1000;HBEFA4/PC_petrol_Euro-6ab;Gasoline;1773509242;2026-03-14 17:27:22;2026-03-14 17:27:22;0,0;1,973023;1,973023;0,0;24,219150403030305;55946,237431;379,80692750000003;-55566,4305035;-2,778321525175;17,66749;4,416473;40,77564360647124;-73,96068698429804;40,77265119400165;-73,96254441954352;40,76237;-73,9570332;40,7589864;-73,9584687;True;True;0xCDcF7b2a3352a32cc28FD35C3924f5BD542a25Ea;222;222;222;0;0,0;7,193768513611667;6,7995644168891864;-0,3942040967224809;224;0;222;0,0;False;-0,013781760096419165;0,004155672548008762;2,0
32;vehicles_step_sim_2.csv;SUMO_carro_1000;HBEFA4/PC_petrol_Euro-6ab;Gasoline;1773509242;2026-03-14 17:27:22;2026-03-14 17:27:22;0,0;1,973023;1,973023;0,0;24,219150403030305;55946,237431;379,80692750000003;-55566,4305035;-2,778321525175;17,66749;4,416473;40,77564360647124;-73,96068698429804;40,77265119400165;-73,96254441954352;40,7906542;-73,9654397;40,7878081;-73,967514;True;True;0xCDcF7b2a3352a32cc28FD35C3924f5BD542a25Ea;222;222;222;0;0,0;7,193768513611667;7,798106512752362;0,6043379991406947;224;0;222;0,0;False;0,014664864100278435;-0,003958028936181735;2,0
33;vehicles_step_sim_2.csv;SUMO_carro_1000;HBEFA4/PC_petrol_Euro-6ab;Gasoline;1773509242;2026-03-14 17:27:22;2026-03-14 17:27:22;0,0;1,973023;1,973023;0,0;24,219150403030305;55946,237431;379,80692750000003;-55566,4305035;-2,778321525175;17,66749;4,416473;40,77564360647124;-73,96068698429804;40,77265119400165;-73,96254441954352;40,7755224;-73,9604973;40,7723414;-73,9626729;True;True;0xCDcF7b2a3352a32cc28FD35C3924f5BD542a25Ea;222;222;222;0;0,0;7,193768513611667;7,5196307956296256;0,3258622820179582;224;0;222;0,0;False;-0,0002481353610016171;5,283388388723399e-05;2,0
34;vehicles_step_sim_2.csv;SUMO_carro_1000;HBEFA4/PC_petrol_Euro-6ab;Gasoline;1773509242;2026-03-14 17:27:22;2026-03-14 17:27:22;0,0;1,973023;1,973023;0,0;24,219150403030305;55946,237431;379,80692750000003;-55566,4305035;-2,778321525175;17,66749;4,416473;40,77564360647124;-73,96068698429804;40,77265119400165;-73,96254441954352;40,7701043;-73,947664;40,7674049;-73,9500417;True;True;0xCDcF7b2a3352a32cc28FD35C3924f5BD542a25Ea;222;222;222;0;0,0;7,193768513611667;7,872351727074538;0,6785832134628702;224;0;222;0,0;False;-0,0063117310748116535;0,014287856147648595;2,0
35;vehicles_step_sim_2.csv;SUMO_carro_1000;HBEFA4/PC_petrol_Euro-6ab;Gasoline;1773509242;2026-03-14 17:27:22;2026-03-14 17:27:22;0,0;1,973023;1,973023;0,0;24,219150403030305;55946,237431;379,80692750000003;-55566,4305035;-2,778321525175;17,66749;4,416473;40,77564360647124;-73,96068698429804;40,77265119400165;-73,96254441954352;40,7687446;-73,9489437;40,764065;-73,9477523;True;True;0xCDcF7b2a3352a32cc28FD35C3924f5BD542a25Ea;222;222;222;0;0,0;7,193768513611667;7,791654751288485;0,5978862376768177;224;0;222;0,0;False;-0,008257402566552878;0,014235002935397086;2,0
36;vehicles_step_sim_2.csv;SUMO_carro_1000;HBEFA4/PC_petrol_Euro-6ab;Gasoline;1773509242;2026-03-14 17:27:22;2026-03-14 17:27:22;0,0;1,973023;1,973023;0,0;24,219150403030305;55946,237431;379,80692750000003;-55566,4305035;-2,778321525175;17,66749;4,416473;40,77564360647124;-73,96068698429804;40,77265119400165;-73,96254441954352;40,7717098;-73,9631304;40,7690862;-73,9650374;True;True;0xCDcF7b2a3352a32cc28FD35C3924f5BD542a25Ea;222;222;222;0;0,0;7,193768513611667;7,891457903395182;0,6976893897835144;224;0;222;0,0;False;-0,003909097031806593;-0,0024820944995554714;2,0
37;vehicles_step_sim_2.csv;SUMO_carro_1000;HBEFA4/PC_petrol_Euro-6ab;Gasoline;1773509242;2026-03-14 17:27:22;2026-03-14 17:27:22;0,0;1,973023;1,973023;0,0;24,219150403030305;55946,237431;379,80692750000003;-55566,4305035;-2,778321525175;17,66749;4,416473;40,77564360647124;-73,96068698429804;40,77265119400165;-73,96254441954352;40,7897945;-73,9662234;40,7866581;-73,9685198;True;True;0xCDcF7b2a3352a32cc28FD35C3924f5BD542a25Ea;222;222;222;0;0,0;7,193768513611667;5,48213696368007;-1,7116315499315977;224;0;222;0,0;False;0,014446945839186754;-0,006630594604175101;2,0
38;vehicles_step_sim_2.csv;SUMO_carro_1000;HBEFA4/PC_petrol_Euro-6ab;Gasoline;1773509242;2026-03-14 17:27:22;2026-03-14 17:27:22;0,0;1,973023;1,973023;0,0;24,219150403030305;55946,237431;379,80692750000003;-55566,4305035;-2,778321525175;17,66749;4,416473;40,77564360647124;-73,96068698429804;40,77265119400165;-73,96254441954352;40,765411;-73,9624701;40,7632177;-73,9647028;True;True;0xCDcF7b2a3352a32cc28FD35C3924f5BD542a25Ea;222;222;222;0;0,0;7,193768513611667;6,645440225004417;-0,5483282886072507;224;0;222;0,0;False;-0,010087192464941;-0,001676080188890202;2,0
39;vehicles_step_sim_2.csv;SUMO_carro_1000;HBEFA4/PC_petrol_Euro-6ab;Gasoline;1773509242;2026-03-14 17:27:22;2026-03-14 17:27:22;0,0;1,973023;1,973023;0,0;24,219150403030305;55946,237431;379,80692750000003;-55566,4305035;-2,778321525175;17,66749;4,416473;40,77564360647124;-73,96068698429804;40,77265119400165;-73,96254441954352;40,7765182;-73,9757504;40,7736592;-73,9778345;True;True;0xCDcF7b2a3352a32cc28FD35C3924f5BD542a25Ea;222;222;222;0;0,0;7,193768513611667;6,591477123387574;-0,6022913902240932;224;0;222;0,0;False;0,0006832476362955681;-0,01445463629637629;2,0
40;vehicles_step_sim_2.csv;SUMO_carro_1000;HBEFA4/PC_petrol_Euro-6ab;Gasoline;1773509242;2026-03-14 17:27:22;2026-03-14 17:27:22;0,0;1,973023;1,973023;0,0;24,219150403030305;55946,237431;379,80692750000003;-55566,4305035;-2,778321525175;17,66749;4,416473;40,77564360647124;-73,96068698429804;40,77265119400165;-73,96254441954352;40,7834005;-73,9708909;40,7807149;-73,9726981;True;True;0xCDcF7b2a3352a32cc28FD35C3924f5BD542a25Ea;222;222;222;0;0,0;7,193768513611667;5,9993339366482985;-1,1944345769633689;224;0;222;0,0;False;0,00782334447702225;-0,010936450990665253;2,0
41;vehicles_step_sim_2.csv;SUMO_carro_1000;HBEFA4/PC_petrol_Euro-6ab;Gasoline;1773509242;2026-03-14 17:27:22;2026-03-14 17:27:22;0,0;1,973023;1,973023;0,0;24,219150403030305;55946,237431;379,80692750000003;-55566,4305035;-2,778321525175;17,66749;4,416473;40,77564360647124;-73,96068698429804;40,77265119400165;-73,96254441954352;40,7784363;-73,9451374;40,7758785;-73,9469945;True;True;0xCDcF7b2a3352a32cc28FD35C3924f5BD542a25Ea;222;222;222;0;0,0;7,193768513611667;8,233746806763362;1,0399782931516945;224;0;222;0,0;False;0,002781587416979019;0,01581521897403935;2,0
42;vehicles_step_sim_2.csv;SUMO_carro_1000;HBEFA4/PC_petrol_Euro-6ab;Gasoline;1773509242;2026-03-14 17:27:22;2026-03-14 17:27:22;0,0;1,973023;1,973023;0,0;24,219150403030305;55946,237431;379,80692750000003;-55566,4305035;-2,778321525175;17,66749;4,416473;40,77564360647124;-73,96068698429804;40,77265119400165;-73,96254441954352;40,7742566;-73,9612794;40,7717098;-73,9631304;True;True;0xCDcF7b2a3352a32cc28FD35C3924f5BD542a25Ea;222;222;222;0;0,0;7,193768513611667;7,629870262864839;0,43610174925317136;224;0;222;0,0;False;-0,0014122591888066282;-0,00035776325134446156;2,0
43;vehicles_step_sim_2.csv;SUMO_carro_1000;HBEFA4/PC_petrol_Euro-6ab;Gasoline;1773509242;2026-03-14 17:27:22;2026-03-14 17:27:22;0,0;1,973023;1,973023;0,0;24,219150403030305;55946,237431;379,80692750000003;-55566,4305035;-2,778321525175;17,66749;4,416473;40,77564360647124;-73,96068698429804;40,77265119400165;-73,96254441954352;40,7644873;-73,9560727;40,7618461;-73,957576;True;True;0xCDcF7b2a3352a32cc28FD35C3924f5BD542a25Ea;222;222;222;0;0,0;7,193768513611667;7,692567736422929;0,4987992228112619;224;0;222;0,0;False;-0,010736772710917207;0,0042886276865862485;2,0
44;vehicles_step_sim_2.csv;SUMO_carro_1000;HBEFA4/PC_petrol_Euro-6ab;Gasoline;1773509242;2026-03-14 17:27:22;2026-03-14 17:27:22;0,0;1,973023;1,973023;0,0;24,219150403030305;55946,237431;379,80692750000003;-55566,4305035;-2,778321525175;17,66749;4,416473;40,77564360647124;-73,96068698429804;40,77265119400165;-73,96254441954352;40,7688272;-73,9543443;40,76511;-73,9556205;True;True;0xCDcF7b2a3352a32cc28FD35C3924f5BD542a25Ea;222;222;222;0;0,0;7,193768513611667;7,8314056387680475;0,6376371251563802;224;0;222;0,0;False;-0,007127847195313532;0,006211567451949233;2,0
45;vehicles_step_sim_2.csv;SUMO_carro_1000;HBEFA4/PC_petrol_Euro-6ab;Gasoline;1773509242;2026-03-14 17:27:22;2026-03-14 17:27:22;0,0;1,973023;1,973023;0,0;24,219150403030305;55946,237431;379,80692750000003;-55566,4305035;-2,778321525175;17,66749;4,416473;40,77564360647124;-73,96068698429804;40,77265119400165;-73,96254441954352;40,7819558;-73,9516943;40,7790624;-73,9538059;True;True;0xCDcF7b2a3352a32cc28FD35C3924f5BD542a25Ea;222;222;222;0;0,0;7,193768513611667;8,05548987787841;0,8617213642667423;224;0;222;0,0;False;0,006279031917474048;0,008943976184864682;2,0
46;vehicles_step_sim_2.csv;SUMO_carro_1000;HBEFA4/PC_petrol_Euro-6ab;Gasoline;1773509242;2026-03-14 17:27:22;2026-03-14 17:27:22;0,0;1,973023;1,973023;0,0;24,219150403030305;55946,237431;379,80692750000003;-55566,4305035;-2,778321525175;17,66749;4,416473;40,77564360647124;-73,96068698429804;40,77265119400165;-73,96254441954352;40,7737173;-73,9618136;40,7710228;-73,9636254;True;True;0xCDcF7b2a3352a32cc28FD35C3924f5BD542a25Ea;222;222;222;0;0,0;7,193768513611667;7,341412012510995;0,1476434988993276;224;0;222;0,0;False;-0,001753453752597662;-0,0007353919996312043;2,0
47;vehicles_step_sim_2.csv;SUMO_carro_1000;HBEFA4/PC_petrol_Euro-6ab;Gasoline;1773509242;2026-03-14 17:27:22;2026-03-14 17:27:22;0,0;1,973023;1,973023;0,0;24,219150403030305;55946,237431;379,80692750000003;-55566,4305035;-2,778321525175;17,66749;4,416473;40,77564360647124;-73,96068698429804;40,77265119400165;-73,96254441954352;40,7609988;-73,9671716;40,7577689;-73,9693618;True;True;0xCDcF7b2a3352a32cc28FD35C3924f5BD542a25Ea;222;222;222;0;0,0;7,193768513611667;7,820629486924675;0,6268609733130077;224;0;222;0,0;False;-0,014663831073002998;-0,006647675280419018;2,0
48;vehicles_step_sim_2.csv;SUMO_carro_1000;HBEFA4/PC_petrol_Euro-6ab;Gasoline;1773509242;2026-03-14 17:27:22;2026-03-14 17:27:22;0,0;1,973023;1,973023;0,0;24,219150403030305;55946,237431;379,80692750000003;-55566,4305035;-2,778321525175;17,66749;4,416473;40,77564360647124;-73,96068698429804;40,77265119400165;-73,96254441954352;40,7716726;-73,9510848;40,7688619;-73,9524491;True;True;0xCDcF7b2a3352a32cc28FD35C3924f5BD542a25Ea;222;222;222;0;0,0;7,193768513611667;6,970574274229126;-0,22319423938254168;224;0;222;0,0;False;-0,0034391698717291244;0,009793019711836538;2,0
49;vehicles_step_sim_2.csv;SUMO_carro_1000;HBEFA4/PC_petrol_Euro-6ab;Gasoline;1773509242;2026-03-14 17:27:22;2026-03-14 17:27:22;0,0;1,973023;1,973023;0,0;24,219150403030305;55946,237431;379,80692750000003;-55566,4305035;-2,778321525175;17,66749;4,416473;40,77564360647124;-73,96068698429804;40,77265119400165;-73,96254441954352;40,7892194;-73,9702217;40,7861726;-73,9714151;True;True;0xCDcF7b2a3352a32cc28FD35C3924f5BD542a25Ea;222;222;222;0;0,0;7,193768513611667;8,870259527913307;1,6764910143016394;224;0;222;0,0;False;0,01363287991920516;-0,009177763138944639;2,0
50;vehicles_step_sim_2.csv;SUMO_carro_1000;HBEFA4/PC_petrol_Euro-6ab;Gasoline;1773509242;2026-03-14 17:27:22;2026-03-14 17:27:22;0,0;1,973023;1,973023;0,0;24,219150403030305;55946,237431;379,80692750000003;-55566,4305035;-2,778321525175;17,66749;4,416473;40,77564360647124;-73,96068698429804;40,77265119400165;-73,96254441954352;40,7897447;-73,9661041;40,7840712;-73,9663198;True;True;0xCDcF7b2a3352a32cc28FD35C3924f5BD542a25Ea;222;222;222;0;0,0;7,193768513611667;12,606634914169952;5,4128664005582845;224;0;222;0,0;False;0,012976755512016004;-0,002893972274151367;2,0
51;vehicles_step_sim_2.csv;SUMO_carro_1000;HBEFA4/PC_petrol_Euro-6ab;Gasoline;1773509242;2026-03-14 17:27:22;2026-03-14 17:27:22;0,0;1,973023;1,973023;0,0;24,219150403030305;55946,237431;379,80692750000003;-55566,4305035;-2,778321525175;17,66749;4,416473;40,77564360647124;-73,96068698429804;40,77265119400165;-73,96254441954352;40,7703514;-73,9641237;40,7671898;-73,9663507;True;True;0xCDcF7b2a3352a32cc28FD35C3924f5BD542a25Ea;222;222;222;0;0,0;7,193768513611667;7,424593260718465;0,2308247471067979;224;0;222;0,0;False;-0,00548427494563438;-0,003241008961037091;2,0
52;vehicles_step_sim_2.csv;SUMO_carro_1000;HBEFA4/PC_petrol_Euro-6ab;Gasoline;1773509242;2026-03-14 17:27:22;2026-03-14 17:27:22;0,0;1,973023;1,973023;0,0;24,219150403030305;55946,237431;379,80692750000003;-55566,4305035;-2,778321525175;17,66749;4,416473;40,77564360647124;-73,96068698429804;40,77265119400165;-73,96254441954352;40,773084;-73,9622723;40,7703514;-73,9641237;True;True;0xCDcF7b2a3352a32cc28FD35C3924f5BD542a25Ea;222;222;222;0;0,0;7,193768513611667;7,111720405922284;-0,08204810768938309;224;0;222;0,0;False;-0,002394664679245082;-0,0012940679961300752;2,0
53;vehicles_step_sim_2.csv;SUMO_carro_1000;HBEFA4/PC_petrol_Euro-6ab;Gasoline;1773509242;2026-03-14 17:27:22;2026-03-14 17:27:22;0,0;1,973023;1,973023;0,0;24,219150403030305;55946,237431;379,80692750000003;-55566,4305035;-2,778321525175;17,66749;4,416473;40,77564360647124;-73,96068698429804;40,77265119400165;-73,96254441954352;40,7625556;-73,9679575;40,7593687;-73,9694455;True;True;0xCDcF7b2a3352a32cc28FD35C3924f5BD542a25Ea;222;222;222;0;0,0;7,193768513611667;7,433327128301941;0,2395586146902735;224;0;222;0,0;False;-0,013280565498009411;-0,007174823875252676;2,0
54;vehicles_step_sim_2.csv;SUMO_carro_1000;HBEFA4/PC_petrol_Euro-6ab;Gasoline;1773509242;2026-03-14 17:27:22;2026-03-14 17:27:22;0,0;1,973023;1,973023;0,0;24,219150403030305;55946,237431;379,80692750000003;-55566,4305035;-2,778321525175;17,66749;4,416473;40,77564360647124;-73,96068698429804;40,77265119400165;-73,96254441954352;40,7860307;-73,9689825;40,7827644;-73,9713527;True;True;0xCDcF7b2a3352a32cc28FD35C3924f5BD542a25Ea;222;222;222;0;0,0;7,193768513611667;7,33727723550055;0,14350872188888264;224;0;222;0,0;False;0,01058947181240122;-0,00913034408154346;2,0
55;vehicles_step_sim_2.csv;SUMO_carro_1000;HBEFA4/PC_petrol_Euro-6ab;Gasoline;1773509242;2026-03-14 17:27:22;2026-03-14 17:27:22;0,0;1,973023;1,973023;0,0;24,219150403030305;55946,237431;379,80692750000003;-55566,4305035;-2,778321525175;17,66749;4,416473;40,77564360647124;-73,96068698429804;40,77265119400165;-73,96254441954352;40,7849038;-73,968108;40,7817352;-73,971412;True;True;0xCDcF7b2a3352a32cc28FD35C3924f5BD542a25Ea;222;222;222;0;0,0;7,193768513611667;11,49911878340632;4,305350269794653;224;0;222;0,0;False;0,009393635372867016;-0,0073300769342063655;2,0
56;vehicles_step_sim_2.csv;SUMO_carro_1000;HBEFA4/PC_petrol_Euro-6ab;Gasoline;1773509242;2026-03-14 17:27:22;2026-03-14 17:27:22;0,0;1,973023;1,973023;0,0;24,219150403030305;55946,237431;379,80692750000003;-55566,4305035;-2,778321525175;17,66749;4,416473;40,77564360647124;-73,96068698429804;40,77265119400165;-73,96254441954352;40,7895856;-73,9576393;40,7846666;-73,9581319;True;True;0xCDcF7b2a3352a32cc28FD35C3924f5BD542a25Ea;222;222;222;0;0,0;7,193768513611667;8,268467061703795;1,0746985480921278;224;0;222;0,0;False;0,012775661977175718;0,002232080708391837;2,0
57;vehicles_step_sim_2.csv;SUMO_carro_1000;HBEFA4/PC_petrol_Euro-6ab;Gasoline;1773509242;2026-03-14 17:27:22;2026-03-14 17:27:22;0,0;1,973023;1,973023;0,0;24,219150403030305;55946,237431;379,80692750000003;-55566,4305035;-2,778321525175;17,66749;4,416473;40,77564360647124;-73,96068698429804;40,77265119400165;-73,96254441954352;40,7632286;-73,9724791;40,7604202;-73,9738767;True;True;0xCDcF7b2a3352a32cc28FD35C3924f5BD542a25Ea;222;222;222;0;0,0;7,193768513611667;7,182500141999226;-0,011268371612441541;224;0;222;0,0;False;-0,012245639912912427;-0,012106314526080863;2,0
58;vehicles_step_sim_2.csv;SUMO_carro_1000;HBEFA4/PC_petrol_Euro-6ab;Gasoline;1773509242;2026-03-14 17:27:22;2026-03-14 17:27:22;0,0;1,973023;1,973023;0,0;24,219150403030305;55946,237431;379,80692750000003;-55566,4305035;-2,778321525175;17,66749;4,416473;40,77564360647124;-73,96068698429804;40,77265119400165;-73,96254441954352;40,7803802;-73,9497517;40,7776805;-73,9512609;True;True;0xCDcF7b2a3352a32cc28FD35C3924f5BD542a25Ea;222;222;222;0;0,0;7,193768513611667;8,508958030306697;1,31518951669503;224;0;222;0,0;False;0,004756146843693157;0,010969958838623216;2,0
59;vehicles_step_sim_2.csv;SUMO_carro_1000;HBEFA4/PC_petrol_Euro-6ab;Gasoline;1773509242;2026-03-14 17:27:22;2026-03-14 17:27:22;0,0;1,973023;1,973023;0,0;24,219150403030305;55946,237431;379,80692750000003;-55566,4305035;-2,778321525175;17,66749;4,416473;40,77564360647124;-73,96068698429804;40,77265119400165;-73,96254441954352;40,7737221;-73,9777895;40,7712729;-73,9769862;True;True;0xCDcF7b2a3352a32cc28FD35C3924f5BD542a25Ea;222;222;222;0;0,0;7,193768513611667;6,996617713101567;-0,1971508005101006;224;0;222;0,0;False;-0,0024176782725316187;-0,015418716514001025;2,0
60;vehicles_step_sim_2.csv;SUMO_carro_1000;HBEFA4/PC_petrol_Euro-6ab;Gasoline;1773509242;2026-03-14 17:27:22;2026-03-14 17:27:22;0,0;1,973023;1,973023;0,0;24,219150403030305;55946,237431;379,80692750000003;-55566,4305035;-2,778321525175;17,66749;4,416473;40,77564360647124;-73,96068698429804;40,77265119400165;-73,96254441954352;40,7793764;-73,9736737;40,7763121;-73,9758997;True;True;0xCDcF7b2a3352a32cc28FD35C3924f5BD542a25Ea;222;222;222;0;0,0;7,193768513611667;5,32176717467784;-1,8720013389338277;224;0;222;0,0;False;0,003425361113427185;-0,01278500318205805;2,0
61;vehicles_step_sim_2.csv;SUMO_carro_1000;HBEFA4/PC_petrol_Euro-6ab;Gasoline;1773509242;2026-03-14 17:27:22;2026-03-14 17:27:22;0,0;1,973023;1,973023;0,0;24,219150403030305;55946,237431;379,80692750000003;-55566,4305035;-2,778321525175;17,66749;4,416473;40,77564360647124;-73,96068698429804;40,77265119400165;-73,96254441954352;40,7704736;-73,9684883;40,7688761;-73,9723598;True;True;0xCDcF7b2a3352a32cc28FD35C3924f5BD542a25Ea;222;222;222;0;0,0;7,193768513611667;6,76700226660679;-0,42676624700487764;224;0;222;0,0;False;-0,004309865545582947;-0,010089284702034998;2,0
62;vehicles_step_sim_2.csv;SUMO_carro_1000;HBEFA4/PC_petrol_Euro-6ab;Gasoline;1773509242;2026-03-14 17:27:22;2026-03-14 17:27:22;0,0;1,973023;1,973023;0,0;24,219150403030305;55946,237431;379,80692750000003;-55566,4305035;-2,778321525175;17,66749;4,416473;40,77564360647124;-73,96068698429804;40,77265119400165;-73,96254441954352;40,7792672;-73,9693377;40,7774869;-73,9750388;True;True;0xCDcF7b2a3352a32cc28FD35C3924f5BD542a25Ea;222;222;222;0;0,0;7,193768513611667;12,342888136252375;5,149119622640708;224;0;222;0,0;False;0,003235511284106694;-0,008953170828884974;2,0
63;vehicles_step_sim_2.csv;SUMO_carro_1000;HBEFA4/PC_petrol_Euro-6ab;Gasoline;1773509242;2026-03-14 17:27:22;2026-03-14 17:27:22;0,0;1,973023;1,973023;0,0;24,219150403030305;55946,237431;379,80692750000003;-55566,4305035;-2,778321525175;17,66749;4,416473;40,77564360647124;-73,96068698429804;40,77265119400165;-73,96254441954352;40,7742109;-73,9434514;40,7716825;-73,9460715;True;True;0xCDcF7b2a3352a32cc28FD35C3924f5BD542a25Ea;222;222;222;0;0,0;7,193768513611667;4,79384947725301;-2,399919036358657;224;0;222;0,0;False;-0,0013629390674964276;0,01697054505871763;2,0
64;vehicles_step_sim_2.csv;SUMO_carro_1000;HBEFA4/PC_petrol_Euro-6ab;Gasoline;1773509242;2026-03-14 17:27:22;2026-03-14 17:27:22;0,0;1,973023;1,973023;0,0;24,219150403030305;55946,237431;379,80692750000003;-55566,4305035;-2,778321525175;17,66749;4,416473;40,77564360647124;-73,96068698429804;40,77265119400165;-73,96254441954352;40,7689724;-73,9727106;40,7690909;-73,9731493;True;True;0xCDcF7b2a3352a32cc28FD35C3924f5BD542a25Ea;222;222;222;0;0,0;7,193768513611667;7,953853805234485;0,7600852916228176;224;0;222;0,0;False;-0,00523295299688574;-0,011355875692385779;2,0
65;vehicles_step_sim_2.csv;SUMO_carro_1000;HBEFA4/PC_petrol_Euro-6ab;Gasoline;1773509242;2026-03-14 17:27:22;2026-03-14 17:27:22;0,0;1,973023;1,973023;0,0;24,219150403030305;55946,237431;379,80692750000003;-55566,4305035;-2,778321525175;17,66749;4,416473;40,77564360647124;-73,96068698429804;40,77265119400165;-73,96254441954352;40,7641878;-73,9708386;40,7613963;-73,9723255;True;True;0xCDcF7b2a3352a32cc28FD35C3924f5BD542a25Ea;222;222;222;0;0,0;7,193768513611667;7,355459319966895;0,16169080635522803;224;0;222;0,0;False;-0,011539200678545343;-0,010028404998224699;2,0
66;vehicles_step_sim_2.csv;SUMO_carro_1000;HBEFA4/PC_petrol_Euro-6ab;Gasoline;1773509242;2026-03-14 17:27:22;2026-03-14 17:27:22;0,0;1,973023;1,973023;0,0;24,219150403030305;55946,237431;379,80692750000003;-55566,4305035;-2,778321525175;17,66749;4,416473;40,77564360647124;-73,96068698429804;40,77265119400165;-73,96254441954352;40,7656295;-73,9761245;40,7628134;-73,9776024;True;True;0xCDcF7b2a3352a32cc28FD35C3924f5BD542a25Ea;222;222;222;0;0,0;7,193768513611667;8,561163558420306;1,3673950448086387;224;0;222;0,0;False;-0,010077378855527237;-0,014451582186335365;2,0
67;vehicles_step_sim_2.csv;SUMO_carro_1000;HBEFA4/PC_petrol_Euro-6ab;Gasoline;1773509242;2026-03-14 17:27:22;2026-03-14 17:27:22;0,0;1,973023;1,973023;0,0;24,219150403030305;55946,237431;379,80692750000003;-55566,4305035;-2,778321525175;17,66749;4,416473;40,77564360647124;-73,96068698429804;40,77265119400165;-73,96254441954352;40,7717925;-73,9777671;40,7698597;-73,9806229;True;True;0xCDcF7b2a3352a32cc28FD35C3924f5BD542a25Ea;222;222;222;0;0,0;7,193768513611667;9,316016515098225;2,1222480014865575;224;0;222;0,0;False;-0,003427836286892728;-0,01665004774468781;2,0
68;vehicles_step_sim_2.csv;SUMO_carro_1000;HBEFA4/PC_petrol_Euro-6ab;Gasoline;1773509242;2026-03-14 17:27:22;2026-03-14 17:27:22;0,0;1,973023;1,973023;0,0;24,219150403030305;55946,237431;379,80692750000003;-55566,4305035;-2,778321525175;17,66749;4,416473;40,77564360647124;-73,96068698429804;40,77265119400165;-73,96254441954352;40,7865434;-73,9567593;40,7834629;-73,9589963;True;True;0xCDcF7b2a3352a32cc28FD35C3924f5BD542a25Ea;222;222;222;0;0,0;7,193768513611667;6,692700411890088;-0,5010681017215797;224;0;222;0,0;False;0,010956684917186219;0,003162217256744807;2,0
69;vehicles_step_sim_2.csv;SUMO_carro_1000;HBEFA4/PC_petrol_Euro-6ab;Gasoline;1773509242;2026-03-14 17:27:22;2026-03-14 17:27:22;0,0;1,973023;1,973023;0,0;24,219150403030305;55946,237431;379,80692750000003;-55566,4305035;-2,778321525175;17,66749;4,416473;40,77564360647124;-73,96068698429804;40,77265119400165;-73,96254441954352;40,7891739;-73,956763;40,7852941;-73,9576729;True;True;0xCDcF7b2a3352a32cc28FD35C3924f5BD542a25Ea;222;222;222;0;0,0;7,193768513611667;6,674921826835922;-0,5188466867757455;224;0;222;0,0;False;0,01298751920309955;0,0032706185470721327;2,0
70;vehicles_step_sim_2.csv;SUMO_carro_1000;HBEFA4/PC_petrol_Euro-6ab;Gasoline;1773509242;2026-03-14 17:27:22;2026-03-14 17:27:22;0,0;1,973023;1,973023;0,0;24,219150403030305;55946,237431;379,80692750000003;-55566,4305035;-2,778321525175;17,66749;4,416473;40,77564360647124;-73,96068698429804;40,77265119400165;-73,96254441954352;40,7694395;-73,9577356;40,7668271;-73,9596775;True;True;0xCDcF7b2a3352a32cc28FD35C3924f5BD542a25Ea;222;222;222;0;0,0;7,193768513611667;8,595156459079988;1,4013879454683202;224;0;222;0,0;False;-0,006006050613835105;0,0033175360653001124;2,0
71;vehicles_step_sim_2.csv;SUMO_carro_1000;HBEFA4/PC_petrol_Euro-6ab;Gasoline;1773509242;2026-03-14 17:27:22;2026-03-14 17:27:22;0,0;1,973023;1,973023;0,0;24,219150403030305;55946,237431;379,80692750000003;-55566,4305035;-2,778321525175;17,66749;4,416473;40,77564360647124;-73,96068698429804;40,77265119400165;-73,96254441954352;40,7606009;-73,9585004;40,7579853;-73,9602231;True;True;0xCDcF7b2a3352a32cc28FD35C3924f5BD542a25Ea;222;222;222;0;0,0;7,193768513611667;6,3279276131610676;-0,8658409004505998;224;0;222;0,0;False;-0,014765987430221342;0,00221834793978938;2,0
72;vehicles_step_sim_2.csv;SUMO_carro_1000;HBEFA4/PC_petrol_Euro-6ab;Gasoline;1773509242;2026-03-14 17:27:22;2026-03-14 17:27:22;0,0;1,973023;1,973023;0,0;24,219150403030305;55946,237431;379,80692750000003;-55566,4305035;-2,778321525175;17,66749;4,416473;40,77564360647124;-73,96068698429804;40,77265119400165;-73,96254441954352;40,7839559;-73,9502567;40,7813274;-73,9521529;True;True;0xCDcF7b2a3352a32cc28FD35C3924f5BD542a25Ea;222;222;222;0;0,0;7,193768513611667;8,582351436885268;1,388582923273601;224;0;222;0,0;False;0,008386825292115653;0,01041763481181807;2,0
73;vehicles_step_sim_2.csv;SUMO_carro_1000;HBEFA4/PC_petrol_Euro-6ab;Gasoline;1773509242;2026-03-14 17:27:22;2026-03-14 17:27:22;0,0;1,973023;1,973023;0,0;24,219150403030305;55946,237431;379,80692750000003;-55566,4305035;-2,778321525175;17,66749;4,416473;40,77564360647124;-73,96068698429804;40,77265119400165;-73,96254441954352;40,7667175;-73,9712254;40,7636003;-73,9733503;True;True;0xCDcF7b2a3352a32cc28FD35C3924f5BD542a25Ea;222;222;222;0;0,0;7,193768513611667;8,016231923590357;0,82246340997869;224;0;222;0,0;False;-0,009250221427058121;-0,010530860816364444;2,0
74;vehicles_step_sim_2.csv;SUMO_carro_1000;HBEFA4/PC_petrol_Euro-6ab;Gasoline;1773509242;2026-03-14 17:27:22;2026-03-14 17:27:22;0,0;1,973023;1,973023;0,0;24,219150403030305;55946,237431;379,80692750000003;-55566,4305035;-2,778321525175;17,66749;4,416473;40,77564360647124;-73,96068698429804;40,77265119400165;-73,96254441954352;40,7756509;-73,9645923;40,772279;-73,9666195;True;True;0xCDcF7b2a3352a32cc28FD35C3924f5BD542a25Ea;222;222;222;0;0,0;7,193768513611667;7,226297596346633;0,0325290827349658;224;0;222;0,0;False;-3,164432112962178e-05;-0,003478155235398576;2,0
75;vehicles_step_sim_2.csv;SUMO_carro_1000;HBEFA4/PC_petrol_Euro-6ab;Gasoline;1773509242;2026-03-14 17:27:22;2026-03-14 17:27:22;0,0;1,973023;1,973023;0,0;24,219150403030305;55946,237431;379,80692750000003;-55566,4305035;-2,778321525175;17,66749;4,416473;40,77564360647124;-73,96068698429804;40,77265119400165;-73,96254441954352;40,7585489;-73,9613876;40,7555653;-73,9623536;True;True;0xCDcF7b2a3352a32cc28FD35C3924f5BD542a25Ea;222;222;222;0;0,0;7,193768513611667;7,674562543395953;0,48079402978428565;224;0;222;0,0;False;-0,01705050697190524;-0,00012748019975235194;2,0
76;vehicles_step_sim_2.csv;SUMO_carro_1000;HBEFA4/PC_petrol_Euro-6ab;Gasoline;1773509242;2026-03-14 17:27:22;2026-03-14 17:27:22;0,0;1,973023;1,973023;0,0;24,219150403030305;55946,237431;379,80692750000003;-55566,4305035;-2,778321525175;17,66749;4,416473;40,77564360647124;-73,96068698429804;40,77265119400165;-73,96254441954352;40,7617431;-73,9710634;40,7585814;-73,973084;True;True;0xCDcF7b2a3352a32cc28FD35C3924f5BD542a25Ea;222;222;222;0;0,0;7,193768513611667;7,487114845062266;0,2933463314505991;224;0;222;0,0;False;-0,013757239450765325;-0,01069883412631988;2,0
77;vehicles_step_sim_2.csv;SUMO_carro_1000;HBEFA4/PC_petrol_Euro-6ab;Gasoline;1773509242;2026-03-14 17:27:22;2026-03-14 17:27:22;0,0;1,973023;1,973023;0,0;24,219150403030305;55946,237431;379,80692750000003;-55566,4305035;-2,778321525175;17,66749;4,416473;40,77564360647124;-73,96068698429804;40,77265119400165;-73,96254441954352;40,7771751;-73,9460474;40,7745614;-73,9479567;True;True;0xCDcF7b2a3352a32cc28FD35C3924f5BD542a25Ea;222;222;222;0;0,0;7,193768513611667;8,067954782022541;0,8741862684108739;224;0;222;0,0;False;0,0014188364324629053;0,015167947137741538;2,0
78;vehicles_step_sim_2.csv;SUMO_carro_1000;HBEFA4/PC_petrol_Euro-6ab;Gasoline;1773509242;2026-03-14 17:27:22;2026-03-14 17:27:22;0,0;1,973023;1,973023;0,0;24,219150403030305;55946,237431;379,80692750000003;-55566,4305035;-2,778321525175;17,66749;4,416473;40,77564360647124;-73,96068698429804;40,77265119400165;-73,96254441954352;40,778654;-73,94807;40,7755051;-73,9502036;True;True;0xCDcF7b2a3352a32cc28FD35C3924f5BD542a25Ea;222;222;222;0;0,0;7,193768513611667;8,601204638293794;1,4074361246821265;224;0;222;0,0;False;0,002921574025614877;0,012483936669555443;2,0
79;vehicles_step_sim_2.csv;SUMO_carro_1000;HBEFA4/PC_petrol_Euro-6ab;Gasoline;1773509242;2026-03-14 17:27:22;2026-03-14 17:27:22;0,0;1,973023;1,973023;0,0;24,219150403030305;55946,237431;379,80692750000003;-55566,4305035;-2,778321525175;17,66749;4,416473;40,77564360647124;-73,96068698429804;40,77265119400165;-73,96254441954352;40,7714518;-73,9505619;40,7687512;-73,952373;True;True;0xCDcF7b2a3352a32cc28FD35C3924f5BD542a25Ea;222;222;222;0;0,0;7,193768513611667;7,844709471517223;0,6509409579055561;224;0;222;0,0;False;-0,0038982248296231276;0,010112809999308884;2,0
80;vehicles_step_sim_2.csv;SUMO_carro_1000;HBEFA4/PC_petrol_Euro-6ab;Gasoline;1773509242;2026-03-14 17:27:22;2026-03-14 17:27:22;0,0;1,973023;1,973023;0,0;24,219150403030305;55946,237431;379,80692750000003;-55566,4305035;-2,778321525175;17,66749;4,416473;40,77564360647124;-73,96068698429804;40,77265119400165;-73,96254441954352;40,7737116;-73,9779585;40,7705974;-73,9800722;True;True;0xCDcF7b2a3352a32cc28FD35C3924f5BD542a25Ea;222;222;222;0;0,0;7,193768513611667;7,20546244906198;0,011693935450312942;224;0;222;0,0;False;-0,001956475175662477;-0,017604656018224037;2,0
81;vehicles_step_sim_2.csv;SUMO_carro_1000;HBEFA4/PC_petrol_Euro-6ab;Gasoline;1773509242;2026-03-14 17:27:22;2026-03-14 17:27:22;0,0;1,973023;1,973023;0,0;24,219150403030305;55946,237431;379,80692750000003;-55566,4305035;-2,778321525175;17,66749;4,416473;40,77564360647124;-73,96068698429804;40,77265119400165;-73,96254441954352;40,7751542;-73,9452696;40,7717714;-73,9472505;True;True;0xCDcF7b2a3352a32cc28FD35C3924f5BD542a25Ea;222;222;222;0;0,0;7,193768513611667;6,997128889938366;-0,19663962367330168;224;0;222;0,0;False;-0,0007689726601455965;0,014694906538604651;2,0
82;vehicles_step_sim_2.csv;SUMO_carro_1000;HBEFA4/PC_petrol_Euro-6ab;Gasoline;1773509242;2026-03-14 17:27:22;2026-03-14 17:27:22;0,0;1,973023;1,973023;0,0;24,219150403030305;55946,237431;379,80692750000003;-55566,4305035;-2,778321525175;17,66749;4,416473;40,77564360647124;-73,96068698429804;40,77265119400165;-73,96254441954352;40,7788557;-73,960274;40,7755886;-73,9625086;True;True;0xCDcF7b2a3352a32cc28FD35C3924f5BD542a25Ea;222;222;222;0;0,0;7,193768513611667;7,575678665745185;0,38191015213351776;224;0;222;0,0;False;0,0030885932193488266;0,0002959080054331664;2,0
83;vehicles_step_sim_2.csv;SUMO_carro_1000;HBEFA4/PC_petrol_Euro-6ab;Gasoline;1773509242;2026-03-14 17:27:22;2026-03-14 17:27:22;0,0;1,973023;1,973023;0,0;24,219150403030305;55946,237431;379,80692750000003;-55566,4305035;-2,778321525175;17,66749;4,416473;40,77564360647124;-73,96068698429804;40,77265119400165;-73,96254441954352;40,7909467;-73,9652262;40,7879373;-73,9674218;True;True;0xCDcF7b2a3352a32cc28FD35C3924f5BD542a25Ea;222;222;222;0;0,0;7,193768513611667;14,738861836216165;7,545093322604497;224;0;222;0,0;False;0,014597537522921573;-0,0030750083745337453;2,0
84;vehicles_step_sim_2.csv;SUMO_carro_1000;HBEFA4/PC_petrol_Euro-6ab;Gasoline;1773509242;2026-03-14 17:27:22;2026-03-14 17:27:22;0,0;1,973023;1,973023;0,0;24,219150403030305;55946,237431;379,80692750000003;-55566,4305035;-2,778321525175;17,66749;4,416473;40,77564360647124;-73,96068698429804;40,77265119400165;-73,96254441954352;40,7765596;-73,9767653;40,7728179;-73,9796926;True;True;0xCDcF7b2a3352a32cc28FD35C3924f5BD542a25Ea;222;222;222;0;0,0;7,193768513611667;6,852259635232346;-0,3415088783793214;224;0;222;0,0;False;0,0004965025818466859;-0,017248921471798666;2,0
85;vehicles_step_sim_2.csv;SUMO_carro_1000;HBEFA4/PC_petrol_Euro-6ab;Gasoline;1773509242;2026-03-14 17:27:22;2026-03-14 17:27:22;0,0;1,973023;1,973023;0,0;24,219150403030305;55946,237431;379,80692750000003;-55566,4305035;-2,778321525175;17,66749;4,416473;40,77564360647124;-73,96068698429804;40,77265119400165;-73,96254441954352;40,7695183;-73,948231;40,7665332;-73,9507416;True;True;0xCDcF7b2a3352a32cc28FD35C3924f5BD542a25Ea;222;222;222;0;0,0;7,193768513611667;9,29244644677026;2,0986779331585925;224;0;222;0,0;False;-0,007639482692543719;0,015697450741177864;2,0
86;vehicles_step_sim_2.csv;SUMO_carro_1000;HBEFA4/PC_petrol_Euro-6ab;Gasoline;1773509242;2026-03-14 17:27:22;2026-03-14 17:27:22;0,0;1,973023;1,973023;0,0;24,219150403030305;55946,237431;379,80692750000003;-55566,4305035;-2,778321525175;17,66749;4,416473;40,77564360647124;-73,96068698429804;40,77265119400165;-73,96254441954352;40,7822414;-73,9761686;40,7787904;-73,9779594;True;True;0xCDcF7b2a3352a32cc28FD35C3924f5BD542a25Ea;222;222;222;0;0,0;7,193768513611667;6,027652835735064;-1,1661156778766033;224;0;222;0,0;False;0,006521256487806133;-0,016271001931586676;2,0
87;vehicles_step_sim_2.csv;SUMO_carro_1000;HBEFA4/PC_petrol_Euro-6ab;Gasoline;1773509242;2026-03-14 17:27:22;2026-03-14 17:27:22;0,0;1,973023;1,973023;0,0;24,219150403030305;55946,237431;379,80692750000003;-55566,4305035;-2,778321525175;17,66749;4,416473;40,77564360647124;-73,96068698429804;40,77265119400165;-73,96254441954352;40,7661911;-73,9601081;40,7626763;-73,9614678;True;True;0xCDcF7b2a3352a32cc28FD35C3924f5BD542a25Ea;222;222;222;0;0,0;7,193768513611667;8,649406195394892;1,4556376817832248;224;0;222;0,0;False;-0,009934090800206756;0,001359565230634625;2,0
88;vehicles_step_sim_2.csv;SUMO_carro_1000;HBEFA4/PC_petrol_Euro-6ab;Gasoline;1773509242;2026-03-14 17:27:22;2026-03-14 17:27:22;0,0;1,973023;1,973023;0,0;24,219150403030305;55946,237431;379,80692750000003;-55566,4305035;-2,778321525175;17,66749;4,416473;40,77564360647124;-73,96068698429804;40,77265119400165;-73,96254441954352;40,7820657;-73,9633542;40,7783491;-73,9671262;True;True;0xCDcF7b2a3352a32cc28FD35C3924f5BD542a25Ea;222;222;222;0;0,0;7,193768513611667;9,077041047567208;1,883272533955541;224;0;222;0,0;False;0,005794049908733999;-0,004489203551600031;2,0
89;vehicles_step_sim_2.csv;SUMO_carro_1000;HBEFA4/PC_petrol_Euro-6ab;Gasoline;1773509242;2026-03-14 17:27:22;2026-03-14 17:27:22;0,0;1,973023;1,973023;0,0;24,219150403030305;55946,237431;379,80692750000003;-55566,4305035;-2,778321525175;17,66749;4,416473;40,77564360647124;-73,96068698429804;40,77265119400165;-73,96254441954352;40,7799104;-73,9525139;40,7766188;-73,9528384;True;True;0xCDcF7b2a3352a32cc28FD35C3924f5BD542a25Ea;222;222;222;0;0,0;7,193768513611667;6,808038631689595;-0,3857298819220727;224;0;222;0,0;False;0,0042476100515801765;0,008669091481808243;2,0
90;vehicles_step_sim_2.csv;SUMO_carro_1000;HBEFA4/PC_petrol_Euro-6ab;Gasoline;1773509242;2026-03-14 17:27:22;2026-03-14 17:27:22;0,0;1,973023;1,973023;0,0;24,219150403030305;55946,237431;379,80692750000003;-55566,4305035;-2,778321525175;17,66749;4,416473;40,77564360647124;-73,96068698429804;40,77265119400165;-73,96254441954352;40,7772871;-73,9642517;40,7743542;-73,9656458;True;True;0xCDcF7b2a3352a32cc28FD35C3924f5BD542a25Ea;222;222;222;0;0,0;7,193768513611667;7,89243472581662;0,6986662122049525;224;0;222;0,0;False;0,0017442208758429308;-0,0035050822335718204;2,0
91;vehicles_step_sim_2.csv;SUMO_carro_1000;HBEFA4/PC_petrol_Euro-6ab;Gasoline;1773509242;2026-03-14 17:27:22;2026-03-14 17:27:22;0,0;1,973023;1,973023;0,0;24,219150403030305;55946,237431;379,80692750000003;-55566,4305035;-2,778321525175;17,66749;4,416473;40,77564360647124;-73,96068698429804;40,77265119400165;-73,96254441954352;40,7766765;-73,9791729;40,7733398;-73,9809442;True;True;0xCDcF7b2a3352a32cc28FD35C3924f5BD542a25Ea;222;222;222;0;0,0;7,193768513611667;9,065856265207094;1,8720877515954264;224;0;222;0,0;False;0,0005556436127293675;-0,01778612640382186;2,0
92;vehicles_step_sim_2.csv;SUMO_carro_1000;HBEFA4/PC_petrol_Euro-6ab;Gasoline;1773509242;2026-03-14 17:27:22;2026-03-14 17:27:22;0,0;1,973023;1,973023;0,0;24,219150403030305;55946,237431;379,80692750000003;-55566,4305035;-2,778321525175;17,66749;4,416473;40,77564360647124;-73,96068698429804;40,77265119400165;-73,96254441954352;40,7841677;-73,9584976;40,7815342;-73,9604148;True;True;0xCDcF7b2a3352a32cc28FD35C3924f5BD542a25Ea;222;222;222;0;0,0;7,193768513611667;5,620042455438306;-1,573726058173361;224;0;222;0,0;False;0,009218121037528393;0,0012041346020943407;2,0
93;vehicles_step_sim_2.csv;SUMO_carro_1000;HBEFA4/PC_petrol_Euro-6ab;Gasoline;1773509242;2026-03-14 17:27:22;2026-03-14 17:27:22;0,0;1,973023;1,973023;0,0;24,219150403030305;55946,237431;379,80692750000003;-55566,4305035;-2,778321525175;17,66749;4,416473;40,77564360647124;-73,96068698429804;40,77265119400165;-73,96254441954352;40,7756745;-73,9442341;40,7729305;-73,9460726;True;True;0xCDcF7b2a3352a32cc28FD35C3924f5BD542a25Ea;222;222;222;0;0,0;7,193768513611667;6,858606845414125;-0,335161668197542;224;0;222;0,0;False;0,0002300737262625674;0,016667222482554596;2,0
94;vehicles_step_sim_2.csv;SUMO_carro_1000;HBEFA4/PC_petrol_Euro-6ab;Gasoline;1773509242;2026-03-14 17:27:22;2026-03-14 17:27:22;0,0;1,973023;1,973023;0,0;24,219150403030305;55946,237431;379,80692750000003;-55566,4305035;-2,778321525175;17,66749;4,416473;40,77564360647124;-73,96068698429804;40,77265119400165;-73,96254441954352;40,7911483;-73,9533958;40,7895856;-73,9576393;True;True;0xCDcF7b2a3352a32cc28FD35C3924f5BD542a25Ea;222;222;222;0;0,0;7,193768513611667;9,679748351634638;2,4859798380229705;224;0;222;0,0;False;0,016908254394777437;0,004452595033013772;2,0
95;vehicles_step_sim_2.csv;SUMO_carro_1000;HBEFA4/PC_petrol_Euro-6ab;Gasoline;1773509242;2026-03-14 17:27:22;2026-03-14 17:27:22;0,0;1,973023;1,973023;0,0;24,219150403030305;55946,237431;379,80692750000003;-55566,4305035;-2,778321525175;17,66749;4,416473;40,77564360647124;-73,96068698429804;40,77265119400165;-73,96254441954352;40,7911483;-73,9533958;40,7892247;-73,9568436;True;True;0xCDcF7b2a3352a32cc28FD35C3924f5BD542a25Ea;222;222;222;0;0,0;7,193768513611667;5,8913372764016305;-1,3024312372100368;224;0;222;0,0;False;0,016469662714539;0,0056241769109298245;2,0
96;vehicles_step_sim_2.csv;SUMO_carro_1000;HBEFA4/PC_petrol_Euro-6ab;Gasoline;1773509242;2026-03-14 17:27:22;2026-03-14 17:27:22;0,0;1,973023;1,973023;0,0;24,219150403030305;55946,237431;379,80692750000003;-55566,4305035;-2,778321525175;17,66749;4,416473;40,77564360647124;-73,96068698429804;40,77265119400165;-73,96254441954352;40,7766765;-73,9791729;40,7733398;-73,9809442;True;True;0xCDcF7b2a3352a32cc28FD35C3924f5BD542a25Ea;222;222;222;0;0,0;7,193768513611667;8,922630099706108;1,7288615860944407;224;0;222;0,0;False;0,0007366940940526465;-0,017728871111013577;2,0
97;vehicles_step_sim_2.csv;SUMO_carro_1000;HBEFA4/PC_petrol_Euro-6ab;Gasoline;1773509242;2026-03-14 17:27:22;2026-03-14 17:27:22;0,0;1,973023;1,973023;0,0;24,219150403030305;55946,237431;379,80692750000003;-55566,4305035;-2,778321525175;17,66749;4,416473;40,77564360647124;-73,96068698429804;40,77265119400165;-73,96254441954352;40,7691263;-73,9732596;40,7638839;-73,9761486;True;True;0xCDcF7b2a3352a32cc28FD35C3924f5BD542a25Ea;222;222;222;0;0,0;7,193768513611667;11,4677030482145;4,273934534602832;224;0;222;0,0;False;-0,008238555530816002;-0,013474548795303016;2,0
98;vehicles_step_sim_2.csv;SUMO_carro_1000;HBEFA4/PC_petrol_Euro-6ab;Gasoline;1773509242;2026-03-14 17:27:22;2026-03-14 17:27:22;0,0;1,973023;1,973023;0,0;24,219150403030305;55946,237431;379,80692750000003;-55566,4305035;-2,778321525175;17,66749;4,416473;40,77564360647124;-73,96068698429804;40,77265119400165;-73,96254441954352;40,7905574;-73,9604779;40,7836727;-73,9649355;True;True;0xCDcF7b2a3352a32cc28FD35C3924f5BD542a25Ea;222;222;222;0;0,0;7,193768513611667;13,59373113485257;6,399962621240903;224;0;222;0,0;False;0,013505071650715801;-0,0012625982982128732;2,0
99;vehicles_step_sim_2.csv;SUMO_carro_1000;HBEFA4/PC_petrol_Euro-6ab;Gasoline;1773509242;2026-03-14 17:27:22;2026-03-14 17:27:22;0,0;1,973023;1,973023;0,0;24,219150403030305;55946,237431;379,80692750000003;-55566,4305035;-2,778321525175;17,66749;4,416473;40,77564360647124;-73,96068698429804;40,77265119400165;-73,96254441954352;40,7743295;-73,9634421;40,7711949;-73,9640276;True;True;0xCDcF7b2a3352a32cc28FD35C3924f5BD542a25Ea;222;222;222;0;0,0;7,193768513611667;7,2711580877375;0,07738957412583236;224;0;222;0,0;False;-0,0015365744490135813;-0,00217028795551529;2,0
100;vehicles_step_sim_2.csv;SUMO_carro_1000;HBEFA4/PC_petrol_Euro-6ab;Gasoline;1773509242;2026-03-14 17:27:22;2026-03-14 17:27:22;0,0;1,973023;1,973023;0,0;24,219150403030305;55946,237431;379,80692750000003;-55566,4305035;-2,778321525175;17,66749;4,416473;40,77564360647124;-73,96068698429804;40,77265119400165;-73,96254441954352;40,7618074;-73,9632954;40,7590531;-73,9646776;True;True;0xCDcF7b2a3352a32cc28FD35C3924f5BD542a25Ea;222;222;222;0;0,0;7,193768513611667;8,410187079304153;1,2164185656924857;224;0;222;0,0;False;-0,013625049948805023;-0,0021485577975528317;2,0
1;vehicles_step_sim_4.csv;SUMO_carro_1000;HBEFA4/PC_petrol_Euro-6ab;Gasoline;1773509244;2026-03-14 17:27:24;2026-03-14 17:27:24;0,0;3,158202;2,540922;0,61728;49,983810791774886;115462,60292899999;607,953885;-114854,64904399999;-5,742732452199999;32,453239;9,506517;40,77564360647124;-73,96068698429804;40,77391239895499;-73,96190374515162;40,7731947;-73,9664926;40,771727;-73,9675701;True;True;0xCDcF7b2a3352a32cc28FD35C3924f5BD542a25Ea;300;300;300;0;0,0;12,828319258318873;12,839210844079776;0,010891585760903766;302;0;300;0,0;False;-0,0013636384215796632;-0,008032005981372601;2,0
2;vehicles_step_sim_4.csv;SUMO_carro_1000;HBEFA4/PC_petrol_Euro-6ab;Gasoline;1773509244;2026-03-14 17:27:24;2026-03-14 17:27:24;0,0;3,158202;2,540922;0,61728;49,983810791774886;115462,60292899999;607,953885;-114854,64904399999;-5,742732452199999;32,453239;9,506517;40,77564360647124;-73,96068698429804;40,77391239895499;-73,96190374515162;40,7848469;-73,9463722;40,7832858;-73,9477905;True;True;0xCDcF7b2a3352a32cc28FD35C3924f5BD542a25Ea;300;300;300;0;0,0;12,828319258318873;14,657147855121416;1,828828596802543;302;0;300;0,0;False;0,009288789190839733;0,014515163631021382;2,0
3;vehicles_step_sim_4.csv;SUMO_carro_1000;HBEFA4/PC_petrol_Euro-6ab;Gasoline;1773509244;2026-03-14 17:27:24;2026-03-14 17:27:24;0,0;3,158202;2,540922;0,61728;49,983810791774886;115462,60292899999;607,953885;-114854,64904399999;-5,742732452199999;32,453239;9,506517;40,77564360647124;-73,96068698429804;40,77391239895499;-73,96190374515162;40,7840229;-73,958603;40,7830869;-73,9637582;True;True;0xCDcF7b2a3352a32cc28FD35C3924f5BD542a25Ea;300;300;300;0;0,0;12,828319258318873;10,981643787147929;-1,8466754711709434;302;0;300;0,0;False;0,009485188871747367;-0,0009355324520817791;2,0
4;vehicles_step_sim_4.csv;SUMO_carro_1000;HBEFA4/PC_petrol_Euro-6ab;Gasoline;1773509244;2026-03-14 17:27:24;2026-03-14 17:27:24;0,0;3,158202;2,540922;0,61728;49,983810791774886;115462,60292899999;607,953885;-114854,64904399999;-5,742732452199999;32,453239;9,506517;40,77564360647124;-73,96068698429804;40,77391239895499;-73,96190374515162;40,7737116;-73,9779585;40,772024;-73,9797962;True;True;0xCDcF7b2a3352a32cc28FD35C3924f5BD542a25Ea;300;300;300;0;0,0;12,828319258318873;15,491373357531735;2,6630540992128626;302;0;300;0,0;False;-0,002059410112464161;-0,0177144859926367;2,0
5;vehicles_step_sim_4.csv;SUMO_carro_1000;HBEFA4/PC_petrol_Euro-6ab;Gasoline;1773509244;2026-03-14 17:27:24;2026-03-14 17:27:24;0,0;3,158202;2,540922;0,61728;49,983810791774886;115462,60292899999;607,953885;-114854,64904399999;-5,742732452199999;32,453239;9,506517;40,77564360647124;-73,96068698429804;40,77391239895499;-73,96190374515162;40,7711719;-73,9768108;40,7707855;-73,976129;True;True;0xCDcF7b2a3352a32cc28FD35C3924f5BD542a25Ea;300;300;300;0;0,0;12,828319258318873;17,192688311674456;4,364369053355583;302;0;300;0,0;False;-0,003173167143065568;-0,01456511739361241;2,0
6;vehicles_step_sim_4.csv;SUMO_carro_1000;HBEFA4/PC_petrol_Euro-6ab;Gasoline;1773509244;2026-03-14 17:27:24;2026-03-14 17:27:24;0,0;3,158202;2,540922;0,61728;49,983810791774886;115462,60292899999;607,953885;-114854,64904399999;-5,742732452199999;32,453239;9,506517;40,77564360647124;-73,96068698429804;40,77391239895499;-73,96190374515162;40,7909852;-73,9690645;40,7892194;-73,9702217;True;True;0xCDcF7b2a3352a32cc28FD35C3924f5BD542a25Ea;300;300;300;0;0,0;12,828319258318873;13,632265010070663;0,8039457517517903;302;0;300;0,0;False;0,01561360175854753;-0,008657736992265932;2,0
7;vehicles_step_sim_4.csv;SUMO_carro_1000;HBEFA4/PC_petrol_Euro-6ab;Gasoline;1773509244;2026-03-14 17:27:24;2026-03-14 17:27:24;0,0;3,158202;2,540922;0,61728;49,983810791774886;115462,60292899999;607,953885;-114854,64904399999;-5,742732452199999;32,453239;9,506517;40,77564360647124;-73,96068698429804;40,77391239895499;-73,96190374515162;40,7841599;-73,9665726;40,7793976;-73,9696657;True;True;0xCDcF7b2a3352a32cc28FD35C3924f5BD542a25Ea;300;300;300;0;0,0;12,828319258318873;9,229530777718404;-3,5987884806004686;302;0;300;0,0;False;0,007005624925398345;-0,006890698735498252;2,0
8;vehicles_step_sim_4.csv;SUMO_carro_1000;HBEFA4/PC_petrol_Euro-6ab;Gasoline;1773509244;2026-03-14 17:27:24;2026-03-14 17:27:24;0,0;3,158202;2,540922;0,61728;49,983810791774886;115462,60292899999;607,953885;-114854,64904399999;-5,742732452199999;32,453239;9,506517;40,77564360647124;-73,96068698429804;40,77391239895499;-73,96190374515162;40,7698264;-73,9547063;40,7678628;-73,9561353;True;True;0xCDcF7b2a3352a32cc28FD35C3924f5BD542a25Ea;300;300;300;0;0,0;12,828319258318873;11,865478207380523;-0,9628410509383496;302;0;300;0,0;False;-0,005455333631322339;0,0050285954209548294;2,0
9;vehicles_step_sim_4.csv;SUMO_carro_1000;HBEFA4/PC_petrol_Euro-6ab;Gasoline;1773509244;2026-03-14 17:27:24;2026-03-14 17:27:24;0,0;3,158202;2,540922;0,61728;49,983810791774886;115462,60292899999;607,953885;-114854,64904399999;-5,742732452199999;32,453239;9,506517;40,77564360647124;-73,96068698429804;40,77391239895499;-73,96190374515162;40,7618105;-73,949768;40,7600748;-73,951473;True;True;0xCDcF7b2a3352a32cc28FD35C3924f5BD542a25Ea;300;300;300;0;0,0;12,828319258318873;17,953403794885894;5,125084536567021;302;0;300;0,0;False;-0,01378936802823278;0,010772787551954719;2,0
10;vehicles_step_sim_4.csv;SUMO_carro_1000;HBEFA4/PC_petrol_Euro-6ab;Gasoline;1773509244;2026-03-14 17:27:24;2026-03-14 17:27:24;0,0;3,158202;2,540922;0,61728;49,983810791774886;115462,60292899999;607,953885;-114854,64904399999;-5,742732452199999;32,453239;9,506517;40,77564360647124;-73,96068698429804;40,77391239895499;-73,96190374515162;40,7714515;-73,956604;40,7695431;-73,9579996;True;True;0xCDcF7b2a3352a32cc28FD35C3924f5BD542a25Ea;300;300;300;0;0,0;12,828319258318873;13,812243272881691;0,9839240145628185;302;0;300;0,0;False;-0,003828377174979051;0,0031777156995915906;2,0
11;vehicles_step_sim_4.csv;SUMO_carro_1000;HBEFA4/PC_petrol_Euro-6ab;Gasoline;1773509244;2026-03-14 17:27:24;2026-03-14 17:27:24;0,0;3,158202;2,540922;0,61728;49,983810791774886;115462,60292899999;607,953885;-114854,64904399999;-5,742732452199999;32,453239;9,506517;40,77564360647124;-73,96068698429804;40,77391239895499;-73,96190374515162;40,7811325;-73,9761055;40,7793169;-73,977252;True;True;0xCDcF7b2a3352a32cc28FD35C3924f5BD542a25Ea;300;300;300;0;0,0;12,828319258318873;13,296170279686189;0,4678510213673164;302;0;300;0,0;False;0,0054758248003129156;-0,01529541928581208;2,0
12;vehicles_step_sim_4.csv;SUMO_carro_1000;HBEFA4/PC_petrol_Euro-6ab;Gasoline;1773509244;2026-03-14 17:27:24;2026-03-14 17:27:24;0,0;3,158202;2,540922;0,61728;49,983810791774886;115462,60292899999;607,953885;-114854,64904399999;-5,742732452199999;32,453239;9,506517;40,77564360647124;-73,96068698429804;40,77391239895499;-73,96190374515162;40,7788526;-73,9582996;40,7770522;-73,9597612;True;True;0xCDcF7b2a3352a32cc28FD35C3924f5BD542a25Ea;300;300;300;0;0,0;12,828319258318873;13,3307710396814;0,5024517813625273;302;0;300;0,0;False;0,003060481366681673;0,0020679318832071557;2,0
13;vehicles_step_sim_4.csv;SUMO_carro_1000;HBEFA4/PC_petrol_Euro-6ab;Gasoline;1773509244;2026-03-14 17:27:24;2026-03-14 17:27:24;0,0;3,158202;2,540922;0,61728;49,983810791774886;115462,60292899999;607,953885;-114854,64904399999;-5,742732452199999;32,453239;9,506517;40,77564360647124;-73,96068698429804;40,77391239895499;-73,96190374515162;40,7618461;-73,957576;40,7601619;-73,959399;True;True;0xCDcF7b2a3352a32cc28FD35C3924f5BD542a25Ea;300;300;300;0;0,0;12,828319258318873;13,234644838631478;0,4063255803126058;302;0;300;0,0;False;-0,013631399241315597;0,0026172151524503358;2,0
14;vehicles_step_sim_4.csv;SUMO_carro_1000;HBEFA4/PC_petrol_Euro-6ab;Gasoline;1773509244;2026-03-14 17:27:24;2026-03-14 17:27:24;0,0;3,158202;2,540922;0,61728;49,983810791774886;115462,60292899999;607,953885;-114854,64904399999;-5,742732452199999;32,453239;9,506517;40,77564360647124;-73,96068698429804;40,77391239895499;-73,96190374515162;40,7798836;-73,9553083;40,7782439;-73,9565074;True;True;0xCDcF7b2a3352a32cc28FD35C3924f5BD542a25Ea;300;300;300;0;0,0;12,828319258318873;13,647205874341221;0,8188866160223487;302;0;300;0,0;False;0,004351748723225345;0,005464724940255573;2,0
15;vehicles_step_sim_4.csv;SUMO_carro_1000;HBEFA4/PC_petrol_Euro-6ab;Gasoline;1773509244;2026-03-14 17:27:24;2026-03-14 17:27:24;0,0;3,158202;2,540922;0,61728;49,983810791774886;115462,60292899999;607,953885;-114854,64904399999;-5,742732452199999;32,453239;9,506517;40,77564360647124;-73,96068698429804;40,77391239895499;-73,96190374515162;40,789923;-73,95843;40,7854008;-73,9575948;True;True;0xCDcF7b2a3352a32cc28FD35C3924f5BD542a25Ea;300;300;300;0;0,0;12,828319258318873;13,14037770016418;0,3120584418453074;302;0;300;0,0;False;0,012903582579587432;0,0016407490535839777;2,0
16;vehicles_step_sim_4.csv;SUMO_carro_1000;HBEFA4/PC_petrol_Euro-6ab;Gasoline;1773509244;2026-03-14 17:27:24;2026-03-14 17:27:24;0,0;3,158202;2,540922;0,61728;49,983810791774886;115462,60292899999;607,953885;-114854,64904399999;-5,742732452199999;32,453239;9,506517;40,77564360647124;-73,96068698429804;40,77391239895499;-73,96190374515162;40,7910481;-73,9653064;40,7891709;-73,9666796;True;True;0xCDcF7b2a3352a32cc28FD35C3924f5BD542a25Ea;300;300;300;0;0,0;12,828319258318873;12,705842281496473;-0,12247697682239966;302;0;300;0,0;False;0,015849793019240877;-0,005452041632485311;2,0
17;vehicles_step_sim_4.csv;SUMO_carro_1000;HBEFA4/PC_petrol_Euro-6ab;Gasoline;1773509244;2026-03-14 17:27:24;2026-03-14 17:27:24;0,0;3,158202;2,540922;0,61728;49,983810791774886;115462,60292899999;607,953885;-114854,64904399999;-5,742732452199999;32,453239;9,506517;40,77564360647124;-73,96068698429804;40,77391239895499;-73,96190374515162;40,7818684;-73,9755666;40,7800508;-73,9770448;True;True;0xCDcF7b2a3352a32cc28FD35C3924f5BD542a25Ea;300;300;300;0;0,0;12,828319258318873;12,581242054410206;-0,24707720390866683;302;0;300;0,0;False;0,0062271510305914515;-0,015141398593938052;2,0
18;vehicles_step_sim_4.csv;SUMO_carro_1000;HBEFA4/PC_petrol_Euro-6ab;Gasoline;1773509244;2026-03-14 17:27:24;2026-03-14 17:27:24;0,0;3,158202;2,540922;0,61728;49,983810791774886;115462,60292899999;607,953885;-114854,64904399999;-5,742732452199999;32,453239;9,506517;40,77564360647124;-73,96068698429804;40,77391239895499;-73,96190374515162;40,7814837;-73,971411;40,7798151;-73,9733542;True;True;0xCDcF7b2a3352a32cc28FD35C3924f5BD542a25Ea;300;300;300;0;0,0;12,828319258318873;9,336143737569671;-3,4921755207492016;302;0;300;0,0;False;0,005765381589200719;-0,010375899680952556;2,0
19;vehicles_step_sim_4.csv;SUMO_carro_1000;HBEFA4/PC_petrol_Euro-6ab;Gasoline;1773509244;2026-03-14 17:27:24;2026-03-14 17:27:24;0,0;3,158202;2,540922;0,61728;49,983810791774886;115462,60292899999;607,953885;-114854,64904399999;-5,742732452199999;32,453239;9,506517;40,77564360647124;-73,96068698429804;40,77391239895499;-73,96190374515162;40,7688591;-73,9504796;40,7668036;-73,9515379;True;True;0xCDcF7b2a3352a32cc28FD35C3924f5BD542a25Ea;300;300;300;0;0,0;12,828319258318873;14,373516988011257;1,5451977296923847;302;0;300;0,0;False;-0,007069385212142892;0,009828967771147723;2,0
20;vehicles_step_sim_4.csv;SUMO_carro_1000;HBEFA4/PC_petrol_Euro-6ab;Gasoline;1773509244;2026-03-14 17:27:24;2026-03-14 17:27:24;0,0;3,158202;2,540922;0,61728;49,983810791774886;115462,60292899999;607,953885;-114854,64904399999;-5,742732452199999;32,453239;9,506517;40,77564360647124;-73,96068698429804;40,77391239895499;-73,96190374515162;40,7771751;-73,9460474;40,7751918;-73,9474961;True;True;0xCDcF7b2a3352a32cc28FD35C3924f5BD542a25Ea;300;300;300;0;0,0;12,828319258318873;12,62305955127993;-0,2052597070389428;302;0;300;0,0;False;0,0012506913590941465;0,015341285622140984;2,0
21;vehicles_step_sim_4.csv;SUMO_carro_1000;HBEFA4/PC_petrol_Euro-6ab;Gasoline;1773509244;2026-03-14 17:27:24;2026-03-14 17:27:24;0,0;3,158202;2,540922;0,61728;49,983810791774886;115462,60292899999;607,953885;-114854,64904399999;-5,742732452199999;32,453239;9,506517;40,77564360647124;-73,96068698429804;40,77391239895499;-73,96190374515162;40,7894674;-73,9502506;40,7877709;-73,9514072;True;True;0xCDcF7b2a3352a32cc28FD35C3924f5BD542a25Ea;300;300;300;0;0,0;12,828319258318873;12,549826297757615;-0,27849296056125716;302;0;300;0,0;False;0,013759984701630784;0,010668096515218042;2,0
22;vehicles_step_sim_4.csv;SUMO_carro_1000;HBEFA4/PC_petrol_Euro-6ab;Gasoline;1773509244;2026-03-14 17:27:24;2026-03-14 17:27:24;0,0;3,158202;2,540922;0,61728;49,983810791774886;115462,60292899999;607,953885;-114854,64904399999;-5,742732452199999;32,453239;9,506517;40,77564360647124;-73,96068698429804;40,77391239895499;-73,96190374515162;40,7903029;-73,9599137;40,783484;-73,9643722;True;True;0xCDcF7b2a3352a32cc28FD35C3924f5BD542a25Ea;300;300;300;0;0,0;12,828319258318873;11,663531759255894;-1,164787499062978;302;0;300;0,0;False;0,012046921294860739;-0,000848481237878877;2,0
23;vehicles_step_sim_4.csv;SUMO_carro_1000;HBEFA4/PC_petrol_Euro-6ab;Gasoline;1773509244;2026-03-14 17:27:24;2026-03-14 17:27:24;0,0;3,158202;2,540922;0,61728;49,983810791774886;115462,60292899999;607,953885;-114854,64904399999;-5,742732452199999;32,453239;9,506517;40,77564360647124;-73,96068698429804;40,77391239895499;-73,96190374515162;40,7639685;-73,955863;40,76237;-73,9570332;True;True;0xCDcF7b2a3352a32cc28FD35C3924f5BD542a25Ea;300;300;300;0;0,0;12,828319258318873;13,990612115049752;1,162292856730879;302;0;300;0,0;False;-0,01166601841979688;0,00462876203687573;2,0
24;vehicles_step_sim_4.csv;SUMO_carro_1000;HBEFA4/PC_petrol_Euro-6ab;Gasoline;1773509244;2026-03-14 17:27:24;2026-03-14 17:27:24;0,0;3,158202;2,540922;0,61728;49,983810791774886;115462,60292899999;607,953885;-114854,64904399999;-5,742732452199999;32,453239;9,506517;40,77564360647124;-73,96068698429804;40,77391239895499;-73,96190374515162;40,7788889;-73,9580378;40,777509;-73,9590476;True;True;0xCDcF7b2a3352a32cc28FD35C3924f5BD542a25Ea;300;300;300;0;0,0;12,828319258318873;13,512843492901442;0,68452423458257;302;0;300;0,0;False;0,0033099930866420197;0,0028424941955355154;2,0
25;vehicles_step_sim_4.csv;SUMO_carro_1000;HBEFA4/PC_petrol_Euro-6ab;Gasoline;1773509244;2026-03-14 17:27:24;2026-03-14 17:27:24;0,0;3,158202;2,540922;0,61728;49,983810791774886;115462,60292899999;607,953885;-114854,64904399999;-5,742732452199999;32,453239;9,506517;40,77564360647124;-73,96068698429804;40,77391239895499;-73,96190374515162;40,7674465;-73,9592144;40,7655642;-73,9605654;True;True;0xCDcF7b2a3352a32cc28FD35C3924f5BD542a25Ea;300;300;300;0;0,0;12,828319258318873;14,109324191344067;1,2810049330251942;302;0;300;0,0;False;-0,008563960408750003;0,0024405398345324087;2,0
26;vehicles_step_sim_4.csv;SUMO_carro_1000;HBEFA4/PC_petrol_Euro-6ab;Gasoline;1773509244;2026-03-14 17:27:24;2026-03-14 17:27:24;0,0;3,158202;2,540922;0,61728;49,983810791774886;115462,60292899999;607,953885;-114854,64904399999;-5,742732452199999;32,453239;9,506517;40,77564360647124;-73,96068698429804;40,77391239895499;-73,96190374515162;40,7710408;-73,9467906;40,7695183;-73,948231;True;True;0xCDcF7b2a3352a32cc28FD35C3924f5BD542a25Ea;300;300;300;0;0,0;12,828319258318873;19,099646157482002;6,27132689916313;302;0;300;0,0;False;-0,006030899927924855;0,016083049071837958;2,0
27;vehicles_step_sim_4.csv;SUMO_carro_1000;HBEFA4/PC_petrol_Euro-6ab;Gasoline;1773509244;2026-03-14 17:27:24;2026-03-14 17:27:24;0,0;3,158202;2,540922;0,61728;49,983810791774886;115462,60292899999;607,953885;-114854,64904399999;-5,742732452199999;32,453239;9,506517;40,77564360647124;-73,96068698429804;40,77391239895499;-73,96190374515162;40,7838444;-73,9655375;40,7838444;-73,9655375;True;True;0xCDcF7b2a3352a32cc28FD35C3924f5BD542a25Ea;300;300;300;0;0,0;12,828319258318873;17,323672220073547;4,495352961754675;302;0;300;0,0;False;0,010124485690775809;-0,003761225425931913;2,0
28;vehicles_step_sim_4.csv;SUMO_carro_1000;HBEFA4/PC_petrol_Euro-6ab;Gasoline;1773509244;2026-03-14 17:27:24;2026-03-14 17:27:24;0,0;3,158202;2,540922;0,61728;49,983810791774886;115462,60292899999;607,953885;-114854,64904399999;-5,742732452199999;32,453239;9,506517;40,77564360647124;-73,96068698429804;40,77391239895499;-73,96190374515162;40,7893891;-73,9571774;40,7893891;-73,9571774;True;True;0xCDcF7b2a3352a32cc28FD35C3924f5BD542a25Ea;300;300;300;0;0,0;12,828319258318873;11,983661957759622;-0,8446573005592501;302;0;300;0,0;False;0,014962815231873188;0,0043484494832069735;2,0
29;vehicles_step_sim_4.csv;SUMO_carro_1000;HBEFA4/PC_petrol_Euro-6ab;Gasoline;1773509244;2026-03-14 17:27:24;2026-03-14 17:27:24;0,0;3,158202;2,540922;0,61728;49,983810791774886;115462,60292899999;607,953885;-114854,64904399999;-5,742732452199999;32,453239;9,506517;40,77564360647124;-73,96068698429804;40,77391239895499;-73,96190374515162;40,7794267;-73,9697586;40,7774869;-73,9750388;True;True;0xCDcF7b2a3352a32cc28FD35C3924f5BD542a25Ea;300;300;300;0;0,0;12,828319258318873;27,301056976569768;14,472737718250896;302;0;300;0,0;False;0,0022443063049613706;-0,009869489419193044;2,0
30;vehicles_step_sim_4.csv;SUMO_carro_1000;HBEFA4/PC_petrol_Euro-6ab;Gasoline;1773509244;2026-03-14 17:27:24;2026-03-14 17:27:24;0,0;3,158202;2,540922;0,61728;49,983810791774886;115462,60292899999;607,953885;-114854,64904399999;-5,742732452199999;32,453239;9,506517;40,77564360647124;-73,96068698429804;40,77391239895499;-73,96190374515162;40,7609988;-73,9671716;40,7592413;-73,9683323;True;True;0xCDcF7b2a3352a32cc28FD35C3924f5BD542a25Ea;300;300;300;0;0,0;12,828319258318873;12,479426497104676;-0,34889276121419677;302;0;300;0,0;False;-0,01462625306697968;-0,006567499979216394;2,0
31;vehicles_step_sim_4.csv;SUMO_carro_1000;HBEFA4/PC_petrol_Euro-6ab;Gasoline;1773509244;2026-03-14 17:27:24;2026-03-14 17:27:24;0,0;3,158202;2,540922;0,61728;49,983810791774886;115462,60292899999;607,953885;-114854,64904399999;-5,742732452199999;32,453239;9,506517;40,77564360647124;-73,96068698429804;40,77391239895499;-73,96190374515162;40,7877404;-73,9710964;40,7858736;-73,9726417;True;True;0xCDcF7b2a3352a32cc28FD35C3924f5BD542a25Ea;300;300;300;0;0,0;12,828319258318873;13,501343767108251;0,6730245087893785;302;0;300;0,0;False;0,012143534503590937;-0,010444952379335667;2,0
32;vehicles_step_sim_4.csv;SUMO_carro_1000;HBEFA4/PC_petrol_Euro-6ab;Gasoline;1773509244;2026-03-14 17:27:24;2026-03-14 17:27:24;0,0;3,158202;2,540922;0,61728;49,983810791774886;115462,60292899999;607,953885;-114854,64904399999;-5,742732452199999;32,453239;9,506517;40,77564360647124;-73,96068698429804;40,77391239895499;-73,96190374515162;40,7727626;-73,9496052;40,7707839;-73,9511119;True;True;0xCDcF7b2a3352a32cc28FD35C3924f5BD542a25Ea;300;300;300;0;0,0;12,828319258318873;13,216038817562037;0,38771955924316437;302;0;300;0,0;False;-0,002735689654652629;0,010141505419283532;2,0
33;vehicles_step_sim_4.csv;SUMO_carro_1000;HBEFA4/PC_petrol_Euro-6ab;Gasoline;1773509244;2026-03-14 17:27:24;2026-03-14 17:27:24;0,0;3,158202;2,540922;0,61728;49,983810791774886;115462,60292899999;607,953885;-114854,64904399999;-5,742732452199999;32,453239;9,506517;40,77564360647124;-73,96068698429804;40,77391239895499;-73,96190374515162;40,767939;-73,9495688;40,7663475;-73,9508902;True;True;0xCDcF7b2a3352a32cc28FD35C3924f5BD542a25Ea;300;300;300;0;0,0;12,828319258318873;12,172562746334384;-0,6557565119844888;302;0;300;0,0;False;-0,00839729028093402;0,012951213200564748;2,0
34;vehicles_step_sim_4.csv;SUMO_carro_1000;HBEFA4/PC_petrol_Euro-6ab;Gasoline;1773509244;2026-03-14 17:27:24;2026-03-14 17:27:24;0,0;3,158202;2,540922;0,61728;49,983810791774886;115462,60292899999;607,953885;-114854,64904399999;-5,742732452199999;32,453239;9,506517;40,77564360647124;-73,96068698429804;40,77391239895499;-73,96190374515162;40,7743426;-73,9774909;40,7727252;-73,9785194;True;True;0xCDcF7b2a3352a32cc28FD35C3924f5BD542a25Ea;300;300;300;0;0,0;12,828319258318873;13,901160582799605;1,0728413244807324;302;0;300;0,0;False;-0,0011774814435471757;-0,016834667050072992;2,0
35;vehicles_step_sim_4.csv;SUMO_carro_1000;HBEFA4/PC_petrol_Euro-6ab;Gasoline;1773509244;2026-03-14 17:27:24;2026-03-14 17:27:24;0,0;3,158202;2,540922;0,61728;49,983810791774886;115462,60292899999;607,953885;-114854,64904399999;-5,742732452199999;32,453239;9,506517;40,77564360647124;-73,96068698429804;40,77391239895499;-73,96190374515162;40,7891662;-73,9547247;40,78782;-73,9558255;True;True;0xCDcF7b2a3352a32cc28FD35C3924f5BD542a25Ea;300;300;300;0;0,0;12,828319258318873;13,42044436267847;0,5921251043595976;302;0;300;0,0;False;0,013573989689962263;0,006050614276271164;2,0
36;vehicles_step_sim_4.csv;SUMO_carro_1000;HBEFA4/PC_petrol_Euro-6ab;Gasoline;1773509244;2026-03-14 17:27:24;2026-03-14 17:27:24;0,0;3,158202;2,540922;0,61728;49,983810791774886;115462,60292899999;607,953885;-114854,64904399999;-5,742732452199999;32,453239;9,506517;40,77564360647124;-73,96068698429804;40,77391239895499;-73,96190374515162;40,7622707;-73,9682938;40,7610896;-73,9695114;True;True;0xCDcF7b2a3352a32cc28FD35C3924f5BD542a25Ea;300;300;300;0;0,0;12,828319258318873;12,808507610434672;-0,019811647884200312;302;0;300;0,0;False;-0,013077257308664391;-0,00795664983654273;2,0
37;vehicles_step_sim_4.csv;SUMO_carro_1000;HBEFA4/PC_petrol_Euro-6ab;Gasoline;1773509244;2026-03-14 17:27:24;2026-03-14 17:27:24;0,0;3,158202;2,540922;0,61728;49,983810791774886;115462,60292899999;607,953885;-114854,64904399999;-5,742732452199999;32,453239;9,506517;40,77564360647124;-73,96068698429804;40,77391239895499;-73,96190374515162;40,7632726;-73,9570608;40,7612276;-73,9580272;True;True;0xCDcF7b2a3352a32cc28FD35C3924f5BD542a25Ea;300;300;300;0;0,0;12,828319258318873;14,5837308712887;1,7554116129698283;302;0;300;0,0;False;-0,012178671363158361;0,0035403672338847505;2,0
38;vehicles_step_sim_4.csv;SUMO_carro_1000;HBEFA4/PC_petrol_Euro-6ab;Gasoline;1773509244;2026-03-14 17:27:24;2026-03-14 17:27:24;0,0;3,158202;2,540922;0,61728;49,983810791774886;115462,60292899999;607,953885;-114854,64904399999;-5,742732452199999;32,453239;9,506517;40,77564360647124;-73,96068698429804;40,77391239895499;-73,96190374515162;40,7697112;-73,9645868;40,7678154;-73,9658919;True;True;0xCDcF7b2a3352a32cc28FD35C3924f5BD542a25Ea;300;300;300;0;0,0;12,828319258318873;13,641581011755482;0,8132617534366098;302;0;300;0,0;False;-0,0060187565473111765;-0,0033779189006671066;2,0
39;vehicles_step_sim_4.csv;SUMO_carro_1000;HBEFA4/PC_petrol_Euro-6ab;Gasoline;1773509244;2026-03-14 17:27:24;2026-03-14 17:27:24;0,0;3,158202;2,540922;0,61728;49,983810791774886;115462,60292899999;607,953885;-114854,64904399999;-5,742732452199999;32,453239;9,506517;40,77564360647124;-73,96068698429804;40,77391239895499;-73,96190374515162;40,7854008;-73,9575948;40,7833492;-73,9640817;True;True;0xCDcF7b2a3352a32cc28FD35C3924f5BD542a25Ea;300;300;300;0;0,0;12,828319258318873;11,26342737330394;-1,5648918850149318;302;0;300;0,0;False;0,01137797628804507;-0,0005176000499293865;2,0
40;vehicles_step_sim_4.csv;SUMO_carro_1000;HBEFA4/PC_petrol_Euro-6ab;Gasoline;1773509244;2026-03-14 17:27:24;2026-03-14 17:27:24;0,0;3,158202;2,540922;0,61728;49,983810791774886;115462,60292899999;607,953885;-114854,64904399999;-5,742732452199999;32,453239;9,506517;40,77564360647124;-73,96068698429804;40,77391239895499;-73,96190374515162;40,7643233;-73,9731384;40,7623651;-73,9744172;True;True;0xCDcF7b2a3352a32cc28FD35C3924f5BD542a25Ea;300;300;300;0;0,0;12,828319258318873;13,038517752226447;0,2101984939075745;302;0;300;0,0;False;-0,011207944263770026;-0,012560298565439899;2,0
41;vehicles_step_sim_4.csv;SUMO_carro_1000;HBEFA4/PC_petrol_Euro-6ab;Gasoline;1773509244;2026-03-14 17:27:24;2026-03-14 17:27:24;0,0;3,158202;2,540922;0,61728;49,983810791774886;115462,60292899999;607,953885;-114854,64904399999;-5,742732452199999;32,453239;9,506517;40,77564360647124;-73,96068698429804;40,77391239895499;-73,96190374515162;40,7762511;-73,943831;40,7743201;-73,945221;True;True;0xCDcF7b2a3352a32cc28FD35C3924f5BD542a25Ea;300;300;300;0;0,0;12,828319258318873;9,219310039357651;-3,609009218961221;302;0;300;0,0;False;0,0005262228479104183;0,01714894423723562;2,0
42;vehicles_step_sim_4.csv;SUMO_carro_1000;HBEFA4/PC_petrol_Euro-6ab;Gasoline;1773509244;2026-03-14 17:27:24;2026-03-14 17:27:24;0,0;3,158202;2,540922;0,61728;49,983810791774886;115462,60292899999;607,953885;-114854,64904399999;-5,742732452199999;32,453239;9,506517;40,77564360647124;-73,96068698429804;40,77391239895499;-73,96190374515162;40,778044;-73,9781637;40,776057;-73,9796283;True;True;0xCDcF7b2a3352a32cc28FD35C3924f5BD542a25Ea;300;300;300;0;0,0;12,828319258318873;13,132580507863631;0,3042612495447585;302;0;300;0,0;False;0,0020799322653535365;-0,016762535662382127;2,0
43;vehicles_step_sim_4.csv;SUMO_carro_1000;HBEFA4/PC_petrol_Euro-6ab;Gasoline;1773509244;2026-03-14 17:27:24;2026-03-14 17:27:24;0,0;3,158202;2,540922;0,61728;49,983810791774886;115462,60292899999;607,953885;-114854,64904399999;-5,742732452199999;32,453239;9,506517;40,77564360647124;-73,96068698429804;40,77391239895499;-73,96190374515162;40,7718882;-73,9530102;40,7701493;-73,9542869;True;True;0xCDcF7b2a3352a32cc28FD35C3924f5BD542a25Ea;300;300;300;0;0,0;12,828319258318873;13,471512046398798;0,6431927880799257;302;0;300;0,0;False;-0,003911730216682348;0,007807464266323241;2,0
44;vehicles_step_sim_4.csv;SUMO_carro_1000;HBEFA4/PC_petrol_Euro-6ab;Gasoline;1773509244;2026-03-14 17:27:24;2026-03-14 17:27:24;0,0;3,158202;2,540922;0,61728;49,983810791774886;115462,60292899999;607,953885;-114854,64904399999;-5,742732452199999;32,453239;9,506517;40,77564360647124;-73,96068698429804;40,77391239895499;-73,96190374515162;40,7792672;-73,9693377;40,7792672;-73,9693377;True;True;0xCDcF7b2a3352a32cc28FD35C3924f5BD542a25Ea;300;300;300;0;0,0;12,828319258318873;23,06069978108639;10,232380522767519;302;0;300;0,0;False;0,004468749963040045;-0,008019947261919874;2,0
45;vehicles_step_sim_4.csv;SUMO_carro_1000;HBEFA4/PC_petrol_Euro-6ab;Gasoline;1773509244;2026-03-14 17:27:24;2026-03-14 17:27:24;0,0;3,158202;2,540922;0,61728;49,983810791774886;115462,60292899999;607,953885;-114854,64904399999;-5,742732452199999;32,453239;9,506517;40,77564360647124;-73,96068698429804;40,77391239895499;-73,96190374515162;40,7709623;-73,9534751;40,7688272;-73,9543443;True;True;0xCDcF7b2a3352a32cc28FD35C3924f5BD542a25Ea;300;300;300;0;0,0;12,828319258318873;13,4216193146058;0,5933000562869282;302;0;300;0,0;False;-0,005007850141450725;0,007298519963635507;2,0
46;vehicles_step_sim_4.csv;SUMO_carro_1000;HBEFA4/PC_petrol_Euro-6ab;Gasoline;1773509244;2026-03-14 17:27:24;2026-03-14 17:27:24;0,0;3,158202;2,540922;0,61728;49,983810791774886;115462,60292899999;607,953885;-114854,64904399999;-5,742732452199999;32,453239;9,506517;40,77564360647124;-73,96068698429804;40,77391239895499;-73,96190374515162;40,7594006;-73,9580971;40,757776;-73,9594709;True;True;0xCDcF7b2a3352a32cc28FD35C3924f5BD542a25Ea;300;300;300;0;0,0;12,828319258318873;15,715056035404922;2,8867367770860497;302;0;300;0,0;False;-0,01671649869164613;0,003247222654468545;2,0
47;vehicles_step_sim_4.csv;SUMO_carro_1000;HBEFA4/PC_petrol_Euro-6ab;Gasoline;1773509244;2026-03-14 17:27:24;2026-03-14 17:27:24;0,0;3,158202;2,540922;0,61728;49,983810791774886;115462,60292899999;607,953885;-114854,64904399999;-5,742732452199999;32,453239;9,506517;40,77564360647124;-73,96068698429804;40,77391239895499;-73,96190374515162;40,780173;-73,959311;40,7783317;-73,9606574;True;True;0xCDcF7b2a3352a32cc28FD35C3924f5BD542a25Ea;300;300;300;0;0,0;12,828319258318873;13,231694667463199;0,403375409144326;302;0;300;0,0;False;0,004538877346339111;0,001402278733511852;2,0
48;vehicles_step_sim_4.csv;SUMO_carro_1000;HBEFA4/PC_petrol_Euro-6ab;Gasoline;1773509244;2026-03-14 17:27:24;2026-03-14 17:27:24;0,0;3,158202;2,540922;0,61728;49,983810791774886;115462,60292899999;607,953885;-114854,64904399999;-5,742732452199999;32,453239;9,506517;40,77564360647124;-73,96068698429804;40,77391239895499;-73,96190374515162;40,7755427;-73,9764626;40,7704772;-73,9756095;True;True;0xCDcF7b2a3352a32cc28FD35C3924f5BD542a25Ea;300;300;300;0;0,0;12,828319258318873;11,349393788421214;-1,4789254698976588;302;0;300;0,0;False;-0,0018697780958091572;-0,011716762486252662;2,0
49;vehicles_step_sim_4.csv;SUMO_carro_1000;HBEFA4/PC_petrol_Euro-6ab;Gasoline;1773509244;2026-03-14 17:27:24;2026-03-14 17:27:24;0,0;3,158202;2,540922;0,61728;49,983810791774886;115462,60292899999;607,953885;-114854,64904399999;-5,742732452199999;32,453239;9,506517;40,77564360647124;-73,96068698429804;40,77391239895499;-73,96190374515162;40,7743228;-73,9433435;40,7726672;-73,9448667;True;True;0xCDcF7b2a3352a32cc28FD35C3924f5BD542a25Ea;300;300;300;0;0,0;12,828319258318873;8,390547498280878;-4,437771760037995;302;0;300;0,0;False;-0,001383344230283006;0,017349930477485974;2,0
50;vehicles_step_sim_4.csv;SUMO_carro_1000;HBEFA4/PC_petrol_Euro-6ab;Gasoline;1773509244;2026-03-14 17:27:24;2026-03-14 17:27:24;0,0;3,158202;2,540922;0,61728;49,983810791774886;115462,60292899999;607,953885;-114854,64904399999;-5,742732452199999;32,453239;9,506517;40,77564360647124;-73,96068698429804;40,77391239895499;-73,96190374515162;40,7836213;-73,9647553;40,7836213;-73,9647553;True;True;0xCDcF7b2a3352a32cc28FD35C3924f5BD542a25Ea;300;300;300;0;0,0;12,828319258318873;9,131006407760117;-3,697312850558756;302;0;300;0,0;False;0,011224116386187904;-0,002132337329734844;2,0
51;vehicles_step_sim_4.csv;SUMO_carro_1000;HBEFA4/PC_petrol_Euro-6ab;Gasoline;1773509244;2026-03-14 17:27:24;2026-03-14 17:27:24;0,0;3,158202;2,540922;0,61728;49,983810791774886;115462,60292899999;607,953885;-114854,64904399999;-5,742732452199999;32,453239;9,506517;40,77564360647124;-73,96068698429804;40,77391239895499;-73,96190374515162;40,7845408;-73,9537621;40,7826545;-73,955144;True;True;0xCDcF7b2a3352a32cc28FD35C3924f5BD542a25Ea;300;300;300;0;0,0;12,828319258318873;12,372887417976033;-0,4554318403428397;302;0;300;0,0;False;0,008775786383034005;0,007181634507002974;2,0
52;vehicles_step_sim_4.csv;SUMO_carro_1000;HBEFA4/PC_petrol_Euro-6ab;Gasoline;1773509244;2026-03-14 17:27:24;2026-03-14 17:27:24;0,0;3,158202;2,540922;0,61728;49,983810791774886;115462,60292899999;607,953885;-114854,64904399999;-5,742732452199999;32,453239;9,506517;40,77564360647124;-73,96068698429804;40,77391239895499;-73,96190374515162;40,7838444;-73,9655375;40,7838444;-73,9655375;True;True;0xCDcF7b2a3352a32cc28FD35C3924f5BD542a25Ea;300;300;300;0;0,0;12,828319258318873;16,23692037220399;3,4086011138851173;302;0;300;0,0;False;0,010281065400684112;-0,0037012846505682017;2,0
53;vehicles_step_sim_4.csv;SUMO_carro_1000;HBEFA4/PC_petrol_Euro-6ab;Gasoline;1773509244;2026-03-14 17:27:24;2026-03-14 17:27:24;0,0;3,158202;2,540922;0,61728;49,983810791774886;115462,60292899999;607,953885;-114854,64904399999;-5,742732452199999;32,453239;9,506517;40,77564360647124;-73,96068698429804;40,77391239895499;-73,96190374515162;40,7661911;-73,9601081;40,7643141;-73,9614811;True;True;0xCDcF7b2a3352a32cc28FD35C3924f5BD542a25Ea;300;300;300;0;0,0;12,828319258318873;13,771676337243251;0,9433570789243788;302;0;300;0,0;False;-0,009705395877955904;0,0006206375071473666;2,0
54;vehicles_step_sim_4.csv;SUMO_carro_1000;HBEFA4/PC_petrol_Euro-6ab;Gasoline;1773509244;2026-03-14 17:27:24;2026-03-14 17:27:24;0,0;3,158202;2,540922;0,61728;49,983810791774886;115462,60292899999;607,953885;-114854,64904399999;-5,742732452199999;32,453239;9,506517;40,77564360647124;-73,96068698429804;40,77391239895499;-73,96190374515162;40,7730444;-73,9625387;40,7711949;-73,9640276;True;True;0xCDcF7b2a3352a32cc28FD35C3924f5BD542a25Ea;300;300;300;0;0,0;12,828319258318873;13,198856674757076;0,3705374164382036;302;0;300;0,0;False;-0,002721525827752033;-0,0020781055755413314;2,0
55;vehicles_step_sim_4.csv;SUMO_carro_1000;HBEFA4/PC_petrol_Euro-6ab;Gasoline;1773509244;2026-03-14 17:27:24;2026-03-14 17:27:24;0,0;3,158202;2,540922;0,61728;49,983810791774886;115462,60292899999;607,953885;-114854,64904399999;-5,742732452199999;32,453239;9,506517;40,77564360647124;-73,96068698429804;40,77391239895499;-73,96190374515162;40,78164;-73,9488466;40,7794933;-73,9476469;True;True;0xCDcF7b2a3352a32cc28FD35C3924f5BD542a25Ea;300;300;300;0;0,0;12,828319258318873;13,637541388511325;0,8092221301924525;302;0;300;0,0;False;0,0057226336082502735;0,013005482961721777;2,0
56;vehicles_step_sim_4.csv;SUMO_carro_1000;HBEFA4/PC_petrol_Euro-6ab;Gasoline;1773509244;2026-03-14 17:27:24;2026-03-14 17:27:24;0,0;3,158202;2,540922;0,61728;49,983810791774886;115462,60292899999;607,953885;-114854,64904399999;-5,742732452199999;32,453239;9,506517;40,77564360647124;-73,96068698429804;40,77391239895499;-73,96190374515162;40,7788628;-73,9741982;40,7772465;-73,9762717;True;True;0xCDcF7b2a3352a32cc28FD35C3924f5BD542a25Ea;300;300;300;0;0,0;12,828319258318873;10,468848438853058;-2,3594708194658143;302;0;300;0,0;False;0,0033516963203659104;-0,014788804318849462;2,0
57;vehicles_step_sim_4.csv;SUMO_carro_1000;HBEFA4/PC_petrol_Euro-6ab;Gasoline;1773509244;2026-03-14 17:27:24;2026-03-14 17:27:24;0,0;3,158202;2,540922;0,61728;49,983810791774886;115462,60292899999;607,953885;-114854,64904399999;-5,742732452199999;32,453239;9,506517;40,77564360647124;-73,96068698429804;40,77391239895499;-73,96190374515162;40,7788639;-73,9601294;40,7775904;-73,9610596;True;True;0xCDcF7b2a3352a32cc28FD35C3924f5BD542a25Ea;300;300;300;0;0,0;12,828319258318873;12,901503207636805;0,07318394931793293;302;0;300;0,0;False;0,003249846343251765;0,0010518572864295665;2,0
58;vehicles_step_sim_4.csv;SUMO_carro_1000;HBEFA4/PC_petrol_Euro-6ab;Gasoline;1773509244;2026-03-14 17:27:24;2026-03-14 17:27:24;0,0;3,158202;2,540922;0,61728;49,983810791774886;115462,60292899999;607,953885;-114854,64904399999;-5,742732452199999;32,453239;9,506517;40,77564360647124;-73,96068698429804;40,77391239895499;-73,96190374515162;40,7896378;-73,9697186;40,7883707;-73,9706375;True;True;0xCDcF7b2a3352a32cc28FD35C3924f5BD542a25Ea;300;300;300;0;0,0;12,828319258318873;12,134117919908533;-0,6942013384103394;302;0;300;0,0;False;0,013972722837407223;-0,00822965354079578;2,0
59;vehicles_step_sim_4.csv;SUMO_carro_1000;HBEFA4/PC_petrol_Euro-6ab;Gasoline;1773509244;2026-03-14 17:27:24;2026-03-14 17:27:24;0,0;3,158202;2,540922;0,61728;49,983810791774886;115462,60292899999;607,953885;-114854,64904399999;-5,742732452199999;32,453239;9,506517;40,77564360647124;-73,96068698429804;40,77391239895499;-73,96190374515162;40,772646;-73,9453985;40,7710408;-73,9467906;True;True;0xCDcF7b2a3352a32cc28FD35C3924f5BD542a25Ea;300;300;300;0;0,0;12,828319258318873;9,051741147162057;-3,776578111156816;302;0;300;0,0;False;-0,00289524316985113;0,01521246556316218;2,0
60;vehicles_step_sim_4.csv;SUMO_carro_1000;HBEFA4/PC_petrol_Euro-6ab;Gasoline;1773509244;2026-03-14 17:27:24;2026-03-14 17:27:24;0,0;3,158202;2,540922;0,61728;49,983810791774886;115462,60292899999;607,953885;-114854,64904399999;-5,742732452199999;32,453239;9,506517;40,77564360647124;-73,96068698429804;40,77391239895499;-73,96190374515162;40,7884801;-73,9708999;40,7868277;-73,9719492;True;True;0xCDcF7b2a3352a32cc28FD35C3924f5BD542a25Ea;300;300;300;0;0,0;12,828319258318873;13,842934318907227;1,0146150605883548;302;0;300;0,0;False;0,013276509280524007;-0,01085616494827581;2,0
61;vehicles_step_sim_4.csv;SUMO_carro_1000;HBEFA4/PC_petrol_Euro-6ab;Gasoline;1773509244;2026-03-14 17:27:24;2026-03-14 17:27:24;0,0;3,158202;2,540922;0,61728;49,983810791774886;115462,60292899999;607,953885;-114854,64904399999;-5,742732452199999;32,453239;9,506517;40,77564360647124;-73,96068698429804;40,77391239895499;-73,96190374515162;40,7871423;-73,9518575;40,7851658;-73,9533088;True;True;0xCDcF7b2a3352a32cc28FD35C3924f5BD542a25Ea;300;300;300;0;0,0;12,828319258318873;12,8353488057013;0,007029547382426671;302;0;300;0,0;False;0,011209363129814883;0,008946806296245101;2,0
62;vehicles_step_sim_4.csv;SUMO_carro_1000;HBEFA4/PC_petrol_Euro-6ab;Gasoline;1773509244;2026-03-14 17:27:24;2026-03-14 17:27:24;0,0;3,158202;2,540922;0,61728;49,983810791774886;115462,60292899999;607,953885;-114854,64904399999;-5,742732452199999;32,453239;9,506517;40,77564360647124;-73,96068698429804;40,77391239895499;-73,96190374515162;40,7621932;-73,9702164;40,7603407;-73,9715757;True;True;0xCDcF7b2a3352a32cc28FD35C3924f5BD542a25Ea;300;300;300;0;0,0;12,828319258318873;13,022896127575299;0,19457686925642648;302;0;300;0,0;False;-0,013453888736608507;-0,009519517033846375;2,0
63;vehicles_step_sim_4.csv;SUMO_carro_1000;HBEFA4/PC_petrol_Euro-6ab;Gasoline;1773509244;2026-03-14 17:27:24;2026-03-14 17:27:24;0,0;3,158202;2,540922;0,61728;49,983810791774886;115462,60292899999;607,953885;-114854,64904399999;-5,742732452199999;32,453239;9,506517;40,77564360647124;-73,96068698429804;40,77391239895499;-73,96190374515162;40,7825675;-73,9452196;40,7805652;-73,9462502;True;True;0xCDcF7b2a3352a32cc28FD35C3924f5BD542a25Ea;300;300;300;0;0,0;12,828319258318873;13,72752841104192;0,8992091527230475;302;0;300;0,0;False;0,0068613322274206825;0,01570782260617625;2,0
64;vehicles_step_sim_4.csv;SUMO_carro_1000;HBEFA4/PC_petrol_Euro-6ab;Gasoline;1773509244;2026-03-14 17:27:24;2026-03-14 17:27:24;0,0;3,158202;2,540922;0,61728;49,983810791774886;115462,60292899999;607,953885;-114854,64904399999;-5,742732452199999;32,453239;9,506517;40,77564360647124;-73,96068698429804;40,77391239895499;-73,96190374515162;40,7909365;-73,9610436;40,7906607;-73,9606436;True;True;0xCDcF7b2a3352a32cc28FD35C3924f5BD542a25Ea;300;300;300;0;0,0;12,828319258318873;30,212197903008565;17,383878644689695;302;0;300;0,0;False;0,015552767329515431;-5,178288110920619e-05;2,0
65;vehicles_step_sim_4.csv;SUMO_carro_1000;HBEFA4/PC_petrol_Euro-6ab;Gasoline;1773509244;2026-03-14 17:27:24;2026-03-14 17:27:24;0,0;3,158202;2,540922;0,61728;49,983810791774886;115462,60292899999;607,953885;-114854,64904399999;-5,742732452199999;32,453239;9,506517;40,77564360647124;-73,96068698429804;40,77391239895499;-73,96190374515162;40,7589403;-73,9644084;40,7575336;-73,9650724;True;True;0xCDcF7b2a3352a32cc28FD35C3924f5BD542a25Ea;300;300;300;0;0,0;12,828319258318873;14,562354829102368;1,7340355707834956;302;0;300;0,0;False;-0,016877934916394707;-0,003504272259186773;2,0
66;vehicles_step_sim_4.csv;SUMO_carro_1000;HBEFA4/PC_petrol_Euro-6ab;Gasoline;1773509244;2026-03-14 17:27:24;2026-03-14 17:27:24;0,0;3,158202;2,540922;0,61728;49,983810791774886;115462,60292899999;607,953885;-114854,64904399999;-5,742732452199999;32,453239;9,506517;40,77564360647124;-73,96068698429804;40,77391239895499;-73,96190374515162;40,7614274;-73,9606346;40,7595537;-73,962007;True;True;0xCDcF7b2a3352a32cc28FD35C3924f5BD542a25Ea;300;300;300;0;0,0;12,828319258318873;13,138507238344383;0,3101879800255105;302;0;300;0,0;False;-0,01449757600360483;-5,394813272427294e-05;2,0
67;vehicles_step_sim_4.csv;SUMO_carro_1000;HBEFA4/PC_petrol_Euro-6ab;Gasoline;1773509244;2026-03-14 17:27:24;2026-03-14 17:27:24;0,0;3,158202;2,540922;0,61728;49,983810791774886;115462,60292899999;607,953885;-114854,64904399999;-5,742732452199999;32,453239;9,506517;40,77564360647124;-73,96068698429804;40,77391239895499;-73,96190374515162;40,7712067;-73,9679503;40,7687981;-73,9711154;True;True;0xCDcF7b2a3352a32cc28FD35C3924f5BD542a25Ea;300;300;300;0;0,0;12,828319258318873;11,168021589636131;-1,660297668682741;302;0;300;0,0;False;-0,0032625560409415893;-0,009254661119025556;2,0
68;vehicles_step_sim_4.csv;SUMO_carro_1000;HBEFA4/PC_petrol_Euro-6ab;Gasoline;1773509244;2026-03-14 17:27:24;2026-03-14 17:27:24;0,0;3,158202;2,540922;0,61728;49,983810791774886;115462,60292899999;607,953885;-114854,64904399999;-5,742732452199999;32,453239;9,506517;40,77564360647124;-73,96068698429804;40,77391239895499;-73,96190374515162;40,7788741;-73,9449784;40,7771751;-73,9460474;True;True;0xCDcF7b2a3352a32cc28FD35C3924f5BD542a25Ea;300;300;300;0;0,0;12,828319258318873;13,303327728915889;0,47500847059701634;302;0;300;0,0;False;0,003008625572149811;0,01604286996896978;2,0
69;vehicles_step_sim_4.csv;SUMO_carro_1000;HBEFA4/PC_petrol_Euro-6ab;Gasoline;1773509244;2026-03-14 17:27:24;2026-03-14 17:27:24;0,0;3,158202;2,540922;0,61728;49,983810791774886;115462,60292899999;607,953885;-114854,64904399999;-5,742732452199999;32,453239;9,506517;40,77564360647124;-73,96068698429804;40,77391239895499;-73,96190374515162;40,7917254;-73,9648118;40,7897945;-73,9662234;True;True;0xCDcF7b2a3352a32cc28FD35C3924f5BD542a25Ea;300;300;300;0;0,0;12,828319258318873;16,024453669481794;3,1961344111629213;302;0;300;0,0;False;0,01610983629478698;-0,0044229462903966925;2,0
70;vehicles_step_sim_4.csv;SUMO_carro_1000;HBEFA4/PC_petrol_Euro-6ab;Gasoline;1773509244;2026-03-14 17:27:24;2026-03-14 17:27:24;0,0;3,158202;2,540922;0,61728;49,983810791774886;115462,60292899999;607,953885;-114854,64904399999;-5,742732452199999;32,453239;9,506517;40,77564360647124;-73,96068698429804;40,77391239895499;-73,96190374515162;40,7711719;-73,9768108;40,7707855;-73,976129;True;True;0xCDcF7b2a3352a32cc28FD35C3924f5BD542a25Ea;300;300;300;0;0,0;12,828319258318873;16,397917221267992;3,5695979629491195;302;0;300;0,0;False;-0,0033156843381852968;-0,014780498751802425;2,0
71;vehicles_step_sim_4.csv;SUMO_carro_1000;HBEFA4/PC_petrol_Euro-6ab;Gasoline;1773509244;2026-03-14 17:27:24;2026-03-14 17:27:24;0,0;3,158202;2,540922;0,61728;49,983810791774886;115462,60292899999;607,953885;-114854,64904399999;-5,742732452199999;32,453239;9,506517;40,77564360647124;-73,96068698429804;40,77391239895499;-73,96190374515162;40,7843093;-73,9493179;40,7822168;-73,950216;True;True;0xCDcF7b2a3352a32cc28FD35C3924f5BD542a25Ea;300;300;300;0;0,0;12,828319258318873;12,77782869275435;-0,05049056556452314;302;0;300;0,0;False;0,008618300791328599;0,011427522339815413;2,0
72;vehicles_step_sim_4.csv;SUMO_carro_1000;HBEFA4/PC_petrol_Euro-6ab;Gasoline;1773509244;2026-03-14 17:27:24;2026-03-14 17:27:24;0,0;3,158202;2,540922;0,61728;49,983810791774886;115462,60292899999;607,953885;-114854,64904399999;-5,742732452199999;32,453239;9,506517;40,77564360647124;-73,96068698429804;40,77391239895499;-73,96190374515162;40,7745614;-73,9479567;40,7726561;-73,9493419;True;True;0xCDcF7b2a3352a32cc28FD35C3924f5BD542a25Ea;300;300;300;0;0,0;12,828319258318873;11,540976310550255;-1,287342947768618;302;0;300;0,0;False;-0,0014364539297861967;0,012831146514316388;2,0
73;vehicles_step_sim_4.csv;SUMO_carro_1000;HBEFA4/PC_petrol_Euro-6ab;Gasoline;1773509244;2026-03-14 17:27:24;2026-03-14 17:27:24;0,0;3,158202;2,540922;0,61728;49,983810791774886;115462,60292899999;607,953885;-114854,64904399999;-5,742732452199999;32,453239;9,506517;40,77564360647124;-73,96068698429804;40,77391239895499;-73,96190374515162;40,7891709;-73,9666796;40,7872811;-73,9680574;True;True;0xCDcF7b2a3352a32cc28FD35C3924f5BD542a25Ea;300;300;300;0;0,0;12,828319258318873;11,01256843350833;-1,815750824810543;302;0;300;0,0;False;0,01382784952911092;-0,006987429206907575;2,0
74;vehicles_step_sim_4.csv;SUMO_carro_1000;HBEFA4/PC_petrol_Euro-6ab;Gasoline;1773509244;2026-03-14 17:27:24;2026-03-14 17:27:24;0,0;3,158202;2,540922;0,61728;49,983810791774886;115462,60292899999;607,953885;-114854,64904399999;-5,742732452199999;32,453239;9,506517;40,77564360647124;-73,96068698429804;40,77391239895499;-73,96190374515162;40,7769362;-73,9434813;40,7751542;-73,9452696;True;True;0xCDcF7b2a3352a32cc28FD35C3924f5BD542a25Ea;300;300;300;0;0,0;12,828319258318873;10,074539952452776;-2,7537793058660966;302;0;300;0,0;False;0,0015591008873770862;0,016642094673934335;2,0
75;vehicles_step_sim_4.csv;SUMO_carro_1000;HBEFA4/PC_petrol_Euro-6ab;Gasoline;1773509244;2026-03-14 17:27:24;2026-03-14 17:27:24;0,0;3,158202;2,540922;0,61728;49,983810791774886;115462,60292899999;607,953885;-114854,64904399999;-5,742732452199999;32,453239;9,506517;40,77564360647124;-73,96068698429804;40,77391239895499;-73,96190374515162;40,7787904;-73,9779594;40,7774687;-73,9789236;True;True;0xCDcF7b2a3352a32cc28FD35C3924f5BD542a25Ea;300;300;300;0;0,0;12,828319258318873;13,004063075445883;0,17574381712701026;302;0;300;0,0;False;0,0034824485152031353;-0,01749252158628429;2,0
76;vehicles_step_sim_4.csv;SUMO_carro_1000;HBEFA4/PC_petrol_Euro-6ab;Gasoline;1773509244;2026-03-14 17:27:24;2026-03-14 17:27:24;0,0;3,158202;2,540922;0,61728;49,983810791774886;115462,60292899999;607,953885;-114854,64904399999;-5,742732452199999;32,453239;9,506517;40,77564360647124;-73,96068698429804;40,77391239895499;-73,96190374515162;40,7688306;-73,9720687;40,7689724;-73,9727106;True;True;0xCDcF7b2a3352a32cc28FD35C3924f5BD542a25Ea;300;300;300;0;0,0;12,828319258318873;15,61151019390639;2,783190935587518;302;0;300;0,0;False;-0,005651409701353807;-0,0110523976419626;2,0
77;vehicles_step_sim_4.csv;SUMO_carro_1000;HBEFA4/PC_petrol_Euro-6ab;Gasoline;1773509244;2026-03-14 17:27:24;2026-03-14 17:27:24;0,0;3,158202;2,540922;0,61728;49,983810791774886;115462,60292899999;607,953885;-114854,64904399999;-5,742732452199999;32,453239;9,506517;40,77564360647124;-73,96068698429804;40,77391239895499;-73,96190374515162;40,7794267;-73,9697586;40,7795446;-73,9701653;True;True;0xCDcF7b2a3352a32cc28FD35C3924f5BD542a25Ea;300;300;300;0;0,0;12,828319258318873;26,377728281425387;13,549409023106515;302;0;300;0,0;False;0,0045742949884733045;-0,00870219745427708;2,0
78;vehicles_step_sim_4.csv;SUMO_carro_1000;HBEFA4/PC_petrol_Euro-6ab;Gasoline;1773509244;2026-03-14 17:27:24;2026-03-14 17:27:24;0,0;3,158202;2,540922;0,61728;49,983810791774886;115462,60292899999;607,953885;-114854,64904399999;-5,742732452199999;32,453239;9,506517;40,77564360647124;-73,96068698429804;40,77391239895499;-73,96190374515162;40,7705849;-73,9684042;40,7688155;-73,970592;True;True;0xCDcF7b2a3352a32cc28FD35C3924f5BD542a25Ea;300;300;300;0;0,0;12,828319258318873;12,9542232167273;0,12590395840842739;302;0;300;0,0;False;-0,00451098337663764;-0,008601563907712901;2,0
79;vehicles_step_sim_4.csv;SUMO_carro_1000;HBEFA4/PC_petrol_Euro-6ab;Gasoline;1773509244;2026-03-14 17:27:24;2026-03-14 17:27:24;0,0;3,158202;2,540922;0,61728;49,983810791774886;115462,60292899999;607,953885;-114854,64904399999;-5,742732452199999;32,453239;9,506517;40,77564360647124;-73,96068698429804;40,77391239895499;-73,96190374515162;40,782628;-73,9453626;40,7807547;-73,946718;True;True;0xCDcF7b2a3352a32cc28FD35C3924f5BD542a25Ea;300;300;300;0;0,0;12,828319258318873;12,228907267324526;-0,5994119909943461;302;0;300;0,0;False;0,007046781337875244;0,015021958396610973;2,0
80;vehicles_step_sim_4.csv;SUMO_carro_1000;HBEFA4/PC_petrol_Euro-6ab;Gasoline;1773509244;2026-03-14 17:27:24;2026-03-14 17:27:24;0,0;3,158202;2,540922;0,61728;49,983810791774886;115462,60292899999;607,953885;-114854,64904399999;-5,742732452199999;32,453239;9,506517;40,77564360647124;-73,96068698429804;40,77391239895499;-73,96190374515162;40,7699024;-73,9747411;40,7694382;-73,9740009;True;True;0xCDcF7b2a3352a32cc28FD35C3924f5BD542a25Ea;300;300;300;0;0,0;12,828319258318873;13,878077296133332;1,0497580378144598;302;0;300;0,0;False;-0,0036172953834449364;-0,011295009261773622;2,0
81;vehicles_step_sim_4.csv;SUMO_carro_1000;HBEFA4/PC_petrol_Euro-6ab;Gasoline;1773509244;2026-03-14 17:27:24;2026-03-14 17:27:24;0,0;3,158202;2,540922;0,61728;49,983810791774886;115462,60292899999;607,953885;-114854,64904399999;-5,742732452199999;32,453239;9,506517;40,77564360647124;-73,96068698429804;40,77391239895499;-73,96190374515162;40,7705849;-73,9684042;40,7691263;-73,9732596;True;True;0xCDcF7b2a3352a32cc28FD35C3924f5BD542a25Ea;300;300;300;0;0,0;12,828319258318873;10,475087029339166;-2,3532322289797065;302;0;300;0,0;False;-0,0035721873003555504;-0,010691872833266027;2,0
82;vehicles_step_sim_4.csv;SUMO_carro_1000;HBEFA4/PC_petrol_Euro-6ab;Gasoline;1773509244;2026-03-14 17:27:24;2026-03-14 17:27:24;0,0;3,158202;2,540922;0,61728;49,983810791774886;115462,60292899999;607,953885;-114854,64904399999;-5,742732452199999;32,453239;9,506517;40,77564360647124;-73,96068698429804;40,77391239895499;-73,96190374515162;40,7840871;-73,9585567;40,7828558;-73,9636328;True;True;0xCDcF7b2a3352a32cc28FD35C3924f5BD542a25Ea;300;300;300;0;0,0;12,828319258318873;11,584398081559314;-1,2439211767595584;302;0;300;0,0;False;0,00929313055583396;3,507203865993436e-05;2,0
83;vehicles_step_sim_4.csv;SUMO_carro_1000;HBEFA4/PC_petrol_Euro-6ab;Gasoline;1773509244;2026-03-14 17:27:24;2026-03-14 17:27:24;0,0;3,158202;2,540922;0,61728;49,983810791774886;115462,60292899999;607,953885;-114854,64904399999;-5,742732452199999;32,453239;9,506517;40,77564360647124;-73,96068698429804;40,77391239895499;-73,96190374515162;40,7738311;-73,9660279;40,7723686;-73,9670914;True;True;0xCDcF7b2a3352a32cc28FD35C3924f5BD542a25Ea;300;300;300;0;0,0;12,828319258318873;13,238997808429323;0,4106785501104504;302;0;300;0,0;False;-0,0016559235459795213;-0,00526232599987986;2,0
84;vehicles_step_sim_4.csv;SUMO_carro_1000;HBEFA4/PC_petrol_Euro-6ab;Gasoline;1773509244;2026-03-14 17:27:24;2026-03-14 17:27:24;0,0;3,158202;2,540922;0,61728;49,983810791774886;115462,60292899999;607,953885;-114854,64904399999;-5,742732452199999;32,453239;9,506517;40,77564360647124;-73,96068698429804;40,77391239895499;-73,96190374515162;40,7878116;-73,9476009;40,7859595;-73,9487791;True;True;0xCDcF7b2a3352a32cc28FD35C3924f5BD542a25Ea;300;300;300;0;0,0;12,828319258318873;13,087601642696761;0,2592823843778884;302;0;300;0,0;False;0,012300462159583279;0,013058460640572207;2,0
85;vehicles_step_sim_4.csv;SUMO_carro_1000;HBEFA4/PC_petrol_Euro-6ab;Gasoline;1773509244;2026-03-14 17:27:24;2026-03-14 17:27:24;0,0;3,158202;2,540922;0,61728;49,983810791774886;115462,60292899999;607,953885;-114854,64904399999;-5,742732452199999;32,453239;9,506517;40,77564360647124;-73,96068698429804;40,77391239895499;-73,96190374515162;40,7765182;-73,9757504;40,7749695;-73,9770367;True;True;0xCDcF7b2a3352a32cc28FD35C3924f5BD542a25Ea;300;300;300;0;0,0;12,828319258318873;12,842431165563276;0,01411190724440381;302;0;300;0,0;False;0,0010143942162036126;-0,015122271551809648;2,0
86;vehicles_step_sim_4.csv;SUMO_carro_1000;HBEFA4/PC_petrol_Euro-6ab;Gasoline;1773509244;2026-03-14 17:27:24;2026-03-14 17:27:24;0,0;3,158202;2,540922;0,61728;49,983810791774886;115462,60292899999;607,953885;-114854,64904399999;-5,742732452199999;32,453239;9,506517;40,77564360647124;-73,96068698429804;40,77391239895499;-73,96190374515162;40,7628335;-73,9492222;40,7607257;-73,9511242;True;True;0xCDcF7b2a3352a32cc28FD35C3924f5BD542a25Ea;300;300;300;0;0,0;12,828319258318873;9,99214894114988;-2,8361703171689925;302;0;300;0,0;False;-0,012081468435147406;0,009653193179134684;2,0
87;vehicles_step_sim_4.csv;SUMO_carro_1000;HBEFA4/PC_petrol_Euro-6ab;Gasoline;1773509244;2026-03-14 17:27:24;2026-03-14 17:27:24;0,0;3,158202;2,540922;0,61728;49,983810791774886;115462,60292899999;607,953885;-114854,64904399999;-5,742732452199999;32,453239;9,506517;40,77564360647124;-73,96068698429804;40,77391239895499;-73,96190374515162;40,7733897;-73,9442543;40,7719111;-73,9459011;True;True;0xCDcF7b2a3352a32cc28FD35C3924f5BD542a25Ea;300;300;300;0;0,0;12,828319258318873;8,407773148019151;-4,420546110299721;302;0;300;0,0;False;-0,00195930588622182;0,016125504278770728;2,0
88;vehicles_step_sim_4.csv;SUMO_carro_1000;HBEFA4/PC_petrol_Euro-6ab;Gasoline;1773509244;2026-03-14 17:27:24;2026-03-14 17:27:24;0,0;3,158202;2,540922;0,61728;49,983810791774886;115462,60292899999;607,953885;-114854,64904399999;-5,742732452199999;32,453239;9,506517;40,77564360647124;-73,96068698429804;40,77391239895499;-73,96190374515162;40,7866008;-73,9547636;40,7847174;-73,9561462;True;True;0xCDcF7b2a3352a32cc28FD35C3924f5BD542a25Ea;300;300;300;0;0,0;12,828319258318873;12,431581733047954;-0,3967375252709182;302;0;300;0,0;False;0,010922934205941051;0,005455335010833499;2,0
89;vehicles_step_sim_4.csv;SUMO_carro_1000;HBEFA4/PC_petrol_Euro-6ab;Gasoline;1773509244;2026-03-14 17:27:24;2026-03-14 17:27:24;0,0;3,158202;2,540922;0,61728;49,983810791774886;115462,60292899999;607,953885;-114854,64904399999;-5,742732452199999;32,453239;9,506517;40,77564360647124;-73,96068698429804;40,77391239895499;-73,96190374515162;40,7639358;-73,953183;40,7623056;-73,9545702;True;True;0xCDcF7b2a3352a32cc28FD35C3924f5BD542a25Ea;300;300;300;0;0,0;12,828319258318873;14,99465837608469;2,1663391177658173;302;0;300;0,0;False;-0,012152018279503376;0,008098941647580292;2,0
90;vehicles_step_sim_4.csv;SUMO_carro_1000;HBEFA4/PC_petrol_Euro-6ab;Gasoline;1773509244;2026-03-14 17:27:24;2026-03-14 17:27:24;0,0;3,158202;2,540922;0,61728;49,983810791774886;115462,60292899999;607,953885;-114854,64904399999;-5,742732452199999;32,453239;9,506517;40,77564360647124;-73,96068698429804;40,77391239895499;-73,96190374515162;40,7667723;-73,9692542;40,76514;-73,9712027;True;True;0xCDcF7b2a3352a32cc28FD35C3924f5BD542a25Ea;300;300;300;0;0,0;12,828319258318873;13,802359368734045;0,9740401104151726;302;0;300;0,0;False;-0,008987649836437654;-0,00920167750245203;2,0
91;vehicles_step_sim_4.csv;SUMO_carro_1000;HBEFA4/PC_petrol_Euro-6ab;Gasoline;1773509244;2026-03-14 17:27:24;2026-03-14 17:27:24;0,0;3,158202;2,540922;0,61728;49,983810791774886;115462,60292899999;607,953885;-114854,64904399999;-5,742732452199999;32,453239;9,506517;40,77564360647124;-73,96068698429804;40,77391239895499;-73,96190374515162;40,7751077;-73,9512317;40,7739729;-73,9524629;True;True;0xCDcF7b2a3352a32cc28FD35C3924f5BD542a25Ea;300;300;300;0;0,0;12,828319258318873;12,185763336320798;-0,6425559219980741;302;0;300;0,0;False;6,842807689882298e-05;0,009324396692476864;2,0
92;vehicles_step_sim_4.csv;SUMO_carro_1000;HBEFA4/PC_petrol_Euro-6ab;Gasoline;1773509244;2026-03-14 17:27:24;2026-03-14 17:27:24;0,0;3,158202;2,540922;0,61728;49,983810791774886;115462,60292899999;607,953885;-114854,64904399999;-5,742732452199999;32,453239;9,506517;40,77564360647124;-73,96068698429804;40,77391239895499;-73,96190374515162;40,771713;-73,953324;40,7698264;-73,9547063;True;True;0xCDcF7b2a3352a32cc28FD35C3924f5BD542a25Ea;300;300;300;0;0,0;12,828319258318873;13,39688263895817;0,5685633806392971;302;0;300;0,0;False;-0,003926136294244308;0,007051075159459519;2,0
93;vehicles_step_sim_4.csv;SUMO_carro_1000;HBEFA4/PC_petrol_Euro-6ab;Gasoline;1773509244;2026-03-14 17:27:24;2026-03-14 17:27:24;0,0;3,158202;2,540922;0,61728;49,983810791774886;115462,60292899999;607,953885;-114854,64904399999;-5,742732452199999;32,453239;9,506517;40,77564360647124;-73,96068698429804;40,77391239895499;-73,96190374515162;40,778963;-73,9582198;40,7775838;-73,9592274;True;True;0xCDcF7b2a3352a32cc28FD35C3924f5BD542a25Ea;300;300;300;0;0,0;12,828319258318873;13,865467136192507;1,0371478778736343;302;0;300;0,0;False;0,0034935510693454223;0,0024926307944333507;2,0
94;vehicles_step_sim_4.csv;SUMO_carro_1000;HBEFA4/PC_petrol_Euro-6ab;Gasoline;1773509244;2026-03-14 17:27:24;2026-03-14 17:27:24;0,0;3,158202;2,540922;0,61728;49,983810791774886;115462,60292899999;607,953885;-114854,64904399999;-5,742732452199999;32,453239;9,506517;40,77564360647124;-73,96068698429804;40,77391239895499;-73,96190374515162;40,7872934;-73,9678961;40,7846658;-73,9675276;True;True;0xCDcF7b2a3352a32cc28FD35C3924f5BD542a25Ea;300;300;300;0;0,0;12,828319258318873;16,984322504374788;4,156003246055915;302;0;300;0,0;False;0,010964496320585625;-0,005435779074644279;2,0
95;vehicles_step_sim_4.csv;SUMO_carro_1000;HBEFA4/PC_petrol_Euro-6ab;Gasoline;1773509244;2026-03-14 17:27:24;2026-03-14 17:27:24;0,0;3,158202;2,540922;0,61728;49,983810791774886;115462,60292899999;607,953885;-114854,64904399999;-5,742732452199999;32,453239;9,506517;40,77564360647124;-73,96068698429804;40,77391239895499;-73,96190374515162;40,7661763;-73,9510389;40,7628335;-73,9492222;True;True;0xCDcF7b2a3352a32cc28FD35C3924f5BD542a25Ea;300;300;300;0;0,0;12,828319258318873;12,519431589158915;-0,308887669159958;302;0;300;0,0;False;-0,01046945267344063;0,011211880955923275;2,0
96;vehicles_step_sim_4.csv;SUMO_carro_1000;HBEFA4/PC_petrol_Euro-6ab;Gasoline;1773509244;2026-03-14 17:27:24;2026-03-14 17:27:24;0,0;3,158202;2,540922;0,61728;49,983810791774886;115462,60292899999;607,953885;-114854,64904399999;-5,742732452199999;32,453239;9,506517;40,77564360647124;-73,96068698429804;40,77391239895499;-73,96190374515162;40,7891218;-73,9665628;40,7872934;-73,9678961;True;True;0xCDcF7b2a3352a32cc28FD35C3924f5BD542a25Ea;300;300;300;0;0,0;12,828319258318873;11,79352800100796;-1,0347912573109124;302;0;300;0,0;False;0,01252093359447311;-0,003486523058810981;2,0
97;vehicles_step_sim_4.csv;SUMO_carro_1000;HBEFA4/PC_petrol_Euro-6ab;Gasoline;1773509244;2026-03-14 17:27:24;2026-03-14 17:27:24;0,0;3,158202;2,540922;0,61728;49,983810791774886;115462,60292899999;607,953885;-114854,64904399999;-5,742732452199999;32,453239;9,506517;40,77564360647124;-73,96068698429804;40,77391239895499;-73,96190374515162;40,7662372;-73,9543678;40,7644873;-73,9560727;True;True;0xCDcF7b2a3352a32cc28FD35C3924f5BD542a25Ea;300;300;300;0;0,0;12,828319258318873;11,33671303243091;-1,4916062258879617;302;0;300;0,0;False;-0,0092423941769644;0,005584608828221787;2,0
98;vehicles_step_sim_4.csv;SUMO_carro_1000;HBEFA4/PC_petrol_Euro-6ab;Gasoline;1773509244;2026-03-14 17:27:24;2026-03-14 17:27:24;0,0;3,158202;2,540922;0,61728;49,983810791774886;115462,60292899999;607,953885;-114854,64904399999;-5,742732452199999;32,453239;9,506517;40,77564360647124;-73,96068698429804;40,77391239895499;-73,96190374515162;40,7726029;-73,9554236;40,7707101;-73,9568088;True;True;0xCDcF7b2a3352a32cc28FD35C3924f5BD542a25Ea;300;300;300;0;0,0;12,828319258318873;14,301321386275767;1,4730021279568941;302;0;300;0,0;False;-0,003523707680567414;0,005661069503442534;2,0
99;vehicles_step_sim_4.csv;SUMO_carro_1000;HBEFA4/PC_petrol_Euro-6ab;Gasoline;1773509244;2026-03-14 17:27:24;2026-03-14 17:27:24;0,0;3,158202;2,540922;0,61728;49,983810791774886;115462,60292899999;607,953885;-114854,64904399999;-5,742732452199999;32,453239;9,506517;40,77564360647124;-73,96068698429804;40,77391239895499;-73,96190374515162;40,7790791;-73,9688949;40,7789505;-73,968591;True;True;0xCDcF7b2a3352a32cc28FD35C3924f5BD542a25Ea;300;300;300;0;0,0;12,828319258318873;20,018205328779324;7,189886070460451;302;0;300;0,0;False;0,004417182026635199;-0,007335355971181812;2,0
100;vehicles_step_sim_4.csv;SUMO_carro_1000;HBEFA4/PC_petrol_Euro-6ab;Gasoline;1773509244;2026-03-14 17:27:24;2026-03-14 17:27:24;0,0;3,158202;2,540922;0,61728;49,983810791774886;115462,60292899999;607,953885;-114854,64904399999;-5,742732452199999;32,453239;9,506517;40,77564360647124;-73,96068698429804;40,77391239895499;-73,96190374515162;40,7698095;-73,9607526;40,7678735;-73,9621597;True;True;0xCDcF7b2a3352a32cc28FD35C3924f5BD542a25Ea;300;300;300;0;0,0;12,828319258318873;12,158144767071366;-0,670174491247506;302;0;300;0,0;False;-0,005879944021527554;-0,0003370684560997626;2,0
1;vehicles_step_sim_8.csv;SUMO_carro_1000;HBEFA4/PC_petrol_Euro-6ab;Gasoline;1773509248;2026-03-14 17:27:28;2026-03-14 17:27:29;1,0;3,059887;3,059887;0,0;48,38354952727273;111765,999408;589,0282474999999;-111176,9711605;-5,558848558025;33,592971000000006;9,43776;40,77564360647124;-73,96068698429804;40,77419824467482;-73,96114108863082;40,7601008;-73,9572641;40,7569063;-73,9555509;True;True;0xCDcF7b2a3352a32cc28FD35C3924f5BD542a25Ea;299;299;299;0;0,0;9,770852033547518;9,714938380738918;-0,05591365280860039;301;0;299;0,0;False;-0,016408051705509647;0,004308288007320377;2,0
2;vehicles_step_sim_8.csv;SUMO_carro_1000;HBEFA4/PC_petrol_Euro-6ab;Gasoline;1773509248;2026-03-14 17:27:28;2026-03-14 17:27:29;1,0;3,059887;3,059887;0,0;48,38354952727273;111765,999408;589,0282474999999;-111176,9711605;-5,558848558025;33,592971000000006;9,43776;40,77564360647124;-73,96068698429804;40,77419824467482;-73,96114108863082;40,7711605;-73,9636478;40,7697112;-73,9645868;True;True;0xCDcF7b2a3352a32cc28FD35C3924f5BD542a25Ea;299;299;299;0;0,0;9,770852033547518;9,81363820532476;0,04278617177724264;301;0;299;0,0;False;-0,004452835275153454;-0,002790864890714369;2,0
3;vehicles_step_sim_8.csv;SUMO_carro_1000;HBEFA4/PC_petrol_Euro-6ab;Gasoline;1773509248;2026-03-14 17:27:28;2026-03-14 17:27:29;1,0;3,059887;3,059887;0,0;48,38354952727273;111765,999408;589,0282474999999;-111176,9711605;-5,558848558025;33,592971000000006;9,43776;40,77564360647124;-73,96068698429804;40,77419824467482;-73,96114108863082;40,7890968;-73,9528043;40,7878499;-73,953713;True;True;0xCDcF7b2a3352a32cc28FD35C3924f5BD542a25Ea;299;299;299;0;0,0;9,770852033547518;10,942853324031985;1,1720012904844666;301;0;299;0,0;False;0,01346451611881338;0,007244521923536448;2,0
4;vehicles_step_sim_8.csv;SUMO_carro_1000;HBEFA4/PC_petrol_Euro-6ab;Gasoline;1773509248;2026-03-14 17:27:28;2026-03-14 17:27:29;1,0;3,059887;3,059887;0,0;48,38354952727273;111765,999408;589,0282474999999;-111176,9711605;-5,558848558025;33,592971000000006;9,43776;40,77564360647124;-73,96068698429804;40,77419824467482;-73,96114108863082;40,7670677;-73,9503358;40,7655276;-73,9516205;True;True;0xCDcF7b2a3352a32cc28FD35C3924f5BD542a25Ea;299;299;299;0;0,0;9,770852033547518;13,043192427071734;3,2723403935242157;301;0;299;0,0;False;-0,00892746391626057;0,010910993171714393;2,0
5;vehicles_step_sim_8.csv;SUMO_carro_1000;HBEFA4/PC_petrol_Euro-6ab;Gasoline;1773509248;2026-03-14 17:27:28;2026-03-14 17:27:29;1,0;3,059887;3,059887;0,0;48,38354952727273;111765,999408;589,0282474999999;-111176,9711605;-5,558848558025;33,592971000000006;9,43776;40,77564360647124;-73,96068698429804;40,77419824467482;-73,96114108863082;40,7608069;-73,9609284;40,7591778;-73,9609164;True;True;0xCDcF7b2a3352a32cc28FD35C3924f5BD542a25Ea;299;299;299;0;0,0;9,770852033547518;9,739762140368743;-0,031089893178775085;301;0;299;0,0;False;-0,0150076381767114;-9,82677883544918e-06;2,0
6;vehicles_step_sim_8.csv;SUMO_carro_1000;HBEFA4/PC_petrol_Euro-6ab;Gasoline;1773509248;2026-03-14 17:27:28;2026-03-14 17:27:29;1,0;3,059887;3,059887;0,0;48,38354952727273;111765,999408;589,0282474999999;-111176,9711605;-5,558848558025;33,592971000000006;9,43776;40,77564360647124;-73,96068698429804;40,77419824467482;-73,96114108863082;40,7829534;-73,9441873;40,7815886;-73,9444784;True;True;0xCDcF7b2a3352a32cc28FD35C3924f5BD542a25Ea;299;299;299;0;0,0;9,770852033547518;9,439235533276557;-0,331616500270961;301;0;299;0,0;False;0,007375705464536502;0,016278475325669124;2,0
7;vehicles_step_sim_8.csv;SUMO_carro_1000;HBEFA4/PC_petrol_Euro-6ab;Gasoline;1773509248;2026-03-14 17:27:28;2026-03-14 17:27:29;1,0;3,059887;3,059887;0,0;48,38354952727273;111765,999408;589,0282474999999;-111176,9711605;-5,558848558025;33,592971000000006;9,43776;40,77564360647124;-73,96068698429804;40,77419824467482;-73,96114108863082;40,7844876;-73,973476;40,7826188;-73,9730915;True;True;0xCDcF7b2a3352a32cc28FD35C3924f5BD542a25Ea;299;299;299;0;0,0;9,770852033547518;8,120184355035956;-1,650667678511562;301;0;299;0,0;False;0,008648336084004045;-0,011606254749717906;2,0
8;vehicles_step_sim_8.csv;SUMO_carro_1000;HBEFA4/PC_petrol_Euro-6ab;Gasoline;1773509248;2026-03-14 17:27:28;2026-03-14 17:27:29;1,0;3,059887;3,059887;0,0;48,38354952727273;111765,999408;589,0282474999999;-111176,9711605;-5,558848558025;33,592971000000006;9,43776;40,77564360647124;-73,96068698429804;40,77419824467482;-73,96114108863082;40,7843236;-73,9669425;40,7841599;-73,9665726;True;True;0xCDcF7b2a3352a32cc28FD35C3924f5BD542a25Ea;299;299;299;0;0,0;9,770852033547518;21,665770012733162;11,894917979185644;301;0;299;0,0;False;0,00856130822125234;-0,006382051958653477;2,0
9;vehicles_step_sim_8.csv;SUMO_carro_1000;HBEFA4/PC_petrol_Euro-6ab;Gasoline;1773509248;2026-03-14 17:27:28;2026-03-14 17:27:29;1,0;3,059887;3,059887;0,0;48,38354952727273;111765,999408;589,0282474999999;-111176,9711605;-5,558848558025;33,592971000000006;9,43776;40,77564360647124;-73,96068698429804;40,77419824467482;-73,96114108863082;40,7805668;-73,9617562;40,7788968;-73,9623363;True;True;0xCDcF7b2a3352a32cc28FD35C3924f5BD542a25Ea;299;299;299;0;0,0;9,770852033547518;10,323599443488273;0,5527474099407552;301;0;299;0,0;False;0,004546515353162665;-0,0014218995305534078;2,0
10;vehicles_step_sim_8.csv;SUMO_carro_1000;HBEFA4/PC_petrol_Euro-6ab;Gasoline;1773509248;2026-03-14 17:27:28;2026-03-14 17:27:29;1,0;3,059887;3,059887;0,0;48,38354952727273;111765,999408;589,0282474999999;-111176,9711605;-5,558848558025;33,592971000000006;9,43776;40,77564360647124;-73,96068698429804;40,77419824467482;-73,96114108863082;40,7902971;-73,9519272;40,7888815;-73,9520285;True;True;0xCDcF7b2a3352a32cc28FD35C3924f5BD542a25Ea;299;299;299;0;0,0;9,770852033547518;10,616804821749678;0,84595278820216;301;0;299;0,0;False;0,014545181375958938;0,00892984123774358;2,0
11;vehicles_step_sim_8.csv;SUMO_carro_1000;HBEFA4/PC_petrol_Euro-6ab;Gasoline;1773509248;2026-03-14 17:27:28;2026-03-14 17:27:29;1,0;3,059887;3,059887;0,0;48,38354952727273;111765,999408;589,0282474999999;-111176,9711605;-5,558848558025;33,592971000000006;9,43776;40,77564360647124;-73,96068698429804;40,77419824467482;-73,96114108863082;40,7866547;-73,9566778;40,7854008;-73,9575948;True;True;0xCDcF7b2a3352a32cc28FD35C3924f5BD542a25Ea;299;299;299;0;0,0;9,770852033547518;7,206170445658765;-2,564681587888753;301;0;299;0,0;False;0,012134963507494023;0,001749191494508333;2,0
12;vehicles_step_sim_8.csv;SUMO_carro_1000;HBEFA4/PC_petrol_Euro-6ab;Gasoline;1773509248;2026-03-14 17:27:28;2026-03-14 17:27:29;1,0;3,059887;3,059887;0,0;48,38354952727273;111765,999408;589,0282474999999;-111176,9711605;-5,558848558025;33,592971000000006;9,43776;40,77564360647124;-73,96068698429804;40,77419824467482;-73,96114108863082;40,7692704;-73,9674089;40,7680352;-73,9681662;True;True;0xCDcF7b2a3352a32cc28FD35C3924f5BD542a25Ea;299;299;299;0;0,0;9,770852033547518;10,550416516584495;0,7795644830369763;301;0;299;0,0;False;-0,006038244945219165;-0,006902331859039488;2,0
13;vehicles_step_sim_8.csv;SUMO_carro_1000;HBEFA4/PC_petrol_Euro-6ab;Gasoline;1773509248;2026-03-14 17:27:28;2026-03-14 17:27:29;1,0;3,059887;3,059887;0,0;48,38354952727273;111765,999408;589,0282474999999;-111176,9711605;-5,558848558025;33,592971000000006;9,43776;40,77564360647124;-73,96068698429804;40,77419824467482;-73,96114108863082;40,7742368;-73,9511293;40,7728341;-73,9517381;True;True;0xCDcF7b2a3352a32cc28FD35C3924f5BD542a25Ea;299;299;299;0;0,0;9,770852033547518;10,730902104753074;0,960050071205556;301;0;299;0,0;False;-0,001369573174855292;0,00984295923092916;2,0
14;vehicles_step_sim_8.csv;SUMO_carro_1000;HBEFA4/PC_petrol_Euro-6ab;Gasoline;1773509248;2026-03-14 17:27:28;2026-03-14 17:27:29;1,0;3,059887;3,059887;0,0;48,38354952727273;111765,999408;589,0282474999999;-111176,9711605;-5,558848558025;33,592971000000006;9,43776;40,77564360647124;-73,96068698429804;40,77419824467482;-73,96114108863082;40,7845319;-73,953917;40,7832911;-73,9546767;True;True;0xCDcF7b2a3352a32cc28FD35C3924f5BD542a25Ea;299;299;299;0;0,0;9,770852033547518;10,027932480849973;0,25708044730245483;301;0;299;0,0;False;0,008614576177625222;0,006832565910921972;2,0
15;vehicles_step_sim_8.csv;SUMO_carro_1000;HBEFA4/PC_petrol_Euro-6ab;Gasoline;1773509248;2026-03-14 17:27:28;2026-03-14 17:27:29;1,0;3,059887;3,059887;0,0;48,38354952727273;111765,999408;589,0282474999999;-111176,9711605;-5,558848558025;33,592971000000006;9,43776;40,77564360647124;-73,96068698429804;40,77419824467482;-73,96114108863082;40,7602564;-73,9576831;40,7590118;-73,9583867;True;True;0xCDcF7b2a3352a32cc28FD35C3924f5BD542a25Ea;299;299;299;0;0,0;9,770852033547518;11,599283588656077;1,8284315551085584;301;0;299;0,0;False;-0,015337647186127434;0,002979903445320389;2,0
16;vehicles_step_sim_8.csv;SUMO_carro_1000;HBEFA4/PC_petrol_Euro-6ab;Gasoline;1773509248;2026-03-14 17:27:28;2026-03-14 17:27:29;1,0;3,059887;3,059887;0,0;48,38354952727273;111765,999408;589,0282474999999;-111176,9711605;-5,558848558025;33,592971000000006;9,43776;40,77564360647124;-73,96068698429804;40,77419824467482;-73,96114108863082;40,7736386;-73,9497104;40,7721324;-73,9500658;True;True;0xCDcF7b2a3352a32cc28FD35C3924f5BD542a25Ea;299;299;299;0;0,0;9,770852033547518;10,620307085877824;0,8494550523303062;301;0;299;0,0;False;-0,0018523012417933366;0,010781991244802794;2,0
17;vehicles_step_sim_8.csv;SUMO_carro_1000;HBEFA4/PC_petrol_Euro-6ab;Gasoline;1773509248;2026-03-14 17:27:28;2026-03-14 17:27:29;1,0;3,059887;3,059887;0,0;48,38354952727273;111765,999408;589,0282474999999;-111176,9711605;-5,558848558025;33,592971000000006;9,43776;40,77564360647124;-73,96068698429804;40,77419824467482;-73,96114108863082;40,7853911;-73,9497778;40,7840033;-73,9505221;True;True;0xCDcF7b2a3352a32cc28FD35C3924f5BD542a25Ea;299;299;299;0;0,0;9,770852033547518;9,076545965447297;-0,6943060681002216;301;0;299;0,0;False;0,00987953697616503;0,01071176378067473;2,0
18;vehicles_step_sim_8.csv;SUMO_carro_1000;HBEFA4/PC_petrol_Euro-6ab;Gasoline;1773509248;2026-03-14 17:27:28;2026-03-14 17:27:29;1,0;3,059887;3,059887;0,0;48,38354952727273;111765,999408;589,0282474999999;-111176,9711605;-5,558848558025;33,592971000000006;9,43776;40,77564360647124;-73,96068698429804;40,77419824467482;-73,96114108863082;40,7608643;-73,9591089;40,759589;-73,9590516;True;True;0xCDcF7b2a3352a32cc28FD35C3924f5BD542a25Ea;299;299;299;0;0,0;9,770852033547518;13,528786266638535;3,7579342330910173;301;0;299;0,0;False;-0,014465352056519035;0,0018713138270795783;2,0
19;vehicles_step_sim_8.csv;SUMO_carro_1000;HBEFA4/PC_petrol_Euro-6ab;Gasoline;1773509248;2026-03-14 17:27:28;2026-03-14 17:27:29;1,0;3,059887;3,059887;0,0;48,38354952727273;111765,999408;589,0282474999999;-111176,9711605;-5,558848558025;33,592971000000006;9,43776;40,77564360647124;-73,96068698429804;40,77419824467482;-73,96114108863082;40,7704772;-73,9756095;40,7699024;-73,9747411;True;True;0xCDcF7b2a3352a32cc28FD35C3924f5BD542a25Ea;299;299;299;0;0,0;9,770852033547518;18,25489740292798;8,484045369380462;301;0;299;0,0;False;-0,005071057989886251;-0,014304355661615977;2,0
20;vehicles_step_sim_8.csv;SUMO_carro_1000;HBEFA4/PC_petrol_Euro-6ab;Gasoline;1773509248;2026-03-14 17:27:28;2026-03-14 17:27:29;1,0;3,059887;3,059887;0,0;48,38354952727273;111765,999408;589,0282474999999;-111176,9711605;-5,558848558025;33,592971000000006;9,43776;40,77564360647124;-73,96068698429804;40,77419824467482;-73,96114108863082;40,7848792;-73,9680177;40,784755;-73,9676972;True;True;0xCDcF7b2a3352a32cc28FD35C3924f5BD542a25Ea;299;299;299;0;0,0;9,770852033547518;11,944251616219383;2,1733995826718644;301;0;299;0,0;False;0,010145754858232624;-0,006879904801862466;2,0
21;vehicles_step_sim_8.csv;SUMO_carro_1000;HBEFA4/PC_petrol_Euro-6ab;Gasoline;1773509248;2026-03-14 17:27:28;2026-03-14 17:27:29;1,0;3,059887;3,059887;0,0;48,38354952727273;111765,999408;589,0282474999999;-111176,9711605;-5,558848558025;33,592971000000006;9,43776;40,77564360647124;-73,96068698429804;40,77419824467482;-73,96114108863082;40,7654467;-73,9678447;40,7640609;-73,9686408;True;True;0xCDcF7b2a3352a32cc28FD35C3924f5BD542a25Ea;299;299;299;0;0,0;9,770852033547518;10,236194601254809;0,46534256770729066;301;0;299;0,0;False;-0,010155646778098652;-0,006941371753398769;2,0
22;vehicles_step_sim_8.csv;SUMO_carro_1000;HBEFA4/PC_petrol_Euro-6ab;Gasoline;1773509248;2026-03-14 17:27:28;2026-03-14 17:27:29;1,0;3,059887;3,059887;0,0;48,38354952727273;111765,999408;589,0282474999999;-111176,9711605;-5,558848558025;33,592971000000006;9,43776;40,77564360647124;-73,96068698429804;40,77419824467482;-73,96114108863082;40,7906607;-73,9606436;40,7904622;-73,960301;True;True;0xCDcF7b2a3352a32cc28FD35C3924f5BD542a25Ea;299;299;299;0;0,0;9,770852033547518;29,089761571982613;19,318909538435094;301;0;299;0,0;False;0,013829465306143516;-0,0012902754880462104;2,0
23;vehicles_step_sim_8.csv;SUMO_carro_1000;HBEFA4/PC_petrol_Euro-6ab;Gasoline;1773509248;2026-03-14 17:27:28;2026-03-14 17:27:29;1,0;3,059887;3,059887;0,0;48,38354952727273;111765,999408;589,0282474999999;-111176,9711605;-5,558848558025;33,592971000000006;9,43776;40,77564360647124;-73,96068698429804;40,77419824467482;-73,96114108863082;40,7673109;-73,9685525;40,766155;-73,9677772;True;True;0xCDcF7b2a3352a32cc28FD35C3924f5BD542a25Ea;299;299;299;0;0,0;9,770852033547518;8,368297389095739;-1,4025546444517794;301;0;299;0,0;False;-0,008211488414841492;-0,007235222504700346;2,0
24;vehicles_step_sim_8.csv;SUMO_carro_1000;HBEFA4/PC_petrol_Euro-6ab;Gasoline;1773509248;2026-03-14 17:27:28;2026-03-14 17:27:29;1,0;3,059887;3,059887;0,0;48,38354952727273;111765,999408;589,0282474999999;-111176,9711605;-5,558848558025;33,592971000000006;9,43776;40,77564360647124;-73,96068698429804;40,77419824467482;-73,96114108863082;40,7658299;-73,9553874;40,7648729;-73,9552016;True;True;0xCDcF7b2a3352a32cc28FD35C3924f5BD542a25Ea;299;299;299;0;0,0;9,770852033547518;8,352886515069232;-1,4179655184782867;301;0;299;0,0;False;-0,009472783785834939;0,00560564842497362;2,0
25;vehicles_step_sim_8.csv;SUMO_carro_1000;HBEFA4/PC_petrol_Euro-6ab;Gasoline;1773509248;2026-03-14 17:27:28;2026-03-14 17:27:29;1,0;3,059887;3,059887;0,0;48,38354952727273;111765,999408;589,0282474999999;-111176,9711605;-5,558848558025;33,592971000000006;9,43776;40,77564360647124;-73,96068698429804;40,77419824467482;-73,96114108863082;40,765814;-73,9572751;40,7632726;-73,9570608;True;True;0xCDcF7b2a3352a32cc28FD35C3924f5BD542a25Ea;299;299;299;0;0,0;9,770852033547518;11,022653455766024;1,2518014222185059;301;0;299;0,0;False;-0,010375862729753058;0,0039043547657838305;2,0
26;vehicles_step_sim_8.csv;SUMO_carro_1000;HBEFA4/PC_petrol_Euro-6ab;Gasoline;1773509248;2026-03-14 17:27:28;2026-03-14 17:27:29;1,0;3,059887;3,059887;0,0;48,38354952727273;111765,999408;589,0282474999999;-111176,9711605;-5,558848558025;33,592971000000006;9,43776;40,77564360647124;-73,96068698429804;40,77419824467482;-73,96114108863082;40,7720202;-73,9498054;40,7700936;-73,9494513;True;True;0xCDcF7b2a3352a32cc28FD35C3924f5BD542a25Ea;299;299;299;0;0,0;9,770852033547518;7,431944588831916;-2,338907444715602;301;0;299;0,0;False;-0,00387753808616784;0,011783046066962443;2,0
27;vehicles_step_sim_8.csv;SUMO_carro_1000;HBEFA4/PC_petrol_Euro-6ab;Gasoline;1773509248;2026-03-14 17:27:28;2026-03-14 17:27:29;1,0;3,059887;3,059887;0,0;48,38354952727273;111765,999408;589,0282474999999;-111176,9711605;-5,558848558025;33,592971000000006;9,43776;40,77564360647124;-73,96068698429804;40,77419824467482;-73,96114108863082;40,7770522;-73,9597612;40,7757847;-73,9605368;True;True;0xCDcF7b2a3352a32cc28FD35C3924f5BD542a25Ea;299;299;299;0;0,0;9,770852033547518;10,191565515136073;0,4207134815885549;301;0;299;0,0;False;0,0016648070240699187;0,0005896200998429333;2,0
28;vehicles_step_sim_8.csv;SUMO_carro_1000;HBEFA4/PC_petrol_Euro-6ab;Gasoline;1773509248;2026-03-14 17:27:28;2026-03-14 17:27:29;1,0;3,059887;3,059887;0,0;48,38354952727273;111765,999408;589,0282474999999;-111176,9711605;-5,558848558025;33,592971000000006;9,43776;40,77564360647124;-73,96068698429804;40,77419824467482;-73,96114108863082;40,7751542;-73,9452696;40,7736781;-73,9458612;True;True;0xCDcF7b2a3352a32cc28FD35C3924f5BD542a25Ea;299;299;299;0;0,0;9,770852033547518;8,621485254792173;-1,1493667787553452;301;0;299;0,0;False;-0,0005367361458741984;0,01436173317827944;2,0
29;vehicles_step_sim_8.csv;SUMO_carro_1000;HBEFA4/PC_petrol_Euro-6ab;Gasoline;1773509248;2026-03-14 17:27:28;2026-03-14 17:27:29;1,0;3,059887;3,059887;0,0;48,38354952727273;111765,999408;589,0282474999999;-111176,9711605;-5,558848558025;33,592971000000006;9,43776;40,77564360647124;-73,96068698429804;40,77419824467482;-73,96114108863082;40,7792672;-73,9693377;40,7790791;-73,9688949;True;True;0xCDcF7b2a3352a32cc28FD35C3924f5BD542a25Ea;299;299;299;0;0,0;9,770852033547518;7,327103707216114;-2,443748326331404;301;0;299;0,0;False;0,00497887676087831;-0,00767944624932195;2,0
30;vehicles_step_sim_8.csv;SUMO_carro_1000;HBEFA4/PC_petrol_Euro-6ab;Gasoline;1773509248;2026-03-14 17:27:28;2026-03-14 17:27:29;1,0;3,059887;3,059887;0,0;48,38354952727273;111765,999408;589,0282474999999;-111176,9711605;-5,558848558025;33,592971000000006;9,43776;40,77564360647124;-73,96068698429804;40,77419824467482;-73,96114108863082;40,7671898;-73,9663507;40,7654095;-73,9660113;True;True;0xCDcF7b2a3352a32cc28FD35C3924f5BD542a25Ea;299;299;299;0;0,0;9,770852033547518;9,677586877471049;-0,09326515607646968;301;0;299;0,0;False;-0,008496605176795484;-0,005461509122605007;2,0
31;vehicles_step_sim_8.csv;SUMO_carro_1000;HBEFA4/PC_petrol_Euro-6ab;Gasoline;1773509248;2026-03-14 17:27:28;2026-03-14 17:27:29;1,0;3,059887;3,059887;0,0;48,38354952727273;111765,999408;589,0282474999999;-111176,9711605;-5,558848558025;33,592971000000006;9,43776;40,77564360647124;-73,96068698429804;40,77419824467482;-73,96114108863082;40,7789505;-73,968591;40,7786974;-73,9679871;True;True;0xCDcF7b2a3352a32cc28FD35C3924f5BD542a25Ea;299;299;299;0;0,0;9,770852033547518;12,416725140392199;2,6458731068446806;301;0;299;0,0;False;0,0034959326106578504;-0,007818891843280256;2,0
32;vehicles_step_sim_8.csv;SUMO_carro_1000;HBEFA4/PC_petrol_Euro-6ab;Gasoline;1773509248;2026-03-14 17:27:28;2026-03-14 17:27:29;1,0;3,059887;3,059887;0,0;48,38354952727273;111765,999408;589,0282474999999;-111176,9711605;-5,558848558025;33,592971000000006;9,43776;40,77564360647124;-73,96068698429804;40,77419824467482;-73,96114108863082;40,7764305;-73,9497018;40,7748696;-73,9506676;True;True;0xCDcF7b2a3352a32cc28FD35C3924f5BD542a25Ea;299;299;299;0;0,0;9,770852033547518;8,526240556906975;-1,244611476640543;301;0;299;0,0;False;0,0008600530899712805;0,010740543645272877;2,0
33;vehicles_step_sim_8.csv;SUMO_carro_1000;HBEFA4/PC_petrol_Euro-6ab;Gasoline;1773509248;2026-03-14 17:27:28;2026-03-14 17:27:29;1,0;3,059887;3,059887;0,0;48,38354952727273;111765,999408;589,0282474999999;-111176,9711605;-5,558848558025;33,592971000000006;9,43776;40,77564360647124;-73,96068698429804;40,77419824467482;-73,96114108863082;40,7620705;-73,9600107;40,7604242;-73,960021;True;True;0xCDcF7b2a3352a32cc28FD35C3924f5BD542a25Ea;299;299;299;0;0,0;9,770852033547518;8,368685078448872;-1,4021669550986466;301;0;299;0,0;False;-0,013887289670261087;0,001250325143237002;2,0
34;vehicles_step_sim_8.csv;SUMO_carro_1000;HBEFA4/PC_petrol_Euro-6ab;Gasoline;1773509248;2026-03-14 17:27:28;2026-03-14 17:27:29;1,0;3,059887;3,059887;0,0;48,38354952727273;111765,999408;589,0282474999999;-111176,9711605;-5,558848558025;33,592971000000006;9,43776;40,77564360647124;-73,96068698429804;40,77419824467482;-73,96114108863082;40,7851243;-73,973013;40,7826188;-73,9730915;True;True;0xCDcF7b2a3352a32cc28FD35C3924f5BD542a25Ea;299;299;299;0;0,0;9,770852033547518;8,05142759276751;-1,7194244407800081;301;0;299;0,0;False;0,008923696389039946;-0,01155254121029663;2,0
35;vehicles_step_sim_8.csv;SUMO_carro_1000;HBEFA4/PC_petrol_Euro-6ab;Gasoline;1773509248;2026-03-14 17:27:28;2026-03-14 17:27:29;1,0;3,059887;3,059887;0,0;48,38354952727273;111765,999408;589,0282474999999;-111176,9711605;-5,558848558025;33,592971000000006;9,43776;40,77564360647124;-73,96068698429804;40,77419824467482;-73,96114108863082;40,7736781;-73,9458612;40,7724097;-73,9467952;True;True;0xCDcF7b2a3352a32cc28FD35C3924f5BD542a25Ea;299;299;299;0;0,0;9,770852033547518;6,796801886424331;-2,9740501471231875;301;0;299;0,0;False;-0,0014228693845421366;0,014373196723243258;2,0
36;vehicles_step_sim_8.csv;SUMO_carro_1000;HBEFA4/PC_petrol_Euro-6ab;Gasoline;1773509248;2026-03-14 17:27:28;2026-03-14 17:27:29;1,0;3,059887;3,059887;0,0;48,38354952727273;111765,999408;589,0282474999999;-111176,9711605;-5,558848558025;33,592971000000006;9,43776;40,77564360647124;-73,96068698429804;40,77419824467482;-73,96114108863082;40,7932882;-73,9662869;40,7910481;-73,9653064;True;True;0xCDcF7b2a3352a32cc28FD35C3924f5BD542a25Ea;299;299;299;0;0,0;9,770852033547518;8,660061555941102;-1,1107904776064164;301;0;299;0,0;False;0,017178980325590395;-0,005040331330859156;2,0
37;vehicles_step_sim_8.csv;SUMO_carro_1000;HBEFA4/PC_petrol_Euro-6ab;Gasoline;1773509248;2026-03-14 17:27:28;2026-03-14 17:27:29;1,0;3,059887;3,059887;0,0;48,38354952727273;111765,999408;589,0282474999999;-111176,9711605;-5,558848558025;33,592971000000006;9,43776;40,77564360647124;-73,96068698429804;40,77419824467482;-73,96114108863082;40,781068;-73,9614644;40,7796424;-73,9617921;True;True;0xCDcF7b2a3352a32cc28FD35C3924f5BD542a25Ea;299;299;299;0;0,0;9,770852033547518;10,23815880080199;0,4673067672544722;301;0;299;0,0;False;0,005665109388793959;-0,0006971548924901768;2,0
38;vehicles_step_sim_8.csv;SUMO_carro_1000;HBEFA4/PC_petrol_Euro-6ab;Gasoline;1773509248;2026-03-14 17:27:28;2026-03-14 17:27:29;1,0;3,059887;3,059887;0,0;48,38354952727273;111765,999408;589,0282474999999;-111176,9711605;-5,558848558025;33,592971000000006;9,43776;40,77564360647124;-73,96068698429804;40,77419824467482;-73,96114108863082;40,7794267;-73,9697586;40,7792672;-73,9693377;True;True;0xCDcF7b2a3352a32cc28FD35C3924f5BD542a25Ea;299;299;299;0;0,0;9,770852033547518;23,835745432924607;14,06489339937709;301;0;299;0,0;False;0,0032014152788093033;-0,009516517526635666;2,0
39;vehicles_step_sim_8.csv;SUMO_carro_1000;HBEFA4/PC_petrol_Euro-6ab;Gasoline;1773509248;2026-03-14 17:27:28;2026-03-14 17:27:29;1,0;3,059887;3,059887;0,0;48,38354952727273;111765,999408;589,0282474999999;-111176,9711605;-5,558848558025;33,592971000000006;9,43776;40,77564360647124;-73,96068698429804;40,77419824467482;-73,96114108863082;40,7898769;-73,9543231;40,7891557;-73,9565515;True;True;0xCDcF7b2a3352a32cc28FD35C3924f5BD542a25Ea;299;299;299;0;0,0;9,770852033547518;9,137470223759447;-0,6333818097880712;301;0;299;0,0;False;0,01519029944699885;0,004781508636408222;2,0
40;vehicles_step_sim_8.csv;SUMO_carro_1000;HBEFA4/PC_petrol_Euro-6ab;Gasoline;1773509248;2026-03-14 17:27:28;2026-03-14 17:27:29;1,0;3,059887;3,059887;0,0;48,38354952727273;111765,999408;589,0282474999999;-111176,9711605;-5,558848558025;33,592971000000006;9,43776;40,77564360647124;-73,96068698429804;40,77419824467482;-73,96114108863082;40,7603396;-73,9636948;40,7589403;-73,9644084;True;True;0xCDcF7b2a3352a32cc28FD35C3924f5BD542a25Ea;299;299;299;0;0,0;9,770852033547518;11,86417223888926;2,093320205341742;301;0;299;0,0;False;-0,015284379063125044;-0,0031088745486558896;2,0
41;vehicles_step_sim_8.csv;SUMO_carro_1000;HBEFA4/PC_petrol_Euro-6ab;Gasoline;1773509248;2026-03-14 17:27:28;2026-03-14 17:27:29;1,0;3,059887;3,059887;0,0;48,38354952727273;111765,999408;589,0282474999999;-111176,9711605;-5,558848558025;33,592971000000006;9,43776;40,77564360647124;-73,96068698429804;40,77419824467482;-73,96114108863082;40,7910074;-73,968921;40,7896378;-73,9697186;True;True;0xCDcF7b2a3352a32cc28FD35C3924f5BD542a25Ea;299;299;299;0;0,0;9,770852033547518;9,16889418403217;-0,6019578495153475;301;0;299;0,0;False;0,015465737021266236;-0,00829445046406126;2,0
42;vehicles_step_sim_8.csv;SUMO_carro_1000;HBEFA4/PC_petrol_Euro-6ab;Gasoline;1773509248;2026-03-14 17:27:28;2026-03-14 17:27:29;1,0;3,059887;3,059887;0,0;48,38354952727273;111765,999408;589,0282474999999;-111176,9711605;-5,558848558025;33,592971000000006;9,43776;40,77564360647124;-73,96068698429804;40,77419824467482;-73,96114108863082;40,7749695;-73,9770367;40,7737116;-73,9779585;True;True;0xCDcF7b2a3352a32cc28FD35C3924f5BD542a25Ea;299;299;299;0;0,0;9,770852033547518;9,37437663088729;-0,3964754026602275;301;0;299;0,0;False;-0,00042521939632073665;-0,016872081238749025;2,0
43;vehicles_step_sim_8.csv;SUMO_carro_1000;HBEFA4/PC_petrol_Euro-6ab;Gasoline;1773509248;2026-03-14 17:27:28;2026-03-14 17:27:29;1,0;3,059887;3,059887;0,0;48,38354952727273;111765,999408;589,0282474999999;-111176,9711605;-5,558848558025;33,592971000000006;9,43776;40,77564360647124;-73,96068698429804;40,77419824467482;-73,96114108863082;40,77687;-73,9573663;40,7756008;-73,9582944;True;True;0xCDcF7b2a3352a32cc28FD35C3924f5BD542a25Ea;299;299;299;0;0,0;9,770852033547518;11,39158630507839;1,6207342715308712;301;0;299;0,0;False;0,0011999914472342317;0,0033952953039270177;2,0
44;vehicles_step_sim_8.csv;SUMO_carro_1000;HBEFA4/PC_petrol_Euro-6ab;Gasoline;1773509248;2026-03-14 17:27:28;2026-03-14 17:27:29;1,0;3,059887;3,059887;0,0;48,38354952727273;111765,999408;589,0282474999999;-111176,9711605;-5,558848558025;33,592971000000006;9,43776;40,77564360647124;-73,96068698429804;40,77419824467482;-73,96114108863082;40,7859766;-73,9531001;40,7845408;-73,9537621;True;True;0xCDcF7b2a3352a32cc28FD35C3924f5BD542a25Ea;299;299;299;0;0,0;9,770852033547518;10,678644000708282;0,9077919671607635;301;0;299;0,0;False;0,010424558675564096;0,00754648933879371;2,0
45;vehicles_step_sim_8.csv;SUMO_carro_1000;HBEFA4/PC_petrol_Euro-6ab;Gasoline;1773509248;2026-03-14 17:27:28;2026-03-14 17:27:29;1,0;3,059887;3,059887;0,0;48,38354952727273;111765,999408;589,0282474999999;-111176,9711605;-5,558848558025;33,592971000000006;9,43776;40,77564360647124;-73,96068698429804;40,77419824467482;-73,96114108863082;40,7655276;-73,9516205;40,7642167;-73,9530371;True;True;0xCDcF7b2a3352a32cc28FD35C3924f5BD542a25Ea;299;299;299;0;0,0;9,770852033547518;12,680383508979762;2,909531475432244;301;0;299;0,0;False;-0,010459211622514106;0,009403783885893321;2,0
46;vehicles_step_sim_8.csv;SUMO_carro_1000;HBEFA4/PC_petrol_Euro-6ab;Gasoline;1773509248;2026-03-14 17:27:28;2026-03-14 17:27:29;1,0;3,059887;3,059887;0,0;48,38354952727273;111765,999408;589,0282474999999;-111176,9711605;-5,558848558025;33,592971000000006;9,43776;40,77564360647124;-73,96068698429804;40,77419824467482;-73,96114108863082;40,7718381;-73,9674891;40,7705849;-73,9684042;True;True;0xCDcF7b2a3352a32cc28FD35C3924f5BD542a25Ea;299;299;299;0;0,0;9,770852033547518;10,007595577778902;0,2367435442313841;301;0;299;0,0;False;-0,0024471568463029355;-0,009360191304143877;2,0
47;vehicles_step_sim_8.csv;SUMO_carro_1000;HBEFA4/PC_petrol_Euro-6ab;Gasoline;1773509248;2026-03-14 17:27:28;2026-03-14 17:27:29;1,0;3,059887;3,059887;0,0;48,38354952727273;111765,999408;589,0282474999999;-111176,9711605;-5,558848558025;33,592971000000006;9,43776;40,77564360647124;-73,96068698429804;40,77419824467482;-73,96114108863082;40,7639358;-73,953183;40,7628245;-73,9540532;True;True;0xCDcF7b2a3352a32cc28FD35C3924f5BD542a25Ea;299;299;299;0;0,0;9,770852033547518;9,796617914026099;0,025765880478580527;301;0;299;0,0;False;-0,012214097087606417;0,00848280071128968;2,0
48;vehicles_step_sim_8.csv;SUMO_carro_1000;HBEFA4/PC_petrol_Euro-6ab;Gasoline;1773509248;2026-03-14 17:27:28;2026-03-14 17:27:29;1,0;3,059887;3,059887;0,0;48,38354952727273;111765,999408;589,0282474999999;-111176,9711605;-5,558848558025;33,592971000000006;9,43776;40,77564360647124;-73,96068698429804;40,77419824467482;-73,96114108863082;40,7647379;-73,9642591;40,7633737;-73,9650755;True;True;0xCDcF7b2a3352a32cc28FD35C3924f5BD542a25Ea;299;299;299;0;0,0;9,770852033547518;10,089226032433519;0,3183739988860008;301;0;299;0,0;False;-0,010674285017183545;-0,003583899790060465;2,0
49;vehicles_step_sim_8.csv;SUMO_carro_1000;HBEFA4/PC_petrol_Euro-6ab;Gasoline;1773509248;2026-03-14 17:27:28;2026-03-14 17:27:29;1,0;3,059887;3,059887;0,0;48,38354952727273;111765,999408;589,0282474999999;-111176,9711605;-5,558848558025;33,592971000000006;9,43776;40,77564360647124;-73,96068698429804;40,77419824467482;-73,96114108863082;40,7884393;-73,9510061;40,7871423;-73,9518575;True;True;0xCDcF7b2a3352a32cc28FD35C3924f5BD542a25Ea;299;299;299;0;0,0;9,770852033547518;10,621815872828254;0,8509638392807357;301;0;299;0,0;False;0,012570710372736387;0,00953963518171451;2,0
50;vehicles_step_sim_8.csv;SUMO_carro_1000;HBEFA4/PC_petrol_Euro-6ab;Gasoline;1773509248;2026-03-14 17:27:28;2026-03-14 17:27:29;1,0;3,059887;3,059887;0,0;48,38354952727273;111765,999408;589,0282474999999;-111176,9711605;-5,558848558025;33,592971000000006;9,43776;40,77564360647124;-73,96068698429804;40,77419824467482;-73,96114108863082;40,7858619;-73,974777;40,7835942;-73,9752785;True;True;0xCDcF7b2a3352a32cc28FD35C3924f5BD542a25Ea;299;299;299;0;0,0;9,770852033547518;12,786423682434862;3,0155716488873434;301;0;299;0,0;False;0,009800244833418915;-0,014742212968602671;2,0
51;vehicles_step_sim_8.csv;SUMO_carro_1000;HBEFA4/PC_petrol_Euro-6ab;Gasoline;1773509248;2026-03-14 17:27:28;2026-03-14 17:27:29;1,0;3,059887;3,059887;0,0;48,38354952727273;111765,999408;589,0282474999999;-111176,9711605;-5,558848558025;33,592971000000006;9,43776;40,77564360647124;-73,96068698429804;40,77419824467482;-73,96114108863082;40,7666143;-73,9628885;40,7652513;-73,9637074;True;True;0xCDcF7b2a3352a32cc28FD35C3924f5BD542a25Ea;299;299;299;0;0,0;9,770852033547518;10,031323433515515;0,2604713999679973;301;0;299;0,0;False;-0,008920951218772217;-0,0022800782511589847;2,0
52;vehicles_step_sim_8.csv;SUMO_carro_1000;HBEFA4/PC_petrol_Euro-6ab;Gasoline;1773509248;2026-03-14 17:27:28;2026-03-14 17:27:29;1,0;3,059887;3,059887;0,0;48,38354952727273;111765,999408;589,0282474999999;-111176,9711605;-5,558848558025;33,592971000000006;9,43776;40,77564360647124;-73,96068698429804;40,77419824467482;-73,96114108863082;40,7767589;-73,9638895;40,7756509;-73,9645923;True;True;0xCDcF7b2a3352a32cc28FD35C3924f5BD542a25Ea;299;299;299;0;0,0;9,770852033547518;10,065661890586354;0,29480985703883533;301;0;299;0,0;False;0,0011334853630880326;-0,0033903415785034824;2,0
53;vehicles_step_sim_8.csv;SUMO_carro_1000;HBEFA4/PC_petrol_Euro-6ab;Gasoline;1773509248;2026-03-14 17:27:28;2026-03-14 17:27:29;1,0;3,059887;3,059887;0,0;48,38354952727273;111765,999408;589,0282474999999;-111176,9711605;-5,558848558025;33,592971000000006;9,43776;40,77564360647124;-73,96068698429804;40,77419824467482;-73,96114108863082;40,7799104;-73,9525139;40,7779409;-73,9518781;True;True;0xCDcF7b2a3352a32cc28FD35C3924f5BD542a25Ea;299;299;299;0;0,0;9,770852033547518;10,471075198038177;0,7002231644906587;301;0;299;0,0;False;0,004189090202695136;0,008493164762810212;2,0
54;vehicles_step_sim_8.csv;SUMO_carro_1000;HBEFA4/PC_petrol_Euro-6ab;Gasoline;1773509248;2026-03-14 17:27:28;2026-03-14 17:27:29;1,0;3,059887;3,059887;0,0;48,38354952727273;111765,999408;589,0282474999999;-111176,9711605;-5,558848558025;33,592971000000006;9,43776;40,77564360647124;-73,96068698429804;40,77419824467482;-73,96114108863082;40,7677545;-73,9530947;40,7667695;-73,953814;True;True;0xCDcF7b2a3352a32cc28FD35C3924f5BD542a25Ea;299;299;299;0;0,0;9,770852033547518;9,32174810581192;-0,4491039277355977;301;0;299;0,0;False;-0,007628132017503086;0,007182413822690258;2,0
55;vehicles_step_sim_8.csv;SUMO_carro_1000;HBEFA4/PC_petrol_Euro-6ab;Gasoline;1773509248;2026-03-14 17:27:28;2026-03-14 17:27:29;1,0;3,059887;3,059887;0,0;48,38354952727273;111765,999408;589,0282474999999;-111176,9711605;-5,558848558025;33,592971000000006;9,43776;40,77564360647124;-73,96068698429804;40,77419824467482;-73,96114108863082;40,7891662;-73,9547247;40,7875598;-73,9549351;True;True;0xCDcF7b2a3352a32cc28FD35C3924f5BD542a25Ea;299;299;299;0;0,0;9,770852033547518;10,353582391929173;0,5827303583816548;301;0;299;0,0;False;0,013355033971961193;0,00643346928658967;2,0
56;vehicles_step_sim_8.csv;SUMO_carro_1000;HBEFA4/PC_petrol_Euro-6ab;Gasoline;1773509248;2026-03-14 17:27:28;2026-03-14 17:27:29;1,0;3,059887;3,059887;0,0;48,38354952727273;111765,999408;589,0282474999999;-111176,9711605;-5,558848558025;33,592971000000006;9,43776;40,77564360647124;-73,96068698429804;40,77419824467482;-73,96114108863082;40,7714515;-73,956604;40,770175;-73,9575385;True;True;0xCDcF7b2a3352a32cc28FD35C3924f5BD542a25Ea;299;299;299;0;0,0;9,770852033547518;10,120334216220789;0,34948218267327036;301;0;299;0,0;False;-0,0037453675388359827;0,0031641350513103364;2,0
57;vehicles_step_sim_8.csv;SUMO_carro_1000;HBEFA4/PC_petrol_Euro-6ab;Gasoline;1773509248;2026-03-14 17:27:28;2026-03-14 17:27:29;1,0;3,059887;3,059887;0,0;48,38354952727273;111765,999408;589,0282474999999;-111176,9711605;-5,558848558025;33,592971000000006;9,43776;40,77564360647124;-73,96068698429804;40,77419824467482;-73,96114108863082;40,783484;-73,9643722;40,7833492;-73,9640817;True;True;0xCDcF7b2a3352a32cc28FD35C3924f5BD542a25Ea;299;299;299;0;0,0;9,770852033547518;9,220129272237061;-0,5507227613104568;301;0;299;0,0;False;0,010426995074214379;-0,0017501800668527703;2,0
58;vehicles_step_sim_8.csv;SUMO_carro_1000;HBEFA4/PC_petrol_Euro-6ab;Gasoline;1773509248;2026-03-14 17:27:28;2026-03-14 17:27:29;1,0;3,059887;3,059887;0,0;48,38354952727273;111765,999408;589,0282474999999;-111176,9711605;-5,558848558025;33,592971000000006;9,43776;40,77564360647124;-73,96068698429804;40,77419824467482;-73,96114108863082;40,7657545;-73,9764211;40,765575;-73,9762891;True;True;0xCDcF7b2a3352a32cc28FD35C3924f5BD542a25Ea;299;299;299;0;0,0;9,770852033547518;9,998008938646539;0,22715690509902053;301;0;299;0,0;False;-0,00869692920214794;-0,015012878912530475;2,0
59;vehicles_step_sim_8.csv;SUMO_carro_1000;HBEFA4/PC_petrol_Euro-6ab;Gasoline;1773509248;2026-03-14 17:27:28;2026-03-14 17:27:29;1,0;3,059887;3,059887;0,0;48,38354952727273;111765,999408;589,0282474999999;-111176,9711605;-5,558848558025;33,592971000000006;9,43776;40,77564360647124;-73,96068698429804;40,77419824467482;-73,96114108863082;40,7754862;-73,9765055;40,7742362;-73,9774134;True;True;0xCDcF7b2a3352a32cc28FD35C3924f5BD542a25Ea;299;299;299;0;0,0;9,770852033547518;11,624657339626623;1,8538053060791047;301;0;299;0,0;False;-0,0006289274390741025;-0,014690491367842656;2,0
60;vehicles_step_sim_8.csv;SUMO_carro_1000;HBEFA4/PC_petrol_Euro-6ab;Gasoline;1773509248;2026-03-14 17:27:28;2026-03-14 17:27:29;1,0;3,059887;3,059887;0,0;48,38354952727273;111765,999408;589,0282474999999;-111176,9711605;-5,558848558025;33,592971000000006;9,43776;40,77564360647124;-73,96068698429804;40,77419824467482;-73,96114108863082;40,7717895;-73,9460837;40,7705978;-73,947358;True;True;0xCDcF7b2a3352a32cc28FD35C3924f5BD542a25Ea;299;299;299;0;0,0;9,770852033547518;6,5812623465858895;-3,1895896869616287;301;0;299;0,0;False;-0,003665323429058257;0,014324395367308278;2,0
61;vehicles_step_sim_8.csv;SUMO_carro_1000;HBEFA4/PC_petrol_Euro-6ab;Gasoline;1773509248;2026-03-14 17:27:28;2026-03-14 17:27:29;1,0;3,059887;3,059887;0,0;48,38354952727273;111765,999408;589,0282474999999;-111176,9711605;-5,558848558025;33,592971000000006;9,43776;40,77564360647124;-73,96068698429804;40,77419824467482;-73,96114108863082;40,7753464;-73,9537621;40,7740701;-73,9546872;True;True;0xCDcF7b2a3352a32cc28FD35C3924f5BD542a25Ea;299;299;299;0;0,0;9,770852033547518;10,255021598766785;0,4841695652192666;301;0;299;0,0;False;-0,00011080260181236725;0,006185690283981088;2,0
62;vehicles_step_sim_8.csv;SUMO_carro_1000;HBEFA4/PC_petrol_Euro-6ab;Gasoline;1773509248;2026-03-14 17:27:28;2026-03-14 17:27:29;1,0;3,059887;3,059887;0,0;48,38354952727273;111765,999408;589,0282474999999;-111176,9711605;-5,558848558025;33,592971000000006;9,43776;40,77564360647124;-73,96068698429804;40,77419824467482;-73,96114108863082;40,7814036;-73,9714362;40,7803194;-73,9715211;True;True;0xCDcF7b2a3352a32cc28FD35C3924f5BD542a25Ea;299;299;299;0;0,0;9,770852033547518;12,485827993106414;2,7149759595588954;301;0;299;0,0;False;0,005778782603797607;-0,011016081601412406;2,0
63;vehicles_step_sim_8.csv;SUMO_carro_1000;HBEFA4/PC_petrol_Euro-6ab;Gasoline;1773509248;2026-03-14 17:27:28;2026-03-14 17:27:29;1,0;3,059887;3,059887;0,0;48,38354952727273;111765,999408;589,0282474999999;-111176,9711605;-5,558848558025;33,592971000000006;9,43776;40,77564360647124;-73,96068698429804;40,77419824467482;-73,96114108863082;40,7630641;-73,9623969;40,7615641;-73,9627156;True;True;0xCDcF7b2a3352a32cc28FD35C3924f5BD542a25Ea;299;299;299;0;0,0;9,770852033547518;10,140868436696302;0,37001640314878337;301;0;299;0,0;False;-0,012714611826946477;-0,0016881760091286785;2,0
64;vehicles_step_sim_8.csv;SUMO_carro_1000;HBEFA4/PC_petrol_Euro-6ab;Gasoline;1773509248;2026-03-14 17:27:28;2026-03-14 17:27:29;1,0;3,059887;3,059887;0,0;48,38354952727273;111765,999408;589,0282474999999;-111176,9711605;-5,558848558025;33,592971000000006;9,43776;40,77564360647124;-73,96068698429804;40,77419824467482;-73,96114108863082;40,7761257;-73,9616402;40,774423;-73,9616724;True;True;0xCDcF7b2a3352a32cc28FD35C3924f5BD542a25Ea;299;299;299;0;0,0;9,770852033547518;10,286488159788478;0,5156361262409597;301;0;299;0,0;False;0,00013147399511450234;-0,0009649889870128918;2,0
65;vehicles_step_sim_8.csv;SUMO_carro_1000;HBEFA4/PC_petrol_Euro-6ab;Gasoline;1773509248;2026-03-14 17:27:28;2026-03-14 17:27:29;1,0;3,059887;3,059887;0,0;48,38354952727273;111765,999408;589,0282474999999;-111176,9711605;-5,558848558025;33,592971000000006;9,43776;40,77564360647124;-73,96068698429804;40,77419824467482;-73,96114108863082;40,7611996;-73,950454;40,760489;-73,9514426;True;True;0xCDcF7b2a3352a32cc28FD35C3924f5BD542a25Ea;299;299;299;0;0,0;9,770852033547518;5,297289708427183;-4,473562325120335;301;0;299;0,0;False;-0,013636881621684782;0,009558785861895501;2,0
66;vehicles_step_sim_8.csv;SUMO_carro_1000;HBEFA4/PC_petrol_Euro-6ab;Gasoline;1773509248;2026-03-14 17:27:28;2026-03-14 17:27:29;1,0;3,059887;3,059887;0,0;48,38354952727273;111765,999408;589,0282474999999;-111176,9711605;-5,558848558025;33,592971000000006;9,43776;40,77564360647124;-73,96068698429804;40,77419824467482;-73,96114108863082;40,7896319;-73,9499793;40,7883876;-73,9508854;True;True;0xCDcF7b2a3352a32cc28FD35C3924f5BD542a25Ea;299;299;299;0;0,0;9,770852033547518;9,255893155941854;-0,5149588776056646;301;0;299;0,0;False;0,014141754808191364;0,011004804753284603;2,0
67;vehicles_step_sim_8.csv;SUMO_carro_1000;HBEFA4/PC_petrol_Euro-6ab;Gasoline;1773509248;2026-03-14 17:27:28;2026-03-14 17:27:29;1,0;3,059887;3,059887;0,0;48,38354952727273;111765,999408;589,0282474999999;-111176,9711605;-5,558848558025;33,592971000000006;9,43776;40,77564360647124;-73,96068698429804;40,77419824467482;-73,96114108863082;40,7869227;-73,9681638;40,7848497;-73,9679254;True;True;0xCDcF7b2a3352a32cc28FD35C3924f5BD542a25Ea;299;299;299;0;0,0;9,770852033547518;8,050203230569167;-1,720648802978351;301;0;299;0,0;False;0,011016924603529201;-0,0065293883119757505;2,0
68;vehicles_step_sim_8.csv;SUMO_carro_1000;HBEFA4/PC_petrol_Euro-6ab;Gasoline;1773509248;2026-03-14 17:27:28;2026-03-14 17:27:29;1,0;3,059887;3,059887;0,0;48,38354952727273;111765,999408;589,0282474999999;-111176,9711605;-5,558848558025;33,592971000000006;9,43776;40,77564360647124;-73,96068698429804;40,77419824467482;-73,96114108863082;40,7765538;-73,9485819;40,7746684;-73,9482111;True;True;0xCDcF7b2a3352a32cc28FD35C3924f5BD542a25Ea;299;299;299;0;0,0;9,770852033547518;9,812850354352662;0,04199832080514376;301;0;299;0,0;False;0,001015126126607852;0,01259709860004046;2,0
69;vehicles_step_sim_8.csv;SUMO_carro_1000;HBEFA4/PC_petrol_Euro-6ab;Gasoline;1773509248;2026-03-14 17:27:28;2026-03-14 17:27:29;1,0;3,059887;3,059887;0,0;48,38354952727273;111765,999408;589,0282474999999;-111176,9711605;-5,558848558025;33,592971000000006;9,43776;40,77564360647124;-73,96068698429804;40,77419824467482;-73,96114108863082;40,7686351;-73,9659034;40,767337;-73,9667022;True;True;0xCDcF7b2a3352a32cc28FD35C3924f5BD542a25Ea;299;299;299;0;0,0;9,770852033547518;10,355555575381691;0,5847035418341733;301;0;299;0,0;False;-0,006814368627866969;-0,005589522649170481;2,0
70;vehicles_step_sim_8.csv;SUMO_carro_1000;HBEFA4/PC_petrol_Euro-6ab;Gasoline;1773509248;2026-03-14 17:27:28;2026-03-14 17:27:29;1,0;3,059887;3,059887;0,0;48,38354952727273;111765,999408;589,0282474999999;-111176,9711605;-5,558848558025;33,592971000000006;9,43776;40,77564360647124;-73,96068698429804;40,77419824467482;-73,96114108863082;40,7710148;-73,9596877;40,7696884;-73,9604655;True;True;0xCDcF7b2a3352a32cc28FD35C3924f5BD542a25Ea;299;299;299;0;0,0;9,770852033547518;9,858030010174348;0,08717797662682969;301;0;299;0,0;False;-0,0047874122209133965;0,0009975520977025382;2,0
71;vehicles_step_sim_8.csv;SUMO_carro_1000;HBEFA4/PC_petrol_Euro-6ab;Gasoline;1773509248;2026-03-14 17:27:28;2026-03-14 17:27:29;1,0;3,059887;3,059887;0,0;48,38354952727273;111765,999408;589,0282474999999;-111176,9711605;-5,558848558025;33,592971000000006;9,43776;40,77564360647124;-73,96068698429804;40,77419824467482;-73,96114108863082;40,7806159;-73,9762556;40,7793169;-73,977252;True;True;0xCDcF7b2a3352a32cc28FD35C3924f5BD542a25Ea;299;299;299;0;0,0;9,770852033547518;9,59893581303585;-0,17191622051166888;301;0;299;0,0;False;0,004914152653656654;-0,015590145353831743;2,0
72;vehicles_step_sim_8.csv;SUMO_carro_1000;HBEFA4/PC_petrol_Euro-6ab;Gasoline;1773509248;2026-03-14 17:27:28;2026-03-14 17:27:29;1,0;3,059887;3,059887;0,0;48,38354952727273;111765,999408;589,0282474999999;-111176,9711605;-5,558848558025;33,592971000000006;9,43776;40,77564360647124;-73,96068698429804;40,77419824467482;-73,96114108863082;40,7743295;-73,9634421;40,7725109;-73,9630745;True;True;0xCDcF7b2a3352a32cc28FD35C3924f5BD542a25Ea;299;299;299;0;0,0;9,770852033547518;8,757768022057247;-1,013084011490271;301;0;299;0,0;False;-0,0015537463924230586;-0,0023934829991182067;2,0
73;vehicles_step_sim_8.csv;SUMO_carro_1000;HBEFA4/PC_petrol_Euro-6ab;Gasoline;1773509248;2026-03-14 17:27:28;2026-03-14 17:27:29;1,0;3,059887;3,059887;0,0;48,38354952727273;111765,999408;589,0282474999999;-111176,9711605;-5,558848558025;33,592971000000006;9,43776;40,77564360647124;-73,96068698429804;40,77419824467482;-73,96114108863082;40,7838444;-73,9655375;40,7786974;-73,9679871;True;True;0xCDcF7b2a3352a32cc28FD35C3924f5BD542a25Ea;299;299;299;0;0,0;9,770852033547518;7,937827221270625;-1,8330248122768928;301;0;299;0,0;False;0,005965557587747082;-0,005862468820400623;2,0
74;vehicles_step_sim_8.csv;SUMO_carro_1000;HBEFA4/PC_petrol_Euro-6ab;Gasoline;1773509248;2026-03-14 17:27:28;2026-03-14 17:27:29;1,0;3,059887;3,059887;0,0;48,38354952727273;111765,999408;589,0282474999999;-111176,9711605;-5,558848558025;33,592971000000006;9,43776;40,77564360647124;-73,96068698429804;40,77419824467482;-73,96114108863082;40,7865479;-73,9723031;40,7852306;-73,9732665;True;True;0xCDcF7b2a3352a32cc28FD35C3924f5BD542a25Ea;299;299;299;0;0,0;9,770852033547518;10,846197181250513;1,0753451477029952;301;0;299;0,0;False;0,011018103310898197;-0,012171901083190377;2,0
75;vehicles_step_sim_8.csv;SUMO_carro_1000;HBEFA4/PC_petrol_Euro-6ab;Gasoline;1773509248;2026-03-14 17:27:28;2026-03-14 17:27:29;1,0;3,059887;3,059887;0,0;48,38354952727273;111765,999408;589,0282474999999;-111176,9711605;-5,558848558025;33,592971000000006;9,43776;40,77564360647124;-73,96068698429804;40,77419824467482;-73,96114108863082;40,7784436;-73,9673756;40,7783776;-73,9672115;True;True;0xCDcF7b2a3352a32cc28FD35C3924f5BD542a25Ea;299;299;299;0;0,0;9,770852033547518;11,35010385985107;1,579251826303551;301;0;299;0,0;False;0,003557146163762845;-0,006417854859131903;2,0
76;vehicles_step_sim_8.csv;SUMO_carro_1000;HBEFA4/PC_petrol_Euro-6ab;Gasoline;1773509248;2026-03-14 17:27:28;2026-03-14 17:27:29;1,0;3,059887;3,059887;0,0;48,38354952727273;111765,999408;589,0282474999999;-111176,9711605;-5,558848558025;33,592971000000006;9,43776;40,77564360647124;-73,96068698429804;40,77419824467482;-73,96114108863082;40,7796475;-73,9704675;40,7781184;-73,9745824;True;True;0xCDcF7b2a3352a32cc28FD35C3924f5BD542a25Ea;299;299;299;0;0,0;9,770852033547518;26,54257801070313;16,77172597715561;301;0;299;0,0;False;0,002685669748824556;-0,010783774859509212;2,0
77;vehicles_step_sim_8.csv;SUMO_carro_1000;HBEFA4/PC_petrol_Euro-6ab;Gasoline;1773509248;2026-03-14 17:27:28;2026-03-14 17:27:29;1,0;3,059887;3,059887;0,0;48,38354952727273;111765,999408;589,0282474999999;-111176,9711605;-5,558848558025;33,592971000000006;9,43776;40,77564360647124;-73,96068698429804;40,77419824467482;-73,96114108863082;40,7636366;-73,9715256;40,762247;-73,9722532;True;True;0xCDcF7b2a3352a32cc28FD35C3924f5BD542a25Ea;299;299;299;0;0,0;9,770852033547518;10,572776844962746;0,801924811415228;301;0;299;0,0;False;-0,01200239975310977;-0,010788779588896947;2,0
78;vehicles_step_sim_8.csv;SUMO_carro_1000;HBEFA4/PC_petrol_Euro-6ab;Gasoline;1773509248;2026-03-14 17:27:28;2026-03-14 17:27:29;1,0;3,059887;3,059887;0,0;48,38354952727273;111765,999408;589,0282474999999;-111176,9711605;-5,558848558025;33,592971000000006;9,43776;40,77564360647124;-73,96068698429804;40,77419824467482;-73,96114108863082;40,7699543;-73,9688653;40,7689494;-73,9696017;True;True;0xCDcF7b2a3352a32cc28FD35C3924f5BD542a25Ea;299;299;299;0;0,0;9,770852033547518;9,968653715768925;0,1978016822214066;301;0;299;0,0;False;-0,005102623997240266;-0,008857545296091862;2,0
79;vehicles_step_sim_8.csv;SUMO_carro_1000;HBEFA4/PC_petrol_Euro-6ab;Gasoline;1773509248;2026-03-14 17:27:28;2026-03-14 17:27:29;1,0;3,059887;3,059887;0,0;48,38354952727273;111765,999408;589,0282474999999;-111176,9711605;-5,558848558025;33,592971000000006;9,43776;40,77564360647124;-73,96068698429804;40,77419824467482;-73,96114108863082;40,7688619;-73,9524491;40,7676038;-73,9532038;True;True;0xCDcF7b2a3352a32cc28FD35C3924f5BD542a25Ea;299;299;299;0;0,0;9,770852033547518;9,138573524780448;-0,6322785087670706;301;0;299;0,0;False;-0,006595257909050367;0,007996058071069644;2,0
80;vehicles_step_sim_8.csv;SUMO_carro_1000;HBEFA4/PC_petrol_Euro-6ab;Gasoline;1773509248;2026-03-14 17:27:28;2026-03-14 17:27:29;1,0;3,059887;3,059887;0,0;48,38354952727273;111765,999408;589,0282474999999;-111176,9711605;-5,558848558025;33,592971000000006;9,43776;40,77564360647124;-73,96068698429804;40,77419824467482;-73,96114108863082;40,7650237;-73,9732882;40,7639694;-73,9742394;True;True;0xCDcF7b2a3352a32cc28FD35C3924f5BD542a25Ea;299;299;299;0;0,0;9,770852033547518;10,678602634856775;0,9077506013092567;301;0;299;0,0;False;-0,009937168659086665;-0,013714846951506753;2,0
81;vehicles_step_sim_8.csv;SUMO_carro_1000;HBEFA4/PC_petrol_Euro-6ab;Gasoline;1773509248;2026-03-14 17:27:28;2026-03-14 17:27:29;1,0;3,059887;3,059887;0,0;48,38354952727273;111765,999408;589,0282474999999;-111176,9711605;-5,558848558025;33,592971000000006;9,43776;40,77564360647124;-73,96068698429804;40,77419824467482;-73,96114108863082;40,7798468;-73,96051;40,7776866;-73,9612871;True;True;0xCDcF7b2a3352a32cc28FD35C3924f5BD542a25Ea;299;299;299;0;0,0;9,770852033547518;9,458179593324779;-0,3126724402227392;301;0;299;0,0;False;0,003848420597167756;-0,00015909604309303013;2,0
82;vehicles_step_sim_8.csv;SUMO_carro_1000;HBEFA4/PC_petrol_Euro-6ab;Gasoline;1773509248;2026-03-14 17:27:28;2026-03-14 17:27:29;1,0;3,059887;3,059887;0,0;48,38354952727273;111765,999408;589,0282474999999;-111176,9711605;-5,558848558025;33,592971000000006;9,43776;40,77564360647124;-73,96068698429804;40,77419824467482;-73,96114108863082;40,7904169;-73,9602077;40,7903029;-73,9599137;True;True;0xCDcF7b2a3352a32cc28FD35C3924f5BD542a25Ea;299;299;299;0;0,0;9,770852033547518;20,178738667023048;10,40788663347553;301;0;299;0,0;False;0,01398802425252008;-0,00010848328696499026;2,0
83;vehicles_step_sim_8.csv;SUMO_carro_1000;HBEFA4/PC_petrol_Euro-6ab;Gasoline;1773509248;2026-03-14 17:27:28;2026-03-14 17:27:29;1,0;3,059887;3,059887;0,0;48,38354952727273;111765,999408;589,0282474999999;-111176,9711605;-5,558848558025;33,592971000000006;9,43776;40,77564360647124;-73,96068698429804;40,77419824467482;-73,96114108863082;40,7642528;-73,9475868;40,7633576;-73,9485651;True;True;0xCDcF7b2a3352a32cc28FD35C3924f5BD542a25Ea;299;299;299;0;0,0;9,770852033547518;14,117141749697968;4,34628971615045;301;0;299;0,0;False;-0,011272363600264592;0,012872956062739723;2,0
84;vehicles_step_sim_8.csv;SUMO_carro_1000;HBEFA4/PC_petrol_Euro-6ab;Gasoline;1773509248;2026-03-14 17:27:28;2026-03-14 17:27:29;1,0;3,059887;3,059887;0,0;48,38354952727273;111765,999408;589,0282474999999;-111176,9711605;-5,558848558025;33,592971000000006;9,43776;40,77564360647124;-73,96068698429804;40,77419824467482;-73,96114108863082;40,7584095;-73,9628512;40,7569642;-73,9637241;True;True;0xCDcF7b2a3352a32cc28FD35C3924f5BD542a25Ea;299;299;299;0;0,0;9,770852033547518;9,624834929590918;-0,14601710395660028;301;0;299;0,0;False;-0,017119543260685852;-0,0022227794773525982;2,0
85;vehicles_step_sim_8.csv;SUMO_carro_1000;HBEFA4/PC_petrol_Euro-6ab;Gasoline;1773509248;2026-03-14 17:27:28;2026-03-14 17:27:29;1,0;3,059887;3,059887;0,0;48,38354952727273;111765,999408;589,0282474999999;-111176,9711605;-5,558848558025;33,592971000000006;9,43776;40,77564360647124;-73,96068698429804;40,77419824467482;-73,96114108863082;40,7787616;-73,9741176;40,7774869;-73,9750388;True;True;0xCDcF7b2a3352a32cc28FD35C3924f5BD542a25Ea;299;299;299;0;0,0;9,770852033547518;5,12938872349972;-4,641463310047798;301;0;299;0,0;False;0,0028357315504500347;-0,012843164375534274;2,0
86;vehicles_step_sim_8.csv;SUMO_carro_1000;HBEFA4/PC_petrol_Euro-6ab;Gasoline;1773509248;2026-03-14 17:27:28;2026-03-14 17:27:29;1,0;3,059887;3,059887;0,0;48,38354952727273;111765,999408;589,0282474999999;-111176,9711605;-5,558848558025;33,592971000000006;9,43776;40,77564360647124;-73,96068698429804;40,77419824467482;-73,96114108863082;40,7724097;-73,9467952;40,7711375;-73,947542;True;True;0xCDcF7b2a3352a32cc28FD35C3924f5BD542a25Ea;299;299;299;0;0,0;9,770852033547518;6,313572298412216;-3,4572797351353026;301;0;299;0,0;False;-0,003010808501661702;0,013548026547836302;2,0
87;vehicles_step_sim_8.csv;SUMO_carro_1000;HBEFA4/PC_petrol_Euro-6ab;Gasoline;1773509248;2026-03-14 17:27:28;2026-03-14 17:27:29;1,0;3,059887;3,059887;0,0;48,38354952727273;111765,999408;589,0282474999999;-111176,9711605;-5,558848558025;33,592971000000006;9,43776;40,77564360647124;-73,96068698429804;40,77419824467482;-73,96114108863082;40,7852386;-73,9515309;40,7840012;-73,9523051;True;True;0xCDcF7b2a3352a32cc28FD35C3924f5BD542a25Ea;299;299;299;0;0,0;9,770852033547518;11,22799227622147;1,457140242673951;301;0;299;0,0;False;0,009846063181806015;0,008946997695263944;2,0
88;vehicles_step_sim_8.csv;SUMO_carro_1000;HBEFA4/PC_petrol_Euro-6ab;Gasoline;1773509248;2026-03-14 17:27:28;2026-03-14 17:27:29;1,0;3,059887;3,059887;0,0;48,38354952727273;111765,999408;589,0282474999999;-111176,9711605;-5,558848558025;33,592971000000006;9,43776;40,77564360647124;-73,96068698429804;40,77419824467482;-73,96114108863082;40,7654712;-73,9721568;40,7642235;-73,9729016;True;True;0xCDcF7b2a3352a32cc28FD35C3924f5BD542a25Ea;299;299;299;0;0,0;9,770852033547518;10,557544948728898;0,78669291518138;301;0;299;0,0;False;-0,010306975402917577;-0,011612390080210325;2,0
89;vehicles_step_sim_8.csv;SUMO_carro_1000;HBEFA4/PC_petrol_Euro-6ab;Gasoline;1773509248;2026-03-14 17:27:28;2026-03-14 17:27:29;1,0;3,059887;3,059887;0,0;48,38354952727273;111765,999408;589,0282474999999;-111176,9711605;-5,558848558025;33,592971000000006;9,43776;40,77564360647124;-73,96068698429804;40,77419824467482;-73,96114108863082;40,7608441;-73,9648675;40,7592531;-73,9651546;True;True;0xCDcF7b2a3352a32cc28FD35C3924f5BD542a25Ea;299;299;299;0;0,0;9,770852033547518;9,406380098483014;-0,36447193506450404;301;0;299;0,0;False;-0,014881061591336958;-0,004056481937862184;2,0
90;vehicles_step_sim_8.csv;SUMO_carro_1000;HBEFA4/PC_petrol_Euro-6ab;Gasoline;1773509248;2026-03-14 17:27:28;2026-03-14 17:27:29;1,0;3,059887;3,059887;0,0;48,38354952727273;111765,999408;589,0282474999999;-111176,9711605;-5,558848558025;33,592971000000006;9,43776;40,77564360647124;-73,96068698429804;40,77419824467482;-73,96114108863082;40,7839052;-73,9542231;40,7826545;-73,955144;True;True;0xCDcF7b2a3352a32cc28FD35C3924f5BD542a25Ea;299;299;299;0;0,0;9,770852033547518;10,139775375953686;0,368923342406168;301;0;299;0,0;False;0,0080810000886423;0,0065658435749743746;2,0
91;vehicles_step_sim_8.csv;SUMO_carro_1000;HBEFA4/PC_petrol_Euro-6ab;Gasoline;1773509248;2026-03-14 17:27:28;2026-03-14 17:27:29;1,0;3,059887;3,059887;0,0;48,38354952727273;111765,999408;589,0282474999999;-111176,9711605;-5,558848558025;33,592971000000006;9,43776;40,77564360647124;-73,96068698429804;40,77419824467482;-73,96114108863082;40,7590118;-73,9583867;40,7580288;-73,9590876;True;True;0xCDcF7b2a3352a32cc28FD35C3924f5BD542a25Ea;299;299;299;0;0,0;9,770852033547518;14,006839606074882;4,235987572527364;301;0;299;0,0;False;-0,0168561361790135;0,002959968616534721;2,0
92;vehicles_step_sim_8.csv;SUMO_carro_1000;HBEFA4/PC_petrol_Euro-6ab;Gasoline;1773509248;2026-03-14 17:27:28;2026-03-14 17:27:29;1,0;3,059887;3,059887;0,0;48,38354952727273;111765,999408;589,0282474999999;-111176,9711605;-5,558848558025;33,592971000000006;9,43776;40,77564360647124;-73,96068698429804;40,77419824467482;-73,96114108863082;40,7861999;-73,9538223;40,7846661;-73,9540596;True;True;0xCDcF7b2a3352a32cc28FD35C3924f5BD542a25Ea;299;299;299;0;0,0;9,770852033547518;10,404839016937844;0,6339869833903258;301;0;299;0,0;False;0,01049047920922617;0,0070895110063817005;2,0
93;vehicles_step_sim_8.csv;SUMO_carro_1000;HBEFA4/PC_petrol_Euro-6ab;Gasoline;1773509248;2026-03-14 17:27:28;2026-03-14 17:27:29;1,0;3,059887;3,059887;0,0;48,38354952727273;111765,999408;589,0282474999999;-111176,9711605;-5,558848558025;33,592971000000006;9,43776;40,77564360647124;-73,96068698429804;40,77419824467482;-73,96114108863082;40,7776866;-73,9612871;40,7764254;-73,9620652;True;True;0xCDcF7b2a3352a32cc28FD35C3924f5BD542a25Ea;299;299;299;0;0,0;9,770852033547518;9,004953432621718;-0,7658986009257998;301;0;299;0,0;False;0,002592939189215222;-0,0009846307993029834;2,0
94;vehicles_step_sim_8.csv;SUMO_carro_1000;HBEFA4/PC_petrol_Euro-6ab;Gasoline;1773509248;2026-03-14 17:27:28;2026-03-14 17:27:29;1,0;3,059887;3,059887;0,0;48,38354952727273;111765,999408;589,0282474999999;-111176,9711605;-5,558848558025;33,592971000000006;9,43776;40,77564360647124;-73,96068698429804;40,77419824467482;-73,96114108863082;40,7904251;-73,965607;40,7891735;-73,9665257;True;True;0xCDcF7b2a3352a32cc28FD35C3924f5BD542a25Ea;299;299;299;0;0,0;9,770852033547518;8,889958131686873;-0,8808939018606452;301;0;299;0,0;False;0,014621363884782695;-0,004279764310413336;2,0
95;vehicles_step_sim_8.csv;SUMO_carro_1000;HBEFA4/PC_petrol_Euro-6ab;Gasoline;1773509248;2026-03-14 17:27:28;2026-03-14 17:27:29;1,0;3,059887;3,059887;0,0;48,38354952727273;111765,999408;589,0282474999999;-111176,9711605;-5,558848558025;33,592971000000006;9,43776;40,77564360647124;-73,96068698429804;40,77419824467482;-73,96114108863082;40,7685431;-73,9556359;40,7671911;-73,9566268;True;True;0xCDcF7b2a3352a32cc28FD35C3924f5BD542a25Ea;299;299;299;0;0,0;9,770852033547518;9,781210547169575;0,010358513622056975;301;0;299;0,0;False;-0,006957020702291911;0,004300693667514068;2,0
96;vehicles_step_sim_8.csv;SUMO_carro_1000;HBEFA4/PC_petrol_Euro-6ab;Gasoline;1773509248;2026-03-14 17:27:28;2026-03-14 17:27:29;1,0;3,059887;3,059887;0,0;48,38354952727273;111765,999408;589,0282474999999;-111176,9711605;-5,558848558025;33,592971000000006;9,43776;40,77564360647124;-73,96068698429804;40,77419824467482;-73,96114108863082;40,7749852;-73,9529039;40,7732379;-73,9526857;True;True;0xCDcF7b2a3352a32cc28FD35C3924f5BD542a25Ea;299;299;299;0;0,0;9,770852033547518;9,848885340979187;0,07803330743166903;301;0;299;0,0;False;-0,0007632520458983931;0,008611340055431661;2,0
97;vehicles_step_sim_8.csv;SUMO_carro_1000;HBEFA4/PC_petrol_Euro-6ab;Gasoline;1773509248;2026-03-14 17:27:28;2026-03-14 17:27:29;1,0;3,059887;3,059887;0,0;48,38354952727273;111765,999408;589,0282474999999;-111176,9711605;-5,558848558025;33,592971000000006;9,43776;40,77564360647124;-73,96068698429804;40,77419824467482;-73,96114108863082;40,7693305;-73,9693214;40,7681499;-73,9705586;True;True;0xCDcF7b2a3352a32cc28FD35C3924f5BD542a25Ea;299;299;299;0;0,0;9,770852033547518;10,63182517195899;0,860973138411472;301;0;299;0,0;False;-0,0059450591173687084;-0,009367320948325014;2,0
98;vehicles_step_sim_8.csv;SUMO_carro_1000;HBEFA4/PC_petrol_Euro-6ab;Gasoline;1773509248;2026-03-14 17:27:28;2026-03-14 17:27:29;1,0;3,059887;3,059887;0,0;48,38354952727273;111765,999408;589,0282474999999;-111176,9711605;-5,558848558025;33,592971000000006;9,43776;40,77564360647124;-73,96068698429804;40,77419824467482;-73,96114108863082;40,7903767;-73,9601151;40,7852941;-73,9576729;True;True;0xCDcF7b2a3352a32cc28FD35C3924f5BD542a25Ea;299;299;299;0;0,0;9,770852033547518;19,133846889753563;9,362994856206045;301;0;299;0,0;False;0,012771564649165883;-0,0008635687009509034;2,0
99;vehicles_step_sim_8.csv;SUMO_carro_1000;HBEFA4/PC_petrol_Euro-6ab;Gasoline;1773509248;2026-03-14 17:27:28;2026-03-14 17:27:29;1,0;3,059887;3,059887;0,0;48,38354952727273;111765,999408;589,0282474999999;-111176,9711605;-5,558848558025;33,592971000000006;9,43776;40,77564360647124;-73,96068698429804;40,77419824467482;-73,96114108863082;40,7715957;-73,9530454;40,7695002;-73,9519819;True;True;0xCDcF7b2a3352a32cc28FD35C3924f5BD542a25Ea;299;299;299;0;0,0;9,770852033547518;11,593019240763537;1,8221672072160189;301;0;299;0,0;False;-0,004612225766167114;0,008227656823783092;2,0
100;vehicles_step_sim_8.csv;SUMO_carro_1000;HBEFA4/PC_petrol_Euro-6ab;Gasoline;1773509248;2026-03-14 17:27:28;2026-03-14 17:27:29;1,0;3,059887;3,059887;0,0;48,38354952727273;111765,999408;589,0282474999999;-111176,9711605;-5,558848558025;33,592971000000006;9,43776;40,77564360647124;-73,96068698429804;40,77419824467482;-73,96114108863082;40,7838468;-73,9473846;40,7828972;-73,9479253;True;True;0xCDcF7b2a3352a32cc28FD35C3924f5BD542a25Ea;299;299;299;0;0,0;9,770852033547518;11,393383465228617;1,6225314316810984;301;0;299;0,0;False;0,008085266335453083;0,013868886000177265;2,0
1;vehicles_step_sim_10.csv;SUMO_carro_1000;HBEFA4/PC_petrol_Euro-6ab;Gasoline;1773509250;2026-03-14 17:27:30;2026-03-14 17:27:30;0,0;3,158922;3,019816;0,139106;51,22368452424242;118326,711251;608,092485;-117718,618766;-5,8859309383;34,686589999999995;9,643311999999998;40,77564360647124;-73,96068698429804;40,7712357214096;-73,96381253941745;40,7751077;-73,9512317;40,7704475;-73,9542493;True;True;0xCDcF7b2a3352a32cc28FD35C3924f5BD542a25Ea;301;301;301;0;0,0;11,252519115275106;11,693645860853625;0,4411267455785186;303;0;301;0,0;False;-0,0003436529843554023;0,009354773734230265;2,0
2;vehicles_step_sim_10.csv;SUMO_carro_1000;HBEFA4/PC_petrol_Euro-6ab;Gasoline;1773509250;2026-03-14 17:27:30;2026-03-14 17:27:30;0,0;3,158922;3,019816;0,139106;51,22368452424242;118326,711251;608,092485;-117718,618766;-5,8859309383;34,686589999999995;9,643311999999998;40,77564360647124;-73,96068698429804;40,7712357214096;-73,96381253941745;40,758391;-73,9671202;40,7547237;-73,970098;True;True;0xCDcF7b2a3352a32cc28FD35C3924f5BD542a25Ea;301;301;301;0;0,0;11,252519115275106;12,292902226298832;1,0403831110237256;303;0;301;0,0;False;-0,01677863380928445;-0,006107755841531363;2,0
3;vehicles_step_sim_10.csv;SUMO_carro_1000;HBEFA4/PC_petrol_Euro-6ab;Gasoline;1773509250;2026-03-14 17:27:30;2026-03-14 17:27:30;0,0;3,158922;3,019816;0,139106;51,22368452424242;118326,711251;608,092485;-117718,618766;-5,8859309383;34,686589999999995;9,643311999999998;40,77564360647124;-73,96068698429804;40,7712357214096;-73,96381253941745;40,7667723;-73,9692542;40,7626208;-73,973139;True;True;0xCDcF7b2a3352a32cc28FD35C3924f5BD542a25Ea;301;301;301;0;0,0;11,252519115275106;12,902223682906907;1,649704567631801;303;0;301;0,0;False;-0,008937613093858236;-0,009235107338644834;2,0
4;vehicles_step_sim_10.csv;SUMO_carro_1000;HBEFA4/PC_petrol_Euro-6ab;Gasoline;1773509250;2026-03-14 17:27:30;2026-03-14 17:27:30;0,0;3,158922;3,019816;0,139106;51,22368452424242;118326,711251;608,092485;-117718,618766;-5,8859309383;34,686589999999995;9,643311999999998;40,77564360647124;-73,96068698429804;40,7712357214096;-73,96381253941745;40,7818999;-73,963227;40,7783776;-73,9672115;True;True;0xCDcF7b2a3352a32cc28FD35C3924f5BD542a25Ea;301;301;301;0;0,0;11,252519115275106;13,176914725352454;1,9243956100773474;303;0;301;0,0;False;0,005293641448311806;-0,004511413545289875;2,0
5;vehicles_step_sim_10.csv;SUMO_carro_1000;HBEFA4/PC_petrol_Euro-6ab;Gasoline;1773509250;2026-03-14 17:27:30;2026-03-14 17:27:30;0,0;3,158922;3,019816;0,139106;51,22368452424242;118326,711251;608,092485;-117718,618766;-5,8859309383;34,686589999999995;9,643311999999998;40,77564360647124;-73,96068698429804;40,7712357214096;-73,96381253941745;40,7838444;-73,9655375;40,7790791;-73,9688949;True;True;0xCDcF7b2a3352a32cc28FD35C3924f5BD542a25Ea;301;301;301;0;0,0;11,252519115275106;19,26747809291577;8,014958977640664;303;0;301;0,0;False;0,007331986086551071;-0,005325869645922322;2,0
6;vehicles_step_sim_10.csv;SUMO_carro_1000;HBEFA4/PC_petrol_Euro-6ab;Gasoline;1773509250;2026-03-14 17:27:30;2026-03-14 17:27:30;0,0;3,158922;3,019816;0,139106;51,22368452424242;118326,711251;608,092485;-117718,618766;-5,8859309383;34,686589999999995;9,643311999999998;40,77564360647124;-73,96068698429804;40,7712357214096;-73,96381253941745;40,7893891;-73,9571774;40,7846666;-73,9581319;True;True;0xCDcF7b2a3352a32cc28FD35C3924f5BD542a25Ea;301;301;301;0;0,0;11,252519115275106;10,867857942938656;-0,38466117233645036;303;0;301;0,0;False;0,014080639729370036;0,0036346392091961646;2,0
7;vehicles_step_sim_10.csv;SUMO_carro_1000;HBEFA4/PC_petrol_Euro-6ab;Gasoline;1773509250;2026-03-14 17:27:30;2026-03-14 17:27:30;0,0;3,158922;3,019816;0,139106;51,22368452424242;118326,711251;608,092485;-117718,618766;-5,8859309383;34,686589999999995;9,643311999999998;40,77564360647124;-73,96068698429804;40,7712357214096;-73,96381253941745;40,7604641;-73,9620193;40,7558231;-73,9649202;True;True;0xCDcF7b2a3352a32cc28FD35C3924f5BD542a25Ea;301;301;301;0;0,0;11,252519115275106;12,02553243453727;0,773013319262164;303;0;301;0,0;False;-0,01521818541454682;-0,0012679113239192903;2,0
8;vehicles_step_sim_10.csv;SUMO_carro_1000;HBEFA4/PC_petrol_Euro-6ab;Gasoline;1773509250;2026-03-14 17:27:30;2026-03-14 17:27:30;0,0;3,158922;3,019816;0,139106;51,22368452424242;118326,711251;608,092485;-117718,618766;-5,8859309383;34,686589999999995;9,643311999999998;40,77564360647124;-73,96068698429804;40,7712357214096;-73,96381253941745;40,7877404;-73,9710964;40,7826188;-73,9730915;True;True;0xCDcF7b2a3352a32cc28FD35C3924f5BD542a25Ea;301;301;301;0;0,0;11,252519115275106;10,033648553777368;-1,218870561497738;303;0;301;0,0;False;0,01166173530524519;-0,009275368161904338;2,0
9;vehicles_step_sim_10.csv;SUMO_carro_1000;HBEFA4/PC_petrol_Euro-6ab;Gasoline;1773509250;2026-03-14 17:27:30;2026-03-14 17:27:30;0,0;3,158922;3,019816;0,139106;51,22368452424242;118326,711251;608,092485;-117718,618766;-5,8859309383;34,686589999999995;9,643311999999998;40,77564360647124;-73,96068698429804;40,7712357214096;-73,96381253941745;40,7718787;-73,9635327;40,7673804;-73,9668053;True;True;0xCDcF7b2a3352a32cc28FD35C3924f5BD542a25Ea;301;301;301;0;0,0;11,252519115275106;11,707478381844018;0,4549592665689115;303;0;301;0,0;False;-0,003681444412448981;-0,0034366671681178252;2,0
10;vehicles_step_sim_10.csv;SUMO_carro_1000;HBEFA4/PC_petrol_Euro-6ab;Gasoline;1773509250;2026-03-14 17:27:30;2026-03-14 17:27:30;0,0;3,158922;3,019816;0,139106;51,22368452424242;118326,711251;608,092485;-117718,618766;-5,8859309383;34,686589999999995;9,643311999999998;40,77564360647124;-73,96068698429804;40,7712357214096;-73,96381253941745;40,7742377;-73,9592985;40,7697052;-73,9625959;True;True;0xCDcF7b2a3352a32cc28FD35C3924f5BD542a25Ea;301;301;301;0;0,0;11,252519115275106;13,039342650116842;1,7868235348417354;303;0;301;0,0;False;-0,001740983006172862;0,0015803114321469812;2,0
11;vehicles_step_sim_10.csv;SUMO_carro_1000;HBEFA4/PC_petrol_Euro-6ab;Gasoline;1773509250;2026-03-14 17:27:30;2026-03-14 17:27:30;0,0;3,158922;3,019816;0,139106;51,22368452424242;118326,711251;608,092485;-117718,618766;-5,8859309383;34,686589999999995;9,643311999999998;40,77564360647124;-73,96068698429804;40,7712357214096;-73,96381253941745;40,7755387;-73,9562075;40,7710093;-73,9595157;True;True;0xCDcF7b2a3352a32cc28FD35C3924f5BD542a25Ea;301;301;301;0;0,0;11,252519115275106;13,28889806508071;2,036378949805604;303;0;301;0,0;False;-0,00032896503826973874;0,005290427889877574;2,0
12;vehicles_step_sim_10.csv;SUMO_carro_1000;HBEFA4/PC_petrol_Euro-6ab;Gasoline;1773509250;2026-03-14 17:27:30;2026-03-14 17:27:30;0,0;3,158922;3,019816;0,139106;51,22368452424242;118326,711251;608,092485;-117718,618766;-5,8859309383;34,686589999999995;9,643311999999998;40,77564360647124;-73,96068698429804;40,7712357214096;-73,96381253941745;40,7895998;-73,9545251;40,7852941;-73,9576729;True;True;0xCDcF7b2a3352a32cc28FD35C3924f5BD542a25Ea;301;301;301;0;0,0;11,252519115275106;11,575152653878295;0,32263353860318844;303;0;301;0,0;False;0,014386019855027871;0,0050375938004382234;2,0
13;vehicles_step_sim_10.csv;SUMO_carro_1000;HBEFA4/PC_petrol_Euro-6ab;Gasoline;1773509250;2026-03-14 17:27:30;2026-03-14 17:27:30;0,0;3,158922;3,019816;0,139106;51,22368452424242;118326,711251;608,092485;-117718,618766;-5,8859309383;34,686589999999995;9,643311999999998;40,77564360647124;-73,96068698429804;40,7712357214096;-73,96381253941745;40,769654;-73,9743655;40,7658807;-73,9767198;True;True;0xCDcF7b2a3352a32cc28FD35C3924f5BD542a25Ea;301;301;301;0;0,0;11,252519115275106;11,207414894087396;-0,04510422118771018;303;0;301;0,0;False;-0,004596158493000496;-0,012306794978101793;2,0
14;vehicles_step_sim_10.csv;SUMO_carro_1000;HBEFA4/PC_petrol_Euro-6ab;Gasoline;1773509250;2026-03-14 17:27:30;2026-03-14 17:27:30;0,0;3,158922;3,019816;0,139106;51,22368452424242;118326,711251;608,092485;-117718,618766;-5,8859309383;34,686589999999995;9,643311999999998;40,77564360647124;-73,96068698429804;40,7712357214096;-73,96381253941745;40,783779;-73,9777095;40,7792423;-73,9810129;True;True;0xCDcF7b2a3352a32cc28FD35C3924f5BD542a25Ea;301;301;301;0;0,0;11,252519115275106;13,353858943329396;2,1013398280542894;303;0;301;0,0;False;0,007465838402360246;-0,016324661796963714;2,0
15;vehicles_step_sim_10.csv;SUMO_carro_1000;HBEFA4/PC_petrol_Euro-6ab;Gasoline;1773509250;2026-03-14 17:27:30;2026-03-14 17:27:30;0,0;3,158922;3,019816;0,139106;51,22368452424242;118326,711251;608,092485;-117718,618766;-5,8859309383;34,686589999999995;9,643311999999998;40,77564360647124;-73,96068698429804;40,7712357214096;-73,96381253941745;40,7793764;-73,9736737;40,7749695;-73,9770367;True;True;0xCDcF7b2a3352a32cc28FD35C3924f5BD542a25Ea;301;301;301;0;0,0;11,252519115275106;5,650552690365755;-5,601966424909351;303;0;301;0,0;False;0,0036998593389108965;-0,013412712827697093;2,0
16;vehicles_step_sim_10.csv;SUMO_carro_1000;HBEFA4/PC_petrol_Euro-6ab;Gasoline;1773509250;2026-03-14 17:27:30;2026-03-14 17:27:30;0,0;3,158922;3,019816;0,139106;51,22368452424242;118326,711251;608,092485;-117718,618766;-5,8859309383;34,686589999999995;9,643311999999998;40,77564360647124;-73,96068698429804;40,7712357214096;-73,96381253941745;40,789923;-73,95843;40,7831443;-73,9638043;True;True;0xCDcF7b2a3352a32cc28FD35C3924f5BD542a25Ea;301;301;301;0;0,0;11,252519115275106;8,35754742580445;-2,8949716894706565;303;0;301;0,0;False;0,012553390012012248;0,0011974153651341196;2,0
17;vehicles_step_sim_10.csv;SUMO_carro_1000;HBEFA4/PC_petrol_Euro-6ab;Gasoline;1773509250;2026-03-14 17:27:30;2026-03-14 17:27:30;0,0;3,158922;3,019816;0,139106;51,22368452424242;118326,711251;608,092485;-117718,618766;-5,8859309383;34,686589999999995;9,643311999999998;40,77564360647124;-73,96068698429804;40,7712357214096;-73,96381253941745;40,7755995;-73,9764204;40,7704772;-73,9756095;True;True;0xCDcF7b2a3352a32cc28FD35C3924f5BD542a25Ea;301;301;301;0;0,0;11,252519115275106;22,036280845861302;10,783761730586196;303;0;301;0,0;False;-0,0016410241028819046;-0,01207156336540617;2,0
18;vehicles_step_sim_10.csv;SUMO_carro_1000;HBEFA4/PC_petrol_Euro-6ab;Gasoline;1773509250;2026-03-14 17:27:30;2026-03-14 17:27:30;0,0;3,158922;3,019816;0,139106;51,22368452424242;118326,711251;608,092485;-117718,618766;-5,8859309383;34,686589999999995;9,643311999999998;40,77564360647124;-73,96068698429804;40,7712357214096;-73,96381253941745;40,7659079;-73,955572;40,7618461;-73,957576;True;True;0xCDcF7b2a3352a32cc28FD35C3924f5BD542a25Ea;301;301;301;0;0,0;11,252519115275106;10,388866641132005;-0,8636524741431018;303;0;301;0,0;False;-0,009332666871144034;0,005413482397421746;2,0
19;vehicles_step_sim_10.csv;SUMO_carro_1000;HBEFA4/PC_petrol_Euro-6ab;Gasoline;1773509250;2026-03-14 17:27:30;2026-03-14 17:27:30;0,0;3,158922;3,019816;0,139106;51,22368452424242;118326,711251;608,092485;-117718,618766;-5,8859309383;34,686589999999995;9,643311999999998;40,77564360647124;-73,96068698429804;40,7712357214096;-73,96381253941745;40,7869495;-73,9534929;40,7822005;-73,9559956;True;True;0xCDcF7b2a3352a32cc28FD35C3924f5BD542a25Ea;301;301;301;0;0,0;11,252519115275106;12,221284509767015;0,9687653944919088;303;0;301;0,0;False;0,010926939512153656;0,007324539711075516;2,0
20;vehicles_step_sim_10.csv;SUMO_carro_1000;HBEFA4/PC_petrol_Euro-6ab;Gasoline;1773509250;2026-03-14 17:27:30;2026-03-14 17:27:30;0,0;3,158922;3,019816;0,139106;51,22368452424242;118326,711251;608,092485;-117718,618766;-5,8859309383;34,686589999999995;9,643311999999998;40,77564360647124;-73,96068698429804;40,7712357214096;-73,96381253941745;40,7902558;-73,9692638;40,7861726;-73,9714151;True;True;0xCDcF7b2a3352a32cc28FD35C3924f5BD542a25Ea;301;301;301;0;0,0;11,252519115275106;9,850031096740969;-1,4024880185341377;303;0;301;0,0;False;0,014603307627946344;-0,007874589405260715;2,0
21;vehicles_step_sim_10.csv;SUMO_carro_1000;HBEFA4/PC_petrol_Euro-6ab;Gasoline;1773509250;2026-03-14 17:27:30;2026-03-14 17:27:30;0,0;3,158922;3,019816;0,139106;51,22368452424242;118326,711251;608,092485;-117718,618766;-5,8859309383;34,686589999999995;9,643311999999998;40,77564360647124;-73,96068698429804;40,7712357214096;-73,96381253941745;40,7739973;-73,9505613;40,7697095;-73,9544282;True;True;0xCDcF7b2a3352a32cc28FD35C3924f5BD542a25Ea;301;301;301;0;0,0;11,252519115275106;12,84269189034459;1,5901727750694832;303;0;301;0,0;False;-0,0018240572791811617;0,010340719874723856;2,0
22;vehicles_step_sim_10.csv;SUMO_carro_1000;HBEFA4/PC_petrol_Euro-6ab;Gasoline;1773509250;2026-03-14 17:27:30;2026-03-14 17:27:30;0,0;3,158922;3,019816;0,139106;51,22368452424242;118326,711251;608,092485;-117718,618766;-5,8859309383;34,686589999999995;9,643311999999998;40,77564360647124;-73,96068698429804;40,7712357214096;-73,96381253941745;40,7798468;-73,96051;40,7756509;-73,9645923;True;True;0xCDcF7b2a3352a32cc28FD35C3924f5BD542a25Ea;301;301;301;0;0,0;11,252519115275106;11,302225930134009;0,049706814858902604;303;0;301;0,0;False;0,004475704203198819;3,997166258189747e-05;2,0
23;vehicles_step_sim_10.csv;SUMO_carro_1000;HBEFA4/PC_petrol_Euro-6ab;Gasoline;1773509250;2026-03-14 17:27:30;2026-03-14 17:27:30;0,0;3,158922;3,019816;0,139106;51,22368452424242;118326,711251;608,092485;-117718,618766;-5,8859309383;34,686589999999995;9,643311999999998;40,77564360647124;-73,96068698429804;40,7712357214096;-73,96381253941745;40,791728;-73,9632947;40,7872934;-73,9678961;True;True;0xCDcF7b2a3352a32cc28FD35C3924f5BD542a25Ea;301;301;301;0;0,0;11,252519115275106;18,400287369485483;7,147768254210376;303;0;301;0,0;False;0,015712045144609988;-0,002627891723517517;2,0
24;vehicles_step_sim_10.csv;SUMO_carro_1000;HBEFA4/PC_petrol_Euro-6ab;Gasoline;1773509250;2026-03-14 17:27:30;2026-03-14 17:27:30;0,0;3,158922;3,019816;0,139106;51,22368452424242;118326,711251;608,092485;-117718,618766;-5,8859309383;34,686589999999995;9,643311999999998;40,77564360647124;-73,96068698429804;40,7712357214096;-73,96381253941745;40,7638282;-73,954385;40,7595052;-73,9579979;True;True;0xCDcF7b2a3352a32cc28FD35C3924f5BD542a25Ea;301;301;301;0;0,0;11,252519115275106;13,584932502506769;2,3324133872316626;303;0;301;0,0;False;-0,011980788451493305;0,006280144463331127;2,0
25;vehicles_step_sim_10.csv;SUMO_carro_1000;HBEFA4/PC_petrol_Euro-6ab;Gasoline;1773509250;2026-03-14 17:27:30;2026-03-14 17:27:30;0,0;3,158922;3,019816;0,139106;51,22368452424242;118326,711251;608,092485;-117718,618766;-5,8859309383;34,686589999999995;9,643311999999998;40,77564360647124;-73,96068698429804;40,7712357214096;-73,96381253941745;40,7779415;-73,965167;40,7725558;-73,9669592;True;True;0xCDcF7b2a3352a32cc28FD35C3924f5BD542a25Ea;301;301;301;0;0,0;11,252519115275106;10,660144860299924;-0,5923742549751818;303;0;301;0,0;False;0,0019821582330168197;-0,004712634482185161;2,0
26;vehicles_step_sim_10.csv;SUMO_carro_1000;HBEFA4/PC_petrol_Euro-6ab;Gasoline;1773509250;2026-03-14 17:27:30;2026-03-14 17:27:30;0,0;3,158922;3,019816;0,139106;51,22368452424242;118326,711251;608,092485;-117718,618766;-5,8859309383;34,686589999999995;9,643311999999998;40,77564360647124;-73,96068698429804;40,7712357214096;-73,96381253941745;40,7786974;-73,9679871;40,7699024;-73,9747411;True;True;0xCDcF7b2a3352a32cc28FD35C3924f5BD542a25Ea;301;301;301;0;0,0;11,252519115275106;14,539890403421708;3,287371288146602;303;0;301;0,0;False;0,0013636401081025369;-0,008514278912385301;2,0
27;vehicles_step_sim_10.csv;SUMO_carro_1000;HBEFA4/PC_petrol_Euro-6ab;Gasoline;1773509250;2026-03-14 17:27:30;2026-03-14 17:27:30;0,0;3,158922;3,019816;0,139106;51,22368452424242;118326,711251;608,092485;-117718,618766;-5,8859309383;34,686589999999995;9,643311999999998;40,77564360647124;-73,96068698429804;40,7712357214096;-73,96381253941745;40,7805056;-73,9500443;40,7761737;-73,9529849;True;True;0xCDcF7b2a3352a32cc28FD35C3924f5BD542a25Ea;301;301;301;0;0,0;11,252519115275106;11,998336314175452;0,7458171989003457;303;0;301;0,0;False;0,005204775955764084;0,01049039808142722;2,0
28;vehicles_step_sim_10.csv;SUMO_carro_1000;HBEFA4/PC_petrol_Euro-6ab;Gasoline;1773509250;2026-03-14 17:27:30;2026-03-14 17:27:30;0,0;3,158922;3,019816;0,139106;51,22368452424242;118326,711251;608,092485;-117718,618766;-5,8859309383;34,686589999999995;9,643311999999998;40,77564360647124;-73,96068698429804;40,7712357214096;-73,96381253941745;40,7903029;-73,9599137;40,7835281;-73,9644858;True;True;0xCDcF7b2a3352a32cc28FD35C3924f5BD542a25Ea;301;301;301;0;0,0;11,252519115275106;12,902279431851705;1,6497603165765984;303;0;301;0,0;False;0,012506182557721327;-0,00048188625378763414;2,0
29;vehicles_step_sim_10.csv;SUMO_carro_1000;HBEFA4/PC_petrol_Euro-6ab;Gasoline;1773509250;2026-03-14 17:27:30;2026-03-14 17:27:30;0,0;3,158922;3,019816;0,139106;51,22368452424242;118326,711251;608,092485;-117718,618766;-5,8859309383;34,686589999999995;9,643311999999998;40,77564360647124;-73,96068698429804;40,7712357214096;-73,96381253941745;40,7765182;-73,9757504;40,7711719;-73,9768108;True;True;0xCDcF7b2a3352a32cc28FD35C3924f5BD542a25Ea;301;301;301;0;0,0;11,252519115275106;29,46308911992062;18,210570004645515;303;0;301;0,0;False;4,9281266010674444e-05;-0,012907921416310801;2,0
30;vehicles_step_sim_10.csv;SUMO_carro_1000;HBEFA4/PC_petrol_Euro-6ab;Gasoline;1773509250;2026-03-14 17:27:30;2026-03-14 17:27:30;0,0;3,158922;3,019816;0,139106;51,22368452424242;118326,711251;608,092485;-117718,618766;-5,8859309383;34,686589999999995;9,643311999999998;40,77564360647124;-73,96068698429804;40,7712357214096;-73,96381253941745;40,7872188;-73,9500654;40,7827481;-73,9532179;True;True;0xCDcF7b2a3352a32cc28FD35C3924f5BD542a25Ea;301;301;301;0;0,0;11,252519115275106;11,876365428427055;0,6238463131519492;303;0;301;0,0;False;0,011619935654242197;0,010665989072859233;2,0
31;vehicles_step_sim_10.csv;SUMO_carro_1000;HBEFA4/PC_petrol_Euro-6ab;Gasoline;1773509250;2026-03-14 17:27:30;2026-03-14 17:27:30;0,0;3,158922;3,019816;0,139106;51,22368452424242;118326,711251;608,092485;-117718,618766;-5,8859309383;34,686589999999995;9,643311999999998;40,77564360647124;-73,96068698429804;40,7712357214096;-73,96381253941745;40,7889891;-73,9549705;40,7846666;-73,9581319;True;True;0xCDcF7b2a3352a32cc28FD35C3924f5BD542a25Ea;301;301;301;0;0,0;11,252519115275106;11,627461102465519;0,3749419871904127;303;0;301;0,0;False;0,013399167785758441;0,005293993520254214;2,0
32;vehicles_step_sim_10.csv;SUMO_carro_1000;HBEFA4/PC_petrol_Euro-6ab;Gasoline;1773509250;2026-03-14 17:27:30;2026-03-14 17:27:30;0,0;3,158922;3,019816;0,139106;51,22368452424242;118326,711251;608,092485;-117718,618766;-5,8859309383;34,686589999999995;9,643311999999998;40,77564360647124;-73,96068698429804;40,7712357214096;-73,96381253941745;40,7649692;-73,9733392;40,760839;-73,9768604;True;True;0xCDcF7b2a3352a32cc28FD35C3924f5BD542a25Ea;301;301;301;0;0,0;11,252519115275106;12,662285619347077;1,4097665040719711;303;0;301;0,0;False;-0,010653813067253924;-0,012698165247242512;2,0
33;vehicles_step_sim_10.csv;SUMO_carro_1000;HBEFA4/PC_petrol_Euro-6ab;Gasoline;1773509250;2026-03-14 17:27:30;2026-03-14 17:27:30;0,0;3,158922;3,019816;0,139106;51,22368452424242;118326,711251;608,092485;-117718,618766;-5,8859309383;34,686589999999995;9,643311999999998;40,77564360647124;-73,96068698429804;40,7712357214096;-73,96381253941745;40,7788639;-73,9601294;40,774442;-73,9635163;True;True;0xCDcF7b2a3352a32cc28FD35C3924f5BD542a25Ea;301;301;301;0;0,0;11,252519115275106;11,553563487278009;0,30104437200290235;303;0;301;0,0;False;0,003260884970761193;0,0005218818977736548;2,0
34;vehicles_step_sim_10.csv;SUMO_carro_1000;HBEFA4/PC_petrol_Euro-6ab;Gasoline;1773509250;2026-03-14 17:27:30;2026-03-14 17:27:30;0,0;3,158922;3,019816;0,139106;51,22368452424242;118326,711251;608,092485;-117718,618766;-5,8859309383;34,686589999999995;9,643311999999998;40,77564360647124;-73,96068698429804;40,7712357214096;-73,96381253941745;40,7694395;-73,9577356;40,7645804;-73,9601629;True;True;0xCDcF7b2a3352a32cc28FD35C3924f5BD542a25Ea;301;301;301;0;0,0;11,252519115275106;12,472976810468316;1,2204576951932093;303;0;301;0,0;False;-0,006843501303842534;0,0034079041374100736;2,0
35;vehicles_step_sim_10.csv;SUMO_carro_1000;HBEFA4/PC_petrol_Euro-6ab;Gasoline;1773509250;2026-03-14 17:27:30;2026-03-14 17:27:30;0,0;3,158922;3,019816;0,139106;51,22368452424242;118326,711251;608,092485;-117718,618766;-5,8859309383;34,686589999999995;9,643311999999998;40,77564360647124;-73,96068698429804;40,7712357214096;-73,96381253941745;40,7789069;-73,9684905;40,7774869;-73,9750388;True;True;0xCDcF7b2a3352a32cc28FD35C3924f5BD542a25Ea;301;301;301;0;0,0;11,252519115275106;12,297663743723595;1,0451446284484884;303;0;301;0,0;False;0,004243135179137436;-0,0070670877974741125;2,0
36;vehicles_step_sim_10.csv;SUMO_carro_1000;HBEFA4/PC_petrol_Euro-6ab;Gasoline;1773509250;2026-03-14 17:27:30;2026-03-14 17:27:30;0,0;3,158922;3,019816;0,139106;51,22368452424242;118326,711251;608,092485;-117718,618766;-5,8859309383;34,686589999999995;9,643311999999998;40,77564360647124;-73,96068698429804;40,7712357214096;-73,96381253941745;40,7820303;-73,9555914;40,7781486;-73,9584302;True;True;0xCDcF7b2a3352a32cc28FD35C3924f5BD542a25Ea;301;301;301;0;0,0;11,252519115275106;12,501251904345528;1,2487327890704218;303;0;301;0,0;False;0,006535827348412993;0,005614687694837653;2,0
37;vehicles_step_sim_10.csv;SUMO_carro_1000;HBEFA4/PC_petrol_Euro-6ab;Gasoline;1773509250;2026-03-14 17:27:30;2026-03-14 17:27:30;0,0;3,158922;3,019816;0,139106;51,22368452424242;118326,711251;608,092485;-117718,618766;-5,8859309383;34,686589999999995;9,643311999999998;40,77564360647124;-73,96068698429804;40,7712357214096;-73,96381253941745;40,7646815;-73,9584577;40,7603118;-73,9616495;True;True;0xCDcF7b2a3352a32cc28FD35C3924f5BD542a25Ea;301;301;301;0;0,0;11,252519115275106;10,494140285060464;-0,7583788302146424;303;0;301;0,0;False;-0,010765165690493197;0,002051991863583622;2,0
38;vehicles_step_sim_10.csv;SUMO_carro_1000;HBEFA4/PC_petrol_Euro-6ab;Gasoline;1773509250;2026-03-14 17:27:30;2026-03-14 17:27:30;0,0;3,158922;3,019816;0,139106;51,22368452424242;118326,711251;608,092485;-117718,618766;-5,8859309383;34,686589999999995;9,643311999999998;40,77564360647124;-73,96068698429804;40,7712357214096;-73,96381253941745;40,7655184;-73,9701659;40,7610338;-73,9733942;True;True;0xCDcF7b2a3352a32cc28FD35C3924f5BD542a25Ea;301;301;301;0;0,0;11,252519115275106;12,045865192832318;0,7933460775572119;303;0;301;0,0;False;-0,010047169659199487;-0,010052650100570921;2,0
39;vehicles_step_sim_10.csv;SUMO_carro_1000;HBEFA4/PC_petrol_Euro-6ab;Gasoline;1773509250;2026-03-14 17:27:30;2026-03-14 17:27:30;0,0;3,158922;3,019816;0,139106;51,22368452424242;118326,711251;608,092485;-117718,618766;-5,8859309383;34,686589999999995;9,643311999999998;40,77564360647124;-73,96068698429804;40,7712357214096;-73,96381253941745;40,7793764;-73,9736737;40,7748623;-73,9769627;True;True;0xCDcF7b2a3352a32cc28FD35C3924f5BD542a25Ea;301;301;301;0;0,0;11,252519115275106;36,70359284151394;25,451073726238832;303;0;301;0,0;False;0,002848019139761488;-0,011525051379905336;2,0
40;vehicles_step_sim_10.csv;SUMO_carro_1000;HBEFA4/PC_petrol_Euro-6ab;Gasoline;1773509250;2026-03-14 17:27:30;2026-03-14 17:27:30;0,0;3,158922;3,019816;0,139106;51,22368452424242;118326,711251;608,092485;-117718,618766;-5,8859309383;34,686589999999995;9,643311999999998;40,77564360647124;-73,96068698429804;40,7712357214096;-73,96381253941745;40,7837674;-73,9652674;40,7790791;-73,9688949;True;True;0xCDcF7b2a3352a32cc28FD35C3924f5BD542a25Ea;301;301;301;0;0,0;11,252519115275106;13,1457957507432;1,8932766354680943;303;0;301;0,0;False;0,009248610965630202;-0,0038770821880640513;2,0
41;vehicles_step_sim_10.csv;SUMO_carro_1000;HBEFA4/PC_petrol_Euro-6ab;Gasoline;1773509250;2026-03-14 17:27:30;2026-03-14 17:27:30;0,0;3,158922;3,019816;0,139106;51,22368452424242;118326,711251;608,092485;-117718,618766;-5,8859309383;34,686589999999995;9,643311999999998;40,77564360647124;-73,96068698429804;40,7712357214096;-73,96381253941745;40,779566;-73,9735358;40,7749753;-73,9768787;True;True;0xCDcF7b2a3352a32cc28FD35C3924f5BD542a25Ea;301;301;301;0;0,0;11,252519115275106;9,838640062592724;-1,4138790526823826;303;0;301;0,0;False;0,00381619194685821;-0,012600504750382237;2,0
42;vehicles_step_sim_10.csv;SUMO_carro_1000;HBEFA4/PC_petrol_Euro-6ab;Gasoline;1773509250;2026-03-14 17:27:30;2026-03-14 17:27:30;0,0;3,158922;3,019816;0,139106;51,22368452424242;118326,711251;608,092485;-117718,618766;-5,8859309383;34,686589999999995;9,643311999999998;40,77564360647124;-73,96068698429804;40,7712357214096;-73,96381253941745;40,7662372;-73,9543678;40,7618461;-73,957576;True;True;0xCDcF7b2a3352a32cc28FD35C3924f5BD542a25Ea;301;301;301;0;0,0;11,252519115275106;9,392401007493524;-1,8601181077815827;303;0;301;0,0;False;-0,009375647927330349;0,006003278947961047;2,0
43;vehicles_step_sim_10.csv;SUMO_carro_1000;HBEFA4/PC_petrol_Euro-6ab;Gasoline;1773509250;2026-03-14 17:27:30;2026-03-14 17:27:30;0,0;3,158922;3,019816;0,139106;51,22368452424242;118326,711251;608,092485;-117718,618766;-5,8859309383;34,686589999999995;9,643311999999998;40,77564360647124;-73,96068698429804;40,7712357214096;-73,96381253941745;40,7765596;-73,9767653;40,7720393;-73,9798319;True;True;0xCDcF7b2a3352a32cc28FD35C3924f5BD542a25Ea;301;301;301;0;0,0;11,252519115275106;6,81567327324886;-4,436845842026246;303;0;301;0,0;False;0,0011976394803624108;-0,01615715805326667;2,0
44;vehicles_step_sim_10.csv;SUMO_carro_1000;HBEFA4/PC_petrol_Euro-6ab;Gasoline;1773509250;2026-03-14 17:27:30;2026-03-14 17:27:30;0,0;3,158922;3,019816;0,139106;51,22368452424242;118326,711251;608,092485;-117718,618766;-5,8859309383;34,686589999999995;9,643311999999998;40,77564360647124;-73,96068698429804;40,7712357214096;-73,96381253941745;40,7782247;-73,9746579;40,7737116;-73,9779585;True;True;0xCDcF7b2a3352a32cc28FD35C3924f5BD542a25Ea;301;301;301;0;0,0;11,252519115275106;7,756107068218551;-3,4964120470565554;303;0;301;0,0;False;0,0024688938422301877;-0,014175955858593332;2,0
45;vehicles_step_sim_10.csv;SUMO_carro_1000;HBEFA4/PC_petrol_Euro-6ab;Gasoline;1773509250;2026-03-14 17:27:30;2026-03-14 17:27:30;0,0;3,158922;3,019816;0,139106;51,22368452424242;118326,711251;608,092485;-117718,618766;-5,8859309383;34,686589999999995;9,643311999999998;40,77564360647124;-73,96068698429804;40,7712357214096;-73,96381253941745;40,766897;-73,950481;40,7626399;-73,9542213;True;True;0xCDcF7b2a3352a32cc28FD35C3924f5BD542a25Ea;301;301;301;0;0,0;11,252519115275106;14,303192270577217;3,0506731553021105;303;0;301;0,0;False;-0,008822394297643678;0,010272635303204646;2,0
46;vehicles_step_sim_10.csv;SUMO_carro_1000;HBEFA4/PC_petrol_Euro-6ab;Gasoline;1773509250;2026-03-14 17:27:30;2026-03-14 17:27:30;0,0;3,158922;3,019816;0,139106;51,22368452424242;118326,711251;608,092485;-117718,618766;-5,8859309383;34,686589999999995;9,643311999999998;40,77564360647124;-73,96068698429804;40,7712357214096;-73,96381253941745;40,7845594;-73,9673488;40,7797715;-73,9707388;True;True;0xCDcF7b2a3352a32cc28FD35C3924f5BD542a25Ea;301;301;301;0;0,0;11,252519115275106;22,962171298500518;11,709652183225412;303;0;301;0,0;False;0,0080479950785264;-0,007354492692566198;2,0
47;vehicles_step_sim_10.csv;SUMO_carro_1000;HBEFA4/PC_petrol_Euro-6ab;Gasoline;1773509250;2026-03-14 17:27:30;2026-03-14 17:27:30;0,0;3,158922;3,019816;0,139106;51,22368452424242;118326,711251;608,092485;-117718,618766;-5,8859309383;34,686589999999995;9,643311999999998;40,77564360647124;-73,96068698429804;40,7712357214096;-73,96381253941745;40,7837674;-73,9652674;40,7789505;-73,968591;True;True;0xCDcF7b2a3352a32cc28FD35C3924f5BD542a25Ea;301;301;301;0;0,0;11,252519115275106;11,31352536563225;0,0610062503571438;303;0;301;0,0;False;0,008778450291883347;-0,004081709312393501;2,0
48;vehicles_step_sim_10.csv;SUMO_carro_1000;HBEFA4/PC_petrol_Euro-6ab;Gasoline;1773509250;2026-03-14 17:27:30;2026-03-14 17:27:30;0,0;3,158922;3,019816;0,139106;51,22368452424242;118326,711251;608,092485;-117718,618766;-5,8859309383;34,686589999999995;9,643311999999998;40,77564360647124;-73,96068698429804;40,7712357214096;-73,96381253941745;40,7590784;-73,9586142;40,7547781;-73,962153;True;True;0xCDcF7b2a3352a32cc28FD35C3924f5BD542a25Ea;301;301;301;0;0,0;11,252519115275106;12,653735875184745;1,401216759909639;303;0;301;0,0;False;-0,016621420829223982;0,002082209732238874;2,0
49;vehicles_step_sim_10.csv;SUMO_carro_1000;HBEFA4/PC_petrol_Euro-6ab;Gasoline;1773509250;2026-03-14 17:27:30;2026-03-14 17:27:30;0,0;3,158922;3,019816;0,139106;51,22368452424242;118326,711251;608,092485;-117718,618766;-5,8859309383;34,686589999999995;9,643311999999998;40,77564360647124;-73,96068698429804;40,7712357214096;-73,96381253941745;40,7671898;-73,9663507;40,7627472;-73,9694281;True;True;0xCDcF7b2a3352a32cc28FD35C3924f5BD542a25Ea;301;301;301;0;0,0;11,252519115275106;10,682788199010496;-0,5697309162646107;303;0;301;0,0;False;-0,008723341018928753;-0,005229163279008965;2,0
50;vehicles_step_sim_10.csv;SUMO_carro_1000;HBEFA4/PC_petrol_Euro-6ab;Gasoline;1773509250;2026-03-14 17:27:30;2026-03-14 17:27:30;0,0;3,158922;3,019816;0,139106;51,22368452424242;118326,711251;608,092485;-117718,618766;-5,8859309383;34,686589999999995;9,643311999999998;40,77564360647124;-73,96068698429804;40,7712357214096;-73,96381253941745;40,7886992;-73,9668738;40,784244;-73,9667779;True;True;0xCDcF7b2a3352a32cc28FD35C3924f5BD542a25Ea;301;301;301;0;0,0;11,252519115275106;11,584223371051648;0,3317042557765415;303;0;301;0,0;False;0,01212636937860177;-0,0036857148609382093;2,0
51;vehicles_step_sim_10.csv;SUMO_carro_1000;HBEFA4/PC_petrol_Euro-6ab;Gasoline;1773509250;2026-03-14 17:27:30;2026-03-14 17:27:30;0,0;3,158922;3,019816;0,139106;51,22368452424242;118326,711251;608,092485;-117718,618766;-5,8859309383;34,686589999999995;9,643311999999998;40,77564360647124;-73,96068698429804;40,7712357214096;-73,96381253941745;40,784673;-73,9699691;40,7799769;-73,9747351;True;True;0xCDcF7b2a3352a32cc28FD35C3924f5BD542a25Ea;301;301;301;0;0,0;11,252519115275106;10,067434256215426;-1,18508485905968;303;0;301;0,0;False;0,009277902896445067;-0,0106238590636942;2,0
52;vehicles_step_sim_10.csv;SUMO_carro_1000;HBEFA4/PC_petrol_Euro-6ab;Gasoline;1773509250;2026-03-14 17:27:30;2026-03-14 17:27:30;0,0;3,158922;3,019816;0,139106;51,22368452424242;118326,711251;608,092485;-117718,618766;-5,8859309383;34,686589999999995;9,643311999999998;40,77564360647124;-73,96068698429804;40,7712357214096;-73,96381253941745;40,7654742;-73,9719952;40,7616211;-73,9747966;True;True;0xCDcF7b2a3352a32cc28FD35C3924f5BD542a25Ea;301;301;301;0;0,0;11,252519115275106;11,838391717305017;0,5858726020299105;303;0;301;0,0;False;-0,010045662439266658;-0,010819819870938526;2,0
53;vehicles_step_sim_10.csv;SUMO_carro_1000;HBEFA4/PC_petrol_Euro-6ab;Gasoline;1773509250;2026-03-14 17:27:30;2026-03-14 17:27:30;0,0;3,158922;3,019816;0,139106;51,22368452424242;118326,711251;608,092485;-117718,618766;-5,8859309383;34,686589999999995;9,643311999999998;40,77564360647124;-73,96068698429804;40,7712357214096;-73,96381253941745;40,7858619;-73,974777;40,780791;-73,9767736;True;True;0xCDcF7b2a3352a32cc28FD35C3924f5BD542a25Ea;301;301;301;0;0,0;11,252519115275106;11,005962808684968;-0,24655630659013816;303;0;301;0,0;False;0,010173769257554408;-0,013822908197045588;2,0
54;vehicles_step_sim_10.csv;SUMO_carro_1000;HBEFA4/PC_petrol_Euro-6ab;Gasoline;1773509250;2026-03-14 17:27:30;2026-03-14 17:27:30;0,0;3,158922;3,019816;0,139106;51,22368452424242;118326,711251;608,092485;-117718,618766;-5,8859309383;34,686589999999995;9,643311999999998;40,77564360647124;-73,96068698429804;40,7712357214096;-73,96381253941745;40,7822615;-73,9483867;40,7776805;-73,9512609;True;True;0xCDcF7b2a3352a32cc28FD35C3924f5BD542a25Ea;301;301;301;0;0,0;11,252519115275106;12,71268050054843;1,4601613852733237;303;0;301;0,0;False;0,0064672979666463805;0,012506238030414459;2,0
55;vehicles_step_sim_10.csv;SUMO_carro_1000;HBEFA4/PC_petrol_Euro-6ab;Gasoline;1773509250;2026-03-14 17:27:30;2026-03-14 17:27:30;0,0;3,158922;3,019816;0,139106;51,22368452424242;118326,711251;608,092485;-117718,618766;-5,8859309383;34,686589999999995;9,643311999999998;40,77564360647124;-73,96068698429804;40,7712357214096;-73,96381253941745;40,7594178;-73,9533338;40,7553349;-73,9570264;True;True;0xCDcF7b2a3352a32cc28FD35C3924f5BD542a25Ea;301;301;301;0;0,0;11,252519115275106;10,84696956547465;-0,40554954980045643;303;0;301;0,0;False;-0,015997117079114862;0,006999526364506947;2,0
56;vehicles_step_sim_10.csv;SUMO_carro_1000;HBEFA4/PC_petrol_Euro-6ab;Gasoline;1773509250;2026-03-14 17:27:30;2026-03-14 17:27:30;0,0;3,158922;3,019816;0,139106;51,22368452424242;118326,711251;608,092485;-117718,618766;-5,8859309383;34,686589999999995;9,643311999999998;40,77564360647124;-73,96068698429804;40,7712357214096;-73,96381253941745;40,7917087;-73,962752;40,7879373;-73,9674218;True;True;0xCDcF7b2a3352a32cc28FD35C3924f5BD542a25Ea;301;301;301;0;0,0;11,252519115275106;15,69521207643692;4,442692961161814;303;0;301;0,0;False;0,01606728547337539;-0,0021228941136935066;2,0
57;vehicles_step_sim_10.csv;SUMO_carro_1000;HBEFA4/PC_petrol_Euro-6ab;Gasoline;1773509250;2026-03-14 17:27:30;2026-03-14 17:27:30;0,0;3,158922;3,019816;0,139106;51,22368452424242;118326,711251;608,092485;-117718,618766;-5,8859309383;34,686589999999995;9,643311999999998;40,77564360647124;-73,96068698429804;40,7712357214096;-73,96381253941745;40,7792672;-73,9693377;40,7775922;-73,9749628;True;True;0xCDcF7b2a3352a32cc28FD35C3924f5BD542a25Ea;301;301;301;0;0,0;11,252519115275106;12,08066673632666;0,8281476210515546;303;0;301;0,0;False;0,004948374330255276;-0,0076594006085090585;2,0
58;vehicles_step_sim_10.csv;SUMO_carro_1000;HBEFA4/PC_petrol_Euro-6ab;Gasoline;1773509250;2026-03-14 17:27:30;2026-03-14 17:27:30;0,0;3,158922;3,019816;0,139106;51,22368452424242;118326,711251;608,092485;-117718,618766;-5,8859309383;34,686589999999995;9,643311999999998;40,77564360647124;-73,96068698429804;40,7712357214096;-73,96381253941745;40,7657545;-73,9764211;40,7624654;-73,9785603;True;True;0xCDcF7b2a3352a32cc28FD35C3924f5BD542a25Ea;301;301;301;0;0,0;11,252519115275106;11,534154509303384;0,2816353940282781;303;0;301;0,0;False;-0,008560106764250371;-0,014788489584242445;2,0
59;vehicles_step_sim_10.csv;SUMO_carro_1000;HBEFA4/PC_petrol_Euro-6ab;Gasoline;1773509250;2026-03-14 17:27:30;2026-03-14 17:27:30;0,0;3,158922;3,019816;0,139106;51,22368452424242;118326,711251;608,092485;-117718,618766;-5,8859309383;34,686589999999995;9,643311999999998;40,77564360647124;-73,96068698429804;40,7712357214096;-73,96381253941745;40,7687784;-73,970235;40,7643233;-73,9731384;True;True;0xCDcF7b2a3352a32cc28FD35C3924f5BD542a25Ea;301;301;301;0;0,0;11,252519115275106;11,53161337448291;0,2790942592078043;303;0;301;0,0;False;-0,006991963216042118;-0,009572776105487778;2,0
60;vehicles_step_sim_10.csv;SUMO_carro_1000;HBEFA4/PC_petrol_Euro-6ab;Gasoline;1773509250;2026-03-14 17:27:30;2026-03-14 17:27:30;0,0;3,158922;3,019816;0,139106;51,22368452424242;118326,711251;608,092485;-117718,618766;-5,8859309383;34,686589999999995;9,643311999999998;40,77564360647124;-73,96068698429804;40,7712357214096;-73,96381253941745;40,7749695;-73,9770367;40,7710153;-73,9812537;True;True;0xCDcF7b2a3352a32cc28FD35C3924f5BD542a25Ea;301;301;301;0;0,0;11,252519115275106;12,44384922911608;1,1913301138409729;303;0;301;0,0;False;-0,0004721632671714539;-0,01766212921188716;2,0
61;vehicles_step_sim_10.csv;SUMO_carro_1000;HBEFA4/PC_petrol_Euro-6ab;Gasoline;1773509250;2026-03-14 17:27:30;2026-03-14 17:27:30;0,0;3,158922;3,019816;0,139106;51,22368452424242;118326,711251;608,092485;-117718,618766;-5,8859309383;34,686589999999995;9,643311999999998;40,77564360647124;-73,96068698429804;40,7712357214096;-73,96381253941745;40,7666738;-73,9690204;40,7617431;-73,9710634;True;True;0xCDcF7b2a3352a32cc28FD35C3924f5BD542a25Ea;301;301;301;0;0,0;11,252519115275106;12,00096384708884;0,7484447318137342;303;0;301;0,0;False;-0,009278457949519318;-0,007751723092167048;2,0
62;vehicles_step_sim_10.csv;SUMO_carro_1000;HBEFA4/PC_petrol_Euro-6ab;Gasoline;1773509250;2026-03-14 17:27:30;2026-03-14 17:27:30;0,0;3,158922;3,019816;0,139106;51,22368452424242;118326,711251;608,092485;-117718,618766;-5,8859309383;34,686589999999995;9,643311999999998;40,77564360647124;-73,96068698429804;40,7712357214096;-73,96381253941745;40,7837674;-73,9652674;40,7790791;-73,9688949;True;True;0xCDcF7b2a3352a32cc28FD35C3924f5BD542a25Ea;301;301;301;0;0,0;11,252519115275106;13,763256725783949;2,5107376105088424;303;0;301;0,0;False;0,009445379656806072;-0,004046270790901791;2,0
63;vehicles_step_sim_10.csv;SUMO_carro_1000;HBEFA4/PC_petrol_Euro-6ab;Gasoline;1773509250;2026-03-14 17:27:30;2026-03-14 17:27:30;0,0;3,158922;3,019816;0,139106;51,22368452424242;118326,711251;608,092485;-117718,618766;-5,8859309383;34,686589999999995;9,643311999999998;40,77564360647124;-73,96068698429804;40,7712357214096;-73,96381253941745;40,7659093;-73,9767876;40,7624531;-73,9787341;True;True;0xCDcF7b2a3352a32cc28FD35C3924f5BD542a25Ea;301;301;301;0;0,0;11,252519115275106;13,024628802717226;1,7721096874421196;303;0;301;0,0;False;-0,008450409277362304;-0,015253948255137902;2,0
64;vehicles_step_sim_10.csv;SUMO_carro_1000;HBEFA4/PC_petrol_Euro-6ab;Gasoline;1773509250;2026-03-14 17:27:30;2026-03-14 17:27:30;0,0;3,158922;3,019816;0,139106;51,22368452424242;118326,711251;608,092485;-117718,618766;-5,8859309383;34,686589999999995;9,643311999999998;40,77564360647124;-73,96068698429804;40,7712357214096;-73,96381253941745;40,7632177;-73,9647028;40,7584759;-73,9673247;True;True;0xCDcF7b2a3352a32cc28FD35C3924f5BD542a25Ea;301;301;301;0;0,0;11,252519115275106;12,192244141433891;0,9397250261587846;303;0;301;0,0;False;-0,012574453518712782;-0,0034196131549883413;2,0
65;vehicles_step_sim_10.csv;SUMO_carro_1000;HBEFA4/PC_petrol_Euro-6ab;Gasoline;1773509250;2026-03-14 17:27:30;2026-03-14 17:27:30;0,0;3,158922;3,019816;0,139106;51,22368452424242;118326,711251;608,092485;-117718,618766;-5,8859309383;34,686589999999995;9,643311999999998;40,77564360647124;-73,96068698429804;40,7712357214096;-73,96381253941745;40,7584568;-73,9544175;40,7561384;-73,9606336;True;True;0xCDcF7b2a3352a32cc28FD35C3924f5BD542a25Ea;301;301;301;0;0,0;11,252519115275106;15,3928379418413;4,140318826566194;303;0;301;0,0;False;-0,016887661585943296;0,006089731925822458;2,0
66;vehicles_step_sim_10.csv;SUMO_carro_1000;HBEFA4/PC_petrol_Euro-6ab;Gasoline;1773509250;2026-03-14 17:27:30;2026-03-14 17:27:30;0,0;3,158922;3,019816;0,139106;51,22368452424242;118326,711251;608,092485;-117718,618766;-5,8859309383;34,686589999999995;9,643311999999998;40,77564360647124;-73,96068698429804;40,7712357214096;-73,96381253941745;40,7824638;-73,9635295;40,7780057;-73,9653204;True;True;0xCDcF7b2a3352a32cc28FD35C3924f5BD542a25Ea;301;301;301;0;0,0;11,252519115275106;11,585829748340004;0,3333106330648974;303;0;301;0,0;False;0,007056282590803939;-0,0013192726517998973;2,0
67;vehicles_step_sim_10.csv;SUMO_carro_1000;HBEFA4/PC_petrol_Euro-6ab;Gasoline;1773509250;2026-03-14 17:27:30;2026-03-14 17:27:30;0,0;3,158922;3,019816;0,139106;51,22368452424242;118326,711251;608,092485;-117718,618766;-5,8859309383;34,686589999999995;9,643311999999998;40,77564360647124;-73,96068698429804;40,7712357214096;-73,96381253941745;40,7884375;-73,9670646;40,7840515;-73,9702639;True;True;0xCDcF7b2a3352a32cc28FD35C3924f5BD542a25Ea;301;301;301;0;0,0;11,252519115275106;14,152664535163703;2,900145419888597;303;0;301;0,0;False;0,012785731986769164;-0,006277041013947712;2,0
68;vehicles_step_sim_10.csv;SUMO_carro_1000;HBEFA4/PC_petrol_Euro-6ab;Gasoline;1773509250;2026-03-14 17:27:30;2026-03-14 17:27:30;0,0;3,158922;3,019816;0,139106;51,22368452424242;118326,711251;608,092485;-117718,618766;-5,8859309383;34,686589999999995;9,643311999999998;40,77564360647124;-73,96068698429804;40,7712357214096;-73,96381253941745;40,7794865;-73,9735934;40,7749753;-73,9768787;True;True;0xCDcF7b2a3352a32cc28FD35C3924f5BD542a25Ea;301;301;301;0;0,0;11,252519115275106;9,545107191114829;-1,7074119241602776;303;0;301;0,0;False;0,003710303221683883;-0,01262169313896941;2,0
69;vehicles_step_sim_10.csv;SUMO_carro_1000;HBEFA4/PC_petrol_Euro-6ab;Gasoline;1773509250;2026-03-14 17:27:30;2026-03-14 17:27:30;0,0;3,158922;3,019816;0,139106;51,22368452424242;118326,711251;608,092485;-117718,618766;-5,8859309383;34,686589999999995;9,643311999999998;40,77564360647124;-73,96068698429804;40,7712357214096;-73,96381253941745;40,7794268;-73,9773461;40,7754314;-73,9802472;True;True;0xCDcF7b2a3352a32cc28FD35C3924f5BD542a25Ea;301;301;301;0;0,0;11,252519115275106;10,867396915277043;-0,3851221999980634;303;0;301;0,0;False;0,004067046593249097;-0,01660061053760948;2,0
70;vehicles_step_sim_10.csv;SUMO_carro_1000;HBEFA4/PC_petrol_Euro-6ab;Gasoline;1773509250;2026-03-14 17:27:30;2026-03-14 17:27:30;0,0;3,158922;3,019816;0,139106;51,22368452424242;118326,711251;608,092485;-117718,618766;-5,8859309383;34,686589999999995;9,643311999999998;40,77564360647124;-73,96068698429804;40,7712357214096;-73,96381253941745;40,7607458;-73,9686942;40,7568344;-73,9712093;True;True;0xCDcF7b2a3352a32cc28FD35C3924f5BD542a25Ea;301;301;301;0;0,0;11,252519115275106;12,341247714132663;1,088728598857557;303;0;301;0,0;False;-0,014604273905712341;-0,007698569450665543;2,0
71;vehicles_step_sim_10.csv;SUMO_carro_1000;HBEFA4/PC_petrol_Euro-6ab;Gasoline;1773509250;2026-03-14 17:27:30;2026-03-14 17:27:30;0,0;3,158922;3,019816;0,139106;51,22368452424242;118326,711251;608,092485;-117718,618766;-5,8859309383;34,686589999999995;9,643311999999998;40,77564360647124;-73,96068698429804;40,7712357214096;-73,96381253941745;40,7799769;-73,9747351;40,7765596;-73,9767653;True;True;0xCDcF7b2a3352a32cc28FD35C3924f5BD542a25Ea;301;301;301;0;0,0;11,252519115275106;6,101615735356334;-5,1509033799187725;303;0;301;0,0;False;0,004886186597206181;-0,013628314967452693;2,0
72;vehicles_step_sim_10.csv;SUMO_carro_1000;HBEFA4/PC_petrol_Euro-6ab;Gasoline;1773509250;2026-03-14 17:27:30;2026-03-14 17:27:30;0,0;3,158922;3,019816;0,139106;51,22368452424242;118326,711251;608,092485;-117718,618766;-5,8859309383;34,686589999999995;9,643311999999998;40,77564360647124;-73,96068698429804;40,7712357214096;-73,96381253941745;40,7803854;-73,9499171;40,7758756;-73,9532015;True;True;0xCDcF7b2a3352a32cc28FD35C3924f5BD542a25Ea;301;301;301;0;0,0;11,252519115275106;10,472809211830354;-0,7797099034447523;303;0;301;0,0;False;0,004592248424995359;0,01057089903054309;2,0
73;vehicles_step_sim_10.csv;SUMO_carro_1000;HBEFA4/PC_petrol_Euro-6ab;Gasoline;1773509250;2026-03-14 17:27:30;2026-03-14 17:27:30;0,0;3,158922;3,019816;0,139106;51,22368452424242;118326,711251;608,092485;-117718,618766;-5,8859309383;34,686589999999995;9,643311999999998;40,77564360647124;-73,96068698429804;40,7712357214096;-73,96381253941745;40,7618349;-73,9652887;40,757806;-73,9677004;True;True;0xCDcF7b2a3352a32cc28FD35C3924f5BD542a25Ea;301;301;301;0;0,0;11,252519115275106;12,368344555396948;1,1158254401218421;303;0;301;0,0;False;-0,013643170017327982;-0,004124132842757104;2,0
74;vehicles_step_sim_10.csv;SUMO_carro_1000;HBEFA4/PC_petrol_Euro-6ab;Gasoline;1773509250;2026-03-14 17:27:30;2026-03-14 17:27:30;0,0;3,158922;3,019816;0,139106;51,22368452424242;118326,711251;608,092485;-117718,618766;-5,8859309383;34,686589999999995;9,643311999999998;40,77564360647124;-73,96068698429804;40,7712357214096;-73,96381253941745;40,7730823;-73,9665764;40,7699024;-73,9747411;True;True;0xCDcF7b2a3352a32cc28FD35C3924f5BD542a25Ea;301;301;301;0;0,0;11,252519115275106;9,349056977857282;-1,903462137417824;303;0;301;0,0;False;-0,0009700260603959514;-0,010476670035834417;2,0
75;vehicles_step_sim_10.csv;SUMO_carro_1000;HBEFA4/PC_petrol_Euro-6ab;Gasoline;1773509250;2026-03-14 17:27:30;2026-03-14 17:27:30;0,0;3,158922;3,019816;0,139106;51,22368452424242;118326,711251;608,092485;-117718,618766;-5,8859309383;34,686589999999995;9,643311999999998;40,77564360647124;-73,96068698429804;40,7712357214096;-73,96381253941745;40,7636871;-73,9619403;40,7589403;-73,9644084;True;True;0xCDcF7b2a3352a32cc28FD35C3924f5BD542a25Ea;301;301;301;0;0,0;11,252519115275106;12,317101479159819;1,0645823638847123;303;0;301;0,0;False;-0,01222983668384749;-0,00019355767470915795;2,0
76;vehicles_step_sim_10.csv;SUMO_carro_1000;HBEFA4/PC_petrol_Euro-6ab;Gasoline;1773509250;2026-03-14 17:27:30;2026-03-14 17:27:30;0,0;3,158922;3,019816;0,139106;51,22368452424242;118326,711251;608,092485;-117718,618766;-5,8859309383;34,686589999999995;9,643311999999998;40,77564360647124;-73,96068698429804;40,7712357214096;-73,96381253941745;40,7639388;-73,9586433;40,7596782;-73,961169;True;True;0xCDcF7b2a3352a32cc28FD35C3924f5BD542a25Ea;301;301;301;0;0,0;11,252519115275106;11,568565988501453;0,3160468732263464;303;0;301;0,0;False;-0,011805591144490275;0,002514388189253828;2,0
77;vehicles_step_sim_10.csv;SUMO_carro_1000;HBEFA4/PC_petrol_Euro-6ab;Gasoline;1773509250;2026-03-14 17:27:30;2026-03-14 17:27:30;0,0;3,158922;3,019816;0,139106;51,22368452424242;118326,711251;608,092485;-117718,618766;-5,8859309383;34,686589999999995;9,643311999999998;40,77564360647124;-73,96068698429804;40,7712357214096;-73,96381253941745;40,7789069;-73,9684905;40,7768546;-73,9755068;True;True;0xCDcF7b2a3352a32cc28FD35C3924f5BD542a25Ea;301;301;301;0;0,0;11,252519115275106;16,94222464943189;5,689705534156783;303;0;301;0,0;False;0,0037231627824074807;-0,007236933068998347;2,0
78;vehicles_step_sim_10.csv;SUMO_carro_1000;HBEFA4/PC_petrol_Euro-6ab;Gasoline;1773509250;2026-03-14 17:27:30;2026-03-14 17:27:30;0,0;3,158922;3,019816;0,139106;51,22368452424242;118326,711251;608,092485;-117718,618766;-5,8859309383;34,686589999999995;9,643311999999998;40,77564360647124;-73,96068698429804;40,7712357214096;-73,96381253941745;40,7759054;-73,9590141;40,771157;-73,9618158;True;True;0xCDcF7b2a3352a32cc28FD35C3924f5BD542a25Ea;301;301;301;0;0,0;11,252519115275106;12,398182946968591;1,1456638316934846;303;0;301;0,0;False;0,00029845198656702505;0,0018728887579682286;2,0
79;vehicles_step_sim_10.csv;SUMO_carro_1000;HBEFA4/PC_petrol_Euro-6ab;Gasoline;1773509250;2026-03-14 17:27:30;2026-03-14 17:27:30;0,0;3,158922;3,019816;0,139106;51,22368452424242;118326,711251;608,092485;-117718,618766;-5,8859309383;34,686589999999995;9,643311999999998;40,77564360647124;-73,96068698429804;40,7712357214096;-73,96381253941745;40,7763121;-73,9758997;40,7704772;-73,9756095;True;True;0xCDcF7b2a3352a32cc28FD35C3924f5BD542a25Ea;301;301;301;0;0,0;11,252519115275106;25,23469849223984;13,982179376964734;303;0;301;0,0;False;-0,0007010573913318563;-0,011751656563160559;2,0
80;vehicles_step_sim_10.csv;SUMO_carro_1000;HBEFA4/PC_petrol_Euro-6ab;Gasoline;1773509250;2026-03-14 17:27:30;2026-03-14 17:27:30;0,0;3,158922;3,019816;0,139106;51,22368452424242;118326,711251;608,092485;-117718,618766;-5,8859309383;34,686589999999995;9,643311999999998;40,77564360647124;-73,96068698429804;40,7712357214096;-73,96381253941745;40,7592574;-73,962232;40,755073;-73,9652747;True;True;0xCDcF7b2a3352a32cc28FD35C3924f5BD542a25Ea;301;301;301;0;0,0;11,252519115275106;10,916628857053844;-0,3358902582212622;303;0;301;0,0;False;-0,016497048172230182;-0,0014063035234802923;2,0
81;vehicles_step_sim_10.csv;SUMO_carro_1000;HBEFA4/PC_petrol_Euro-6ab;Gasoline;1773509250;2026-03-14 17:27:30;2026-03-14 17:27:30;0,0;3,158922;3,019816;0,139106;51,22368452424242;118326,711251;608,092485;-117718,618766;-5,8859309383;34,686589999999995;9,643311999999998;40,77564360647124;-73,96068698429804;40,7712357214096;-73,96381253941745;40,7809834;-73,9725008;40,7765182;-73,9757504;True;True;0xCDcF7b2a3352a32cc28FD35C3924f5BD542a25Ea;301;301;301;0;0,0;11,252519115275106;11,946520140846292;0,6940010255711861;303;0;301;0,0;False;0,005221006489214694;-0,011466682071150636;2,0
82;vehicles_step_sim_10.csv;SUMO_carro_1000;HBEFA4/PC_petrol_Euro-6ab;Gasoline;1773509250;2026-03-14 17:27:30;2026-03-14 17:27:30;0,0;3,158922;3,019816;0,139106;51,22368452424242;118326,711251;608,092485;-117718,618766;-5,8859309383;34,686589999999995;9,643311999999998;40,77564360647124;-73,96068698429804;40,7712357214096;-73,96381253941745;40,7850562;-73,9767821;40,7811364;-73,9796396;True;True;0xCDcF7b2a3352a32cc28FD35C3924f5BD542a25Ea;301;301;301;0;0,0;11,252519115275106;12,113545887256738;0,8610267719816314;303;0;301;0,0;False;0,009418238184249264;-0,015210619111702024;2,0
83;vehicles_step_sim_10.csv;SUMO_carro_1000;HBEFA4/PC_petrol_Euro-6ab;Gasoline;1773509250;2026-03-14 17:27:30;2026-03-14 17:27:30;0,0;3,158922;3,019816;0,139106;51,22368452424242;118326,711251;608,092485;-117718,618766;-5,8859309383;34,686589999999995;9,643311999999998;40,77564360647124;-73,96068698429804;40,7712357214096;-73,96381253941745;40,7590118;-73,9583867;40,7552167;-73,9616668;True;True;0xCDcF7b2a3352a32cc28FD35C3924f5BD542a25Ea;301;301;301;0;0,0;11,252519115275106;13,578032361685043;2,325513246409937;303;0;301;0,0;False;-0,016942759795067455;0,0035170213615546607;2,0
84;vehicles_step_sim_10.csv;SUMO_carro_1000;HBEFA4/PC_petrol_Euro-6ab;Gasoline;1773509250;2026-03-14 17:27:30;2026-03-14 17:27:30;0,0;3,158922;3,019816;0,139106;51,22368452424242;118326,711251;608,092485;-117718,618766;-5,8859309383;34,686589999999995;9,643311999999998;40,77564360647124;-73,96068698429804;40,7712357214096;-73,96381253941745;40,7743712;-73,9655249;40,769859;-73,9688045;True;True;0xCDcF7b2a3352a32cc28FD35C3924f5BD542a25Ea;301;301;301;0;0,0;11,252519115275106;11,561467781877717;0,30894866660261044;303;0;301;0,0;False;-0,0013710113554745817;-0,004832637490198375;2,0
85;vehicles_step_sim_10.csv;SUMO_carro_1000;HBEFA4/PC_petrol_Euro-6ab;Gasoline;1773509250;2026-03-14 17:27:30;2026-03-14 17:27:30;0,0;3,158922;3,019816;0,139106;51,22368452424242;118326,711251;608,092485;-117718,618766;-5,8859309383;34,686589999999995;9,643311999999998;40,77564360647124;-73,96068698429804;40,7712357214096;-73,96381253941745;40,7892689;-73,9568245;40,7847793;-73,9580493;True;True;0xCDcF7b2a3352a32cc28FD35C3924f5BD542a25Ea;301;301;301;0;0,0;11,252519115275106;10,506162941942776;-0,7463561733323303;303;0;301;0,0;False;0,014269575929905283;0,004183159370078212;2,0
86;vehicles_step_sim_10.csv;SUMO_carro_1000;HBEFA4/PC_petrol_Euro-6ab;Gasoline;1773509250;2026-03-14 17:27:30;2026-03-14 17:27:30;0,0;3,158922;3,019816;0,139106;51,22368452424242;118326,711251;608,092485;-117718,618766;-5,8859309383;34,686589999999995;9,643311999999998;40,77564360647124;-73,96068698429804;40,7712357214096;-73,96381253941745;40,7752005;-73,9427711;40,7710408;-73,9467906;True;True;0xCDcF7b2a3352a32cc28FD35C3924f5BD542a25Ea;301;301;301;0;0,0;11,252519115275106;6,075540671398985;-5,176978443876122;303;0;301;0,0;False;-0,00025989807187499765;0,01736966153927504;2,0
87;vehicles_step_sim_10.csv;SUMO_carro_1000;HBEFA4/PC_petrol_Euro-6ab;Gasoline;1773509250;2026-03-14 17:27:30;2026-03-14 17:27:30;0,0;3,158922;3,019816;0,139106;51,22368452424242;118326,711251;608,092485;-117718,618766;-5,8859309383;34,686589999999995;9,643311999999998;40,77564360647124;-73,96068698429804;40,7712357214096;-73,96381253941745;40,7717794;-73,9634598;40,767337;-73,9667022;True;True;0xCDcF7b2a3352a32cc28FD35C3924f5BD542a25Ea;301;301;301;0;0,0;11,252519115275106;11,418826305908926;0,1663071906338196;303;0;301;0,0;False;-0,003868132129950357;-0,0028856482155185568;2,0
88;vehicles_step_sim_10.csv;SUMO_carro_1000;HBEFA4/PC_petrol_Euro-6ab;Gasoline;1773509250;2026-03-14 17:27:30;2026-03-14 17:27:30;0,0;3,158922;3,019816;0,139106;51,22368452424242;118326,711251;608,092485;-117718,618766;-5,8859309383;34,686589999999995;9,643311999999998;40,77564360647124;-73,96068698429804;40,7712357214096;-73,96381253941745;40,7908805;-73,968815;40,7857827;-73,9704795;True;True;0xCDcF7b2a3352a32cc28FD35C3924f5BD542a25Ea;301;301;301;0;0,0;11,252519115275106;8,668763854147048;-2,583755261128058;303;0;301;0,0;False;0,014707900491490797;-0,0069475997263678075;2,0
89;vehicles_step_sim_10.csv;SUMO_carro_1000;HBEFA4/PC_petrol_Euro-6ab;Gasoline;1773509250;2026-03-14 17:27:30;2026-03-14 17:27:30;0,0;3,158922;3,019816;0,139106;51,22368452424242;118326,711251;608,092485;-117718,618766;-5,8859309383;34,686589999999995;9,643311999999998;40,77564360647124;-73,96068698429804;40,7712357214096;-73,96381253941745;40,7631988;-73,9685097;40,7586848;-73,9717261;True;True;0xCDcF7b2a3352a32cc28FD35C3924f5BD542a25Ea;301;301;301;0;0,0;11,252519115275106;11,227189343504525;-0,025329771770580933;303;0;301;0,0;False;-0,012826034082461328;-0,008036354531894522;2,0
90;vehicles_step_sim_10.csv;SUMO_carro_1000;HBEFA4/PC_petrol_Euro-6ab;Gasoline;1773509250;2026-03-14 17:27:30;2026-03-14 17:27:30;0,0;3,158922;3,019816;0,139106;51,22368452424242;118326,711251;608,092485;-117718,618766;-5,8859309383;34,686589999999995;9,643311999999998;40,77564360647124;-73,96068698429804;40,7712357214096;-73,96381253941745;40,7731515;-73,9645927;40,7686531;-73,9678816;True;True;0xCDcF7b2a3352a32cc28FD35C3924f5BD542a25Ea;301;301;301;0;0,0;11,252519115275106;11,8679686125282;0,6154494972530937;303;0;301;0,0;False;-0,00235366978103048;-0,004578234088349073;2,0
91;vehicles_step_sim_10.csv;SUMO_carro_1000;HBEFA4/PC_petrol_Euro-6ab;Gasoline;1773509250;2026-03-14 17:27:30;2026-03-14 17:27:30;0,0;3,158922;3,019816;0,139106;51,22368452424242;118326,711251;608,092485;-117718,618766;-5,8859309383;34,686589999999995;9,643311999999998;40,77564360647124;-73,96068698429804;40,7712357214096;-73,96381253941745;40,7748785;-73,9608204;40,7710228;-73,9636254;True;True;0xCDcF7b2a3352a32cc28FD35C3924f5BD542a25Ea;301;301;301;0;0,0;11,252519115275106;10,910844018475473;-0,3416750967996336;303;0;301;0,0;False;-0,0006636573813844037;0,00046077513208256214;2,0
92;vehicles_step_sim_10.csv;SUMO_carro_1000;HBEFA4/PC_petrol_Euro-6ab;Gasoline;1773509250;2026-03-14 17:27:30;2026-03-14 17:27:30;0,0;3,158922;3,019816;0,139106;51,22368452424242;118326,711251;608,092485;-117718,618766;-5,8859309383;34,686589999999995;9,643311999999998;40,77564360647124;-73,96068698429804;40,7712357214096;-73,96381253941745;40,7852386;-73,9515309;40,7808478;-73,9547353;True;True;0xCDcF7b2a3352a32cc28FD35C3924f5BD542a25Ea;301;301;301;0;0,0;11,252519115275106;10,47218855629622;-0,7803305589788856;303;0;301;0,0;False;0,009769176567507844;0,00863937967957169;2,0
93;vehicles_step_sim_10.csv;SUMO_carro_1000;HBEFA4/PC_petrol_Euro-6ab;Gasoline;1773509250;2026-03-14 17:27:30;2026-03-14 17:27:30;0,0;3,158922;3,019816;0,139106;51,22368452424242;118326,711251;608,092485;-117718,618766;-5,8859309383;34,686589999999995;9,643311999999998;40,77564360647124;-73,96068698429804;40,7712357214096;-73,96381253941745;40,7732893;-73,9488817;40,7687536;-73,952192;True;True;0xCDcF7b2a3352a32cc28FD35C3924f5BD542a25Ea;301;301;301;0;0,0;11,252519115275106;9,300355609267916;-1,9521635060071905;303;0;301;0,0;False;-0,002953340347180733;0,012308651573005428;2,0
94;vehicles_step_sim_10.csv;SUMO_carro_1000;HBEFA4/PC_petrol_Euro-6ab;Gasoline;1773509250;2026-03-14 17:27:30;2026-03-14 17:27:30;0,0;3,158922;3,019816;0,139106;51,22368452424242;118326,711251;608,092485;-117718,618766;-5,8859309383;34,686589999999995;9,643311999999998;40,77564360647124;-73,96068698429804;40,7712357214096;-73,96381253941745;40,7839268;-73,9484206;40,7792308;-73,9509243;True;True;0xCDcF7b2a3352a32cc28FD35C3924f5BD542a25Ea;301;301;301;0;0,0;11,252519115275106;12,360433503587048;1,1079143883119418;303;0;301;0,0;False;0,00841527475882775;0,012586556777514609;2,0
95;vehicles_step_sim_10.csv;SUMO_carro_1000;HBEFA4/PC_petrol_Euro-6ab;Gasoline;1773509250;2026-03-14 17:27:30;2026-03-14 17:27:30;0,0;3,158922;3,019816;0,139106;51,22368452424242;118326,711251;608,092485;-117718,618766;-5,8859309383;34,686589999999995;9,643311999999998;40,77564360647124;-73,96068698429804;40,7712357214096;-73,96381253941745;40,781976;-73,9632891;40,7781629;-73,9663251;True;True;0xCDcF7b2a3352a32cc28FD35C3924f5BD542a25Ea;301;301;301;0;0,0;11,252519115275106;10,244952536983993;-1,0075665782911134;303;0;301;0,0;False;0,006234220848263692;-0,0029471185326129194;2,0
96;vehicles_step_sim_10.csv;SUMO_carro_1000;HBEFA4/PC_petrol_Euro-6ab;Gasoline;1773509250;2026-03-14 17:27:30;2026-03-14 17:27:30;0,0;3,158922;3,019816;0,139106;51,22368452424242;118326,711251;608,092485;-117718,618766;-5,8859309383;34,686589999999995;9,643311999999998;40,77564360647124;-73,96068698429804;40,7712357214096;-73,96381253941745;40,7749904;-73,9651811;40,7704736;-73,9684883;True;True;0xCDcF7b2a3352a32cc28FD35C3924f5BD542a25Ea;301;301;301;0;0,0;11,252519115275106;9,49609580528906;-1,7564233099860456;303;0;301;0,0;False;-0,00039625951932772046;-0,005552795571530125;2,0
97;vehicles_step_sim_10.csv;SUMO_carro_1000;HBEFA4/PC_petrol_Euro-6ab;Gasoline;1773509250;2026-03-14 17:27:30;2026-03-14 17:27:30;0,0;3,158922;3,019816;0,139106;51,22368452424242;118326,711251;608,092485;-117718,618766;-5,8859309383;34,686589999999995;9,643311999999998;40,77564360647124;-73,96068698429804;40,7712357214096;-73,96381253941745;40,7746073;-73,9431003;40,7710408;-73,9467906;True;True;0xCDcF7b2a3352a32cc28FD35C3924f5BD542a25Ea;301;301;301;0;0,0;11,252519115275106;5,337395574088261;-5,915123541186845;303;0;301;0,0;False;-0,0010353023530593648;0,017635675269644303;2,0
98;vehicles_step_sim_10.csv;SUMO_carro_1000;HBEFA4/PC_petrol_Euro-6ab;Gasoline;1773509250;2026-03-14 17:27:30;2026-03-14 17:27:30;0,0;3,158922;3,019816;0,139106;51,22368452424242;118326,711251;608,092485;-117718,618766;-5,8859309383;34,686589999999995;9,643311999999998;40,77564360647124;-73,96068698429804;40,7712357214096;-73,96381253941745;40,7826318;-73,9533012;40,7781308;-73,9565903;True;True;0xCDcF7b2a3352a32cc28FD35C3924f5BD542a25Ea;301;301;301;0;0,0;11,252519115275106;13,478511827165818;2,2259927118907115;303;0;301;0,0;False;0,006902425378416502;0,00710327228864831;2,0
99;vehicles_step_sim_10.csv;SUMO_carro_1000;HBEFA4/PC_petrol_Euro-6ab;Gasoline;1773509250;2026-03-14 17:27:30;2026-03-14 17:27:30;0,0;3,158922;3,019816;0,139106;51,22368452424242;118326,711251;608,092485;-117718,618766;-5,8859309383;34,686589999999995;9,643311999999998;40,77564360647124;-73,96068698429804;40,7712357214096;-73,96381253941745;40,7691791;-73,9551783;40,7646815;-73,9584577;True;True;0xCDcF7b2a3352a32cc28FD35C3924f5BD542a25Ea;301;301;301;0;0,0;11,252519115275106;11,767008703175843;0,5144895879007372;303;0;301;0,0;False;-0,006308066882529934;0,005451287072797595;2,0
100;vehicles_step_sim_10.csv;SUMO_carro_1000;HBEFA4/PC_petrol_Euro-6ab;Gasoline;1773509250;2026-03-14 17:27:30;2026-03-14 17:27:30;0,0;3,158922;3,019816;0,139106;51,22368452424242;118326,711251;608,092485;-117718,618766;-5,8859309383;34,686589999999995;9,643311999999998;40,77564360647124;-73,96068698429804;40,7712357214096;-73,96381253941745;40,7676948;-73,9591968;40,7631704;-73,9626513;True;True;0xCDcF7b2a3352a32cc28FD35C3924f5BD542a25Ea;301;301;301;0;0,0;11,252519115275106;10,729569666943283;-0,5229494483318238;303;0;301;0,0;False;-0,007815938100043121;0,0012152964337690797;2,0
1;vehicles_step_sim_3.csv;SUMO_carro_1000;HBEFA4/PC_petrol_Euro-6ab;Gasoline;1773509243;2026-03-14 17:27:23;2026-03-14 17:27:23;0,0;3,165874;3,023753;0,142121;49,5299002995671;114414,069692;609,430745;-113804,638947;-5,69023194735;35,105815;10,110547;40,77564360647124;-73,96068698429804;40,77225054358849;-73,96307061430005;40,7724799;-73,9450808;40,7695183;-73,948231;True;True;0xCDcF7b2a3352a32cc28FD35C3924f5BD542a25Ea;324;324;324;0;0,0;12,434972720985362;11,307488968057939;-1,1274837529274233;326;0;324;0,0;False;-0,004160440499236049;0,017364381825200843;2,0
2;vehicles_step_sim_3.csv;SUMO_carro_1000;HBEFA4/PC_petrol_Euro-6ab;Gasoline;1773509243;2026-03-14 17:27:23;2026-03-14 17:27:23;0,0;3,165874;3,023753;0,142121;49,5299002995671;114414,069692;609,430745;-113804,638947;-5,69023194735;35,105815;10,110547;40,77564360647124;-73,96068698429804;40,77225054358849;-73,96307061430005;40,7630641;-73,9623969;40,7596822;-73,9641086;True;True;0xCDcF7b2a3352a32cc28FD35C3924f5BD542a25Ea;324;324;324;0;0,0;12,434972720985362;13,413771042508289;0,9787983215229268;326;0;324;0,0;False;-0,012642486168191901;-0,0013382114448864128;2,0
3;vehicles_step_sim_3.csv;SUMO_carro_1000;HBEFA4/PC_petrol_Euro-6ab;Gasoline;1773509243;2026-03-14 17:27:23;2026-03-14 17:27:23;0,0;3,165874;3,023753;0,142121;49,5299002995671;114414,069692;609,430745;-113804,638947;-5,69023194735;35,105815;10,110547;40,77564360647124;-73,96068698429804;40,77225054358849;-73,96307061430005;40,7720845;-73,9561304;40,7687013;-73,9602107;True;True;0xCDcF7b2a3352a32cc28FD35C3924f5BD542a25Ea;324;324;324;0;0,0;12,434972720985362;12,831656421873781;0,39668370088841876;326;0;324;0,0;False;-0,003356859529149251;0,0035173499158628802;2,0
4;vehicles_step_sim_3.csv;SUMO_carro_1000;HBEFA4/PC_petrol_Euro-6ab;Gasoline;1773509243;2026-03-14 17:27:23;2026-03-14 17:27:23;0,0;3,165874;3,023753;0,142121;49,5299002995671;114414,069692;609,430745;-113804,638947;-5,69023194735;35,105815;10,110547;40,77564360647124;-73,96068698429804;40,77225054358849;-73,96307061430005;40,7721878;-73,94546;40,7688298;-73,9488661;True;True;0xCDcF7b2a3352a32cc28FD35C3924f5BD542a25Ea;324;324;324;0;0,0;12,434972720985362;11,618513046976025;-0,8164596740093373;326;0;324;0,0;False;-0,004610095283289167;0,01686034051180797;2,0
5;vehicles_step_sim_3.csv;SUMO_carro_1000;HBEFA4/PC_petrol_Euro-6ab;Gasoline;1773509243;2026-03-14 17:27:23;2026-03-14 17:27:23;0,0;3,165874;3,023753;0,142121;49,5299002995671;114414,069692;609,430745;-113804,638947;-5,69023194735;35,105815;10,110547;40,77564360647124;-73,96068698429804;40,77225054358849;-73,96307061430005;40,7891239;-73,9704919;40,7858627;-73,9728088;True;True;0xCDcF7b2a3352a32cc28FD35C3924f5BD542a25Ea;324;324;324;0;0,0;12,434972720985362;13,1048955484427;0,6699228274573379;326;0;324;0,0;False;0,01423891981417019;-0,01070619530184621;2,0
6;vehicles_step_sim_3.csv;SUMO_carro_1000;HBEFA4/PC_petrol_Euro-6ab;Gasoline;1773509243;2026-03-14 17:27:23;2026-03-14 17:27:23;0,0;3,165874;3,023753;0,142121;49,5299002995671;114414,069692;609,430745;-113804,638947;-5,69023194735;35,105815;10,110547;40,77564360647124;-73,96068698429804;40,77225054358849;-73,96307061430005;40,7686351;-73,9659034;40,7655003;-73,96817;True;True;0xCDcF7b2a3352a32cc28FD35C3924f5BD542a25Ea;324;324;324;0;0,0;12,434972720985362;12,697690762208268;0,26271804122290554;326;0;324;0,0;False;-0,00666499210699416;-0,0055941899479682936;2,0
7;vehicles_step_sim_3.csv;SUMO_carro_1000;HBEFA4/PC_petrol_Euro-6ab;Gasoline;1773509243;2026-03-14 17:27:23;2026-03-14 17:27:23;0,0;3,165874;3,023753;0,142121;49,5299002995671;114414,069692;609,430745;-113804,638947;-5,69023194735;35,105815;10,110547;40,77564360647124;-73,96068698429804;40,77225054358849;-73,96307061430005;40,7910401;-73,9534747;40,7880652;-73,9560996;True;True;0xCDcF7b2a3352a32cc28FD35C3924f5BD542a25Ea;324;324;324;0;0,0;12,434972720985362;13,088657607226587;0,6536848862412246;326;0;324;0,0;False;0,01546344709102981;0,006481099331421399;2,0
8;vehicles_step_sim_3.csv;SUMO_carro_1000;HBEFA4/PC_petrol_Euro-6ab;Gasoline;1773509243;2026-03-14 17:27:23;2026-03-14 17:27:23;0,0;3,165874;3,023753;0,142121;49,5299002995671;114414,069692;609,430745;-113804,638947;-5,69023194735;35,105815;10,110547;40,77564360647124;-73,96068698429804;40,77225054358849;-73,96307061430005;40,7685924;-73,971462;40,7646647;-73,9738252;True;True;0xCDcF7b2a3352a32cc28FD35C3924f5BD542a25Ea;324;324;324;0;0,0;12,434972720985362;12,615287690275904;0,18031496929054214;326;0;324;0,0;False;-0,007802843676186369;-0,011257416639088226;2,0
9;vehicles_step_sim_3.csv;SUMO_carro_1000;HBEFA4/PC_petrol_Euro-6ab;Gasoline;1773509243;2026-03-14 17:27:23;2026-03-14 17:27:23;0,0;3,165874;3,023753;0,142121;49,5299002995671;114414,069692;609,430745;-113804,638947;-5,69023194735;35,105815;10,110547;40,77564360647124;-73,96068698429804;40,77225054358849;-73,96307061430005;40,7718381;-73,9674891;40,7687238;-73,9700201;True;True;0xCDcF7b2a3352a32cc28FD35C3924f5BD542a25Ea;324;324;324;0;0,0;12,434972720985362;11,897379615432193;-0,5375931055531691;326;0;324;0,0;False;-0,003636846518000105;-0,007058230584179655;2,0
10;vehicles_step_sim_3.csv;SUMO_carro_1000;HBEFA4/PC_petrol_Euro-6ab;Gasoline;1773509243;2026-03-14 17:27:23;2026-03-14 17:27:23;0,0;3,165874;3,023753;0,142121;49,5299002995671;114414,069692;609,430745;-113804,638947;-5,69023194735;35,105815;10,110547;40,77564360647124;-73,96068698429804;40,77225054358849;-73,96307061430005;40,7710443;-73,9495942;40,7672237;-73,9505427;True;True;0xCDcF7b2a3352a32cc28FD35C3924f5BD542a25Ea;324;324;324;0;0,0;12,434972720985362;11,950660793743578;-0,48431192724178374;326;0;324;0,0;False;-0,004368823388713421;0,011811269804200976;2,0
11;vehicles_step_sim_3.csv;SUMO_carro_1000;HBEFA4/PC_petrol_Euro-6ab;Gasoline;1773509243;2026-03-14 17:27:23;2026-03-14 17:27:23;0,0;3,165874;3,023753;0,142121;49,5299002995671;114414,069692;609,430745;-113804,638947;-5,69023194735;35,105815;10,110547;40,77564360647124;-73,96068698429804;40,77225054358849;-73,96307061430005;40,7787825;-73,9579671;40,7754083;-73,959942;True;True;0xCDcF7b2a3352a32cc28FD35C3924f5BD542a25Ea;324;324;324;0;0,0;12,434972720985362;12,985399284019973;0,5504265630346108;326;0;324;0,0;False;0,0028231580524629082;0,00291921304270509;2,0
12;vehicles_step_sim_3.csv;SUMO_carro_1000;HBEFA4/PC_petrol_Euro-6ab;Gasoline;1773509243;2026-03-14 17:27:23;2026-03-14 17:27:23;0,0;3,165874;3,023753;0,142121;49,5299002995671;114414,069692;609,430745;-113804,638947;-5,69023194735;35,105815;10,110547;40,77564360647124;-73,96068698429804;40,77225054358849;-73,96307061430005;40,7890673;-73,9666014;40,7840305;-73,9661854;True;True;0xCDcF7b2a3352a32cc28FD35C3924f5BD542a25Ea;324;324;324;0;0,0;12,434972720985362;18,88522839333256;6,450255672347199;326;0;324;0,0;False;0,012004840297741638;-0,002880990738880931;2,0
13;vehicles_step_sim_3.csv;SUMO_carro_1000;HBEFA4/PC_petrol_Euro-6ab;Gasoline;1773509243;2026-03-14 17:27:23;2026-03-14 17:27:23;0,0;3,165874;3,023753;0,142121;49,5299002995671;114414,069692;609,430745;-113804,638947;-5,69023194735;35,105815;10,110547;40,77564360647124;-73,96068698429804;40,77225054358849;-73,96307061430005;40,7655003;-73,96817;40,7625319;-73,9708345;True;True;0xCDcF7b2a3352a32cc28FD35C3924f5BD542a25Ea;324;324;324;0;0,0;12,434972720985362;13,021733355385102;0,5867606343997398;326;0;324;0,0;False;-0,010034748437936194;-0,008105850053201495;2,0
14;vehicles_step_sim_3.csv;SUMO_carro_1000;HBEFA4/PC_petrol_Euro-6ab;Gasoline;1773509243;2026-03-14 17:27:23;2026-03-14 17:27:23;0,0;3,165874;3,023753;0,142121;49,5299002995671;114414,069692;609,430745;-113804,638947;-5,69023194735;35,105815;10,110547;40,77564360647124;-73,96068698429804;40,77225054358849;-73,96307061430005;40,7936002;-73,9632881;40,7903238;-73,9656836;True;True;0xCDcF7b2a3352a32cc28FD35C3924f5BD542a25Ea;324;324;324;0;0,0;12,434972720985362;10,830210040898907;-1,6047626800864556;326;0;324;0,0;False;0,01769042553727243;-0,0017538460152995753;2,0
15;vehicles_step_sim_3.csv;SUMO_carro_1000;HBEFA4/PC_petrol_Euro-6ab;Gasoline;1773509243;2026-03-14 17:27:23;2026-03-14 17:27:23;0,0;3,165874;3,023753;0,142121;49,5299002995671;114414,069692;609,430745;-113804,638947;-5,69023194735;35,105815;10,110547;40,77564360647124;-73,96068698429804;40,77225054358849;-73,96307061430005;40,7793314;-73,9694872;40,7755995;-73,9764204;True;True;0xCDcF7b2a3352a32cc28FD35C3924f5BD542a25Ea;324;324;324;0;0,0;12,434972720985362;24,511423283138246;12,076450562152884;326;0;324;0,0;False;0,002056798886362327;-0,00996374461656908;2,0
16;vehicles_step_sim_3.csv;SUMO_carro_1000;HBEFA4/PC_petrol_Euro-6ab;Gasoline;1773509243;2026-03-14 17:27:23;2026-03-14 17:27:23;0,0;3,165874;3,023753;0,142121;49,5299002995671;114414,069692;609,430745;-113804,638947;-5,69023194735;35,105815;10,110547;40,77564360647124;-73,96068698429804;40,77225054358849;-73,96307061430005;40,7687536;-73,952192;40,7649858;-73,9533799;True;True;0xCDcF7b2a3352a32cc28FD35C3924f5BD542a25Ea;324;324;324;0;0,0;12,434972720985362;14,759348026269128;2,324375305283766;326;0;324;0,0;False;-0,0072617430319775285;0,009376982089948239;2,0
17;vehicles_step_sim_3.csv;SUMO_carro_1000;HBEFA4/PC_petrol_Euro-6ab;Gasoline;1773509243;2026-03-14 17:27:23;2026-03-14 17:27:23;0,0;3,165874;3,023753;0,142121;49,5299002995671;114414,069692;609,430745;-113804,638947;-5,69023194735;35,105815;10,110547;40,77564360647124;-73,96068698429804;40,77225054358849;-73,96307061430005;40,7679648;-73,9703236;40,7646148;-73,9727773;True;True;0xCDcF7b2a3352a32cc28FD35C3924f5BD542a25Ea;324;324;324;0;0,0;12,434972720985362;13,609468288054055;1,1744955670686927;326;0;324;0,0;False;-0,007791565674595454;-0,00960063963044081;2,0
18;vehicles_step_sim_3.csv;SUMO_carro_1000;HBEFA4/PC_petrol_Euro-6ab;Gasoline;1773509243;2026-03-14 17:27:23;2026-03-14 17:27:23;0,0;3,165874;3,023753;0,142121;49,5299002995671;114414,069692;609,430745;-113804,638947;-5,69023194735;35,105815;10,110547;40,77564360647124;-73,96068698429804;40,77225054358849;-73,96307061430005;40,7737297;-73,9661019;40,7699543;-73,9688653;True;True;0xCDcF7b2a3352a32cc28FD35C3924f5BD542a25Ea;324;324;324;0;0,0;12,434972720985362;10,966543947953987;-1,4684287730313752;326;0;324;0,0;False;-0,001249816069506474;-0,007717742728521009;2,0
19;vehicles_step_sim_3.csv;SUMO_carro_1000;HBEFA4/PC_petrol_Euro-6ab;Gasoline;1773509243;2026-03-14 17:27:23;2026-03-14 17:27:23;0,0;3,165874;3,023753;0,142121;49,5299002995671;114414,069692;609,430745;-113804,638947;-5,69023194735;35,105815;10,110547;40,77564360647124;-73,96068698429804;40,77225054358849;-73,96307061430005;40,7763096;-73,9642177;40,7730823;-73,9665764;True;True;0xCDcF7b2a3352a32cc28FD35C3924f5BD542a25Ea;324;324;324;0;0,0;12,434972720985362;12,70940320013314;0,2744304791477781;326;0;324;0,0;False;0,0010370711484828552;-0,004361796907071795;2,0
20;vehicles_step_sim_3.csv;SUMO_carro_1000;HBEFA4/PC_petrol_Euro-6ab;Gasoline;1773509243;2026-03-14 17:27:23;2026-03-14 17:27:23;0,0;3,165874;3,023753;0,142121;49,5299002995671;114414,069692;609,430745;-113804,638947;-5,69023194735;35,105815;10,110547;40,77564360647124;-73,96068698429804;40,77225054358849;-73,96307061430005;40,7847793;-73,9580493;40,781976;-73,9632891;True;True;0xCDcF7b2a3352a32cc28FD35C3924f5BD542a25Ea;324;324;324;0;0,0;12,434972720985362;12,583960310591301;0,14898758960593916;326;0;324;0,0;False;0,010024067930521534;0,0004911917206903092;2,0
21;vehicles_step_sim_3.csv;SUMO_carro_1000;HBEFA4/PC_petrol_Euro-6ab;Gasoline;1773509243;2026-03-14 17:27:23;2026-03-14 17:27:23;0,0;3,165874;3,023753;0,142121;49,5299002995671;114414,069692;609,430745;-113804,638947;-5,69023194735;35,105815;10,110547;40,77564360647124;-73,96068698429804;40,77225054358849;-73,96307061430005;40,7717642;-73,9593193;40,7684986;-73,961709;True;True;0xCDcF7b2a3352a32cc28FD35C3924f5BD542a25Ea;324;324;324;0;0,0;12,434972720985362;12,573270682562223;0,13829796157686047;326;0;324;0,0;False;-0,00384780707962908;0,0012334230781093662;2,0
22;vehicles_step_sim_3.csv;SUMO_carro_1000;HBEFA4/PC_petrol_Euro-6ab;Gasoline;1773509243;2026-03-14 17:27:23;2026-03-14 17:27:23;0,0;3,165874;3,023753;0,142121;49,5299002995671;114414,069692;609,430745;-113804,638947;-5,69023194735;35,105815;10,110547;40,77564360647124;-73,96068698429804;40,77225054358849;-73,96307061430005;40,7710443;-73,9495942;40,7687536;-73,952192;True;True;0xCDcF7b2a3352a32cc28FD35C3924f5BD542a25Ea;324;324;324;0;0,0;12,434972720985362;11,5161258813899;-0,9188468395954619;326;0;324;0,0;False;-0,004088560065381481;0,011566607429310894;2,0
23;vehicles_step_sim_3.csv;SUMO_carro_1000;HBEFA4/PC_petrol_Euro-6ab;Gasoline;1773509243;2026-03-14 17:27:23;2026-03-14 17:27:23;0,0;3,165874;3,023753;0,142121;49,5299002995671;114414,069692;609,430745;-113804,638947;-5,69023194735;35,105815;10,110547;40,77564360647124;-73,96068698429804;40,77225054358849;-73,96307061430005;40,7912159;-73,9615425;40,7909365;-73,9610436;True;True;0xCDcF7b2a3352a32cc28FD35C3924f5BD542a25Ea;324;324;324;0;0,0;12,434972720985362;6,6300188756839935;-5,804953845301369;326;0;324;0,0;False;0,017475414224089974;0,0007064545765402715;2,0
24;vehicles_step_sim_3.csv;SUMO_carro_1000;HBEFA4/PC_petrol_Euro-6ab;Gasoline;1773509243;2026-03-14 17:27:23;2026-03-14 17:27:23;0,0;3,165874;3,023753;0,142121;49,5299002995671;114414,069692;609,430745;-113804,638947;-5,69023194735;35,105815;10,110547;40,77564360647124;-73,96068698429804;40,77225054358849;-73,96307061430005;40,7871721;-73,9562997;40,7834271;-73,9589096;True;True;0xCDcF7b2a3352a32cc28FD35C3924f5BD542a25Ea;324;324;324;0;0,0;12,434972720985362;13,408782249811784;0,9738095288264219;326;0;324;0,0;False;0,011230628976283689;0,004407255338055819;2,0
25;vehicles_step_sim_3.csv;SUMO_carro_1000;HBEFA4/PC_petrol_Euro-6ab;Gasoline;1773509243;2026-03-14 17:27:23;2026-03-14 17:27:23;0,0;3,165874;3,023753;0,142121;49,5299002995671;114414,069692;609,430745;-113804,638947;-5,69023194735;35,105815;10,110547;40,77564360647124;-73,96068698429804;40,77225054358849;-73,96307061430005;40,7655003;-73,96817;40,761791;-73,9707468;True;True;0xCDcF7b2a3352a32cc28FD35C3924f5BD542a25Ea;324;324;324;0;0,0;12,434972720985362;13,19522572459909;0,7602530036137285;326;0;324;0,0;False;-0,010213840726002146;-0,007641125879447966;2,0
26;vehicles_step_sim_3.csv;SUMO_carro_1000;HBEFA4/PC_petrol_Euro-6ab;Gasoline;1773509243;2026-03-14 17:27:23;2026-03-14 17:27:23;0,0;3,165874;3,023753;0,142121;49,5299002995671;114414,069692;609,430745;-113804,638947;-5,69023194735;35,105815;10,110547;40,77564360647124;-73,96068698429804;40,77225054358849;-73,96307061430005;40,7704475;-73,9542493;40,7671911;-73,9566268;True;True;0xCDcF7b2a3352a32cc28FD35C3924f5BD542a25Ea;324;324;324;0;0,0;12,434972720985362;11,884508033796777;-0,550464687188585;326;0;324;0,0;False;-0,004816714863121479;0,005949247610485901;2,0
27;vehicles_step_sim_3.csv;SUMO_carro_1000;HBEFA4/PC_petrol_Euro-6ab;Gasoline;1773509243;2026-03-14 17:27:23;2026-03-14 17:27:23;0,0;3,165874;3,023753;0,142121;49,5299002995671;114414,069692;609,430745;-113804,638947;-5,69023194735;35,105815;10,110547;40,77564360647124;-73,96068698429804;40,77225054358849;-73,96307061430005;40,7785507;-73,97427;40,7749753;-73,9768787;True;True;0xCDcF7b2a3352a32cc28FD35C3924f5BD542a25Ea;324;324;324;0;0,0;12,434972720985362;14,5003220626293;2,0653493416439375;326;0;324;0,0;False;0,0028749177643031323;-0,013408059494591486;2,0
28;vehicles_step_sim_3.csv;SUMO_carro_1000;HBEFA4/PC_petrol_Euro-6ab;Gasoline;1773509243;2026-03-14 17:27:23;2026-03-14 17:27:23;0,0;3,165874;3,023753;0,142121;49,5299002995671;114414,069692;609,430745;-113804,638947;-5,69023194735;35,105815;10,110547;40,77564360647124;-73,96068698429804;40,77225054358849;-73,96307061430005;40,7628245;-73,9540532;40,7601008;-73,9572641;True;True;0xCDcF7b2a3352a32cc28FD35C3924f5BD542a25Ea;324;324;324;0;0,0;12,434972720985362;14,452430332214977;2,0174576112296148;326;0;324;0,0;False;-0,012659524736766025;0,0066149051628907225;2,0
29;vehicles_step_sim_3.csv;SUMO_carro_1000;HBEFA4/PC_petrol_Euro-6ab;Gasoline;1773509243;2026-03-14 17:27:23;2026-03-14 17:27:23;0,0;3,165874;3,023753;0,142121;49,5299002995671;114414,069692;609,430745;-113804,638947;-5,69023194735;35,105815;10,110547;40,77564360647124;-73,96068698429804;40,77225054358849;-73,96307061430005;40,7667168;-73,9506095;40,7618105;-73,949768;True;True;0xCDcF7b2a3352a32cc28FD35C3924f5BD542a25Ea;324;324;324;0;0,0;12,434972720985362;15,405369150974616;2,970396429989254;326;0;324;0,0;False;-0,010353253775945169;0,013540969444702617;2,0
30;vehicles_step_sim_3.csv;SUMO_carro_1000;HBEFA4/PC_petrol_Euro-6ab;Gasoline;1773509243;2026-03-14 17:27:23;2026-03-14 17:27:23;0,0;3,165874;3,023753;0,142121;49,5299002995671;114414,069692;609,430745;-113804,638947;-5,69023194735;35,105815;10,110547;40,77564360647124;-73,96068698429804;40,77225054358849;-73,96307061430005;40,7852306;-73,9732665;40,7822414;-73,9761686;True;True;0xCDcF7b2a3352a32cc28FD35C3924f5BD542a25Ea;324;324;324;0;0,0;12,434972720985362;12,038572865601362;-0,3963998553840007;326;0;324;0,0;False;0,009777596003508271;-0,01306959091130537;2,0
31;vehicles_step_sim_3.csv;SUMO_carro_1000;HBEFA4/PC_petrol_Euro-6ab;Gasoline;1773509243;2026-03-14 17:27:23;2026-03-14 17:27:23;0,0;3,165874;3,023753;0,142121;49,5299002995671;114414,069692;609,430745;-113804,638947;-5,69023194735;35,105815;10,110547;40,77564360647124;-73,96068698429804;40,77225054358849;-73,96307061430005;40,7919576;-73,9634914;40,7886992;-73,9668738;True;True;0xCDcF7b2a3352a32cc28FD35C3924f5BD542a25Ea;324;324;324;0;0,0;12,434972720985362;19,198950134169053;6,7639774131836905;326;0;324;0,0;False;0,016247677398448304;-0,0029279017816192495;2,0
32;vehicles_step_sim_3.csv;SUMO_carro_1000;HBEFA4/PC_petrol_Euro-6ab;Gasoline;1773509243;2026-03-14 17:27:23;2026-03-14 17:27:23;0,0;3,165874;3,023753;0,142121;49,5299002995671;114414,069692;609,430745;-113804,638947;-5,69023194735;35,105815;10,110547;40,77564360647124;-73,96068698429804;40,77225054358849;-73,96307061430005;40,7720202;-73,9498054;40,7688591;-73,9504796;True;True;0xCDcF7b2a3352a32cc28FD35C3924f5BD542a25Ea;324;324;324;0;0,0;12,434972720985362;10,785655880941642;-1,6493168400437206;326;0;324;0,0;False;-0,0038182262662152175;0,011781884535769085;2,0
33;vehicles_step_sim_3.csv;SUMO_carro_1000;HBEFA4/PC_petrol_Euro-6ab;Gasoline;1773509243;2026-03-14 17:27:23;2026-03-14 17:27:23;0,0;3,165874;3,023753;0,142121;49,5299002995671;114414,069692;609,430745;-113804,638947;-5,69023194735;35,105815;10,110547;40,77564360647124;-73,96068698429804;40,77225054358849;-73,96307061430005;40,7748785;-73,9608204;40,771157;-73,9618158;True;True;0xCDcF7b2a3352a32cc28FD35C3924f5BD542a25Ea;324;324;324;0;0,0;12,434972720985362;12,829308136401252;0,39433541541589;326;0;324;0,0;False;-0,0009418969696734259;0,0005260595343907411;2,0
34;vehicles_step_sim_3.csv;SUMO_carro_1000;HBEFA4/PC_petrol_Euro-6ab;Gasoline;1773509243;2026-03-14 17:27:23;2026-03-14 17:27:23;0,0;3,165874;3,023753;0,142121;49,5299002995671;114414,069692;609,430745;-113804,638947;-5,69023194735;35,105815;10,110547;40,77564360647124;-73,96068698429804;40,77225054358849;-73,96307061430005;40,7910935;-73,9613082;40,7886992;-73,9668738;True;True;0xCDcF7b2a3352a32cc28FD35C3924f5BD542a25Ea;324;324;324;0;0,0;12,434972720985362;16,419941618515768;3,984968897530406;326;0;324;0,0;False;0,015173108206373397;-0,0008678317483268259;2,0
35;vehicles_step_sim_3.csv;SUMO_carro_1000;HBEFA4/PC_petrol_Euro-6ab;Gasoline;1773509243;2026-03-14 17:27:23;2026-03-14 17:27:23;0,0;3,165874;3,023753;0,142121;49,5299002995671;114414,069692;609,430745;-113804,638947;-5,69023194735;35,105815;10,110547;40,77564360647124;-73,96068698429804;40,77225054358849;-73,96307061430005;40,7857827;-73,9704795;40,7824381;-73,9726629;True;True;0xCDcF7b2a3352a32cc28FD35C3924f5BD542a25Ea;324;324;324;0;0,0;12,434972720985362;14,352409915244486;1,917437194259124;326;0;324;0,0;False;0,010382293419423217;-0,009540513872873533;2,0
36;vehicles_step_sim_3.csv;SUMO_carro_1000;HBEFA4/PC_petrol_Euro-6ab;Gasoline;1773509243;2026-03-14 17:27:23;2026-03-14 17:27:23;0,0;3,165874;3,023753;0,142121;49,5299002995671;114414,069692;609,430745;-113804,638947;-5,69023194735;35,105815;10,110547;40,77564360647124;-73,96068698429804;40,77225054358849;-73,96307061430005;40,7883707;-73,9706375;40,7844876;-73,973476;True;True;0xCDcF7b2a3352a32cc28FD35C3924f5BD542a25Ea;324;324;324;0;0,0;12,434972720985362;14,068525724141832;1,6335530031564698;326;0;324;0,0;False;0,012267073848773272;-0,009583839185411783;2,0
37;vehicles_step_sim_3.csv;SUMO_carro_1000;HBEFA4/PC_petrol_Euro-6ab;Gasoline;1773509243;2026-03-14 17:27:23;2026-03-14 17:27:23;0,0;3,165874;3,023753;0,142121;49,5299002995671;114414,069692;609,430745;-113804,638947;-5,69023194735;35,105815;10,110547;40,77564360647124;-73,96068698429804;40,77225054358849;-73,96307061430005;40,7663475;-73,9508902;40,7634207;-73,9535266;True;True;0xCDcF7b2a3352a32cc28FD35C3924f5BD542a25Ea;324;324;324;0;0,0;12,434972720985362;16,377420094932596;3,9424473739472337;326;0;324;0,0;False;-0,009371519636923384;0,009963497388909493;2,0
38;vehicles_step_sim_3.csv;SUMO_carro_1000;HBEFA4/PC_petrol_Euro-6ab;Gasoline;1773509243;2026-03-14 17:27:23;2026-03-14 17:27:23;0,0;3,165874;3,023753;0,142121;49,5299002995671;114414,069692;609,430745;-113804,638947;-5,69023194735;35,105815;10,110547;40,77564360647124;-73,96068698429804;40,77225054358849;-73,96307061430005;40,7793401;-73,9579502;40,7757847;-73,9605368;True;True;0xCDcF7b2a3352a32cc28FD35C3924f5BD542a25Ea;324;324;324;0;0,0;12,434972720985362;13,293320951602025;0,858348230616663;326;0;324;0,0;False;0,0038129487299731328;0,00253360262668972;2,0
39;vehicles_step_sim_3.csv;SUMO_carro_1000;HBEFA4/PC_petrol_Euro-6ab;Gasoline;1773509243;2026-03-14 17:27:23;2026-03-14 17:27:23;0,0;3,165874;3,023753;0,142121;49,5299002995671;114414,069692;609,430745;-113804,638947;-5,69023194735;35,105815;10,110547;40,77564360647124;-73,96068698429804;40,77225054358849;-73,96307061430005;40,7794865;-73,9735934;40,7761359;-73,9760303;True;True;0xCDcF7b2a3352a32cc28FD35C3924f5BD542a25Ea;324;324;324;0;0,0;12,434972720985362;19,097103023987565;6,662130303002202;326;0;324;0,0;False;0,003437990666373533;-0,01195322303106392;2,0
40;vehicles_step_sim_3.csv;SUMO_carro_1000;HBEFA4/PC_petrol_Euro-6ab;Gasoline;1773509243;2026-03-14 17:27:23;2026-03-14 17:27:23;0,0;3,165874;3,023753;0,142121;49,5299002995671;114414,069692;609,430745;-113804,638947;-5,69023194735;35,105815;10,110547;40,77564360647124;-73,96068698429804;40,77225054358849;-73,96307061430005;40,7685431;-73,9556359;40,7653033;-73,958003;True;True;0xCDcF7b2a3352a32cc28FD35C3924f5BD542a25Ea;324;324;324;0;0,0;12,434972720985362;12,200505205178612;-0,23446751580675063;326;0;324;0,0;False;-0,006708222649763358;0,004704556506069313;2,0
41;vehicles_step_sim_3.csv;SUMO_carro_1000;HBEFA4/PC_petrol_Euro-6ab;Gasoline;1773509243;2026-03-14 17:27:23;2026-03-14 17:27:23;0,0;3,165874;3,023753;0,142121;49,5299002995671;114414,069692;609,430745;-113804,638947;-5,69023194735;35,105815;10,110547;40,77564360647124;-73,96068698429804;40,77225054358849;-73,96307061430005;40,7884801;-73,9708999;40,7852306;-73,9732665;True;True;0xCDcF7b2a3352a32cc28FD35C3924f5BD542a25Ea;324;324;324;0;0,0;12,434972720985362;13,175372965115328;0,7404002441299653;326;0;324;0,0;False;0,01295494575358991;-0,010599358106512023;2,0
42;vehicles_step_sim_3.csv;SUMO_carro_1000;HBEFA4/PC_petrol_Euro-6ab;Gasoline;1773509243;2026-03-14 17:27:23;2026-03-14 17:27:23;0,0;3,165874;3,023753;0,142121;49,5299002995671;114414,069692;609,430745;-113804,638947;-5,69023194735;35,105815;10,110547;40,77564360647124;-73,96068698429804;40,77225054358849;-73,96307061430005;40,7719569;-73,9517545;40,7688272;-73,9543443;True;True;0xCDcF7b2a3352a32cc28FD35C3924f5BD542a25Ea;324;324;324;0;0,0;12,434972720985362;14,355122197493145;1,920149476507783;326;0;324;0,0;False;-0,0036883819138813297;0,008736893228439551;2,0
43;vehicles_step_sim_3.csv;SUMO_carro_1000;HBEFA4/PC_petrol_Euro-6ab;Gasoline;1773509243;2026-03-14 17:27:23;2026-03-14 17:27:23;0,0;3,165874;3,023753;0,142121;49,5299002995671;114414,069692;609,430745;-113804,638947;-5,69023194735;35,105815;10,110547;40,77564360647124;-73,96068698429804;40,77225054358849;-73,96307061430005;40,7585865;-73,9656513;40,7552491;-73,9682501;True;True;0xCDcF7b2a3352a32cc28FD35C3924f5BD542a25Ea;324;324;324;0;0,0;12,434972720985362;12,518462615267465;0,08348989428210274;326;0;324;0,0;False;-0,01719835122466048;-0,004952006485418974;2,0
44;vehicles_step_sim_3.csv;SUMO_carro_1000;HBEFA4/PC_petrol_Euro-6ab;Gasoline;1773509243;2026-03-14 17:27:23;2026-03-14 17:27:23;0,0;3,165874;3,023753;0,142121;49,5299002995671;114414,069692;609,430745;-113804,638947;-5,69023194735;35,105815;10,110547;40,77564360647124;-73,96068698429804;40,77225054358849;-73,96307061430005;40,7869227;-73,9681638;40,7834159;-73,9707295;True;True;0xCDcF7b2a3352a32cc28FD35C3924f5BD542a25Ea;324;324;324;0;0,0;12,434972720985362;11,98509663178072;-0,4498760892046416;326;0;324;0,0;False;0,010519314686606555;-0,0054287560151892655;2,0
45;vehicles_step_sim_3.csv;SUMO_carro_1000;HBEFA4/PC_petrol_Euro-6ab;Gasoline;1773509243;2026-03-14 17:27:23;2026-03-14 17:27:23;0,0;3,165874;3,023753;0,142121;49,5299002995671;114414,069692;609,430745;-113804,638947;-5,69023194735;35,105815;10,110547;40,77564360647124;-73,96068698429804;40,77225054358849;-73,96307061430005;40,7744634;-73,965566;40,7712067;-73,9679503;True;True;0xCDcF7b2a3352a32cc28FD35C3924f5BD542a25Ea;324;324;324;0;0,0;12,434972720985362;12,66581223199342;0,23083951100805855;326;0;324;0,0;False;-0,0009528451409670723;-0,005068256303610579;2,0
46;vehicles_step_sim_3.csv;SUMO_carro_1000;HBEFA4/PC_petrol_Euro-6ab;Gasoline;1773509243;2026-03-14 17:27:23;2026-03-14 17:27:23;0,0;3,165874;3,023753;0,142121;49,5299002995671;114414,069692;609,430745;-113804,638947;-5,69023194735;35,105815;10,110547;40,77564360647124;-73,96068698429804;40,77225054358849;-73,96307061430005;40,7858376;-73,9459587;40,7823758;-73,9484575;True;True;0xCDcF7b2a3352a32cc28FD35C3924f5BD542a25Ea;324;324;324;0;0,0;12,434972720985362;12,131523335274824;-0,3034493857105378;326;0;324;0,0;False;0,010115169170755296;0,014582131130499155;2,0
47;vehicles_step_sim_3.csv;SUMO_carro_1000;HBEFA4/PC_petrol_Euro-6ab;Gasoline;1773509243;2026-03-14 17:27:23;2026-03-14 17:27:23;0,0;3,165874;3,023753;0,142121;49,5299002995671;114414,069692;609,430745;-113804,638947;-5,69023194735;35,105815;10,110547;40,77564360647124;-73,96068698429804;40,77225054358849;-73,96307061430005;40,7695366;-73,9741738;40,7645055;-73,9776263;True;True;0xCDcF7b2a3352a32cc28FD35C3924f5BD542a25Ea;324;324;324;0;0,0;12,434972720985362;15,545934703354298;3,110961982368936;326;0;324;0,0;False;-0,007259198640973445;-0,014750907398532626;2,0
48;vehicles_step_sim_3.csv;SUMO_carro_1000;HBEFA4/PC_petrol_Euro-6ab;Gasoline;1773509243;2026-03-14 17:27:23;2026-03-14 17:27:23;0,0;3,165874;3,023753;0,142121;49,5299002995671;114414,069692;609,430745;-113804,638947;-5,69023194735;35,105815;10,110547;40,77564360647124;-73,96068698429804;40,77225054358849;-73,96307061430005;40,7744634;-73,965566;40,7712067;-73,9679503;True;True;0xCDcF7b2a3352a32cc28FD35C3924f5BD542a25Ea;324;324;324;0;0,0;12,434972720985362;10,638325177068097;-1,796647543917265;326;0;324;0,0;False;-8,019384153512927e-05;-0,0071250578736256846;2,0
49;vehicles_step_sim_3.csv;SUMO_carro_1000;HBEFA4/PC_petrol_Euro-6ab;Gasoline;1773509243;2026-03-14 17:27:23;2026-03-14 17:27:23;0,0;3,165874;3,023753;0,142121;49,5299002995671;114414,069692;609,430745;-113804,638947;-5,69023194735;35,105815;10,110547;40,77564360647124;-73,96068698429804;40,77225054358849;-73,96307061430005;40,7707855;-73,976129;40,7668247;-73,9789476;True;True;0xCDcF7b2a3352a32cc28FD35C3924f5BD542a25Ea;324;324;324;0;0,0;12,434972720985362;9,343825948676207;-3,0911467723091555;326;0;324;0,0;False;-0,0036167223644068373;-0,014225778785607806;2,0
50;vehicles_step_sim_3.csv;SUMO_carro_1000;HBEFA4/PC_petrol_Euro-6ab;Gasoline;1773509243;2026-03-14 17:27:23;2026-03-14 17:27:23;0,0;3,165874;3,023753;0,142121;49,5299002995671;114414,069692;609,430745;-113804,638947;-5,69023194735;35,105815;10,110547;40,77564360647124;-73,96068698429804;40,77225054358849;-73,96307061430005;40,7803802;-73,9497517;40,7767459;-73,9525671;True;True;0xCDcF7b2a3352a32cc28FD35C3924f5BD542a25Ea;324;324;324;0;0,0;12,434972720985362;14,414159974836195;1,9791872538508333;326;0;324;0,0;False;0,00445213200784214;0,010965068502481424;2,0
51;vehicles_step_sim_3.csv;SUMO_carro_1000;HBEFA4/PC_petrol_Euro-6ab;Gasoline;1773509243;2026-03-14 17:27:23;2026-03-14 17:27:23;0,0;3,165874;3,023753;0,142121;49,5299002995671;114414,069692;609,430745;-113804,638947;-5,69023194735;35,105815;10,110547;40,77564360647124;-73,96068698429804;40,77225054358849;-73,96307061430005;40,7674465;-73,9592144;40,7643125;-73,9616464;True;True;0xCDcF7b2a3352a32cc28FD35C3924f5BD542a25Ea;324;324;324;0;0,0;12,434972720985362;14,617199556847215;2,1822268358618526;326;0;324;0,0;False;-0,008160802597342427;0,0014971409130502438;2,0
52;vehicles_step_sim_3.csv;SUMO_carro_1000;HBEFA4/PC_petrol_Euro-6ab;Gasoline;1773509243;2026-03-14 17:27:23;2026-03-14 17:27:23;0,0;3,165874;3,023753;0,142121;49,5299002995671;114414,069692;609,430745;-113804,638947;-5,69023194735;35,105815;10,110547;40,77564360647124;-73,96068698429804;40,77225054358849;-73,96307061430005;40,7665522;-73,9570925;40,7634264;-73,9593724;True;True;0xCDcF7b2a3352a32cc28FD35C3924f5BD542a25Ea;324;324;324;0;0,0;12,434972720985362;11,812559471670935;-0,6224132493144268;326;0;324;0,0;False;-0,008695994217143904;0,003047088350842871;2,0
53;vehicles_step_sim_3.csv;SUMO_carro_1000;HBEFA4/PC_petrol_Euro-6ab;Gasoline;1773509243;2026-03-14 17:27:23;2026-03-14 17:27:23;0,0;3,165874;3,023753;0,142121;49,5299002995671;114414,069692;609,430745;-113804,638947;-5,69023194735;35,105815;10,110547;40,77564360647124;-73,96068698429804;40,77225054358849;-73,96307061430005;40,7631704;-73,9626513;40,7594077;-73,96524;True;True;0xCDcF7b2a3352a32cc28FD35C3924f5BD542a25Ea;324;324;324;0;0,0;12,434972720985362;12,8878879389616;0,452915217976237;326;0;324;0,0;False;-0,012651352344032488;-0,002184429254661017;2,0
54;vehicles_step_sim_3.csv;SUMO_carro_1000;HBEFA4/PC_petrol_Euro-6ab;Gasoline;1773509243;2026-03-14 17:27:23;2026-03-14 17:27:23;0,0;3,165874;3,023753;0,142121;49,5299002995671;114414,069692;609,430745;-113804,638947;-5,69023194735;35,105815;10,110547;40,77564360647124;-73,96068698429804;40,77225054358849;-73,96307061430005;40,7627293;-73,9492851;40,7596167;-73,9531212;True;True;0xCDcF7b2a3352a32cc28FD35C3924f5BD542a25Ea;324;324;324;0;0,0;12,434972720985362;11,328009366070956;-1,1069633549144058;326;0;324;0,0;False;-0,012452773993166912;0,00975844400425644;2,0
55;vehicles_step_sim_3.csv;SUMO_carro_1000;HBEFA4/PC_petrol_Euro-6ab;Gasoline;1773509243;2026-03-14 17:27:23;2026-03-14 17:27:23;0,0;3,165874;3,023753;0,142121;49,5299002995671;114414,069692;609,430745;-113804,638947;-5,69023194735;35,105815;10,110547;40,77564360647124;-73,96068698429804;40,77225054358849;-73,96307061430005;40,7910401;-73,9534747;40,78782;-73,9558255;True;True;0xCDcF7b2a3352a32cc28FD35C3924f5BD542a25Ea;324;324;324;0;0,0;12,434972720985362;13,659376720092514;1,2244039991071514;326;0;324;0,0;False;0,015253389560270104;0,007181953372553176;2,0
56;vehicles_step_sim_3.csv;SUMO_carro_1000;HBEFA4/PC_petrol_Euro-6ab;Gasoline;1773509243;2026-03-14 17:27:23;2026-03-14 17:27:23;0,0;3,165874;3,023753;0,142121;49,5299002995671;114414,069692;609,430745;-113804,638947;-5,69023194735;35,105815;10,110547;40,77564360647124;-73,96068698429804;40,77225054358849;-73,96307061430005;40,778875;-73,9481;40,7756213;-73,9504792;True;True;0xCDcF7b2a3352a32cc28FD35C3924f5BD542a25Ea;324;324;324;0;0,0;12,434972720985362;10,855358905310867;-1,5796138156744952;326;0;324;0,0;False;0,0034665049290692313;0,012016754962377793;2,0
57;vehicles_step_sim_3.csv;SUMO_carro_1000;HBEFA4/PC_petrol_Euro-6ab;Gasoline;1773509243;2026-03-14 17:27:23;2026-03-14 17:27:23;0,0;3,165874;3,023753;0,142121;49,5299002995671;114414,069692;609,430745;-113804,638947;-5,69023194735;35,105815;10,110547;40,77564360647124;-73,96068698429804;40,77225054358849;-73,96307061430005;40,7903238;-73,9656836;40,7866638;-73,9683486;True;True;0xCDcF7b2a3352a32cc28FD35C3924f5BD542a25Ea;324;324;324;0;0,0;12,434972720985362;16,2811720452059;3,846199324220537;326;0;324;0,0;False;0,014388227007271256;-0,004983831856011676;2,0
58;vehicles_step_sim_3.csv;SUMO_carro_1000;HBEFA4/PC_petrol_Euro-6ab;Gasoline;1773509243;2026-03-14 17:27:23;2026-03-14 17:27:23;0,0;3,165874;3,023753;0,142121;49,5299002995671;114414,069692;609,430745;-113804,638947;-5,69023194735;35,105815;10,110547;40,77564360647124;-73,96068698429804;40,77225054358849;-73,96307061430005;40,7712729;-73,9769862;40,7670983;-73,9796013;True;True;0xCDcF7b2a3352a32cc28FD35C3924f5BD542a25Ea;324;324;324;0;0,0;12,434972720985362;12,594996994471867;0,1600242734865045;326;0;324;0,0;False;-0,0038870146359315516;-0,0158397366896793;2,0
59;vehicles_step_sim_3.csv;SUMO_carro_1000;HBEFA4/PC_petrol_Euro-6ab;Gasoline;1773509243;2026-03-14 17:27:23;2026-03-14 17:27:23;0,0;3,165874;3,023753;0,142121;49,5299002995671;114414,069692;609,430745;-113804,638947;-5,69023194735;35,105815;10,110547;40,77564360647124;-73,96068698429804;40,77225054358849;-73,96307061430005;40,7668557;-73,961684;40,7632177;-73,9647028;True;True;0xCDcF7b2a3352a32cc28FD35C3924f5BD542a25Ea;324;324;324;0;0,0;12,434972720985362;13,841955432166365;1,4069827111810032;326;0;324;0,0;False;-0,009280553172574675;-0,001321181972490958;2,0
60;vehicles_step_sim_3.csv;SUMO_carro_1000;HBEFA4/PC_petrol_Euro-6ab;Gasoline;1773509243;2026-03-14 17:27:23;2026-03-14 17:27:23;0,0;3,165874;3,023753;0,142121;49,5299002995671;114414,069692;609,430745;-113804,638947;-5,69023194735;35,105815;10,110547;40,77564360647124;-73,96068698429804;40,77225054358849;-73,96307061430005;40,7758822;-73,9610597;40,7724062;-73,9629997;True;True;0xCDcF7b2a3352a32cc28FD35C3924f5BD542a25Ea;324;324;324;0;0,0;12,434972720985362;13,38413373647104;0,9491610154856787;326;0;324;0,0;False;6,56655852751978e-05;-0,00029949729674055137;2,0
61;vehicles_step_sim_3.csv;SUMO_carro_1000;HBEFA4/PC_petrol_Euro-6ab;Gasoline;1773509243;2026-03-14 17:27:23;2026-03-14 17:27:23;0,0;3,165874;3,023753;0,142121;49,5299002995671;114414,069692;609,430745;-113804,638947;-5,69023194735;35,105815;10,110547;40,77564360647124;-73,96068698429804;40,77225054358849;-73,96307061430005;40,7760958;-73,9760603;40,771895;-73,977934;True;True;0xCDcF7b2a3352a32cc28FD35C3924f5BD542a25Ea;324;324;324;0;0,0;12,434972720985362;13,540501744362244;1,1055290233768815;326;0;324;0,0;False;-5,2494368236556504e-05;-0,01455303751426603;2,0
62;vehicles_step_sim_3.csv;SUMO_carro_1000;HBEFA4/PC_petrol_Euro-6ab;Gasoline;1773509243;2026-03-14 17:27:23;2026-03-14 17:27:23;0,0;3,165874;3,023753;0,142121;49,5299002995671;114414,069692;609,430745;-113804,638947;-5,69023194735;35,105815;10,110547;40,77564360647124;-73,96068698429804;40,77225054358849;-73,96307061430005;40,7691791;-73,9551783;40,7659291;-73,9575471;True;True;0xCDcF7b2a3352a32cc28FD35C3924f5BD542a25Ea;324;324;324;0;0,0;12,434972720985362;13,792692131018235;1,3577194100328729;326;0;324;0,0;False;-0,006115743679846881;0,005136042637822761;2,0
63;vehicles_step_sim_3.csv;SUMO_carro_1000;HBEFA4/PC_petrol_Euro-6ab;Gasoline;1773509243;2026-03-14 17:27:23;2026-03-14 17:27:23;0,0;3,165874;3,023753;0,142121;49,5299002995671;114414,069692;609,430745;-113804,638947;-5,69023194735;35,105815;10,110547;40,77564360647124;-73,96068698429804;40,77225054358849;-73,96307061430005;40,788574;-73,9489639;40,7851549;-73,9513303;True;True;0xCDcF7b2a3352a32cc28FD35C3924f5BD542a25Ea;324;324;324;0;0,0;12,434972720985362;13,777090522709907;1,3421178017245445;326;0;324;0,0;False;0,012949400850581196;0,011748317759963912;2,0
64;vehicles_step_sim_3.csv;SUMO_carro_1000;HBEFA4/PC_petrol_Euro-6ab;Gasoline;1773509243;2026-03-14 17:27:23;2026-03-14 17:27:23;0,0;3,165874;3,023753;0,142121;49,5299002995671;114414,069692;609,430745;-113804,638947;-5,69023194735;35,105815;10,110547;40,77564360647124;-73,96068698429804;40,77225054358849;-73,96307061430005;40,783857;-73,9739321;40,7801899;-73,9752452;True;True;0xCDcF7b2a3352a32cc28FD35C3924f5BD542a25Ea;324;324;324;0;0,0;12,434972720985362;12,978277945846733;0,5433052248613706;326;0;324;0,0;False;0,008145030636737195;-0,012286993486621227;2,0
65;vehicles_step_sim_3.csv;SUMO_carro_1000;HBEFA4/PC_petrol_Euro-6ab;Gasoline;1773509243;2026-03-14 17:27:23;2026-03-14 17:27:23;0,0;3,165874;3,023753;0,142121;49,5299002995671;114414,069692;609,430745;-113804,638947;-5,69023194735;35,105815;10,110547;40,77564360647124;-73,96068698429804;40,77225054358849;-73,96307061430005;40,7762266;-73,975963;40,7713853;-73,9771742;True;True;0xCDcF7b2a3352a32cc28FD35C3924f5BD542a25Ea;324;324;324;0;0,0;12,434972720985362;20,993120161669733;8,55814744068437;326;0;324;0,0;False;-0,0001997654811520905;-0,013335420088650277;2,0
66;vehicles_step_sim_3.csv;SUMO_carro_1000;HBEFA4/PC_petrol_Euro-6ab;Gasoline;1773509243;2026-03-14 17:27:23;2026-03-14 17:27:23;0,0;3,165874;3,023753;0,142121;49,5299002995671;114414,069692;609,430745;-113804,638947;-5,69023194735;35,105815;10,110547;40,77564360647124;-73,96068698429804;40,77225054358849;-73,96307061430005;40,7828971;-73,9594135;40,7795471;-73,9617519;True;True;0xCDcF7b2a3352a32cc28FD35C3924f5BD542a25Ea;324;324;324;0;0,0;12,434972720985362;12,50162136898426;0,06664864799889791;326;0;324;0,0;False;0,007369677868605135;0,0017095307803157347;2,0
67;vehicles_step_sim_3.csv;SUMO_carro_1000;HBEFA4/PC_petrol_Euro-6ab;Gasoline;1773509243;2026-03-14 17:27:23;2026-03-14 17:27:23;0,0;3,165874;3,023753;0,142121;49,5299002995671;114414,069692;609,430745;-113804,638947;-5,69023194735;35,105815;10,110547;40,77564360647124;-73,96068698429804;40,77225054358849;-73,96307061430005;40,7789069;-73,9684905;40,7704772;-73,9756095;True;True;0xCDcF7b2a3352a32cc28FD35C3924f5BD542a25Ea;324;324;324;0;0,0;12,434972720985362;30,97251406123442;18,537541340249057;326;0;324;0,0;False;0,00034480800288001735;-0,009997967249486903;2,0
68;vehicles_step_sim_3.csv;SUMO_carro_1000;HBEFA4/PC_petrol_Euro-6ab;Gasoline;1773509243;2026-03-14 17:27:23;2026-03-14 17:27:23;0,0;3,165874;3,023753;0,142121;49,5299002995671;114414,069692;609,430745;-113804,638947;-5,69023194735;35,105815;10,110547;40,77564360647124;-73,96068698429804;40,77225054358849;-73,96307061430005;40,7776866;-73,9612871;40,7743241;-73,9635988;True;True;0xCDcF7b2a3352a32cc28FD35C3924f5BD542a25Ea;324;324;324;0;0,0;12,434972720985362;13,12410327912638;0,6891305581410183;326;0;324;0,0;False;0,002010598877885277;-0,0006832536045228401;2,0
69;vehicles_step_sim_3.csv;SUMO_carro_1000;HBEFA4/PC_petrol_Euro-6ab;Gasoline;1773509243;2026-03-14 17:27:23;2026-03-14 17:27:23;0,0;3,165874;3,023753;0,142121;49,5299002995671;114414,069692;609,430745;-113804,638947;-5,69023194735;35,105815;10,110547;40,77564360647124;-73,96068698429804;40,77225054358849;-73,96307061430005;40,7826545;-73,955144;40,7794113;-73,9575064;True;True;0xCDcF7b2a3352a32cc28FD35C3924f5BD542a25Ea;324;324;324;0;0,0;12,434972720985362;12,792379875763778;0,3574071547784161;326;0;324;0,0;False;0,0069236616181169745;0,005611042211028843;2,0
70;vehicles_step_sim_3.csv;SUMO_carro_1000;HBEFA4/PC_petrol_Euro-6ab;Gasoline;1773509243;2026-03-14 17:27:23;2026-03-14 17:27:23;0,0;3,165874;3,023753;0,142121;49,5299002995671;114414,069692;609,430745;-113804,638947;-5,69023194735;35,105815;10,110547;40,77564360647124;-73,96068698429804;40,77225054358849;-73,96307061430005;40,7831579;-73,9485444;40,7796225;-73,9504716;True;True;0xCDcF7b2a3352a32cc28FD35C3924f5BD542a25Ea;324;324;324;0;0,0;12,434972720985362;14,173141555906522;1,7381688349211597;326;0;324;0,0;False;0,007452995445871251;0,012079782033324068;2,0
71;vehicles_step_sim_3.csv;SUMO_carro_1000;HBEFA4/PC_petrol_Euro-6ab;Gasoline;1773509243;2026-03-14 17:27:23;2026-03-14 17:27:23;0,0;3,165874;3,023753;0,142121;49,5299002995671;114414,069692;609,430745;-113804,638947;-5,69023194735;35,105815;10,110547;40,77564360647124;-73,96068698429804;40,77225054358849;-73,96307061430005;40,7855212;-73,9698584;40,7822663;-73,972258;True;True;0xCDcF7b2a3352a32cc28FD35C3924f5BD542a25Ea;324;324;324;0;0,0;12,434972720985362;14,261566363918712;1,82659364293335;326;0;324;0,0;False;0,009877224223424352;-0,009240998390590281;2,0
72;vehicles_step_sim_3.csv;SUMO_carro_1000;HBEFA4/PC_petrol_Euro-6ab;Gasoline;1773509243;2026-03-14 17:27:23;2026-03-14 17:27:23;0,0;3,165874;3,023753;0,142121;49,5299002995671;114414,069692;609,430745;-113804,638947;-5,69023194735;35,105815;10,110547;40,77564360647124;-73,96068698429804;40,77225054358849;-73,96307061430005;40,783302;-73,9708126;40,7798151;-73,9733542;True;True;0xCDcF7b2a3352a32cc28FD35C3924f5BD542a25Ea;324;324;324;0;0,0;12,434972720985362;13,686721050041605;1,2517483290562428;326;0;324;0,0;False;0,0073225936444557835;-0,009810859511833792;2,0
73;vehicles_step_sim_3.csv;SUMO_carro_1000;HBEFA4/PC_petrol_Euro-6ab;Gasoline;1773509243;2026-03-14 17:27:23;2026-03-14 17:27:23;0,0;3,165874;3,023753;0,142121;49,5299002995671;114414,069692;609,430745;-113804,638947;-5,69023194735;35,105815;10,110547;40,77564360647124;-73,96068698429804;40,77225054358849;-73,96307061430005;40,7815342;-73,9604148;40,7782666;-73,9627962;True;True;0xCDcF7b2a3352a32cc28FD35C3924f5BD542a25Ea;324;324;324;0;0,0;12,434972720985362;12,770283710316106;0,3353109893307433;326;0;324;0,0;False;0,006205247724606666;-0,00039291596514799134;2,0
74;vehicles_step_sim_3.csv;SUMO_carro_1000;HBEFA4/PC_petrol_Euro-6ab;Gasoline;1773509243;2026-03-14 17:27:23;2026-03-14 17:27:23;0,0;3,165874;3,023753;0,142121;49,5299002995671;114414,069692;609,430745;-113804,638947;-5,69023194735;35,105815;10,110547;40,77564360647124;-73,96068698429804;40,77225054358849;-73,96307061430005;40,7821327;-73,9633959;40,7781629;-73,9663251;True;True;0xCDcF7b2a3352a32cc28FD35C3924f5BD542a25Ea;324;324;324;0;0,0;12,434972720985362;14,181388047017345;1,7464153260319826;326;0;324;0,0;False;0,006344263856307294;-0,00316788493917216;2,0
75;vehicles_step_sim_3.csv;SUMO_carro_1000;HBEFA4/PC_petrol_Euro-6ab;Gasoline;1773509243;2026-03-14 17:27:23;2026-03-14 17:27:23;0,0;3,165874;3,023753;0,142121;49,5299002995671;114414,069692;609,430745;-113804,638947;-5,69023194735;35,105815;10,110547;40,77564360647124;-73,96068698429804;40,77225054358849;-73,96307061430005;40,7616202;-73,9665469;40,7583891;-73,9690625;True;True;0xCDcF7b2a3352a32cc28FD35C3924f5BD542a25Ea;324;324;324;0;0,0;12,434972720985362;14,543619584393428;2,1086468634080653;326;0;324;0,0;False;-0,013689220607349955;-0,0059396875266011;2,0
76;vehicles_step_sim_3.csv;SUMO_carro_1000;HBEFA4/PC_petrol_Euro-6ab;Gasoline;1773509243;2026-03-14 17:27:23;2026-03-14 17:27:23;0,0;3,165874;3,023753;0,142121;49,5299002995671;114414,069692;609,430745;-113804,638947;-5,69023194735;35,105815;10,110547;40,77564360647124;-73,96068698429804;40,77225054358849;-73,96307061430005;40,7712124;-73,9466289;40,767939;-73,9495688;True;True;0xCDcF7b2a3352a32cc28FD35C3924f5BD542a25Ea;324;324;324;0;0,0;12,434972720985362;10,671339836045288;-1,7636328849400744;326;0;324;0,0;False;-0,004634151171152304;0,014222506759141438;2,0
77;vehicles_step_sim_3.csv;SUMO_carro_1000;HBEFA4/PC_petrol_Euro-6ab;Gasoline;1773509243;2026-03-14 17:27:23;2026-03-14 17:27:23;0,0;3,165874;3,023753;0,142121;49,5299002995671;114414,069692;609,430745;-113804,638947;-5,69023194735;35,105815;10,110547;40,77564360647124;-73,96068698429804;40,77225054358849;-73,96307061430005;40,7586489;-73,9677418;40,755656;-73,9703501;True;True;0xCDcF7b2a3352a32cc28FD35C3924f5BD542a25Ea;324;324;324;0;0,0;12,434972720985362;13,436997363077449;1,0020246420920866;326;0;324;0,0;False;-0,016556940020032693;-0,006964374585083776;2,0
78;vehicles_step_sim_3.csv;SUMO_carro_1000;HBEFA4/PC_petrol_Euro-6ab;Gasoline;1773509243;2026-03-14 17:27:23;2026-03-14 17:27:23;0,0;3,165874;3,023753;0,142121;49,5299002995671;114414,069692;609,430745;-113804,638947;-5,69023194735;35,105815;10,110547;40,77564360647124;-73,96068698429804;40,77225054358849;-73,96307061430005;40,7803802;-73,9497517;40,7771457;-73,9521236;True;True;0xCDcF7b2a3352a32cc28FD35C3924f5BD542a25Ea;324;324;324;0;0,0;12,434972720985362;14,13483456538139;1,6998618443960272;326;0;324;0,0;False;0,00465125160335538;0,011251706253606749;2,0
79;vehicles_step_sim_3.csv;SUMO_carro_1000;HBEFA4/PC_petrol_Euro-6ab;Gasoline;1773509243;2026-03-14 17:27:23;2026-03-14 17:27:23;0,0;3,165874;3,023753;0,142121;49,5299002995671;114414,069692;609,430745;-113804,638947;-5,69023194735;35,105815;10,110547;40,77564360647124;-73,96068698429804;40,77225054358849;-73,96307061430005;40,782174;-73,9439259;40,7785395;-73,9453802;True;True;0xCDcF7b2a3352a32cc28FD35C3924f5BD542a25Ea;324;324;324;0;0,0;12,434972720985362;10,723949837817765;-1,7110228831675975;326;0;324;0,0;False;0,006568962372385641;0,016698188524557307;2,0
80;vehicles_step_sim_3.csv;SUMO_carro_1000;HBEFA4/PC_petrol_Euro-6ab;Gasoline;1773509243;2026-03-14 17:27:23;2026-03-14 17:27:23;0,0;3,165874;3,023753;0,142121;49,5299002995671;114414,069692;609,430745;-113804,638947;-5,69023194735;35,105815;10,110547;40,77564360647124;-73,96068698429804;40,77225054358849;-73,96307061430005;40,7674951;-73,9612621;40,7646281;-73,9641696;True;True;0xCDcF7b2a3352a32cc28FD35C3924f5BD542a25Ea;324;324;324;0;0,0;12,434972720985362;13,044572086394188;0,6095993654088261;326;0;324;0,0;False;-0,007898316819138357;-0,00039230651414003006;2,0
81;vehicles_step_sim_3.csv;SUMO_carro_1000;HBEFA4/PC_petrol_Euro-6ab;Gasoline;1773509243;2026-03-14 17:27:23;2026-03-14 17:27:23;0,0;3,165874;3,023753;0,142121;49,5299002995671;114414,069692;609,430745;-113804,638947;-5,69023194735;35,105815;10,110547;40,77564360647124;-73,96068698429804;40,77225054358849;-73,96307061430005;40,7781225;-73,9658251;40,7783247;-73,96704;True;True;0xCDcF7b2a3352a32cc28FD35C3924f5BD542a25Ea;324;324;324;0;0,0;12,434972720985362;8,367004853902051;-4,067967867083311;326;0;324;0,0;False;0,0044965824444817585;-0,004746892852097219;2,0
82;vehicles_step_sim_3.csv;SUMO_carro_1000;HBEFA4/PC_petrol_Euro-6ab;Gasoline;1773509243;2026-03-14 17:27:23;2026-03-14 17:27:23;0,0;3,165874;3,023753;0,142121;49,5299002995671;114414,069692;609,430745;-113804,638947;-5,69023194735;35,105815;10,110547;40,77564360647124;-73,96068698429804;40,77225054358849;-73,96307061430005;40,7841677;-73,9584976;40,7813573;-73,9624476;True;True;0xCDcF7b2a3352a32cc28FD35C3924f5BD542a25Ea;324;324;324;0;0,0;12,434972720985362;11,969162940922448;-0,46580978006291396;326;0;324;0,0;False;0,009171331333505426;0,0006429059270285934;2,0
83;vehicles_step_sim_3.csv;SUMO_carro_1000;HBEFA4/PC_petrol_Euro-6ab;Gasoline;1773509243;2026-03-14 17:27:23;2026-03-14 17:27:23;0,0;3,165874;3,023753;0,142121;49,5299002995671;114414,069692;609,430745;-113804,638947;-5,69023194735;35,105815;10,110547;40,77564360647124;-73,96068698429804;40,77225054358849;-73,96307061430005;40,7888815;-73,9520285;40,7858814;-73,9550096;True;True;0xCDcF7b2a3352a32cc28FD35C3924f5BD542a25Ea;324;324;324;0;0,0;12,434972720985362;13,14607261517381;0,7110998941884485;326;0;324;0,0;False;0,013337109336674353;0,008628752985841795;2,0
84;vehicles_step_sim_3.csv;SUMO_carro_1000;HBEFA4/PC_petrol_Euro-6ab;Gasoline;1773509243;2026-03-14 17:27:23;2026-03-14 17:27:23;0,0;3,165874;3,023753;0,142121;49,5299002995671;114414,069692;609,430745;-113804,638947;-5,69023194735;35,105815;10,110547;40,77564360647124;-73,96068698429804;40,77225054358849;-73,96307061430005;40,7684933;-73,958618;40,7648365;-73,9607727;True;True;0xCDcF7b2a3352a32cc28FD35C3924f5BD542a25Ea;324;324;324;0;0,0;12,434972720985362;14,419800116913729;1,9848273959283667;326;0;324;0,0;False;-0,007370132196625282;0,002517198888795159;2,0
85;vehicles_step_sim_3.csv;SUMO_carro_1000;HBEFA4/PC_petrol_Euro-6ab;Gasoline;1773509243;2026-03-14 17:27:23;2026-03-14 17:27:23;0,0;3,165874;3,023753;0,142121;49,5299002995671;114414,069692;609,430745;-113804,638947;-5,69023194735;35,105815;10,110547;40,77564360647124;-73,96068698429804;40,77225054358849;-73,96307061430005;40,7691581;-73,9733565;40,7649489;-73,9765741;True;True;0xCDcF7b2a3352a32cc28FD35C3924f5BD542a25Ea;324;324;324;0;0,0;12,434972720985362;17,834570013514085;5,399597292528723;326;0;324;0,0;False;-0,007499702150467979;-0,013259025427889993;2,0
86;vehicles_step_sim_3.csv;SUMO_carro_1000;HBEFA4/PC_petrol_Euro-6ab;Gasoline;1773509243;2026-03-14 17:27:23;2026-03-14 17:27:23;0,0;3,165874;3,023753;0,142121;49,5299002995671;114414,069692;609,430745;-113804,638947;-5,69023194735;35,105815;10,110547;40,77564360647124;-73,96068698429804;40,77225054358849;-73,96307061430005;40,7765484;-73,9465052;40,7726561;-73,9493419;True;True;0xCDcF7b2a3352a32cc28FD35C3924f5BD542a25Ea;324;324;324;0;0,0;12,434972720985362;12,581957029957268;0,14698430897190562;326;0;324;0,0;False;0,00024352982847568075;0,014758617979551027;2,0
87;vehicles_step_sim_3.csv;SUMO_carro_1000;HBEFA4/PC_petrol_Euro-6ab;Gasoline;1773509243;2026-03-14 17:27:23;2026-03-14 17:27:23;0,0;3,165874;3,023753;0,142121;49,5299002995671;114414,069692;609,430745;-113804,638947;-5,69023194735;35,105815;10,110547;40,77564360647124;-73,96068698429804;40,77225054358849;-73,96307061430005;40,7914343;-73,9620036;40,7886992;-73,9668738;True;True;0xCDcF7b2a3352a32cc28FD35C3924f5BD542a25Ea;324;324;324;0;0,0;12,434972720985362;15,378640668419454;2,9436679474340917;326;0;324;0,0;False;0,015581258998390584;-0,0015428091562708435;2,0
88;vehicles_step_sim_3.csv;SUMO_carro_1000;HBEFA4/PC_petrol_Euro-6ab;Gasoline;1773509243;2026-03-14 17:27:23;2026-03-14 17:27:23;0,0;3,165874;3,023753;0,142121;49,5299002995671;114414,069692;609,430745;-113804,638947;-5,69023194735;35,105815;10,110547;40,77564360647124;-73,96068698429804;40,77225054358849;-73,96307061430005;40,7789069;-73,9684905;40,7704772;-73,9756095;True;True;0xCDcF7b2a3352a32cc28FD35C3924f5BD542a25Ea;324;324;324;0;0,0;12,434972720985362;27,64128713546539;15,206314414480028;326;0;324;0,0;False;0,00031057244735449254;-0,00976724896780666;2,0
89;vehicles_step_sim_3.csv;SUMO_carro_1000;HBEFA4/PC_petrol_Euro-6ab;Gasoline;1773509243;2026-03-14 17:27:23;2026-03-14 17:27:23;0,0;3,165874;3,023753;0,142121;49,5299002995671;114414,069692;609,430745;-113804,638947;-5,69023194735;35,105815;10,110547;40,77564360647124;-73,96068698429804;40,77225054358849;-73,96307061430005;40,7768111;-73,9552681;40,7735424;-73,9576575;True;True;0xCDcF7b2a3352a32cc28FD35C3924f5BD542a25Ea;324;324;324;0;0,0;12,434972720985362;13,656175168699534;1,2212024477141714;326;0;324;0,0;False;0,0010214843806284075;0,005832368423589414;2,0
90;vehicles_step_sim_3.csv;SUMO_carro_1000;HBEFA4/PC_petrol_Euro-6ab;Gasoline;1773509243;2026-03-14 17:27:23;2026-03-14 17:27:23;0,0;3,165874;3,023753;0,142121;49,5299002995671;114414,069692;609,430745;-113804,638947;-5,69023194735;35,105815;10,110547;40,77564360647124;-73,96068698429804;40,77225054358849;-73,96307061430005;40,7936002;-73,9632881;40,7903238;-73,9656836;True;True;0xCDcF7b2a3352a32cc28FD35C3924f5BD542a25Ea;324;324;324;0;0,0;12,434972720985362;10,190507176758121;-2,244465544227241;326;0;324;0,0;False;0,017555206155484497;-0,001986508099142666;2,0
91;vehicles_step_sim_3.csv;SUMO_carro_1000;HBEFA4/PC_petrol_Euro-6ab;Gasoline;1773509243;2026-03-14 17:27:23;2026-03-14 17:27:23;0,0;3,165874;3,023753;0,142121;49,5299002995671;114414,069692;609,430745;-113804,638947;-5,69023194735;35,105815;10,110547;40,77564360647124;-73,96068698429804;40,77225054358849;-73,96307061430005;40,7775806;-73,9431077;40,774308;-73,9453999;True;True;0xCDcF7b2a3352a32cc28FD35C3924f5BD542a25Ea;324;324;324;0;0,0;12,434972720985362;11,018029763178978;-1,4169429578063841;326;0;324;0,0;False;0,0020864220877652813;0,0168044121623103;2,0
92;vehicles_step_sim_3.csv;SUMO_carro_1000;HBEFA4/PC_petrol_Euro-6ab;Gasoline;1773509243;2026-03-14 17:27:23;2026-03-14 17:27:23;0,0;3,165874;3,023753;0,142121;49,5299002995671;114414,069692;609,430745;-113804,638947;-5,69023194735;35,105815;10,110547;40,77564360647124;-73,96068698429804;40,77225054358849;-73,96307061430005;40,7744638;-73,9432178;40,7715242;-73,9462682;True;True;0xCDcF7b2a3352a32cc28FD35C3924f5BD542a25Ea;324;324;324;0;0,0;12,434972720985362;9,768143237095414;-2,6668294838899484;326;0;324;0,0;False;-0,0013420642378549248;0,01787044053345531;2,0
93;vehicles_step_sim_3.csv;SUMO_carro_1000;HBEFA4/PC_petrol_Euro-6ab;Gasoline;1773509243;2026-03-14 17:27:23;2026-03-14 17:27:23;0,0;3,165874;3,023753;0,142121;49,5299002995671;114414,069692;609,430745;-113804,638947;-5,69023194735;35,105815;10,110547;40,77564360647124;-73,96068698429804;40,77225054358849;-73,96307061430005;40,773614;-73,9597546;40,7703827;-73,9621118;True;True;0xCDcF7b2a3352a32cc28FD35C3924f5BD542a25Ea;324;324;324;0;0,0;12,434972720985362;13,515767846041214;1,080795125055852;326;0;324;0,0;False;-0,001836459511095593;0,0012813690959264793;2,0
94;vehicles_step_sim_3.csv;SUMO_carro_1000;HBEFA4/PC_petrol_Euro-6ab;Gasoline;1773509243;2026-03-14 17:27:23;2026-03-14 17:27:23;0,0;3,165874;3,023753;0,142121;49,5299002995671;114414,069692;609,430745;-113804,638947;-5,69023194735;35,105815;10,110547;40,77564360647124;-73,96068698429804;40,77225054358849;-73,96307061430005;40,7878499;-73,953713;40,784008;-73,9563773;True;True;0xCDcF7b2a3352a32cc28FD35C3924f5BD542a25Ea;324;324;324;0;0,0;12,434972720985362;13,249647751177587;0,814675030192225;326;0;324;0,0;False;0,011885394092049861;0,006978685167821716;2,0
95;vehicles_step_sim_3.csv;SUMO_carro_1000;HBEFA4/PC_petrol_Euro-6ab;Gasoline;1773509243;2026-03-14 17:27:23;2026-03-14 17:27:23;0,0;3,165874;3,023753;0,142121;49,5299002995671;114414,069692;609,430745;-113804,638947;-5,69023194735;35,105815;10,110547;40,77564360647124;-73,96068698429804;40,77225054358849;-73,96307061430005;40,7735666;-73,9457744;40,7698893;-73,9480504;True;True;0xCDcF7b2a3352a32cc28FD35C3924f5BD542a25Ea;324;324;324;0;0,0;12,434972720985362;11,413679426918572;-1,0212932940667905;326;0;324;0,0;False;-0,0022814596826511904;0,01470745885018686;2,0
96;vehicles_step_sim_3.csv;SUMO_carro_1000;HBEFA4/PC_petrol_Euro-6ab;Gasoline;1773509243;2026-03-14 17:27:23;2026-03-14 17:27:23;0,0;3,165874;3,023753;0,142121;49,5299002995671;114414,069692;609,430745;-113804,638947;-5,69023194735;35,105815;10,110547;40,77564360647124;-73,96068698429804;40,77225054358849;-73,96307061430005;40,777068;-73,9596034;40,7737173;-73,9618136;True;True;0xCDcF7b2a3352a32cc28FD35C3924f5BD542a25Ea;324;324;324;0;0,0;12,434972720985362;13,295555096592507;0,8605823756071445;326;0;324;0,0;False;0,0016444560786452987;0,0013575982694074788;2,0
97;vehicles_step_sim_3.csv;SUMO_carro_1000;HBEFA4/PC_petrol_Euro-6ab;Gasoline;1773509243;2026-03-14 17:27:23;2026-03-14 17:27:23;0,0;3,165874;3,023753;0,142121;49,5299002995671;114414,069692;609,430745;-113804,638947;-5,69023194735;35,105815;10,110547;40,77564360647124;-73,96068698429804;40,77225054358849;-73,96307061430005;40,7697095;-73,9544282;40,7664361;-73,9568207;True;True;0xCDcF7b2a3352a32cc28FD35C3924f5BD542a25Ea;324;324;324;0;0,0;12,434972720985362;13,774660440584036;1,3396877195986736;326;0;324;0,0;False;-0,005982666728521624;0,006562439267743637;2,0
98;vehicles_step_sim_3.csv;SUMO_carro_1000;HBEFA4/PC_petrol_Euro-6ab;Gasoline;1773509243;2026-03-14 17:27:23;2026-03-14 17:27:23;0,0;3,165874;3,023753;0,142121;49,5299002995671;114414,069692;609,430745;-113804,638947;-5,69023194735;35,105815;10,110547;40,77564360647124;-73,96068698429804;40,77225054358849;-73,96307061430005;40,7852306;-73,9732665;40,7822414;-73,9761686;True;True;0xCDcF7b2a3352a32cc28FD35C3924f5BD542a25Ea;324;324;324;0;0,0;12,434972720985362;12,448319587361818;0,013346866376455324;326;0;324;0,0;False;0,009819627430263513;-0,013103229908893612;2,0
99;vehicles_step_sim_3.csv;SUMO_carro_1000;HBEFA4/PC_petrol_Euro-6ab;Gasoline;1773509243;2026-03-14 17:27:23;2026-03-14 17:27:23;0,0;3,165874;3,023753;0,142121;49,5299002995671;114414,069692;609,430745;-113804,638947;-5,69023194735;35,105815;10,110547;40,77564360647124;-73,96068698429804;40,77225054358849;-73,96307061430005;40,7690909;-73,9731493;40,7656295;-73,9761245;True;True;0xCDcF7b2a3352a32cc28FD35C3924f5BD542a25Ea;324;324;324;0;0,0;12,434972720985362;12,045208622634602;-0,38976409835076;326;0;324;0,0;False;-0,0052761169740549;-0,011755397214896313;2,0
100;vehicles_step_sim_3.csv;SUMO_carro_1000;HBEFA4/PC_petrol_Euro-6ab;Gasoline;1773509243;2026-03-14 17:27:23;2026-03-14 17:27:23;0,0;3,165874;3,023753;0,142121;49,5299002995671;114414,069692;609,430745;-113804,638947;-5,69023194735;35,105815;10,110547;40,77564360647124;-73,96068698429804;40,77225054358849;-73,96307061430005;40,7688619;-73,9524491;40,7658299;-73,9553874;True;True;0xCDcF7b2a3352a32cc28FD35C3924f5BD542a25Ea;324;324;324;0;0,0;12,434972720985362;13,27120751092792;0,8362347899425586;326;0;324;0,0;False;-0,006483069049201517;0,00778346012270471;2,0
1;vehicles_step_sim_7.csv;SUMO_carro_1000;HBEFA4/PC_petrol_Euro-6ab;Gasoline;1773509247;2026-03-14 17:27:27;2026-03-14 17:27:28;1,0;3,189925;2,602461;0,587464;54,576555048917754;126071,84216300001;614,0605625;-125457,7816005;-6,272889080025;37,533333;9,638214999999999;40,77564360647124;-73,96068698429804;40,77163676812385;-73,96352032333401;40,7781598;-73,9782693;40,7742915;-73,9810884;True;True;0xCDcF7b2a3352a32cc28FD35C3924f5BD542a25Ea;312;312;312;0;0,0;12,540877703575529;14,128109634391505;1,5872319308159764;314;0;312;0,0;False;0,0026812659931259243;-0,01744251362693156;2,0
2;vehicles_step_sim_7.csv;SUMO_carro_1000;HBEFA4/PC_petrol_Euro-6ab;Gasoline;1773509247;2026-03-14 17:27:27;2026-03-14 17:27:28;1,0;3,189925;2,602461;0,587464;54,576555048917754;126071,84216300001;614,0605625;-125457,7816005;-6,272889080025;37,533333;9,638214999999999;40,77564360647124;-73,96068698429804;40,77163676812385;-73,96352032333401;40,780691;-73,9445956;40,7766572;-73,9467628;True;True;0xCDcF7b2a3352a32cc28FD35C3924f5BD542a25Ea;312;312;312;0;0,0;12,540877703575529;12,395010241839303;-0,14586746173622522;314;0;312;0,0;False;0,005125651993667371;0,01624733440422162;2,0
3;vehicles_step_sim_7.csv;SUMO_carro_1000;HBEFA4/PC_petrol_Euro-6ab;Gasoline;1773509247;2026-03-14 17:27:27;2026-03-14 17:27:28;1,0;3,189925;2,602461;0,587464;54,576555048917754;126071,84216300001;614,0605625;-125457,7816005;-6,272889080025;37,533333;9,638214999999999;40,77564360647124;-73,96068698429804;40,77163676812385;-73,96352032333401;40,7885487;-73,9669851;40,7838444;-73,9655375;True;True;0xCDcF7b2a3352a32cc28FD35C3924f5BD542a25Ea;312;312;312;0;0,0;12,540877703575529;17,053724295081498;4,512846591505969;314;0;312;0,0;False;0,01135865444078316;-0,0024938902237328776;2,0
4;vehicles_step_sim_7.csv;SUMO_carro_1000;HBEFA4/PC_petrol_Euro-6ab;Gasoline;1773509247;2026-03-14 17:27:27;2026-03-14 17:27:28;1,0;3,189925;2,602461;0,587464;54,576555048917754;126071,84216300001;614,0605625;-125457,7816005;-6,272889080025;37,533333;9,638214999999999;40,77564360647124;-73,96068698429804;40,77163676812385;-73,96352032333401;40,7760958;-73,9760603;40,7717897;-73,9782583;True;True;0xCDcF7b2a3352a32cc28FD35C3924f5BD542a25Ea;312;312;312;0;0,0;12,540877703575529;10,17245455699635;-2,368423146579179;314;0;312;0,0;False;0,00014797760115976653;-0,014758832009134953;2,0
5;vehicles_step_sim_7.csv;SUMO_carro_1000;HBEFA4/PC_petrol_Euro-6ab;Gasoline;1773509247;2026-03-14 17:27:27;2026-03-14 17:27:28;1,0;3,189925;2,602461;0,587464;54,576555048917754;126071,84216300001;614,0605625;-125457,7816005;-6,272889080025;37,533333;9,638214999999999;40,77564360647124;-73,96068698429804;40,77163676812385;-73,96352032333401;40,7733897;-73,9442543;40,7701043;-73,947664;True;True;0xCDcF7b2a3352a32cc28FD35C3924f5BD542a25Ea;312;312;312;0;0,0;12,540877703575529;8,012089366993791;-4,528788336581737;314;0;312;0,0;False;-0,0021598954954033297;0,016991467604015646;2,0
6;vehicles_step_sim_7.csv;SUMO_carro_1000;HBEFA4/PC_petrol_Euro-6ab;Gasoline;1773509247;2026-03-14 17:27:27;2026-03-14 17:27:28;1,0;3,189925;2,602461;0,587464;54,576555048917754;126071,84216300001;614,0605625;-125457,7816005;-6,272889080025;37,533333;9,638214999999999;40,77564360647124;-73,96068698429804;40,77163676812385;-73,96352032333401;40,7722809;-73,958576;40,768381;-73,9614366;True;True;0xCDcF7b2a3352a32cc28FD35C3924f5BD542a25Ea;312;312;312;0;0,0;12,540877703575529;13,42609217797275;0,8852144743972215;314;0;312;0,0;False;-0,003355545581289118;0,0025014578233508327;2,0
7;vehicles_step_sim_7.csv;SUMO_carro_1000;HBEFA4/PC_petrol_Euro-6ab;Gasoline;1773509247;2026-03-14 17:27:27;2026-03-14 17:27:28;1,0;3,189925;2,602461;0,587464;54,576555048917754;126071,84216300001;614,0605625;-125457,7816005;-6,272889080025;37,533333;9,638214999999999;40,77564360647124;-73,96068698429804;40,77163676812385;-73,96352032333401;40,7879272;-73,9676493;40,7840348;-73,9704284;True;True;0xCDcF7b2a3352a32cc28FD35C3924f5BD542a25Ea;312;312;312;0;0,0;12,540877703575529;10,419021675814518;-2,1218560277610106;314;0;312;0,0;False;0,012758621500772801;-0,007527374099528449;2,0
8;vehicles_step_sim_7.csv;SUMO_carro_1000;HBEFA4/PC_petrol_Euro-6ab;Gasoline;1773509247;2026-03-14 17:27:27;2026-03-14 17:27:28;1,0;3,189925;2,602461;0,587464;54,576555048917754;126071,84216300001;614,0605625;-125457,7816005;-6,272889080025;37,533333;9,638214999999999;40,77564360647124;-73,96068698429804;40,77163676812385;-73,96352032333401;40,7804333;-73,9716059;40,7765182;-73,9757504;True;True;0xCDcF7b2a3352a32cc28FD35C3924f5BD542a25Ea;312;312;312;0;0,0;12,540877703575529;9,830344664951694;-2,7105330386238347;314;0;312;0,0;False;0,004715553035907568;-0,011326077014419317;2,0
9;vehicles_step_sim_7.csv;SUMO_carro_1000;HBEFA4/PC_petrol_Euro-6ab;Gasoline;1773509247;2026-03-14 17:27:27;2026-03-14 17:27:28;1,0;3,189925;2,602461;0,587464;54,576555048917754;126071,84216300001;614,0605625;-125457,7816005;-6,272889080025;37,533333;9,638214999999999;40,77564360647124;-73,96068698429804;40,77163676812385;-73,96352032333401;40,7731947;-73,9664926;40,7689724;-73,9727106;True;True;0xCDcF7b2a3352a32cc28FD35C3924f5BD542a25Ea;312;312;312;0;0,0;12,540877703575529;12,009066570057291;-0,5318111335182376;314;0;312;0,0;False;-0,0011076666321151482;-0,008581100437560323;2,0
10;vehicles_step_sim_7.csv;SUMO_carro_1000;HBEFA4/PC_petrol_Euro-6ab;Gasoline;1773509247;2026-03-14 17:27:27;2026-03-14 17:27:28;1,0;3,189925;2,602461;0,587464;54,576555048917754;126071,84216300001;614,0605625;-125457,7816005;-6,272889080025;37,533333;9,638214999999999;40,77564360647124;-73,96068698429804;40,77163676812385;-73,96352032333401;40,7681172;-73,9526585;40,7641355;-73,9552174;True;True;0xCDcF7b2a3352a32cc28FD35C3924f5BD542a25Ea;312;312;312;0;0,0;12,540877703575529;12,207176671898216;-0,3337010316773128;314;0;312;0,0;False;-0,0077352374264775614;0,008180225074204324;2,0
11;vehicles_step_sim_7.csv;SUMO_carro_1000;HBEFA4/PC_petrol_Euro-6ab;Gasoline;1773509247;2026-03-14 17:27:27;2026-03-14 17:27:28;1,0;3,189925;2,602461;0,587464;54,576555048917754;126071,84216300001;614,0605625;-125457,7816005;-6,272889080025;37,533333;9,638214999999999;40,77564360647124;-73,96068698429804;40,77163676812385;-73,96352032333401;40,7705199;-73,9645255;40,7667847;-73,9673151;True;True;0xCDcF7b2a3352a32cc28FD35C3924f5BD542a25Ea;312;312;312;0;0,0;12,540877703575529;13,611456424831417;1,0705787212558882;314;0;312;0,0;False;-0,004593938913013599;-0,004219118368594324;2,0
12;vehicles_step_sim_7.csv;SUMO_carro_1000;HBEFA4/PC_petrol_Euro-6ab;Gasoline;1773509247;2026-03-14 17:27:27;2026-03-14 17:27:28;1,0;3,189925;2,602461;0,587464;54,576555048917754;126071,84216300001;614,0605625;-125457,7816005;-6,272889080025;37,533333;9,638214999999999;40,77564360647124;-73,96068698429804;40,77163676812385;-73,96352032333401;40,7704665;-73,9482168;40,7668036;-73,9515379;True;True;0xCDcF7b2a3352a32cc28FD35C3924f5BD542a25Ea;312;312;312;0;0,0;12,540877703575529;10,575413631414168;-1,9654640721613603;314;0;312;0,0;False;-0,005125760704073681;0,01184641258562248;2,0
13;vehicles_step_sim_7.csv;SUMO_carro_1000;HBEFA4/PC_petrol_Euro-6ab;Gasoline;1773509247;2026-03-14 17:27:27;2026-03-14 17:27:28;1,0;3,189925;2,602461;0,587464;54,576555048917754;126071,84216300001;614,0605625;-125457,7816005;-6,272889080025;37,533333;9,638214999999999;40,77564360647124;-73,96068698429804;40,77163676812385;-73,96352032333401;40,7757337;-73,9646383;40,771727;-73,9675701;True;True;0xCDcF7b2a3352a32cc28FD35C3924f5BD542a25Ea;312;312;312;0;0,0;12,540877703575529;13,375010275485717;0,8341325719101889;314;0;312;0,0;False;8,030538940852433e-05;-0,004000496264004168;2,0
14;vehicles_step_sim_7.csv;SUMO_carro_1000;HBEFA4/PC_petrol_Euro-6ab;Gasoline;1773509247;2026-03-14 17:27:27;2026-03-14 17:27:28;1,0;3,189925;2,602461;0,587464;54,576555048917754;126071,84216300001;614,0605625;-125457,7816005;-6,272889080025;37,533333;9,638214999999999;40,77564360647124;-73,96068698429804;40,77163676812385;-73,96352032333401;40,7799485;-73,9767992;40,776057;-73,9796283;True;True;0xCDcF7b2a3352a32cc28FD35C3924f5BD542a25Ea;312;312;312;0;0,0;12,540877703575529;15,30934982514321;2,7684721215676813;314;0;312;0,0;False;0,004297263345579135;-0,015377838356860194;2,0
15;vehicles_step_sim_7.csv;SUMO_carro_1000;HBEFA4/PC_petrol_Euro-6ab;Gasoline;1773509247;2026-03-14 17:27:27;2026-03-14 17:27:28;1,0;3,189925;2,602461;0,587464;54,576555048917754;126071,84216300001;614,0605625;-125457,7816005;-6,272889080025;37,533333;9,638214999999999;40,77564360647124;-73,96068698429804;40,77163676812385;-73,96352032333401;40,764065;-73,9477523;40,7604056;-73,9515992;True;True;0xCDcF7b2a3352a32cc28FD35C3924f5BD542a25Ea;312;312;312;0;0,0;12,540877703575529;9,97133608621643;-2,569541617359098;314;0;312;0,0;False;-0,011090016643442736;0,01182039208658119;2,0
16;vehicles_step_sim_7.csv;SUMO_carro_1000;HBEFA4/PC_petrol_Euro-6ab;Gasoline;1773509247;2026-03-14 17:27:27;2026-03-14 17:27:28;1,0;3,189925;2,602461;0,587464;54,576555048917754;126071,84216300001;614,0605625;-125457,7816005;-6,272889080025;37,533333;9,638214999999999;40,77564360647124;-73,96068698429804;40,77163676812385;-73,96352032333401;40,7724097;-73,9467952;40,7688591;-73,9504796;True;True;0xCDcF7b2a3352a32cc28FD35C3924f5BD542a25Ea;312;312;312;0;0,0;12,540877703575529;9,416091893890858;-3,1247858096846706;314;0;312;0,0;False;-0,0028921611584203023;0,013470707534791276;2,0
17;vehicles_step_sim_7.csv;SUMO_carro_1000;HBEFA4/PC_petrol_Euro-6ab;Gasoline;1773509247;2026-03-14 17:27:27;2026-03-14 17:27:28;1,0;3,189925;2,602461;0,587464;54,576555048917754;126071,84216300001;614,0605625;-125457,7816005;-6,272889080025;37,533333;9,638214999999999;40,77564360647124;-73,96068698429804;40,77163676812385;-73,96352032333401;40,7780964;-73,9656473;40,7744634;-73,965566;True;True;0xCDcF7b2a3352a32cc28FD35C3924f5BD542a25Ea;312;312;312;0;0,0;12,540877703575529;8,786798132438209;-3,7540795711373196;314;0;312;0,0;False;0,004013793775562665;-0,004439353024538391;2,0
18;vehicles_step_sim_7.csv;SUMO_carro_1000;HBEFA4/PC_petrol_Euro-6ab;Gasoline;1773509247;2026-03-14 17:27:27;2026-03-14 17:27:28;1,0;3,189925;2,602461;0,587464;54,576555048917754;126071,84216300001;614,0605625;-125457,7816005;-6,272889080025;37,533333;9,638214999999999;40,77564360647124;-73,96068698429804;40,77163676812385;-73,96352032333401;40,7591778;-73,9609164;40,7549794;-73,9629036;True;True;0xCDcF7b2a3352a32cc28FD35C3924f5BD542a25Ea;312;312;312;0;0,0;12,540877703575529;10,300684570407784;-2,240193133167745;314;0;312;0,0;False;-0,0168036996094104;0,0001869397585857568;2,0
19;vehicles_step_sim_7.csv;SUMO_carro_1000;HBEFA4/PC_petrol_Euro-6ab;Gasoline;1773509247;2026-03-14 17:27:27;2026-03-14 17:27:28;1,0;3,189925;2,602461;0,587464;54,576555048917754;126071,84216300001;614,0605625;-125457,7816005;-6,272889080025;37,533333;9,638214999999999;40,77564360647124;-73,96068698429804;40,77163676812385;-73,96352032333401;40,7704961;-73,9480136;40,7667051;-73,9508559;True;True;0xCDcF7b2a3352a32cc28FD35C3924f5BD542a25Ea;312;312;312;0;0,0;12,540877703575529;8,786107325134923;-3,7547703784406057;314;0;312;0,0;False;-0,004907114763914986;0,012646265482270895;2,0
20;vehicles_step_sim_7.csv;SUMO_carro_1000;HBEFA4/PC_petrol_Euro-6ab;Gasoline;1773509247;2026-03-14 17:27:27;2026-03-14 17:27:28;1,0;3,189925;2,602461;0,587464;54,576555048917754;126071,84216300001;614,0605625;-125457,7816005;-6,272889080025;37,533333;9,638214999999999;40,77564360647124;-73,96068698429804;40,77163676812385;-73,96352032333401;40,7809834;-73,9725008;40,7772465;-73,9762717;True;True;0xCDcF7b2a3352a32cc28FD35C3924f5BD542a25Ea;312;312;312;0;0,0;12,540877703575529;9,655748270233273;-2,8851294333422555;314;0;312;0,0;False;0,00591600096167413;-0,01294642605785198;2,0
21;vehicles_step_sim_7.csv;SUMO_carro_1000;HBEFA4/PC_petrol_Euro-6ab;Gasoline;1773509247;2026-03-14 17:27:27;2026-03-14 17:27:28;1,0;3,189925;2,602461;0,587464;54,576555048917754;126071,84216300001;614,0605625;-125457,7816005;-6,272889080025;37,533333;9,638214999999999;40,77564360647124;-73,96068698429804;40,77163676812385;-73,96352032333401;40,7805668;-73,9617562;40,7762518;-73,9642599;True;True;0xCDcF7b2a3352a32cc28FD35C3924f5BD542a25Ea;312;312;312;0;0,0;12,540877703575529;12,116816604849136;-0,4240610987263924;314;0;312;0,0;False;0,004745687219138325;-0,0014661610130319587;2,0
22;vehicles_step_sim_7.csv;SUMO_carro_1000;HBEFA4/PC_petrol_Euro-6ab;Gasoline;1773509247;2026-03-14 17:27:27;2026-03-14 17:27:28;1,0;3,189925;2,602461;0,587464;54,576555048917754;126071,84216300001;614,0605625;-125457,7816005;-6,272889080025;37,533333;9,638214999999999;40,77564360647124;-73,96068698429804;40,77163676812385;-73,96352032333401;40,7828409;-73,9553897;40,778963;-73,9582198;True;True;0xCDcF7b2a3352a32cc28FD35C3924f5BD542a25Ea;312;312;312;0;0,0;12,540877703575529;13,51668299037231;0,9758052867967812;314;0;312;0,0;False;0,007288538216398904;0,005382307245889751;2,0
23;vehicles_step_sim_7.csv;SUMO_carro_1000;HBEFA4/PC_petrol_Euro-6ab;Gasoline;1773509247;2026-03-14 17:27:27;2026-03-14 17:27:28;1,0;3,189925;2,602461;0,587464;54,576555048917754;126071,84216300001;614,0605625;-125457,7816005;-6,272889080025;37,533333;9,638214999999999;40,77564360647124;-73,96068698429804;40,77163676812385;-73,96352032333401;40,7627043;-73,9628257;40,7587002;-73,9659221;True;True;0xCDcF7b2a3352a32cc28FD35C3924f5BD542a25Ea;312;312;312;0;0,0;12,540877703575529;12,576874300453676;0,03599659687814771;314;0;312;0,0;False;-0,012854313543001395;-0,002362046014058371;2,0
24;vehicles_step_sim_7.csv;SUMO_carro_1000;HBEFA4/PC_petrol_Euro-6ab;Gasoline;1773509247;2026-03-14 17:27:27;2026-03-14 17:27:28;1,0;3,189925;2,602461;0,587464;54,576555048917754;126071,84216300001;614,0605625;-125457,7816005;-6,272889080025;37,533333;9,638214999999999;40,77564360647124;-73,96068698429804;40,77163676812385;-73,96352032333401;40,7644873;-73,9560727;40,7606009;-73,9585004;True;True;0xCDcF7b2a3352a32cc28FD35C3924f5BD542a25Ea;312;312;312;0;0,0;12,540877703575529;12,491393938296223;-0,0494837652793052;314;0;312;0,0;False;-0,011150494783792441;0,00459367647358832;2,0
25;vehicles_step_sim_7.csv;SUMO_carro_1000;HBEFA4/PC_petrol_Euro-6ab;Gasoline;1773509247;2026-03-14 17:27:27;2026-03-14 17:27:28;1,0;3,189925;2,602461;0,587464;54,576555048917754;126071,84216300001;614,0605625;-125457,7816005;-6,272889080025;37,533333;9,638214999999999;40,77564360647124;-73,96068698429804;40,77163676812385;-73,96352032333401;40,7626763;-73,9614678;40,7591931;-73,9643494;True;True;0xCDcF7b2a3352a32cc28FD35C3924f5BD542a25Ea;312;312;312;0;0,0;12,540877703575529;13,245438350218832;0,7045606466433032;314;0;312;0,0;False;-0,012635583732624037;-0,0003033091930683788;2,0
26;vehicles_step_sim_7.csv;SUMO_carro_1000;HBEFA4/PC_petrol_Euro-6ab;Gasoline;1773509247;2026-03-14 17:27:27;2026-03-14 17:27:28;1,0;3,189925;2,602461;0,587464;54,576555048917754;126071,84216300001;614,0605625;-125457,7816005;-6,272889080025;37,533333;9,638214999999999;40,77564360647124;-73,96068698429804;40,77163676812385;-73,96352032333401;40,786562;-73,948517;40,7826933;-73,9513459;True;True;0xCDcF7b2a3352a32cc28FD35C3924f5BD542a25Ea;312;312;312;0;0,0;12,540877703575529;12,332076626945934;-0,20880107662959446;314;0;312;0,0;False;0,011300439314069767;0,011673451694857563;2,0
27;vehicles_step_sim_7.csv;SUMO_carro_1000;HBEFA4/PC_petrol_Euro-6ab;Gasoline;1773509247;2026-03-14 17:27:27;2026-03-14 17:27:28;1,0;3,189925;2,602461;0,587464;54,576555048917754;126071,84216300001;614,0605625;-125457,7816005;-6,272889080025;37,533333;9,638214999999999;40,77564360647124;-73,96068698429804;40,77163676812385;-73,96352032333401;40,7585489;-73,9613876;40,7538124;-73,9640504;True;True;0xCDcF7b2a3352a32cc28FD35C3924f5BD542a25Ea;312;312;312;0;0,0;12,540877703575529;11,216111326035769;-1,3247663775397598;314;0;312;0,0;False;-0,017577798314120357;-0,0005028955395194363;2,0
28;vehicles_step_sim_7.csv;SUMO_carro_1000;HBEFA4/PC_petrol_Euro-6ab;Gasoline;1773509247;2026-03-14 17:27:27;2026-03-14 17:27:28;1,0;3,189925;2,602461;0,587464;54,576555048917754;126071,84216300001;614,0605625;-125457,7816005;-6,272889080025;37,533333;9,638214999999999;40,77564360647124;-73,96068698429804;40,77163676812385;-73,96352032333401;40,7595271;-73,967884;40,755656;-73,9703501;True;True;0xCDcF7b2a3352a32cc28FD35C3924f5BD542a25Ea;312;312;312;0;0,0;12,540877703575529;13,804041106138403;1,2631634025628742;314;0;312;0,0;False;-0,016284589737241402;-0,007009562267517235;2,0
29;vehicles_step_sim_7.csv;SUMO_carro_1000;HBEFA4/PC_petrol_Euro-6ab;Gasoline;1773509247;2026-03-14 17:27:27;2026-03-14 17:27:28;1,0;3,189925;2,602461;0,587464;54,576555048917754;126071,84216300001;614,0605625;-125457,7816005;-6,272889080025;37,533333;9,638214999999999;40,77564360647124;-73,96068698429804;40,77163676812385;-73,96352032333401;40,762658;-73,961599;40,7582417;-73,964843;True;True;0xCDcF7b2a3352a32cc28FD35C3924f5BD542a25Ea;312;312;312;0;0,0;12,540877703575529;14,005862183957461;1,4649844803819327;314;0;312;0,0;False;-0,013089241720002918;-0,0013522571322903455;2,0
30;vehicles_step_sim_7.csv;SUMO_carro_1000;HBEFA4/PC_petrol_Euro-6ab;Gasoline;1773509247;2026-03-14 17:27:27;2026-03-14 17:27:28;1,0;3,189925;2,602461;0,587464;54,576555048917754;126071,84216300001;614,0605625;-125457,7816005;-6,272889080025;37,533333;9,638214999999999;40,77564360647124;-73,96068698429804;40,77163676812385;-73,96352032333401;40,7684816;-73,9491669;40,7630422;-73,9490063;True;True;0xCDcF7b2a3352a32cc28FD35C3924f5BD542a25Ea;312;312;312;0;0,0;12,540877703575529;13,436115894680308;0,8952381911047791;314;0;312;0,0;False;-0,008578384108359543;0,014742824345123131;2,0
31;vehicles_step_sim_7.csv;SUMO_carro_1000;HBEFA4/PC_petrol_Euro-6ab;Gasoline;1773509247;2026-03-14 17:27:27;2026-03-14 17:27:28;1,0;3,189925;2,602461;0,587464;54,576555048917754;126071,84216300001;614,0605625;-125457,7816005;-6,272889080025;37,533333;9,638214999999999;40,77564360647124;-73,96068698429804;40,77163676812385;-73,96352032333401;40,7700666;-73,9572817;40,7661911;-73,9601081;True;True;0xCDcF7b2a3352a32cc28FD35C3924f5BD542a25Ea;312;312;312;0;0,0;12,540877703575529;14,617996299895719;2,07711859632019;314;0;312;0,0;False;-0,006096392939256208;0,004009063617500796;2,0
32;vehicles_step_sim_7.csv;SUMO_carro_1000;HBEFA4/PC_petrol_Euro-6ab;Gasoline;1773509247;2026-03-14 17:27:27;2026-03-14 17:27:28;1,0;3,189925;2,602461;0,587464;54,576555048917754;126071,84216300001;614,0605625;-125457,7816005;-6,272889080025;37,533333;9,638214999999999;40,77564360647124;-73,96068698429804;40,77163676812385;-73,96352032333401;40,7707855;-73,976129;40,765709;-73,9804787;True;True;0xCDcF7b2a3352a32cc28FD35C3924f5BD542a25Ea;312;312;312;0;0,0;12,540877703575529;13,11635672532944;0,5754790217539121;314;0;312;0,0;False;-0,005668969019210475;-0,01669582937124748;2,0
33;vehicles_step_sim_7.csv;SUMO_carro_1000;HBEFA4/PC_petrol_Euro-6ab;Gasoline;1773509247;2026-03-14 17:27:27;2026-03-14 17:27:28;1,0;3,189925;2,602461;0,587464;54,576555048917754;126071,84216300001;614,0605625;-125457,7816005;-6,272889080025;37,533333;9,638214999999999;40,77564360647124;-73,96068698429804;40,77163676812385;-73,96352032333401;40,7799114;-73,9447095;40,7759868;-73,947251;True;True;0xCDcF7b2a3352a32cc28FD35C3924f5BD542a25Ea;312;312;312;0;0,0;12,540877703575529;13,38587272875169;0,8449950251761607;314;0;312;0,0;False;0,004244357960878051;0,015892493605800535;2,0
34;vehicles_step_sim_7.csv;SUMO_carro_1000;HBEFA4/PC_petrol_Euro-6ab;Gasoline;1773509247;2026-03-14 17:27:27;2026-03-14 17:27:28;1,0;3,189925;2,602461;0,587464;54,576555048917754;126071,84216300001;614,0605625;-125457,7816005;-6,272889080025;37,533333;9,638214999999999;40,77564360647124;-73,96068698429804;40,77163676812385;-73,96352032333401;40,774423;-73,9616724;40,7705199;-73,9645255;True;True;0xCDcF7b2a3352a32cc28FD35C3924f5BD542a25Ea;312;312;312;0;0,0;12,540877703575529;14,04045242472132;1,499574721145791;314;0;312;0,0;False;-0,0008484184044327949;-0,0012038826812620683;2,0
35;vehicles_step_sim_7.csv;SUMO_carro_1000;HBEFA4/PC_petrol_Euro-6ab;Gasoline;1773509247;2026-03-14 17:27:27;2026-03-14 17:27:28;1,0;3,189925;2,602461;0,587464;54,576555048917754;126071,84216300001;614,0605625;-125457,7816005;-6,272889080025;37,533333;9,638214999999999;40,77564360647124;-73,96068698429804;40,77163676812385;-73,96352032333401;40,7737116;-73,9779585;40,7698597;-73,9806229;True;True;0xCDcF7b2a3352a32cc28FD35C3924f5BD542a25Ea;312;312;312;0;0,0;12,540877703575529;12,283304582992173;-0,2575731205833556;314;0;312;0,0;False;-0,0019236258534283152;-0,017326305838211854;2,0
36;vehicles_step_sim_7.csv;SUMO_carro_1000;HBEFA4/PC_petrol_Euro-6ab;Gasoline;1773509247;2026-03-14 17:27:27;2026-03-14 17:27:28;1,0;3,189925;2,602461;0,587464;54,576555048917754;126071,84216300001;614,0605625;-125457,7816005;-6,272889080025;37,533333;9,638214999999999;40,77564360647124;-73,96068698429804;40,77163676812385;-73,96352032333401;40,7685281;-73,9637126;40,7641675;-73,9667775;True;True;0xCDcF7b2a3352a32cc28FD35C3924f5BD542a25Ea;312;312;312;0;0,0;12,540877703575529;13,03833984583447;0,49746214225894114;314;0;312;0,0;False;-0,007188186994428129;-0,003368969707089914;2,0
37;vehicles_step_sim_7.csv;SUMO_carro_1000;HBEFA4/PC_petrol_Euro-6ab;Gasoline;1773509247;2026-03-14 17:27:27;2026-03-14 17:27:28;1,0;3,189925;2,602461;0,587464;54,576555048917754;126071,84216300001;614,0605625;-125457,7816005;-6,272889080025;37,533333;9,638214999999999;40,77564360647124;-73,96068698429804;40,77163676812385;-73,96352032333401;40,7903388;-73,9600164;40,783555;-73,9645572;True;True;0xCDcF7b2a3352a32cc28FD35C3924f5BD542a25Ea;312;312;312;0;0,0;12,540877703575529;14,531689948301691;1,990812244726163;314;0;312;0,0;False;0,011924994559736253;-0,0010413016217369014;2,0
38;vehicles_step_sim_7.csv;SUMO_carro_1000;HBEFA4/PC_petrol_Euro-6ab;Gasoline;1773509247;2026-03-14 17:27:27;2026-03-14 17:27:28;1,0;3,189925;2,602461;0,587464;54,576555048917754;126071,84216300001;614,0605625;-125457,7816005;-6,272889080025;37,533333;9,638214999999999;40,77564360647124;-73,96068698429804;40,77163676812385;-73,96352032333401;40,7785395;-73,9453802;40,7746684;-73,9482111;True;True;0xCDcF7b2a3352a32cc28FD35C3924f5BD542a25Ea;312;312;312;0;0,0;12,540877703575529;11,764733475593058;-0,7761442279824706;314;0;312;0,0;False;0,0034209010352048417;0,01447295149258757;2,0
39;vehicles_step_sim_7.csv;SUMO_carro_1000;HBEFA4/PC_petrol_Euro-6ab;Gasoline;1773509247;2026-03-14 17:27:27;2026-03-14 17:27:28;1,0;3,189925;2,602461;0,587464;54,576555048917754;126071,84216300001;614,0605625;-125457,7816005;-6,272889080025;37,533333;9,638214999999999;40,77564360647124;-73,96068698429804;40,77163676812385;-73,96352032333401;40,7836727;-73,9649355;40,7789505;-73,968591;True;True;0xCDcF7b2a3352a32cc28FD35C3924f5BD542a25Ea;312;312;312;0;0,0;12,540877703575529;17,809784575293957;5,268906871718428;314;0;312;0,0;False;0,009476035073424335;-0,003627173102290449;2,0
40;vehicles_step_sim_7.csv;SUMO_carro_1000;HBEFA4/PC_petrol_Euro-6ab;Gasoline;1773509247;2026-03-14 17:27:27;2026-03-14 17:27:28;1,0;3,189925;2,602461;0,587464;54,576555048917754;126071,84216300001;614,0605625;-125457,7816005;-6,272889080025;37,533333;9,638214999999999;40,77564360647124;-73,96068698429804;40,77163676812385;-73,96352032333401;40,7608441;-73,9648675;40,7572985;-73,9684265;True;True;0xCDcF7b2a3352a32cc28FD35C3924f5BD542a25Ea;312;312;312;0;0,0;12,540877703575529;13,007234872018977;0,466357168443448;314;0;312;0,0;False;-0,014909062758351257;-0,004764103292393401;2,0
41;vehicles_step_sim_7.csv;SUMO_carro_1000;HBEFA4/PC_petrol_Euro-6ab;Gasoline;1773509247;2026-03-14 17:27:27;2026-03-14 17:27:28;1,0;3,189925;2,602461;0,587464;54,576555048917754;126071,84216300001;614,0605625;-125457,7816005;-6,272889080025;37,533333;9,638214999999999;40,77564360647124;-73,96068698429804;40,77163676812385;-73,96352032333401;40,7886992;-73,9668738;40,7848398;-73,9696855;True;True;0xCDcF7b2a3352a32cc28FD35C3924f5BD542a25Ea;312;312;312;0;0,0;12,540877703575529;11,450084854366779;-1,09079284920875;314;0;312;0,0;False;0,013072179545026427;-0,005668103319106731;2,0
42;vehicles_step_sim_7.csv;SUMO_carro_1000;HBEFA4/PC_petrol_Euro-6ab;Gasoline;1773509247;2026-03-14 17:27:27;2026-03-14 17:27:28;1,0;3,189925;2,602461;0,587464;54,576555048917754;126071,84216300001;614,0605625;-125457,7816005;-6,272889080025;37,533333;9,638214999999999;40,77564360647124;-73,96068698429804;40,77163676812385;-73,96352032333401;40,776254;-73,9500156;40,7726108;-73,9533096;True;True;0xCDcF7b2a3352a32cc28FD35C3924f5BD542a25Ea;312;312;312;0;0,0;12,540877703575529;12,220847677997439;-0,3200300255780899;314;0;312;0,0;False;0,0006456764428896755;0,010193967198420943;2,0
43;vehicles_step_sim_7.csv;SUMO_carro_1000;HBEFA4/PC_petrol_Euro-6ab;Gasoline;1773509247;2026-03-14 17:27:27;2026-03-14 17:27:28;1,0;3,189925;2,602461;0,587464;54,576555048917754;126071,84216300001;614,0605625;-125457,7816005;-6,272889080025;37,533333;9,638214999999999;40,77564360647124;-73,96068698429804;40,77163676812385;-73,96352032333401;40,7813778;-73,946091;40,7774986;-73,9489201;True;True;0xCDcF7b2a3352a32cc28FD35C3924f5BD542a25Ea;312;312;312;0;0,0;12,540877703575529;13,809462280371164;1,2685845767956359;314;0;312;0,0;False;0,005867867064122948;0,014664305521813406;2,0
44;vehicles_step_sim_7.csv;SUMO_carro_1000;HBEFA4/PC_petrol_Euro-6ab;Gasoline;1773509247;2026-03-14 17:27:27;2026-03-14 17:27:28;1,0;3,189925;2,602461;0,587464;54,576555048917754;126071,84216300001;614,0605625;-125457,7816005;-6,272889080025;37,533333;9,638214999999999;40,77564360647124;-73,96068698429804;40,77163676812385;-73,96352032333401;40,77027;-73,9474968;40,7665332;-73,9507416;True;True;0xCDcF7b2a3352a32cc28FD35C3924f5BD542a25Ea;312;312;312;0;0,0;12,540877703575529;13,139979906628596;0,5991022030530679;314;0;312;0,0;False;-0,006328555279848654;0,015449178572052124;2,0
45;vehicles_step_sim_7.csv;SUMO_carro_1000;HBEFA4/PC_petrol_Euro-6ab;Gasoline;1773509247;2026-03-14 17:27:27;2026-03-14 17:27:28;1,0;3,189925;2,602461;0,587464;54,576555048917754;126071,84216300001;614,0605625;-125457,7816005;-6,272889080025;37,533333;9,638214999999999;40,77564360647124;-73,96068698429804;40,77163676812385;-73,96352032333401;40,7678628;-73,9561353;40,7640551;-73,9589158;True;True;0xCDcF7b2a3352a32cc28FD35C3924f5BD542a25Ea;312;312;312;0;0,0;12,540877703575529;13,615066694000518;1,0741889904249895;314;0;312;0,0;False;-0,007451818948819944;0,004312229215534517;2,0
46;vehicles_step_sim_7.csv;SUMO_carro_1000;HBEFA4/PC_petrol_Euro-6ab;Gasoline;1773509247;2026-03-14 17:27:27;2026-03-14 17:27:28;1,0;3,189925;2,602461;0,587464;54,576555048917754;126071,84216300001;614,0605625;-125457,7816005;-6,272889080025;37,533333;9,638214999999999;40,77564360647124;-73,96068698429804;40,77163676812385;-73,96352032333401;40,7698827;-73,9649886;40,7655003;-73,96817;True;True;0xCDcF7b2a3352a32cc28FD35C3924f5BD542a25Ea;312;312;312;0;0,0;12,540877703575529;13,17512875218926;0,6342510486137307;314;0;312;0,0;False;-0,005804425695369369;-0,004833251348222784;2,0
47;vehicles_step_sim_7.csv;SUMO_carro_1000;HBEFA4/PC_petrol_Euro-6ab;Gasoline;1773509247;2026-03-14 17:27:27;2026-03-14 17:27:28;1,0;3,189925;2,602461;0,587464;54,576555048917754;126071,84216300001;614,0605625;-125457,7816005;-6,272889080025;37,533333;9,638214999999999;40,77564360647124;-73,96068698429804;40,77163676812385;-73,96352032333401;40,7858454;-73,9529602;40,7820238;-73,9557487;True;True;0xCDcF7b2a3352a32cc28FD35C3924f5BD542a25Ea;312;312;312;0;0,0;12,540877703575529;13,592766065406048;1,0518883618305193;314;0;312;0,0;False;0,010204037361877237;0,0077632889837732635;2,0
48;vehicles_step_sim_7.csv;SUMO_carro_1000;HBEFA4/PC_petrol_Euro-6ab;Gasoline;1773509247;2026-03-14 17:27:27;2026-03-14 17:27:28;1,0;3,189925;2,602461;0,587464;54,576555048917754;126071,84216300001;614,0605625;-125457,7816005;-6,272889080025;37,533333;9,638214999999999;40,77564360647124;-73,96068698429804;40,77163676812385;-73,96352032333401;40,7765023;-73,9625414;40,7725132;-73,9650551;True;True;0xCDcF7b2a3352a32cc28FD35C3924f5BD542a25Ea;312;312;312;0;0,0;12,540877703575529;13,242005670842394;0,7011279672668653;314;0;312;0,0;False;0,000779231543798987;-0,0018515135165003925;2,0
49;vehicles_step_sim_7.csv;SUMO_carro_1000;HBEFA4/PC_petrol_Euro-6ab;Gasoline;1773509247;2026-03-14 17:27:27;2026-03-14 17:27:28;1,0;3,189925;2,602461;0,587464;54,576555048917754;126071,84216300001;614,0605625;-125457,7816005;-6,272889080025;37,533333;9,638214999999999;40,77564360647124;-73,96068698429804;40,77163676812385;-73,96352032333401;40,7865434;-73,9567593;40,7822699;-73,9598778;True;True;0xCDcF7b2a3352a32cc28FD35C3924f5BD542a25Ea;312;312;312;0;0,0;12,540877703575529;12,817582930755217;0,27670522717968815;314;0;312;0,0;False;0,011030740571914664;0,0032118257397624503;2,0
50;vehicles_step_sim_7.csv;SUMO_carro_1000;HBEFA4/PC_petrol_Euro-6ab;Gasoline;1773509247;2026-03-14 17:27:27;2026-03-14 17:27:28;1,0;3,189925;2,602461;0,587464;54,576555048917754;126071,84216300001;614,0605625;-125457,7816005;-6,272889080025;37,533333;9,638214999999999;40,77564360647124;-73,96068698429804;40,77163676812385;-73,96352032333401;40,7771085;-73,9499036;40,7732379;-73,9526857;True;True;0xCDcF7b2a3352a32cc28FD35C3924f5BD542a25Ea;312;312;312;0;0,0;12,540877703575529;13,267683060022701;0,7268053564471728;314;0;312;0,0;False;0,0016143840191054555;0,010965014363076451;2,0
51;vehicles_step_sim_7.csv;SUMO_carro_1000;HBEFA4/PC_petrol_Euro-6ab;Gasoline;1773509247;2026-03-14 17:27:27;2026-03-14 17:27:28;1,0;3,189925;2,602461;0,587464;54,576555048917754;126071,84216300001;614,0605625;-125457,7816005;-6,272889080025;37,533333;9,638214999999999;40,77564360647124;-73,96068698429804;40,77163676812385;-73,96352032333401;40,7822111;-73,9599188;40,7779415;-73,965167;True;True;0xCDcF7b2a3352a32cc28FD35C3924f5BD542a25Ea;312;312;312;0;0,0;12,540877703575529;13,487243019560315;0,9463653159847869;314;0;312;0,0;False;0,007220229598242591;-0,0008838560746422137;2,0
52;vehicles_step_sim_7.csv;SUMO_carro_1000;HBEFA4/PC_petrol_Euro-6ab;Gasoline;1773509247;2026-03-14 17:27:27;2026-03-14 17:27:28;1,0;3,189925;2,602461;0,587464;54,576555048917754;126071,84216300001;614,0605625;-125457,7816005;-6,272889080025;37,533333;9,638214999999999;40,77564360647124;-73,96068698429804;40,77163676812385;-73,96352032333401;40,7645804;-73,9601629;40,7601231;-73,96317;True;True;0xCDcF7b2a3352a32cc28FD35C3924f5BD542a25Ea;312;312;312;0;0,0;12,540877703575529;13,633906113166125;1,0930284095905964;314;0;312;0,0;False;-0,011477250884442248;0,0002568947422025985;2,0
53;vehicles_step_sim_7.csv;SUMO_carro_1000;HBEFA4/PC_petrol_Euro-6ab;Gasoline;1773509247;2026-03-14 17:27:27;2026-03-14 17:27:28;1,0;3,189925;2,602461;0,587464;54,576555048917754;126071,84216300001;614,0605625;-125457,7816005;-6,272889080025;37,533333;9,638214999999999;40,77564360647124;-73,96068698429804;40,77163676812385;-73,96352032333401;40,7734011;-73,9489683;40,7694999;-73,9518309;True;True;0xCDcF7b2a3352a32cc28FD35C3924f5BD542a25Ea;312;312;312;0;0,0;12,540877703575529;12,66971223173749;0,12883452816196161;314;0;312;0,0;False;-0,0020671405901900065;0,011629386871918432;2,0
54;vehicles_step_sim_7.csv;SUMO_carro_1000;HBEFA4/PC_petrol_Euro-6ab;Gasoline;1773509247;2026-03-14 17:27:27;2026-03-14 17:27:28;1,0;3,189925;2,602461;0,587464;54,576555048917754;126071,84216300001;614,0605625;-125457,7816005;-6,272889080025;37,533333;9,638214999999999;40,77564360647124;-73,96068698429804;40,77163676812385;-73,96352032333401;40,7638382;-73,9544997;40,7599538;-73,9574724;True;True;0xCDcF7b2a3352a32cc28FD35C3924f5BD542a25Ea;312;312;312;0;0,0;12,540877703575529;13,402556713347186;0,8616790097716578;314;0;312;0,0;False;-0,011672888690723037;0,006189684966691842;2,0
55;vehicles_step_sim_7.csv;SUMO_carro_1000;HBEFA4/PC_petrol_Euro-6ab;Gasoline;1773509247;2026-03-14 17:27:27;2026-03-14 17:27:28;1,0;3,189925;2,602461;0,587464;54,576555048917754;126071,84216300001;614,0605625;-125457,7816005;-6,272889080025;37,533333;9,638214999999999;40,77564360647124;-73,96068698429804;40,77163676812385;-73,96352032333401;40,7731947;-73,9664926;40,7688129;-73,9707939;True;True;0xCDcF7b2a3352a32cc28FD35C3924f5BD542a25Ea;312;312;312;0;0,0;12,540877703575529;11,284355317332064;-1,2565223862434642;314;0;312;0,0;False;-0,0016899247020781777;-0,007340083385310324;2,0
56;vehicles_step_sim_7.csv;SUMO_carro_1000;HBEFA4/PC_petrol_Euro-6ab;Gasoline;1773509247;2026-03-14 17:27:27;2026-03-14 17:27:28;1,0;3,189925;2,602461;0,587464;54,576555048917754;126071,84216300001;614,0605625;-125457,7816005;-6,272889080025;37,533333;9,638214999999999;40,77564360647124;-73,96068698429804;40,77163676812385;-73,96352032333401;40,7656295;-73,9761245;40,7622285;-73,9782022;True;True;0xCDcF7b2a3352a32cc28FD35C3924f5BD542a25Ea;312;312;312;0;0,0;12,540877703575529;13,757237254069185;1,2163595504936566;314;0;312;0,0;False;-0,009270113243746343;-0,014690743272768895;2,0
57;vehicles_step_sim_7.csv;SUMO_carro_1000;HBEFA4/PC_petrol_Euro-6ab;Gasoline;1773509247;2026-03-14 17:27:27;2026-03-14 17:27:28;1,0;3,189925;2,602461;0,587464;54,576555048917754;126071,84216300001;614,0605625;-125457,7816005;-6,272889080025;37,533333;9,638214999999999;40,77564360647124;-73,96068698429804;40,77163676812385;-73,96352032333401;40,7795958;-73,9435733;40,7758785;-73,9469945;True;True;0xCDcF7b2a3352a32cc28FD35C3924f5BD542a25Ea;312;312;312;0;0,0;12,540877703575529;12,022204454067078;-0,518673249508451;314;0;312;0,0;False;0,003968625035538784;0,017257565563853206;2,0
58;vehicles_step_sim_7.csv;SUMO_carro_1000;HBEFA4/PC_petrol_Euro-6ab;Gasoline;1773509247;2026-03-14 17:27:27;2026-03-14 17:27:28;1,0;3,189925;2,602461;0,587464;54,576555048917754;126071,84216300001;614,0605625;-125457,7816005;-6,272889080025;37,533333;9,638214999999999;40,77564360647124;-73,96068698429804;40,77163676812385;-73,96352032333401;40,7682505;-73,9707788;40,7644751;-73,9734987;True;True;0xCDcF7b2a3352a32cc28FD35C3924f5BD542a25Ea;312;312;312;0;0,0;12,540877703575529;12,135726330007477;-0,4051513735680512;314;0;312;0,0;False;-0,007497149251843112;-0,010113549992002157;2,0
59;vehicles_step_sim_7.csv;SUMO_carro_1000;HBEFA4/PC_petrol_Euro-6ab;Gasoline;1773509247;2026-03-14 17:27:27;2026-03-14 17:27:28;1,0;3,189925;2,602461;0,587464;54,576555048917754;126071,84216300001;614,0605625;-125457,7816005;-6,272889080025;37,533333;9,638214999999999;40,77564360647124;-73,96068698429804;40,77163676812385;-73,96352032333401;40,7660467;-73,9694798;40,762247;-73,9722532;True;True;0xCDcF7b2a3352a32cc28FD35C3924f5BD542a25Ea;312;312;312;0;0,0;12,540877703575529;12,627669636210458;0,08679193263492913;314;0;312;0,0;False;-0,009701563869865098;-0,008560245926444644;2,0
60;vehicles_step_sim_7.csv;SUMO_carro_1000;HBEFA4/PC_petrol_Euro-6ab;Gasoline;1773509247;2026-03-14 17:27:27;2026-03-14 17:27:28;1,0;3,189925;2,602461;0,587464;54,576555048917754;126071,84216300001;614,0605625;-125457,7816005;-6,272889080025;37,533333;9,638214999999999;40,77564360647124;-73,96068698429804;40,77163676812385;-73,96352032333401;40,7624786;-73,9569538;40,7586214;-73,9595971;True;True;0xCDcF7b2a3352a32cc28FD35C3924f5BD542a25Ea;312;312;312;0;0,0;12,540877703575529;11,64167221700552;-0,8992054865700094;314;0;312;0,0;False;-0,0130609678017576;0,004160910640712567;2,0
61;vehicles_step_sim_7.csv;SUMO_carro_1000;HBEFA4/PC_petrol_Euro-6ab;Gasoline;1773509247;2026-03-14 17:27:27;2026-03-14 17:27:28;1,0;3,189925;2,602461;0,587464;54,576555048917754;126071,84216300001;614,0605625;-125457,7816005;-6,272889080025;37,533333;9,638214999999999;40,77564360647124;-73,96068698429804;40,77163676812385;-73,96352032333401;40,788574;-73,9489639;40,7846117;-73,9519952;True;True;0xCDcF7b2a3352a32cc28FD35C3924f5BD542a25Ea;312;312;312;0;0,0;12,540877703575529;12,643047357025104;0,10216965344957529;314;0;312;0,0;False;0,013331852739027214;0,011308607945255936;2,0
62;vehicles_step_sim_7.csv;SUMO_carro_1000;HBEFA4/PC_petrol_Euro-6ab;Gasoline;1773509247;2026-03-14 17:27:27;2026-03-14 17:27:28;1,0;3,189925;2,602461;0,587464;54,576555048917754;126071,84216300001;614,0605625;-125457,7816005;-6,272889080025;37,533333;9,638214999999999;40,77564360647124;-73,96068698429804;40,77163676812385;-73,96352032333401;40,7775055;-73,9633456;40,7737297;-73,9661019;True;True;0xCDcF7b2a3352a32cc28FD35C3924f5BD542a25Ea;312;312;312;0;0,0;12,540877703575529;12,656575831926279;0,11569812835075055;314;0;312;0,0;False;0,0020322840320547175;-0,003085877044839417;2,0
63;vehicles_step_sim_7.csv;SUMO_carro_1000;HBEFA4/PC_petrol_Euro-6ab;Gasoline;1773509247;2026-03-14 17:27:27;2026-03-14 17:27:28;1,0;3,189925;2,602461;0,587464;54,576555048917754;126071,84216300001;614,0605625;-125457,7816005;-6,272889080025;37,533333;9,638214999999999;40,77564360647124;-73,96068698429804;40,77163676812385;-73,96352032333401;40,7687238;-73,9700201;40,7646148;-73,9727773;True;True;0xCDcF7b2a3352a32cc28FD35C3924f5BD542a25Ea;312;312;312;0;0,0;12,540877703575529;13,135055557638664;0,5941778540631351;314;0;312;0,0;False;-0,006941955402562088;-0,009399846244447762;2,0
64;vehicles_step_sim_7.csv;SUMO_carro_1000;HBEFA4/PC_petrol_Euro-6ab;Gasoline;1773509247;2026-03-14 17:27:27;2026-03-14 17:27:28;1,0;3,189925;2,602461;0,587464;54,576555048917754;126071,84216300001;614,0605625;-125457,7816005;-6,272889080025;37,533333;9,638214999999999;40,77564360647124;-73,96068698429804;40,77163676812385;-73,96352032333401;40,7701493;-73,9542869;40,7659291;-73,9575471;True;True;0xCDcF7b2a3352a32cc28FD35C3924f5BD542a25Ea;312;312;312;0;0,0;12,540877703575529;12,355272560112544;-0,1856051434629844;314;0;312;0,0;False;-0,005380136954825976;0,00600166567677604;2,0
65;vehicles_step_sim_7.csv;SUMO_carro_1000;HBEFA4/PC_petrol_Euro-6ab;Gasoline;1773509247;2026-03-14 17:27:27;2026-03-14 17:27:28;1,0;3,189925;2,602461;0,587464;54,576555048917754;126071,84216300001;614,0605625;-125457,7816005;-6,272889080025;37,533333;9,638214999999999;40,77564360647124;-73,96068698429804;40,77163676812385;-73,96352032333401;40,7901233;-73,9591053;40,7832526;-73,9639213;True;True;0xCDcF7b2a3352a32cc28FD35C3924f5BD542a25Ea;312;312;312;0;0,0;12,540877703575529;19,884842047841406;7,343964344265878;314;0;312;0,0;False;0,012600990555784789;0,0008386181133463444;2,0
66;vehicles_step_sim_7.csv;SUMO_carro_1000;HBEFA4/PC_petrol_Euro-6ab;Gasoline;1773509247;2026-03-14 17:27:27;2026-03-14 17:27:28;1,0;3,189925;2,602461;0,587464;54,576555048917754;126071,84216300001;614,0605625;-125457,7816005;-6,272889080025;37,533333;9,638214999999999;40,77564360647124;-73,96068698429804;40,77163676812385;-73,96352032333401;40,7840515;-73,9702639;40,7801181;-73,971281;True;True;0xCDcF7b2a3352a32cc28FD35C3924f5BD542a25Ea;312;312;312;0;0,0;12,540877703575529;13,281356740945705;0,7404790373701768;314;0;312;0,0;False;0,007969819986375607;-0,008282603084238015;2,0
67;vehicles_step_sim_7.csv;SUMO_carro_1000;HBEFA4/PC_petrol_Euro-6ab;Gasoline;1773509247;2026-03-14 17:27:27;2026-03-14 17:27:28;1,0;3,189925;2,602461;0,587464;54,576555048917754;126071,84216300001;614,0605625;-125457,7816005;-6,272889080025;37,533333;9,638214999999999;40,77564360647124;-73,96068698429804;40,77163676812385;-73,96352032333401;40,7693532;-73,9738312;40,7639072;-73,9783036;True;True;0xCDcF7b2a3352a32cc28FD35C3924f5BD542a25Ea;312;312;312;0;0,0;12,540877703575529;16,4048763131375;3,863998609561971;314;0;312;0,0;False;-0,0076105088549989035;-0,014388525450629542;2,0
68;vehicles_step_sim_7.csv;SUMO_carro_1000;HBEFA4/PC_petrol_Euro-6ab;Gasoline;1773509247;2026-03-14 17:27:27;2026-03-14 17:27:28;1,0;3,189925;2,602461;0,587464;54,576555048917754;126071,84216300001;614,0605625;-125457,7816005;-6,272889080025;37,533333;9,638214999999999;40,77564360647124;-73,96068698429804;40,77163676812385;-73,96352032333401;40,7820043;-73,9537613;40,7781308;-73,9565903;True;True;0xCDcF7b2a3352a32cc28FD35C3924f5BD542a25Ea;312;312;312;0;0,0;12,540877703575529;13,425166347437893;0,884288643862364;314;0;312;0,0;False;0,00635522874513928;0,006811940786762958;2,0
69;vehicles_step_sim_7.csv;SUMO_carro_1000;HBEFA4/PC_petrol_Euro-6ab;Gasoline;1773509247;2026-03-14 17:27:27;2026-03-14 17:27:28;1,0;3,189925;2,602461;0,587464;54,576555048917754;126071,84216300001;614,0605625;-125457,7816005;-6,272889080025;37,533333;9,638214999999999;40,77564360647124;-73,96068698429804;40,77163676812385;-73,96352032333401;40,7726672;-73,9448667;40,7688298;-73,9488661;True;True;0xCDcF7b2a3352a32cc28FD35C3924f5BD542a25Ea;312;312;312;0;0,0;12,540877703575529;8,802979962016337;-3,737897741559191;314;0;312;0,0;False;-0,0034386135229300843;0,016343503427826034;2,0
70;vehicles_step_sim_7.csv;SUMO_carro_1000;HBEFA4/PC_petrol_Euro-6ab;Gasoline;1773509247;2026-03-14 17:27:27;2026-03-14 17:27:28;1,0;3,189925;2,602461;0,587464;54,576555048917754;126071,84216300001;614,0605625;-125457,7816005;-6,272889080025;37,533333;9,638214999999999;40,77564360647124;-73,96068698429804;40,77163676812385;-73,96352032333401;40,7724319;-73,9526153;40,7685484;-73,9554556;True;True;0xCDcF7b2a3352a32cc28FD35C3924f5BD542a25Ea;312;312;312;0;0,0;12,540877703575529;13,84205819180461;1,3011804882290807;314;0;312;0,0;False;-0,0030462999722252336;0,008056301520134328;2,0
71;vehicles_step_sim_7.csv;SUMO_carro_1000;HBEFA4/PC_petrol_Euro-6ab;Gasoline;1773509247;2026-03-14 17:27:27;2026-03-14 17:27:28;1,0;3,189925;2,602461;0,587464;54,576555048917754;126071,84216300001;614,0605625;-125457,7816005;-6,272889080025;37,533333;9,638214999999999;40,77564360647124;-73,96068698429804;40,77163676812385;-73,96352032333401;40,7788555;-73,9500343;40,7749852;-73,9529039;True;True;0xCDcF7b2a3352a32cc28FD35C3924f5BD542a25Ea;312;312;312;0;0,0;12,540877703575529;12,605261097448565;0,06438339387303671;314;0;312;0,0;False;0,0030620549488160438;0,010884053044116005;2,0
72;vehicles_step_sim_7.csv;SUMO_carro_1000;HBEFA4/PC_petrol_Euro-6ab;Gasoline;1773509247;2026-03-14 17:27:27;2026-03-14 17:27:28;1,0;3,189925;2,602461;0,587464;54,576555048917754;126071,84216300001;614,0605625;-125457,7816005;-6,272889080025;37,533333;9,638214999999999;40,77564360647124;-73,96068698429804;40,77163676812385;-73,96352032333401;40,7611627;-73,9505039;40,7573911;-73,9537069;True;True;0xCDcF7b2a3352a32cc28FD35C3924f5BD542a25Ea;312;312;312;0;0,0;12,540877703575529;11,61152923436993;-0,929348469205598;314;0;312;0,0;False;-0,014231819277305869;0,009729821209560615;2,0
73;vehicles_step_sim_7.csv;SUMO_carro_1000;HBEFA4/PC_petrol_Euro-6ab;Gasoline;1773509247;2026-03-14 17:27:27;2026-03-14 17:27:28;1,0;3,189925;2,602461;0,587464;54,576555048917754;126071,84216300001;614,0605625;-125457,7816005;-6,272889080025;37,533333;9,638214999999999;40,77564360647124;-73,96068698429804;40,77163676812385;-73,96352032333401;40,7679181;-73,9682514;40,7640017;-73,9711294;True;True;0xCDcF7b2a3352a32cc28FD35C3924f5BD542a25Ea;312;312;312;0;0,0;12,540877703575529;12,713882344445718;0,17300464087018952;314;0;312;0,0;False;-0,007746591866844001;-0,00761438176566587;2,0
74;vehicles_step_sim_7.csv;SUMO_carro_1000;HBEFA4/PC_petrol_Euro-6ab;Gasoline;1773509247;2026-03-14 17:27:27;2026-03-14 17:27:28;1,0;3,189925;2,602461;0,587464;54,576555048917754;126071,84216300001;614,0605625;-125457,7816005;-6,272889080025;37,533333;9,638214999999999;40,77564360647124;-73,96068698429804;40,77163676812385;-73,96352032333401;40,7698449;-73,9689451;40,766096;-73,9716888;True;True;0xCDcF7b2a3352a32cc28FD35C3924f5BD542a25Ea;312;312;312;0;0,0;12,540877703575529;12,700310165086874;0,15943246151134538;314;0;312;0,0;False;-0,005612990818346273;-0,008661059443484062;2,0
75;vehicles_step_sim_7.csv;SUMO_carro_1000;HBEFA4/PC_petrol_Euro-6ab;Gasoline;1773509247;2026-03-14 17:27:27;2026-03-14 17:27:28;1,0;3,189925;2,602461;0,587464;54,576555048917754;126071,84216300001;614,0605625;-125457,7816005;-6,272889080025;37,533333;9,638214999999999;40,77564360647124;-73,96068698429804;40,77163676812385;-73,96352032333401;40,7882765;-73,9562515;40,7835157;-73,9589613;True;True;0xCDcF7b2a3352a32cc28FD35C3924f5BD542a25Ea;312;312;312;0;0,0;12,540877703575529;10,636303221054705;-1,9045744825208235;314;0;312;0,0;False;0,012503355448464978;0,002894854151876934;2,0
76;vehicles_step_sim_7.csv;SUMO_carro_1000;HBEFA4/PC_petrol_Euro-6ab;Gasoline;1773509247;2026-03-14 17:27:27;2026-03-14 17:27:28;1,0;3,189925;2,602461;0,587464;54,576555048917754;126071,84216300001;614,0605625;-125457,7816005;-6,272889080025;37,533333;9,638214999999999;40,77564360647124;-73,96068698429804;40,77163676812385;-73,96352032333401;40,7659291;-73,9575471;40,7621301;-73,961949;True;True;0xCDcF7b2a3352a32cc28FD35C3924f5BD542a25Ea;312;312;312;0;0,0;12,540877703575529;13,714612228360085;1,1737345247845568;314;0;312;0,0;False;-0,00943521558025816;0,0019832755951401837;2,0
77;vehicles_step_sim_7.csv;SUMO_carro_1000;HBEFA4/PC_petrol_Euro-6ab;Gasoline;1773509247;2026-03-14 17:27:27;2026-03-14 17:27:28;1,0;3,189925;2,602461;0,587464;54,576555048917754;126071,84216300001;614,0605625;-125457,7816005;-6,272889080025;37,533333;9,638214999999999;40,77564360647124;-73,96068698429804;40,77163676812385;-73,96352032333401;40,7732893;-73,9488817;40,7688591;-73,9504796;True;True;0xCDcF7b2a3352a32cc28FD35C3924f5BD542a25Ea;312;312;312;0;0,0;12,540877703575529;11,236887937937597;-1,3039897656379313;314;0;312;0,0;False;-0,002605249990400308;0,01272373769094183;2,0
78;vehicles_step_sim_7.csv;SUMO_carro_1000;HBEFA4/PC_petrol_Euro-6ab;Gasoline;1773509247;2026-03-14 17:27:27;2026-03-14 17:27:28;1,0;3,189925;2,602461;0,587464;54,576555048917754;126071,84216300001;614,0605625;-125457,7816005;-6,272889080025;37,533333;9,638214999999999;40,77564360647124;-73,96068698429804;40,77163676812385;-73,96352032333401;40,7767506;-73,9631415;40,7725132;-73,9650551;True;True;0xCDcF7b2a3352a32cc28FD35C3924f5BD542a25Ea;312;312;312;0;0,0;12,540877703575529;12,96007798770669;0,4192002841311613;314;0;312;0,0;False;0,0013734170314090837;-0,002023791591133853;2,0
79;vehicles_step_sim_7.csv;SUMO_carro_1000;HBEFA4/PC_petrol_Euro-6ab;Gasoline;1773509247;2026-03-14 17:27:27;2026-03-14 17:27:28;1,0;3,189925;2,602461;0,587464;54,576555048917754;126071,84216300001;614,0605625;-125457,7816005;-6,272889080025;37,533333;9,638214999999999;40,77564360647124;-73,96068698429804;40,77163676812385;-73,96352032333401;40,7770659;-73,9615821;40,7730573;-73,9643696;True;True;0xCDcF7b2a3352a32cc28FD35C3924f5BD542a25Ea;312;312;312;0;0,0;12,540877703575529;13,456894435376231;0,9160167318007026;314;0;312;0,0;False;0,0015562915441225652;-0,000526775263670876;2,0
80;vehicles_step_sim_7.csv;SUMO_carro_1000;HBEFA4/PC_petrol_Euro-6ab;Gasoline;1773509247;2026-03-14 17:27:27;2026-03-14 17:27:28;1,0;3,189925;2,602461;0,587464;54,576555048917754;126071,84216300001;614,0605625;-125457,7816005;-6,272889080025;37,533333;9,638214999999999;40,77564360647124;-73,96068698429804;40,77163676812385;-73,96352032333401;40,7786974;-73,9679871;40,7725558;-73,9669592;True;True;0xCDcF7b2a3352a32cc28FD35C3924f5BD542a25Ea;312;312;312;0;0,0;12,540877703575529;12,952662354438289;0,41178465086276006;314;0;312;0,0;False;0,0026469686702395834;-0,007585794987494535;2,0
81;vehicles_step_sim_7.csv;SUMO_carro_1000;HBEFA4/PC_petrol_Euro-6ab;Gasoline;1773509247;2026-03-14 17:27:27;2026-03-14 17:27:28;1,0;3,189925;2,602461;0,587464;54,576555048917754;126071,84216300001;614,0605625;-125457,7816005;-6,272889080025;37,533333;9,638214999999999;40,77564360647124;-73,96068698429804;40,77163676812385;-73,96352032333401;40,7802211;-73,959422;40,7763766;-73,9622361;True;True;0xCDcF7b2a3352a32cc28FD35C3924f5BD542a25Ea;312;312;312;0;0,0;12,540877703575529;13,077519249302922;0,5366415457273934;314;0;312;0,0;False;0,004712008843961121;0,0011451444928200225;2,0
82;vehicles_step_sim_7.csv;SUMO_carro_1000;HBEFA4/PC_petrol_Euro-6ab;Gasoline;1773509247;2026-03-14 17:27:27;2026-03-14 17:27:28;1,0;3,189925;2,602461;0,587464;54,576555048917754;126071,84216300001;614,0605625;-125457,7816005;-6,272889080025;37,533333;9,638214999999999;40,77564360647124;-73,96068698429804;40,77163676812385;-73,96352032333401;40,7903238;-73,9656836;40,7865517;-73,9684311;True;True;0xCDcF7b2a3352a32cc28FD35C3924f5BD542a25Ea;312;312;312;0;0,0;12,540877703575529;13,645860348839099;1,1049826452635703;314;0;312;0,0;False;0,014682274059468235;-0,004990979526064862;2,0
83;vehicles_step_sim_7.csv;SUMO_carro_1000;HBEFA4/PC_petrol_Euro-6ab;Gasoline;1773509247;2026-03-14 17:27:27;2026-03-14 17:27:28;1,0;3,189925;2,602461;0,587464;54,576555048917754;126071,84216300001;614,0605625;-125457,7816005;-6,272889080025;37,533333;9,638214999999999;40,77564360647124;-73,96068698429804;40,77163676812385;-73,96352032333401;40,7799769;-73,9747351;40,7765596;-73,9767653;True;True;0xCDcF7b2a3352a32cc28FD35C3924f5BD542a25Ea;312;312;312;0;0,0;12,540877703575529;9,727065887339396;-2,8138118162361323;314;0;312;0,0;False;0,00478470189468772;-0,013328022503349817;2,0
84;vehicles_step_sim_7.csv;SUMO_carro_1000;HBEFA4/PC_petrol_Euro-6ab;Gasoline;1773509247;2026-03-14 17:27:27;2026-03-14 17:27:28;1,0;3,189925;2,602461;0,587464;54,576555048917754;126071,84216300001;614,0605625;-125457,7816005;-6,272889080025;37,533333;9,638214999999999;40,77564360647124;-73,96068698429804;40,77163676812385;-73,96352032333401;40,7665522;-73,9570925;40,7623392;-73,9606603;True;True;0xCDcF7b2a3352a32cc28FD35C3924f5BD542a25Ea;312;312;312;0;0,0;12,540877703575529;11,760501972581178;-0,7803757309943506;314;0;312;0,0;False;-0,008866759957385163;0,0026497570774341827;2,0
85;vehicles_step_sim_7.csv;SUMO_carro_1000;HBEFA4/PC_petrol_Euro-6ab;Gasoline;1773509247;2026-03-14 17:27:27;2026-03-14 17:27:28;1,0;3,189925;2,602461;0,587464;54,576555048917754;126071,84216300001;614,0605625;-125457,7816005;-6,272889080025;37,533333;9,638214999999999;40,77564360647124;-73,96068698429804;40,77163676812385;-73,96352032333401;40,7815659;-73,9713949;40,7785507;-73,97427;True;True;0xCDcF7b2a3352a32cc28FD35C3924f5BD542a25Ea;312;312;312;0;0,0;12,540877703575529;18,1057397236577;5,56486202008217;314;0;312;0,0;False;0,005728093922608634;-0,00831702596113444;2,0
86;vehicles_step_sim_7.csv;SUMO_carro_1000;HBEFA4/PC_petrol_Euro-6ab;Gasoline;1773509247;2026-03-14 17:27:27;2026-03-14 17:27:28;1,0;3,189925;2,602461;0,587464;54,576555048917754;126071,84216300001;614,0605625;-125457,7816005;-6,272889080025;37,533333;9,638214999999999;40,77564360647124;-73,96068698429804;40,77163676812385;-73,96352032333401;40,7608105;-73,9611019;40,7566809;-73,9641021;True;True;0xCDcF7b2a3352a32cc28FD35C3924f5BD542a25Ea;312;312;312;0;0,0;12,540877703575529;12,714398379292762;0,17352067571723317;314;0;312;0,0;False;-0,014853726379726429;-0,00045107921127195594;2,0
87;vehicles_step_sim_7.csv;SUMO_carro_1000;HBEFA4/PC_petrol_Euro-6ab;Gasoline;1773509247;2026-03-14 17:27:27;2026-03-14 17:27:28;1,0;3,189925;2,602461;0,587464;54,576555048917754;126071,84216300001;614,0605625;-125457,7816005;-6,272889080025;37,533333;9,638214999999999;40,77564360647124;-73,96068698429804;40,77163676812385;-73,96352032333401;40,7656295;-73,9761245;40,7628134;-73,9776024;True;True;0xCDcF7b2a3352a32cc28FD35C3924f5BD542a25Ea;312;312;312;0;0,0;12,540877703575529;13,043985328046531;0,5031076244710029;314;0;312;0,0;False;-0,008705444906485397;-0,013617681683970581;2,0
88;vehicles_step_sim_7.csv;SUMO_carro_1000;HBEFA4/PC_petrol_Euro-6ab;Gasoline;1773509247;2026-03-14 17:27:27;2026-03-14 17:27:28;1,0;3,189925;2,602461;0,587464;54,576555048917754;126071,84216300001;614,0605625;-125457,7816005;-6,272889080025;37,533333;9,638214999999999;40,77564360647124;-73,96068698429804;40,77163676812385;-73,96352032333401;40,7895856;-73,9576393;40,7846666;-73,9581319;True;True;0xCDcF7b2a3352a32cc28FD35C3924f5BD542a25Ea;312;312;312;0;0,0;12,540877703575529;12,59169175847527;0,05081405489974067;314;0;312;0,0;False;0,013841464315302525;0,003019229167678692;2,0
89;vehicles_step_sim_7.csv;SUMO_carro_1000;HBEFA4/PC_petrol_Euro-6ab;Gasoline;1773509247;2026-03-14 17:27:27;2026-03-14 17:27:28;1,0;3,189925;2,602461;0,587464;54,576555048917754;126071,84216300001;614,0605625;-125457,7816005;-6,272889080025;37,533333;9,638214999999999;40,77564360647124;-73,96068698429804;40,77163676812385;-73,96352032333401;40,7697767;-73,9479981;40,764065;-73,9477523;True;True;0xCDcF7b2a3352a32cc28FD35C3924f5BD542a25Ea;312;312;312;0;0,0;12,540877703575529;12,190380076902056;-0,35049762667347295;314;0;312;0,0;False;-0,007355250648530541;0,015392811884366092;2,0
90;vehicles_step_sim_7.csv;SUMO_carro_1000;HBEFA4/PC_petrol_Euro-6ab;Gasoline;1773509247;2026-03-14 17:27:27;2026-03-14 17:27:28;1,0;3,189925;2,602461;0,587464;54,576555048917754;126071,84216300001;614,0605625;-125457,7816005;-6,272889080025;37,533333;9,638214999999999;40,77564360647124;-73,96068698429804;40,77163676812385;-73,96352032333401;40,7841599;-73,9665726;40,7795446;-73,9701653;True;True;0xCDcF7b2a3352a32cc28FD35C3924f5BD542a25Ea;312;312;312;0;0,0;12,540877703575529;16,604526560062652;4,063648856487124;314;0;312;0,0;False;0,006822649258577491;-0,00708068103760626;2,0
91;vehicles_step_sim_7.csv;SUMO_carro_1000;HBEFA4/PC_petrol_Euro-6ab;Gasoline;1773509247;2026-03-14 17:27:27;2026-03-14 17:27:28;1,0;3,189925;2,602461;0,587464;54,576555048917754;126071,84216300001;614,0605625;-125457,7816005;-6,272889080025;37,533333;9,638214999999999;40,77564360647124;-73,96068698429804;40,77163676812385;-73,96352032333401;40,7690094;-73,9611552;40,7647379;-73,9642591;True;True;0xCDcF7b2a3352a32cc28FD35C3924f5BD542a25Ea;312;312;312;0;0,0;12,540877703575529;12,900750870946954;0,3598731673714255;314;0;312;0,0;False;-0,006742033269284667;-0,0005603003460053021;2,0
92;vehicles_step_sim_7.csv;SUMO_carro_1000;HBEFA4/PC_petrol_Euro-6ab;Gasoline;1773509247;2026-03-14 17:27:27;2026-03-14 17:27:28;1,0;3,189925;2,602461;0,587464;54,576555048917754;126071,84216300001;614,0605625;-125457,7816005;-6,272889080025;37,533333;9,638214999999999;40,77564360647124;-73,96068698429804;40,77163676812385;-73,96352032333401;40,7707855;-73,976129;40,7704772;-73,9756095;True;True;0xCDcF7b2a3352a32cc28FD35C3924f5BD542a25Ea;312;312;312;0;0,0;12,540877703575529;15,326065150683313;2,785187447107784;314;0;312;0,0;False;-0,002754466004579945;-0,013666078037412184;2,0
93;vehicles_step_sim_7.csv;SUMO_carro_1000;HBEFA4/PC_petrol_Euro-6ab;Gasoline;1773509247;2026-03-14 17:27:27;2026-03-14 17:27:28;1,0;3,189925;2,602461;0,587464;54,576555048917754;126071,84216300001;614,0605625;-125457,7816005;-6,272889080025;37,533333;9,638214999999999;40,77564360647124;-73,96068698429804;40,77163676812385;-73,96352032333401;40,7832654;-73,9527028;40,7793957;-73,9553185;True;True;0xCDcF7b2a3352a32cc28FD35C3924f5BD542a25Ea;312;312;312;0;0,0;12,540877703575529;13,119194076665067;0,5783163730895389;314;0;312;0,0;False;0,007460885894669225;0,008090535069175238;2,0
94;vehicles_step_sim_7.csv;SUMO_carro_1000;HBEFA4/PC_petrol_Euro-6ab;Gasoline;1773509247;2026-03-14 17:27:27;2026-03-14 17:27:28;1,0;3,189925;2,602461;0,587464;54,576555048917754;126071,84216300001;614,0605625;-125457,7816005;-6,272889080025;37,533333;9,638214999999999;40,77564360647124;-73,96068698429804;40,77163676812385;-73,96352032333401;40,7627542;-73,9492715;40,7590154;-73,9537325;True;True;0xCDcF7b2a3352a32cc28FD35C3924f5BD542a25Ea;312;312;312;0;0,0;12,540877703575529;11,312079634091846;-1,2287980694836822;314;0;312;0,0;False;-0,012268535017701362;0,009515227746533766;2,0
95;vehicles_step_sim_7.csv;SUMO_carro_1000;HBEFA4/PC_petrol_Euro-6ab;Gasoline;1773509247;2026-03-14 17:27:27;2026-03-14 17:27:28;1,0;3,189925;2,602461;0,587464;54,576555048917754;126071,84216300001;614,0605625;-125457,7816005;-6,272889080025;37,533333;9,638214999999999;40,77564360647124;-73,96068698429804;40,77163676812385;-73,96352032333401;40,7908805;-73,968815;40,7871153;-73,9715593;True;True;0xCDcF7b2a3352a32cc28FD35C3924f5BD542a25Ea;312;312;312;0;0,0;12,540877703575529;15,025355053446384;2,484477349870856;314;0;312;0,0;False;0,015375700856335493;-0,0077630934694356;2,0
96;vehicles_step_sim_7.csv;SUMO_carro_1000;HBEFA4/PC_petrol_Euro-6ab;Gasoline;1773509247;2026-03-14 17:27:27;2026-03-14 17:27:28;1,0;3,189925;2,602461;0,587464;54,576555048917754;126071,84216300001;614,0605625;-125457,7816005;-6,272889080025;37,533333;9,638214999999999;40,77564360647124;-73,96068698429804;40,77163676812385;-73,96352032333401;40,7639358;-73,953183;40,7605494;-73,9567321;True;True;0xCDcF7b2a3352a32cc28FD35C3924f5BD542a25Ea;312;312;312;0;0,0;12,540877703575529;17,87260807552732;5,331730371951792;314;0;312;0,0;False;-0,011664455812362093;0,007265641897422334;2,0
97;vehicles_step_sim_7.csv;SUMO_carro_1000;HBEFA4/PC_petrol_Euro-6ab;Gasoline;1773509247;2026-03-14 17:27:27;2026-03-14 17:27:28;1,0;3,189925;2,602461;0,587464;54,576555048917754;126071,84216300001;614,0605625;-125457,7816005;-6,272889080025;37,533333;9,638214999999999;40,77564360647124;-73,96068698429804;40,77163676812385;-73,96352032333401;40,7759868;-73,947251;40,7721324;-73,9500658;True;True;0xCDcF7b2a3352a32cc28FD35C3924f5BD542a25Ea;312;312;312;0;0,0;12,540877703575529;14,079966671577726;1,539088968002197;314;0;312;0,0;False;0,000613776410600011;0,013360394369911958;2,0
98;vehicles_step_sim_7.csv;SUMO_carro_1000;HBEFA4/PC_petrol_Euro-6ab;Gasoline;1773509247;2026-03-14 17:27:27;2026-03-14 17:27:28;1,0;3,189925;2,602461;0,587464;54,576555048917754;126071,84216300001;614,0605625;-125457,7816005;-6,272889080025;37,533333;9,638214999999999;40,77564360647124;-73,96068698429804;40,77163676812385;-73,96352032333401;40,759499;-73,9597424;40,755933;-73,9632295;True;True;0xCDcF7b2a3352a32cc28FD35C3924f5BD542a25Ea;312;312;312;0;0,0;12,540877703575529;11,13982502100558;-1,401052682569949;314;0;312;0,0;False;-0,01586712273389202;0,0006792989358293001;2,0
99;vehicles_step_sim_7.csv;SUMO_carro_1000;HBEFA4/PC_petrol_Euro-6ab;Gasoline;1773509247;2026-03-14 17:27:27;2026-03-14 17:27:28;1,0;3,189925;2,602461;0,587464;54,576555048917754;126071,84216300001;614,0605625;-125457,7816005;-6,272889080025;37,533333;9,638214999999999;40,77564360647124;-73,96068698429804;40,77163676812385;-73,96352032333401;40,7786974;-73,9679871;40,771727;-73,9675701;True;True;0xCDcF7b2a3352a32cc28FD35C3924f5BD542a25Ea;312;312;312;0;0,0;12,540877703575529;19,498277502497036;6,957399798921507;314;0;312;0,0;False;0,0016615526968281223;-0,008221895529895737;2,0
100;vehicles_step_sim_7.csv;SUMO_carro_1000;HBEFA4/PC_petrol_Euro-6ab;Gasoline;1773509247;2026-03-14 17:27:27;2026-03-14 17:27:28;1,0;3,189925;2,602461;0,587464;54,576555048917754;126071,84216300001;614,0605625;-125457,7816005;-6,272889080025;37,533333;9,638214999999999;40,77564360647124;-73,96068698429804;40,77163676812385;-73,96352032333401;40,7624871;-73,9543747;40,7570914;-73,955362;True;True;0xCDcF7b2a3352a32cc28FD35C3924f5BD542a25Ea;312;312;312;0;0,0;12,540877703575529;11,429372804786894;-1,1115048987886347;314;0;312;0,0;False;-0,01387427329782977;0,007402665641293574;2,0
1;vehicles_step_sim_1.csv;SUMO_carro_1000;HBEFA4/PC_petrol_Euro-6ab;Gasoline;1773509241;2026-03-14 17:27:21;2026-03-14 17:27:21;0,0;2,925556;2,764343;0,161213;54,094388350649346;124958,03709;563,1695299999999;-124394,86756;-6,2197433779999995;38,193054;9,782898;40,77564360647124;-73,96068698429804;40,77404565884828;-73,96161699028531;40,7809834;-73,9725008;40,7799769;-73,9747351;True;True;0xCDcF7b2a3352a32cc28FD35C3924f5BD542a25Ea;323;323;323;0;0,0;11,33073580322368;9,584543456968222;-1,7461923462554587;325;0;323;0,0;False;0,005894431317142833;-0,012901734300507887;2,0
2;vehicles_step_sim_1.csv;SUMO_carro_1000;HBEFA4/PC_petrol_Euro-6ab;Gasoline;1773509241;2026-03-14 17:27:21;2026-03-14 17:27:21;0,0;2,925556;2,764343;0,161213;54,094388350649346;124958,03709;563,1695299999999;-124394,86756;-6,2197433779999995;38,193054;9,782898;40,77564360647124;-73,96068698429804;40,77404565884828;-73,96161699028531;40,7845594;-73,9673488;40,7827717;-73,9711974;True;True;0xCDcF7b2a3352a32cc28FD35C3924f5BD542a25Ea;323;323;323;0;0,0;11,33073580322368;15,650647766590332;4,319911963366652;325;0;323;0,0;False;0,008041760423171606;-0,007653751265060159;2,0
3;vehicles_step_sim_1.csv;SUMO_carro_1000;HBEFA4/PC_petrol_Euro-6ab;Gasoline;1773509241;2026-03-14 17:27:21;2026-03-14 17:27:21;0,0;2,925556;2,764343;0,161213;54,094388350649346;124958,03709;563,1695299999999;-124394,86756;-6,2197433779999995;38,193054;9,782898;40,77564360647124;-73,96068698429804;40,77404565884828;-73,96161699028531;40,789923;-73,95843;40,7859791;-73,957172;True;True;0xCDcF7b2a3352a32cc28FD35C3924f5BD542a25Ea;323;323;323;0;0,0;11,33073580322368;13,766654059066964;2,4359182558432835;325;0;323;0,0;False;0,013098137418928346;0,001598373490257944;2,0
4;vehicles_step_sim_1.csv;SUMO_carro_1000;HBEFA4/PC_petrol_Euro-6ab;Gasoline;1773509241;2026-03-14 17:27:21;2026-03-14 17:27:21;0,0;2,925556;2,764343;0,161213;54,094388350649346;124958,03709;563,1695299999999;-124394,86756;-6,2197433779999995;38,193054;9,782898;40,77564360647124;-73,96068698429804;40,77404565884828;-73,96161699028531;40,7884801;-73,9708999;40,7865479;-73,9723031;True;True;0xCDcF7b2a3352a32cc28FD35C3924f5BD542a25Ea;323;323;323;0;0,0;11,33073580322368;11,108741707576701;-0,2219940956469788;325;0;323;0,0;False;0,013208449199691979;-0,011402126811553935;2,0
5;vehicles_step_sim_1.csv;SUMO_carro_1000;HBEFA4/PC_petrol_Euro-6ab;Gasoline;1773509241;2026-03-14 17:27:21;2026-03-14 17:27:21;0,0;2,925556;2,764343;0,161213;54,094388350649346;124958,03709;563,1695299999999;-124394,86756;-6,2197433779999995;38,193054;9,782898;40,77564360647124;-73,96068698429804;40,77404565884828;-73,96161699028531;40,7711878;-73,9499325;40,7698834;-73,9509239;True;True;0xCDcF7b2a3352a32cc28FD35C3924f5BD542a25Ea;323;323;323;0;0,0;11,33073580322368;14,23640928504951;2,905673481825829;325;0;323;0,0;False;-0,0042319342378431945;0,01102213763688982;2,0
6;vehicles_step_sim_1.csv;SUMO_carro_1000;HBEFA4/PC_petrol_Euro-6ab;Gasoline;1773509241;2026-03-14 17:27:21;2026-03-14 17:27:21;0,0;2,925556;2,764343;0,161213;54,094388350649346;124958,03709;563,1695299999999;-124394,86756;-6,2197433779999995;38,193054;9,782898;40,77564360647124;-73,96068698429804;40,77404565884828;-73,96161699028531;40,7703212;-73,964254;40,7690812;-73,9651957;True;True;0xCDcF7b2a3352a32cc28FD35C3924f5BD542a25Ea;323;323;323;0;0,0;11,33073580322368;11,767399142696226;0,43666333947254543;325;0;323;0,0;False;-0,005304104254966013;-0,003555035705310851;2,0
7;vehicles_step_sim_1.csv;SUMO_carro_1000;HBEFA4/PC_petrol_Euro-6ab;Gasoline;1773509241;2026-03-14 17:27:21;2026-03-14 17:27:21;0,0;2,925556;2,764343;0,161213;54,094388350649346;124958,03709;563,1695299999999;-124394,86756;-6,2197433779999995;38,193054;9,782898;40,77564360647124;-73,96068698429804;40,77404565884828;-73,96161699028531;40,7579853;-73,9602231;40,7561233;-73,9615798;True;True;0xCDcF7b2a3352a32cc28FD35C3924f5BD542a25Ea;323;323;323;0;0,0;11,33073580322368;10,066296959198588;-1,2644388440250918;325;0;323;0,0;False;-0,017824315070190336;0,00011715657341136846;2,0
8;vehicles_step_sim_1.csv;SUMO_carro_1000;HBEFA4/PC_petrol_Euro-6ab;Gasoline;1773509241;2026-03-14 17:27:21;2026-03-14 17:27:21;0,0;2,925556;2,764343;0,161213;54,094388350649346;124958,03709;563,1695299999999;-124394,86756;-6,2197433779999995;38,193054;9,782898;40,77564360647124;-73,96068698429804;40,77404565884828;-73,96161699028531;40,7830869;-73,9637582;40,7820657;-73,9633542;True;True;0xCDcF7b2a3352a32cc28FD35C3924f5BD542a25Ea;323;323;323;0;0,0;11,33073580322368;12,233982228695787;0,9032464254721067;325;0;323;0,0;False;0,008148382426171975;-0,0013787013977288798;2,0
9;vehicles_step_sim_1.csv;SUMO_carro_1000;HBEFA4/PC_petrol_Euro-6ab;Gasoline;1773509241;2026-03-14 17:27:21;2026-03-14 17:27:21;0,0;2,925556;2,764343;0,161213;54,094388350649346;124958,03709;563,1695299999999;-124394,86756;-6,2197433779999995;38,193054;9,782898;40,77564360647124;-73,96068698429804;40,77404565884828;-73,96161699028531;40,7699024;-73,9747411;40,7662706;-73,9776429;True;True;0xCDcF7b2a3352a32cc28FD35C3924f5BD542a25Ea;323;323;323;0;0,0;11,33073580322368;8,637711379268017;-2,693024423955663;325;0;323;0,0;False;-0,006626224333422828;-0,015023650894207173;2,0
10;vehicles_step_sim_1.csv;SUMO_carro_1000;HBEFA4/PC_petrol_Euro-6ab;Gasoline;1773509241;2026-03-14 17:27:21;2026-03-14 17:27:21;0,0;2,925556;2,764343;0,161213;54,094388350649346;124958,03709;563,1695299999999;-124394,86756;-6,2197433779999995;38,193054;9,782898;40,77564360647124;-73,96068698429804;40,77404565884828;-73,96161699028531;40,7603684;-73,95703;40,7590118;-73,9583867;True;True;0xCDcF7b2a3352a32cc28FD35C3924f5BD542a25Ea;323;323;323;0;0,0;11,33073580322368;17,11763161048568;5,786895807262001;325;0;323;0,0;False;-0,01565430342896727;0,004203143546224968;2,0
11;vehicles_step_sim_1.csv;SUMO_carro_1000;HBEFA4/PC_petrol_Euro-6ab;Gasoline;1773509241;2026-03-14 17:27:21;2026-03-14 17:27:21;0,0;2,925556;2,764343;0,161213;54,094388350649346;124958,03709;563,1695299999999;-124394,86756;-6,2197433779999995;38,193054;9,782898;40,77564360647124;-73,96068698429804;40,77404565884828;-73,96161699028531;40,7742377;-73,9592985;40,772338;-73,9606883;True;True;0xCDcF7b2a3352a32cc28FD35C3924f5BD542a25Ea;323;323;323;0;0,0;11,33073580322368;11,561111473737427;0,2303756705137463;325;0;323;0,0;False;-0,001814979430819379;0,0014143532652495657;2,0
12;vehicles_step_sim_1.csv;SUMO_carro_1000;HBEFA4/PC_petrol_Euro-6ab;Gasoline;1773509241;2026-03-14 17:27:21;2026-03-14 17:27:21;0,0;2,925556;2,764343;0,161213;54,094388350649346;124958,03709;563,1695299999999;-124394,86756;-6,2197433779999995;38,193054;9,782898;40,77564360647124;-73,96068698429804;40,77404565884828;-73,96161699028531;40,7701043;-73,947664;40,7687446;-73,9489437;True;True;0xCDcF7b2a3352a32cc28FD35C3924f5BD542a25Ea;323;323;323;0;0,0;11,33073580322368;11,239634539727332;-0,0911012634963484;325;0;323;0,0;False;-0,006236568719392865;0,014447921860523847;2,0
13;vehicles_step_sim_1.csv;SUMO_carro_1000;HBEFA4/PC_petrol_Euro-6ab;Gasoline;1773509241;2026-03-14 17:27:21;2026-03-14 17:27:21;0,0;2,925556;2,764343;0,161213;54,094388350649346;124958,03709;563,1695299999999;-124394,86756;-6,2197433779999995;38,193054;9,782898;40,77564360647124;-73,96068698429804;40,77404565884828;-73,96161699028531;40,7711057;-73,9680239;40,7688129;-73,9707939;True;True;0xCDcF7b2a3352a32cc28FD35C3924f5BD542a25Ea;323;323;323;0;0,0;11,33073580322368;11,178701580201773;-0,15203422302190717;325;0;323;0,0;False;-0,0038147834716971063;-0,009361926412393156;2,0
14;vehicles_step_sim_1.csv;SUMO_carro_1000;HBEFA4/PC_petrol_Euro-6ab;Gasoline;1773509241;2026-03-14 17:27:21;2026-03-14 17:27:21;0,0;2,925556;2,764343;0,161213;54,094388350649346;124958,03709;563,1695299999999;-124394,86756;-6,2197433779999995;38,193054;9,782898;40,77564360647124;-73,96068698429804;40,77404565884828;-73,96161699028531;40,781474;-73,958352;40,7794987;-73,9596656;True;True;0xCDcF7b2a3352a32cc28FD35C3924f5BD542a25Ea;323;323;323;0;0,0;11,33073580322368;11,669962996682981;0,3392271934593012;325;0;323;0,0;False;0,0055537695509657176;0,002366590136213143;2,0
15;vehicles_step_sim_1.csv;SUMO_carro_1000;HBEFA4/PC_petrol_Euro-6ab;Gasoline;1773509241;2026-03-14 17:27:21;2026-03-14 17:27:21;0,0;2,925556;2,764343;0,161213;54,094388350649346;124958,03709;563,1695299999999;-124394,86756;-6,2197433779999995;38,193054;9,782898;40,77564360647124;-73,96068698429804;40,77404565884828;-73,96161699028531;40,7858814;-73,9550096;40,7834611;-73,9550769;True;True;0xCDcF7b2a3352a32cc28FD35C3924f5BD542a25Ea;323;323;323;0;0,0;11,33073580322368;12,363694829789864;1,0329590265661839;325;0;323;0,0;False;0,009727841052763102;0,006062069933490014;2,0
16;vehicles_step_sim_1.csv;SUMO_carro_1000;HBEFA4/PC_petrol_Euro-6ab;Gasoline;1773509241;2026-03-14 17:27:21;2026-03-14 17:27:21;0,0;2,925556;2,764343;0,161213;54,094388350649346;124958,03709;563,1695299999999;-124394,86756;-6,2197433779999995;38,193054;9,782898;40,77564360647124;-73,96068698429804;40,77404565884828;-73,96161699028531;40,7860347;-73,9571313;40,7846666;-73,9581319;True;True;0xCDcF7b2a3352a32cc28FD35C3924f5BD542a25Ea;323;323;323;0;0,0;11,33073580322368;9,927212660965862;-1,4035231422578178;325;0;323;0,0;False;0,011134409422559997;0,0020476151326375824;2,0
17;vehicles_step_sim_1.csv;SUMO_carro_1000;HBEFA4/PC_petrol_Euro-6ab;Gasoline;1773509241;2026-03-14 17:27:21;2026-03-14 17:27:21;0,0;2,925556;2,764343;0,161213;54,094388350649346;124958,03709;563,1695299999999;-124394,86756;-6,2197433779999995;38,193054;9,782898;40,77564360647124;-73,96068698429804;40,77404565884828;-73,96161699028531;40,7636003;-73,9733503;40,7623651;-73,9744172;True;True;0xCDcF7b2a3352a32cc28FD35C3924f5BD542a25Ea;323;323;323;0;0,0;11,33073580322368;13,0298462894905;1,6991104862668198;325;0;323;0,0;False;-0,01191159911080125;-0,012152133172366169;2,0
18;vehicles_step_sim_1.csv;SUMO_carro_1000;HBEFA4/PC_petrol_Euro-6ab;Gasoline;1773509241;2026-03-14 17:27:21;2026-03-14 17:27:21;0,0;2,925556;2,764343;0,161213;54,094388350649346;124958,03709;563,1695299999999;-124394,86756;-6,2197433779999995;38,193054;9,782898;40,77564360647124;-73,96068698429804;40,77404565884828;-73,96161699028531;40,7866008;-73,9547636;40,785343;-73,9556801;True;True;0xCDcF7b2a3352a32cc28FD35C3924f5BD542a25Ea;323;323;323;0;0,0;11,33073580322368;11,69860479942766;0,3678689962039794;325;0;323;0,0;False;0,011338345718127458;0,005769466624913366;2,0
19;vehicles_step_sim_1.csv;SUMO_carro_1000;HBEFA4/PC_petrol_Euro-6ab;Gasoline;1773509241;2026-03-14 17:27:21;2026-03-14 17:27:21;0,0;2,925556;2,764343;0,161213;54,094388350649346;124958,03709;563,1695299999999;-124394,86756;-6,2197433779999995;38,193054;9,782898;40,77564360647124;-73,96068698429804;40,77404565884828;-73,96161699028531;40,7805668;-73,9617562;40,7789465;-73,9622984;True;True;0xCDcF7b2a3352a32cc28FD35C3924f5BD542a25Ea;323;323;323;0;0,0;11,33073580322368;11,169410440503437;-0,1613253627202429;325;0;323;0,0;False;0,0049461400169378555;-0,0007433331286326893;2,0
20;vehicles_step_sim_1.csv;SUMO_carro_1000;HBEFA4/PC_petrol_Euro-6ab;Gasoline;1773509241;2026-03-14 17:27:21;2026-03-14 17:27:21;0,0;2,925556;2,764343;0,161213;54,094388350649346;124958,03709;563,1695299999999;-124394,86756;-6,2197433779999995;38,193054;9,782898;40,77564360647124;-73,96068698429804;40,77404565884828;-73,96161699028531;40,7583688;-73,9630553;40,7564528;-73,9644695;True;True;0xCDcF7b2a3352a32cc28FD35C3924f5BD542a25Ea;323;323;323;0;0,0;11,33073580322368;12,250700276381695;0,9199644731580143;325;0;323;0,0;False;-0,017393790506892347;-0,0028936793408678753;2,0
21;vehicles_step_sim_1.csv;SUMO_carro_1000;HBEFA4/PC_petrol_Euro-6ab;Gasoline;1773509241;2026-03-14 17:27:21;2026-03-14 17:27:21;0,0;2,925556;2,764343;0,161213;54,094388350649346;124958,03709;563,1695299999999;-124394,86756;-6,2197433779999995;38,193054;9,782898;40,77564360647124;-73,96068698429804;40,77404565884828;-73,96161699028531;40,7726108;-73,9533096;40,7704475;-73,9542493;True;True;0xCDcF7b2a3352a32cc28FD35C3924f5BD542a25Ea;323;323;323;0;0,0;11,33073580322368;11,26097474475841;-0,0697610584652697;325;0;323;0,0;False;-0,0033531596697920765;0,007164082551315456;2,0
22;vehicles_step_sim_1.csv;SUMO_carro_1000;HBEFA4/PC_petrol_Euro-6ab;Gasoline;1773509241;2026-03-14 17:27:21;2026-03-14 17:27:21;0,0;2,925556;2,764343;0,161213;54,094388350649346;124958,03709;563,1695299999999;-124394,86756;-6,2197433779999995;38,193054;9,782898;40,77564360647124;-73,96068698429804;40,77404565884828;-73,96161699028531;40,7687824;-73,9714409;40,7688761;-73,9723598;True;True;0xCDcF7b2a3352a32cc28FD35C3924f5BD542a25Ea;323;323;323;0;0,0;11,33073580322368;13,915070527980882;2,584334724757202;325;0;323;0,0;False;-0,005008838163667272;-0,010748706046577253;2,0
23;vehicles_step_sim_1.csv;SUMO_carro_1000;HBEFA4/PC_petrol_Euro-6ab;Gasoline;1773509241;2026-03-14 17:27:21;2026-03-14 17:27:21;0,0;2,925556;2,764343;0,161213;54,094388350649346;124958,03709;563,1695299999999;-124394,86756;-6,2197433779999995;38,193054;9,782898;40,77564360647124;-73,96068698429804;40,77404565884828;-73,96161699028531;40,7738311;-73,9660279;40,7723686;-73,9670914;True;True;0xCDcF7b2a3352a32cc28FD35C3924f5BD542a25Ea;323;323;323;0;0,0;11,33073580322368;9,42613275475321;-1,9046030484704701;325;0;323;0,0;False;-0,0011498747413536171;-0,006818963819354607;2,0
24;vehicles_step_sim_1.csv;SUMO_carro_1000;HBEFA4/PC_petrol_Euro-6ab;Gasoline;1773509241;2026-03-14 17:27:21;2026-03-14 17:27:21;0,0;2,925556;2,764343;0,161213;54,094388350649346;124958,03709;563,1695299999999;-124394,86756;-6,2197433779999995;38,193054;9,782898;40,77564360647124;-73,96068698429804;40,77404565884828;-73,96161699028531;40,774382;-73,9572237;40,7729235;-73,9582974;True;True;0xCDcF7b2a3352a32cc28FD35C3924f5BD542a25Ea;323;323;323;0;0,0;11,33073580322368;13,018999447607026;1,6882636443833459;325;0;323;0,0;False;-0,0010819180947762312;0,0033079310563943827;2,0
25;vehicles_step_sim_1.csv;SUMO_carro_1000;HBEFA4/PC_petrol_Euro-6ab;Gasoline;1773509241;2026-03-14 17:27:21;2026-03-14 17:27:21;0,0;2,925556;2,764343;0,161213;54,094388350649346;124958,03709;563,1695299999999;-124394,86756;-6,2197433779999995;38,193054;9,782898;40,77564360647124;-73,96068698429804;40,77404565884828;-73,96161699028531;40,7832911;-73,9546767;40,7820303;-73,9555914;True;True;0xCDcF7b2a3352a32cc28FD35C3924f5BD542a25Ea;323;323;323;0;0,0;11,33073580322368;12,179726777405318;0,8489909741816373;325;0;323;0,0;False;0,007690410353158665;0,006114311350467092;2,0
26;vehicles_step_sim_1.csv;SUMO_carro_1000;HBEFA4/PC_petrol_Euro-6ab;Gasoline;1773509241;2026-03-14 17:27:21;2026-03-14 17:27:21;0,0;2,925556;2,764343;0,161213;54,094388350649346;124958,03709;563,1695299999999;-124394,86756;-6,2197433779999995;38,193054;9,782898;40,77564360647124;-73,96068698429804;40,77404565884828;-73,96161699028531;40,7890673;-73,9666014;40,7838444;-73,9655375;True;True;0xCDcF7b2a3352a32cc28FD35C3924f5BD542a25Ea;323;323;323;0;0,0;11,33073580322368;13,088539255508028;1,7578034522843478;325;0;323;0,0;False;0,012183731082180077;-0,0027870430313666674;2,0
27;vehicles_step_sim_1.csv;SUMO_carro_1000;HBEFA4/PC_petrol_Euro-6ab;Gasoline;1773509241;2026-03-14 17:27:21;2026-03-14 17:27:21;0,0;2,925556;2,764343;0,161213;54,094388350649346;124958,03709;563,1695299999999;-124394,86756;-6,2197433779999995;38,193054;9,782898;40,77564360647124;-73,96068698429804;40,77404565884828;-73,96161699028531;40,7632726;-73,9570608;40,7612276;-73,9580272;True;True;0xCDcF7b2a3352a32cc28FD35C3924f5BD542a25Ea;323;323;323;0;0,0;11,33073580322368;13,16145903772;1,83072323449632;325;0;323;0,0;False;-0,012307559244099275;0,002681165856924755;2,0
28;vehicles_step_sim_1.csv;SUMO_carro_1000;HBEFA4/PC_petrol_Euro-6ab;Gasoline;1773509241;2026-03-14 17:27:21;2026-03-14 17:27:21;0,0;2,925556;2,764343;0,161213;54,094388350649346;124958,03709;563,1695299999999;-124394,86756;-6,2197433779999995;38,193054;9,782898;40,77564360647124;-73,96068698429804;40,77404565884828;-73,96161699028531;40,7726561;-73,9493419;40,7711936;-73,9499464;True;True;0xCDcF7b2a3352a32cc28FD35C3924f5BD542a25Ea;323;323;323;0;0,0;11,33073580322368;12,295527343166814;0,9647915399431337;325;0;323;0,0;False;-0,003012630012050479;0,011469181097663914;2,0
29;vehicles_step_sim_1.csv;SUMO_carro_1000;HBEFA4/PC_petrol_Euro-6ab;Gasoline;1773509241;2026-03-14 17:27:21;2026-03-14 17:27:21;0,0;2,925556;2,764343;0,161213;54,094388350649346;124958,03709;563,1695299999999;-124394,86756;-6,2197433779999995;38,193054;9,782898;40,77564360647124;-73,96068698429804;40,77404565884828;-73,96161699028531;40,7643758;-73,9729545;40,7629197;-73,9738494;True;True;0xCDcF7b2a3352a32cc28FD35C3924f5BD542a25Ea;323;323;323;0;0,0;11,33073580322368;12,306157954917339;0,9754221516936585;325;0;323;0,0;False;-0,011278671005818345;-0,012164277370028835;2,0
30;vehicles_step_sim_1.csv;SUMO_carro_1000;HBEFA4/PC_petrol_Euro-6ab;Gasoline;1773509241;2026-03-14 17:27:21;2026-03-14 17:27:21;0,0;2,925556;2,764343;0,161213;54,094388350649346;124958,03709;563,1695299999999;-124394,86756;-6,2197433779999995;38,193054;9,782898;40,77564360647124;-73,96068698429804;40,77404565884828;-73,96161699028531;40,777509;-73,9590476;40,7757107;-73,9603598;True;True;0xCDcF7b2a3352a32cc28FD35C3924f5BD542a25Ea;323;323;323;0;0,0;11,33073580322368;11,169666765367532;-0,1610690378561479;325;0;323;0,0;False;0,0016706229007876282;0,0014105368596252707;2,0
31;vehicles_step_sim_1.csv;SUMO_carro_1000;HBEFA4/PC_petrol_Euro-6ab;Gasoline;1773509241;2026-03-14 17:27:21;2026-03-14 17:27:21;0,0;2,925556;2,764343;0,161213;54,094388350649346;124958,03709;563,1695299999999;-124394,86756;-6,2197433779999995;38,193054;9,782898;40,77564360647124;-73,96068698429804;40,77404565884828;-73,96161699028531;40,7691888;-73,973443;40,7691581;-73,9733565;True;True;0xCDcF7b2a3352a32cc28FD35C3924f5BD542a25Ea;323;323;323;0;0,0;11,33073580322368;16,691033126310682;5,360297323087002;325;0;323;0,0;False;-0,005098924363749499;-0,011871916818075144;2,0
32;vehicles_step_sim_1.csv;SUMO_carro_1000;HBEFA4/PC_petrol_Euro-6ab;Gasoline;1773509241;2026-03-14 17:27:21;2026-03-14 17:27:21;0,0;2,925556;2,764343;0,161213;54,094388350649346;124958,03709;563,1695299999999;-124394,86756;-6,2197433779999995;38,193054;9,782898;40,77564360647124;-73,96068698429804;40,77404565884828;-73,96161699028531;40,7771085;-73,9499036;40,7756213;-73,9504792;True;True;0xCDcF7b2a3352a32cc28FD35C3924f5BD542a25Ea;323;323;323;0;0,0;11,33073580322368;11,99141846432429;0,6606826611006102;325;0;323;0,0;False;0,001368877124147911;0,010709094687636748;2,0
33;vehicles_step_sim_1.csv;SUMO_carro_1000;HBEFA4/PC_petrol_Euro-6ab;Gasoline;1773509241;2026-03-14 17:27:21;2026-03-14 17:27:21;0,0;2,925556;2,764343;0,161213;54,094388350649346;124958,03709;563,1695299999999;-124394,86756;-6,2197433779999995;38,193054;9,782898;40,77564360647124;-73,96068698429804;40,77404565884828;-73,96161699028531;40,7809834;-73,9725008;40,7799769;-73,9747351;True;True;0xCDcF7b2a3352a32cc28FD35C3924f5BD542a25Ea;323;323;323;0;0,0;11,33073580322368;10,447021936438363;-0,8837138667853175;325;0;323;0,0;False;0,005835129962121187;-0,013076412793589603;2,0
34;vehicles_step_sim_1.csv;SUMO_carro_1000;HBEFA4/PC_petrol_Euro-6ab;Gasoline;1773509241;2026-03-14 17:27:21;2026-03-14 17:27:21;0,0;2,925556;2,764343;0,161213;54,094388350649346;124958,03709;563,1695299999999;-124394,86756;-6,2197433779999995;38,193054;9,782898;40,77564360647124;-73,96068698429804;40,77404565884828;-73,96161699028531;40,7674332;-73,9666336;40,766155;-73,9677772;True;True;0xCDcF7b2a3352a32cc28FD35C3924f5BD542a25Ea;323;323;323;0;0,0;11,33073580322368;12,176981569353927;0,8462457661302469;325;0;323;0,0;False;-0,007861102821924587;-0,006201786379056493;2,0
35;vehicles_step_sim_1.csv;SUMO_carro_1000;HBEFA4/PC_petrol_Euro-6ab;Gasoline;1773509241;2026-03-14 17:27:21;2026-03-14 17:27:21;0,0;2,925556;2,764343;0,161213;54,094388350649346;124958,03709;563,1695299999999;-124394,86756;-6,2197433779999995;38,193054;9,782898;40,77564360647124;-73,96068698429804;40,77404565884828;-73,96161699028531;40,7601008;-73,9572641;40,7568594;-73,955607;True;True;0xCDcF7b2a3352a32cc28FD35C3924f5BD542a25Ea;323;323;323;0;0,0;11,33073580322368;11,48058064866744;0,1498448454437593;325;0;323;0,0;False;-0,016478424319323587;0,004662913167249225;2,0
36;vehicles_step_sim_1.csv;SUMO_carro_1000;HBEFA4/PC_petrol_Euro-6ab;Gasoline;1773509241;2026-03-14 17:27:21;2026-03-14 17:27:21;0,0;2,925556;2,764343;0,161213;54,094388350649346;124958,03709;563,1695299999999;-124394,86756;-6,2197433779999995;38,193054;9,782898;40,77564360647124;-73,96068698429804;40,77404565884828;-73,96161699028531;40,7636742;-73,9696511;40,7625319;-73,9708345;True;True;0xCDcF7b2a3352a32cc28FD35C3924f5BD542a25Ea;323;323;323;0;0,0;11,33073580322368;12,217481408799399;0,8867456055757188;325;0;323;0,0;False;-0,011881433342019888;-0,009311201708652676;2,0
37;vehicles_step_sim_1.csv;SUMO_carro_1000;HBEFA4/PC_petrol_Euro-6ab;Gasoline;1773509241;2026-03-14 17:27:21;2026-03-14 17:27:21;0,0;2,925556;2,764343;0,161213;54,094388350649346;124958,03709;563,1695299999999;-124394,86756;-6,2197433779999995;38,193054;9,782898;40,77564360647124;-73,96068698429804;40,77404565884828;-73,96161699028531;40,7691581;-73,9733565;40,7691581;-73,9733565;True;True;0xCDcF7b2a3352a32cc28FD35C3924f5BD542a25Ea;323;323;323;0;0,0;11,33073580322368;17,30211225186941;5,97137644864573;325;0;323;0,0;False;-0,0066337387700423495;-0,012739809950150031;2,0
38;vehicles_step_sim_1.csv;SUMO_carro_1000;HBEFA4/PC_petrol_Euro-6ab;Gasoline;1773509241;2026-03-14 17:27:21;2026-03-14 17:27:21;0,0;2,925556;2,764343;0,161213;54,094388350649346;124958,03709;563,1695299999999;-124394,86756;-6,2197433779999995;38,193054;9,782898;40,77564360647124;-73,96068698429804;40,77404565884828;-73,96161699028531;40,7596167;-73,9531212;40,7584568;-73,9544175;True;True;0xCDcF7b2a3352a32cc28FD35C3924f5BD542a25Ea;323;323;323;0;0,0;11,33073580322368;10,694564937496054;-0,6361708657276264;325;0;323;0,0;False;-0,015244074213013763;0,006444342663282135;2,0
39;vehicles_step_sim_1.csv;SUMO_carro_1000;HBEFA4/PC_petrol_Euro-6ab;Gasoline;1773509241;2026-03-14 17:27:21;2026-03-14 17:27:21;0,0;2,925556;2,764343;0,161213;54,094388350649346;124958,03709;563,1695299999999;-124394,86756;-6,2197433779999995;38,193054;9,782898;40,77564360647124;-73,96068698429804;40,77404565884828;-73,96161699028531;40,7850057;-73,9683559;40,7845721;-73,9698866;True;True;0xCDcF7b2a3352a32cc28FD35C3924f5BD542a25Ea;323;323;323;0;0,0;11,33073580322368;14,184046381579584;2,853310578355904;325;0;323;0,0;False;0,009891164658244791;-0,007178587451897905;2,0
40;vehicles_step_sim_1.csv;SUMO_carro_1000;HBEFA4/PC_petrol_Euro-6ab;Gasoline;1773509241;2026-03-14 17:27:21;2026-03-14 17:27:21;0,0;2,925556;2,764343;0,161213;54,094388350649346;124958,03709;563,1695299999999;-124394,86756;-6,2197433779999995;38,193054;9,782898;40,77564360647124;-73,96068698429804;40,77404565884828;-73,96161699028531;40,7671986;-73,9644321;40,7659492;-73,96535;True;True;0xCDcF7b2a3352a32cc28FD35C3924f5BD542a25Ea;323;323;323;0;0,0;11,33073580322368;12,059319548146592;0,7285837449229113;325;0;323;0,0;False;-0,00840110508101474;-0,003711065484749143;2,0
41;vehicles_step_sim_1.csv;SUMO_carro_1000;HBEFA4/PC_petrol_Euro-6ab;Gasoline;1773509241;2026-03-14 17:27:21;2026-03-14 17:27:21;0,0;2,925556;2,764343;0,161213;54,094388350649346;124958,03709;563,1695299999999;-124394,86756;-6,2197433779999995;38,193054;9,782898;40,77564360647124;-73,96068698429804;40,77404565884828;-73,96161699028531;40,76511;-73,9556205;40,7631033;-73,9566541;True;True;0xCDcF7b2a3352a32cc28FD35C3924f5BD542a25Ea;323;323;323;0;0,0;11,33073580322368;11,754492820237394;0,42375701701371327;325;0;323;0,0;False;-0,010851005379881864;0,00487204917094273;2,0
42;vehicles_step_sim_1.csv;SUMO_carro_1000;HBEFA4/PC_petrol_Euro-6ab;Gasoline;1773509241;2026-03-14 17:27:21;2026-03-14 17:27:21;0,0;2,925556;2,764343;0,161213;54,094388350649346;124958,03709;563,1695299999999;-124394,86756;-6,2197433779999995;38,193054;9,782898;40,77564360647124;-73,96068698429804;40,77404565884828;-73,96161699028531;40,77027;-73,9474968;40,7695183;-73,948231;True;True;0xCDcF7b2a3352a32cc28FD35C3924f5BD542a25Ea;323;323;323;0;0,0;11,33073580322368;11,688455596746351;0,357719793522671;325;0;323;0,0;False;-0,006232020397862671;0,015820708950247536;2,0
43;vehicles_step_sim_1.csv;SUMO_carro_1000;HBEFA4/PC_petrol_Euro-6ab;Gasoline;1773509241;2026-03-14 17:27:21;2026-03-14 17:27:21;0,0;2,925556;2,764343;0,161213;54,094388350649346;124958,03709;563,1695299999999;-124394,86756;-6,2197433779999995;38,193054;9,782898;40,77564360647124;-73,96068698429804;40,77404565884828;-73,96161699028531;40,7842861;-73,9700939;40,7827717;-73,9711974;True;True;0xCDcF7b2a3352a32cc28FD35C3924f5BD542a25Ea;323;323;323;0;0,0;11,33073580322368;13,77782578576223;2,44708998253855;325;0;323;0,0;False;0,008274813150287228;-0,008330616138847636;2,0
44;vehicles_step_sim_1.csv;SUMO_carro_1000;HBEFA4/PC_petrol_Euro-6ab;Gasoline;1773509241;2026-03-14 17:27:21;2026-03-14 17:27:21;0,0;2,925556;2,764343;0,161213;54,094388350649346;124958,03709;563,1695299999999;-124394,86756;-6,2197433779999995;38,193054;9,782898;40,77564360647124;-73,96068698429804;40,77404565884828;-73,96161699028531;40,7784363;-73,9451374;40,7758122;-73,9447616;True;True;0xCDcF7b2a3352a32cc28FD35C3924f5BD542a25Ea;323;323;323;0;0,0;11,33073580322368;12,985809996646209;1,6550741934225286;325;0;323;0,0;False;0,0021949908345272762;0,016127567827566157;2,0
45;vehicles_step_sim_1.csv;SUMO_carro_1000;HBEFA4/PC_petrol_Euro-6ab;Gasoline;1773509241;2026-03-14 17:27:21;2026-03-14 17:27:21;0,0;2,925556;2,764343;0,161213;54,094388350649346;124958,03709;563,1695299999999;-124394,86756;-6,2197433779999995;38,193054;9,782898;40,77564360647124;-73,96068698429804;40,77404565884828;-73,96161699028531;40,7639925;-73,9548639;40,7614445;-73,9556939;True;True;0xCDcF7b2a3352a32cc28FD35C3924f5BD542a25Ea;323;323;323;0;0,0;11,33073580322368;11,297908538276713;-0,03282726494696675;325;0;323;0,0;False;-0,01218356354670218;0,005494747959298704;2,0
46;vehicles_step_sim_1.csv;SUMO_carro_1000;HBEFA4/PC_petrol_Euro-6ab;Gasoline;1773509241;2026-03-14 17:27:21;2026-03-14 17:27:21;0,0;2,925556;2,764343;0,161213;54,094388350649346;124958,03709;563,1695299999999;-124394,86756;-6,2197433779999995;38,193054;9,782898;40,77564360647124;-73,96068698429804;40,77404565884828;-73,96161699028531;40,7663475;-73,9508902;40,7630422;-73,9490063;True;True;0xCDcF7b2a3352a32cc28FD35C3924f5BD542a25Ea;323;323;323;0;0,0;11,33073580322368;10,12008063946278;-1,2106551637609009;325;0;323;0,0;False;-0,010285142346306009;0,012020344025437283;2,0
47;vehicles_step_sim_1.csv;SUMO_carro_1000;HBEFA4/PC_petrol_Euro-6ab;Gasoline;1773509241;2026-03-14 17:27:21;2026-03-14 17:27:21;0,0;2,925556;2,764343;0,161213;54,094388350649346;124958,03709;563,1695299999999;-124394,86756;-6,2197433779999995;38,193054;9,782898;40,77564360647124;-73,96068698429804;40,77404565884828;-73,96161699028531;40,7905551;-73,9502154;40,7888815;-73,9520285;True;True;0xCDcF7b2a3352a32cc28FD35C3924f5BD542a25Ea;323;323;323;0;0,0;11,33073580322368;11,231360532222725;-0,09937527100095522;325;0;323;0,0;False;0,014923466709303982;0,009950928632660656;2,0
48;vehicles_step_sim_1.csv;SUMO_carro_1000;HBEFA4/PC_petrol_Euro-6ab;Gasoline;1773509241;2026-03-14 17:27:21;2026-03-14 17:27:21;0,0;2,925556;2,764343;0,161213;54,094388350649346;124958,03709;563,1695299999999;-124394,86756;-6,2197433779999995;38,193054;9,782898;40,77564360647124;-73,96068698429804;40,77404565884828;-73,96161699028531;40,7758785;-73,9469945;40,7745614;-73,9479567;True;True;0xCDcF7b2a3352a32cc28FD35C3924f5BD542a25Ea;323;323;323;0;0,0;11,33073580322368;13,833080777464037;2,5023449742403567;325;0;323;0,0;False;0,0001502178825257112;0,01433413865288611;2,0
49;vehicles_step_sim_1.csv;SUMO_carro_1000;HBEFA4/PC_petrol_Euro-6ab;Gasoline;1773509241;2026-03-14 17:27:21;2026-03-14 17:27:21;0,0;2,925556;2,764343;0,161213;54,094388350649346;124958,03709;563,1695299999999;-124394,86756;-6,2197433779999995;38,193054;9,782898;40,77564360647124;-73,96068698429804;40,77404565884828;-73,96161699028531;40,7598165;-73,9528764;40,7587944;-73,9540846;True;True;0xCDcF7b2a3352a32cc28FD35C3924f5BD542a25Ea;323;323;323;0;0,0;11,33073580322368;12,882824246436043;1,5520884432123623;325;0;323;0,0;False;-0,015674603523893355;0,007845374485481432;2,0
50;vehicles_step_sim_1.csv;SUMO_carro_1000;HBEFA4/PC_petrol_Euro-6ab;Gasoline;1773509241;2026-03-14 17:27:21;2026-03-14 17:27:21;0,0;2,925556;2,764343;0,161213;54,094388350649346;124958,03709;563,1695299999999;-124394,86756;-6,2197433779999995;38,193054;9,782898;40,77564360647124;-73,96068698429804;40,77404565884828;-73,96161699028531;40,7786974;-73,9679871;40,7786974;-73,9679871;True;True;0xCDcF7b2a3352a32cc28FD35C3924f5BD542a25Ea;323;323;323;0;0,0;11,33073580322368;15,754185507147076;4,423449703923396;325;0;323;0,0;False;0,003320510186234238;-0,007302026080180684;2,0
51;vehicles_step_sim_1.csv;SUMO_carro_1000;HBEFA4/PC_petrol_Euro-6ab;Gasoline;1773509241;2026-03-14 17:27:21;2026-03-14 17:27:21;0,0;2,925556;2,764343;0,161213;54,094388350649346;124958,03709;563,1695299999999;-124394,86756;-6,2197433779999995;38,193054;9,782898;40,77564360647124;-73,96068698429804;40,77404565884828;-73,96161699028531;40,7758785;-73,9469945;40,7745614;-73,9479567;True;True;0xCDcF7b2a3352a32cc28FD35C3924f5BD542a25Ea;323;323;323;0;0,0;11,33073580322368;13,394431206314604;2,0636954030909234;325;0;323;0,0;False;0,00012567792898700647;0,013982175631039026;2,0
52;vehicles_step_sim_1.csv;SUMO_carro_1000;HBEFA4/PC_petrol_Euro-6ab;Gasoline;1773509241;2026-03-14 17:27:21;2026-03-14 17:27:21;0,0;2,925556;2,764343;0,161213;54,094388350649346;124958,03709;563,1695299999999;-124394,86756;-6,2197433779999995;38,193054;9,782898;40,77564360647124;-73,96068698429804;40,77404565884828;-73,96161699028531;40,7846477;-73,9538365;40,7832767;-73,9548359;True;True;0xCDcF7b2a3352a32cc28FD35C3924f5BD542a25Ea;323;323;323;0;0,0;11,33073580322368;11,534759588574477;0,20402378535079713;325;0;323;0,0;False;0,009100536096845016;0,006828384088233494;2,0
53;vehicles_step_sim_1.csv;SUMO_carro_1000;HBEFA4/PC_petrol_Euro-6ab;Gasoline;1773509241;2026-03-14 17:27:21;2026-03-14 17:27:21;0,0;2,925556;2,764343;0,161213;54,094388350649346;124958,03709;563,1695299999999;-124394,86756;-6,2197433779999995;38,193054;9,782898;40,77564360647124;-73,96068698429804;40,77404565884828;-73,96161699028531;40,7762206;-73,9579824;40,7745711;-73,9591849;True;True;0xCDcF7b2a3352a32cc28FD35C3924f5BD542a25Ea;323;323;323;0;0,0;11,33073580322368;11,830233488904872;0,4994976856811917;325;0;323;0,0;False;0,0004390026210275356;0,0025728277488415367;2,0
54;vehicles_step_sim_1.csv;SUMO_carro_1000;HBEFA4/PC_petrol_Euro-6ab;Gasoline;1773509241;2026-03-14 17:27:21;2026-03-14 17:27:21;0,0;2,925556;2,764343;0,161213;54,094388350649346;124958,03709;563,1695299999999;-124394,86756;-6,2197433779999995;38,193054;9,782898;40,77564360647124;-73,96068698429804;40,77404565884828;-73,96161699028531;40,76614;-73,9696989;40,76514;-73,9712027;True;True;0xCDcF7b2a3352a32cc28FD35C3924f5BD542a25Ea;323;323;323;0;0,0;11,33073580322368;12,369220731271863;1,0384849280481827;325;0;323;0,0;False;-0,008991071549757947;-0,009410143324823934;2,0
55;vehicles_step_sim_1.csv;SUMO_carro_1000;HBEFA4/PC_petrol_Euro-6ab;Gasoline;1773509241;2026-03-14 17:27:21;2026-03-14 17:27:21;0,0;2,925556;2,764343;0,161213;54,094388350649346;124958,03709;563,1695299999999;-124394,86756;-6,2197433779999995;38,193054;9,782898;40,77564360647124;-73,96068698429804;40,77404565884828;-73,96161699028531;40,7836727;-73,9649355;40,7836727;-73,9649355;True;True;0xCDcF7b2a3352a32cc28FD35C3924f5BD542a25Ea;323;323;323;0;0,0;11,33073580322368;5,03396956585762;-6,29676623736606;325;0;323;0,0;False;0,010485271736200768;-0,0030787850641876783;2,0
56;vehicles_step_sim_1.csv;SUMO_carro_1000;HBEFA4/PC_petrol_Euro-6ab;Gasoline;1773509241;2026-03-14 17:27:21;2026-03-14 17:27:21;0,0;2,925556;2,764343;0,161213;54,094388350649346;124958,03709;563,1695299999999;-124394,86756;-6,2197433779999995;38,193054;9,782898;40,77564360647124;-73,96068698429804;40,77404565884828;-73,96161699028531;40,780005;-73,9468707;40,7781198;-73,9482894;True;True;0xCDcF7b2a3352a32cc28FD35C3924f5BD542a25Ea;323;323;323;0;0,0;11,33073580322368;13,004523872284839;1,6737880690611586;325;0;323;0,0;False;0,004006462741520626;0,014250360790896394;2,0
57;vehicles_step_sim_1.csv;SUMO_carro_1000;HBEFA4/PC_petrol_Euro-6ab;Gasoline;1773509241;2026-03-14 17:27:21;2026-03-14 17:27:21;0,0;2,925556;2,764343;0,161213;54,094388350649346;124958,03709;563,1695299999999;-124394,86756;-6,2197433779999995;38,193054;9,782898;40,77564360647124;-73,96068698429804;40,77404565884828;-73,96161699028531;40,7754862;-73,9765055;40,7737221;-73,9777895;True;True;0xCDcF7b2a3352a32cc28FD35C3924f5BD542a25Ea;323;323;323;0;0,0;11,33073580322368;11,741332440836143;0,41059663761246235;325;0;323;0,0;False;-0,0001320469211858778;-0,015864589741922033;2,0
58;vehicles_step_sim_1.csv;SUMO_carro_1000;HBEFA4/PC_petrol_Euro-6ab;Gasoline;1773509241;2026-03-14 17:27:21;2026-03-14 17:27:21;0,0;2,925556;2,764343;0,161213;54,094388350649346;124958,03709;563,1695299999999;-124394,86756;-6,2197433779999995;38,193054;9,782898;40,77564360647124;-73,96068698429804;40,77404565884828;-73,96161699028531;40,7908805;-73,968815;40,7889964;-73,9701843;True;True;0xCDcF7b2a3352a32cc28FD35C3924f5BD542a25Ea;323;323;323;0;0,0;11,33073580322368;14,345458127640592;3,014722324416912;325;0;323;0,0;False;0,014725769418300892;-0,007382896182494334;2,0
59;vehicles_step_sim_1.csv;SUMO_carro_1000;HBEFA4/PC_petrol_Euro-6ab;Gasoline;1773509241;2026-03-14 17:27:21;2026-03-14 17:27:21;0,0;2,925556;2,764343;0,161213;54,094388350649346;124958,03709;563,1695299999999;-124394,86756;-6,2197433779999995;38,193054;9,782898;40,77564360647124;-73,96068698429804;40,77404565884828;-73,96161699028531;40,7662372;-73,9543678;40,7648729;-73,9552016;True;True;0xCDcF7b2a3352a32cc28FD35C3924f5BD542a25Ea;323;323;323;0;0,0;11,33073580322368;12,5133906958433;1,1826548926196203;325;0;323;0,0;False;-0,0093197125633052;0,0060429564866546145;2,0
60;vehicles_step_sim_1.csv;SUMO_carro_1000;HBEFA4/PC_petrol_Euro-6ab;Gasoline;1773509241;2026-03-14 17:27:21;2026-03-14 17:27:21;0,0;2,925556;2,764343;0,161213;54,094388350649346;124958,03709;563,1695299999999;-124394,86756;-6,2197433779999995;38,193054;9,782898;40,77564360647124;-73,96068698429804;40,77404565884828;-73,96161699028531;40,7760318;-73,947048;40,7745614;-73,9479567;True;True;0xCDcF7b2a3352a32cc28FD35C3924f5BD542a25Ea;323;323;323;0;0,0;11,33073580322368;12,903159826195926;1,5724240229722461;325;0;323;0,0;False;0,0005788408141389142;0,013995605506208045;2,0
61;vehicles_step_sim_1.csv;SUMO_carro_1000;HBEFA4/PC_petrol_Euro-6ab;Gasoline;1773509241;2026-03-14 17:27:21;2026-03-14 17:27:21;0,0;2,925556;2,764343;0,161213;54,094388350649346;124958,03709;563,1695299999999;-124394,86756;-6,2197433779999995;38,193054;9,782898;40,77564360647124;-73,96068698429804;40,77404565884828;-73,96161699028531;40,7852386;-73,9515309;40,7833538;-73,9529124;True;True;0xCDcF7b2a3352a32cc28FD35C3924f5BD542a25Ea;323;323;323;0;0,0;11,33073580322368;11,502822717449465;0,17208691422578504;325;0;323;0,0;False;0,009708161934382755;0,008419971394252606;2,0
62;vehicles_step_sim_1.csv;SUMO_carro_1000;HBEFA4/PC_petrol_Euro-6ab;Gasoline;1773509241;2026-03-14 17:27:21;2026-03-14 17:27:21;0,0;2,925556;2,764343;0,161213;54,094388350649346;124958,03709;563,1695299999999;-124394,86756;-6,2197433779999995;38,193054;9,782898;40,77564360647124;-73,96068698429804;40,77404565884828;-73,96161699028531;40,7826198;-73,9569968;40,7802697;-73,9574043;True;True;0xCDcF7b2a3352a32cc28FD35C3924f5BD542a25Ea;323;323;323;0;0,0;11,33073580322368;10,212033319706974;-1,1187024835167065;325;0;323;0,0;False;0,006609920080648784;0,0038275188089825704;2,0
63;vehicles_step_sim_1.csv;SUMO_carro_1000;HBEFA4/PC_petrol_Euro-6ab;Gasoline;1773509241;2026-03-14 17:27:21;2026-03-14 17:27:21;0,0;2,925556;2,764343;0,161213;54,094388350649346;124958,03709;563,1695299999999;-124394,86756;-6,2197433779999995;38,193054;9,782898;40,77564360647124;-73,96068698429804;40,77404565884828;-73,96161699028531;40,7844876;-73,973476;40,7829894;-73,9739751;True;True;0xCDcF7b2a3352a32cc28FD35C3924f5BD542a25Ea;323;323;323;0;0,0;11,33073580322368;14,719595865860143;3,3888600626364624;325;0;323;0,0;False;0,008780774800178536;-0,012350036769356918;2,0
64;vehicles_step_sim_1.csv;SUMO_carro_1000;HBEFA4/PC_petrol_Euro-6ab;Gasoline;1773509241;2026-03-14 17:27:21;2026-03-14 17:27:21;0,0;2,925556;2,764343;0,161213;54,094388350649346;124958,03709;563,1695299999999;-124394,86756;-6,2197433779999995;38,193054;9,782898;40,77564360647124;-73,96068698429804;40,77404565884828;-73,96161699028531;40,7795488;-73,955681;40,7775946;-73,9571097;True;True;0xCDcF7b2a3352a32cc28FD35C3924f5BD542a25Ea;323;323;323;0;0,0;11,33073580322368;11,57892407784968;0,24818827462599913;325;0;323;0,0;False;0,003925209510770857;0,004423151731240428;2,0
65;vehicles_step_sim_1.csv;SUMO_carro_1000;HBEFA4/PC_petrol_Euro-6ab;Gasoline;1773509241;2026-03-14 17:27:21;2026-03-14 17:27:21;0,0;2,925556;2,764343;0,161213;54,094388350649346;124958,03709;563,1695299999999;-124394,86756;-6,2197433779999995;38,193054;9,782898;40,77564360647124;-73,96068698429804;40,77404565884828;-73,96161699028531;40,789923;-73,95843;40,7859138;-73,9572197;True;True;0xCDcF7b2a3352a32cc28FD35C3924f5BD542a25Ea;323;323;323;0;0,0;11,33073580322368;13,770602663408964;2,4398668601852833;325;0;323;0,0;False;0,012770577370606825;0,0016489542799729246;2,0
66;vehicles_step_sim_1.csv;SUMO_carro_1000;HBEFA4/PC_petrol_Euro-6ab;Gasoline;1773509241;2026-03-14 17:27:21;2026-03-14 17:27:21;0,0;2,925556;2,764343;0,161213;54,094388350649346;124958,03709;563,1695299999999;-124394,86756;-6,2197433779999995;38,193054;9,782898;40,77564360647124;-73,96068698429804;40,77404565884828;-73,96161699028531;40,7775074;-73,9569035;40,7762206;-73,9579824;True;True;0xCDcF7b2a3352a32cc28FD35C3924f5BD542a25Ea;323;323;323;0;0,0;11,33073580322368;12,049937693055698;0,7192018898320178;325;0;323;0,0;False;0,0018339131814024503;0,0037422733251035404;2,0
67;vehicles_step_sim_1.csv;SUMO_carro_1000;HBEFA4/PC_petrol_Euro-6ab;Gasoline;1773509241;2026-03-14 17:27:21;2026-03-14 17:27:21;0,0;2,925556;2,764343;0,161213;54,094388350649346;124958,03709;563,1695299999999;-124394,86756;-6,2197433779999995;38,193054;9,782898;40,77564360647124;-73,96068698429804;40,77404565884828;-73,96161699028531;40,7824381;-73,9726629;40,7809834;-73,9725008;True;True;0xCDcF7b2a3352a32cc28FD35C3924f5BD542a25Ea;323;323;323;0;0,0;11,33073580322368;9,355608439043646;-1,9751273641800342;325;0;323;0,0;False;0,00725407758782338;-0,01190144360971136;2,0
68;vehicles_step_sim_1.csv;SUMO_carro_1000;HBEFA4/PC_petrol_Euro-6ab;Gasoline;1773509241;2026-03-14 17:27:21;2026-03-14 17:27:21;0,0;2,925556;2,764343;0,161213;54,094388350649346;124958,03709;563,1695299999999;-124394,86756;-6,2197433779999995;38,193054;9,782898;40,77564360647124;-73,96068698429804;40,77404565884828;-73,96161699028531;40,7718308;-73,9655506;40,7699059;-73,9668118;True;True;0xCDcF7b2a3352a32cc28FD35C3924f5BD542a25Ea;323;323;323;0;0,0;11,33073580322368;11,848171700177405;0,5174358969537245;325;0;323;0,0;False;-0,003957871264767135;-0,005264007705063352;2,0
69;vehicles_step_sim_1.csv;SUMO_carro_1000;HBEFA4/PC_petrol_Euro-6ab;Gasoline;1773509241;2026-03-14 17:27:21;2026-03-14 17:27:21;0,0;2,925556;2,764343;0,161213;54,094388350649346;124958,03709;563,1695299999999;-124394,86756;-6,2197433779999995;38,193054;9,782898;40,77564360647124;-73,96068698429804;40,77404565884828;-73,96161699028531;40,7674538;-73,9501457;40,7662046;-73,9512972;True;True;0xCDcF7b2a3352a32cc28FD35C3924f5BD542a25Ea;323;323;323;0;0,0;11,33073580322368;8,691359786150112;-2,639376017073568;325;0;323;0,0;False;-0,007970291562263943;0,010206442004940997;2,0
70;vehicles_step_sim_1.csv;SUMO_carro_1000;HBEFA4/PC_petrol_Euro-6ab;Gasoline;1773509241;2026-03-14 17:27:21;2026-03-14 17:27:21;0,0;2,925556;2,764343;0,161213;54,094388350649346;124958,03709;563,1695299999999;-124394,86756;-6,2197433779999995;38,193054;9,782898;40,77564360647124;-73,96068698429804;40,77404565884828;-73,96161699028531;40,7801016;-73,9570081;40,7787825;-73,9579671;True;True;0xCDcF7b2a3352a32cc28FD35C3924f5BD542a25Ea;323;323;323;0;0,0;11,33073580322368;12,525992286890904;1,1952564836672241;325;0;323;0,0;False;0,0042739864254605;0,0040705846825610445;2,0
71;vehicles_step_sim_1.csv;SUMO_carro_1000;HBEFA4/PC_petrol_Euro-6ab;Gasoline;1773509241;2026-03-14 17:27:21;2026-03-14 17:27:21;0,0;2,925556;2,764343;0,161213;54,094388350649346;124958,03709;563,1695299999999;-124394,86756;-6,2197433779999995;38,193054;9,782898;40,77564360647124;-73,96068698429804;40,77404565884828;-73,96161699028531;40,7801292;-73,9592074;40,7783175;-73,9588339;True;True;0xCDcF7b2a3352a32cc28FD35C3924f5BD542a25Ea;323;323;323;0;0,0;11,33073580322368;11,969562609650263;0,6388268064265823;325;0;323;0,0;False;0,004366039043824508;0,00214479371509918;2,0
72;vehicles_step_sim_1.csv;SUMO_carro_1000;HBEFA4/PC_petrol_Euro-6ab;Gasoline;1773509241;2026-03-14 17:27:21;2026-03-14 17:27:21;0,0;2,925556;2,764343;0,161213;54,094388350649346;124958,03709;563,1695299999999;-124394,86756;-6,2197433779999995;38,193054;9,782898;40,77564360647124;-73,96068698429804;40,77404565884828;-73,96161699028531;40,7826198;-73,9569968;40,7809456;-73,9569132;True;True;0xCDcF7b2a3352a32cc28FD35C3924f5BD542a25Ea;323;323;323;0;0,0;11,33073580322368;9,856211818252765;-1,474523984970915;325;0;323;0,0;False;0,006763756773546797;0,003978617225520333;2,0
73;vehicles_step_sim_1.csv;SUMO_carro_1000;HBEFA4/PC_petrol_Euro-6ab;Gasoline;1773509241;2026-03-14 17:27:21;2026-03-14 17:27:21;0,0;2,925556;2,764343;0,161213;54,094388350649346;124958,03709;563,1695299999999;-124394,86756;-6,2197433779999995;38,193054;9,782898;40,77564360647124;-73,96068698429804;40,77404565884828;-73,96161699028531;40,7746684;-73,9482111;40,7732916;-73,9490482;True;True;0xCDcF7b2a3352a32cc28FD35C3924f5BD542a25Ea;323;323;323;0;0,0;11,33073580322368;12,689800326617732;1,3590645233940517;325;0;323;0,0;False;-0,0008893820210594215;0,012227896008548244;2,0
74;vehicles_step_sim_1.csv;SUMO_carro_1000;HBEFA4/PC_petrol_Euro-6ab;Gasoline;1773509241;2026-03-14 17:27:21;2026-03-14 17:27:21;0,0;2,925556;2,764343;0,161213;54,094388350649346;124958,03709;563,1695299999999;-124394,86756;-6,2197433779999995;38,193054;9,782898;40,77564360647124;-73,96068698429804;40,77404565884828;-73,96161699028531;40,7834948;-73,9493441;40,7820517;-73,9498246;True;True;0xCDcF7b2a3352a32cc28FD35C3924f5BD542a25Ea;323;323;323;0;0,0;11,33073580322368;10,704386466073265;-0,6263493371504154;325;0;323;0,0;False;0,007966505612389792;0,011654679064968745;2,0
75;vehicles_step_sim_1.csv;SUMO_carro_1000;HBEFA4/PC_petrol_Euro-6ab;Gasoline;1773509241;2026-03-14 17:27:21;2026-03-14 17:27:21;0,0;2,925556;2,764343;0,161213;54,094388350649346;124958,03709;563,1695299999999;-124394,86756;-6,2197433779999995;38,193054;9,782898;40,77564360647124;-73,96068698429804;40,77404565884828;-73,96161699028531;40,7834005;-73,9708909;40,7822135;-73,9721341;True;True;0xCDcF7b2a3352a32cc28FD35C3924f5BD542a25Ea;323;323;323;0;0,0;11,33073580322368;10,898429647145507;-0,43230615607817313;325;0;323;0,0;False;0,007925857871528382;-0,010589187118807528;2,0
76;vehicles_step_sim_1.csv;SUMO_carro_1000;HBEFA4/PC_petrol_Euro-6ab;Gasoline;1773509241;2026-03-14 17:27:21;2026-03-14 17:27:21;0,0;2,925556;2,764343;0,161213;54,094388350649346;124958,03709;563,1695299999999;-124394,86756;-6,2197433779999995;38,193054;9,782898;40,77564360647124;-73,96068698429804;40,77404565884828;-73,96161699028531;40,7691581;-73,9733565;40,7656295;-73,9761245;True;True;0xCDcF7b2a3352a32cc28FD35C3924f5BD542a25Ea;323;323;323;0;0,0;11,33073580322368;11,65243218172391;0,3216963785002296;325;0;323;0,0;False;-0,007842392941693957;-0,013557719721141958;2,0
77;vehicles_step_sim_1.csv;SUMO_carro_1000;HBEFA4/PC_petrol_Euro-6ab;Gasoline;1773509241;2026-03-14 17:27:21;2026-03-14 17:27:21;0,0;2,925556;2,764343;0,161213;54,094388350649346;124958,03709;563,1695299999999;-124394,86756;-6,2197433779999995;38,193054;9,782898;40,77564360647124;-73,96068698429804;40,77404565884828;-73,96161699028531;40,7625319;-73,9708345;40,7611248;-73,9716737;True;True;0xCDcF7b2a3352a32cc28FD35C3924f5BD542a25Ea;323;323;323;0;0,0;11,33073580322368;10,326875258791748;-1,003860544431932;325;0;323;0,0;False;-0,012854063504556413;-0,010199445159650846;2,0
78;vehicles_step_sim_1.csv;SUMO_carro_1000;HBEFA4/PC_petrol_Euro-6ab;Gasoline;1773509241;2026-03-14 17:27:21;2026-03-14 17:27:21;0,0;2,925556;2,764343;0,161213;54,094388350649346;124958,03709;563,1695299999999;-124394,86756;-6,2197433779999995;38,193054;9,782898;40,77564360647124;-73,96068698429804;40,77404565884828;-73,96161699028531;40,7809275;-73,9716199;40,7798151;-73,9733542;True;True;0xCDcF7b2a3352a32cc28FD35C3924f5BD542a25Ea;323;323;323;0;0,0;11,33073580322368;11,38986349196444;0,059127688740760576;325;0;323;0,0;False;0,005234656767075424;-0,010815175756996281;2,0
79;vehicles_step_sim_1.csv;SUMO_carro_1000;HBEFA4/PC_petrol_Euro-6ab;Gasoline;1773509241;2026-03-14 17:27:21;2026-03-14 17:27:21;0,0;2,925556;2,764343;0,161213;54,094388350649346;124958,03709;563,1695299999999;-124394,86756;-6,2197433779999995;38,193054;9,782898;40,77564360647124;-73,96068698429804;40,77404565884828;-73,96161699028531;40,7724099;-73,9466132;40,771027;-73,947623;True;True;0xCDcF7b2a3352a32cc28FD35C3924f5BD542a25Ea;323;323;323;0;0,0;11,33073580322368;9,554369002254562;-1,776366800969118;325;0;323;0,0;False;-0,003224679845257762;0,014008720573591324;2,0
80;vehicles_step_sim_1.csv;SUMO_carro_1000;HBEFA4/PC_petrol_Euro-6ab;Gasoline;1773509241;2026-03-14 17:27:21;2026-03-14 17:27:21;0,0;2,925556;2,764343;0,161213;54,094388350649346;124958,03709;563,1695299999999;-124394,86756;-6,2197433779999995;38,193054;9,782898;40,77564360647124;-73,96068698429804;40,77404565884828;-73,96161699028531;40,7688575;-73,9584982;40,7672901;-73,9594886;True;True;0xCDcF7b2a3352a32cc28FD35C3924f5BD542a25Ea;323;323;323;0;0,0;11,33073580322368;12,30928001902748;0,9785442158037991;325;0;323;0,0;False;-0,006710785580465843;0,0018673905723586744;2,0
81;vehicles_step_sim_1.csv;SUMO_carro_1000;HBEFA4/PC_petrol_Euro-6ab;Gasoline;1773509241;2026-03-14 17:27:21;2026-03-14 17:27:21;0,0;2,925556;2,764343;0,161213;54,094388350649346;124958,03709;563,1695299999999;-124394,86756;-6,2197433779999995;38,193054;9,782898;40,77564360647124;-73,96068698429804;40,77404565884828;-73,96161699028531;40,780188;-73,9531692;40,7790528;-73,9545072;True;True;0xCDcF7b2a3352a32cc28FD35C3924f5BD542a25Ea;323;323;323;0;0,0;11,33073580322368;9,531297958306796;-1,7994378449168842;325;0;323;0,0;False;0,004807614958310513;0,007010600199607191;2,0
82;vehicles_step_sim_1.csv;SUMO_carro_1000;HBEFA4/PC_petrol_Euro-6ab;Gasoline;1773509241;2026-03-14 17:27:21;2026-03-14 17:27:21;0,0;2,925556;2,764343;0,161213;54,094388350649346;124958,03709;563,1695299999999;-124394,86756;-6,2197433779999995;38,193054;9,782898;40,77564360647124;-73,96068698429804;40,77404565884828;-73,96161699028531;40,7641878;-73,9708386;40,7629265;-73,9717634;True;True;0xCDcF7b2a3352a32cc28FD35C3924f5BD542a25Ea;323;323;323;0;0,0;11,33073580322368;11,722826498519884;0,3920906952962042;325;0;323;0,0;False;-0,011569961506406629;-0,00994745503103095;2,0
83;vehicles_step_sim_1.csv;SUMO_carro_1000;HBEFA4/PC_petrol_Euro-6ab;Gasoline;1773509241;2026-03-14 17:27:21;2026-03-14 17:27:21;0,0;2,925556;2,764343;0,161213;54,094388350649346;124958,03709;563,1695299999999;-124394,86756;-6,2197433779999995;38,193054;9,782898;40,77564360647124;-73,96068698429804;40,77404565884828;-73,96161699028531;40,7738311;-73,9660279;40,7724555;-73,9670325;True;True;0xCDcF7b2a3352a32cc28FD35C3924f5BD542a25Ea;323;323;323;0;0,0;11,33073580322368;10,200573581473757;-1,1301622217499236;325;0;323;0,0;False;-0,0009306208757794349;-0,007237940258767917;2,0
84;vehicles_step_sim_1.csv;SUMO_carro_1000;HBEFA4/PC_petrol_Euro-6ab;Gasoline;1773509241;2026-03-14 17:27:21;2026-03-14 17:27:21;0,0;2,925556;2,764343;0,161213;54,094388350649346;124958,03709;563,1695299999999;-124394,86756;-6,2197433779999995;38,193054;9,782898;40,77564360647124;-73,96068698429804;40,77404565884828;-73,96161699028531;40,7859987;-73,9512249;40,7846117;-73,9519952;True;True;0xCDcF7b2a3352a32cc28FD35C3924f5BD542a25Ea;323;323;323;0;0,0;11,33073580322368;11,284601696775445;-0,04613410644823546;325;0;323;0,0;False;0,010585230367907181;0,00921913683826603;2,0
85;vehicles_step_sim_1.csv;SUMO_carro_1000;HBEFA4/PC_petrol_Euro-6ab;Gasoline;1773509241;2026-03-14 17:27:21;2026-03-14 17:27:21;0,0;2,925556;2,764343;0,161213;54,094388350649346;124958,03709;563,1695299999999;-124394,86756;-6,2197433779999995;38,193054;9,782898;40,77564360647124;-73,96068698429804;40,77404565884828;-73,96161699028531;40,7626076;-73,9544154;40,7612885;-73,9557176;True;True;0xCDcF7b2a3352a32cc28FD35C3924f5BD542a25Ea;323;323;323;0;0,0;11,33073580322368;15,504640333886673;4,173904530662993;325;0;323;0,0;False;-0,01282385894417189;0,005954786703060722;2,0
86;vehicles_step_sim_1.csv;SUMO_carro_1000;HBEFA4/PC_petrol_Euro-6ab;Gasoline;1773509241;2026-03-14 17:27:21;2026-03-14 17:27:21;0,0;2,925556;2,764343;0,161213;54,094388350649346;124958,03709;563,1695299999999;-124394,86756;-6,2197433779999995;38,193054;9,782898;40,77564360647124;-73,96068698429804;40,77404565884828;-73,96161699028531;40,7817851;-73,9631137;40,7810451;-73,9622183;True;True;0xCDcF7b2a3352a32cc28FD35C3924f5BD542a25Ea;323;323;323;0;0,0;11,33073580322368;15,295706727788424;3,964970924564744;325;0;323;0,0;False;0,00609051548107922;-0,0025812798886184164;2,0
87;vehicles_step_sim_1.csv;SUMO_carro_1000;HBEFA4/PC_petrol_Euro-6ab;Gasoline;1773509241;2026-03-14 17:27:21;2026-03-14 17:27:21;0,0;2,925556;2,764343;0,161213;54,094388350649346;124958,03709;563,1695299999999;-124394,86756;-6,2197433779999995;38,193054;9,782898;40,77564360647124;-73,96068698429804;40,77404565884828;-73,96161699028531;40,7672914;-73,9687089;40,7655267;-73,9699982;True;True;0xCDcF7b2a3352a32cc28FD35C3924f5BD542a25Ea;323;323;323;0;0,0;11,33073580322368;11,496119630836594;0,1653838276129136;325;0;323;0,0;False;-0,008487635689182087;-0,008432688876428571;2,0
88;vehicles_step_sim_1.csv;SUMO_carro_1000;HBEFA4/PC_petrol_Euro-6ab;Gasoline;1773509241;2026-03-14 17:27:21;2026-03-14 17:27:21;0,0;2,925556;2,764343;0,161213;54,094388350649346;124958,03709;563,1695299999999;-124394,86756;-6,2197433779999995;38,193054;9,782898;40,77564360647124;-73,96068698429804;40,77404565884828;-73,96161699028531;40,784673;-73,9699691;40,7827644;-73,9713527;True;True;0xCDcF7b2a3352a32cc28FD35C3924f5BD542a25Ea;323;323;323;0;0,0;11,33073580322368;11,68032451640156;0,3495887131778801;325;0;323;0,0;False;0,00918417532261103;-0,010115467773739246;2,0
89;vehicles_step_sim_1.csv;SUMO_carro_1000;HBEFA4/PC_petrol_Euro-6ab;Gasoline;1773509241;2026-03-14 17:27:21;2026-03-14 17:27:21;0,0;2,925556;2,764343;0,161213;54,094388350649346;124958,03709;563,1695299999999;-124394,86756;-6,2197433779999995;38,193054;9,782898;40,77564360647124;-73,96068698429804;40,77404565884828;-73,96161699028531;40,7588099;-73,9625575;40,7569642;-73,9637241;True;True;0xCDcF7b2a3352a32cc28FD35C3924f5BD542a25Ea;323;323;323;0;0,0;11,33073580322368;12,461080324148092;1,130344520924412;325;0;323;0,0;False;-0,016968333231169464;-0,0018442368565755188;2,0
90;vehicles_step_sim_1.csv;SUMO_carro_1000;HBEFA4/PC_petrol_Euro-6ab;Gasoline;1773509241;2026-03-14 17:27:21;2026-03-14 17:27:21;0,0;2,925556;2,764343;0,161213;54,094388350649346;124958,03709;563,1695299999999;-124394,86756;-6,2197433779999995;38,193054;9,782898;40,77564360647124;-73,96068698429804;40,77404565884828;-73,96161699028531;40,7761379;-73,9497401;40,7736386;-73,9497104;True;True;0xCDcF7b2a3352a32cc28FD35C3924f5BD542a25Ea;323;323;323;0;0,0;11,33073580322368;12,442777947921101;1,112042144697421;325;0;323;0,0;False;-5,6129699345624696e-06;0,011746500504457245;2,0
91;vehicles_step_sim_1.csv;SUMO_carro_1000;HBEFA4/PC_petrol_Euro-6ab;Gasoline;1773509241;2026-03-14 17:27:21;2026-03-14 17:27:21;0,0;2,925556;2,764343;0,161213;54,094388350649346;124958,03709;563,1695299999999;-124394,86756;-6,2197433779999995;38,193054;9,782898;40,77564360647124;-73,96068698429804;40,77404565884828;-73,96161699028531;40,7886992;-73,9668738;40,7871816;-73,9679789;True;True;0xCDcF7b2a3352a32cc28FD35C3924f5BD542a25Ea;323;323;323;0;0,0;11,33073580322368;10,345356723145901;-0,9853790800777791;325;0;323;0,0;False;0,012378259046771825;-0,004468761861090649;2,0
92;vehicles_step_sim_1.csv;SUMO_carro_1000;HBEFA4/PC_petrol_Euro-6ab;Gasoline;1773509241;2026-03-14 17:27:21;2026-03-14 17:27:21;0,0;2,925556;2,764343;0,161213;54,094388350649346;124958,03709;563,1695299999999;-124394,86756;-6,2197433779999995;38,193054;9,782898;40,77564360647124;-73,96068698429804;40,77404565884828;-73,96161699028531;40,7736386;-73,9497104;40,7716726;-73,9510848;True;True;0xCDcF7b2a3352a32cc28FD35C3924f5BD542a25Ea;323;323;323;0;0,0;11,33073580322368;10,803321095002243;-0,5274147082214373;325;0;323;0,0;False;-0,0024673901132178755;0,01045771560868334;2,0
93;vehicles_step_sim_1.csv;SUMO_carro_1000;HBEFA4/PC_petrol_Euro-6ab;Gasoline;1773509241;2026-03-14 17:27:21;2026-03-14 17:27:21;0,0;2,925556;2,764343;0,161213;54,094388350649346;124958,03709;563,1695299999999;-124394,86756;-6,2197433779999995;38,193054;9,782898;40,77564360647124;-73,96068698429804;40,77404565884828;-73,96161699028531;40,7872206;-73,9718092;40,7858619;-73,974777;True;True;0xCDcF7b2a3352a32cc28FD35C3924f5BD542a25Ea;323;323;323;0;0,0;11,33073580322368;11,313622716281198;-0,017113086942481814;325;0;323;0,0;False;0,011774060187946637;-0,012309963167446559;2,0
94;vehicles_step_sim_1.csv;SUMO_carro_1000;HBEFA4/PC_petrol_Euro-6ab;Gasoline;1773509241;2026-03-14 17:27:21;2026-03-14 17:27:21;0,0;2,925556;2,764343;0,161213;54,094388350649346;124958,03709;563,1695299999999;-124394,86756;-6,2197433779999995;38,193054;9,782898;40,77564360647124;-73,96068698429804;40,77404565884828;-73,96161699028531;40,7755995;-73,9764204;40,7704772;-73,9756095;True;True;0xCDcF7b2a3352a32cc28FD35C3924f5BD542a25Ea;323;323;323;0;0,0;11,33073580322368;14,456006326742076;3,1252705235183953;325;0;323;0,0;False;-0,00158753141261217;-0,011357301151383243;2,0
95;vehicles_step_sim_1.csv;SUMO_carro_1000;HBEFA4/PC_petrol_Euro-6ab;Gasoline;1773509241;2026-03-14 17:27:21;2026-03-14 17:27:21;0,0;2,925556;2,764343;0,161213;54,094388350649346;124958,03709;563,1695299999999;-124394,86756;-6,2197433779999995;38,193054;9,782898;40,77564360647124;-73,96068698429804;40,77404565884828;-73,96161699028531;40,7618349;-73,9652887;40,7597703;-73,9663787;True;True;0xCDcF7b2a3352a32cc28FD35C3924f5BD542a25Ea;323;323;323;0;0,0;11,33073580322368;9,738448098568853;-1,5922877046548276;325;0;323;0,0;False;-0,014233810197620562;-0,004690876556044711;2,0
96;vehicles_step_sim_1.csv;SUMO_carro_1000;HBEFA4/PC_petrol_Euro-6ab;Gasoline;1773509241;2026-03-14 17:27:21;2026-03-14 17:27:21;0,0;2,925556;2,764343;0,161213;54,094388350649346;124958,03709;563,1695299999999;-124394,86756;-6,2197433779999995;38,193054;9,782898;40,77564360647124;-73,96068698429804;40,77404565884828;-73,96161699028531;40,7707855;-73,976129;40,766876;-73,979076;True;True;0xCDcF7b2a3352a32cc28FD35C3924f5BD542a25Ea;323;323;323;0;0,0;11,33073580322368;10,35807332168114;-0,9726624815425406;325;0;323;0,0;False;-0,006073757203029998;-0,016642007345109858;2,0
97;vehicles_step_sim_1.csv;SUMO_carro_1000;HBEFA4/PC_petrol_Euro-6ab;Gasoline;1773509241;2026-03-14 17:27:21;2026-03-14 17:27:21;0,0;2,925556;2,764343;0,161213;54,094388350649346;124958,03709;563,1695299999999;-124394,86756;-6,2197433779999995;38,193054;9,782898;40,77564360647124;-73,96068698429804;40,77404565884828;-73,96161699028531;40,7908805;-73,968815;40,7892194;-73,9702217;True;True;0xCDcF7b2a3352a32cc28FD35C3924f5BD542a25Ea;323;323;323;0;0,0;11,33073580322368;13,717701526413485;2,386965723189805;325;0;323;0,0;False;0,01513602086001783;-0,008087971399985178;2,0
98;vehicles_step_sim_1.csv;SUMO_carro_1000;HBEFA4/PC_petrol_Euro-6ab;Gasoline;1773509241;2026-03-14 17:27:21;2026-03-14 17:27:21;0,0;2,925556;2,764343;0,161213;54,094388350649346;124958,03709;563,1695299999999;-124394,86756;-6,2197433779999995;38,193054;9,782898;40,77564360647124;-73,96068698429804;40,77404565884828;-73,96161699028531;40,7878716;-73,9674683;40,7838444;-73,9655375;True;True;0xCDcF7b2a3352a32cc28FD35C3924f5BD542a25Ea;323;323;323;0;0,0;11,33073580322368;7,274804170606328;-4,0559316326173525;325;0;323;0,0;False;0,010914700301600378;-0,003531096572970871;2,0
99;vehicles_step_sim_1.csv;SUMO_carro_1000;HBEFA4/PC_petrol_Euro-6ab;Gasoline;1773509241;2026-03-14 17:27:21;2026-03-14 17:27:21;0,0;2,925556;2,764343;0,161213;54,094388350649346;124958,03709;563,1695299999999;-124394,86756;-6,2197433779999995;38,193054;9,782898;40,77564360647124;-73,96068698429804;40,77404565884828;-73,96161699028531;40,7824638;-73,9635295;40,7817388;-73,9630586;True;True;0xCDcF7b2a3352a32cc28FD35C3924f5BD542a25Ea;323;323;323;0;0,0;11,33073580322368;13,428853038652457;2,098117235428777;325;0;323;0,0;False;0,006861309976173841;-0,0025987703369391704;2,0
100;vehicles_step_sim_1.csv;SUMO_carro_1000;HBEFA4/PC_petrol_Euro-6ab;Gasoline;1773509241;2026-03-14 17:27:21;2026-03-14 17:27:21;0,0;2,925556;2,764343;0,161213;54,094388350649346;124958,03709;563,1695299999999;-124394,86756;-6,2197433779999995;38,193054;9,782898;40,77564360647124;-73,96068698429804;40,77404565884828;-73,96161699028531;40,7694999;-73,9518309;40,7681722;-73,9527922;True;True;0xCDcF7b2a3352a32cc28FD35C3924f5BD542a25Ea;323;323;323;0;0,0;11,33073580322368;10,78486293355818;-0,5458728696654997;325;0;323;0,0;False;-0,005859219286392768;0,008830051121718552;2,0
1;vehicles_step_sim_5.csv;SUMO_carro_1000;HBEFA4/PC_petrol_Euro-6ab;Gasoline;1773509245;2026-03-14 17:27:25;2026-03-14 17:27:26;1,0;3,379107;3,068982;0,310125;58,615693738961035;135402,252537;650,4780975;-134751,7744395;-6,737588721975;39,972466000000004;11,745574000000001;40,77564360647124;-73,96068698429804;40,77480132917034;-73,96063677461578;40,7892689;-73,9568245;40,7891557;-73,9565515;True;True;0xCDcF7b2a3352a32cc28FD35C3924f5BD542a25Ea;337;337;337;0;0,0;13,70950426067453;12,241782875880478;-1,4677213847940518;339;0;337;0,0;False;0,014841335425777275;0,004587239309062641;2,0
2;vehicles_step_sim_5.csv;SUMO_carro_1000;HBEFA4/PC_petrol_Euro-6ab;Gasoline;1773509245;2026-03-14 17:27:25;2026-03-14 17:27:26;1,0;3,379107;3,068982;0,310125;58,615693738961035;135402,252537;650,4780975;-134751,7744395;-6,737588721975;39,972466000000004;11,745574000000001;40,77564360647124;-73,96068698429804;40,77480132917034;-73,96063677461578;40,766155;-73,9677772;40,7654062;-73,9681108;True;True;0xCDcF7b2a3352a32cc28FD35C3924f5BD542a25Ea;337;337;337;0;0,0;13,70950426067453;14,185856549585436;0,4763522889109062;339;0;337;0,0;False;-0,009592774904905165;-0,007651428870678646;2,0
3;vehicles_step_sim_5.csv;SUMO_carro_1000;HBEFA4/PC_petrol_Euro-6ab;Gasoline;1773509245;2026-03-14 17:27:25;2026-03-14 17:27:26;1,0;3,379107;3,068982;0,310125;58,615693738961035;135402,252537;650,4780975;-134751,7744395;-6,737588721975;39,972466000000004;11,745574000000001;40,77564360647124;-73,96068698429804;40,77480132917034;-73,96063677461578;40,7807547;-73,946718;40,7802167;-73,9469228;True;True;0xCDcF7b2a3352a32cc28FD35C3924f5BD542a25Ea;337;337;337;0;0,0;13,70950426067453;12,839608218755075;-0,8698960419194552;339;0;337;0,0;False;0,0054496202519502225;0,013909631807595732;2,0
4;vehicles_step_sim_5.csv;SUMO_carro_1000;HBEFA4/PC_petrol_Euro-6ab;Gasoline;1773509245;2026-03-14 17:27:25;2026-03-14 17:27:26;1,0;3,379107;3,068982;0,310125;58,615693738961035;135402,252537;650,4780975;-134751,7744395;-6,737588721975;39,972466000000004;11,745574000000001;40,77564360647124;-73,96068698429804;40,77480132917034;-73,96063677461578;40,7936002;-73,9632881;40,7914919;-73,9621451;True;True;0xCDcF7b2a3352a32cc28FD35C3924f5BD542a25Ea;337;337;337;0;0,0;13,70950426067453;12,035385862049926;-1,6741183986246035;339;0;337;0,0;False;0,017527823869194673;-0,001009658144171777;2,0
5;vehicles_step_sim_5.csv;SUMO_carro_1000;HBEFA4/PC_petrol_Euro-6ab;Gasoline;1773509245;2026-03-14 17:27:25;2026-03-14 17:27:26;1,0;3,379107;3,068982;0,310125;58,615693738961035;135402,252537;650,4780975;-134751,7744395;-6,737588721975;39,972466000000004;11,745574000000001;40,77564360647124;-73,96068698429804;40,77480132917034;-73,96063677461578;40,7749695;-73,9770367;40,7743426;-73,9774909;True;True;0xCDcF7b2a3352a32cc28FD35C3924f5BD542a25Ea;337;337;337;0;0,0;13,70950426067453;12,137627831615621;-1,571876429058909;339;0;337;0,0;False;-0,0004327612729209141;-0,017284564077332417;2,0
6;vehicles_step_sim_5.csv;SUMO_carro_1000;HBEFA4/PC_petrol_Euro-6ab;Gasoline;1773509245;2026-03-14 17:27:25;2026-03-14 17:27:26;1,0;3,379107;3,068982;0,310125;58,615693738961035;135402,252537;650,4780975;-134751,7744395;-6,737588721975;39,972466000000004;11,745574000000001;40,77564360647124;-73,96068698429804;40,77480132917034;-73,96063677461578;40,7678;-73,9697099;40,7667723;-73,9692542;True;True;0xCDcF7b2a3352a32cc28FD35C3924f5BD542a25Ea;337;337;337;0;0,0;13,70950426067453;13,842992047194787;0,1334877865202575;339;0;337;0,0;False;-0,007555643169011554;-0,008861970425136907;2,0
7;vehicles_step_sim_5.csv;SUMO_carro_1000;HBEFA4/PC_petrol_Euro-6ab;Gasoline;1773509245;2026-03-14 17:27:25;2026-03-14 17:27:26;1,0;3,379107;3,068982;0,310125;58,615693738961035;135402,252537;650,4780975;-134751,7744395;-6,737588721975;39,972466000000004;11,745574000000001;40,77564360647124;-73,96068698429804;40,77480132917034;-73,96063677461578;40,7832911;-73,9546767;40,7821015;-73,9538288;True;True;0xCDcF7b2a3352a32cc28FD35C3924f5BD542a25Ea;337;337;337;0;0,0;13,70950426067453;13,798017741258711;0,08851348058418118;339;0;337;0,0;False;0,007471621021822136;0,00619382851562506;2,0
8;vehicles_step_sim_5.csv;SUMO_carro_1000;HBEFA4/PC_petrol_Euro-6ab;Gasoline;1773509245;2026-03-14 17:27:25;2026-03-14 17:27:26;1,0;3,379107;3,068982;0,310125;58,615693738961035;135402,252537;650,4780975;-134751,7744395;-6,737588721975;39,972466000000004;11,745574000000001;40,77564360647124;-73,96068698429804;40,77480132917034;-73,96063677461578;40,7717895;-73,9460837;40,7713699;-73,9464602;True;True;0xCDcF7b2a3352a32cc28FD35C3924f5BD542a25Ea;337;337;337;0;0,0;13,70950426067453;7,988711808164948;-5,720792452509582;339;0;337;0,0;False;-0,0037237954216991394;0,014542632377018787;2,0
9;vehicles_step_sim_5.csv;SUMO_carro_1000;HBEFA4/PC_petrol_Euro-6ab;Gasoline;1773509245;2026-03-14 17:27:25;2026-03-14 17:27:26;1,0;3,379107;3,068982;0,310125;58,615693738961035;135402,252537;650,4780975;-134751,7744395;-6,737588721975;39,972466000000004;11,745574000000001;40,77564360647124;-73,96068698429804;40,77480132917034;-73,96063677461578;40,7902971;-73,9519272;40,7890141;-73,9509197;True;True;0xCDcF7b2a3352a32cc28FD35C3924f5BD542a25Ea;337;337;337;0;0,0;13,70950426067453;15,072385641492897;1,3628813808183668;339;0;337;0,0;False;0,014208617523454021;0,00924091290567368;2,0
10;vehicles_step_sim_5.csv;SUMO_carro_1000;HBEFA4/PC_petrol_Euro-6ab;Gasoline;1773509245;2026-03-14 17:27:25;2026-03-14 17:27:26;1,0;3,379107;3,068982;0,310125;58,615693738961035;135402,252537;650,4780975;-134751,7744395;-6,737588721975;39,972466000000004;11,745574000000001;40,77564360647124;-73,96068698429804;40,77480132917034;-73,96063677461578;40,7827647;-73,9552074;40,7820303;-73,9555914;True;True;0xCDcF7b2a3352a32cc28FD35C3924f5BD542a25Ea;337;337;337;0;0,0;13,70950426067453;15,006274762254945;1,296770501580415;339;0;337;0,0;False;0,007315026758651004;0,005696134487492716;2,0
11;vehicles_step_sim_5.csv;SUMO_carro_1000;HBEFA4/PC_petrol_Euro-6ab;Gasoline;1773509245;2026-03-14 17:27:25;2026-03-14 17:27:26;1,0;3,379107;3,068982;0,310125;58,615693738961035;135402,252537;650,4780975;-134751,7744395;-6,737588721975;39,972466000000004;11,745574000000001;40,77564360647124;-73,96068698429804;40,77480132917034;-73,96063677461578;40,7871488;-73,949898;40,7862402;-73,9497046;True;True;0xCDcF7b2a3352a32cc28FD35C3924f5BD542a25Ea;337;337;337;0;0,0;13,70950426067453;15,018892965708238;1,309388705033708;339;0;337;0,0;False;0,011214598554060772;0,010899401026604227;2,0
12;vehicles_step_sim_5.csv;SUMO_carro_1000;HBEFA4/PC_petrol_Euro-6ab;Gasoline;1773509245;2026-03-14 17:27:25;2026-03-14 17:27:26;1,0;3,379107;3,068982;0,310125;58,615693738961035;135402,252537;650,4780975;-134751,7744395;-6,737588721975;39,972466000000004;11,745574000000001;40,77564360647124;-73,96068698429804;40,77480132917034;-73,96063677461578;40,7650237;-73,9732882;40,7646647;-73,9738252;True;True;0xCDcF7b2a3352a32cc28FD35C3924f5BD542a25Ea;337;337;337;0;0,0;13,70950426067453;14,011858994613307;0,30235473393877754;339;0;337;0,0;False;-0,010154858536158785;-0,013333650169861625;2,0
13;vehicles_step_sim_5.csv;SUMO_carro_1000;HBEFA4/PC_petrol_Euro-6ab;Gasoline;1773509245;2026-03-14 17:27:25;2026-03-14 17:27:26;1,0;3,379107;3,068982;0,310125;58,615693738961035;135402,252537;650,4780975;-134751,7744395;-6,737588721975;39,972466000000004;11,745574000000001;40,77564360647124;-73,96068698429804;40,77480132917034;-73,96063677461578;40,774351;-73,9574385;40,7735548;-73,9578371;True;True;0xCDcF7b2a3352a32cc28FD35C3924f5BD542a25Ea;337;337;337;0;0,0;13,70950426067453;12,751231708328621;-0,9582725523459086;339;0;337;0,0;False;-0,0014455806761042988;0,002838569384494527;2,0
14;vehicles_step_sim_5.csv;SUMO_carro_1000;HBEFA4/PC_petrol_Euro-6ab;Gasoline;1773509245;2026-03-14 17:27:25;2026-03-14 17:27:26;1,0;3,379107;3,068982;0,310125;58,615693738961035;135402,252537;650,4780975;-134751,7744395;-6,737588721975;39,972466000000004;11,745574000000001;40,77564360647124;-73,96068698429804;40,77480132917034;-73,96063677461578;40,7834353;-73,9642593;40,7833492;-73,9640817;True;True;0xCDcF7b2a3352a32cc28FD35C3924f5BD542a25Ea;337;337;337;0;0,0;13,70950426067453;17,625443132381346;3,9159388717068158;339;0;337;0,0;False;0,01067706844310368;-0,0013742632569149044;2,0
15;vehicles_step_sim_5.csv;SUMO_carro_1000;HBEFA4/PC_petrol_Euro-6ab;Gasoline;1773509245;2026-03-14 17:27:25;2026-03-14 17:27:26;1,0;3,379107;3,068982;0,310125;58,615693738961035;135402,252537;650,4780975;-134751,7744395;-6,737588721975;39,972466000000004;11,745574000000001;40,77564360647124;-73,96068698429804;40,77480132917034;-73,96063677461578;40,7789069;-73,9684905;40,7786974;-73,9679871;True;True;0xCDcF7b2a3352a32cc28FD35C3924f5BD542a25Ea;337;337;337;0;0,0;13,70950426067453;16,876432969453617;3,1669287087790874;339;0;337;0,0;False;0,0040996698866412554;-0,006972701596495541;2,0
16;vehicles_step_sim_5.csv;SUMO_carro_1000;HBEFA4/PC_petrol_Euro-6ab;Gasoline;1773509245;2026-03-14 17:27:25;2026-03-14 17:27:26;1,0;3,379107;3,068982;0,310125;58,615693738961035;135402,252537;650,4780975;-134751,7744395;-6,737588721975;39,972466000000004;11,745574000000001;40,77564360647124;-73,96068698429804;40,77480132917034;-73,96063677461578;40,7704772;-73,9756095;40,7699024;-73,9747411;True;True;0xCDcF7b2a3352a32cc28FD35C3924f5BD542a25Ea;337;337;337;0;0,0;13,70950426067453;17,62563485707034;3,9161305963958117;339;0;337;0,0;False;-0,005429892893052658;-0,01467410275984555;2,0
17;vehicles_step_sim_5.csv;SUMO_carro_1000;HBEFA4/PC_petrol_Euro-6ab;Gasoline;1773509245;2026-03-14 17:27:25;2026-03-14 17:27:26;1,0;3,379107;3,068982;0,310125;58,615693738961035;135402,252537;650,4780975;-134751,7744395;-6,737588721975;39,972466000000004;11,745574000000001;40,77564360647124;-73,96068698429804;40,77480132917034;-73,96063677461578;40,7844876;-73,973476;40,7826188;-73,9730915;True;True;0xCDcF7b2a3352a32cc28FD35C3924f5BD542a25Ea;337;337;337;0;0,0;13,70950426067453;13,479053672822287;-0,2304505878522427;339;0;337;0,0;False;0,0082360916972765;-0,011903173608878388;2,0
18;vehicles_step_sim_5.csv;SUMO_carro_1000;HBEFA4/PC_petrol_Euro-6ab;Gasoline;1773509245;2026-03-14 17:27:25;2026-03-14 17:27:26;1,0;3,379107;3,068982;0,310125;58,615693738961035;135402,252537;650,4780975;-134751,7744395;-6,737588721975;39,972466000000004;11,745574000000001;40,77564360647124;-73,96068698429804;40,77480132917034;-73,96063677461578;40,7742109;-73,9434514;40,7733897;-73,9442543;True;True;0xCDcF7b2a3352a32cc28FD35C3924f5BD542a25Ea;337;337;337;0;0,0;13,70950426067453;7,386985185313384;-6,3225190753611455;339;0;337;0,0;False;-0,0013460773470378197;0,017017259294647532;2,0
19;vehicles_step_sim_5.csv;SUMO_carro_1000;HBEFA4/PC_petrol_Euro-6ab;Gasoline;1773509245;2026-03-14 17:27:25;2026-03-14 17:27:26;1,0;3,379107;3,068982;0,310125;58,615693738961035;135402,252537;650,4780975;-134751,7744395;-6,737588721975;39,972466000000004;11,745574000000001;40,77564360647124;-73,96068698429804;40,77480132917034;-73,96063677461578;40,7822921;-73,9514461;40,7809132;-73,9510136;True;True;0xCDcF7b2a3352a32cc28FD35C3924f5BD542a25Ea;337;337;337;0;0,0;13,70950426067453;14,948881895972205;1,239377635297675;339;0;337;0,0;False;0,006402674804420513;0,009574142949698689;2,0
20;vehicles_step_sim_5.csv;SUMO_carro_1000;HBEFA4/PC_petrol_Euro-6ab;Gasoline;1773509245;2026-03-14 17:27:25;2026-03-14 17:27:26;1,0;3,379107;3,068982;0,310125;58,615693738961035;135402,252537;650,4780975;-134751,7744395;-6,737588721975;39,972466000000004;11,745574000000001;40,77564360647124;-73,96068698429804;40,77480132917034;-73,96063677461578;40,7758822;-73,9610597;40,7749505;-73,9611438;True;True;0xCDcF7b2a3352a32cc28FD35C3924f5BD542a25Ea;337;337;337;0;0,0;13,70950426067453;14,3910151736639;0,6815109129893706;339;0;337;0,0;False;3,453875017694174e-05;-0,0006119252576406321;2,0
21;vehicles_step_sim_5.csv;SUMO_carro_1000;HBEFA4/PC_petrol_Euro-6ab;Gasoline;1773509245;2026-03-14 17:27:25;2026-03-14 17:27:26;1,0;3,379107;3,068982;0,310125;58,615693738961035;135402,252537;650,4780975;-134751,7744395;-6,737588721975;39,972466000000004;11,745574000000001;40,77564360647124;-73,96068698429804;40,77480132917034;-73,96063677461578;40,7845408;-73,9537621;40,7839052;-73,9542231;True;True;0xCDcF7b2a3352a32cc28FD35C3924f5BD542a25Ea;337;337;337;0;0,0;13,70950426067453;14,336265042310108;0,6267607816355785;339;0;337;0,0;False;0,008995882001471387;0,007049753656211501;2,0
22;vehicles_step_sim_5.csv;SUMO_carro_1000;HBEFA4/PC_petrol_Euro-6ab;Gasoline;1773509245;2026-03-14 17:27:25;2026-03-14 17:27:26;1,0;3,379107;3,068982;0,310125;58,615693738961035;135402,252537;650,4780975;-134751,7744395;-6,737588721975;39,972466000000004;11,745574000000001;40,77564360647124;-73,96068698429804;40,77480132917034;-73,96063677461578;40,7645804;-73,9601629;40,7627989;-73,9598351;True;True;0xCDcF7b2a3352a32cc28FD35C3924f5BD542a25Ea;337;337;337;0;0,0;13,70950426067453;15,025780870406772;1,3162766097322418;339;0;337;0,0;False;-0,011595920681647722;0,0005927983062480419;2,0
23;vehicles_step_sim_5.csv;SUMO_carro_1000;HBEFA4/PC_petrol_Euro-6ab;Gasoline;1773509245;2026-03-14 17:27:25;2026-03-14 17:27:26;1,0;3,379107;3,068982;0,310125;58,615693738961035;135402,252537;650,4780975;-134751,7744395;-6,737588721975;39,972466000000004;11,745574000000001;40,77564360647124;-73,96068698429804;40,77480132917034;-73,96063677461578;40,7665522;-73,9570925;40,7658164;-73,9574381;True;True;0xCDcF7b2a3352a32cc28FD35C3924f5BD542a25Ea;337;337;337;0;0,0;13,70950426067453;13,392287529555611;-0,31721673111891846;339;0;337;0,0;False;-0,008990157437014855;0,0030878757862677973;2,0
24;vehicles_step_sim_5.csv;SUMO_carro_1000;HBEFA4/PC_petrol_Euro-6ab;Gasoline;1773509245;2026-03-14 17:27:25;2026-03-14 17:27:26;1,0;3,379107;3,068982;0,310125;58,615693738961035;135402,252537;650,4780975;-134751,7744395;-6,737588721975;39,972466000000004;11,745574000000001;40,77564360647124;-73,96068698429804;40,77480132917034;-73,96063677461578;40,7843093;-73,9493179;40,7833348;-73,9489644;True;True;0xCDcF7b2a3352a32cc28FD35C3924f5BD542a25Ea;337;337;337;0;0,0;13,70950426067453;15,424246326002008;1,7147420653274779;339;0;337;0,0;False;0,008874776572236395;0,011828876201273632;2,0
25;vehicles_step_sim_5.csv;SUMO_carro_1000;HBEFA4/PC_petrol_Euro-6ab;Gasoline;1773509245;2026-03-14 17:27:25;2026-03-14 17:27:26;1,0;3,379107;3,068982;0,310125;58,615693738961035;135402,252537;650,4780975;-134751,7744395;-6,737588721975;39,972466000000004;11,745574000000001;40,77564360647124;-73,96068698429804;40,77480132917034;-73,96063677461578;40,7917254;-73,9648118;40,7910513;-73,9651495;True;True;0xCDcF7b2a3352a32cc28FD35C3924f5BD542a25Ea;337;337;337;0;0,0;13,70950426067453;15,199006696782208;1,4895024361076779;339;0;337;0,0;False;0,01643553093402223;-0,0044613849422806065;2,0
26;vehicles_step_sim_5.csv;SUMO_carro_1000;HBEFA4/PC_petrol_Euro-6ab;Gasoline;1773509245;2026-03-14 17:27:25;2026-03-14 17:27:26;1,0;3,379107;3,068982;0,310125;58,615693738961035;135402,252537;650,4780975;-134751,7744395;-6,737588721975;39,972466000000004;11,745574000000001;40,77564360647124;-73,96068698429804;40,77480132917034;-73,96063677461578;40,7662074;-73,9716054;40,7655872;-73,9720712;True;True;0xCDcF7b2a3352a32cc28FD35C3924f5BD542a25Ea;337;337;337;0;0,0;13,70950426067453;12,85473341804425;-0,8547708426302805;339;0;337;0,0;False;-0,008604361000913342;-0,01231654524432172;2,0
27;vehicles_step_sim_5.csv;SUMO_carro_1000;HBEFA4/PC_petrol_Euro-6ab;Gasoline;1773509245;2026-03-14 17:27:25;2026-03-14 17:27:26;1,0;3,379107;3,068982;0,310125;58,615693738961035;135402,252537;650,4780975;-134751,7744395;-6,737588721975;39,972466000000004;11,745574000000001;40,77564360647124;-73,96068698429804;40,77480132917034;-73,96063677461578;40,7883707;-73,9706375;40,7866581;-73,9685198;True;True;0xCDcF7b2a3352a32cc28FD35C3924f5BD542a25Ea;337;337;337;0;0,0;13,70950426067453;11,663907012275935;-2,045597248398595;339;0;337;0,0;False;0,012458202181107011;-0,008531385903242658;2,0
28;vehicles_step_sim_5.csv;SUMO_carro_1000;HBEFA4/PC_petrol_Euro-6ab;Gasoline;1773509245;2026-03-14 17:27:25;2026-03-14 17:27:26;1,0;3,379107;3,068982;0,310125;58,615693738961035;135402,252537;650,4780975;-134751,7744395;-6,737588721975;39,972466000000004;11,745574000000001;40,77564360647124;-73,96068698429804;40,77480132917034;-73,96063677461578;40,771713;-73,953324;40,7708738;-73,9537498;True;True;0xCDcF7b2a3352a32cc28FD35C3924f5BD542a25Ea;337;337;337;0;0,0;13,70950426067453;13,612174428954644;-0,09732983171988607;339;0;337;0,0;False;-0,004022756817684736;0,006855126689044261;2,0
29;vehicles_step_sim_5.csv;SUMO_carro_1000;HBEFA4/PC_petrol_Euro-6ab;Gasoline;1773509245;2026-03-14 17:27:25;2026-03-14 17:27:26;1,0;3,379107;3,068982;0,310125;58,615693738961035;135402,252537;650,4780975;-134751,7744395;-6,737588721975;39,972466000000004;11,745574000000001;40,77564360647124;-73,96068698429804;40,77480132917034;-73,96063677461578;40,7810593;-73,9454736;40,7805652;-73,9462502;True;True;0xCDcF7b2a3352a32cc28FD35C3924f5BD542a25Ea;337;337;337;0;0,0;13,70950426067453;15,231869463663559;1,5223652029890289;339;0;337;0,0;False;0,005264489978684559;0,015005926479673859;2,0
30;vehicles_step_sim_5.csv;SUMO_carro_1000;HBEFA4/PC_petrol_Euro-6ab;Gasoline;1773509245;2026-03-14 17:27:25;2026-03-14 17:27:26;1,0;3,379107;3,068982;0,310125;58,615693738961035;135402,252537;650,4780975;-134751,7744395;-6,737588721975;39,972466000000004;11,745574000000001;40,77564360647124;-73,96068698429804;40,77480132917034;-73,96063677461578;40,7695183;-73,948231;40,7688298;-73,9488661;True;True;0xCDcF7b2a3352a32cc28FD35C3924f5BD542a25Ea;337;337;337;0;0,0;13,70950426067453;21,29769337791135;7,588189117236821;339;0;337;0,0;False;-0,008033644021242554;0,015789648871046977;2,0
31;vehicles_step_sim_5.csv;SUMO_carro_1000;HBEFA4/PC_petrol_Euro-6ab;Gasoline;1773509245;2026-03-14 17:27:25;2026-03-14 17:27:26;1,0;3,379107;3,068982;0,310125;58,615693738961035;135402,252537;650,4780975;-134751,7744395;-6,737588721975;39,972466000000004;11,745574000000001;40,77564360647124;-73,96068698429804;40,77480132917034;-73,96063677461578;40,7785395;-73,9453802;40,7776516;-73,9458685;True;True;0xCDcF7b2a3352a32cc28FD35C3924f5BD542a25Ea;337;337;337;0;0,0;13,70950426067453;12,920908364619619;-0,7885958960549111;339;0;337;0,0;False;0,0029090077566635434;0,014825736129068387;2,0
32;vehicles_step_sim_5.csv;SUMO_carro_1000;HBEFA4/PC_petrol_Euro-6ab;Gasoline;1773509245;2026-03-14 17:27:25;2026-03-14 17:27:26;1,0;3,379107;3,068982;0,310125;58,615693738961035;135402,252537;650,4780975;-134751,7744395;-6,737588721975;39,972466000000004;11,745574000000001;40,77564360647124;-73,96068698429804;40,77480132917034;-73,96063677461578;40,769654;-73,9743655;40,7694382;-73,9740009;True;True;0xCDcF7b2a3352a32cc28FD35C3924f5BD542a25Ea;337;337;337;0;0,0;13,70950426067453;19,98950734161332;6,280003080938789;339;0;337;0,0;False;-0,006512893553295785;-0,014405246159786833;2,0
33;vehicles_step_sim_5.csv;SUMO_carro_1000;HBEFA4/PC_petrol_Euro-6ab;Gasoline;1773509245;2026-03-14 17:27:25;2026-03-14 17:27:26;1,0;3,379107;3,068982;0,310125;58,615693738961035;135402,252537;650,4780975;-134751,7744395;-6,737588721975;39,972466000000004;11,745574000000001;40,77564360647124;-73,96068698429804;40,77480132917034;-73,96063677461578;40,7726672;-73,9448667;40,7721878;-73,94546;True;True;0xCDcF7b2a3352a32cc28FD35C3924f5BD542a25Ea;337;337;337;0;0,0;13,70950426067453;7,796935309362197;-5,912568951312333;339;0;337;0,0;False;-0,0032786234340865753;0,016141498063497024;2,0
34;vehicles_step_sim_5.csv;SUMO_carro_1000;HBEFA4/PC_petrol_Euro-6ab;Gasoline;1773509245;2026-03-14 17:27:25;2026-03-14 17:27:26;1,0;3,379107;3,068982;0,310125;58,615693738961035;135402,252537;650,4780975;-134751,7744395;-6,737588721975;39,972466000000004;11,745574000000001;40,77564360647124;-73,96068698429804;40,77480132917034;-73,96063677461578;40,7724097;-73,9467952;40,7717714;-73,9472505;True;True;0xCDcF7b2a3352a32cc28FD35C3924f5BD542a25Ea;337;337;337;0;0,0;13,70950426067453;9,247995815532628;-4,461508445141902;339;0;337;0,0;False;-0,002656764987373234;0,013020601209427817;2,0
35;vehicles_step_sim_5.csv;SUMO_carro_1000;HBEFA4/PC_petrol_Euro-6ab;Gasoline;1773509245;2026-03-14 17:27:25;2026-03-14 17:27:26;1,0;3,379107;3,068982;0,310125;58,615693738961035;135402,252537;650,4780975;-134751,7744395;-6,737588721975;39,972466000000004;11,745574000000001;40,77564360647124;-73,96068698429804;40,77480132917034;-73,96063677461578;40,771157;-73,9618158;40,7704716;-73,9623172;True;True;0xCDcF7b2a3352a32cc28FD35C3924f5BD542a25Ea;337;337;337;0;0,0;13,70950426067453;13,53523106100545;-0,17427319966908073;339;0;337;0,0;False;-0,004267141937128913;-0,0017034885973364969;2,0
36;vehicles_step_sim_5.csv;SUMO_carro_1000;HBEFA4/PC_petrol_Euro-6ab;Gasoline;1773509245;2026-03-14 17:27:25;2026-03-14 17:27:26;1,0;3,379107;3,068982;0,310125;58,615693738961035;135402,252537;650,4780975;-134751,7744395;-6,737588721975;39,972466000000004;11,745574000000001;40,77564360647124;-73,96068698429804;40,77480132917034;-73,96063677461578;40,7807149;-73,9726981;40,7798151;-73,9733542;True;True;0xCDcF7b2a3352a32cc28FD35C3924f5BD542a25Ea;337;337;337;0;0,0;13,70950426067453;13,602130804887414;-0,10737345578711555;339;0;337;0,0;False;0,005303036496789278;-0,012242127399725331;2,0
37;vehicles_step_sim_5.csv;SUMO_carro_1000;HBEFA4/PC_petrol_Euro-6ab;Gasoline;1773509245;2026-03-14 17:27:25;2026-03-14 17:27:26;1,0;3,379107;3,068982;0,310125;58,615693738961035;135402,252537;650,4780975;-134751,7744395;-6,737588721975;39,972466000000004;11,745574000000001;40,77564360647124;-73,96068698429804;40,77480132917034;-73,96063677461578;40,7668285;-73,9711438;40,7662074;-73,9716054;True;True;0xCDcF7b2a3352a32cc28FD35C3924f5BD542a25Ea;337;337;337;0;0,0;13,70950426067453;13,973143486345137;0,26363922567060705;339;0;337;0,0;False;-0,00809922400988813;-0,01156949243958156;2,0
38;vehicles_step_sim_5.csv;SUMO_carro_1000;HBEFA4/PC_petrol_Euro-6ab;Gasoline;1773509245;2026-03-14 17:27:25;2026-03-14 17:27:26;1,0;3,379107;3,068982;0,310125;58,615693738961035;135402,252537;650,4780975;-134751,7744395;-6,737588721975;39,972466000000004;11,745574000000001;40,77564360647124;-73,96068698429804;40,77480132917034;-73,96063677461578;40,7833179;-73,9508803;40,7826924;-73,951151;True;True;0xCDcF7b2a3352a32cc28FD35C3924f5BD542a25Ea;337;337;337;0;0,0;13,70950426067453;14,05554137195772;0,3460371112831897;339;0;337;0,0;False;0,00805694805800836;0,00956664965054473;2,0
39;vehicles_step_sim_5.csv;SUMO_carro_1000;HBEFA4/PC_petrol_Euro-6ab;Gasoline;1773509245;2026-03-14 17:27:25;2026-03-14 17:27:26;1,0;3,379107;3,068982;0,310125;58,615693738961035;135402,252537;650,4780975;-134751,7744395;-6,737588721975;39,972466000000004;11,745574000000001;40,77564360647124;-73,96068698429804;40,77480132917034;-73,96063677461578;40,7611218;-73,9636159;40,7604147;-73,9634929;True;True;0xCDcF7b2a3352a32cc28FD35C3924f5BD542a25Ea;337;337;337;0;0,0;13,70950426067453;14,191245795561315;0,48174153488678506;339;0;337;0,0;False;-0,0144149658602529;-0,002794153267656978;2,0
40;vehicles_step_sim_5.csv;SUMO_carro_1000;HBEFA4/PC_petrol_Euro-6ab;Gasoline;1773509245;2026-03-14 17:27:25;2026-03-14 17:27:26;1,0;3,379107;3,068982;0,310125;58,615693738961035;135402,252537;650,4780975;-134751,7744395;-6,737588721975;39,972466000000004;11,745574000000001;40,77564360647124;-73,96068698429804;40,77480132917034;-73,96063677461578;40,7798775;-73,9709228;40,7796863;-73,9705609;True;True;0xCDcF7b2a3352a32cc28FD35C3924f5BD542a25Ea;337;337;337;0;0,0;13,70950426067453;29,315368983943117;15,605864723268587;339;0;337;0,0;False;0,003430967336519356;-0,011133017490217017;2,0
41;vehicles_step_sim_5.csv;SUMO_carro_1000;HBEFA4/PC_petrol_Euro-6ab;Gasoline;1773509245;2026-03-14 17:27:25;2026-03-14 17:27:26;1,0;3,379107;3,068982;0,310125;58,615693738961035;135402,252537;650,4780975;-134751,7744395;-6,737588721975;39,972466000000004;11,745574000000001;40,77564360647124;-73,96068698429804;40,77480132917034;-73,96063677461578;40,7724238;-73,9608917;40,771695;-73,9611407;True;True;0xCDcF7b2a3352a32cc28FD35C3924f5BD542a25Ea;337;337;337;0;0,0;13,70950426067453;14,462666816732721;0,7531625560581912;339;0;337;0,0;False;-0,003214944962110939;-0,00048795036270355655;2,0
42;vehicles_step_sim_5.csv;SUMO_carro_1000;HBEFA4/PC_petrol_Euro-6ab;Gasoline;1773509245;2026-03-14 17:27:25;2026-03-14 17:27:26;1,0;3,379107;3,068982;0,310125;58,615693738961035;135402,252537;650,4780975;-134751,7744395;-6,737588721975;39,972466000000004;11,745574000000001;40,77564360647124;-73,96068698429804;40,77480132917034;-73,96063677461578;40,7717565;-73,9778122;40,7713853;-73,9771742;True;True;0xCDcF7b2a3352a32cc28FD35C3924f5BD542a25Ea;337;337;337;0;0,0;13,70950426067453;17,495534665420415;3,786030404745885;339;0;337;0,0;False;-0,00399984439102956;-0,01721592361104115;2,0
43;vehicles_step_sim_5.csv;SUMO_carro_1000;HBEFA4/PC_petrol_Euro-6ab;Gasoline;1773509245;2026-03-14 17:27:25;2026-03-14 17:27:26;1,0;3,379107;3,068982;0,310125;58,615693738961035;135402,252537;650,4780975;-134751,7744395;-6,737588721975;39,972466000000004;11,745574000000001;40,77564360647124;-73,96068698429804;40,77480132917034;-73,96063677461578;40,7721324;-73,9500658;40,77149;-73,9503706;True;True;0xCDcF7b2a3352a32cc28FD35C3924f5BD542a25Ea;337;337;337;0;0,0;13,70950426067453;13,377969062567933;-0,3315351981065966;339;0;337;0,0;False;-0,0031805456490791844;0,010131315943227729;2,0
44;vehicles_step_sim_5.csv;SUMO_carro_1000;HBEFA4/PC_petrol_Euro-6ab;Gasoline;1773509245;2026-03-14 17:27:25;2026-03-14 17:27:26;1,0;3,379107;3,068982;0,310125;58,615693738961035;135402,252537;650,4780975;-134751,7744395;-6,737588721975;39,972466000000004;11,745574000000001;40,77564360647124;-73,96068698429804;40,77480132917034;-73,96063677461578;40,7797253;-73,9706454;40,7795446;-73,9701653;True;True;0xCDcF7b2a3352a32cc28FD35C3924f5BD542a25Ea;337;337;337;0;0,0;13,70950426067453;17,788543083272565;4,079038822598035;339;0;337;0,0;False;0,004877840885863499;-0,009313729254504452;2,0
45;vehicles_step_sim_5.csv;SUMO_carro_1000;HBEFA4/PC_petrol_Euro-6ab;Gasoline;1773509245;2026-03-14 17:27:25;2026-03-14 17:27:26;1,0;3,379107;3,068982;0,310125;58,615693738961035;135402,252537;650,4780975;-134751,7744395;-6,737588721975;39,972466000000004;11,745574000000001;40,77564360647124;-73,96068698429804;40,77480132917034;-73,96063677461578;40,7893891;-73,9571774;40,7885132;-73,9562846;True;True;0xCDcF7b2a3352a32cc28FD35C3924f5BD542a25Ea;337;337;337;0;0,0;13,70950426067453;12,034182156275005;-1,675322104399525;339;0;337;0,0;False;0,013609730850676223;0,003282421783989038;2,0
46;vehicles_step_sim_5.csv;SUMO_carro_1000;HBEFA4/PC_petrol_Euro-6ab;Gasoline;1773509245;2026-03-14 17:27:25;2026-03-14 17:27:26;1,0;3,379107;3,068982;0,310125;58,615693738961035;135402,252537;650,4780975;-134751,7744395;-6,737588721975;39,972466000000004;11,745574000000001;40,77564360647124;-73,96068698429804;40,77480132917034;-73,96063677461578;40,7706836;-73,9759518;40,7704772;-73,9756095;True;True;0xCDcF7b2a3352a32cc28FD35C3924f5BD542a25Ea;337;337;337;0;0,0;13,70950426067453;16,959228352933252;3,249724092258722;339;0;337;0,0;False;-0,0030436018110989917;-0,013458560105844746;2,0
47;vehicles_step_sim_5.csv;SUMO_carro_1000;HBEFA4/PC_petrol_Euro-6ab;Gasoline;1773509245;2026-03-14 17:27:25;2026-03-14 17:27:26;1,0;3,379107;3,068982;0,310125;58,615693738961035;135402,252537;650,4780975;-134751,7744395;-6,737588721975;39,972466000000004;11,745574000000001;40,77564360647124;-73,96068698429804;40,77480132917034;-73,96063677461578;40,7695183;-73,948231;40,7688298;-73,9488661;True;True;0xCDcF7b2a3352a32cc28FD35C3924f5BD542a25Ea;337;337;337;0;0,0;13,70950426067453;11,92657282181591;-1,7829314388586202;339;0;337;0,0;False;-0,006294206320002776;0,012937674062833254;2,0
48;vehicles_step_sim_5.csv;SUMO_carro_1000;HBEFA4/PC_petrol_Euro-6ab;Gasoline;1773509245;2026-03-14 17:27:25;2026-03-14 17:27:26;1,0;3,379107;3,068982;0,310125;58,615693738961035;135402,252537;650,4780975;-134751,7744395;-6,737588721975;39,972466000000004;11,745574000000001;40,77564360647124;-73,96068698429804;40,77480132917034;-73,96063677461578;40,7793976;-73,9696657;40,7792672;-73,9693377;True;True;0xCDcF7b2a3352a32cc28FD35C3924f5BD542a25Ea;337;337;337;0;0,0;13,70950426067453;22,208470115286026;8,498965854611496;339;0;337;0,0;False;0,0035612687433352087;-0,009133544349738782;2,0
49;vehicles_step_sim_5.csv;SUMO_carro_1000;HBEFA4/PC_petrol_Euro-6ab;Gasoline;1773509245;2026-03-14 17:27:25;2026-03-14 17:27:26;1,0;3,379107;3,068982;0,310125;58,615693738961035;135402,252537;650,4780975;-134751,7744395;-6,737588721975;39,972466000000004;11,745574000000001;40,77564360647124;-73,96068698429804;40,77480132917034;-73,96063677461578;40,7817714;-73,9714275;40,7814036;-73,9714362;True;True;0xCDcF7b2a3352a32cc28FD35C3924f5BD542a25Ea;337;337;337;0;0,0;13,70950426067453;12,7464617211708;-0,9630425395037303;339;0;337;0,0;False;0,006360958869332384;-0,009810374290342875;2,0
50;vehicles_step_sim_5.csv;SUMO_carro_1000;HBEFA4/PC_petrol_Euro-6ab;Gasoline;1773509245;2026-03-14 17:27:25;2026-03-14 17:27:26;1,0;3,379107;3,068982;0,310125;58,615693738961035;135402,252537;650,4780975;-134751,7744395;-6,737588721975;39,972466000000004;11,745574000000001;40,77564360647124;-73,96068698429804;40,77480132917034;-73,96063677461578;40,7704736;-73,9684883;40,7689724;-73,9727106;True;True;0xCDcF7b2a3352a32cc28FD35C3924f5BD542a25Ea;337;337;337;0;0,0;13,70950426067453;14,17935848351797;0,4698542228434395;339;0;337;0,0;False;-0,003798288577609637;-0,011023877408436402;2,0
51;vehicles_step_sim_5.csv;SUMO_carro_1000;HBEFA4/PC_petrol_Euro-6ab;Gasoline;1773509245;2026-03-14 17:27:25;2026-03-14 17:27:26;1,0;3,379107;3,068982;0,310125;58,615693738961035;135402,252537;650,4780975;-134751,7744395;-6,737588721975;39,972466000000004;11,745574000000001;40,77564360647124;-73,96068698429804;40,77480132917034;-73,96063677461578;40,7614445;-73,9556939;40,76089;-73,9561742;True;True;0xCDcF7b2a3352a32cc28FD35C3924f5BD542a25Ea;337;337;337;0;0,0;13,70950426067453;15,163852152696272;1,454347892021742;339;0;337;0,0;False;-0,0142353507300596;0,004793928280428366;2,0
52;vehicles_step_sim_5.csv;SUMO_carro_1000;HBEFA4/PC_petrol_Euro-6ab;Gasoline;1773509245;2026-03-14 17:27:25;2026-03-14 17:27:26;1,0;3,379107;3,068982;0,310125;58,615693738961035;135402,252537;650,4780975;-134751,7744395;-6,737588721975;39,972466000000004;11,745574000000001;40,77564360647124;-73,96068698429804;40,77480132917034;-73,96063677461578;40,7659079;-73,955572;40,7644873;-73,9560727;True;True;0xCDcF7b2a3352a32cc28FD35C3924f5BD542a25Ea;337;337;337;0;0,0;13,70950426067453;15,284582077550214;1,5750778168756838;339;0;337;0,0;False;-0,009922800793227129;0,0043469842285525735;2,0
53;vehicles_step_sim_5.csv;SUMO_carro_1000;HBEFA4/PC_petrol_Euro-6ab;Gasoline;1773509245;2026-03-14 17:27:25;2026-03-14 17:27:26;1,0;3,379107;3,068982;0,310125;58,615693738961035;135402,252537;650,4780975;-134751,7744395;-6,737588721975;39,972466000000004;11,745574000000001;40,77564360647124;-73,96068698429804;40,77480132917034;-73,96063677461578;40,7711719;-73,9768108;40,7706836;-73,9759518;True;True;0xCDcF7b2a3352a32cc28FD35C3924f5BD542a25Ea;337;337;337;0;0,0;13,70950426067453;13,783682926867852;0,07417866619332258;339;0;337;0,0;False;-0,00578167286378123;-0,016905253480807736;2,0
54;vehicles_step_sim_5.csv;SUMO_carro_1000;HBEFA4/PC_petrol_Euro-6ab;Gasoline;1773509245;2026-03-14 17:27:25;2026-03-14 17:27:26;1,0;3,379107;3,068982;0,310125;58,615693738961035;135402,252537;650,4780975;-134751,7744395;-6,737588721975;39,972466000000004;11,745574000000001;40,77564360647124;-73,96068698429804;40,77480132917034;-73,96063677461578;40,7735548;-73,9578371;40,7729226;-73,9581232;True;True;0xCDcF7b2a3352a32cc28FD35C3924f5BD542a25Ea;337;337;337;0;0,0;13,70950426067453;11,604654779770655;-2,1048494809038747;339;0;337;0,0;False;-0,0022612655482110357;0,002753716632362577;2,0
55;vehicles_step_sim_5.csv;SUMO_carro_1000;HBEFA4/PC_petrol_Euro-6ab;Gasoline;1773509245;2026-03-14 17:27:25;2026-03-14 17:27:26;1,0;3,379107;3,068982;0,310125;58,615693738961035;135402,252537;650,4780975;-134751,7744395;-6,737588721975;39,972466000000004;11,745574000000001;40,77564360647124;-73,96068698429804;40,77480132917034;-73,96063677461578;40,7711057;-73,9680239;40,7704736;-73,9684883;True;True;0xCDcF7b2a3352a32cc28FD35C3924f5BD542a25Ea;337;337;337;0;0,0;13,70950426067453;13,620134082396344;-0,08937017827818572;339;0;337;0,0;False;-0,004256626356027573;-0,008174978256614916;2,0
56;vehicles_step_sim_5.csv;SUMO_carro_1000;HBEFA4/PC_petrol_Euro-6ab;Gasoline;1773509245;2026-03-14 17:27:25;2026-03-14 17:27:26;1,0;3,379107;3,068982;0,310125;58,615693738961035;135402,252537;650,4780975;-134751,7744395;-6,737588721975;39,972466000000004;11,745574000000001;40,77564360647124;-73,96068698429804;40,77480132917034;-73,96063677461578;40,7789069;-73,9684905;40,7786974;-73,9679871;True;True;0xCDcF7b2a3352a32cc28FD35C3924f5BD542a25Ea;337;337;337;0;0,0;13,70950426067453;23,26779983402796;9,558295573353432;339;0;337;0,0;False;0,0011836739154195428;-0,009178400189880257;2,0
57;vehicles_step_sim_5.csv;SUMO_carro_1000;HBEFA4/PC_petrol_Euro-6ab;Gasoline;1773509245;2026-03-14 17:27:25;2026-03-14 17:27:26;1,0;3,379107;3,068982;0,310125;58,615693738961035;135402,252537;650,4780975;-134751,7744395;-6,737588721975;39,972466000000004;11,745574000000001;40,77564360647124;-73,96068698429804;40,77480132917034;-73,96063677461578;40,7692505;-73,9609773;40,7690094;-73,9611552;True;True;0xCDcF7b2a3352a32cc28FD35C3924f5BD542a25Ea;337;337;337;0;0,0;13,70950426067453;13,639236655051338;-0,0702676056231919;339;0;337;0,0;False;-0,006099671962492659;-0,0004901908671275983;2,0
58;vehicles_step_sim_5.csv;SUMO_carro_1000;HBEFA4/PC_petrol_Euro-6ab;Gasoline;1773509245;2026-03-14 17:27:25;2026-03-14 17:27:26;1,0;3,379107;3,068982;0,310125;58,615693738961035;135402,252537;650,4780975;-134751,7744395;-6,737588721975;39,972466000000004;11,745574000000001;40,77564360647124;-73,96068698429804;40,77480132917034;-73,96063677461578;40,7792775;-73,9529686;40,7779409;-73,9518781;True;True;0xCDcF7b2a3352a32cc28FD35C3924f5BD542a25Ea;337;337;337;0;0,0;13,70950426067453;15,218431359935451;1,5089270992609212;339;0;337;0,0;False;0,0030896318346775105;0,007953565457562293;2,0
59;vehicles_step_sim_5.csv;SUMO_carro_1000;HBEFA4/PC_petrol_Euro-6ab;Gasoline;1773509245;2026-03-14 17:27:25;2026-03-14 17:27:26;1,0;3,379107;3,068982;0,310125;58,615693738961035;135402,252537;650,4780975;-134751,7744395;-6,737588721975;39,972466000000004;11,745574000000001;40,77564360647124;-73,96068698429804;40,77480132917034;-73,96063677461578;40,7794987;-73,9596656;40,7783175;-73,9588339;True;True;0xCDcF7b2a3352a32cc28FD35C3924f5BD542a25Ea;337;337;337;0;0,0;13,70950426067453;14,463733320007925;0,7542290593333956;339;0;337;0,0;False;0,0034904388747564524;0,0010228203642068687;2,0
60;vehicles_step_sim_5.csv;SUMO_carro_1000;HBEFA4/PC_petrol_Euro-6ab;Gasoline;1773509245;2026-03-14 17:27:25;2026-03-14 17:27:26;1,0;3,379107;3,068982;0,310125;58,615693738961035;135402,252537;650,4780975;-134751,7744395;-6,737588721975;39,972466000000004;11,745574000000001;40,77564360647124;-73,96068698429804;40,77480132917034;-73,96063677461578;40,7636871;-73,9619403;40,7626763;-73,9614678;True;True;0xCDcF7b2a3352a32cc28FD35C3924f5BD542a25Ea;337;337;337;0;0,0;13,70950426067453;14,898886798462776;1,189382537788246;339;0;337;0,0;False;-0,01227382442124713;-0,0005040291959618798;2,0
61;vehicles_step_sim_5.csv;SUMO_carro_1000;HBEFA4/PC_petrol_Euro-6ab;Gasoline;1773509245;2026-03-14 17:27:25;2026-03-14 17:27:26;1,0;3,379107;3,068982;0,310125;58,615693738961035;135402,252537;650,4780975;-134751,7744395;-6,737588721975;39,972466000000004;11,745574000000001;40,77564360647124;-73,96068698429804;40,77480132917034;-73,96063677461578;40,7903767;-73,9601151;40,7902444;-73,9597115;True;True;0xCDcF7b2a3352a32cc28FD35C3924f5BD542a25Ea;337;337;337;0;0,0;13,70950426067453;21,102605221660376;7,393100960985846;339;0;337;0,0;False;0,014622725441953057;0,0005095881094288619;2,0
62;vehicles_step_sim_5.csv;SUMO_carro_1000;HBEFA4/PC_petrol_Euro-6ab;Gasoline;1773509245;2026-03-14 17:27:25;2026-03-14 17:27:26;1,0;3,379107;3,068982;0,310125;58,615693738961035;135402,252537;650,4780975;-134751,7744395;-6,737588721975;39,972466000000004;11,745574000000001;40,77564360647124;-73,96068698429804;40,77480132917034;-73,96063677461578;40,7671911;-73,9566268;40,7665522;-73,9570925;True;True;0xCDcF7b2a3352a32cc28FD35C3924f5BD542a25Ea;337;337;337;0;0,0;13,70950426067453;12,975240623980318;-0,7342636366942124;339;0;337;0,0;False;-0,008104888004271837;0,0034728697852545987;2,0
63;vehicles_step_sim_5.csv;SUMO_carro_1000;HBEFA4/PC_petrol_Euro-6ab;Gasoline;1773509245;2026-03-14 17:27:25;2026-03-14 17:27:26;1,0;3,379107;3,068982;0,310125;58,615693738961035;135402,252537;650,4780975;-134751,7744395;-6,737588721975;39,972466000000004;11,745574000000001;40,77564360647124;-73,96068698429804;40,77480132917034;-73,96063677461578;40,7749904;-73,9651811;40,7743542;-73,9656458;True;True;0xCDcF7b2a3352a32cc28FD35C3924f5BD542a25Ea;337;337;337;0;0,0;13,70950426067453;11,05172735981492;-2,6577769008596093;339;0;337;0,0;False;-4,859616718056915e-05;-0,006346463690586912;2,0
64;vehicles_step_sim_5.csv;SUMO_carro_1000;HBEFA4/PC_petrol_Euro-6ab;Gasoline;1773509245;2026-03-14 17:27:25;2026-03-14 17:27:26;1,0;3,379107;3,068982;0,310125;58,615693738961035;135402,252537;650,4780975;-134751,7744395;-6,737588721975;39,972466000000004;11,745574000000001;40,77564360647124;-73,96068698429804;40,77480132917034;-73,96063677461578;40,7698834;-73,9509239;40,7688591;-73,9504796;True;True;0xCDcF7b2a3352a32cc28FD35C3924f5BD542a25Ea;337;337;337;0;0,0;13,70950426067453;10,993552007341275;-2,7159522533332545;339;0;337;0,0;False;-0,005560392628416345;0,009732373710420125;2,0
65;vehicles_step_sim_5.csv;SUMO_carro_1000;HBEFA4/PC_petrol_Euro-6ab;Gasoline;1773509245;2026-03-14 17:27:25;2026-03-14 17:27:26;1,0;3,379107;3,068982;0,310125;58,615693738961035;135402,252537;650,4780975;-134751,7744395;-6,737588721975;39,972466000000004;11,745574000000001;40,77564360647124;-73,96068698429804;40,77480132917034;-73,96063677461578;40,7717794;-73,9634598;40,7709682;-73,9637928;True;True;0xCDcF7b2a3352a32cc28FD35C3924f5BD542a25Ea;337;337;337;0;0,0;13,70950426067453;14,762212333653698;1,0527080729791685;339;0;337;0,0;False;-0,004015131142825864;-0,002990844148068125;2,0
66;vehicles_step_sim_5.csv;SUMO_carro_1000;HBEFA4/PC_petrol_Euro-6ab;Gasoline;1773509245;2026-03-14 17:27:25;2026-03-14 17:27:26;1,0;3,379107;3,068982;0,310125;58,615693738961035;135402,252537;650,4780975;-134751,7744395;-6,737588721975;39,972466000000004;11,745574000000001;40,77564360647124;-73,96068698429804;40,77480132917034;-73,96063677461578;40,7703337;-73,9622794;40,7697052;-73,9625959;True;True;0xCDcF7b2a3352a32cc28FD35C3924f5BD542a25Ea;337;337;337;0;0,0;13,70950426067453;15,895030339248851;2,1855260785743216;339;0;337;0,0;False;-0,005622089055870042;-0,0014884038180564701;2,0
67;vehicles_step_sim_5.csv;SUMO_carro_1000;HBEFA4/PC_petrol_Euro-6ab;Gasoline;1773509245;2026-03-14 17:27:25;2026-03-14 17:27:26;1,0;3,379107;3,068982;0,310125;58,615693738961035;135402,252537;650,4780975;-134751,7744395;-6,737588721975;39,972466000000004;11,745574000000001;40,77564360647124;-73,96068698429804;40,77480132917034;-73,96063677461578;40,7688306;-73,9720687;40,7687116;-73,9717877;True;True;0xCDcF7b2a3352a32cc28FD35C3924f5BD542a25Ea;337;337;337;0;0,0;13,70950426067453;12,246218494851625;-1,4632857658229046;339;0;337;0,0;False;-0,006182402915304929;-0,011185278336836448;2,0
68;vehicles_step_sim_5.csv;SUMO_carro_1000;HBEFA4/PC_petrol_Euro-6ab;Gasoline;1773509245;2026-03-14 17:27:25;2026-03-14 17:27:26;1,0;3,379107;3,068982;0,310125;58,615693738961035;135402,252537;650,4780975;-134751,7744395;-6,737588721975;39,972466000000004;11,745574000000001;40,77564360647124;-73,96068698429804;40,77480132917034;-73,96063677461578;40,7632177;-73,9647028;40,7632177;-73,9647028;True;True;0xCDcF7b2a3352a32cc28FD35C3924f5BD542a25Ea;337;337;337;0;0,0;13,70950426067453;15,573866109201123;1,8643618485265936;339;0;337;0,0;False;-0,012169277024965465;-0,0034576647760275647;2,0
69;vehicles_step_sim_5.csv;SUMO_carro_1000;HBEFA4/PC_petrol_Euro-6ab;Gasoline;1773509245;2026-03-14 17:27:25;2026-03-14 17:27:26;1,0;3,379107;3,068982;0,310125;58,615693738961035;135402,252537;650,4780975;-134751,7744395;-6,737588721975;39,972466000000004;11,745574000000001;40,77564360647124;-73,96068698429804;40,77480132917034;-73,96063677461578;40,7664053;-73,9601107;40,7661911;-73,9601081;True;True;0xCDcF7b2a3352a32cc28FD35C3924f5BD542a25Ea;337;337;337;0;0,0;13,70950426067453;15,47609683081944;1,7665925701449101;339;0;337;0,0;False;-0,00916374067151032;0,00090285465318998;2,0
70;vehicles_step_sim_5.csv;SUMO_carro_1000;HBEFA4/PC_petrol_Euro-6ab;Gasoline;1773509245;2026-03-14 17:27:25;2026-03-14 17:27:26;1,0;3,379107;3,068982;0,310125;58,615693738961035;135402,252537;650,4780975;-134751,7744395;-6,737588721975;39,972466000000004;11,745574000000001;40,77564360647124;-73,96068698429804;40,77480132917034;-73,96063677461578;40,7809648;-73,9452485;40,7799114;-73,9447095;True;True;0xCDcF7b2a3352a32cc28FD35C3924f5BD542a25Ea;337;337;337;0;0,0;13,70950426067453;15,435699853217493;1,7261955925429628;339;0;337;0,0;False;0,004894112604486476;0,01514759372201946;2,0
71;vehicles_step_sim_5.csv;SUMO_carro_1000;HBEFA4/PC_petrol_Euro-6ab;Gasoline;1773509245;2026-03-14 17:27:25;2026-03-14 17:27:26;1,0;3,379107;3,068982;0,310125;58,615693738961035;135402,252537;650,4780975;-134751,7744395;-6,737588721975;39,972466000000004;11,745574000000001;40,77564360647124;-73,96068698429804;40,77480132917034;-73,96063677461578;40,7634373;-73,9690897;40,7622707;-73,9682938;True;True;0xCDcF7b2a3352a32cc28FD35C3924f5BD542a25Ea;337;337;337;0;0,0;13,70950426067453;14,272543477887845;0,5630392172133156;339;0;337;0,0;False;-0,012188398766822827;-0,008087044452247462;2,0
72;vehicles_step_sim_5.csv;SUMO_carro_1000;HBEFA4/PC_petrol_Euro-6ab;Gasoline;1773509245;2026-03-14 17:27:25;2026-03-14 17:27:26;1,0;3,379107;3,068982;0,310125;58,615693738961035;135402,252537;650,4780975;-134751,7744395;-6,737588721975;39,972466000000004;11,745574000000001;40,77564360647124;-73,96068698429804;40,77480132917034;-73,96063677461578;40,7599538;-73,9574724;40,7576851;-73,9549216;True;True;0xCDcF7b2a3352a32cc28FD35C3924f5BD542a25Ea;337;337;337;0;0,0;13,70950426067453;22,120955217261788;8,411450956587258;339;0;337;0,0;False;-0,016539158929979637;0,004327623828119035;2,0
73;vehicles_step_sim_5.csv;SUMO_carro_1000;HBEFA4/PC_petrol_Euro-6ab;Gasoline;1773509245;2026-03-14 17:27:25;2026-03-14 17:27:26;1,0;3,379107;3,068982;0,310125;58,615693738961035;135402,252537;650,4780975;-134751,7744395;-6,737588721975;39,972466000000004;11,745574000000001;40,77564360647124;-73,96068698429804;40,77480132917034;-73,96063677461578;40,7818396;-73,9714632;40,7814036;-73,9714362;True;True;0xCDcF7b2a3352a32cc28FD35C3924f5BD542a25Ea;337;337;337;0;0,0;13,70950426067453;10,61757003986174;-3,0919342208127905;339;0;337;0,0;False;0,0063574826282469495;-0,010397173182412388;2,0
74;vehicles_step_sim_5.csv;SUMO_carro_1000;HBEFA4/PC_petrol_Euro-6ab;Gasoline;1773509245;2026-03-14 17:27:25;2026-03-14 17:27:26;1,0;3,379107;3,068982;0,310125;58,615693738961035;135402,252537;650,4780975;-134751,7744395;-6,737588721975;39,972466000000004;11,745574000000001;40,77564360647124;-73,96068698429804;40,77480132917034;-73,96063677461578;40,7579853;-73,9602231;40,7569351;-73,9600592;True;True;0xCDcF7b2a3352a32cc28FD35C3924f5BD542a25Ea;337;337;337;0;0,0;13,70950426067453;14,264825530417504;0,5553212697429739;339;0;337;0,0;False;-0,01781433531083333;0,0005114523101401703;2,0
75;vehicles_step_sim_5.csv;SUMO_carro_1000;HBEFA4/PC_petrol_Euro-6ab;Gasoline;1773509245;2026-03-14 17:27:25;2026-03-14 17:27:26;1,0;3,379107;3,068982;0,310125;58,615693738961035;135402,252537;650,4780975;-134751,7744395;-6,737588721975;39,972466000000004;11,745574000000001;40,77564360647124;-73,96068698429804;40,77480132917034;-73,96063677461578;40,7717873;-73,9613597;40,7711695;-73,9616676;True;True;0xCDcF7b2a3352a32cc28FD35C3924f5BD542a25Ea;337;337;337;0;0,0;13,70950426067453;12,037867386686163;-1,6716368739883674;339;0;337;0,0;False;-0,003453079672381447;-0,0011096362210842486;2,0
76;vehicles_step_sim_5.csv;SUMO_carro_1000;HBEFA4/PC_petrol_Euro-6ab;Gasoline;1773509245;2026-03-14 17:27:25;2026-03-14 17:27:26;1,0;3,379107;3,068982;0,310125;58,615693738961035;135402,252537;650,4780975;-134751,7744395;-6,737588721975;39,972466000000004;11,745574000000001;40,77564360647124;-73,96068698429804;40,77480132917034;-73,96063677461578;40,7792672;-73,9693377;40,7790791;-73,9688949;True;True;0xCDcF7b2a3352a32cc28FD35C3924f5BD542a25Ea;337;337;337;0;0,0;13,70950426067453;26,773932810671422;13,064428549996892;339;0;337;0,0;False;0,0024091546522268647;-0,009644847056413618;2,0
77;vehicles_step_sim_5.csv;SUMO_carro_1000;HBEFA4/PC_petrol_Euro-6ab;Gasoline;1773509245;2026-03-14 17:27:25;2026-03-14 17:27:26;1,0;3,379107;3,068982;0,310125;58,615693738961035;135402,252537;650,4780975;-134751,7744395;-6,737588721975;39,972466000000004;11,745574000000001;40,77564360647124;-73,96068698429804;40,77480132917034;-73,96063677461578;40,7914343;-73,9620036;40,7912159;-73,9615425;True;True;0xCDcF7b2a3352a32cc28FD35C3924f5BD542a25Ea;337;337;337;0;0,0;13,70950426067453;16,027862697850868;2,3183584371763377;339;0;337;0,0;False;0,01733597083485625;-8,857116654858676e-05;2,0
78;vehicles_step_sim_5.csv;SUMO_carro_1000;HBEFA4/PC_petrol_Euro-6ab;Gasoline;1773509245;2026-03-14 17:27:25;2026-03-14 17:27:26;1,0;3,379107;3,068982;0,310125;58,615693738961035;135402,252537;650,4780975;-134751,7744395;-6,737588721975;39,972466000000004;11,745574000000001;40,77564360647124;-73,96068698429804;40,77480132917034;-73,96063677461578;40,7646815;-73,9584577;40,7640551;-73,9589158;True;True;0xCDcF7b2a3352a32cc28FD35C3924f5BD542a25Ea;337;337;337;0;0,0;13,70950426067453;13,906640543808924;0,19713628313439457;339;0;337;0,0;False;-0,010753326236558265;0,0017804234145134396;2,0
79;vehicles_step_sim_5.csv;SUMO_carro_1000;HBEFA4/PC_petrol_Euro-6ab;Gasoline;1773509245;2026-03-14 17:27:25;2026-03-14 17:27:26;1,0;3,379107;3,068982;0,310125;58,615693738961035;135402,252537;650,4780975;-134751,7744395;-6,737588721975;39,972466000000004;11,745574000000001;40,77564360647124;-73,96068698429804;40,77480132917034;-73,96063677461578;40,7810111;-73,9494564;40,7805056;-73,9500443;True;True;0xCDcF7b2a3352a32cc28FD35C3924f5BD542a25Ea;337;337;337;0;0,0;13,70950426067453;14,156503884545693;0,44699962387116265;339;0;337;0,0;False;0,005640363914927215;0,01055021470356839;2,0
80;vehicles_step_sim_5.csv;SUMO_carro_1000;HBEFA4/PC_petrol_Euro-6ab;Gasoline;1773509245;2026-03-14 17:27:25;2026-03-14 17:27:26;1,0;3,379107;3,068982;0,310125;58,615693738961035;135402,252537;650,4780975;-134751,7744395;-6,737588721975;39,972466000000004;11,745574000000001;40,77564360647124;-73,96068698429804;40,77480132917034;-73,96063677461578;40,7865434;-73,9567593;40,7859385;-73,9570771;True;True;0xCDcF7b2a3352a32cc28FD35C3924f5BD542a25Ea;337;337;337;0;0,0;13,70950426067453;15,000806783526128;1,2913025228515984;339;0;337;0,0;False;0,010800778285951421;0,0038339764758115583;2,0
81;vehicles_step_sim_5.csv;SUMO_carro_1000;HBEFA4/PC_petrol_Euro-6ab;Gasoline;1773509245;2026-03-14 17:27:25;2026-03-14 17:27:26;1,0;3,379107;3,068982;0,310125;58,615693738961035;135402,252537;650,4780975;-134751,7744395;-6,737588721975;39,972466000000004;11,745574000000001;40,77564360647124;-73,96068698429804;40,77480132917034;-73,96063677461578;40,7580288;-73,9590876;40,7572137;-73,95982;True;True;0xCDcF7b2a3352a32cc28FD35C3924f5BD542a25Ea;337;337;337;0;0,0;13,70950426067453;14,487687835446774;0,7781835747722443;339;0;337;0,0;False;-0,01772518757201109;0,0016059593314379378;2,0
82;vehicles_step_sim_5.csv;SUMO_carro_1000;HBEFA4/PC_petrol_Euro-6ab;Gasoline;1773509245;2026-03-14 17:27:25;2026-03-14 17:27:26;1,0;3,379107;3,068982;0,310125;58,615693738961035;135402,252537;650,4780975;-134751,7744395;-6,737588721975;39,972466000000004;11,745574000000001;40,77564360647124;-73,96068698429804;40,77480132917034;-73,96063677461578;40,7599842;-73,9628068;40,7592574;-73,962232;True;True;0xCDcF7b2a3352a32cc28FD35C3924f5BD542a25Ea;337;337;337;0;0,0;13,70950426067453;15,050457042319579;1,3409527816450488;339;0;337;0,0;False;-0,015496893439964554;-0,0018927782497387617;2,0
83;vehicles_step_sim_5.csv;SUMO_carro_1000;HBEFA4/PC_petrol_Euro-6ab;Gasoline;1773509245;2026-03-14 17:27:25;2026-03-14 17:27:26;1,0;3,379107;3,068982;0,310125;58,615693738961035;135402,252537;650,4780975;-134751,7744395;-6,737588721975;39,972466000000004;11,745574000000001;40,77564360647124;-73,96068698429804;40,77480132917034;-73,96063677461578;40,7794933;-73,9476469;40,7787459;-73,9477788;True;True;0xCDcF7b2a3352a32cc28FD35C3924f5BD542a25Ea;337;337;337;0;0,0;13,70950426067453;12,04531628525345;-1,664187975421079;339;0;337;0,0;False;0,0037662810818827413;0,012989260598246259;2,0
84;vehicles_step_sim_5.csv;SUMO_carro_1000;HBEFA4/PC_petrol_Euro-6ab;Gasoline;1773509245;2026-03-14 17:27:25;2026-03-14 17:27:26;1,0;3,379107;3,068982;0,310125;58,615693738961035;135402,252537;650,4780975;-134751,7744395;-6,737588721975;39,972466000000004;11,745574000000001;40,77564360647124;-73,96068698429804;40,77480132917034;-73,96063677461578;40,7734598;-73,9512565;40,7718489;-73,9501042;True;True;0xCDcF7b2a3352a32cc28FD35C3924f5BD542a25Ea;337;337;337;0;0,0;13,70950426067453;14,314231841117651;0,6047275804431216;339;0;337;0,0;False;-0,002791599828250447;0,010042924404702365;2,0
85;vehicles_step_sim_5.csv;SUMO_carro_1000;HBEFA4/PC_petrol_Euro-6ab;Gasoline;1773509245;2026-03-14 17:27:25;2026-03-14 17:27:26;1,0;3,379107;3,068982;0,310125;58,615693738961035;135402,252537;650,4780975;-134751,7744395;-6,737588721975;39,972466000000004;11,745574000000001;40,77564360647124;-73,96068698429804;40,77480132917034;-73,96063677461578;40,7684098;-73,9533552;40,7674826;-73,9532921;True;True;0xCDcF7b2a3352a32cc28FD35C3924f5BD542a25Ea;337;337;337;0;0,0;13,70950426067453;12,602466976731247;-1,1070372839432832;339;0;337;0,0;False;-0,00733457437658391;0,007338844530664234;2,0
86;vehicles_step_sim_5.csv;SUMO_carro_1000;HBEFA4/PC_petrol_Euro-6ab;Gasoline;1773509245;2026-03-14 17:27:25;2026-03-14 17:27:26;1,0;3,379107;3,068982;0,310125;58,615693738961035;135402,252537;650,4780975;-134751,7744395;-6,737588721975;39,972466000000004;11,745574000000001;40,77564360647124;-73,96068698429804;40,77480132917034;-73,96063677461578;40,7684098;-73,9533552;40,7684098;-73,9533552;True;True;0xCDcF7b2a3352a32cc28FD35C3924f5BD542a25Ea;337;337;337;0;0,0;13,70950426067453;15,009937365376045;1,300433104701515;339;0;337;0,0;False;-0,006664232712582253;0,00730547212663392;2,0
87;vehicles_step_sim_5.csv;SUMO_carro_1000;HBEFA4/PC_petrol_Euro-6ab;Gasoline;1773509245;2026-03-14 17:27:25;2026-03-14 17:27:26;1,0;3,379107;3,068982;0,310125;58,615693738961035;135402,252537;650,4780975;-134751,7744395;-6,737588721975;39,972466000000004;11,745574000000001;40,77564360647124;-73,96068698429804;40,77480132917034;-73,96063677461578;40,7805652;-73,9462502;40,7791736;-73,9449112;True;True;0xCDcF7b2a3352a32cc28FD35C3924f5BD542a25Ea;337;337;337;0;0,0;13,70950426067453;14,94322855326425;1,23372429258972;339;0;337;0,0;False;0,004640638967411227;0,01509283273261121;2,0
88;vehicles_step_sim_5.csv;SUMO_carro_1000;HBEFA4/PC_petrol_Euro-6ab;Gasoline;1773509245;2026-03-14 17:27:25;2026-03-14 17:27:26;1,0;3,379107;3,068982;0,310125;58,615693738961035;135402,252537;650,4780975;-134751,7744395;-6,737588721975;39,972466000000004;11,745574000000001;40,77564360647124;-73,96068698429804;40,77480132917034;-73,96063677461578;40,7731593;-73,9644301;40,7724162;-73,964824;True;True;0xCDcF7b2a3352a32cc28FD35C3924f5BD542a25Ea;337;337;337;0;0,0;13,70950426067453;14,496579212205152;0,7870749515306219;339;0;337;0,0;False;-0,0024952169100178404;-0,0036340578449908503;2,0
89;vehicles_step_sim_5.csv;SUMO_carro_1000;HBEFA4/PC_petrol_Euro-6ab;Gasoline;1773509245;2026-03-14 17:27:25;2026-03-14 17:27:26;1,0;3,379107;3,068982;0,310125;58,615693738961035;135402,252537;650,4780975;-134751,7744395;-6,737588721975;39,972466000000004;11,745574000000001;40,77564360647124;-73,96068698429804;40,77480132917034;-73,96063677461578;40,7811984;-73,9596069;40,7802386;-73,9592639;True;True;0xCDcF7b2a3352a32cc28FD35C3924f5BD542a25Ea;337;337;337;0;0,0;13,70950426067453;14,200993405799931;0,4914891451254011;339;0;337;0,0;False;0,005422119982371923;0,0013758461630317127;2,0
90;vehicles_step_sim_5.csv;SUMO_carro_1000;HBEFA4/PC_petrol_Euro-6ab;Gasoline;1773509245;2026-03-14 17:27:25;2026-03-14 17:27:26;1,0;3,379107;3,068982;0,310125;58,615693738961035;135402,252537;650,4780975;-134751,7744395;-6,737588721975;39,972466000000004;11,745574000000001;40,77564360647124;-73,96068698429804;40,77480132917034;-73,96063677461578;40,7914919;-73,9621451;40,7912159;-73,9615425;True;True;0xCDcF7b2a3352a32cc28FD35C3924f5BD542a25Ea;337;337;337;0;0,0;13,70950426067453;23,31173993316457;9,60223567249004;339;0;337;0,0;False;0,01521746148762985;-0,0019035979732925546;2,0
91;vehicles_step_sim_5.csv;SUMO_carro_1000;HBEFA4/PC_petrol_Euro-6ab;Gasoline;1773509245;2026-03-14 17:27:25;2026-03-14 17:27:26;1,0;3,379107;3,068982;0,310125;58,615693738961035;135402,252537;650,4780975;-134751,7744395;-6,737588721975;39,972466000000004;11,745574000000001;40,77564360647124;-73,96068698429804;40,77480132917034;-73,96063677461578;40,7715807;-73,9563609;40,7707101;-73,9568088;True;True;0xCDcF7b2a3352a32cc28FD35C3924f5BD542a25Ea;337;337;337;0;0,0;13,70950426067453;13,01735602229607;-0,6921482383784596;339;0;337;0,0;False;-0,003901708802119899;0,004137866326589236;2,0
92;vehicles_step_sim_5.csv;SUMO_carro_1000;HBEFA4/PC_petrol_Euro-6ab;Gasoline;1773509245;2026-03-14 17:27:25;2026-03-14 17:27:26;1,0;3,379107;3,068982;0,310125;58,615693738961035;135402,252537;650,4780975;-134751,7744395;-6,737588721975;39,972466000000004;11,745574000000001;40,77564360647124;-73,96068698429804;40,77480132917034;-73,96063677461578;40,7751542;-73,9452696;40,7751542;-73,9452696;True;True;0xCDcF7b2a3352a32cc28FD35C3924f5BD542a25Ea;337;337;337;0;0,0;13,70950426067453;12,71977702684315;-0,9897272338313794;339;0;337;0,0;False;0,0001845845577365928;0,014829584779797362;2,0
93;vehicles_step_sim_5.csv;SUMO_carro_1000;HBEFA4/PC_petrol_Euro-6ab;Gasoline;1773509245;2026-03-14 17:27:25;2026-03-14 17:27:26;1,0;3,379107;3,068982;0,310125;58,615693738961035;135402,252537;650,4780975;-134751,7744395;-6,737588721975;39,972466000000004;11,745574000000001;40,77564360647124;-73,96068698429804;40,77480132917034;-73,96063677461578;40,7872366;-73,9716534;40,7861726;-73,9714151;True;True;0xCDcF7b2a3352a32cc28FD35C3924f5BD542a25Ea;337;337;337;0;0,0;13,70950426067453;14,016218498408103;0,30671423773357276;339;0;337;0,0;False;0,011747112120942475;-0,0106944996255376;2,0
94;vehicles_step_sim_5.csv;SUMO_carro_1000;HBEFA4/PC_petrol_Euro-6ab;Gasoline;1773509245;2026-03-14 17:27:25;2026-03-14 17:27:26;1,0;3,379107;3,068982;0,310125;58,615693738961035;135402,252537;650,4780975;-134751,7744395;-6,737588721975;39,972466000000004;11,745574000000001;40,77564360647124;-73,96068698429804;40,77480132917034;-73,96063677461578;40,7776119;-73,9490238;40,7769833;-73,9492996;True;True;0xCDcF7b2a3352a32cc28FD35C3924f5BD542a25Ea;337;337;337;0;0,0;13,70950426067453;14,089902883704733;0,380398623030203;339;0;337;0,0;False;0,0021995279720360803;0,011240859495566061;2,0
95;vehicles_step_sim_5.csv;SUMO_carro_1000;HBEFA4/PC_petrol_Euro-6ab;Gasoline;1773509245;2026-03-14 17:27:25;2026-03-14 17:27:26;1,0;3,379107;3,068982;0,310125;58,615693738961035;135402,252537;650,4780975;-134751,7744395;-6,737588721975;39,972466000000004;11,745574000000001;40,77564360647124;-73,96068698429804;40,77480132917034;-73,96063677461578;40,785259;-73,9494706;40,7843093;-73,9493179;True;True;0xCDcF7b2a3352a32cc28FD35C3924f5BD542a25Ea;337;337;337;0;0,0;13,70950426067453;12,699454875361031;-1,0100493853134989;339;0;337;0,0;False;0,009726813834716377;0,01125140331264345;2,0
96;vehicles_step_sim_5.csv;SUMO_carro_1000;HBEFA4/PC_petrol_Euro-6ab;Gasoline;1773509245;2026-03-14 17:27:25;2026-03-14 17:27:26;1,0;3,379107;3,068982;0,310125;58,615693738961035;135402,252537;650,4780975;-134751,7744395;-6,737588721975;39,972466000000004;11,745574000000001;40,77564360647124;-73,96068698429804;40,77480132917034;-73,96063677461578;40,7808478;-73,9547353;40,7801324;-73,9549934;True;True;0xCDcF7b2a3352a32cc28FD35C3924f5BD542a25Ea;337;337;337;0;0,0;13,70950426067453;15,590917038925596;1,8814127782510663;339;0;337;0,0;False;0,005267489304621473;0,006012403179508121;2,0
97;vehicles_step_sim_5.csv;SUMO_carro_1000;HBEFA4/PC_petrol_Euro-6ab;Gasoline;1773509245;2026-03-14 17:27:25;2026-03-14 17:27:26;1,0;3,379107;3,068982;0,310125;58,615693738961035;135402,252537;650,4780975;-134751,7744395;-6,737588721975;39,972466000000004;11,745574000000001;40,77564360647124;-73,96068698429804;40,77480132917034;-73,96063677461578;40,7687509;-73,9582391;40,7680779;-73,9587314;True;True;0xCDcF7b2a3352a32cc28FD35C3924f5BD542a25Ea;337;337;337;0;0,0;13,70950426067453;15,554473642750116;1,8449693820755861;339;0;337;0,0;False;-0,007086555553501097;0,0027724272872925657;2,0
98;vehicles_step_sim_5.csv;SUMO_carro_1000;HBEFA4/PC_petrol_Euro-6ab;Gasoline;1773509245;2026-03-14 17:27:25;2026-03-14 17:27:26;1,0;3,379107;3,068982;0,310125;58,615693738961035;135402,252537;650,4780975;-134751,7744395;-6,737588721975;39,972466000000004;11,745574000000001;40,77564360647124;-73,96068698429804;40,77480132917034;-73,96063677461578;40,790149;-73,9592261;40,7901034;-73,95901;True;True;0xCDcF7b2a3352a32cc28FD35C3924f5BD542a25Ea;337;337;337;0;0,0;13,70950426067453;14,272478897137457;0,5629746364629273;339;0;337;0,0;False;0,016309616948364466;0,0020614980721255427;2,0
99;vehicles_step_sim_5.csv;SUMO_carro_1000;HBEFA4/PC_petrol_Euro-6ab;Gasoline;1773509245;2026-03-14 17:27:25;2026-03-14 17:27:26;1,0;3,379107;3,068982;0,310125;58,615693738961035;135402,252537;650,4780975;-134751,7744395;-6,737588721975;39,972466000000004;11,745574000000001;40,77564360647124;-73,96068698429804;40,77480132917034;-73,96063677461578;40,7656703;-73,9608247;40,7648365;-73,9607727;True;True;0xCDcF7b2a3352a32cc28FD35C3924f5BD542a25Ea;337;337;337;0;0,0;13,70950426067453;13,691769679591777;-0,0177345810827525;339;0;337;0,0;False;-0,010110596077411453;-0,0003786202709164162;2,0
100;vehicles_step_sim_5.csv;SUMO_carro_1000;HBEFA4/PC_petrol_Euro-6ab;Gasoline;1773509245;2026-03-14 17:27:25;2026-03-14 17:27:26;1,0;3,379107;3,068982;0,310125;58,615693738961035;135402,252537;650,4780975;-134751,7744395;-6,737588721975;39,972466000000004;11,745574000000001;40,77564360647124;-73,96068698429804;40,77480132917034;-73,96063677461578;40,7851448;-73,9514709;40,7845232;-73,9517831;True;True;0xCDcF7b2a3352a32cc28FD35C3924f5BD542a25Ea;337;337;337;0;0,0;13,70950426067453;14,9529439419961;1,2434396813215702;339;0;337;0,0;False;0,009253175617352971;0,009157054847941427;2,0
